Text metadata preview | dataset=EthanolConcentration | domain=UEA | channels=3
   - channel_1: In the UEA domain, this channel belongs to the EthanolConcentration dataset and represents the feature channel 1.
   - channel_2: In the UEA domain, this channel belongs to the EthanolConcentration dataset and represents the feature channel 2.
   - ... (1 more channel descriptions)
Stats metadata preview | dataset=EthanolConcentration | domain=UEA | channels=3
   - channel_1: Channel statistics over the training split: mean value is 0.000, standard deviation is 1.000, minimum value is -0.932, maximum value is 5.112, median value is -0.483, and mean absolute value is 0.815.
/data/pjh_workspace/ts-env/lib/python3.8/site-packages/torch/nn/modules/transformer.py:307: UserWarning: enable_nested_tensor is True, but self.use_nested_tensor is False because encoder_layer.norm_first was True
  warnings.warn(f"enable_nested_tensor is True, but self.use_nested_tensor is False because {why_not_sparsity_fast_path}")
==================================================
🚀 Architecture: LAYA Random Encoder
📊 Target Dataset: EthanolConcentration (Channels: 3)
📊 Classes: 4 | Sequence Length: 1751
==================================================
✅ Encoder is RANDOMLY initialized and FROZEN (Linear Probing mode).
Epoch   1/50 | Train Loss: 1.4239 Acc: 0.2452 F1: 0.2106 | Val Loss: 1.4352 Acc: 0.3846 F1: 0.2975 | Train Meta: metadata_norm_mean=3.8980 | Val Meta: metadata_norm_mean=3.8980
Epoch   2/50 | Train Loss: 1.3534 Acc: 0.3029 F1: 0.2920 | Val Loss: 1.5647 Acc: 0.1538 F1: 0.1315 | Train Meta: metadata_norm_mean=3.8980 | Val Meta: metadata_norm_mean=3.8980
Epoch   3/50 | Train Loss: 1.3647 Acc: 0.2548 F1: 0.2401 | Val Loss: 1.4367 Acc: 0.2885 F1: 0.1735 | Train Meta: metadata_norm_mean=3.8980 | Val Meta: metadata_norm_mean=3.8980
Epoch   4/50 | Train Loss: 1.3627 Acc: 0.2308 F1: 0.2217 | Val Loss: 1.5209 Acc: 0.1923 F1: 0.1335 | Train Meta: metadata_norm_mean=3.8980 | Val Meta: metadata_norm_mean=3.8980
Epoch   5/50 | Train Loss: 1.3462 Acc: 0.3077 F1: 0.2309 | Val Loss: 1.4623 Acc: 0.3269 F1: 0.2055 | Train Meta: metadata_norm_mean=3.8980 | Val Meta: metadata_norm_mean=3.8980
Epoch   6/50 | Train Loss: 1.3466 Acc: 0.2933 F1: 0.2509 | Val Loss: 1.5381 Acc: 0.2115 F1: 0.1426 | Train Meta: metadata_norm_mean=3.8980 | Val Meta: metadata_norm_mean=3.8980
Epoch   7/50 | Train Loss: 1.3415 Acc: 0.2308 F1: 0.2250 | Val Loss: 1.5284 Acc: 0.2308 F1: 0.1946 | Train Meta: metadata_norm_mean=3.8980 | Val Meta: metadata_norm_mean=3.8980
Epoch   8/50 | Train Loss: 1.3433 Acc: 0.2740 F1: 0.2143 | Val Loss: 1.4795 Acc: 0.2115 F1: 0.1668 | Train Meta: metadata_norm_mean=3.8980 | Val Meta: metadata_norm_mean=3.8980
Epoch   9/50 | Train Loss: 1.3520 Acc: 0.2981 F1: 0.2724 | Val Loss: 1.5559 Acc: 0.1154 F1: 0.1132 | Train Meta: metadata_norm_mean=3.8980 | Val Meta: metadata_norm_mean=3.8980
Epoch  10/50 | Train Loss: 1.3654 Acc: 0.3077 F1: 0.2468 | Val Loss: 1.4997 Acc: 0.1923 F1: 0.1344 | Train Meta: metadata_norm_mean=3.8980 | Val Meta: metadata_norm_mean=3.8980
Epoch  11/50 | Train Loss: 1.3529 Acc: 0.2596 F1: 0.1953 | Val Loss: 1.5748 Acc: 0.1346 F1: 0.1000 | Train Meta: metadata_norm_mean=3.8980 | Val Meta: metadata_norm_mean=3.8980
Epoch  12/50 | Train Loss: 1.3628 Acc: 0.2788 F1: 0.2419 | Val Loss: 1.4917 Acc: 0.2115 F1: 0.1653 | Train Meta: metadata_norm_mean=3.8980 | Val Meta: metadata_norm_mean=3.8980
Epoch  13/50 | Train Loss: 1.3467 Acc: 0.2692 F1: 0.2358 | Val Loss: 1.4523 Acc: 0.3462 F1: 0.2389 | Train Meta: metadata_norm_mean=3.8980 | Val Meta: metadata_norm_mean=3.8980
Epoch  14/50 | Train Loss: 1.3332 Acc: 0.3269 F1: 0.2886 | Val Loss: 1.5600 Acc: 0.1538 F1: 0.1156 | Train Meta: metadata_norm_mean=3.8980 | Val Meta: metadata_norm_mean=3.8980
Epoch  15/50 | Train Loss: 1.3542 Acc: 0.2933 F1: 0.2506 | Val Loss: 1.4330 Acc: 0.3269 F1: 0.2264 | Train Meta: metadata_norm_mean=3.8980 | Val Meta: metadata_norm_mean=3.8980
Epoch  16/50 | Train Loss: 1.3329 Acc: 0.3269 F1: 0.2986 | Val Loss: 1.5166 Acc: 0.1346 F1: 0.1105 | Train Meta: metadata_norm_mean=3.8980 | Val Meta: metadata_norm_mean=3.8980
Epoch  17/50 | Train Loss: 1.3393 Acc: 0.3077 F1: 0.2646 | Val Loss: 1.4683 Acc: 0.3077 F1: 0.2318 | Train Meta: metadata_norm_mean=3.8980 | Val Meta: metadata_norm_mean=3.8980
Epoch  18/50 | Train Loss: 1.3348 Acc: 0.2644 F1: 0.2458 | Val Loss: 1.5402 Acc: 0.1346 F1: 0.0998 | Train Meta: metadata_norm_mean=3.8980 | Val Meta: metadata_norm_mean=3.8980
Epoch  19/50 | Train Loss: 1.3504 Acc: 0.2644 F1: 0.2538 | Val Loss: 1.4548 Acc: 0.3462 F1: 0.2417 | Train Meta: metadata_norm_mean=3.8980 | Val Meta: metadata_norm_mean=3.8980
Epoch  20/50 | Train Loss: 1.3215 Acc: 0.3510 F1: 0.3211 | Val Loss: 1.6187 Acc: 0.1346 F1: 0.0754 | Train Meta: metadata_norm_mean=3.8980 | Val Meta: metadata_norm_mean=3.8980
Epoch  21/50 | Train Loss: 1.3826 Acc: 0.2837 F1: 0.2378 | Val Loss: 1.4624 Acc: 0.2115 F1: 0.1486 | Train Meta: metadata_norm_mean=3.8980 | Val Meta: metadata_norm_mean=3.8980
Epoch  22/50 | Train Loss: 1.3432 Acc: 0.3125 F1: 0.2590 | Val Loss: 1.5933 Acc: 0.1154 F1: 0.0566 | Train Meta: metadata_norm_mean=3.8980 | Val Meta: metadata_norm_mean=3.8980
Epoch  23/50 | Train Loss: 1.3415 Acc: 0.2644 F1: 0.2565 | Val Loss: 1.4896 Acc: 0.1538 F1: 0.1504 | Train Meta: metadata_norm_mean=3.8980 | Val Meta: metadata_norm_mean=3.8980
Epoch  24/50 | Train Loss: 1.3301 Acc: 0.2933 F1: 0.2401 | Val Loss: 1.5001 Acc: 0.2115 F1: 0.1954 | Train Meta: metadata_norm_mean=3.8980 | Val Meta: metadata_norm_mean=3.8980
Epoch  25/50 | Train Loss: 1.3328 Acc: 0.3413 F1: 0.3265 | Val Loss: 1.5451 Acc: 0.1538 F1: 0.1371 | Train Meta: metadata_norm_mean=3.8980 | Val Meta: metadata_norm_mean=3.8980
Epoch  26/50 | Train Loss: 1.3502 Acc: 0.3125 F1: 0.2545 | Val Loss: 1.4658 Acc: 0.2885 F1: 0.2148 | Train Meta: metadata_norm_mean=3.8980 | Val Meta: metadata_norm_mean=3.8980
Epoch  27/50 | Train Loss: 1.3667 Acc: 0.2981 F1: 0.2221 | Val Loss: 1.5177 Acc: 0.2308 F1: 0.1488 | Train Meta: metadata_norm_mean=3.8980 | Val Meta: metadata_norm_mean=3.8980
Epoch  28/50 | Train Loss: 1.3861 Acc: 0.3029 F1: 0.2553 | Val Loss: 1.4956 Acc: 0.1731 F1: 0.1701 | Train Meta: metadata_norm_mean=3.8980 | Val Meta: metadata_norm_mean=3.8980
Epoch  29/50 | Train Loss: 1.4331 Acc: 0.2692 F1: 0.1820 | Val Loss: 1.4971 Acc: 0.2500 F1: 0.1591 | Train Meta: metadata_norm_mean=3.8980 | Val Meta: metadata_norm_mean=3.8980
Epoch  30/50 | Train Loss: 1.3660 Acc: 0.2885 F1: 0.2515 | Val Loss: 1.5156 Acc: 0.2308 F1: 0.2073 | Train Meta: metadata_norm_mean=3.8980 | Val Meta: metadata_norm_mean=3.8980
Epoch  31/50 | Train Loss: 1.3484 Acc: 0.3269 F1: 0.2446 | Val Loss: 1.5349 Acc: 0.2500 F1: 0.2326 | Train Meta: metadata_norm_mean=3.8980 | Val Meta: metadata_norm_mean=3.8980
Epoch  32/50 | Train Loss: 1.3484 Acc: 0.3029 F1: 0.2774 | Val Loss: 1.5216 Acc: 0.2692 F1: 0.2557 | Train Meta: metadata_norm_mean=3.8980 | Val Meta: metadata_norm_mean=3.8980
Epoch  33/50 | Train Loss: 1.3566 Acc: 0.2885 F1: 0.2383 | Val Loss: 1.4841 Acc: 0.2692 F1: 0.1828 | Train Meta: metadata_norm_mean=3.8980 | Val Meta: metadata_norm_mean=3.8980
Epoch  34/50 | Train Loss: 1.3428 Acc: 0.2981 F1: 0.2936 | Val Loss: 1.5382 Acc: 0.2308 F1: 0.1981 | Train Meta: metadata_norm_mean=3.8980 | Val Meta: metadata_norm_mean=3.8980
Epoch  35/50 | Train Loss: 1.3545 Acc: 0.3125 F1: 0.2748 | Val Loss: 1.5017 Acc: 0.2308 F1: 0.2113 | Train Meta: metadata_norm_mean=3.8980 | Val Meta: metadata_norm_mean=3.8980
Epoch  36/50 | Train Loss: 1.3314 Acc: 0.2885 F1: 0.2483 | Val Loss: 1.5562 Acc: 0.1346 F1: 0.0793 | Train Meta: metadata_norm_mean=3.8980 | Val Meta: metadata_norm_mean=3.8980
Epoch  37/50 | Train Loss: 1.3632 Acc: 0.2933 F1: 0.2275 | Val Loss: 1.4472 Acc: 0.2308 F1: 0.1501 | Train Meta: metadata_norm_mean=3.8980 | Val Meta: metadata_norm_mean=3.8980
Epoch  38/50 | Train Loss: 1.3476 Acc: 0.2837 F1: 0.2469 | Val Loss: 1.5321 Acc: 0.1731 F1: 0.1177 | Train Meta: metadata_norm_mean=3.8980 | Val Meta: metadata_norm_mean=3.8980
Epoch  39/50 | Train Loss: 1.3260 Acc: 0.2885 F1: 0.2539 | Val Loss: 1.4681 Acc: 0.2692 F1: 0.1856 | Train Meta: metadata_norm_mean=3.8980 | Val Meta: metadata_norm_mean=3.8980
Epoch  40/50 | Train Loss: 1.3300 Acc: 0.3125 F1: 0.2905 | Val Loss: 1.5722 Acc: 0.1346 F1: 0.0985 | Train Meta: metadata_norm_mean=3.8980 | Val Meta: metadata_norm_mean=3.8980
Epoch  41/50 | Train Loss: 1.3329 Acc: 0.3221 F1: 0.2501 | Val Loss: 1.5217 Acc: 0.2885 F1: 0.2845 | Train Meta: metadata_norm_mean=3.8980 | Val Meta: metadata_norm_mean=3.8980
Epoch  42/50 | Train Loss: 1.3351 Acc: 0.2837 F1: 0.2676 | Val Loss: 1.5075 Acc: 0.1923 F1: 0.1856 | Train Meta: metadata_norm_mean=3.8980 | Val Meta: metadata_norm_mean=3.8980
Epoch  43/50 | Train Loss: 1.3366 Acc: 0.3077 F1: 0.2508 | Val Loss: 1.5040 Acc: 0.2500 F1: 0.2288 | Train Meta: metadata_norm_mean=3.8980 | Val Meta: metadata_norm_mean=3.8980
Epoch  44/50 | Train Loss: 1.3282 Acc: 0.2885 F1: 0.2664 | Val Loss: 1.5063 Acc: 0.2692 F1: 0.2289 | Train Meta: metadata_norm_mean=3.8980 | Val Meta: metadata_norm_mean=3.8980
Epoch  45/50 | Train Loss: 1.3189 Acc: 0.3317 F1: 0.2785 | Val Loss: 1.5153 Acc: 0.1731 F1: 0.1617 | Train Meta: metadata_norm_mean=3.8980 | Val Meta: metadata_norm_mean=3.8980
Epoch  46/50 | Train Loss: 1.3352 Acc: 0.2788 F1: 0.2595 | Val Loss: 1.4787 Acc: 0.2500 F1: 0.2332 | Train Meta: metadata_norm_mean=3.8980 | Val Meta: metadata_norm_mean=3.8980
Epoch  47/50 | Train Loss: 1.3414 Acc: 0.3125 F1: 0.2677 | Val Loss: 1.5218 Acc: 0.1923 F1: 0.1347 | Train Meta: metadata_norm_mean=3.8980 | Val Meta: metadata_norm_mean=3.8980
Epoch  48/50 | Train Loss: 1.3371 Acc: 0.2740 F1: 0.2735 | Val Loss: 1.5183 Acc: 0.2500 F1: 0.2470 | Train Meta: metadata_norm_mean=3.8980 | Val Meta: metadata_norm_mean=3.8980
Epoch  49/50 | Train Loss: 1.3328 Acc: 0.2933 F1: 0.2398 | Val Loss: 1.4854 Acc: 0.2115 F1: 0.2047 | Train Meta: metadata_norm_mean=3.8980 | Val Meta: metadata_norm_mean=3.8980
Epoch  50/50 | Train Loss: 1.3430 Acc: 0.2452 F1: 0.2228 | Val Loss: 1.5599 Acc: 0.1346 F1: 0.0889 | Train Meta: metadata_norm_mean=3.8980 | Val Meta: metadata_norm_mean=3.8980

Random Encoder Classification Result (EthanolConcentration)
Accuracy : 0.288973
F1 (macro): 0.224788
Text metadata preview | dataset=FaceDetection | domain=UEA | channels=144
   - channel_1: In the UEA domain, this channel belongs to the FaceDetection dataset and represents the feature channel 1.
   - channel_2: In the UEA domain, this channel belongs to the FaceDetection dataset and represents the feature channel 2.
   - ... (142 more channel descriptions)
Stats metadata preview | dataset=FaceDetection | domain=UEA | channels=144
   - channel_1: Channel statistics over the training split: mean value is 0.000, standard deviation is 1.000, minimum value is -12.948, maximum value is 17.769, median value is -0.001, and mean absolute value is 0.759.
/data/pjh_workspace/ts-env/lib/python3.8/site-packages/torch/nn/modules/transformer.py:307: UserWarning: enable_nested_tensor is True, but self.use_nested_tensor is False because encoder_layer.norm_first was True
  warnings.warn(f"enable_nested_tensor is True, but self.use_nested_tensor is False because {why_not_sparsity_fast_path}")
==================================================
🚀 Architecture: LAYA Random Encoder
📊 Target Dataset: FaceDetection (Channels: 144)
📊 Classes: 2 | Sequence Length: 62
==================================================
✅ Encoder is RANDOMLY initialized and FROZEN (Linear Probing mode).
Text metadata preview | dataset=EthanolConcentration | domain=UEA | channels=3
   - channel_1: In the UEA domain, this channel belongs to the EthanolConcentration dataset and represents the feature channel 1.
   - channel_2: In the UEA domain, this channel belongs to the EthanolConcentration dataset and represents the feature channel 2.
   - ... (1 more channel descriptions)
Stats metadata preview | dataset=EthanolConcentration | domain=UEA | channels=3
   - channel_1: Channel statistics over the training split: mean value is 0.000, standard deviation is 1.000, minimum value is -0.932, maximum value is 5.112, median value is -0.483, and mean absolute value is 0.815.
/data/pjh_workspace/ts-env/lib/python3.8/site-packages/torch/nn/modules/transformer.py:307: UserWarning: enable_nested_tensor is True, but self.use_nested_tensor is False because encoder_layer.norm_first was True
  warnings.warn(f"enable_nested_tensor is True, but self.use_nested_tensor is False because {why_not_sparsity_fast_path}")
==================================================
🚀 Architecture: LAYA Random Encoder
📊 Target Dataset: EthanolConcentration (Channels: 3)
📊 Classes: 4 | Sequence Length: 1751
==================================================
✅ Encoder is RANDOMLY initialized and FROZEN (Linear Probing mode).
Epoch   1/50 | Train Loss: 1.4239 Acc: 0.2452 F1: 0.2106 | Val Loss: 1.4352 Acc: 0.3846 F1: 0.2975 | Train Meta: metadata_norm_mean=3.8980 | Val Meta: metadata_norm_mean=3.8980
Epoch   2/50 | Train Loss: 1.3534 Acc: 0.3029 F1: 0.2920 | Val Loss: 1.5647 Acc: 0.1538 F1: 0.1315 | Train Meta: metadata_norm_mean=3.8980 | Val Meta: metadata_norm_mean=3.8980
Epoch   3/50 | Train Loss: 1.3647 Acc: 0.2548 F1: 0.2401 | Val Loss: 1.4367 Acc: 0.2885 F1: 0.1735 | Train Meta: metadata_norm_mean=3.8980 | Val Meta: metadata_norm_mean=3.8980
Epoch   4/50 | Train Loss: 1.3627 Acc: 0.2308 F1: 0.2217 | Val Loss: 1.5209 Acc: 0.1923 F1: 0.1335 | Train Meta: metadata_norm_mean=3.8980 | Val Meta: metadata_norm_mean=3.8980
Epoch   5/50 | Train Loss: 1.3462 Acc: 0.3077 F1: 0.2309 | Val Loss: 1.4623 Acc: 0.3269 F1: 0.2055 | Train Meta: metadata_norm_mean=3.8980 | Val Meta: metadata_norm_mean=3.8980
Epoch   6/50 | Train Loss: 1.3466 Acc: 0.2933 F1: 0.2509 | Val Loss: 1.5381 Acc: 0.2115 F1: 0.1426 | Train Meta: metadata_norm_mean=3.8980 | Val Meta: metadata_norm_mean=3.8980
Epoch   7/50 | Train Loss: 1.3415 Acc: 0.2308 F1: 0.2250 | Val Loss: 1.5284 Acc: 0.2308 F1: 0.1946 | Train Meta: metadata_norm_mean=3.8980 | Val Meta: metadata_norm_mean=3.8980
Epoch   8/50 | Train Loss: 1.3433 Acc: 0.2740 F1: 0.2143 | Val Loss: 1.4795 Acc: 0.2115 F1: 0.1668 | Train Meta: metadata_norm_mean=3.8980 | Val Meta: metadata_norm_mean=3.8980
Epoch   9/50 | Train Loss: 1.3520 Acc: 0.2981 F1: 0.2724 | Val Loss: 1.5559 Acc: 0.1154 F1: 0.1132 | Train Meta: metadata_norm_mean=3.8980 | Val Meta: metadata_norm_mean=3.8980
Epoch  10/50 | Train Loss: 1.3654 Acc: 0.3077 F1: 0.2468 | Val Loss: 1.4997 Acc: 0.1923 F1: 0.1344 | Train Meta: metadata_norm_mean=3.8980 | Val Meta: metadata_norm_mean=3.8980
Epoch  11/50 | Train Loss: 1.3529 Acc: 0.2596 F1: 0.1953 | Val Loss: 1.5748 Acc: 0.1346 F1: 0.1000 | Train Meta: metadata_norm_mean=3.8980 | Val Meta: metadata_norm_mean=3.8980
Epoch  12/50 | Train Loss: 1.3628 Acc: 0.2788 F1: 0.2419 | Val Loss: 1.4917 Acc: 0.2115 F1: 0.1653 | Train Meta: metadata_norm_mean=3.8980 | Val Meta: metadata_norm_mean=3.8980
Epoch  13/50 | Train Loss: 1.3467 Acc: 0.2692 F1: 0.2358 | Val Loss: 1.4523 Acc: 0.3462 F1: 0.2389 | Train Meta: metadata_norm_mean=3.8980 | Val Meta: metadata_norm_mean=3.8980
Epoch  14/50 | Train Loss: 1.3332 Acc: 0.3269 F1: 0.2886 | Val Loss: 1.5600 Acc: 0.1538 F1: 0.1156 | Train Meta: metadata_norm_mean=3.8980 | Val Meta: metadata_norm_mean=3.8980
Epoch  15/50 | Train Loss: 1.3542 Acc: 0.2933 F1: 0.2506 | Val Loss: 1.4330 Acc: 0.3269 F1: 0.2264 | Train Meta: metadata_norm_mean=3.8980 | Val Meta: metadata_norm_mean=3.8980
Epoch  16/50 | Train Loss: 1.3329 Acc: 0.3269 F1: 0.2986 | Val Loss: 1.5166 Acc: 0.1346 F1: 0.1105 | Train Meta: metadata_norm_mean=3.8980 | Val Meta: metadata_norm_mean=3.8980
Epoch  17/50 | Train Loss: 1.3393 Acc: 0.3077 F1: 0.2646 | Val Loss: 1.4683 Acc: 0.3077 F1: 0.2318 | Train Meta: metadata_norm_mean=3.8980 | Val Meta: metadata_norm_mean=3.8980
Epoch  18/50 | Train Loss: 1.3348 Acc: 0.2644 F1: 0.2458 | Val Loss: 1.5402 Acc: 0.1346 F1: 0.0998 | Train Meta: metadata_norm_mean=3.8980 | Val Meta: metadata_norm_mean=3.8980
Epoch  19/50 | Train Loss: 1.3504 Acc: 0.2644 F1: 0.2538 | Val Loss: 1.4548 Acc: 0.3462 F1: 0.2417 | Train Meta: metadata_norm_mean=3.8980 | Val Meta: metadata_norm_mean=3.8980
Epoch  20/50 | Train Loss: 1.3215 Acc: 0.3510 F1: 0.3211 | Val Loss: 1.6187 Acc: 0.1346 F1: 0.0754 | Train Meta: metadata_norm_mean=3.8980 | Val Meta: metadata_norm_mean=3.8980
Epoch  21/50 | Train Loss: 1.3826 Acc: 0.2837 F1: 0.2378 | Val Loss: 1.4624 Acc: 0.2115 F1: 0.1486 | Train Meta: metadata_norm_mean=3.8980 | Val Meta: metadata_norm_mean=3.8980
Epoch  22/50 | Train Loss: 1.3432 Acc: 0.3125 F1: 0.2590 | Val Loss: 1.5933 Acc: 0.1154 F1: 0.0566 | Train Meta: metadata_norm_mean=3.8980 | Val Meta: metadata_norm_mean=3.8980
Epoch  23/50 | Train Loss: 1.3415 Acc: 0.2644 F1: 0.2565 | Val Loss: 1.4896 Acc: 0.1538 F1: 0.1504 | Train Meta: metadata_norm_mean=3.8980 | Val Meta: metadata_norm_mean=3.8980
Epoch  24/50 | Train Loss: 1.3301 Acc: 0.2933 F1: 0.2401 | Val Loss: 1.5001 Acc: 0.2115 F1: 0.1954 | Train Meta: metadata_norm_mean=3.8980 | Val Meta: metadata_norm_mean=3.8980
Epoch  25/50 | Train Loss: 1.3328 Acc: 0.3413 F1: 0.3265 | Val Loss: 1.5451 Acc: 0.1538 F1: 0.1371 | Train Meta: metadata_norm_mean=3.8980 | Val Meta: metadata_norm_mean=3.8980
Epoch  26/50 | Train Loss: 1.3502 Acc: 0.3125 F1: 0.2545 | Val Loss: 1.4658 Acc: 0.2885 F1: 0.2148 | Train Meta: metadata_norm_mean=3.8980 | Val Meta: metadata_norm_mean=3.8980
Epoch  27/50 | Train Loss: 1.3667 Acc: 0.2981 F1: 0.2221 | Val Loss: 1.5177 Acc: 0.2308 F1: 0.1488 | Train Meta: metadata_norm_mean=3.8980 | Val Meta: metadata_norm_mean=3.8980
Epoch  28/50 | Train Loss: 1.3861 Acc: 0.3029 F1: 0.2553 | Val Loss: 1.4956 Acc: 0.1731 F1: 0.1701 | Train Meta: metadata_norm_mean=3.8980 | Val Meta: metadata_norm_mean=3.8980
Epoch  29/50 | Train Loss: 1.4331 Acc: 0.2692 F1: 0.1820 | Val Loss: 1.4971 Acc: 0.2500 F1: 0.1591 | Train Meta: metadata_norm_mean=3.8980 | Val Meta: metadata_norm_mean=3.8980
Epoch  30/50 | Train Loss: 1.3660 Acc: 0.2885 F1: 0.2515 | Val Loss: 1.5156 Acc: 0.2308 F1: 0.2073 | Train Meta: metadata_norm_mean=3.8980 | Val Meta: metadata_norm_mean=3.8980
Epoch  31/50 | Train Loss: 1.3484 Acc: 0.3269 F1: 0.2446 | Val Loss: 1.5349 Acc: 0.2500 F1: 0.2326 | Train Meta: metadata_norm_mean=3.8980 | Val Meta: metadata_norm_mean=3.8980
Epoch  32/50 | Train Loss: 1.3484 Acc: 0.3029 F1: 0.2774 | Val Loss: 1.5216 Acc: 0.2692 F1: 0.2557 | Train Meta: metadata_norm_mean=3.8980 | Val Meta: metadata_norm_mean=3.8980
Epoch  33/50 | Train Loss: 1.3566 Acc: 0.2885 F1: 0.2383 | Val Loss: 1.4841 Acc: 0.2692 F1: 0.1828 | Train Meta: metadata_norm_mean=3.8980 | Val Meta: metadata_norm_mean=3.8980
Epoch  34/50 | Train Loss: 1.3428 Acc: 0.2981 F1: 0.2936 | Val Loss: 1.5382 Acc: 0.2308 F1: 0.1981 | Train Meta: metadata_norm_mean=3.8980 | Val Meta: metadata_norm_mean=3.8980
Epoch  35/50 | Train Loss: 1.3545 Acc: 0.3125 F1: 0.2748 | Val Loss: 1.5017 Acc: 0.2308 F1: 0.2113 | Train Meta: metadata_norm_mean=3.8980 | Val Meta: metadata_norm_mean=3.8980
Epoch  36/50 | Train Loss: 1.3314 Acc: 0.2885 F1: 0.2483 | Val Loss: 1.5562 Acc: 0.1346 F1: 0.0793 | Train Meta: metadata_norm_mean=3.8980 | Val Meta: metadata_norm_mean=3.8980
Epoch  37/50 | Train Loss: 1.3632 Acc: 0.2933 F1: 0.2275 | Val Loss: 1.4472 Acc: 0.2308 F1: 0.1501 | Train Meta: metadata_norm_mean=3.8980 | Val Meta: metadata_norm_mean=3.8980
Epoch  38/50 | Train Loss: 1.3476 Acc: 0.2837 F1: 0.2469 | Val Loss: 1.5321 Acc: 0.1731 F1: 0.1177 | Train Meta: metadata_norm_mean=3.8980 | Val Meta: metadata_norm_mean=3.8980
Epoch  39/50 | Train Loss: 1.3260 Acc: 0.2885 F1: 0.2539 | Val Loss: 1.4681 Acc: 0.2692 F1: 0.1856 | Train Meta: metadata_norm_mean=3.8980 | Val Meta: metadata_norm_mean=3.8980
Epoch  40/50 | Train Loss: 1.3300 Acc: 0.3125 F1: 0.2905 | Val Loss: 1.5722 Acc: 0.1346 F1: 0.0985 | Train Meta: metadata_norm_mean=3.8980 | Val Meta: metadata_norm_mean=3.8980
Epoch  41/50 | Train Loss: 1.3329 Acc: 0.3221 F1: 0.2501 | Val Loss: 1.5217 Acc: 0.2885 F1: 0.2845 | Train Meta: metadata_norm_mean=3.8980 | Val Meta: metadata_norm_mean=3.8980
Epoch  42/50 | Train Loss: 1.3351 Acc: 0.2837 F1: 0.2676 | Val Loss: 1.5075 Acc: 0.1923 F1: 0.1856 | Train Meta: metadata_norm_mean=3.8980 | Val Meta: metadata_norm_mean=3.8980
Epoch  43/50 | Train Loss: 1.3366 Acc: 0.3077 F1: 0.2508 | Val Loss: 1.5040 Acc: 0.2500 F1: 0.2288 | Train Meta: metadata_norm_mean=3.8980 | Val Meta: metadata_norm_mean=3.8980
Epoch  44/50 | Train Loss: 1.3282 Acc: 0.2885 F1: 0.2664 | Val Loss: 1.5063 Acc: 0.2692 F1: 0.2289 | Train Meta: metadata_norm_mean=3.8980 | Val Meta: metadata_norm_mean=3.8980
Epoch  45/50 | Train Loss: 1.3189 Acc: 0.3317 F1: 0.2785 | Val Loss: 1.5153 Acc: 0.1731 F1: 0.1617 | Train Meta: metadata_norm_mean=3.8980 | Val Meta: metadata_norm_mean=3.8980
Epoch  46/50 | Train Loss: 1.3352 Acc: 0.2788 F1: 0.2595 | Val Loss: 1.4787 Acc: 0.2500 F1: 0.2332 | Train Meta: metadata_norm_mean=3.8980 | Val Meta: metadata_norm_mean=3.8980
Epoch  47/50 | Train Loss: 1.3414 Acc: 0.3125 F1: 0.2677 | Val Loss: 1.5218 Acc: 0.1923 F1: 0.1347 | Train Meta: metadata_norm_mean=3.8980 | Val Meta: metadata_norm_mean=3.8980
Epoch  48/50 | Train Loss: 1.3371 Acc: 0.2740 F1: 0.2735 | Val Loss: 1.5183 Acc: 0.2500 F1: 0.2470 | Train Meta: metadata_norm_mean=3.8980 | Val Meta: metadata_norm_mean=3.8980
Epoch  49/50 | Train Loss: 1.3328 Acc: 0.2933 F1: 0.2398 | Val Loss: 1.4854 Acc: 0.2115 F1: 0.2047 | Train Meta: metadata_norm_mean=3.8980 | Val Meta: metadata_norm_mean=3.8980
Epoch  50/50 | Train Loss: 1.3430 Acc: 0.2452 F1: 0.2228 | Val Loss: 1.5599 Acc: 0.1346 F1: 0.0889 | Train Meta: metadata_norm_mean=3.8980 | Val Meta: metadata_norm_mean=3.8980

Random Encoder Classification Result (EthanolConcentration)
Accuracy : 0.288973
F1 (macro): 0.224788
Text metadata preview | dataset=FaceDetection | domain=UEA | channels=144
   - channel_1: In the UEA domain, this channel belongs to the FaceDetection dataset and represents the feature channel 1.
   - channel_2: In the UEA domain, this channel belongs to the FaceDetection dataset and represents the feature channel 2.
   - ... (142 more channel descriptions)
Stats metadata preview | dataset=FaceDetection | domain=UEA | channels=144
   - channel_1: Channel statistics over the training split: mean value is 0.000, standard deviation is 1.000, minimum value is -12.948, maximum value is 17.769, median value is -0.001, and mean absolute value is 0.759.
/data/pjh_workspace/ts-env/lib/python3.8/site-packages/torch/nn/modules/transformer.py:307: UserWarning: enable_nested_tensor is True, but self.use_nested_tensor is False because encoder_layer.norm_first was True
  warnings.warn(f"enable_nested_tensor is True, but self.use_nested_tensor is False because {why_not_sparsity_fast_path}")
==================================================
🚀 Architecture: LAYA Random Encoder
📊 Target Dataset: FaceDetection (Channels: 144)
📊 Classes: 2 | Sequence Length: 62
==================================================
✅ Encoder is RANDOMLY initialized and FROZEN (Linear Probing mode).
Epoch   1/50 | Train Loss: 0.7119 Acc: 0.5106 F1: 0.5106 | Val Loss: 0.7042 Acc: 0.4941 F1: 0.3380 | Train Meta: metadata_norm_mean=4.1402 | Val Meta: metadata_norm_mean=4.1402
Epoch   2/50 | Train Loss: 0.7019 Acc: 0.5281 F1: 0.5279 | Val Loss: 0.7311 Acc: 0.5076 F1: 0.3398 | Train Meta: metadata_norm_mean=4.1402 | Val Meta: metadata_norm_mean=4.1402
Epoch   3/50 | Train Loss: 0.7023 Acc: 0.5236 F1: 0.5234 | Val Loss: 0.7047 Acc: 0.4941 F1: 0.3408 | Train Meta: metadata_norm_mean=4.1402 | Val Meta: metadata_norm_mean=4.1402
Epoch   4/50 | Train Loss: 0.7028 Acc: 0.5276 F1: 0.5273 | Val Loss: 0.7230 Acc: 0.4915 F1: 0.3295 | Train Meta: metadata_norm_mean=4.1402 | Val Meta: metadata_norm_mean=4.1402
Epoch   5/50 | Train Loss: 0.6991 Acc: 0.5198 F1: 0.5198 | Val Loss: 0.6989 Acc: 0.5076 F1: 0.3665 | Train Meta: metadata_norm_mean=4.1402 | Val Meta: metadata_norm_mean=4.1402
Epoch   6/50 | Train Loss: 0.6973 Acc: 0.5259 F1: 0.5258 | Val Loss: 0.7025 Acc: 0.5042 F1: 0.3724 | Train Meta: metadata_norm_mean=4.1402 | Val Meta: metadata_norm_mean=4.1402
Terminated
Text metadata preview | dataset=EthanolConcentration | domain=UEA | channels=3
   - channel_1: In the UEA domain, this channel belongs to the EthanolConcentration dataset and represents the feature channel 1.
   - channel_2: In the UEA domain, this channel belongs to the EthanolConcentration dataset and represents the feature channel 2.
   - ... (1 more channel descriptions)
Stats metadata preview | dataset=EthanolConcentration | domain=UEA | channels=3
   - channel_1: Channel statistics over the training split: mean value is 0.000, standard deviation is 1.000, minimum value is -0.932, maximum value is 5.112, median value is -0.483, and mean absolute value is 0.815.
/data/pjh_workspace/ts-env/lib/python3.8/site-packages/torch/nn/modules/transformer.py:307: UserWarning: enable_nested_tensor is True, but self.use_nested_tensor is False because encoder_layer.norm_first was True
  warnings.warn(f"enable_nested_tensor is True, but self.use_nested_tensor is False because {why_not_sparsity_fast_path}")
==================================================
🚀 Architecture: LAYA Random Encoder
📊 Target Dataset: EthanolConcentration (Channels: 3)
📊 Classes: 4 | Sequence Length: 1751
==================================================
✅ Encoder is RANDOMLY initialized and FROZEN (Linear Probing mode).
Epoch   1/50 | Train Loss: 1.4239 Acc: 0.2452 F1: 0.2106 | Val Loss: 1.4352 Acc: 0.3846 F1: 0.2975 | Train Meta: metadata_norm_mean=3.8980 | Val Meta: metadata_norm_mean=3.8980
Epoch   2/50 | Train Loss: 1.3534 Acc: 0.3029 F1: 0.2920 | Val Loss: 1.5647 Acc: 0.1538 F1: 0.1315 | Train Meta: metadata_norm_mean=3.8980 | Val Meta: metadata_norm_mean=3.8980
Epoch   3/50 | Train Loss: 1.3647 Acc: 0.2548 F1: 0.2401 | Val Loss: 1.4367 Acc: 0.2885 F1: 0.1735 | Train Meta: metadata_norm_mean=3.8980 | Val Meta: metadata_norm_mean=3.8980
Epoch   4/50 | Train Loss: 1.3627 Acc: 0.2308 F1: 0.2217 | Val Loss: 1.5209 Acc: 0.1923 F1: 0.1335 | Train Meta: metadata_norm_mean=3.8980 | Val Meta: metadata_norm_mean=3.8980
Epoch   5/50 | Train Loss: 1.3462 Acc: 0.3077 F1: 0.2309 | Val Loss: 1.4623 Acc: 0.3269 F1: 0.2055 | Train Meta: metadata_norm_mean=3.8980 | Val Meta: metadata_norm_mean=3.8980
Epoch   6/50 | Train Loss: 1.3466 Acc: 0.2933 F1: 0.2509 | Val Loss: 1.5381 Acc: 0.2115 F1: 0.1426 | Train Meta: metadata_norm_mean=3.8980 | Val Meta: metadata_norm_mean=3.8980
Epoch   7/50 | Train Loss: 1.3415 Acc: 0.2308 F1: 0.2250 | Val Loss: 1.5284 Acc: 0.2308 F1: 0.1946 | Train Meta: metadata_norm_mean=3.8980 | Val Meta: metadata_norm_mean=3.8980
Epoch   8/50 | Train Loss: 1.3433 Acc: 0.2740 F1: 0.2143 | Val Loss: 1.4795 Acc: 0.2115 F1: 0.1668 | Train Meta: metadata_norm_mean=3.8980 | Val Meta: metadata_norm_mean=3.8980
Epoch   9/50 | Train Loss: 1.3520 Acc: 0.2981 F1: 0.2724 | Val Loss: 1.5559 Acc: 0.1154 F1: 0.1132 | Train Meta: metadata_norm_mean=3.8980 | Val Meta: metadata_norm_mean=3.8980
Epoch  10/50 | Train Loss: 1.3654 Acc: 0.3077 F1: 0.2468 | Val Loss: 1.4997 Acc: 0.1923 F1: 0.1344 | Train Meta: metadata_norm_mean=3.8980 | Val Meta: metadata_norm_mean=3.8980
Epoch  11/50 | Train Loss: 1.3529 Acc: 0.2596 F1: 0.1953 | Val Loss: 1.5748 Acc: 0.1346 F1: 0.1000 | Train Meta: metadata_norm_mean=3.8980 | Val Meta: metadata_norm_mean=3.8980
Epoch  12/50 | Train Loss: 1.3628 Acc: 0.2788 F1: 0.2419 | Val Loss: 1.4917 Acc: 0.2115 F1: 0.1653 | Train Meta: metadata_norm_mean=3.8980 | Val Meta: metadata_norm_mean=3.8980
Epoch  13/50 | Train Loss: 1.3467 Acc: 0.2692 F1: 0.2358 | Val Loss: 1.4523 Acc: 0.3462 F1: 0.2389 | Train Meta: metadata_norm_mean=3.8980 | Val Meta: metadata_norm_mean=3.8980
Epoch  14/50 | Train Loss: 1.3332 Acc: 0.3269 F1: 0.2886 | Val Loss: 1.5600 Acc: 0.1538 F1: 0.1156 | Train Meta: metadata_norm_mean=3.8980 | Val Meta: metadata_norm_mean=3.8980
Epoch  15/50 | Train Loss: 1.3542 Acc: 0.2933 F1: 0.2506 | Val Loss: 1.4330 Acc: 0.3269 F1: 0.2264 | Train Meta: metadata_norm_mean=3.8980 | Val Meta: metadata_norm_mean=3.8980
Epoch  16/50 | Train Loss: 1.3329 Acc: 0.3269 F1: 0.2986 | Val Loss: 1.5166 Acc: 0.1346 F1: 0.1105 | Train Meta: metadata_norm_mean=3.8980 | Val Meta: metadata_norm_mean=3.8980
Epoch  17/50 | Train Loss: 1.3393 Acc: 0.3077 F1: 0.2646 | Val Loss: 1.4683 Acc: 0.3077 F1: 0.2318 | Train Meta: metadata_norm_mean=3.8980 | Val Meta: metadata_norm_mean=3.8980
Epoch  18/50 | Train Loss: 1.3348 Acc: 0.2644 F1: 0.2458 | Val Loss: 1.5402 Acc: 0.1346 F1: 0.0998 | Train Meta: metadata_norm_mean=3.8980 | Val Meta: metadata_norm_mean=3.8980
Epoch  19/50 | Train Loss: 1.3504 Acc: 0.2644 F1: 0.2538 | Val Loss: 1.4548 Acc: 0.3462 F1: 0.2417 | Train Meta: metadata_norm_mean=3.8980 | Val Meta: metadata_norm_mean=3.8980
Epoch  20/50 | Train Loss: 1.3215 Acc: 0.3510 F1: 0.3211 | Val Loss: 1.6187 Acc: 0.1346 F1: 0.0754 | Train Meta: metadata_norm_mean=3.8980 | Val Meta: metadata_norm_mean=3.8980
Epoch  21/50 | Train Loss: 1.3826 Acc: 0.2837 F1: 0.2378 | Val Loss: 1.4624 Acc: 0.2115 F1: 0.1486 | Train Meta: metadata_norm_mean=3.8980 | Val Meta: metadata_norm_mean=3.8980
Epoch  22/50 | Train Loss: 1.3432 Acc: 0.3125 F1: 0.2590 | Val Loss: 1.5933 Acc: 0.1154 F1: 0.0566 | Train Meta: metadata_norm_mean=3.8980 | Val Meta: metadata_norm_mean=3.8980
Epoch  23/50 | Train Loss: 1.3415 Acc: 0.2644 F1: 0.2565 | Val Loss: 1.4896 Acc: 0.1538 F1: 0.1504 | Train Meta: metadata_norm_mean=3.8980 | Val Meta: metadata_norm_mean=3.8980
Epoch  24/50 | Train Loss: 1.3301 Acc: 0.2933 F1: 0.2401 | Val Loss: 1.5001 Acc: 0.2115 F1: 0.1954 | Train Meta: metadata_norm_mean=3.8980 | Val Meta: metadata_norm_mean=3.8980
Epoch  25/50 | Train Loss: 1.3328 Acc: 0.3413 F1: 0.3265 | Val Loss: 1.5451 Acc: 0.1538 F1: 0.1371 | Train Meta: metadata_norm_mean=3.8980 | Val Meta: metadata_norm_mean=3.8980
Epoch  26/50 | Train Loss: 1.3502 Acc: 0.3125 F1: 0.2545 | Val Loss: 1.4658 Acc: 0.2885 F1: 0.2148 | Train Meta: metadata_norm_mean=3.8980 | Val Meta: metadata_norm_mean=3.8980
Epoch  27/50 | Train Loss: 1.3667 Acc: 0.2981 F1: 0.2221 | Val Loss: 1.5177 Acc: 0.2308 F1: 0.1488 | Train Meta: metadata_norm_mean=3.8980 | Val Meta: metadata_norm_mean=3.8980
Epoch  28/50 | Train Loss: 1.3861 Acc: 0.3029 F1: 0.2553 | Val Loss: 1.4956 Acc: 0.1731 F1: 0.1701 | Train Meta: metadata_norm_mean=3.8980 | Val Meta: metadata_norm_mean=3.8980
Epoch  29/50 | Train Loss: 1.4331 Acc: 0.2692 F1: 0.1820 | Val Loss: 1.4971 Acc: 0.2500 F1: 0.1591 | Train Meta: metadata_norm_mean=3.8980 | Val Meta: metadata_norm_mean=3.8980
Epoch  30/50 | Train Loss: 1.3660 Acc: 0.2885 F1: 0.2515 | Val Loss: 1.5156 Acc: 0.2308 F1: 0.2073 | Train Meta: metadata_norm_mean=3.8980 | Val Meta: metadata_norm_mean=3.8980
Epoch  31/50 | Train Loss: 1.3484 Acc: 0.3269 F1: 0.2446 | Val Loss: 1.5349 Acc: 0.2500 F1: 0.2326 | Train Meta: metadata_norm_mean=3.8980 | Val Meta: metadata_norm_mean=3.8980
Epoch  32/50 | Train Loss: 1.3484 Acc: 0.3029 F1: 0.2774 | Val Loss: 1.5216 Acc: 0.2692 F1: 0.2557 | Train Meta: metadata_norm_mean=3.8980 | Val Meta: metadata_norm_mean=3.8980
Epoch  33/50 | Train Loss: 1.3566 Acc: 0.2885 F1: 0.2383 | Val Loss: 1.4841 Acc: 0.2692 F1: 0.1828 | Train Meta: metadata_norm_mean=3.8980 | Val Meta: metadata_norm_mean=3.8980
Epoch  34/50 | Train Loss: 1.3428 Acc: 0.2981 F1: 0.2936 | Val Loss: 1.5382 Acc: 0.2308 F1: 0.1981 | Train Meta: metadata_norm_mean=3.8980 | Val Meta: metadata_norm_mean=3.8980
Epoch  35/50 | Train Loss: 1.3545 Acc: 0.3125 F1: 0.2748 | Val Loss: 1.5017 Acc: 0.2308 F1: 0.2113 | Train Meta: metadata_norm_mean=3.8980 | Val Meta: metadata_norm_mean=3.8980
Epoch  36/50 | Train Loss: 1.3314 Acc: 0.2885 F1: 0.2483 | Val Loss: 1.5562 Acc: 0.1346 F1: 0.0793 | Train Meta: metadata_norm_mean=3.8980 | Val Meta: metadata_norm_mean=3.8980
Epoch  37/50 | Train Loss: 1.3632 Acc: 0.2933 F1: 0.2275 | Val Loss: 1.4472 Acc: 0.2308 F1: 0.1501 | Train Meta: metadata_norm_mean=3.8980 | Val Meta: metadata_norm_mean=3.8980
Epoch  38/50 | Train Loss: 1.3476 Acc: 0.2837 F1: 0.2469 | Val Loss: 1.5321 Acc: 0.1731 F1: 0.1177 | Train Meta: metadata_norm_mean=3.8980 | Val Meta: metadata_norm_mean=3.8980
Epoch  39/50 | Train Loss: 1.3260 Acc: 0.2885 F1: 0.2539 | Val Loss: 1.4681 Acc: 0.2692 F1: 0.1856 | Train Meta: metadata_norm_mean=3.8980 | Val Meta: metadata_norm_mean=3.8980
Epoch  40/50 | Train Loss: 1.3300 Acc: 0.3125 F1: 0.2905 | Val Loss: 1.5722 Acc: 0.1346 F1: 0.0985 | Train Meta: metadata_norm_mean=3.8980 | Val Meta: metadata_norm_mean=3.8980
Epoch  41/50 | Train Loss: 1.3329 Acc: 0.3221 F1: 0.2501 | Val Loss: 1.5217 Acc: 0.2885 F1: 0.2845 | Train Meta: metadata_norm_mean=3.8980 | Val Meta: metadata_norm_mean=3.8980
Epoch  42/50 | Train Loss: 1.3351 Acc: 0.2837 F1: 0.2676 | Val Loss: 1.5075 Acc: 0.1923 F1: 0.1856 | Train Meta: metadata_norm_mean=3.8980 | Val Meta: metadata_norm_mean=3.8980
Epoch  43/50 | Train Loss: 1.3366 Acc: 0.3077 F1: 0.2508 | Val Loss: 1.5040 Acc: 0.2500 F1: 0.2288 | Train Meta: metadata_norm_mean=3.8980 | Val Meta: metadata_norm_mean=3.8980
Epoch  44/50 | Train Loss: 1.3282 Acc: 0.2885 F1: 0.2664 | Val Loss: 1.5063 Acc: 0.2692 F1: 0.2289 | Train Meta: metadata_norm_mean=3.8980 | Val Meta: metadata_norm_mean=3.8980
Epoch  45/50 | Train Loss: 1.3189 Acc: 0.3317 F1: 0.2785 | Val Loss: 1.5153 Acc: 0.1731 F1: 0.1617 | Train Meta: metadata_norm_mean=3.8980 | Val Meta: metadata_norm_mean=3.8980
Epoch  46/50 | Train Loss: 1.3352 Acc: 0.2788 F1: 0.2595 | Val Loss: 1.4787 Acc: 0.2500 F1: 0.2332 | Train Meta: metadata_norm_mean=3.8980 | Val Meta: metadata_norm_mean=3.8980
Epoch  47/50 | Train Loss: 1.3414 Acc: 0.3125 F1: 0.2677 | Val Loss: 1.5218 Acc: 0.1923 F1: 0.1347 | Train Meta: metadata_norm_mean=3.8980 | Val Meta: metadata_norm_mean=3.8980
Epoch  48/50 | Train Loss: 1.3371 Acc: 0.2740 F1: 0.2735 | Val Loss: 1.5183 Acc: 0.2500 F1: 0.2470 | Train Meta: metadata_norm_mean=3.8980 | Val Meta: metadata_norm_mean=3.8980
Epoch  49/50 | Train Loss: 1.3328 Acc: 0.2933 F1: 0.2398 | Val Loss: 1.4854 Acc: 0.2115 F1: 0.2047 | Train Meta: metadata_norm_mean=3.8980 | Val Meta: metadata_norm_mean=3.8980
Epoch  50/50 | Train Loss: 1.3430 Acc: 0.2452 F1: 0.2228 | Val Loss: 1.5599 Acc: 0.1346 F1: 0.0889 | Train Meta: metadata_norm_mean=3.8980 | Val Meta: metadata_norm_mean=3.8980

Random Encoder Classification Result (EthanolConcentration)
Accuracy : 0.288973
F1 (macro): 0.224788
Text metadata preview | dataset=FaceDetection | domain=UEA | channels=144
   - channel_1: In the UEA domain, this channel belongs to the FaceDetection dataset and represents the feature channel 1.
   - channel_2: In the UEA domain, this channel belongs to the FaceDetection dataset and represents the feature channel 2.
   - ... (142 more channel descriptions)
Stats metadata preview | dataset=FaceDetection | domain=UEA | channels=144
   - channel_1: Channel statistics over the training split: mean value is 0.000, standard deviation is 1.000, minimum value is -12.948, maximum value is 17.769, median value is -0.001, and mean absolute value is 0.759.
/data/pjh_workspace/ts-env/lib/python3.8/site-packages/torch/nn/modules/transformer.py:307: UserWarning: enable_nested_tensor is True, but self.use_nested_tensor is False because encoder_layer.norm_first was True
  warnings.warn(f"enable_nested_tensor is True, but self.use_nested_tensor is False because {why_not_sparsity_fast_path}")
==================================================
🚀 Architecture: LAYA Random Encoder
📊 Target Dataset: FaceDetection (Channels: 144)
📊 Classes: 2 | Sequence Length: 62
==================================================
✅ Encoder is RANDOMLY initialized and FROZEN (Linear Probing mode).
Epoch   1/50 | Train Loss: 0.7119 Acc: 0.5106 F1: 0.5106 | Val Loss: 0.7042 Acc: 0.4941 F1: 0.3380 | Train Meta: metadata_norm_mean=4.1402 | Val Meta: metadata_norm_mean=4.1402
Epoch   2/50 | Train Loss: 0.7019 Acc: 0.5281 F1: 0.5279 | Val Loss: 0.7311 Acc: 0.5076 F1: 0.3398 | Train Meta: metadata_norm_mean=4.1402 | Val Meta: metadata_norm_mean=4.1402
Epoch   3/50 | Train Loss: 0.7023 Acc: 0.5236 F1: 0.5234 | Val Loss: 0.7047 Acc: 0.4941 F1: 0.3408 | Train Meta: metadata_norm_mean=4.1402 | Val Meta: metadata_norm_mean=4.1402
Epoch   4/50 | Train Loss: 0.7028 Acc: 0.5276 F1: 0.5273 | Val Loss: 0.7230 Acc: 0.4915 F1: 0.3295 | Train Meta: metadata_norm_mean=4.1402 | Val Meta: metadata_norm_mean=4.1402
Epoch   5/50 | Train Loss: 0.6991 Acc: 0.5198 F1: 0.5198 | Val Loss: 0.6989 Acc: 0.5076 F1: 0.3665 | Train Meta: metadata_norm_mean=4.1402 | Val Meta: metadata_norm_mean=4.1402
Epoch   6/50 | Train Loss: 0.6973 Acc: 0.5259 F1: 0.5258 | Val Loss: 0.7025 Acc: 0.5042 F1: 0.3724 | Train Meta: metadata_norm_mean=4.1402 | Val Meta: metadata_norm_mean=4.1402
Epoch   7/50 | Train Loss: 0.7005 Acc: 0.5200 F1: 0.5199 | Val Loss: 0.7082 Acc: 0.4941 F1: 0.3394 | Train Meta: metadata_norm_mean=4.1402 | Val Meta: metadata_norm_mean=4.1402
Epoch   8/50 | Train Loss: 0.7001 Acc: 0.5198 F1: 0.5197 | Val Loss: 0.7040 Acc: 0.5034 F1: 0.3630 | Train Meta: metadata_norm_mean=4.1402 | Val Meta: metadata_norm_mean=4.1402
Epoch   9/50 | Train Loss: 0.6978 Acc: 0.5213 F1: 0.5211 | Val Loss: 0.7049 Acc: 0.5085 F1: 0.3476 | Train Meta: metadata_norm_mean=4.1402 | Val Meta: metadata_norm_mean=4.1402
Epoch  10/50 | Train Loss: 0.6953 Acc: 0.5244 F1: 0.5244 | Val Loss: 0.7147 Acc: 0.4992 F1: 0.3516 | Train Meta: metadata_norm_mean=4.1402 | Val Meta: metadata_norm_mean=4.1402
Epoch  11/50 | Train Loss: 0.6969 Acc: 0.5251 F1: 0.5249 | Val Loss: 0.6874 Acc: 0.5475 F1: 0.5429 | Train Meta: metadata_norm_mean=4.1402 | Val Meta: metadata_norm_mean=4.1402
Epoch  12/50 | Train Loss: 0.6997 Acc: 0.5298 F1: 0.5298 | Val Loss: 0.6884 Acc: 0.5416 F1: 0.5125 | Train Meta: metadata_norm_mean=4.1402 | Val Meta: metadata_norm_mean=4.1402
Epoch  13/50 | Train Loss: 0.6978 Acc: 0.5281 F1: 0.5280 | Val Loss: 0.7195 Acc: 0.5102 F1: 0.3513 | Train Meta: metadata_norm_mean=4.1402 | Val Meta: metadata_norm_mean=4.1402
Epoch  14/50 | Train Loss: 0.6952 Acc: 0.5349 F1: 0.5349 | Val Loss: 0.7005 Acc: 0.5110 F1: 0.3574 | Train Meta: metadata_norm_mean=4.1402 | Val Meta: metadata_norm_mean=4.1402
Epoch  15/50 | Train Loss: 0.6933 Acc: 0.5217 F1: 0.5217 | Val Loss: 0.6879 Acc: 0.5382 F1: 0.4984 | Train Meta: metadata_norm_mean=4.1402 | Val Meta: metadata_norm_mean=4.1402
Epoch  16/50 | Train Loss: 0.6897 Acc: 0.5406 F1: 0.5402 | Val Loss: 0.6982 Acc: 0.5178 F1: 0.3955 | Train Meta: metadata_norm_mean=4.1402 | Val Meta: metadata_norm_mean=4.1402
Epoch  17/50 | Train Loss: 0.6948 Acc: 0.5306 F1: 0.5304 | Val Loss: 0.7118 Acc: 0.4958 F1: 0.3458 | Train Meta: metadata_norm_mean=4.1402 | Val Meta: metadata_norm_mean=4.1402
Epoch  18/50 | Train Loss: 0.6926 Acc: 0.5323 F1: 0.5323 | Val Loss: 0.7002 Acc: 0.5255 F1: 0.4257 | Train Meta: metadata_norm_mean=4.1402 | Val Meta: metadata_norm_mean=4.1402
Epoch  19/50 | Train Loss: 0.6883 Acc: 0.5453 F1: 0.5450 | Val Loss: 0.6865 Acc: 0.5458 F1: 0.5458 | Train Meta: metadata_norm_mean=4.1402 | Val Meta: metadata_norm_mean=4.1402
Epoch  20/50 | Train Loss: 0.6902 Acc: 0.5391 F1: 0.5390 | Val Loss: 0.6897 Acc: 0.5306 F1: 0.4516 | Train Meta: metadata_norm_mean=4.1402 | Val Meta: metadata_norm_mean=4.1402
Epoch  21/50 | Train Loss: 0.6944 Acc: 0.5312 F1: 0.5312 | Val Loss: 0.6862 Acc: 0.5433 F1: 0.5329 | Train Meta: metadata_norm_mean=4.1402 | Val Meta: metadata_norm_mean=4.1402
Epoch  22/50 | Train Loss: 0.6897 Acc: 0.5400 F1: 0.5394 | Val Loss: 0.6995 Acc: 0.5221 F1: 0.4206 | Train Meta: metadata_norm_mean=4.1402 | Val Meta: metadata_norm_mean=4.1402
Epoch  23/50 | Train Loss: 0.6916 Acc: 0.5417 F1: 0.5416 | Val Loss: 0.7026 Acc: 0.5204 F1: 0.4092 | Train Meta: metadata_norm_mean=4.1402 | Val Meta: metadata_norm_mean=4.1402
Epoch  24/50 | Train Loss: 0.6927 Acc: 0.5312 F1: 0.5309 | Val Loss: 0.7081 Acc: 0.5119 F1: 0.3578 | Train Meta: metadata_norm_mean=4.1402 | Val Meta: metadata_norm_mean=4.1402
Epoch  25/50 | Train Loss: 0.6903 Acc: 0.5312 F1: 0.5311 | Val Loss: 0.6886 Acc: 0.5594 F1: 0.5424 | Train Meta: metadata_norm_mean=4.1402 | Val Meta: metadata_norm_mean=4.1402
Epoch  26/50 | Train Loss: 0.6892 Acc: 0.5347 F1: 0.5347 | Val Loss: 0.6871 Acc: 0.5543 F1: 0.5219 | Train Meta: metadata_norm_mean=4.1402 | Val Meta: metadata_norm_mean=4.1402
Epoch  27/50 | Train Loss: 0.6890 Acc: 0.5438 F1: 0.5436 | Val Loss: 0.6867 Acc: 0.5535 F1: 0.5193 | Train Meta: metadata_norm_mean=4.1402 | Val Meta: metadata_norm_mean=4.1402
Epoch  28/50 | Train Loss: 0.6920 Acc: 0.5315 F1: 0.5312 | Val Loss: 0.6929 Acc: 0.5390 F1: 0.4813 | Train Meta: metadata_norm_mean=4.1402 | Val Meta: metadata_norm_mean=4.1402
Epoch  29/50 | Train Loss: 0.6855 Acc: 0.5423 F1: 0.5423 | Val Loss: 0.7184 Acc: 0.4958 F1: 0.3458 | Train Meta: metadata_norm_mean=4.1402 | Val Meta: metadata_norm_mean=4.1402
Epoch  30/50 | Train Loss: 0.6921 Acc: 0.5374 F1: 0.5373 | Val Loss: 0.6850 Acc: 0.5450 F1: 0.5446 | Train Meta: metadata_norm_mean=4.1402 | Val Meta: metadata_norm_mean=4.1402
Epoch  31/50 | Train Loss: 0.6923 Acc: 0.5355 F1: 0.5352 | Val Loss: 0.6853 Acc: 0.5475 F1: 0.5328 | Train Meta: metadata_norm_mean=4.1402 | Val Meta: metadata_norm_mean=4.1402
Epoch  32/50 | Train Loss: 0.6885 Acc: 0.5434 F1: 0.5433 | Val Loss: 0.6876 Acc: 0.5424 F1: 0.4769 | Train Meta: metadata_norm_mean=4.1402 | Val Meta: metadata_norm_mean=4.1402
Epoch  33/50 | Train Loss: 0.6850 Acc: 0.5468 F1: 0.5467 | Val Loss: 0.6993 Acc: 0.5204 F1: 0.4124 | Train Meta: metadata_norm_mean=4.1402 | Val Meta: metadata_norm_mean=4.1402
Epoch  34/50 | Train Loss: 0.6875 Acc: 0.5446 F1: 0.5445 | Val Loss: 0.6853 Acc: 0.5492 F1: 0.5431 | Train Meta: metadata_norm_mean=4.1402 | Val Meta: metadata_norm_mean=4.1402
Epoch  35/50 | Train Loss: 0.6857 Acc: 0.5406 F1: 0.5404 | Val Loss: 0.6894 Acc: 0.5594 F1: 0.5421 | Train Meta: metadata_norm_mean=4.1402 | Val Meta: metadata_norm_mean=4.1402
Epoch  36/50 | Train Loss: 0.6846 Acc: 0.5619 F1: 0.5618 | Val Loss: 0.6883 Acc: 0.5433 F1: 0.4851 | Train Meta: metadata_norm_mean=4.1402 | Val Meta: metadata_norm_mean=4.1402
Epoch  37/50 | Train Loss: 0.6880 Acc: 0.5446 F1: 0.5446 | Val Loss: 0.6908 Acc: 0.5484 F1: 0.5041 | Train Meta: metadata_norm_mean=4.1402 | Val Meta: metadata_norm_mean=4.1402
Epoch  38/50 | Train Loss: 0.6876 Acc: 0.5423 F1: 0.5422 | Val Loss: 0.7155 Acc: 0.5051 F1: 0.3652 | Train Meta: metadata_norm_mean=4.1402 | Val Meta: metadata_norm_mean=4.1402
Epoch  39/50 | Train Loss: 0.6842 Acc: 0.5478 F1: 0.5478 | Val Loss: 0.6843 Acc: 0.5433 F1: 0.5333 | Train Meta: metadata_norm_mean=4.1402 | Val Meta: metadata_norm_mean=4.1402
Epoch  40/50 | Train Loss: 0.6861 Acc: 0.5483 F1: 0.5477 | Val Loss: 0.6874 Acc: 0.5501 F1: 0.5108 | Train Meta: metadata_norm_mean=4.1402 | Val Meta: metadata_norm_mean=4.1402
Epoch  41/50 | Train Loss: 0.6867 Acc: 0.5489 F1: 0.5489 | Val Loss: 0.6870 Acc: 0.5543 F1: 0.5254 | Train Meta: metadata_norm_mean=4.1402 | Val Meta: metadata_norm_mean=4.1402
Epoch  42/50 | Train Loss: 0.6854 Acc: 0.5500 F1: 0.5500 | Val Loss: 0.6907 Acc: 0.5620 F1: 0.5410 | Train Meta: metadata_norm_mean=4.1402 | Val Meta: metadata_norm_mean=4.1402
Epoch  43/50 | Train Loss: 0.6878 Acc: 0.5491 F1: 0.5487 | Val Loss: 0.6852 Acc: 0.5458 F1: 0.5451 | Train Meta: metadata_norm_mean=4.1402 | Val Meta: metadata_norm_mean=4.1402
Epoch  44/50 | Train Loss: 0.6824 Acc: 0.5578 F1: 0.5578 | Val Loss: 0.6850 Acc: 0.5458 F1: 0.5311 | Train Meta: metadata_norm_mean=4.1402 | Val Meta: metadata_norm_mean=4.1402
Epoch  45/50 | Train Loss: 0.6874 Acc: 0.5421 F1: 0.5421 | Val Loss: 0.7058 Acc: 0.5255 F1: 0.4217 | Train Meta: metadata_norm_mean=4.1402 | Val Meta: metadata_norm_mean=4.1402
Epoch  46/50 | Train Loss: 0.6849 Acc: 0.5540 F1: 0.5536 | Val Loss: 0.6886 Acc: 0.5484 F1: 0.4928 | Train Meta: metadata_norm_mean=4.1402 | Val Meta: metadata_norm_mean=4.1402
Epoch  47/50 | Train Loss: 0.6850 Acc: 0.5542 F1: 0.5541 | Val Loss: 0.6879 Acc: 0.5416 F1: 0.5075 | Train Meta: metadata_norm_mean=4.1402 | Val Meta: metadata_norm_mean=4.1402
Epoch  48/50 | Train Loss: 0.6844 Acc: 0.5523 F1: 0.5523 | Val Loss: 0.6846 Acc: 0.5484 F1: 0.5278 | Train Meta: metadata_norm_mean=4.1402 | Val Meta: metadata_norm_mean=4.1402
Epoch  49/50 | Train Loss: 0.6838 Acc: 0.5565 F1: 0.5565 | Val Loss: 0.6846 Acc: 0.5518 F1: 0.5513 | Train Meta: metadata_norm_mean=4.1402 | Val Meta: metadata_norm_mean=4.1402
Epoch  50/50 | Train Loss: 0.6852 Acc: 0.5629 F1: 0.5628 | Val Loss: 0.6878 Acc: 0.5560 F1: 0.5353 | Train Meta: metadata_norm_mean=4.1402 | Val Meta: metadata_norm_mean=4.1402

Random Encoder Classification Result (FaceDetection)
Accuracy : 0.558173
F1 (macro): 0.550947
Text metadata preview | dataset=Handwriting | domain=UEA | channels=3
   - channel_1: In the UEA domain, this channel belongs to the Handwriting dataset and represents the feature channel 1.
   - channel_2: In the UEA domain, this channel belongs to the Handwriting dataset and represents the feature channel 2.
   - ... (1 more channel descriptions)
Stats metadata preview | dataset=Handwriting | domain=UEA | channels=3
   - channel_1: Channel statistics over the training split: mean value is 0.000, standard deviation is 1.000, minimum value is -5.822, maximum value is 9.137, median value is 0.003, and mean absolute value is 0.538.
/data/pjh_workspace/ts-env/lib/python3.8/site-packages/torch/nn/modules/transformer.py:307: UserWarning: enable_nested_tensor is True, but self.use_nested_tensor is False because encoder_layer.norm_first was True
  warnings.warn(f"enable_nested_tensor is True, but self.use_nested_tensor is False because {why_not_sparsity_fast_path}")
==================================================
🚀 Architecture: LAYA Random Encoder
📊 Target Dataset: Handwriting (Channels: 3)
📊 Classes: 26 | Sequence Length: 152
==================================================
✅ Encoder is RANDOMLY initialized and FROZEN (Linear Probing mode).
Epoch   1/50 | Train Loss: 3.2185 Acc: 0.0357 F1: 0.0062 | Val Loss: 3.5918 Acc: 0.1000 F1: 0.0104 | Train Meta: metadata_norm_mean=4.0415 | Val Meta: metadata_norm_mean=4.0415
Epoch   2/50 | Train Loss: 2.9813 Acc: 0.0804 F1: 0.0150 | Val Loss: 3.5865 Acc: 0.0000 F1: 0.0000 | Train Meta: metadata_norm_mean=4.0415 | Val Meta: metadata_norm_mean=4.0415
Epoch   3/50 | Train Loss: 2.9933 Acc: 0.0625 F1: 0.0045 | Val Loss: 3.5418 Acc: 0.0000 F1: 0.0000 | Train Meta: metadata_norm_mean=4.0415 | Val Meta: metadata_norm_mean=4.0415
Epoch   4/50 | Train Loss: 2.9359 Acc: 0.0714 F1: 0.0163 | Val Loss: 3.4098 Acc: 0.0333 F1: 0.0069 | Train Meta: metadata_norm_mean=4.0415 | Val Meta: metadata_norm_mean=4.0415
Epoch   5/50 | Train Loss: 2.9137 Acc: 0.1161 F1: 0.0283 | Val Loss: 3.3715 Acc: 0.0333 F1: 0.0117 | Train Meta: metadata_norm_mean=4.0415 | Val Meta: metadata_norm_mean=4.0415
Epoch   6/50 | Train Loss: 2.8913 Acc: 0.0804 F1: 0.0336 | Val Loss: 3.3800 Acc: 0.0333 F1: 0.0036 | Train Meta: metadata_norm_mean=4.0415 | Val Meta: metadata_norm_mean=4.0415
Epoch   7/50 | Train Loss: 2.8575 Acc: 0.1071 F1: 0.0379 | Val Loss: 3.3556 Acc: 0.0667 F1: 0.0202 | Train Meta: metadata_norm_mean=4.0415 | Val Meta: metadata_norm_mean=4.0415
Epoch   8/50 | Train Loss: 2.8188 Acc: 0.1518 F1: 0.0649 | Val Loss: 3.4102 Acc: 0.0333 F1: 0.0040 | Train Meta: metadata_norm_mean=4.0415 | Val Meta: metadata_norm_mean=4.0415
Epoch   9/50 | Train Loss: 2.8288 Acc: 0.1161 F1: 0.0455 | Val Loss: 3.4050 Acc: 0.0333 F1: 0.0077 | Train Meta: metadata_norm_mean=4.0415 | Val Meta: metadata_norm_mean=4.0415
Epoch  10/50 | Train Loss: 2.7845 Acc: 0.1696 F1: 0.0527 | Val Loss: 3.4174 Acc: 0.0000 F1: 0.0000 | Train Meta: metadata_norm_mean=4.0415 | Val Meta: metadata_norm_mean=4.0415
Epoch  11/50 | Train Loss: 2.8051 Acc: 0.1518 F1: 0.0592 | Val Loss: 3.4017 Acc: 0.0333 F1: 0.0105 | Train Meta: metadata_norm_mean=4.0415 | Val Meta: metadata_norm_mean=4.0415
Epoch  12/50 | Train Loss: 2.7735 Acc: 0.1696 F1: 0.0583 | Val Loss: 3.3943 Acc: 0.0333 F1: 0.0077 | Train Meta: metadata_norm_mean=4.0415 | Val Meta: metadata_norm_mean=4.0415
Epoch  13/50 | Train Loss: 2.7649 Acc: 0.1429 F1: 0.0406 | Val Loss: 3.3630 Acc: 0.0333 F1: 0.0091 | Train Meta: metadata_norm_mean=4.0415 | Val Meta: metadata_norm_mean=4.0415
Epoch  14/50 | Train Loss: 2.7219 Acc: 0.1964 F1: 0.0712 | Val Loss: 3.3504 Acc: 0.0333 F1: 0.0117 | Train Meta: metadata_norm_mean=4.0415 | Val Meta: metadata_norm_mean=4.0415
Epoch  15/50 | Train Loss: 2.7232 Acc: 0.1250 F1: 0.0428 | Val Loss: 3.3646 Acc: 0.0333 F1: 0.0045 | Train Meta: metadata_norm_mean=4.0415 | Val Meta: metadata_norm_mean=4.0415
Epoch  16/50 | Train Loss: 2.7032 Acc: 0.1518 F1: 0.0669 | Val Loss: 3.4111 Acc: 0.0333 F1: 0.0077 | Train Meta: metadata_norm_mean=4.0415 | Val Meta: metadata_norm_mean=4.0415
Epoch  17/50 | Train Loss: 2.6876 Acc: 0.1786 F1: 0.0581 | Val Loss: 3.4195 Acc: 0.0333 F1: 0.0079 | Train Meta: metadata_norm_mean=4.0415 | Val Meta: metadata_norm_mean=4.0415
Epoch  18/50 | Train Loss: 2.6724 Acc: 0.2054 F1: 0.0910 | Val Loss: 3.4431 Acc: 0.0333 F1: 0.0095 | Train Meta: metadata_norm_mean=4.0415 | Val Meta: metadata_norm_mean=4.0415
Epoch  19/50 | Train Loss: 2.6756 Acc: 0.1518 F1: 0.0450 | Val Loss: 3.3393 Acc: 0.0333 F1: 0.0053 | Train Meta: metadata_norm_mean=4.0415 | Val Meta: metadata_norm_mean=4.0415
Epoch  20/50 | Train Loss: 2.6652 Acc: 0.1786 F1: 0.0888 | Val Loss: 3.3131 Acc: 0.0333 F1: 0.0050 | Train Meta: metadata_norm_mean=4.0415 | Val Meta: metadata_norm_mean=4.0415
Epoch  21/50 | Train Loss: 2.6460 Acc: 0.1518 F1: 0.0646 | Val Loss: 3.3717 Acc: 0.1000 F1: 0.0338 | Train Meta: metadata_norm_mean=4.0415 | Val Meta: metadata_norm_mean=4.0415
Epoch  22/50 | Train Loss: 2.6053 Acc: 0.2054 F1: 0.1059 | Val Loss: 3.4124 Acc: 0.0333 F1: 0.0068 | Train Meta: metadata_norm_mean=4.0415 | Val Meta: metadata_norm_mean=4.0415
Epoch  23/50 | Train Loss: 2.6352 Acc: 0.1964 F1: 0.0898 | Val Loss: 3.3808 Acc: 0.0333 F1: 0.0109 | Train Meta: metadata_norm_mean=4.0415 | Val Meta: metadata_norm_mean=4.0415
Epoch  24/50 | Train Loss: 2.6130 Acc: 0.1607 F1: 0.0550 | Val Loss: 3.3279 Acc: 0.0333 F1: 0.0067 | Train Meta: metadata_norm_mean=4.0415 | Val Meta: metadata_norm_mean=4.0415
Epoch  25/50 | Train Loss: 2.5978 Acc: 0.2054 F1: 0.0950 | Val Loss: 3.4019 Acc: 0.0333 F1: 0.0053 | Train Meta: metadata_norm_mean=4.0415 | Val Meta: metadata_norm_mean=4.0415
Epoch  26/50 | Train Loss: 2.5747 Acc: 0.1964 F1: 0.0855 | Val Loss: 3.4581 Acc: 0.0667 F1: 0.0209 | Train Meta: metadata_norm_mean=4.0415 | Val Meta: metadata_norm_mean=4.0415
Epoch  27/50 | Train Loss: 2.5668 Acc: 0.2143 F1: 0.1126 | Val Loss: 3.4321 Acc: 0.0667 F1: 0.0216 | Train Meta: metadata_norm_mean=4.0415 | Val Meta: metadata_norm_mean=4.0415
Epoch  28/50 | Train Loss: 2.5567 Acc: 0.2500 F1: 0.1478 | Val Loss: 3.4134 Acc: 0.0667 F1: 0.0537 | Train Meta: metadata_norm_mean=4.0415 | Val Meta: metadata_norm_mean=4.0415
Epoch  29/50 | Train Loss: 2.5649 Acc: 0.1786 F1: 0.0961 | Val Loss: 3.3541 Acc: 0.1000 F1: 0.0588 | Train Meta: metadata_norm_mean=4.0415 | Val Meta: metadata_norm_mean=4.0415
Epoch  30/50 | Train Loss: 2.5853 Acc: 0.1964 F1: 0.1008 | Val Loss: 3.3861 Acc: 0.0667 F1: 0.0186 | Train Meta: metadata_norm_mean=4.0415 | Val Meta: metadata_norm_mean=4.0415
Epoch  31/50 | Train Loss: 2.5194 Acc: 0.2232 F1: 0.1048 | Val Loss: 3.3789 Acc: 0.0667 F1: 0.0556 | Train Meta: metadata_norm_mean=4.0415 | Val Meta: metadata_norm_mean=4.0415
Epoch  32/50 | Train Loss: 2.5233 Acc: 0.2411 F1: 0.1135 | Val Loss: 3.3801 Acc: 0.0667 F1: 0.0214 | Train Meta: metadata_norm_mean=4.0415 | Val Meta: metadata_norm_mean=4.0415
Epoch  33/50 | Train Loss: 2.5272 Acc: 0.2143 F1: 0.1205 | Val Loss: 3.3791 Acc: 0.0667 F1: 0.0556 | Train Meta: metadata_norm_mean=4.0415 | Val Meta: metadata_norm_mean=4.0415
Epoch  34/50 | Train Loss: 2.5019 Acc: 0.2143 F1: 0.0993 | Val Loss: 3.4120 Acc: 0.0333 F1: 0.0087 | Train Meta: metadata_norm_mean=4.0415 | Val Meta: metadata_norm_mean=4.0415
Epoch  35/50 | Train Loss: 2.4974 Acc: 0.2321 F1: 0.1075 | Val Loss: 3.4094 Acc: 0.0667 F1: 0.0223 | Train Meta: metadata_norm_mean=4.0415 | Val Meta: metadata_norm_mean=4.0415
Epoch  36/50 | Train Loss: 2.4917 Acc: 0.1875 F1: 0.0933 | Val Loss: 3.4276 Acc: 0.0333 F1: 0.0125 | Train Meta: metadata_norm_mean=4.0415 | Val Meta: metadata_norm_mean=4.0415
Epoch  37/50 | Train Loss: 2.5047 Acc: 0.1875 F1: 0.0800 | Val Loss: 3.4029 Acc: 0.0333 F1: 0.0071 | Train Meta: metadata_norm_mean=4.0415 | Val Meta: metadata_norm_mean=4.0415
Epoch  38/50 | Train Loss: 2.4428 Acc: 0.2232 F1: 0.1185 | Val Loss: 3.4349 Acc: 0.1000 F1: 0.0753 | Train Meta: metadata_norm_mean=4.0415 | Val Meta: metadata_norm_mean=4.0415
Epoch  39/50 | Train Loss: 2.4627 Acc: 0.2679 F1: 0.1319 | Val Loss: 3.4224 Acc: 0.0667 F1: 0.0582 | Train Meta: metadata_norm_mean=4.0415 | Val Meta: metadata_norm_mean=4.0415
Epoch  40/50 | Train Loss: 2.4527 Acc: 0.2321 F1: 0.1080 | Val Loss: 3.4415 Acc: 0.0333 F1: 0.0065 | Train Meta: metadata_norm_mean=4.0415 | Val Meta: metadata_norm_mean=4.0415
Epoch  41/50 | Train Loss: 2.4259 Acc: 0.2411 F1: 0.1186 | Val Loss: 3.4054 Acc: 0.0667 F1: 0.0404 | Train Meta: metadata_norm_mean=4.0415 | Val Meta: metadata_norm_mean=4.0415
Epoch  42/50 | Train Loss: 2.4303 Acc: 0.2768 F1: 0.1611 | Val Loss: 3.4425 Acc: 0.0333 F1: 0.0097 | Train Meta: metadata_norm_mean=4.0415 | Val Meta: metadata_norm_mean=4.0415
Epoch  43/50 | Train Loss: 2.4418 Acc: 0.2857 F1: 0.1631 | Val Loss: 3.4781 Acc: 0.0667 F1: 0.0221 | Train Meta: metadata_norm_mean=4.0415 | Val Meta: metadata_norm_mean=4.0415
Epoch  44/50 | Train Loss: 2.4267 Acc: 0.2589 F1: 0.1683 | Val Loss: 3.5240 Acc: 0.1000 F1: 0.0735 | Train Meta: metadata_norm_mean=4.0415 | Val Meta: metadata_norm_mean=4.0415
Epoch  45/50 | Train Loss: 2.4261 Acc: 0.2679 F1: 0.1783 | Val Loss: 3.4146 Acc: 0.1333 F1: 0.0761 | Train Meta: metadata_norm_mean=4.0415 | Val Meta: metadata_norm_mean=4.0415
Epoch  46/50 | Train Loss: 2.4333 Acc: 0.2589 F1: 0.1698 | Val Loss: 3.4289 Acc: 0.0333 F1: 0.0077 | Train Meta: metadata_norm_mean=4.0415 | Val Meta: metadata_norm_mean=4.0415
Epoch  47/50 | Train Loss: 2.4005 Acc: 0.2500 F1: 0.1380 | Val Loss: 3.4281 Acc: 0.0667 F1: 0.0549 | Train Meta: metadata_norm_mean=4.0415 | Val Meta: metadata_norm_mean=4.0415
Epoch  48/50 | Train Loss: 2.3584 Acc: 0.2946 F1: 0.1704 | Val Loss: 3.5241 Acc: 0.1000 F1: 0.0701 | Train Meta: metadata_norm_mean=4.0415 | Val Meta: metadata_norm_mean=4.0415
Epoch  49/50 | Train Loss: 2.3877 Acc: 0.2768 F1: 0.1572 | Val Loss: 3.5670 Acc: 0.0333 F1: 0.0091 | Train Meta: metadata_norm_mean=4.0415 | Val Meta: metadata_norm_mean=4.0415
Epoch  50/50 | Train Loss: 2.3961 Acc: 0.2500 F1: 0.1563 | Val Loss: 3.4860 Acc: 0.0333 F1: 0.0087 | Train Meta: metadata_norm_mean=4.0415 | Val Meta: metadata_norm_mean=4.0415

Random Encoder Classification Result (Handwriting)
Accuracy : 0.055294
F1 (macro): 0.026549
Text metadata preview | dataset=Heartbeat | domain=UEA | channels=61
   - channel_1: In the UEA domain, this channel belongs to the Heartbeat dataset and represents the feature channel 1.
   - channel_2: In the UEA domain, this channel belongs to the Heartbeat dataset and represents the feature channel 2.
   - ... (59 more channel descriptions)
Stats metadata preview | dataset=Heartbeat | domain=UEA | channels=61
   - channel_1: Channel statistics over the training split: mean value is -0.000, standard deviation is 1.000, minimum value is -0.301, maximum value is 45.156, median value is -0.151, and mean absolute value is 0.270.
/data/pjh_workspace/ts-env/lib/python3.8/site-packages/torch/nn/modules/transformer.py:307: UserWarning: enable_nested_tensor is True, but self.use_nested_tensor is False because encoder_layer.norm_first was True
  warnings.warn(f"enable_nested_tensor is True, but self.use_nested_tensor is False because {why_not_sparsity_fast_path}")
==================================================
🚀 Architecture: LAYA Random Encoder
📊 Target Dataset: Heartbeat (Channels: 61)
📊 Classes: 2 | Sequence Length: 405
==================================================
✅ Encoder is RANDOMLY initialized and FROZEN (Linear Probing mode).
Epoch   1/50 | Train Loss: 0.6518 Acc: 0.6750 F1: 0.4667 | Val Loss: 0.9274 Acc: 0.6000 F1: 0.3750 | Train Meta: metadata_norm_mean=4.1566 | Val Meta: metadata_norm_mean=4.1566
Epoch   2/50 | Train Loss: 0.5932 Acc: 0.7375 F1: 0.4245 | Val Loss: 0.6777 Acc: 0.6000 F1: 0.3750 | Train Meta: metadata_norm_mean=4.1566 | Val Meta: metadata_norm_mean=4.1566
Epoch   3/50 | Train Loss: 0.5793 Acc: 0.7500 F1: 0.4286 | Val Loss: 0.7743 Acc: 0.6000 F1: 0.3750 | Train Meta: metadata_norm_mean=4.1566 | Val Meta: metadata_norm_mean=4.1566
Epoch   4/50 | Train Loss: 0.5596 Acc: 0.7438 F1: 0.4265 | Val Loss: 0.6823 Acc: 0.6000 F1: 0.3750 | Train Meta: metadata_norm_mean=4.1566 | Val Meta: metadata_norm_mean=4.1566
Epoch   5/50 | Train Loss: 0.5653 Acc: 0.7438 F1: 0.4265 | Val Loss: 0.6825 Acc: 0.6000 F1: 0.3750 | Train Meta: metadata_norm_mean=4.1566 | Val Meta: metadata_norm_mean=4.1566
Epoch   6/50 | Train Loss: 0.5527 Acc: 0.7500 F1: 0.4286 | Val Loss: 0.7054 Acc: 0.6000 F1: 0.3750 | Train Meta: metadata_norm_mean=4.1566 | Val Meta: metadata_norm_mean=4.1566
Epoch   7/50 | Train Loss: 0.5459 Acc: 0.7438 F1: 0.4265 | Val Loss: 0.6767 Acc: 0.6000 F1: 0.3750 | Train Meta: metadata_norm_mean=4.1566 | Val Meta: metadata_norm_mean=4.1566
Epoch   8/50 | Train Loss: 0.5423 Acc: 0.7500 F1: 0.4286 | Val Loss: 0.7094 Acc: 0.6000 F1: 0.3750 | Train Meta: metadata_norm_mean=4.1566 | Val Meta: metadata_norm_mean=4.1566
Epoch   9/50 | Train Loss: 0.5559 Acc: 0.7438 F1: 0.4265 | Val Loss: 0.7116 Acc: 0.6000 F1: 0.3750 | Train Meta: metadata_norm_mean=4.1566 | Val Meta: metadata_norm_mean=4.1566
Epoch  10/50 | Train Loss: 0.5290 Acc: 0.7500 F1: 0.4286 | Val Loss: 0.6689 Acc: 0.6000 F1: 0.3750 | Train Meta: metadata_norm_mean=4.1566 | Val Meta: metadata_norm_mean=4.1566
Epoch  11/50 | Train Loss: 0.5395 Acc: 0.7312 F1: 0.4224 | Val Loss: 0.6800 Acc: 0.6000 F1: 0.3750 | Train Meta: metadata_norm_mean=4.1566 | Val Meta: metadata_norm_mean=4.1566
Epoch  12/50 | Train Loss: 0.5372 Acc: 0.7500 F1: 0.4519 | Val Loss: 0.6689 Acc: 0.6000 F1: 0.3750 | Train Meta: metadata_norm_mean=4.1566 | Val Meta: metadata_norm_mean=4.1566
Epoch  13/50 | Train Loss: 0.5399 Acc: 0.7375 F1: 0.4245 | Val Loss: 0.6916 Acc: 0.6000 F1: 0.3750 | Train Meta: metadata_norm_mean=4.1566 | Val Meta: metadata_norm_mean=4.1566
Epoch  14/50 | Train Loss: 0.5411 Acc: 0.7312 F1: 0.4224 | Val Loss: 0.7042 Acc: 0.6000 F1: 0.3750 | Train Meta: metadata_norm_mean=4.1566 | Val Meta: metadata_norm_mean=4.1566
Epoch  15/50 | Train Loss: 0.5352 Acc: 0.7500 F1: 0.4286 | Val Loss: 0.6868 Acc: 0.6000 F1: 0.3750 | Train Meta: metadata_norm_mean=4.1566 | Val Meta: metadata_norm_mean=4.1566
Epoch  16/50 | Train Loss: 0.5259 Acc: 0.7562 F1: 0.4958 | Val Loss: 0.6501 Acc: 0.6000 F1: 0.3750 | Train Meta: metadata_norm_mean=4.1566 | Val Meta: metadata_norm_mean=4.1566
Epoch  17/50 | Train Loss: 0.5346 Acc: 0.7375 F1: 0.4245 | Val Loss: 0.6779 Acc: 0.6000 F1: 0.3750 | Train Meta: metadata_norm_mean=4.1566 | Val Meta: metadata_norm_mean=4.1566
Epoch  18/50 | Train Loss: 0.5232 Acc: 0.7562 F1: 0.4958 | Val Loss: 0.6438 Acc: 0.6250 F1: 0.4398 | Train Meta: metadata_norm_mean=4.1566 | Val Meta: metadata_norm_mean=4.1566
Epoch  19/50 | Train Loss: 0.5232 Acc: 0.7438 F1: 0.4492 | Val Loss: 0.6806 Acc: 0.6000 F1: 0.3750 | Train Meta: metadata_norm_mean=4.1566 | Val Meta: metadata_norm_mean=4.1566
Epoch  20/50 | Train Loss: 0.5285 Acc: 0.7375 F1: 0.4466 | Val Loss: 0.6645 Acc: 0.6000 F1: 0.3750 | Train Meta: metadata_norm_mean=4.1566 | Val Meta: metadata_norm_mean=4.1566
Epoch  21/50 | Train Loss: 0.5271 Acc: 0.7500 F1: 0.4519 | Val Loss: 0.6363 Acc: 0.6000 F1: 0.3750 | Train Meta: metadata_norm_mean=4.1566 | Val Meta: metadata_norm_mean=4.1566
Epoch  22/50 | Train Loss: 0.5282 Acc: 0.7375 F1: 0.4466 | Val Loss: 0.6637 Acc: 0.6000 F1: 0.3750 | Train Meta: metadata_norm_mean=4.1566 | Val Meta: metadata_norm_mean=4.1566
Epoch  23/50 | Train Loss: 0.5379 Acc: 0.7312 F1: 0.4440 | Val Loss: 0.6953 Acc: 0.6000 F1: 0.3750 | Train Meta: metadata_norm_mean=4.1566 | Val Meta: metadata_norm_mean=4.1566
Epoch  24/50 | Train Loss: 0.5165 Acc: 0.7500 F1: 0.4730 | Val Loss: 0.6724 Acc: 0.6000 F1: 0.3750 | Train Meta: metadata_norm_mean=4.1566 | Val Meta: metadata_norm_mean=4.1566
Epoch  25/50 | Train Loss: 0.5138 Acc: 0.7562 F1: 0.4761 | Val Loss: 0.6835 Acc: 0.6000 F1: 0.3750 | Train Meta: metadata_norm_mean=4.1566 | Val Meta: metadata_norm_mean=4.1566
Epoch  26/50 | Train Loss: 0.5344 Acc: 0.7312 F1: 0.4224 | Val Loss: 0.6735 Acc: 0.6000 F1: 0.3750 | Train Meta: metadata_norm_mean=4.1566 | Val Meta: metadata_norm_mean=4.1566
Epoch  27/50 | Train Loss: 0.5387 Acc: 0.7312 F1: 0.5280 | Val Loss: 0.6557 Acc: 0.6000 F1: 0.3750 | Train Meta: metadata_norm_mean=4.1566 | Val Meta: metadata_norm_mean=4.1566
Epoch  28/50 | Train Loss: 0.5288 Acc: 0.7500 F1: 0.4519 | Val Loss: 0.6792 Acc: 0.6000 F1: 0.3750 | Train Meta: metadata_norm_mean=4.1566 | Val Meta: metadata_norm_mean=4.1566
Epoch  29/50 | Train Loss: 0.5673 Acc: 0.7000 F1: 0.4946 | Val Loss: 0.6838 Acc: 0.6000 F1: 0.3750 | Train Meta: metadata_norm_mean=4.1566 | Val Meta: metadata_norm_mean=4.1566
Epoch  30/50 | Train Loss: 0.5760 Acc: 0.7438 F1: 0.4265 | Val Loss: 0.6714 Acc: 0.6000 F1: 0.3750 | Train Meta: metadata_norm_mean=4.1566 | Val Meta: metadata_norm_mean=4.1566
Epoch  31/50 | Train Loss: 0.5223 Acc: 0.7438 F1: 0.5218 | Val Loss: 0.6254 Acc: 0.6500 F1: 0.4982 | Train Meta: metadata_norm_mean=4.1566 | Val Meta: metadata_norm_mean=4.1566
Epoch  32/50 | Train Loss: 0.5240 Acc: 0.7625 F1: 0.5176 | Val Loss: 0.6603 Acc: 0.6000 F1: 0.3750 | Train Meta: metadata_norm_mean=4.1566 | Val Meta: metadata_norm_mean=4.1566
Epoch  33/50 | Train Loss: 0.5191 Acc: 0.7500 F1: 0.5098 | Val Loss: 0.6976 Acc: 0.6000 F1: 0.3750 | Train Meta: metadata_norm_mean=4.1566 | Val Meta: metadata_norm_mean=4.1566
Epoch  34/50 | Train Loss: 0.5355 Acc: 0.7438 F1: 0.4699 | Val Loss: 0.6399 Acc: 0.6250 F1: 0.4398 | Train Meta: metadata_norm_mean=4.1566 | Val Meta: metadata_norm_mean=4.1566
Epoch  35/50 | Train Loss: 0.5134 Acc: 0.7500 F1: 0.5098 | Val Loss: 0.6663 Acc: 0.6000 F1: 0.3750 | Train Meta: metadata_norm_mean=4.1566 | Val Meta: metadata_norm_mean=4.1566
Epoch  36/50 | Train Loss: 0.5176 Acc: 0.7562 F1: 0.4958 | Val Loss: 0.6752 Acc: 0.6000 F1: 0.3750 | Train Meta: metadata_norm_mean=4.1566 | Val Meta: metadata_norm_mean=4.1566
Epoch  37/50 | Train Loss: 0.5240 Acc: 0.7500 F1: 0.4730 | Val Loss: 0.6341 Acc: 0.6250 F1: 0.4398 | Train Meta: metadata_norm_mean=4.1566 | Val Meta: metadata_norm_mean=4.1566
Epoch  38/50 | Train Loss: 0.5180 Acc: 0.7562 F1: 0.5137 | Val Loss: 0.6507 Acc: 0.6000 F1: 0.3750 | Train Meta: metadata_norm_mean=4.1566 | Val Meta: metadata_norm_mean=4.1566
Epoch  39/50 | Train Loss: 0.5236 Acc: 0.7500 F1: 0.4922 | Val Loss: 0.6445 Acc: 0.6000 F1: 0.3750 | Train Meta: metadata_norm_mean=4.1566 | Val Meta: metadata_norm_mean=4.1566
Epoch  40/50 | Train Loss: 0.5261 Acc: 0.7500 F1: 0.5259 | Val Loss: 0.7267 Acc: 0.6000 F1: 0.3750 | Train Meta: metadata_norm_mean=4.1566 | Val Meta: metadata_norm_mean=4.1566
Epoch  41/50 | Train Loss: 0.5395 Acc: 0.7375 F1: 0.4245 | Val Loss: 0.6467 Acc: 0.6000 F1: 0.3750 | Train Meta: metadata_norm_mean=4.1566 | Val Meta: metadata_norm_mean=4.1566
Epoch  42/50 | Train Loss: 0.5344 Acc: 0.7438 F1: 0.5499 | Val Loss: 0.6913 Acc: 0.6000 F1: 0.3750 | Train Meta: metadata_norm_mean=4.1566 | Val Meta: metadata_norm_mean=4.1566
Epoch  43/50 | Train Loss: 0.5299 Acc: 0.7562 F1: 0.4545 | Val Loss: 0.6453 Acc: 0.6000 F1: 0.3750 | Train Meta: metadata_norm_mean=4.1566 | Val Meta: metadata_norm_mean=4.1566
Epoch  44/50 | Train Loss: 0.5225 Acc: 0.7500 F1: 0.5098 | Val Loss: 0.6630 Acc: 0.6000 F1: 0.3750 | Train Meta: metadata_norm_mean=4.1566 | Val Meta: metadata_norm_mean=4.1566
Epoch  45/50 | Train Loss: 0.5218 Acc: 0.7375 F1: 0.5178 | Val Loss: 0.6397 Acc: 0.6000 F1: 0.3750 | Train Meta: metadata_norm_mean=4.1566 | Val Meta: metadata_norm_mean=4.1566
Epoch  46/50 | Train Loss: 0.5090 Acc: 0.7500 F1: 0.5098 | Val Loss: 0.6931 Acc: 0.6000 F1: 0.3750 | Train Meta: metadata_norm_mean=4.1566 | Val Meta: metadata_norm_mean=4.1566
Epoch  47/50 | Train Loss: 0.5222 Acc: 0.7500 F1: 0.4519 | Val Loss: 0.6395 Acc: 0.6000 F1: 0.3750 | Train Meta: metadata_norm_mean=4.1566 | Val Meta: metadata_norm_mean=4.1566
Epoch  48/50 | Train Loss: 0.5290 Acc: 0.7375 F1: 0.5322 | Val Loss: 0.6569 Acc: 0.6000 F1: 0.3750 | Train Meta: metadata_norm_mean=4.1566 | Val Meta: metadata_norm_mean=4.1566
Epoch  49/50 | Train Loss: 0.5152 Acc: 0.7625 F1: 0.4793 | Val Loss: 0.6324 Acc: 0.6250 F1: 0.4398 | Train Meta: metadata_norm_mean=4.1566 | Val Meta: metadata_norm_mean=4.1566
Epoch  50/50 | Train Loss: 0.5164 Acc: 0.7625 F1: 0.5343 | Val Loss: 0.7251 Acc: 0.6000 F1: 0.3750 | Train Meta: metadata_norm_mean=4.1566 | Val Meta: metadata_norm_mean=4.1566

Random Encoder Classification Result (Heartbeat)
Accuracy : 0.736585
F1 (macro): 0.512421
Text metadata preview | dataset=JapaneseVowels | domain=UEA | channels=12
   - channel_1: In the UEA domain, this channel belongs to the JapaneseVowels dataset and represents the feature channel 1.
   - channel_2: In the UEA domain, this channel belongs to the JapaneseVowels dataset and represents the feature channel 2.
   - ... (10 more channel descriptions)
Stats metadata preview | dataset=JapaneseVowels | domain=UEA | channels=12
   - channel_1: Channel statistics over the training split: mean value is -0.000, standard deviation is 1.000, minimum value is -2.290, maximum value is 2.841, median value is -0.298, and mean absolute value is 0.896.
/data/pjh_workspace/ts-env/lib/python3.8/site-packages/torch/nn/modules/transformer.py:307: UserWarning: enable_nested_tensor is True, but self.use_nested_tensor is False because encoder_layer.norm_first was True
  warnings.warn(f"enable_nested_tensor is True, but self.use_nested_tensor is False because {why_not_sparsity_fast_path}")
==================================================
🚀 Architecture: LAYA Random Encoder
📊 Target Dataset: JapaneseVowels (Channels: 12)
📊 Classes: 9 | Sequence Length: 26
==================================================
✅ Encoder is RANDOMLY initialized and FROZEN (Linear Probing mode).
Epoch   1/50 | Train Loss: 2.1730 Acc: 0.1250 F1: 0.0978 | Val Loss: 2.2418 Acc: 0.1667 F1: 0.0790 | Train Meta: metadata_norm_mean=4.0462 | Val Meta: metadata_norm_mean=4.0462
Epoch   2/50 | Train Loss: 2.1075 Acc: 0.1298 F1: 0.0887 | Val Loss: 2.1552 Acc: 0.1852 F1: 0.0701 | Train Meta: metadata_norm_mean=4.0462 | Val Meta: metadata_norm_mean=4.0462
Epoch   3/50 | Train Loss: 2.0568 Acc: 0.2356 F1: 0.1183 | Val Loss: 2.1023 Acc: 0.1852 F1: 0.1224 | Train Meta: metadata_norm_mean=4.0462 | Val Meta: metadata_norm_mean=4.0462
Epoch   4/50 | Train Loss: 2.0226 Acc: 0.2115 F1: 0.1526 | Val Loss: 2.1329 Acc: 0.2778 F1: 0.1641 | Train Meta: metadata_norm_mean=4.0462 | Val Meta: metadata_norm_mean=4.0462
Epoch   5/50 | Train Loss: 1.9889 Acc: 0.2596 F1: 0.1830 | Val Loss: 2.0542 Acc: 0.2037 F1: 0.1444 | Train Meta: metadata_norm_mean=4.0462 | Val Meta: metadata_norm_mean=4.0462
Epoch   6/50 | Train Loss: 1.9557 Acc: 0.2981 F1: 0.2317 | Val Loss: 2.0265 Acc: 0.2593 F1: 0.1597 | Train Meta: metadata_norm_mean=4.0462 | Val Meta: metadata_norm_mean=4.0462
Epoch   7/50 | Train Loss: 1.9308 Acc: 0.2404 F1: 0.1482 | Val Loss: 1.9935 Acc: 0.2222 F1: 0.1663 | Train Meta: metadata_norm_mean=4.0462 | Val Meta: metadata_norm_mean=4.0462
Epoch   8/50 | Train Loss: 1.9218 Acc: 0.2933 F1: 0.2273 | Val Loss: 1.9809 Acc: 0.3889 F1: 0.3106 | Train Meta: metadata_norm_mean=4.0462 | Val Meta: metadata_norm_mean=4.0462
Epoch   9/50 | Train Loss: 1.8759 Acc: 0.2981 F1: 0.2277 | Val Loss: 1.9570 Acc: 0.2222 F1: 0.1690 | Train Meta: metadata_norm_mean=4.0462 | Val Meta: metadata_norm_mean=4.0462
Epoch  10/50 | Train Loss: 1.8577 Acc: 0.2981 F1: 0.2399 | Val Loss: 1.9607 Acc: 0.2778 F1: 0.1902 | Train Meta: metadata_norm_mean=4.0462 | Val Meta: metadata_norm_mean=4.0462
Epoch  11/50 | Train Loss: 1.8485 Acc: 0.2596 F1: 0.1619 | Val Loss: 1.8897 Acc: 0.2407 F1: 0.2444 | Train Meta: metadata_norm_mean=4.0462 | Val Meta: metadata_norm_mean=4.0462
Epoch  12/50 | Train Loss: 1.8260 Acc: 0.3462 F1: 0.2728 | Val Loss: 1.8974 Acc: 0.2778 F1: 0.1909 | Train Meta: metadata_norm_mean=4.0462 | Val Meta: metadata_norm_mean=4.0462
Epoch  13/50 | Train Loss: 1.7972 Acc: 0.3173 F1: 0.2250 | Val Loss: 1.8714 Acc: 0.2222 F1: 0.1536 | Train Meta: metadata_norm_mean=4.0462 | Val Meta: metadata_norm_mean=4.0462
Epoch  14/50 | Train Loss: 1.7960 Acc: 0.3558 F1: 0.2703 | Val Loss: 1.8721 Acc: 0.2222 F1: 0.1398 | Train Meta: metadata_norm_mean=4.0462 | Val Meta: metadata_norm_mean=4.0462
Epoch  15/50 | Train Loss: 1.7782 Acc: 0.3365 F1: 0.2779 | Val Loss: 1.8155 Acc: 0.3148 F1: 0.2293 | Train Meta: metadata_norm_mean=4.0462 | Val Meta: metadata_norm_mean=4.0462
Epoch  16/50 | Train Loss: 1.7535 Acc: 0.3798 F1: 0.3057 | Val Loss: 1.8470 Acc: 0.2778 F1: 0.2461 | Train Meta: metadata_norm_mean=4.0462 | Val Meta: metadata_norm_mean=4.0462
Epoch  17/50 | Train Loss: 1.7564 Acc: 0.3173 F1: 0.2347 | Val Loss: 1.7624 Acc: 0.4259 F1: 0.3082 | Train Meta: metadata_norm_mean=4.0462 | Val Meta: metadata_norm_mean=4.0462
Epoch  18/50 | Train Loss: 1.7551 Acc: 0.3221 F1: 0.2923 | Val Loss: 1.8545 Acc: 0.3519 F1: 0.2894 | Train Meta: metadata_norm_mean=4.0462 | Val Meta: metadata_norm_mean=4.0462
Epoch  19/50 | Train Loss: 1.7186 Acc: 0.3317 F1: 0.2510 | Val Loss: 1.7263 Acc: 0.5370 F1: 0.4156 | Train Meta: metadata_norm_mean=4.0462 | Val Meta: metadata_norm_mean=4.0462
Epoch  20/50 | Train Loss: 1.7502 Acc: 0.2644 F1: 0.2636 | Val Loss: 1.8091 Acc: 0.2593 F1: 0.1815 | Train Meta: metadata_norm_mean=4.0462 | Val Meta: metadata_norm_mean=4.0462
Epoch  21/50 | Train Loss: 1.7024 Acc: 0.3269 F1: 0.2492 | Val Loss: 1.7451 Acc: 0.2963 F1: 0.2345 | Train Meta: metadata_norm_mean=4.0462 | Val Meta: metadata_norm_mean=4.0462
Epoch  22/50 | Train Loss: 1.7006 Acc: 0.3125 F1: 0.2886 | Val Loss: 1.7593 Acc: 0.3519 F1: 0.2944 | Train Meta: metadata_norm_mean=4.0462 | Val Meta: metadata_norm_mean=4.0462
Epoch  23/50 | Train Loss: 1.6411 Acc: 0.4038 F1: 0.3101 | Val Loss: 1.7936 Acc: 0.2222 F1: 0.1598 | Train Meta: metadata_norm_mean=4.0462 | Val Meta: metadata_norm_mean=4.0462
Epoch  24/50 | Train Loss: 1.6796 Acc: 0.3462 F1: 0.3153 | Val Loss: 1.7028 Acc: 0.4259 F1: 0.3511 | Train Meta: metadata_norm_mean=4.0462 | Val Meta: metadata_norm_mean=4.0462
Epoch  25/50 | Train Loss: 1.6443 Acc: 0.3606 F1: 0.2712 | Val Loss: 1.7302 Acc: 0.2963 F1: 0.2531 | Train Meta: metadata_norm_mean=4.0462 | Val Meta: metadata_norm_mean=4.0462
Epoch  26/50 | Train Loss: 1.6452 Acc: 0.4135 F1: 0.3379 | Val Loss: 1.6657 Acc: 0.3889 F1: 0.3022 | Train Meta: metadata_norm_mean=4.0462 | Val Meta: metadata_norm_mean=4.0462
Epoch  27/50 | Train Loss: 1.6516 Acc: 0.3413 F1: 0.3178 | Val Loss: 1.6916 Acc: 0.2963 F1: 0.2686 | Train Meta: metadata_norm_mean=4.0462 | Val Meta: metadata_norm_mean=4.0462
Epoch  28/50 | Train Loss: 1.6281 Acc: 0.3942 F1: 0.3045 | Val Loss: 1.6989 Acc: 0.3704 F1: 0.3053 | Train Meta: metadata_norm_mean=4.0462 | Val Meta: metadata_norm_mean=4.0462
Epoch  29/50 | Train Loss: 1.6026 Acc: 0.4183 F1: 0.3572 | Val Loss: 1.6680 Acc: 0.3889 F1: 0.3503 | Train Meta: metadata_norm_mean=4.0462 | Val Meta: metadata_norm_mean=4.0462
Epoch  30/50 | Train Loss: 1.6107 Acc: 0.3750 F1: 0.3404 | Val Loss: 1.6541 Acc: 0.4074 F1: 0.3462 | Train Meta: metadata_norm_mean=4.0462 | Val Meta: metadata_norm_mean=4.0462
Epoch  31/50 | Train Loss: 1.5933 Acc: 0.4087 F1: 0.3179 | Val Loss: 1.6867 Acc: 0.3333 F1: 0.3002 | Train Meta: metadata_norm_mean=4.0462 | Val Meta: metadata_norm_mean=4.0462
Epoch  32/50 | Train Loss: 1.5908 Acc: 0.3942 F1: 0.3247 | Val Loss: 1.6475 Acc: 0.3704 F1: 0.3381 | Train Meta: metadata_norm_mean=4.0462 | Val Meta: metadata_norm_mean=4.0462
Epoch  33/50 | Train Loss: 1.6054 Acc: 0.3990 F1: 0.3605 | Val Loss: 1.6307 Acc: 0.4074 F1: 0.3466 | Train Meta: metadata_norm_mean=4.0462 | Val Meta: metadata_norm_mean=4.0462
Epoch  34/50 | Train Loss: 1.6094 Acc: 0.4087 F1: 0.3257 | Val Loss: 1.6796 Acc: 0.3333 F1: 0.3020 | Train Meta: metadata_norm_mean=4.0462 | Val Meta: metadata_norm_mean=4.0462
Epoch  35/50 | Train Loss: 1.5743 Acc: 0.4231 F1: 0.3796 | Val Loss: 1.6010 Acc: 0.5000 F1: 0.4214 | Train Meta: metadata_norm_mean=4.0462 | Val Meta: metadata_norm_mean=4.0462
Epoch  36/50 | Train Loss: 1.5697 Acc: 0.3942 F1: 0.3661 | Val Loss: 1.6363 Acc: 0.3889 F1: 0.3555 | Train Meta: metadata_norm_mean=4.0462 | Val Meta: metadata_norm_mean=4.0462
Epoch  37/50 | Train Loss: 1.5454 Acc: 0.4760 F1: 0.4068 | Val Loss: 1.6270 Acc: 0.3148 F1: 0.2777 | Train Meta: metadata_norm_mean=4.0462 | Val Meta: metadata_norm_mean=4.0462
Epoch  38/50 | Train Loss: 1.5603 Acc: 0.3750 F1: 0.2957 | Val Loss: 1.5919 Acc: 0.4630 F1: 0.4269 | Train Meta: metadata_norm_mean=4.0462 | Val Meta: metadata_norm_mean=4.0462
Epoch  39/50 | Train Loss: 1.5636 Acc: 0.4279 F1: 0.4198 | Val Loss: 1.6433 Acc: 0.2963 F1: 0.2786 | Train Meta: metadata_norm_mean=4.0462 | Val Meta: metadata_norm_mean=4.0462
Epoch  40/50 | Train Loss: 1.5388 Acc: 0.4375 F1: 0.3378 | Val Loss: 1.6103 Acc: 0.3519 F1: 0.2938 | Train Meta: metadata_norm_mean=4.0462 | Val Meta: metadata_norm_mean=4.0462
Epoch  41/50 | Train Loss: 1.5474 Acc: 0.3894 F1: 0.3258 | Val Loss: 1.5360 Acc: 0.5000 F1: 0.4116 | Train Meta: metadata_norm_mean=4.0462 | Val Meta: metadata_norm_mean=4.0462
Epoch  42/50 | Train Loss: 1.5548 Acc: 0.4135 F1: 0.3725 | Val Loss: 1.6161 Acc: 0.3889 F1: 0.3515 | Train Meta: metadata_norm_mean=4.0462 | Val Meta: metadata_norm_mean=4.0462
Epoch  43/50 | Train Loss: 1.5246 Acc: 0.4038 F1: 0.3668 | Val Loss: 1.5935 Acc: 0.4074 F1: 0.3443 | Train Meta: metadata_norm_mean=4.0462 | Val Meta: metadata_norm_mean=4.0462
Epoch  44/50 | Train Loss: 1.5196 Acc: 0.3942 F1: 0.3356 | Val Loss: 1.5958 Acc: 0.3704 F1: 0.3170 | Train Meta: metadata_norm_mean=4.0462 | Val Meta: metadata_norm_mean=4.0462
Epoch  45/50 | Train Loss: 1.5119 Acc: 0.4087 F1: 0.3614 | Val Loss: 1.5873 Acc: 0.3704 F1: 0.3192 | Train Meta: metadata_norm_mean=4.0462 | Val Meta: metadata_norm_mean=4.0462
Epoch  46/50 | Train Loss: 1.5104 Acc: 0.4471 F1: 0.4126 | Val Loss: 1.5797 Acc: 0.3519 F1: 0.3224 | Train Meta: metadata_norm_mean=4.0462 | Val Meta: metadata_norm_mean=4.0462
Epoch  47/50 | Train Loss: 1.4946 Acc: 0.4423 F1: 0.4031 | Val Loss: 1.5581 Acc: 0.4444 F1: 0.3717 | Train Meta: metadata_norm_mean=4.0462 | Val Meta: metadata_norm_mean=4.0462
Epoch  48/50 | Train Loss: 1.5194 Acc: 0.4038 F1: 0.3577 | Val Loss: 1.6062 Acc: 0.3519 F1: 0.3611 | Train Meta: metadata_norm_mean=4.0462 | Val Meta: metadata_norm_mean=4.0462
Epoch  49/50 | Train Loss: 1.5160 Acc: 0.4279 F1: 0.3471 | Val Loss: 1.5371 Acc: 0.3889 F1: 0.3407 | Train Meta: metadata_norm_mean=4.0462 | Val Meta: metadata_norm_mean=4.0462
Epoch  50/50 | Train Loss: 1.5211 Acc: 0.3750 F1: 0.3445 | Val Loss: 1.5581 Acc: 0.4630 F1: 0.4004 | Train Meta: metadata_norm_mean=4.0462 | Val Meta: metadata_norm_mean=4.0462

Random Encoder Classification Result (JapaneseVowels)
Accuracy : 0.283784
F1 (macro): 0.256614
Text metadata preview | dataset=PEMS-SF | domain=UEA | channels=963
   - channel_1: In the UEA domain, this channel belongs to the PEMS-SF dataset and represents the feature channel 1.
   - channel_2: In the UEA domain, this channel belongs to the PEMS-SF dataset and represents the feature channel 2.
   - ... (961 more channel descriptions)
Stats metadata preview | dataset=PEMS-SF | domain=UEA | channels=963
   - channel_1: Channel statistics over the training split: mean value is -0.000, standard deviation is 1.000, minimum value is -1.443, maximum value is 12.401, median value is 0.131, and mean absolute value is 0.665.
/data/pjh_workspace/ts-env/lib/python3.8/site-packages/torch/nn/modules/transformer.py:307: UserWarning: enable_nested_tensor is True, but self.use_nested_tensor is False because encoder_layer.norm_first was True
  warnings.warn(f"enable_nested_tensor is True, but self.use_nested_tensor is False because {why_not_sparsity_fast_path}")
==================================================
🚀 Architecture: LAYA Random Encoder
📊 Target Dataset: PEMS-SF (Channels: 963)
📊 Classes: 7 | Sequence Length: 144
==================================================
✅ Encoder is RANDOMLY initialized and FROZEN (Linear Probing mode).
Epoch   1/50 | Train Loss: 1.8514 Acc: 0.2067 F1: 0.1717 | Val Loss: 1.7943 Acc: 0.1887 F1: 0.0882 | Train Meta: metadata_norm_mean=4.1663 | Val Meta: metadata_norm_mean=4.1663
Epoch   2/50 | Train Loss: 1.6866 Acc: 0.2596 F1: 0.1259 | Val Loss: 1.6442 Acc: 0.2453 F1: 0.1263 | Train Meta: metadata_norm_mean=4.1663 | Val Meta: metadata_norm_mean=4.1663
Epoch   3/50 | Train Loss: 1.5531 Acc: 0.2933 F1: 0.2431 | Val Loss: 1.4872 Acc: 0.3774 F1: 0.1629 | Train Meta: metadata_norm_mean=4.1663 | Val Meta: metadata_norm_mean=4.1663
Epoch   4/50 | Train Loss: 1.4666 Acc: 0.3462 F1: 0.1989 | Val Loss: 1.4911 Acc: 0.2264 F1: 0.1207 | Train Meta: metadata_norm_mean=4.1663 | Val Meta: metadata_norm_mean=4.1663
Epoch   5/50 | Train Loss: 1.4161 Acc: 0.3365 F1: 0.1689 | Val Loss: 1.3785 Acc: 0.2453 F1: 0.1600 | Train Meta: metadata_norm_mean=4.1663 | Val Meta: metadata_norm_mean=4.1663
Epoch   6/50 | Train Loss: 1.3882 Acc: 0.3413 F1: 0.2618 | Val Loss: 1.4132 Acc: 0.2642 F1: 0.2011 | Train Meta: metadata_norm_mean=4.1663 | Val Meta: metadata_norm_mean=4.1663
Epoch   7/50 | Train Loss: 1.3483 Acc: 0.3413 F1: 0.2054 | Val Loss: 1.3053 Acc: 0.3962 F1: 0.1977 | Train Meta: metadata_norm_mean=4.1663 | Val Meta: metadata_norm_mean=4.1663
Epoch   8/50 | Train Loss: 1.3360 Acc: 0.3558 F1: 0.2519 | Val Loss: 1.3249 Acc: 0.3962 F1: 0.3386 | Train Meta: metadata_norm_mean=4.1663 | Val Meta: metadata_norm_mean=4.1663
Epoch   9/50 | Train Loss: 1.3142 Acc: 0.3846 F1: 0.3277 | Val Loss: 1.3162 Acc: 0.2264 F1: 0.1172 | Train Meta: metadata_norm_mean=4.1663 | Val Meta: metadata_norm_mean=4.1663
Epoch  10/50 | Train Loss: 1.2970 Acc: 0.3510 F1: 0.2754 | Val Loss: 1.2505 Acc: 0.6981 F1: 0.6271 | Train Meta: metadata_norm_mean=4.1663 | Val Meta: metadata_norm_mean=4.1663
Epoch  11/50 | Train Loss: 1.2985 Acc: 0.4567 F1: 0.4232 | Val Loss: 1.2840 Acc: 0.3019 F1: 0.2342 | Train Meta: metadata_norm_mean=4.1663 | Val Meta: metadata_norm_mean=4.1663
Epoch  12/50 | Train Loss: 1.2731 Acc: 0.3654 F1: 0.2977 | Val Loss: 1.2241 Acc: 0.5849 F1: 0.5264 | Train Meta: metadata_norm_mean=4.1663 | Val Meta: metadata_norm_mean=4.1663
Epoch  13/50 | Train Loss: 1.2561 Acc: 0.4615 F1: 0.4086 | Val Loss: 1.2565 Acc: 0.3774 F1: 0.3218 | Train Meta: metadata_norm_mean=4.1663 | Val Meta: metadata_norm_mean=4.1663
Epoch  14/50 | Train Loss: 1.2362 Acc: 0.4519 F1: 0.4229 | Val Loss: 1.1836 Acc: 0.5849 F1: 0.4596 | Train Meta: metadata_norm_mean=4.1663 | Val Meta: metadata_norm_mean=4.1663
Epoch  15/50 | Train Loss: 1.2243 Acc: 0.3942 F1: 0.3397 | Val Loss: 1.1736 Acc: 0.6604 F1: 0.6167 | Train Meta: metadata_norm_mean=4.1663 | Val Meta: metadata_norm_mean=4.1663
Epoch  16/50 | Train Loss: 1.2097 Acc: 0.5769 F1: 0.5873 | Val Loss: 1.1448 Acc: 0.6226 F1: 0.5129 | Train Meta: metadata_norm_mean=4.1663 | Val Meta: metadata_norm_mean=4.1663
Epoch  17/50 | Train Loss: 1.1926 Acc: 0.5433 F1: 0.5446 | Val Loss: 1.1982 Acc: 0.3962 F1: 0.3158 | Train Meta: metadata_norm_mean=4.1663 | Val Meta: metadata_norm_mean=4.1663
Epoch  18/50 | Train Loss: 1.1757 Acc: 0.5000 F1: 0.4437 | Val Loss: 1.1195 Acc: 0.5849 F1: 0.5035 | Train Meta: metadata_norm_mean=4.1663 | Val Meta: metadata_norm_mean=4.1663
Epoch  19/50 | Train Loss: 1.1807 Acc: 0.4567 F1: 0.4428 | Val Loss: 1.1275 Acc: 0.5283 F1: 0.4641 | Train Meta: metadata_norm_mean=4.1663 | Val Meta: metadata_norm_mean=4.1663
Epoch  20/50 | Train Loss: 1.1491 Acc: 0.5433 F1: 0.5111 | Val Loss: 1.1223 Acc: 0.5283 F1: 0.4632 | Train Meta: metadata_norm_mean=4.1663 | Val Meta: metadata_norm_mean=4.1663
Epoch  21/50 | Train Loss: 1.1438 Acc: 0.5577 F1: 0.4929 | Val Loss: 1.0979 Acc: 0.6415 F1: 0.5314 | Train Meta: metadata_norm_mean=4.1663 | Val Meta: metadata_norm_mean=4.1663
Epoch  22/50 | Train Loss: 1.1333 Acc: 0.4856 F1: 0.4658 | Val Loss: 1.1124 Acc: 0.5660 F1: 0.5113 | Train Meta: metadata_norm_mean=4.1663 | Val Meta: metadata_norm_mean=4.1663
Epoch  23/50 | Train Loss: 1.1264 Acc: 0.5481 F1: 0.4858 | Val Loss: 1.0756 Acc: 0.5849 F1: 0.5091 | Train Meta: metadata_norm_mean=4.1663 | Val Meta: metadata_norm_mean=4.1663
Epoch  24/50 | Train Loss: 1.1284 Acc: 0.5288 F1: 0.5251 | Val Loss: 1.0455 Acc: 0.7170 F1: 0.5999 | Train Meta: metadata_norm_mean=4.1663 | Val Meta: metadata_norm_mean=4.1663
Epoch  25/50 | Train Loss: 1.1140 Acc: 0.5577 F1: 0.5048 | Val Loss: 1.0488 Acc: 0.7547 F1: 0.7130 | Train Meta: metadata_norm_mean=4.1663 | Val Meta: metadata_norm_mean=4.1663
Epoch  26/50 | Train Loss: 1.1087 Acc: 0.4615 F1: 0.4699 | Val Loss: 1.0310 Acc: 0.7170 F1: 0.6314 | Train Meta: metadata_norm_mean=4.1663 | Val Meta: metadata_norm_mean=4.1663
Epoch  27/50 | Train Loss: 1.1013 Acc: 0.5288 F1: 0.4876 | Val Loss: 1.0252 Acc: 0.7358 F1: 0.6928 | Train Meta: metadata_norm_mean=4.1663 | Val Meta: metadata_norm_mean=4.1663
Epoch  28/50 | Train Loss: 1.0820 Acc: 0.5962 F1: 0.5539 | Val Loss: 0.9743 Acc: 0.8302 F1: 0.7271 | Train Meta: metadata_norm_mean=4.1663 | Val Meta: metadata_norm_mean=4.1663
Epoch  29/50 | Train Loss: 1.0742 Acc: 0.5913 F1: 0.6038 | Val Loss: 1.0068 Acc: 0.7170 F1: 0.6646 | Train Meta: metadata_norm_mean=4.1663 | Val Meta: metadata_norm_mean=4.1663
Epoch  30/50 | Train Loss: 1.0470 Acc: 0.6202 F1: 0.6074 | Val Loss: 0.9943 Acc: 0.6604 F1: 0.6111 | Train Meta: metadata_norm_mean=4.1663 | Val Meta: metadata_norm_mean=4.1663
Epoch  31/50 | Train Loss: 1.0471 Acc: 0.5721 F1: 0.5854 | Val Loss: 0.9491 Acc: 0.8302 F1: 0.7755 | Train Meta: metadata_norm_mean=4.1663 | Val Meta: metadata_norm_mean=4.1663
Epoch  32/50 | Train Loss: 1.0427 Acc: 0.6971 F1: 0.7115 | Val Loss: 0.9919 Acc: 0.5849 F1: 0.5207 | Train Meta: metadata_norm_mean=4.1663 | Val Meta: metadata_norm_mean=4.1663
Epoch  33/50 | Train Loss: 1.0446 Acc: 0.5337 F1: 0.5405 | Val Loss: 0.9574 Acc: 0.6792 F1: 0.5774 | Train Meta: metadata_norm_mean=4.1663 | Val Meta: metadata_norm_mean=4.1663
Epoch  34/50 | Train Loss: 1.0254 Acc: 0.6538 F1: 0.6829 | Val Loss: 0.9150 Acc: 0.8302 F1: 0.7262 | Train Meta: metadata_norm_mean=4.1663 | Val Meta: metadata_norm_mean=4.1663
Epoch  35/50 | Train Loss: 1.0247 Acc: 0.5769 F1: 0.5676 | Val Loss: 0.9718 Acc: 0.6792 F1: 0.6274 | Train Meta: metadata_norm_mean=4.1663 | Val Meta: metadata_norm_mean=4.1663
Epoch  36/50 | Train Loss: 0.9950 Acc: 0.6971 F1: 0.6675 | Val Loss: 0.9134 Acc: 0.7925 F1: 0.6973 | Train Meta: metadata_norm_mean=4.1663 | Val Meta: metadata_norm_mean=4.1663
Epoch  37/50 | Train Loss: 0.9965 Acc: 0.6490 F1: 0.6744 | Val Loss: 0.9583 Acc: 0.6604 F1: 0.5954 | Train Meta: metadata_norm_mean=4.1663 | Val Meta: metadata_norm_mean=4.1663
Epoch  38/50 | Train Loss: 0.9926 Acc: 0.6058 F1: 0.6273 | Val Loss: 0.8870 Acc: 0.8302 F1: 0.7262 | Train Meta: metadata_norm_mean=4.1663 | Val Meta: metadata_norm_mean=4.1663
Epoch  39/50 | Train Loss: 0.9772 Acc: 0.6538 F1: 0.6455 | Val Loss: 0.9178 Acc: 0.7170 F1: 0.6824 | Train Meta: metadata_norm_mean=4.1663 | Val Meta: metadata_norm_mean=4.1663
Epoch  40/50 | Train Loss: 0.9768 Acc: 0.6058 F1: 0.6221 | Val Loss: 0.8915 Acc: 0.7547 F1: 0.6536 | Train Meta: metadata_norm_mean=4.1663 | Val Meta: metadata_norm_mean=4.1663
Epoch  41/50 | Train Loss: 0.9799 Acc: 0.6490 F1: 0.6713 | Val Loss: 0.8772 Acc: 0.6981 F1: 0.5992 | Train Meta: metadata_norm_mean=4.1663 | Val Meta: metadata_norm_mean=4.1663
Epoch  42/50 | Train Loss: 0.9730 Acc: 0.6779 F1: 0.7011 | Val Loss: 0.8799 Acc: 0.7736 F1: 0.6843 | Train Meta: metadata_norm_mean=4.1663 | Val Meta: metadata_norm_mean=4.1663
Epoch  43/50 | Train Loss: 0.9625 Acc: 0.6490 F1: 0.6537 | Val Loss: 0.8678 Acc: 0.7358 F1: 0.6719 | Train Meta: metadata_norm_mean=4.1663 | Val Meta: metadata_norm_mean=4.1663
Epoch  44/50 | Train Loss: 0.9639 Acc: 0.6250 F1: 0.6028 | Val Loss: 0.8440 Acc: 0.8302 F1: 0.7365 | Train Meta: metadata_norm_mean=4.1663 | Val Meta: metadata_norm_mean=4.1663
Epoch  45/50 | Train Loss: 0.9553 Acc: 0.6875 F1: 0.6812 | Val Loss: 0.8458 Acc: 0.7925 F1: 0.7572 | Train Meta: metadata_norm_mean=4.1663 | Val Meta: metadata_norm_mean=4.1663
Epoch  46/50 | Train Loss: 0.9529 Acc: 0.6875 F1: 0.6928 | Val Loss: 0.8711 Acc: 0.7736 F1: 0.7408 | Train Meta: metadata_norm_mean=4.1663 | Val Meta: metadata_norm_mean=4.1663
Epoch  47/50 | Train Loss: 0.9444 Acc: 0.5962 F1: 0.5733 | Val Loss: 0.8397 Acc: 0.8302 F1: 0.7795 | Train Meta: metadata_norm_mean=4.1663 | Val Meta: metadata_norm_mean=4.1663
Epoch  48/50 | Train Loss: 0.9461 Acc: 0.6538 F1: 0.6359 | Val Loss: 0.8340 Acc: 0.8302 F1: 0.7648 | Train Meta: metadata_norm_mean=4.1663 | Val Meta: metadata_norm_mean=4.1663
Epoch  49/50 | Train Loss: 0.9284 Acc: 0.6635 F1: 0.6706 | Val Loss: 0.8287 Acc: 0.7547 F1: 0.7201 | Train Meta: metadata_norm_mean=4.1663 | Val Meta: metadata_norm_mean=4.1663
Epoch  50/50 | Train Loss: 0.9188 Acc: 0.7115 F1: 0.7365 | Val Loss: 0.8199 Acc: 0.7925 F1: 0.7334 | Train Meta: metadata_norm_mean=4.1663 | Val Meta: metadata_norm_mean=4.1663

Random Encoder Classification Result (PEMS-SF)
Accuracy : 0.687861
F1 (macro): 0.676716
Text metadata preview | dataset=SelfRegulationSCP1 | domain=UEA | channels=6
   - channel_1: In the UEA domain, this channel belongs to the SelfRegulationSCP1 dataset and represents the feature channel 1.
   - channel_2: In the UEA domain, this channel belongs to the SelfRegulationSCP1 dataset and represents the feature channel 2.
   - ... (4 more channel descriptions)
Stats metadata preview | dataset=SelfRegulationSCP1 | domain=UEA | channels=6
   - channel_1: Channel statistics over the training split: mean value is -0.000, standard deviation is 1.000, minimum value is -3.627, maximum value is 4.365, median value is -0.073, and mean absolute value is 0.766.
/data/pjh_workspace/ts-env/lib/python3.8/site-packages/torch/nn/modules/transformer.py:307: UserWarning: enable_nested_tensor is True, but self.use_nested_tensor is False because encoder_layer.norm_first was True
  warnings.warn(f"enable_nested_tensor is True, but self.use_nested_tensor is False because {why_not_sparsity_fast_path}")
==================================================
🚀 Architecture: LAYA Random Encoder
📊 Target Dataset: SelfRegulationSCP1 (Channels: 6)
📊 Classes: 2 | Sequence Length: 896
==================================================
✅ Encoder is RANDOMLY initialized and FROZEN (Linear Probing mode).
Epoch   1/50 | Train Loss: 0.6261 Acc: 0.6490 F1: 0.6447 | Val Loss: 0.5783 Acc: 0.6792 F1: 0.6788 | Train Meta: metadata_norm_mean=4.1335 | Val Meta: metadata_norm_mean=4.1335
Epoch   2/50 | Train Loss: 0.6011 Acc: 0.6731 F1: 0.6716 | Val Loss: 0.5433 Acc: 0.7736 F1: 0.7729 | Train Meta: metadata_norm_mean=4.1335 | Val Meta: metadata_norm_mean=4.1335
Epoch   3/50 | Train Loss: 0.5680 Acc: 0.7260 F1: 0.7205 | Val Loss: 0.5379 Acc: 0.6981 F1: 0.6980 | Train Meta: metadata_norm_mean=4.1335 | Val Meta: metadata_norm_mean=4.1335
Epoch   4/50 | Train Loss: 0.5490 Acc: 0.6923 F1: 0.6919 | Val Loss: 0.5246 Acc: 0.7358 F1: 0.7358 | Train Meta: metadata_norm_mean=4.1335 | Val Meta: metadata_norm_mean=4.1335
Epoch   5/50 | Train Loss: 0.5360 Acc: 0.7019 F1: 0.6986 | Val Loss: 0.5235 Acc: 0.7358 F1: 0.7358 | Train Meta: metadata_norm_mean=4.1335 | Val Meta: metadata_norm_mean=4.1335
Epoch   6/50 | Train Loss: 0.5377 Acc: 0.7260 F1: 0.7249 | Val Loss: 0.5263 Acc: 0.6981 F1: 0.6980 | Train Meta: metadata_norm_mean=4.1335 | Val Meta: metadata_norm_mean=4.1335
Epoch   7/50 | Train Loss: 0.5404 Acc: 0.6971 F1: 0.6951 | Val Loss: 0.5149 Acc: 0.7547 F1: 0.7544 | Train Meta: metadata_norm_mean=4.1335 | Val Meta: metadata_norm_mean=4.1335
Epoch   8/50 | Train Loss: 0.5466 Acc: 0.7067 F1: 0.7017 | Val Loss: 0.5153 Acc: 0.7358 F1: 0.7358 | Train Meta: metadata_norm_mean=4.1335 | Val Meta: metadata_norm_mean=4.1335
Epoch   9/50 | Train Loss: 0.5280 Acc: 0.7163 F1: 0.7128 | Val Loss: 0.5104 Acc: 0.7358 F1: 0.7358 | Train Meta: metadata_norm_mean=4.1335 | Val Meta: metadata_norm_mean=4.1335
Epoch  10/50 | Train Loss: 0.5337 Acc: 0.7212 F1: 0.7186 | Val Loss: 0.5077 Acc: 0.7736 F1: 0.7729 | Train Meta: metadata_norm_mean=4.1335 | Val Meta: metadata_norm_mean=4.1335
Epoch  11/50 | Train Loss: 0.5402 Acc: 0.7067 F1: 0.7001 | Val Loss: 0.5220 Acc: 0.6981 F1: 0.6980 | Train Meta: metadata_norm_mean=4.1335 | Val Meta: metadata_norm_mean=4.1335
Epoch  12/50 | Train Loss: 0.5358 Acc: 0.7067 F1: 0.7048 | Val Loss: 0.5034 Acc: 0.7736 F1: 0.7729 | Train Meta: metadata_norm_mean=4.1335 | Val Meta: metadata_norm_mean=4.1335
Epoch  13/50 | Train Loss: 0.5244 Acc: 0.7356 F1: 0.7303 | Val Loss: 0.5030 Acc: 0.7358 F1: 0.7358 | Train Meta: metadata_norm_mean=4.1335 | Val Meta: metadata_norm_mean=4.1335
Epoch  14/50 | Train Loss: 0.5301 Acc: 0.7260 F1: 0.7245 | Val Loss: 0.5033 Acc: 0.7358 F1: 0.7358 | Train Meta: metadata_norm_mean=4.1335 | Val Meta: metadata_norm_mean=4.1335
Epoch  15/50 | Train Loss: 0.5220 Acc: 0.7212 F1: 0.7180 | Val Loss: 0.5006 Acc: 0.7547 F1: 0.7544 | Train Meta: metadata_norm_mean=4.1335 | Val Meta: metadata_norm_mean=4.1335
Epoch  16/50 | Train Loss: 0.5320 Acc: 0.7115 F1: 0.7036 | Val Loss: 0.4978 Acc: 0.7547 F1: 0.7544 | Train Meta: metadata_norm_mean=4.1335 | Val Meta: metadata_norm_mean=4.1335
Epoch  17/50 | Train Loss: 0.5310 Acc: 0.7260 F1: 0.7237 | Val Loss: 0.5003 Acc: 0.7358 F1: 0.7358 | Train Meta: metadata_norm_mean=4.1335 | Val Meta: metadata_norm_mean=4.1335
Epoch  18/50 | Train Loss: 0.5190 Acc: 0.7019 F1: 0.6972 | Val Loss: 0.4990 Acc: 0.7358 F1: 0.7358 | Train Meta: metadata_norm_mean=4.1335 | Val Meta: metadata_norm_mean=4.1335
Epoch  19/50 | Train Loss: 0.5351 Acc: 0.7067 F1: 0.7059 | Val Loss: 0.4955 Acc: 0.7547 F1: 0.7544 | Train Meta: metadata_norm_mean=4.1335 | Val Meta: metadata_norm_mean=4.1335
Epoch  20/50 | Train Loss: 0.5398 Acc: 0.7163 F1: 0.7060 | Val Loss: 0.5090 Acc: 0.6981 F1: 0.6980 | Train Meta: metadata_norm_mean=4.1335 | Val Meta: metadata_norm_mean=4.1335
Epoch  21/50 | Train Loss: 0.5404 Acc: 0.7163 F1: 0.7149 | Val Loss: 0.4925 Acc: 0.7547 F1: 0.7544 | Train Meta: metadata_norm_mean=4.1335 | Val Meta: metadata_norm_mean=4.1335
Epoch  22/50 | Train Loss: 0.5262 Acc: 0.7212 F1: 0.7174 | Val Loss: 0.4963 Acc: 0.7358 F1: 0.7358 | Train Meta: metadata_norm_mean=4.1335 | Val Meta: metadata_norm_mean=4.1335
Epoch  23/50 | Train Loss: 0.5260 Acc: 0.7212 F1: 0.7167 | Val Loss: 0.4904 Acc: 0.7736 F1: 0.7716 | Train Meta: metadata_norm_mean=4.1335 | Val Meta: metadata_norm_mean=4.1335
Epoch  24/50 | Train Loss: 0.5330 Acc: 0.7067 F1: 0.7031 | Val Loss: 0.4995 Acc: 0.7358 F1: 0.7358 | Train Meta: metadata_norm_mean=4.1335 | Val Meta: metadata_norm_mean=4.1335
Epoch  25/50 | Train Loss: 0.5141 Acc: 0.7212 F1: 0.7190 | Val Loss: 0.4935 Acc: 0.7736 F1: 0.7729 | Train Meta: metadata_norm_mean=4.1335 | Val Meta: metadata_norm_mean=4.1335
Epoch  26/50 | Train Loss: 0.5239 Acc: 0.7067 F1: 0.7031 | Val Loss: 0.4869 Acc: 0.7547 F1: 0.7544 | Train Meta: metadata_norm_mean=4.1335 | Val Meta: metadata_norm_mean=4.1335
Epoch  27/50 | Train Loss: 0.5214 Acc: 0.7404 F1: 0.7374 | Val Loss: 0.4909 Acc: 0.7358 F1: 0.7358 | Train Meta: metadata_norm_mean=4.1335 | Val Meta: metadata_norm_mean=4.1335
Epoch  28/50 | Train Loss: 0.5332 Acc: 0.7163 F1: 0.7140 | Val Loss: 0.4884 Acc: 0.7547 F1: 0.7544 | Train Meta: metadata_norm_mean=4.1335 | Val Meta: metadata_norm_mean=4.1335
Epoch  29/50 | Train Loss: 0.5274 Acc: 0.7067 F1: 0.7031 | Val Loss: 0.4891 Acc: 0.7736 F1: 0.7716 | Train Meta: metadata_norm_mean=4.1335 | Val Meta: metadata_norm_mean=4.1335
Epoch  30/50 | Train Loss: 0.5484 Acc: 0.7163 F1: 0.7099 | Val Loss: 0.5144 Acc: 0.6792 F1: 0.6774 | Train Meta: metadata_norm_mean=4.1335 | Val Meta: metadata_norm_mean=4.1335
Epoch  31/50 | Train Loss: 0.5297 Acc: 0.7163 F1: 0.7152 | Val Loss: 0.4876 Acc: 0.7736 F1: 0.7716 | Train Meta: metadata_norm_mean=4.1335 | Val Meta: metadata_norm_mean=4.1335
Epoch  32/50 | Train Loss: 0.5215 Acc: 0.7212 F1: 0.7174 | Val Loss: 0.4916 Acc: 0.7358 F1: 0.7358 | Train Meta: metadata_norm_mean=4.1335 | Val Meta: metadata_norm_mean=4.1335
Epoch  33/50 | Train Loss: 0.5238 Acc: 0.7115 F1: 0.7026 | Val Loss: 0.4860 Acc: 0.7547 F1: 0.7544 | Train Meta: metadata_norm_mean=4.1335 | Val Meta: metadata_norm_mean=4.1335
Epoch  34/50 | Train Loss: 0.5221 Acc: 0.7163 F1: 0.7144 | Val Loss: 0.4843 Acc: 0.7736 F1: 0.7716 | Train Meta: metadata_norm_mean=4.1335 | Val Meta: metadata_norm_mean=4.1335
Epoch  35/50 | Train Loss: 0.5355 Acc: 0.6923 F1: 0.6848 | Val Loss: 0.5032 Acc: 0.7170 F1: 0.7170 | Train Meta: metadata_norm_mean=4.1335 | Val Meta: metadata_norm_mean=4.1335
Epoch  36/50 | Train Loss: 0.5262 Acc: 0.7115 F1: 0.7070 | Val Loss: 0.4818 Acc: 0.7736 F1: 0.7716 | Train Meta: metadata_norm_mean=4.1335 | Val Meta: metadata_norm_mean=4.1335
Epoch  37/50 | Train Loss: 0.5170 Acc: 0.7308 F1: 0.7215 | Val Loss: 0.5058 Acc: 0.6981 F1: 0.6980 | Train Meta: metadata_norm_mean=4.1335 | Val Meta: metadata_norm_mean=4.1335
Epoch  38/50 | Train Loss: 0.5368 Acc: 0.7067 F1: 0.7064 | Val Loss: 0.4986 Acc: 0.7925 F1: 0.7898 | Train Meta: metadata_norm_mean=4.1335 | Val Meta: metadata_norm_mean=4.1335
Epoch  39/50 | Train Loss: 0.5357 Acc: 0.7163 F1: 0.7081 | Val Loss: 0.4970 Acc: 0.6981 F1: 0.6980 | Train Meta: metadata_norm_mean=4.1335 | Val Meta: metadata_norm_mean=4.1335
Epoch  40/50 | Train Loss: 0.5225 Acc: 0.7356 F1: 0.7329 | Val Loss: 0.4787 Acc: 0.7736 F1: 0.7716 | Train Meta: metadata_norm_mean=4.1335 | Val Meta: metadata_norm_mean=4.1335
Epoch  41/50 | Train Loss: 0.5270 Acc: 0.7163 F1: 0.7115 | Val Loss: 0.4776 Acc: 0.7547 F1: 0.7544 | Train Meta: metadata_norm_mean=4.1335 | Val Meta: metadata_norm_mean=4.1335
Epoch  42/50 | Train Loss: 0.5189 Acc: 0.7115 F1: 0.7070 | Val Loss: 0.4803 Acc: 0.7547 F1: 0.7544 | Train Meta: metadata_norm_mean=4.1335 | Val Meta: metadata_norm_mean=4.1335
Epoch  43/50 | Train Loss: 0.5268 Acc: 0.7019 F1: 0.6997 | Val Loss: 0.4788 Acc: 0.7547 F1: 0.7544 | Train Meta: metadata_norm_mean=4.1335 | Val Meta: metadata_norm_mean=4.1335
Epoch  44/50 | Train Loss: 0.5138 Acc: 0.7115 F1: 0.7036 | Val Loss: 0.4862 Acc: 0.7358 F1: 0.7358 | Train Meta: metadata_norm_mean=4.1335 | Val Meta: metadata_norm_mean=4.1335
Epoch  45/50 | Train Loss: 0.5247 Acc: 0.7163 F1: 0.7140 | Val Loss: 0.4753 Acc: 0.7925 F1: 0.7913 | Train Meta: metadata_norm_mean=4.1335 | Val Meta: metadata_norm_mean=4.1335
Epoch  46/50 | Train Loss: 0.5196 Acc: 0.7212 F1: 0.7135 | Val Loss: 0.4775 Acc: 0.7925 F1: 0.7913 | Train Meta: metadata_norm_mean=4.1335 | Val Meta: metadata_norm_mean=4.1335
Epoch  47/50 | Train Loss: 0.5110 Acc: 0.7260 F1: 0.7205 | Val Loss: 0.4833 Acc: 0.7358 F1: 0.7358 | Train Meta: metadata_norm_mean=4.1335 | Val Meta: metadata_norm_mean=4.1335
Epoch  48/50 | Train Loss: 0.5203 Acc: 0.7115 F1: 0.7054 | Val Loss: 0.4834 Acc: 0.7358 F1: 0.7358 | Train Meta: metadata_norm_mean=4.1335 | Val Meta: metadata_norm_mean=4.1335
Epoch  49/50 | Train Loss: 0.4990 Acc: 0.7404 F1: 0.7384 | Val Loss: 0.4765 Acc: 0.7547 F1: 0.7544 | Train Meta: metadata_norm_mean=4.1335 | Val Meta: metadata_norm_mean=4.1335
Epoch  50/50 | Train Loss: 0.5177 Acc: 0.7356 F1: 0.7334 | Val Loss: 0.4768 Acc: 0.7358 F1: 0.7358 | Train Meta: metadata_norm_mean=4.1335 | Val Meta: metadata_norm_mean=4.1335

Random Encoder Classification Result (SelfRegulationSCP1)
Accuracy : 0.778157
F1 (macro): 0.770942
Text metadata preview | dataset=SelfRegulationSCP2 | domain=UEA | channels=7
   - channel_1: In the UEA domain, this channel belongs to the SelfRegulationSCP2 dataset and represents the feature channel 1.
   - channel_2: In the UEA domain, this channel belongs to the SelfRegulationSCP2 dataset and represents the feature channel 2.
   - ... (5 more channel descriptions)
Stats metadata preview | dataset=SelfRegulationSCP2 | domain=UEA | channels=7
   - channel_1: Channel statistics over the training split: mean value is 0.000, standard deviation is 1.000, minimum value is -4.572, maximum value is 5.520, median value is 0.004, and mean absolute value is 0.774.
/data/pjh_workspace/ts-env/lib/python3.8/site-packages/torch/nn/modules/transformer.py:307: UserWarning: enable_nested_tensor is True, but self.use_nested_tensor is False because encoder_layer.norm_first was True
  warnings.warn(f"enable_nested_tensor is True, but self.use_nested_tensor is False because {why_not_sparsity_fast_path}")
==================================================
🚀 Architecture: LAYA Random Encoder
📊 Target Dataset: SelfRegulationSCP2 (Channels: 7)
📊 Classes: 2 | Sequence Length: 1152
==================================================
✅ Encoder is RANDOMLY initialized and FROZEN (Linear Probing mode).
Epoch   1/50 | Train Loss: 0.7093 Acc: 0.5062 F1: 0.5047 | Val Loss: 0.7162 Acc: 0.4500 F1: 0.3103 | Train Meta: metadata_norm_mean=4.0614 | Val Meta: metadata_norm_mean=4.0614
Epoch   2/50 | Train Loss: 0.7141 Acc: 0.4875 F1: 0.4036 | Val Loss: 0.6886 Acc: 0.5000 F1: 0.4505 | Train Meta: metadata_norm_mean=4.0614 | Val Meta: metadata_norm_mean=4.0614
Epoch   3/50 | Train Loss: 0.7103 Acc: 0.4750 F1: 0.4531 | Val Loss: 0.7232 Acc: 0.4500 F1: 0.3956 | Train Meta: metadata_norm_mean=4.0614 | Val Meta: metadata_norm_mean=4.0614
Epoch   4/50 | Train Loss: 0.7005 Acc: 0.5125 F1: 0.4498 | Val Loss: 0.6954 Acc: 0.5750 F1: 0.5726 | Train Meta: metadata_norm_mean=4.0614 | Val Meta: metadata_norm_mean=4.0614
Epoch   5/50 | Train Loss: 0.6949 Acc: 0.5000 F1: 0.4936 | Val Loss: 0.6910 Acc: 0.5250 F1: 0.5223 | Train Meta: metadata_norm_mean=4.0614 | Val Meta: metadata_norm_mean=4.0614
Epoch   6/50 | Train Loss: 0.6896 Acc: 0.5500 F1: 0.5336 | Val Loss: 0.7001 Acc: 0.4750 F1: 0.4584 | Train Meta: metadata_norm_mean=4.0614 | Val Meta: metadata_norm_mean=4.0614
Epoch   7/50 | Train Loss: 0.6912 Acc: 0.5625 F1: 0.5487 | Val Loss: 0.6969 Acc: 0.4750 F1: 0.4584 | Train Meta: metadata_norm_mean=4.0614 | Val Meta: metadata_norm_mean=4.0614
Epoch   8/50 | Train Loss: 0.7020 Acc: 0.5000 F1: 0.4987 | Val Loss: 0.7027 Acc: 0.5250 F1: 0.5175 | Train Meta: metadata_norm_mean=4.0614 | Val Meta: metadata_norm_mean=4.0614
Epoch   9/50 | Train Loss: 0.7084 Acc: 0.5188 F1: 0.4430 | Val Loss: 0.6909 Acc: 0.5500 F1: 0.5489 | Train Meta: metadata_norm_mean=4.0614 | Val Meta: metadata_norm_mean=4.0614
Epoch  10/50 | Train Loss: 0.7078 Acc: 0.5000 F1: 0.4459 | Val Loss: 0.6983 Acc: 0.5250 F1: 0.5175 | Train Meta: metadata_norm_mean=4.0614 | Val Meta: metadata_norm_mean=4.0614
Epoch  11/50 | Train Loss: 0.6980 Acc: 0.5062 F1: 0.4958 | Val Loss: 0.7201 Acc: 0.4750 F1: 0.4130 | Train Meta: metadata_norm_mean=4.0614 | Val Meta: metadata_norm_mean=4.0614
Epoch  12/50 | Train Loss: 0.6950 Acc: 0.5312 F1: 0.4684 | Val Loss: 0.6891 Acc: 0.5500 F1: 0.5489 | Train Meta: metadata_norm_mean=4.0614 | Val Meta: metadata_norm_mean=4.0614
Epoch  13/50 | Train Loss: 0.6930 Acc: 0.5625 F1: 0.5556 | Val Loss: 0.6952 Acc: 0.6000 F1: 0.6000 | Train Meta: metadata_norm_mean=4.0614 | Val Meta: metadata_norm_mean=4.0614
Epoch  14/50 | Train Loss: 0.6976 Acc: 0.5250 F1: 0.4639 | Val Loss: 0.7024 Acc: 0.4250 F1: 0.3943 | Train Meta: metadata_norm_mean=4.0614 | Val Meta: metadata_norm_mean=4.0614
Epoch  15/50 | Train Loss: 0.7075 Acc: 0.4688 F1: 0.4387 | Val Loss: 0.7024 Acc: 0.4250 F1: 0.3943 | Train Meta: metadata_norm_mean=4.0614 | Val Meta: metadata_norm_mean=4.0614
Epoch  16/50 | Train Loss: 0.6987 Acc: 0.5312 F1: 0.4631 | Val Loss: 0.6977 Acc: 0.5250 F1: 0.5175 | Train Meta: metadata_norm_mean=4.0614 | Val Meta: metadata_norm_mean=4.0614
Epoch  17/50 | Train Loss: 0.7061 Acc: 0.4562 F1: 0.4255 | Val Loss: 0.6990 Acc: 0.5750 F1: 0.5683 | Train Meta: metadata_norm_mean=4.0614 | Val Meta: metadata_norm_mean=4.0614
Epoch  18/50 | Train Loss: 0.7181 Acc: 0.5000 F1: 0.4357 | Val Loss: 0.6872 Acc: 0.5500 F1: 0.5396 | Train Meta: metadata_norm_mean=4.0614 | Val Meta: metadata_norm_mean=4.0614
Epoch  19/50 | Train Loss: 0.7077 Acc: 0.5188 F1: 0.5187 | Val Loss: 0.6995 Acc: 0.4750 F1: 0.4667 | Train Meta: metadata_norm_mean=4.0614 | Val Meta: metadata_norm_mean=4.0614
Epoch  20/50 | Train Loss: 0.7070 Acc: 0.4938 F1: 0.4713 | Val Loss: 0.6916 Acc: 0.5250 F1: 0.5223 | Train Meta: metadata_norm_mean=4.0614 | Val Meta: metadata_norm_mean=4.0614
Epoch  21/50 | Train Loss: 0.6923 Acc: 0.5437 F1: 0.5416 | Val Loss: 0.7176 Acc: 0.4750 F1: 0.4130 | Train Meta: metadata_norm_mean=4.0614 | Val Meta: metadata_norm_mean=4.0614
Epoch  22/50 | Train Loss: 0.7047 Acc: 0.5125 F1: 0.5063 | Val Loss: 0.7059 Acc: 0.5000 F1: 0.4885 | Train Meta: metadata_norm_mean=4.0614 | Val Meta: metadata_norm_mean=4.0614
Epoch  23/50 | Train Loss: 0.6924 Acc: 0.5125 F1: 0.4865 | Val Loss: 0.6952 Acc: 0.5250 F1: 0.5247 | Train Meta: metadata_norm_mean=4.0614 | Val Meta: metadata_norm_mean=4.0614
Epoch  24/50 | Train Loss: 0.6841 Acc: 0.5750 F1: 0.5683 | Val Loss: 0.6981 Acc: 0.5750 F1: 0.5726 | Train Meta: metadata_norm_mean=4.0614 | Val Meta: metadata_norm_mean=4.0614
Epoch  25/50 | Train Loss: 0.6919 Acc: 0.5312 F1: 0.5130 | Val Loss: 0.6942 Acc: 0.5500 F1: 0.5500 | Train Meta: metadata_norm_mean=4.0614 | Val Meta: metadata_norm_mean=4.0614
Epoch  26/50 | Train Loss: 0.7050 Acc: 0.5125 F1: 0.4726 | Val Loss: 0.6925 Acc: 0.5750 F1: 0.5747 | Train Meta: metadata_norm_mean=4.0614 | Val Meta: metadata_norm_mean=4.0614
Epoch  27/50 | Train Loss: 0.7127 Acc: 0.5500 F1: 0.5489 | Val Loss: 0.6936 Acc: 0.5750 F1: 0.5747 | Train Meta: metadata_norm_mean=4.0614 | Val Meta: metadata_norm_mean=4.0614
Epoch  28/50 | Train Loss: 0.6873 Acc: 0.5687 F1: 0.5687 | Val Loss: 0.6997 Acc: 0.4750 F1: 0.4667 | Train Meta: metadata_norm_mean=4.0614 | Val Meta: metadata_norm_mean=4.0614
Epoch  29/50 | Train Loss: 0.6959 Acc: 0.5312 F1: 0.5214 | Val Loss: 0.6928 Acc: 0.5750 F1: 0.5747 | Train Meta: metadata_norm_mean=4.0614 | Val Meta: metadata_norm_mean=4.0614
Epoch  30/50 | Train Loss: 0.6893 Acc: 0.5500 F1: 0.5231 | Val Loss: 0.7055 Acc: 0.5000 F1: 0.4885 | Train Meta: metadata_norm_mean=4.0614 | Val Meta: metadata_norm_mean=4.0614
Epoch  31/50 | Train Loss: 0.6877 Acc: 0.5437 F1: 0.5436 | Val Loss: 0.6883 Acc: 0.5250 F1: 0.4997 | Train Meta: metadata_norm_mean=4.0614 | Val Meta: metadata_norm_mean=4.0614
Epoch  32/50 | Train Loss: 0.6849 Acc: 0.5563 F1: 0.5469 | Val Loss: 0.7131 Acc: 0.4500 F1: 0.3956 | Train Meta: metadata_norm_mean=4.0614 | Val Meta: metadata_norm_mean=4.0614
Epoch  33/50 | Train Loss: 0.6878 Acc: 0.5312 F1: 0.4910 | Val Loss: 0.6892 Acc: 0.5500 F1: 0.5396 | Train Meta: metadata_norm_mean=4.0614 | Val Meta: metadata_norm_mean=4.0614
Epoch  34/50 | Train Loss: 0.6957 Acc: 0.5062 F1: 0.5019 | Val Loss: 0.6937 Acc: 0.5500 F1: 0.5489 | Train Meta: metadata_norm_mean=4.0614 | Val Meta: metadata_norm_mean=4.0614
Epoch  35/50 | Train Loss: 0.7255 Acc: 0.5188 F1: 0.4733 | Val Loss: 0.6966 Acc: 0.5000 F1: 0.4987 | Train Meta: metadata_norm_mean=4.0614 | Val Meta: metadata_norm_mean=4.0614
Epoch  36/50 | Train Loss: 0.7024 Acc: 0.4938 F1: 0.4414 | Val Loss: 0.7046 Acc: 0.5250 F1: 0.5100 | Train Meta: metadata_norm_mean=4.0614 | Val Meta: metadata_norm_mean=4.0614
Epoch  37/50 | Train Loss: 0.7012 Acc: 0.5062 F1: 0.4939 | Val Loss: 0.6943 Acc: 0.5500 F1: 0.5489 | Train Meta: metadata_norm_mean=4.0614 | Val Meta: metadata_norm_mean=4.0614
Epoch  38/50 | Train Loss: 0.6848 Acc: 0.5437 F1: 0.5416 | Val Loss: 0.7184 Acc: 0.4750 F1: 0.4130 | Train Meta: metadata_norm_mean=4.0614 | Val Meta: metadata_norm_mean=4.0614
Epoch  39/50 | Train Loss: 0.6943 Acc: 0.5563 F1: 0.5217 | Val Loss: 0.6924 Acc: 0.5500 F1: 0.5455 | Train Meta: metadata_norm_mean=4.0614 | Val Meta: metadata_norm_mean=4.0614
Epoch  40/50 | Train Loss: 0.6849 Acc: 0.5875 F1: 0.5872 | Val Loss: 0.7085 Acc: 0.5000 F1: 0.4885 | Train Meta: metadata_norm_mean=4.0614 | Val Meta: metadata_norm_mean=4.0614
Epoch  41/50 | Train Loss: 0.6953 Acc: 0.5312 F1: 0.5281 | Val Loss: 0.7040 Acc: 0.5500 F1: 0.5455 | Train Meta: metadata_norm_mean=4.0614 | Val Meta: metadata_norm_mean=4.0614
Epoch  42/50 | Train Loss: 0.7094 Acc: 0.5250 F1: 0.4898 | Val Loss: 0.6915 Acc: 0.5250 F1: 0.4861 | Train Meta: metadata_norm_mean=4.0614 | Val Meta: metadata_norm_mean=4.0614
Epoch  43/50 | Train Loss: 0.7016 Acc: 0.5750 F1: 0.5652 | Val Loss: 0.7149 Acc: 0.4750 F1: 0.4584 | Train Meta: metadata_norm_mean=4.0614 | Val Meta: metadata_norm_mean=4.0614
Epoch  44/50 | Train Loss: 0.7001 Acc: 0.5125 F1: 0.5087 | Val Loss: 0.6973 Acc: 0.5000 F1: 0.4987 | Train Meta: metadata_norm_mean=4.0614 | Val Meta: metadata_norm_mean=4.0614
Epoch  45/50 | Train Loss: 0.6844 Acc: 0.5437 F1: 0.4965 | Val Loss: 0.7131 Acc: 0.4750 F1: 0.4584 | Train Meta: metadata_norm_mean=4.0614 | Val Meta: metadata_norm_mean=4.0614
Epoch  46/50 | Train Loss: 0.6929 Acc: 0.5437 F1: 0.5397 | Val Loss: 0.6963 Acc: 0.5250 F1: 0.5223 | Train Meta: metadata_norm_mean=4.0614 | Val Meta: metadata_norm_mean=4.0614
Epoch  47/50 | Train Loss: 0.6874 Acc: 0.5875 F1: 0.5763 | Val Loss: 0.7084 Acc: 0.4500 F1: 0.4373 | Train Meta: metadata_norm_mean=4.0614 | Val Meta: metadata_norm_mean=4.0614
Epoch  48/50 | Train Loss: 0.6886 Acc: 0.5375 F1: 0.5374 | Val Loss: 0.6977 Acc: 0.5250 F1: 0.5223 | Train Meta: metadata_norm_mean=4.0614 | Val Meta: metadata_norm_mean=4.0614
Epoch  49/50 | Train Loss: 0.6892 Acc: 0.5375 F1: 0.4958 | Val Loss: 0.7151 Acc: 0.4500 F1: 0.4271 | Train Meta: metadata_norm_mean=4.0614 | Val Meta: metadata_norm_mean=4.0614
Epoch  50/50 | Train Loss: 0.6900 Acc: 0.5375 F1: 0.5368 | Val Loss: 0.6902 Acc: 0.5000 F1: 0.4792 | Train Meta: metadata_norm_mean=4.0614 | Val Meta: metadata_norm_mean=4.0614

Random Encoder Classification Result (SelfRegulationSCP2)
Accuracy : 0.516667
F1 (macro): 0.501893
Text metadata preview | dataset=SpokenArabicDigits | domain=UEA | channels=13
   - channel_1: In the UEA domain, this channel belongs to the SpokenArabicDigits dataset and represents the feature channel 1.
   - channel_2: In the UEA domain, this channel belongs to the SpokenArabicDigits dataset and represents the feature channel 2.
   - ... (11 more channel descriptions)
Stats metadata preview | dataset=SpokenArabicDigits | domain=UEA | channels=13
   - channel_1: Channel statistics over the training split: mean value is -0.000, standard deviation is 0.998, minimum value is -5.499, maximum value is 4.005, median value is -0.412, and mean absolute value is 0.748.
/data/pjh_workspace/ts-env/lib/python3.8/site-packages/torch/nn/modules/transformer.py:307: UserWarning: enable_nested_tensor is True, but self.use_nested_tensor is False because encoder_layer.norm_first was True
  warnings.warn(f"enable_nested_tensor is True, but self.use_nested_tensor is False because {why_not_sparsity_fast_path}")
==================================================
🚀 Architecture: LAYA Random Encoder
📊 Target Dataset: SpokenArabicDigits (Channels: 13)
📊 Classes: 10 | Sequence Length: 93
==================================================
✅ Encoder is RANDOMLY initialized and FROZEN (Linear Probing mode).
Epoch   1/50 | Train Loss: 1.9716 Acc: 0.2862 F1: 0.2735 | Val Loss: 1.8786 Acc: 0.3230 F1: 0.2519 | Train Meta: metadata_norm_mean=3.9749 | Val Meta: metadata_norm_mean=3.9749
Epoch   2/50 | Train Loss: 1.8421 Acc: 0.3547 F1: 0.3393 | Val Loss: 1.8368 Acc: 0.3609 F1: 0.3188 | Train Meta: metadata_norm_mean=3.9749 | Val Meta: metadata_norm_mean=3.9749
Epoch   3/50 | Train Loss: 1.8036 Acc: 0.3716 F1: 0.3612 | Val Loss: 1.7855 Acc: 0.3813 F1: 0.3517 | Train Meta: metadata_norm_mean=3.9749 | Val Meta: metadata_norm_mean=3.9749
Epoch   4/50 | Train Loss: 1.7606 Acc: 0.4006 F1: 0.3903 | Val Loss: 1.7596 Acc: 0.4049 F1: 0.3733 | Train Meta: metadata_norm_mean=3.9749 | Val Meta: metadata_norm_mean=3.9749
Epoch   5/50 | Train Loss: 1.7323 Acc: 0.4206 F1: 0.4119 | Val Loss: 1.7496 Acc: 0.4041 F1: 0.3678 | Train Meta: metadata_norm_mean=3.9749 | Val Meta: metadata_norm_mean=3.9749
Epoch   6/50 | Train Loss: 1.7165 Acc: 0.4165 F1: 0.4077 | Val Loss: 1.7287 Acc: 0.4049 F1: 0.3454 | Train Meta: metadata_norm_mean=3.9749 | Val Meta: metadata_norm_mean=3.9749
Epoch   7/50 | Train Loss: 1.6969 Acc: 0.4267 F1: 0.4180 | Val Loss: 1.6863 Acc: 0.4359 F1: 0.3963 | Train Meta: metadata_norm_mean=3.9749 | Val Meta: metadata_norm_mean=3.9749
Epoch   8/50 | Train Loss: 1.6787 Acc: 0.4347 F1: 0.4275 | Val Loss: 1.6671 Acc: 0.4640 F1: 0.4441 | Train Meta: metadata_norm_mean=3.9749 | Val Meta: metadata_norm_mean=3.9749
Epoch   9/50 | Train Loss: 1.6588 Acc: 0.4479 F1: 0.4384 | Val Loss: 1.6585 Acc: 0.4375 F1: 0.3983 | Train Meta: metadata_norm_mean=3.9749 | Val Meta: metadata_norm_mean=3.9749
Epoch  10/50 | Train Loss: 1.6445 Acc: 0.4572 F1: 0.4500 | Val Loss: 1.6176 Acc: 0.4526 F1: 0.4347 | Train Meta: metadata_norm_mean=3.9749 | Val Meta: metadata_norm_mean=3.9749
Epoch  11/50 | Train Loss: 1.6352 Acc: 0.4589 F1: 0.4508 | Val Loss: 1.6084 Acc: 0.4602 F1: 0.4516 | Train Meta: metadata_norm_mean=3.9749 | Val Meta: metadata_norm_mean=3.9749
Epoch  12/50 | Train Loss: 1.6240 Acc: 0.4716 F1: 0.4647 | Val Loss: 1.6451 Acc: 0.4435 F1: 0.4163 | Train Meta: metadata_norm_mean=3.9749 | Val Meta: metadata_norm_mean=3.9749
Epoch  13/50 | Train Loss: 1.6117 Acc: 0.4716 F1: 0.4645 | Val Loss: 1.6097 Acc: 0.4625 F1: 0.4418 | Train Meta: metadata_norm_mean=3.9749 | Val Meta: metadata_norm_mean=3.9749
Epoch  14/50 | Train Loss: 1.6000 Acc: 0.4729 F1: 0.4661 | Val Loss: 1.6074 Acc: 0.4746 F1: 0.4590 | Train Meta: metadata_norm_mean=3.9749 | Val Meta: metadata_norm_mean=3.9749
Epoch  15/50 | Train Loss: 1.5886 Acc: 0.4835 F1: 0.4760 | Val Loss: 1.6025 Acc: 0.4829 F1: 0.4797 | Train Meta: metadata_norm_mean=3.9749 | Val Meta: metadata_norm_mean=3.9749
Epoch  16/50 | Train Loss: 1.5861 Acc: 0.4777 F1: 0.4702 | Val Loss: 1.5854 Acc: 0.4663 F1: 0.4503 | Train Meta: metadata_norm_mean=3.9749 | Val Meta: metadata_norm_mean=3.9749
Epoch  17/50 | Train Loss: 1.5689 Acc: 0.4845 F1: 0.4775 | Val Loss: 1.5888 Acc: 0.4996 F1: 0.4933 | Train Meta: metadata_norm_mean=3.9749 | Val Meta: metadata_norm_mean=3.9749
Epoch  18/50 | Train Loss: 1.5562 Acc: 0.4928 F1: 0.4857 | Val Loss: 1.5630 Acc: 0.4784 F1: 0.4664 | Train Meta: metadata_norm_mean=3.9749 | Val Meta: metadata_norm_mean=3.9749
Epoch  19/50 | Train Loss: 1.5475 Acc: 0.5025 F1: 0.4954 | Val Loss: 1.5811 Acc: 0.4473 F1: 0.4145 | Train Meta: metadata_norm_mean=3.9749 | Val Meta: metadata_norm_mean=3.9749
Epoch  20/50 | Train Loss: 1.5465 Acc: 0.4953 F1: 0.4883 | Val Loss: 1.5349 Acc: 0.5080 F1: 0.4997 | Train Meta: metadata_norm_mean=3.9749 | Val Meta: metadata_norm_mean=3.9749
Epoch  21/50 | Train Loss: 1.5407 Acc: 0.5002 F1: 0.4934 | Val Loss: 1.5202 Acc: 0.5110 F1: 0.5013 | Train Meta: metadata_norm_mean=3.9749 | Val Meta: metadata_norm_mean=3.9749
Epoch  22/50 | Train Loss: 1.5223 Acc: 0.5098 F1: 0.5034 | Val Loss: 1.5391 Acc: 0.4708 F1: 0.4593 | Train Meta: metadata_norm_mean=3.9749 | Val Meta: metadata_norm_mean=3.9749
Epoch  23/50 | Train Loss: 1.5241 Acc: 0.5068 F1: 0.5005 | Val Loss: 1.5161 Acc: 0.5064 F1: 0.4916 | Train Meta: metadata_norm_mean=3.9749 | Val Meta: metadata_norm_mean=3.9749
Epoch  24/50 | Train Loss: 1.5131 Acc: 0.5178 F1: 0.5105 | Val Loss: 1.5325 Acc: 0.4754 F1: 0.4643 | Train Meta: metadata_norm_mean=3.9749 | Val Meta: metadata_norm_mean=3.9749
Epoch  25/50 | Train Loss: 1.5070 Acc: 0.5081 F1: 0.5015 | Val Loss: 1.5116 Acc: 0.4943 F1: 0.4923 | Train Meta: metadata_norm_mean=3.9749 | Val Meta: metadata_norm_mean=3.9749
Epoch  26/50 | Train Loss: 1.4973 Acc: 0.5188 F1: 0.5121 | Val Loss: 1.5153 Acc: 0.5140 F1: 0.5125 | Train Meta: metadata_norm_mean=3.9749 | Val Meta: metadata_norm_mean=3.9749
Epoch  27/50 | Train Loss: 1.4949 Acc: 0.5231 F1: 0.5169 | Val Loss: 1.5199 Acc: 0.4936 F1: 0.4578 | Train Meta: metadata_norm_mean=3.9749 | Val Meta: metadata_norm_mean=3.9749
Epoch  28/50 | Train Loss: 1.4814 Acc: 0.5246 F1: 0.5181 | Val Loss: 1.4930 Acc: 0.5239 F1: 0.5091 | Train Meta: metadata_norm_mean=3.9749 | Val Meta: metadata_norm_mean=3.9749
Epoch  29/50 | Train Loss: 1.4796 Acc: 0.5246 F1: 0.5185 | Val Loss: 1.5048 Acc: 0.4920 F1: 0.4607 | Train Meta: metadata_norm_mean=3.9749 | Val Meta: metadata_norm_mean=3.9749
Epoch  30/50 | Train Loss: 1.4763 Acc: 0.5244 F1: 0.5181 | Val Loss: 1.5000 Acc: 0.5277 F1: 0.5172 | Train Meta: metadata_norm_mean=3.9749 | Val Meta: metadata_norm_mean=3.9749
Epoch  31/50 | Train Loss: 1.4701 Acc: 0.5328 F1: 0.5268 | Val Loss: 1.4893 Acc: 0.5186 F1: 0.5034 | Train Meta: metadata_norm_mean=3.9749 | Val Meta: metadata_norm_mean=3.9749
Epoch  32/50 | Train Loss: 1.4556 Acc: 0.5366 F1: 0.5303 | Val Loss: 1.5263 Acc: 0.4845 F1: 0.4562 | Train Meta: metadata_norm_mean=3.9749 | Val Meta: metadata_norm_mean=3.9749
Epoch  33/50 | Train Loss: 1.4560 Acc: 0.5299 F1: 0.5239 | Val Loss: 1.4756 Acc: 0.5208 F1: 0.5187 | Train Meta: metadata_norm_mean=3.9749 | Val Meta: metadata_norm_mean=3.9749
Epoch  34/50 | Train Loss: 1.4495 Acc: 0.5375 F1: 0.5313 | Val Loss: 1.4618 Acc: 0.5337 F1: 0.5245 | Train Meta: metadata_norm_mean=3.9749 | Val Meta: metadata_norm_mean=3.9749
Epoch  35/50 | Train Loss: 1.4444 Acc: 0.5394 F1: 0.5335 | Val Loss: 1.4655 Acc: 0.5299 F1: 0.5113 | Train Meta: metadata_norm_mean=3.9749 | Val Meta: metadata_norm_mean=3.9749
Epoch  36/50 | Train Loss: 1.4424 Acc: 0.5405 F1: 0.5340 | Val Loss: 1.4488 Acc: 0.5451 F1: 0.5337 | Train Meta: metadata_norm_mean=3.9749 | Val Meta: metadata_norm_mean=3.9749
Epoch  37/50 | Train Loss: 1.4334 Acc: 0.5420 F1: 0.5358 | Val Loss: 1.4458 Acc: 0.5572 F1: 0.5485 | Train Meta: metadata_norm_mean=3.9749 | Val Meta: metadata_norm_mean=3.9749
Epoch  38/50 | Train Loss: 1.4311 Acc: 0.5437 F1: 0.5379 | Val Loss: 1.4491 Acc: 0.5216 F1: 0.5144 | Train Meta: metadata_norm_mean=3.9749 | Val Meta: metadata_norm_mean=3.9749
Epoch  39/50 | Train Loss: 1.4232 Acc: 0.5479 F1: 0.5423 | Val Loss: 1.4449 Acc: 0.5277 F1: 0.5187 | Train Meta: metadata_norm_mean=3.9749 | Val Meta: metadata_norm_mean=3.9749
Epoch  40/50 | Train Loss: 1.4206 Acc: 0.5513 F1: 0.5459 | Val Loss: 1.4349 Acc: 0.5345 F1: 0.5238 | Train Meta: metadata_norm_mean=3.9749 | Val Meta: metadata_norm_mean=3.9749
Epoch  41/50 | Train Loss: 1.4124 Acc: 0.5468 F1: 0.5407 | Val Loss: 1.4346 Acc: 0.5406 F1: 0.5340 | Train Meta: metadata_norm_mean=3.9749 | Val Meta: metadata_norm_mean=3.9749
Epoch  42/50 | Train Loss: 1.4081 Acc: 0.5513 F1: 0.5450 | Val Loss: 1.4474 Acc: 0.5171 F1: 0.5085 | Train Meta: metadata_norm_mean=3.9749 | Val Meta: metadata_norm_mean=3.9749
Epoch  43/50 | Train Loss: 1.4049 Acc: 0.5549 F1: 0.5493 | Val Loss: 1.4298 Acc: 0.5497 F1: 0.5457 | Train Meta: metadata_norm_mean=3.9749 | Val Meta: metadata_norm_mean=3.9749
Epoch  44/50 | Train Loss: 1.3979 Acc: 0.5521 F1: 0.5466 | Val Loss: 1.4327 Acc: 0.5466 F1: 0.5318 | Train Meta: metadata_norm_mean=3.9749 | Val Meta: metadata_norm_mean=3.9749
Epoch  45/50 | Train Loss: 1.3996 Acc: 0.5568 F1: 0.5508 | Val Loss: 1.4437 Acc: 0.5390 F1: 0.5179 | Train Meta: metadata_norm_mean=3.9749 | Val Meta: metadata_norm_mean=3.9749
Epoch  46/50 | Train Loss: 1.3937 Acc: 0.5576 F1: 0.5521 | Val Loss: 1.4142 Acc: 0.5497 F1: 0.5382 | Train Meta: metadata_norm_mean=3.9749 | Val Meta: metadata_norm_mean=3.9749
Epoch  47/50 | Train Loss: 1.3895 Acc: 0.5583 F1: 0.5524 | Val Loss: 1.4164 Acc: 0.5421 F1: 0.5311 | Train Meta: metadata_norm_mean=3.9749 | Val Meta: metadata_norm_mean=3.9749
Epoch  48/50 | Train Loss: 1.3836 Acc: 0.5600 F1: 0.5548 | Val Loss: 1.4108 Acc: 0.5542 F1: 0.5384 | Train Meta: metadata_norm_mean=3.9749 | Val Meta: metadata_norm_mean=3.9749
Epoch  49/50 | Train Loss: 1.3778 Acc: 0.5663 F1: 0.5604 | Val Loss: 1.4103 Acc: 0.5565 F1: 0.5467 | Train Meta: metadata_norm_mean=3.9749 | Val Meta: metadata_norm_mean=3.9749
Epoch  50/50 | Train Loss: 1.3788 Acc: 0.5604 F1: 0.5554 | Val Loss: 1.4243 Acc: 0.5436 F1: 0.5324 | Train Meta: metadata_norm_mean=3.9749 | Val Meta: metadata_norm_mean=3.9749

Random Encoder Classification Result (SpokenArabicDigits)
Accuracy : 0.142792
F1 (macro): 0.109735
Text metadata preview | dataset=UWaveGestureLibrary | domain=UEA | channels=3
   - channel_1: In the UEA domain, this channel belongs to the UWaveGestureLibrary dataset and represents the feature channel 1.
   - channel_2: In the UEA domain, this channel belongs to the UWaveGestureLibrary dataset and represents the feature channel 2.
   - ... (1 more channel descriptions)
Stats metadata preview | dataset=UWaveGestureLibrary | domain=UEA | channels=3
   - channel_1: Channel statistics over the training split: mean value is 0.000, standard deviation is 1.000, minimum value is -3.292, maximum value is 3.158, median value is -0.003, and mean absolute value is 0.833.
/data/pjh_workspace/ts-env/lib/python3.8/site-packages/torch/nn/modules/transformer.py:307: UserWarning: enable_nested_tensor is True, but self.use_nested_tensor is False because encoder_layer.norm_first was True
  warnings.warn(f"enable_nested_tensor is True, but self.use_nested_tensor is False because {why_not_sparsity_fast_path}")
==================================================
🚀 Architecture: LAYA Random Encoder
📊 Target Dataset: UWaveGestureLibrary (Channels: 3)
📊 Classes: 8 | Sequence Length: 315
==================================================
✅ Encoder is RANDOMLY initialized and FROZEN (Linear Probing mode).
Epoch   1/50 | Train Loss: 2.2097 Acc: 0.1146 F1: 0.0468 | Val Loss: 2.2624 Acc: 0.0417 F1: 0.0132 | Train Meta: metadata_norm_mean=4.0054 | Val Meta: metadata_norm_mean=4.0054
Epoch   2/50 | Train Loss: 2.1547 Acc: 0.0729 F1: 0.0426 | Val Loss: 2.0936 Acc: 0.1250 F1: 0.0300 | Train Meta: metadata_norm_mean=4.0054 | Val Meta: metadata_norm_mean=4.0054
Epoch   3/50 | Train Loss: 2.0906 Acc: 0.1458 F1: 0.0585 | Val Loss: 2.1169 Acc: 0.1667 F1: 0.0913 | Train Meta: metadata_norm_mean=4.0054 | Val Meta: metadata_norm_mean=4.0054
Epoch   4/50 | Train Loss: 2.0714 Acc: 0.1562 F1: 0.1067 | Val Loss: 2.1722 Acc: 0.0833 F1: 0.0739 | Train Meta: metadata_norm_mean=4.0054 | Val Meta: metadata_norm_mean=4.0054
Epoch   5/50 | Train Loss: 2.0640 Acc: 0.1875 F1: 0.1111 | Val Loss: 2.1305 Acc: 0.0833 F1: 0.0192 | Train Meta: metadata_norm_mean=4.0054 | Val Meta: metadata_norm_mean=4.0054
Epoch   6/50 | Train Loss: 2.0333 Acc: 0.1771 F1: 0.0688 | Val Loss: 2.0942 Acc: 0.0417 F1: 0.0278 | Train Meta: metadata_norm_mean=4.0054 | Val Meta: metadata_norm_mean=4.0054
Epoch   7/50 | Train Loss: 2.0284 Acc: 0.1667 F1: 0.0690 | Val Loss: 2.0976 Acc: 0.1250 F1: 0.0748 | Train Meta: metadata_norm_mean=4.0054 | Val Meta: metadata_norm_mean=4.0054
Epoch   8/50 | Train Loss: 2.0180 Acc: 0.1354 F1: 0.0765 | Val Loss: 2.1080 Acc: 0.0417 F1: 0.0227 | Train Meta: metadata_norm_mean=4.0054 | Val Meta: metadata_norm_mean=4.0054
Epoch   9/50 | Train Loss: 2.0185 Acc: 0.2083 F1: 0.1678 | Val Loss: 2.0991 Acc: 0.1667 F1: 0.1263 | Train Meta: metadata_norm_mean=4.0054 | Val Meta: metadata_norm_mean=4.0054
Epoch  10/50 | Train Loss: 2.0013 Acc: 0.2083 F1: 0.1665 | Val Loss: 2.0576 Acc: 0.0833 F1: 0.0833 | Train Meta: metadata_norm_mean=4.0054 | Val Meta: metadata_norm_mean=4.0054
Epoch  11/50 | Train Loss: 1.9861 Acc: 0.2083 F1: 0.1397 | Val Loss: 2.0761 Acc: 0.0833 F1: 0.0505 | Train Meta: metadata_norm_mean=4.0054 | Val Meta: metadata_norm_mean=4.0054
Epoch  12/50 | Train Loss: 1.9819 Acc: 0.2083 F1: 0.1552 | Val Loss: 2.0492 Acc: 0.2917 F1: 0.2625 | Train Meta: metadata_norm_mean=4.0054 | Val Meta: metadata_norm_mean=4.0054
Epoch  13/50 | Train Loss: 1.9758 Acc: 0.1875 F1: 0.1747 | Val Loss: 2.0772 Acc: 0.1667 F1: 0.1208 | Train Meta: metadata_norm_mean=4.0054 | Val Meta: metadata_norm_mean=4.0054
Epoch  14/50 | Train Loss: 1.9943 Acc: 0.1875 F1: 0.1690 | Val Loss: 2.0808 Acc: 0.2083 F1: 0.1711 | Train Meta: metadata_norm_mean=4.0054 | Val Meta: metadata_norm_mean=4.0054
Epoch  15/50 | Train Loss: 1.9555 Acc: 0.2292 F1: 0.1598 | Val Loss: 2.0004 Acc: 0.1667 F1: 0.1111 | Train Meta: metadata_norm_mean=4.0054 | Val Meta: metadata_norm_mean=4.0054
Epoch  16/50 | Train Loss: 1.9648 Acc: 0.2188 F1: 0.1751 | Val Loss: 2.0149 Acc: 0.2500 F1: 0.2202 | Train Meta: metadata_norm_mean=4.0054 | Val Meta: metadata_norm_mean=4.0054
Epoch  17/50 | Train Loss: 1.9440 Acc: 0.1875 F1: 0.1640 | Val Loss: 2.0662 Acc: 0.1667 F1: 0.1708 | Train Meta: metadata_norm_mean=4.0054 | Val Meta: metadata_norm_mean=4.0054
Epoch  18/50 | Train Loss: 1.9301 Acc: 0.2083 F1: 0.1788 | Val Loss: 2.0702 Acc: 0.0417 F1: 0.0625 | Train Meta: metadata_norm_mean=4.0054 | Val Meta: metadata_norm_mean=4.0054
Epoch  19/50 | Train Loss: 1.9255 Acc: 0.2292 F1: 0.1783 | Val Loss: 2.0064 Acc: 0.1667 F1: 0.1208 | Train Meta: metadata_norm_mean=4.0054 | Val Meta: metadata_norm_mean=4.0054
Epoch  20/50 | Train Loss: 1.9147 Acc: 0.2812 F1: 0.2000 | Val Loss: 1.9725 Acc: 0.2917 F1: 0.2189 | Train Meta: metadata_norm_mean=4.0054 | Val Meta: metadata_norm_mean=4.0054
Epoch  21/50 | Train Loss: 1.9133 Acc: 0.2604 F1: 0.2055 | Val Loss: 2.0023 Acc: 0.2917 F1: 0.2846 | Train Meta: metadata_norm_mean=4.0054 | Val Meta: metadata_norm_mean=4.0054
Epoch  22/50 | Train Loss: 1.9248 Acc: 0.1562 F1: 0.1309 | Val Loss: 2.0615 Acc: 0.1250 F1: 0.0875 | Train Meta: metadata_norm_mean=4.0054 | Val Meta: metadata_norm_mean=4.0054
Epoch  23/50 | Train Loss: 1.9010 Acc: 0.2604 F1: 0.2401 | Val Loss: 2.0425 Acc: 0.1250 F1: 0.0986 | Train Meta: metadata_norm_mean=4.0054 | Val Meta: metadata_norm_mean=4.0054
Epoch  24/50 | Train Loss: 1.9116 Acc: 0.2708 F1: 0.1793 | Val Loss: 1.9650 Acc: 0.1250 F1: 0.0635 | Train Meta: metadata_norm_mean=4.0054 | Val Meta: metadata_norm_mean=4.0054
Epoch  25/50 | Train Loss: 1.8967 Acc: 0.2917 F1: 0.2603 | Val Loss: 1.9506 Acc: 0.1667 F1: 0.1111 | Train Meta: metadata_norm_mean=4.0054 | Val Meta: metadata_norm_mean=4.0054
Epoch  26/50 | Train Loss: 1.8848 Acc: 0.2292 F1: 0.2241 | Val Loss: 1.9916 Acc: 0.1250 F1: 0.0833 | Train Meta: metadata_norm_mean=4.0054 | Val Meta: metadata_norm_mean=4.0054
Epoch  27/50 | Train Loss: 1.8758 Acc: 0.2604 F1: 0.2200 | Val Loss: 1.9861 Acc: 0.2917 F1: 0.2557 | Train Meta: metadata_norm_mean=4.0054 | Val Meta: metadata_norm_mean=4.0054
Epoch  28/50 | Train Loss: 1.8974 Acc: 0.2500 F1: 0.2192 | Val Loss: 2.0268 Acc: 0.2083 F1: 0.1646 | Train Meta: metadata_norm_mean=4.0054 | Val Meta: metadata_norm_mean=4.0054
Epoch  29/50 | Train Loss: 1.8728 Acc: 0.2917 F1: 0.2218 | Val Loss: 1.9609 Acc: 0.0417 F1: 0.0208 | Train Meta: metadata_norm_mean=4.0054 | Val Meta: metadata_norm_mean=4.0054
Epoch  30/50 | Train Loss: 1.8567 Acc: 0.2812 F1: 0.2575 | Val Loss: 1.9478 Acc: 0.2917 F1: 0.3065 | Train Meta: metadata_norm_mean=4.0054 | Val Meta: metadata_norm_mean=4.0054
Epoch  31/50 | Train Loss: 1.8527 Acc: 0.2396 F1: 0.1800 | Val Loss: 1.9709 Acc: 0.3333 F1: 0.3391 | Train Meta: metadata_norm_mean=4.0054 | Val Meta: metadata_norm_mean=4.0054
Epoch  32/50 | Train Loss: 1.8360 Acc: 0.3021 F1: 0.2752 | Val Loss: 1.9628 Acc: 0.2917 F1: 0.2429 | Train Meta: metadata_norm_mean=4.0054 | Val Meta: metadata_norm_mean=4.0054
Epoch  33/50 | Train Loss: 1.8459 Acc: 0.3229 F1: 0.2592 | Val Loss: 1.9282 Acc: 0.2500 F1: 0.1964 | Train Meta: metadata_norm_mean=4.0054 | Val Meta: metadata_norm_mean=4.0054
Epoch  34/50 | Train Loss: 1.8424 Acc: 0.3021 F1: 0.2378 | Val Loss: 1.9579 Acc: 0.1250 F1: 0.1102 | Train Meta: metadata_norm_mean=4.0054 | Val Meta: metadata_norm_mean=4.0054
Epoch  35/50 | Train Loss: 1.8268 Acc: 0.3021 F1: 0.2862 | Val Loss: 1.9561 Acc: 0.2917 F1: 0.2540 | Train Meta: metadata_norm_mean=4.0054 | Val Meta: metadata_norm_mean=4.0054
Epoch  36/50 | Train Loss: 1.8215 Acc: 0.3021 F1: 0.2876 | Val Loss: 1.9625 Acc: 0.2917 F1: 0.2571 | Train Meta: metadata_norm_mean=4.0054 | Val Meta: metadata_norm_mean=4.0054
Epoch  37/50 | Train Loss: 1.8252 Acc: 0.2917 F1: 0.2570 | Val Loss: 1.9237 Acc: 0.2083 F1: 0.1736 | Train Meta: metadata_norm_mean=4.0054 | Val Meta: metadata_norm_mean=4.0054
Epoch  38/50 | Train Loss: 1.8120 Acc: 0.3438 F1: 0.3354 | Val Loss: 1.9239 Acc: 0.2083 F1: 0.1958 | Train Meta: metadata_norm_mean=4.0054 | Val Meta: metadata_norm_mean=4.0054
Epoch  39/50 | Train Loss: 1.8191 Acc: 0.2188 F1: 0.2028 | Val Loss: 1.9530 Acc: 0.1250 F1: 0.0767 | Train Meta: metadata_norm_mean=4.0054 | Val Meta: metadata_norm_mean=4.0054
Epoch  40/50 | Train Loss: 1.7990 Acc: 0.3333 F1: 0.3178 | Val Loss: 1.9372 Acc: 0.2500 F1: 0.2321 | Train Meta: metadata_norm_mean=4.0054 | Val Meta: metadata_norm_mean=4.0054
Epoch  41/50 | Train Loss: 1.8084 Acc: 0.3229 F1: 0.2568 | Val Loss: 1.9345 Acc: 0.2083 F1: 0.1557 | Train Meta: metadata_norm_mean=4.0054 | Val Meta: metadata_norm_mean=4.0054
Epoch  42/50 | Train Loss: 1.8098 Acc: 0.3438 F1: 0.3143 | Val Loss: 1.9087 Acc: 0.2500 F1: 0.2528 | Train Meta: metadata_norm_mean=4.0054 | Val Meta: metadata_norm_mean=4.0054
Epoch  43/50 | Train Loss: 1.7931 Acc: 0.3646 F1: 0.3626 | Val Loss: 1.9214 Acc: 0.2083 F1: 0.2170 | Train Meta: metadata_norm_mean=4.0054 | Val Meta: metadata_norm_mean=4.0054
Epoch  44/50 | Train Loss: 1.7980 Acc: 0.3542 F1: 0.3601 | Val Loss: 1.9159 Acc: 0.3333 F1: 0.2642 | Train Meta: metadata_norm_mean=4.0054 | Val Meta: metadata_norm_mean=4.0054
Epoch  45/50 | Train Loss: 1.8040 Acc: 0.3542 F1: 0.2994 | Val Loss: 1.9582 Acc: 0.2500 F1: 0.1946 | Train Meta: metadata_norm_mean=4.0054 | Val Meta: metadata_norm_mean=4.0054
Epoch  46/50 | Train Loss: 1.7839 Acc: 0.3229 F1: 0.3156 | Val Loss: 1.9017 Acc: 0.2917 F1: 0.2821 | Train Meta: metadata_norm_mean=4.0054 | Val Meta: metadata_norm_mean=4.0054
Epoch  47/50 | Train Loss: 1.7800 Acc: 0.2917 F1: 0.3025 | Val Loss: 1.9053 Acc: 0.2500 F1: 0.2036 | Train Meta: metadata_norm_mean=4.0054 | Val Meta: metadata_norm_mean=4.0054
Epoch  48/50 | Train Loss: 1.7866 Acc: 0.4167 F1: 0.4009 | Val Loss: 1.8591 Acc: 0.3750 F1: 0.3420 | Train Meta: metadata_norm_mean=4.0054 | Val Meta: metadata_norm_mean=4.0054
Epoch  49/50 | Train Loss: 1.7860 Acc: 0.3646 F1: 0.3358 | Val Loss: 1.9140 Acc: 0.2500 F1: 0.2321 | Train Meta: metadata_norm_mean=4.0054 | Val Meta: metadata_norm_mean=4.0054
Epoch  50/50 | Train Loss: 1.7784 Acc: 0.2917 F1: 0.2607 | Val Loss: 1.9354 Acc: 0.2500 F1: 0.2113 | Train Meta: metadata_norm_mean=4.0054 | Val Meta: metadata_norm_mean=4.0054

Random Encoder Classification Result (UWaveGestureLibrary)
Accuracy : 0.362500
F1 (macro): 0.341276
Text metadata preview | dataset=ECG200 | domain=UCR | channels=1
   - channel_1: In the UCR domain, this channel belongs to the ECG200 dataset and represents the feature channel 1.
Stats metadata preview | dataset=ECG200 | domain=UCR | channels=1
   - channel_1: Channel statistics over the training split: mean value is 0.000, standard deviation is 1.000, minimum value is -2.631, maximum value is 4.221, median value is 0.224, and mean absolute value is 0.782.
/data/pjh_workspace/ts-env/lib/python3.8/site-packages/torch/nn/modules/transformer.py:307: UserWarning: enable_nested_tensor is True, but self.use_nested_tensor is False because encoder_layer.norm_first was True
  warnings.warn(f"enable_nested_tensor is True, but self.use_nested_tensor is False because {why_not_sparsity_fast_path}")
==================================================
🚀 Architecture: LAYA Random Encoder
📊 Target Dataset: ECG200 (Channels: 1)
📊 Classes: 2 | Sequence Length: 96
==================================================
✅ Encoder is RANDOMLY initialized and FROZEN (Linear Probing mode).
Epoch   1/50 | Train Loss: 0.5955 Acc: 0.7375 F1: 0.4245 | Val Loss: 0.8359 Acc: 0.5000 F1: 0.3333 | Train Meta: metadata_norm_mean=4.1217 | Val Meta: metadata_norm_mean=4.1217
Epoch   2/50 | Train Loss: 0.5556 Acc: 0.7375 F1: 0.4245 | Val Loss: 0.7130 Acc: 0.5000 F1: 0.3333 | Train Meta: metadata_norm_mean=4.1217 | Val Meta: metadata_norm_mean=4.1217
Epoch   3/50 | Train Loss: 0.5242 Acc: 0.7375 F1: 0.4245 | Val Loss: 0.6750 Acc: 0.5000 F1: 0.3333 | Train Meta: metadata_norm_mean=4.1217 | Val Meta: metadata_norm_mean=4.1217
Epoch   4/50 | Train Loss: 0.5084 Acc: 0.7500 F1: 0.4730 | Val Loss: 0.6900 Acc: 0.5000 F1: 0.3333 | Train Meta: metadata_norm_mean=4.1217 | Val Meta: metadata_norm_mean=4.1217
Epoch   5/50 | Train Loss: 0.4907 Acc: 0.7875 F1: 0.6213 | Val Loss: 0.5362 Acc: 0.7500 F1: 0.7333 | Train Meta: metadata_norm_mean=4.1217 | Val Meta: metadata_norm_mean=4.1217
Epoch   6/50 | Train Loss: 0.4716 Acc: 0.7875 F1: 0.6420 | Val Loss: 0.5548 Acc: 0.6500 F1: 0.6011 | Train Meta: metadata_norm_mean=4.1217 | Val Meta: metadata_norm_mean=4.1217
Epoch   7/50 | Train Loss: 0.4578 Acc: 0.8000 F1: 0.6326 | Val Loss: 0.5875 Acc: 0.6000 F1: 0.5238 | Train Meta: metadata_norm_mean=4.1217 | Val Meta: metadata_norm_mean=4.1217
Epoch   8/50 | Train Loss: 0.4516 Acc: 0.8000 F1: 0.6326 | Val Loss: 0.5505 Acc: 0.6500 F1: 0.6011 | Train Meta: metadata_norm_mean=4.1217 | Val Meta: metadata_norm_mean=4.1217
Epoch   9/50 | Train Loss: 0.4379 Acc: 0.8000 F1: 0.6718 | Val Loss: 0.4637 Acc: 0.8000 F1: 0.8000 | Train Meta: metadata_norm_mean=4.1217 | Val Meta: metadata_norm_mean=4.1217
Epoch  10/50 | Train Loss: 0.4396 Acc: 0.8000 F1: 0.7012 | Val Loss: 0.4864 Acc: 0.7500 F1: 0.7333 | Train Meta: metadata_norm_mean=4.1217 | Val Meta: metadata_norm_mean=4.1217
Epoch  11/50 | Train Loss: 0.4190 Acc: 0.7750 F1: 0.6104 | Val Loss: 0.4989 Acc: 0.7500 F1: 0.7333 | Train Meta: metadata_norm_mean=4.1217 | Val Meta: metadata_norm_mean=4.1217
Epoch  12/50 | Train Loss: 0.4169 Acc: 0.7875 F1: 0.6213 | Val Loss: 0.5031 Acc: 0.7500 F1: 0.7333 | Train Meta: metadata_norm_mean=4.1217 | Val Meta: metadata_norm_mean=4.1217
Epoch  13/50 | Train Loss: 0.4161 Acc: 0.7875 F1: 0.6599 | Val Loss: 0.4558 Acc: 0.8000 F1: 0.7980 | Train Meta: metadata_norm_mean=4.1217 | Val Meta: metadata_norm_mean=4.1217
Epoch  14/50 | Train Loss: 0.4089 Acc: 0.8000 F1: 0.6875 | Val Loss: 0.4626 Acc: 0.8500 F1: 0.8465 | Train Meta: metadata_norm_mean=4.1217 | Val Meta: metadata_norm_mean=4.1217
Epoch  15/50 | Train Loss: 0.4052 Acc: 0.7750 F1: 0.6308 | Val Loss: 0.4664 Acc: 0.8000 F1: 0.7917 | Train Meta: metadata_norm_mean=4.1217 | Val Meta: metadata_norm_mean=4.1217
Epoch  16/50 | Train Loss: 0.3972 Acc: 0.7875 F1: 0.6599 | Val Loss: 0.4621 Acc: 0.8500 F1: 0.8465 | Train Meta: metadata_norm_mean=4.1217 | Val Meta: metadata_norm_mean=4.1217
Epoch  17/50 | Train Loss: 0.3971 Acc: 0.8125 F1: 0.7137 | Val Loss: 0.4261 Acc: 0.8000 F1: 0.7980 | Train Meta: metadata_norm_mean=4.1217 | Val Meta: metadata_norm_mean=4.1217
Epoch  18/50 | Train Loss: 0.3882 Acc: 0.8250 F1: 0.7386 | Val Loss: 0.4486 Acc: 0.8500 F1: 0.8465 | Train Meta: metadata_norm_mean=4.1217 | Val Meta: metadata_norm_mean=4.1217
Epoch  19/50 | Train Loss: 0.3950 Acc: 0.7750 F1: 0.6104 | Val Loss: 0.4848 Acc: 0.7500 F1: 0.7333 | Train Meta: metadata_norm_mean=4.1217 | Val Meta: metadata_norm_mean=4.1217
Epoch  20/50 | Train Loss: 0.3784 Acc: 0.8000 F1: 0.6718 | Val Loss: 0.4363 Acc: 0.8500 F1: 0.8465 | Train Meta: metadata_norm_mean=4.1217 | Val Meta: metadata_norm_mean=4.1217
Epoch  21/50 | Train Loss: 0.3753 Acc: 0.8125 F1: 0.7257 | Val Loss: 0.4045 Acc: 0.8000 F1: 0.8000 | Train Meta: metadata_norm_mean=4.1217 | Val Meta: metadata_norm_mean=4.1217
Epoch  22/50 | Train Loss: 0.3845 Acc: 0.8000 F1: 0.7239 | Val Loss: 0.4088 Acc: 0.8500 F1: 0.8496 | Train Meta: metadata_norm_mean=4.1217 | Val Meta: metadata_norm_mean=4.1217
Epoch  23/50 | Train Loss: 0.3748 Acc: 0.8125 F1: 0.6999 | Val Loss: 0.4888 Acc: 0.7500 F1: 0.7333 | Train Meta: metadata_norm_mean=4.1217 | Val Meta: metadata_norm_mean=4.1217
Epoch  24/50 | Train Loss: 0.3776 Acc: 0.8125 F1: 0.6658 | Val Loss: 0.4505 Acc: 0.8500 F1: 0.8465 | Train Meta: metadata_norm_mean=4.1217 | Val Meta: metadata_norm_mean=4.1217
Epoch  25/50 | Train Loss: 0.3692 Acc: 0.8125 F1: 0.7257 | Val Loss: 0.3956 Acc: 0.8000 F1: 0.8000 | Train Meta: metadata_norm_mean=4.1217 | Val Meta: metadata_norm_mean=4.1217
Epoch  26/50 | Train Loss: 0.3642 Acc: 0.8125 F1: 0.7363 | Val Loss: 0.4143 Acc: 0.8500 F1: 0.8465 | Train Meta: metadata_norm_mean=4.1217 | Val Meta: metadata_norm_mean=4.1217
Epoch  27/50 | Train Loss: 0.3599 Acc: 0.8250 F1: 0.7386 | Val Loss: 0.4642 Acc: 0.8000 F1: 0.7917 | Train Meta: metadata_norm_mean=4.1217 | Val Meta: metadata_norm_mean=4.1217
Epoch  28/50 | Train Loss: 0.3578 Acc: 0.8250 F1: 0.7266 | Val Loss: 0.4340 Acc: 0.8500 F1: 0.8465 | Train Meta: metadata_norm_mean=4.1217 | Val Meta: metadata_norm_mean=4.1217
Epoch  29/50 | Train Loss: 0.3512 Acc: 0.8250 F1: 0.7386 | Val Loss: 0.4009 Acc: 0.9000 F1: 0.8990 | Train Meta: metadata_norm_mean=4.1217 | Val Meta: metadata_norm_mean=4.1217
Epoch  30/50 | Train Loss: 0.3500 Acc: 0.8250 F1: 0.7386 | Val Loss: 0.4134 Acc: 0.9000 F1: 0.8990 | Train Meta: metadata_norm_mean=4.1217 | Val Meta: metadata_norm_mean=4.1217
Epoch  31/50 | Train Loss: 0.3498 Acc: 0.8250 F1: 0.7386 | Val Loss: 0.4298 Acc: 0.8500 F1: 0.8465 | Train Meta: metadata_norm_mean=4.1217 | Val Meta: metadata_norm_mean=4.1217
Epoch  32/50 | Train Loss: 0.3439 Acc: 0.8250 F1: 0.7386 | Val Loss: 0.4077 Acc: 0.9000 F1: 0.8990 | Train Meta: metadata_norm_mean=4.1217 | Val Meta: metadata_norm_mean=4.1217
Epoch  33/50 | Train Loss: 0.3411 Acc: 0.8250 F1: 0.7386 | Val Loss: 0.4078 Acc: 0.9000 F1: 0.8990 | Train Meta: metadata_norm_mean=4.1217 | Val Meta: metadata_norm_mean=4.1217
Epoch  34/50 | Train Loss: 0.3438 Acc: 0.8250 F1: 0.7386 | Val Loss: 0.4204 Acc: 0.8500 F1: 0.8465 | Train Meta: metadata_norm_mean=4.1217 | Val Meta: metadata_norm_mean=4.1217
Epoch  35/50 | Train Loss: 0.3380 Acc: 0.8250 F1: 0.7386 | Val Loss: 0.4084 Acc: 0.9000 F1: 0.8990 | Train Meta: metadata_norm_mean=4.1217 | Val Meta: metadata_norm_mean=4.1217
Epoch  36/50 | Train Loss: 0.3342 Acc: 0.8250 F1: 0.7386 | Val Loss: 0.4013 Acc: 0.9000 F1: 0.8990 | Train Meta: metadata_norm_mean=4.1217 | Val Meta: metadata_norm_mean=4.1217
Epoch  37/50 | Train Loss: 0.3346 Acc: 0.8375 F1: 0.7623 | Val Loss: 0.3990 Acc: 0.9000 F1: 0.8990 | Train Meta: metadata_norm_mean=4.1217 | Val Meta: metadata_norm_mean=4.1217
Epoch  38/50 | Train Loss: 0.3383 Acc: 0.8125 F1: 0.7137 | Val Loss: 0.4277 Acc: 0.8500 F1: 0.8465 | Train Meta: metadata_norm_mean=4.1217 | Val Meta: metadata_norm_mean=4.1217
Epoch  39/50 | Train Loss: 0.3389 Acc: 0.8125 F1: 0.7257 | Val Loss: 0.3828 Acc: 0.8500 F1: 0.8496 | Train Meta: metadata_norm_mean=4.1217 | Val Meta: metadata_norm_mean=4.1217
Epoch  40/50 | Train Loss: 0.3307 Acc: 0.8375 F1: 0.7715 | Val Loss: 0.3942 Acc: 0.9000 F1: 0.8990 | Train Meta: metadata_norm_mean=4.1217 | Val Meta: metadata_norm_mean=4.1217
Epoch  41/50 | Train Loss: 0.3251 Acc: 0.8375 F1: 0.7623 | Val Loss: 0.4144 Acc: 0.9000 F1: 0.8990 | Train Meta: metadata_norm_mean=4.1217 | Val Meta: metadata_norm_mean=4.1217
Epoch  42/50 | Train Loss: 0.3282 Acc: 0.8250 F1: 0.7386 | Val Loss: 0.3977 Acc: 0.9000 F1: 0.8990 | Train Meta: metadata_norm_mean=4.1217 | Val Meta: metadata_norm_mean=4.1217
Epoch  43/50 | Train Loss: 0.3264 Acc: 0.8250 F1: 0.7386 | Val Loss: 0.4166 Acc: 0.9000 F1: 0.8990 | Train Meta: metadata_norm_mean=4.1217 | Val Meta: metadata_norm_mean=4.1217
Epoch  44/50 | Train Loss: 0.3208 Acc: 0.8250 F1: 0.7386 | Val Loss: 0.3914 Acc: 0.8500 F1: 0.8496 | Train Meta: metadata_norm_mean=4.1217 | Val Meta: metadata_norm_mean=4.1217
Epoch  45/50 | Train Loss: 0.3209 Acc: 0.8250 F1: 0.7584 | Val Loss: 0.3877 Acc: 0.8500 F1: 0.8496 | Train Meta: metadata_norm_mean=4.1217 | Val Meta: metadata_norm_mean=4.1217
Epoch  46/50 | Train Loss: 0.3199 Acc: 0.8250 F1: 0.7386 | Val Loss: 0.4146 Acc: 0.9000 F1: 0.8990 | Train Meta: metadata_norm_mean=4.1217 | Val Meta: metadata_norm_mean=4.1217
Epoch  47/50 | Train Loss: 0.3174 Acc: 0.8375 F1: 0.7518 | Val Loss: 0.4088 Acc: 0.9000 F1: 0.8990 | Train Meta: metadata_norm_mean=4.1217 | Val Meta: metadata_norm_mean=4.1217
Epoch  48/50 | Train Loss: 0.3144 Acc: 0.8500 F1: 0.7849 | Val Loss: 0.3917 Acc: 0.8500 F1: 0.8496 | Train Meta: metadata_norm_mean=4.1217 | Val Meta: metadata_norm_mean=4.1217
Epoch  49/50 | Train Loss: 0.3140 Acc: 0.8500 F1: 0.7929 | Val Loss: 0.3787 Acc: 0.8500 F1: 0.8496 | Train Meta: metadata_norm_mean=4.1217 | Val Meta: metadata_norm_mean=4.1217
Epoch  50/50 | Train Loss: 0.3208 Acc: 0.8500 F1: 0.7849 | Val Loss: 0.4063 Acc: 0.9000 F1: 0.8990 | Train Meta: metadata_norm_mean=4.1217 | Val Meta: metadata_norm_mean=4.1217

Random Encoder Classification Result (ECG200)
Accuracy : 0.810000
F1 (macro): 0.783476
Text metadata preview | dataset=ECG5000 | domain=UCR | channels=1
   - channel_1: In the UCR domain, this channel belongs to the ECG5000 dataset and represents the feature channel 1.
Stats metadata preview | dataset=ECG5000 | domain=UCR | channels=1
   - channel_1: Channel statistics over the training split: mean value is 0.000, standard deviation is 1.000, minimum value is -5.818, maximum value is 4.073, median value is 0.186, and mean absolute value is 0.668.
/data/pjh_workspace/ts-env/lib/python3.8/site-packages/torch/nn/modules/transformer.py:307: UserWarning: enable_nested_tensor is True, but self.use_nested_tensor is False because encoder_layer.norm_first was True
  warnings.warn(f"enable_nested_tensor is True, but self.use_nested_tensor is False because {why_not_sparsity_fast_path}")
==================================================
🚀 Architecture: LAYA Random Encoder
📊 Target Dataset: ECG5000 (Channels: 1)
📊 Classes: 5 | Sequence Length: 140
==================================================
✅ Encoder is RANDOMLY initialized and FROZEN (Linear Probing mode).
Epoch   1/50 | Train Loss: 0.9222 Acc: 0.6200 F1: 0.2417 | Val Loss: 0.6899 Acc: 0.8600 F1: 0.4351 | Train Meta: metadata_norm_mean=4.0819 | Val Meta: metadata_norm_mean=4.0819
Epoch   2/50 | Train Loss: 0.6729 Acc: 0.8125 F1: 0.3310 | Val Loss: 0.6717 Acc: 0.8100 F1: 0.4109 | Train Meta: metadata_norm_mean=4.0819 | Val Meta: metadata_norm_mean=4.0819
Epoch   3/50 | Train Loss: 0.5994 Acc: 0.8375 F1: 0.3434 | Val Loss: 0.5114 Acc: 0.8700 F1: 0.4411 | Train Meta: metadata_norm_mean=4.0819 | Val Meta: metadata_norm_mean=4.0819
Epoch   4/50 | Train Loss: 0.5296 Acc: 0.8775 F1: 0.3605 | Val Loss: 0.4387 Acc: 0.9400 F1: 0.4786 | Train Meta: metadata_norm_mean=4.0819 | Val Meta: metadata_norm_mean=4.0819
Epoch   5/50 | Train Loss: 0.4754 Acc: 0.8975 F1: 0.3693 | Val Loss: 0.3968 Acc: 0.9100 F1: 0.4620 | Train Meta: metadata_norm_mean=4.0819 | Val Meta: metadata_norm_mean=4.0819
Epoch   6/50 | Train Loss: 0.4423 Acc: 0.8975 F1: 0.3693 | Val Loss: 0.3749 Acc: 0.9400 F1: 0.4805 | Train Meta: metadata_norm_mean=4.0819 | Val Meta: metadata_norm_mean=4.0819
Epoch   7/50 | Train Loss: 0.4146 Acc: 0.8975 F1: 0.3693 | Val Loss: 0.3508 Acc: 0.9300 F1: 0.4745 | Train Meta: metadata_norm_mean=4.0819 | Val Meta: metadata_norm_mean=4.0819
Epoch   8/50 | Train Loss: 0.3972 Acc: 0.8975 F1: 0.3692 | Val Loss: 0.3432 Acc: 0.9400 F1: 0.4805 | Train Meta: metadata_norm_mean=4.0819 | Val Meta: metadata_norm_mean=4.0819
Epoch   9/50 | Train Loss: 0.3775 Acc: 0.9025 F1: 0.3714 | Val Loss: 0.3296 Acc: 0.9300 F1: 0.4745 | Train Meta: metadata_norm_mean=4.0819 | Val Meta: metadata_norm_mean=4.0819
Epoch  10/50 | Train Loss: 0.3614 Acc: 0.9050 F1: 0.3728 | Val Loss: 0.3158 Acc: 0.9400 F1: 0.4805 | Train Meta: metadata_norm_mean=4.0819 | Val Meta: metadata_norm_mean=4.0819
Epoch  11/50 | Train Loss: 0.3499 Acc: 0.9075 F1: 0.3735 | Val Loss: 0.3129 Acc: 0.9400 F1: 0.4805 | Train Meta: metadata_norm_mean=4.0819 | Val Meta: metadata_norm_mean=4.0819
Epoch  12/50 | Train Loss: 0.3431 Acc: 0.9075 F1: 0.3735 | Val Loss: 0.2915 Acc: 0.9400 F1: 0.4805 | Train Meta: metadata_norm_mean=4.0819 | Val Meta: metadata_norm_mean=4.0819
Epoch  13/50 | Train Loss: 0.3472 Acc: 0.9125 F1: 0.4155 | Val Loss: 0.2961 Acc: 0.9400 F1: 0.4805 | Train Meta: metadata_norm_mean=4.0819 | Val Meta: metadata_norm_mean=4.0819
Epoch  14/50 | Train Loss: 0.3224 Acc: 0.9225 F1: 0.4046 | Val Loss: 0.2941 Acc: 0.9400 F1: 0.4805 | Train Meta: metadata_norm_mean=4.0819 | Val Meta: metadata_norm_mean=4.0819
Epoch  15/50 | Train Loss: 0.3177 Acc: 0.9175 F1: 0.4415 | Val Loss: 0.2918 Acc: 0.9400 F1: 0.4805 | Train Meta: metadata_norm_mean=4.0819 | Val Meta: metadata_norm_mean=4.0819
Epoch  16/50 | Train Loss: 0.3121 Acc: 0.9175 F1: 0.4414 | Val Loss: 0.2814 Acc: 0.9400 F1: 0.4805 | Train Meta: metadata_norm_mean=4.0819 | Val Meta: metadata_norm_mean=4.0819
Epoch  17/50 | Train Loss: 0.3074 Acc: 0.9075 F1: 0.4128 | Val Loss: 0.2824 Acc: 0.9400 F1: 0.4805 | Train Meta: metadata_norm_mean=4.0819 | Val Meta: metadata_norm_mean=4.0819
Epoch  18/50 | Train Loss: 0.3073 Acc: 0.9225 F1: 0.4651 | Val Loss: 0.2833 Acc: 0.9400 F1: 0.4805 | Train Meta: metadata_norm_mean=4.0819 | Val Meta: metadata_norm_mean=4.0819
Epoch  19/50 | Train Loss: 0.2949 Acc: 0.9175 F1: 0.3774 | Val Loss: 0.2827 Acc: 0.9500 F1: 0.5824 | Train Meta: metadata_norm_mean=4.0819 | Val Meta: metadata_norm_mean=4.0819
Epoch  20/50 | Train Loss: 0.2853 Acc: 0.9275 F1: 0.4829 | Val Loss: 0.2656 Acc: 0.9400 F1: 0.4805 | Train Meta: metadata_norm_mean=4.0819 | Val Meta: metadata_norm_mean=4.0819
Epoch  21/50 | Train Loss: 0.2844 Acc: 0.9225 F1: 0.4431 | Val Loss: 0.2614 Acc: 0.9500 F1: 0.5824 | Train Meta: metadata_norm_mean=4.0819 | Val Meta: metadata_norm_mean=4.0819
Epoch  22/50 | Train Loss: 0.2806 Acc: 0.9275 F1: 0.4651 | Val Loss: 0.2625 Acc: 0.9400 F1: 0.4805 | Train Meta: metadata_norm_mean=4.0819 | Val Meta: metadata_norm_mean=4.0819
Epoch  23/50 | Train Loss: 0.2777 Acc: 0.9275 F1: 0.4675 | Val Loss: 0.2651 Acc: 0.9400 F1: 0.4786 | Train Meta: metadata_norm_mean=4.0819 | Val Meta: metadata_norm_mean=4.0819
Epoch  24/50 | Train Loss: 0.2752 Acc: 0.9250 F1: 0.4204 | Val Loss: 0.2589 Acc: 0.9400 F1: 0.4805 | Train Meta: metadata_norm_mean=4.0819 | Val Meta: metadata_norm_mean=4.0819
Epoch  25/50 | Train Loss: 0.2715 Acc: 0.9275 F1: 0.5001 | Val Loss: 0.2554 Acc: 0.9500 F1: 0.5824 | Train Meta: metadata_norm_mean=4.0819 | Val Meta: metadata_norm_mean=4.0819
Epoch  26/50 | Train Loss: 0.2728 Acc: 0.9275 F1: 0.4866 | Val Loss: 0.2944 Acc: 0.9300 F1: 0.4731 | Train Meta: metadata_norm_mean=4.0819 | Val Meta: metadata_norm_mean=4.0819
Epoch  27/50 | Train Loss: 0.2785 Acc: 0.9225 F1: 0.4814 | Val Loss: 0.2640 Acc: 0.9400 F1: 0.5637 | Train Meta: metadata_norm_mean=4.0819 | Val Meta: metadata_norm_mean=4.0819
Epoch  28/50 | Train Loss: 0.2743 Acc: 0.9250 F1: 0.4990 | Val Loss: 0.2515 Acc: 0.9500 F1: 0.5824 | Train Meta: metadata_norm_mean=4.0819 | Val Meta: metadata_norm_mean=4.0819
Epoch  29/50 | Train Loss: 0.2541 Acc: 0.9225 F1: 0.4615 | Val Loss: 0.2572 Acc: 0.9400 F1: 0.5637 | Train Meta: metadata_norm_mean=4.0819 | Val Meta: metadata_norm_mean=4.0819
Epoch  30/50 | Train Loss: 0.2528 Acc: 0.9300 F1: 0.5013 | Val Loss: 0.2476 Acc: 0.9400 F1: 0.5637 | Train Meta: metadata_norm_mean=4.0819 | Val Meta: metadata_norm_mean=4.0819
Epoch  31/50 | Train Loss: 0.2510 Acc: 0.9325 F1: 0.5282 | Val Loss: 0.2496 Acc: 0.9500 F1: 0.5824 | Train Meta: metadata_norm_mean=4.0819 | Val Meta: metadata_norm_mean=4.0819
Epoch  32/50 | Train Loss: 0.2508 Acc: 0.9300 F1: 0.4844 | Val Loss: 0.2458 Acc: 0.9500 F1: 0.5824 | Train Meta: metadata_norm_mean=4.0819 | Val Meta: metadata_norm_mean=4.0819
Epoch  33/50 | Train Loss: 0.2552 Acc: 0.9300 F1: 0.4811 | Val Loss: 0.2406 Acc: 0.9400 F1: 0.4805 | Train Meta: metadata_norm_mean=4.0819 | Val Meta: metadata_norm_mean=4.0819
Epoch  34/50 | Train Loss: 0.2482 Acc: 0.9225 F1: 0.4389 | Val Loss: 0.2504 Acc: 0.9400 F1: 0.5637 | Train Meta: metadata_norm_mean=4.0819 | Val Meta: metadata_norm_mean=4.0819
Epoch  35/50 | Train Loss: 0.2426 Acc: 0.9275 F1: 0.4795 | Val Loss: 0.2458 Acc: 0.9400 F1: 0.4786 | Train Meta: metadata_norm_mean=4.0819 | Val Meta: metadata_norm_mean=4.0819
Epoch  36/50 | Train Loss: 0.2447 Acc: 0.9275 F1: 0.4769 | Val Loss: 0.2480 Acc: 0.9400 F1: 0.4786 | Train Meta: metadata_norm_mean=4.0819 | Val Meta: metadata_norm_mean=4.0819
Epoch  37/50 | Train Loss: 0.2398 Acc: 0.9325 F1: 0.5148 | Val Loss: 0.2391 Acc: 0.9500 F1: 0.5824 | Train Meta: metadata_norm_mean=4.0819 | Val Meta: metadata_norm_mean=4.0819
Epoch  38/50 | Train Loss: 0.2379 Acc: 0.9325 F1: 0.5017 | Val Loss: 0.2408 Acc: 0.9400 F1: 0.5637 | Train Meta: metadata_norm_mean=4.0819 | Val Meta: metadata_norm_mean=4.0819
Epoch  39/50 | Train Loss: 0.2309 Acc: 0.9325 F1: 0.5020 | Val Loss: 0.2379 Acc: 0.9500 F1: 0.5824 | Train Meta: metadata_norm_mean=4.0819 | Val Meta: metadata_norm_mean=4.0819
Epoch  40/50 | Train Loss: 0.2356 Acc: 0.9300 F1: 0.4842 | Val Loss: 0.2364 Acc: 0.9500 F1: 0.5824 | Train Meta: metadata_norm_mean=4.0819 | Val Meta: metadata_norm_mean=4.0819
Epoch  41/50 | Train Loss: 0.2292 Acc: 0.9300 F1: 0.4973 | Val Loss: 0.2379 Acc: 0.9400 F1: 0.5637 | Train Meta: metadata_norm_mean=4.0819 | Val Meta: metadata_norm_mean=4.0819
Epoch  42/50 | Train Loss: 0.2331 Acc: 0.9300 F1: 0.5421 | Val Loss: 0.2393 Acc: 0.9400 F1: 0.4805 | Train Meta: metadata_norm_mean=4.0819 | Val Meta: metadata_norm_mean=4.0819
Epoch  43/50 | Train Loss: 0.2263 Acc: 0.9275 F1: 0.4826 | Val Loss: 0.2387 Acc: 0.9400 F1: 0.5637 | Train Meta: metadata_norm_mean=4.0819 | Val Meta: metadata_norm_mean=4.0819
Epoch  44/50 | Train Loss: 0.2284 Acc: 0.9350 F1: 0.5544 | Val Loss: 0.2396 Acc: 0.9300 F1: 0.4731 | Train Meta: metadata_norm_mean=4.0819 | Val Meta: metadata_norm_mean=4.0819
Epoch  45/50 | Train Loss: 0.2304 Acc: 0.9325 F1: 0.5316 | Val Loss: 0.2355 Acc: 0.9400 F1: 0.5637 | Train Meta: metadata_norm_mean=4.0819 | Val Meta: metadata_norm_mean=4.0819
Epoch  46/50 | Train Loss: 0.2221 Acc: 0.9250 F1: 0.4410 | Val Loss: 0.2336 Acc: 0.9400 F1: 0.5637 | Train Meta: metadata_norm_mean=4.0819 | Val Meta: metadata_norm_mean=4.0819
Epoch  47/50 | Train Loss: 0.2293 Acc: 0.9350 F1: 0.5169 | Val Loss: 0.2371 Acc: 0.9500 F1: 0.5824 | Train Meta: metadata_norm_mean=4.0819 | Val Meta: metadata_norm_mean=4.0819
Epoch  48/50 | Train Loss: 0.2296 Acc: 0.9350 F1: 0.5596 | Val Loss: 0.2558 Acc: 0.9200 F1: 0.4711 | Train Meta: metadata_norm_mean=4.0819 | Val Meta: metadata_norm_mean=4.0819
Epoch  49/50 | Train Loss: 0.2258 Acc: 0.9325 F1: 0.5278 | Val Loss: 0.2358 Acc: 0.9400 F1: 0.5637 | Train Meta: metadata_norm_mean=4.0819 | Val Meta: metadata_norm_mean=4.0819
Epoch  50/50 | Train Loss: 0.2191 Acc: 0.9300 F1: 0.4969 | Val Loss: 0.2387 Acc: 0.9300 F1: 0.5580 | Train Meta: metadata_norm_mean=4.0819 | Val Meta: metadata_norm_mean=4.0819

Random Encoder Classification Result (ECG5000)
Accuracy : 0.918000
F1 (macro): 0.490024
Text metadata preview | dataset=FordA | domain=UCR | channels=1
   - channel_1: In the UCR domain, this channel belongs to the FordA dataset and represents the feature channel 1.
Stats metadata preview | dataset=FordA | domain=UCR | channels=1
   - channel_1: Channel statistics over the training split: mean value is 0.000, standard deviation is 1.000, minimum value is -4.622, maximum value is 5.064, median value is -0.001, and mean absolute value is 0.801.
/data/pjh_workspace/ts-env/lib/python3.8/site-packages/torch/nn/modules/transformer.py:307: UserWarning: enable_nested_tensor is True, but self.use_nested_tensor is False because encoder_layer.norm_first was True
  warnings.warn(f"enable_nested_tensor is True, but self.use_nested_tensor is False because {why_not_sparsity_fast_path}")
==================================================
🚀 Architecture: LAYA Random Encoder
📊 Target Dataset: FordA (Channels: 1)
📊 Classes: 2 | Sequence Length: 500
==================================================
✅ Encoder is RANDOMLY initialized and FROZEN (Linear Probing mode).
Epoch   1/50 | Train Loss: 0.6891 Acc: 0.5319 F1: 0.5308 | Val Loss: 0.6527 Acc: 0.6361 F1: 0.6268 | Train Meta: metadata_norm_mean=4.0932 | Val Meta: metadata_norm_mean=4.0932
Epoch   2/50 | Train Loss: 0.6537 Acc: 0.6170 F1: 0.6168 | Val Loss: 0.6106 Acc: 0.7181 F1: 0.7151 | Train Meta: metadata_norm_mean=4.0932 | Val Meta: metadata_norm_mean=4.0932
Epoch   3/50 | Train Loss: 0.6132 Acc: 0.6858 F1: 0.6857 | Val Loss: 0.5817 Acc: 0.7306 F1: 0.7299 | Train Meta: metadata_norm_mean=4.0932 | Val Meta: metadata_norm_mean=4.0932
Epoch   4/50 | Train Loss: 0.5922 Acc: 0.6951 F1: 0.6951 | Val Loss: 0.5590 Acc: 0.7514 F1: 0.7480 | Train Meta: metadata_norm_mean=4.0932 | Val Meta: metadata_norm_mean=4.0932
Epoch   5/50 | Train Loss: 0.5809 Acc: 0.7149 F1: 0.7149 | Val Loss: 0.5453 Acc: 0.7583 F1: 0.7566 | Train Meta: metadata_norm_mean=4.0932 | Val Meta: metadata_norm_mean=4.0932
Epoch   6/50 | Train Loss: 0.5637 Acc: 0.7097 F1: 0.7097 | Val Loss: 0.5320 Acc: 0.7417 F1: 0.7348 | Train Meta: metadata_norm_mean=4.0932 | Val Meta: metadata_norm_mean=4.0932
Epoch   7/50 | Train Loss: 0.5494 Acc: 0.7330 F1: 0.7329 | Val Loss: 0.5114 Acc: 0.7833 F1: 0.7833 | Train Meta: metadata_norm_mean=4.0932 | Val Meta: metadata_norm_mean=4.0932
Epoch   8/50 | Train Loss: 0.5393 Acc: 0.7385 F1: 0.7385 | Val Loss: 0.5014 Acc: 0.7847 F1: 0.7842 | Train Meta: metadata_norm_mean=4.0932 | Val Meta: metadata_norm_mean=4.0932
Epoch   9/50 | Train Loss: 0.5305 Acc: 0.7517 F1: 0.7517 | Val Loss: 0.5083 Acc: 0.7792 F1: 0.7771 | Train Meta: metadata_norm_mean=4.0932 | Val Meta: metadata_norm_mean=4.0932
Epoch  10/50 | Train Loss: 0.5367 Acc: 0.7333 F1: 0.7333 | Val Loss: 0.5124 Acc: 0.7375 F1: 0.7299 | Train Meta: metadata_norm_mean=4.0932 | Val Meta: metadata_norm_mean=4.0932
Epoch  11/50 | Train Loss: 0.5171 Acc: 0.7562 F1: 0.7562 | Val Loss: 0.4878 Acc: 0.7875 F1: 0.7869 | Train Meta: metadata_norm_mean=4.0932 | Val Meta: metadata_norm_mean=4.0932
Epoch  12/50 | Train Loss: 0.5163 Acc: 0.7580 F1: 0.7580 | Val Loss: 0.4760 Acc: 0.7903 F1: 0.7900 | Train Meta: metadata_norm_mean=4.0932 | Val Meta: metadata_norm_mean=4.0932
Epoch  13/50 | Train Loss: 0.5190 Acc: 0.7517 F1: 0.7517 | Val Loss: 0.4700 Acc: 0.7903 F1: 0.7899 | Train Meta: metadata_norm_mean=4.0932 | Val Meta: metadata_norm_mean=4.0932
Epoch  14/50 | Train Loss: 0.5070 Acc: 0.7618 F1: 0.7618 | Val Loss: 0.5366 Acc: 0.6958 F1: 0.6712 | Train Meta: metadata_norm_mean=4.0932 | Val Meta: metadata_norm_mean=4.0932
Epoch  15/50 | Train Loss: 0.5094 Acc: 0.7611 F1: 0.7611 | Val Loss: 0.4797 Acc: 0.7611 F1: 0.7571 | Train Meta: metadata_norm_mean=4.0932 | Val Meta: metadata_norm_mean=4.0932
Epoch  16/50 | Train Loss: 0.4991 Acc: 0.7705 F1: 0.7705 | Val Loss: 0.4519 Acc: 0.8222 F1: 0.8222 | Train Meta: metadata_norm_mean=4.0932 | Val Meta: metadata_norm_mean=4.0932
Epoch  17/50 | Train Loss: 0.4974 Acc: 0.7625 F1: 0.7625 | Val Loss: 0.4578 Acc: 0.7903 F1: 0.7889 | Train Meta: metadata_norm_mean=4.0932 | Val Meta: metadata_norm_mean=4.0932
Epoch  18/50 | Train Loss: 0.4939 Acc: 0.7628 F1: 0.7628 | Val Loss: 0.4566 Acc: 0.7972 F1: 0.7971 | Train Meta: metadata_norm_mean=4.0932 | Val Meta: metadata_norm_mean=4.0932
Epoch  19/50 | Train Loss: 0.4866 Acc: 0.7778 F1: 0.7778 | Val Loss: 0.4506 Acc: 0.7931 F1: 0.7928 | Train Meta: metadata_norm_mean=4.0932 | Val Meta: metadata_norm_mean=4.0932
Epoch  20/50 | Train Loss: 0.4866 Acc: 0.7760 F1: 0.7760 | Val Loss: 0.4543 Acc: 0.7986 F1: 0.7985 | Train Meta: metadata_norm_mean=4.0932 | Val Meta: metadata_norm_mean=4.0932
Epoch  21/50 | Train Loss: 0.4884 Acc: 0.7646 F1: 0.7646 | Val Loss: 0.4459 Acc: 0.7875 F1: 0.7858 | Train Meta: metadata_norm_mean=4.0932 | Val Meta: metadata_norm_mean=4.0932
Epoch  22/50 | Train Loss: 0.4887 Acc: 0.7740 F1: 0.7740 | Val Loss: 0.4517 Acc: 0.7986 F1: 0.7983 | Train Meta: metadata_norm_mean=4.0932 | Val Meta: metadata_norm_mean=4.0932
Epoch  23/50 | Train Loss: 0.4868 Acc: 0.7774 F1: 0.7774 | Val Loss: 0.4430 Acc: 0.8111 F1: 0.8111 | Train Meta: metadata_norm_mean=4.0932 | Val Meta: metadata_norm_mean=4.0932
Epoch  24/50 | Train Loss: 0.4868 Acc: 0.7729 F1: 0.7729 | Val Loss: 0.4329 Acc: 0.8056 F1: 0.8048 | Train Meta: metadata_norm_mean=4.0932 | Val Meta: metadata_norm_mean=4.0932
Epoch  25/50 | Train Loss: 0.4726 Acc: 0.7847 F1: 0.7847 | Val Loss: 0.4382 Acc: 0.8181 F1: 0.8179 | Train Meta: metadata_norm_mean=4.0932 | Val Meta: metadata_norm_mean=4.0932
Epoch  26/50 | Train Loss: 0.4787 Acc: 0.7733 F1: 0.7732 | Val Loss: 0.4371 Acc: 0.8083 F1: 0.8083 | Train Meta: metadata_norm_mean=4.0932 | Val Meta: metadata_norm_mean=4.0932
Epoch  27/50 | Train Loss: 0.4797 Acc: 0.7736 F1: 0.7736 | Val Loss: 0.4295 Acc: 0.8097 F1: 0.8097 | Train Meta: metadata_norm_mean=4.0932 | Val Meta: metadata_norm_mean=4.0932
Epoch  28/50 | Train Loss: 0.4729 Acc: 0.7788 F1: 0.7788 | Val Loss: 0.4462 Acc: 0.8014 F1: 0.7994 | Train Meta: metadata_norm_mean=4.0932 | Val Meta: metadata_norm_mean=4.0932
Epoch  29/50 | Train Loss: 0.4704 Acc: 0.7806 F1: 0.7806 | Val Loss: 0.4543 Acc: 0.7694 F1: 0.7649 | Train Meta: metadata_norm_mean=4.0932 | Val Meta: metadata_norm_mean=4.0932
Epoch  30/50 | Train Loss: 0.4737 Acc: 0.7774 F1: 0.7774 | Val Loss: 0.4263 Acc: 0.8028 F1: 0.8013 | Train Meta: metadata_norm_mean=4.0932 | Val Meta: metadata_norm_mean=4.0932
Epoch  31/50 | Train Loss: 0.4675 Acc: 0.7868 F1: 0.7868 | Val Loss: 0.4308 Acc: 0.8000 F1: 0.7988 | Train Meta: metadata_norm_mean=4.0932 | Val Meta: metadata_norm_mean=4.0932
Epoch  32/50 | Train Loss: 0.4606 Acc: 0.7906 F1: 0.7906 | Val Loss: 0.4526 Acc: 0.7792 F1: 0.7723 | Train Meta: metadata_norm_mean=4.0932 | Val Meta: metadata_norm_mean=4.0932
Epoch  33/50 | Train Loss: 0.4549 Acc: 0.7962 F1: 0.7962 | Val Loss: 0.4201 Acc: 0.8194 F1: 0.8194 | Train Meta: metadata_norm_mean=4.0932 | Val Meta: metadata_norm_mean=4.0932
Epoch  34/50 | Train Loss: 0.4568 Acc: 0.7931 F1: 0.7931 | Val Loss: 0.4143 Acc: 0.8208 F1: 0.8208 | Train Meta: metadata_norm_mean=4.0932 | Val Meta: metadata_norm_mean=4.0932
Epoch  35/50 | Train Loss: 0.4537 Acc: 0.7962 F1: 0.7962 | Val Loss: 0.4216 Acc: 0.8056 F1: 0.8035 | Train Meta: metadata_norm_mean=4.0932 | Val Meta: metadata_norm_mean=4.0932
Epoch  36/50 | Train Loss: 0.4563 Acc: 0.7931 F1: 0.7931 | Val Loss: 0.4147 Acc: 0.8278 F1: 0.8275 | Train Meta: metadata_norm_mean=4.0932 | Val Meta: metadata_norm_mean=4.0932
Epoch  37/50 | Train Loss: 0.4591 Acc: 0.7937 F1: 0.7937 | Val Loss: 0.4197 Acc: 0.8069 F1: 0.8043 | Train Meta: metadata_norm_mean=4.0932 | Val Meta: metadata_norm_mean=4.0932
Epoch  38/50 | Train Loss: 0.4558 Acc: 0.7937 F1: 0.7938 | Val Loss: 0.4051 Acc: 0.8361 F1: 0.8361 | Train Meta: metadata_norm_mean=4.0932 | Val Meta: metadata_norm_mean=4.0932
Epoch  39/50 | Train Loss: 0.4548 Acc: 0.7937 F1: 0.7937 | Val Loss: 0.4074 Acc: 0.8375 F1: 0.8374 | Train Meta: metadata_norm_mean=4.0932 | Val Meta: metadata_norm_mean=4.0932
Epoch  40/50 | Train Loss: 0.4502 Acc: 0.7944 F1: 0.7944 | Val Loss: 0.4176 Acc: 0.8194 F1: 0.8192 | Train Meta: metadata_norm_mean=4.0932 | Val Meta: metadata_norm_mean=4.0932
Epoch  41/50 | Train Loss: 0.4436 Acc: 0.7997 F1: 0.7996 | Val Loss: 0.4255 Acc: 0.7972 F1: 0.7962 | Train Meta: metadata_norm_mean=4.0932 | Val Meta: metadata_norm_mean=4.0932
Epoch  42/50 | Train Loss: 0.4513 Acc: 0.7861 F1: 0.7861 | Val Loss: 0.4035 Acc: 0.8292 F1: 0.8290 | Train Meta: metadata_norm_mean=4.0932 | Val Meta: metadata_norm_mean=4.0932
Epoch  43/50 | Train Loss: 0.4442 Acc: 0.7979 F1: 0.7979 | Val Loss: 0.4125 Acc: 0.8042 F1: 0.8021 | Train Meta: metadata_norm_mean=4.0932 | Val Meta: metadata_norm_mean=4.0932
Epoch  44/50 | Train Loss: 0.4431 Acc: 0.8042 F1: 0.8042 | Val Loss: 0.4045 Acc: 0.8208 F1: 0.8197 | Train Meta: metadata_norm_mean=4.0932 | Val Meta: metadata_norm_mean=4.0932
Epoch  45/50 | Train Loss: 0.4452 Acc: 0.7997 F1: 0.7996 | Val Loss: 0.3992 Acc: 0.8319 F1: 0.8314 | Train Meta: metadata_norm_mean=4.0932 | Val Meta: metadata_norm_mean=4.0932
Epoch  46/50 | Train Loss: 0.4424 Acc: 0.8045 F1: 0.8045 | Val Loss: 0.4012 Acc: 0.8292 F1: 0.8291 | Train Meta: metadata_norm_mean=4.0932 | Val Meta: metadata_norm_mean=4.0932
Epoch  47/50 | Train Loss: 0.4419 Acc: 0.8010 F1: 0.8010 | Val Loss: 0.4051 Acc: 0.8264 F1: 0.8250 | Train Meta: metadata_norm_mean=4.0932 | Val Meta: metadata_norm_mean=4.0932
Epoch  48/50 | Train Loss: 0.4444 Acc: 0.8038 F1: 0.8038 | Val Loss: 0.3945 Acc: 0.8444 F1: 0.8444 | Train Meta: metadata_norm_mean=4.0932 | Val Meta: metadata_norm_mean=4.0932
Epoch  49/50 | Train Loss: 0.4411 Acc: 0.7958 F1: 0.7958 | Val Loss: 0.4135 Acc: 0.8125 F1: 0.8116 | Train Meta: metadata_norm_mean=4.0932 | Val Meta: metadata_norm_mean=4.0932
Epoch  50/50 | Train Loss: 0.4347 Acc: 0.8087 F1: 0.8087 | Val Loss: 0.3992 Acc: 0.8292 F1: 0.8284 | Train Meta: metadata_norm_mean=4.0932 | Val Meta: metadata_norm_mean=4.0932

Random Encoder Classification Result (FordA)
Accuracy : 0.817424
F1 (macro): 0.817369
Text metadata preview | dataset=FordB | domain=UCR | channels=1
   - channel_1: In the UCR domain, this channel belongs to the FordB dataset and represents the feature channel 1.
Stats metadata preview | dataset=FordB | domain=UCR | channels=1
   - channel_1: Channel statistics over the training split: mean value is 0.000, standard deviation is 1.000, minimum value is -5.545, maximum value is 5.095, median value is 0.002, and mean absolute value is 0.792.
/data/pjh_workspace/ts-env/lib/python3.8/site-packages/torch/nn/modules/transformer.py:307: UserWarning: enable_nested_tensor is True, but self.use_nested_tensor is False because encoder_layer.norm_first was True
  warnings.warn(f"enable_nested_tensor is True, but self.use_nested_tensor is False because {why_not_sparsity_fast_path}")
==================================================
🚀 Architecture: LAYA Random Encoder
📊 Target Dataset: FordB (Channels: 1)
📊 Classes: 2 | Sequence Length: 500
==================================================
✅ Encoder is RANDOMLY initialized and FROZEN (Linear Probing mode).
Epoch   1/50 | Train Loss: 0.6799 Acc: 0.5618 F1: 0.5608 | Val Loss: 0.6314 Acc: 0.7125 F1: 0.7115 | Train Meta: metadata_norm_mean=4.1245 | Val Meta: metadata_norm_mean=4.1245
Epoch   2/50 | Train Loss: 0.6134 Acc: 0.6713 F1: 0.6706 | Val Loss: 0.5843 Acc: 0.7331 F1: 0.7322 | Train Meta: metadata_norm_mean=4.1245 | Val Meta: metadata_norm_mean=4.1245
Epoch   3/50 | Train Loss: 0.5787 Acc: 0.7023 F1: 0.7020 | Val Loss: 0.5719 Acc: 0.7029 F1: 0.6855 | Train Meta: metadata_norm_mean=4.1245 | Val Meta: metadata_norm_mean=4.1245
Epoch   4/50 | Train Loss: 0.5470 Acc: 0.7358 F1: 0.7355 | Val Loss: 0.5305 Acc: 0.7497 F1: 0.7490 | Train Meta: metadata_norm_mean=4.1245 | Val Meta: metadata_norm_mean=4.1245
Epoch   5/50 | Train Loss: 0.5313 Acc: 0.7479 F1: 0.7478 | Val Loss: 0.5209 Acc: 0.7538 F1: 0.7501 | Train Meta: metadata_norm_mean=4.1245 | Val Meta: metadata_norm_mean=4.1245
Epoch   6/50 | Train Loss: 0.5136 Acc: 0.7566 F1: 0.7564 | Val Loss: 0.5208 Acc: 0.7400 F1: 0.7368 | Train Meta: metadata_norm_mean=4.1245 | Val Meta: metadata_norm_mean=4.1245
Epoch   7/50 | Train Loss: 0.5148 Acc: 0.7448 F1: 0.7447 | Val Loss: 0.4902 Acc: 0.7593 F1: 0.7587 | Train Meta: metadata_norm_mean=4.1245 | Val Meta: metadata_norm_mean=4.1245
Epoch   8/50 | Train Loss: 0.4998 Acc: 0.7693 F1: 0.7691 | Val Loss: 0.5141 Acc: 0.7455 F1: 0.7382 | Train Meta: metadata_norm_mean=4.1245 | Val Meta: metadata_norm_mean=4.1245
Epoch   9/50 | Train Loss: 0.4963 Acc: 0.7569 F1: 0.7568 | Val Loss: 0.4796 Acc: 0.7675 F1: 0.7662 | Train Meta: metadata_norm_mean=4.1245 | Val Meta: metadata_norm_mean=4.1245
Epoch  10/50 | Train Loss: 0.4849 Acc: 0.7600 F1: 0.7599 | Val Loss: 0.4697 Acc: 0.7662 F1: 0.7659 | Train Meta: metadata_norm_mean=4.1245 | Val Meta: metadata_norm_mean=4.1245
Epoch  11/50 | Train Loss: 0.4855 Acc: 0.7711 F1: 0.7709 | Val Loss: 0.4836 Acc: 0.7538 F1: 0.7501 | Train Meta: metadata_norm_mean=4.1245 | Val Meta: metadata_norm_mean=4.1245
Epoch  12/50 | Train Loss: 0.4829 Acc: 0.7631 F1: 0.7630 | Val Loss: 0.4935 Acc: 0.7538 F1: 0.7508 | Train Meta: metadata_norm_mean=4.1245 | Val Meta: metadata_norm_mean=4.1245
Epoch  13/50 | Train Loss: 0.4800 Acc: 0.7683 F1: 0.7682 | Val Loss: 0.4595 Acc: 0.7772 F1: 0.7771 | Train Meta: metadata_norm_mean=4.1245 | Val Meta: metadata_norm_mean=4.1245
Epoch  14/50 | Train Loss: 0.4722 Acc: 0.7745 F1: 0.7744 | Val Loss: 0.4597 Acc: 0.7772 F1: 0.7760 | Train Meta: metadata_norm_mean=4.1245 | Val Meta: metadata_norm_mean=4.1245
Epoch  15/50 | Train Loss: 0.4638 Acc: 0.7780 F1: 0.7779 | Val Loss: 0.4728 Acc: 0.7648 F1: 0.7629 | Train Meta: metadata_norm_mean=4.1245 | Val Meta: metadata_norm_mean=4.1245
Epoch  16/50 | Train Loss: 0.4631 Acc: 0.7728 F1: 0.7727 | Val Loss: 0.4524 Acc: 0.7813 F1: 0.7813 | Train Meta: metadata_norm_mean=4.1245 | Val Meta: metadata_norm_mean=4.1245
Epoch  17/50 | Train Loss: 0.4671 Acc: 0.7749 F1: 0.7748 | Val Loss: 0.4471 Acc: 0.7744 F1: 0.7739 | Train Meta: metadata_norm_mean=4.1245 | Val Meta: metadata_norm_mean=4.1245
Epoch  18/50 | Train Loss: 0.4627 Acc: 0.7794 F1: 0.7793 | Val Loss: 0.4451 Acc: 0.7758 F1: 0.7749 | Train Meta: metadata_norm_mean=4.1245 | Val Meta: metadata_norm_mean=4.1245
Epoch  19/50 | Train Loss: 0.4574 Acc: 0.7787 F1: 0.7786 | Val Loss: 0.4456 Acc: 0.7785 F1: 0.7783 | Train Meta: metadata_norm_mean=4.1245 | Val Meta: metadata_norm_mean=4.1245
Epoch  20/50 | Train Loss: 0.4555 Acc: 0.7814 F1: 0.7814 | Val Loss: 0.4430 Acc: 0.7950 F1: 0.7946 | Train Meta: metadata_norm_mean=4.1245 | Val Meta: metadata_norm_mean=4.1245
Epoch  21/50 | Train Loss: 0.4542 Acc: 0.7800 F1: 0.7800 | Val Loss: 0.4770 Acc: 0.7620 F1: 0.7591 | Train Meta: metadata_norm_mean=4.1245 | Val Meta: metadata_norm_mean=4.1245
Epoch  22/50 | Train Loss: 0.4543 Acc: 0.7842 F1: 0.7842 | Val Loss: 0.4354 Acc: 0.7909 F1: 0.7909 | Train Meta: metadata_norm_mean=4.1245 | Val Meta: metadata_norm_mean=4.1245
Epoch  23/50 | Train Loss: 0.4468 Acc: 0.7918 F1: 0.7917 | Val Loss: 0.4655 Acc: 0.7703 F1: 0.7678 | Train Meta: metadata_norm_mean=4.1245 | Val Meta: metadata_norm_mean=4.1245
Epoch  24/50 | Train Loss: 0.4490 Acc: 0.7880 F1: 0.7879 | Val Loss: 0.4321 Acc: 0.7882 F1: 0.7882 | Train Meta: metadata_norm_mean=4.1245 | Val Meta: metadata_norm_mean=4.1245
Epoch  25/50 | Train Loss: 0.4457 Acc: 0.7897 F1: 0.7896 | Val Loss: 0.4465 Acc: 0.7730 F1: 0.7719 | Train Meta: metadata_norm_mean=4.1245 | Val Meta: metadata_norm_mean=4.1245
Epoch  26/50 | Train Loss: 0.4451 Acc: 0.7859 F1: 0.7858 | Val Loss: 0.5134 Acc: 0.7469 F1: 0.7392 | Train Meta: metadata_norm_mean=4.1245 | Val Meta: metadata_norm_mean=4.1245
Epoch  27/50 | Train Loss: 0.4499 Acc: 0.7842 F1: 0.7841 | Val Loss: 0.4550 Acc: 0.7744 F1: 0.7724 | Train Meta: metadata_norm_mean=4.1245 | Val Meta: metadata_norm_mean=4.1245
Epoch  28/50 | Train Loss: 0.4480 Acc: 0.7901 F1: 0.7900 | Val Loss: 0.4273 Acc: 0.7813 F1: 0.7811 | Train Meta: metadata_norm_mean=4.1245 | Val Meta: metadata_norm_mean=4.1245
Epoch  29/50 | Train Loss: 0.4370 Acc: 0.7914 F1: 0.7913 | Val Loss: 0.4456 Acc: 0.7662 F1: 0.7612 | Train Meta: metadata_norm_mean=4.1245 | Val Meta: metadata_norm_mean=4.1245
Epoch  30/50 | Train Loss: 0.4378 Acc: 0.7952 F1: 0.7952 | Val Loss: 0.4354 Acc: 0.7799 F1: 0.7767 | Train Meta: metadata_norm_mean=4.1245 | Val Meta: metadata_norm_mean=4.1245
Epoch  31/50 | Train Loss: 0.4319 Acc: 0.8015 F1: 0.8014 | Val Loss: 0.4204 Acc: 0.7868 F1: 0.7868 | Train Meta: metadata_norm_mean=4.1245 | Val Meta: metadata_norm_mean=4.1245
Epoch  32/50 | Train Loss: 0.4312 Acc: 0.7990 F1: 0.7989 | Val Loss: 0.4406 Acc: 0.7827 F1: 0.7789 | Train Meta: metadata_norm_mean=4.1245 | Val Meta: metadata_norm_mean=4.1245
Epoch  33/50 | Train Loss: 0.4322 Acc: 0.7939 F1: 0.7937 | Val Loss: 0.4330 Acc: 0.7758 F1: 0.7725 | Train Meta: metadata_norm_mean=4.1245 | Val Meta: metadata_norm_mean=4.1245
Epoch  34/50 | Train Loss: 0.4290 Acc: 0.7959 F1: 0.7958 | Val Loss: 0.4548 Acc: 0.7703 F1: 0.7676 | Train Meta: metadata_norm_mean=4.1245 | Val Meta: metadata_norm_mean=4.1245
Epoch  35/50 | Train Loss: 0.4289 Acc: 0.8046 F1: 0.8045 | Val Loss: 0.4462 Acc: 0.7703 F1: 0.7645 | Train Meta: metadata_norm_mean=4.1245 | Val Meta: metadata_norm_mean=4.1245
Epoch  36/50 | Train Loss: 0.4352 Acc: 0.7883 F1: 0.7883 | Val Loss: 0.4501 Acc: 0.7689 F1: 0.7659 | Train Meta: metadata_norm_mean=4.1245 | Val Meta: metadata_norm_mean=4.1245
Epoch  37/50 | Train Loss: 0.4238 Acc: 0.7983 F1: 0.7983 | Val Loss: 0.4090 Acc: 0.7937 F1: 0.7936 | Train Meta: metadata_norm_mean=4.1245 | Val Meta: metadata_norm_mean=4.1245
Epoch  38/50 | Train Loss: 0.4225 Acc: 0.8035 F1: 0.8035 | Val Loss: 0.4361 Acc: 0.7868 F1: 0.7852 | Train Meta: metadata_norm_mean=4.1245 | Val Meta: metadata_norm_mean=4.1245
Epoch  39/50 | Train Loss: 0.4301 Acc: 0.8015 F1: 0.8014 | Val Loss: 0.4119 Acc: 0.8006 F1: 0.8003 | Train Meta: metadata_norm_mean=4.1245 | Val Meta: metadata_norm_mean=4.1245
Epoch  40/50 | Train Loss: 0.4253 Acc: 0.8011 F1: 0.8010 | Val Loss: 0.4081 Acc: 0.7950 F1: 0.7950 | Train Meta: metadata_norm_mean=4.1245 | Val Meta: metadata_norm_mean=4.1245
Epoch  41/50 | Train Loss: 0.4245 Acc: 0.8025 F1: 0.8025 | Val Loss: 0.4278 Acc: 0.7840 F1: 0.7799 | Train Meta: metadata_norm_mean=4.1245 | Val Meta: metadata_norm_mean=4.1245
Epoch  42/50 | Train Loss: 0.4244 Acc: 0.7990 F1: 0.7990 | Val Loss: 0.4091 Acc: 0.7909 F1: 0.7907 | Train Meta: metadata_norm_mean=4.1245 | Val Meta: metadata_norm_mean=4.1245
Epoch  43/50 | Train Loss: 0.4199 Acc: 0.7956 F1: 0.7955 | Val Loss: 0.4028 Acc: 0.7992 F1: 0.7992 | Train Meta: metadata_norm_mean=4.1245 | Val Meta: metadata_norm_mean=4.1245
Epoch  44/50 | Train Loss: 0.4159 Acc: 0.8087 F1: 0.8087 | Val Loss: 0.4032 Acc: 0.8033 F1: 0.8032 | Train Meta: metadata_norm_mean=4.1245 | Val Meta: metadata_norm_mean=4.1245
Epoch  45/50 | Train Loss: 0.4254 Acc: 0.7952 F1: 0.7952 | Val Loss: 0.4034 Acc: 0.8088 F1: 0.8084 | Train Meta: metadata_norm_mean=4.1245 | Val Meta: metadata_norm_mean=4.1245
Epoch  46/50 | Train Loss: 0.4180 Acc: 0.8070 F1: 0.8069 | Val Loss: 0.4024 Acc: 0.8006 F1: 0.8006 | Train Meta: metadata_norm_mean=4.1245 | Val Meta: metadata_norm_mean=4.1245
Epoch  47/50 | Train Loss: 0.4199 Acc: 0.7997 F1: 0.7996 | Val Loss: 0.4027 Acc: 0.8102 F1: 0.8100 | Train Meta: metadata_norm_mean=4.1245 | Val Meta: metadata_norm_mean=4.1245
Epoch  48/50 | Train Loss: 0.4166 Acc: 0.8052 F1: 0.8052 | Val Loss: 0.3997 Acc: 0.8019 F1: 0.8019 | Train Meta: metadata_norm_mean=4.1245 | Val Meta: metadata_norm_mean=4.1245
Epoch  49/50 | Train Loss: 0.4124 Acc: 0.8125 F1: 0.8125 | Val Loss: 0.4133 Acc: 0.8019 F1: 0.7996 | Train Meta: metadata_norm_mean=4.1245 | Val Meta: metadata_norm_mean=4.1245
Epoch  50/50 | Train Loss: 0.4098 Acc: 0.8097 F1: 0.8097 | Val Loss: 0.4344 Acc: 0.7827 F1: 0.7763 | Train Meta: metadata_norm_mean=4.1245 | Val Meta: metadata_norm_mean=4.1245

Random Encoder Classification Result (FordB)
Accuracy : 0.606173
F1 (macro): 0.594223
