Text metadata preview | dataset=EthanolConcentration | domain=UEA | channels=3
   - channel_1: In the UEA domain, this channel belongs to the EthanolConcentration dataset and represents the feature channel 1.
   - channel_2: In the UEA domain, this channel belongs to the EthanolConcentration dataset and represents the feature channel 2.
   - ... (1 more channel descriptions)
/data/pjh_workspace/ts-env/lib/python3.8/site-packages/torch/nn/modules/transformer.py:307: UserWarning: enable_nested_tensor is True, but self.use_nested_tensor is False because encoder_layer.norm_first was True
  warnings.warn(f"enable_nested_tensor is True, but self.use_nested_tensor is False because {why_not_sparsity_fast_path}")
==================================================
🚀 Architecture: LAYA Random Encoder
📊 Target Dataset: EthanolConcentration (Channels: 3)
📊 Classes: 4 | Sequence Length: 1751
==================================================
✅ Encoder is RANDOMLY initialized and FROZEN (Linear Probing mode).
Epoch   1/50 | Train Loss: 1.4064 Acc: 0.2260 F1: 0.1799 | Val Loss: 1.4572 Acc: 0.2115 F1: 0.1265 | Train Meta: n/a | Val Meta: n/a
Epoch   2/50 | Train Loss: 1.3887 Acc: 0.2692 F1: 0.1705 | Val Loss: 1.4415 Acc: 0.2500 F1: 0.1768 | Train Meta: n/a | Val Meta: n/a
Epoch   3/50 | Train Loss: 1.3749 Acc: 0.2452 F1: 0.1799 | Val Loss: 1.4364 Acc: 0.2308 F1: 0.1903 | Train Meta: n/a | Val Meta: n/a
Epoch   4/50 | Train Loss: 1.3687 Acc: 0.2548 F1: 0.1992 | Val Loss: 1.4587 Acc: 0.2885 F1: 0.2201 | Train Meta: n/a | Val Meta: n/a
Epoch   5/50 | Train Loss: 1.3569 Acc: 0.2885 F1: 0.2860 | Val Loss: 1.4624 Acc: 0.2308 F1: 0.1957 | Train Meta: n/a | Val Meta: n/a
Epoch   6/50 | Train Loss: 1.3649 Acc: 0.2260 F1: 0.2235 | Val Loss: 1.4841 Acc: 0.2115 F1: 0.1789 | Train Meta: n/a | Val Meta: n/a
Epoch   7/50 | Train Loss: 1.3694 Acc: 0.3029 F1: 0.1933 | Val Loss: 1.5013 Acc: 0.2885 F1: 0.2544 | Train Meta: n/a | Val Meta: n/a
Epoch   8/50 | Train Loss: 1.3870 Acc: 0.2644 F1: 0.2307 | Val Loss: 1.4700 Acc: 0.2500 F1: 0.2095 | Train Meta: n/a | Val Meta: n/a
Epoch   9/50 | Train Loss: 1.3575 Acc: 0.2885 F1: 0.2375 | Val Loss: 1.5284 Acc: 0.2308 F1: 0.1648 | Train Meta: n/a | Val Meta: n/a
Epoch  10/50 | Train Loss: 1.3679 Acc: 0.2548 F1: 0.1889 | Val Loss: 1.4468 Acc: 0.3846 F1: 0.2758 | Train Meta: n/a | Val Meta: n/a
Epoch  11/50 | Train Loss: 1.3744 Acc: 0.2692 F1: 0.2214 | Val Loss: 1.4594 Acc: 0.2500 F1: 0.2141 | Train Meta: n/a | Val Meta: n/a
Epoch  12/50 | Train Loss: 1.3573 Acc: 0.2788 F1: 0.2285 | Val Loss: 1.4642 Acc: 0.2308 F1: 0.1864 | Train Meta: n/a | Val Meta: n/a
Epoch  13/50 | Train Loss: 1.3443 Acc: 0.2933 F1: 0.2427 | Val Loss: 1.5156 Acc: 0.2500 F1: 0.2309 | Train Meta: n/a | Val Meta: n/a
Epoch  14/50 | Train Loss: 1.3581 Acc: 0.2837 F1: 0.2534 | Val Loss: 1.4771 Acc: 0.3269 F1: 0.2679 | Train Meta: n/a | Val Meta: n/a
Epoch  15/50 | Train Loss: 1.3547 Acc: 0.3317 F1: 0.2489 | Val Loss: 1.4888 Acc: 0.2115 F1: 0.1967 | Train Meta: n/a | Val Meta: n/a
Epoch  16/50 | Train Loss: 1.3474 Acc: 0.2644 F1: 0.2337 | Val Loss: 1.4940 Acc: 0.2308 F1: 0.2000 | Train Meta: n/a | Val Meta: n/a
Epoch  17/50 | Train Loss: 1.3491 Acc: 0.2837 F1: 0.2442 | Val Loss: 1.4925 Acc: 0.2308 F1: 0.1909 | Train Meta: n/a | Val Meta: n/a
Epoch  18/50 | Train Loss: 1.3688 Acc: 0.2596 F1: 0.2538 | Val Loss: 1.5024 Acc: 0.3077 F1: 0.2493 | Train Meta: n/a | Val Meta: n/a
Epoch  19/50 | Train Loss: 1.4198 Acc: 0.2740 F1: 0.1962 | Val Loss: 1.4150 Acc: 0.2885 F1: 0.2292 | Train Meta: n/a | Val Meta: n/a
Epoch  20/50 | Train Loss: 1.3967 Acc: 0.2452 F1: 0.2131 | Val Loss: 1.5096 Acc: 0.2115 F1: 0.1753 | Train Meta: n/a | Val Meta: n/a
Epoch  21/50 | Train Loss: 1.3918 Acc: 0.2788 F1: 0.1703 | Val Loss: 1.4503 Acc: 0.2500 F1: 0.2036 | Train Meta: n/a | Val Meta: n/a
Epoch  22/50 | Train Loss: 1.3758 Acc: 0.2837 F1: 0.2351 | Val Loss: 1.5279 Acc: 0.2115 F1: 0.1641 | Train Meta: n/a | Val Meta: n/a
Epoch  23/50 | Train Loss: 1.3546 Acc: 0.2885 F1: 0.2163 | Val Loss: 1.4852 Acc: 0.2115 F1: 0.2016 | Train Meta: n/a | Val Meta: n/a
Epoch  24/50 | Train Loss: 1.3615 Acc: 0.2644 F1: 0.2585 | Val Loss: 1.4583 Acc: 0.2115 F1: 0.1721 | Train Meta: n/a | Val Meta: n/a
Epoch  25/50 | Train Loss: 1.3757 Acc: 0.2548 F1: 0.2177 | Val Loss: 1.4718 Acc: 0.3077 F1: 0.2447 | Train Meta: n/a | Val Meta: n/a
Epoch  26/50 | Train Loss: 1.3507 Acc: 0.3173 F1: 0.2876 | Val Loss: 1.5238 Acc: 0.2308 F1: 0.2227 | Train Meta: n/a | Val Meta: n/a
Epoch  27/50 | Train Loss: 1.3464 Acc: 0.3077 F1: 0.2355 | Val Loss: 1.4886 Acc: 0.2115 F1: 0.2030 | Train Meta: n/a | Val Meta: n/a
Epoch  28/50 | Train Loss: 1.3600 Acc: 0.3029 F1: 0.2574 | Val Loss: 1.4970 Acc: 0.2115 F1: 0.1697 | Train Meta: n/a | Val Meta: n/a
Epoch  29/50 | Train Loss: 1.3691 Acc: 0.3125 F1: 0.2434 | Val Loss: 1.4264 Acc: 0.3269 F1: 0.2515 | Train Meta: n/a | Val Meta: n/a
Epoch  30/50 | Train Loss: 1.3723 Acc: 0.2981 F1: 0.2578 | Val Loss: 1.5129 Acc: 0.1923 F1: 0.1543 | Train Meta: n/a | Val Meta: n/a
Epoch  31/50 | Train Loss: 1.3717 Acc: 0.2788 F1: 0.2517 | Val Loss: 1.5445 Acc: 0.2308 F1: 0.2252 | Train Meta: n/a | Val Meta: n/a
Epoch  32/50 | Train Loss: 1.3552 Acc: 0.2981 F1: 0.2446 | Val Loss: 1.5359 Acc: 0.2115 F1: 0.1797 | Train Meta: n/a | Val Meta: n/a
Epoch  33/50 | Train Loss: 1.3582 Acc: 0.2788 F1: 0.2528 | Val Loss: 1.4234 Acc: 0.3462 F1: 0.2635 | Train Meta: n/a | Val Meta: n/a
Epoch  34/50 | Train Loss: 1.3486 Acc: 0.3269 F1: 0.2986 | Val Loss: 1.5327 Acc: 0.2500 F1: 0.2505 | Train Meta: n/a | Val Meta: n/a
Epoch  35/50 | Train Loss: 1.3526 Acc: 0.2644 F1: 0.2512 | Val Loss: 1.4657 Acc: 0.2115 F1: 0.1754 | Train Meta: n/a | Val Meta: n/a
Epoch  36/50 | Train Loss: 1.3504 Acc: 0.2788 F1: 0.2336 | Val Loss: 1.5145 Acc: 0.2115 F1: 0.1265 | Train Meta: n/a | Val Meta: n/a
Epoch  37/50 | Train Loss: 1.3540 Acc: 0.2644 F1: 0.2435 | Val Loss: 1.4464 Acc: 0.3269 F1: 0.2385 | Train Meta: n/a | Val Meta: n/a
Epoch  38/50 | Train Loss: 1.3535 Acc: 0.2885 F1: 0.2705 | Val Loss: 1.5235 Acc: 0.2115 F1: 0.1659 | Train Meta: n/a | Val Meta: n/a
Epoch  39/50 | Train Loss: 1.3547 Acc: 0.2692 F1: 0.2481 | Val Loss: 1.4947 Acc: 0.2308 F1: 0.1982 | Train Meta: n/a | Val Meta: n/a
Epoch  40/50 | Train Loss: 1.3455 Acc: 0.2837 F1: 0.2387 | Val Loss: 1.4608 Acc: 0.3077 F1: 0.2510 | Train Meta: n/a | Val Meta: n/a
Epoch  41/50 | Train Loss: 1.3514 Acc: 0.2308 F1: 0.2228 | Val Loss: 1.4733 Acc: 0.2500 F1: 0.2010 | Train Meta: n/a | Val Meta: n/a
Epoch  42/50 | Train Loss: 1.3514 Acc: 0.2981 F1: 0.2493 | Val Loss: 1.5145 Acc: 0.2500 F1: 0.2418 | Train Meta: n/a | Val Meta: n/a
Epoch  43/50 | Train Loss: 1.3497 Acc: 0.3077 F1: 0.2841 | Val Loss: 1.4903 Acc: 0.2115 F1: 0.1762 | Train Meta: n/a | Val Meta: n/a
Epoch  44/50 | Train Loss: 1.3494 Acc: 0.3125 F1: 0.2494 | Val Loss: 1.4799 Acc: 0.2692 F1: 0.2294 | Train Meta: n/a | Val Meta: n/a
Epoch  45/50 | Train Loss: 1.3647 Acc: 0.2933 F1: 0.2386 | Val Loss: 1.5080 Acc: 0.2308 F1: 0.1962 | Train Meta: n/a | Val Meta: n/a
Epoch  46/50 | Train Loss: 1.3593 Acc: 0.2740 F1: 0.2010 | Val Loss: 1.5016 Acc: 0.1731 F1: 0.1610 | Train Meta: n/a | Val Meta: n/a
Epoch  47/50 | Train Loss: 1.3499 Acc: 0.2692 F1: 0.1968 | Val Loss: 1.4555 Acc: 0.3846 F1: 0.2339 | Train Meta: n/a | Val Meta: n/a
Epoch  48/50 | Train Loss: 1.3542 Acc: 0.3029 F1: 0.2607 | Val Loss: 1.5423 Acc: 0.2308 F1: 0.2295 | Train Meta: n/a | Val Meta: n/a
Epoch  49/50 | Train Loss: 1.3522 Acc: 0.2981 F1: 0.2645 | Val Loss: 1.4345 Acc: 0.4038 F1: 0.2378 | Train Meta: n/a | Val Meta: n/a
Epoch  50/50 | Train Loss: 1.3660 Acc: 0.2019 F1: 0.1994 | Val Loss: 1.5486 Acc: 0.2115 F1: 0.1797 | Train Meta: n/a | Val Meta: n/a

Random Encoder Classification Result (EthanolConcentration)
Accuracy : 0.323194
F1 (macro): 0.276579
Text metadata preview | dataset=FaceDetection | domain=UEA | channels=144
   - channel_1: In the UEA domain, this channel belongs to the FaceDetection dataset and represents the feature channel 1.
   - channel_2: In the UEA domain, this channel belongs to the FaceDetection dataset and represents the feature channel 2.
   - ... (142 more channel descriptions)
/data/pjh_workspace/ts-env/lib/python3.8/site-packages/torch/nn/modules/transformer.py:307: UserWarning: enable_nested_tensor is True, but self.use_nested_tensor is False because encoder_layer.norm_first was True
  warnings.warn(f"enable_nested_tensor is True, but self.use_nested_tensor is False because {why_not_sparsity_fast_path}")
==================================================
🚀 Architecture: LAYA Random Encoder
📊 Target Dataset: FaceDetection (Channels: 144)
📊 Classes: 2 | Sequence Length: 62
==================================================
✅ Encoder is RANDOMLY initialized and FROZEN (Linear Probing mode).
Epoch   1/50 | Train Loss: 0.7075 Acc: 0.5106 F1: 0.5105 | Val Loss: 0.6933 Acc: 0.4881 F1: 0.3588 | Train Meta: n/a | Val Meta: n/a
Text metadata preview | dataset=EthanolConcentration | domain=UEA | channels=3
   - channel_1: In the UEA domain, this channel belongs to the EthanolConcentration dataset and represents the feature channel 1.
   - channel_2: In the UEA domain, this channel belongs to the EthanolConcentration dataset and represents the feature channel 2.
   - ... (1 more channel descriptions)
/data/pjh_workspace/ts-env/lib/python3.8/site-packages/torch/nn/modules/transformer.py:307: UserWarning: enable_nested_tensor is True, but self.use_nested_tensor is False because encoder_layer.norm_first was True
  warnings.warn(f"enable_nested_tensor is True, but self.use_nested_tensor is False because {why_not_sparsity_fast_path}")
==================================================
🚀 Architecture: LAYA Random Encoder
📊 Target Dataset: EthanolConcentration (Channels: 3)
📊 Classes: 4 | Sequence Length: 1751
==================================================
✅ Encoder is RANDOMLY initialized and FROZEN (Linear Probing mode).
Epoch   1/50 | Train Loss: 1.4064 Acc: 0.2260 F1: 0.1799 | Val Loss: 1.4572 Acc: 0.2115 F1: 0.1265 | Train Meta: n/a | Val Meta: n/a
Epoch   2/50 | Train Loss: 1.3887 Acc: 0.2692 F1: 0.1705 | Val Loss: 1.4415 Acc: 0.2500 F1: 0.1768 | Train Meta: n/a | Val Meta: n/a
Epoch   3/50 | Train Loss: 1.3749 Acc: 0.2452 F1: 0.1799 | Val Loss: 1.4364 Acc: 0.2308 F1: 0.1903 | Train Meta: n/a | Val Meta: n/a
Epoch   4/50 | Train Loss: 1.3687 Acc: 0.2548 F1: 0.1992 | Val Loss: 1.4587 Acc: 0.2885 F1: 0.2201 | Train Meta: n/a | Val Meta: n/a
Epoch   5/50 | Train Loss: 1.3569 Acc: 0.2885 F1: 0.2860 | Val Loss: 1.4624 Acc: 0.2308 F1: 0.1957 | Train Meta: n/a | Val Meta: n/a
Epoch   6/50 | Train Loss: 1.3649 Acc: 0.2260 F1: 0.2235 | Val Loss: 1.4841 Acc: 0.2115 F1: 0.1789 | Train Meta: n/a | Val Meta: n/a
Epoch   7/50 | Train Loss: 1.3694 Acc: 0.3029 F1: 0.1933 | Val Loss: 1.5013 Acc: 0.2885 F1: 0.2544 | Train Meta: n/a | Val Meta: n/a
Epoch   8/50 | Train Loss: 1.3870 Acc: 0.2644 F1: 0.2307 | Val Loss: 1.4700 Acc: 0.2500 F1: 0.2095 | Train Meta: n/a | Val Meta: n/a
Epoch   9/50 | Train Loss: 1.3575 Acc: 0.2885 F1: 0.2375 | Val Loss: 1.5284 Acc: 0.2308 F1: 0.1648 | Train Meta: n/a | Val Meta: n/a
Epoch  10/50 | Train Loss: 1.3679 Acc: 0.2548 F1: 0.1889 | Val Loss: 1.4468 Acc: 0.3846 F1: 0.2758 | Train Meta: n/a | Val Meta: n/a
Epoch  11/50 | Train Loss: 1.3744 Acc: 0.2692 F1: 0.2214 | Val Loss: 1.4594 Acc: 0.2500 F1: 0.2141 | Train Meta: n/a | Val Meta: n/a
Epoch  12/50 | Train Loss: 1.3573 Acc: 0.2788 F1: 0.2285 | Val Loss: 1.4642 Acc: 0.2308 F1: 0.1864 | Train Meta: n/a | Val Meta: n/a
Epoch  13/50 | Train Loss: 1.3443 Acc: 0.2933 F1: 0.2427 | Val Loss: 1.5156 Acc: 0.2500 F1: 0.2309 | Train Meta: n/a | Val Meta: n/a
Epoch  14/50 | Train Loss: 1.3581 Acc: 0.2837 F1: 0.2534 | Val Loss: 1.4771 Acc: 0.3269 F1: 0.2679 | Train Meta: n/a | Val Meta: n/a
Epoch  15/50 | Train Loss: 1.3547 Acc: 0.3317 F1: 0.2489 | Val Loss: 1.4888 Acc: 0.2115 F1: 0.1967 | Train Meta: n/a | Val Meta: n/a
Epoch  16/50 | Train Loss: 1.3474 Acc: 0.2644 F1: 0.2337 | Val Loss: 1.4940 Acc: 0.2308 F1: 0.2000 | Train Meta: n/a | Val Meta: n/a
Epoch  17/50 | Train Loss: 1.3491 Acc: 0.2837 F1: 0.2442 | Val Loss: 1.4925 Acc: 0.2308 F1: 0.1909 | Train Meta: n/a | Val Meta: n/a
Epoch  18/50 | Train Loss: 1.3688 Acc: 0.2596 F1: 0.2538 | Val Loss: 1.5024 Acc: 0.3077 F1: 0.2493 | Train Meta: n/a | Val Meta: n/a
Epoch  19/50 | Train Loss: 1.4198 Acc: 0.2740 F1: 0.1962 | Val Loss: 1.4150 Acc: 0.2885 F1: 0.2292 | Train Meta: n/a | Val Meta: n/a
Epoch  20/50 | Train Loss: 1.3967 Acc: 0.2452 F1: 0.2131 | Val Loss: 1.5096 Acc: 0.2115 F1: 0.1753 | Train Meta: n/a | Val Meta: n/a
Epoch  21/50 | Train Loss: 1.3918 Acc: 0.2788 F1: 0.1703 | Val Loss: 1.4503 Acc: 0.2500 F1: 0.2036 | Train Meta: n/a | Val Meta: n/a
Epoch  22/50 | Train Loss: 1.3758 Acc: 0.2837 F1: 0.2351 | Val Loss: 1.5279 Acc: 0.2115 F1: 0.1641 | Train Meta: n/a | Val Meta: n/a
Epoch  23/50 | Train Loss: 1.3546 Acc: 0.2885 F1: 0.2163 | Val Loss: 1.4852 Acc: 0.2115 F1: 0.2016 | Train Meta: n/a | Val Meta: n/a
Epoch  24/50 | Train Loss: 1.3615 Acc: 0.2644 F1: 0.2585 | Val Loss: 1.4583 Acc: 0.2115 F1: 0.1721 | Train Meta: n/a | Val Meta: n/a
Epoch  25/50 | Train Loss: 1.3757 Acc: 0.2548 F1: 0.2177 | Val Loss: 1.4718 Acc: 0.3077 F1: 0.2447 | Train Meta: n/a | Val Meta: n/a
Epoch  26/50 | Train Loss: 1.3507 Acc: 0.3173 F1: 0.2876 | Val Loss: 1.5238 Acc: 0.2308 F1: 0.2227 | Train Meta: n/a | Val Meta: n/a
Epoch  27/50 | Train Loss: 1.3464 Acc: 0.3077 F1: 0.2355 | Val Loss: 1.4886 Acc: 0.2115 F1: 0.2030 | Train Meta: n/a | Val Meta: n/a
Epoch  28/50 | Train Loss: 1.3600 Acc: 0.3029 F1: 0.2574 | Val Loss: 1.4970 Acc: 0.2115 F1: 0.1697 | Train Meta: n/a | Val Meta: n/a
Epoch  29/50 | Train Loss: 1.3691 Acc: 0.3125 F1: 0.2434 | Val Loss: 1.4264 Acc: 0.3269 F1: 0.2515 | Train Meta: n/a | Val Meta: n/a
Epoch  30/50 | Train Loss: 1.3723 Acc: 0.2981 F1: 0.2578 | Val Loss: 1.5129 Acc: 0.1923 F1: 0.1543 | Train Meta: n/a | Val Meta: n/a
Epoch  31/50 | Train Loss: 1.3717 Acc: 0.2788 F1: 0.2517 | Val Loss: 1.5445 Acc: 0.2308 F1: 0.2252 | Train Meta: n/a | Val Meta: n/a
Epoch  32/50 | Train Loss: 1.3552 Acc: 0.2981 F1: 0.2446 | Val Loss: 1.5359 Acc: 0.2115 F1: 0.1797 | Train Meta: n/a | Val Meta: n/a
Epoch  33/50 | Train Loss: 1.3582 Acc: 0.2788 F1: 0.2528 | Val Loss: 1.4234 Acc: 0.3462 F1: 0.2635 | Train Meta: n/a | Val Meta: n/a
Epoch  34/50 | Train Loss: 1.3486 Acc: 0.3269 F1: 0.2986 | Val Loss: 1.5327 Acc: 0.2500 F1: 0.2505 | Train Meta: n/a | Val Meta: n/a
Epoch  35/50 | Train Loss: 1.3526 Acc: 0.2644 F1: 0.2512 | Val Loss: 1.4657 Acc: 0.2115 F1: 0.1754 | Train Meta: n/a | Val Meta: n/a
Epoch  36/50 | Train Loss: 1.3504 Acc: 0.2788 F1: 0.2336 | Val Loss: 1.5145 Acc: 0.2115 F1: 0.1265 | Train Meta: n/a | Val Meta: n/a
Epoch  37/50 | Train Loss: 1.3540 Acc: 0.2644 F1: 0.2435 | Val Loss: 1.4464 Acc: 0.3269 F1: 0.2385 | Train Meta: n/a | Val Meta: n/a
Epoch  38/50 | Train Loss: 1.3535 Acc: 0.2885 F1: 0.2705 | Val Loss: 1.5235 Acc: 0.2115 F1: 0.1659 | Train Meta: n/a | Val Meta: n/a
Epoch  39/50 | Train Loss: 1.3547 Acc: 0.2692 F1: 0.2481 | Val Loss: 1.4947 Acc: 0.2308 F1: 0.1982 | Train Meta: n/a | Val Meta: n/a
Epoch  40/50 | Train Loss: 1.3455 Acc: 0.2837 F1: 0.2387 | Val Loss: 1.4608 Acc: 0.3077 F1: 0.2510 | Train Meta: n/a | Val Meta: n/a
Epoch  41/50 | Train Loss: 1.3514 Acc: 0.2308 F1: 0.2228 | Val Loss: 1.4733 Acc: 0.2500 F1: 0.2010 | Train Meta: n/a | Val Meta: n/a
Epoch  42/50 | Train Loss: 1.3514 Acc: 0.2981 F1: 0.2493 | Val Loss: 1.5145 Acc: 0.2500 F1: 0.2418 | Train Meta: n/a | Val Meta: n/a
Epoch  43/50 | Train Loss: 1.3497 Acc: 0.3077 F1: 0.2841 | Val Loss: 1.4903 Acc: 0.2115 F1: 0.1762 | Train Meta: n/a | Val Meta: n/a
Epoch  44/50 | Train Loss: 1.3494 Acc: 0.3125 F1: 0.2494 | Val Loss: 1.4799 Acc: 0.2692 F1: 0.2294 | Train Meta: n/a | Val Meta: n/a
Epoch  45/50 | Train Loss: 1.3647 Acc: 0.2933 F1: 0.2386 | Val Loss: 1.5080 Acc: 0.2308 F1: 0.1962 | Train Meta: n/a | Val Meta: n/a
Epoch  46/50 | Train Loss: 1.3593 Acc: 0.2740 F1: 0.2010 | Val Loss: 1.5016 Acc: 0.1731 F1: 0.1610 | Train Meta: n/a | Val Meta: n/a
Epoch  47/50 | Train Loss: 1.3499 Acc: 0.2692 F1: 0.1968 | Val Loss: 1.4555 Acc: 0.3846 F1: 0.2339 | Train Meta: n/a | Val Meta: n/a
Epoch  48/50 | Train Loss: 1.3542 Acc: 0.3029 F1: 0.2607 | Val Loss: 1.5423 Acc: 0.2308 F1: 0.2295 | Train Meta: n/a | Val Meta: n/a
Epoch  49/50 | Train Loss: 1.3522 Acc: 0.2981 F1: 0.2645 | Val Loss: 1.4345 Acc: 0.4038 F1: 0.2378 | Train Meta: n/a | Val Meta: n/a
Epoch  50/50 | Train Loss: 1.3660 Acc: 0.2019 F1: 0.1994 | Val Loss: 1.5486 Acc: 0.2115 F1: 0.1797 | Train Meta: n/a | Val Meta: n/a

Random Encoder Classification Result (EthanolConcentration)
Accuracy : 0.323194
F1 (macro): 0.276579
Text metadata preview | dataset=FaceDetection | domain=UEA | channels=144
   - channel_1: In the UEA domain, this channel belongs to the FaceDetection dataset and represents the feature channel 1.
   - channel_2: In the UEA domain, this channel belongs to the FaceDetection dataset and represents the feature channel 2.
   - ... (142 more channel descriptions)
/data/pjh_workspace/ts-env/lib/python3.8/site-packages/torch/nn/modules/transformer.py:307: UserWarning: enable_nested_tensor is True, but self.use_nested_tensor is False because encoder_layer.norm_first was True
  warnings.warn(f"enable_nested_tensor is True, but self.use_nested_tensor is False because {why_not_sparsity_fast_path}")
==================================================
🚀 Architecture: LAYA Random Encoder
📊 Target Dataset: FaceDetection (Channels: 144)
📊 Classes: 2 | Sequence Length: 62
==================================================
✅ Encoder is RANDOMLY initialized and FROZEN (Linear Probing mode).
Epoch   1/50 | Train Loss: 0.7075 Acc: 0.5106 F1: 0.5105 | Val Loss: 0.6933 Acc: 0.4881 F1: 0.3588 | Train Meta: n/a | Val Meta: n/a
Epoch   2/50 | Train Loss: 0.7082 Acc: 0.4996 F1: 0.4996 | Val Loss: 0.6993 Acc: 0.4924 F1: 0.3314 | Train Meta: n/a | Val Meta: n/a
Epoch   3/50 | Train Loss: 0.7085 Acc: 0.5174 F1: 0.5167 | Val Loss: 0.6916 Acc: 0.5178 F1: 0.4397 | Train Meta: n/a | Val Meta: n/a
Epoch   4/50 | Train Loss: 0.6981 Acc: 0.5123 F1: 0.5123 | Val Loss: 0.7225 Acc: 0.4915 F1: 0.3295 | Train Meta: n/a | Val Meta: n/a
Epoch   5/50 | Train Loss: 0.7001 Acc: 0.5130 F1: 0.5129 | Val Loss: 0.7020 Acc: 0.4924 F1: 0.3314 | Train Meta: n/a | Val Meta: n/a
Epoch   6/50 | Train Loss: 0.7017 Acc: 0.5072 F1: 0.5061 | Val Loss: 0.7605 Acc: 0.5093 F1: 0.3390 | Train Meta: n/a | Val Meta: n/a
Epoch   7/50 | Train Loss: 0.7041 Acc: 0.5049 F1: 0.5049 | Val Loss: 0.6906 Acc: 0.5272 F1: 0.5157 | Train Meta: n/a | Val Meta: n/a
Epoch   8/50 | Train Loss: 0.7030 Acc: 0.5019 F1: 0.5019 | Val Loss: 0.7549 Acc: 0.5093 F1: 0.3390 | Train Meta: n/a | Val Meta: n/a
Epoch   9/50 | Train Loss: 0.7036 Acc: 0.5013 F1: 0.5012 | Val Loss: 0.7100 Acc: 0.4924 F1: 0.3314 | Train Meta: n/a | Val Meta: n/a
Epoch  10/50 | Train Loss: 0.7021 Acc: 0.5074 F1: 0.5070 | Val Loss: 0.7595 Acc: 0.4915 F1: 0.3295 | Train Meta: n/a | Val Meta: n/a
Epoch  11/50 | Train Loss: 0.7018 Acc: 0.5106 F1: 0.5106 | Val Loss: 0.6909 Acc: 0.5306 F1: 0.5221 | Train Meta: n/a | Val Meta: n/a
Epoch  12/50 | Train Loss: 0.7056 Acc: 0.5142 F1: 0.5136 | Val Loss: 0.6932 Acc: 0.5212 F1: 0.4507 | Train Meta: n/a | Val Meta: n/a
Epoch  13/50 | Train Loss: 0.6988 Acc: 0.5043 F1: 0.5039 | Val Loss: 0.7003 Acc: 0.4992 F1: 0.3502 | Train Meta: n/a | Val Meta: n/a
Terminated
Text metadata preview | dataset=EthanolConcentration | domain=UEA | channels=3
   - channel_1: In the UEA domain, this channel belongs to the EthanolConcentration dataset and represents the feature channel 1.
   - channel_2: In the UEA domain, this channel belongs to the EthanolConcentration dataset and represents the feature channel 2.
   - ... (1 more channel descriptions)
/data/pjh_workspace/ts-env/lib/python3.8/site-packages/torch/nn/modules/transformer.py:307: UserWarning: enable_nested_tensor is True, but self.use_nested_tensor is False because encoder_layer.norm_first was True
  warnings.warn(f"enable_nested_tensor is True, but self.use_nested_tensor is False because {why_not_sparsity_fast_path}")
==================================================
🚀 Architecture: LAYA Random Encoder
📊 Target Dataset: EthanolConcentration (Channels: 3)
📊 Classes: 4 | Sequence Length: 1751
==================================================
✅ Encoder is RANDOMLY initialized and FROZEN (Linear Probing mode).
Epoch   1/50 | Train Loss: 1.4064 Acc: 0.2260 F1: 0.1799 | Val Loss: 1.4572 Acc: 0.2115 F1: 0.1265 | Train Meta: n/a | Val Meta: n/a
Epoch   2/50 | Train Loss: 1.3887 Acc: 0.2692 F1: 0.1705 | Val Loss: 1.4415 Acc: 0.2500 F1: 0.1768 | Train Meta: n/a | Val Meta: n/a
Epoch   3/50 | Train Loss: 1.3749 Acc: 0.2452 F1: 0.1799 | Val Loss: 1.4364 Acc: 0.2308 F1: 0.1903 | Train Meta: n/a | Val Meta: n/a
Epoch   4/50 | Train Loss: 1.3687 Acc: 0.2548 F1: 0.1992 | Val Loss: 1.4587 Acc: 0.2885 F1: 0.2201 | Train Meta: n/a | Val Meta: n/a
Epoch   5/50 | Train Loss: 1.3569 Acc: 0.2885 F1: 0.2860 | Val Loss: 1.4624 Acc: 0.2308 F1: 0.1957 | Train Meta: n/a | Val Meta: n/a
Epoch   6/50 | Train Loss: 1.3649 Acc: 0.2260 F1: 0.2235 | Val Loss: 1.4841 Acc: 0.2115 F1: 0.1789 | Train Meta: n/a | Val Meta: n/a
Epoch   7/50 | Train Loss: 1.3694 Acc: 0.3029 F1: 0.1933 | Val Loss: 1.5013 Acc: 0.2885 F1: 0.2544 | Train Meta: n/a | Val Meta: n/a
Epoch   8/50 | Train Loss: 1.3870 Acc: 0.2644 F1: 0.2307 | Val Loss: 1.4700 Acc: 0.2500 F1: 0.2095 | Train Meta: n/a | Val Meta: n/a
Epoch   9/50 | Train Loss: 1.3575 Acc: 0.2885 F1: 0.2375 | Val Loss: 1.5284 Acc: 0.2308 F1: 0.1648 | Train Meta: n/a | Val Meta: n/a
Epoch  10/50 | Train Loss: 1.3679 Acc: 0.2548 F1: 0.1889 | Val Loss: 1.4468 Acc: 0.3846 F1: 0.2758 | Train Meta: n/a | Val Meta: n/a
Epoch  11/50 | Train Loss: 1.3744 Acc: 0.2692 F1: 0.2214 | Val Loss: 1.4594 Acc: 0.2500 F1: 0.2141 | Train Meta: n/a | Val Meta: n/a
Epoch  12/50 | Train Loss: 1.3573 Acc: 0.2788 F1: 0.2285 | Val Loss: 1.4642 Acc: 0.2308 F1: 0.1864 | Train Meta: n/a | Val Meta: n/a
Epoch  13/50 | Train Loss: 1.3443 Acc: 0.2933 F1: 0.2427 | Val Loss: 1.5156 Acc: 0.2500 F1: 0.2309 | Train Meta: n/a | Val Meta: n/a
Epoch  14/50 | Train Loss: 1.3581 Acc: 0.2837 F1: 0.2534 | Val Loss: 1.4771 Acc: 0.3269 F1: 0.2679 | Train Meta: n/a | Val Meta: n/a
Epoch  15/50 | Train Loss: 1.3547 Acc: 0.3317 F1: 0.2489 | Val Loss: 1.4888 Acc: 0.2115 F1: 0.1967 | Train Meta: n/a | Val Meta: n/a
Epoch  16/50 | Train Loss: 1.3474 Acc: 0.2644 F1: 0.2337 | Val Loss: 1.4940 Acc: 0.2308 F1: 0.2000 | Train Meta: n/a | Val Meta: n/a
Epoch  17/50 | Train Loss: 1.3491 Acc: 0.2837 F1: 0.2442 | Val Loss: 1.4925 Acc: 0.2308 F1: 0.1909 | Train Meta: n/a | Val Meta: n/a
Epoch  18/50 | Train Loss: 1.3688 Acc: 0.2596 F1: 0.2538 | Val Loss: 1.5024 Acc: 0.3077 F1: 0.2493 | Train Meta: n/a | Val Meta: n/a
Epoch  19/50 | Train Loss: 1.4198 Acc: 0.2740 F1: 0.1962 | Val Loss: 1.4150 Acc: 0.2885 F1: 0.2292 | Train Meta: n/a | Val Meta: n/a
Epoch  20/50 | Train Loss: 1.3967 Acc: 0.2452 F1: 0.2131 | Val Loss: 1.5096 Acc: 0.2115 F1: 0.1753 | Train Meta: n/a | Val Meta: n/a
Epoch  21/50 | Train Loss: 1.3918 Acc: 0.2788 F1: 0.1703 | Val Loss: 1.4503 Acc: 0.2500 F1: 0.2036 | Train Meta: n/a | Val Meta: n/a
Epoch  22/50 | Train Loss: 1.3758 Acc: 0.2837 F1: 0.2351 | Val Loss: 1.5279 Acc: 0.2115 F1: 0.1641 | Train Meta: n/a | Val Meta: n/a
Epoch  23/50 | Train Loss: 1.3546 Acc: 0.2885 F1: 0.2163 | Val Loss: 1.4852 Acc: 0.2115 F1: 0.2016 | Train Meta: n/a | Val Meta: n/a
Epoch  24/50 | Train Loss: 1.3615 Acc: 0.2644 F1: 0.2585 | Val Loss: 1.4583 Acc: 0.2115 F1: 0.1721 | Train Meta: n/a | Val Meta: n/a
Epoch  25/50 | Train Loss: 1.3757 Acc: 0.2548 F1: 0.2177 | Val Loss: 1.4718 Acc: 0.3077 F1: 0.2447 | Train Meta: n/a | Val Meta: n/a
Epoch  26/50 | Train Loss: 1.3507 Acc: 0.3173 F1: 0.2876 | Val Loss: 1.5238 Acc: 0.2308 F1: 0.2227 | Train Meta: n/a | Val Meta: n/a
Epoch  27/50 | Train Loss: 1.3464 Acc: 0.3077 F1: 0.2355 | Val Loss: 1.4886 Acc: 0.2115 F1: 0.2030 | Train Meta: n/a | Val Meta: n/a
Epoch  28/50 | Train Loss: 1.3600 Acc: 0.3029 F1: 0.2574 | Val Loss: 1.4970 Acc: 0.2115 F1: 0.1697 | Train Meta: n/a | Val Meta: n/a
Epoch  29/50 | Train Loss: 1.3691 Acc: 0.3125 F1: 0.2434 | Val Loss: 1.4264 Acc: 0.3269 F1: 0.2515 | Train Meta: n/a | Val Meta: n/a
Epoch  30/50 | Train Loss: 1.3723 Acc: 0.2981 F1: 0.2578 | Val Loss: 1.5129 Acc: 0.1923 F1: 0.1543 | Train Meta: n/a | Val Meta: n/a
Epoch  31/50 | Train Loss: 1.3717 Acc: 0.2788 F1: 0.2517 | Val Loss: 1.5445 Acc: 0.2308 F1: 0.2252 | Train Meta: n/a | Val Meta: n/a
Epoch  32/50 | Train Loss: 1.3552 Acc: 0.2981 F1: 0.2446 | Val Loss: 1.5359 Acc: 0.2115 F1: 0.1797 | Train Meta: n/a | Val Meta: n/a
Epoch  33/50 | Train Loss: 1.3582 Acc: 0.2788 F1: 0.2528 | Val Loss: 1.4234 Acc: 0.3462 F1: 0.2635 | Train Meta: n/a | Val Meta: n/a
Epoch  34/50 | Train Loss: 1.3486 Acc: 0.3269 F1: 0.2986 | Val Loss: 1.5327 Acc: 0.2500 F1: 0.2505 | Train Meta: n/a | Val Meta: n/a
Epoch  35/50 | Train Loss: 1.3526 Acc: 0.2644 F1: 0.2512 | Val Loss: 1.4657 Acc: 0.2115 F1: 0.1754 | Train Meta: n/a | Val Meta: n/a
Epoch  36/50 | Train Loss: 1.3504 Acc: 0.2788 F1: 0.2336 | Val Loss: 1.5145 Acc: 0.2115 F1: 0.1265 | Train Meta: n/a | Val Meta: n/a
Epoch  37/50 | Train Loss: 1.3540 Acc: 0.2644 F1: 0.2435 | Val Loss: 1.4464 Acc: 0.3269 F1: 0.2385 | Train Meta: n/a | Val Meta: n/a
Epoch  38/50 | Train Loss: 1.3535 Acc: 0.2885 F1: 0.2705 | Val Loss: 1.5235 Acc: 0.2115 F1: 0.1659 | Train Meta: n/a | Val Meta: n/a
Epoch  39/50 | Train Loss: 1.3547 Acc: 0.2692 F1: 0.2481 | Val Loss: 1.4947 Acc: 0.2308 F1: 0.1982 | Train Meta: n/a | Val Meta: n/a
Epoch  40/50 | Train Loss: 1.3455 Acc: 0.2837 F1: 0.2387 | Val Loss: 1.4608 Acc: 0.3077 F1: 0.2510 | Train Meta: n/a | Val Meta: n/a
Epoch  41/50 | Train Loss: 1.3514 Acc: 0.2308 F1: 0.2228 | Val Loss: 1.4733 Acc: 0.2500 F1: 0.2010 | Train Meta: n/a | Val Meta: n/a
Epoch  42/50 | Train Loss: 1.3514 Acc: 0.2981 F1: 0.2493 | Val Loss: 1.5145 Acc: 0.2500 F1: 0.2418 | Train Meta: n/a | Val Meta: n/a
Epoch  43/50 | Train Loss: 1.3497 Acc: 0.3077 F1: 0.2841 | Val Loss: 1.4903 Acc: 0.2115 F1: 0.1762 | Train Meta: n/a | Val Meta: n/a
Epoch  44/50 | Train Loss: 1.3494 Acc: 0.3125 F1: 0.2494 | Val Loss: 1.4799 Acc: 0.2692 F1: 0.2294 | Train Meta: n/a | Val Meta: n/a
Epoch  45/50 | Train Loss: 1.3647 Acc: 0.2933 F1: 0.2386 | Val Loss: 1.5080 Acc: 0.2308 F1: 0.1962 | Train Meta: n/a | Val Meta: n/a
Epoch  46/50 | Train Loss: 1.3593 Acc: 0.2740 F1: 0.2010 | Val Loss: 1.5016 Acc: 0.1731 F1: 0.1610 | Train Meta: n/a | Val Meta: n/a
Epoch  47/50 | Train Loss: 1.3499 Acc: 0.2692 F1: 0.1968 | Val Loss: 1.4555 Acc: 0.3846 F1: 0.2339 | Train Meta: n/a | Val Meta: n/a
Epoch  48/50 | Train Loss: 1.3542 Acc: 0.3029 F1: 0.2607 | Val Loss: 1.5423 Acc: 0.2308 F1: 0.2295 | Train Meta: n/a | Val Meta: n/a
Epoch  49/50 | Train Loss: 1.3522 Acc: 0.2981 F1: 0.2645 | Val Loss: 1.4345 Acc: 0.4038 F1: 0.2378 | Train Meta: n/a | Val Meta: n/a
Epoch  50/50 | Train Loss: 1.3660 Acc: 0.2019 F1: 0.1994 | Val Loss: 1.5486 Acc: 0.2115 F1: 0.1797 | Train Meta: n/a | Val Meta: n/a

Random Encoder Classification Result (EthanolConcentration)
Accuracy : 0.323194
F1 (macro): 0.276579
Text metadata preview | dataset=FaceDetection | domain=UEA | channels=144
   - channel_1: In the UEA domain, this channel belongs to the FaceDetection dataset and represents the feature channel 1.
   - channel_2: In the UEA domain, this channel belongs to the FaceDetection dataset and represents the feature channel 2.
   - ... (142 more channel descriptions)
/data/pjh_workspace/ts-env/lib/python3.8/site-packages/torch/nn/modules/transformer.py:307: UserWarning: enable_nested_tensor is True, but self.use_nested_tensor is False because encoder_layer.norm_first was True
  warnings.warn(f"enable_nested_tensor is True, but self.use_nested_tensor is False because {why_not_sparsity_fast_path}")
==================================================
🚀 Architecture: LAYA Random Encoder
📊 Target Dataset: FaceDetection (Channels: 144)
📊 Classes: 2 | Sequence Length: 62
==================================================
✅ Encoder is RANDOMLY initialized and FROZEN (Linear Probing mode).
Epoch   1/50 | Train Loss: 0.7075 Acc: 0.5106 F1: 0.5105 | Val Loss: 0.6933 Acc: 0.4881 F1: 0.3588 | Train Meta: n/a | Val Meta: n/a
Epoch   2/50 | Train Loss: 0.7082 Acc: 0.4996 F1: 0.4996 | Val Loss: 0.6993 Acc: 0.4924 F1: 0.3314 | Train Meta: n/a | Val Meta: n/a
Epoch   3/50 | Train Loss: 0.7085 Acc: 0.5174 F1: 0.5167 | Val Loss: 0.6916 Acc: 0.5178 F1: 0.4397 | Train Meta: n/a | Val Meta: n/a
Epoch   4/50 | Train Loss: 0.6981 Acc: 0.5123 F1: 0.5123 | Val Loss: 0.7225 Acc: 0.4915 F1: 0.3295 | Train Meta: n/a | Val Meta: n/a
Epoch   5/50 | Train Loss: 0.7001 Acc: 0.5130 F1: 0.5129 | Val Loss: 0.7020 Acc: 0.4924 F1: 0.3314 | Train Meta: n/a | Val Meta: n/a
Epoch   6/50 | Train Loss: 0.7017 Acc: 0.5072 F1: 0.5061 | Val Loss: 0.7605 Acc: 0.5093 F1: 0.3390 | Train Meta: n/a | Val Meta: n/a
Epoch   7/50 | Train Loss: 0.7041 Acc: 0.5049 F1: 0.5049 | Val Loss: 0.6906 Acc: 0.5272 F1: 0.5157 | Train Meta: n/a | Val Meta: n/a
Epoch   8/50 | Train Loss: 0.7030 Acc: 0.5019 F1: 0.5019 | Val Loss: 0.7549 Acc: 0.5093 F1: 0.3390 | Train Meta: n/a | Val Meta: n/a
Epoch   9/50 | Train Loss: 0.7036 Acc: 0.5013 F1: 0.5012 | Val Loss: 0.7100 Acc: 0.4924 F1: 0.3314 | Train Meta: n/a | Val Meta: n/a
Epoch  10/50 | Train Loss: 0.7021 Acc: 0.5074 F1: 0.5070 | Val Loss: 0.7595 Acc: 0.4915 F1: 0.3295 | Train Meta: n/a | Val Meta: n/a
Epoch  11/50 | Train Loss: 0.7018 Acc: 0.5106 F1: 0.5106 | Val Loss: 0.6909 Acc: 0.5306 F1: 0.5221 | Train Meta: n/a | Val Meta: n/a
Epoch  12/50 | Train Loss: 0.7056 Acc: 0.5142 F1: 0.5136 | Val Loss: 0.6932 Acc: 0.5212 F1: 0.4507 | Train Meta: n/a | Val Meta: n/a
Epoch  13/50 | Train Loss: 0.6988 Acc: 0.5043 F1: 0.5039 | Val Loss: 0.7003 Acc: 0.4992 F1: 0.3502 | Train Meta: n/a | Val Meta: n/a
Epoch  14/50 | Train Loss: 0.6948 Acc: 0.5206 F1: 0.5206 | Val Loss: 0.6938 Acc: 0.5229 F1: 0.4439 | Train Meta: n/a | Val Meta: n/a
Epoch  15/50 | Train Loss: 0.7006 Acc: 0.5032 F1: 0.5028 | Val Loss: 0.6928 Acc: 0.5221 F1: 0.4601 | Train Meta: n/a | Val Meta: n/a
Epoch  16/50 | Train Loss: 0.6952 Acc: 0.5223 F1: 0.5214 | Val Loss: 0.7014 Acc: 0.5093 F1: 0.3435 | Train Meta: n/a | Val Meta: n/a
Epoch  17/50 | Train Loss: 0.6924 Acc: 0.5223 F1: 0.5223 | Val Loss: 0.6896 Acc: 0.5195 F1: 0.4929 | Train Meta: n/a | Val Meta: n/a
Epoch  18/50 | Train Loss: 0.6979 Acc: 0.5079 F1: 0.5078 | Val Loss: 0.7017 Acc: 0.5085 F1: 0.3447 | Train Meta: n/a | Val Meta: n/a
Epoch  19/50 | Train Loss: 0.6968 Acc: 0.5136 F1: 0.5130 | Val Loss: 0.6978 Acc: 0.5127 F1: 0.3568 | Train Meta: n/a | Val Meta: n/a
Epoch  20/50 | Train Loss: 0.6962 Acc: 0.5198 F1: 0.5198 | Val Loss: 0.6909 Acc: 0.5161 F1: 0.4343 | Train Meta: n/a | Val Meta: n/a
Epoch  21/50 | Train Loss: 0.6995 Acc: 0.5204 F1: 0.5203 | Val Loss: 0.7576 Acc: 0.4915 F1: 0.3295 | Train Meta: n/a | Val Meta: n/a
Epoch  22/50 | Train Loss: 0.6937 Acc: 0.5153 F1: 0.5146 | Val Loss: 0.6892 Acc: 0.5238 F1: 0.5109 | Train Meta: n/a | Val Meta: n/a
Epoch  23/50 | Train Loss: 0.6927 Acc: 0.5289 F1: 0.5288 | Val Loss: 0.6948 Acc: 0.5085 F1: 0.3696 | Train Meta: n/a | Val Meta: n/a
Epoch  24/50 | Train Loss: 0.6952 Acc: 0.5128 F1: 0.5110 | Val Loss: 0.6919 Acc: 0.5204 F1: 0.4185 | Train Meta: n/a | Val Meta: n/a
Epoch  25/50 | Train Loss: 0.6935 Acc: 0.5304 F1: 0.5301 | Val Loss: 0.7162 Acc: 0.4924 F1: 0.3314 | Train Meta: n/a | Val Meta: n/a
Epoch  26/50 | Train Loss: 0.6955 Acc: 0.5213 F1: 0.5212 | Val Loss: 0.7039 Acc: 0.4966 F1: 0.3462 | Train Meta: n/a | Val Meta: n/a
Epoch  27/50 | Train Loss: 0.6917 Acc: 0.5206 F1: 0.5206 | Val Loss: 0.7037 Acc: 0.4975 F1: 0.3480 | Train Meta: n/a | Val Meta: n/a
Epoch  28/50 | Train Loss: 0.6901 Acc: 0.5264 F1: 0.5258 | Val Loss: 0.6968 Acc: 0.5102 F1: 0.3977 | Train Meta: n/a | Val Meta: n/a
Epoch  29/50 | Train Loss: 0.6902 Acc: 0.5300 F1: 0.5300 | Val Loss: 0.6887 Acc: 0.5229 F1: 0.4944 | Train Meta: n/a | Val Meta: n/a
Epoch  30/50 | Train Loss: 0.6906 Acc: 0.5251 F1: 0.5250 | Val Loss: 0.6919 Acc: 0.5212 F1: 0.4150 | Train Meta: n/a | Val Meta: n/a
Epoch  31/50 | Train Loss: 0.6906 Acc: 0.5204 F1: 0.5203 | Val Loss: 0.6893 Acc: 0.5187 F1: 0.4694 | Train Meta: n/a | Val Meta: n/a
Epoch  32/50 | Train Loss: 0.6953 Acc: 0.5123 F1: 0.5122 | Val Loss: 0.6961 Acc: 0.5119 F1: 0.3647 | Train Meta: n/a | Val Meta: n/a
Epoch  33/50 | Train Loss: 0.6927 Acc: 0.5202 F1: 0.5199 | Val Loss: 0.6978 Acc: 0.5102 F1: 0.3888 | Train Meta: n/a | Val Meta: n/a
Epoch  34/50 | Train Loss: 0.6887 Acc: 0.5389 F1: 0.5384 | Val Loss: 0.6886 Acc: 0.5229 F1: 0.4997 | Train Meta: n/a | Val Meta: n/a
Epoch  35/50 | Train Loss: 0.6898 Acc: 0.5289 F1: 0.5286 | Val Loss: 0.6954 Acc: 0.5212 F1: 0.4220 | Train Meta: n/a | Val Meta: n/a
Epoch  36/50 | Train Loss: 0.6879 Acc: 0.5364 F1: 0.5360 | Val Loss: 0.6891 Acc: 0.5433 F1: 0.5356 | Train Meta: n/a | Val Meta: n/a
Epoch  37/50 | Train Loss: 0.6924 Acc: 0.5236 F1: 0.5234 | Val Loss: 0.7007 Acc: 0.5144 F1: 0.3562 | Train Meta: n/a | Val Meta: n/a
Epoch  38/50 | Train Loss: 0.6909 Acc: 0.5232 F1: 0.5230 | Val Loss: 0.6895 Acc: 0.5416 F1: 0.5265 | Train Meta: n/a | Val Meta: n/a
Epoch  39/50 | Train Loss: 0.6901 Acc: 0.5370 F1: 0.5370 | Val Loss: 0.6885 Acc: 0.5424 F1: 0.5410 | Train Meta: n/a | Val Meta: n/a
Epoch  40/50 | Train Loss: 0.6887 Acc: 0.5351 F1: 0.5351 | Val Loss: 0.6879 Acc: 0.5331 F1: 0.5260 | Train Meta: n/a | Val Meta: n/a
Epoch  41/50 | Train Loss: 0.6923 Acc: 0.5091 F1: 0.5089 | Val Loss: 0.6911 Acc: 0.5323 F1: 0.4906 | Train Meta: n/a | Val Meta: n/a
Epoch  42/50 | Train Loss: 0.6890 Acc: 0.5376 F1: 0.5372 | Val Loss: 0.6884 Acc: 0.5280 F1: 0.4878 | Train Meta: n/a | Val Meta: n/a
Epoch  43/50 | Train Loss: 0.6885 Acc: 0.5398 F1: 0.5395 | Val Loss: 0.6886 Acc: 0.5492 F1: 0.5446 | Train Meta: n/a | Val Meta: n/a
Epoch  44/50 | Train Loss: 0.6894 Acc: 0.5291 F1: 0.5291 | Val Loss: 0.6883 Acc: 0.5535 F1: 0.5498 | Train Meta: n/a | Val Meta: n/a
Epoch  45/50 | Train Loss: 0.6905 Acc: 0.5312 F1: 0.5312 | Val Loss: 0.6882 Acc: 0.5246 F1: 0.5184 | Train Meta: n/a | Val Meta: n/a
Epoch  46/50 | Train Loss: 0.6895 Acc: 0.5338 F1: 0.5336 | Val Loss: 0.6889 Acc: 0.5484 F1: 0.5366 | Train Meta: n/a | Val Meta: n/a
Epoch  47/50 | Train Loss: 0.6880 Acc: 0.5338 F1: 0.5336 | Val Loss: 0.6875 Acc: 0.5357 F1: 0.5291 | Train Meta: n/a | Val Meta: n/a
Epoch  48/50 | Train Loss: 0.6890 Acc: 0.5400 F1: 0.5394 | Val Loss: 0.6888 Acc: 0.5204 F1: 0.4630 | Train Meta: n/a | Val Meta: n/a
Epoch  49/50 | Train Loss: 0.6893 Acc: 0.5315 F1: 0.5312 | Val Loss: 0.6960 Acc: 0.5221 F1: 0.4264 | Train Meta: n/a | Val Meta: n/a
Epoch  50/50 | Train Loss: 0.6888 Acc: 0.5325 F1: 0.5317 | Val Loss: 0.6877 Acc: 0.5501 F1: 0.5500 | Train Meta: n/a | Val Meta: n/a

Random Encoder Classification Result (FaceDetection)
Accuracy : 0.552781
F1 (macro): 0.548170
Text metadata preview | dataset=Handwriting | domain=UEA | channels=3
   - channel_1: In the UEA domain, this channel belongs to the Handwriting dataset and represents the feature channel 1.
   - channel_2: In the UEA domain, this channel belongs to the Handwriting dataset and represents the feature channel 2.
   - ... (1 more channel descriptions)
/data/pjh_workspace/ts-env/lib/python3.8/site-packages/torch/nn/modules/transformer.py:307: UserWarning: enable_nested_tensor is True, but self.use_nested_tensor is False because encoder_layer.norm_first was True
  warnings.warn(f"enable_nested_tensor is True, but self.use_nested_tensor is False because {why_not_sparsity_fast_path}")
==================================================
🚀 Architecture: LAYA Random Encoder
📊 Target Dataset: Handwriting (Channels: 3)
📊 Classes: 26 | Sequence Length: 152
==================================================
✅ Encoder is RANDOMLY initialized and FROZEN (Linear Probing mode).
Epoch   1/50 | Train Loss: 3.2287 Acc: 0.0268 F1: 0.0056 | Val Loss: 3.3795 Acc: 0.0000 F1: 0.0000 | Train Meta: n/a | Val Meta: n/a
Epoch   2/50 | Train Loss: 3.0059 Acc: 0.0536 F1: 0.0051 | Val Loss: 3.5456 Acc: 0.0333 F1: 0.0036 | Train Meta: n/a | Val Meta: n/a
Epoch   3/50 | Train Loss: 2.9980 Acc: 0.0714 F1: 0.0056 | Val Loss: 3.5420 Acc: 0.0667 F1: 0.0304 | Train Meta: n/a | Val Meta: n/a
Epoch   4/50 | Train Loss: 2.9720 Acc: 0.0625 F1: 0.0057 | Val Loss: 3.4710 Acc: 0.0333 F1: 0.0046 | Train Meta: n/a | Val Meta: n/a
Epoch   5/50 | Train Loss: 2.9729 Acc: 0.0893 F1: 0.0176 | Val Loss: 3.3627 Acc: 0.1000 F1: 0.0101 | Train Meta: n/a | Val Meta: n/a
Epoch   6/50 | Train Loss: 2.9661 Acc: 0.0893 F1: 0.0160 | Val Loss: 3.3192 Acc: 0.0333 F1: 0.0058 | Train Meta: n/a | Val Meta: n/a
Epoch   7/50 | Train Loss: 2.9510 Acc: 0.0714 F1: 0.0153 | Val Loss: 3.3965 Acc: 0.0333 F1: 0.0036 | Train Meta: n/a | Val Meta: n/a
Epoch   8/50 | Train Loss: 2.9404 Acc: 0.0625 F1: 0.0078 | Val Loss: 3.3864 Acc: 0.0333 F1: 0.0046 | Train Meta: n/a | Val Meta: n/a
Epoch   9/50 | Train Loss: 2.9503 Acc: 0.0893 F1: 0.0202 | Val Loss: 3.3306 Acc: 0.0333 F1: 0.0050 | Train Meta: n/a | Val Meta: n/a
Epoch  10/50 | Train Loss: 2.9434 Acc: 0.0804 F1: 0.0308 | Val Loss: 3.3371 Acc: 0.0333 F1: 0.0070 | Train Meta: n/a | Val Meta: n/a
Epoch  11/50 | Train Loss: 2.9140 Acc: 0.0893 F1: 0.0157 | Val Loss: 3.3608 Acc: 0.1000 F1: 0.0105 | Train Meta: n/a | Val Meta: n/a
Epoch  12/50 | Train Loss: 2.9043 Acc: 0.0625 F1: 0.0125 | Val Loss: 3.4606 Acc: 0.0333 F1: 0.0036 | Train Meta: n/a | Val Meta: n/a
Epoch  13/50 | Train Loss: 2.9092 Acc: 0.0804 F1: 0.0057 | Val Loss: 3.4391 Acc: 0.0333 F1: 0.0037 | Train Meta: n/a | Val Meta: n/a
Epoch  14/50 | Train Loss: 2.9130 Acc: 0.0714 F1: 0.0204 | Val Loss: 3.4098 Acc: 0.1000 F1: 0.0099 | Train Meta: n/a | Val Meta: n/a
Epoch  15/50 | Train Loss: 2.9078 Acc: 0.0714 F1: 0.0104 | Val Loss: 3.4256 Acc: 0.0333 F1: 0.0044 | Train Meta: n/a | Val Meta: n/a
Epoch  16/50 | Train Loss: 2.8838 Acc: 0.1071 F1: 0.0231 | Val Loss: 3.4073 Acc: 0.0667 F1: 0.0148 | Train Meta: n/a | Val Meta: n/a
Epoch  17/50 | Train Loss: 2.8788 Acc: 0.0982 F1: 0.0327 | Val Loss: 3.3916 Acc: 0.0333 F1: 0.0040 | Train Meta: n/a | Val Meta: n/a
Epoch  18/50 | Train Loss: 2.8639 Acc: 0.1161 F1: 0.0357 | Val Loss: 3.3951 Acc: 0.1000 F1: 0.0325 | Train Meta: n/a | Val Meta: n/a
Epoch  19/50 | Train Loss: 2.8703 Acc: 0.1339 F1: 0.0388 | Val Loss: 3.3580 Acc: 0.1000 F1: 0.0143 | Train Meta: n/a | Val Meta: n/a
Epoch  20/50 | Train Loss: 2.8618 Acc: 0.1071 F1: 0.0442 | Val Loss: 3.3350 Acc: 0.0333 F1: 0.0040 | Train Meta: n/a | Val Meta: n/a
Epoch  21/50 | Train Loss: 2.8645 Acc: 0.1339 F1: 0.0390 | Val Loss: 3.3242 Acc: 0.0333 F1: 0.0044 | Train Meta: n/a | Val Meta: n/a
Epoch  22/50 | Train Loss: 2.8482 Acc: 0.1250 F1: 0.0265 | Val Loss: 3.3793 Acc: 0.0667 F1: 0.0111 | Train Meta: n/a | Val Meta: n/a
Epoch  23/50 | Train Loss: 2.8307 Acc: 0.1339 F1: 0.0483 | Val Loss: 3.4611 Acc: 0.0667 F1: 0.0193 | Train Meta: n/a | Val Meta: n/a
Epoch  24/50 | Train Loss: 2.8662 Acc: 0.1161 F1: 0.0437 | Val Loss: 3.3663 Acc: 0.0667 F1: 0.0208 | Train Meta: n/a | Val Meta: n/a
Epoch  25/50 | Train Loss: 2.8314 Acc: 0.0982 F1: 0.0257 | Val Loss: 3.3325 Acc: 0.1000 F1: 0.0132 | Train Meta: n/a | Val Meta: n/a
Epoch  26/50 | Train Loss: 2.8293 Acc: 0.1339 F1: 0.0522 | Val Loss: 3.3522 Acc: 0.0667 F1: 0.0155 | Train Meta: n/a | Val Meta: n/a
Epoch  27/50 | Train Loss: 2.8409 Acc: 0.1339 F1: 0.0397 | Val Loss: 3.3885 Acc: 0.0333 F1: 0.0058 | Train Meta: n/a | Val Meta: n/a
Epoch  28/50 | Train Loss: 2.8062 Acc: 0.1429 F1: 0.0569 | Val Loss: 3.4176 Acc: 0.0333 F1: 0.0040 | Train Meta: n/a | Val Meta: n/a
Epoch  29/50 | Train Loss: 2.8058 Acc: 0.1429 F1: 0.0459 | Val Loss: 3.3809 Acc: 0.0667 F1: 0.0100 | Train Meta: n/a | Val Meta: n/a
Epoch  30/50 | Train Loss: 2.8318 Acc: 0.1071 F1: 0.0386 | Val Loss: 3.3535 Acc: 0.0333 F1: 0.0045 | Train Meta: n/a | Val Meta: n/a
Epoch  31/50 | Train Loss: 2.7995 Acc: 0.1607 F1: 0.0569 | Val Loss: 3.3952 Acc: 0.0667 F1: 0.0182 | Train Meta: n/a | Val Meta: n/a
Epoch  32/50 | Train Loss: 2.7967 Acc: 0.1429 F1: 0.0411 | Val Loss: 3.3798 Acc: 0.1000 F1: 0.0130 | Train Meta: n/a | Val Meta: n/a
Epoch  33/50 | Train Loss: 2.7774 Acc: 0.1071 F1: 0.0376 | Val Loss: 3.3618 Acc: 0.0667 F1: 0.0159 | Train Meta: n/a | Val Meta: n/a
Epoch  34/50 | Train Loss: 2.7911 Acc: 0.1607 F1: 0.0631 | Val Loss: 3.4415 Acc: 0.0333 F1: 0.0073 | Train Meta: n/a | Val Meta: n/a
Epoch  35/50 | Train Loss: 2.7892 Acc: 0.1339 F1: 0.0590 | Val Loss: 3.4305 Acc: 0.0333 F1: 0.0038 | Train Meta: n/a | Val Meta: n/a
Epoch  36/50 | Train Loss: 2.7952 Acc: 0.0893 F1: 0.0379 | Val Loss: 3.3499 Acc: 0.1000 F1: 0.0130 | Train Meta: n/a | Val Meta: n/a
Epoch  37/50 | Train Loss: 2.7776 Acc: 0.1071 F1: 0.0433 | Val Loss: 3.3663 Acc: 0.0667 F1: 0.0111 | Train Meta: n/a | Val Meta: n/a
Epoch  38/50 | Train Loss: 2.7566 Acc: 0.1786 F1: 0.0708 | Val Loss: 3.4367 Acc: 0.0333 F1: 0.0042 | Train Meta: n/a | Val Meta: n/a
Epoch  39/50 | Train Loss: 2.7716 Acc: 0.1250 F1: 0.0586 | Val Loss: 3.4422 Acc: 0.0333 F1: 0.0111 | Train Meta: n/a | Val Meta: n/a
Epoch  40/50 | Train Loss: 2.7657 Acc: 0.1518 F1: 0.0536 | Val Loss: 3.4102 Acc: 0.0667 F1: 0.0100 | Train Meta: n/a | Val Meta: n/a
Epoch  41/50 | Train Loss: 2.7906 Acc: 0.1161 F1: 0.0383 | Val Loss: 3.3045 Acc: 0.1000 F1: 0.0255 | Train Meta: n/a | Val Meta: n/a
Epoch  42/50 | Train Loss: 2.7249 Acc: 0.1339 F1: 0.0555 | Val Loss: 3.4105 Acc: 0.0667 F1: 0.0198 | Train Meta: n/a | Val Meta: n/a
Epoch  43/50 | Train Loss: 2.7368 Acc: 0.1518 F1: 0.0533 | Val Loss: 3.4216 Acc: 0.0667 F1: 0.0107 | Train Meta: n/a | Val Meta: n/a
Epoch  44/50 | Train Loss: 2.7340 Acc: 0.1696 F1: 0.0533 | Val Loss: 3.4240 Acc: 0.0667 F1: 0.0175 | Train Meta: n/a | Val Meta: n/a
Epoch  45/50 | Train Loss: 2.7396 Acc: 0.1875 F1: 0.0580 | Val Loss: 3.3624 Acc: 0.1000 F1: 0.0582 | Train Meta: n/a | Val Meta: n/a
Epoch  46/50 | Train Loss: 2.7212 Acc: 0.1429 F1: 0.0492 | Val Loss: 3.3697 Acc: 0.0333 F1: 0.0060 | Train Meta: n/a | Val Meta: n/a
Epoch  47/50 | Train Loss: 2.7343 Acc: 0.1786 F1: 0.0705 | Val Loss: 3.4050 Acc: 0.0667 F1: 0.0222 | Train Meta: n/a | Val Meta: n/a
Epoch  48/50 | Train Loss: 2.7035 Acc: 0.1786 F1: 0.0657 | Val Loss: 3.3634 Acc: 0.0667 F1: 0.0302 | Train Meta: n/a | Val Meta: n/a
Epoch  49/50 | Train Loss: 2.7055 Acc: 0.1518 F1: 0.0471 | Val Loss: 3.3809 Acc: 0.0667 F1: 0.0250 | Train Meta: n/a | Val Meta: n/a
Epoch  50/50 | Train Loss: 2.6987 Acc: 0.1429 F1: 0.0633 | Val Loss: 3.4202 Acc: 0.0667 F1: 0.0209 | Train Meta: n/a | Val Meta: n/a

Random Encoder Classification Result (Handwriting)
Accuracy : 0.045882
F1 (macro): 0.018278
Text metadata preview | dataset=Heartbeat | domain=UEA | channels=61
   - channel_1: In the UEA domain, this channel belongs to the Heartbeat dataset and represents the feature channel 1.
   - channel_2: In the UEA domain, this channel belongs to the Heartbeat dataset and represents the feature channel 2.
   - ... (59 more channel descriptions)
/data/pjh_workspace/ts-env/lib/python3.8/site-packages/torch/nn/modules/transformer.py:307: UserWarning: enable_nested_tensor is True, but self.use_nested_tensor is False because encoder_layer.norm_first was True
  warnings.warn(f"enable_nested_tensor is True, but self.use_nested_tensor is False because {why_not_sparsity_fast_path}")
==================================================
🚀 Architecture: LAYA Random Encoder
📊 Target Dataset: Heartbeat (Channels: 61)
📊 Classes: 2 | Sequence Length: 405
==================================================
✅ Encoder is RANDOMLY initialized and FROZEN (Linear Probing mode).
Epoch   1/50 | Train Loss: 0.5745 Acc: 0.7125 F1: 0.5022 | Val Loss: 0.7055 Acc: 0.6000 F1: 0.3750 | Train Meta: n/a | Val Meta: n/a
Epoch   2/50 | Train Loss: 0.5461 Acc: 0.7500 F1: 0.4286 | Val Loss: 0.7729 Acc: 0.6000 F1: 0.3750 | Train Meta: n/a | Val Meta: n/a
Epoch   3/50 | Train Loss: 0.5646 Acc: 0.7438 F1: 0.4265 | Val Loss: 0.6888 Acc: 0.6000 F1: 0.3750 | Train Meta: n/a | Val Meta: n/a
Epoch   4/50 | Train Loss: 0.5557 Acc: 0.7500 F1: 0.4286 | Val Loss: 0.7630 Acc: 0.6000 F1: 0.3750 | Train Meta: n/a | Val Meta: n/a
Epoch   5/50 | Train Loss: 0.5374 Acc: 0.7625 F1: 0.4326 | Val Loss: 0.7008 Acc: 0.6000 F1: 0.3750 | Train Meta: n/a | Val Meta: n/a
Epoch   6/50 | Train Loss: 0.5581 Acc: 0.7438 F1: 0.4265 | Val Loss: 0.6819 Acc: 0.6000 F1: 0.3750 | Train Meta: n/a | Val Meta: n/a
Epoch   7/50 | Train Loss: 0.5617 Acc: 0.7500 F1: 0.4286 | Val Loss: 0.7062 Acc: 0.6000 F1: 0.3750 | Train Meta: n/a | Val Meta: n/a
Epoch   8/50 | Train Loss: 0.5454 Acc: 0.7500 F1: 0.4286 | Val Loss: 0.6841 Acc: 0.6000 F1: 0.3750 | Train Meta: n/a | Val Meta: n/a
Epoch   9/50 | Train Loss: 0.5501 Acc: 0.7500 F1: 0.4286 | Val Loss: 0.7809 Acc: 0.6000 F1: 0.3750 | Train Meta: n/a | Val Meta: n/a
Epoch  10/50 | Train Loss: 0.5523 Acc: 0.7500 F1: 0.4286 | Val Loss: 0.7236 Acc: 0.6000 F1: 0.3750 | Train Meta: n/a | Val Meta: n/a
Epoch  11/50 | Train Loss: 0.5538 Acc: 0.7562 F1: 0.4306 | Val Loss: 0.7437 Acc: 0.6000 F1: 0.3750 | Train Meta: n/a | Val Meta: n/a
Epoch  12/50 | Train Loss: 0.5512 Acc: 0.7500 F1: 0.4286 | Val Loss: 0.7054 Acc: 0.6000 F1: 0.3750 | Train Meta: n/a | Val Meta: n/a
Epoch  13/50 | Train Loss: 0.5481 Acc: 0.7438 F1: 0.4265 | Val Loss: 0.6833 Acc: 0.6000 F1: 0.3750 | Train Meta: n/a | Val Meta: n/a
Epoch  14/50 | Train Loss: 0.5412 Acc: 0.7500 F1: 0.4286 | Val Loss: 0.7075 Acc: 0.6000 F1: 0.3750 | Train Meta: n/a | Val Meta: n/a
Epoch  15/50 | Train Loss: 0.5394 Acc: 0.7500 F1: 0.4286 | Val Loss: 0.7040 Acc: 0.6000 F1: 0.3750 | Train Meta: n/a | Val Meta: n/a
Epoch  16/50 | Train Loss: 0.5484 Acc: 0.7438 F1: 0.4265 | Val Loss: 0.7037 Acc: 0.6000 F1: 0.3750 | Train Meta: n/a | Val Meta: n/a
Epoch  17/50 | Train Loss: 0.5519 Acc: 0.7438 F1: 0.4265 | Val Loss: 0.6759 Acc: 0.6000 F1: 0.3750 | Train Meta: n/a | Val Meta: n/a
Epoch  18/50 | Train Loss: 0.5319 Acc: 0.7562 F1: 0.4306 | Val Loss: 0.7422 Acc: 0.6000 F1: 0.3750 | Train Meta: n/a | Val Meta: n/a
Epoch  19/50 | Train Loss: 0.5413 Acc: 0.7500 F1: 0.4286 | Val Loss: 0.6638 Acc: 0.6000 F1: 0.3750 | Train Meta: n/a | Val Meta: n/a
Epoch  20/50 | Train Loss: 0.5515 Acc: 0.7438 F1: 0.4265 | Val Loss: 0.6846 Acc: 0.6000 F1: 0.3750 | Train Meta: n/a | Val Meta: n/a
Epoch  21/50 | Train Loss: 0.5504 Acc: 0.7438 F1: 0.4265 | Val Loss: 0.6738 Acc: 0.6000 F1: 0.3750 | Train Meta: n/a | Val Meta: n/a
Epoch  22/50 | Train Loss: 0.5414 Acc: 0.7438 F1: 0.4265 | Val Loss: 0.7267 Acc: 0.6000 F1: 0.3750 | Train Meta: n/a | Val Meta: n/a
Epoch  23/50 | Train Loss: 0.5352 Acc: 0.7562 F1: 0.4306 | Val Loss: 0.7003 Acc: 0.6000 F1: 0.3750 | Train Meta: n/a | Val Meta: n/a
Epoch  24/50 | Train Loss: 0.5417 Acc: 0.7438 F1: 0.4265 | Val Loss: 0.7013 Acc: 0.6000 F1: 0.3750 | Train Meta: n/a | Val Meta: n/a
Epoch  25/50 | Train Loss: 0.5519 Acc: 0.7438 F1: 0.4265 | Val Loss: 0.7252 Acc: 0.6000 F1: 0.3750 | Train Meta: n/a | Val Meta: n/a
Epoch  26/50 | Train Loss: 0.5334 Acc: 0.7562 F1: 0.4306 | Val Loss: 0.6658 Acc: 0.6000 F1: 0.3750 | Train Meta: n/a | Val Meta: n/a
Epoch  27/50 | Train Loss: 0.5423 Acc: 0.7438 F1: 0.4265 | Val Loss: 0.6970 Acc: 0.6000 F1: 0.3750 | Train Meta: n/a | Val Meta: n/a
Epoch  28/50 | Train Loss: 0.5352 Acc: 0.7500 F1: 0.4286 | Val Loss: 0.7173 Acc: 0.6000 F1: 0.3750 | Train Meta: n/a | Val Meta: n/a
Epoch  29/50 | Train Loss: 0.5302 Acc: 0.7500 F1: 0.4286 | Val Loss: 0.6940 Acc: 0.6000 F1: 0.3750 | Train Meta: n/a | Val Meta: n/a
Epoch  30/50 | Train Loss: 0.5384 Acc: 0.7500 F1: 0.4519 | Val Loss: 0.7268 Acc: 0.6000 F1: 0.3750 | Train Meta: n/a | Val Meta: n/a
Epoch  31/50 | Train Loss: 0.5679 Acc: 0.7500 F1: 0.4286 | Val Loss: 0.6845 Acc: 0.6000 F1: 0.3750 | Train Meta: n/a | Val Meta: n/a
Epoch  32/50 | Train Loss: 0.5638 Acc: 0.7438 F1: 0.4887 | Val Loss: 0.7472 Acc: 0.6000 F1: 0.3750 | Train Meta: n/a | Val Meta: n/a
Epoch  33/50 | Train Loss: 0.5664 Acc: 0.7500 F1: 0.4286 | Val Loss: 0.6772 Acc: 0.6000 F1: 0.3750 | Train Meta: n/a | Val Meta: n/a
Epoch  34/50 | Train Loss: 0.5548 Acc: 0.7312 F1: 0.4440 | Val Loss: 0.7330 Acc: 0.6000 F1: 0.3750 | Train Meta: n/a | Val Meta: n/a
Epoch  35/50 | Train Loss: 0.5498 Acc: 0.7500 F1: 0.4286 | Val Loss: 0.6660 Acc: 0.6000 F1: 0.3750 | Train Meta: n/a | Val Meta: n/a
Epoch  36/50 | Train Loss: 0.5228 Acc: 0.7625 F1: 0.4571 | Val Loss: 0.6996 Acc: 0.6000 F1: 0.3750 | Train Meta: n/a | Val Meta: n/a
Epoch  37/50 | Train Loss: 0.5384 Acc: 0.7500 F1: 0.4519 | Val Loss: 0.6959 Acc: 0.6000 F1: 0.3750 | Train Meta: n/a | Val Meta: n/a
Epoch  38/50 | Train Loss: 0.5302 Acc: 0.7562 F1: 0.4306 | Val Loss: 0.6875 Acc: 0.6000 F1: 0.3750 | Train Meta: n/a | Val Meta: n/a
Epoch  39/50 | Train Loss: 0.5255 Acc: 0.7562 F1: 0.4545 | Val Loss: 0.7067 Acc: 0.6000 F1: 0.3750 | Train Meta: n/a | Val Meta: n/a
Epoch  40/50 | Train Loss: 0.5335 Acc: 0.7500 F1: 0.4286 | Val Loss: 0.6729 Acc: 0.6000 F1: 0.3750 | Train Meta: n/a | Val Meta: n/a
Epoch  41/50 | Train Loss: 0.5565 Acc: 0.7375 F1: 0.5022 | Val Loss: 0.7397 Acc: 0.6000 F1: 0.3750 | Train Meta: n/a | Val Meta: n/a
Epoch  42/50 | Train Loss: 0.5380 Acc: 0.7562 F1: 0.4306 | Val Loss: 0.7276 Acc: 0.6000 F1: 0.3750 | Train Meta: n/a | Val Meta: n/a
Epoch  43/50 | Train Loss: 0.5161 Acc: 0.7562 F1: 0.4545 | Val Loss: 0.6502 Acc: 0.6000 F1: 0.3750 | Train Meta: n/a | Val Meta: n/a
Epoch  44/50 | Train Loss: 0.5385 Acc: 0.7438 F1: 0.4265 | Val Loss: 0.6887 Acc: 0.6000 F1: 0.3750 | Train Meta: n/a | Val Meta: n/a
Epoch  45/50 | Train Loss: 0.5420 Acc: 0.7750 F1: 0.5430 | Val Loss: 0.7277 Acc: 0.6000 F1: 0.3750 | Train Meta: n/a | Val Meta: n/a
Epoch  46/50 | Train Loss: 0.5682 Acc: 0.7500 F1: 0.4286 | Val Loss: 0.7273 Acc: 0.6000 F1: 0.3750 | Train Meta: n/a | Val Meta: n/a
Epoch  47/50 | Train Loss: 0.5378 Acc: 0.7562 F1: 0.5301 | Val Loss: 0.6421 Acc: 0.6250 F1: 0.4398 | Train Meta: n/a | Val Meta: n/a
Epoch  48/50 | Train Loss: 0.5849 Acc: 0.7500 F1: 0.4519 | Val Loss: 0.7078 Acc: 0.6000 F1: 0.3750 | Train Meta: n/a | Val Meta: n/a
Epoch  49/50 | Train Loss: 0.5547 Acc: 0.7438 F1: 0.5060 | Val Loss: 0.6839 Acc: 0.6000 F1: 0.3750 | Train Meta: n/a | Val Meta: n/a
Epoch  50/50 | Train Loss: 0.5465 Acc: 0.7438 F1: 0.4265 | Val Loss: 0.6769 Acc: 0.6000 F1: 0.3750 | Train Meta: n/a | Val Meta: n/a

Random Encoder Classification Result (Heartbeat)
Accuracy : 0.736585
F1 (macro): 0.486930
Text metadata preview | dataset=JapaneseVowels | domain=UEA | channels=12
   - channel_1: In the UEA domain, this channel belongs to the JapaneseVowels dataset and represents the feature channel 1.
   - channel_2: In the UEA domain, this channel belongs to the JapaneseVowels dataset and represents the feature channel 2.
   - ... (10 more channel descriptions)
/data/pjh_workspace/ts-env/lib/python3.8/site-packages/torch/nn/modules/transformer.py:307: UserWarning: enable_nested_tensor is True, but self.use_nested_tensor is False because encoder_layer.norm_first was True
  warnings.warn(f"enable_nested_tensor is True, but self.use_nested_tensor is False because {why_not_sparsity_fast_path}")
==================================================
🚀 Architecture: LAYA Random Encoder
📊 Target Dataset: JapaneseVowels (Channels: 12)
📊 Classes: 9 | Sequence Length: 26
==================================================
✅ Encoder is RANDOMLY initialized and FROZEN (Linear Probing mode).
Epoch   1/50 | Train Loss: 2.1917 Acc: 0.0769 F1: 0.0501 | Val Loss: 2.3198 Acc: 0.0926 F1: 0.0188 | Train Meta: n/a | Val Meta: n/a
Epoch   2/50 | Train Loss: 2.1543 Acc: 0.0913 F1: 0.0296 | Val Loss: 2.2475 Acc: 0.0556 F1: 0.0210 | Train Meta: n/a | Val Meta: n/a
Epoch   3/50 | Train Loss: 2.1207 Acc: 0.1346 F1: 0.0705 | Val Loss: 2.2168 Acc: 0.1111 F1: 0.0562 | Train Meta: n/a | Val Meta: n/a
Epoch   4/50 | Train Loss: 2.0982 Acc: 0.1346 F1: 0.0767 | Val Loss: 2.2068 Acc: 0.0556 F1: 0.0117 | Train Meta: n/a | Val Meta: n/a
Epoch   5/50 | Train Loss: 2.1148 Acc: 0.1298 F1: 0.0592 | Val Loss: 2.1626 Acc: 0.1481 F1: 0.1032 | Train Meta: n/a | Val Meta: n/a
Epoch   6/50 | Train Loss: 2.0664 Acc: 0.2019 F1: 0.1525 | Val Loss: 2.1544 Acc: 0.1852 F1: 0.0808 | Train Meta: n/a | Val Meta: n/a
Epoch   7/50 | Train Loss: 2.0753 Acc: 0.1587 F1: 0.0904 | Val Loss: 2.1600 Acc: 0.1296 F1: 0.0874 | Train Meta: n/a | Val Meta: n/a
Epoch   8/50 | Train Loss: 2.0634 Acc: 0.2212 F1: 0.1494 | Val Loss: 2.1755 Acc: 0.2037 F1: 0.0838 | Train Meta: n/a | Val Meta: n/a
Epoch   9/50 | Train Loss: 2.0336 Acc: 0.2163 F1: 0.1383 | Val Loss: 2.1395 Acc: 0.1852 F1: 0.1435 | Train Meta: n/a | Val Meta: n/a
Epoch  10/50 | Train Loss: 2.0255 Acc: 0.2115 F1: 0.1282 | Val Loss: 2.1081 Acc: 0.2037 F1: 0.1463 | Train Meta: n/a | Val Meta: n/a
Epoch  11/50 | Train Loss: 2.0176 Acc: 0.2404 F1: 0.1688 | Val Loss: 2.1257 Acc: 0.1667 F1: 0.0807 | Train Meta: n/a | Val Meta: n/a
Epoch  12/50 | Train Loss: 1.9996 Acc: 0.2596 F1: 0.1684 | Val Loss: 2.0525 Acc: 0.1852 F1: 0.1043 | Train Meta: n/a | Val Meta: n/a
Epoch  13/50 | Train Loss: 1.9884 Acc: 0.2163 F1: 0.1324 | Val Loss: 2.1143 Acc: 0.2222 F1: 0.2011 | Train Meta: n/a | Val Meta: n/a
Epoch  14/50 | Train Loss: 1.9615 Acc: 0.2596 F1: 0.2040 | Val Loss: 2.0383 Acc: 0.2778 F1: 0.1667 | Train Meta: n/a | Val Meta: n/a
Epoch  15/50 | Train Loss: 1.9579 Acc: 0.2548 F1: 0.1757 | Val Loss: 2.0319 Acc: 0.2222 F1: 0.2143 | Train Meta: n/a | Val Meta: n/a
Epoch  16/50 | Train Loss: 1.9451 Acc: 0.2500 F1: 0.1399 | Val Loss: 2.0289 Acc: 0.2222 F1: 0.1545 | Train Meta: n/a | Val Meta: n/a
Epoch  17/50 | Train Loss: 1.9323 Acc: 0.2933 F1: 0.2393 | Val Loss: 2.0247 Acc: 0.2593 F1: 0.1422 | Train Meta: n/a | Val Meta: n/a
Epoch  18/50 | Train Loss: 1.9249 Acc: 0.2644 F1: 0.1810 | Val Loss: 2.0289 Acc: 0.2222 F1: 0.1342 | Train Meta: n/a | Val Meta: n/a
Epoch  19/50 | Train Loss: 1.9297 Acc: 0.3029 F1: 0.2553 | Val Loss: 2.0202 Acc: 0.2222 F1: 0.1704 | Train Meta: n/a | Val Meta: n/a
Epoch  20/50 | Train Loss: 1.9115 Acc: 0.3125 F1: 0.2349 | Val Loss: 1.9665 Acc: 0.2222 F1: 0.1185 | Train Meta: n/a | Val Meta: n/a
Epoch  21/50 | Train Loss: 1.8819 Acc: 0.2933 F1: 0.1958 | Val Loss: 2.0008 Acc: 0.2407 F1: 0.2004 | Train Meta: n/a | Val Meta: n/a
Epoch  22/50 | Train Loss: 1.8828 Acc: 0.3269 F1: 0.2564 | Val Loss: 1.9921 Acc: 0.2407 F1: 0.1307 | Train Meta: n/a | Val Meta: n/a
Epoch  23/50 | Train Loss: 1.8813 Acc: 0.2500 F1: 0.1573 | Val Loss: 1.9108 Acc: 0.2407 F1: 0.1207 | Train Meta: n/a | Val Meta: n/a
Epoch  24/50 | Train Loss: 1.8656 Acc: 0.2596 F1: 0.2083 | Val Loss: 1.9942 Acc: 0.2778 F1: 0.2189 | Train Meta: n/a | Val Meta: n/a
Epoch  25/50 | Train Loss: 1.8675 Acc: 0.3413 F1: 0.2474 | Val Loss: 1.9456 Acc: 0.2593 F1: 0.1750 | Train Meta: n/a | Val Meta: n/a
Epoch  26/50 | Train Loss: 1.8417 Acc: 0.2885 F1: 0.2419 | Val Loss: 1.9338 Acc: 0.2778 F1: 0.2265 | Train Meta: n/a | Val Meta: n/a
Epoch  27/50 | Train Loss: 1.8382 Acc: 0.2933 F1: 0.1966 | Val Loss: 1.9342 Acc: 0.2593 F1: 0.2058 | Train Meta: n/a | Val Meta: n/a
Epoch  28/50 | Train Loss: 1.8211 Acc: 0.3125 F1: 0.2749 | Val Loss: 1.8744 Acc: 0.3704 F1: 0.2465 | Train Meta: n/a | Val Meta: n/a
Epoch  29/50 | Train Loss: 1.8264 Acc: 0.3125 F1: 0.2344 | Val Loss: 1.9356 Acc: 0.3333 F1: 0.2694 | Train Meta: n/a | Val Meta: n/a
Epoch  30/50 | Train Loss: 1.8129 Acc: 0.3125 F1: 0.2371 | Val Loss: 1.8767 Acc: 0.3333 F1: 0.2625 | Train Meta: n/a | Val Meta: n/a
Epoch  31/50 | Train Loss: 1.8149 Acc: 0.2933 F1: 0.2492 | Val Loss: 1.8676 Acc: 0.3333 F1: 0.2470 | Train Meta: n/a | Val Meta: n/a
Epoch  32/50 | Train Loss: 1.8336 Acc: 0.3077 F1: 0.2177 | Val Loss: 1.9564 Acc: 0.3333 F1: 0.2660 | Train Meta: n/a | Val Meta: n/a
Epoch  33/50 | Train Loss: 1.7857 Acc: 0.3125 F1: 0.2440 | Val Loss: 1.8464 Acc: 0.3519 F1: 0.2852 | Train Meta: n/a | Val Meta: n/a
Epoch  34/50 | Train Loss: 1.7713 Acc: 0.3029 F1: 0.2188 | Val Loss: 1.8448 Acc: 0.3333 F1: 0.2721 | Train Meta: n/a | Val Meta: n/a
Epoch  35/50 | Train Loss: 1.7813 Acc: 0.2740 F1: 0.1964 | Val Loss: 1.8449 Acc: 0.2222 F1: 0.1560 | Train Meta: n/a | Val Meta: n/a
Epoch  36/50 | Train Loss: 1.7554 Acc: 0.3173 F1: 0.2447 | Val Loss: 1.8631 Acc: 0.3148 F1: 0.2581 | Train Meta: n/a | Val Meta: n/a
Epoch  37/50 | Train Loss: 1.7385 Acc: 0.3558 F1: 0.2936 | Val Loss: 1.8051 Acc: 0.2963 F1: 0.2301 | Train Meta: n/a | Val Meta: n/a
Epoch  38/50 | Train Loss: 1.7616 Acc: 0.3125 F1: 0.2752 | Val Loss: 1.8505 Acc: 0.2407 F1: 0.1866 | Train Meta: n/a | Val Meta: n/a
Epoch  39/50 | Train Loss: 1.7737 Acc: 0.3029 F1: 0.2102 | Val Loss: 1.7970 Acc: 0.3148 F1: 0.2321 | Train Meta: n/a | Val Meta: n/a
Epoch  40/50 | Train Loss: 1.7312 Acc: 0.3462 F1: 0.2758 | Val Loss: 1.8414 Acc: 0.2593 F1: 0.2127 | Train Meta: n/a | Val Meta: n/a
Epoch  41/50 | Train Loss: 1.7321 Acc: 0.3413 F1: 0.2792 | Val Loss: 1.7840 Acc: 0.3889 F1: 0.3210 | Train Meta: n/a | Val Meta: n/a
Epoch  42/50 | Train Loss: 1.7089 Acc: 0.3606 F1: 0.2746 | Val Loss: 1.8198 Acc: 0.2222 F1: 0.1456 | Train Meta: n/a | Val Meta: n/a
Epoch  43/50 | Train Loss: 1.7222 Acc: 0.3221 F1: 0.2534 | Val Loss: 1.7641 Acc: 0.4074 F1: 0.3816 | Train Meta: n/a | Val Meta: n/a
Epoch  44/50 | Train Loss: 1.7199 Acc: 0.3798 F1: 0.3208 | Val Loss: 1.8015 Acc: 0.2778 F1: 0.2217 | Train Meta: n/a | Val Meta: n/a
Epoch  45/50 | Train Loss: 1.6939 Acc: 0.3846 F1: 0.3464 | Val Loss: 1.7589 Acc: 0.3333 F1: 0.2864 | Train Meta: n/a | Val Meta: n/a
Epoch  46/50 | Train Loss: 1.7009 Acc: 0.3510 F1: 0.2747 | Val Loss: 1.8058 Acc: 0.2407 F1: 0.1951 | Train Meta: n/a | Val Meta: n/a
Epoch  47/50 | Train Loss: 1.6790 Acc: 0.3606 F1: 0.2933 | Val Loss: 1.7831 Acc: 0.2407 F1: 0.1980 | Train Meta: n/a | Val Meta: n/a
Epoch  48/50 | Train Loss: 1.6992 Acc: 0.3221 F1: 0.2742 | Val Loss: 1.7534 Acc: 0.3889 F1: 0.3386 | Train Meta: n/a | Val Meta: n/a
Epoch  49/50 | Train Loss: 1.6802 Acc: 0.3510 F1: 0.3101 | Val Loss: 1.7848 Acc: 0.2593 F1: 0.1960 | Train Meta: n/a | Val Meta: n/a
Epoch  50/50 | Train Loss: 1.6761 Acc: 0.3510 F1: 0.2785 | Val Loss: 1.7890 Acc: 0.3333 F1: 0.2751 | Train Meta: n/a | Val Meta: n/a

Random Encoder Classification Result (JapaneseVowels)
Accuracy : 0.294595
F1 (macro): 0.266447
Text metadata preview | dataset=PEMS-SF | domain=UEA | channels=963
   - channel_1: In the UEA domain, this channel belongs to the PEMS-SF dataset and represents the feature channel 1.
   - channel_2: In the UEA domain, this channel belongs to the PEMS-SF dataset and represents the feature channel 2.
   - ... (961 more channel descriptions)
/data/pjh_workspace/ts-env/lib/python3.8/site-packages/torch/nn/modules/transformer.py:307: UserWarning: enable_nested_tensor is True, but self.use_nested_tensor is False because encoder_layer.norm_first was True
  warnings.warn(f"enable_nested_tensor is True, but self.use_nested_tensor is False because {why_not_sparsity_fast_path}")
==================================================
🚀 Architecture: LAYA Random Encoder
📊 Target Dataset: PEMS-SF (Channels: 963)
📊 Classes: 7 | Sequence Length: 144
==================================================
✅ Encoder is RANDOMLY initialized and FROZEN (Linear Probing mode).
Epoch   1/50 | Train Loss: 1.9506 Acc: 0.1058 F1: 0.0775 | Val Loss: 1.8821 Acc: 0.0943 F1: 0.0251 | Train Meta: n/a | Val Meta: n/a
Epoch   2/50 | Train Loss: 1.8024 Acc: 0.2740 F1: 0.2370 | Val Loss: 1.8504 Acc: 0.2075 F1: 0.1078 | Train Meta: n/a | Val Meta: n/a
Epoch   3/50 | Train Loss: 1.7613 Acc: 0.2981 F1: 0.1689 | Val Loss: 1.8036 Acc: 0.2264 F1: 0.1232 | Train Meta: n/a | Val Meta: n/a
Epoch   4/50 | Train Loss: 1.6802 Acc: 0.3221 F1: 0.1951 | Val Loss: 1.6817 Acc: 0.2264 F1: 0.1097 | Train Meta: n/a | Val Meta: n/a
Epoch   5/50 | Train Loss: 1.6324 Acc: 0.3221 F1: 0.1914 | Val Loss: 1.6630 Acc: 0.2264 F1: 0.1435 | Train Meta: n/a | Val Meta: n/a
Epoch   6/50 | Train Loss: 1.5970 Acc: 0.3221 F1: 0.1800 | Val Loss: 1.5948 Acc: 0.2075 F1: 0.1134 | Train Meta: n/a | Val Meta: n/a
Epoch   7/50 | Train Loss: 1.5531 Acc: 0.3365 F1: 0.1616 | Val Loss: 1.5788 Acc: 0.2264 F1: 0.1261 | Train Meta: n/a | Val Meta: n/a
Epoch   8/50 | Train Loss: 1.5397 Acc: 0.3269 F1: 0.1817 | Val Loss: 1.4985 Acc: 0.3774 F1: 0.1629 | Train Meta: n/a | Val Meta: n/a
Epoch   9/50 | Train Loss: 1.5107 Acc: 0.3462 F1: 0.2679 | Val Loss: 1.5337 Acc: 0.2264 F1: 0.1206 | Train Meta: n/a | Val Meta: n/a
Epoch  10/50 | Train Loss: 1.5214 Acc: 0.3125 F1: 0.1697 | Val Loss: 1.4478 Acc: 0.4528 F1: 0.2785 | Train Meta: n/a | Val Meta: n/a
Epoch  11/50 | Train Loss: 1.4842 Acc: 0.3413 F1: 0.2531 | Val Loss: 1.4771 Acc: 0.2453 F1: 0.1525 | Train Meta: n/a | Val Meta: n/a
Epoch  12/50 | Train Loss: 1.4661 Acc: 0.4135 F1: 0.3134 | Val Loss: 1.4677 Acc: 0.1887 F1: 0.1111 | Train Meta: n/a | Val Meta: n/a
Epoch  13/50 | Train Loss: 1.4388 Acc: 0.3365 F1: 0.1818 | Val Loss: 1.4182 Acc: 0.2642 F1: 0.1815 | Train Meta: n/a | Val Meta: n/a
Epoch  14/50 | Train Loss: 1.4372 Acc: 0.3846 F1: 0.2803 | Val Loss: 1.3894 Acc: 0.4151 F1: 0.3653 | Train Meta: n/a | Val Meta: n/a
Epoch  15/50 | Train Loss: 1.4335 Acc: 0.3750 F1: 0.2371 | Val Loss: 1.4423 Acc: 0.2264 F1: 0.1438 | Train Meta: n/a | Val Meta: n/a
Epoch  16/50 | Train Loss: 1.4045 Acc: 0.4279 F1: 0.3508 | Val Loss: 1.3553 Acc: 0.4151 F1: 0.3206 | Train Meta: n/a | Val Meta: n/a
Epoch  17/50 | Train Loss: 1.3765 Acc: 0.3990 F1: 0.2857 | Val Loss: 1.3992 Acc: 0.2264 F1: 0.1165 | Train Meta: n/a | Val Meta: n/a
Epoch  18/50 | Train Loss: 1.3901 Acc: 0.3413 F1: 0.2846 | Val Loss: 1.3733 Acc: 0.3585 F1: 0.2694 | Train Meta: n/a | Val Meta: n/a
Epoch  19/50 | Train Loss: 1.3765 Acc: 0.3558 F1: 0.2064 | Val Loss: 1.3757 Acc: 0.3208 F1: 0.2661 | Train Meta: n/a | Val Meta: n/a
Epoch  20/50 | Train Loss: 1.3777 Acc: 0.3654 F1: 0.2986 | Val Loss: 1.3179 Acc: 0.5472 F1: 0.3693 | Train Meta: n/a | Val Meta: n/a
Epoch  21/50 | Train Loss: 1.3568 Acc: 0.3750 F1: 0.3432 | Val Loss: 1.3327 Acc: 0.2642 F1: 0.1850 | Train Meta: n/a | Val Meta: n/a
Epoch  22/50 | Train Loss: 1.3388 Acc: 0.4183 F1: 0.3056 | Val Loss: 1.3215 Acc: 0.3962 F1: 0.2319 | Train Meta: n/a | Val Meta: n/a
Epoch  23/50 | Train Loss: 1.3504 Acc: 0.3221 F1: 0.2171 | Val Loss: 1.2934 Acc: 0.4528 F1: 0.4155 | Train Meta: n/a | Val Meta: n/a
Epoch  24/50 | Train Loss: 1.3438 Acc: 0.4327 F1: 0.3983 | Val Loss: 1.3062 Acc: 0.3019 F1: 0.2102 | Train Meta: n/a | Val Meta: n/a
Epoch  25/50 | Train Loss: 1.3345 Acc: 0.4375 F1: 0.3526 | Val Loss: 1.2888 Acc: 0.4906 F1: 0.3820 | Train Meta: n/a | Val Meta: n/a
Epoch  26/50 | Train Loss: 1.3100 Acc: 0.4567 F1: 0.4319 | Val Loss: 1.2969 Acc: 0.6038 F1: 0.4925 | Train Meta: n/a | Val Meta: n/a
Epoch  27/50 | Train Loss: 1.3101 Acc: 0.3942 F1: 0.3118 | Val Loss: 1.2974 Acc: 0.4151 F1: 0.3206 | Train Meta: n/a | Val Meta: n/a
Epoch  28/50 | Train Loss: 1.3068 Acc: 0.3606 F1: 0.2831 | Val Loss: 1.2584 Acc: 0.4906 F1: 0.4027 | Train Meta: n/a | Val Meta: n/a
Epoch  29/50 | Train Loss: 1.3145 Acc: 0.4712 F1: 0.4029 | Val Loss: 1.3020 Acc: 0.4151 F1: 0.3511 | Train Meta: n/a | Val Meta: n/a
Epoch  30/50 | Train Loss: 1.2937 Acc: 0.4327 F1: 0.3988 | Val Loss: 1.2353 Acc: 0.4906 F1: 0.3452 | Train Meta: n/a | Val Meta: n/a
Epoch  31/50 | Train Loss: 1.2909 Acc: 0.4471 F1: 0.3909 | Val Loss: 1.2557 Acc: 0.4717 F1: 0.4423 | Train Meta: n/a | Val Meta: n/a
Epoch  32/50 | Train Loss: 1.2709 Acc: 0.4471 F1: 0.3940 | Val Loss: 1.2255 Acc: 0.5472 F1: 0.4912 | Train Meta: n/a | Val Meta: n/a
Epoch  33/50 | Train Loss: 1.2737 Acc: 0.4087 F1: 0.3578 | Val Loss: 1.2298 Acc: 0.4717 F1: 0.3450 | Train Meta: n/a | Val Meta: n/a
Epoch  34/50 | Train Loss: 1.2541 Acc: 0.4519 F1: 0.4213 | Val Loss: 1.2146 Acc: 0.4906 F1: 0.4433 | Train Meta: n/a | Val Meta: n/a
Epoch  35/50 | Train Loss: 1.2767 Acc: 0.4183 F1: 0.3831 | Val Loss: 1.2305 Acc: 0.4528 F1: 0.4120 | Train Meta: n/a | Val Meta: n/a
Epoch  36/50 | Train Loss: 1.2634 Acc: 0.4904 F1: 0.4078 | Val Loss: 1.2071 Acc: 0.5094 F1: 0.4184 | Train Meta: n/a | Val Meta: n/a
Epoch  37/50 | Train Loss: 1.2755 Acc: 0.3942 F1: 0.3224 | Val Loss: 1.2022 Acc: 0.5660 F1: 0.4998 | Train Meta: n/a | Val Meta: n/a
Epoch  38/50 | Train Loss: 1.2375 Acc: 0.5240 F1: 0.4850 | Val Loss: 1.1938 Acc: 0.4717 F1: 0.4227 | Train Meta: n/a | Val Meta: n/a
Epoch  39/50 | Train Loss: 1.2508 Acc: 0.3462 F1: 0.2874 | Val Loss: 1.1869 Acc: 0.6038 F1: 0.5827 | Train Meta: n/a | Val Meta: n/a
Epoch  40/50 | Train Loss: 1.2540 Acc: 0.4712 F1: 0.4123 | Val Loss: 1.2501 Acc: 0.3585 F1: 0.2972 | Train Meta: n/a | Val Meta: n/a
Epoch  41/50 | Train Loss: 1.2198 Acc: 0.4279 F1: 0.3683 | Val Loss: 1.1640 Acc: 0.4906 F1: 0.3260 | Train Meta: n/a | Val Meta: n/a
Epoch  42/50 | Train Loss: 1.2302 Acc: 0.4327 F1: 0.3765 | Val Loss: 1.2256 Acc: 0.4340 F1: 0.3744 | Train Meta: n/a | Val Meta: n/a
Epoch  43/50 | Train Loss: 1.2501 Acc: 0.4183 F1: 0.3449 | Val Loss: 1.1465 Acc: 0.5094 F1: 0.3422 | Train Meta: n/a | Val Meta: n/a
Epoch  44/50 | Train Loss: 1.2394 Acc: 0.4327 F1: 0.4133 | Val Loss: 1.1877 Acc: 0.5283 F1: 0.4614 | Train Meta: n/a | Val Meta: n/a
Epoch  45/50 | Train Loss: 1.2411 Acc: 0.4423 F1: 0.3869 | Val Loss: 1.1416 Acc: 0.5472 F1: 0.4279 | Train Meta: n/a | Val Meta: n/a
Epoch  46/50 | Train Loss: 1.2286 Acc: 0.4663 F1: 0.4184 | Val Loss: 1.1643 Acc: 0.5283 F1: 0.4718 | Train Meta: n/a | Val Meta: n/a
Epoch  47/50 | Train Loss: 1.1991 Acc: 0.4375 F1: 0.4054 | Val Loss: 1.1600 Acc: 0.6038 F1: 0.5540 | Train Meta: n/a | Val Meta: n/a
Epoch  48/50 | Train Loss: 1.1999 Acc: 0.4663 F1: 0.4092 | Val Loss: 1.1774 Acc: 0.4906 F1: 0.4386 | Train Meta: n/a | Val Meta: n/a
Epoch  49/50 | Train Loss: 1.2058 Acc: 0.4712 F1: 0.4478 | Val Loss: 1.1346 Acc: 0.5472 F1: 0.4906 | Train Meta: n/a | Val Meta: n/a
Epoch  50/50 | Train Loss: 1.1832 Acc: 0.4808 F1: 0.4428 | Val Loss: 1.1832 Acc: 0.5283 F1: 0.4604 | Train Meta: n/a | Val Meta: n/a

Random Encoder Classification Result (PEMS-SF)
Accuracy : 0.497110
F1 (macro): 0.446511
Text metadata preview | dataset=SelfRegulationSCP1 | domain=UEA | channels=6
   - channel_1: In the UEA domain, this channel belongs to the SelfRegulationSCP1 dataset and represents the feature channel 1.
   - channel_2: In the UEA domain, this channel belongs to the SelfRegulationSCP1 dataset and represents the feature channel 2.
   - ... (4 more channel descriptions)
/data/pjh_workspace/ts-env/lib/python3.8/site-packages/torch/nn/modules/transformer.py:307: UserWarning: enable_nested_tensor is True, but self.use_nested_tensor is False because encoder_layer.norm_first was True
  warnings.warn(f"enable_nested_tensor is True, but self.use_nested_tensor is False because {why_not_sparsity_fast_path}")
==================================================
🚀 Architecture: LAYA Random Encoder
📊 Target Dataset: SelfRegulationSCP1 (Channels: 6)
📊 Classes: 2 | Sequence Length: 896
==================================================
✅ Encoder is RANDOMLY initialized and FROZEN (Linear Probing mode).
Epoch   1/50 | Train Loss: 0.6796 Acc: 0.5962 F1: 0.5956 | Val Loss: 0.5890 Acc: 0.6792 F1: 0.6788 | Train Meta: n/a | Val Meta: n/a
Epoch   2/50 | Train Loss: 0.6039 Acc: 0.6394 F1: 0.6357 | Val Loss: 0.5869 Acc: 0.7358 F1: 0.7358 | Train Meta: n/a | Val Meta: n/a
Epoch   3/50 | Train Loss: 0.5876 Acc: 0.6827 F1: 0.6816 | Val Loss: 0.5843 Acc: 0.7547 F1: 0.7544 | Train Meta: n/a | Val Meta: n/a
Epoch   4/50 | Train Loss: 0.5706 Acc: 0.7163 F1: 0.7128 | Val Loss: 0.5720 Acc: 0.6792 F1: 0.6788 | Train Meta: n/a | Val Meta: n/a
Epoch   5/50 | Train Loss: 0.5685 Acc: 0.6923 F1: 0.6916 | Val Loss: 0.5688 Acc: 0.6981 F1: 0.6980 | Train Meta: n/a | Val Meta: n/a
Epoch   6/50 | Train Loss: 0.5740 Acc: 0.7019 F1: 0.7001 | Val Loss: 0.5792 Acc: 0.7925 F1: 0.7898 | Train Meta: n/a | Val Meta: n/a
Epoch   7/50 | Train Loss: 0.5614 Acc: 0.6971 F1: 0.6959 | Val Loss: 0.5691 Acc: 0.6792 F1: 0.6774 | Train Meta: n/a | Val Meta: n/a
Epoch   8/50 | Train Loss: 0.5748 Acc: 0.7163 F1: 0.7134 | Val Loss: 0.5614 Acc: 0.7547 F1: 0.7533 | Train Meta: n/a | Val Meta: n/a
Epoch   9/50 | Train Loss: 0.5662 Acc: 0.6875 F1: 0.6871 | Val Loss: 0.5508 Acc: 0.6981 F1: 0.6980 | Train Meta: n/a | Val Meta: n/a
Epoch  10/50 | Train Loss: 0.5774 Acc: 0.7019 F1: 0.6893 | Val Loss: 0.5540 Acc: 0.6792 F1: 0.6788 | Train Meta: n/a | Val Meta: n/a
Epoch  11/50 | Train Loss: 0.5600 Acc: 0.6731 F1: 0.6728 | Val Loss: 0.5536 Acc: 0.7547 F1: 0.7533 | Train Meta: n/a | Val Meta: n/a
Epoch  12/50 | Train Loss: 0.5638 Acc: 0.7115 F1: 0.7016 | Val Loss: 0.5479 Acc: 0.6792 F1: 0.6788 | Train Meta: n/a | Val Meta: n/a
Epoch  13/50 | Train Loss: 0.5660 Acc: 0.6875 F1: 0.6821 | Val Loss: 0.5409 Acc: 0.6981 F1: 0.6980 | Train Meta: n/a | Val Meta: n/a
Epoch  14/50 | Train Loss: 0.5543 Acc: 0.6923 F1: 0.6858 | Val Loss: 0.5366 Acc: 0.7547 F1: 0.7544 | Train Meta: n/a | Val Meta: n/a
Epoch  15/50 | Train Loss: 0.5540 Acc: 0.7019 F1: 0.7006 | Val Loss: 0.5383 Acc: 0.6792 F1: 0.6788 | Train Meta: n/a | Val Meta: n/a
Epoch  16/50 | Train Loss: 0.5442 Acc: 0.7308 F1: 0.7271 | Val Loss: 0.5318 Acc: 0.7547 F1: 0.7544 | Train Meta: n/a | Val Meta: n/a
Epoch  17/50 | Train Loss: 0.5483 Acc: 0.7115 F1: 0.7070 | Val Loss: 0.5322 Acc: 0.7358 F1: 0.7358 | Train Meta: n/a | Val Meta: n/a
Epoch  18/50 | Train Loss: 0.5536 Acc: 0.7019 F1: 0.6979 | Val Loss: 0.5405 Acc: 0.6792 F1: 0.6788 | Train Meta: n/a | Val Meta: n/a
Epoch  19/50 | Train Loss: 0.5488 Acc: 0.7019 F1: 0.7018 | Val Loss: 0.5471 Acc: 0.7925 F1: 0.7898 | Train Meta: n/a | Val Meta: n/a
Epoch  20/50 | Train Loss: 0.5607 Acc: 0.6971 F1: 0.6883 | Val Loss: 0.5273 Acc: 0.7358 F1: 0.7358 | Train Meta: n/a | Val Meta: n/a
Epoch  21/50 | Train Loss: 0.5536 Acc: 0.7115 F1: 0.7076 | Val Loss: 0.5254 Acc: 0.7547 F1: 0.7544 | Train Meta: n/a | Val Meta: n/a
Epoch  22/50 | Train Loss: 0.5929 Acc: 0.7019 F1: 0.6964 | Val Loss: 0.5462 Acc: 0.6792 F1: 0.6788 | Train Meta: n/a | Val Meta: n/a
Epoch  23/50 | Train Loss: 0.5478 Acc: 0.7115 F1: 0.7076 | Val Loss: 0.5234 Acc: 0.7547 F1: 0.7544 | Train Meta: n/a | Val Meta: n/a
Epoch  24/50 | Train Loss: 0.5616 Acc: 0.6779 F1: 0.6762 | Val Loss: 0.5302 Acc: 0.7547 F1: 0.7533 | Train Meta: n/a | Val Meta: n/a
Epoch  25/50 | Train Loss: 0.5681 Acc: 0.6779 F1: 0.6715 | Val Loss: 0.5243 Acc: 0.7547 F1: 0.7533 | Train Meta: n/a | Val Meta: n/a
Epoch  26/50 | Train Loss: 0.5458 Acc: 0.6923 F1: 0.6848 | Val Loss: 0.5208 Acc: 0.7547 F1: 0.7544 | Train Meta: n/a | Val Meta: n/a
Epoch  27/50 | Train Loss: 0.5446 Acc: 0.7212 F1: 0.7190 | Val Loss: 0.5241 Acc: 0.7170 F1: 0.7170 | Train Meta: n/a | Val Meta: n/a
Epoch  28/50 | Train Loss: 0.5385 Acc: 0.7163 F1: 0.7090 | Val Loss: 0.5219 Acc: 0.7547 F1: 0.7533 | Train Meta: n/a | Val Meta: n/a
Epoch  29/50 | Train Loss: 0.5554 Acc: 0.6923 F1: 0.6905 | Val Loss: 0.5189 Acc: 0.7547 F1: 0.7544 | Train Meta: n/a | Val Meta: n/a
Epoch  30/50 | Train Loss: 0.5473 Acc: 0.7115 F1: 0.7062 | Val Loss: 0.5182 Acc: 0.7547 F1: 0.7544 | Train Meta: n/a | Val Meta: n/a
Epoch  31/50 | Train Loss: 0.5396 Acc: 0.7067 F1: 0.6960 | Val Loss: 0.5185 Acc: 0.7358 F1: 0.7358 | Train Meta: n/a | Val Meta: n/a
Epoch  32/50 | Train Loss: 0.5625 Acc: 0.6923 F1: 0.6848 | Val Loss: 0.5324 Acc: 0.6792 F1: 0.6788 | Train Meta: n/a | Val Meta: n/a
Epoch  33/50 | Train Loss: 0.5573 Acc: 0.6923 F1: 0.6905 | Val Loss: 0.5241 Acc: 0.7925 F1: 0.7898 | Train Meta: n/a | Val Meta: n/a
Epoch  34/50 | Train Loss: 0.5441 Acc: 0.7019 F1: 0.6947 | Val Loss: 0.5149 Acc: 0.7547 F1: 0.7544 | Train Meta: n/a | Val Meta: n/a
Epoch  35/50 | Train Loss: 0.5372 Acc: 0.7115 F1: 0.7036 | Val Loss: 0.5207 Acc: 0.7358 F1: 0.7358 | Train Meta: n/a | Val Meta: n/a
Epoch  36/50 | Train Loss: 0.5483 Acc: 0.6923 F1: 0.6909 | Val Loss: 0.5162 Acc: 0.7547 F1: 0.7533 | Train Meta: n/a | Val Meta: n/a
Epoch  37/50 | Train Loss: 0.5389 Acc: 0.7019 F1: 0.6979 | Val Loss: 0.5135 Acc: 0.7547 F1: 0.7544 | Train Meta: n/a | Val Meta: n/a
Epoch  38/50 | Train Loss: 0.5549 Acc: 0.7212 F1: 0.7093 | Val Loss: 0.5198 Acc: 0.7358 F1: 0.7358 | Train Meta: n/a | Val Meta: n/a
Epoch  39/50 | Train Loss: 0.5557 Acc: 0.6923 F1: 0.6921 | Val Loss: 0.5315 Acc: 0.7925 F1: 0.7876 | Train Meta: n/a | Val Meta: n/a
Epoch  40/50 | Train Loss: 0.5609 Acc: 0.7163 F1: 0.7134 | Val Loss: 0.5358 Acc: 0.6792 F1: 0.6788 | Train Meta: n/a | Val Meta: n/a
Epoch  41/50 | Train Loss: 0.5491 Acc: 0.7163 F1: 0.7099 | Val Loss: 0.5130 Acc: 0.7547 F1: 0.7533 | Train Meta: n/a | Val Meta: n/a
Epoch  42/50 | Train Loss: 0.5439 Acc: 0.6875 F1: 0.6849 | Val Loss: 0.5195 Acc: 0.6981 F1: 0.6980 | Train Meta: n/a | Val Meta: n/a
Epoch  43/50 | Train Loss: 0.5242 Acc: 0.7115 F1: 0.7026 | Val Loss: 0.5100 Acc: 0.7547 F1: 0.7544 | Train Meta: n/a | Val Meta: n/a
Epoch  44/50 | Train Loss: 0.5513 Acc: 0.6971 F1: 0.6849 | Val Loss: 0.5103 Acc: 0.7547 F1: 0.7544 | Train Meta: n/a | Val Meta: n/a
Epoch  45/50 | Train Loss: 0.5596 Acc: 0.7019 F1: 0.6991 | Val Loss: 0.5117 Acc: 0.7736 F1: 0.7716 | Train Meta: n/a | Val Meta: n/a
Epoch  46/50 | Train Loss: 0.5484 Acc: 0.7019 F1: 0.6937 | Val Loss: 0.5107 Acc: 0.7547 F1: 0.7533 | Train Meta: n/a | Val Meta: n/a
Epoch  47/50 | Train Loss: 0.5369 Acc: 0.6971 F1: 0.6911 | Val Loss: 0.5081 Acc: 0.7736 F1: 0.7729 | Train Meta: n/a | Val Meta: n/a
Epoch  48/50 | Train Loss: 0.5432 Acc: 0.7019 F1: 0.6937 | Val Loss: 0.5075 Acc: 0.7736 F1: 0.7729 | Train Meta: n/a | Val Meta: n/a
Epoch  49/50 | Train Loss: 0.5407 Acc: 0.6971 F1: 0.6883 | Val Loss: 0.5183 Acc: 0.7170 F1: 0.7170 | Train Meta: n/a | Val Meta: n/a
Epoch  50/50 | Train Loss: 0.5436 Acc: 0.7212 F1: 0.7207 | Val Loss: 0.5198 Acc: 0.7925 F1: 0.7898 | Train Meta: n/a | Val Meta: n/a

Random Encoder Classification Result (SelfRegulationSCP1)
Accuracy : 0.778157
F1 (macro): 0.770357
Text metadata preview | dataset=SelfRegulationSCP2 | domain=UEA | channels=7
   - channel_1: In the UEA domain, this channel belongs to the SelfRegulationSCP2 dataset and represents the feature channel 1.
   - channel_2: In the UEA domain, this channel belongs to the SelfRegulationSCP2 dataset and represents the feature channel 2.
   - ... (5 more channel descriptions)
/data/pjh_workspace/ts-env/lib/python3.8/site-packages/torch/nn/modules/transformer.py:307: UserWarning: enable_nested_tensor is True, but self.use_nested_tensor is False because encoder_layer.norm_first was True
  warnings.warn(f"enable_nested_tensor is True, but self.use_nested_tensor is False because {why_not_sparsity_fast_path}")
==================================================
🚀 Architecture: LAYA Random Encoder
📊 Target Dataset: SelfRegulationSCP2 (Channels: 7)
📊 Classes: 2 | Sequence Length: 1152
==================================================
✅ Encoder is RANDOMLY initialized and FROZEN (Linear Probing mode).
Epoch   1/50 | Train Loss: 0.7295 Acc: 0.4938 F1: 0.4933 | Val Loss: 0.6943 Acc: 0.5000 F1: 0.5000 | Train Meta: n/a | Val Meta: n/a
Epoch   2/50 | Train Loss: 0.7057 Acc: 0.4750 F1: 0.3891 | Val Loss: 0.6937 Acc: 0.5500 F1: 0.5489 | Train Meta: n/a | Val Meta: n/a
Epoch   3/50 | Train Loss: 0.7040 Acc: 0.4500 F1: 0.4499 | Val Loss: 0.6888 Acc: 0.5500 F1: 0.3548 | Train Meta: n/a | Val Meta: n/a
Epoch   4/50 | Train Loss: 0.6974 Acc: 0.4875 F1: 0.4713 | Val Loss: 0.7146 Acc: 0.4750 F1: 0.3593 | Train Meta: n/a | Val Meta: n/a
Epoch   5/50 | Train Loss: 0.7111 Acc: 0.4688 F1: 0.4421 | Val Loss: 0.6949 Acc: 0.4500 F1: 0.4271 | Train Meta: n/a | Val Meta: n/a
Epoch   6/50 | Train Loss: 0.7013 Acc: 0.5375 F1: 0.4618 | Val Loss: 0.7174 Acc: 0.4750 F1: 0.3593 | Train Meta: n/a | Val Meta: n/a
Epoch   7/50 | Train Loss: 0.7020 Acc: 0.4938 F1: 0.4893 | Val Loss: 0.6910 Acc: 0.6000 F1: 0.5908 | Train Meta: n/a | Val Meta: n/a
Epoch   8/50 | Train Loss: 0.6916 Acc: 0.5437 F1: 0.5180 | Val Loss: 0.7026 Acc: 0.4500 F1: 0.3732 | Train Meta: n/a | Val Meta: n/a
Epoch   9/50 | Train Loss: 0.6940 Acc: 0.5375 F1: 0.4874 | Val Loss: 0.7051 Acc: 0.4750 F1: 0.4130 | Train Meta: n/a | Val Meta: n/a
Epoch  10/50 | Train Loss: 0.7093 Acc: 0.4750 F1: 0.4743 | Val Loss: 0.6879 Acc: 0.5500 F1: 0.3548 | Train Meta: n/a | Val Meta: n/a
Epoch  11/50 | Train Loss: 0.7061 Acc: 0.5312 F1: 0.4983 | Val Loss: 0.7169 Acc: 0.4000 F1: 0.2857 | Train Meta: n/a | Val Meta: n/a
Epoch  12/50 | Train Loss: 0.7146 Acc: 0.5188 F1: 0.4974 | Val Loss: 0.6889 Acc: 0.5500 F1: 0.3548 | Train Meta: n/a | Val Meta: n/a
Epoch  13/50 | Train Loss: 0.6936 Acc: 0.5625 F1: 0.5363 | Val Loss: 0.7686 Acc: 0.4500 F1: 0.3103 | Train Meta: n/a | Val Meta: n/a
Epoch  14/50 | Train Loss: 0.7467 Acc: 0.3937 F1: 0.3851 | Val Loss: 0.6936 Acc: 0.5750 F1: 0.5747 | Train Meta: n/a | Val Meta: n/a
Epoch  15/50 | Train Loss: 0.6946 Acc: 0.5062 F1: 0.4285 | Val Loss: 0.7081 Acc: 0.4500 F1: 0.3732 | Train Meta: n/a | Val Meta: n/a
Epoch  16/50 | Train Loss: 0.6904 Acc: 0.5312 F1: 0.4452 | Val Loss: 0.6942 Acc: 0.5250 F1: 0.5223 | Train Meta: n/a | Val Meta: n/a
Epoch  17/50 | Train Loss: 0.6983 Acc: 0.5000 F1: 0.4733 | Val Loss: 0.6886 Acc: 0.5500 F1: 0.3548 | Train Meta: n/a | Val Meta: n/a
Epoch  18/50 | Train Loss: 0.6980 Acc: 0.5125 F1: 0.4050 | Val Loss: 0.7049 Acc: 0.4000 F1: 0.3600 | Train Meta: n/a | Val Meta: n/a
Epoch  19/50 | Train Loss: 0.7319 Acc: 0.4938 F1: 0.3607 | Val Loss: 0.6917 Acc: 0.5750 F1: 0.5683 | Train Meta: n/a | Val Meta: n/a
Epoch  20/50 | Train Loss: 0.7063 Acc: 0.4813 F1: 0.3996 | Val Loss: 0.7014 Acc: 0.4250 F1: 0.3780 | Train Meta: n/a | Val Meta: n/a
Epoch  21/50 | Train Loss: 0.7042 Acc: 0.5062 F1: 0.4087 | Val Loss: 0.7070 Acc: 0.4250 F1: 0.3780 | Train Meta: n/a | Val Meta: n/a
Epoch  22/50 | Train Loss: 0.7054 Acc: 0.4750 F1: 0.4130 | Val Loss: 0.6930 Acc: 0.5250 F1: 0.5247 | Train Meta: n/a | Val Meta: n/a
Epoch  23/50 | Train Loss: 0.7145 Acc: 0.5312 F1: 0.4452 | Val Loss: 0.6966 Acc: 0.4250 F1: 0.4068 | Train Meta: n/a | Val Meta: n/a
Epoch  24/50 | Train Loss: 0.6925 Acc: 0.5375 F1: 0.5128 | Val Loss: 0.6926 Acc: 0.5000 F1: 0.4987 | Train Meta: n/a | Val Meta: n/a
Epoch  25/50 | Train Loss: 0.7121 Acc: 0.4437 F1: 0.4249 | Val Loss: 0.7153 Acc: 0.4250 F1: 0.3571 | Train Meta: n/a | Val Meta: n/a
Epoch  26/50 | Train Loss: 0.6934 Acc: 0.5437 F1: 0.4536 | Val Loss: 0.6911 Acc: 0.6000 F1: 0.5833 | Train Meta: n/a | Val Meta: n/a
Epoch  27/50 | Train Loss: 0.7011 Acc: 0.4813 F1: 0.3787 | Val Loss: 0.6976 Acc: 0.5000 F1: 0.4885 | Train Meta: n/a | Val Meta: n/a
Epoch  28/50 | Train Loss: 0.7058 Acc: 0.5125 F1: 0.4050 | Val Loss: 0.6994 Acc: 0.4500 F1: 0.4271 | Train Meta: n/a | Val Meta: n/a
Epoch  29/50 | Train Loss: 0.7051 Acc: 0.4437 F1: 0.4436 | Val Loss: 0.6949 Acc: 0.4250 F1: 0.4217 | Train Meta: n/a | Val Meta: n/a
Epoch  30/50 | Train Loss: 0.6954 Acc: 0.4938 F1: 0.4933 | Val Loss: 0.6995 Acc: 0.4500 F1: 0.4271 | Train Meta: n/a | Val Meta: n/a
Epoch  31/50 | Train Loss: 0.7043 Acc: 0.5125 F1: 0.4894 | Val Loss: 0.7055 Acc: 0.4000 F1: 0.3600 | Train Meta: n/a | Val Meta: n/a
Epoch  32/50 | Train Loss: 0.6966 Acc: 0.5312 F1: 0.4386 | Val Loss: 0.7051 Acc: 0.4000 F1: 0.3600 | Train Meta: n/a | Val Meta: n/a
Epoch  33/50 | Train Loss: 0.6882 Acc: 0.5375 F1: 0.4997 | Val Loss: 0.6944 Acc: 0.5250 F1: 0.5223 | Train Meta: n/a | Val Meta: n/a
Epoch  34/50 | Train Loss: 0.6981 Acc: 0.4938 F1: 0.4893 | Val Loss: 0.7164 Acc: 0.4250 F1: 0.3571 | Train Meta: n/a | Val Meta: n/a
Epoch  35/50 | Train Loss: 0.6969 Acc: 0.5000 F1: 0.4764 | Val Loss: 0.6918 Acc: 0.5500 F1: 0.5455 | Train Meta: n/a | Val Meta: n/a
Epoch  36/50 | Train Loss: 0.7007 Acc: 0.4938 F1: 0.4893 | Val Loss: 0.7386 Acc: 0.4750 F1: 0.3593 | Train Meta: n/a | Val Meta: n/a
Epoch  37/50 | Train Loss: 0.7133 Acc: 0.5813 F1: 0.5417 | Val Loss: 0.6913 Acc: 0.6250 F1: 0.6229 | Train Meta: n/a | Val Meta: n/a
Epoch  38/50 | Train Loss: 0.6909 Acc: 0.5312 F1: 0.5104 | Val Loss: 0.7039 Acc: 0.4000 F1: 0.3600 | Train Meta: n/a | Val Meta: n/a
Epoch  39/50 | Train Loss: 0.7017 Acc: 0.4938 F1: 0.4937 | Val Loss: 0.6895 Acc: 0.5500 F1: 0.3548 | Train Meta: n/a | Val Meta: n/a
Epoch  40/50 | Train Loss: 0.7093 Acc: 0.4875 F1: 0.4270 | Val Loss: 0.7012 Acc: 0.4500 F1: 0.4133 | Train Meta: n/a | Val Meta: n/a
Epoch  41/50 | Train Loss: 0.6920 Acc: 0.5375 F1: 0.5033 | Val Loss: 0.6943 Acc: 0.5000 F1: 0.4987 | Train Meta: n/a | Val Meta: n/a
Epoch  42/50 | Train Loss: 0.6966 Acc: 0.5000 F1: 0.4630 | Val Loss: 0.6954 Acc: 0.5500 F1: 0.5489 | Train Meta: n/a | Val Meta: n/a
Epoch  43/50 | Train Loss: 0.7013 Acc: 0.4813 F1: 0.3861 | Val Loss: 0.6998 Acc: 0.4250 F1: 0.3943 | Train Meta: n/a | Val Meta: n/a
Epoch  44/50 | Train Loss: 0.7188 Acc: 0.5188 F1: 0.4488 | Val Loss: 0.7022 Acc: 0.4000 F1: 0.3600 | Train Meta: n/a | Val Meta: n/a
Epoch  45/50 | Train Loss: 0.7205 Acc: 0.5250 F1: 0.4044 | Val Loss: 0.7032 Acc: 0.4500 F1: 0.4271 | Train Meta: n/a | Val Meta: n/a
Epoch  46/50 | Train Loss: 0.7406 Acc: 0.4750 F1: 0.4075 | Val Loss: 0.7075 Acc: 0.4000 F1: 0.3600 | Train Meta: n/a | Val Meta: n/a
Epoch  47/50 | Train Loss: 0.7082 Acc: 0.5312 F1: 0.4386 | Val Loss: 0.7036 Acc: 0.4250 F1: 0.3780 | Train Meta: n/a | Val Meta: n/a
Epoch  48/50 | Train Loss: 0.6936 Acc: 0.5312 F1: 0.4910 | Val Loss: 0.6890 Acc: 0.5500 F1: 0.3548 | Train Meta: n/a | Val Meta: n/a
Epoch  49/50 | Train Loss: 0.7010 Acc: 0.4813 F1: 0.4636 | Val Loss: 0.7110 Acc: 0.4000 F1: 0.3407 | Train Meta: n/a | Val Meta: n/a
Epoch  50/50 | Train Loss: 0.7008 Acc: 0.4437 F1: 0.4432 | Val Loss: 0.6886 Acc: 0.5500 F1: 0.3548 | Train Meta: n/a | Val Meta: n/a

Random Encoder Classification Result (SelfRegulationSCP2)
Accuracy : 0.500000
F1 (macro): 0.333333
Text metadata preview | dataset=SpokenArabicDigits | domain=UEA | channels=13
   - channel_1: In the UEA domain, this channel belongs to the SpokenArabicDigits dataset and represents the feature channel 1.
   - channel_2: In the UEA domain, this channel belongs to the SpokenArabicDigits dataset and represents the feature channel 2.
   - ... (11 more channel descriptions)
/data/pjh_workspace/ts-env/lib/python3.8/site-packages/torch/nn/modules/transformer.py:307: UserWarning: enable_nested_tensor is True, but self.use_nested_tensor is False because encoder_layer.norm_first was True
  warnings.warn(f"enable_nested_tensor is True, but self.use_nested_tensor is False because {why_not_sparsity_fast_path}")
==================================================
🚀 Architecture: LAYA Random Encoder
📊 Target Dataset: SpokenArabicDigits (Channels: 13)
📊 Classes: 10 | Sequence Length: 93
==================================================
✅ Encoder is RANDOMLY initialized and FROZEN (Linear Probing mode).
Epoch   1/50 | Train Loss: 2.1430 Acc: 0.2085 F1: 0.2005 | Val Loss: 2.0151 Acc: 0.2343 F1: 0.1582 | Train Meta: n/a | Val Meta: n/a
Epoch   2/50 | Train Loss: 1.9638 Acc: 0.2920 F1: 0.2814 | Val Loss: 1.9326 Acc: 0.3343 F1: 0.2858 | Train Meta: n/a | Val Meta: n/a
Epoch   3/50 | Train Loss: 1.8951 Acc: 0.3278 F1: 0.3150 | Val Loss: 1.9037 Acc: 0.2926 F1: 0.2368 | Train Meta: n/a | Val Meta: n/a
Epoch   4/50 | Train Loss: 1.8544 Acc: 0.3383 F1: 0.3303 | Val Loss: 1.8503 Acc: 0.3510 F1: 0.3537 | Train Meta: n/a | Val Meta: n/a
Epoch   5/50 | Train Loss: 1.8335 Acc: 0.3513 F1: 0.3420 | Val Loss: 1.7699 Acc: 0.4041 F1: 0.4026 | Train Meta: n/a | Val Meta: n/a
Epoch   6/50 | Train Loss: 1.7939 Acc: 0.3778 F1: 0.3705 | Val Loss: 1.7596 Acc: 0.3897 F1: 0.3549 | Train Meta: n/a | Val Meta: n/a
Epoch   7/50 | Train Loss: 1.7741 Acc: 0.3862 F1: 0.3789 | Val Loss: 1.7438 Acc: 0.3935 F1: 0.3535 | Train Meta: n/a | Val Meta: n/a
Epoch   8/50 | Train Loss: 1.7585 Acc: 0.3884 F1: 0.3816 | Val Loss: 1.7186 Acc: 0.4200 F1: 0.4085 | Train Meta: n/a | Val Meta: n/a
Epoch   9/50 | Train Loss: 1.7461 Acc: 0.4000 F1: 0.3928 | Val Loss: 1.7068 Acc: 0.4238 F1: 0.4127 | Train Meta: n/a | Val Meta: n/a
Epoch  10/50 | Train Loss: 1.7334 Acc: 0.3989 F1: 0.3922 | Val Loss: 1.7157 Acc: 0.4071 F1: 0.3835 | Train Meta: n/a | Val Meta: n/a
Epoch  11/50 | Train Loss: 1.7213 Acc: 0.4117 F1: 0.4048 | Val Loss: 1.6943 Acc: 0.4443 F1: 0.4395 | Train Meta: n/a | Val Meta: n/a
Epoch  12/50 | Train Loss: 1.7213 Acc: 0.4169 F1: 0.4108 | Val Loss: 1.7466 Acc: 0.3707 F1: 0.3304 | Train Meta: n/a | Val Meta: n/a
Epoch  13/50 | Train Loss: 1.7065 Acc: 0.4210 F1: 0.4143 | Val Loss: 1.6737 Acc: 0.4519 F1: 0.4489 | Train Meta: n/a | Val Meta: n/a
Epoch  14/50 | Train Loss: 1.7032 Acc: 0.4277 F1: 0.4227 | Val Loss: 1.6743 Acc: 0.4579 F1: 0.4508 | Train Meta: n/a | Val Meta: n/a
Epoch  15/50 | Train Loss: 1.6951 Acc: 0.4282 F1: 0.4224 | Val Loss: 1.6826 Acc: 0.4503 F1: 0.4347 | Train Meta: n/a | Val Meta: n/a
Epoch  16/50 | Train Loss: 1.6862 Acc: 0.4284 F1: 0.4228 | Val Loss: 1.6636 Acc: 0.4466 F1: 0.4320 | Train Meta: n/a | Val Meta: n/a
Epoch  17/50 | Train Loss: 1.6842 Acc: 0.4282 F1: 0.4219 | Val Loss: 1.6724 Acc: 0.4405 F1: 0.4199 | Train Meta: n/a | Val Meta: n/a
Epoch  18/50 | Train Loss: 1.6768 Acc: 0.4384 F1: 0.4322 | Val Loss: 1.6736 Acc: 0.4458 F1: 0.4351 | Train Meta: n/a | Val Meta: n/a
Epoch  19/50 | Train Loss: 1.6741 Acc: 0.4405 F1: 0.4345 | Val Loss: 1.6539 Acc: 0.4564 F1: 0.4488 | Train Meta: n/a | Val Meta: n/a
Epoch  20/50 | Train Loss: 1.6683 Acc: 0.4402 F1: 0.4349 | Val Loss: 1.6521 Acc: 0.4382 F1: 0.4228 | Train Meta: n/a | Val Meta: n/a
Epoch  21/50 | Train Loss: 1.6634 Acc: 0.4422 F1: 0.4361 | Val Loss: 1.6784 Acc: 0.4420 F1: 0.4353 | Train Meta: n/a | Val Meta: n/a
Epoch  22/50 | Train Loss: 1.6592 Acc: 0.4494 F1: 0.4441 | Val Loss: 1.6461 Acc: 0.4549 F1: 0.4379 | Train Meta: n/a | Val Meta: n/a
Epoch  23/50 | Train Loss: 1.6552 Acc: 0.4538 F1: 0.4487 | Val Loss: 1.6347 Acc: 0.4587 F1: 0.4512 | Train Meta: n/a | Val Meta: n/a
Epoch  24/50 | Train Loss: 1.6492 Acc: 0.4511 F1: 0.4451 | Val Loss: 1.6358 Acc: 0.4594 F1: 0.4415 | Train Meta: n/a | Val Meta: n/a
Epoch  25/50 | Train Loss: 1.6472 Acc: 0.4578 F1: 0.4531 | Val Loss: 1.6517 Acc: 0.4496 F1: 0.4311 | Train Meta: n/a | Val Meta: n/a
Epoch  26/50 | Train Loss: 1.6424 Acc: 0.4627 F1: 0.4564 | Val Loss: 1.6377 Acc: 0.4602 F1: 0.4412 | Train Meta: n/a | Val Meta: n/a
Epoch  27/50 | Train Loss: 1.6439 Acc: 0.4502 F1: 0.4438 | Val Loss: 1.6401 Acc: 0.4428 F1: 0.4301 | Train Meta: n/a | Val Meta: n/a
Epoch  28/50 | Train Loss: 1.6331 Acc: 0.4600 F1: 0.4553 | Val Loss: 1.6352 Acc: 0.4617 F1: 0.4526 | Train Meta: n/a | Val Meta: n/a
Epoch  29/50 | Train Loss: 1.6316 Acc: 0.4644 F1: 0.4593 | Val Loss: 1.6336 Acc: 0.4579 F1: 0.4346 | Train Meta: n/a | Val Meta: n/a
Epoch  30/50 | Train Loss: 1.6259 Acc: 0.4710 F1: 0.4652 | Val Loss: 1.6239 Acc: 0.4776 F1: 0.4774 | Train Meta: n/a | Val Meta: n/a
Epoch  31/50 | Train Loss: 1.6310 Acc: 0.4585 F1: 0.4529 | Val Loss: 1.6188 Acc: 0.4784 F1: 0.4769 | Train Meta: n/a | Val Meta: n/a
Epoch  32/50 | Train Loss: 1.6212 Acc: 0.4625 F1: 0.4571 | Val Loss: 1.6292 Acc: 0.4685 F1: 0.4637 | Train Meta: n/a | Val Meta: n/a
Epoch  33/50 | Train Loss: 1.6183 Acc: 0.4699 F1: 0.4652 | Val Loss: 1.6051 Acc: 0.4822 F1: 0.4791 | Train Meta: n/a | Val Meta: n/a
Epoch  34/50 | Train Loss: 1.6178 Acc: 0.4750 F1: 0.4702 | Val Loss: 1.6060 Acc: 0.4814 F1: 0.4759 | Train Meta: n/a | Val Meta: n/a
Epoch  35/50 | Train Loss: 1.6106 Acc: 0.4775 F1: 0.4725 | Val Loss: 1.6162 Acc: 0.4602 F1: 0.4489 | Train Meta: n/a | Val Meta: n/a
Epoch  36/50 | Train Loss: 1.6085 Acc: 0.4809 F1: 0.4757 | Val Loss: 1.6191 Acc: 0.4685 F1: 0.4604 | Train Meta: n/a | Val Meta: n/a
Epoch  37/50 | Train Loss: 1.6068 Acc: 0.4697 F1: 0.4643 | Val Loss: 1.6054 Acc: 0.4678 F1: 0.4512 | Train Meta: n/a | Val Meta: n/a
Epoch  38/50 | Train Loss: 1.6050 Acc: 0.4759 F1: 0.4716 | Val Loss: 1.6108 Acc: 0.4792 F1: 0.4732 | Train Meta: n/a | Val Meta: n/a
Epoch  39/50 | Train Loss: 1.6011 Acc: 0.4780 F1: 0.4734 | Val Loss: 1.6046 Acc: 0.4769 F1: 0.4790 | Train Meta: n/a | Val Meta: n/a
Epoch  40/50 | Train Loss: 1.5972 Acc: 0.4814 F1: 0.4770 | Val Loss: 1.6088 Acc: 0.4822 F1: 0.4737 | Train Meta: n/a | Val Meta: n/a
Epoch  41/50 | Train Loss: 1.5955 Acc: 0.4786 F1: 0.4735 | Val Loss: 1.5903 Acc: 0.4852 F1: 0.4759 | Train Meta: n/a | Val Meta: n/a
Epoch  42/50 | Train Loss: 1.5920 Acc: 0.4786 F1: 0.4740 | Val Loss: 1.5858 Acc: 0.4936 F1: 0.4890 | Train Meta: n/a | Val Meta: n/a
Epoch  43/50 | Train Loss: 1.5898 Acc: 0.4837 F1: 0.4790 | Val Loss: 1.6029 Acc: 0.4769 F1: 0.4717 | Train Meta: n/a | Val Meta: n/a
Epoch  44/50 | Train Loss: 1.5884 Acc: 0.4830 F1: 0.4788 | Val Loss: 1.5885 Acc: 0.4852 F1: 0.4720 | Train Meta: n/a | Val Meta: n/a
Epoch  45/50 | Train Loss: 1.5844 Acc: 0.4875 F1: 0.4817 | Val Loss: 1.5799 Acc: 0.4920 F1: 0.4821 | Train Meta: n/a | Val Meta: n/a
Epoch  46/50 | Train Loss: 1.5811 Acc: 0.4884 F1: 0.4843 | Val Loss: 1.5875 Acc: 0.4829 F1: 0.4679 | Train Meta: n/a | Val Meta: n/a
Epoch  47/50 | Train Loss: 1.5772 Acc: 0.4833 F1: 0.4778 | Val Loss: 1.5773 Acc: 0.4852 F1: 0.4794 | Train Meta: n/a | Val Meta: n/a
Epoch  48/50 | Train Loss: 1.5771 Acc: 0.4858 F1: 0.4803 | Val Loss: 1.5875 Acc: 0.4867 F1: 0.4776 | Train Meta: n/a | Val Meta: n/a
Epoch  49/50 | Train Loss: 1.5754 Acc: 0.4884 F1: 0.4830 | Val Loss: 1.5755 Acc: 0.4936 F1: 0.4846 | Train Meta: n/a | Val Meta: n/a
Epoch  50/50 | Train Loss: 1.5718 Acc: 0.4926 F1: 0.4878 | Val Loss: 1.5750 Acc: 0.4610 F1: 0.4535 | Train Meta: n/a | Val Meta: n/a

Random Encoder Classification Result (SpokenArabicDigits)
Accuracy : 0.152797
F1 (macro): 0.136978
Text metadata preview | dataset=UWaveGestureLibrary | domain=UEA | channels=3
   - channel_1: In the UEA domain, this channel belongs to the UWaveGestureLibrary dataset and represents the feature channel 1.
   - channel_2: In the UEA domain, this channel belongs to the UWaveGestureLibrary dataset and represents the feature channel 2.
   - ... (1 more channel descriptions)
/data/pjh_workspace/ts-env/lib/python3.8/site-packages/torch/nn/modules/transformer.py:307: UserWarning: enable_nested_tensor is True, but self.use_nested_tensor is False because encoder_layer.norm_first was True
  warnings.warn(f"enable_nested_tensor is True, but self.use_nested_tensor is False because {why_not_sparsity_fast_path}")
==================================================
🚀 Architecture: LAYA Random Encoder
📊 Target Dataset: UWaveGestureLibrary (Channels: 3)
📊 Classes: 8 | Sequence Length: 315
==================================================
✅ Encoder is RANDOMLY initialized and FROZEN (Linear Probing mode).
Epoch   1/50 | Train Loss: 2.2105 Acc: 0.0625 F1: 0.0321 | Val Loss: 2.2245 Acc: 0.1250 F1: 0.0278 | Train Meta: n/a | Val Meta: n/a
Epoch   2/50 | Train Loss: 2.1023 Acc: 0.0833 F1: 0.0448 | Val Loss: 2.2107 Acc: 0.0833 F1: 0.0192 | Train Meta: n/a | Val Meta: n/a
Epoch   3/50 | Train Loss: 2.1145 Acc: 0.1354 F1: 0.0298 | Val Loss: 2.1139 Acc: 0.0833 F1: 0.0192 | Train Meta: n/a | Val Meta: n/a
Epoch   4/50 | Train Loss: 2.0899 Acc: 0.1146 F1: 0.0473 | Val Loss: 2.1584 Acc: 0.0417 F1: 0.0100 | Train Meta: n/a | Val Meta: n/a
Epoch   5/50 | Train Loss: 2.0829 Acc: 0.1458 F1: 0.0318 | Val Loss: 2.1249 Acc: 0.0417 F1: 0.0100 | Train Meta: n/a | Val Meta: n/a
Epoch   6/50 | Train Loss: 2.0825 Acc: 0.1042 F1: 0.0393 | Val Loss: 2.1711 Acc: 0.1250 F1: 0.0278 | Train Meta: n/a | Val Meta: n/a
Epoch   7/50 | Train Loss: 2.1074 Acc: 0.0938 F1: 0.0368 | Val Loss: 2.1096 Acc: 0.1250 F1: 0.0278 | Train Meta: n/a | Val Meta: n/a
Epoch   8/50 | Train Loss: 2.0873 Acc: 0.0938 F1: 0.0364 | Val Loss: 2.1816 Acc: 0.0417 F1: 0.0100 | Train Meta: n/a | Val Meta: n/a
Epoch   9/50 | Train Loss: 2.0733 Acc: 0.1458 F1: 0.0318 | Val Loss: 2.1666 Acc: 0.0833 F1: 0.0238 | Train Meta: n/a | Val Meta: n/a
Epoch  10/50 | Train Loss: 2.0774 Acc: 0.1458 F1: 0.0533 | Val Loss: 2.0808 Acc: 0.0833 F1: 0.0192 | Train Meta: n/a | Val Meta: n/a
Epoch  11/50 | Train Loss: 2.0798 Acc: 0.0938 F1: 0.0242 | Val Loss: 2.0889 Acc: 0.1250 F1: 0.0278 | Train Meta: n/a | Val Meta: n/a
Epoch  12/50 | Train Loss: 2.0916 Acc: 0.1146 F1: 0.0348 | Val Loss: 2.1856 Acc: 0.1250 F1: 0.0278 | Train Meta: n/a | Val Meta: n/a
Epoch  13/50 | Train Loss: 2.0755 Acc: 0.1354 F1: 0.0408 | Val Loss: 2.1547 Acc: 0.0417 F1: 0.0100 | Train Meta: n/a | Val Meta: n/a
Epoch  14/50 | Train Loss: 2.0857 Acc: 0.1562 F1: 0.0609 | Val Loss: 2.0989 Acc: 0.0833 F1: 0.0192 | Train Meta: n/a | Val Meta: n/a
Epoch  15/50 | Train Loss: 2.0689 Acc: 0.0938 F1: 0.0537 | Val Loss: 2.0844 Acc: 0.0833 F1: 0.0192 | Train Meta: n/a | Val Meta: n/a
Epoch  16/50 | Train Loss: 2.0736 Acc: 0.1042 F1: 0.0373 | Val Loss: 2.1879 Acc: 0.1250 F1: 0.0278 | Train Meta: n/a | Val Meta: n/a
Epoch  17/50 | Train Loss: 2.0699 Acc: 0.1354 F1: 0.0549 | Val Loss: 2.1623 Acc: 0.0417 F1: 0.0100 | Train Meta: n/a | Val Meta: n/a
Epoch  18/50 | Train Loss: 2.0620 Acc: 0.1458 F1: 0.0321 | Val Loss: 2.1373 Acc: 0.0833 F1: 0.0729 | Train Meta: n/a | Val Meta: n/a
Epoch  19/50 | Train Loss: 2.0650 Acc: 0.1979 F1: 0.1127 | Val Loss: 2.0943 Acc: 0.0833 F1: 0.0294 | Train Meta: n/a | Val Meta: n/a
Epoch  20/50 | Train Loss: 2.0656 Acc: 0.1458 F1: 0.0873 | Val Loss: 2.0908 Acc: 0.1250 F1: 0.0278 | Train Meta: n/a | Val Meta: n/a
Epoch  21/50 | Train Loss: 2.0611 Acc: 0.1042 F1: 0.0569 | Val Loss: 2.1243 Acc: 0.0417 F1: 0.0100 | Train Meta: n/a | Val Meta: n/a
Epoch  22/50 | Train Loss: 2.0478 Acc: 0.1458 F1: 0.0318 | Val Loss: 2.1306 Acc: 0.0417 F1: 0.0100 | Train Meta: n/a | Val Meta: n/a
Epoch  23/50 | Train Loss: 2.0631 Acc: 0.1354 F1: 0.0918 | Val Loss: 2.1189 Acc: 0.2083 F1: 0.1048 | Train Meta: n/a | Val Meta: n/a
Epoch  24/50 | Train Loss: 2.0603 Acc: 0.1354 F1: 0.0793 | Val Loss: 2.0931 Acc: 0.0833 F1: 0.0192 | Train Meta: n/a | Val Meta: n/a
Epoch  25/50 | Train Loss: 2.0517 Acc: 0.1250 F1: 0.0704 | Val Loss: 2.1133 Acc: 0.0417 F1: 0.0100 | Train Meta: n/a | Val Meta: n/a
Epoch  26/50 | Train Loss: 2.0691 Acc: 0.1250 F1: 0.0878 | Val Loss: 2.1067 Acc: 0.1667 F1: 0.0729 | Train Meta: n/a | Val Meta: n/a
Epoch  27/50 | Train Loss: 2.0458 Acc: 0.1354 F1: 0.0824 | Val Loss: 2.1147 Acc: 0.0417 F1: 0.0100 | Train Meta: n/a | Val Meta: n/a
Epoch  28/50 | Train Loss: 2.0397 Acc: 0.1458 F1: 0.0834 | Val Loss: 2.0952 Acc: 0.0833 F1: 0.0192 | Train Meta: n/a | Val Meta: n/a
Epoch  29/50 | Train Loss: 2.0511 Acc: 0.1354 F1: 0.1182 | Val Loss: 2.1013 Acc: 0.2083 F1: 0.1375 | Train Meta: n/a | Val Meta: n/a
Epoch  30/50 | Train Loss: 2.0397 Acc: 0.1979 F1: 0.1399 | Val Loss: 2.0992 Acc: 0.0417 F1: 0.0100 | Train Meta: n/a | Val Meta: n/a
Epoch  31/50 | Train Loss: 2.0333 Acc: 0.1354 F1: 0.0307 | Val Loss: 2.1091 Acc: 0.0833 F1: 0.0614 | Train Meta: n/a | Val Meta: n/a
Epoch  32/50 | Train Loss: 2.0403 Acc: 0.1354 F1: 0.0945 | Val Loss: 2.1010 Acc: 0.1250 F1: 0.0584 | Train Meta: n/a | Val Meta: n/a
Epoch  33/50 | Train Loss: 2.0408 Acc: 0.1667 F1: 0.0782 | Val Loss: 2.0762 Acc: 0.1667 F1: 0.0852 | Train Meta: n/a | Val Meta: n/a
Epoch  34/50 | Train Loss: 2.0481 Acc: 0.1667 F1: 0.1053 | Val Loss: 2.0964 Acc: 0.0417 F1: 0.0100 | Train Meta: n/a | Val Meta: n/a
Epoch  35/50 | Train Loss: 2.0424 Acc: 0.1667 F1: 0.1159 | Val Loss: 2.0586 Acc: 0.1667 F1: 0.1051 | Train Meta: n/a | Val Meta: n/a
Epoch  36/50 | Train Loss: 2.0284 Acc: 0.1771 F1: 0.1058 | Val Loss: 2.0798 Acc: 0.2083 F1: 0.1403 | Train Meta: n/a | Val Meta: n/a
Epoch  37/50 | Train Loss: 2.0436 Acc: 0.1562 F1: 0.1534 | Val Loss: 2.1285 Acc: 0.0833 F1: 0.0192 | Train Meta: n/a | Val Meta: n/a
Epoch  38/50 | Train Loss: 2.0326 Acc: 0.1354 F1: 0.0768 | Val Loss: 2.1115 Acc: 0.1250 F1: 0.0573 | Train Meta: n/a | Val Meta: n/a
Epoch  39/50 | Train Loss: 2.0206 Acc: 0.1979 F1: 0.1013 | Val Loss: 2.0864 Acc: 0.0417 F1: 0.0100 | Train Meta: n/a | Val Meta: n/a
Epoch  40/50 | Train Loss: 2.0151 Acc: 0.1979 F1: 0.1759 | Val Loss: 2.0569 Acc: 0.2500 F1: 0.1667 | Train Meta: n/a | Val Meta: n/a
Epoch  41/50 | Train Loss: 2.0164 Acc: 0.3021 F1: 0.2104 | Val Loss: 2.0804 Acc: 0.2917 F1: 0.2173 | Train Meta: n/a | Val Meta: n/a
Epoch  42/50 | Train Loss: 2.0095 Acc: 0.2188 F1: 0.1633 | Val Loss: 2.0769 Acc: 0.1667 F1: 0.1079 | Train Meta: n/a | Val Meta: n/a
Epoch  43/50 | Train Loss: 2.0129 Acc: 0.1875 F1: 0.1273 | Val Loss: 2.0789 Acc: 0.0417 F1: 0.0100 | Train Meta: n/a | Val Meta: n/a
Epoch  44/50 | Train Loss: 2.0036 Acc: 0.1667 F1: 0.0780 | Val Loss: 2.0767 Acc: 0.2083 F1: 0.2022 | Train Meta: n/a | Val Meta: n/a
Epoch  45/50 | Train Loss: 2.0115 Acc: 0.1875 F1: 0.1550 | Val Loss: 2.0781 Acc: 0.1250 F1: 0.0375 | Train Meta: n/a | Val Meta: n/a
Epoch  46/50 | Train Loss: 2.0035 Acc: 0.2604 F1: 0.1976 | Val Loss: 2.0757 Acc: 0.2083 F1: 0.1722 | Train Meta: n/a | Val Meta: n/a
Epoch  47/50 | Train Loss: 2.0194 Acc: 0.1667 F1: 0.1037 | Val Loss: 2.1137 Acc: 0.0417 F1: 0.0104 | Train Meta: n/a | Val Meta: n/a
Epoch  48/50 | Train Loss: 2.0261 Acc: 0.1562 F1: 0.1136 | Val Loss: 2.0341 Acc: 0.1667 F1: 0.1264 | Train Meta: n/a | Val Meta: n/a
Epoch  49/50 | Train Loss: 1.9888 Acc: 0.3021 F1: 0.2489 | Val Loss: 2.0465 Acc: 0.3333 F1: 0.3061 | Train Meta: n/a | Val Meta: n/a
Epoch  50/50 | Train Loss: 2.0052 Acc: 0.2083 F1: 0.1370 | Val Loss: 2.0928 Acc: 0.2917 F1: 0.2405 | Train Meta: n/a | Val Meta: n/a

Random Encoder Classification Result (UWaveGestureLibrary)
Accuracy : 0.168750
F1 (macro): 0.106040
Text metadata preview | dataset=ECG200 | domain=UCR | channels=1
   - channel_1: In the UCR domain, this channel belongs to the ECG200 dataset and represents the feature channel 1.
/data/pjh_workspace/ts-env/lib/python3.8/site-packages/torch/nn/modules/transformer.py:307: UserWarning: enable_nested_tensor is True, but self.use_nested_tensor is False because encoder_layer.norm_first was True
  warnings.warn(f"enable_nested_tensor is True, but self.use_nested_tensor is False because {why_not_sparsity_fast_path}")
==================================================
🚀 Architecture: LAYA Random Encoder
📊 Target Dataset: ECG200 (Channels: 1)
📊 Classes: 2 | Sequence Length: 96
==================================================
✅ Encoder is RANDOMLY initialized and FROZEN (Linear Probing mode).
Epoch   1/50 | Train Loss: 0.6592 Acc: 0.6125 F1: 0.4551 | Val Loss: 1.0405 Acc: 0.5000 F1: 0.3333 | Train Meta: n/a | Val Meta: n/a
Epoch   2/50 | Train Loss: 0.6122 Acc: 0.7375 F1: 0.4245 | Val Loss: 0.8139 Acc: 0.5000 F1: 0.3333 | Train Meta: n/a | Val Meta: n/a
Epoch   3/50 | Train Loss: 0.5795 Acc: 0.7375 F1: 0.4245 | Val Loss: 0.7143 Acc: 0.5000 F1: 0.3333 | Train Meta: n/a | Val Meta: n/a
Epoch   4/50 | Train Loss: 0.5595 Acc: 0.7375 F1: 0.4245 | Val Loss: 0.7832 Acc: 0.5000 F1: 0.3333 | Train Meta: n/a | Val Meta: n/a
Epoch   5/50 | Train Loss: 0.5612 Acc: 0.7375 F1: 0.4245 | Val Loss: 0.8242 Acc: 0.5000 F1: 0.3333 | Train Meta: n/a | Val Meta: n/a
Epoch   6/50 | Train Loss: 0.5504 Acc: 0.7375 F1: 0.4245 | Val Loss: 0.7839 Acc: 0.5000 F1: 0.3333 | Train Meta: n/a | Val Meta: n/a
Epoch   7/50 | Train Loss: 0.5294 Acc: 0.7375 F1: 0.4245 | Val Loss: 0.7226 Acc: 0.5000 F1: 0.3333 | Train Meta: n/a | Val Meta: n/a
Epoch   8/50 | Train Loss: 0.5289 Acc: 0.7375 F1: 0.4245 | Val Loss: 0.6980 Acc: 0.5000 F1: 0.3333 | Train Meta: n/a | Val Meta: n/a
Epoch   9/50 | Train Loss: 0.5216 Acc: 0.7375 F1: 0.4245 | Val Loss: 0.7172 Acc: 0.5000 F1: 0.3333 | Train Meta: n/a | Val Meta: n/a
Epoch  10/50 | Train Loss: 0.5160 Acc: 0.7375 F1: 0.4245 | Val Loss: 0.7581 Acc: 0.5000 F1: 0.3333 | Train Meta: n/a | Val Meta: n/a
Epoch  11/50 | Train Loss: 0.5110 Acc: 0.7375 F1: 0.4245 | Val Loss: 0.6990 Acc: 0.5000 F1: 0.3333 | Train Meta: n/a | Val Meta: n/a
Epoch  12/50 | Train Loss: 0.5007 Acc: 0.7375 F1: 0.4245 | Val Loss: 0.6993 Acc: 0.5000 F1: 0.3333 | Train Meta: n/a | Val Meta: n/a
Epoch  13/50 | Train Loss: 0.4998 Acc: 0.7375 F1: 0.4245 | Val Loss: 0.7108 Acc: 0.5000 F1: 0.3333 | Train Meta: n/a | Val Meta: n/a
Epoch  14/50 | Train Loss: 0.4899 Acc: 0.7375 F1: 0.4245 | Val Loss: 0.6823 Acc: 0.5000 F1: 0.3333 | Train Meta: n/a | Val Meta: n/a
Epoch  15/50 | Train Loss: 0.4871 Acc: 0.7250 F1: 0.4203 | Val Loss: 0.6527 Acc: 0.5000 F1: 0.3333 | Train Meta: n/a | Val Meta: n/a
Epoch  16/50 | Train Loss: 0.4848 Acc: 0.7375 F1: 0.4245 | Val Loss: 0.6823 Acc: 0.5000 F1: 0.3333 | Train Meta: n/a | Val Meta: n/a
Epoch  17/50 | Train Loss: 0.4739 Acc: 0.7375 F1: 0.4245 | Val Loss: 0.6666 Acc: 0.5000 F1: 0.3333 | Train Meta: n/a | Val Meta: n/a
Epoch  18/50 | Train Loss: 0.4795 Acc: 0.7500 F1: 0.5098 | Val Loss: 0.6353 Acc: 0.4500 F1: 0.3103 | Train Meta: n/a | Val Meta: n/a
Epoch  19/50 | Train Loss: 0.4694 Acc: 0.7375 F1: 0.4668 | Val Loss: 0.6788 Acc: 0.5000 F1: 0.3333 | Train Meta: n/a | Val Meta: n/a
Epoch  20/50 | Train Loss: 0.4622 Acc: 0.7250 F1: 0.4203 | Val Loss: 0.6644 Acc: 0.4500 F1: 0.3103 | Train Meta: n/a | Val Meta: n/a
Epoch  21/50 | Train Loss: 0.4647 Acc: 0.7500 F1: 0.5671 | Val Loss: 0.6039 Acc: 0.6500 F1: 0.6267 | Train Meta: n/a | Val Meta: n/a
Epoch  22/50 | Train Loss: 0.4544 Acc: 0.7875 F1: 0.6599 | Val Loss: 0.6357 Acc: 0.4500 F1: 0.3103 | Train Meta: n/a | Val Meta: n/a
Epoch  23/50 | Train Loss: 0.4529 Acc: 0.7625 F1: 0.5496 | Val Loss: 0.6601 Acc: 0.4500 F1: 0.3103 | Train Meta: n/a | Val Meta: n/a
Epoch  24/50 | Train Loss: 0.4480 Acc: 0.7875 F1: 0.6213 | Val Loss: 0.6169 Acc: 0.5500 F1: 0.4872 | Train Meta: n/a | Val Meta: n/a
Epoch  25/50 | Train Loss: 0.4442 Acc: 0.8125 F1: 0.6841 | Val Loss: 0.6215 Acc: 0.5000 F1: 0.4048 | Train Meta: n/a | Val Meta: n/a
Epoch  26/50 | Train Loss: 0.4409 Acc: 0.8000 F1: 0.6718 | Val Loss: 0.6094 Acc: 0.6000 F1: 0.5604 | Train Meta: n/a | Val Meta: n/a
Epoch  27/50 | Train Loss: 0.4407 Acc: 0.8000 F1: 0.6718 | Val Loss: 0.6209 Acc: 0.5000 F1: 0.4048 | Train Meta: n/a | Val Meta: n/a
Epoch  28/50 | Train Loss: 0.4439 Acc: 0.7750 F1: 0.6484 | Val Loss: 0.5703 Acc: 0.6500 F1: 0.6419 | Train Meta: n/a | Val Meta: n/a
Epoch  29/50 | Train Loss: 0.4358 Acc: 0.7875 F1: 0.6599 | Val Loss: 0.6223 Acc: 0.5000 F1: 0.4048 | Train Meta: n/a | Val Meta: n/a
Epoch  30/50 | Train Loss: 0.4310 Acc: 0.8000 F1: 0.6718 | Val Loss: 0.6239 Acc: 0.4500 F1: 0.3103 | Train Meta: n/a | Val Meta: n/a
Epoch  31/50 | Train Loss: 0.4267 Acc: 0.7875 F1: 0.6599 | Val Loss: 0.5691 Acc: 0.6500 F1: 0.6419 | Train Meta: n/a | Val Meta: n/a
Epoch  32/50 | Train Loss: 0.4353 Acc: 0.7625 F1: 0.6660 | Val Loss: 0.5645 Acc: 0.6500 F1: 0.6419 | Train Meta: n/a | Val Meta: n/a
Epoch  33/50 | Train Loss: 0.4273 Acc: 0.8125 F1: 0.6841 | Val Loss: 0.6428 Acc: 0.4500 F1: 0.3103 | Train Meta: n/a | Val Meta: n/a
Epoch  34/50 | Train Loss: 0.4230 Acc: 0.8000 F1: 0.6718 | Val Loss: 0.5966 Acc: 0.6000 F1: 0.5604 | Train Meta: n/a | Val Meta: n/a
Epoch  35/50 | Train Loss: 0.4208 Acc: 0.7875 F1: 0.6755 | Val Loss: 0.5485 Acc: 0.6500 F1: 0.6419 | Train Meta: n/a | Val Meta: n/a
Epoch  36/50 | Train Loss: 0.4159 Acc: 0.8125 F1: 0.7137 | Val Loss: 0.5754 Acc: 0.6500 F1: 0.6267 | Train Meta: n/a | Val Meta: n/a
Epoch  37/50 | Train Loss: 0.4157 Acc: 0.7875 F1: 0.6599 | Val Loss: 0.5999 Acc: 0.6000 F1: 0.5604 | Train Meta: n/a | Val Meta: n/a
Epoch  38/50 | Train Loss: 0.4121 Acc: 0.7875 F1: 0.6599 | Val Loss: 0.5484 Acc: 0.6500 F1: 0.6419 | Train Meta: n/a | Val Meta: n/a
Epoch  39/50 | Train Loss: 0.4122 Acc: 0.7625 F1: 0.6660 | Val Loss: 0.5466 Acc: 0.6500 F1: 0.6419 | Train Meta: n/a | Val Meta: n/a
Epoch  40/50 | Train Loss: 0.4177 Acc: 0.7875 F1: 0.6599 | Val Loss: 0.6057 Acc: 0.6000 F1: 0.5604 | Train Meta: n/a | Val Meta: n/a
Epoch  41/50 | Train Loss: 0.4073 Acc: 0.8000 F1: 0.6718 | Val Loss: 0.5520 Acc: 0.6500 F1: 0.6419 | Train Meta: n/a | Val Meta: n/a
Epoch  42/50 | Train Loss: 0.4016 Acc: 0.7750 F1: 0.6774 | Val Loss: 0.5362 Acc: 0.6500 F1: 0.6419 | Train Meta: n/a | Val Meta: n/a
Epoch  43/50 | Train Loss: 0.4054 Acc: 0.7875 F1: 0.6891 | Val Loss: 0.5609 Acc: 0.7000 F1: 0.6875 | Train Meta: n/a | Val Meta: n/a
Epoch  44/50 | Train Loss: 0.4016 Acc: 0.8125 F1: 0.7137 | Val Loss: 0.5470 Acc: 0.6500 F1: 0.6419 | Train Meta: n/a | Val Meta: n/a
Epoch  45/50 | Train Loss: 0.3999 Acc: 0.7750 F1: 0.6774 | Val Loss: 0.5432 Acc: 0.6500 F1: 0.6419 | Train Meta: n/a | Val Meta: n/a
Epoch  46/50 | Train Loss: 0.4051 Acc: 0.7875 F1: 0.6755 | Val Loss: 0.5670 Acc: 0.7000 F1: 0.6875 | Train Meta: n/a | Val Meta: n/a
Epoch  47/50 | Train Loss: 0.4130 Acc: 0.7625 F1: 0.6660 | Val Loss: 0.5177 Acc: 0.7500 F1: 0.7494 | Train Meta: n/a | Val Meta: n/a
Epoch  48/50 | Train Loss: 0.4100 Acc: 0.8000 F1: 0.7012 | Val Loss: 0.5773 Acc: 0.6500 F1: 0.6267 | Train Meta: n/a | Val Meta: n/a
Epoch  49/50 | Train Loss: 0.3990 Acc: 0.7875 F1: 0.6891 | Val Loss: 0.5347 Acc: 0.6500 F1: 0.6419 | Train Meta: n/a | Val Meta: n/a
Epoch  50/50 | Train Loss: 0.3928 Acc: 0.7875 F1: 0.6891 | Val Loss: 0.5421 Acc: 0.6500 F1: 0.6419 | Train Meta: n/a | Val Meta: n/a

Random Encoder Classification Result (ECG200)
Accuracy : 0.730000
F1 (macro): 0.675442
Text metadata preview | dataset=ECG5000 | domain=UCR | channels=1
   - channel_1: In the UCR domain, this channel belongs to the ECG5000 dataset and represents the feature channel 1.
/data/pjh_workspace/ts-env/lib/python3.8/site-packages/torch/nn/modules/transformer.py:307: UserWarning: enable_nested_tensor is True, but self.use_nested_tensor is False because encoder_layer.norm_first was True
  warnings.warn(f"enable_nested_tensor is True, but self.use_nested_tensor is False because {why_not_sparsity_fast_path}")
==================================================
🚀 Architecture: LAYA Random Encoder
📊 Target Dataset: ECG5000 (Channels: 1)
📊 Classes: 5 | Sequence Length: 140
==================================================
✅ Encoder is RANDOMLY initialized and FROZEN (Linear Probing mode).
Epoch   1/50 | Train Loss: 1.0187 Acc: 0.5550 F1: 0.2067 | Val Loss: 0.8638 Acc: 0.5200 F1: 0.2653 | Train Meta: n/a | Val Meta: n/a
Epoch   2/50 | Train Loss: 0.8715 Acc: 0.6575 F1: 0.2368 | Val Loss: 0.7547 Acc: 0.9000 F1: 0.4527 | Train Meta: n/a | Val Meta: n/a
Epoch   3/50 | Train Loss: 0.7871 Acc: 0.7500 F1: 0.2952 | Val Loss: 0.6687 Acc: 0.8000 F1: 0.3792 | Train Meta: n/a | Val Meta: n/a
Epoch   4/50 | Train Loss: 0.7242 Acc: 0.8350 F1: 0.3404 | Val Loss: 0.6214 Acc: 0.9400 F1: 0.4782 | Train Meta: n/a | Val Meta: n/a
Epoch   5/50 | Train Loss: 0.6819 Acc: 0.8325 F1: 0.3384 | Val Loss: 0.5826 Acc: 0.9500 F1: 0.4843 | Train Meta: n/a | Val Meta: n/a
Epoch   6/50 | Train Loss: 0.6262 Acc: 0.9050 F1: 0.3718 | Val Loss: 0.5260 Acc: 0.9500 F1: 0.4843 | Train Meta: n/a | Val Meta: n/a
Epoch   7/50 | Train Loss: 0.5880 Acc: 0.9125 F1: 0.3754 | Val Loss: 0.4920 Acc: 0.9000 F1: 0.4548 | Train Meta: n/a | Val Meta: n/a
Epoch   8/50 | Train Loss: 0.5549 Acc: 0.9075 F1: 0.3731 | Val Loss: 0.4664 Acc: 0.9500 F1: 0.4843 | Train Meta: n/a | Val Meta: n/a
Epoch   9/50 | Train Loss: 0.5237 Acc: 0.9075 F1: 0.3727 | Val Loss: 0.4313 Acc: 0.9500 F1: 0.4843 | Train Meta: n/a | Val Meta: n/a
Epoch  10/50 | Train Loss: 0.4961 Acc: 0.9075 F1: 0.3732 | Val Loss: 0.4173 Acc: 0.9500 F1: 0.4843 | Train Meta: n/a | Val Meta: n/a
Epoch  11/50 | Train Loss: 0.4693 Acc: 0.9075 F1: 0.3733 | Val Loss: 0.3983 Acc: 0.9400 F1: 0.4786 | Train Meta: n/a | Val Meta: n/a
Epoch  12/50 | Train Loss: 0.4464 Acc: 0.9150 F1: 0.3761 | Val Loss: 0.3841 Acc: 0.9500 F1: 0.4843 | Train Meta: n/a | Val Meta: n/a
Epoch  13/50 | Train Loss: 0.4340 Acc: 0.9200 F1: 0.3785 | Val Loss: 0.3668 Acc: 0.9500 F1: 0.4843 | Train Meta: n/a | Val Meta: n/a
Epoch  14/50 | Train Loss: 0.4186 Acc: 0.9150 F1: 0.3764 | Val Loss: 0.3487 Acc: 0.9500 F1: 0.4843 | Train Meta: n/a | Val Meta: n/a
Epoch  15/50 | Train Loss: 0.4025 Acc: 0.9225 F1: 0.3793 | Val Loss: 0.3376 Acc: 0.9500 F1: 0.4843 | Train Meta: n/a | Val Meta: n/a
Epoch  16/50 | Train Loss: 0.3845 Acc: 0.9175 F1: 0.3774 | Val Loss: 0.3358 Acc: 0.9500 F1: 0.4843 | Train Meta: n/a | Val Meta: n/a
Epoch  17/50 | Train Loss: 0.3828 Acc: 0.9150 F1: 0.3761 | Val Loss: 0.3256 Acc: 0.9400 F1: 0.4786 | Train Meta: n/a | Val Meta: n/a
Epoch  18/50 | Train Loss: 0.3766 Acc: 0.9225 F1: 0.3793 | Val Loss: 0.3199 Acc: 0.9400 F1: 0.4786 | Train Meta: n/a | Val Meta: n/a
Epoch  19/50 | Train Loss: 0.3697 Acc: 0.9175 F1: 0.3774 | Val Loss: 0.3255 Acc: 0.9300 F1: 0.4731 | Train Meta: n/a | Val Meta: n/a
Epoch  20/50 | Train Loss: 0.3511 Acc: 0.9150 F1: 0.3762 | Val Loss: 0.3064 Acc: 0.9400 F1: 0.4786 | Train Meta: n/a | Val Meta: n/a
Epoch  21/50 | Train Loss: 0.3427 Acc: 0.9225 F1: 0.4189 | Val Loss: 0.2987 Acc: 0.9400 F1: 0.4786 | Train Meta: n/a | Val Meta: n/a
Epoch  22/50 | Train Loss: 0.3498 Acc: 0.9275 F1: 0.4211 | Val Loss: 0.2826 Acc: 0.9500 F1: 0.4843 | Train Meta: n/a | Val Meta: n/a
Epoch  23/50 | Train Loss: 0.3435 Acc: 0.9150 F1: 0.3762 | Val Loss: 0.2826 Acc: 0.9500 F1: 0.4843 | Train Meta: n/a | Val Meta: n/a
Epoch  24/50 | Train Loss: 0.3355 Acc: 0.9225 F1: 0.4189 | Val Loss: 0.2749 Acc: 0.9400 F1: 0.4786 | Train Meta: n/a | Val Meta: n/a
Epoch  25/50 | Train Loss: 0.3316 Acc: 0.9175 F1: 0.3774 | Val Loss: 0.2728 Acc: 0.9400 F1: 0.4786 | Train Meta: n/a | Val Meta: n/a
Epoch  26/50 | Train Loss: 0.3255 Acc: 0.9250 F1: 0.4198 | Val Loss: 0.2859 Acc: 0.9500 F1: 0.4843 | Train Meta: n/a | Val Meta: n/a
Epoch  27/50 | Train Loss: 0.3168 Acc: 0.9175 F1: 0.4167 | Val Loss: 0.2840 Acc: 0.9400 F1: 0.4786 | Train Meta: n/a | Val Meta: n/a
Epoch  28/50 | Train Loss: 0.3219 Acc: 0.9150 F1: 0.3760 | Val Loss: 0.2670 Acc: 0.9400 F1: 0.4786 | Train Meta: n/a | Val Meta: n/a
Epoch  29/50 | Train Loss: 0.3105 Acc: 0.9175 F1: 0.4167 | Val Loss: 0.2663 Acc: 0.9400 F1: 0.4786 | Train Meta: n/a | Val Meta: n/a
Epoch  30/50 | Train Loss: 0.3068 Acc: 0.9250 F1: 0.4198 | Val Loss: 0.2696 Acc: 0.9400 F1: 0.4786 | Train Meta: n/a | Val Meta: n/a
Epoch  31/50 | Train Loss: 0.3046 Acc: 0.9200 F1: 0.4179 | Val Loss: 0.2613 Acc: 0.9400 F1: 0.4786 | Train Meta: n/a | Val Meta: n/a
Epoch  32/50 | Train Loss: 0.3012 Acc: 0.9225 F1: 0.4189 | Val Loss: 0.2591 Acc: 0.9400 F1: 0.4786 | Train Meta: n/a | Val Meta: n/a
Epoch  33/50 | Train Loss: 0.2940 Acc: 0.9225 F1: 0.4190 | Val Loss: 0.2515 Acc: 0.9400 F1: 0.4786 | Train Meta: n/a | Val Meta: n/a
Epoch  34/50 | Train Loss: 0.2991 Acc: 0.9225 F1: 0.4189 | Val Loss: 0.2613 Acc: 0.9400 F1: 0.4786 | Train Meta: n/a | Val Meta: n/a
Epoch  35/50 | Train Loss: 0.2902 Acc: 0.9200 F1: 0.4176 | Val Loss: 0.2491 Acc: 0.9400 F1: 0.4786 | Train Meta: n/a | Val Meta: n/a
Epoch  36/50 | Train Loss: 0.2878 Acc: 0.9225 F1: 0.4187 | Val Loss: 0.2697 Acc: 0.9400 F1: 0.4786 | Train Meta: n/a | Val Meta: n/a
Epoch  37/50 | Train Loss: 0.2967 Acc: 0.9175 F1: 0.4166 | Val Loss: 0.2461 Acc: 0.9400 F1: 0.4786 | Train Meta: n/a | Val Meta: n/a
Epoch  38/50 | Train Loss: 0.2899 Acc: 0.9200 F1: 0.4179 | Val Loss: 0.2668 Acc: 0.9400 F1: 0.4786 | Train Meta: n/a | Val Meta: n/a
Epoch  39/50 | Train Loss: 0.2937 Acc: 0.9200 F1: 0.4179 | Val Loss: 0.2444 Acc: 0.9400 F1: 0.4786 | Train Meta: n/a | Val Meta: n/a
Epoch  40/50 | Train Loss: 0.2897 Acc: 0.9200 F1: 0.4178 | Val Loss: 0.2516 Acc: 0.9400 F1: 0.4786 | Train Meta: n/a | Val Meta: n/a
Epoch  41/50 | Train Loss: 0.2792 Acc: 0.9225 F1: 0.4196 | Val Loss: 0.2713 Acc: 0.9400 F1: 0.4786 | Train Meta: n/a | Val Meta: n/a
Epoch  42/50 | Train Loss: 0.2776 Acc: 0.9250 F1: 0.4200 | Val Loss: 0.2509 Acc: 0.9400 F1: 0.4786 | Train Meta: n/a | Val Meta: n/a
Epoch  43/50 | Train Loss: 0.2779 Acc: 0.9225 F1: 0.4188 | Val Loss: 0.2448 Acc: 0.9400 F1: 0.4786 | Train Meta: n/a | Val Meta: n/a
Epoch  44/50 | Train Loss: 0.2722 Acc: 0.9200 F1: 0.4179 | Val Loss: 0.2504 Acc: 0.9400 F1: 0.4786 | Train Meta: n/a | Val Meta: n/a
Epoch  45/50 | Train Loss: 0.2698 Acc: 0.9250 F1: 0.4200 | Val Loss: 0.2403 Acc: 0.9400 F1: 0.4786 | Train Meta: n/a | Val Meta: n/a
Epoch  46/50 | Train Loss: 0.2691 Acc: 0.9225 F1: 0.4186 | Val Loss: 0.2445 Acc: 0.9400 F1: 0.4786 | Train Meta: n/a | Val Meta: n/a
Epoch  47/50 | Train Loss: 0.2809 Acc: 0.9200 F1: 0.4185 | Val Loss: 0.2457 Acc: 0.9400 F1: 0.4786 | Train Meta: n/a | Val Meta: n/a
Epoch  48/50 | Train Loss: 0.2706 Acc: 0.9200 F1: 0.4146 | Val Loss: 0.2397 Acc: 0.9400 F1: 0.4786 | Train Meta: n/a | Val Meta: n/a
Epoch  49/50 | Train Loss: 0.2663 Acc: 0.9225 F1: 0.4194 | Val Loss: 0.2453 Acc: 0.9400 F1: 0.4786 | Train Meta: n/a | Val Meta: n/a
Epoch  50/50 | Train Loss: 0.2800 Acc: 0.9175 F1: 0.4167 | Val Loss: 0.2817 Acc: 0.9300 F1: 0.4715 | Train Meta: n/a | Val Meta: n/a

Random Encoder Classification Result (ECG5000)
Accuracy : 0.916667
F1 (macro): 0.411085
Text metadata preview | dataset=FordA | domain=UCR | channels=1
   - channel_1: In the UCR domain, this channel belongs to the FordA dataset and represents the feature channel 1.
/data/pjh_workspace/ts-env/lib/python3.8/site-packages/torch/nn/modules/transformer.py:307: UserWarning: enable_nested_tensor is True, but self.use_nested_tensor is False because encoder_layer.norm_first was True
  warnings.warn(f"enable_nested_tensor is True, but self.use_nested_tensor is False because {why_not_sparsity_fast_path}")
==================================================
🚀 Architecture: LAYA Random Encoder
📊 Target Dataset: FordA (Channels: 1)
📊 Classes: 2 | Sequence Length: 500
==================================================
✅ Encoder is RANDOMLY initialized and FROZEN (Linear Probing mode).
Epoch   1/50 | Train Loss: 0.7139 Acc: 0.4885 F1: 0.4883 | Val Loss: 0.6833 Acc: 0.5458 F1: 0.5023 | Train Meta: n/a | Val Meta: n/a
Epoch   2/50 | Train Loss: 0.6969 Acc: 0.5271 F1: 0.5248 | Val Loss: 0.6873 Acc: 0.5097 F1: 0.3803 | Train Meta: n/a | Val Meta: n/a
Epoch   3/50 | Train Loss: 0.6957 Acc: 0.5344 F1: 0.5312 | Val Loss: 0.6986 Acc: 0.4847 F1: 0.3288 | Train Meta: n/a | Val Meta: n/a
Epoch   4/50 | Train Loss: 0.6982 Acc: 0.5219 F1: 0.5202 | Val Loss: 0.6835 Acc: 0.5097 F1: 0.3803 | Train Meta: n/a | Val Meta: n/a
Epoch   5/50 | Train Loss: 0.6743 Acc: 0.5705 F1: 0.5689 | Val Loss: 0.6777 Acc: 0.5194 F1: 0.3470 | Train Meta: n/a | Val Meta: n/a
Epoch   6/50 | Train Loss: 0.6772 Acc: 0.5757 F1: 0.5734 | Val Loss: 0.6608 Acc: 0.5833 F1: 0.5421 | Train Meta: n/a | Val Meta: n/a
Epoch   7/50 | Train Loss: 0.6700 Acc: 0.5872 F1: 0.5857 | Val Loss: 0.6838 Acc: 0.5153 F1: 0.3912 | Train Meta: n/a | Val Meta: n/a
Epoch   8/50 | Train Loss: 0.6711 Acc: 0.5830 F1: 0.5821 | Val Loss: 0.6474 Acc: 0.6917 F1: 0.6884 | Train Meta: n/a | Val Meta: n/a
Epoch   9/50 | Train Loss: 0.6565 Acc: 0.6191 F1: 0.6184 | Val Loss: 0.6768 Acc: 0.5278 F1: 0.3704 | Train Meta: n/a | Val Meta: n/a
Epoch  10/50 | Train Loss: 0.6602 Acc: 0.6049 F1: 0.6036 | Val Loss: 0.6375 Acc: 0.6597 F1: 0.6449 | Train Meta: n/a | Val Meta: n/a
Epoch  11/50 | Train Loss: 0.6547 Acc: 0.6021 F1: 0.6007 | Val Loss: 0.6422 Acc: 0.5861 F1: 0.5060 | Train Meta: n/a | Val Meta: n/a
Epoch  12/50 | Train Loss: 0.6437 Acc: 0.6247 F1: 0.6226 | Val Loss: 0.6614 Acc: 0.5556 F1: 0.4695 | Train Meta: n/a | Val Meta: n/a
Epoch  13/50 | Train Loss: 0.6486 Acc: 0.6128 F1: 0.6122 | Val Loss: 0.6832 Acc: 0.5319 F1: 0.3748 | Train Meta: n/a | Val Meta: n/a
Epoch  14/50 | Train Loss: 0.6443 Acc: 0.6295 F1: 0.6290 | Val Loss: 0.6214 Acc: 0.6847 F1: 0.6710 | Train Meta: n/a | Val Meta: n/a
Epoch  15/50 | Train Loss: 0.6376 Acc: 0.6448 F1: 0.6438 | Val Loss: 0.6305 Acc: 0.6056 F1: 0.5474 | Train Meta: n/a | Val Meta: n/a
Epoch  16/50 | Train Loss: 0.6385 Acc: 0.6347 F1: 0.6328 | Val Loss: 0.6175 Acc: 0.6653 F1: 0.6437 | Train Meta: n/a | Val Meta: n/a
Epoch  17/50 | Train Loss: 0.6363 Acc: 0.6330 F1: 0.6324 | Val Loss: 0.6333 Acc: 0.6042 F1: 0.5432 | Train Meta: n/a | Val Meta: n/a
Epoch  18/50 | Train Loss: 0.6235 Acc: 0.6747 F1: 0.6729 | Val Loss: 0.6064 Acc: 0.7000 F1: 0.6975 | Train Meta: n/a | Val Meta: n/a
Epoch  19/50 | Train Loss: 0.6256 Acc: 0.6587 F1: 0.6577 | Val Loss: 0.6010 Acc: 0.7250 F1: 0.7250 | Train Meta: n/a | Val Meta: n/a
Epoch  20/50 | Train Loss: 0.6186 Acc: 0.6670 F1: 0.6662 | Val Loss: 0.6036 Acc: 0.7028 F1: 0.7019 | Train Meta: n/a | Val Meta: n/a
Epoch  21/50 | Train Loss: 0.6208 Acc: 0.6622 F1: 0.6610 | Val Loss: 0.6022 Acc: 0.7153 F1: 0.7118 | Train Meta: n/a | Val Meta: n/a
Epoch  22/50 | Train Loss: 0.6177 Acc: 0.6677 F1: 0.6668 | Val Loss: 0.5982 Acc: 0.7292 F1: 0.7278 | Train Meta: n/a | Val Meta: n/a
Epoch  23/50 | Train Loss: 0.6168 Acc: 0.6653 F1: 0.6648 | Val Loss: 0.5934 Acc: 0.7014 F1: 0.6921 | Train Meta: n/a | Val Meta: n/a
Epoch  24/50 | Train Loss: 0.6180 Acc: 0.6597 F1: 0.6592 | Val Loss: 0.6087 Acc: 0.6417 F1: 0.6111 | Train Meta: n/a | Val Meta: n/a
Epoch  25/50 | Train Loss: 0.6075 Acc: 0.6875 F1: 0.6866 | Val Loss: 0.5886 Acc: 0.7000 F1: 0.6871 | Train Meta: n/a | Val Meta: n/a
Epoch  26/50 | Train Loss: 0.6040 Acc: 0.6819 F1: 0.6814 | Val Loss: 0.5849 Acc: 0.7389 F1: 0.7389 | Train Meta: n/a | Val Meta: n/a
Epoch  27/50 | Train Loss: 0.6067 Acc: 0.6806 F1: 0.6795 | Val Loss: 0.5897 Acc: 0.7389 F1: 0.7368 | Train Meta: n/a | Val Meta: n/a
Epoch  28/50 | Train Loss: 0.6081 Acc: 0.6712 F1: 0.6709 | Val Loss: 0.5808 Acc: 0.7500 F1: 0.7496 | Train Meta: n/a | Val Meta: n/a
Epoch  29/50 | Train Loss: 0.6009 Acc: 0.6910 F1: 0.6902 | Val Loss: 0.6046 Acc: 0.6792 F1: 0.6656 | Train Meta: n/a | Val Meta: n/a
Epoch  30/50 | Train Loss: 0.5960 Acc: 0.6917 F1: 0.6911 | Val Loss: 0.5780 Acc: 0.7125 F1: 0.7060 | Train Meta: n/a | Val Meta: n/a
Epoch  31/50 | Train Loss: 0.5926 Acc: 0.6944 F1: 0.6938 | Val Loss: 0.5741 Acc: 0.7458 F1: 0.7458 | Train Meta: n/a | Val Meta: n/a
Epoch  32/50 | Train Loss: 0.5879 Acc: 0.7069 F1: 0.7065 | Val Loss: 0.5792 Acc: 0.6944 F1: 0.6764 | Train Meta: n/a | Val Meta: n/a
Epoch  33/50 | Train Loss: 0.5884 Acc: 0.6979 F1: 0.6972 | Val Loss: 0.5642 Acc: 0.7403 F1: 0.7368 | Train Meta: n/a | Val Meta: n/a
Epoch  34/50 | Train Loss: 0.5889 Acc: 0.7045 F1: 0.7037 | Val Loss: 0.5665 Acc: 0.7333 F1: 0.7274 | Train Meta: n/a | Val Meta: n/a
Epoch  35/50 | Train Loss: 0.5827 Acc: 0.7115 F1: 0.7104 | Val Loss: 0.5630 Acc: 0.7542 F1: 0.7539 | Train Meta: n/a | Val Meta: n/a
Epoch  36/50 | Train Loss: 0.5851 Acc: 0.7007 F1: 0.7002 | Val Loss: 0.5598 Acc: 0.7556 F1: 0.7555 | Train Meta: n/a | Val Meta: n/a
Epoch  37/50 | Train Loss: 0.5945 Acc: 0.6965 F1: 0.6962 | Val Loss: 0.5715 Acc: 0.7431 F1: 0.7399 | Train Meta: n/a | Val Meta: n/a
Epoch  38/50 | Train Loss: 0.5796 Acc: 0.7167 F1: 0.7162 | Val Loss: 0.5661 Acc: 0.7194 F1: 0.7094 | Train Meta: n/a | Val Meta: n/a
Epoch  39/50 | Train Loss: 0.5835 Acc: 0.7052 F1: 0.7044 | Val Loss: 0.5533 Acc: 0.7694 F1: 0.7694 | Train Meta: n/a | Val Meta: n/a
Epoch  40/50 | Train Loss: 0.5720 Acc: 0.7111 F1: 0.7106 | Val Loss: 0.5682 Acc: 0.7361 F1: 0.7313 | Train Meta: n/a | Val Meta: n/a
Epoch  41/50 | Train Loss: 0.5785 Acc: 0.7076 F1: 0.7071 | Val Loss: 0.5565 Acc: 0.7472 F1: 0.7469 | Train Meta: n/a | Val Meta: n/a
Epoch  42/50 | Train Loss: 0.5754 Acc: 0.7111 F1: 0.7108 | Val Loss: 0.5493 Acc: 0.7639 F1: 0.7638 | Train Meta: n/a | Val Meta: n/a
Epoch  43/50 | Train Loss: 0.5728 Acc: 0.7201 F1: 0.7199 | Val Loss: 0.5496 Acc: 0.7625 F1: 0.7625 | Train Meta: n/a | Val Meta: n/a
Epoch  44/50 | Train Loss: 0.5743 Acc: 0.7097 F1: 0.7088 | Val Loss: 0.5494 Acc: 0.7417 F1: 0.7374 | Train Meta: n/a | Val Meta: n/a
Epoch  45/50 | Train Loss: 0.5715 Acc: 0.7160 F1: 0.7154 | Val Loss: 0.5526 Acc: 0.7319 F1: 0.7228 | Train Meta: n/a | Val Meta: n/a
Epoch  46/50 | Train Loss: 0.5691 Acc: 0.7222 F1: 0.7218 | Val Loss: 0.5825 Acc: 0.6528 F1: 0.6141 | Train Meta: n/a | Val Meta: n/a
Epoch  47/50 | Train Loss: 0.5677 Acc: 0.7212 F1: 0.7208 | Val Loss: 0.5453 Acc: 0.7625 F1: 0.7614 | Train Meta: n/a | Val Meta: n/a
Epoch  48/50 | Train Loss: 0.5638 Acc: 0.7198 F1: 0.7196 | Val Loss: 0.5790 Acc: 0.6625 F1: 0.6288 | Train Meta: n/a | Val Meta: n/a
Epoch  49/50 | Train Loss: 0.5643 Acc: 0.7274 F1: 0.7269 | Val Loss: 0.5429 Acc: 0.7389 F1: 0.7344 | Train Meta: n/a | Val Meta: n/a
Epoch  50/50 | Train Loss: 0.5629 Acc: 0.7264 F1: 0.7260 | Val Loss: 0.5496 Acc: 0.7472 F1: 0.7448 | Train Meta: n/a | Val Meta: n/a

Random Encoder Classification Result (FordA)
Accuracy : 0.724242
F1 (macro): 0.721944
Text metadata preview | dataset=FordB | domain=UCR | channels=1
   - channel_1: In the UCR domain, this channel belongs to the FordB dataset and represents the feature channel 1.
/data/pjh_workspace/ts-env/lib/python3.8/site-packages/torch/nn/modules/transformer.py:307: UserWarning: enable_nested_tensor is True, but self.use_nested_tensor is False because encoder_layer.norm_first was True
  warnings.warn(f"enable_nested_tensor is True, but self.use_nested_tensor is False because {why_not_sparsity_fast_path}")
==================================================
🚀 Architecture: LAYA Random Encoder
📊 Target Dataset: FordB (Channels: 1)
📊 Classes: 2 | Sequence Length: 500
==================================================
✅ Encoder is RANDOMLY initialized and FROZEN (Linear Probing mode).
Epoch   1/50 | Train Loss: 0.6981 Acc: 0.5093 F1: 0.5050 | Val Loss: 0.6845 Acc: 0.5131 F1: 0.3441 | Train Meta: n/a | Val Meta: n/a
Epoch   2/50 | Train Loss: 0.6823 Acc: 0.5566 F1: 0.5547 | Val Loss: 0.6704 Acc: 0.6575 F1: 0.6482 | Train Meta: n/a | Val Meta: n/a
Epoch   3/50 | Train Loss: 0.6861 Acc: 0.5445 F1: 0.5445 | Val Loss: 0.6742 Acc: 0.5158 F1: 0.3526 | Train Meta: n/a | Val Meta: n/a
Epoch   4/50 | Train Loss: 0.6800 Acc: 0.5673 F1: 0.5653 | Val Loss: 0.6576 Acc: 0.6176 F1: 0.5917 | Train Meta: n/a | Val Meta: n/a
Epoch   5/50 | Train Loss: 0.6640 Acc: 0.6026 F1: 0.6024 | Val Loss: 0.6446 Acc: 0.6795 F1: 0.6711 | Train Meta: n/a | Val Meta: n/a
Epoch   6/50 | Train Loss: 0.6579 Acc: 0.5991 F1: 0.5968 | Val Loss: 0.6552 Acc: 0.5722 F1: 0.5148 | Train Meta: n/a | Val Meta: n/a
Epoch   7/50 | Train Loss: 0.6495 Acc: 0.6191 F1: 0.6179 | Val Loss: 0.6692 Acc: 0.5516 F1: 0.4646 | Train Meta: n/a | Val Meta: n/a
Epoch   8/50 | Train Loss: 0.6364 Acc: 0.6457 F1: 0.6450 | Val Loss: 0.6237 Acc: 0.6905 F1: 0.6818 | Train Meta: n/a | Val Meta: n/a
Epoch   9/50 | Train Loss: 0.6374 Acc: 0.6274 F1: 0.6268 | Val Loss: 0.6358 Acc: 0.6121 F1: 0.5814 | Train Meta: n/a | Val Meta: n/a
Epoch  10/50 | Train Loss: 0.6312 Acc: 0.6474 F1: 0.6462 | Val Loss: 0.6137 Acc: 0.6781 F1: 0.6776 | Train Meta: n/a | Val Meta: n/a
Epoch  11/50 | Train Loss: 0.6329 Acc: 0.6378 F1: 0.6372 | Val Loss: 0.6275 Acc: 0.6369 F1: 0.5850 | Train Meta: n/a | Val Meta: n/a
Epoch  12/50 | Train Loss: 0.6189 Acc: 0.6637 F1: 0.6627 | Val Loss: 0.6123 Acc: 0.6699 F1: 0.6636 | Train Meta: n/a | Val Meta: n/a
Epoch  13/50 | Train Loss: 0.6201 Acc: 0.6512 F1: 0.6504 | Val Loss: 0.6124 Acc: 0.6781 F1: 0.6543 | Train Meta: n/a | Val Meta: n/a
Epoch  14/50 | Train Loss: 0.6135 Acc: 0.6664 F1: 0.6654 | Val Loss: 0.5965 Acc: 0.6974 F1: 0.6974 | Train Meta: n/a | Val Meta: n/a
Epoch  15/50 | Train Loss: 0.6100 Acc: 0.6682 F1: 0.6674 | Val Loss: 0.5917 Acc: 0.6946 F1: 0.6946 | Train Meta: n/a | Val Meta: n/a
Epoch  16/50 | Train Loss: 0.6166 Acc: 0.6626 F1: 0.6620 | Val Loss: 0.6150 Acc: 0.6644 F1: 0.6309 | Train Meta: n/a | Val Meta: n/a
Epoch  17/50 | Train Loss: 0.6045 Acc: 0.6706 F1: 0.6698 | Val Loss: 0.5932 Acc: 0.7015 F1: 0.6907 | Train Meta: n/a | Val Meta: n/a
Epoch  18/50 | Train Loss: 0.6099 Acc: 0.6640 F1: 0.6634 | Val Loss: 0.5989 Acc: 0.6589 F1: 0.6488 | Train Meta: n/a | Val Meta: n/a
Epoch  19/50 | Train Loss: 0.5979 Acc: 0.6816 F1: 0.6812 | Val Loss: 0.5824 Acc: 0.7029 F1: 0.6997 | Train Meta: n/a | Val Meta: n/a
Epoch  20/50 | Train Loss: 0.5946 Acc: 0.6802 F1: 0.6796 | Val Loss: 0.5915 Acc: 0.6795 F1: 0.6756 | Train Meta: n/a | Val Meta: n/a
Epoch  21/50 | Train Loss: 0.5929 Acc: 0.6858 F1: 0.6852 | Val Loss: 0.5771 Acc: 0.7001 F1: 0.6983 | Train Meta: n/a | Val Meta: n/a
Epoch  22/50 | Train Loss: 0.5879 Acc: 0.6937 F1: 0.6930 | Val Loss: 0.5869 Acc: 0.6905 F1: 0.6857 | Train Meta: n/a | Val Meta: n/a
Epoch  23/50 | Train Loss: 0.5916 Acc: 0.6847 F1: 0.6844 | Val Loss: 0.5751 Acc: 0.7056 F1: 0.7054 | Train Meta: n/a | Val Meta: n/a
Epoch  24/50 | Train Loss: 0.5899 Acc: 0.6813 F1: 0.6808 | Val Loss: 0.5850 Acc: 0.6919 F1: 0.6870 | Train Meta: n/a | Val Meta: n/a
Epoch  25/50 | Train Loss: 0.5919 Acc: 0.6916 F1: 0.6914 | Val Loss: 0.5716 Acc: 0.7015 F1: 0.7015 | Train Meta: n/a | Val Meta: n/a
Epoch  26/50 | Train Loss: 0.5882 Acc: 0.6930 F1: 0.6923 | Val Loss: 0.5709 Acc: 0.6974 F1: 0.6973 | Train Meta: n/a | Val Meta: n/a
Epoch  27/50 | Train Loss: 0.5930 Acc: 0.6834 F1: 0.6831 | Val Loss: 0.5670 Acc: 0.6988 F1: 0.6966 | Train Meta: n/a | Val Meta: n/a
Epoch  28/50 | Train Loss: 0.5854 Acc: 0.6913 F1: 0.6907 | Val Loss: 0.5655 Acc: 0.7015 F1: 0.6997 | Train Meta: n/a | Val Meta: n/a
Epoch  29/50 | Train Loss: 0.5791 Acc: 0.6937 F1: 0.6930 | Val Loss: 0.5688 Acc: 0.7139 F1: 0.7127 | Train Meta: n/a | Val Meta: n/a
Epoch  30/50 | Train Loss: 0.5794 Acc: 0.6916 F1: 0.6910 | Val Loss: 0.6091 Acc: 0.6382 F1: 0.6173 | Train Meta: n/a | Val Meta: n/a
Epoch  31/50 | Train Loss: 0.5774 Acc: 0.6920 F1: 0.6913 | Val Loss: 0.5894 Acc: 0.6960 F1: 0.6766 | Train Meta: n/a | Val Meta: n/a
Epoch  32/50 | Train Loss: 0.5766 Acc: 0.7051 F1: 0.7047 | Val Loss: 0.5728 Acc: 0.7043 F1: 0.6935 | Train Meta: n/a | Val Meta: n/a
Epoch  33/50 | Train Loss: 0.5750 Acc: 0.6996 F1: 0.6988 | Val Loss: 0.5797 Acc: 0.6905 F1: 0.6838 | Train Meta: n/a | Val Meta: n/a
Epoch  34/50 | Train Loss: 0.5788 Acc: 0.6975 F1: 0.6969 | Val Loss: 0.5617 Acc: 0.7098 F1: 0.7052 | Train Meta: n/a | Val Meta: n/a
Epoch  35/50 | Train Loss: 0.5741 Acc: 0.6992 F1: 0.6986 | Val Loss: 0.5679 Acc: 0.7098 F1: 0.7067 | Train Meta: n/a | Val Meta: n/a
Epoch  36/50 | Train Loss: 0.5742 Acc: 0.7041 F1: 0.7036 | Val Loss: 0.5640 Acc: 0.7125 F1: 0.7104 | Train Meta: n/a | Val Meta: n/a
Epoch  37/50 | Train Loss: 0.5795 Acc: 0.6913 F1: 0.6908 | Val Loss: 0.5612 Acc: 0.7194 F1: 0.7132 | Train Meta: n/a | Val Meta: n/a
Epoch  38/50 | Train Loss: 0.5766 Acc: 0.6996 F1: 0.6991 | Val Loss: 0.5537 Acc: 0.7139 F1: 0.7126 | Train Meta: n/a | Val Meta: n/a
Epoch  39/50 | Train Loss: 0.5728 Acc: 0.7013 F1: 0.7005 | Val Loss: 0.5577 Acc: 0.7098 F1: 0.7052 | Train Meta: n/a | Val Meta: n/a
Epoch  40/50 | Train Loss: 0.5673 Acc: 0.6985 F1: 0.6980 | Val Loss: 0.5884 Acc: 0.6671 F1: 0.6541 | Train Meta: n/a | Val Meta: n/a
Epoch  41/50 | Train Loss: 0.5666 Acc: 0.7013 F1: 0.7008 | Val Loss: 0.5500 Acc: 0.7318 F1: 0.7301 | Train Meta: n/a | Val Meta: n/a
Epoch  42/50 | Train Loss: 0.5692 Acc: 0.6999 F1: 0.6990 | Val Loss: 0.5793 Acc: 0.7029 F1: 0.6851 | Train Meta: n/a | Val Meta: n/a
Epoch  43/50 | Train Loss: 0.5646 Acc: 0.7099 F1: 0.7097 | Val Loss: 0.5659 Acc: 0.7098 F1: 0.6986 | Train Meta: n/a | Val Meta: n/a
Epoch  44/50 | Train Loss: 0.5673 Acc: 0.7110 F1: 0.7103 | Val Loss: 0.5487 Acc: 0.7139 F1: 0.7138 | Train Meta: n/a | Val Meta: n/a
Epoch  45/50 | Train Loss: 0.5602 Acc: 0.7200 F1: 0.7194 | Val Loss: 0.5463 Acc: 0.7194 F1: 0.7194 | Train Meta: n/a | Val Meta: n/a
Epoch  46/50 | Train Loss: 0.5569 Acc: 0.7137 F1: 0.7133 | Val Loss: 0.6667 Acc: 0.6149 F1: 0.5449 | Train Meta: n/a | Val Meta: n/a
Epoch  47/50 | Train Loss: 0.5654 Acc: 0.7086 F1: 0.7080 | Val Loss: 0.5469 Acc: 0.7153 F1: 0.7148 | Train Meta: n/a | Val Meta: n/a
Epoch  48/50 | Train Loss: 0.5607 Acc: 0.7210 F1: 0.7205 | Val Loss: 0.5442 Acc: 0.7249 F1: 0.7232 | Train Meta: n/a | Val Meta: n/a
Epoch  49/50 | Train Loss: 0.5665 Acc: 0.7127 F1: 0.7121 | Val Loss: 0.5426 Acc: 0.7359 F1: 0.7348 | Train Meta: n/a | Val Meta: n/a
Epoch  50/50 | Train Loss: 0.5583 Acc: 0.7048 F1: 0.7045 | Val Loss: 0.6000 Acc: 0.6823 F1: 0.6521 | Train Meta: n/a | Val Meta: n/a

Random Encoder Classification Result (FordB)
Accuracy : 0.583951
F1 (macro): 0.583920
