Joint metadata preview | dataset=EthanolConcentration | domain=UEA | channels=3
   - channel_1: In the UEA domain, this channel belongs to the EthanolConcentration dataset and represents the feature channel 1. Channel statistics over the training split: mean value is 0.000, standard deviation is 1.000, minimum value is -0.932, maximum value is 5.112, median value is -0.483, and mean absolute value is 0.815.
/data/pjh_workspace/ts-env/lib/python3.8/site-packages/torch/nn/modules/transformer.py:307: UserWarning: enable_nested_tensor is True, but self.use_nested_tensor is False because encoder_layer.norm_first was True
  warnings.warn(f"enable_nested_tensor is True, but self.use_nested_tensor is False because {why_not_sparsity_fast_path}")
==================================================
🚀 Architecture: LAYA Random Encoder
📊 Target Dataset: EthanolConcentration (Channels: 3)
📊 Classes: 4 | Sequence Length: 1751
==================================================
✅ Encoder is RANDOMLY initialized and FROZEN (Linear Probing mode).
Epoch   1/50 | Train Loss: 1.4575 Acc: 0.2500 F1: 0.2348 | Val Loss: 1.7314 Acc: 0.1154 F1: 0.0517 | Train Meta: metadata_norm_mean=5.6309 | Val Meta: metadata_norm_mean=5.6309
Epoch   2/50 | Train Loss: 1.3912 Acc: 0.2740 F1: 0.2312 | Val Loss: 1.3517 Acc: 0.3077 F1: 0.1790 | Train Meta: metadata_norm_mean=5.6309 | Val Meta: metadata_norm_mean=5.6309
Epoch   3/50 | Train Loss: 1.3696 Acc: 0.2644 F1: 0.2572 | Val Loss: 1.5663 Acc: 0.1154 F1: 0.0517 | Train Meta: metadata_norm_mean=5.6309 | Val Meta: metadata_norm_mean=5.6309
Epoch   4/50 | Train Loss: 1.3775 Acc: 0.2163 F1: 0.1775 | Val Loss: 1.4398 Acc: 0.2500 F1: 0.2007 | Train Meta: metadata_norm_mean=5.6309 | Val Meta: metadata_norm_mean=5.6309
Epoch   5/50 | Train Loss: 1.3878 Acc: 0.3125 F1: 0.2374 | Val Loss: 1.4654 Acc: 0.2692 F1: 0.2258 | Train Meta: metadata_norm_mean=5.6309 | Val Meta: metadata_norm_mean=5.6309
Epoch   6/50 | Train Loss: 1.3569 Acc: 0.3173 F1: 0.2791 | Val Loss: 1.5017 Acc: 0.2500 F1: 0.1701 | Train Meta: metadata_norm_mean=5.6309 | Val Meta: metadata_norm_mean=5.6309
Epoch   7/50 | Train Loss: 1.3670 Acc: 0.2644 F1: 0.2566 | Val Loss: 1.4839 Acc: 0.2308 F1: 0.1903 | Train Meta: metadata_norm_mean=5.6309 | Val Meta: metadata_norm_mean=5.6309
Epoch   8/50 | Train Loss: 1.3708 Acc: 0.2788 F1: 0.2057 | Val Loss: 1.4606 Acc: 0.2885 F1: 0.2202 | Train Meta: metadata_norm_mean=5.6309 | Val Meta: metadata_norm_mean=5.6309
Epoch   9/50 | Train Loss: 1.3760 Acc: 0.2692 F1: 0.2456 | Val Loss: 1.5586 Acc: 0.2308 F1: 0.2356 | Train Meta: metadata_norm_mean=5.6309 | Val Meta: metadata_norm_mean=5.6309
Epoch  10/50 | Train Loss: 1.3495 Acc: 0.2740 F1: 0.2740 | Val Loss: 1.4509 Acc: 0.2692 F1: 0.2007 | Train Meta: metadata_norm_mean=5.6309 | Val Meta: metadata_norm_mean=5.6309
Epoch  11/50 | Train Loss: 1.3565 Acc: 0.2308 F1: 0.2142 | Val Loss: 1.4973 Acc: 0.2692 F1: 0.2186 | Train Meta: metadata_norm_mean=5.6309 | Val Meta: metadata_norm_mean=5.6309
Epoch  12/50 | Train Loss: 1.3781 Acc: 0.2692 F1: 0.2250 | Val Loss: 1.5852 Acc: 0.1538 F1: 0.1198 | Train Meta: metadata_norm_mean=5.6309 | Val Meta: metadata_norm_mean=5.6309
Epoch  13/50 | Train Loss: 1.3637 Acc: 0.2404 F1: 0.2412 | Val Loss: 1.4807 Acc: 0.2115 F1: 0.1746 | Train Meta: metadata_norm_mean=5.6309 | Val Meta: metadata_norm_mean=5.6309
Epoch  14/50 | Train Loss: 1.3730 Acc: 0.2452 F1: 0.2345 | Val Loss: 1.4668 Acc: 0.2885 F1: 0.2298 | Train Meta: metadata_norm_mean=5.6309 | Val Meta: metadata_norm_mean=5.6309
Epoch  15/50 | Train Loss: 1.3839 Acc: 0.2692 F1: 0.2430 | Val Loss: 1.4594 Acc: 0.2885 F1: 0.2305 | Train Meta: metadata_norm_mean=5.6309 | Val Meta: metadata_norm_mean=5.6309
Epoch  16/50 | Train Loss: 1.3670 Acc: 0.2740 F1: 0.2660 | Val Loss: 1.4754 Acc: 0.1923 F1: 0.1616 | Train Meta: metadata_norm_mean=5.6309 | Val Meta: metadata_norm_mean=5.6309
Epoch  17/50 | Train Loss: 1.3536 Acc: 0.3125 F1: 0.2748 | Val Loss: 1.4915 Acc: 0.2692 F1: 0.2083 | Train Meta: metadata_norm_mean=5.6309 | Val Meta: metadata_norm_mean=5.6309
Epoch  18/50 | Train Loss: 1.3635 Acc: 0.2837 F1: 0.2561 | Val Loss: 1.4499 Acc: 0.2692 F1: 0.2084 | Train Meta: metadata_norm_mean=5.6309 | Val Meta: metadata_norm_mean=5.6309
Epoch  19/50 | Train Loss: 1.3610 Acc: 0.3125 F1: 0.2016 | Val Loss: 1.5088 Acc: 0.2500 F1: 0.2115 | Train Meta: metadata_norm_mean=5.6309 | Val Meta: metadata_norm_mean=5.6309
Epoch  20/50 | Train Loss: 1.3521 Acc: 0.3029 F1: 0.2737 | Val Loss: 1.4773 Acc: 0.2308 F1: 0.2189 | Train Meta: metadata_norm_mean=5.6309 | Val Meta: metadata_norm_mean=5.6309
Epoch  21/50 | Train Loss: 1.3595 Acc: 0.2500 F1: 0.2581 | Val Loss: 1.4924 Acc: 0.2308 F1: 0.1903 | Train Meta: metadata_norm_mean=5.6309 | Val Meta: metadata_norm_mean=5.6309
Epoch  22/50 | Train Loss: 1.3553 Acc: 0.2885 F1: 0.2318 | Val Loss: 1.4591 Acc: 0.2308 F1: 0.2010 | Train Meta: metadata_norm_mean=5.6309 | Val Meta: metadata_norm_mean=5.6309
Epoch  23/50 | Train Loss: 1.3636 Acc: 0.2644 F1: 0.2273 | Val Loss: 1.5456 Acc: 0.2115 F1: 0.1768 | Train Meta: metadata_norm_mean=5.6309 | Val Meta: metadata_norm_mean=5.6309
Epoch  24/50 | Train Loss: 1.3630 Acc: 0.2692 F1: 0.2311 | Val Loss: 1.4972 Acc: 0.2885 F1: 0.2279 | Train Meta: metadata_norm_mean=5.6309 | Val Meta: metadata_norm_mean=5.6309
Epoch  25/50 | Train Loss: 1.3739 Acc: 0.2404 F1: 0.2207 | Val Loss: 1.4999 Acc: 0.2500 F1: 0.2123 | Train Meta: metadata_norm_mean=5.6309 | Val Meta: metadata_norm_mean=5.6309
Epoch  26/50 | Train Loss: 1.3553 Acc: 0.2692 F1: 0.2560 | Val Loss: 1.4975 Acc: 0.2308 F1: 0.1756 | Train Meta: metadata_norm_mean=5.6309 | Val Meta: metadata_norm_mean=5.6309
Epoch  27/50 | Train Loss: 1.3514 Acc: 0.2692 F1: 0.2607 | Val Loss: 1.4691 Acc: 0.2308 F1: 0.1880 | Train Meta: metadata_norm_mean=5.6309 | Val Meta: metadata_norm_mean=5.6309
Epoch  28/50 | Train Loss: 1.3438 Acc: 0.2837 F1: 0.2699 | Val Loss: 1.5261 Acc: 0.2308 F1: 0.2383 | Train Meta: metadata_norm_mean=5.6309 | Val Meta: metadata_norm_mean=5.6309
Epoch  29/50 | Train Loss: 1.3516 Acc: 0.2981 F1: 0.2173 | Val Loss: 1.4936 Acc: 0.2115 F1: 0.1794 | Train Meta: metadata_norm_mean=5.6309 | Val Meta: metadata_norm_mean=5.6309
Epoch  30/50 | Train Loss: 1.3680 Acc: 0.2837 F1: 0.2479 | Val Loss: 1.5398 Acc: 0.1923 F1: 0.1335 | Train Meta: metadata_norm_mean=5.6309 | Val Meta: metadata_norm_mean=5.6309
Epoch  31/50 | Train Loss: 1.3677 Acc: 0.2260 F1: 0.2030 | Val Loss: 1.4773 Acc: 0.2115 F1: 0.1940 | Train Meta: metadata_norm_mean=5.6309 | Val Meta: metadata_norm_mean=5.6309
Epoch  32/50 | Train Loss: 1.3587 Acc: 0.2933 F1: 0.2612 | Val Loss: 1.5284 Acc: 0.2115 F1: 0.2124 | Train Meta: metadata_norm_mean=5.6309 | Val Meta: metadata_norm_mean=5.6309
Epoch  33/50 | Train Loss: 1.3527 Acc: 0.2596 F1: 0.2531 | Val Loss: 1.5307 Acc: 0.2308 F1: 0.1971 | Train Meta: metadata_norm_mean=5.6309 | Val Meta: metadata_norm_mean=5.6309
Epoch  34/50 | Train Loss: 1.3714 Acc: 0.2788 F1: 0.2767 | Val Loss: 1.5217 Acc: 0.2308 F1: 0.1972 | Train Meta: metadata_norm_mean=5.6309 | Val Meta: metadata_norm_mean=5.6309
Epoch  35/50 | Train Loss: 1.3636 Acc: 0.3269 F1: 0.2651 | Val Loss: 1.4984 Acc: 0.1923 F1: 0.1833 | Train Meta: metadata_norm_mean=5.6309 | Val Meta: metadata_norm_mean=5.6309
Epoch  36/50 | Train Loss: 1.3612 Acc: 0.2548 F1: 0.2435 | Val Loss: 1.5144 Acc: 0.2115 F1: 0.1760 | Train Meta: metadata_norm_mean=5.6309 | Val Meta: metadata_norm_mean=5.6309
Epoch  37/50 | Train Loss: 1.3573 Acc: 0.2692 F1: 0.2328 | Val Loss: 1.4999 Acc: 0.2308 F1: 0.1648 | Train Meta: metadata_norm_mean=5.6309 | Val Meta: metadata_norm_mean=5.6309
Epoch  38/50 | Train Loss: 1.3492 Acc: 0.2981 F1: 0.2729 | Val Loss: 1.5118 Acc: 0.2308 F1: 0.1909 | Train Meta: metadata_norm_mean=5.6309 | Val Meta: metadata_norm_mean=5.6309
Epoch  39/50 | Train Loss: 1.3518 Acc: 0.2933 F1: 0.2110 | Val Loss: 1.4939 Acc: 0.2308 F1: 0.1933 | Train Meta: metadata_norm_mean=5.6309 | Val Meta: metadata_norm_mean=5.6309
Epoch  40/50 | Train Loss: 1.3552 Acc: 0.3317 F1: 0.3046 | Val Loss: 1.5505 Acc: 0.2115 F1: 0.1768 | Train Meta: metadata_norm_mean=5.6309 | Val Meta: metadata_norm_mean=5.6309
Epoch  41/50 | Train Loss: 1.3570 Acc: 0.2933 F1: 0.2372 | Val Loss: 1.4612 Acc: 0.2692 F1: 0.2153 | Train Meta: metadata_norm_mean=5.6309 | Val Meta: metadata_norm_mean=5.6309
Epoch  42/50 | Train Loss: 1.3485 Acc: 0.2692 F1: 0.2284 | Val Loss: 1.5495 Acc: 0.2500 F1: 0.2591 | Train Meta: metadata_norm_mean=5.6309 | Val Meta: metadata_norm_mean=5.6309
Epoch  43/50 | Train Loss: 1.3546 Acc: 0.2981 F1: 0.2641 | Val Loss: 1.4665 Acc: 0.2500 F1: 0.1727 | Train Meta: metadata_norm_mean=5.6309 | Val Meta: metadata_norm_mean=5.6309
Epoch  44/50 | Train Loss: 1.3688 Acc: 0.2740 F1: 0.2293 | Val Loss: 1.5004 Acc: 0.2500 F1: 0.2109 | Train Meta: metadata_norm_mean=5.6309 | Val Meta: metadata_norm_mean=5.6309
Epoch  45/50 | Train Loss: 1.3613 Acc: 0.2885 F1: 0.2641 | Val Loss: 1.4758 Acc: 0.2115 F1: 0.1727 | Train Meta: metadata_norm_mean=5.6309 | Val Meta: metadata_norm_mean=5.6309
Epoch  46/50 | Train Loss: 1.3497 Acc: 0.3077 F1: 0.2459 | Val Loss: 1.4651 Acc: 0.2692 F1: 0.2133 | Train Meta: metadata_norm_mean=5.6309 | Val Meta: metadata_norm_mean=5.6309
Epoch  47/50 | Train Loss: 1.3680 Acc: 0.2596 F1: 0.2442 | Val Loss: 1.5467 Acc: 0.2115 F1: 0.1265 | Train Meta: metadata_norm_mean=5.6309 | Val Meta: metadata_norm_mean=5.6309
Epoch  48/50 | Train Loss: 1.3627 Acc: 0.2163 F1: 0.2073 | Val Loss: 1.4945 Acc: 0.3077 F1: 0.2421 | Train Meta: metadata_norm_mean=5.6309 | Val Meta: metadata_norm_mean=5.6309
Epoch  49/50 | Train Loss: 1.3619 Acc: 0.2260 F1: 0.2247 | Val Loss: 1.5085 Acc: 0.2500 F1: 0.2109 | Train Meta: metadata_norm_mean=5.6309 | Val Meta: metadata_norm_mean=5.6309
Epoch  50/50 | Train Loss: 1.3655 Acc: 0.2981 F1: 0.2546 | Val Loss: 1.5381 Acc: 0.2500 F1: 0.1783 | Train Meta: metadata_norm_mean=5.6309 | Val Meta: metadata_norm_mean=5.6309

Random Encoder Classification Result (EthanolConcentration)
Accuracy : 0.273764
F1 (macro): 0.182251
Joint metadata preview | dataset=FaceDetection | domain=UEA | channels=144
   - channel_1: In the UEA domain, this channel belongs to the FaceDetection dataset and represents the feature channel 1. Channel statistics over the training split: mean value is 0.000, standard deviation is 1.000, minimum value is -12.948, maximum value is 17.769, median value is -0.001, and mean absolute value is 0.759.
/data/pjh_workspace/ts-env/lib/python3.8/site-packages/torch/nn/modules/transformer.py:307: UserWarning: enable_nested_tensor is True, but self.use_nested_tensor is False because encoder_layer.norm_first was True
  warnings.warn(f"enable_nested_tensor is True, but self.use_nested_tensor is False because {why_not_sparsity_fast_path}")
==================================================
🚀 Architecture: LAYA Random Encoder
📊 Target Dataset: FaceDetection (Channels: 144)
📊 Classes: 2 | Sequence Length: 62
==================================================
✅ Encoder is RANDOMLY initialized and FROZEN (Linear Probing mode).
Epoch   1/50 | Train Loss: 0.7124 Acc: 0.5034 F1: 0.5031 | Val Loss: 0.6969 Acc: 0.5076 F1: 0.3382 | Train Meta: metadata_norm_mean=5.6363 | Val Meta: metadata_norm_mean=5.6363
Joint metadata preview | dataset=EthanolConcentration | domain=UEA | channels=3
   - channel_1: In the UEA domain, this channel belongs to the EthanolConcentration dataset and represents the feature channel 1. Channel statistics over the training split: mean value is 0.000, standard deviation is 1.000, minimum value is -0.932, maximum value is 5.112, median value is -0.483, and mean absolute value is 0.815.
/data/pjh_workspace/ts-env/lib/python3.8/site-packages/torch/nn/modules/transformer.py:307: UserWarning: enable_nested_tensor is True, but self.use_nested_tensor is False because encoder_layer.norm_first was True
  warnings.warn(f"enable_nested_tensor is True, but self.use_nested_tensor is False because {why_not_sparsity_fast_path}")
==================================================
🚀 Architecture: LAYA Random Encoder
📊 Target Dataset: EthanolConcentration (Channels: 3)
📊 Classes: 4 | Sequence Length: 1751
==================================================
✅ Encoder is RANDOMLY initialized and FROZEN (Linear Probing mode).
Epoch   1/50 | Train Loss: 1.4575 Acc: 0.2500 F1: 0.2348 | Val Loss: 1.7314 Acc: 0.1154 F1: 0.0517 | Train Meta: metadata_norm_mean=5.6309 | Val Meta: metadata_norm_mean=5.6309
Epoch   2/50 | Train Loss: 1.3912 Acc: 0.2740 F1: 0.2312 | Val Loss: 1.3517 Acc: 0.3077 F1: 0.1790 | Train Meta: metadata_norm_mean=5.6309 | Val Meta: metadata_norm_mean=5.6309
Epoch   3/50 | Train Loss: 1.3696 Acc: 0.2644 F1: 0.2572 | Val Loss: 1.5663 Acc: 0.1154 F1: 0.0517 | Train Meta: metadata_norm_mean=5.6309 | Val Meta: metadata_norm_mean=5.6309
Epoch   4/50 | Train Loss: 1.3775 Acc: 0.2163 F1: 0.1775 | Val Loss: 1.4398 Acc: 0.2500 F1: 0.2007 | Train Meta: metadata_norm_mean=5.6309 | Val Meta: metadata_norm_mean=5.6309
Epoch   5/50 | Train Loss: 1.3878 Acc: 0.3125 F1: 0.2374 | Val Loss: 1.4654 Acc: 0.2692 F1: 0.2258 | Train Meta: metadata_norm_mean=5.6309 | Val Meta: metadata_norm_mean=5.6309
Epoch   6/50 | Train Loss: 1.3569 Acc: 0.3173 F1: 0.2791 | Val Loss: 1.5017 Acc: 0.2500 F1: 0.1701 | Train Meta: metadata_norm_mean=5.6309 | Val Meta: metadata_norm_mean=5.6309
Epoch   7/50 | Train Loss: 1.3670 Acc: 0.2644 F1: 0.2566 | Val Loss: 1.4839 Acc: 0.2308 F1: 0.1903 | Train Meta: metadata_norm_mean=5.6309 | Val Meta: metadata_norm_mean=5.6309
Epoch   8/50 | Train Loss: 1.3708 Acc: 0.2788 F1: 0.2057 | Val Loss: 1.4606 Acc: 0.2885 F1: 0.2202 | Train Meta: metadata_norm_mean=5.6309 | Val Meta: metadata_norm_mean=5.6309
Epoch   9/50 | Train Loss: 1.3760 Acc: 0.2692 F1: 0.2456 | Val Loss: 1.5586 Acc: 0.2308 F1: 0.2356 | Train Meta: metadata_norm_mean=5.6309 | Val Meta: metadata_norm_mean=5.6309
Epoch  10/50 | Train Loss: 1.3495 Acc: 0.2740 F1: 0.2740 | Val Loss: 1.4509 Acc: 0.2692 F1: 0.2007 | Train Meta: metadata_norm_mean=5.6309 | Val Meta: metadata_norm_mean=5.6309
Epoch  11/50 | Train Loss: 1.3565 Acc: 0.2308 F1: 0.2142 | Val Loss: 1.4973 Acc: 0.2692 F1: 0.2186 | Train Meta: metadata_norm_mean=5.6309 | Val Meta: metadata_norm_mean=5.6309
Epoch  12/50 | Train Loss: 1.3781 Acc: 0.2692 F1: 0.2250 | Val Loss: 1.5852 Acc: 0.1538 F1: 0.1198 | Train Meta: metadata_norm_mean=5.6309 | Val Meta: metadata_norm_mean=5.6309
Epoch  13/50 | Train Loss: 1.3637 Acc: 0.2404 F1: 0.2412 | Val Loss: 1.4807 Acc: 0.2115 F1: 0.1746 | Train Meta: metadata_norm_mean=5.6309 | Val Meta: metadata_norm_mean=5.6309
Epoch  14/50 | Train Loss: 1.3730 Acc: 0.2452 F1: 0.2345 | Val Loss: 1.4668 Acc: 0.2885 F1: 0.2298 | Train Meta: metadata_norm_mean=5.6309 | Val Meta: metadata_norm_mean=5.6309
Epoch  15/50 | Train Loss: 1.3839 Acc: 0.2692 F1: 0.2430 | Val Loss: 1.4594 Acc: 0.2885 F1: 0.2305 | Train Meta: metadata_norm_mean=5.6309 | Val Meta: metadata_norm_mean=5.6309
Epoch  16/50 | Train Loss: 1.3670 Acc: 0.2740 F1: 0.2660 | Val Loss: 1.4754 Acc: 0.1923 F1: 0.1616 | Train Meta: metadata_norm_mean=5.6309 | Val Meta: metadata_norm_mean=5.6309
Epoch  17/50 | Train Loss: 1.3536 Acc: 0.3125 F1: 0.2748 | Val Loss: 1.4915 Acc: 0.2692 F1: 0.2083 | Train Meta: metadata_norm_mean=5.6309 | Val Meta: metadata_norm_mean=5.6309
Epoch  18/50 | Train Loss: 1.3635 Acc: 0.2837 F1: 0.2561 | Val Loss: 1.4499 Acc: 0.2692 F1: 0.2084 | Train Meta: metadata_norm_mean=5.6309 | Val Meta: metadata_norm_mean=5.6309
Epoch  19/50 | Train Loss: 1.3610 Acc: 0.3125 F1: 0.2016 | Val Loss: 1.5088 Acc: 0.2500 F1: 0.2115 | Train Meta: metadata_norm_mean=5.6309 | Val Meta: metadata_norm_mean=5.6309
Epoch  20/50 | Train Loss: 1.3521 Acc: 0.3029 F1: 0.2737 | Val Loss: 1.4773 Acc: 0.2308 F1: 0.2189 | Train Meta: metadata_norm_mean=5.6309 | Val Meta: metadata_norm_mean=5.6309
Epoch  21/50 | Train Loss: 1.3595 Acc: 0.2500 F1: 0.2581 | Val Loss: 1.4924 Acc: 0.2308 F1: 0.1903 | Train Meta: metadata_norm_mean=5.6309 | Val Meta: metadata_norm_mean=5.6309
Epoch  22/50 | Train Loss: 1.3553 Acc: 0.2885 F1: 0.2318 | Val Loss: 1.4591 Acc: 0.2308 F1: 0.2010 | Train Meta: metadata_norm_mean=5.6309 | Val Meta: metadata_norm_mean=5.6309
Epoch  23/50 | Train Loss: 1.3636 Acc: 0.2644 F1: 0.2273 | Val Loss: 1.5456 Acc: 0.2115 F1: 0.1768 | Train Meta: metadata_norm_mean=5.6309 | Val Meta: metadata_norm_mean=5.6309
Epoch  24/50 | Train Loss: 1.3630 Acc: 0.2692 F1: 0.2311 | Val Loss: 1.4972 Acc: 0.2885 F1: 0.2279 | Train Meta: metadata_norm_mean=5.6309 | Val Meta: metadata_norm_mean=5.6309
Epoch  25/50 | Train Loss: 1.3739 Acc: 0.2404 F1: 0.2207 | Val Loss: 1.4999 Acc: 0.2500 F1: 0.2123 | Train Meta: metadata_norm_mean=5.6309 | Val Meta: metadata_norm_mean=5.6309
Epoch  26/50 | Train Loss: 1.3553 Acc: 0.2692 F1: 0.2560 | Val Loss: 1.4975 Acc: 0.2308 F1: 0.1756 | Train Meta: metadata_norm_mean=5.6309 | Val Meta: metadata_norm_mean=5.6309
Epoch  27/50 | Train Loss: 1.3514 Acc: 0.2692 F1: 0.2607 | Val Loss: 1.4691 Acc: 0.2308 F1: 0.1880 | Train Meta: metadata_norm_mean=5.6309 | Val Meta: metadata_norm_mean=5.6309
Epoch  28/50 | Train Loss: 1.3438 Acc: 0.2837 F1: 0.2699 | Val Loss: 1.5261 Acc: 0.2308 F1: 0.2383 | Train Meta: metadata_norm_mean=5.6309 | Val Meta: metadata_norm_mean=5.6309
Epoch  29/50 | Train Loss: 1.3516 Acc: 0.2981 F1: 0.2173 | Val Loss: 1.4936 Acc: 0.2115 F1: 0.1794 | Train Meta: metadata_norm_mean=5.6309 | Val Meta: metadata_norm_mean=5.6309
Epoch  30/50 | Train Loss: 1.3680 Acc: 0.2837 F1: 0.2479 | Val Loss: 1.5398 Acc: 0.1923 F1: 0.1335 | Train Meta: metadata_norm_mean=5.6309 | Val Meta: metadata_norm_mean=5.6309
Epoch  31/50 | Train Loss: 1.3677 Acc: 0.2260 F1: 0.2030 | Val Loss: 1.4773 Acc: 0.2115 F1: 0.1940 | Train Meta: metadata_norm_mean=5.6309 | Val Meta: metadata_norm_mean=5.6309
Epoch  32/50 | Train Loss: 1.3587 Acc: 0.2933 F1: 0.2612 | Val Loss: 1.5284 Acc: 0.2115 F1: 0.2124 | Train Meta: metadata_norm_mean=5.6309 | Val Meta: metadata_norm_mean=5.6309
Epoch  33/50 | Train Loss: 1.3527 Acc: 0.2596 F1: 0.2531 | Val Loss: 1.5307 Acc: 0.2308 F1: 0.1971 | Train Meta: metadata_norm_mean=5.6309 | Val Meta: metadata_norm_mean=5.6309
Epoch  34/50 | Train Loss: 1.3714 Acc: 0.2788 F1: 0.2767 | Val Loss: 1.5217 Acc: 0.2308 F1: 0.1972 | Train Meta: metadata_norm_mean=5.6309 | Val Meta: metadata_norm_mean=5.6309
Epoch  35/50 | Train Loss: 1.3636 Acc: 0.3269 F1: 0.2651 | Val Loss: 1.4984 Acc: 0.1923 F1: 0.1833 | Train Meta: metadata_norm_mean=5.6309 | Val Meta: metadata_norm_mean=5.6309
Epoch  36/50 | Train Loss: 1.3612 Acc: 0.2548 F1: 0.2435 | Val Loss: 1.5144 Acc: 0.2115 F1: 0.1760 | Train Meta: metadata_norm_mean=5.6309 | Val Meta: metadata_norm_mean=5.6309
Epoch  37/50 | Train Loss: 1.3573 Acc: 0.2692 F1: 0.2328 | Val Loss: 1.4999 Acc: 0.2308 F1: 0.1648 | Train Meta: metadata_norm_mean=5.6309 | Val Meta: metadata_norm_mean=5.6309
Epoch  38/50 | Train Loss: 1.3492 Acc: 0.2981 F1: 0.2729 | Val Loss: 1.5118 Acc: 0.2308 F1: 0.1909 | Train Meta: metadata_norm_mean=5.6309 | Val Meta: metadata_norm_mean=5.6309
Epoch  39/50 | Train Loss: 1.3518 Acc: 0.2933 F1: 0.2110 | Val Loss: 1.4939 Acc: 0.2308 F1: 0.1933 | Train Meta: metadata_norm_mean=5.6309 | Val Meta: metadata_norm_mean=5.6309
Epoch  40/50 | Train Loss: 1.3552 Acc: 0.3317 F1: 0.3046 | Val Loss: 1.5505 Acc: 0.2115 F1: 0.1768 | Train Meta: metadata_norm_mean=5.6309 | Val Meta: metadata_norm_mean=5.6309
Epoch  41/50 | Train Loss: 1.3570 Acc: 0.2933 F1: 0.2372 | Val Loss: 1.4612 Acc: 0.2692 F1: 0.2153 | Train Meta: metadata_norm_mean=5.6309 | Val Meta: metadata_norm_mean=5.6309
Epoch  42/50 | Train Loss: 1.3485 Acc: 0.2692 F1: 0.2284 | Val Loss: 1.5495 Acc: 0.2500 F1: 0.2591 | Train Meta: metadata_norm_mean=5.6309 | Val Meta: metadata_norm_mean=5.6309
Epoch  43/50 | Train Loss: 1.3546 Acc: 0.2981 F1: 0.2641 | Val Loss: 1.4665 Acc: 0.2500 F1: 0.1727 | Train Meta: metadata_norm_mean=5.6309 | Val Meta: metadata_norm_mean=5.6309
Epoch  44/50 | Train Loss: 1.3688 Acc: 0.2740 F1: 0.2293 | Val Loss: 1.5004 Acc: 0.2500 F1: 0.2109 | Train Meta: metadata_norm_mean=5.6309 | Val Meta: metadata_norm_mean=5.6309
Epoch  45/50 | Train Loss: 1.3613 Acc: 0.2885 F1: 0.2641 | Val Loss: 1.4758 Acc: 0.2115 F1: 0.1727 | Train Meta: metadata_norm_mean=5.6309 | Val Meta: metadata_norm_mean=5.6309
Epoch  46/50 | Train Loss: 1.3497 Acc: 0.3077 F1: 0.2459 | Val Loss: 1.4651 Acc: 0.2692 F1: 0.2133 | Train Meta: metadata_norm_mean=5.6309 | Val Meta: metadata_norm_mean=5.6309
Epoch  47/50 | Train Loss: 1.3680 Acc: 0.2596 F1: 0.2442 | Val Loss: 1.5467 Acc: 0.2115 F1: 0.1265 | Train Meta: metadata_norm_mean=5.6309 | Val Meta: metadata_norm_mean=5.6309
Epoch  48/50 | Train Loss: 1.3627 Acc: 0.2163 F1: 0.2073 | Val Loss: 1.4945 Acc: 0.3077 F1: 0.2421 | Train Meta: metadata_norm_mean=5.6309 | Val Meta: metadata_norm_mean=5.6309
Epoch  49/50 | Train Loss: 1.3619 Acc: 0.2260 F1: 0.2247 | Val Loss: 1.5085 Acc: 0.2500 F1: 0.2109 | Train Meta: metadata_norm_mean=5.6309 | Val Meta: metadata_norm_mean=5.6309
Epoch  50/50 | Train Loss: 1.3655 Acc: 0.2981 F1: 0.2546 | Val Loss: 1.5381 Acc: 0.2500 F1: 0.1783 | Train Meta: metadata_norm_mean=5.6309 | Val Meta: metadata_norm_mean=5.6309

Random Encoder Classification Result (EthanolConcentration)
Accuracy : 0.273764
F1 (macro): 0.182251
Joint metadata preview | dataset=FaceDetection | domain=UEA | channels=144
   - channel_1: In the UEA domain, this channel belongs to the FaceDetection dataset and represents the feature channel 1. Channel statistics over the training split: mean value is 0.000, standard deviation is 1.000, minimum value is -12.948, maximum value is 17.769, median value is -0.001, and mean absolute value is 0.759.
/data/pjh_workspace/ts-env/lib/python3.8/site-packages/torch/nn/modules/transformer.py:307: UserWarning: enable_nested_tensor is True, but self.use_nested_tensor is False because encoder_layer.norm_first was True
  warnings.warn(f"enable_nested_tensor is True, but self.use_nested_tensor is False because {why_not_sparsity_fast_path}")
==================================================
🚀 Architecture: LAYA Random Encoder
📊 Target Dataset: FaceDetection (Channels: 144)
📊 Classes: 2 | Sequence Length: 62
==================================================
✅ Encoder is RANDOMLY initialized and FROZEN (Linear Probing mode).
Epoch   1/50 | Train Loss: 0.7124 Acc: 0.5034 F1: 0.5031 | Val Loss: 0.6969 Acc: 0.5076 F1: 0.3382 | Train Meta: metadata_norm_mean=5.6363 | Val Meta: metadata_norm_mean=5.6363
Epoch   2/50 | Train Loss: 0.6982 Acc: 0.5117 F1: 0.5106 | Val Loss: 0.7113 Acc: 0.5076 F1: 0.3382 | Train Meta: metadata_norm_mean=5.6363 | Val Meta: metadata_norm_mean=5.6363
Epoch   3/50 | Train Loss: 0.7039 Acc: 0.5166 F1: 0.5166 | Val Loss: 0.7024 Acc: 0.4932 F1: 0.3459 | Train Meta: metadata_norm_mean=5.6363 | Val Meta: metadata_norm_mean=5.6363
Epoch   4/50 | Train Loss: 0.7002 Acc: 0.5155 F1: 0.5151 | Val Loss: 0.6930 Acc: 0.5076 F1: 0.3941 | Train Meta: metadata_norm_mean=5.6363 | Val Meta: metadata_norm_mean=5.6363
Epoch   5/50 | Train Loss: 0.6983 Acc: 0.5179 F1: 0.5178 | Val Loss: 0.6970 Acc: 0.5085 F1: 0.4031 | Train Meta: metadata_norm_mean=5.6363 | Val Meta: metadata_norm_mean=5.6363
Epoch   6/50 | Train Loss: 0.6950 Acc: 0.5327 F1: 0.5327 | Val Loss: 0.6915 Acc: 0.5068 F1: 0.4176 | Train Meta: metadata_norm_mean=5.6363 | Val Meta: metadata_norm_mean=5.6363
Epoch   7/50 | Train Loss: 0.7047 Acc: 0.5183 F1: 0.5182 | Val Loss: 0.6977 Acc: 0.5102 F1: 0.3665 | Train Meta: metadata_norm_mean=5.6363 | Val Meta: metadata_norm_mean=5.6363
Epoch   8/50 | Train Loss: 0.6920 Acc: 0.5276 F1: 0.5273 | Val Loss: 0.7288 Acc: 0.5076 F1: 0.3382 | Train Meta: metadata_norm_mean=5.6363 | Val Meta: metadata_norm_mean=5.6363
Epoch   9/50 | Train Loss: 0.6962 Acc: 0.5264 F1: 0.5264 | Val Loss: 0.6925 Acc: 0.5374 F1: 0.4807 | Train Meta: metadata_norm_mean=5.6363 | Val Meta: metadata_norm_mean=5.6363
Epoch  10/50 | Train Loss: 0.6952 Acc: 0.5278 F1: 0.5278 | Val Loss: 0.6912 Acc: 0.5153 F1: 0.4212 | Train Meta: metadata_norm_mean=5.6363 | Val Meta: metadata_norm_mean=5.6363
Epoch  11/50 | Train Loss: 0.6925 Acc: 0.5300 F1: 0.5293 | Val Loss: 0.6952 Acc: 0.5110 F1: 0.4194 | Train Meta: metadata_norm_mean=5.6363 | Val Meta: metadata_norm_mean=5.6363
Epoch  12/50 | Train Loss: 0.6972 Acc: 0.5210 F1: 0.5207 | Val Loss: 0.6918 Acc: 0.5382 F1: 0.4924 | Train Meta: metadata_norm_mean=5.6363 | Val Meta: metadata_norm_mean=5.6363
Epoch  13/50 | Train Loss: 0.6952 Acc: 0.5225 F1: 0.5225 | Val Loss: 0.7047 Acc: 0.5093 F1: 0.3538 | Train Meta: metadata_norm_mean=5.6363 | Val Meta: metadata_norm_mean=5.6363
Terminated
Joint metadata preview | dataset=EthanolConcentration | domain=UEA | channels=3
   - channel_1: In the UEA domain, this channel belongs to the EthanolConcentration dataset and represents the feature channel 1. Channel statistics over the training split: mean value is 0.000, standard deviation is 1.000, minimum value is -0.932, maximum value is 5.112, median value is -0.483, and mean absolute value is 0.815.
/data/pjh_workspace/ts-env/lib/python3.8/site-packages/torch/nn/modules/transformer.py:307: UserWarning: enable_nested_tensor is True, but self.use_nested_tensor is False because encoder_layer.norm_first was True
  warnings.warn(f"enable_nested_tensor is True, but self.use_nested_tensor is False because {why_not_sparsity_fast_path}")
==================================================
🚀 Architecture: LAYA Random Encoder
📊 Target Dataset: EthanolConcentration (Channels: 3)
📊 Classes: 4 | Sequence Length: 1751
==================================================
✅ Encoder is RANDOMLY initialized and FROZEN (Linear Probing mode).
Epoch   1/50 | Train Loss: 1.4575 Acc: 0.2500 F1: 0.2348 | Val Loss: 1.7314 Acc: 0.1154 F1: 0.0517 | Train Meta: metadata_norm_mean=5.6309 | Val Meta: metadata_norm_mean=5.6309
Epoch   2/50 | Train Loss: 1.3912 Acc: 0.2740 F1: 0.2312 | Val Loss: 1.3517 Acc: 0.3077 F1: 0.1790 | Train Meta: metadata_norm_mean=5.6309 | Val Meta: metadata_norm_mean=5.6309
Epoch   3/50 | Train Loss: 1.3696 Acc: 0.2644 F1: 0.2572 | Val Loss: 1.5663 Acc: 0.1154 F1: 0.0517 | Train Meta: metadata_norm_mean=5.6309 | Val Meta: metadata_norm_mean=5.6309
Epoch   4/50 | Train Loss: 1.3775 Acc: 0.2163 F1: 0.1775 | Val Loss: 1.4398 Acc: 0.2500 F1: 0.2007 | Train Meta: metadata_norm_mean=5.6309 | Val Meta: metadata_norm_mean=5.6309
Epoch   5/50 | Train Loss: 1.3878 Acc: 0.3125 F1: 0.2374 | Val Loss: 1.4654 Acc: 0.2692 F1: 0.2258 | Train Meta: metadata_norm_mean=5.6309 | Val Meta: metadata_norm_mean=5.6309
Epoch   6/50 | Train Loss: 1.3569 Acc: 0.3173 F1: 0.2791 | Val Loss: 1.5017 Acc: 0.2500 F1: 0.1701 | Train Meta: metadata_norm_mean=5.6309 | Val Meta: metadata_norm_mean=5.6309
Epoch   7/50 | Train Loss: 1.3670 Acc: 0.2644 F1: 0.2566 | Val Loss: 1.4839 Acc: 0.2308 F1: 0.1903 | Train Meta: metadata_norm_mean=5.6309 | Val Meta: metadata_norm_mean=5.6309
Epoch   8/50 | Train Loss: 1.3708 Acc: 0.2788 F1: 0.2057 | Val Loss: 1.4606 Acc: 0.2885 F1: 0.2202 | Train Meta: metadata_norm_mean=5.6309 | Val Meta: metadata_norm_mean=5.6309
Epoch   9/50 | Train Loss: 1.3760 Acc: 0.2692 F1: 0.2456 | Val Loss: 1.5586 Acc: 0.2308 F1: 0.2356 | Train Meta: metadata_norm_mean=5.6309 | Val Meta: metadata_norm_mean=5.6309
Epoch  10/50 | Train Loss: 1.3495 Acc: 0.2740 F1: 0.2740 | Val Loss: 1.4509 Acc: 0.2692 F1: 0.2007 | Train Meta: metadata_norm_mean=5.6309 | Val Meta: metadata_norm_mean=5.6309
Epoch  11/50 | Train Loss: 1.3565 Acc: 0.2308 F1: 0.2142 | Val Loss: 1.4973 Acc: 0.2692 F1: 0.2186 | Train Meta: metadata_norm_mean=5.6309 | Val Meta: metadata_norm_mean=5.6309
Epoch  12/50 | Train Loss: 1.3781 Acc: 0.2692 F1: 0.2250 | Val Loss: 1.5852 Acc: 0.1538 F1: 0.1198 | Train Meta: metadata_norm_mean=5.6309 | Val Meta: metadata_norm_mean=5.6309
Epoch  13/50 | Train Loss: 1.3637 Acc: 0.2404 F1: 0.2412 | Val Loss: 1.4807 Acc: 0.2115 F1: 0.1746 | Train Meta: metadata_norm_mean=5.6309 | Val Meta: metadata_norm_mean=5.6309
Epoch  14/50 | Train Loss: 1.3730 Acc: 0.2452 F1: 0.2345 | Val Loss: 1.4668 Acc: 0.2885 F1: 0.2298 | Train Meta: metadata_norm_mean=5.6309 | Val Meta: metadata_norm_mean=5.6309
Epoch  15/50 | Train Loss: 1.3839 Acc: 0.2692 F1: 0.2430 | Val Loss: 1.4594 Acc: 0.2885 F1: 0.2305 | Train Meta: metadata_norm_mean=5.6309 | Val Meta: metadata_norm_mean=5.6309
Epoch  16/50 | Train Loss: 1.3670 Acc: 0.2740 F1: 0.2660 | Val Loss: 1.4754 Acc: 0.1923 F1: 0.1616 | Train Meta: metadata_norm_mean=5.6309 | Val Meta: metadata_norm_mean=5.6309
Epoch  17/50 | Train Loss: 1.3536 Acc: 0.3125 F1: 0.2748 | Val Loss: 1.4915 Acc: 0.2692 F1: 0.2083 | Train Meta: metadata_norm_mean=5.6309 | Val Meta: metadata_norm_mean=5.6309
Epoch  18/50 | Train Loss: 1.3635 Acc: 0.2837 F1: 0.2561 | Val Loss: 1.4499 Acc: 0.2692 F1: 0.2084 | Train Meta: metadata_norm_mean=5.6309 | Val Meta: metadata_norm_mean=5.6309
Epoch  19/50 | Train Loss: 1.3610 Acc: 0.3125 F1: 0.2016 | Val Loss: 1.5088 Acc: 0.2500 F1: 0.2115 | Train Meta: metadata_norm_mean=5.6309 | Val Meta: metadata_norm_mean=5.6309
Epoch  20/50 | Train Loss: 1.3521 Acc: 0.3029 F1: 0.2737 | Val Loss: 1.4773 Acc: 0.2308 F1: 0.2189 | Train Meta: metadata_norm_mean=5.6309 | Val Meta: metadata_norm_mean=5.6309
Epoch  21/50 | Train Loss: 1.3595 Acc: 0.2500 F1: 0.2581 | Val Loss: 1.4924 Acc: 0.2308 F1: 0.1903 | Train Meta: metadata_norm_mean=5.6309 | Val Meta: metadata_norm_mean=5.6309
Epoch  22/50 | Train Loss: 1.3553 Acc: 0.2885 F1: 0.2318 | Val Loss: 1.4591 Acc: 0.2308 F1: 0.2010 | Train Meta: metadata_norm_mean=5.6309 | Val Meta: metadata_norm_mean=5.6309
Epoch  23/50 | Train Loss: 1.3636 Acc: 0.2644 F1: 0.2273 | Val Loss: 1.5456 Acc: 0.2115 F1: 0.1768 | Train Meta: metadata_norm_mean=5.6309 | Val Meta: metadata_norm_mean=5.6309
Epoch  24/50 | Train Loss: 1.3630 Acc: 0.2692 F1: 0.2311 | Val Loss: 1.4972 Acc: 0.2885 F1: 0.2279 | Train Meta: metadata_norm_mean=5.6309 | Val Meta: metadata_norm_mean=5.6309
Epoch  25/50 | Train Loss: 1.3739 Acc: 0.2404 F1: 0.2207 | Val Loss: 1.4999 Acc: 0.2500 F1: 0.2123 | Train Meta: metadata_norm_mean=5.6309 | Val Meta: metadata_norm_mean=5.6309
Epoch  26/50 | Train Loss: 1.3553 Acc: 0.2692 F1: 0.2560 | Val Loss: 1.4975 Acc: 0.2308 F1: 0.1756 | Train Meta: metadata_norm_mean=5.6309 | Val Meta: metadata_norm_mean=5.6309
Epoch  27/50 | Train Loss: 1.3514 Acc: 0.2692 F1: 0.2607 | Val Loss: 1.4691 Acc: 0.2308 F1: 0.1880 | Train Meta: metadata_norm_mean=5.6309 | Val Meta: metadata_norm_mean=5.6309
Epoch  28/50 | Train Loss: 1.3438 Acc: 0.2837 F1: 0.2699 | Val Loss: 1.5261 Acc: 0.2308 F1: 0.2383 | Train Meta: metadata_norm_mean=5.6309 | Val Meta: metadata_norm_mean=5.6309
Epoch  29/50 | Train Loss: 1.3516 Acc: 0.2981 F1: 0.2173 | Val Loss: 1.4936 Acc: 0.2115 F1: 0.1794 | Train Meta: metadata_norm_mean=5.6309 | Val Meta: metadata_norm_mean=5.6309
Epoch  30/50 | Train Loss: 1.3680 Acc: 0.2837 F1: 0.2479 | Val Loss: 1.5398 Acc: 0.1923 F1: 0.1335 | Train Meta: metadata_norm_mean=5.6309 | Val Meta: metadata_norm_mean=5.6309
Epoch  31/50 | Train Loss: 1.3677 Acc: 0.2260 F1: 0.2030 | Val Loss: 1.4773 Acc: 0.2115 F1: 0.1940 | Train Meta: metadata_norm_mean=5.6309 | Val Meta: metadata_norm_mean=5.6309
Epoch  32/50 | Train Loss: 1.3587 Acc: 0.2933 F1: 0.2612 | Val Loss: 1.5284 Acc: 0.2115 F1: 0.2124 | Train Meta: metadata_norm_mean=5.6309 | Val Meta: metadata_norm_mean=5.6309
Epoch  33/50 | Train Loss: 1.3527 Acc: 0.2596 F1: 0.2531 | Val Loss: 1.5307 Acc: 0.2308 F1: 0.1971 | Train Meta: metadata_norm_mean=5.6309 | Val Meta: metadata_norm_mean=5.6309
Epoch  34/50 | Train Loss: 1.3714 Acc: 0.2788 F1: 0.2767 | Val Loss: 1.5217 Acc: 0.2308 F1: 0.1972 | Train Meta: metadata_norm_mean=5.6309 | Val Meta: metadata_norm_mean=5.6309
Epoch  35/50 | Train Loss: 1.3636 Acc: 0.3269 F1: 0.2651 | Val Loss: 1.4984 Acc: 0.1923 F1: 0.1833 | Train Meta: metadata_norm_mean=5.6309 | Val Meta: metadata_norm_mean=5.6309
Epoch  36/50 | Train Loss: 1.3612 Acc: 0.2548 F1: 0.2435 | Val Loss: 1.5144 Acc: 0.2115 F1: 0.1760 | Train Meta: metadata_norm_mean=5.6309 | Val Meta: metadata_norm_mean=5.6309
Epoch  37/50 | Train Loss: 1.3573 Acc: 0.2692 F1: 0.2328 | Val Loss: 1.4999 Acc: 0.2308 F1: 0.1648 | Train Meta: metadata_norm_mean=5.6309 | Val Meta: metadata_norm_mean=5.6309
Epoch  38/50 | Train Loss: 1.3492 Acc: 0.2981 F1: 0.2729 | Val Loss: 1.5118 Acc: 0.2308 F1: 0.1909 | Train Meta: metadata_norm_mean=5.6309 | Val Meta: metadata_norm_mean=5.6309
Epoch  39/50 | Train Loss: 1.3518 Acc: 0.2933 F1: 0.2110 | Val Loss: 1.4939 Acc: 0.2308 F1: 0.1933 | Train Meta: metadata_norm_mean=5.6309 | Val Meta: metadata_norm_mean=5.6309
Epoch  40/50 | Train Loss: 1.3552 Acc: 0.3317 F1: 0.3046 | Val Loss: 1.5505 Acc: 0.2115 F1: 0.1768 | Train Meta: metadata_norm_mean=5.6309 | Val Meta: metadata_norm_mean=5.6309
Epoch  41/50 | Train Loss: 1.3570 Acc: 0.2933 F1: 0.2372 | Val Loss: 1.4612 Acc: 0.2692 F1: 0.2153 | Train Meta: metadata_norm_mean=5.6309 | Val Meta: metadata_norm_mean=5.6309
Epoch  42/50 | Train Loss: 1.3485 Acc: 0.2692 F1: 0.2284 | Val Loss: 1.5495 Acc: 0.2500 F1: 0.2591 | Train Meta: metadata_norm_mean=5.6309 | Val Meta: metadata_norm_mean=5.6309
Epoch  43/50 | Train Loss: 1.3546 Acc: 0.2981 F1: 0.2641 | Val Loss: 1.4665 Acc: 0.2500 F1: 0.1727 | Train Meta: metadata_norm_mean=5.6309 | Val Meta: metadata_norm_mean=5.6309
Epoch  44/50 | Train Loss: 1.3688 Acc: 0.2740 F1: 0.2293 | Val Loss: 1.5004 Acc: 0.2500 F1: 0.2109 | Train Meta: metadata_norm_mean=5.6309 | Val Meta: metadata_norm_mean=5.6309
Epoch  45/50 | Train Loss: 1.3613 Acc: 0.2885 F1: 0.2641 | Val Loss: 1.4758 Acc: 0.2115 F1: 0.1727 | Train Meta: metadata_norm_mean=5.6309 | Val Meta: metadata_norm_mean=5.6309
Epoch  46/50 | Train Loss: 1.3497 Acc: 0.3077 F1: 0.2459 | Val Loss: 1.4651 Acc: 0.2692 F1: 0.2133 | Train Meta: metadata_norm_mean=5.6309 | Val Meta: metadata_norm_mean=5.6309
Epoch  47/50 | Train Loss: 1.3680 Acc: 0.2596 F1: 0.2442 | Val Loss: 1.5467 Acc: 0.2115 F1: 0.1265 | Train Meta: metadata_norm_mean=5.6309 | Val Meta: metadata_norm_mean=5.6309
Epoch  48/50 | Train Loss: 1.3627 Acc: 0.2163 F1: 0.2073 | Val Loss: 1.4945 Acc: 0.3077 F1: 0.2421 | Train Meta: metadata_norm_mean=5.6309 | Val Meta: metadata_norm_mean=5.6309
Epoch  49/50 | Train Loss: 1.3619 Acc: 0.2260 F1: 0.2247 | Val Loss: 1.5085 Acc: 0.2500 F1: 0.2109 | Train Meta: metadata_norm_mean=5.6309 | Val Meta: metadata_norm_mean=5.6309
Epoch  50/50 | Train Loss: 1.3655 Acc: 0.2981 F1: 0.2546 | Val Loss: 1.5381 Acc: 0.2500 F1: 0.1783 | Train Meta: metadata_norm_mean=5.6309 | Val Meta: metadata_norm_mean=5.6309

Random Encoder Classification Result (EthanolConcentration)
Accuracy : 0.273764
F1 (macro): 0.182251
Joint metadata preview | dataset=FaceDetection | domain=UEA | channels=144
   - channel_1: In the UEA domain, this channel belongs to the FaceDetection dataset and represents the feature channel 1. Channel statistics over the training split: mean value is 0.000, standard deviation is 1.000, minimum value is -12.948, maximum value is 17.769, median value is -0.001, and mean absolute value is 0.759.
/data/pjh_workspace/ts-env/lib/python3.8/site-packages/torch/nn/modules/transformer.py:307: UserWarning: enable_nested_tensor is True, but self.use_nested_tensor is False because encoder_layer.norm_first was True
  warnings.warn(f"enable_nested_tensor is True, but self.use_nested_tensor is False because {why_not_sparsity_fast_path}")
==================================================
🚀 Architecture: LAYA Random Encoder
📊 Target Dataset: FaceDetection (Channels: 144)
📊 Classes: 2 | Sequence Length: 62
==================================================
✅ Encoder is RANDOMLY initialized and FROZEN (Linear Probing mode).
Epoch   1/50 | Train Loss: 0.7124 Acc: 0.5034 F1: 0.5031 | Val Loss: 0.6969 Acc: 0.5076 F1: 0.3382 | Train Meta: metadata_norm_mean=5.6363 | Val Meta: metadata_norm_mean=5.6363
Epoch   2/50 | Train Loss: 0.6982 Acc: 0.5117 F1: 0.5106 | Val Loss: 0.7113 Acc: 0.5076 F1: 0.3382 | Train Meta: metadata_norm_mean=5.6363 | Val Meta: metadata_norm_mean=5.6363
Epoch   3/50 | Train Loss: 0.7039 Acc: 0.5166 F1: 0.5166 | Val Loss: 0.7024 Acc: 0.4932 F1: 0.3459 | Train Meta: metadata_norm_mean=5.6363 | Val Meta: metadata_norm_mean=5.6363
Epoch   4/50 | Train Loss: 0.7002 Acc: 0.5155 F1: 0.5151 | Val Loss: 0.6930 Acc: 0.5076 F1: 0.3941 | Train Meta: metadata_norm_mean=5.6363 | Val Meta: metadata_norm_mean=5.6363
Epoch   5/50 | Train Loss: 0.6983 Acc: 0.5179 F1: 0.5178 | Val Loss: 0.6970 Acc: 0.5085 F1: 0.4031 | Train Meta: metadata_norm_mean=5.6363 | Val Meta: metadata_norm_mean=5.6363
Epoch   6/50 | Train Loss: 0.6950 Acc: 0.5327 F1: 0.5327 | Val Loss: 0.6915 Acc: 0.5068 F1: 0.4176 | Train Meta: metadata_norm_mean=5.6363 | Val Meta: metadata_norm_mean=5.6363
Epoch   7/50 | Train Loss: 0.7047 Acc: 0.5183 F1: 0.5182 | Val Loss: 0.6977 Acc: 0.5102 F1: 0.3665 | Train Meta: metadata_norm_mean=5.6363 | Val Meta: metadata_norm_mean=5.6363
Epoch   8/50 | Train Loss: 0.6920 Acc: 0.5276 F1: 0.5273 | Val Loss: 0.7288 Acc: 0.5076 F1: 0.3382 | Train Meta: metadata_norm_mean=5.6363 | Val Meta: metadata_norm_mean=5.6363
Epoch   9/50 | Train Loss: 0.6962 Acc: 0.5264 F1: 0.5264 | Val Loss: 0.6925 Acc: 0.5374 F1: 0.4807 | Train Meta: metadata_norm_mean=5.6363 | Val Meta: metadata_norm_mean=5.6363
Epoch  10/50 | Train Loss: 0.6952 Acc: 0.5278 F1: 0.5278 | Val Loss: 0.6912 Acc: 0.5153 F1: 0.4212 | Train Meta: metadata_norm_mean=5.6363 | Val Meta: metadata_norm_mean=5.6363
Epoch  11/50 | Train Loss: 0.6925 Acc: 0.5300 F1: 0.5293 | Val Loss: 0.6952 Acc: 0.5110 F1: 0.4194 | Train Meta: metadata_norm_mean=5.6363 | Val Meta: metadata_norm_mean=5.6363
Epoch  12/50 | Train Loss: 0.6972 Acc: 0.5210 F1: 0.5207 | Val Loss: 0.6918 Acc: 0.5382 F1: 0.4924 | Train Meta: metadata_norm_mean=5.6363 | Val Meta: metadata_norm_mean=5.6363
Epoch  13/50 | Train Loss: 0.6952 Acc: 0.5225 F1: 0.5225 | Val Loss: 0.7047 Acc: 0.5093 F1: 0.3538 | Train Meta: metadata_norm_mean=5.6363 | Val Meta: metadata_norm_mean=5.6363
Epoch  14/50 | Train Loss: 0.6962 Acc: 0.5281 F1: 0.5278 | Val Loss: 0.6893 Acc: 0.5475 F1: 0.5316 | Train Meta: metadata_norm_mean=5.6363 | Val Meta: metadata_norm_mean=5.6363
Epoch  15/50 | Train Loss: 0.6985 Acc: 0.5221 F1: 0.5220 | Val Loss: 0.6890 Acc: 0.5518 F1: 0.5371 | Train Meta: metadata_norm_mean=5.6363 | Val Meta: metadata_norm_mean=5.6363
Epoch  16/50 | Train Loss: 0.6932 Acc: 0.5315 F1: 0.5313 | Val Loss: 0.6867 Acc: 0.5467 F1: 0.5455 | Train Meta: metadata_norm_mean=5.6363 | Val Meta: metadata_norm_mean=5.6363
Epoch  17/50 | Train Loss: 0.6923 Acc: 0.5340 F1: 0.5338 | Val Loss: 0.6925 Acc: 0.5238 F1: 0.4533 | Train Meta: metadata_norm_mean=5.6363 | Val Meta: metadata_norm_mean=5.6363
Epoch  18/50 | Train Loss: 0.6937 Acc: 0.5272 F1: 0.5271 | Val Loss: 0.6946 Acc: 0.5187 F1: 0.4427 | Train Meta: metadata_norm_mean=5.6363 | Val Meta: metadata_norm_mean=5.6363
Epoch  19/50 | Train Loss: 0.6970 Acc: 0.5185 F1: 0.5185 | Val Loss: 0.6872 Acc: 0.5552 F1: 0.5508 | Train Meta: metadata_norm_mean=5.6363 | Val Meta: metadata_norm_mean=5.6363
Epoch  20/50 | Train Loss: 0.6940 Acc: 0.5400 F1: 0.5399 | Val Loss: 0.6959 Acc: 0.5161 F1: 0.4198 | Train Meta: metadata_norm_mean=5.6363 | Val Meta: metadata_norm_mean=5.6363
Epoch  21/50 | Train Loss: 0.6908 Acc: 0.5336 F1: 0.5336 | Val Loss: 0.6866 Acc: 0.5518 F1: 0.5496 | Train Meta: metadata_norm_mean=5.6363 | Val Meta: metadata_norm_mean=5.6363
Epoch  22/50 | Train Loss: 0.6933 Acc: 0.5317 F1: 0.5315 | Val Loss: 0.6993 Acc: 0.5153 F1: 0.4113 | Train Meta: metadata_norm_mean=5.6363 | Val Meta: metadata_norm_mean=5.6363
Epoch  23/50 | Train Loss: 0.6922 Acc: 0.5276 F1: 0.5275 | Val Loss: 0.7044 Acc: 0.5085 F1: 0.3820 | Train Meta: metadata_norm_mean=5.6363 | Val Meta: metadata_norm_mean=5.6363
Epoch  24/50 | Train Loss: 0.6887 Acc: 0.5359 F1: 0.5359 | Val Loss: 0.6874 Acc: 0.5535 F1: 0.5457 | Train Meta: metadata_norm_mean=5.6363 | Val Meta: metadata_norm_mean=5.6363
Epoch  25/50 | Train Loss: 0.6893 Acc: 0.5391 F1: 0.5391 | Val Loss: 0.6871 Acc: 0.5407 F1: 0.4937 | Train Meta: metadata_norm_mean=5.6363 | Val Meta: metadata_norm_mean=5.6363
Epoch  26/50 | Train Loss: 0.6892 Acc: 0.5347 F1: 0.5345 | Val Loss: 0.7034 Acc: 0.5127 F1: 0.3914 | Train Meta: metadata_norm_mean=5.6363 | Val Meta: metadata_norm_mean=5.6363
Epoch  27/50 | Train Loss: 0.6859 Acc: 0.5378 F1: 0.5378 | Val Loss: 0.6859 Acc: 0.5484 F1: 0.5350 | Train Meta: metadata_norm_mean=5.6363 | Val Meta: metadata_norm_mean=5.6363
Epoch  28/50 | Train Loss: 0.6894 Acc: 0.5504 F1: 0.5503 | Val Loss: 0.6999 Acc: 0.5161 F1: 0.4088 | Train Meta: metadata_norm_mean=5.6363 | Val Meta: metadata_norm_mean=5.6363
Epoch  29/50 | Train Loss: 0.6882 Acc: 0.5427 F1: 0.5425 | Val Loss: 0.6941 Acc: 0.5204 F1: 0.4454 | Train Meta: metadata_norm_mean=5.6363 | Val Meta: metadata_norm_mean=5.6363
Epoch  30/50 | Train Loss: 0.6886 Acc: 0.5383 F1: 0.5383 | Val Loss: 0.6850 Acc: 0.5526 F1: 0.5525 | Train Meta: metadata_norm_mean=5.6363 | Val Meta: metadata_norm_mean=5.6363
Epoch  31/50 | Train Loss: 0.6898 Acc: 0.5383 F1: 0.5382 | Val Loss: 0.6851 Acc: 0.5543 F1: 0.5531 | Train Meta: metadata_norm_mean=5.6363 | Val Meta: metadata_norm_mean=5.6363
Epoch  32/50 | Train Loss: 0.6916 Acc: 0.5436 F1: 0.5431 | Val Loss: 0.6885 Acc: 0.5467 F1: 0.5231 | Train Meta: metadata_norm_mean=5.6363 | Val Meta: metadata_norm_mean=5.6363
Epoch  33/50 | Train Loss: 0.6870 Acc: 0.5385 F1: 0.5384 | Val Loss: 0.6848 Acc: 0.5543 F1: 0.5542 | Train Meta: metadata_norm_mean=5.6363 | Val Meta: metadata_norm_mean=5.6363
Epoch  34/50 | Train Loss: 0.6881 Acc: 0.5412 F1: 0.5410 | Val Loss: 0.6844 Acc: 0.5560 F1: 0.5553 | Train Meta: metadata_norm_mean=5.6363 | Val Meta: metadata_norm_mean=5.6363
Epoch  35/50 | Train Loss: 0.6893 Acc: 0.5432 F1: 0.5427 | Val Loss: 0.6849 Acc: 0.5526 F1: 0.5510 | Train Meta: metadata_norm_mean=5.6363 | Val Meta: metadata_norm_mean=5.6363
Epoch  36/50 | Train Loss: 0.6842 Acc: 0.5491 F1: 0.5491 | Val Loss: 0.6919 Acc: 0.5255 F1: 0.4276 | Train Meta: metadata_norm_mean=5.6363 | Val Meta: metadata_norm_mean=5.6363
Epoch  37/50 | Train Loss: 0.6856 Acc: 0.5415 F1: 0.5414 | Val Loss: 0.6852 Acc: 0.5552 F1: 0.5518 | Train Meta: metadata_norm_mean=5.6363 | Val Meta: metadata_norm_mean=5.6363
Epoch  38/50 | Train Loss: 0.6847 Acc: 0.5497 F1: 0.5496 | Val Loss: 0.6983 Acc: 0.5221 F1: 0.4302 | Train Meta: metadata_norm_mean=5.6363 | Val Meta: metadata_norm_mean=5.6363
Epoch  39/50 | Train Loss: 0.6851 Acc: 0.5444 F1: 0.5442 | Val Loss: 0.6845 Acc: 0.5518 F1: 0.5353 | Train Meta: metadata_norm_mean=5.6363 | Val Meta: metadata_norm_mean=5.6363
Epoch  40/50 | Train Loss: 0.6869 Acc: 0.5391 F1: 0.5391 | Val Loss: 0.6847 Acc: 0.5526 F1: 0.5516 | Train Meta: metadata_norm_mean=5.6363 | Val Meta: metadata_norm_mean=5.6363
Epoch  41/50 | Train Loss: 0.6850 Acc: 0.5517 F1: 0.5513 | Val Loss: 0.6891 Acc: 0.5365 F1: 0.5030 | Train Meta: metadata_norm_mean=5.6363 | Val Meta: metadata_norm_mean=5.6363
Epoch  42/50 | Train Loss: 0.6849 Acc: 0.5563 F1: 0.5560 | Val Loss: 0.6859 Acc: 0.5577 F1: 0.5503 | Train Meta: metadata_norm_mean=5.6363 | Val Meta: metadata_norm_mean=5.6363
Epoch  43/50 | Train Loss: 0.6857 Acc: 0.5451 F1: 0.5449 | Val Loss: 0.6855 Acc: 0.5526 F1: 0.5191 | Train Meta: metadata_norm_mean=5.6363 | Val Meta: metadata_norm_mean=5.6363
Epoch  44/50 | Train Loss: 0.6835 Acc: 0.5546 F1: 0.5545 | Val Loss: 0.6849 Acc: 0.5467 F1: 0.5208 | Train Meta: metadata_norm_mean=5.6363 | Val Meta: metadata_norm_mean=5.6363
Epoch  45/50 | Train Loss: 0.6852 Acc: 0.5557 F1: 0.5554 | Val Loss: 0.6846 Acc: 0.5577 F1: 0.5528 | Train Meta: metadata_norm_mean=5.6363 | Val Meta: metadata_norm_mean=5.6363
Epoch  46/50 | Train Loss: 0.6841 Acc: 0.5561 F1: 0.5559 | Val Loss: 0.6863 Acc: 0.5603 F1: 0.5478 | Train Meta: metadata_norm_mean=5.6363 | Val Meta: metadata_norm_mean=5.6363
Epoch  47/50 | Train Loss: 0.6844 Acc: 0.5510 F1: 0.5510 | Val Loss: 0.6833 Acc: 0.5594 F1: 0.5588 | Train Meta: metadata_norm_mean=5.6363 | Val Meta: metadata_norm_mean=5.6363
Epoch  48/50 | Train Loss: 0.6836 Acc: 0.5523 F1: 0.5519 | Val Loss: 0.6830 Acc: 0.5560 F1: 0.5547 | Train Meta: metadata_norm_mean=5.6363 | Val Meta: metadata_norm_mean=5.6363
Epoch  49/50 | Train Loss: 0.6851 Acc: 0.5470 F1: 0.5469 | Val Loss: 0.6851 Acc: 0.5484 F1: 0.5166 | Train Meta: metadata_norm_mean=5.6363 | Val Meta: metadata_norm_mean=5.6363
Epoch  50/50 | Train Loss: 0.6837 Acc: 0.5559 F1: 0.5555 | Val Loss: 0.6839 Acc: 0.5552 F1: 0.5388 | Train Meta: metadata_norm_mean=5.6363 | Val Meta: metadata_norm_mean=5.6363

Random Encoder Classification Result (FaceDetection)
Accuracy : 0.555335
F1 (macro): 0.554538
Joint metadata preview | dataset=Handwriting | domain=UEA | channels=3
   - channel_1: In the UEA domain, this channel belongs to the Handwriting dataset and represents the feature channel 1. Channel statistics over the training split: mean value is 0.000, standard deviation is 1.000, minimum value is -5.822, maximum value is 9.137, median value is 0.003, and mean absolute value is 0.538.
/data/pjh_workspace/ts-env/lib/python3.8/site-packages/torch/nn/modules/transformer.py:307: UserWarning: enable_nested_tensor is True, but self.use_nested_tensor is False because encoder_layer.norm_first was True
  warnings.warn(f"enable_nested_tensor is True, but self.use_nested_tensor is False because {why_not_sparsity_fast_path}")
==================================================
🚀 Architecture: LAYA Random Encoder
📊 Target Dataset: Handwriting (Channels: 3)
📊 Classes: 26 | Sequence Length: 152
==================================================
✅ Encoder is RANDOMLY initialized and FROZEN (Linear Probing mode).
Epoch   1/50 | Train Loss: 3.2165 Acc: 0.0268 F1: 0.0033 | Val Loss: 3.5374 Acc: 0.0333 F1: 0.0036 | Train Meta: metadata_norm_mean=5.6289 | Val Meta: metadata_norm_mean=5.6289
Epoch   2/50 | Train Loss: 2.9793 Acc: 0.0357 F1: 0.0081 | Val Loss: 3.4527 Acc: 0.0000 F1: 0.0000 | Train Meta: metadata_norm_mean=5.6289 | Val Meta: metadata_norm_mean=5.6289
Epoch   3/50 | Train Loss: 2.9854 Acc: 0.0625 F1: 0.0104 | Val Loss: 3.4158 Acc: 0.1667 F1: 0.0342 | Train Meta: metadata_norm_mean=5.6289 | Val Meta: metadata_norm_mean=5.6289
Epoch   4/50 | Train Loss: 2.9508 Acc: 0.0714 F1: 0.0139 | Val Loss: 3.3625 Acc: 0.0667 F1: 0.0263 | Train Meta: metadata_norm_mean=5.6289 | Val Meta: metadata_norm_mean=5.6289
Epoch   5/50 | Train Loss: 2.9287 Acc: 0.0893 F1: 0.0187 | Val Loss: 3.3855 Acc: 0.0333 F1: 0.0036 | Train Meta: metadata_norm_mean=5.6289 | Val Meta: metadata_norm_mean=5.6289
Epoch   6/50 | Train Loss: 2.9082 Acc: 0.0893 F1: 0.0129 | Val Loss: 3.4369 Acc: 0.0333 F1: 0.0038 | Train Meta: metadata_norm_mean=5.6289 | Val Meta: metadata_norm_mean=5.6289
Epoch   7/50 | Train Loss: 2.8925 Acc: 0.0982 F1: 0.0210 | Val Loss: 3.4578 Acc: 0.0333 F1: 0.0175 | Train Meta: metadata_norm_mean=5.6289 | Val Meta: metadata_norm_mean=5.6289
Epoch   8/50 | Train Loss: 2.8743 Acc: 0.0714 F1: 0.0137 | Val Loss: 3.4446 Acc: 0.1000 F1: 0.0113 | Train Meta: metadata_norm_mean=5.6289 | Val Meta: metadata_norm_mean=5.6289
Epoch   9/50 | Train Loss: 2.8770 Acc: 0.0982 F1: 0.0136 | Val Loss: 3.4048 Acc: 0.1000 F1: 0.0144 | Train Meta: metadata_norm_mean=5.6289 | Val Meta: metadata_norm_mean=5.6289
Epoch  10/50 | Train Loss: 2.8474 Acc: 0.1250 F1: 0.0234 | Val Loss: 3.3844 Acc: 0.1000 F1: 0.0256 | Train Meta: metadata_norm_mean=5.6289 | Val Meta: metadata_norm_mean=5.6289
Epoch  11/50 | Train Loss: 2.8577 Acc: 0.0893 F1: 0.0120 | Val Loss: 3.4154 Acc: 0.0333 F1: 0.0037 | Train Meta: metadata_norm_mean=5.6289 | Val Meta: metadata_norm_mean=5.6289
Epoch  12/50 | Train Loss: 2.8395 Acc: 0.1429 F1: 0.0526 | Val Loss: 3.3676 Acc: 0.1000 F1: 0.0158 | Train Meta: metadata_norm_mean=5.6289 | Val Meta: metadata_norm_mean=5.6289
Epoch  13/50 | Train Loss: 2.8134 Acc: 0.1071 F1: 0.0288 | Val Loss: 3.3607 Acc: 0.1333 F1: 0.0293 | Train Meta: metadata_norm_mean=5.6289 | Val Meta: metadata_norm_mean=5.6289
Epoch  14/50 | Train Loss: 2.8157 Acc: 0.1429 F1: 0.0508 | Val Loss: 3.3601 Acc: 0.1000 F1: 0.0143 | Train Meta: metadata_norm_mean=5.6289 | Val Meta: metadata_norm_mean=5.6289
Epoch  15/50 | Train Loss: 2.7992 Acc: 0.1161 F1: 0.0302 | Val Loss: 3.4148 Acc: 0.0667 F1: 0.0173 | Train Meta: metadata_norm_mean=5.6289 | Val Meta: metadata_norm_mean=5.6289
Epoch  16/50 | Train Loss: 2.8133 Acc: 0.1250 F1: 0.0422 | Val Loss: 3.4153 Acc: 0.0667 F1: 0.0173 | Train Meta: metadata_norm_mean=5.6289 | Val Meta: metadata_norm_mean=5.6289
Epoch  17/50 | Train Loss: 2.8003 Acc: 0.1339 F1: 0.0589 | Val Loss: 3.3835 Acc: 0.1667 F1: 0.0597 | Train Meta: metadata_norm_mean=5.6289 | Val Meta: metadata_norm_mean=5.6289
Epoch  18/50 | Train Loss: 2.7961 Acc: 0.1339 F1: 0.0373 | Val Loss: 3.3551 Acc: 0.1333 F1: 0.0317 | Train Meta: metadata_norm_mean=5.6289 | Val Meta: metadata_norm_mean=5.6289
Epoch  19/50 | Train Loss: 2.7770 Acc: 0.1429 F1: 0.0508 | Val Loss: 3.4087 Acc: 0.0667 F1: 0.0173 | Train Meta: metadata_norm_mean=5.6289 | Val Meta: metadata_norm_mean=5.6289
Epoch  20/50 | Train Loss: 2.7512 Acc: 0.1339 F1: 0.0616 | Val Loss: 3.4142 Acc: 0.0667 F1: 0.0168 | Train Meta: metadata_norm_mean=5.6289 | Val Meta: metadata_norm_mean=5.6289
Epoch  21/50 | Train Loss: 2.7795 Acc: 0.1339 F1: 0.0522 | Val Loss: 3.3851 Acc: 0.1000 F1: 0.0432 | Train Meta: metadata_norm_mean=5.6289 | Val Meta: metadata_norm_mean=5.6289
Epoch  22/50 | Train Loss: 2.7582 Acc: 0.1964 F1: 0.0819 | Val Loss: 3.4038 Acc: 0.1000 F1: 0.0190 | Train Meta: metadata_norm_mean=5.6289 | Val Meta: metadata_norm_mean=5.6289
Epoch  23/50 | Train Loss: 2.7389 Acc: 0.1607 F1: 0.0525 | Val Loss: 3.4231 Acc: 0.0667 F1: 0.0182 | Train Meta: metadata_norm_mean=5.6289 | Val Meta: metadata_norm_mean=5.6289
Epoch  24/50 | Train Loss: 2.7178 Acc: 0.1518 F1: 0.0467 | Val Loss: 3.3728 Acc: 0.1000 F1: 0.0267 | Train Meta: metadata_norm_mean=5.6289 | Val Meta: metadata_norm_mean=5.6289
Epoch  25/50 | Train Loss: 2.7482 Acc: 0.1071 F1: 0.0410 | Val Loss: 3.3826 Acc: 0.1333 F1: 0.0460 | Train Meta: metadata_norm_mean=5.6289 | Val Meta: metadata_norm_mean=5.6289
Epoch  26/50 | Train Loss: 2.7228 Acc: 0.1786 F1: 0.0724 | Val Loss: 3.3850 Acc: 0.1000 F1: 0.0231 | Train Meta: metadata_norm_mean=5.6289 | Val Meta: metadata_norm_mean=5.6289
Epoch  27/50 | Train Loss: 2.7243 Acc: 0.1786 F1: 0.0558 | Val Loss: 3.3934 Acc: 0.0667 F1: 0.0182 | Train Meta: metadata_norm_mean=5.6289 | Val Meta: metadata_norm_mean=5.6289
Epoch  28/50 | Train Loss: 2.7225 Acc: 0.1607 F1: 0.0564 | Val Loss: 3.3866 Acc: 0.1333 F1: 0.0400 | Train Meta: metadata_norm_mean=5.6289 | Val Meta: metadata_norm_mean=5.6289
Epoch  29/50 | Train Loss: 2.7274 Acc: 0.1429 F1: 0.0472 | Val Loss: 3.4279 Acc: 0.1000 F1: 0.0244 | Train Meta: metadata_norm_mean=5.6289 | Val Meta: metadata_norm_mean=5.6289
Epoch  30/50 | Train Loss: 2.7026 Acc: 0.1964 F1: 0.0915 | Val Loss: 3.4403 Acc: 0.1000 F1: 0.0432 | Train Meta: metadata_norm_mean=5.6289 | Val Meta: metadata_norm_mean=5.6289
Epoch  31/50 | Train Loss: 2.6864 Acc: 0.2054 F1: 0.0758 | Val Loss: 3.4398 Acc: 0.1000 F1: 0.0432 | Train Meta: metadata_norm_mean=5.6289 | Val Meta: metadata_norm_mean=5.6289
Epoch  32/50 | Train Loss: 2.6779 Acc: 0.1518 F1: 0.0556 | Val Loss: 3.4102 Acc: 0.1667 F1: 0.0554 | Train Meta: metadata_norm_mean=5.6289 | Val Meta: metadata_norm_mean=5.6289
Epoch  33/50 | Train Loss: 2.6901 Acc: 0.1429 F1: 0.0435 | Val Loss: 3.4655 Acc: 0.1333 F1: 0.0312 | Train Meta: metadata_norm_mean=5.6289 | Val Meta: metadata_norm_mean=5.6289
Epoch  34/50 | Train Loss: 2.6903 Acc: 0.1429 F1: 0.0629 | Val Loss: 3.4337 Acc: 0.1000 F1: 0.0307 | Train Meta: metadata_norm_mean=5.6289 | Val Meta: metadata_norm_mean=5.6289
Epoch  35/50 | Train Loss: 2.6621 Acc: 0.2143 F1: 0.0864 | Val Loss: 3.4447 Acc: 0.1000 F1: 0.0307 | Train Meta: metadata_norm_mean=5.6289 | Val Meta: metadata_norm_mean=5.6289
Epoch  36/50 | Train Loss: 2.6650 Acc: 0.1964 F1: 0.0767 | Val Loss: 3.5137 Acc: 0.0667 F1: 0.0182 | Train Meta: metadata_norm_mean=5.6289 | Val Meta: metadata_norm_mean=5.6289
Epoch  37/50 | Train Loss: 2.6599 Acc: 0.1964 F1: 0.0793 | Val Loss: 3.5181 Acc: 0.1667 F1: 0.0600 | Train Meta: metadata_norm_mean=5.6289 | Val Meta: metadata_norm_mean=5.6289
Epoch  38/50 | Train Loss: 2.6473 Acc: 0.1786 F1: 0.0713 | Val Loss: 3.5632 Acc: 0.1333 F1: 0.0379 | Train Meta: metadata_norm_mean=5.6289 | Val Meta: metadata_norm_mean=5.6289
Epoch  39/50 | Train Loss: 2.6721 Acc: 0.1518 F1: 0.0617 | Val Loss: 3.4140 Acc: 0.1333 F1: 0.0343 | Train Meta: metadata_norm_mean=5.6289 | Val Meta: metadata_norm_mean=5.6289
Epoch  40/50 | Train Loss: 2.6574 Acc: 0.1786 F1: 0.0639 | Val Loss: 3.4643 Acc: 0.1000 F1: 0.0432 | Train Meta: metadata_norm_mean=5.6289 | Val Meta: metadata_norm_mean=5.6289
Epoch  41/50 | Train Loss: 2.6689 Acc: 0.2054 F1: 0.0734 | Val Loss: 3.4874 Acc: 0.1333 F1: 0.0458 | Train Meta: metadata_norm_mean=5.6289 | Val Meta: metadata_norm_mean=5.6289
Epoch  42/50 | Train Loss: 2.6346 Acc: 0.1696 F1: 0.0745 | Val Loss: 3.4762 Acc: 0.2000 F1: 0.0837 | Train Meta: metadata_norm_mean=5.6289 | Val Meta: metadata_norm_mean=5.6289
Epoch  43/50 | Train Loss: 2.6477 Acc: 0.1696 F1: 0.0960 | Val Loss: 3.4404 Acc: 0.1333 F1: 0.0469 | Train Meta: metadata_norm_mean=5.6289 | Val Meta: metadata_norm_mean=5.6289
Epoch  44/50 | Train Loss: 2.6134 Acc: 0.2054 F1: 0.0957 | Val Loss: 3.4715 Acc: 0.1000 F1: 0.0332 | Train Meta: metadata_norm_mean=5.6289 | Val Meta: metadata_norm_mean=5.6289
Epoch  45/50 | Train Loss: 2.6082 Acc: 0.1786 F1: 0.0682 | Val Loss: 3.4731 Acc: 0.1000 F1: 0.0348 | Train Meta: metadata_norm_mean=5.6289 | Val Meta: metadata_norm_mean=5.6289
Epoch  46/50 | Train Loss: 2.6330 Acc: 0.2321 F1: 0.1119 | Val Loss: 3.4797 Acc: 0.1333 F1: 0.0602 | Train Meta: metadata_norm_mean=5.6289 | Val Meta: metadata_norm_mean=5.6289
Epoch  47/50 | Train Loss: 2.5933 Acc: 0.2232 F1: 0.0921 | Val Loss: 3.5550 Acc: 0.1000 F1: 0.0332 | Train Meta: metadata_norm_mean=5.6289 | Val Meta: metadata_norm_mean=5.6289
Epoch  48/50 | Train Loss: 2.6058 Acc: 0.1964 F1: 0.0936 | Val Loss: 3.5289 Acc: 0.1000 F1: 0.0333 | Train Meta: metadata_norm_mean=5.6289 | Val Meta: metadata_norm_mean=5.6289
Epoch  49/50 | Train Loss: 2.5932 Acc: 0.1518 F1: 0.0476 | Val Loss: 3.5145 Acc: 0.1667 F1: 0.0649 | Train Meta: metadata_norm_mean=5.6289 | Val Meta: metadata_norm_mean=5.6289
Epoch  50/50 | Train Loss: 2.6244 Acc: 0.1964 F1: 0.0999 | Val Loss: 3.5162 Acc: 0.1333 F1: 0.0492 | Train Meta: metadata_norm_mean=5.6289 | Val Meta: metadata_norm_mean=5.6289

Random Encoder Classification Result (Handwriting)
Accuracy : 0.057647
F1 (macro): 0.015717
Joint metadata preview | dataset=Heartbeat | domain=UEA | channels=61
   - channel_1: In the UEA domain, this channel belongs to the Heartbeat dataset and represents the feature channel 1. Channel statistics over the training split: mean value is -0.000, standard deviation is 1.000, minimum value is -0.301, maximum value is 45.156, median value is -0.151, and mean absolute value is 0.270.
/data/pjh_workspace/ts-env/lib/python3.8/site-packages/torch/nn/modules/transformer.py:307: UserWarning: enable_nested_tensor is True, but self.use_nested_tensor is False because encoder_layer.norm_first was True
  warnings.warn(f"enable_nested_tensor is True, but self.use_nested_tensor is False because {why_not_sparsity_fast_path}")
==================================================
🚀 Architecture: LAYA Random Encoder
📊 Target Dataset: Heartbeat (Channels: 61)
📊 Classes: 2 | Sequence Length: 405
==================================================
✅ Encoder is RANDOMLY initialized and FROZEN (Linear Probing mode).
Epoch   1/50 | Train Loss: 0.5872 Acc: 0.7500 F1: 0.4286 | Val Loss: 0.7738 Acc: 0.6000 F1: 0.3750 | Train Meta: metadata_norm_mean=5.6311 | Val Meta: metadata_norm_mean=5.6311
Epoch   2/50 | Train Loss: 0.5648 Acc: 0.7438 F1: 0.4265 | Val Loss: 0.7228 Acc: 0.6000 F1: 0.3750 | Train Meta: metadata_norm_mean=5.6311 | Val Meta: metadata_norm_mean=5.6311
Epoch   3/50 | Train Loss: 0.5749 Acc: 0.7438 F1: 0.4265 | Val Loss: 0.6936 Acc: 0.6000 F1: 0.3750 | Train Meta: metadata_norm_mean=5.6311 | Val Meta: metadata_norm_mean=5.6311
Epoch   4/50 | Train Loss: 0.5645 Acc: 0.7500 F1: 0.4286 | Val Loss: 0.7488 Acc: 0.6000 F1: 0.3750 | Train Meta: metadata_norm_mean=5.6311 | Val Meta: metadata_norm_mean=5.6311
Epoch   5/50 | Train Loss: 0.5574 Acc: 0.7438 F1: 0.4265 | Val Loss: 0.6909 Acc: 0.6000 F1: 0.3750 | Train Meta: metadata_norm_mean=5.6311 | Val Meta: metadata_norm_mean=5.6311
Epoch   6/50 | Train Loss: 0.5615 Acc: 0.7438 F1: 0.4265 | Val Loss: 0.7271 Acc: 0.6000 F1: 0.3750 | Train Meta: metadata_norm_mean=5.6311 | Val Meta: metadata_norm_mean=5.6311
Epoch   7/50 | Train Loss: 0.5565 Acc: 0.7562 F1: 0.4306 | Val Loss: 0.7350 Acc: 0.6000 F1: 0.3750 | Train Meta: metadata_norm_mean=5.6311 | Val Meta: metadata_norm_mean=5.6311
Epoch   8/50 | Train Loss: 0.5755 Acc: 0.7438 F1: 0.4265 | Val Loss: 0.7375 Acc: 0.6000 F1: 0.3750 | Train Meta: metadata_norm_mean=5.6311 | Val Meta: metadata_norm_mean=5.6311
Epoch   9/50 | Train Loss: 0.5569 Acc: 0.7562 F1: 0.4306 | Val Loss: 0.7226 Acc: 0.6000 F1: 0.3750 | Train Meta: metadata_norm_mean=5.6311 | Val Meta: metadata_norm_mean=5.6311
Epoch  10/50 | Train Loss: 0.5643 Acc: 0.7562 F1: 0.4306 | Val Loss: 0.6987 Acc: 0.6000 F1: 0.3750 | Train Meta: metadata_norm_mean=5.6311 | Val Meta: metadata_norm_mean=5.6311
Epoch  11/50 | Train Loss: 0.5543 Acc: 0.7500 F1: 0.4286 | Val Loss: 0.7264 Acc: 0.6000 F1: 0.3750 | Train Meta: metadata_norm_mean=5.6311 | Val Meta: metadata_norm_mean=5.6311
Epoch  12/50 | Train Loss: 0.5625 Acc: 0.7562 F1: 0.4306 | Val Loss: 0.7092 Acc: 0.6000 F1: 0.3750 | Train Meta: metadata_norm_mean=5.6311 | Val Meta: metadata_norm_mean=5.6311
Epoch  13/50 | Train Loss: 0.5591 Acc: 0.7500 F1: 0.4286 | Val Loss: 0.7327 Acc: 0.6000 F1: 0.3750 | Train Meta: metadata_norm_mean=5.6311 | Val Meta: metadata_norm_mean=5.6311
Epoch  14/50 | Train Loss: 0.5436 Acc: 0.7562 F1: 0.4306 | Val Loss: 0.7242 Acc: 0.6000 F1: 0.3750 | Train Meta: metadata_norm_mean=5.6311 | Val Meta: metadata_norm_mean=5.6311
Epoch  15/50 | Train Loss: 0.5630 Acc: 0.7438 F1: 0.4265 | Val Loss: 0.7529 Acc: 0.6000 F1: 0.3750 | Train Meta: metadata_norm_mean=5.6311 | Val Meta: metadata_norm_mean=5.6311
Epoch  16/50 | Train Loss: 0.5665 Acc: 0.7500 F1: 0.4286 | Val Loss: 0.6978 Acc: 0.6000 F1: 0.3750 | Train Meta: metadata_norm_mean=5.6311 | Val Meta: metadata_norm_mean=5.6311
Epoch  17/50 | Train Loss: 0.5473 Acc: 0.7562 F1: 0.4306 | Val Loss: 0.7260 Acc: 0.6000 F1: 0.3750 | Train Meta: metadata_norm_mean=5.6311 | Val Meta: metadata_norm_mean=5.6311
Epoch  18/50 | Train Loss: 0.5504 Acc: 0.7500 F1: 0.4286 | Val Loss: 0.7123 Acc: 0.6000 F1: 0.3750 | Train Meta: metadata_norm_mean=5.6311 | Val Meta: metadata_norm_mean=5.6311
Epoch  19/50 | Train Loss: 0.5497 Acc: 0.7500 F1: 0.4286 | Val Loss: 0.7276 Acc: 0.6000 F1: 0.3750 | Train Meta: metadata_norm_mean=5.6311 | Val Meta: metadata_norm_mean=5.6311
Epoch  20/50 | Train Loss: 0.5345 Acc: 0.7625 F1: 0.4326 | Val Loss: 0.7753 Acc: 0.6000 F1: 0.3750 | Train Meta: metadata_norm_mean=5.6311 | Val Meta: metadata_norm_mean=5.6311
Epoch  21/50 | Train Loss: 0.5435 Acc: 0.7500 F1: 0.4286 | Val Loss: 0.6929 Acc: 0.6000 F1: 0.3750 | Train Meta: metadata_norm_mean=5.6311 | Val Meta: metadata_norm_mean=5.6311
Epoch  22/50 | Train Loss: 0.5680 Acc: 0.7500 F1: 0.4286 | Val Loss: 0.7552 Acc: 0.6000 F1: 0.3750 | Train Meta: metadata_norm_mean=5.6311 | Val Meta: metadata_norm_mean=5.6311
Epoch  23/50 | Train Loss: 0.5466 Acc: 0.7500 F1: 0.4286 | Val Loss: 0.6901 Acc: 0.6000 F1: 0.3750 | Train Meta: metadata_norm_mean=5.6311 | Val Meta: metadata_norm_mean=5.6311
Epoch  24/50 | Train Loss: 0.5599 Acc: 0.7438 F1: 0.4265 | Val Loss: 0.7254 Acc: 0.6000 F1: 0.3750 | Train Meta: metadata_norm_mean=5.6311 | Val Meta: metadata_norm_mean=5.6311
Epoch  25/50 | Train Loss: 0.5524 Acc: 0.7438 F1: 0.4265 | Val Loss: 0.6799 Acc: 0.6000 F1: 0.3750 | Train Meta: metadata_norm_mean=5.6311 | Val Meta: metadata_norm_mean=5.6311
Epoch  26/50 | Train Loss: 0.5560 Acc: 0.7562 F1: 0.4306 | Val Loss: 0.7396 Acc: 0.6000 F1: 0.3750 | Train Meta: metadata_norm_mean=5.6311 | Val Meta: metadata_norm_mean=5.6311
Epoch  27/50 | Train Loss: 0.5497 Acc: 0.7500 F1: 0.4286 | Val Loss: 0.7181 Acc: 0.6000 F1: 0.3750 | Train Meta: metadata_norm_mean=5.6311 | Val Meta: metadata_norm_mean=5.6311
Epoch  28/50 | Train Loss: 0.5722 Acc: 0.7438 F1: 0.4265 | Val Loss: 0.6842 Acc: 0.6000 F1: 0.3750 | Train Meta: metadata_norm_mean=5.6311 | Val Meta: metadata_norm_mean=5.6311
Epoch  29/50 | Train Loss: 0.5602 Acc: 0.7438 F1: 0.4265 | Val Loss: 0.7729 Acc: 0.6000 F1: 0.3750 | Train Meta: metadata_norm_mean=5.6311 | Val Meta: metadata_norm_mean=5.6311
Epoch  30/50 | Train Loss: 0.5567 Acc: 0.7500 F1: 0.4286 | Val Loss: 0.7240 Acc: 0.6000 F1: 0.3750 | Train Meta: metadata_norm_mean=5.6311 | Val Meta: metadata_norm_mean=5.6311
Epoch  31/50 | Train Loss: 0.5586 Acc: 0.7438 F1: 0.4265 | Val Loss: 0.7294 Acc: 0.6000 F1: 0.3750 | Train Meta: metadata_norm_mean=5.6311 | Val Meta: metadata_norm_mean=5.6311
Epoch  32/50 | Train Loss: 0.5523 Acc: 0.7500 F1: 0.4286 | Val Loss: 0.7205 Acc: 0.6000 F1: 0.3750 | Train Meta: metadata_norm_mean=5.6311 | Val Meta: metadata_norm_mean=5.6311
Epoch  33/50 | Train Loss: 0.5493 Acc: 0.7500 F1: 0.4286 | Val Loss: 0.7076 Acc: 0.6000 F1: 0.3750 | Train Meta: metadata_norm_mean=5.6311 | Val Meta: metadata_norm_mean=5.6311
Epoch  34/50 | Train Loss: 0.5557 Acc: 0.7500 F1: 0.4286 | Val Loss: 0.7092 Acc: 0.6000 F1: 0.3750 | Train Meta: metadata_norm_mean=5.6311 | Val Meta: metadata_norm_mean=5.6311
Epoch  35/50 | Train Loss: 0.5390 Acc: 0.7562 F1: 0.4306 | Val Loss: 0.7105 Acc: 0.6000 F1: 0.3750 | Train Meta: metadata_norm_mean=5.6311 | Val Meta: metadata_norm_mean=5.6311
Epoch  36/50 | Train Loss: 0.5539 Acc: 0.7438 F1: 0.4265 | Val Loss: 0.7002 Acc: 0.6000 F1: 0.3750 | Train Meta: metadata_norm_mean=5.6311 | Val Meta: metadata_norm_mean=5.6311
Epoch  37/50 | Train Loss: 0.5504 Acc: 0.7500 F1: 0.4286 | Val Loss: 0.7206 Acc: 0.6000 F1: 0.3750 | Train Meta: metadata_norm_mean=5.6311 | Val Meta: metadata_norm_mean=5.6311
Epoch  38/50 | Train Loss: 0.5571 Acc: 0.7500 F1: 0.4286 | Val Loss: 0.7362 Acc: 0.6000 F1: 0.3750 | Train Meta: metadata_norm_mean=5.6311 | Val Meta: metadata_norm_mean=5.6311
Epoch  39/50 | Train Loss: 0.5441 Acc: 0.7500 F1: 0.4286 | Val Loss: 0.6956 Acc: 0.6000 F1: 0.3750 | Train Meta: metadata_norm_mean=5.6311 | Val Meta: metadata_norm_mean=5.6311
Epoch  40/50 | Train Loss: 0.5419 Acc: 0.7562 F1: 0.4306 | Val Loss: 0.7037 Acc: 0.6000 F1: 0.3750 | Train Meta: metadata_norm_mean=5.6311 | Val Meta: metadata_norm_mean=5.6311
Epoch  41/50 | Train Loss: 0.5496 Acc: 0.7500 F1: 0.4286 | Val Loss: 0.7080 Acc: 0.6000 F1: 0.3750 | Train Meta: metadata_norm_mean=5.6311 | Val Meta: metadata_norm_mean=5.6311
Epoch  42/50 | Train Loss: 0.5529 Acc: 0.7438 F1: 0.4265 | Val Loss: 0.7112 Acc: 0.6000 F1: 0.3750 | Train Meta: metadata_norm_mean=5.6311 | Val Meta: metadata_norm_mean=5.6311
Epoch  43/50 | Train Loss: 0.5457 Acc: 0.7500 F1: 0.4286 | Val Loss: 0.7161 Acc: 0.6000 F1: 0.3750 | Train Meta: metadata_norm_mean=5.6311 | Val Meta: metadata_norm_mean=5.6311
Epoch  44/50 | Train Loss: 0.5545 Acc: 0.7500 F1: 0.4286 | Val Loss: 0.7441 Acc: 0.6000 F1: 0.3750 | Train Meta: metadata_norm_mean=5.6311 | Val Meta: metadata_norm_mean=5.6311
Epoch  45/50 | Train Loss: 0.5510 Acc: 0.7500 F1: 0.4286 | Val Loss: 0.7190 Acc: 0.6000 F1: 0.3750 | Train Meta: metadata_norm_mean=5.6311 | Val Meta: metadata_norm_mean=5.6311
Epoch  46/50 | Train Loss: 0.5377 Acc: 0.7625 F1: 0.4326 | Val Loss: 0.7249 Acc: 0.6000 F1: 0.3750 | Train Meta: metadata_norm_mean=5.6311 | Val Meta: metadata_norm_mean=5.6311
Epoch  47/50 | Train Loss: 0.5515 Acc: 0.7500 F1: 0.4286 | Val Loss: 0.7279 Acc: 0.6000 F1: 0.3750 | Train Meta: metadata_norm_mean=5.6311 | Val Meta: metadata_norm_mean=5.6311
Epoch  48/50 | Train Loss: 0.5494 Acc: 0.7500 F1: 0.4286 | Val Loss: 0.7131 Acc: 0.6000 F1: 0.3750 | Train Meta: metadata_norm_mean=5.6311 | Val Meta: metadata_norm_mean=5.6311
Epoch  49/50 | Train Loss: 0.5623 Acc: 0.7500 F1: 0.4286 | Val Loss: 0.7020 Acc: 0.6000 F1: 0.3750 | Train Meta: metadata_norm_mean=5.6311 | Val Meta: metadata_norm_mean=5.6311
Epoch  50/50 | Train Loss: 0.5655 Acc: 0.7500 F1: 0.4286 | Val Loss: 0.7411 Acc: 0.6000 F1: 0.3750 | Train Meta: metadata_norm_mean=5.6311 | Val Meta: metadata_norm_mean=5.6311

Random Encoder Classification Result (Heartbeat)
Accuracy : 0.721951
F1 (macro): 0.419263
Joint metadata preview | dataset=JapaneseVowels | domain=UEA | channels=12
   - channel_1: In the UEA domain, this channel belongs to the JapaneseVowels dataset and represents the feature channel 1. Channel statistics over the training split: mean value is -0.000, standard deviation is 1.000, minimum value is -2.290, maximum value is 2.841, median value is -0.298, and mean absolute value is 0.896.
/data/pjh_workspace/ts-env/lib/python3.8/site-packages/torch/nn/modules/transformer.py:307: UserWarning: enable_nested_tensor is True, but self.use_nested_tensor is False because encoder_layer.norm_first was True
  warnings.warn(f"enable_nested_tensor is True, but self.use_nested_tensor is False because {why_not_sparsity_fast_path}")
==================================================
🚀 Architecture: LAYA Random Encoder
📊 Target Dataset: JapaneseVowels (Channels: 12)
📊 Classes: 9 | Sequence Length: 26
==================================================
✅ Encoder is RANDOMLY initialized and FROZEN (Linear Probing mode).
Epoch   1/50 | Train Loss: 2.3042 Acc: 0.1010 F1: 0.0798 | Val Loss: 2.3647 Acc: 0.0926 F1: 0.0188 | Train Meta: metadata_norm_mean=5.6349 | Val Meta: metadata_norm_mean=5.6349
Epoch   2/50 | Train Loss: 2.2048 Acc: 0.1298 F1: 0.0799 | Val Loss: 2.2131 Acc: 0.1852 F1: 0.0729 | Train Meta: metadata_norm_mean=5.6349 | Val Meta: metadata_norm_mean=5.6349
Epoch   3/50 | Train Loss: 2.1078 Acc: 0.1250 F1: 0.0790 | Val Loss: 2.2423 Acc: 0.0926 F1: 0.0188 | Train Meta: metadata_norm_mean=5.6349 | Val Meta: metadata_norm_mean=5.6349
Epoch   4/50 | Train Loss: 2.0805 Acc: 0.1250 F1: 0.0451 | Val Loss: 2.1704 Acc: 0.1481 F1: 0.0876 | Train Meta: metadata_norm_mean=5.6349 | Val Meta: metadata_norm_mean=5.6349
Epoch   5/50 | Train Loss: 2.0769 Acc: 0.1923 F1: 0.1033 | Val Loss: 2.1427 Acc: 0.1852 F1: 0.1176 | Train Meta: metadata_norm_mean=5.6349 | Val Meta: metadata_norm_mean=5.6349
Epoch   6/50 | Train Loss: 2.0582 Acc: 0.2500 F1: 0.1700 | Val Loss: 2.1463 Acc: 0.2593 F1: 0.1925 | Train Meta: metadata_norm_mean=5.6349 | Val Meta: metadata_norm_mean=5.6349
Epoch   7/50 | Train Loss: 2.0412 Acc: 0.2548 F1: 0.1956 | Val Loss: 2.1013 Acc: 0.1667 F1: 0.1026 | Train Meta: metadata_norm_mean=5.6349 | Val Meta: metadata_norm_mean=5.6349
Epoch   8/50 | Train Loss: 2.0456 Acc: 0.2500 F1: 0.2007 | Val Loss: 2.0921 Acc: 0.2593 F1: 0.1445 | Train Meta: metadata_norm_mean=5.6349 | Val Meta: metadata_norm_mean=5.6349
Epoch   9/50 | Train Loss: 2.0284 Acc: 0.2356 F1: 0.1979 | Val Loss: 2.0828 Acc: 0.1667 F1: 0.1113 | Train Meta: metadata_norm_mean=5.6349 | Val Meta: metadata_norm_mean=5.6349
Epoch  10/50 | Train Loss: 1.9739 Acc: 0.2548 F1: 0.1656 | Val Loss: 2.0327 Acc: 0.2222 F1: 0.1471 | Train Meta: metadata_norm_mean=5.6349 | Val Meta: metadata_norm_mean=5.6349
Epoch  11/50 | Train Loss: 1.9727 Acc: 0.2067 F1: 0.1296 | Val Loss: 2.0776 Acc: 0.1667 F1: 0.1251 | Train Meta: metadata_norm_mean=5.6349 | Val Meta: metadata_norm_mean=5.6349
Epoch  12/50 | Train Loss: 1.9573 Acc: 0.2740 F1: 0.2145 | Val Loss: 2.0222 Acc: 0.2593 F1: 0.1970 | Train Meta: metadata_norm_mean=5.6349 | Val Meta: metadata_norm_mean=5.6349
Epoch  13/50 | Train Loss: 1.9283 Acc: 0.2837 F1: 0.1989 | Val Loss: 2.0378 Acc: 0.1667 F1: 0.1026 | Train Meta: metadata_norm_mean=5.6349 | Val Meta: metadata_norm_mean=5.6349
Epoch  14/50 | Train Loss: 1.9241 Acc: 0.2740 F1: 0.2183 | Val Loss: 1.9774 Acc: 0.2593 F1: 0.2147 | Train Meta: metadata_norm_mean=5.6349 | Val Meta: metadata_norm_mean=5.6349
Epoch  15/50 | Train Loss: 1.9055 Acc: 0.2981 F1: 0.2187 | Val Loss: 1.9988 Acc: 0.1296 F1: 0.1297 | Train Meta: metadata_norm_mean=5.6349 | Val Meta: metadata_norm_mean=5.6349
Epoch  16/50 | Train Loss: 1.8873 Acc: 0.3029 F1: 0.2528 | Val Loss: 1.9974 Acc: 0.2037 F1: 0.1328 | Train Meta: metadata_norm_mean=5.6349 | Val Meta: metadata_norm_mean=5.6349
Epoch  17/50 | Train Loss: 1.8837 Acc: 0.2692 F1: 0.2126 | Val Loss: 1.9380 Acc: 0.2593 F1: 0.1849 | Train Meta: metadata_norm_mean=5.6349 | Val Meta: metadata_norm_mean=5.6349
Epoch  18/50 | Train Loss: 1.8759 Acc: 0.2885 F1: 0.2255 | Val Loss: 1.9468 Acc: 0.2778 F1: 0.2100 | Train Meta: metadata_norm_mean=5.6349 | Val Meta: metadata_norm_mean=5.6349
Epoch  19/50 | Train Loss: 1.8526 Acc: 0.2596 F1: 0.2051 | Val Loss: 1.8899 Acc: 0.2963 F1: 0.1908 | Train Meta: metadata_norm_mean=5.6349 | Val Meta: metadata_norm_mean=5.6349
Epoch  20/50 | Train Loss: 1.8255 Acc: 0.3413 F1: 0.2637 | Val Loss: 1.9528 Acc: 0.2593 F1: 0.2197 | Train Meta: metadata_norm_mean=5.6349 | Val Meta: metadata_norm_mean=5.6349
Epoch  21/50 | Train Loss: 1.8209 Acc: 0.3317 F1: 0.2550 | Val Loss: 1.8903 Acc: 0.3519 F1: 0.3666 | Train Meta: metadata_norm_mean=5.6349 | Val Meta: metadata_norm_mean=5.6349
Epoch  22/50 | Train Loss: 1.8318 Acc: 0.3558 F1: 0.3285 | Val Loss: 1.8471 Acc: 0.4815 F1: 0.3560 | Train Meta: metadata_norm_mean=5.6349 | Val Meta: metadata_norm_mean=5.6349
Epoch  23/50 | Train Loss: 1.8024 Acc: 0.3173 F1: 0.2684 | Val Loss: 1.9270 Acc: 0.1852 F1: 0.1728 | Train Meta: metadata_norm_mean=5.6349 | Val Meta: metadata_norm_mean=5.6349
Epoch  24/50 | Train Loss: 1.7911 Acc: 0.3125 F1: 0.2645 | Val Loss: 1.8319 Acc: 0.5185 F1: 0.3892 | Train Meta: metadata_norm_mean=5.6349 | Val Meta: metadata_norm_mean=5.6349
Epoch  25/50 | Train Loss: 1.7966 Acc: 0.3029 F1: 0.2307 | Val Loss: 1.8874 Acc: 0.2778 F1: 0.2720 | Train Meta: metadata_norm_mean=5.6349 | Val Meta: metadata_norm_mean=5.6349
Epoch  26/50 | Train Loss: 1.7913 Acc: 0.3317 F1: 0.2475 | Val Loss: 1.8078 Acc: 0.4630 F1: 0.3413 | Train Meta: metadata_norm_mean=5.6349 | Val Meta: metadata_norm_mean=5.6349
Epoch  27/50 | Train Loss: 1.7569 Acc: 0.3702 F1: 0.3414 | Val Loss: 1.8108 Acc: 0.3704 F1: 0.2814 | Train Meta: metadata_norm_mean=5.6349 | Val Meta: metadata_norm_mean=5.6349
Epoch  28/50 | Train Loss: 1.7422 Acc: 0.3317 F1: 0.2971 | Val Loss: 1.8618 Acc: 0.2407 F1: 0.2027 | Train Meta: metadata_norm_mean=5.6349 | Val Meta: metadata_norm_mean=5.6349
Epoch  29/50 | Train Loss: 1.7599 Acc: 0.3269 F1: 0.2734 | Val Loss: 1.7656 Acc: 0.4074 F1: 0.2974 | Train Meta: metadata_norm_mean=5.6349 | Val Meta: metadata_norm_mean=5.6349
Epoch  30/50 | Train Loss: 1.7184 Acc: 0.3894 F1: 0.3272 | Val Loss: 1.8501 Acc: 0.2593 F1: 0.2305 | Train Meta: metadata_norm_mean=5.6349 | Val Meta: metadata_norm_mean=5.6349
Epoch  31/50 | Train Loss: 1.7132 Acc: 0.4183 F1: 0.3642 | Val Loss: 1.7736 Acc: 0.5000 F1: 0.4264 | Train Meta: metadata_norm_mean=5.6349 | Val Meta: metadata_norm_mean=5.6349
Epoch  32/50 | Train Loss: 1.7093 Acc: 0.3798 F1: 0.3342 | Val Loss: 1.7763 Acc: 0.2778 F1: 0.2289 | Train Meta: metadata_norm_mean=5.6349 | Val Meta: metadata_norm_mean=5.6349
Epoch  33/50 | Train Loss: 1.7247 Acc: 0.3413 F1: 0.2654 | Val Loss: 1.8177 Acc: 0.2593 F1: 0.2119 | Train Meta: metadata_norm_mean=5.6349 | Val Meta: metadata_norm_mean=5.6349
Epoch  34/50 | Train Loss: 1.6817 Acc: 0.4279 F1: 0.3699 | Val Loss: 1.7512 Acc: 0.4074 F1: 0.3007 | Train Meta: metadata_norm_mean=5.6349 | Val Meta: metadata_norm_mean=5.6349
Epoch  35/50 | Train Loss: 1.6713 Acc: 0.3942 F1: 0.3042 | Val Loss: 1.7685 Acc: 0.2963 F1: 0.2687 | Train Meta: metadata_norm_mean=5.6349 | Val Meta: metadata_norm_mean=5.6349
Epoch  36/50 | Train Loss: 1.6917 Acc: 0.3606 F1: 0.3138 | Val Loss: 1.7462 Acc: 0.4074 F1: 0.3061 | Train Meta: metadata_norm_mean=5.6349 | Val Meta: metadata_norm_mean=5.6349
Epoch  37/50 | Train Loss: 1.6906 Acc: 0.3462 F1: 0.2871 | Val Loss: 1.7865 Acc: 0.1852 F1: 0.1449 | Train Meta: metadata_norm_mean=5.6349 | Val Meta: metadata_norm_mean=5.6349
Epoch  38/50 | Train Loss: 1.6803 Acc: 0.3654 F1: 0.2890 | Val Loss: 1.7182 Acc: 0.4074 F1: 0.3362 | Train Meta: metadata_norm_mean=5.6349 | Val Meta: metadata_norm_mean=5.6349
Epoch  39/50 | Train Loss: 1.6676 Acc: 0.4135 F1: 0.3681 | Val Loss: 1.7107 Acc: 0.4630 F1: 0.3743 | Train Meta: metadata_norm_mean=5.6349 | Val Meta: metadata_norm_mean=5.6349
Epoch  40/50 | Train Loss: 1.6744 Acc: 0.3606 F1: 0.2904 | Val Loss: 1.7327 Acc: 0.3148 F1: 0.2754 | Train Meta: metadata_norm_mean=5.6349 | Val Meta: metadata_norm_mean=5.6349
Epoch  41/50 | Train Loss: 1.6759 Acc: 0.3558 F1: 0.2949 | Val Loss: 1.6800 Acc: 0.4630 F1: 0.3651 | Train Meta: metadata_norm_mean=5.6349 | Val Meta: metadata_norm_mean=5.6349
Epoch  42/50 | Train Loss: 1.6473 Acc: 0.3606 F1: 0.3047 | Val Loss: 1.7475 Acc: 0.2407 F1: 0.2220 | Train Meta: metadata_norm_mean=5.6349 | Val Meta: metadata_norm_mean=5.6349
Epoch  43/50 | Train Loss: 1.6498 Acc: 0.3558 F1: 0.3071 | Val Loss: 1.6950 Acc: 0.4259 F1: 0.3486 | Train Meta: metadata_norm_mean=5.6349 | Val Meta: metadata_norm_mean=5.6349
Epoch  44/50 | Train Loss: 1.6518 Acc: 0.4327 F1: 0.4094 | Val Loss: 1.7317 Acc: 0.3333 F1: 0.3407 | Train Meta: metadata_norm_mean=5.6349 | Val Meta: metadata_norm_mean=5.6349
Epoch  45/50 | Train Loss: 1.6210 Acc: 0.3990 F1: 0.3381 | Val Loss: 1.6711 Acc: 0.4444 F1: 0.3634 | Train Meta: metadata_norm_mean=5.6349 | Val Meta: metadata_norm_mean=5.6349
Epoch  46/50 | Train Loss: 1.6204 Acc: 0.3654 F1: 0.3317 | Val Loss: 1.6853 Acc: 0.3704 F1: 0.3405 | Train Meta: metadata_norm_mean=5.6349 | Val Meta: metadata_norm_mean=5.6349
Epoch  47/50 | Train Loss: 1.5985 Acc: 0.3750 F1: 0.3120 | Val Loss: 1.6570 Acc: 0.4074 F1: 0.3341 | Train Meta: metadata_norm_mean=5.6349 | Val Meta: metadata_norm_mean=5.6349
Epoch  48/50 | Train Loss: 1.6076 Acc: 0.4423 F1: 0.3658 | Val Loss: 1.6985 Acc: 0.3704 F1: 0.3466 | Train Meta: metadata_norm_mean=5.6349 | Val Meta: metadata_norm_mean=5.6349
Epoch  49/50 | Train Loss: 1.6012 Acc: 0.4279 F1: 0.3936 | Val Loss: 1.6665 Acc: 0.4815 F1: 0.4294 | Train Meta: metadata_norm_mean=5.6349 | Val Meta: metadata_norm_mean=5.6349
Epoch  50/50 | Train Loss: 1.5824 Acc: 0.4135 F1: 0.3846 | Val Loss: 1.7083 Acc: 0.2407 F1: 0.2279 | Train Meta: metadata_norm_mean=5.6349 | Val Meta: metadata_norm_mean=5.6349

Random Encoder Classification Result (JapaneseVowels)
Accuracy : 0.308108
F1 (macro): 0.241550
Joint metadata preview | dataset=PEMS-SF | domain=UEA | channels=963
   - channel_1: In the UEA domain, this channel belongs to the PEMS-SF dataset and represents the feature channel 1. Channel statistics over the training split: mean value is -0.000, standard deviation is 1.000, minimum value is -1.443, maximum value is 12.401, median value is 0.131, and mean absolute value is 0.665.
/data/pjh_workspace/ts-env/lib/python3.8/site-packages/torch/nn/modules/transformer.py:307: UserWarning: enable_nested_tensor is True, but self.use_nested_tensor is False because encoder_layer.norm_first was True
  warnings.warn(f"enable_nested_tensor is True, but self.use_nested_tensor is False because {why_not_sparsity_fast_path}")
==================================================
🚀 Architecture: LAYA Random Encoder
📊 Target Dataset: PEMS-SF (Channels: 963)
📊 Classes: 7 | Sequence Length: 144
==================================================
✅ Encoder is RANDOMLY initialized and FROZEN (Linear Probing mode).
Epoch   1/50 | Train Loss: 1.9788 Acc: 0.1394 F1: 0.0839 | Val Loss: 2.0720 Acc: 0.0566 F1: 0.0153 | Train Meta: metadata_norm_mean=5.6326 | Val Meta: metadata_norm_mean=5.6326
Epoch   2/50 | Train Loss: 1.8772 Acc: 0.1875 F1: 0.1341 | Val Loss: 1.8907 Acc: 0.2453 F1: 0.1263 | Train Meta: metadata_norm_mean=5.6326 | Val Meta: metadata_norm_mean=5.6326
Epoch   3/50 | Train Loss: 1.7754 Acc: 0.3125 F1: 0.2156 | Val Loss: 1.7493 Acc: 0.3774 F1: 0.1629 | Train Meta: metadata_norm_mean=5.6326 | Val Meta: metadata_norm_mean=5.6326
Epoch   4/50 | Train Loss: 1.7126 Acc: 0.3077 F1: 0.1559 | Val Loss: 1.7340 Acc: 0.2264 F1: 0.1165 | Train Meta: metadata_norm_mean=5.6326 | Val Meta: metadata_norm_mean=5.6326
Epoch   5/50 | Train Loss: 1.6555 Acc: 0.2981 F1: 0.1786 | Val Loss: 1.6888 Acc: 0.2453 F1: 0.1568 | Train Meta: metadata_norm_mean=5.6326 | Val Meta: metadata_norm_mean=5.6326
Epoch   6/50 | Train Loss: 1.6244 Acc: 0.3077 F1: 0.1895 | Val Loss: 1.5971 Acc: 0.3396 F1: 0.1666 | Train Meta: metadata_norm_mean=5.6326 | Val Meta: metadata_norm_mean=5.6326
Epoch   7/50 | Train Loss: 1.5737 Acc: 0.3269 F1: 0.1617 | Val Loss: 1.5927 Acc: 0.2075 F1: 0.1134 | Train Meta: metadata_norm_mean=5.6326 | Val Meta: metadata_norm_mean=5.6326
Epoch   8/50 | Train Loss: 1.5352 Acc: 0.3317 F1: 0.2081 | Val Loss: 1.5446 Acc: 0.2453 F1: 0.1263 | Train Meta: metadata_norm_mean=5.6326 | Val Meta: metadata_norm_mean=5.6326
Epoch   9/50 | Train Loss: 1.5274 Acc: 0.3413 F1: 0.1738 | Val Loss: 1.5949 Acc: 0.2075 F1: 0.1232 | Train Meta: metadata_norm_mean=5.6326 | Val Meta: metadata_norm_mean=5.6326
Epoch  10/50 | Train Loss: 1.4878 Acc: 0.3413 F1: 0.2151 | Val Loss: 1.4731 Acc: 0.3962 F1: 0.2120 | Train Meta: metadata_norm_mean=5.6326 | Val Meta: metadata_norm_mean=5.6326
Epoch  11/50 | Train Loss: 1.4611 Acc: 0.3317 F1: 0.2238 | Val Loss: 1.5060 Acc: 0.4151 F1: 0.3206 | Train Meta: metadata_norm_mean=5.6326 | Val Meta: metadata_norm_mean=5.6326
Epoch  12/50 | Train Loss: 1.4612 Acc: 0.3365 F1: 0.2440 | Val Loss: 1.4423 Acc: 0.3774 F1: 0.1629 | Train Meta: metadata_norm_mean=5.6326 | Val Meta: metadata_norm_mean=5.6326
Epoch  13/50 | Train Loss: 1.4604 Acc: 0.3462 F1: 0.2273 | Val Loss: 1.4687 Acc: 0.2264 F1: 0.1207 | Train Meta: metadata_norm_mean=5.6326 | Val Meta: metadata_norm_mean=5.6326
Epoch  14/50 | Train Loss: 1.4402 Acc: 0.3558 F1: 0.2771 | Val Loss: 1.4046 Acc: 0.3585 F1: 0.2434 | Train Meta: metadata_norm_mean=5.6326 | Val Meta: metadata_norm_mean=5.6326
Epoch  15/50 | Train Loss: 1.4059 Acc: 0.3510 F1: 0.2520 | Val Loss: 1.4302 Acc: 0.3962 F1: 0.3150 | Train Meta: metadata_norm_mean=5.6326 | Val Meta: metadata_norm_mean=5.6326
Epoch  16/50 | Train Loss: 1.4064 Acc: 0.3750 F1: 0.2993 | Val Loss: 1.3875 Acc: 0.3396 F1: 0.1875 | Train Meta: metadata_norm_mean=5.6326 | Val Meta: metadata_norm_mean=5.6326
Epoch  17/50 | Train Loss: 1.3743 Acc: 0.3558 F1: 0.2088 | Val Loss: 1.4434 Acc: 0.2453 F1: 0.1263 | Train Meta: metadata_norm_mean=5.6326 | Val Meta: metadata_norm_mean=5.6326
Epoch  18/50 | Train Loss: 1.3750 Acc: 0.3702 F1: 0.2879 | Val Loss: 1.3256 Acc: 0.5283 F1: 0.3449 | Train Meta: metadata_norm_mean=5.6326 | Val Meta: metadata_norm_mean=5.6326
Epoch  19/50 | Train Loss: 1.3637 Acc: 0.3510 F1: 0.2991 | Val Loss: 1.3742 Acc: 0.2453 F1: 0.1263 | Train Meta: metadata_norm_mean=5.6326 | Val Meta: metadata_norm_mean=5.6326
Epoch  20/50 | Train Loss: 1.3771 Acc: 0.3413 F1: 0.2729 | Val Loss: 1.3630 Acc: 0.4151 F1: 0.3206 | Train Meta: metadata_norm_mean=5.6326 | Val Meta: metadata_norm_mean=5.6326
Epoch  21/50 | Train Loss: 1.3848 Acc: 0.3606 F1: 0.3123 | Val Loss: 1.3340 Acc: 0.3396 F1: 0.2536 | Train Meta: metadata_norm_mean=5.6326 | Val Meta: metadata_norm_mean=5.6326
Epoch  22/50 | Train Loss: 1.3699 Acc: 0.2981 F1: 0.2074 | Val Loss: 1.3317 Acc: 0.3208 F1: 0.2316 | Train Meta: metadata_norm_mean=5.6326 | Val Meta: metadata_norm_mean=5.6326
Epoch  23/50 | Train Loss: 1.3189 Acc: 0.4375 F1: 0.3952 | Val Loss: 1.2959 Acc: 0.5283 F1: 0.4032 | Train Meta: metadata_norm_mean=5.6326 | Val Meta: metadata_norm_mean=5.6326
Epoch  24/50 | Train Loss: 1.3272 Acc: 0.3654 F1: 0.3036 | Val Loss: 1.2965 Acc: 0.5472 F1: 0.4424 | Train Meta: metadata_norm_mean=5.6326 | Val Meta: metadata_norm_mean=5.6326
Epoch  25/50 | Train Loss: 1.3032 Acc: 0.4327 F1: 0.3528 | Val Loss: 1.2931 Acc: 0.3585 F1: 0.2914 | Train Meta: metadata_norm_mean=5.6326 | Val Meta: metadata_norm_mean=5.6326
Epoch  26/50 | Train Loss: 1.3110 Acc: 0.4423 F1: 0.4106 | Val Loss: 1.3037 Acc: 0.3019 F1: 0.2483 | Train Meta: metadata_norm_mean=5.6326 | Val Meta: metadata_norm_mean=5.6326
Epoch  27/50 | Train Loss: 1.3089 Acc: 0.4087 F1: 0.3481 | Val Loss: 1.3041 Acc: 0.2642 F1: 0.1814 | Train Meta: metadata_norm_mean=5.6326 | Val Meta: metadata_norm_mean=5.6326
Epoch  28/50 | Train Loss: 1.2989 Acc: 0.3702 F1: 0.3169 | Val Loss: 1.2766 Acc: 0.4528 F1: 0.4003 | Train Meta: metadata_norm_mean=5.6326 | Val Meta: metadata_norm_mean=5.6326
Epoch  29/50 | Train Loss: 1.2760 Acc: 0.4760 F1: 0.4158 | Val Loss: 1.2637 Acc: 0.4906 F1: 0.3588 | Train Meta: metadata_norm_mean=5.6326 | Val Meta: metadata_norm_mean=5.6326
Epoch  30/50 | Train Loss: 1.2843 Acc: 0.3990 F1: 0.3518 | Val Loss: 1.2684 Acc: 0.4151 F1: 0.3633 | Train Meta: metadata_norm_mean=5.6326 | Val Meta: metadata_norm_mean=5.6326
Epoch  31/50 | Train Loss: 1.2680 Acc: 0.4519 F1: 0.3816 | Val Loss: 1.2427 Acc: 0.4906 F1: 0.3615 | Train Meta: metadata_norm_mean=5.6326 | Val Meta: metadata_norm_mean=5.6326
Epoch  32/50 | Train Loss: 1.2688 Acc: 0.4519 F1: 0.3809 | Val Loss: 1.2555 Acc: 0.3774 F1: 0.3083 | Train Meta: metadata_norm_mean=5.6326 | Val Meta: metadata_norm_mean=5.6326
Epoch  33/50 | Train Loss: 1.2751 Acc: 0.4135 F1: 0.4137 | Val Loss: 1.2465 Acc: 0.2830 F1: 0.1870 | Train Meta: metadata_norm_mean=5.6326 | Val Meta: metadata_norm_mean=5.6326
Epoch  34/50 | Train Loss: 1.2645 Acc: 0.3846 F1: 0.2923 | Val Loss: 1.2418 Acc: 0.4528 F1: 0.3926 | Train Meta: metadata_norm_mean=5.6326 | Val Meta: metadata_norm_mean=5.6326
Epoch  35/50 | Train Loss: 1.2407 Acc: 0.4327 F1: 0.3830 | Val Loss: 1.2091 Acc: 0.4528 F1: 0.3675 | Train Meta: metadata_norm_mean=5.6326 | Val Meta: metadata_norm_mean=5.6326
Epoch  36/50 | Train Loss: 1.2304 Acc: 0.4663 F1: 0.4244 | Val Loss: 1.2226 Acc: 0.6038 F1: 0.5098 | Train Meta: metadata_norm_mean=5.6326 | Val Meta: metadata_norm_mean=5.6326
Epoch  37/50 | Train Loss: 1.2314 Acc: 0.4615 F1: 0.4108 | Val Loss: 1.1919 Acc: 0.4151 F1: 0.2637 | Train Meta: metadata_norm_mean=5.6326 | Val Meta: metadata_norm_mean=5.6326
Epoch  38/50 | Train Loss: 1.2378 Acc: 0.4183 F1: 0.3877 | Val Loss: 1.2328 Acc: 0.4151 F1: 0.3571 | Train Meta: metadata_norm_mean=5.6326 | Val Meta: metadata_norm_mean=5.6326
Epoch  39/50 | Train Loss: 1.2201 Acc: 0.4760 F1: 0.4266 | Val Loss: 1.1790 Acc: 0.5283 F1: 0.4363 | Train Meta: metadata_norm_mean=5.6326 | Val Meta: metadata_norm_mean=5.6326
Epoch  40/50 | Train Loss: 1.2260 Acc: 0.4952 F1: 0.4712 | Val Loss: 1.2080 Acc: 0.5094 F1: 0.4305 | Train Meta: metadata_norm_mean=5.6326 | Val Meta: metadata_norm_mean=5.6326
Epoch  41/50 | Train Loss: 1.2063 Acc: 0.4423 F1: 0.3509 | Val Loss: 1.1683 Acc: 0.6415 F1: 0.5767 | Train Meta: metadata_norm_mean=5.6326 | Val Meta: metadata_norm_mean=5.6326
Epoch  42/50 | Train Loss: 1.2234 Acc: 0.4471 F1: 0.4523 | Val Loss: 1.1708 Acc: 0.5283 F1: 0.4353 | Train Meta: metadata_norm_mean=5.6326 | Val Meta: metadata_norm_mean=5.6326
Epoch  43/50 | Train Loss: 1.1901 Acc: 0.4423 F1: 0.4015 | Val Loss: 1.1724 Acc: 0.4906 F1: 0.4070 | Train Meta: metadata_norm_mean=5.6326 | Val Meta: metadata_norm_mean=5.6326
Epoch  44/50 | Train Loss: 1.1843 Acc: 0.5481 F1: 0.5256 | Val Loss: 1.1347 Acc: 0.6038 F1: 0.5053 | Train Meta: metadata_norm_mean=5.6326 | Val Meta: metadata_norm_mean=5.6326
Epoch  45/50 | Train Loss: 1.2065 Acc: 0.5144 F1: 0.5082 | Val Loss: 1.1511 Acc: 0.4717 F1: 0.4159 | Train Meta: metadata_norm_mean=5.6326 | Val Meta: metadata_norm_mean=5.6326
Epoch  46/50 | Train Loss: 1.1992 Acc: 0.4952 F1: 0.4485 | Val Loss: 1.1381 Acc: 0.5660 F1: 0.4706 | Train Meta: metadata_norm_mean=5.6326 | Val Meta: metadata_norm_mean=5.6326
Epoch  47/50 | Train Loss: 1.1998 Acc: 0.5240 F1: 0.4545 | Val Loss: 1.1552 Acc: 0.4340 F1: 0.3541 | Train Meta: metadata_norm_mean=5.6326 | Val Meta: metadata_norm_mean=5.6326
Epoch  48/50 | Train Loss: 1.1780 Acc: 0.4375 F1: 0.4136 | Val Loss: 1.0967 Acc: 0.6792 F1: 0.5700 | Train Meta: metadata_norm_mean=5.6326 | Val Meta: metadata_norm_mean=5.6326
Epoch  49/50 | Train Loss: 1.1606 Acc: 0.5096 F1: 0.5222 | Val Loss: 1.1697 Acc: 0.5094 F1: 0.4205 | Train Meta: metadata_norm_mean=5.6326 | Val Meta: metadata_norm_mean=5.6326
Epoch  50/50 | Train Loss: 1.1642 Acc: 0.4952 F1: 0.3971 | Val Loss: 1.1087 Acc: 0.5660 F1: 0.4772 | Train Meta: metadata_norm_mean=5.6326 | Val Meta: metadata_norm_mean=5.6326

Random Encoder Classification Result (PEMS-SF)
Accuracy : 0.658960
F1 (macro): 0.601787
Joint metadata preview | dataset=SelfRegulationSCP1 | domain=UEA | channels=6
   - channel_1: In the UEA domain, this channel belongs to the SelfRegulationSCP1 dataset and represents the feature channel 1. Channel statistics over the training split: mean value is -0.000, standard deviation is 1.000, minimum value is -3.627, maximum value is 4.365, median value is -0.073, and mean absolute value is 0.766.
/data/pjh_workspace/ts-env/lib/python3.8/site-packages/torch/nn/modules/transformer.py:307: UserWarning: enable_nested_tensor is True, but self.use_nested_tensor is False because encoder_layer.norm_first was True
  warnings.warn(f"enable_nested_tensor is True, but self.use_nested_tensor is False because {why_not_sparsity_fast_path}")
==================================================
🚀 Architecture: LAYA Random Encoder
📊 Target Dataset: SelfRegulationSCP1 (Channels: 6)
📊 Classes: 2 | Sequence Length: 896
==================================================
✅ Encoder is RANDOMLY initialized and FROZEN (Linear Probing mode).
Epoch   1/50 | Train Loss: 0.7109 Acc: 0.5337 F1: 0.5336 | Val Loss: 0.5936 Acc: 0.6792 F1: 0.6788 | Train Meta: metadata_norm_mean=5.6318 | Val Meta: metadata_norm_mean=5.6318
Epoch   2/50 | Train Loss: 0.5892 Acc: 0.6875 F1: 0.6871 | Val Loss: 0.5925 Acc: 0.6792 F1: 0.6788 | Train Meta: metadata_norm_mean=5.6318 | Val Meta: metadata_norm_mean=5.6318
Epoch   3/50 | Train Loss: 0.5812 Acc: 0.6875 F1: 0.6874 | Val Loss: 0.5803 Acc: 0.6981 F1: 0.6980 | Train Meta: metadata_norm_mean=5.6318 | Val Meta: metadata_norm_mean=5.6318
Epoch   4/50 | Train Loss: 0.5743 Acc: 0.6683 F1: 0.6679 | Val Loss: 0.5973 Acc: 0.7736 F1: 0.7716 | Train Meta: metadata_norm_mean=5.6318 | Val Meta: metadata_norm_mean=5.6318
Epoch   5/50 | Train Loss: 0.5915 Acc: 0.7404 F1: 0.7293 | Val Loss: 0.5726 Acc: 0.6792 F1: 0.6788 | Train Meta: metadata_norm_mean=5.6318 | Val Meta: metadata_norm_mean=5.6318
Epoch   6/50 | Train Loss: 0.5645 Acc: 0.7019 F1: 0.7019 | Val Loss: 0.5707 Acc: 0.7736 F1: 0.7729 | Train Meta: metadata_norm_mean=5.6318 | Val Meta: metadata_norm_mean=5.6318
Epoch   7/50 | Train Loss: 0.5819 Acc: 0.6923 F1: 0.6858 | Val Loss: 0.5924 Acc: 0.6226 F1: 0.6114 | Train Meta: metadata_norm_mean=5.6318 | Val Meta: metadata_norm_mean=5.6318
Epoch   8/50 | Train Loss: 0.5928 Acc: 0.6779 F1: 0.6766 | Val Loss: 0.5656 Acc: 0.7736 F1: 0.7716 | Train Meta: metadata_norm_mean=5.6318 | Val Meta: metadata_norm_mean=5.6318
Epoch   9/50 | Train Loss: 0.5643 Acc: 0.7115 F1: 0.7111 | Val Loss: 0.5473 Acc: 0.7358 F1: 0.7358 | Train Meta: metadata_norm_mean=5.6318 | Val Meta: metadata_norm_mean=5.6318
Epoch  10/50 | Train Loss: 0.5614 Acc: 0.6971 F1: 0.6911 | Val Loss: 0.5465 Acc: 0.7547 F1: 0.7544 | Train Meta: metadata_norm_mean=5.6318 | Val Meta: metadata_norm_mean=5.6318
Epoch  11/50 | Train Loss: 0.5526 Acc: 0.6971 F1: 0.6951 | Val Loss: 0.5527 Acc: 0.6792 F1: 0.6788 | Train Meta: metadata_norm_mean=5.6318 | Val Meta: metadata_norm_mean=5.6318
Epoch  12/50 | Train Loss: 0.5583 Acc: 0.7115 F1: 0.7088 | Val Loss: 0.5392 Acc: 0.7547 F1: 0.7544 | Train Meta: metadata_norm_mean=5.6318 | Val Meta: metadata_norm_mean=5.6318
Epoch  13/50 | Train Loss: 0.5602 Acc: 0.6827 F1: 0.6777 | Val Loss: 0.5415 Acc: 0.6981 F1: 0.6980 | Train Meta: metadata_norm_mean=5.6318 | Val Meta: metadata_norm_mean=5.6318
Epoch  14/50 | Train Loss: 0.5653 Acc: 0.7212 F1: 0.7174 | Val Loss: 0.5378 Acc: 0.7547 F1: 0.7544 | Train Meta: metadata_norm_mean=5.6318 | Val Meta: metadata_norm_mean=5.6318
Epoch  15/50 | Train Loss: 0.5593 Acc: 0.6875 F1: 0.6875 | Val Loss: 0.5358 Acc: 0.7547 F1: 0.7544 | Train Meta: metadata_norm_mean=5.6318 | Val Meta: metadata_norm_mean=5.6318
Epoch  16/50 | Train Loss: 0.5558 Acc: 0.7067 F1: 0.7017 | Val Loss: 0.5336 Acc: 0.6981 F1: 0.6980 | Train Meta: metadata_norm_mean=5.6318 | Val Meta: metadata_norm_mean=5.6318
Epoch  17/50 | Train Loss: 0.5552 Acc: 0.6923 F1: 0.6894 | Val Loss: 0.5312 Acc: 0.7358 F1: 0.7358 | Train Meta: metadata_norm_mean=5.6318 | Val Meta: metadata_norm_mean=5.6318
Epoch  18/50 | Train Loss: 0.5467 Acc: 0.7260 F1: 0.7252 | Val Loss: 0.5314 Acc: 0.7925 F1: 0.7913 | Train Meta: metadata_norm_mean=5.6318 | Val Meta: metadata_norm_mean=5.6318
Epoch  19/50 | Train Loss: 0.5614 Acc: 0.6779 F1: 0.6715 | Val Loss: 0.5398 Acc: 0.6792 F1: 0.6788 | Train Meta: metadata_norm_mean=5.6318 | Val Meta: metadata_norm_mean=5.6318
Epoch  20/50 | Train Loss: 0.5487 Acc: 0.7356 F1: 0.7329 | Val Loss: 0.5296 Acc: 0.7925 F1: 0.7913 | Train Meta: metadata_norm_mean=5.6318 | Val Meta: metadata_norm_mean=5.6318
Epoch  21/50 | Train Loss: 0.5695 Acc: 0.6827 F1: 0.6812 | Val Loss: 0.5247 Acc: 0.7547 F1: 0.7544 | Train Meta: metadata_norm_mean=5.6318 | Val Meta: metadata_norm_mean=5.6318
Epoch  22/50 | Train Loss: 0.5563 Acc: 0.7067 F1: 0.6971 | Val Loss: 0.5237 Acc: 0.7547 F1: 0.7544 | Train Meta: metadata_norm_mean=5.6318 | Val Meta: metadata_norm_mean=5.6318
Epoch  23/50 | Train Loss: 0.5507 Acc: 0.7115 F1: 0.7070 | Val Loss: 0.5230 Acc: 0.7358 F1: 0.7358 | Train Meta: metadata_norm_mean=5.6318 | Val Meta: metadata_norm_mean=5.6318
Epoch  24/50 | Train Loss: 0.5497 Acc: 0.6923 F1: 0.6888 | Val Loss: 0.5267 Acc: 0.7736 F1: 0.7716 | Train Meta: metadata_norm_mean=5.6318 | Val Meta: metadata_norm_mean=5.6318
Epoch  25/50 | Train Loss: 0.5558 Acc: 0.6875 F1: 0.6874 | Val Loss: 0.5217 Acc: 0.7547 F1: 0.7544 | Train Meta: metadata_norm_mean=5.6318 | Val Meta: metadata_norm_mean=5.6318
Epoch  26/50 | Train Loss: 0.5561 Acc: 0.7019 F1: 0.6947 | Val Loss: 0.5186 Acc: 0.7547 F1: 0.7544 | Train Meta: metadata_norm_mean=5.6318 | Val Meta: metadata_norm_mean=5.6318
Epoch  27/50 | Train Loss: 0.5498 Acc: 0.7067 F1: 0.7024 | Val Loss: 0.5332 Acc: 0.6792 F1: 0.6788 | Train Meta: metadata_norm_mean=5.6318 | Val Meta: metadata_norm_mean=5.6318
Epoch  28/50 | Train Loss: 0.5614 Acc: 0.7019 F1: 0.7012 | Val Loss: 0.5280 Acc: 0.7925 F1: 0.7898 | Train Meta: metadata_norm_mean=5.6318 | Val Meta: metadata_norm_mean=5.6318
Epoch  29/50 | Train Loss: 0.5451 Acc: 0.7019 F1: 0.6979 | Val Loss: 0.5195 Acc: 0.7358 F1: 0.7358 | Train Meta: metadata_norm_mean=5.6318 | Val Meta: metadata_norm_mean=5.6318
Epoch  30/50 | Train Loss: 0.5507 Acc: 0.7019 F1: 0.6927 | Val Loss: 0.5169 Acc: 0.7547 F1: 0.7544 | Train Meta: metadata_norm_mean=5.6318 | Val Meta: metadata_norm_mean=5.6318
Epoch  31/50 | Train Loss: 0.5474 Acc: 0.7163 F1: 0.7134 | Val Loss: 0.5158 Acc: 0.7547 F1: 0.7544 | Train Meta: metadata_norm_mean=5.6318 | Val Meta: metadata_norm_mean=5.6318
Epoch  32/50 | Train Loss: 0.5342 Acc: 0.7067 F1: 0.7001 | Val Loss: 0.5148 Acc: 0.7547 F1: 0.7544 | Train Meta: metadata_norm_mean=5.6318 | Val Meta: metadata_norm_mean=5.6318
Epoch  33/50 | Train Loss: 0.5409 Acc: 0.7260 F1: 0.7231 | Val Loss: 0.5144 Acc: 0.7547 F1: 0.7544 | Train Meta: metadata_norm_mean=5.6318 | Val Meta: metadata_norm_mean=5.6318
Epoch  34/50 | Train Loss: 0.5607 Acc: 0.6971 F1: 0.6902 | Val Loss: 0.5243 Acc: 0.6792 F1: 0.6788 | Train Meta: metadata_norm_mean=5.6318 | Val Meta: metadata_norm_mean=5.6318
Epoch  35/50 | Train Loss: 0.5438 Acc: 0.7163 F1: 0.7149 | Val Loss: 0.5197 Acc: 0.7736 F1: 0.7716 | Train Meta: metadata_norm_mean=5.6318 | Val Meta: metadata_norm_mean=5.6318
Epoch  36/50 | Train Loss: 0.5570 Acc: 0.6923 F1: 0.6848 | Val Loss: 0.5243 Acc: 0.6792 F1: 0.6788 | Train Meta: metadata_norm_mean=5.6318 | Val Meta: metadata_norm_mean=5.6318
Epoch  37/50 | Train Loss: 0.5438 Acc: 0.7115 F1: 0.7054 | Val Loss: 0.5161 Acc: 0.7736 F1: 0.7716 | Train Meta: metadata_norm_mean=5.6318 | Val Meta: metadata_norm_mean=5.6318
Epoch  38/50 | Train Loss: 0.5476 Acc: 0.6923 F1: 0.6905 | Val Loss: 0.5157 Acc: 0.7358 F1: 0.7358 | Train Meta: metadata_norm_mean=5.6318 | Val Meta: metadata_norm_mean=5.6318
Epoch  39/50 | Train Loss: 0.5452 Acc: 0.6971 F1: 0.6883 | Val Loss: 0.5200 Acc: 0.7736 F1: 0.7716 | Train Meta: metadata_norm_mean=5.6318 | Val Meta: metadata_norm_mean=5.6318
Epoch  40/50 | Train Loss: 0.5388 Acc: 0.7115 F1: 0.7054 | Val Loss: 0.5178 Acc: 0.7358 F1: 0.7358 | Train Meta: metadata_norm_mean=5.6318 | Val Meta: metadata_norm_mean=5.6318
Epoch  41/50 | Train Loss: 0.5534 Acc: 0.7163 F1: 0.7122 | Val Loss: 0.5176 Acc: 0.7736 F1: 0.7716 | Train Meta: metadata_norm_mean=5.6318 | Val Meta: metadata_norm_mean=5.6318
Epoch  42/50 | Train Loss: 0.5601 Acc: 0.6923 F1: 0.6905 | Val Loss: 0.5128 Acc: 0.7925 F1: 0.7913 | Train Meta: metadata_norm_mean=5.6318 | Val Meta: metadata_norm_mean=5.6318
Epoch  43/50 | Train Loss: 0.5533 Acc: 0.7260 F1: 0.7170 | Val Loss: 0.5191 Acc: 0.7170 F1: 0.7170 | Train Meta: metadata_norm_mean=5.6318 | Val Meta: metadata_norm_mean=5.6318
Epoch  44/50 | Train Loss: 0.5428 Acc: 0.7163 F1: 0.7144 | Val Loss: 0.5125 Acc: 0.7547 F1: 0.7544 | Train Meta: metadata_norm_mean=5.6318 | Val Meta: metadata_norm_mean=5.6318
Epoch  45/50 | Train Loss: 0.5585 Acc: 0.6971 F1: 0.6919 | Val Loss: 0.5312 Acc: 0.6604 F1: 0.6593 | Train Meta: metadata_norm_mean=5.6318 | Val Meta: metadata_norm_mean=5.6318
Epoch  46/50 | Train Loss: 0.5472 Acc: 0.6923 F1: 0.6900 | Val Loss: 0.5140 Acc: 0.7736 F1: 0.7716 | Train Meta: metadata_norm_mean=5.6318 | Val Meta: metadata_norm_mean=5.6318
Epoch  47/50 | Train Loss: 0.5301 Acc: 0.7019 F1: 0.6927 | Val Loss: 0.5106 Acc: 0.7547 F1: 0.7544 | Train Meta: metadata_norm_mean=5.6318 | Val Meta: metadata_norm_mean=5.6318
Epoch  48/50 | Train Loss: 0.5345 Acc: 0.7212 F1: 0.7180 | Val Loss: 0.5106 Acc: 0.7547 F1: 0.7544 | Train Meta: metadata_norm_mean=5.6318 | Val Meta: metadata_norm_mean=5.6318
Epoch  49/50 | Train Loss: 0.5443 Acc: 0.7019 F1: 0.6991 | Val Loss: 0.5118 Acc: 0.7736 F1: 0.7716 | Train Meta: metadata_norm_mean=5.6318 | Val Meta: metadata_norm_mean=5.6318
Epoch  50/50 | Train Loss: 0.5330 Acc: 0.7260 F1: 0.7189 | Val Loss: 0.5199 Acc: 0.6981 F1: 0.6980 | Train Meta: metadata_norm_mean=5.6318 | Val Meta: metadata_norm_mean=5.6318

Random Encoder Classification Result (SelfRegulationSCP1)
Accuracy : 0.754266
F1 (macro): 0.743133
Joint metadata preview | dataset=SelfRegulationSCP2 | domain=UEA | channels=7
   - channel_1: In the UEA domain, this channel belongs to the SelfRegulationSCP2 dataset and represents the feature channel 1. Channel statistics over the training split: mean value is 0.000, standard deviation is 1.000, minimum value is -4.572, maximum value is 5.520, median value is 0.004, and mean absolute value is 0.774.
/data/pjh_workspace/ts-env/lib/python3.8/site-packages/torch/nn/modules/transformer.py:307: UserWarning: enable_nested_tensor is True, but self.use_nested_tensor is False because encoder_layer.norm_first was True
  warnings.warn(f"enable_nested_tensor is True, but self.use_nested_tensor is False because {why_not_sparsity_fast_path}")
==================================================
🚀 Architecture: LAYA Random Encoder
📊 Target Dataset: SelfRegulationSCP2 (Channels: 7)
📊 Classes: 2 | Sequence Length: 1152
==================================================
✅ Encoder is RANDOMLY initialized and FROZEN (Linear Probing mode).
Epoch   1/50 | Train Loss: 0.7768 Acc: 0.5062 F1: 0.4918 | Val Loss: 0.7418 Acc: 0.4500 F1: 0.3103 | Train Meta: metadata_norm_mean=5.6322 | Val Meta: metadata_norm_mean=5.6322
Epoch   2/50 | Train Loss: 0.6806 Acc: 0.5625 F1: 0.5014 | Val Loss: 0.6888 Acc: 0.5500 F1: 0.3548 | Train Meta: metadata_norm_mean=5.6322 | Val Meta: metadata_norm_mean=5.6322
Epoch   3/50 | Train Loss: 0.7328 Acc: 0.4437 F1: 0.4158 | Val Loss: 0.7110 Acc: 0.4750 F1: 0.3593 | Train Meta: metadata_norm_mean=5.6322 | Val Meta: metadata_norm_mean=5.6322
Epoch   4/50 | Train Loss: 0.6985 Acc: 0.5250 F1: 0.4345 | Val Loss: 0.6915 Acc: 0.5000 F1: 0.4987 | Train Meta: metadata_norm_mean=5.6322 | Val Meta: metadata_norm_mean=5.6322
Epoch   5/50 | Train Loss: 0.6926 Acc: 0.5188 F1: 0.4733 | Val Loss: 0.6998 Acc: 0.4250 F1: 0.3571 | Train Meta: metadata_norm_mean=5.6322 | Val Meta: metadata_norm_mean=5.6322
Epoch   6/50 | Train Loss: 0.7047 Acc: 0.4562 F1: 0.4289 | Val Loss: 0.6900 Acc: 0.6250 F1: 0.5807 | Train Meta: metadata_norm_mean=5.6322 | Val Meta: metadata_norm_mean=5.6322
Epoch   7/50 | Train Loss: 0.7006 Acc: 0.5375 F1: 0.4558 | Val Loss: 0.7016 Acc: 0.4500 F1: 0.3956 | Train Meta: metadata_norm_mean=5.6322 | Val Meta: metadata_norm_mean=5.6322
Epoch   8/50 | Train Loss: 0.7052 Acc: 0.4125 F1: 0.4102 | Val Loss: 0.6962 Acc: 0.4500 F1: 0.4271 | Train Meta: metadata_norm_mean=5.6322 | Val Meta: metadata_norm_mean=5.6322
Epoch   9/50 | Train Loss: 0.7003 Acc: 0.5375 F1: 0.4958 | Val Loss: 0.7029 Acc: 0.5000 F1: 0.4792 | Train Meta: metadata_norm_mean=5.6322 | Val Meta: metadata_norm_mean=5.6322
Epoch  10/50 | Train Loss: 0.6973 Acc: 0.4813 F1: 0.4811 | Val Loss: 0.7016 Acc: 0.4500 F1: 0.4133 | Train Meta: metadata_norm_mean=5.6322 | Val Meta: metadata_norm_mean=5.6322
Epoch  11/50 | Train Loss: 0.6954 Acc: 0.5250 F1: 0.4639 | Val Loss: 0.6915 Acc: 0.5250 F1: 0.5247 | Train Meta: metadata_norm_mean=5.6322 | Val Meta: metadata_norm_mean=5.6322
Epoch  12/50 | Train Loss: 0.7043 Acc: 0.5375 F1: 0.4918 | Val Loss: 0.6968 Acc: 0.4500 F1: 0.4271 | Train Meta: metadata_norm_mean=5.6322 | Val Meta: metadata_norm_mean=5.6322
Epoch  13/50 | Train Loss: 0.6917 Acc: 0.5437 F1: 0.5283 | Val Loss: 0.6883 Acc: 0.6000 F1: 0.4667 | Train Meta: metadata_norm_mean=5.6322 | Val Meta: metadata_norm_mean=5.6322
Epoch  14/50 | Train Loss: 0.7098 Acc: 0.4437 F1: 0.4340 | Val Loss: 0.7006 Acc: 0.4750 F1: 0.4470 | Train Meta: metadata_norm_mean=5.6322 | Val Meta: metadata_norm_mean=5.6322
Epoch  15/50 | Train Loss: 0.7037 Acc: 0.5125 F1: 0.4387 | Val Loss: 0.6921 Acc: 0.4750 F1: 0.4720 | Train Meta: metadata_norm_mean=5.6322 | Val Meta: metadata_norm_mean=5.6322
Epoch  16/50 | Train Loss: 0.6970 Acc: 0.5312 F1: 0.4684 | Val Loss: 0.7207 Acc: 0.5000 F1: 0.4048 | Train Meta: metadata_norm_mean=5.6322 | Val Meta: metadata_norm_mean=5.6322
Epoch  17/50 | Train Loss: 0.6963 Acc: 0.4750 F1: 0.4709 | Val Loss: 0.6914 Acc: 0.6250 F1: 0.6248 | Train Meta: metadata_norm_mean=5.6322 | Val Meta: metadata_norm_mean=5.6322
Epoch  18/50 | Train Loss: 0.6957 Acc: 0.5375 F1: 0.4829 | Val Loss: 0.6933 Acc: 0.5000 F1: 0.4949 | Train Meta: metadata_norm_mean=5.6322 | Val Meta: metadata_norm_mean=5.6322
Epoch  19/50 | Train Loss: 0.6908 Acc: 0.5000 F1: 0.5000 | Val Loss: 0.6902 Acc: 0.6000 F1: 0.5960 | Train Meta: metadata_norm_mean=5.6322 | Val Meta: metadata_norm_mean=5.6322
Epoch  20/50 | Train Loss: 0.6945 Acc: 0.5188 F1: 0.4813 | Val Loss: 0.7046 Acc: 0.4250 F1: 0.3780 | Train Meta: metadata_norm_mean=5.6322 | Val Meta: metadata_norm_mean=5.6322
Epoch  21/50 | Train Loss: 0.6943 Acc: 0.5312 F1: 0.5259 | Val Loss: 0.6883 Acc: 0.6250 F1: 0.5636 | Train Meta: metadata_norm_mean=5.6322 | Val Meta: metadata_norm_mean=5.6322
Epoch  22/50 | Train Loss: 0.6932 Acc: 0.5312 F1: 0.5077 | Val Loss: 0.6961 Acc: 0.5000 F1: 0.4885 | Train Meta: metadata_norm_mean=5.6322 | Val Meta: metadata_norm_mean=5.6322
Epoch  23/50 | Train Loss: 0.6936 Acc: 0.5125 F1: 0.4865 | Val Loss: 0.6917 Acc: 0.6250 F1: 0.6248 | Train Meta: metadata_norm_mean=5.6322 | Val Meta: metadata_norm_mean=5.6322
Epoch  24/50 | Train Loss: 0.6938 Acc: 0.5375 F1: 0.5229 | Val Loss: 0.7114 Acc: 0.4000 F1: 0.3407 | Train Meta: metadata_norm_mean=5.6322 | Val Meta: metadata_norm_mean=5.6322
Epoch  25/50 | Train Loss: 0.6953 Acc: 0.5188 F1: 0.5165 | Val Loss: 0.6881 Acc: 0.5500 F1: 0.3548 | Train Meta: metadata_norm_mean=5.6322 | Val Meta: metadata_norm_mean=5.6322
Epoch  26/50 | Train Loss: 0.6909 Acc: 0.5250 F1: 0.5121 | Val Loss: 0.7249 Acc: 0.4250 F1: 0.3571 | Train Meta: metadata_norm_mean=5.6322 | Val Meta: metadata_norm_mean=5.6322
Epoch  27/50 | Train Loss: 0.7026 Acc: 0.5312 F1: 0.4452 | Val Loss: 0.6876 Acc: 0.5500 F1: 0.3548 | Train Meta: metadata_norm_mean=5.6322 | Val Meta: metadata_norm_mean=5.6322
Epoch  28/50 | Train Loss: 0.6977 Acc: 0.5062 F1: 0.3672 | Val Loss: 0.6935 Acc: 0.4750 F1: 0.4667 | Train Meta: metadata_norm_mean=5.6322 | Val Meta: metadata_norm_mean=5.6322
Epoch  29/50 | Train Loss: 0.6857 Acc: 0.5375 F1: 0.5033 | Val Loss: 0.7088 Acc: 0.4000 F1: 0.3407 | Train Meta: metadata_norm_mean=5.6322 | Val Meta: metadata_norm_mean=5.6322
Epoch  30/50 | Train Loss: 0.6983 Acc: 0.5062 F1: 0.4751 | Val Loss: 0.6884 Acc: 0.5500 F1: 0.3548 | Train Meta: metadata_norm_mean=5.6322 | Val Meta: metadata_norm_mean=5.6322
Epoch  31/50 | Train Loss: 0.7085 Acc: 0.4938 F1: 0.4811 | Val Loss: 0.7156 Acc: 0.4500 F1: 0.3956 | Train Meta: metadata_norm_mean=5.6322 | Val Meta: metadata_norm_mean=5.6322
Epoch  32/50 | Train Loss: 0.6978 Acc: 0.5000 F1: 0.4792 | Val Loss: 0.6890 Acc: 0.6250 F1: 0.6050 | Train Meta: metadata_norm_mean=5.6322 | Val Meta: metadata_norm_mean=5.6322
Epoch  33/50 | Train Loss: 0.7000 Acc: 0.5125 F1: 0.4549 | Val Loss: 0.7042 Acc: 0.4500 F1: 0.3956 | Train Meta: metadata_norm_mean=5.6322 | Val Meta: metadata_norm_mean=5.6322
Epoch  34/50 | Train Loss: 0.6913 Acc: 0.5563 F1: 0.5412 | Val Loss: 0.6878 Acc: 0.5500 F1: 0.3548 | Train Meta: metadata_norm_mean=5.6322 | Val Meta: metadata_norm_mean=5.6322
Epoch  35/50 | Train Loss: 0.7044 Acc: 0.4688 F1: 0.4352 | Val Loss: 0.7351 Acc: 0.5000 F1: 0.4048 | Train Meta: metadata_norm_mean=5.6322 | Val Meta: metadata_norm_mean=5.6322
Epoch  36/50 | Train Loss: 0.7050 Acc: 0.5188 F1: 0.5000 | Val Loss: 0.6882 Acc: 0.5750 F1: 0.5055 | Train Meta: metadata_norm_mean=5.6322 | Val Meta: metadata_norm_mean=5.6322
Epoch  37/50 | Train Loss: 0.7008 Acc: 0.5312 F1: 0.5153 | Val Loss: 0.7248 Acc: 0.4500 F1: 0.3732 | Train Meta: metadata_norm_mean=5.6322 | Val Meta: metadata_norm_mean=5.6322
Epoch  38/50 | Train Loss: 0.7200 Acc: 0.4500 F1: 0.4004 | Val Loss: 0.6976 Acc: 0.4250 F1: 0.4068 | Train Meta: metadata_norm_mean=5.6322 | Val Meta: metadata_norm_mean=5.6322
Epoch  39/50 | Train Loss: 0.7208 Acc: 0.5000 F1: 0.4048 | Val Loss: 0.6910 Acc: 0.6250 F1: 0.6248 | Train Meta: metadata_norm_mean=5.6322 | Val Meta: metadata_norm_mean=5.6322
Epoch  40/50 | Train Loss: 0.7164 Acc: 0.4250 F1: 0.4246 | Val Loss: 0.7056 Acc: 0.4250 F1: 0.3780 | Train Meta: metadata_norm_mean=5.6322 | Val Meta: metadata_norm_mean=5.6322
Epoch  41/50 | Train Loss: 0.7050 Acc: 0.4875 F1: 0.4368 | Val Loss: 0.6951 Acc: 0.4750 F1: 0.4720 | Train Meta: metadata_norm_mean=5.6322 | Val Meta: metadata_norm_mean=5.6322
Epoch  42/50 | Train Loss: 0.6921 Acc: 0.5437 F1: 0.4774 | Val Loss: 0.7045 Acc: 0.4250 F1: 0.3943 | Train Meta: metadata_norm_mean=5.6322 | Val Meta: metadata_norm_mean=5.6322
Epoch  43/50 | Train Loss: 0.6936 Acc: 0.5437 F1: 0.5323 | Val Loss: 0.6997 Acc: 0.4500 F1: 0.4271 | Train Meta: metadata_norm_mean=5.6322 | Val Meta: metadata_norm_mean=5.6322
Epoch  44/50 | Train Loss: 0.6978 Acc: 0.5125 F1: 0.4549 | Val Loss: 0.6919 Acc: 0.5000 F1: 0.4987 | Train Meta: metadata_norm_mean=5.6322 | Val Meta: metadata_norm_mean=5.6322
Epoch  45/50 | Train Loss: 0.7089 Acc: 0.4875 F1: 0.4633 | Val Loss: 0.6990 Acc: 0.4750 F1: 0.4584 | Train Meta: metadata_norm_mean=5.6322 | Val Meta: metadata_norm_mean=5.6322
Epoch  46/50 | Train Loss: 0.6953 Acc: 0.5250 F1: 0.5231 | Val Loss: 0.6878 Acc: 0.5500 F1: 0.3548 | Train Meta: metadata_norm_mean=5.6322 | Val Meta: metadata_norm_mean=5.6322
Epoch  47/50 | Train Loss: 0.6999 Acc: 0.5250 F1: 0.4997 | Val Loss: 0.6976 Acc: 0.4250 F1: 0.4068 | Train Meta: metadata_norm_mean=5.6322 | Val Meta: metadata_norm_mean=5.6322
Epoch  48/50 | Train Loss: 0.6935 Acc: 0.5125 F1: 0.5125 | Val Loss: 0.6909 Acc: 0.5250 F1: 0.5223 | Train Meta: metadata_norm_mean=5.6322 | Val Meta: metadata_norm_mean=5.6322
Epoch  49/50 | Train Loss: 0.7090 Acc: 0.5375 F1: 0.4729 | Val Loss: 0.6925 Acc: 0.5250 F1: 0.5247 | Train Meta: metadata_norm_mean=5.6322 | Val Meta: metadata_norm_mean=5.6322
Epoch  50/50 | Train Loss: 0.7095 Acc: 0.5062 F1: 0.4454 | Val Loss: 0.7053 Acc: 0.4250 F1: 0.3943 | Train Meta: metadata_norm_mean=5.6322 | Val Meta: metadata_norm_mean=5.6322

Random Encoder Classification Result (SelfRegulationSCP2)
Accuracy : 0.500000
F1 (macro): 0.333333
Joint metadata preview | dataset=SpokenArabicDigits | domain=UEA | channels=13
   - channel_1: In the UEA domain, this channel belongs to the SpokenArabicDigits dataset and represents the feature channel 1. Channel statistics over the training split: mean value is -0.000, standard deviation is 0.998, minimum value is -5.499, maximum value is 4.005, median value is -0.412, and mean absolute value is 0.748.
/data/pjh_workspace/ts-env/lib/python3.8/site-packages/torch/nn/modules/transformer.py:307: UserWarning: enable_nested_tensor is True, but self.use_nested_tensor is False because encoder_layer.norm_first was True
  warnings.warn(f"enable_nested_tensor is True, but self.use_nested_tensor is False because {why_not_sparsity_fast_path}")
==================================================
🚀 Architecture: LAYA Random Encoder
📊 Target Dataset: SpokenArabicDigits (Channels: 13)
📊 Classes: 10 | Sequence Length: 93
==================================================
✅ Encoder is RANDOMLY initialized and FROZEN (Linear Probing mode).
Epoch   1/50 | Train Loss: 2.0872 Acc: 0.2383 F1: 0.2305 | Val Loss: 1.9233 Acc: 0.3063 F1: 0.2772 | Train Meta: metadata_norm_mean=5.6337 | Val Meta: metadata_norm_mean=5.6337
Epoch   2/50 | Train Loss: 1.9025 Acc: 0.3258 F1: 0.3149 | Val Loss: 1.8356 Acc: 0.3594 F1: 0.3034 | Train Meta: metadata_norm_mean=5.6337 | Val Meta: metadata_norm_mean=5.6337
Epoch   3/50 | Train Loss: 1.8345 Acc: 0.3570 F1: 0.3463 | Val Loss: 1.7815 Acc: 0.3950 F1: 0.3598 | Train Meta: metadata_norm_mean=5.6337 | Val Meta: metadata_norm_mean=5.6337
Epoch   4/50 | Train Loss: 1.8063 Acc: 0.3652 F1: 0.3556 | Val Loss: 1.7694 Acc: 0.3707 F1: 0.3279 | Train Meta: metadata_norm_mean=5.6337 | Val Meta: metadata_norm_mean=5.6337
Epoch   5/50 | Train Loss: 1.7771 Acc: 0.3761 F1: 0.3690 | Val Loss: 1.7206 Acc: 0.4344 F1: 0.4237 | Train Meta: metadata_norm_mean=5.6337 | Val Meta: metadata_norm_mean=5.6337
Epoch   6/50 | Train Loss: 1.7562 Acc: 0.4009 F1: 0.3931 | Val Loss: 1.7352 Acc: 0.3904 F1: 0.3557 | Train Meta: metadata_norm_mean=5.6337 | Val Meta: metadata_norm_mean=5.6337
Epoch   7/50 | Train Loss: 1.7470 Acc: 0.4028 F1: 0.3966 | Val Loss: 1.7230 Acc: 0.4321 F1: 0.4053 | Train Meta: metadata_norm_mean=5.6337 | Val Meta: metadata_norm_mean=5.6337
Epoch   8/50 | Train Loss: 1.7276 Acc: 0.4062 F1: 0.3984 | Val Loss: 1.6866 Acc: 0.4435 F1: 0.4402 | Train Meta: metadata_norm_mean=5.6337 | Val Meta: metadata_norm_mean=5.6337
Epoch   9/50 | Train Loss: 1.7122 Acc: 0.4225 F1: 0.4160 | Val Loss: 1.6692 Acc: 0.4443 F1: 0.4271 | Train Meta: metadata_norm_mean=5.6337 | Val Meta: metadata_norm_mean=5.6337
Epoch  10/50 | Train Loss: 1.7049 Acc: 0.4161 F1: 0.4094 | Val Loss: 1.6945 Acc: 0.4375 F1: 0.4128 | Train Meta: metadata_norm_mean=5.6337 | Val Meta: metadata_norm_mean=5.6337
Epoch  11/50 | Train Loss: 1.6920 Acc: 0.4316 F1: 0.4249 | Val Loss: 1.6513 Acc: 0.4526 F1: 0.4365 | Train Meta: metadata_norm_mean=5.6337 | Val Meta: metadata_norm_mean=5.6337
Epoch  12/50 | Train Loss: 1.6850 Acc: 0.4419 F1: 0.4361 | Val Loss: 1.6892 Acc: 0.4663 F1: 0.4540 | Train Meta: metadata_norm_mean=5.6337 | Val Meta: metadata_norm_mean=5.6337
Epoch  13/50 | Train Loss: 1.6694 Acc: 0.4369 F1: 0.4314 | Val Loss: 1.6907 Acc: 0.4071 F1: 0.3666 | Train Meta: metadata_norm_mean=5.6337 | Val Meta: metadata_norm_mean=5.6337
Epoch  14/50 | Train Loss: 1.6564 Acc: 0.4502 F1: 0.4435 | Val Loss: 1.6498 Acc: 0.4572 F1: 0.4480 | Train Meta: metadata_norm_mean=5.6337 | Val Meta: metadata_norm_mean=5.6337
Epoch  15/50 | Train Loss: 1.6493 Acc: 0.4544 F1: 0.4486 | Val Loss: 1.6148 Acc: 0.4792 F1: 0.4824 | Train Meta: metadata_norm_mean=5.6337 | Val Meta: metadata_norm_mean=5.6337
Epoch  16/50 | Train Loss: 1.6406 Acc: 0.4566 F1: 0.4508 | Val Loss: 1.6325 Acc: 0.4519 F1: 0.4287 | Train Meta: metadata_norm_mean=5.6337 | Val Meta: metadata_norm_mean=5.6337
Epoch  17/50 | Train Loss: 1.6295 Acc: 0.4610 F1: 0.4557 | Val Loss: 1.6029 Acc: 0.4738 F1: 0.4533 | Train Meta: metadata_norm_mean=5.6337 | Val Meta: metadata_norm_mean=5.6337
Epoch  18/50 | Train Loss: 1.6234 Acc: 0.4661 F1: 0.4599 | Val Loss: 1.6234 Acc: 0.4829 F1: 0.4722 | Train Meta: metadata_norm_mean=5.6337 | Val Meta: metadata_norm_mean=5.6337
Epoch  19/50 | Train Loss: 1.6149 Acc: 0.4720 F1: 0.4651 | Val Loss: 1.6129 Acc: 0.4556 F1: 0.4430 | Train Meta: metadata_norm_mean=5.6337 | Val Meta: metadata_norm_mean=5.6337
Epoch  20/50 | Train Loss: 1.6122 Acc: 0.4708 F1: 0.4653 | Val Loss: 1.5791 Acc: 0.4829 F1: 0.4716 | Train Meta: metadata_norm_mean=5.6337 | Val Meta: metadata_norm_mean=5.6337
Epoch  21/50 | Train Loss: 1.5988 Acc: 0.4814 F1: 0.4752 | Val Loss: 1.5977 Acc: 0.4708 F1: 0.4413 | Train Meta: metadata_norm_mean=5.6337 | Val Meta: metadata_norm_mean=5.6337
Epoch  22/50 | Train Loss: 1.5921 Acc: 0.4830 F1: 0.4779 | Val Loss: 1.6172 Acc: 0.4678 F1: 0.4611 | Train Meta: metadata_norm_mean=5.6337 | Val Meta: metadata_norm_mean=5.6337
Epoch  23/50 | Train Loss: 1.5890 Acc: 0.4799 F1: 0.4737 | Val Loss: 1.5670 Acc: 0.4936 F1: 0.4813 | Train Meta: metadata_norm_mean=5.6337 | Val Meta: metadata_norm_mean=5.6337
Epoch  24/50 | Train Loss: 1.5808 Acc: 0.4869 F1: 0.4812 | Val Loss: 1.5525 Acc: 0.4996 F1: 0.4928 | Train Meta: metadata_norm_mean=5.6337 | Val Meta: metadata_norm_mean=5.6337
Epoch  25/50 | Train Loss: 1.5766 Acc: 0.4864 F1: 0.4801 | Val Loss: 1.5483 Acc: 0.4936 F1: 0.4789 | Train Meta: metadata_norm_mean=5.6337 | Val Meta: metadata_norm_mean=5.6337
Epoch  26/50 | Train Loss: 1.5675 Acc: 0.4867 F1: 0.4810 | Val Loss: 1.5540 Acc: 0.4936 F1: 0.4826 | Train Meta: metadata_norm_mean=5.6337 | Val Meta: metadata_norm_mean=5.6337
Epoch  27/50 | Train Loss: 1.5673 Acc: 0.4824 F1: 0.4767 | Val Loss: 1.5628 Acc: 0.4799 F1: 0.4590 | Train Meta: metadata_norm_mean=5.6337 | Val Meta: metadata_norm_mean=5.6337
Epoch  28/50 | Train Loss: 1.5606 Acc: 0.4858 F1: 0.4791 | Val Loss: 1.5431 Acc: 0.5004 F1: 0.5084 | Train Meta: metadata_norm_mean=5.6337 | Val Meta: metadata_norm_mean=5.6337
Epoch  29/50 | Train Loss: 1.5525 Acc: 0.4970 F1: 0.4916 | Val Loss: 1.5333 Acc: 0.4920 F1: 0.4718 | Train Meta: metadata_norm_mean=5.6337 | Val Meta: metadata_norm_mean=5.6337
Epoch  30/50 | Train Loss: 1.5462 Acc: 0.5009 F1: 0.4960 | Val Loss: 1.5394 Acc: 0.5057 F1: 0.5059 | Train Meta: metadata_norm_mean=5.6337 | Val Meta: metadata_norm_mean=5.6337
Epoch  31/50 | Train Loss: 1.5423 Acc: 0.5034 F1: 0.4974 | Val Loss: 1.5267 Acc: 0.5064 F1: 0.4940 | Train Meta: metadata_norm_mean=5.6337 | Val Meta: metadata_norm_mean=5.6337
Epoch  32/50 | Train Loss: 1.5367 Acc: 0.4958 F1: 0.4901 | Val Loss: 1.5222 Acc: 0.5171 F1: 0.4959 | Train Meta: metadata_norm_mean=5.6337 | Val Meta: metadata_norm_mean=5.6337
Epoch  33/50 | Train Loss: 1.5307 Acc: 0.4977 F1: 0.4929 | Val Loss: 1.5088 Acc: 0.5095 F1: 0.5033 | Train Meta: metadata_norm_mean=5.6337 | Val Meta: metadata_norm_mean=5.6337
Epoch  34/50 | Train Loss: 1.5242 Acc: 0.5131 F1: 0.5081 | Val Loss: 1.5062 Acc: 0.5171 F1: 0.5063 | Train Meta: metadata_norm_mean=5.6337 | Val Meta: metadata_norm_mean=5.6337
Epoch  35/50 | Train Loss: 1.5230 Acc: 0.5078 F1: 0.5029 | Val Loss: 1.5183 Acc: 0.4989 F1: 0.4783 | Train Meta: metadata_norm_mean=5.6337 | Val Meta: metadata_norm_mean=5.6337
Epoch  36/50 | Train Loss: 1.5190 Acc: 0.5095 F1: 0.5042 | Val Loss: 1.5377 Acc: 0.5049 F1: 0.5040 | Train Meta: metadata_norm_mean=5.6337 | Val Meta: metadata_norm_mean=5.6337
Epoch  37/50 | Train Loss: 1.5102 Acc: 0.5155 F1: 0.5108 | Val Loss: 1.5031 Acc: 0.5133 F1: 0.5065 | Train Meta: metadata_norm_mean=5.6337 | Val Meta: metadata_norm_mean=5.6337
Epoch  38/50 | Train Loss: 1.5092 Acc: 0.5114 F1: 0.5055 | Val Loss: 1.4892 Acc: 0.5178 F1: 0.5153 | Train Meta: metadata_norm_mean=5.6337 | Val Meta: metadata_norm_mean=5.6337
Epoch  39/50 | Train Loss: 1.5068 Acc: 0.5148 F1: 0.5093 | Val Loss: 1.4956 Acc: 0.5110 F1: 0.5009 | Train Meta: metadata_norm_mean=5.6337 | Val Meta: metadata_norm_mean=5.6337
Epoch  40/50 | Train Loss: 1.5029 Acc: 0.5136 F1: 0.5089 | Val Loss: 1.4841 Acc: 0.5193 F1: 0.5108 | Train Meta: metadata_norm_mean=5.6337 | Val Meta: metadata_norm_mean=5.6337
Epoch  41/50 | Train Loss: 1.4951 Acc: 0.5206 F1: 0.5149 | Val Loss: 1.4839 Acc: 0.5178 F1: 0.5091 | Train Meta: metadata_norm_mean=5.6337 | Val Meta: metadata_norm_mean=5.6337
Epoch  42/50 | Train Loss: 1.4915 Acc: 0.5167 F1: 0.5110 | Val Loss: 1.5098 Acc: 0.4958 F1: 0.4934 | Train Meta: metadata_norm_mean=5.6337 | Val Meta: metadata_norm_mean=5.6337
Epoch  43/50 | Train Loss: 1.4882 Acc: 0.5220 F1: 0.5163 | Val Loss: 1.4762 Acc: 0.5186 F1: 0.5134 | Train Meta: metadata_norm_mean=5.6337 | Val Meta: metadata_norm_mean=5.6337
Epoch  44/50 | Train Loss: 1.4851 Acc: 0.5271 F1: 0.5223 | Val Loss: 1.4780 Acc: 0.5254 F1: 0.5209 | Train Meta: metadata_norm_mean=5.6337 | Val Meta: metadata_norm_mean=5.6337
Epoch  45/50 | Train Loss: 1.4820 Acc: 0.5237 F1: 0.5187 | Val Loss: 1.4821 Acc: 0.5216 F1: 0.5120 | Train Meta: metadata_norm_mean=5.6337 | Val Meta: metadata_norm_mean=5.6337
Epoch  46/50 | Train Loss: 1.4770 Acc: 0.5273 F1: 0.5216 | Val Loss: 1.4721 Acc: 0.5353 F1: 0.5211 | Train Meta: metadata_norm_mean=5.6337 | Val Meta: metadata_norm_mean=5.6337
Epoch  47/50 | Train Loss: 1.4759 Acc: 0.5273 F1: 0.5216 | Val Loss: 1.4682 Acc: 0.5277 F1: 0.5220 | Train Meta: metadata_norm_mean=5.6337 | Val Meta: metadata_norm_mean=5.6337
Epoch  48/50 | Train Loss: 1.4699 Acc: 0.5326 F1: 0.5284 | Val Loss: 1.4678 Acc: 0.5246 F1: 0.5122 | Train Meta: metadata_norm_mean=5.6337 | Val Meta: metadata_norm_mean=5.6337
Epoch  49/50 | Train Loss: 1.4694 Acc: 0.5225 F1: 0.5179 | Val Loss: 1.4522 Acc: 0.5345 F1: 0.5285 | Train Meta: metadata_norm_mean=5.6337 | Val Meta: metadata_norm_mean=5.6337
Epoch  50/50 | Train Loss: 1.4675 Acc: 0.5263 F1: 0.5217 | Val Loss: 1.4533 Acc: 0.5353 F1: 0.5267 | Train Meta: metadata_norm_mean=5.6337 | Val Meta: metadata_norm_mean=5.6337

Random Encoder Classification Result (SpokenArabicDigits)
Accuracy : 0.204184
F1 (macro): 0.190195
Joint metadata preview | dataset=UWaveGestureLibrary | domain=UEA | channels=3
   - channel_1: In the UEA domain, this channel belongs to the UWaveGestureLibrary dataset and represents the feature channel 1. Channel statistics over the training split: mean value is 0.000, standard deviation is 1.000, minimum value is -3.292, maximum value is 3.158, median value is -0.003, and mean absolute value is 0.833.
/data/pjh_workspace/ts-env/lib/python3.8/site-packages/torch/nn/modules/transformer.py:307: UserWarning: enable_nested_tensor is True, but self.use_nested_tensor is False because encoder_layer.norm_first was True
  warnings.warn(f"enable_nested_tensor is True, but self.use_nested_tensor is False because {why_not_sparsity_fast_path}")
==================================================
🚀 Architecture: LAYA Random Encoder
📊 Target Dataset: UWaveGestureLibrary (Channels: 3)
📊 Classes: 8 | Sequence Length: 315
==================================================
✅ Encoder is RANDOMLY initialized and FROZEN (Linear Probing mode).
Epoch   1/50 | Train Loss: 2.2629 Acc: 0.1146 F1: 0.0475 | Val Loss: 2.1984 Acc: 0.0000 F1: 0.0000 | Train Meta: metadata_norm_mean=5.6329 | Val Meta: metadata_norm_mean=5.6329
Epoch   2/50 | Train Loss: 2.1326 Acc: 0.1042 F1: 0.0392 | Val Loss: 2.2446 Acc: 0.1250 F1: 0.0278 | Train Meta: metadata_norm_mean=5.6329 | Val Meta: metadata_norm_mean=5.6329
Epoch   3/50 | Train Loss: 2.1325 Acc: 0.1250 F1: 0.0278 | Val Loss: 2.2057 Acc: 0.0417 F1: 0.0114 | Train Meta: metadata_norm_mean=5.6329 | Val Meta: metadata_norm_mean=5.6329
Epoch   4/50 | Train Loss: 2.1005 Acc: 0.1458 F1: 0.0453 | Val Loss: 2.0838 Acc: 0.0833 F1: 0.0192 | Train Meta: metadata_norm_mean=5.6329 | Val Meta: metadata_norm_mean=5.6329
Epoch   5/50 | Train Loss: 2.1016 Acc: 0.1562 F1: 0.0801 | Val Loss: 2.1261 Acc: 0.1250 F1: 0.0278 | Train Meta: metadata_norm_mean=5.6329 | Val Meta: metadata_norm_mean=5.6329
Epoch   6/50 | Train Loss: 2.0914 Acc: 0.1146 F1: 0.0429 | Val Loss: 2.1815 Acc: 0.0417 F1: 0.0100 | Train Meta: metadata_norm_mean=5.6329 | Val Meta: metadata_norm_mean=5.6329
Epoch   7/50 | Train Loss: 2.0900 Acc: 0.1146 F1: 0.0468 | Val Loss: 2.1407 Acc: 0.1250 F1: 0.0300 | Train Meta: metadata_norm_mean=5.6329 | Val Meta: metadata_norm_mean=5.6329
Epoch   8/50 | Train Loss: 2.0887 Acc: 0.1042 F1: 0.0569 | Val Loss: 2.1389 Acc: 0.1250 F1: 0.1364 | Train Meta: metadata_norm_mean=5.6329 | Val Meta: metadata_norm_mean=5.6329
Epoch   9/50 | Train Loss: 2.0892 Acc: 0.1042 F1: 0.0332 | Val Loss: 2.1286 Acc: 0.0833 F1: 0.0192 | Train Meta: metadata_norm_mean=5.6329 | Val Meta: metadata_norm_mean=5.6329
Epoch  10/50 | Train Loss: 2.0732 Acc: 0.1146 F1: 0.0446 | Val Loss: 2.1430 Acc: 0.0417 F1: 0.0100 | Train Meta: metadata_norm_mean=5.6329 | Val Meta: metadata_norm_mean=5.6329
Epoch  11/50 | Train Loss: 2.0732 Acc: 0.1458 F1: 0.0318 | Val Loss: 2.1506 Acc: 0.0417 F1: 0.0100 | Train Meta: metadata_norm_mean=5.6329 | Val Meta: metadata_norm_mean=5.6329
Epoch  12/50 | Train Loss: 2.0733 Acc: 0.1042 F1: 0.0548 | Val Loss: 2.1194 Acc: 0.0833 F1: 0.0192 | Train Meta: metadata_norm_mean=5.6329 | Val Meta: metadata_norm_mean=5.6329
Epoch  13/50 | Train Loss: 2.0770 Acc: 0.1250 F1: 0.0516 | Val Loss: 2.1189 Acc: 0.0833 F1: 0.0192 | Train Meta: metadata_norm_mean=5.6329 | Val Meta: metadata_norm_mean=5.6329
Epoch  14/50 | Train Loss: 2.0773 Acc: 0.0625 F1: 0.0363 | Val Loss: 2.1134 Acc: 0.1250 F1: 0.0278 | Train Meta: metadata_norm_mean=5.6329 | Val Meta: metadata_norm_mean=5.6329
Epoch  15/50 | Train Loss: 2.0629 Acc: 0.1458 F1: 0.0706 | Val Loss: 2.1060 Acc: 0.0417 F1: 0.0100 | Train Meta: metadata_norm_mean=5.6329 | Val Meta: metadata_norm_mean=5.6329
Epoch  16/50 | Train Loss: 2.0774 Acc: 0.1146 F1: 0.0286 | Val Loss: 2.1130 Acc: 0.0833 F1: 0.0192 | Train Meta: metadata_norm_mean=5.6329 | Val Meta: metadata_norm_mean=5.6329
Epoch  17/50 | Train Loss: 2.0773 Acc: 0.1042 F1: 0.0706 | Val Loss: 2.0877 Acc: 0.1667 F1: 0.0622 | Train Meta: metadata_norm_mean=5.6329 | Val Meta: metadata_norm_mean=5.6329
Epoch  18/50 | Train Loss: 2.0676 Acc: 0.1458 F1: 0.0902 | Val Loss: 2.1392 Acc: 0.1250 F1: 0.0549 | Train Meta: metadata_norm_mean=5.6329 | Val Meta: metadata_norm_mean=5.6329
Epoch  19/50 | Train Loss: 2.0629 Acc: 0.1146 F1: 0.0558 | Val Loss: 2.1181 Acc: 0.0833 F1: 0.0192 | Train Meta: metadata_norm_mean=5.6329 | Val Meta: metadata_norm_mean=5.6329
Epoch  20/50 | Train Loss: 2.0545 Acc: 0.1042 F1: 0.0663 | Val Loss: 2.1158 Acc: 0.2917 F1: 0.1583 | Train Meta: metadata_norm_mean=5.6329 | Val Meta: metadata_norm_mean=5.6329
Epoch  21/50 | Train Loss: 2.0612 Acc: 0.1458 F1: 0.1057 | Val Loss: 2.1228 Acc: 0.0417 F1: 0.0100 | Train Meta: metadata_norm_mean=5.6329 | Val Meta: metadata_norm_mean=5.6329
Epoch  22/50 | Train Loss: 2.0585 Acc: 0.1458 F1: 0.0318 | Val Loss: 2.1204 Acc: 0.0417 F1: 0.0100 | Train Meta: metadata_norm_mean=5.6329 | Val Meta: metadata_norm_mean=5.6329
Epoch  23/50 | Train Loss: 2.0528 Acc: 0.2083 F1: 0.1562 | Val Loss: 2.0710 Acc: 0.3750 F1: 0.2964 | Train Meta: metadata_norm_mean=5.6329 | Val Meta: metadata_norm_mean=5.6329
Epoch  24/50 | Train Loss: 2.0603 Acc: 0.1667 F1: 0.1475 | Val Loss: 2.1271 Acc: 0.0833 F1: 0.0278 | Train Meta: metadata_norm_mean=5.6329 | Val Meta: metadata_norm_mean=5.6329
Epoch  25/50 | Train Loss: 2.0568 Acc: 0.1458 F1: 0.0926 | Val Loss: 2.0728 Acc: 0.2917 F1: 0.1909 | Train Meta: metadata_norm_mean=5.6329 | Val Meta: metadata_norm_mean=5.6329
Epoch  26/50 | Train Loss: 2.0566 Acc: 0.1562 F1: 0.0946 | Val Loss: 2.0898 Acc: 0.2083 F1: 0.1041 | Train Meta: metadata_norm_mean=5.6329 | Val Meta: metadata_norm_mean=5.6329
Epoch  27/50 | Train Loss: 2.0418 Acc: 0.1562 F1: 0.0959 | Val Loss: 2.0985 Acc: 0.0833 F1: 0.0263 | Train Meta: metadata_norm_mean=5.6329 | Val Meta: metadata_norm_mean=5.6329
Epoch  28/50 | Train Loss: 2.0561 Acc: 0.1875 F1: 0.1292 | Val Loss: 2.1108 Acc: 0.0833 F1: 0.0609 | Train Meta: metadata_norm_mean=5.6329 | Val Meta: metadata_norm_mean=5.6329
Epoch  29/50 | Train Loss: 2.0412 Acc: 0.1875 F1: 0.0755 | Val Loss: 2.1185 Acc: 0.0417 F1: 0.0100 | Train Meta: metadata_norm_mean=5.6329 | Val Meta: metadata_norm_mean=5.6329
Epoch  30/50 | Train Loss: 2.0419 Acc: 0.1771 F1: 0.0877 | Val Loss: 2.1088 Acc: 0.2083 F1: 0.1048 | Train Meta: metadata_norm_mean=5.6329 | Val Meta: metadata_norm_mean=5.6329
Epoch  31/50 | Train Loss: 2.0410 Acc: 0.1771 F1: 0.1189 | Val Loss: 2.0538 Acc: 0.2500 F1: 0.1250 | Train Meta: metadata_norm_mean=5.6329 | Val Meta: metadata_norm_mean=5.6329
Epoch  32/50 | Train Loss: 2.0340 Acc: 0.1875 F1: 0.1292 | Val Loss: 2.0686 Acc: 0.0833 F1: 0.0200 | Train Meta: metadata_norm_mean=5.6329 | Val Meta: metadata_norm_mean=5.6329
Epoch  33/50 | Train Loss: 2.0268 Acc: 0.2083 F1: 0.1476 | Val Loss: 2.1020 Acc: 0.0833 F1: 0.0294 | Train Meta: metadata_norm_mean=5.6329 | Val Meta: metadata_norm_mean=5.6329
Epoch  34/50 | Train Loss: 2.0396 Acc: 0.1458 F1: 0.0457 | Val Loss: 2.0674 Acc: 0.0833 F1: 0.0500 | Train Meta: metadata_norm_mean=5.6329 | Val Meta: metadata_norm_mean=5.6329
Epoch  35/50 | Train Loss: 2.0184 Acc: 0.2292 F1: 0.1597 | Val Loss: 2.0733 Acc: 0.0417 F1: 0.0109 | Train Meta: metadata_norm_mean=5.6329 | Val Meta: metadata_norm_mean=5.6329
Epoch  36/50 | Train Loss: 2.0283 Acc: 0.1875 F1: 0.1398 | Val Loss: 2.0722 Acc: 0.2917 F1: 0.1816 | Train Meta: metadata_norm_mean=5.6329 | Val Meta: metadata_norm_mean=5.6329
Epoch  37/50 | Train Loss: 2.0306 Acc: 0.1979 F1: 0.1372 | Val Loss: 2.1123 Acc: 0.0417 F1: 0.0100 | Train Meta: metadata_norm_mean=5.6329 | Val Meta: metadata_norm_mean=5.6329
Epoch  38/50 | Train Loss: 2.0130 Acc: 0.1875 F1: 0.1098 | Val Loss: 2.0891 Acc: 0.1667 F1: 0.1417 | Train Meta: metadata_norm_mean=5.6329 | Val Meta: metadata_norm_mean=5.6329
Epoch  39/50 | Train Loss: 2.0192 Acc: 0.2500 F1: 0.2153 | Val Loss: 2.0344 Acc: 0.2500 F1: 0.1311 | Train Meta: metadata_norm_mean=5.6329 | Val Meta: metadata_norm_mean=5.6329
Epoch  40/50 | Train Loss: 2.0291 Acc: 0.2188 F1: 0.1438 | Val Loss: 2.0626 Acc: 0.3333 F1: 0.2754 | Train Meta: metadata_norm_mean=5.6329 | Val Meta: metadata_norm_mean=5.6329
Epoch  41/50 | Train Loss: 2.0080 Acc: 0.2083 F1: 0.1805 | Val Loss: 2.0741 Acc: 0.1667 F1: 0.1133 | Train Meta: metadata_norm_mean=5.6329 | Val Meta: metadata_norm_mean=5.6329
Epoch  42/50 | Train Loss: 2.0125 Acc: 0.1979 F1: 0.1500 | Val Loss: 2.0893 Acc: 0.1250 F1: 0.0888 | Train Meta: metadata_norm_mean=5.6329 | Val Meta: metadata_norm_mean=5.6329
Epoch  43/50 | Train Loss: 2.0018 Acc: 0.2292 F1: 0.1430 | Val Loss: 2.0742 Acc: 0.0417 F1: 0.0100 | Train Meta: metadata_norm_mean=5.6329 | Val Meta: metadata_norm_mean=5.6329
Epoch  44/50 | Train Loss: 2.0066 Acc: 0.1979 F1: 0.1458 | Val Loss: 2.0683 Acc: 0.2917 F1: 0.2631 | Train Meta: metadata_norm_mean=5.6329 | Val Meta: metadata_norm_mean=5.6329
Epoch  45/50 | Train Loss: 2.0314 Acc: 0.1875 F1: 0.1416 | Val Loss: 2.0145 Acc: 0.2917 F1: 0.1842 | Train Meta: metadata_norm_mean=5.6329 | Val Meta: metadata_norm_mean=5.6329
Epoch  46/50 | Train Loss: 2.0125 Acc: 0.2188 F1: 0.1536 | Val Loss: 2.0653 Acc: 0.0417 F1: 0.0104 | Train Meta: metadata_norm_mean=5.6329 | Val Meta: metadata_norm_mean=5.6329
Epoch  47/50 | Train Loss: 2.0116 Acc: 0.1458 F1: 0.0499 | Val Loss: 2.1024 Acc: 0.1250 F1: 0.0853 | Train Meta: metadata_norm_mean=5.6329 | Val Meta: metadata_norm_mean=5.6329
Epoch  48/50 | Train Loss: 2.0054 Acc: 0.2083 F1: 0.1623 | Val Loss: 2.0329 Acc: 0.3333 F1: 0.2027 | Train Meta: metadata_norm_mean=5.6329 | Val Meta: metadata_norm_mean=5.6329
Epoch  49/50 | Train Loss: 2.0022 Acc: 0.2188 F1: 0.1962 | Val Loss: 2.0275 Acc: 0.2917 F1: 0.2207 | Train Meta: metadata_norm_mean=5.6329 | Val Meta: metadata_norm_mean=5.6329
Epoch  50/50 | Train Loss: 2.0010 Acc: 0.2812 F1: 0.2165 | Val Loss: 2.0549 Acc: 0.2917 F1: 0.1992 | Train Meta: metadata_norm_mean=5.6329 | Val Meta: metadata_norm_mean=5.6329

Random Encoder Classification Result (UWaveGestureLibrary)
Accuracy : 0.221875
F1 (macro): 0.120803
Joint metadata preview | dataset=ECG200 | domain=UCR | channels=1
   - channel_1: In the UCR domain, this channel belongs to the ECG200 dataset and represents the feature channel 1. Channel statistics over the training split: mean value is 0.000, standard deviation is 1.000, minimum value is -2.631, maximum value is 4.221, median value is 0.224, and mean absolute value is 0.782.
/data/pjh_workspace/ts-env/lib/python3.8/site-packages/torch/nn/modules/transformer.py:307: UserWarning: enable_nested_tensor is True, but self.use_nested_tensor is False because encoder_layer.norm_first was True
  warnings.warn(f"enable_nested_tensor is True, but self.use_nested_tensor is False because {why_not_sparsity_fast_path}")
==================================================
🚀 Architecture: LAYA Random Encoder
📊 Target Dataset: ECG200 (Channels: 1)
📊 Classes: 2 | Sequence Length: 96
==================================================
✅ Encoder is RANDOMLY initialized and FROZEN (Linear Probing mode).
Epoch   1/50 | Train Loss: 0.9872 Acc: 0.4125 F1: 0.4102 | Val Loss: 0.8086 Acc: 0.5000 F1: 0.3333 | Train Meta: metadata_norm_mean=5.6264 | Val Meta: metadata_norm_mean=5.6264
Epoch   2/50 | Train Loss: 0.6570 Acc: 0.7375 F1: 0.4245 | Val Loss: 1.3577 Acc: 0.5000 F1: 0.3333 | Train Meta: metadata_norm_mean=5.6264 | Val Meta: metadata_norm_mean=5.6264
Epoch   3/50 | Train Loss: 0.7600 Acc: 0.7375 F1: 0.4245 | Val Loss: 1.2754 Acc: 0.5000 F1: 0.3333 | Train Meta: metadata_norm_mean=5.6264 | Val Meta: metadata_norm_mean=5.6264
Epoch   4/50 | Train Loss: 0.6438 Acc: 0.7375 F1: 0.4245 | Val Loss: 0.8874 Acc: 0.5000 F1: 0.3333 | Train Meta: metadata_norm_mean=5.6264 | Val Meta: metadata_norm_mean=5.6264
Epoch   5/50 | Train Loss: 0.5887 Acc: 0.7375 F1: 0.4245 | Val Loss: 0.6900 Acc: 0.5000 F1: 0.3333 | Train Meta: metadata_norm_mean=5.6264 | Val Meta: metadata_norm_mean=5.6264
Epoch   6/50 | Train Loss: 0.5875 Acc: 0.7375 F1: 0.4245 | Val Loss: 0.6990 Acc: 0.5000 F1: 0.3333 | Train Meta: metadata_norm_mean=5.6264 | Val Meta: metadata_norm_mean=5.6264
Epoch   7/50 | Train Loss: 0.5544 Acc: 0.7375 F1: 0.4245 | Val Loss: 0.7908 Acc: 0.5000 F1: 0.3333 | Train Meta: metadata_norm_mean=5.6264 | Val Meta: metadata_norm_mean=5.6264
Epoch   8/50 | Train Loss: 0.5495 Acc: 0.7375 F1: 0.4245 | Val Loss: 0.8648 Acc: 0.5000 F1: 0.3333 | Train Meta: metadata_norm_mean=5.6264 | Val Meta: metadata_norm_mean=5.6264
Epoch   9/50 | Train Loss: 0.5534 Acc: 0.7375 F1: 0.4245 | Val Loss: 0.7748 Acc: 0.5000 F1: 0.3333 | Train Meta: metadata_norm_mean=5.6264 | Val Meta: metadata_norm_mean=5.6264
Epoch  10/50 | Train Loss: 0.5302 Acc: 0.7375 F1: 0.4245 | Val Loss: 0.7294 Acc: 0.5000 F1: 0.3333 | Train Meta: metadata_norm_mean=5.6264 | Val Meta: metadata_norm_mean=5.6264
Epoch  11/50 | Train Loss: 0.5310 Acc: 0.7375 F1: 0.4245 | Val Loss: 0.6949 Acc: 0.5000 F1: 0.3333 | Train Meta: metadata_norm_mean=5.6264 | Val Meta: metadata_norm_mean=5.6264
Epoch  12/50 | Train Loss: 0.5205 Acc: 0.7375 F1: 0.4245 | Val Loss: 0.7235 Acc: 0.5000 F1: 0.3333 | Train Meta: metadata_norm_mean=5.6264 | Val Meta: metadata_norm_mean=5.6264
Epoch  13/50 | Train Loss: 0.5182 Acc: 0.7375 F1: 0.4245 | Val Loss: 0.7641 Acc: 0.5000 F1: 0.3333 | Train Meta: metadata_norm_mean=5.6264 | Val Meta: metadata_norm_mean=5.6264
Epoch  14/50 | Train Loss: 0.5133 Acc: 0.7375 F1: 0.4245 | Val Loss: 0.7170 Acc: 0.5000 F1: 0.3333 | Train Meta: metadata_norm_mean=5.6264 | Val Meta: metadata_norm_mean=5.6264
Epoch  15/50 | Train Loss: 0.5043 Acc: 0.7375 F1: 0.4245 | Val Loss: 0.6729 Acc: 0.5000 F1: 0.3333 | Train Meta: metadata_norm_mean=5.6264 | Val Meta: metadata_norm_mean=5.6264
Epoch  16/50 | Train Loss: 0.5008 Acc: 0.7375 F1: 0.4245 | Val Loss: 0.6819 Acc: 0.5000 F1: 0.3333 | Train Meta: metadata_norm_mean=5.6264 | Val Meta: metadata_norm_mean=5.6264
Epoch  17/50 | Train Loss: 0.4955 Acc: 0.7375 F1: 0.4245 | Val Loss: 0.6955 Acc: 0.5000 F1: 0.3333 | Train Meta: metadata_norm_mean=5.6264 | Val Meta: metadata_norm_mean=5.6264
Epoch  18/50 | Train Loss: 0.4898 Acc: 0.7500 F1: 0.4730 | Val Loss: 0.6719 Acc: 0.5000 F1: 0.3333 | Train Meta: metadata_norm_mean=5.6264 | Val Meta: metadata_norm_mean=5.6264
Epoch  19/50 | Train Loss: 0.4865 Acc: 0.7500 F1: 0.4730 | Val Loss: 0.6592 Acc: 0.4500 F1: 0.3103 | Train Meta: metadata_norm_mean=5.6264 | Val Meta: metadata_norm_mean=5.6264
Epoch  20/50 | Train Loss: 0.4873 Acc: 0.7500 F1: 0.4730 | Val Loss: 0.6790 Acc: 0.5000 F1: 0.3333 | Train Meta: metadata_norm_mean=5.6264 | Val Meta: metadata_norm_mean=5.6264
Epoch  21/50 | Train Loss: 0.4818 Acc: 0.7500 F1: 0.4730 | Val Loss: 0.6254 Acc: 0.4500 F1: 0.3103 | Train Meta: metadata_norm_mean=5.6264 | Val Meta: metadata_norm_mean=5.6264
Epoch  22/50 | Train Loss: 0.4784 Acc: 0.7625 F1: 0.5176 | Val Loss: 0.6547 Acc: 0.4500 F1: 0.3103 | Train Meta: metadata_norm_mean=5.6264 | Val Meta: metadata_norm_mean=5.6264
Epoch  23/50 | Train Loss: 0.4730 Acc: 0.7625 F1: 0.5496 | Val Loss: 0.6203 Acc: 0.5000 F1: 0.4048 | Train Meta: metadata_norm_mean=5.6264 | Val Meta: metadata_norm_mean=5.6264
Epoch  24/50 | Train Loss: 0.4698 Acc: 0.7625 F1: 0.5176 | Val Loss: 0.6586 Acc: 0.4500 F1: 0.3103 | Train Meta: metadata_norm_mean=5.6264 | Val Meta: metadata_norm_mean=5.6264
Epoch  25/50 | Train Loss: 0.4636 Acc: 0.7625 F1: 0.5176 | Val Loss: 0.6185 Acc: 0.5000 F1: 0.4048 | Train Meta: metadata_norm_mean=5.6264 | Val Meta: metadata_norm_mean=5.6264
Epoch  26/50 | Train Loss: 0.4600 Acc: 0.7500 F1: 0.5098 | Val Loss: 0.6260 Acc: 0.5000 F1: 0.4048 | Train Meta: metadata_norm_mean=5.6264 | Val Meta: metadata_norm_mean=5.6264
Epoch  27/50 | Train Loss: 0.4564 Acc: 0.7625 F1: 0.5496 | Val Loss: 0.6182 Acc: 0.5000 F1: 0.4048 | Train Meta: metadata_norm_mean=5.6264 | Val Meta: metadata_norm_mean=5.6264
Epoch  28/50 | Train Loss: 0.4516 Acc: 0.7750 F1: 0.6104 | Val Loss: 0.5908 Acc: 0.6000 F1: 0.5604 | Train Meta: metadata_norm_mean=5.6264 | Val Meta: metadata_norm_mean=5.6264
Epoch  29/50 | Train Loss: 0.4490 Acc: 0.7750 F1: 0.6308 | Val Loss: 0.5857 Acc: 0.6000 F1: 0.5604 | Train Meta: metadata_norm_mean=5.6264 | Val Meta: metadata_norm_mean=5.6264
Epoch  30/50 | Train Loss: 0.4470 Acc: 0.7500 F1: 0.5671 | Val Loss: 0.6111 Acc: 0.5500 F1: 0.4872 | Train Meta: metadata_norm_mean=5.6264 | Val Meta: metadata_norm_mean=5.6264
Epoch  31/50 | Train Loss: 0.4502 Acc: 0.7625 F1: 0.5767 | Val Loss: 0.5721 Acc: 0.6000 F1: 0.5604 | Train Meta: metadata_norm_mean=5.6264 | Val Meta: metadata_norm_mean=5.6264
Epoch  32/50 | Train Loss: 0.4408 Acc: 0.7875 F1: 0.6599 | Val Loss: 0.6128 Acc: 0.5500 F1: 0.4872 | Train Meta: metadata_norm_mean=5.6264 | Val Meta: metadata_norm_mean=5.6264
Epoch  33/50 | Train Loss: 0.4385 Acc: 0.7625 F1: 0.5767 | Val Loss: 0.5916 Acc: 0.6000 F1: 0.5604 | Train Meta: metadata_norm_mean=5.6264 | Val Meta: metadata_norm_mean=5.6264
Epoch  34/50 | Train Loss: 0.4343 Acc: 0.7750 F1: 0.6308 | Val Loss: 0.5801 Acc: 0.6000 F1: 0.5604 | Train Meta: metadata_norm_mean=5.6264 | Val Meta: metadata_norm_mean=5.6264
Epoch  35/50 | Train Loss: 0.4371 Acc: 0.8000 F1: 0.6875 | Val Loss: 0.5456 Acc: 0.6500 F1: 0.6267 | Train Meta: metadata_norm_mean=5.6264 | Val Meta: metadata_norm_mean=5.6264
Epoch  36/50 | Train Loss: 0.4312 Acc: 0.7875 F1: 0.6599 | Val Loss: 0.5800 Acc: 0.6000 F1: 0.5604 | Train Meta: metadata_norm_mean=5.6264 | Val Meta: metadata_norm_mean=5.6264
Epoch  37/50 | Train Loss: 0.4283 Acc: 0.7875 F1: 0.6599 | Val Loss: 0.5828 Acc: 0.6000 F1: 0.5604 | Train Meta: metadata_norm_mean=5.6264 | Val Meta: metadata_norm_mean=5.6264
Epoch  38/50 | Train Loss: 0.4271 Acc: 0.7750 F1: 0.6308 | Val Loss: 0.5800 Acc: 0.6000 F1: 0.5604 | Train Meta: metadata_norm_mean=5.6264 | Val Meta: metadata_norm_mean=5.6264
Epoch  39/50 | Train Loss: 0.4255 Acc: 0.7750 F1: 0.6308 | Val Loss: 0.5437 Acc: 0.6500 F1: 0.6267 | Train Meta: metadata_norm_mean=5.6264 | Val Meta: metadata_norm_mean=5.6264
Epoch  40/50 | Train Loss: 0.4229 Acc: 0.8125 F1: 0.7137 | Val Loss: 0.5339 Acc: 0.7000 F1: 0.6875 | Train Meta: metadata_norm_mean=5.6264 | Val Meta: metadata_norm_mean=5.6264
Epoch  41/50 | Train Loss: 0.4186 Acc: 0.8000 F1: 0.6875 | Val Loss: 0.5574 Acc: 0.6000 F1: 0.5604 | Train Meta: metadata_norm_mean=5.6264 | Val Meta: metadata_norm_mean=5.6264
Epoch  42/50 | Train Loss: 0.4161 Acc: 0.7875 F1: 0.6599 | Val Loss: 0.5631 Acc: 0.6000 F1: 0.5604 | Train Meta: metadata_norm_mean=5.6264 | Val Meta: metadata_norm_mean=5.6264
Epoch  43/50 | Train Loss: 0.4153 Acc: 0.7875 F1: 0.6599 | Val Loss: 0.5532 Acc: 0.6000 F1: 0.5604 | Train Meta: metadata_norm_mean=5.6264 | Val Meta: metadata_norm_mean=5.6264
Epoch  44/50 | Train Loss: 0.4201 Acc: 0.8125 F1: 0.7257 | Val Loss: 0.5085 Acc: 0.7500 F1: 0.7442 | Train Meta: metadata_norm_mean=5.6264 | Val Meta: metadata_norm_mean=5.6264
Epoch  45/50 | Train Loss: 0.4110 Acc: 0.8000 F1: 0.6875 | Val Loss: 0.5465 Acc: 0.6500 F1: 0.6267 | Train Meta: metadata_norm_mean=5.6264 | Val Meta: metadata_norm_mean=5.6264
Epoch  46/50 | Train Loss: 0.4104 Acc: 0.7875 F1: 0.6599 | Val Loss: 0.5586 Acc: 0.6000 F1: 0.5604 | Train Meta: metadata_norm_mean=5.6264 | Val Meta: metadata_norm_mean=5.6264
Epoch  47/50 | Train Loss: 0.4078 Acc: 0.8000 F1: 0.6875 | Val Loss: 0.5283 Acc: 0.6500 F1: 0.6267 | Train Meta: metadata_norm_mean=5.6264 | Val Meta: metadata_norm_mean=5.6264
Epoch  48/50 | Train Loss: 0.4040 Acc: 0.8250 F1: 0.7386 | Val Loss: 0.5168 Acc: 0.7000 F1: 0.6875 | Train Meta: metadata_norm_mean=5.6264 | Val Meta: metadata_norm_mean=5.6264
Epoch  49/50 | Train Loss: 0.4059 Acc: 0.8250 F1: 0.7386 | Val Loss: 0.5260 Acc: 0.6500 F1: 0.6267 | Train Meta: metadata_norm_mean=5.6264 | Val Meta: metadata_norm_mean=5.6264
Epoch  50/50 | Train Loss: 0.4026 Acc: 0.8000 F1: 0.6875 | Val Loss: 0.5205 Acc: 0.6500 F1: 0.6267 | Train Meta: metadata_norm_mean=5.6264 | Val Meta: metadata_norm_mean=5.6264

Random Encoder Classification Result (ECG200)
Accuracy : 0.750000
F1 (macro): 0.699483
Joint metadata preview | dataset=ECG5000 | domain=UCR | channels=1
   - channel_1: In the UCR domain, this channel belongs to the ECG5000 dataset and represents the feature channel 1. Channel statistics over the training split: mean value is 0.000, standard deviation is 1.000, minimum value is -5.818, maximum value is 4.073, median value is 0.186, and mean absolute value is 0.668.
/data/pjh_workspace/ts-env/lib/python3.8/site-packages/torch/nn/modules/transformer.py:307: UserWarning: enable_nested_tensor is True, but self.use_nested_tensor is False because encoder_layer.norm_first was True
  warnings.warn(f"enable_nested_tensor is True, but self.use_nested_tensor is False because {why_not_sparsity_fast_path}")
==================================================
🚀 Architecture: LAYA Random Encoder
📊 Target Dataset: ECG5000 (Channels: 1)
📊 Classes: 5 | Sequence Length: 140
==================================================
✅ Encoder is RANDOMLY initialized and FROZEN (Linear Probing mode).
Epoch   1/50 | Train Loss: 0.8416 Acc: 0.6925 F1: 0.2702 | Val Loss: 0.5212 Acc: 0.9200 F1: 0.4678 | Train Meta: metadata_norm_mean=5.6275 | Val Meta: metadata_norm_mean=5.6275
Epoch   2/50 | Train Loss: 0.5515 Acc: 0.9000 F1: 0.3700 | Val Loss: 0.4062 Acc: 0.9200 F1: 0.4664 | Train Meta: metadata_norm_mean=5.6275 | Val Meta: metadata_norm_mean=5.6275
Epoch   3/50 | Train Loss: 0.4712 Acc: 0.8900 F1: 0.3657 | Val Loss: 0.3669 Acc: 0.9400 F1: 0.4786 | Train Meta: metadata_norm_mean=5.6275 | Val Meta: metadata_norm_mean=5.6275
Epoch   4/50 | Train Loss: 0.4376 Acc: 0.9000 F1: 0.3703 | Val Loss: 0.3344 Acc: 0.9200 F1: 0.4664 | Train Meta: metadata_norm_mean=5.6275 | Val Meta: metadata_norm_mean=5.6275
Epoch   5/50 | Train Loss: 0.4113 Acc: 0.9050 F1: 0.3722 | Val Loss: 0.3180 Acc: 0.9200 F1: 0.4664 | Train Meta: metadata_norm_mean=5.6275 | Val Meta: metadata_norm_mean=5.6275
Epoch   6/50 | Train Loss: 0.3976 Acc: 0.9000 F1: 0.3701 | Val Loss: 0.3020 Acc: 0.9200 F1: 0.4664 | Train Meta: metadata_norm_mean=5.6275 | Val Meta: metadata_norm_mean=5.6275
Epoch   7/50 | Train Loss: 0.3875 Acc: 0.9000 F1: 0.3701 | Val Loss: 0.2973 Acc: 0.9200 F1: 0.4664 | Train Meta: metadata_norm_mean=5.6275 | Val Meta: metadata_norm_mean=5.6275
Epoch   8/50 | Train Loss: 0.3815 Acc: 0.9050 F1: 0.3723 | Val Loss: 0.2919 Acc: 0.9200 F1: 0.4664 | Train Meta: metadata_norm_mean=5.6275 | Val Meta: metadata_norm_mean=5.6275
Epoch   9/50 | Train Loss: 0.3914 Acc: 0.9025 F1: 0.3711 | Val Loss: 0.2843 Acc: 0.9200 F1: 0.4664 | Train Meta: metadata_norm_mean=5.6275 | Val Meta: metadata_norm_mean=5.6275
Epoch  10/50 | Train Loss: 0.3741 Acc: 0.9025 F1: 0.3711 | Val Loss: 0.2959 Acc: 0.9400 F1: 0.4786 | Train Meta: metadata_norm_mean=5.6275 | Val Meta: metadata_norm_mean=5.6275
Epoch  11/50 | Train Loss: 0.3926 Acc: 0.8975 F1: 0.3691 | Val Loss: 0.2805 Acc: 0.9200 F1: 0.4664 | Train Meta: metadata_norm_mean=5.6275 | Val Meta: metadata_norm_mean=5.6275
Epoch  12/50 | Train Loss: 0.3745 Acc: 0.8975 F1: 0.3691 | Val Loss: 0.2816 Acc: 0.9200 F1: 0.4664 | Train Meta: metadata_norm_mean=5.6275 | Val Meta: metadata_norm_mean=5.6275
Epoch  13/50 | Train Loss: 0.3645 Acc: 0.9075 F1: 0.3732 | Val Loss: 0.2751 Acc: 0.9300 F1: 0.4726 | Train Meta: metadata_norm_mean=5.6275 | Val Meta: metadata_norm_mean=5.6275
Epoch  14/50 | Train Loss: 0.3587 Acc: 0.9000 F1: 0.3700 | Val Loss: 0.2811 Acc: 0.9200 F1: 0.4664 | Train Meta: metadata_norm_mean=5.6275 | Val Meta: metadata_norm_mean=5.6275
Epoch  15/50 | Train Loss: 0.3622 Acc: 0.9050 F1: 0.3722 | Val Loss: 0.2728 Acc: 0.9400 F1: 0.4786 | Train Meta: metadata_norm_mean=5.6275 | Val Meta: metadata_norm_mean=5.6275
Epoch  16/50 | Train Loss: 0.3655 Acc: 0.8975 F1: 0.3689 | Val Loss: 0.2695 Acc: 0.9200 F1: 0.4664 | Train Meta: metadata_norm_mean=5.6275 | Val Meta: metadata_norm_mean=5.6275
Epoch  17/50 | Train Loss: 0.3478 Acc: 0.9075 F1: 0.3733 | Val Loss: 0.2789 Acc: 0.9200 F1: 0.4683 | Train Meta: metadata_norm_mean=5.6275 | Val Meta: metadata_norm_mean=5.6275
Epoch  18/50 | Train Loss: 0.3461 Acc: 0.9050 F1: 0.3721 | Val Loss: 0.2664 Acc: 0.9200 F1: 0.4664 | Train Meta: metadata_norm_mean=5.6275 | Val Meta: metadata_norm_mean=5.6275
Epoch  19/50 | Train Loss: 0.3439 Acc: 0.9050 F1: 0.3722 | Val Loss: 0.2731 Acc: 0.9300 F1: 0.4741 | Train Meta: metadata_norm_mean=5.6275 | Val Meta: metadata_norm_mean=5.6275
Epoch  20/50 | Train Loss: 0.3425 Acc: 0.9025 F1: 0.3712 | Val Loss: 0.2608 Acc: 0.9200 F1: 0.4664 | Train Meta: metadata_norm_mean=5.6275 | Val Meta: metadata_norm_mean=5.6275
Epoch  21/50 | Train Loss: 0.3548 Acc: 0.9050 F1: 0.3721 | Val Loss: 0.2697 Acc: 0.9300 F1: 0.4741 | Train Meta: metadata_norm_mean=5.6275 | Val Meta: metadata_norm_mean=5.6275
Epoch  22/50 | Train Loss: 0.3365 Acc: 0.9075 F1: 0.3732 | Val Loss: 0.2699 Acc: 0.9200 F1: 0.4664 | Train Meta: metadata_norm_mean=5.6275 | Val Meta: metadata_norm_mean=5.6275
Epoch  23/50 | Train Loss: 0.3412 Acc: 0.9025 F1: 0.3710 | Val Loss: 0.2678 Acc: 0.9200 F1: 0.4664 | Train Meta: metadata_norm_mean=5.6275 | Val Meta: metadata_norm_mean=5.6275
Epoch  24/50 | Train Loss: 0.3330 Acc: 0.9000 F1: 0.3701 | Val Loss: 0.2618 Acc: 0.9200 F1: 0.4683 | Train Meta: metadata_norm_mean=5.6275 | Val Meta: metadata_norm_mean=5.6275
Epoch  25/50 | Train Loss: 0.3326 Acc: 0.9100 F1: 0.3744 | Val Loss: 0.2588 Acc: 0.9200 F1: 0.4664 | Train Meta: metadata_norm_mean=5.6275 | Val Meta: metadata_norm_mean=5.6275
Epoch  26/50 | Train Loss: 0.3363 Acc: 0.9075 F1: 0.3732 | Val Loss: 0.2643 Acc: 0.9200 F1: 0.4664 | Train Meta: metadata_norm_mean=5.6275 | Val Meta: metadata_norm_mean=5.6275
Epoch  27/50 | Train Loss: 0.3275 Acc: 0.9125 F1: 0.3753 | Val Loss: 0.2649 Acc: 0.9400 F1: 0.4786 | Train Meta: metadata_norm_mean=5.6275 | Val Meta: metadata_norm_mean=5.6275
Epoch  28/50 | Train Loss: 0.3308 Acc: 0.9000 F1: 0.3700 | Val Loss: 0.2646 Acc: 0.9300 F1: 0.4726 | Train Meta: metadata_norm_mean=5.6275 | Val Meta: metadata_norm_mean=5.6275
Epoch  29/50 | Train Loss: 0.3244 Acc: 0.9025 F1: 0.3711 | Val Loss: 0.2633 Acc: 0.9400 F1: 0.4786 | Train Meta: metadata_norm_mean=5.6275 | Val Meta: metadata_norm_mean=5.6275
Epoch  30/50 | Train Loss: 0.3236 Acc: 0.9000 F1: 0.3700 | Val Loss: 0.2541 Acc: 0.9200 F1: 0.4664 | Train Meta: metadata_norm_mean=5.6275 | Val Meta: metadata_norm_mean=5.6275
Epoch  31/50 | Train Loss: 0.3273 Acc: 0.9000 F1: 0.4099 | Val Loss: 0.2607 Acc: 0.9200 F1: 0.4683 | Train Meta: metadata_norm_mean=5.6275 | Val Meta: metadata_norm_mean=5.6275
Epoch  32/50 | Train Loss: 0.3317 Acc: 0.8975 F1: 0.3690 | Val Loss: 0.2630 Acc: 0.9300 F1: 0.4741 | Train Meta: metadata_norm_mean=5.6275 | Val Meta: metadata_norm_mean=5.6275
Epoch  33/50 | Train Loss: 0.3167 Acc: 0.9050 F1: 0.3721 | Val Loss: 0.2592 Acc: 0.9400 F1: 0.4786 | Train Meta: metadata_norm_mean=5.6275 | Val Meta: metadata_norm_mean=5.6275
Epoch  34/50 | Train Loss: 0.3121 Acc: 0.9025 F1: 0.3712 | Val Loss: 0.2572 Acc: 0.9200 F1: 0.4683 | Train Meta: metadata_norm_mean=5.6275 | Val Meta: metadata_norm_mean=5.6275
Epoch  35/50 | Train Loss: 0.3218 Acc: 0.9125 F1: 0.3753 | Val Loss: 0.2660 Acc: 0.9200 F1: 0.4706 | Train Meta: metadata_norm_mean=5.6275 | Val Meta: metadata_norm_mean=5.6275
Epoch  36/50 | Train Loss: 0.3124 Acc: 0.9100 F1: 0.4400 | Val Loss: 0.2589 Acc: 0.9400 F1: 0.4786 | Train Meta: metadata_norm_mean=5.6275 | Val Meta: metadata_norm_mean=5.6275
Epoch  37/50 | Train Loss: 0.3197 Acc: 0.9050 F1: 0.3721 | Val Loss: 0.2653 Acc: 0.9100 F1: 0.4644 | Train Meta: metadata_norm_mean=5.6275 | Val Meta: metadata_norm_mean=5.6275
Epoch  38/50 | Train Loss: 0.3138 Acc: 0.9025 F1: 0.3712 | Val Loss: 0.2578 Acc: 0.9200 F1: 0.4664 | Train Meta: metadata_norm_mean=5.6275 | Val Meta: metadata_norm_mean=5.6275
Epoch  39/50 | Train Loss: 0.3216 Acc: 0.9025 F1: 0.3712 | Val Loss: 0.2578 Acc: 0.9300 F1: 0.4726 | Train Meta: metadata_norm_mean=5.6275 | Val Meta: metadata_norm_mean=5.6275
Epoch  40/50 | Train Loss: 0.3045 Acc: 0.9075 F1: 0.3731 | Val Loss: 0.2663 Acc: 0.9100 F1: 0.4644 | Train Meta: metadata_norm_mean=5.6275 | Val Meta: metadata_norm_mean=5.6275
Epoch  41/50 | Train Loss: 0.3004 Acc: 0.9075 F1: 0.3737 | Val Loss: 0.2559 Acc: 0.9200 F1: 0.4664 | Train Meta: metadata_norm_mean=5.6275 | Val Meta: metadata_norm_mean=5.6275
Epoch  42/50 | Train Loss: 0.3014 Acc: 0.9125 F1: 0.3753 | Val Loss: 0.2547 Acc: 0.9200 F1: 0.4664 | Train Meta: metadata_norm_mean=5.6275 | Val Meta: metadata_norm_mean=5.6275
Epoch  43/50 | Train Loss: 0.3010 Acc: 0.9125 F1: 0.4146 | Val Loss: 0.2565 Acc: 0.9300 F1: 0.4767 | Train Meta: metadata_norm_mean=5.6275 | Val Meta: metadata_norm_mean=5.6275
Epoch  44/50 | Train Loss: 0.3053 Acc: 0.9050 F1: 0.3719 | Val Loss: 0.2554 Acc: 0.9300 F1: 0.4726 | Train Meta: metadata_norm_mean=5.6275 | Val Meta: metadata_norm_mean=5.6275
Epoch  45/50 | Train Loss: 0.3038 Acc: 0.9100 F1: 0.4136 | Val Loss: 0.2594 Acc: 0.9300 F1: 0.4726 | Train Meta: metadata_norm_mean=5.6275 | Val Meta: metadata_norm_mean=5.6275
Epoch  46/50 | Train Loss: 0.3071 Acc: 0.9050 F1: 0.4113 | Val Loss: 0.2727 Acc: 0.9300 F1: 0.4767 | Train Meta: metadata_norm_mean=5.6275 | Val Meta: metadata_norm_mean=5.6275
Epoch  47/50 | Train Loss: 0.3072 Acc: 0.9025 F1: 0.3711 | Val Loss: 0.2515 Acc: 0.9300 F1: 0.4726 | Train Meta: metadata_norm_mean=5.6275 | Val Meta: metadata_norm_mean=5.6275
Epoch  48/50 | Train Loss: 0.3086 Acc: 0.9100 F1: 0.3743 | Val Loss: 0.2505 Acc: 0.9300 F1: 0.4726 | Train Meta: metadata_norm_mean=5.6275 | Val Meta: metadata_norm_mean=5.6275
Epoch  49/50 | Train Loss: 0.2983 Acc: 0.9050 F1: 0.4120 | Val Loss: 0.2523 Acc: 0.9400 F1: 0.4786 | Train Meta: metadata_norm_mean=5.6275 | Val Meta: metadata_norm_mean=5.6275
Epoch  50/50 | Train Loss: 0.2970 Acc: 0.9050 F1: 0.4113 | Val Loss: 0.2562 Acc: 0.9400 F1: 0.4786 | Train Meta: metadata_norm_mean=5.6275 | Val Meta: metadata_norm_mean=5.6275

Random Encoder Classification Result (ECG5000)
Accuracy : 0.907556
F1 (macro): 0.393928
Joint metadata preview | dataset=FordA | domain=UCR | channels=1
   - channel_1: In the UCR domain, this channel belongs to the FordA dataset and represents the feature channel 1. Channel statistics over the training split: mean value is 0.000, standard deviation is 1.000, minimum value is -4.622, maximum value is 5.064, median value is -0.001, and mean absolute value is 0.801.
/data/pjh_workspace/ts-env/lib/python3.8/site-packages/torch/nn/modules/transformer.py:307: UserWarning: enable_nested_tensor is True, but self.use_nested_tensor is False because encoder_layer.norm_first was True
  warnings.warn(f"enable_nested_tensor is True, but self.use_nested_tensor is False because {why_not_sparsity_fast_path}")
==================================================
🚀 Architecture: LAYA Random Encoder
📊 Target Dataset: FordA (Channels: 1)
📊 Classes: 2 | Sequence Length: 500
==================================================
✅ Encoder is RANDOMLY initialized and FROZEN (Linear Probing mode).
Epoch   1/50 | Train Loss: 0.7117 Acc: 0.5097 F1: 0.5082 | Val Loss: 0.6802 Acc: 0.5958 F1: 0.5829 | Train Meta: metadata_norm_mean=5.6337 | Val Meta: metadata_norm_mean=5.6337
Epoch   2/50 | Train Loss: 0.6856 Acc: 0.5410 F1: 0.5388 | Val Loss: 0.6803 Acc: 0.5181 F1: 0.3700 | Train Meta: metadata_norm_mean=5.6337 | Val Meta: metadata_norm_mean=5.6337
Epoch   3/50 | Train Loss: 0.6764 Acc: 0.5813 F1: 0.5808 | Val Loss: 0.6686 Acc: 0.5264 F1: 0.3673 | Train Meta: metadata_norm_mean=5.6337 | Val Meta: metadata_norm_mean=5.6337
Epoch   4/50 | Train Loss: 0.6735 Acc: 0.5681 F1: 0.5677 | Val Loss: 0.6791 Acc: 0.5403 F1: 0.4381 | Train Meta: metadata_norm_mean=5.6337 | Val Meta: metadata_norm_mean=5.6337
Epoch   5/50 | Train Loss: 0.6657 Acc: 0.5948 F1: 0.5946 | Val Loss: 0.6464 Acc: 0.5806 F1: 0.4966 | Train Meta: metadata_norm_mean=5.6337 | Val Meta: metadata_norm_mean=5.6337
Epoch   6/50 | Train Loss: 0.6623 Acc: 0.5938 F1: 0.5933 | Val Loss: 0.6415 Acc: 0.6472 F1: 0.6298 | Train Meta: metadata_norm_mean=5.6337 | Val Meta: metadata_norm_mean=5.6337
Epoch   7/50 | Train Loss: 0.6418 Acc: 0.6372 F1: 0.6371 | Val Loss: 0.6263 Acc: 0.6792 F1: 0.6671 | Train Meta: metadata_norm_mean=5.6337 | Val Meta: metadata_norm_mean=5.6337
Epoch   8/50 | Train Loss: 0.6384 Acc: 0.6458 F1: 0.6458 | Val Loss: 0.6465 Acc: 0.5917 F1: 0.5177 | Train Meta: metadata_norm_mean=5.6337 | Val Meta: metadata_norm_mean=5.6337
Epoch   9/50 | Train Loss: 0.6401 Acc: 0.6333 F1: 0.6333 | Val Loss: 0.6314 Acc: 0.6056 F1: 0.5421 | Train Meta: metadata_norm_mean=5.6337 | Val Meta: metadata_norm_mean=5.6337
Epoch  10/50 | Train Loss: 0.6293 Acc: 0.6510 F1: 0.6508 | Val Loss: 0.6113 Acc: 0.6875 F1: 0.6839 | Train Meta: metadata_norm_mean=5.6337 | Val Meta: metadata_norm_mean=5.6337
Epoch  11/50 | Train Loss: 0.6278 Acc: 0.6493 F1: 0.6491 | Val Loss: 0.6266 Acc: 0.6389 F1: 0.6131 | Train Meta: metadata_norm_mean=5.6337 | Val Meta: metadata_norm_mean=5.6337
Epoch  12/50 | Train Loss: 0.6364 Acc: 0.6253 F1: 0.6252 | Val Loss: 0.6041 Acc: 0.7014 F1: 0.6986 | Train Meta: metadata_norm_mean=5.6337 | Val Meta: metadata_norm_mean=5.6337
Epoch  13/50 | Train Loss: 0.6224 Acc: 0.6497 F1: 0.6496 | Val Loss: 0.6132 Acc: 0.6431 F1: 0.6067 | Train Meta: metadata_norm_mean=5.6337 | Val Meta: metadata_norm_mean=5.6337
Epoch  14/50 | Train Loss: 0.6174 Acc: 0.6573 F1: 0.6571 | Val Loss: 0.6029 Acc: 0.6750 F1: 0.6630 | Train Meta: metadata_norm_mean=5.6337 | Val Meta: metadata_norm_mean=5.6337
Epoch  15/50 | Train Loss: 0.6202 Acc: 0.6559 F1: 0.6559 | Val Loss: 0.5939 Acc: 0.6972 F1: 0.6922 | Train Meta: metadata_norm_mean=5.6337 | Val Meta: metadata_norm_mean=5.6337
Epoch  16/50 | Train Loss: 0.6144 Acc: 0.6670 F1: 0.6668 | Val Loss: 0.5953 Acc: 0.6764 F1: 0.6627 | Train Meta: metadata_norm_mean=5.6337 | Val Meta: metadata_norm_mean=5.6337
Epoch  17/50 | Train Loss: 0.6073 Acc: 0.6819 F1: 0.6819 | Val Loss: 0.5818 Acc: 0.7194 F1: 0.7187 | Train Meta: metadata_norm_mean=5.6337 | Val Meta: metadata_norm_mean=5.6337
Epoch  18/50 | Train Loss: 0.6060 Acc: 0.6719 F1: 0.6717 | Val Loss: 0.5845 Acc: 0.6903 F1: 0.6885 | Train Meta: metadata_norm_mean=5.6337 | Val Meta: metadata_norm_mean=5.6337
Epoch  19/50 | Train Loss: 0.6007 Acc: 0.6840 F1: 0.6840 | Val Loss: 0.5808 Acc: 0.7083 F1: 0.7021 | Train Meta: metadata_norm_mean=5.6337 | Val Meta: metadata_norm_mean=5.6337
Epoch  20/50 | Train Loss: 0.5991 Acc: 0.6889 F1: 0.6889 | Val Loss: 0.5816 Acc: 0.7000 F1: 0.6963 | Train Meta: metadata_norm_mean=5.6337 | Val Meta: metadata_norm_mean=5.6337
Epoch  21/50 | Train Loss: 0.5972 Acc: 0.6896 F1: 0.6896 | Val Loss: 0.6087 Acc: 0.6306 F1: 0.5817 | Train Meta: metadata_norm_mean=5.6337 | Val Meta: metadata_norm_mean=5.6337
Epoch  22/50 | Train Loss: 0.6006 Acc: 0.6733 F1: 0.6733 | Val Loss: 0.5777 Acc: 0.6986 F1: 0.6937 | Train Meta: metadata_norm_mean=5.6337 | Val Meta: metadata_norm_mean=5.6337
Epoch  23/50 | Train Loss: 0.5950 Acc: 0.6882 F1: 0.6882 | Val Loss: 0.6220 Acc: 0.6431 F1: 0.6129 | Train Meta: metadata_norm_mean=5.6337 | Val Meta: metadata_norm_mean=5.6337
Epoch  24/50 | Train Loss: 0.5901 Acc: 0.6965 F1: 0.6965 | Val Loss: 0.5686 Acc: 0.7208 F1: 0.7198 | Train Meta: metadata_norm_mean=5.6337 | Val Meta: metadata_norm_mean=5.6337
Epoch  25/50 | Train Loss: 0.5910 Acc: 0.6931 F1: 0.6931 | Val Loss: 0.5799 Acc: 0.6847 F1: 0.6725 | Train Meta: metadata_norm_mean=5.6337 | Val Meta: metadata_norm_mean=5.6337
Epoch  26/50 | Train Loss: 0.5896 Acc: 0.6924 F1: 0.6924 | Val Loss: 0.5881 Acc: 0.6694 F1: 0.6479 | Train Meta: metadata_norm_mean=5.6337 | Val Meta: metadata_norm_mean=5.6337
Epoch  27/50 | Train Loss: 0.5909 Acc: 0.6913 F1: 0.6913 | Val Loss: 0.5612 Acc: 0.7222 F1: 0.7209 | Train Meta: metadata_norm_mean=5.6337 | Val Meta: metadata_norm_mean=5.6337
Epoch  28/50 | Train Loss: 0.5843 Acc: 0.6934 F1: 0.6934 | Val Loss: 0.5598 Acc: 0.7278 F1: 0.7275 | Train Meta: metadata_norm_mean=5.6337 | Val Meta: metadata_norm_mean=5.6337
Epoch  29/50 | Train Loss: 0.5788 Acc: 0.7073 F1: 0.7073 | Val Loss: 0.5595 Acc: 0.7264 F1: 0.7249 | Train Meta: metadata_norm_mean=5.6337 | Val Meta: metadata_norm_mean=5.6337
Epoch  30/50 | Train Loss: 0.5820 Acc: 0.6983 F1: 0.6983 | Val Loss: 0.5572 Acc: 0.7278 F1: 0.7270 | Train Meta: metadata_norm_mean=5.6337 | Val Meta: metadata_norm_mean=5.6337
Epoch  31/50 | Train Loss: 0.5762 Acc: 0.7063 F1: 0.7062 | Val Loss: 0.5526 Acc: 0.7403 F1: 0.7386 | Train Meta: metadata_norm_mean=5.6337 | Val Meta: metadata_norm_mean=5.6337
Epoch  32/50 | Train Loss: 0.5805 Acc: 0.7017 F1: 0.7017 | Val Loss: 0.5653 Acc: 0.7097 F1: 0.7018 | Train Meta: metadata_norm_mean=5.6337 | Val Meta: metadata_norm_mean=5.6337
Epoch  33/50 | Train Loss: 0.5782 Acc: 0.7014 F1: 0.7014 | Val Loss: 0.5569 Acc: 0.7278 F1: 0.7249 | Train Meta: metadata_norm_mean=5.6337 | Val Meta: metadata_norm_mean=5.6337
Epoch  34/50 | Train Loss: 0.5739 Acc: 0.6986 F1: 0.6986 | Val Loss: 0.5516 Acc: 0.7347 F1: 0.7344 | Train Meta: metadata_norm_mean=5.6337 | Val Meta: metadata_norm_mean=5.6337
Epoch  35/50 | Train Loss: 0.5686 Acc: 0.7208 F1: 0.7208 | Val Loss: 0.5438 Acc: 0.7500 F1: 0.7498 | Train Meta: metadata_norm_mean=5.6337 | Val Meta: metadata_norm_mean=5.6337
Epoch  36/50 | Train Loss: 0.5708 Acc: 0.7080 F1: 0.7080 | Val Loss: 0.5428 Acc: 0.7458 F1: 0.7458 | Train Meta: metadata_norm_mean=5.6337 | Val Meta: metadata_norm_mean=5.6337
Epoch  37/50 | Train Loss: 0.5743 Acc: 0.7049 F1: 0.7049 | Val Loss: 0.5555 Acc: 0.7278 F1: 0.7275 | Train Meta: metadata_norm_mean=5.6337 | Val Meta: metadata_norm_mean=5.6337
Epoch  38/50 | Train Loss: 0.5634 Acc: 0.7253 F1: 0.7253 | Val Loss: 0.5487 Acc: 0.7278 F1: 0.7229 | Train Meta: metadata_norm_mean=5.6337 | Val Meta: metadata_norm_mean=5.6337
Epoch  39/50 | Train Loss: 0.5718 Acc: 0.7111 F1: 0.7111 | Val Loss: 0.5436 Acc: 0.7458 F1: 0.7446 | Train Meta: metadata_norm_mean=5.6337 | Val Meta: metadata_norm_mean=5.6337
Epoch  40/50 | Train Loss: 0.5653 Acc: 0.7153 F1: 0.7153 | Val Loss: 0.5389 Acc: 0.7514 F1: 0.7512 | Train Meta: metadata_norm_mean=5.6337 | Val Meta: metadata_norm_mean=5.6337
Epoch  41/50 | Train Loss: 0.5606 Acc: 0.7240 F1: 0.7239 | Val Loss: 0.6019 Acc: 0.6194 F1: 0.5663 | Train Meta: metadata_norm_mean=5.6337 | Val Meta: metadata_norm_mean=5.6337
Epoch  42/50 | Train Loss: 0.5643 Acc: 0.7174 F1: 0.7174 | Val Loss: 0.5368 Acc: 0.7611 F1: 0.7611 | Train Meta: metadata_norm_mean=5.6337 | Val Meta: metadata_norm_mean=5.6337
Epoch  43/50 | Train Loss: 0.5645 Acc: 0.7073 F1: 0.7073 | Val Loss: 0.5400 Acc: 0.7486 F1: 0.7479 | Train Meta: metadata_norm_mean=5.6337 | Val Meta: metadata_norm_mean=5.6337
Epoch  44/50 | Train Loss: 0.5604 Acc: 0.7247 F1: 0.7247 | Val Loss: 0.5375 Acc: 0.7472 F1: 0.7456 | Train Meta: metadata_norm_mean=5.6337 | Val Meta: metadata_norm_mean=5.6337
Epoch  45/50 | Train Loss: 0.5558 Acc: 0.7382 F1: 0.7382 | Val Loss: 0.5336 Acc: 0.7486 F1: 0.7486 | Train Meta: metadata_norm_mean=5.6337 | Val Meta: metadata_norm_mean=5.6337
Epoch  46/50 | Train Loss: 0.5543 Acc: 0.7351 F1: 0.7351 | Val Loss: 0.5474 Acc: 0.7250 F1: 0.7157 | Train Meta: metadata_norm_mean=5.6337 | Val Meta: metadata_norm_mean=5.6337
Epoch  47/50 | Train Loss: 0.5567 Acc: 0.7326 F1: 0.7326 | Val Loss: 0.5345 Acc: 0.7542 F1: 0.7526 | Train Meta: metadata_norm_mean=5.6337 | Val Meta: metadata_norm_mean=5.6337
Epoch  48/50 | Train Loss: 0.5536 Acc: 0.7347 F1: 0.7347 | Val Loss: 0.5319 Acc: 0.7514 F1: 0.7513 | Train Meta: metadata_norm_mean=5.6337 | Val Meta: metadata_norm_mean=5.6337
Epoch  49/50 | Train Loss: 0.5546 Acc: 0.7306 F1: 0.7306 | Val Loss: 0.5311 Acc: 0.7458 F1: 0.7440 | Train Meta: metadata_norm_mean=5.6337 | Val Meta: metadata_norm_mean=5.6337
Epoch  50/50 | Train Loss: 0.5520 Acc: 0.7347 F1: 0.7347 | Val Loss: 0.5301 Acc: 0.7542 F1: 0.7523 | Train Meta: metadata_norm_mean=5.6337 | Val Meta: metadata_norm_mean=5.6337

Random Encoder Classification Result (FordA)
Accuracy : 0.756818
F1 (macro): 0.755210
Joint metadata preview | dataset=FordB | domain=UCR | channels=1
   - channel_1: In the UCR domain, this channel belongs to the FordB dataset and represents the feature channel 1. Channel statistics over the training split: mean value is 0.000, standard deviation is 1.000, minimum value is -5.545, maximum value is 5.095, median value is 0.002, and mean absolute value is 0.792.
/data/pjh_workspace/ts-env/lib/python3.8/site-packages/torch/nn/modules/transformer.py:307: UserWarning: enable_nested_tensor is True, but self.use_nested_tensor is False because encoder_layer.norm_first was True
  warnings.warn(f"enable_nested_tensor is True, but self.use_nested_tensor is False because {why_not_sparsity_fast_path}")
==================================================
🚀 Architecture: LAYA Random Encoder
📊 Target Dataset: FordB (Channels: 1)
📊 Classes: 2 | Sequence Length: 500
==================================================
✅ Encoder is RANDOMLY initialized and FROZEN (Linear Probing mode).
Epoch   1/50 | Train Loss: 0.6962 Acc: 0.5249 F1: 0.5242 | Val Loss: 0.6873 Acc: 0.5103 F1: 0.3842 | Train Meta: metadata_norm_mean=5.6332 | Val Meta: metadata_norm_mean=5.6332
Epoch   2/50 | Train Loss: 0.6935 Acc: 0.5328 F1: 0.5303 | Val Loss: 0.6843 Acc: 0.5131 F1: 0.3416 | Train Meta: metadata_norm_mean=5.6332 | Val Meta: metadata_norm_mean=5.6332
Epoch   3/50 | Train Loss: 0.6997 Acc: 0.5366 F1: 0.5358 | Val Loss: 0.6710 Acc: 0.5956 F1: 0.5368 | Train Meta: metadata_norm_mean=5.6332 | Val Meta: metadata_norm_mean=5.6332
Epoch   4/50 | Train Loss: 0.6766 Acc: 0.5756 F1: 0.5722 | Val Loss: 0.6715 Acc: 0.5763 F1: 0.5477 | Train Meta: metadata_norm_mean=5.6332 | Val Meta: metadata_norm_mean=5.6332
Epoch   5/50 | Train Loss: 0.6691 Acc: 0.5839 F1: 0.5823 | Val Loss: 0.6645 Acc: 0.5860 F1: 0.5151 | Train Meta: metadata_norm_mean=5.6332 | Val Meta: metadata_norm_mean=5.6332
Epoch   6/50 | Train Loss: 0.6687 Acc: 0.5839 F1: 0.5830 | Val Loss: 0.6605 Acc: 0.5970 F1: 0.5674 | Train Meta: metadata_norm_mean=5.6332 | Val Meta: metadata_norm_mean=5.6332
Epoch   7/50 | Train Loss: 0.6728 Acc: 0.5729 F1: 0.5709 | Val Loss: 0.6533 Acc: 0.6245 F1: 0.5896 | Train Meta: metadata_norm_mean=5.6332 | Val Meta: metadata_norm_mean=5.6332
Epoch   8/50 | Train Loss: 0.6618 Acc: 0.5891 F1: 0.5884 | Val Loss: 0.6437 Acc: 0.6891 F1: 0.6883 | Train Meta: metadata_norm_mean=5.6332 | Val Meta: metadata_norm_mean=5.6332
Epoch   9/50 | Train Loss: 0.6526 Acc: 0.6184 F1: 0.6176 | Val Loss: 0.6444 Acc: 0.6547 F1: 0.6327 | Train Meta: metadata_norm_mean=5.6332 | Val Meta: metadata_norm_mean=5.6332
Epoch  10/50 | Train Loss: 0.6506 Acc: 0.6164 F1: 0.6160 | Val Loss: 0.6420 Acc: 0.6492 F1: 0.6284 | Train Meta: metadata_norm_mean=5.6332 | Val Meta: metadata_norm_mean=5.6332
Epoch  11/50 | Train Loss: 0.6445 Acc: 0.6160 F1: 0.6151 | Val Loss: 0.6448 Acc: 0.6272 F1: 0.6072 | Train Meta: metadata_norm_mean=5.6332 | Val Meta: metadata_norm_mean=5.6332
Epoch  12/50 | Train Loss: 0.6366 Acc: 0.6454 F1: 0.6447 | Val Loss: 0.6438 Acc: 0.6231 F1: 0.6088 | Train Meta: metadata_norm_mean=5.6332 | Val Meta: metadata_norm_mean=5.6332
Epoch  13/50 | Train Loss: 0.6361 Acc: 0.6416 F1: 0.6412 | Val Loss: 0.6277 Acc: 0.6781 F1: 0.6764 | Train Meta: metadata_norm_mean=5.6332 | Val Meta: metadata_norm_mean=5.6332
Epoch  14/50 | Train Loss: 0.6387 Acc: 0.6367 F1: 0.6362 | Val Loss: 0.6230 Acc: 0.7029 F1: 0.7023 | Train Meta: metadata_norm_mean=5.6332 | Val Meta: metadata_norm_mean=5.6332
Epoch  15/50 | Train Loss: 0.6282 Acc: 0.6447 F1: 0.6440 | Val Loss: 0.6202 Acc: 0.6988 F1: 0.6987 | Train Meta: metadata_norm_mean=5.6332 | Val Meta: metadata_norm_mean=5.6332
Epoch  16/50 | Train Loss: 0.6280 Acc: 0.6471 F1: 0.6464 | Val Loss: 0.6401 Acc: 0.6080 F1: 0.5805 | Train Meta: metadata_norm_mean=5.6332 | Val Meta: metadata_norm_mean=5.6332
Epoch  17/50 | Train Loss: 0.6357 Acc: 0.6343 F1: 0.6341 | Val Loss: 0.6259 Acc: 0.6671 F1: 0.6441 | Train Meta: metadata_norm_mean=5.6332 | Val Meta: metadata_norm_mean=5.6332
Epoch  18/50 | Train Loss: 0.6198 Acc: 0.6675 F1: 0.6669 | Val Loss: 0.6272 Acc: 0.6479 F1: 0.6155 | Train Meta: metadata_norm_mean=5.6332 | Val Meta: metadata_norm_mean=5.6332
Epoch  19/50 | Train Loss: 0.6229 Acc: 0.6623 F1: 0.6616 | Val Loss: 0.6096 Acc: 0.7139 F1: 0.7138 | Train Meta: metadata_norm_mean=5.6332 | Val Meta: metadata_norm_mean=5.6332
Epoch  20/50 | Train Loss: 0.6181 Acc: 0.6588 F1: 0.6583 | Val Loss: 0.6239 Acc: 0.6547 F1: 0.6447 | Train Meta: metadata_norm_mean=5.6332 | Val Meta: metadata_norm_mean=5.6332
Epoch  21/50 | Train Loss: 0.6130 Acc: 0.6754 F1: 0.6749 | Val Loss: 0.6215 Acc: 0.6616 F1: 0.6403 | Train Meta: metadata_norm_mean=5.6332 | Val Meta: metadata_norm_mean=5.6332
Epoch  22/50 | Train Loss: 0.6192 Acc: 0.6685 F1: 0.6681 | Val Loss: 0.6044 Acc: 0.7001 F1: 0.6930 | Train Meta: metadata_norm_mean=5.6332 | Val Meta: metadata_norm_mean=5.6332
Epoch  23/50 | Train Loss: 0.6181 Acc: 0.6602 F1: 0.6598 | Val Loss: 0.6631 Acc: 0.5722 F1: 0.4816 | Train Meta: metadata_norm_mean=5.6332 | Val Meta: metadata_norm_mean=5.6332
Epoch  24/50 | Train Loss: 0.6134 Acc: 0.6654 F1: 0.6650 | Val Loss: 0.6194 Acc: 0.6506 F1: 0.6366 | Train Meta: metadata_norm_mean=5.6332 | Val Meta: metadata_norm_mean=5.6332
Epoch  25/50 | Train Loss: 0.6113 Acc: 0.6727 F1: 0.6725 | Val Loss: 0.6379 Acc: 0.6066 F1: 0.5431 | Train Meta: metadata_norm_mean=5.6332 | Val Meta: metadata_norm_mean=5.6332
Epoch  26/50 | Train Loss: 0.6129 Acc: 0.6664 F1: 0.6659 | Val Loss: 0.6103 Acc: 0.6754 F1: 0.6664 | Train Meta: metadata_norm_mean=5.6332 | Val Meta: metadata_norm_mean=5.6332
Epoch  27/50 | Train Loss: 0.6011 Acc: 0.6747 F1: 0.6743 | Val Loss: 0.6131 Acc: 0.6657 F1: 0.6544 | Train Meta: metadata_norm_mean=5.6332 | Val Meta: metadata_norm_mean=5.6332
Epoch  28/50 | Train Loss: 0.5964 Acc: 0.6878 F1: 0.6877 | Val Loss: 0.5967 Acc: 0.6960 F1: 0.6936 | Train Meta: metadata_norm_mean=5.6332 | Val Meta: metadata_norm_mean=5.6332
Epoch  29/50 | Train Loss: 0.6027 Acc: 0.6872 F1: 0.6870 | Val Loss: 0.6232 Acc: 0.6424 F1: 0.5990 | Train Meta: metadata_norm_mean=5.6332 | Val Meta: metadata_norm_mean=5.6332
Epoch  30/50 | Train Loss: 0.6044 Acc: 0.6747 F1: 0.6738 | Val Loss: 0.5955 Acc: 0.6974 F1: 0.6872 | Train Meta: metadata_norm_mean=5.6332 | Val Meta: metadata_norm_mean=5.6332
Epoch  31/50 | Train Loss: 0.5995 Acc: 0.6847 F1: 0.6842 | Val Loss: 0.5889 Acc: 0.7194 F1: 0.7139 | Train Meta: metadata_norm_mean=5.6332 | Val Meta: metadata_norm_mean=5.6332
Epoch  32/50 | Train Loss: 0.5923 Acc: 0.7058 F1: 0.7055 | Val Loss: 0.5944 Acc: 0.6933 F1: 0.6796 | Train Meta: metadata_norm_mean=5.6332 | Val Meta: metadata_norm_mean=5.6332
Epoch  33/50 | Train Loss: 0.5891 Acc: 0.7034 F1: 0.7030 | Val Loss: 0.5831 Acc: 0.7221 F1: 0.7179 | Train Meta: metadata_norm_mean=5.6332 | Val Meta: metadata_norm_mean=5.6332
Epoch  34/50 | Train Loss: 0.5878 Acc: 0.6903 F1: 0.6898 | Val Loss: 0.5816 Acc: 0.7208 F1: 0.7166 | Train Meta: metadata_norm_mean=5.6332 | Val Meta: metadata_norm_mean=5.6332
Epoch  35/50 | Train Loss: 0.5889 Acc: 0.6889 F1: 0.6885 | Val Loss: 0.5926 Acc: 0.7015 F1: 0.6962 | Train Meta: metadata_norm_mean=5.6332 | Val Meta: metadata_norm_mean=5.6332
Epoch  36/50 | Train Loss: 0.5899 Acc: 0.6930 F1: 0.6927 | Val Loss: 0.5767 Acc: 0.7208 F1: 0.7202 | Train Meta: metadata_norm_mean=5.6332 | Val Meta: metadata_norm_mean=5.6332
Epoch  37/50 | Train Loss: 0.5856 Acc: 0.7055 F1: 0.7052 | Val Loss: 0.5735 Acc: 0.7387 F1: 0.7379 | Train Meta: metadata_norm_mean=5.6332 | Val Meta: metadata_norm_mean=5.6332
Epoch  38/50 | Train Loss: 0.5863 Acc: 0.7044 F1: 0.7041 | Val Loss: 0.5860 Acc: 0.7015 F1: 0.6920 | Train Meta: metadata_norm_mean=5.6332 | Val Meta: metadata_norm_mean=5.6332
Epoch  39/50 | Train Loss: 0.5865 Acc: 0.6975 F1: 0.6972 | Val Loss: 0.5793 Acc: 0.7125 F1: 0.7024 | Train Meta: metadata_norm_mean=5.6332 | Val Meta: metadata_norm_mean=5.6332
Epoch  40/50 | Train Loss: 0.5782 Acc: 0.7169 F1: 0.7166 | Val Loss: 0.5867 Acc: 0.7084 F1: 0.7040 | Train Meta: metadata_norm_mean=5.6332 | Val Meta: metadata_norm_mean=5.6332
Epoch  41/50 | Train Loss: 0.5827 Acc: 0.7099 F1: 0.7098 | Val Loss: 0.5715 Acc: 0.7153 F1: 0.7139 | Train Meta: metadata_norm_mean=5.6332 | Val Meta: metadata_norm_mean=5.6332
Epoch  42/50 | Train Loss: 0.5836 Acc: 0.6965 F1: 0.6963 | Val Loss: 0.5994 Acc: 0.6644 F1: 0.6322 | Train Meta: metadata_norm_mean=5.6332 | Val Meta: metadata_norm_mean=5.6332
Epoch  43/50 | Train Loss: 0.5764 Acc: 0.7124 F1: 0.7121 | Val Loss: 0.5643 Acc: 0.7318 F1: 0.7318 | Train Meta: metadata_norm_mean=5.6332 | Val Meta: metadata_norm_mean=5.6332
Epoch  44/50 | Train Loss: 0.5767 Acc: 0.7055 F1: 0.7050 | Val Loss: 0.5869 Acc: 0.6891 F1: 0.6812 | Train Meta: metadata_norm_mean=5.6332 | Val Meta: metadata_norm_mean=5.6332
Epoch  45/50 | Train Loss: 0.5721 Acc: 0.7113 F1: 0.7111 | Val Loss: 0.5722 Acc: 0.7153 F1: 0.7123 | Train Meta: metadata_norm_mean=5.6332 | Val Meta: metadata_norm_mean=5.6332
Epoch  46/50 | Train Loss: 0.5732 Acc: 0.7144 F1: 0.7143 | Val Loss: 0.5618 Acc: 0.7345 F1: 0.7320 | Train Meta: metadata_norm_mean=5.6332 | Val Meta: metadata_norm_mean=5.6332
Epoch  47/50 | Train Loss: 0.5754 Acc: 0.7017 F1: 0.7014 | Val Loss: 0.5671 Acc: 0.7125 F1: 0.7058 | Train Meta: metadata_norm_mean=5.6332 | Val Meta: metadata_norm_mean=5.6332
Epoch  48/50 | Train Loss: 0.5693 Acc: 0.7220 F1: 0.7215 | Val Loss: 0.5705 Acc: 0.7208 F1: 0.7173 | Train Meta: metadata_norm_mean=5.6332 | Val Meta: metadata_norm_mean=5.6332
Epoch  49/50 | Train Loss: 0.5772 Acc: 0.7058 F1: 0.7055 | Val Loss: 0.5560 Acc: 0.7469 F1: 0.7464 | Train Meta: metadata_norm_mean=5.6332 | Val Meta: metadata_norm_mean=5.6332
Epoch  50/50 | Train Loss: 0.5717 Acc: 0.7110 F1: 0.7109 | Val Loss: 0.5610 Acc: 0.7331 F1: 0.7322 | Train Meta: metadata_norm_mean=5.6332 | Val Meta: metadata_norm_mean=5.6332

Random Encoder Classification Result (FordB)
Accuracy : 0.582716
F1 (macro): 0.581696
