nohup: ignoring input
/data/pjh_workspace/ts-env/lib/python3.8/site-packages/torch/nn/modules/transformer.py:307: UserWarning: enable_nested_tensor is True, but self.use_nested_tensor is False because encoder_layer.norm_first was True
  warnings.warn(f"enable_nested_tensor is True, but self.use_nested_tensor is False because {why_not_sparsity_fast_path}")
==================================================
🚀 Architecture: LAYA
📊 Target Dataset: EthanolConcentration (Channels: 3)
📊 Pretrain Info: electricity
📊 Classes: 4 | Sequence Length: 1751
==================================================
✅ Loaded pretrained encoder from ./checkpoints/electricity_laya_mixer_stats/laya_ts_electricity_s_best.pt
   - 101/101 keys matched.
✅ Encoder is FROZEN (Linear Probing mode).
📝 metadata: mode=stats, fusion=add, relation=none
ℹ️  Metadata Fusion Mode: add
ℹ️  Channel Mixer Relation Mode: none
ℹ️  Encoder Variant: default
ℹ️  Channel Adapter: disabled for Laya downstream (mixer)
ℹ️  Channel Relation Block: disabled
✅ ClassificationHead: [B, 256] → [B, 4]
Epoch   1/50 | Train Loss: 1.3502 Acc: 0.2589 F1: 0.2150 | Val Loss: 1.4260 Acc: 0.1538 F1: 0.1010 | Train Meta: n/a | Val Meta: n/a
Validation Loss decreased (inf --> 1.426045). Saving best model...
Epoch   2/50 | Train Loss: 1.3068 Acc: 0.3259 F1: 0.2953 | Val Loss: 1.3786 Acc: 0.3462 F1: 0.2704 | Train Meta: n/a | Val Meta: n/a
Validation Loss decreased (1.426045 --> 1.378637). Saving best model...
Epoch   3/50 | Train Loss: 1.3108 Acc: 0.2634 F1: 0.2627 | Val Loss: 1.4071 Acc: 0.2308 F1: 0.2228 | Train Meta: n/a | Val Meta: n/a
Epoch   4/50 | Train Loss: 1.3001 Acc: 0.3036 F1: 0.2849 | Val Loss: 1.3777 Acc: 0.2692 F1: 0.2084 | Train Meta: n/a | Val Meta: n/a
Validation Loss decreased (1.378637 --> 1.377736). Saving best model...
Epoch   5/50 | Train Loss: 1.2961 Acc: 0.3438 F1: 0.2795 | Val Loss: 1.4129 Acc: 0.1538 F1: 0.1362 | Train Meta: n/a | Val Meta: n/a
Epoch   6/50 | Train Loss: 1.2926 Acc: 0.3393 F1: 0.3099 | Val Loss: 1.3901 Acc: 0.2692 F1: 0.2576 | Train Meta: n/a | Val Meta: n/a
Epoch   7/50 | Train Loss: 1.2917 Acc: 0.3214 F1: 0.3071 | Val Loss: 1.3925 Acc: 0.2308 F1: 0.1932 | Train Meta: n/a | Val Meta: n/a
Epoch   8/50 | Train Loss: 1.2967 Acc: 0.3304 F1: 0.2857 | Val Loss: 1.4110 Acc: 0.3077 F1: 0.2330 | Train Meta: n/a | Val Meta: n/a
Epoch   9/50 | Train Loss: 1.2983 Acc: 0.2902 F1: 0.2746 | Val Loss: 1.3884 Acc: 0.2308 F1: 0.2266 | Train Meta: n/a | Val Meta: n/a
Epoch  10/50 | Train Loss: 1.2759 Acc: 0.3482 F1: 0.3267 | Val Loss: 1.4343 Acc: 0.1538 F1: 0.1544 | Train Meta: n/a | Val Meta: n/a
Epoch  11/50 | Train Loss: 1.2647 Acc: 0.3571 F1: 0.3212 | Val Loss: 1.3519 Acc: 0.2692 F1: 0.2216 | Train Meta: n/a | Val Meta: n/a
Validation Loss decreased (1.377736 --> 1.351859). Saving best model...
Epoch  12/50 | Train Loss: 1.2566 Acc: 0.3304 F1: 0.2949 | Val Loss: 1.4027 Acc: 0.1923 F1: 0.1978 | Train Meta: n/a | Val Meta: n/a
Epoch  13/50 | Train Loss: 1.2630 Acc: 0.3661 F1: 0.3444 | Val Loss: 1.3611 Acc: 0.1923 F1: 0.1652 | Train Meta: n/a | Val Meta: n/a
Epoch  14/50 | Train Loss: 1.2690 Acc: 0.3661 F1: 0.3238 | Val Loss: 1.4074 Acc: 0.2308 F1: 0.2265 | Train Meta: n/a | Val Meta: n/a
Epoch  15/50 | Train Loss: 1.2558 Acc: 0.3705 F1: 0.3599 | Val Loss: 1.3707 Acc: 0.1923 F1: 0.1905 | Train Meta: n/a | Val Meta: n/a
Epoch  16/50 | Train Loss: 1.2710 Acc: 0.3214 F1: 0.3123 | Val Loss: 1.4462 Acc: 0.0769 F1: 0.0693 | Train Meta: n/a | Val Meta: n/a
Epoch  17/50 | Train Loss: 1.2738 Acc: 0.3214 F1: 0.2724 | Val Loss: 1.3666 Acc: 0.1538 F1: 0.1381 | Train Meta: n/a | Val Meta: n/a
Epoch  18/50 | Train Loss: 1.2563 Acc: 0.3304 F1: 0.3016 | Val Loss: 1.3924 Acc: 0.1923 F1: 0.1942 | Train Meta: n/a | Val Meta: n/a
Epoch  19/50 | Train Loss: 1.2604 Acc: 0.3214 F1: 0.3218 | Val Loss: 1.3700 Acc: 0.1923 F1: 0.1651 | Train Meta: n/a | Val Meta: n/a
Epoch  20/50 | Train Loss: 1.2724 Acc: 0.3214 F1: 0.2834 | Val Loss: 1.4162 Acc: 0.2692 F1: 0.2577 | Train Meta: n/a | Val Meta: n/a
Epoch  21/50 | Train Loss: 1.2475 Acc: 0.3839 F1: 0.3588 | Val Loss: 1.3873 Acc: 0.1538 F1: 0.1456 | Train Meta: n/a | Val Meta: n/a
Epoch  22/50 | Train Loss: 1.2426 Acc: 0.3393 F1: 0.3211 | Val Loss: 1.3618 Acc: 0.1538 F1: 0.1381 | Train Meta: n/a | Val Meta: n/a
Epoch  23/50 | Train Loss: 1.2633 Acc: 0.3304 F1: 0.2931 | Val Loss: 1.4290 Acc: 0.2308 F1: 0.2293 | Train Meta: n/a | Val Meta: n/a
Epoch  24/50 | Train Loss: 1.2482 Acc: 0.3393 F1: 0.3340 | Val Loss: 1.4181 Acc: 0.2308 F1: 0.2267 | Train Meta: n/a | Val Meta: n/a
Epoch  25/50 | Train Loss: 1.2359 Acc: 0.3884 F1: 0.3652 | Val Loss: 1.3690 Acc: 0.1538 F1: 0.1381 | Train Meta: n/a | Val Meta: n/a
Epoch  26/50 | Train Loss: 1.2393 Acc: 0.3929 F1: 0.3835 | Val Loss: 1.3991 Acc: 0.1538 F1: 0.1384 | Train Meta: n/a | Val Meta: n/a
Epoch  27/50 | Train Loss: 1.2419 Acc: 0.3393 F1: 0.3173 | Val Loss: 1.3919 Acc: 0.1538 F1: 0.1381 | Train Meta: n/a | Val Meta: n/a
Epoch  28/50 | Train Loss: 1.2396 Acc: 0.3750 F1: 0.3539 | Val Loss: 1.3744 Acc: 0.1538 F1: 0.1583 | Train Meta: n/a | Val Meta: n/a
Epoch  29/50 | Train Loss: 1.2400 Acc: 0.3839 F1: 0.3604 | Val Loss: 1.3833 Acc: 0.1923 F1: 0.1936 | Train Meta: n/a | Val Meta: n/a
Epoch  30/50 | Train Loss: 1.2408 Acc: 0.3616 F1: 0.3378 | Val Loss: 1.3592 Acc: 0.1538 F1: 0.1381 | Train Meta: n/a | Val Meta: n/a
Epoch  31/50 | Train Loss: 1.2270 Acc: 0.3571 F1: 0.3224 | Val Loss: 1.3828 Acc: 0.1538 F1: 0.1360 | Train Meta: n/a | Val Meta: n/a
Epoch  32/50 | Train Loss: 1.2420 Acc: 0.3438 F1: 0.3169 | Val Loss: 1.4194 Acc: 0.2692 F1: 0.2576 | Train Meta: n/a | Val Meta: n/a
Epoch  33/50 | Train Loss: 1.2437 Acc: 0.3929 F1: 0.3750 | Val Loss: 1.3739 Acc: 0.1923 F1: 0.1900 | Train Meta: n/a | Val Meta: n/a
Epoch  34/50 | Train Loss: 1.2262 Acc: 0.3929 F1: 0.3651 | Val Loss: 1.3987 Acc: 0.1538 F1: 0.1392 | Train Meta: n/a | Val Meta: n/a
Epoch  35/50 | Train Loss: 1.2353 Acc: 0.3839 F1: 0.3679 | Val Loss: 1.4023 Acc: 0.1538 F1: 0.1362 | Train Meta: n/a | Val Meta: n/a
Epoch  36/50 | Train Loss: 1.2314 Acc: 0.3661 F1: 0.3250 | Val Loss: 1.3848 Acc: 0.1538 F1: 0.1456 | Train Meta: n/a | Val Meta: n/a
Epoch  37/50 | Train Loss: 1.2313 Acc: 0.3795 F1: 0.3741 | Val Loss: 1.4041 Acc: 0.1923 F1: 0.1697 | Train Meta: n/a | Val Meta: n/a
Epoch  38/50 | Train Loss: 1.2613 Acc: 0.3795 F1: 0.3135 | Val Loss: 1.4050 Acc: 0.1923 F1: 0.1679 | Train Meta: n/a | Val Meta: n/a
Epoch  39/50 | Train Loss: 1.2383 Acc: 0.3304 F1: 0.3179 | Val Loss: 1.4043 Acc: 0.3077 F1: 0.2330 | Train Meta: n/a | Val Meta: n/a
Epoch  40/50 | Train Loss: 1.2299 Acc: 0.3661 F1: 0.3270 | Val Loss: 1.3583 Acc: 0.1538 F1: 0.1432 | Train Meta: n/a | Val Meta: n/a
Epoch  41/50 | Train Loss: 1.2165 Acc: 0.3750 F1: 0.3639 | Val Loss: 1.4185 Acc: 0.1538 F1: 0.1498 | Train Meta: n/a | Val Meta: n/a
Epoch  42/50 | Train Loss: 1.2338 Acc: 0.3929 F1: 0.3645 | Val Loss: 1.3869 Acc: 0.1538 F1: 0.1543 | Train Meta: n/a | Val Meta: n/a
Epoch  43/50 | Train Loss: 1.2329 Acc: 0.3527 F1: 0.3240 | Val Loss: 1.4126 Acc: 0.1154 F1: 0.1106 | Train Meta: n/a | Val Meta: n/a
Epoch  44/50 | Train Loss: 1.2392 Acc: 0.3527 F1: 0.3383 | Val Loss: 1.3727 Acc: 0.1538 F1: 0.1405 | Train Meta: n/a | Val Meta: n/a
Epoch  45/50 | Train Loss: 1.2202 Acc: 0.4018 F1: 0.3687 | Val Loss: 1.3728 Acc: 0.1538 F1: 0.1381 | Train Meta: n/a | Val Meta: n/a
Epoch  46/50 | Train Loss: 1.2074 Acc: 0.3884 F1: 0.3707 | Val Loss: 1.3648 Acc: 0.2692 F1: 0.2179 | Train Meta: n/a | Val Meta: n/a
Epoch  47/50 | Train Loss: 1.2230 Acc: 0.3929 F1: 0.3818 | Val Loss: 1.3782 Acc: 0.1538 F1: 0.1384 | Train Meta: n/a | Val Meta: n/a
Epoch  48/50 | Train Loss: 1.2275 Acc: 0.3616 F1: 0.3478 | Val Loss: 1.3980 Acc: 0.0769 F1: 0.0607 | Train Meta: n/a | Val Meta: n/a
Epoch  49/50 | Train Loss: 1.2179 Acc: 0.4152 F1: 0.3735 | Val Loss: 1.4233 Acc: 0.0769 F1: 0.0623 | Train Meta: n/a | Val Meta: n/a
Epoch  50/50 | Train Loss: 1.2368 Acc: 0.3348 F1: 0.3148 | Val Loss: 1.3647 Acc: 0.3077 F1: 0.2327 | Train Meta: n/a | Val Meta: n/a

Classification Test Result (EthanolConcentration)
Accuracy : 0.250951
F1 (macro): 0.213456
Saved attention maps for 3 sample(s) under ./runs/classification_electricity_to_EthanolConcentration_laya_mixer_stats/attention_maps
/data/pjh_workspace/ts-env/lib/python3.8/site-packages/torch/nn/modules/transformer.py:307: UserWarning: enable_nested_tensor is True, but self.use_nested_tensor is False because encoder_layer.norm_first was True
  warnings.warn(f"enable_nested_tensor is True, but self.use_nested_tensor is False because {why_not_sparsity_fast_path}")
==================================================
🚀 Architecture: LAYA
📊 Target Dataset: FaceDetection (Channels: 144)
📊 Pretrain Info: electricity
📊 Classes: 2 | Sequence Length: 62
==================================================
✅ Loaded pretrained encoder from ./checkpoints/electricity_laya_mixer_stats/laya_ts_electricity_s_best.pt
   - 101/101 keys matched.
✅ Encoder is FROZEN (Linear Probing mode).
📝 metadata: mode=stats, fusion=add, relation=none
ℹ️  Metadata Fusion Mode: add
ℹ️  Channel Mixer Relation Mode: none
ℹ️  Encoder Variant: default
ℹ️  Channel Adapter: disabled for Laya downstream (mixer)
ℹ️  Channel Relation Block: disabled
✅ ClassificationHead: [B, 256] → [B, 2]
Epoch   1/50 | Train Loss: 0.7035 Acc: 0.5076 F1: 0.5074 | Val Loss: 0.6920 Acc: 0.5212 F1: 0.4444 | Train Meta: n/a | Val Meta: n/a
Validation Loss decreased (inf --> 0.691966). Saving best model...
Epoch   2/50 | Train Loss: 0.6958 Acc: 0.5189 F1: 0.5188 | Val Loss: 0.6897 Acc: 0.5399 F1: 0.5140 | Train Meta: n/a | Val Meta: n/a
Validation Loss decreased (0.691966 --> 0.689682). Saving best model...
Epoch   3/50 | Train Loss: 0.6993 Acc: 0.5268 F1: 0.5268 | Val Loss: 0.7183 Acc: 0.4907 F1: 0.3539 | Train Meta: n/a | Val Meta: n/a
Epoch   4/50 | Train Loss: 0.6974 Acc: 0.5225 F1: 0.5223 | Val Loss: 0.6859 Acc: 0.5569 F1: 0.5560 | Train Meta: n/a | Val Meta: n/a
Validation Loss decreased (0.689682 --> 0.685935). Saving best model...
Epoch   5/50 | Train Loss: 0.6941 Acc: 0.5332 F1: 0.5332 | Val Loss: 0.6888 Acc: 0.5212 F1: 0.4377 | Train Meta: n/a | Val Meta: n/a
Epoch   6/50 | Train Loss: 0.6927 Acc: 0.5287 F1: 0.5286 | Val Loss: 0.6842 Acc: 0.5484 F1: 0.5481 | Train Meta: n/a | Val Meta: n/a
Validation Loss decreased (0.685935 --> 0.684210). Saving best model...
Epoch   7/50 | Train Loss: 0.6938 Acc: 0.5349 F1: 0.5347 | Val Loss: 0.6877 Acc: 0.5535 F1: 0.5402 | Train Meta: n/a | Val Meta: n/a
Epoch   8/50 | Train Loss: 0.6915 Acc: 0.5436 F1: 0.5436 | Val Loss: 0.6870 Acc: 0.5365 F1: 0.5143 | Train Meta: n/a | Val Meta: n/a
Epoch   9/50 | Train Loss: 0.6904 Acc: 0.5453 F1: 0.5452 | Val Loss: 0.6840 Acc: 0.5569 F1: 0.5565 | Train Meta: n/a | Val Meta: n/a
Validation Loss decreased (0.684210 --> 0.683986). Saving best model...
Epoch  10/50 | Train Loss: 0.6885 Acc: 0.5432 F1: 0.5432 | Val Loss: 0.6841 Acc: 0.5535 F1: 0.5451 | Train Meta: n/a | Val Meta: n/a
Epoch  11/50 | Train Loss: 0.6919 Acc: 0.5419 F1: 0.5419 | Val Loss: 0.6864 Acc: 0.5603 F1: 0.5603 | Train Meta: n/a | Val Meta: n/a
Epoch  12/50 | Train Loss: 0.6885 Acc: 0.5451 F1: 0.5451 | Val Loss: 0.7099 Acc: 0.5127 F1: 0.4233 | Train Meta: n/a | Val Meta: n/a
Epoch  13/50 | Train Loss: 0.6904 Acc: 0.5463 F1: 0.5462 | Val Loss: 0.6886 Acc: 0.5484 F1: 0.5480 | Train Meta: n/a | Val Meta: n/a
Epoch  14/50 | Train Loss: 0.6898 Acc: 0.5493 F1: 0.5492 | Val Loss: 0.6901 Acc: 0.5280 F1: 0.5226 | Train Meta: n/a | Val Meta: n/a
Epoch  15/50 | Train Loss: 0.6878 Acc: 0.5485 F1: 0.5484 | Val Loss: 0.6940 Acc: 0.5280 F1: 0.4293 | Train Meta: n/a | Val Meta: n/a
Epoch  16/50 | Train Loss: 0.6881 Acc: 0.5425 F1: 0.5425 | Val Loss: 0.7106 Acc: 0.5025 F1: 0.3954 | Train Meta: n/a | Val Meta: n/a
Epoch  17/50 | Train Loss: 0.6865 Acc: 0.5421 F1: 0.5420 | Val Loss: 0.6842 Acc: 0.5518 F1: 0.5489 | Train Meta: n/a | Val Meta: n/a
Epoch  18/50 | Train Loss: 0.6860 Acc: 0.5583 F1: 0.5583 | Val Loss: 0.6864 Acc: 0.5416 F1: 0.5413 | Train Meta: n/a | Val Meta: n/a
Epoch  19/50 | Train Loss: 0.6869 Acc: 0.5517 F1: 0.5515 | Val Loss: 0.6986 Acc: 0.5365 F1: 0.4852 | Train Meta: n/a | Val Meta: n/a
Epoch  20/50 | Train Loss: 0.6851 Acc: 0.5470 F1: 0.5470 | Val Loss: 0.6851 Acc: 0.5331 F1: 0.5169 | Train Meta: n/a | Val Meta: n/a
Epoch  21/50 | Train Loss: 0.6864 Acc: 0.5448 F1: 0.5447 | Val Loss: 0.6909 Acc: 0.5382 F1: 0.5075 | Train Meta: n/a | Val Meta: n/a
Epoch  22/50 | Train Loss: 0.6858 Acc: 0.5465 F1: 0.5464 | Val Loss: 0.6833 Acc: 0.5586 F1: 0.5576 | Train Meta: n/a | Val Meta: n/a
Validation Loss decreased (0.683986 --> 0.683309). Saving best model...
Epoch  23/50 | Train Loss: 0.6861 Acc: 0.5463 F1: 0.5460 | Val Loss: 0.6905 Acc: 0.5467 F1: 0.5394 | Train Meta: n/a | Val Meta: n/a
Epoch  24/50 | Train Loss: 0.6865 Acc: 0.5517 F1: 0.5516 | Val Loss: 0.7107 Acc: 0.5178 F1: 0.3783 | Train Meta: n/a | Val Meta: n/a
Epoch  25/50 | Train Loss: 0.6853 Acc: 0.5538 F1: 0.5538 | Val Loss: 0.6940 Acc: 0.5416 F1: 0.5026 | Train Meta: n/a | Val Meta: n/a
Epoch  26/50 | Train Loss: 0.6850 Acc: 0.5506 F1: 0.5506 | Val Loss: 0.6829 Acc: 0.5450 F1: 0.5339 | Train Meta: n/a | Val Meta: n/a
Validation Loss decreased (0.683309 --> 0.682879). Saving best model...
Epoch  27/50 | Train Loss: 0.6845 Acc: 0.5640 F1: 0.5639 | Val Loss: 0.7131 Acc: 0.5144 F1: 0.4067 | Train Meta: n/a | Val Meta: n/a
Epoch  28/50 | Train Loss: 0.6837 Acc: 0.5593 F1: 0.5592 | Val Loss: 0.6866 Acc: 0.5280 F1: 0.4857 | Train Meta: n/a | Val Meta: n/a
Epoch  29/50 | Train Loss: 0.6830 Acc: 0.5525 F1: 0.5525 | Val Loss: 0.7044 Acc: 0.5314 F1: 0.4682 | Train Meta: n/a | Val Meta: n/a
Epoch  30/50 | Train Loss: 0.6840 Acc: 0.5597 F1: 0.5596 | Val Loss: 0.6954 Acc: 0.5433 F1: 0.5098 | Train Meta: n/a | Val Meta: n/a
Epoch  31/50 | Train Loss: 0.6840 Acc: 0.5540 F1: 0.5540 | Val Loss: 0.6879 Acc: 0.5416 F1: 0.5046 | Train Meta: n/a | Val Meta: n/a
Epoch  32/50 | Train Loss: 0.6847 Acc: 0.5536 F1: 0.5536 | Val Loss: 0.6894 Acc: 0.5365 F1: 0.5302 | Train Meta: n/a | Val Meta: n/a
Epoch  33/50 | Train Loss: 0.6822 Acc: 0.5549 F1: 0.5547 | Val Loss: 0.6940 Acc: 0.5382 F1: 0.5185 | Train Meta: n/a | Val Meta: n/a
Epoch  34/50 | Train Loss: 0.6819 Acc: 0.5606 F1: 0.5604 | Val Loss: 0.6932 Acc: 0.5399 F1: 0.5156 | Train Meta: n/a | Val Meta: n/a
Epoch  35/50 | Train Loss: 0.6814 Acc: 0.5631 F1: 0.5630 | Val Loss: 0.6860 Acc: 0.5382 F1: 0.5366 | Train Meta: n/a | Val Meta: n/a
Epoch  36/50 | Train Loss: 0.6821 Acc: 0.5591 F1: 0.5590 | Val Loss: 0.6827 Acc: 0.5399 F1: 0.5399 | Train Meta: n/a | Val Meta: n/a
Validation Loss decreased (0.682879 --> 0.682726). Saving best model...
Epoch  37/50 | Train Loss: 0.6823 Acc: 0.5576 F1: 0.5576 | Val Loss: 0.6945 Acc: 0.5297 F1: 0.4698 | Train Meta: n/a | Val Meta: n/a
Epoch  38/50 | Train Loss: 0.6812 Acc: 0.5670 F1: 0.5670 | Val Loss: 0.6872 Acc: 0.5331 F1: 0.5327 | Train Meta: n/a | Val Meta: n/a
Epoch  39/50 | Train Loss: 0.6817 Acc: 0.5608 F1: 0.5606 | Val Loss: 0.6903 Acc: 0.5365 F1: 0.5164 | Train Meta: n/a | Val Meta: n/a
Epoch  40/50 | Train Loss: 0.6825 Acc: 0.5576 F1: 0.5576 | Val Loss: 0.6880 Acc: 0.5331 F1: 0.5264 | Train Meta: n/a | Val Meta: n/a
Epoch  41/50 | Train Loss: 0.6808 Acc: 0.5536 F1: 0.5536 | Val Loss: 0.6926 Acc: 0.5263 F1: 0.5203 | Train Meta: n/a | Val Meta: n/a
Epoch  42/50 | Train Loss: 0.6805 Acc: 0.5587 F1: 0.5587 | Val Loss: 0.6854 Acc: 0.5399 F1: 0.5366 | Train Meta: n/a | Val Meta: n/a
Epoch  43/50 | Train Loss: 0.6791 Acc: 0.5623 F1: 0.5621 | Val Loss: 0.6864 Acc: 0.5467 F1: 0.5439 | Train Meta: n/a | Val Meta: n/a
Epoch  44/50 | Train Loss: 0.6803 Acc: 0.5668 F1: 0.5667 | Val Loss: 0.6874 Acc: 0.5450 F1: 0.5276 | Train Meta: n/a | Val Meta: n/a
Epoch  45/50 | Train Loss: 0.6793 Acc: 0.5727 F1: 0.5727 | Val Loss: 0.6842 Acc: 0.5484 F1: 0.5209 | Train Meta: n/a | Val Meta: n/a
Epoch  46/50 | Train Loss: 0.6804 Acc: 0.5585 F1: 0.5584 | Val Loss: 0.6833 Acc: 0.5518 F1: 0.5511 | Train Meta: n/a | Val Meta: n/a
Epoch  47/50 | Train Loss: 0.6812 Acc: 0.5631 F1: 0.5630 | Val Loss: 0.6952 Acc: 0.5382 F1: 0.5134 | Train Meta: n/a | Val Meta: n/a
Epoch  48/50 | Train Loss: 0.6799 Acc: 0.5659 F1: 0.5659 | Val Loss: 0.6900 Acc: 0.5450 F1: 0.5198 | Train Meta: n/a | Val Meta: n/a
Epoch  49/50 | Train Loss: 0.6815 Acc: 0.5563 F1: 0.5561 | Val Loss: 0.6885 Acc: 0.5467 F1: 0.5466 | Train Meta: n/a | Val Meta: n/a
Epoch  50/50 | Train Loss: 0.6808 Acc: 0.5595 F1: 0.5592 | Val Loss: 0.6894 Acc: 0.5280 F1: 0.4800 | Train Meta: n/a | Val Meta: n/a

Classification Test Result (FaceDetection)
Accuracy : 0.521850
F1 (macro): 0.521126
Saved attention maps for 3 sample(s) under ./runs/classification_electricity_to_FaceDetection_laya_mixer_stats/attention_maps
/data/pjh_workspace/ts-env/lib/python3.8/site-packages/torch/nn/modules/transformer.py:307: UserWarning: enable_nested_tensor is True, but self.use_nested_tensor is False because encoder_layer.norm_first was True
  warnings.warn(f"enable_nested_tensor is True, but self.use_nested_tensor is False because {why_not_sparsity_fast_path}")
==================================================
🚀 Architecture: LAYA
📊 Target Dataset: Handwriting (Channels: 3)
📊 Pretrain Info: electricity
📊 Classes: 26 | Sequence Length: 152
==================================================
✅ Loaded pretrained encoder from ./checkpoints/electricity_laya_mixer_stats/laya_ts_electricity_s_best.pt
   - 101/101 keys matched.
✅ Encoder is FROZEN (Linear Probing mode).
📝 metadata: mode=stats, fusion=add, relation=none
ℹ️  Metadata Fusion Mode: add
ℹ️  Channel Mixer Relation Mode: none
ℹ️  Encoder Variant: default
ℹ️  Channel Adapter: disabled for Laya downstream (mixer)
ℹ️  Channel Relation Block: disabled
✅ ClassificationHead: [B, 256] → [B, 26]
Epoch   1/50 | Train Loss: 3.2410 Acc: 0.0469 F1: 0.0130 | Val Loss: 3.5005 Acc: 0.0667 F1: 0.0204 | Train Meta: n/a | Val Meta: n/a
Validation Loss decreased (inf --> 3.500469). Saving best model...
Epoch   2/50 | Train Loss: 2.9368 Acc: 0.1250 F1: 0.0336 | Val Loss: 3.3128 Acc: 0.0667 F1: 0.0167 | Train Meta: n/a | Val Meta: n/a
Validation Loss decreased (3.500469 --> 3.312839). Saving best model...
Epoch   3/50 | Train Loss: 2.8235 Acc: 0.1406 F1: 0.0368 | Val Loss: 3.2791 Acc: 0.0667 F1: 0.0286 | Train Meta: n/a | Val Meta: n/a
Validation Loss decreased (3.312839 --> 3.279087). Saving best model...
Epoch   4/50 | Train Loss: 2.7176 Acc: 0.1562 F1: 0.0416 | Val Loss: 3.2059 Acc: 0.0667 F1: 0.0286 | Train Meta: n/a | Val Meta: n/a
Validation Loss decreased (3.279087 --> 3.205940). Saving best model...
Epoch   5/50 | Train Loss: 2.6313 Acc: 0.2031 F1: 0.0917 | Val Loss: 3.1999 Acc: 0.0667 F1: 0.0250 | Train Meta: n/a | Val Meta: n/a
Validation Loss decreased (3.205940 --> 3.199866). Saving best model...
Epoch   6/50 | Train Loss: 2.5295 Acc: 0.2422 F1: 0.0963 | Val Loss: 3.1957 Acc: 0.0667 F1: 0.0250 | Train Meta: n/a | Val Meta: n/a
Validation Loss decreased (3.199866 --> 3.195665). Saving best model...
Epoch   7/50 | Train Loss: 2.4464 Acc: 0.2969 F1: 0.1401 | Val Loss: 3.1980 Acc: 0.1333 F1: 0.0711 | Train Meta: n/a | Val Meta: n/a
Epoch   8/50 | Train Loss: 2.4085 Acc: 0.3359 F1: 0.1796 | Val Loss: 3.1621 Acc: 0.1333 F1: 0.0784 | Train Meta: n/a | Val Meta: n/a
Validation Loss decreased (3.195665 --> 3.162068). Saving best model...
Epoch   9/50 | Train Loss: 2.3037 Acc: 0.3438 F1: 0.1910 | Val Loss: 3.2031 Acc: 0.1333 F1: 0.0784 | Train Meta: n/a | Val Meta: n/a
Epoch  10/50 | Train Loss: 2.2713 Acc: 0.3750 F1: 0.2090 | Val Loss: 3.2603 Acc: 0.1333 F1: 0.0729 | Train Meta: n/a | Val Meta: n/a
Epoch  11/50 | Train Loss: 2.2195 Acc: 0.3594 F1: 0.2393 | Val Loss: 3.2584 Acc: 0.1333 F1: 0.0784 | Train Meta: n/a | Val Meta: n/a
Epoch  12/50 | Train Loss: 2.1562 Acc: 0.3750 F1: 0.2584 | Val Loss: 3.1846 Acc: 0.1333 F1: 0.0784 | Train Meta: n/a | Val Meta: n/a
Epoch  13/50 | Train Loss: 2.1102 Acc: 0.4453 F1: 0.3359 | Val Loss: 3.1860 Acc: 0.2000 F1: 0.1156 | Train Meta: n/a | Val Meta: n/a
Epoch  14/50 | Train Loss: 2.0697 Acc: 0.4297 F1: 0.3281 | Val Loss: 3.1602 Acc: 0.2000 F1: 0.1083 | Train Meta: n/a | Val Meta: n/a
Validation Loss decreased (3.162068 --> 3.160227). Saving best model...
Epoch  15/50 | Train Loss: 2.0101 Acc: 0.4609 F1: 0.3636 | Val Loss: 3.1643 Acc: 0.2000 F1: 0.1119 | Train Meta: n/a | Val Meta: n/a
Epoch  16/50 | Train Loss: 1.9928 Acc: 0.4141 F1: 0.3360 | Val Loss: 3.1898 Acc: 0.2000 F1: 0.1146 | Train Meta: n/a | Val Meta: n/a
Epoch  17/50 | Train Loss: 1.9468 Acc: 0.4609 F1: 0.3669 | Val Loss: 3.2104 Acc: 0.2000 F1: 0.1156 | Train Meta: n/a | Val Meta: n/a
Epoch  18/50 | Train Loss: 1.8905 Acc: 0.4609 F1: 0.3518 | Val Loss: 3.1971 Acc: 0.2000 F1: 0.1083 | Train Meta: n/a | Val Meta: n/a
Epoch  19/50 | Train Loss: 1.8639 Acc: 0.4453 F1: 0.3394 | Val Loss: 3.1573 Acc: 0.2000 F1: 0.1044 | Train Meta: n/a | Val Meta: n/a
Validation Loss decreased (3.160227 --> 3.157282). Saving best model...
Epoch  20/50 | Train Loss: 1.8564 Acc: 0.4844 F1: 0.3741 | Val Loss: 3.1916 Acc: 0.2000 F1: 0.1119 | Train Meta: n/a | Val Meta: n/a
Epoch  21/50 | Train Loss: 1.7777 Acc: 0.4922 F1: 0.3998 | Val Loss: 3.1933 Acc: 0.2000 F1: 0.1222 | Train Meta: n/a | Val Meta: n/a
Epoch  22/50 | Train Loss: 1.7771 Acc: 0.4609 F1: 0.3954 | Val Loss: 3.2050 Acc: 0.2000 F1: 0.1250 | Train Meta: n/a | Val Meta: n/a
Epoch  23/50 | Train Loss: 1.7502 Acc: 0.5078 F1: 0.4520 | Val Loss: 3.2513 Acc: 0.2000 F1: 0.1250 | Train Meta: n/a | Val Meta: n/a
Epoch  24/50 | Train Loss: 1.7165 Acc: 0.5312 F1: 0.4962 | Val Loss: 3.2237 Acc: 0.2000 F1: 0.1222 | Train Meta: n/a | Val Meta: n/a
Epoch  25/50 | Train Loss: 1.6827 Acc: 0.5156 F1: 0.4523 | Val Loss: 3.2184 Acc: 0.2000 F1: 0.1119 | Train Meta: n/a | Val Meta: n/a
Epoch  26/50 | Train Loss: 1.6526 Acc: 0.5547 F1: 0.4965 | Val Loss: 3.2922 Acc: 0.2000 F1: 0.1111 | Train Meta: n/a | Val Meta: n/a
Epoch  27/50 | Train Loss: 1.6594 Acc: 0.5234 F1: 0.4826 | Val Loss: 3.3071 Acc: 0.2000 F1: 0.1146 | Train Meta: n/a | Val Meta: n/a
Epoch  28/50 | Train Loss: 1.5872 Acc: 0.5703 F1: 0.5275 | Val Loss: 3.3053 Acc: 0.2000 F1: 0.1250 | Train Meta: n/a | Val Meta: n/a
Epoch  29/50 | Train Loss: 1.5803 Acc: 0.5703 F1: 0.4820 | Val Loss: 3.3114 Acc: 0.2000 F1: 0.1250 | Train Meta: n/a | Val Meta: n/a
Epoch  30/50 | Train Loss: 1.5270 Acc: 0.6172 F1: 0.5881 | Val Loss: 3.3252 Acc: 0.2000 F1: 0.1146 | Train Meta: n/a | Val Meta: n/a
Epoch  31/50 | Train Loss: 1.5129 Acc: 0.5703 F1: 0.5414 | Val Loss: 3.3023 Acc: 0.2000 F1: 0.1222 | Train Meta: n/a | Val Meta: n/a
Epoch  32/50 | Train Loss: 1.5194 Acc: 0.5469 F1: 0.5181 | Val Loss: 3.3224 Acc: 0.2000 F1: 0.1222 | Train Meta: n/a | Val Meta: n/a
Epoch  33/50 | Train Loss: 1.4692 Acc: 0.5703 F1: 0.5415 | Val Loss: 3.3402 Acc: 0.2000 F1: 0.1156 | Train Meta: n/a | Val Meta: n/a
Epoch  34/50 | Train Loss: 1.4605 Acc: 0.6016 F1: 0.5810 | Val Loss: 3.3367 Acc: 0.2000 F1: 0.1111 | Train Meta: n/a | Val Meta: n/a
Epoch  35/50 | Train Loss: 1.4175 Acc: 0.6406 F1: 0.6089 | Val Loss: 3.3797 Acc: 0.2000 F1: 0.1222 | Train Meta: n/a | Val Meta: n/a
Epoch  36/50 | Train Loss: 1.4158 Acc: 0.6406 F1: 0.6345 | Val Loss: 3.4264 Acc: 0.2000 F1: 0.1042 | Train Meta: n/a | Val Meta: n/a
Epoch  37/50 | Train Loss: 1.3896 Acc: 0.6328 F1: 0.6155 | Val Loss: 3.4245 Acc: 0.2000 F1: 0.1042 | Train Meta: n/a | Val Meta: n/a
Epoch  38/50 | Train Loss: 1.3542 Acc: 0.6328 F1: 0.5756 | Val Loss: 3.3937 Acc: 0.2000 F1: 0.1222 | Train Meta: n/a | Val Meta: n/a
Epoch  39/50 | Train Loss: 1.3392 Acc: 0.6250 F1: 0.6097 | Val Loss: 3.3973 Acc: 0.2000 F1: 0.1222 | Train Meta: n/a | Val Meta: n/a
Epoch  40/50 | Train Loss: 1.2976 Acc: 0.6484 F1: 0.6185 | Val Loss: 3.4753 Acc: 0.2000 F1: 0.1146 | Train Meta: n/a | Val Meta: n/a
Epoch  41/50 | Train Loss: 1.3042 Acc: 0.6484 F1: 0.6282 | Val Loss: 3.4525 Acc: 0.2000 F1: 0.1373 | Train Meta: n/a | Val Meta: n/a
Epoch  42/50 | Train Loss: 1.2977 Acc: 0.6250 F1: 0.5866 | Val Loss: 3.4411 Acc: 0.2000 F1: 0.1354 | Train Meta: n/a | Val Meta: n/a
Epoch  43/50 | Train Loss: 1.2644 Acc: 0.6562 F1: 0.6318 | Val Loss: 3.4628 Acc: 0.2000 F1: 0.1156 | Train Meta: n/a | Val Meta: n/a
Epoch  44/50 | Train Loss: 1.2308 Acc: 0.6875 F1: 0.6700 | Val Loss: 3.5111 Acc: 0.2000 F1: 0.1083 | Train Meta: n/a | Val Meta: n/a
Epoch  45/50 | Train Loss: 1.2434 Acc: 0.6719 F1: 0.6649 | Val Loss: 3.4811 Acc: 0.2000 F1: 0.1310 | Train Meta: n/a | Val Meta: n/a
Epoch  46/50 | Train Loss: 1.2097 Acc: 0.6953 F1: 0.6934 | Val Loss: 3.4814 Acc: 0.2000 F1: 0.1222 | Train Meta: n/a | Val Meta: n/a
Epoch  47/50 | Train Loss: 1.1900 Acc: 0.6797 F1: 0.6686 | Val Loss: 3.5044 Acc: 0.2000 F1: 0.1310 | Train Meta: n/a | Val Meta: n/a
Epoch  48/50 | Train Loss: 1.1835 Acc: 0.6719 F1: 0.6571 | Val Loss: 3.5245 Acc: 0.2000 F1: 0.1190 | Train Meta: n/a | Val Meta: n/a
Epoch  49/50 | Train Loss: 1.1762 Acc: 0.7031 F1: 0.7147 | Val Loss: 3.5329 Acc: 0.2000 F1: 0.1333 | Train Meta: n/a | Val Meta: n/a
Epoch  50/50 | Train Loss: 1.1324 Acc: 0.6953 F1: 0.6961 | Val Loss: 3.5571 Acc: 0.2000 F1: 0.1146 | Train Meta: n/a | Val Meta: n/a

Classification Test Result (Handwriting)
Accuracy : 0.116471
F1 (macro): 0.079066
Saved attention maps for 3 sample(s) under ./runs/classification_electricity_to_Handwriting_laya_mixer_stats/attention_maps
/data/pjh_workspace/ts-env/lib/python3.8/site-packages/torch/nn/modules/transformer.py:307: UserWarning: enable_nested_tensor is True, but self.use_nested_tensor is False because encoder_layer.norm_first was True
  warnings.warn(f"enable_nested_tensor is True, but self.use_nested_tensor is False because {why_not_sparsity_fast_path}")
==================================================
🚀 Architecture: LAYA
📊 Target Dataset: Heartbeat (Channels: 61)
📊 Pretrain Info: electricity
📊 Classes: 2 | Sequence Length: 405
==================================================
✅ Loaded pretrained encoder from ./checkpoints/electricity_laya_mixer_stats/laya_ts_electricity_s_best.pt
   - 101/101 keys matched.
✅ Encoder is FROZEN (Linear Probing mode).
📝 metadata: mode=stats, fusion=add, relation=none
ℹ️  Metadata Fusion Mode: add
ℹ️  Channel Mixer Relation Mode: none
ℹ️  Encoder Variant: default
ℹ️  Channel Adapter: disabled for Laya downstream (mixer)
ℹ️  Channel Relation Block: disabled
✅ ClassificationHead: [B, 256] → [B, 2]
Epoch   1/50 | Train Loss: 0.7026 Acc: 0.5682 F1: 0.4975 | Val Loss: 0.6500 Acc: 0.7000 F1: 0.4118 | Train Meta: n/a | Val Meta: n/a
Validation Loss decreased (inf --> 0.649988). Saving best model...
Epoch   2/50 | Train Loss: 0.5937 Acc: 0.7273 F1: 0.4211 | Val Loss: 0.5590 Acc: 0.7000 F1: 0.4118 | Train Meta: n/a | Val Meta: n/a
Validation Loss decreased (0.649988 --> 0.559017). Saving best model...
Epoch   3/50 | Train Loss: 0.5653 Acc: 0.7386 F1: 0.5116 | Val Loss: 0.5375 Acc: 0.8000 F1: 0.6875 | Train Meta: n/a | Val Meta: n/a
Validation Loss decreased (0.559017 --> 0.537493). Saving best model...
Epoch   4/50 | Train Loss: 0.5403 Acc: 0.7500 F1: 0.5188 | Val Loss: 0.5202 Acc: 0.7500 F1: 0.5671 | Train Meta: n/a | Val Meta: n/a
Validation Loss decreased (0.537493 --> 0.520213). Saving best model...
Epoch   5/50 | Train Loss: 0.5386 Acc: 0.7330 F1: 0.5081 | Val Loss: 0.4988 Acc: 0.7500 F1: 0.5671 | Train Meta: n/a | Val Meta: n/a
Validation Loss decreased (0.520213 --> 0.498780). Saving best model...
Epoch   6/50 | Train Loss: 0.5569 Acc: 0.7216 F1: 0.5677 | Val Loss: 0.4957 Acc: 0.7500 F1: 0.5671 | Train Meta: n/a | Val Meta: n/a
Validation Loss decreased (0.498780 --> 0.495665). Saving best model...
Epoch   7/50 | Train Loss: 0.5657 Acc: 0.7443 F1: 0.5419 | Val Loss: 0.4999 Acc: 0.7500 F1: 0.5671 | Train Meta: n/a | Val Meta: n/a
Epoch   8/50 | Train Loss: 0.5360 Acc: 0.7216 F1: 0.5142 | Val Loss: 0.5060 Acc: 0.7500 F1: 0.5671 | Train Meta: n/a | Val Meta: n/a
Epoch   9/50 | Train Loss: 0.5178 Acc: 0.7386 F1: 0.5608 | Val Loss: 0.4941 Acc: 0.7500 F1: 0.5671 | Train Meta: n/a | Val Meta: n/a
Validation Loss decreased (0.495665 --> 0.494086). Saving best model...
Epoch  10/50 | Train Loss: 0.5404 Acc: 0.7443 F1: 0.5290 | Val Loss: 0.4948 Acc: 0.7500 F1: 0.5671 | Train Meta: n/a | Val Meta: n/a
Epoch  11/50 | Train Loss: 0.5312 Acc: 0.7216 F1: 0.5377 | Val Loss: 0.5017 Acc: 0.7500 F1: 0.5671 | Train Meta: n/a | Val Meta: n/a
Epoch  12/50 | Train Loss: 0.5284 Acc: 0.7273 F1: 0.5417 | Val Loss: 0.4975 Acc: 0.7500 F1: 0.5671 | Train Meta: n/a | Val Meta: n/a
Epoch  13/50 | Train Loss: 0.5224 Acc: 0.7330 F1: 0.5215 | Val Loss: 0.4952 Acc: 0.7500 F1: 0.5671 | Train Meta: n/a | Val Meta: n/a
Epoch  14/50 | Train Loss: 0.5310 Acc: 0.7273 F1: 0.5417 | Val Loss: 0.5035 Acc: 0.7500 F1: 0.5671 | Train Meta: n/a | Val Meta: n/a
Epoch  15/50 | Train Loss: 0.5477 Acc: 0.7443 F1: 0.5290 | Val Loss: 0.4986 Acc: 0.7500 F1: 0.5671 | Train Meta: n/a | Val Meta: n/a
Epoch  16/50 | Train Loss: 0.5242 Acc: 0.7330 F1: 0.5566 | Val Loss: 0.5020 Acc: 0.7500 F1: 0.5671 | Train Meta: n/a | Val Meta: n/a
Epoch  17/50 | Train Loss: 0.5125 Acc: 0.7386 F1: 0.5608 | Val Loss: 0.4996 Acc: 0.7500 F1: 0.5671 | Train Meta: n/a | Val Meta: n/a
Epoch  18/50 | Train Loss: 0.5175 Acc: 0.7443 F1: 0.5538 | Val Loss: 0.5015 Acc: 0.7500 F1: 0.5671 | Train Meta: n/a | Val Meta: n/a
Epoch  19/50 | Train Loss: 0.5124 Acc: 0.7500 F1: 0.5799 | Val Loss: 0.4996 Acc: 0.7500 F1: 0.5671 | Train Meta: n/a | Val Meta: n/a
Epoch  20/50 | Train Loss: 0.5102 Acc: 0.7557 F1: 0.5622 | Val Loss: 0.4930 Acc: 0.7500 F1: 0.5671 | Train Meta: n/a | Val Meta: n/a
Validation Loss decreased (0.494086 --> 0.492979). Saving best model...
Epoch  21/50 | Train Loss: 0.5012 Acc: 0.7557 F1: 0.5843 | Val Loss: 0.5005 Acc: 0.7000 F1: 0.5312 | Train Meta: n/a | Val Meta: n/a
Epoch  22/50 | Train Loss: 0.5119 Acc: 0.7557 F1: 0.5737 | Val Loss: 0.5016 Acc: 0.7500 F1: 0.5671 | Train Meta: n/a | Val Meta: n/a
Epoch  23/50 | Train Loss: 0.5074 Acc: 0.7557 F1: 0.6037 | Val Loss: 0.5050 Acc: 0.7500 F1: 0.6416 | Train Meta: n/a | Val Meta: n/a
Epoch  24/50 | Train Loss: 0.5043 Acc: 0.7443 F1: 0.5419 | Val Loss: 0.5073 Acc: 0.7500 F1: 0.5671 | Train Meta: n/a | Val Meta: n/a
Epoch  25/50 | Train Loss: 0.5071 Acc: 0.7500 F1: 0.5693 | Val Loss: 0.5033 Acc: 0.7000 F1: 0.5312 | Train Meta: n/a | Val Meta: n/a
Epoch  26/50 | Train Loss: 0.5142 Acc: 0.7443 F1: 0.5538 | Val Loss: 0.5049 Acc: 0.7500 F1: 0.5671 | Train Meta: n/a | Val Meta: n/a
Epoch  27/50 | Train Loss: 0.4913 Acc: 0.7670 F1: 0.6037 | Val Loss: 0.5134 Acc: 0.7500 F1: 0.6416 | Train Meta: n/a | Val Meta: n/a
Epoch  28/50 | Train Loss: 0.5032 Acc: 0.7614 F1: 0.6084 | Val Loss: 0.5056 Acc: 0.7500 F1: 0.5671 | Train Meta: n/a | Val Meta: n/a
Epoch  29/50 | Train Loss: 0.5070 Acc: 0.7557 F1: 0.5367 | Val Loss: 0.5089 Acc: 0.7000 F1: 0.5312 | Train Meta: n/a | Val Meta: n/a
Epoch  30/50 | Train Loss: 0.4876 Acc: 0.7784 F1: 0.6029 | Val Loss: 0.5130 Acc: 0.7500 F1: 0.5671 | Train Meta: n/a | Val Meta: n/a
Epoch  31/50 | Train Loss: 0.4812 Acc: 0.7670 F1: 0.5826 | Val Loss: 0.5147 Acc: 0.7500 F1: 0.5671 | Train Meta: n/a | Val Meta: n/a
Epoch  32/50 | Train Loss: 0.4851 Acc: 0.7784 F1: 0.6133 | Val Loss: 0.5069 Acc: 0.7000 F1: 0.5312 | Train Meta: n/a | Val Meta: n/a
Epoch  33/50 | Train Loss: 0.4823 Acc: 0.7670 F1: 0.5935 | Val Loss: 0.5099 Acc: 0.7500 F1: 0.5671 | Train Meta: n/a | Val Meta: n/a
Epoch  34/50 | Train Loss: 0.4863 Acc: 0.7727 F1: 0.5982 | Val Loss: 0.5078 Acc: 0.7000 F1: 0.5312 | Train Meta: n/a | Val Meta: n/a
Epoch  35/50 | Train Loss: 0.5018 Acc: 0.7557 F1: 0.5943 | Val Loss: 0.5135 Acc: 0.7500 F1: 0.6416 | Train Meta: n/a | Val Meta: n/a
Epoch  36/50 | Train Loss: 0.4798 Acc: 0.7784 F1: 0.5918 | Val Loss: 0.5127 Acc: 0.7500 F1: 0.5671 | Train Meta: n/a | Val Meta: n/a
Epoch  37/50 | Train Loss: 0.4844 Acc: 0.7670 F1: 0.5709 | Val Loss: 0.5142 Acc: 0.7000 F1: 0.5312 | Train Meta: n/a | Val Meta: n/a
Epoch  38/50 | Train Loss: 0.4719 Acc: 0.7955 F1: 0.6284 | Val Loss: 0.5110 Acc: 0.7000 F1: 0.5312 | Train Meta: n/a | Val Meta: n/a
Epoch  39/50 | Train Loss: 0.4806 Acc: 0.7670 F1: 0.6037 | Val Loss: 0.5139 Acc: 0.7000 F1: 0.5312 | Train Meta: n/a | Val Meta: n/a
Epoch  40/50 | Train Loss: 0.4893 Acc: 0.7727 F1: 0.6085 | Val Loss: 0.5132 Acc: 0.7000 F1: 0.5312 | Train Meta: n/a | Val Meta: n/a
Epoch  41/50 | Train Loss: 0.4935 Acc: 0.7670 F1: 0.6037 | Val Loss: 0.5156 Acc: 0.7500 F1: 0.6416 | Train Meta: n/a | Val Meta: n/a
Epoch  42/50 | Train Loss: 0.4884 Acc: 0.7670 F1: 0.5935 | Val Loss: 0.5126 Acc: 0.7000 F1: 0.5312 | Train Meta: n/a | Val Meta: n/a
Epoch  43/50 | Train Loss: 0.4861 Acc: 0.7727 F1: 0.6181 | Val Loss: 0.5142 Acc: 0.7500 F1: 0.6416 | Train Meta: n/a | Val Meta: n/a
Epoch  44/50 | Train Loss: 0.4981 Acc: 0.7557 F1: 0.5367 | Val Loss: 0.5207 Acc: 0.7000 F1: 0.5312 | Train Meta: n/a | Val Meta: n/a
Epoch  45/50 | Train Loss: 0.4898 Acc: 0.7670 F1: 0.6305 | Val Loss: 0.5276 Acc: 0.7000 F1: 0.5312 | Train Meta: n/a | Val Meta: n/a
Epoch  46/50 | Train Loss: 0.4952 Acc: 0.7557 F1: 0.5367 | Val Loss: 0.5279 Acc: 0.7500 F1: 0.6416 | Train Meta: n/a | Val Meta: n/a
Epoch  47/50 | Train Loss: 0.4892 Acc: 0.7784 F1: 0.6321 | Val Loss: 0.5324 Acc: 0.7500 F1: 0.6416 | Train Meta: n/a | Val Meta: n/a
Epoch  48/50 | Train Loss: 0.4869 Acc: 0.7614 F1: 0.5889 | Val Loss: 0.5246 Acc: 0.7500 F1: 0.6416 | Train Meta: n/a | Val Meta: n/a
Epoch  49/50 | Train Loss: 0.4837 Acc: 0.7614 F1: 0.5889 | Val Loss: 0.5193 Acc: 0.7500 F1: 0.6416 | Train Meta: n/a | Val Meta: n/a
Epoch  50/50 | Train Loss: 0.4726 Acc: 0.7670 F1: 0.5709 | Val Loss: 0.5194 Acc: 0.7000 F1: 0.5312 | Train Meta: n/a | Val Meta: n/a

Classification Test Result (Heartbeat)
Accuracy : 0.751220
F1 (macro): 0.575017
Saved attention maps for 3 sample(s) under ./runs/classification_electricity_to_Heartbeat_laya_mixer_stats/attention_maps
/data/pjh_workspace/ts-env/lib/python3.8/site-packages/torch/nn/modules/transformer.py:307: UserWarning: enable_nested_tensor is True, but self.use_nested_tensor is False because encoder_layer.norm_first was True
  warnings.warn(f"enable_nested_tensor is True, but self.use_nested_tensor is False because {why_not_sparsity_fast_path}")
==================================================
🚀 Architecture: LAYA
📊 Target Dataset: JapaneseVowels (Channels: 12)
📊 Pretrain Info: electricity
📊 Classes: 9 | Sequence Length: 26
==================================================
✅ Loaded pretrained encoder from ./checkpoints/electricity_laya_mixer_stats/laya_ts_electricity_s_best.pt
   - 101/101 keys matched.
✅ Encoder is FROZEN (Linear Probing mode).
📝 metadata: mode=stats, fusion=add, relation=none
ℹ️  Metadata Fusion Mode: add
ℹ️  Channel Mixer Relation Mode: none
ℹ️  Encoder Variant: default
ℹ️  Channel Adapter: disabled for Laya downstream (mixer)
ℹ️  Channel Relation Block: disabled
✅ ClassificationHead: [B, 256] → [B, 9]
Epoch   1/50 | Train Loss: 2.0640 Acc: 0.2292 F1: 0.1951 | Val Loss: 1.9286 Acc: 0.2593 F1: 0.1984 | Train Meta: n/a | Val Meta: n/a
Validation Loss decreased (inf --> 1.928588). Saving best model...
Epoch   2/50 | Train Loss: 1.6053 Acc: 0.5458 F1: 0.5449 | Val Loss: 1.6039 Acc: 0.4815 F1: 0.4265 | Train Meta: n/a | Val Meta: n/a
Validation Loss decreased (1.928588 --> 1.603909). Saving best model...
Epoch   3/50 | Train Loss: 1.3327 Acc: 0.6667 F1: 0.6641 | Val Loss: 1.3578 Acc: 0.5185 F1: 0.4562 | Train Meta: n/a | Val Meta: n/a
Validation Loss decreased (1.603909 --> 1.357818). Saving best model...
Epoch   4/50 | Train Loss: 1.1614 Acc: 0.7167 F1: 0.7199 | Val Loss: 1.2553 Acc: 0.5556 F1: 0.4988 | Train Meta: n/a | Val Meta: n/a
Validation Loss decreased (1.357818 --> 1.255251). Saving best model...
Epoch   5/50 | Train Loss: 1.0188 Acc: 0.7292 F1: 0.7312 | Val Loss: 1.1750 Acc: 0.5926 F1: 0.5508 | Train Meta: n/a | Val Meta: n/a
Validation Loss decreased (1.255251 --> 1.175047). Saving best model...
Epoch   6/50 | Train Loss: 0.9350 Acc: 0.7542 F1: 0.7533 | Val Loss: 1.0828 Acc: 0.7407 F1: 0.6785 | Train Meta: n/a | Val Meta: n/a
Validation Loss decreased (1.175047 --> 1.082840). Saving best model...
Epoch   7/50 | Train Loss: 0.8639 Acc: 0.7458 F1: 0.7493 | Val Loss: 1.0042 Acc: 0.7037 F1: 0.6156 | Train Meta: n/a | Val Meta: n/a
Validation Loss decreased (1.082840 --> 1.004200). Saving best model...
Epoch   8/50 | Train Loss: 0.8115 Acc: 0.7875 F1: 0.7848 | Val Loss: 0.9869 Acc: 0.7407 F1: 0.6686 | Train Meta: n/a | Val Meta: n/a
Validation Loss decreased (1.004200 --> 0.986929). Saving best model...
Epoch   9/50 | Train Loss: 0.7630 Acc: 0.7625 F1: 0.7633 | Val Loss: 0.9914 Acc: 0.6296 F1: 0.5862 | Train Meta: n/a | Val Meta: n/a
Epoch  10/50 | Train Loss: 0.7288 Acc: 0.7667 F1: 0.7691 | Val Loss: 0.9239 Acc: 0.7778 F1: 0.7088 | Train Meta: n/a | Val Meta: n/a
Validation Loss decreased (0.986929 --> 0.923930). Saving best model...
Epoch  11/50 | Train Loss: 0.6958 Acc: 0.7917 F1: 0.7912 | Val Loss: 0.9059 Acc: 0.7407 F1: 0.6498 | Train Meta: n/a | Val Meta: n/a
Validation Loss decreased (0.923930 --> 0.905880). Saving best model...
Epoch  12/50 | Train Loss: 0.6546 Acc: 0.8000 F1: 0.8002 | Val Loss: 0.8562 Acc: 0.7407 F1: 0.6647 | Train Meta: n/a | Val Meta: n/a
Validation Loss decreased (0.905880 --> 0.856233). Saving best model...
Epoch  13/50 | Train Loss: 0.6375 Acc: 0.8125 F1: 0.8131 | Val Loss: 0.8635 Acc: 0.8148 F1: 0.7353 | Train Meta: n/a | Val Meta: n/a
Epoch  14/50 | Train Loss: 0.6181 Acc: 0.8417 F1: 0.8409 | Val Loss: 0.8426 Acc: 0.7407 F1: 0.6770 | Train Meta: n/a | Val Meta: n/a
Validation Loss decreased (0.856233 --> 0.842629). Saving best model...
Epoch  15/50 | Train Loss: 0.5885 Acc: 0.8208 F1: 0.8218 | Val Loss: 0.8229 Acc: 0.8148 F1: 0.7353 | Train Meta: n/a | Val Meta: n/a
Validation Loss decreased (0.842629 --> 0.822933). Saving best model...
Epoch  16/50 | Train Loss: 0.5704 Acc: 0.8417 F1: 0.8430 | Val Loss: 0.8108 Acc: 0.8148 F1: 0.7582 | Train Meta: n/a | Val Meta: n/a
Validation Loss decreased (0.822933 --> 0.810788). Saving best model...
Epoch  17/50 | Train Loss: 0.5504 Acc: 0.8458 F1: 0.8467 | Val Loss: 0.7912 Acc: 0.7407 F1: 0.6770 | Train Meta: n/a | Val Meta: n/a
Validation Loss decreased (0.810788 --> 0.791153). Saving best model...
Epoch  18/50 | Train Loss: 0.5402 Acc: 0.8583 F1: 0.8569 | Val Loss: 0.7675 Acc: 0.7778 F1: 0.7214 | Train Meta: n/a | Val Meta: n/a
Validation Loss decreased (0.791153 --> 0.767467). Saving best model...
Epoch  19/50 | Train Loss: 0.5251 Acc: 0.8333 F1: 0.8332 | Val Loss: 0.7872 Acc: 0.7778 F1: 0.7286 | Train Meta: n/a | Val Meta: n/a
Epoch  20/50 | Train Loss: 0.5059 Acc: 0.8417 F1: 0.8409 | Val Loss: 0.7598 Acc: 0.7778 F1: 0.7214 | Train Meta: n/a | Val Meta: n/a
Validation Loss decreased (0.767467 --> 0.759754). Saving best model...
Epoch  21/50 | Train Loss: 0.4924 Acc: 0.8583 F1: 0.8585 | Val Loss: 0.7650 Acc: 0.7778 F1: 0.7286 | Train Meta: n/a | Val Meta: n/a
Epoch  22/50 | Train Loss: 0.4783 Acc: 0.8583 F1: 0.8566 | Val Loss: 0.7426 Acc: 0.8148 F1: 0.7582 | Train Meta: n/a | Val Meta: n/a
Validation Loss decreased (0.759754 --> 0.742577). Saving best model...
Epoch  23/50 | Train Loss: 0.4721 Acc: 0.8667 F1: 0.8661 | Val Loss: 0.7306 Acc: 0.7407 F1: 0.6770 | Train Meta: n/a | Val Meta: n/a
Validation Loss decreased (0.742577 --> 0.730634). Saving best model...
Epoch  24/50 | Train Loss: 0.4537 Acc: 0.8667 F1: 0.8654 | Val Loss: 0.7265 Acc: 0.8148 F1: 0.7582 | Train Meta: n/a | Val Meta: n/a
Validation Loss decreased (0.730634 --> 0.726490). Saving best model...
Epoch  25/50 | Train Loss: 0.4419 Acc: 0.8750 F1: 0.8754 | Val Loss: 0.7228 Acc: 0.7778 F1: 0.7214 | Train Meta: n/a | Val Meta: n/a
Validation Loss decreased (0.726490 --> 0.722838). Saving best model...
Epoch  26/50 | Train Loss: 0.4297 Acc: 0.8875 F1: 0.8866 | Val Loss: 0.7319 Acc: 0.7407 F1: 0.6770 | Train Meta: n/a | Val Meta: n/a
Epoch  27/50 | Train Loss: 0.4171 Acc: 0.8958 F1: 0.8967 | Val Loss: 0.6973 Acc: 0.7778 F1: 0.7214 | Train Meta: n/a | Val Meta: n/a
Validation Loss decreased (0.722838 --> 0.697319). Saving best model...
Epoch  28/50 | Train Loss: 0.4058 Acc: 0.8833 F1: 0.8821 | Val Loss: 0.6887 Acc: 0.7778 F1: 0.7214 | Train Meta: n/a | Val Meta: n/a
Validation Loss decreased (0.697319 --> 0.688725). Saving best model...
Epoch  29/50 | Train Loss: 0.4027 Acc: 0.8958 F1: 0.8953 | Val Loss: 0.7100 Acc: 0.8148 F1: 0.7582 | Train Meta: n/a | Val Meta: n/a
Epoch  30/50 | Train Loss: 0.3914 Acc: 0.8917 F1: 0.8903 | Val Loss: 0.7151 Acc: 0.7778 F1: 0.7286 | Train Meta: n/a | Val Meta: n/a
Epoch  31/50 | Train Loss: 0.3894 Acc: 0.8833 F1: 0.8834 | Val Loss: 0.6724 Acc: 0.7407 F1: 0.6908 | Train Meta: n/a | Val Meta: n/a
Validation Loss decreased (0.688725 --> 0.672433). Saving best model...
Epoch  32/50 | Train Loss: 0.3815 Acc: 0.9042 F1: 0.9032 | Val Loss: 0.6939 Acc: 0.7778 F1: 0.7214 | Train Meta: n/a | Val Meta: n/a
Epoch  33/50 | Train Loss: 0.3618 Acc: 0.9083 F1: 0.9076 | Val Loss: 0.6893 Acc: 0.8148 F1: 0.7582 | Train Meta: n/a | Val Meta: n/a
Epoch  34/50 | Train Loss: 0.3637 Acc: 0.9042 F1: 0.9041 | Val Loss: 0.6872 Acc: 0.7407 F1: 0.6908 | Train Meta: n/a | Val Meta: n/a
Epoch  35/50 | Train Loss: 0.3615 Acc: 0.9125 F1: 0.9109 | Val Loss: 0.6619 Acc: 0.7407 F1: 0.6908 | Train Meta: n/a | Val Meta: n/a
Validation Loss decreased (0.672433 --> 0.661941). Saving best model...
Epoch  36/50 | Train Loss: 0.3538 Acc: 0.9000 F1: 0.8989 | Val Loss: 0.6871 Acc: 0.7778 F1: 0.7275 | Train Meta: n/a | Val Meta: n/a
Epoch  37/50 | Train Loss: 0.3485 Acc: 0.9042 F1: 0.9031 | Val Loss: 0.6597 Acc: 0.7037 F1: 0.6463 | Train Meta: n/a | Val Meta: n/a
Validation Loss decreased (0.661941 --> 0.659671). Saving best model...
Epoch  38/50 | Train Loss: 0.3374 Acc: 0.9208 F1: 0.9207 | Val Loss: 0.6797 Acc: 0.7407 F1: 0.6908 | Train Meta: n/a | Val Meta: n/a
Epoch  39/50 | Train Loss: 0.3299 Acc: 0.9208 F1: 0.9211 | Val Loss: 0.6539 Acc: 0.7407 F1: 0.6908 | Train Meta: n/a | Val Meta: n/a
Validation Loss decreased (0.659671 --> 0.653939). Saving best model...
Epoch  40/50 | Train Loss: 0.3251 Acc: 0.9208 F1: 0.9210 | Val Loss: 0.6516 Acc: 0.7407 F1: 0.6908 | Train Meta: n/a | Val Meta: n/a
Validation Loss decreased (0.653939 --> 0.651614). Saving best model...
Epoch  41/50 | Train Loss: 0.3134 Acc: 0.9250 F1: 0.9241 | Val Loss: 0.6525 Acc: 0.7407 F1: 0.6908 | Train Meta: n/a | Val Meta: n/a
Epoch  42/50 | Train Loss: 0.3055 Acc: 0.9333 F1: 0.9321 | Val Loss: 0.6791 Acc: 0.7778 F1: 0.7275 | Train Meta: n/a | Val Meta: n/a
Epoch  43/50 | Train Loss: 0.3067 Acc: 0.9250 F1: 0.9240 | Val Loss: 0.6469 Acc: 0.7407 F1: 0.6908 | Train Meta: n/a | Val Meta: n/a
Validation Loss decreased (0.651614 --> 0.646922). Saving best model...
Epoch  44/50 | Train Loss: 0.2993 Acc: 0.9458 F1: 0.9460 | Val Loss: 0.6460 Acc: 0.7407 F1: 0.6908 | Train Meta: n/a | Val Meta: n/a
Validation Loss decreased (0.646922 --> 0.646028). Saving best model...
Epoch  45/50 | Train Loss: 0.2972 Acc: 0.9333 F1: 0.9326 | Val Loss: 0.6673 Acc: 0.7407 F1: 0.6958 | Train Meta: n/a | Val Meta: n/a
Epoch  46/50 | Train Loss: 0.2908 Acc: 0.9292 F1: 0.9291 | Val Loss: 0.6454 Acc: 0.7407 F1: 0.6908 | Train Meta: n/a | Val Meta: n/a
Validation Loss decreased (0.646028 --> 0.645430). Saving best model...
Epoch  47/50 | Train Loss: 0.2841 Acc: 0.9375 F1: 0.9366 | Val Loss: 0.6422 Acc: 0.7407 F1: 0.6992 | Train Meta: n/a | Val Meta: n/a
Validation Loss decreased (0.645430 --> 0.642203). Saving best model...
Epoch  48/50 | Train Loss: 0.2776 Acc: 0.9458 F1: 0.9453 | Val Loss: 0.6433 Acc: 0.7407 F1: 0.6908 | Train Meta: n/a | Val Meta: n/a
Epoch  49/50 | Train Loss: 0.2773 Acc: 0.9417 F1: 0.9418 | Val Loss: 0.6467 Acc: 0.7037 F1: 0.6622 | Train Meta: n/a | Val Meta: n/a
Epoch  50/50 | Train Loss: 0.2703 Acc: 0.9458 F1: 0.9458 | Val Loss: 0.6512 Acc: 0.7407 F1: 0.6908 | Train Meta: n/a | Val Meta: n/a

Classification Test Result (JapaneseVowels)
Accuracy : 0.721622
F1 (macro): 0.708747
Saved attention maps for 3 sample(s) under ./runs/classification_electricity_to_JapaneseVowels_laya_mixer_stats/attention_maps
/data/pjh_workspace/ts-env/lib/python3.8/site-packages/torch/nn/modules/transformer.py:307: UserWarning: enable_nested_tensor is True, but self.use_nested_tensor is False because encoder_layer.norm_first was True
  warnings.warn(f"enable_nested_tensor is True, but self.use_nested_tensor is False because {why_not_sparsity_fast_path}")
==================================================
🚀 Architecture: LAYA
📊 Target Dataset: PEMS-SF (Channels: 963)
📊 Pretrain Info: electricity
📊 Classes: 7 | Sequence Length: 144
==================================================
✅ Loaded pretrained encoder from ./checkpoints/electricity_laya_mixer_stats/laya_ts_electricity_s_best.pt
   - 101/101 keys matched.
✅ Encoder is FROZEN (Linear Probing mode).
📝 metadata: mode=stats, fusion=add, relation=none
ℹ️  Metadata Fusion Mode: add
ℹ️  Channel Mixer Relation Mode: none
ℹ️  Encoder Variant: default
ℹ️  Channel Adapter: disabled for Laya downstream (mixer)
ℹ️  Channel Relation Block: disabled
✅ ClassificationHead: [B, 256] → [B, 7]
Epoch   1/50 | Train Loss: 1.9928 Acc: 0.1583 F1: 0.1310 | Val Loss: 1.8593 Acc: 0.3077 F1: 0.1633 | Train Meta: n/a | Val Meta: n/a
Validation Loss decreased (inf --> 1.859337). Saving best model...
Epoch   2/50 | Train Loss: 1.8175 Acc: 0.3375 F1: 0.2681 | Val Loss: 1.7361 Acc: 0.4231 F1: 0.2694 | Train Meta: n/a | Val Meta: n/a
Validation Loss decreased (1.859337 --> 1.736121). Saving best model...
Epoch   3/50 | Train Loss: 1.7162 Acc: 0.4125 F1: 0.3362 | Val Loss: 1.6746 Acc: 0.3077 F1: 0.2165 | Train Meta: n/a | Val Meta: n/a
Validation Loss decreased (1.736121 --> 1.674647). Saving best model...
Epoch   4/50 | Train Loss: 1.6434 Acc: 0.3875 F1: 0.3080 | Val Loss: 1.6166 Acc: 0.3846 F1: 0.2952 | Train Meta: n/a | Val Meta: n/a
Validation Loss decreased (1.674647 --> 1.616587). Saving best model...
Epoch   5/50 | Train Loss: 1.5977 Acc: 0.4292 F1: 0.3844 | Val Loss: 1.5420 Acc: 0.5000 F1: 0.3480 | Train Meta: n/a | Val Meta: n/a
Validation Loss decreased (1.616587 --> 1.542013). Saving best model...
Epoch   6/50 | Train Loss: 1.5561 Acc: 0.4000 F1: 0.3288 | Val Loss: 1.5055 Acc: 0.4615 F1: 0.3333 | Train Meta: n/a | Val Meta: n/a
Validation Loss decreased (1.542013 --> 1.505488). Saving best model...
Epoch   7/50 | Train Loss: 1.5118 Acc: 0.4625 F1: 0.3971 | Val Loss: 1.4534 Acc: 0.4615 F1: 0.3344 | Train Meta: n/a | Val Meta: n/a
Validation Loss decreased (1.505488 --> 1.453417). Saving best model...
Epoch   8/50 | Train Loss: 1.4822 Acc: 0.4208 F1: 0.3714 | Val Loss: 1.4392 Acc: 0.5000 F1: 0.3480 | Train Meta: n/a | Val Meta: n/a
Validation Loss decreased (1.453417 --> 1.439198). Saving best model...
Epoch   9/50 | Train Loss: 1.4594 Acc: 0.4542 F1: 0.3699 | Val Loss: 1.4702 Acc: 0.3846 F1: 0.3268 | Train Meta: n/a | Val Meta: n/a
Epoch  10/50 | Train Loss: 1.4215 Acc: 0.4667 F1: 0.4018 | Val Loss: 1.3388 Acc: 0.5769 F1: 0.4524 | Train Meta: n/a | Val Meta: n/a
Validation Loss decreased (1.439198 --> 1.338782). Saving best model...
Epoch  11/50 | Train Loss: 1.3998 Acc: 0.4875 F1: 0.4630 | Val Loss: 1.3955 Acc: 0.5000 F1: 0.4455 | Train Meta: n/a | Val Meta: n/a
Epoch  12/50 | Train Loss: 1.3797 Acc: 0.4917 F1: 0.4589 | Val Loss: 1.3237 Acc: 0.5769 F1: 0.4524 | Train Meta: n/a | Val Meta: n/a
Validation Loss decreased (1.338782 --> 1.323737). Saving best model...
Epoch  13/50 | Train Loss: 1.3571 Acc: 0.4917 F1: 0.4716 | Val Loss: 1.3009 Acc: 0.5769 F1: 0.4370 | Train Meta: n/a | Val Meta: n/a
Validation Loss decreased (1.323737 --> 1.300861). Saving best model...
Epoch  14/50 | Train Loss: 1.3380 Acc: 0.4833 F1: 0.4631 | Val Loss: 1.2941 Acc: 0.5769 F1: 0.4755 | Train Meta: n/a | Val Meta: n/a
Validation Loss decreased (1.300861 --> 1.294107). Saving best model...
Epoch  15/50 | Train Loss: 1.3237 Acc: 0.4833 F1: 0.4793 | Val Loss: 1.2867 Acc: 0.6538 F1: 0.5170 | Train Meta: n/a | Val Meta: n/a
Validation Loss decreased (1.294107 --> 1.286749). Saving best model...
Epoch  16/50 | Train Loss: 1.2957 Acc: 0.5458 F1: 0.5170 | Val Loss: 1.3118 Acc: 0.5385 F1: 0.4372 | Train Meta: n/a | Val Meta: n/a
Epoch  17/50 | Train Loss: 1.2904 Acc: 0.5333 F1: 0.5192 | Val Loss: 1.2222 Acc: 0.6154 F1: 0.5000 | Train Meta: n/a | Val Meta: n/a
Validation Loss decreased (1.286749 --> 1.222187). Saving best model...
Epoch  18/50 | Train Loss: 1.2675 Acc: 0.5583 F1: 0.5508 | Val Loss: 1.2691 Acc: 0.5385 F1: 0.4612 | Train Meta: n/a | Val Meta: n/a
Epoch  19/50 | Train Loss: 1.2434 Acc: 0.5667 F1: 0.5602 | Val Loss: 1.2578 Acc: 0.6154 F1: 0.5300 | Train Meta: n/a | Val Meta: n/a
Epoch  20/50 | Train Loss: 1.2322 Acc: 0.6042 F1: 0.5957 | Val Loss: 1.2375 Acc: 0.5000 F1: 0.4236 | Train Meta: n/a | Val Meta: n/a
Epoch  21/50 | Train Loss: 1.2160 Acc: 0.5708 F1: 0.5699 | Val Loss: 1.2163 Acc: 0.6538 F1: 0.5469 | Train Meta: n/a | Val Meta: n/a
Validation Loss decreased (1.222187 --> 1.216262). Saving best model...
Epoch  22/50 | Train Loss: 1.2135 Acc: 0.5917 F1: 0.5820 | Val Loss: 1.2151 Acc: 0.5769 F1: 0.4943 | Train Meta: n/a | Val Meta: n/a
Validation Loss decreased (1.216262 --> 1.215072). Saving best model...
Epoch  23/50 | Train Loss: 1.1970 Acc: 0.6083 F1: 0.5982 | Val Loss: 1.2181 Acc: 0.5000 F1: 0.4610 | Train Meta: n/a | Val Meta: n/a
Epoch  24/50 | Train Loss: 1.1799 Acc: 0.6042 F1: 0.6018 | Val Loss: 1.1926 Acc: 0.6154 F1: 0.5011 | Train Meta: n/a | Val Meta: n/a
Validation Loss decreased (1.215072 --> 1.192609). Saving best model...
Epoch  25/50 | Train Loss: 1.1676 Acc: 0.6042 F1: 0.6011 | Val Loss: 1.2208 Acc: 0.5769 F1: 0.5154 | Train Meta: n/a | Val Meta: n/a
Epoch  26/50 | Train Loss: 1.1624 Acc: 0.6000 F1: 0.5976 | Val Loss: 1.1759 Acc: 0.6154 F1: 0.5300 | Train Meta: n/a | Val Meta: n/a
Validation Loss decreased (1.192609 --> 1.175936). Saving best model...
Epoch  27/50 | Train Loss: 1.1483 Acc: 0.5875 F1: 0.5839 | Val Loss: 1.1729 Acc: 0.5769 F1: 0.4980 | Train Meta: n/a | Val Meta: n/a
Validation Loss decreased (1.175936 --> 1.172879). Saving best model...
Epoch  28/50 | Train Loss: 1.1520 Acc: 0.6042 F1: 0.6066 | Val Loss: 1.1746 Acc: 0.6538 F1: 0.5447 | Train Meta: n/a | Val Meta: n/a
Epoch  29/50 | Train Loss: 1.1302 Acc: 0.6125 F1: 0.6043 | Val Loss: 1.1822 Acc: 0.6154 F1: 0.5373 | Train Meta: n/a | Val Meta: n/a
Epoch  30/50 | Train Loss: 1.1149 Acc: 0.6458 F1: 0.6444 | Val Loss: 1.1549 Acc: 0.6154 F1: 0.5188 | Train Meta: n/a | Val Meta: n/a
Validation Loss decreased (1.172879 --> 1.154893). Saving best model...
Epoch  31/50 | Train Loss: 1.1111 Acc: 0.6167 F1: 0.6202 | Val Loss: 1.1734 Acc: 0.5769 F1: 0.5006 | Train Meta: n/a | Val Meta: n/a
Epoch  32/50 | Train Loss: 1.0990 Acc: 0.6500 F1: 0.6440 | Val Loss: 1.2100 Acc: 0.5385 F1: 0.4773 | Train Meta: n/a | Val Meta: n/a
Epoch  33/50 | Train Loss: 1.0904 Acc: 0.6250 F1: 0.6206 | Val Loss: 1.1153 Acc: 0.6538 F1: 0.5437 | Train Meta: n/a | Val Meta: n/a
Validation Loss decreased (1.154893 --> 1.115316). Saving best model...
Epoch  34/50 | Train Loss: 1.0784 Acc: 0.6500 F1: 0.6494 | Val Loss: 1.1533 Acc: 0.6154 F1: 0.5373 | Train Meta: n/a | Val Meta: n/a
Epoch  35/50 | Train Loss: 1.0721 Acc: 0.6250 F1: 0.6220 | Val Loss: 1.1617 Acc: 0.6154 F1: 0.5373 | Train Meta: n/a | Val Meta: n/a
Epoch  36/50 | Train Loss: 1.0713 Acc: 0.6250 F1: 0.6146 | Val Loss: 1.1390 Acc: 0.6154 F1: 0.5373 | Train Meta: n/a | Val Meta: n/a
Epoch  37/50 | Train Loss: 1.0552 Acc: 0.6458 F1: 0.6448 | Val Loss: 1.0970 Acc: 0.6538 F1: 0.5437 | Train Meta: n/a | Val Meta: n/a
Validation Loss decreased (1.115316 --> 1.097047). Saving best model...
Epoch  38/50 | Train Loss: 1.0485 Acc: 0.6333 F1: 0.6318 | Val Loss: 1.1321 Acc: 0.6154 F1: 0.5373 | Train Meta: n/a | Val Meta: n/a
Epoch  39/50 | Train Loss: 1.0607 Acc: 0.6708 F1: 0.6685 | Val Loss: 1.0976 Acc: 0.6923 F1: 0.5893 | Train Meta: n/a | Val Meta: n/a
Epoch  40/50 | Train Loss: 1.0343 Acc: 0.6292 F1: 0.6286 | Val Loss: 1.1318 Acc: 0.6538 F1: 0.5351 | Train Meta: n/a | Val Meta: n/a
Epoch  41/50 | Train Loss: 1.0171 Acc: 0.6625 F1: 0.6605 | Val Loss: 1.1014 Acc: 0.6538 F1: 0.5505 | Train Meta: n/a | Val Meta: n/a
Epoch  42/50 | Train Loss: 1.0171 Acc: 0.6792 F1: 0.6787 | Val Loss: 1.1088 Acc: 0.6154 F1: 0.5363 | Train Meta: n/a | Val Meta: n/a
Epoch  43/50 | Train Loss: 1.0106 Acc: 0.6500 F1: 0.6513 | Val Loss: 1.0780 Acc: 0.6538 F1: 0.5624 | Train Meta: n/a | Val Meta: n/a
Validation Loss decreased (1.097047 --> 1.077974). Saving best model...
Epoch  44/50 | Train Loss: 1.0106 Acc: 0.6625 F1: 0.6640 | Val Loss: 1.1097 Acc: 0.6154 F1: 0.5373 | Train Meta: n/a | Val Meta: n/a
Epoch  45/50 | Train Loss: 1.0185 Acc: 0.6667 F1: 0.6543 | Val Loss: 1.1066 Acc: 0.6154 F1: 0.5278 | Train Meta: n/a | Val Meta: n/a
Epoch  46/50 | Train Loss: 0.9943 Acc: 0.6625 F1: 0.6638 | Val Loss: 1.0550 Acc: 0.6538 F1: 0.5505 | Train Meta: n/a | Val Meta: n/a
Validation Loss decreased (1.077974 --> 1.055002). Saving best model...
Epoch  47/50 | Train Loss: 1.0082 Acc: 0.6875 F1: 0.6874 | Val Loss: 1.1212 Acc: 0.5769 F1: 0.4962 | Train Meta: n/a | Val Meta: n/a
Epoch  48/50 | Train Loss: 0.9941 Acc: 0.6208 F1: 0.6007 | Val Loss: 1.0863 Acc: 0.6154 F1: 0.5363 | Train Meta: n/a | Val Meta: n/a
Epoch  49/50 | Train Loss: 0.9685 Acc: 0.6958 F1: 0.6955 | Val Loss: 1.0806 Acc: 0.6923 F1: 0.5794 | Train Meta: n/a | Val Meta: n/a
Epoch  50/50 | Train Loss: 0.9739 Acc: 0.6833 F1: 0.6815 | Val Loss: 1.0993 Acc: 0.6154 F1: 0.5147 | Train Meta: n/a | Val Meta: n/a

Classification Test Result (PEMS-SF)
Accuracy : 0.497110
F1 (macro): 0.498557
Saved attention maps for 3 sample(s) under ./runs/classification_electricity_to_PEMS-SF_laya_mixer_stats/attention_maps
/data/pjh_workspace/ts-env/lib/python3.8/site-packages/torch/nn/modules/transformer.py:307: UserWarning: enable_nested_tensor is True, but self.use_nested_tensor is False because encoder_layer.norm_first was True
  warnings.warn(f"enable_nested_tensor is True, but self.use_nested_tensor is False because {why_not_sparsity_fast_path}")
==================================================
🚀 Architecture: LAYA
📊 Target Dataset: SelfRegulationSCP1 (Channels: 6)
📊 Pretrain Info: electricity
📊 Classes: 2 | Sequence Length: 896
==================================================
✅ Loaded pretrained encoder from ./checkpoints/electricity_laya_mixer_stats/laya_ts_electricity_s_best.pt
   - 101/101 keys matched.
✅ Encoder is FROZEN (Linear Probing mode).
📝 metadata: mode=stats, fusion=add, relation=none
ℹ️  Metadata Fusion Mode: add
ℹ️  Channel Mixer Relation Mode: none
ℹ️  Encoder Variant: default
ℹ️  Channel Adapter: disabled for Laya downstream (mixer)
ℹ️  Channel Relation Block: disabled
✅ ClassificationHead: [B, 256] → [B, 2]
Epoch   1/50 | Train Loss: 0.6209 Acc: 0.6708 F1: 0.6688 | Val Loss: 0.4499 Acc: 0.8462 F1: 0.8462 | Train Meta: n/a | Val Meta: n/a
Validation Loss decreased (inf --> 0.449924). Saving best model...
Epoch   2/50 | Train Loss: 0.5943 Acc: 0.6708 F1: 0.6707 | Val Loss: 0.4241 Acc: 0.8462 F1: 0.8462 | Train Meta: n/a | Val Meta: n/a
Validation Loss decreased (0.449924 --> 0.424110). Saving best model...
Epoch   3/50 | Train Loss: 0.5713 Acc: 0.7042 F1: 0.7004 | Val Loss: 0.4372 Acc: 0.8462 F1: 0.8462 | Train Meta: n/a | Val Meta: n/a
Epoch   4/50 | Train Loss: 0.5657 Acc: 0.7000 F1: 0.6946 | Val Loss: 0.4488 Acc: 0.8462 F1: 0.8462 | Train Meta: n/a | Val Meta: n/a
Epoch   5/50 | Train Loss: 0.5552 Acc: 0.6958 F1: 0.6907 | Val Loss: 0.4493 Acc: 0.8462 F1: 0.8462 | Train Meta: n/a | Val Meta: n/a
Epoch   6/50 | Train Loss: 0.5520 Acc: 0.6917 F1: 0.6854 | Val Loss: 0.4487 Acc: 0.8462 F1: 0.8462 | Train Meta: n/a | Val Meta: n/a
Epoch   7/50 | Train Loss: 0.5532 Acc: 0.6833 F1: 0.6806 | Val Loss: 0.4331 Acc: 0.8462 F1: 0.8452 | Train Meta: n/a | Val Meta: n/a
Epoch   8/50 | Train Loss: 0.5393 Acc: 0.7042 F1: 0.7009 | Val Loss: 0.4319 Acc: 0.8462 F1: 0.8462 | Train Meta: n/a | Val Meta: n/a
Epoch   9/50 | Train Loss: 0.5446 Acc: 0.7042 F1: 0.6970 | Val Loss: 0.4565 Acc: 0.8462 F1: 0.8462 | Train Meta: n/a | Val Meta: n/a
Epoch  10/50 | Train Loss: 0.5411 Acc: 0.6875 F1: 0.6875 | Val Loss: 0.4251 Acc: 0.8846 F1: 0.8831 | Train Meta: n/a | Val Meta: n/a
Epoch  11/50 | Train Loss: 0.5347 Acc: 0.7042 F1: 0.6970 | Val Loss: 0.4349 Acc: 0.8462 F1: 0.8462 | Train Meta: n/a | Val Meta: n/a
Epoch  12/50 | Train Loss: 0.5391 Acc: 0.7125 F1: 0.7098 | Val Loss: 0.5038 Acc: 0.6923 F1: 0.6848 | Train Meta: n/a | Val Meta: n/a
Epoch  13/50 | Train Loss: 0.5284 Acc: 0.7167 F1: 0.7151 | Val Loss: 0.4106 Acc: 0.8846 F1: 0.8844 | Train Meta: n/a | Val Meta: n/a
Validation Loss decreased (0.424110 --> 0.410558). Saving best model...
Epoch  14/50 | Train Loss: 0.5204 Acc: 0.7208 F1: 0.7140 | Val Loss: 0.4358 Acc: 0.8462 F1: 0.8462 | Train Meta: n/a | Val Meta: n/a
Epoch  15/50 | Train Loss: 0.5259 Acc: 0.7167 F1: 0.7094 | Val Loss: 0.4492 Acc: 0.8462 F1: 0.8462 | Train Meta: n/a | Val Meta: n/a
Epoch  16/50 | Train Loss: 0.5217 Acc: 0.7083 F1: 0.7076 | Val Loss: 0.4427 Acc: 0.8077 F1: 0.8074 | Train Meta: n/a | Val Meta: n/a
Epoch  17/50 | Train Loss: 0.5079 Acc: 0.7250 F1: 0.7194 | Val Loss: 0.4448 Acc: 0.8077 F1: 0.8074 | Train Meta: n/a | Val Meta: n/a
Epoch  18/50 | Train Loss: 0.5101 Acc: 0.7292 F1: 0.7239 | Val Loss: 0.4436 Acc: 0.8077 F1: 0.8074 | Train Meta: n/a | Val Meta: n/a
Epoch  19/50 | Train Loss: 0.5089 Acc: 0.7417 F1: 0.7415 | Val Loss: 0.4267 Acc: 0.8462 F1: 0.8462 | Train Meta: n/a | Val Meta: n/a
Epoch  20/50 | Train Loss: 0.5219 Acc: 0.7250 F1: 0.7194 | Val Loss: 0.4961 Acc: 0.7308 F1: 0.7271 | Train Meta: n/a | Val Meta: n/a
Epoch  21/50 | Train Loss: 0.5257 Acc: 0.7000 F1: 0.6987 | Val Loss: 0.4323 Acc: 0.8077 F1: 0.8074 | Train Meta: n/a | Val Meta: n/a
Epoch  22/50 | Train Loss: 0.5018 Acc: 0.7458 F1: 0.7439 | Val Loss: 0.4501 Acc: 0.8077 F1: 0.8074 | Train Meta: n/a | Val Meta: n/a
Epoch  23/50 | Train Loss: 0.5026 Acc: 0.7375 F1: 0.7367 | Val Loss: 0.4612 Acc: 0.8077 F1: 0.8074 | Train Meta: n/a | Val Meta: n/a
Epoch  24/50 | Train Loss: 0.4991 Acc: 0.7583 F1: 0.7521 | Val Loss: 0.4410 Acc: 0.8077 F1: 0.8074 | Train Meta: n/a | Val Meta: n/a
Epoch  25/50 | Train Loss: 0.5056 Acc: 0.7167 F1: 0.7165 | Val Loss: 0.4142 Acc: 0.8462 F1: 0.8462 | Train Meta: n/a | Val Meta: n/a
Epoch  26/50 | Train Loss: 0.4972 Acc: 0.7500 F1: 0.7479 | Val Loss: 0.4397 Acc: 0.8077 F1: 0.8074 | Train Meta: n/a | Val Meta: n/a
Epoch  27/50 | Train Loss: 0.4932 Acc: 0.7625 F1: 0.7599 | Val Loss: 0.4236 Acc: 0.8077 F1: 0.8074 | Train Meta: n/a | Val Meta: n/a
Epoch  28/50 | Train Loss: 0.4971 Acc: 0.7458 F1: 0.7442 | Val Loss: 0.4360 Acc: 0.8077 F1: 0.8074 | Train Meta: n/a | Val Meta: n/a
Epoch  29/50 | Train Loss: 0.4971 Acc: 0.7333 F1: 0.7291 | Val Loss: 0.4752 Acc: 0.7692 F1: 0.7679 | Train Meta: n/a | Val Meta: n/a
Epoch  30/50 | Train Loss: 0.4950 Acc: 0.7583 F1: 0.7575 | Val Loss: 0.4601 Acc: 0.7692 F1: 0.7679 | Train Meta: n/a | Val Meta: n/a
Epoch  31/50 | Train Loss: 0.4907 Acc: 0.7583 F1: 0.7579 | Val Loss: 0.4077 Acc: 0.8462 F1: 0.8452 | Train Meta: n/a | Val Meta: n/a
Validation Loss decreased (0.410558 --> 0.407659). Saving best model...
Epoch  32/50 | Train Loss: 0.4885 Acc: 0.7500 F1: 0.7475 | Val Loss: 0.4854 Acc: 0.7308 F1: 0.7271 | Train Meta: n/a | Val Meta: n/a
Epoch  33/50 | Train Loss: 0.4961 Acc: 0.7458 F1: 0.7458 | Val Loss: 0.3856 Acc: 0.8077 F1: 0.8003 | Train Meta: n/a | Val Meta: n/a
Validation Loss decreased (0.407659 --> 0.385641). Saving best model...
Epoch  34/50 | Train Loss: 0.4953 Acc: 0.7667 F1: 0.7643 | Val Loss: 0.5533 Acc: 0.5769 F1: 0.5439 | Train Meta: n/a | Val Meta: n/a
Epoch  35/50 | Train Loss: 0.4909 Acc: 0.7500 F1: 0.7497 | Val Loss: 0.4164 Acc: 0.8077 F1: 0.8074 | Train Meta: n/a | Val Meta: n/a
Epoch  36/50 | Train Loss: 0.4796 Acc: 0.7667 F1: 0.7643 | Val Loss: 0.4641 Acc: 0.7692 F1: 0.7679 | Train Meta: n/a | Val Meta: n/a
Epoch  37/50 | Train Loss: 0.4833 Acc: 0.7333 F1: 0.7321 | Val Loss: 0.4364 Acc: 0.7692 F1: 0.7679 | Train Meta: n/a | Val Meta: n/a
Epoch  38/50 | Train Loss: 0.4820 Acc: 0.7583 F1: 0.7563 | Val Loss: 0.4778 Acc: 0.6923 F1: 0.6848 | Train Meta: n/a | Val Meta: n/a
Epoch  39/50 | Train Loss: 0.4754 Acc: 0.7750 F1: 0.7734 | Val Loss: 0.4334 Acc: 0.8077 F1: 0.8074 | Train Meta: n/a | Val Meta: n/a
Epoch  40/50 | Train Loss: 0.4787 Acc: 0.7875 F1: 0.7864 | Val Loss: 0.4524 Acc: 0.7308 F1: 0.7271 | Train Meta: n/a | Val Meta: n/a
Epoch  41/50 | Train Loss: 0.4887 Acc: 0.7458 F1: 0.7446 | Val Loss: 0.3950 Acc: 0.8462 F1: 0.8452 | Train Meta: n/a | Val Meta: n/a
Epoch  42/50 | Train Loss: 0.4760 Acc: 0.7708 F1: 0.7687 | Val Loss: 0.4919 Acc: 0.6923 F1: 0.6848 | Train Meta: n/a | Val Meta: n/a
Epoch  43/50 | Train Loss: 0.4817 Acc: 0.7750 F1: 0.7749 | Val Loss: 0.4012 Acc: 0.8462 F1: 0.8462 | Train Meta: n/a | Val Meta: n/a
Epoch  44/50 | Train Loss: 0.4619 Acc: 0.7708 F1: 0.7704 | Val Loss: 0.4589 Acc: 0.7308 F1: 0.7271 | Train Meta: n/a | Val Meta: n/a
Epoch  45/50 | Train Loss: 0.4751 Acc: 0.7542 F1: 0.7523 | Val Loss: 0.4245 Acc: 0.8462 F1: 0.8462 | Train Meta: n/a | Val Meta: n/a
Epoch  46/50 | Train Loss: 0.4734 Acc: 0.7792 F1: 0.7781 | Val Loss: 0.4906 Acc: 0.6923 F1: 0.6848 | Train Meta: n/a | Val Meta: n/a
Epoch  47/50 | Train Loss: 0.4803 Acc: 0.7500 F1: 0.7496 | Val Loss: 0.4404 Acc: 0.7692 F1: 0.7679 | Train Meta: n/a | Val Meta: n/a
Epoch  48/50 | Train Loss: 0.4689 Acc: 0.7708 F1: 0.7702 | Val Loss: 0.4390 Acc: 0.7692 F1: 0.7679 | Train Meta: n/a | Val Meta: n/a
Epoch  49/50 | Train Loss: 0.4802 Acc: 0.7542 F1: 0.7540 | Val Loss: 0.4703 Acc: 0.6923 F1: 0.6848 | Train Meta: n/a | Val Meta: n/a
Epoch  50/50 | Train Loss: 0.4639 Acc: 0.7792 F1: 0.7785 | Val Loss: 0.4234 Acc: 0.8077 F1: 0.8074 | Train Meta: n/a | Val Meta: n/a

Classification Test Result (SelfRegulationSCP1)
Accuracy : 0.839590
F1 (macro): 0.838840
Saved attention maps for 3 sample(s) under ./runs/classification_electricity_to_SelfRegulationSCP1_laya_mixer_stats/attention_maps
/data/pjh_workspace/ts-env/lib/python3.8/site-packages/torch/nn/modules/transformer.py:307: UserWarning: enable_nested_tensor is True, but self.use_nested_tensor is False because encoder_layer.norm_first was True
  warnings.warn(f"enable_nested_tensor is True, but self.use_nested_tensor is False because {why_not_sparsity_fast_path}")
==================================================
🚀 Architecture: LAYA
📊 Target Dataset: SelfRegulationSCP2 (Channels: 7)
📊 Pretrain Info: electricity
📊 Classes: 2 | Sequence Length: 1152
==================================================
✅ Loaded pretrained encoder from ./checkpoints/electricity_laya_mixer_stats/laya_ts_electricity_s_best.pt
   - 101/101 keys matched.
✅ Encoder is FROZEN (Linear Probing mode).
📝 metadata: mode=stats, fusion=add, relation=none
ℹ️  Metadata Fusion Mode: add
ℹ️  Channel Mixer Relation Mode: none
ℹ️  Encoder Variant: default
ℹ️  Channel Adapter: disabled for Laya downstream (mixer)
ℹ️  Channel Relation Block: disabled
✅ ClassificationHead: [B, 256] → [B, 2]
Epoch   1/50 | Train Loss: 0.7127 Acc: 0.4489 F1: 0.4437 | Val Loss: 0.6790 Acc: 0.6000 F1: 0.5960 | Train Meta: n/a | Val Meta: n/a
Validation Loss decreased (inf --> 0.678963). Saving best model...
Epoch   2/50 | Train Loss: 0.6763 Acc: 0.5511 F1: 0.5504 | Val Loss: 0.7369 Acc: 0.4500 F1: 0.4486 | Train Meta: n/a | Val Meta: n/a
Epoch   3/50 | Train Loss: 0.6816 Acc: 0.5739 F1: 0.5738 | Val Loss: 0.7610 Acc: 0.5000 F1: 0.4792 | Train Meta: n/a | Val Meta: n/a
Epoch   4/50 | Train Loss: 0.6792 Acc: 0.5170 F1: 0.5167 | Val Loss: 0.7442 Acc: 0.4500 F1: 0.4373 | Train Meta: n/a | Val Meta: n/a
Epoch   5/50 | Train Loss: 0.6801 Acc: 0.5568 F1: 0.5436 | Val Loss: 0.7528 Acc: 0.4500 F1: 0.4486 | Train Meta: n/a | Val Meta: n/a
Epoch   6/50 | Train Loss: 0.6809 Acc: 0.5114 F1: 0.4924 | Val Loss: 0.7138 Acc: 0.5000 F1: 0.5000 | Train Meta: n/a | Val Meta: n/a
Epoch   7/50 | Train Loss: 0.7004 Acc: 0.5000 F1: 0.4182 | Val Loss: 0.7410 Acc: 0.4500 F1: 0.4133 | Train Meta: n/a | Val Meta: n/a
Epoch   8/50 | Train Loss: 0.6892 Acc: 0.5511 F1: 0.5403 | Val Loss: 0.7057 Acc: 0.4500 F1: 0.4486 | Train Meta: n/a | Val Meta: n/a
Epoch   9/50 | Train Loss: 0.6695 Acc: 0.5739 F1: 0.5602 | Val Loss: 0.7511 Acc: 0.4500 F1: 0.4133 | Train Meta: n/a | Val Meta: n/a
Epoch  10/50 | Train Loss: 0.6743 Acc: 0.5284 F1: 0.5258 | Val Loss: 0.7240 Acc: 0.3500 F1: 0.3484 | Train Meta: n/a | Val Meta: n/a
Epoch  11/50 | Train Loss: 0.6629 Acc: 0.5455 F1: 0.5426 | Val Loss: 0.7481 Acc: 0.4500 F1: 0.4373 | Train Meta: n/a | Val Meta: n/a
Epoch  12/50 | Train Loss: 0.6652 Acc: 0.5511 F1: 0.5510 | Val Loss: 0.7432 Acc: 0.5000 F1: 0.5000 | Train Meta: n/a | Val Meta: n/a
Epoch  13/50 | Train Loss: 0.6724 Acc: 0.5511 F1: 0.5479 | Val Loss: 0.7361 Acc: 0.4500 F1: 0.4373 | Train Meta: n/a | Val Meta: n/a
Epoch  14/50 | Train Loss: 0.6637 Acc: 0.5852 F1: 0.5849 | Val Loss: 0.7252 Acc: 0.5000 F1: 0.5000 | Train Meta: n/a | Val Meta: n/a
Epoch  15/50 | Train Loss: 0.6663 Acc: 0.5568 F1: 0.5568 | Val Loss: 0.7442 Acc: 0.6000 F1: 0.6000 | Train Meta: n/a | Val Meta: n/a
Epoch  16/50 | Train Loss: 0.6730 Acc: 0.5568 F1: 0.5559 | Val Loss: 0.7198 Acc: 0.4500 F1: 0.4486 | Train Meta: n/a | Val Meta: n/a
Epoch  17/50 | Train Loss: 0.6602 Acc: 0.5909 F1: 0.5907 | Val Loss: 0.7441 Acc: 0.4500 F1: 0.4486 | Train Meta: n/a | Val Meta: n/a
Epoch  18/50 | Train Loss: 0.6668 Acc: 0.5511 F1: 0.5419 | Val Loss: 0.7426 Acc: 0.4500 F1: 0.4373 | Train Meta: n/a | Val Meta: n/a
Epoch  19/50 | Train Loss: 0.6603 Acc: 0.5739 F1: 0.5737 | Val Loss: 0.7418 Acc: 0.4000 F1: 0.3939 | Train Meta: n/a | Val Meta: n/a
Epoch  20/50 | Train Loss: 0.6563 Acc: 0.5795 F1: 0.5791 | Val Loss: 0.7324 Acc: 0.3500 F1: 0.3484 | Train Meta: n/a | Val Meta: n/a
Epoch  21/50 | Train Loss: 0.6647 Acc: 0.5455 F1: 0.5452 | Val Loss: 0.7289 Acc: 0.4500 F1: 0.4486 | Train Meta: n/a | Val Meta: n/a
Epoch  22/50 | Train Loss: 0.6718 Acc: 0.5511 F1: 0.5487 | Val Loss: 0.7404 Acc: 0.4000 F1: 0.3939 | Train Meta: n/a | Val Meta: n/a
Epoch  23/50 | Train Loss: 0.6598 Acc: 0.5682 F1: 0.5680 | Val Loss: 0.7365 Acc: 0.6000 F1: 0.5960 | Train Meta: n/a | Val Meta: n/a
Epoch  24/50 | Train Loss: 0.6596 Acc: 0.5966 F1: 0.5966 | Val Loss: 0.7294 Acc: 0.5000 F1: 0.4949 | Train Meta: n/a | Val Meta: n/a
Epoch  25/50 | Train Loss: 0.6636 Acc: 0.5568 F1: 0.5540 | Val Loss: 0.7621 Acc: 0.4000 F1: 0.3750 | Train Meta: n/a | Val Meta: n/a
Epoch  26/50 | Train Loss: 0.6593 Acc: 0.5852 F1: 0.5846 | Val Loss: 0.7259 Acc: 0.4500 F1: 0.4486 | Train Meta: n/a | Val Meta: n/a
Epoch  27/50 | Train Loss: 0.6638 Acc: 0.5568 F1: 0.5547 | Val Loss: 0.7778 Acc: 0.4500 F1: 0.4373 | Train Meta: n/a | Val Meta: n/a
Epoch  28/50 | Train Loss: 0.6573 Acc: 0.5909 F1: 0.5769 | Val Loss: 0.7364 Acc: 0.4500 F1: 0.4486 | Train Meta: n/a | Val Meta: n/a
Epoch  29/50 | Train Loss: 0.6600 Acc: 0.5682 F1: 0.5668 | Val Loss: 0.7400 Acc: 0.4000 F1: 0.3939 | Train Meta: n/a | Val Meta: n/a
Epoch  30/50 | Train Loss: 0.6655 Acc: 0.5511 F1: 0.5504 | Val Loss: 0.7363 Acc: 0.4000 F1: 0.3939 | Train Meta: n/a | Val Meta: n/a
Epoch  31/50 | Train Loss: 0.6569 Acc: 0.5739 F1: 0.5735 | Val Loss: 0.7324 Acc: 0.5000 F1: 0.5000 | Train Meta: n/a | Val Meta: n/a
Epoch  32/50 | Train Loss: 0.6608 Acc: 0.5398 F1: 0.5364 | Val Loss: 0.7610 Acc: 0.5000 F1: 0.4949 | Train Meta: n/a | Val Meta: n/a
Epoch  33/50 | Train Loss: 0.6834 Acc: 0.5227 F1: 0.4731 | Val Loss: 0.7228 Acc: 0.4000 F1: 0.4000 | Train Meta: n/a | Val Meta: n/a
Epoch  34/50 | Train Loss: 0.6736 Acc: 0.5682 F1: 0.5471 | Val Loss: 0.7412 Acc: 0.5000 F1: 0.5000 | Train Meta: n/a | Val Meta: n/a
Epoch  35/50 | Train Loss: 0.6759 Acc: 0.5795 F1: 0.5393 | Val Loss: 0.7794 Acc: 0.4000 F1: 0.3407 | Train Meta: n/a | Val Meta: n/a
Epoch  36/50 | Train Loss: 0.6674 Acc: 0.5795 F1: 0.5760 | Val Loss: 0.7201 Acc: 0.5000 F1: 0.4792 | Train Meta: n/a | Val Meta: n/a
Epoch  37/50 | Train Loss: 0.6601 Acc: 0.5625 F1: 0.5593 | Val Loss: 0.8039 Acc: 0.4000 F1: 0.2857 | Train Meta: n/a | Val Meta: n/a
Epoch  38/50 | Train Loss: 0.6828 Acc: 0.5398 F1: 0.5331 | Val Loss: 0.7261 Acc: 0.5000 F1: 0.4949 | Train Meta: n/a | Val Meta: n/a
Epoch  39/50 | Train Loss: 0.6507 Acc: 0.6023 F1: 0.5981 | Val Loss: 0.7884 Acc: 0.4000 F1: 0.3750 | Train Meta: n/a | Val Meta: n/a
Epoch  40/50 | Train Loss: 0.6670 Acc: 0.5625 F1: 0.5573 | Val Loss: 0.7382 Acc: 0.3500 F1: 0.3484 | Train Meta: n/a | Val Meta: n/a
Epoch  41/50 | Train Loss: 0.6575 Acc: 0.5625 F1: 0.5562 | Val Loss: 0.7578 Acc: 0.4000 F1: 0.3750 | Train Meta: n/a | Val Meta: n/a
Epoch  42/50 | Train Loss: 0.6567 Acc: 0.5739 F1: 0.5737 | Val Loss: 0.7421 Acc: 0.5500 F1: 0.5489 | Train Meta: n/a | Val Meta: n/a
Epoch  43/50 | Train Loss: 0.6567 Acc: 0.5739 F1: 0.5715 | Val Loss: 0.7414 Acc: 0.4000 F1: 0.3750 | Train Meta: n/a | Val Meta: n/a
Epoch  44/50 | Train Loss: 0.6617 Acc: 0.5568 F1: 0.5436 | Val Loss: 0.7391 Acc: 0.5500 F1: 0.5489 | Train Meta: n/a | Val Meta: n/a
Epoch  45/50 | Train Loss: 0.6586 Acc: 0.6080 F1: 0.6051 | Val Loss: 0.7157 Acc: 0.5000 F1: 0.4949 | Train Meta: n/a | Val Meta: n/a
Epoch  46/50 | Train Loss: 0.6633 Acc: 0.5966 F1: 0.5896 | Val Loss: 0.7526 Acc: 0.4000 F1: 0.3750 | Train Meta: n/a | Val Meta: n/a
Epoch  47/50 | Train Loss: 0.6689 Acc: 0.5455 F1: 0.5055 | Val Loss: 0.7444 Acc: 0.4500 F1: 0.4373 | Train Meta: n/a | Val Meta: n/a
Epoch  48/50 | Train Loss: 0.6808 Acc: 0.4943 F1: 0.4709 | Val Loss: 0.7334 Acc: 0.3500 F1: 0.3484 | Train Meta: n/a | Val Meta: n/a
Epoch  49/50 | Train Loss: 0.6621 Acc: 0.5284 F1: 0.4985 | Val Loss: 0.7549 Acc: 0.4000 F1: 0.3750 | Train Meta: n/a | Val Meta: n/a
Epoch  50/50 | Train Loss: 0.6784 Acc: 0.5227 F1: 0.5121 | Val Loss: 0.7388 Acc: 0.5500 F1: 0.5200 | Train Meta: n/a | Val Meta: n/a

Classification Test Result (SelfRegulationSCP2)
Accuracy : 0.505556
F1 (macro): 0.505418
Saved attention maps for 3 sample(s) under ./runs/classification_electricity_to_SelfRegulationSCP2_laya_mixer_stats/attention_maps
/data/pjh_workspace/ts-env/lib/python3.8/site-packages/torch/nn/modules/transformer.py:307: UserWarning: enable_nested_tensor is True, but self.use_nested_tensor is False because encoder_layer.norm_first was True
  warnings.warn(f"enable_nested_tensor is True, but self.use_nested_tensor is False because {why_not_sparsity_fast_path}")
==================================================
🚀 Architecture: LAYA
📊 Target Dataset: SpokenArabicDigits (Channels: 13)
📊 Pretrain Info: electricity
📊 Classes: 10 | Sequence Length: 93
==================================================
✅ Loaded pretrained encoder from ./checkpoints/electricity_laya_mixer_stats/laya_ts_electricity_s_best.pt
   - 101/101 keys matched.
✅ Encoder is FROZEN (Linear Probing mode).
📝 metadata: mode=stats, fusion=add, relation=none
ℹ️  Metadata Fusion Mode: add
ℹ️  Channel Mixer Relation Mode: none
ℹ️  Encoder Variant: default
ℹ️  Channel Adapter: disabled for Laya downstream (mixer)
ℹ️  Channel Relation Block: disabled
✅ ClassificationHead: [B, 256] → [B, 10]
Epoch   1/50 | Train Loss: 1.6508 Acc: 0.4618 F1: 0.4534 | Val Loss: 1.3260 Acc: 0.5751 F1: 0.5719 | Train Meta: n/a | Val Meta: n/a
Validation Loss decreased (inf --> 1.325988). Saving best model...
Epoch   2/50 | Train Loss: 1.2113 Acc: 0.6124 F1: 0.6099 | Val Loss: 1.1005 Acc: 0.6616 F1: 0.6560 | Train Meta: n/a | Val Meta: n/a
Validation Loss decreased (1.325988 --> 1.100513). Saving best model...
Epoch   3/50 | Train Loss: 1.0469 Acc: 0.6671 F1: 0.6658 | Val Loss: 0.9875 Acc: 0.7041 F1: 0.7042 | Train Meta: n/a | Val Meta: n/a
Validation Loss decreased (1.100513 --> 0.987530). Saving best model...
Epoch   4/50 | Train Loss: 0.9458 Acc: 0.6995 F1: 0.6984 | Val Loss: 0.9496 Acc: 0.6889 F1: 0.6896 | Train Meta: n/a | Val Meta: n/a
Validation Loss decreased (0.987530 --> 0.949597). Saving best model...
Epoch   5/50 | Train Loss: 0.8759 Acc: 0.7200 F1: 0.7191 | Val Loss: 0.8853 Acc: 0.7056 F1: 0.7014 | Train Meta: n/a | Val Meta: n/a
Validation Loss decreased (0.949597 --> 0.885271). Saving best model...
Epoch   6/50 | Train Loss: 0.8155 Acc: 0.7444 F1: 0.7433 | Val Loss: 0.8225 Acc: 0.7451 F1: 0.7500 | Train Meta: n/a | Val Meta: n/a
Validation Loss decreased (0.885271 --> 0.822466). Saving best model...
Epoch   7/50 | Train Loss: 0.7751 Acc: 0.7564 F1: 0.7555 | Val Loss: 0.7675 Acc: 0.7648 F1: 0.7643 | Train Meta: n/a | Val Meta: n/a
Validation Loss decreased (0.822466 --> 0.767507). Saving best model...
Epoch   8/50 | Train Loss: 0.7405 Acc: 0.7690 F1: 0.7684 | Val Loss: 0.7336 Acc: 0.7602 F1: 0.7597 | Train Meta: n/a | Val Meta: n/a
Validation Loss decreased (0.767507 --> 0.733558). Saving best model...
Epoch   9/50 | Train Loss: 0.7056 Acc: 0.7825 F1: 0.7821 | Val Loss: 0.7115 Acc: 0.7739 F1: 0.7724 | Train Meta: n/a | Val Meta: n/a
Validation Loss decreased (0.733558 --> 0.711496). Saving best model...
Epoch  10/50 | Train Loss: 0.6862 Acc: 0.7887 F1: 0.7884 | Val Loss: 0.6710 Acc: 0.7891 F1: 0.7865 | Train Meta: n/a | Val Meta: n/a
Validation Loss decreased (0.711496 --> 0.670987). Saving best model...
Epoch  11/50 | Train Loss: 0.6582 Acc: 0.7943 F1: 0.7940 | Val Loss: 0.6564 Acc: 0.7936 F1: 0.7921 | Train Meta: n/a | Val Meta: n/a
Validation Loss decreased (0.670987 --> 0.656441). Saving best model...
Epoch  12/50 | Train Loss: 0.6425 Acc: 0.8000 F1: 0.7998 | Val Loss: 0.6381 Acc: 0.8103 F1: 0.8076 | Train Meta: n/a | Val Meta: n/a
Validation Loss decreased (0.656441 --> 0.638147). Saving best model...
Epoch  13/50 | Train Loss: 0.6235 Acc: 0.8083 F1: 0.8080 | Val Loss: 0.6207 Acc: 0.8012 F1: 0.8002 | Train Meta: n/a | Val Meta: n/a
Validation Loss decreased (0.638147 --> 0.620711). Saving best model...
Epoch  14/50 | Train Loss: 0.6052 Acc: 0.8155 F1: 0.8154 | Val Loss: 0.6084 Acc: 0.8058 F1: 0.8040 | Train Meta: n/a | Val Meta: n/a
Validation Loss decreased (0.620711 --> 0.608444). Saving best model...
Epoch  15/50 | Train Loss: 0.5934 Acc: 0.8105 F1: 0.8102 | Val Loss: 0.5963 Acc: 0.7997 F1: 0.7987 | Train Meta: n/a | Val Meta: n/a
Validation Loss decreased (0.608444 --> 0.596262). Saving best model...
Epoch  16/50 | Train Loss: 0.5816 Acc: 0.8179 F1: 0.8177 | Val Loss: 0.5810 Acc: 0.8042 F1: 0.8019 | Train Meta: n/a | Val Meta: n/a
Validation Loss decreased (0.596262 --> 0.580964). Saving best model...
Epoch  17/50 | Train Loss: 0.5668 Acc: 0.8226 F1: 0.8224 | Val Loss: 0.5734 Acc: 0.8058 F1: 0.8026 | Train Meta: n/a | Val Meta: n/a
Validation Loss decreased (0.580964 --> 0.573384). Saving best model...
Epoch  18/50 | Train Loss: 0.5585 Acc: 0.8288 F1: 0.8289 | Val Loss: 0.5786 Acc: 0.7967 F1: 0.7976 | Train Meta: n/a | Val Meta: n/a
Epoch  19/50 | Train Loss: 0.5471 Acc: 0.8292 F1: 0.8290 | Val Loss: 0.5682 Acc: 0.8149 F1: 0.8149 | Train Meta: n/a | Val Meta: n/a
Validation Loss decreased (0.573384 --> 0.568197). Saving best model...
Epoch  20/50 | Train Loss: 0.5368 Acc: 0.8304 F1: 0.8304 | Val Loss: 0.5599 Acc: 0.8209 F1: 0.8173 | Train Meta: n/a | Val Meta: n/a
Validation Loss decreased (0.568197 --> 0.559859). Saving best model...
Epoch  21/50 | Train Loss: 0.5293 Acc: 0.8346 F1: 0.8343 | Val Loss: 0.5519 Acc: 0.8209 F1: 0.8198 | Train Meta: n/a | Val Meta: n/a
Validation Loss decreased (0.559859 --> 0.551885). Saving best model...
Epoch  22/50 | Train Loss: 0.5201 Acc: 0.8379 F1: 0.8379 | Val Loss: 0.5247 Acc: 0.8407 F1: 0.8392 | Train Meta: n/a | Val Meta: n/a
Validation Loss decreased (0.551885 --> 0.524680). Saving best model...
Epoch  23/50 | Train Loss: 0.5109 Acc: 0.8371 F1: 0.8371 | Val Loss: 0.5353 Acc: 0.8240 F1: 0.8234 | Train Meta: n/a | Val Meta: n/a
Epoch  24/50 | Train Loss: 0.5042 Acc: 0.8435 F1: 0.8435 | Val Loss: 0.5229 Acc: 0.8316 F1: 0.8297 | Train Meta: n/a | Val Meta: n/a
Validation Loss decreased (0.524680 --> 0.522891). Saving best model...
Epoch  25/50 | Train Loss: 0.4956 Acc: 0.8474 F1: 0.8473 | Val Loss: 0.5102 Acc: 0.8392 F1: 0.8381 | Train Meta: n/a | Val Meta: n/a
Validation Loss decreased (0.522891 --> 0.510187). Saving best model...
Epoch  26/50 | Train Loss: 0.4934 Acc: 0.8445 F1: 0.8445 | Val Loss: 0.4992 Acc: 0.8483 F1: 0.8464 | Train Meta: n/a | Val Meta: n/a
Validation Loss decreased (0.510187 --> 0.499173). Saving best model...
Epoch  27/50 | Train Loss: 0.4846 Acc: 0.8487 F1: 0.8485 | Val Loss: 0.5155 Acc: 0.8270 F1: 0.8256 | Train Meta: n/a | Val Meta: n/a
Epoch  28/50 | Train Loss: 0.4817 Acc: 0.8464 F1: 0.8461 | Val Loss: 0.4946 Acc: 0.8407 F1: 0.8392 | Train Meta: n/a | Val Meta: n/a
Validation Loss decreased (0.499173 --> 0.494580). Saving best model...
Epoch  29/50 | Train Loss: 0.4757 Acc: 0.8511 F1: 0.8511 | Val Loss: 0.4871 Acc: 0.8483 F1: 0.8472 | Train Meta: n/a | Val Meta: n/a
Validation Loss decreased (0.494580 --> 0.487067). Saving best model...
Epoch  30/50 | Train Loss: 0.4703 Acc: 0.8506 F1: 0.8504 | Val Loss: 0.4854 Acc: 0.8452 F1: 0.8444 | Train Meta: n/a | Val Meta: n/a
Validation Loss decreased (0.487067 --> 0.485374). Saving best model...
Epoch  31/50 | Train Loss: 0.4637 Acc: 0.8507 F1: 0.8505 | Val Loss: 0.4934 Acc: 0.8483 F1: 0.8460 | Train Meta: n/a | Val Meta: n/a
Epoch  32/50 | Train Loss: 0.4583 Acc: 0.8571 F1: 0.8570 | Val Loss: 0.4956 Acc: 0.8528 F1: 0.8528 | Train Meta: n/a | Val Meta: n/a
Epoch  33/50 | Train Loss: 0.4526 Acc: 0.8580 F1: 0.8576 | Val Loss: 0.4775 Acc: 0.8392 F1: 0.8381 | Train Meta: n/a | Val Meta: n/a
Validation Loss decreased (0.485374 --> 0.477538). Saving best model...
Epoch  34/50 | Train Loss: 0.4526 Acc: 0.8605 F1: 0.8604 | Val Loss: 0.4807 Acc: 0.8543 F1: 0.8541 | Train Meta: n/a | Val Meta: n/a
Epoch  35/50 | Train Loss: 0.4446 Acc: 0.8617 F1: 0.8617 | Val Loss: 0.4691 Acc: 0.8604 F1: 0.8597 | Train Meta: n/a | Val Meta: n/a
Validation Loss decreased (0.477538 --> 0.469135). Saving best model...
Epoch  36/50 | Train Loss: 0.4385 Acc: 0.8634 F1: 0.8633 | Val Loss: 0.4743 Acc: 0.8574 F1: 0.8562 | Train Meta: n/a | Val Meta: n/a
Epoch  37/50 | Train Loss: 0.4401 Acc: 0.8605 F1: 0.8602 | Val Loss: 0.4709 Acc: 0.8619 F1: 0.8613 | Train Meta: n/a | Val Meta: n/a
Epoch  38/50 | Train Loss: 0.4314 Acc: 0.8632 F1: 0.8630 | Val Loss: 0.4548 Acc: 0.8543 F1: 0.8536 | Train Meta: n/a | Val Meta: n/a
Validation Loss decreased (0.469135 --> 0.454834). Saving best model...
Epoch  39/50 | Train Loss: 0.4298 Acc: 0.8640 F1: 0.8639 | Val Loss: 0.4789 Acc: 0.8331 F1: 0.8323 | Train Meta: n/a | Val Meta: n/a
Epoch  40/50 | Train Loss: 0.4268 Acc: 0.8644 F1: 0.8643 | Val Loss: 0.4678 Acc: 0.8513 F1: 0.8500 | Train Meta: n/a | Val Meta: n/a
Epoch  41/50 | Train Loss: 0.4225 Acc: 0.8674 F1: 0.8672 | Val Loss: 0.4614 Acc: 0.8619 F1: 0.8614 | Train Meta: n/a | Val Meta: n/a
Epoch  42/50 | Train Loss: 0.4173 Acc: 0.8688 F1: 0.8686 | Val Loss: 0.4519 Acc: 0.8558 F1: 0.8547 | Train Meta: n/a | Val Meta: n/a
Validation Loss decreased (0.454834 --> 0.451887). Saving best model...
Epoch  43/50 | Train Loss: 0.4195 Acc: 0.8634 F1: 0.8631 | Val Loss: 0.4646 Acc: 0.8543 F1: 0.8533 | Train Meta: n/a | Val Meta: n/a
Epoch  44/50 | Train Loss: 0.4154 Acc: 0.8694 F1: 0.8692 | Val Loss: 0.4403 Acc: 0.8665 F1: 0.8647 | Train Meta: n/a | Val Meta: n/a
Validation Loss decreased (0.451887 --> 0.440301). Saving best model...
Epoch  45/50 | Train Loss: 0.4103 Acc: 0.8715 F1: 0.8713 | Val Loss: 0.4567 Acc: 0.8649 F1: 0.8653 | Train Meta: n/a | Val Meta: n/a
Epoch  46/50 | Train Loss: 0.4062 Acc: 0.8705 F1: 0.8703 | Val Loss: 0.4346 Acc: 0.8649 F1: 0.8645 | Train Meta: n/a | Val Meta: n/a
Validation Loss decreased (0.440301 --> 0.434640). Saving best model...
Epoch  47/50 | Train Loss: 0.4044 Acc: 0.8706 F1: 0.8705 | Val Loss: 0.4439 Acc: 0.8574 F1: 0.8565 | Train Meta: n/a | Val Meta: n/a
Epoch  48/50 | Train Loss: 0.4018 Acc: 0.8708 F1: 0.8706 | Val Loss: 0.4399 Acc: 0.8604 F1: 0.8590 | Train Meta: n/a | Val Meta: n/a
Epoch  49/50 | Train Loss: 0.3997 Acc: 0.8769 F1: 0.8767 | Val Loss: 0.4288 Acc: 0.8695 F1: 0.8689 | Train Meta: n/a | Val Meta: n/a
Validation Loss decreased (0.434640 --> 0.428799). Saving best model...
Epoch  50/50 | Train Loss: 0.3997 Acc: 0.8738 F1: 0.8737 | Val Loss: 0.4316 Acc: 0.8725 F1: 0.8722 | Train Meta: n/a | Val Meta: n/a

Classification Test Result (SpokenArabicDigits)
Accuracy : 0.516598
F1 (macro): 0.506668
Saved attention maps for 3 sample(s) under ./runs/classification_electricity_to_SpokenArabicDigits_laya_mixer_stats/attention_maps
/data/pjh_workspace/ts-env/lib/python3.8/site-packages/torch/nn/modules/transformer.py:307: UserWarning: enable_nested_tensor is True, but self.use_nested_tensor is False because encoder_layer.norm_first was True
  warnings.warn(f"enable_nested_tensor is True, but self.use_nested_tensor is False because {why_not_sparsity_fast_path}")
==================================================
🚀 Architecture: LAYA
📊 Target Dataset: UWaveGestureLibrary (Channels: 3)
📊 Pretrain Info: electricity
📊 Classes: 8 | Sequence Length: 315
==================================================
✅ Loaded pretrained encoder from ./checkpoints/electricity_laya_mixer_stats/laya_ts_electricity_s_best.pt
   - 101/101 keys matched.
✅ Encoder is FROZEN (Linear Probing mode).
📝 metadata: mode=stats, fusion=add, relation=none
ℹ️  Metadata Fusion Mode: add
ℹ️  Channel Mixer Relation Mode: none
ℹ️  Encoder Variant: default
ℹ️  Channel Adapter: disabled for Laya downstream (mixer)
ℹ️  Channel Relation Block: disabled
✅ ClassificationHead: [B, 256] → [B, 8]
Epoch   1/50 | Train Loss: 1.9243 Acc: 0.1562 F1: 0.1075 | Val Loss: 2.0135 Acc: 0.2500 F1: 0.2917 | Train Meta: n/a | Val Meta: n/a
Validation Loss decreased (inf --> 2.013475). Saving best model...
Epoch   2/50 | Train Loss: 1.8098 Acc: 0.1354 F1: 0.0854 | Val Loss: 1.8721 Acc: 0.1667 F1: 0.0736 | Train Meta: n/a | Val Meta: n/a
Validation Loss decreased (2.013475 --> 1.872056). Saving best model...
Epoch   3/50 | Train Loss: 1.7149 Acc: 0.2604 F1: 0.2304 | Val Loss: 1.8234 Acc: 0.4167 F1: 0.4792 | Train Meta: n/a | Val Meta: n/a
Validation Loss decreased (1.872056 --> 1.823394). Saving best model...
Epoch   4/50 | Train Loss: 1.6283 Acc: 0.4688 F1: 0.4301 | Val Loss: 1.7403 Acc: 0.5000 F1: 0.4750 | Train Meta: n/a | Val Meta: n/a
Validation Loss decreased (1.823394 --> 1.740318). Saving best model...
Epoch   5/50 | Train Loss: 1.5537 Acc: 0.5312 F1: 0.4848 | Val Loss: 1.6693 Acc: 0.5833 F1: 0.5208 | Train Meta: n/a | Val Meta: n/a
Validation Loss decreased (1.740318 --> 1.669323). Saving best model...
Epoch   6/50 | Train Loss: 1.4872 Acc: 0.5208 F1: 0.4615 | Val Loss: 1.6204 Acc: 0.6667 F1: 0.6250 | Train Meta: n/a | Val Meta: n/a
Validation Loss decreased (1.669323 --> 1.620409). Saving best model...
Epoch   7/50 | Train Loss: 1.4610 Acc: 0.5729 F1: 0.5393 | Val Loss: 1.5548 Acc: 0.7500 F1: 0.6488 | Train Meta: n/a | Val Meta: n/a
Validation Loss decreased (1.620409 --> 1.554776). Saving best model...
Epoch   8/50 | Train Loss: 1.3904 Acc: 0.5833 F1: 0.5541 | Val Loss: 1.5369 Acc: 0.6667 F1: 0.6250 | Train Meta: n/a | Val Meta: n/a
Validation Loss decreased (1.554776 --> 1.536850). Saving best model...
Epoch   9/50 | Train Loss: 1.3524 Acc: 0.6354 F1: 0.6153 | Val Loss: 1.4874 Acc: 0.6667 F1: 0.5833 | Train Meta: n/a | Val Meta: n/a
Validation Loss decreased (1.536850 --> 1.487380). Saving best model...
Epoch  10/50 | Train Loss: 1.3352 Acc: 0.6458 F1: 0.6321 | Val Loss: 1.4176 Acc: 0.7500 F1: 0.5625 | Train Meta: n/a | Val Meta: n/a
Validation Loss decreased (1.487380 --> 1.417630). Saving best model...
Epoch  11/50 | Train Loss: 1.2916 Acc: 0.6562 F1: 0.6518 | Val Loss: 1.3664 Acc: 0.8333 F1: 0.6667 | Train Meta: n/a | Val Meta: n/a
Validation Loss decreased (1.417630 --> 1.366439). Saving best model...
Epoch  12/50 | Train Loss: 1.2427 Acc: 0.6771 F1: 0.6746 | Val Loss: 1.2880 Acc: 0.8333 F1: 0.7460 | Train Meta: n/a | Val Meta: n/a
Validation Loss decreased (1.366439 --> 1.288012). Saving best model...
Epoch  13/50 | Train Loss: 1.1922 Acc: 0.7083 F1: 0.7152 | Val Loss: 1.2683 Acc: 0.8333 F1: 0.6667 | Train Meta: n/a | Val Meta: n/a
Validation Loss decreased (1.288012 --> 1.268302). Saving best model...
Epoch  14/50 | Train Loss: 1.1835 Acc: 0.6771 F1: 0.6582 | Val Loss: 1.2995 Acc: 0.7500 F1: 0.6488 | Train Meta: n/a | Val Meta: n/a
Epoch  15/50 | Train Loss: 1.1483 Acc: 0.6562 F1: 0.6387 | Val Loss: 1.2506 Acc: 0.7500 F1: 0.6488 | Train Meta: n/a | Val Meta: n/a
Validation Loss decreased (1.268302 --> 1.250620). Saving best model...
Epoch  16/50 | Train Loss: 1.1114 Acc: 0.6562 F1: 0.6497 | Val Loss: 1.2275 Acc: 0.7500 F1: 0.6488 | Train Meta: n/a | Val Meta: n/a
Validation Loss decreased (1.250620 --> 1.227460). Saving best model...
Epoch  17/50 | Train Loss: 1.0775 Acc: 0.6667 F1: 0.6618 | Val Loss: 1.2316 Acc: 0.7500 F1: 0.6488 | Train Meta: n/a | Val Meta: n/a
Epoch  18/50 | Train Loss: 1.0622 Acc: 0.6979 F1: 0.6909 | Val Loss: 1.1597 Acc: 0.8333 F1: 0.6667 | Train Meta: n/a | Val Meta: n/a
Validation Loss decreased (1.227460 --> 1.159685). Saving best model...
Epoch  19/50 | Train Loss: 1.0413 Acc: 0.7188 F1: 0.7137 | Val Loss: 1.1318 Acc: 0.8333 F1: 0.6667 | Train Meta: n/a | Val Meta: n/a
Validation Loss decreased (1.159685 --> 1.131802). Saving best model...
Epoch  20/50 | Train Loss: 1.0185 Acc: 0.7292 F1: 0.7214 | Val Loss: 1.1073 Acc: 0.8333 F1: 0.6667 | Train Meta: n/a | Val Meta: n/a
Validation Loss decreased (1.131802 --> 1.107264). Saving best model...
Epoch  21/50 | Train Loss: 0.9913 Acc: 0.7604 F1: 0.7647 | Val Loss: 1.1069 Acc: 0.7500 F1: 0.5417 | Train Meta: n/a | Val Meta: n/a
Validation Loss decreased (1.107264 --> 1.106869). Saving best model...
Epoch  22/50 | Train Loss: 1.0156 Acc: 0.7083 F1: 0.7091 | Val Loss: 1.0533 Acc: 0.7500 F1: 0.5417 | Train Meta: n/a | Val Meta: n/a
Validation Loss decreased (1.106869 --> 1.053293). Saving best model...
Epoch  23/50 | Train Loss: 0.9278 Acc: 0.7604 F1: 0.7605 | Val Loss: 1.0631 Acc: 0.8333 F1: 0.6667 | Train Meta: n/a | Val Meta: n/a
Epoch  24/50 | Train Loss: 0.9090 Acc: 0.7708 F1: 0.7646 | Val Loss: 1.0871 Acc: 0.7500 F1: 0.6488 | Train Meta: n/a | Val Meta: n/a
Epoch  25/50 | Train Loss: 0.9031 Acc: 0.7292 F1: 0.7283 | Val Loss: 1.0621 Acc: 0.8333 F1: 0.6667 | Train Meta: n/a | Val Meta: n/a
Epoch  26/50 | Train Loss: 0.8827 Acc: 0.7604 F1: 0.7548 | Val Loss: 1.0005 Acc: 0.8333 F1: 0.6667 | Train Meta: n/a | Val Meta: n/a
Validation Loss decreased (1.053293 --> 1.000547). Saving best model...
Epoch  27/50 | Train Loss: 0.8437 Acc: 0.8333 F1: 0.8391 | Val Loss: 0.9522 Acc: 0.8333 F1: 0.6667 | Train Meta: n/a | Val Meta: n/a
Validation Loss decreased (1.000547 --> 0.952223). Saving best model...
Epoch  28/50 | Train Loss: 0.8862 Acc: 0.7812 F1: 0.7843 | Val Loss: 0.9245 Acc: 0.7500 F1: 0.5417 | Train Meta: n/a | Val Meta: n/a
Validation Loss decreased (0.952223 --> 0.924467). Saving best model...
Epoch  29/50 | Train Loss: 0.8472 Acc: 0.8125 F1: 0.8136 | Val Loss: 0.9155 Acc: 0.8333 F1: 0.6667 | Train Meta: n/a | Val Meta: n/a
Validation Loss decreased (0.924467 --> 0.915480). Saving best model...
Epoch  30/50 | Train Loss: 0.8297 Acc: 0.7812 F1: 0.7823 | Val Loss: 0.9303 Acc: 0.8333 F1: 0.6667 | Train Meta: n/a | Val Meta: n/a
Epoch  31/50 | Train Loss: 0.8378 Acc: 0.7812 F1: 0.7782 | Val Loss: 0.8998 Acc: 0.8333 F1: 0.6667 | Train Meta: n/a | Val Meta: n/a
Validation Loss decreased (0.915480 --> 0.899776). Saving best model...
Epoch  32/50 | Train Loss: 0.8267 Acc: 0.7812 F1: 0.7851 | Val Loss: 0.9027 Acc: 0.8333 F1: 0.6667 | Train Meta: n/a | Val Meta: n/a
Epoch  33/50 | Train Loss: 0.7802 Acc: 0.8333 F1: 0.8129 | Val Loss: 0.9126 Acc: 0.8333 F1: 0.6667 | Train Meta: n/a | Val Meta: n/a
Epoch  34/50 | Train Loss: 0.7833 Acc: 0.7917 F1: 0.7948 | Val Loss: 0.8921 Acc: 0.7500 F1: 0.5417 | Train Meta: n/a | Val Meta: n/a
Validation Loss decreased (0.899776 --> 0.892133). Saving best model...
Epoch  35/50 | Train Loss: 0.7682 Acc: 0.7917 F1: 0.7946 | Val Loss: 0.8553 Acc: 0.8333 F1: 0.6667 | Train Meta: n/a | Val Meta: n/a
Validation Loss decreased (0.892133 --> 0.855292). Saving best model...
Epoch  36/50 | Train Loss: 0.7720 Acc: 0.7812 F1: 0.7814 | Val Loss: 0.8295 Acc: 0.8333 F1: 0.6667 | Train Meta: n/a | Val Meta: n/a
Validation Loss decreased (0.855292 --> 0.829487). Saving best model...
Epoch  37/50 | Train Loss: 0.7514 Acc: 0.8229 F1: 0.8260 | Val Loss: 0.8249 Acc: 0.8333 F1: 0.6667 | Train Meta: n/a | Val Meta: n/a
Validation Loss decreased (0.829487 --> 0.824889). Saving best model...
Epoch  38/50 | Train Loss: 0.7313 Acc: 0.8229 F1: 0.8260 | Val Loss: 0.8338 Acc: 0.8333 F1: 0.6667 | Train Meta: n/a | Val Meta: n/a
Epoch  39/50 | Train Loss: 0.7324 Acc: 0.8542 F1: 0.8509 | Val Loss: 0.8079 Acc: 0.7500 F1: 0.5417 | Train Meta: n/a | Val Meta: n/a
Validation Loss decreased (0.824889 --> 0.807898). Saving best model...
Epoch  40/50 | Train Loss: 0.6884 Acc: 0.8750 F1: 0.8770 | Val Loss: 0.7786 Acc: 0.8333 F1: 0.6667 | Train Meta: n/a | Val Meta: n/a
Validation Loss decreased (0.807898 --> 0.778559). Saving best model...
Epoch  41/50 | Train Loss: 0.6925 Acc: 0.8438 F1: 0.8422 | Val Loss: 0.7822 Acc: 0.8333 F1: 0.6667 | Train Meta: n/a | Val Meta: n/a
Epoch  42/50 | Train Loss: 0.6966 Acc: 0.8438 F1: 0.8452 | Val Loss: 0.7850 Acc: 0.7500 F1: 0.5417 | Train Meta: n/a | Val Meta: n/a
Epoch  43/50 | Train Loss: 0.6521 Acc: 0.8542 F1: 0.8570 | Val Loss: 0.7814 Acc: 0.7500 F1: 0.5417 | Train Meta: n/a | Val Meta: n/a
Epoch  44/50 | Train Loss: 0.6606 Acc: 0.8646 F1: 0.8661 | Val Loss: 0.7978 Acc: 0.8333 F1: 0.6667 | Train Meta: n/a | Val Meta: n/a
Epoch  45/50 | Train Loss: 0.6284 Acc: 0.8333 F1: 0.8331 | Val Loss: 0.7682 Acc: 0.8333 F1: 0.6667 | Train Meta: n/a | Val Meta: n/a
Validation Loss decreased (0.778559 --> 0.768244). Saving best model...
Epoch  46/50 | Train Loss: 0.6149 Acc: 0.8438 F1: 0.8435 | Val Loss: 0.7512 Acc: 0.7500 F1: 0.5417 | Train Meta: n/a | Val Meta: n/a
Validation Loss decreased (0.768244 --> 0.751249). Saving best model...
Epoch  47/50 | Train Loss: 0.6187 Acc: 0.8542 F1: 0.8518 | Val Loss: 0.7792 Acc: 0.8333 F1: 0.6667 | Train Meta: n/a | Val Meta: n/a
Epoch  48/50 | Train Loss: 0.6066 Acc: 0.8750 F1: 0.8790 | Val Loss: 0.7651 Acc: 0.8333 F1: 0.6667 | Train Meta: n/a | Val Meta: n/a
Epoch  49/50 | Train Loss: 0.6043 Acc: 0.8854 F1: 0.8898 | Val Loss: 0.7333 Acc: 0.8333 F1: 0.6667 | Train Meta: n/a | Val Meta: n/a
Validation Loss decreased (0.751249 --> 0.733291). Saving best model...
Epoch  50/50 | Train Loss: 0.5701 Acc: 0.8854 F1: 0.8838 | Val Loss: 0.7153 Acc: 0.8333 F1: 0.6667 | Train Meta: n/a | Val Meta: n/a
Validation Loss decreased (0.733291 --> 0.715294). Saving best model...

Classification Test Result (UWaveGestureLibrary)
Accuracy : 0.687500
F1 (macro): 0.685121
Saved attention maps for 3 sample(s) under ./runs/classification_electricity_to_UWaveGestureLibrary_laya_mixer_stats/attention_maps
/data/pjh_workspace/ts-env/lib/python3.8/site-packages/torch/nn/modules/transformer.py:307: UserWarning: enable_nested_tensor is True, but self.use_nested_tensor is False because encoder_layer.norm_first was True
  warnings.warn(f"enable_nested_tensor is True, but self.use_nested_tensor is False because {why_not_sparsity_fast_path}")
==================================================
🚀 Architecture: LAYA
📊 Target Dataset: ECG200 (Channels: 1)
📊 Pretrain Info: electricity
📊 Classes: 2 | Sequence Length: 96
==================================================
✅ Loaded pretrained encoder from ./checkpoints/electricity_laya_mixer_stats/laya_ts_electricity_s_best.pt
   - 101/101 keys matched.
✅ Encoder is FROZEN (Linear Probing mode).
📝 metadata: mode=stats, fusion=add, relation=none
ℹ️  Metadata Fusion Mode: add
ℹ️  Channel Mixer Relation Mode: none
ℹ️  Encoder Variant: default
ℹ️  Channel Adapter: disabled for Laya downstream (mixer)
ℹ️  Channel Relation Block: disabled
✅ ClassificationHead: [B, 256] → [B, 2]
Epoch   1/50 | Train Loss: 0.6242 Acc: 0.6500 F1: 0.3939 | Val Loss: 0.8177 Acc: 0.6000 F1: 0.3750 | Train Meta: n/a | Val Meta: n/a
Validation Loss decreased (inf --> 0.817679). Saving best model...
Epoch   2/50 | Train Loss: 0.5843 Acc: 0.6875 F1: 0.4074 | Val Loss: 0.7466 Acc: 0.6000 F1: 0.3750 | Train Meta: n/a | Val Meta: n/a
Validation Loss decreased (0.817679 --> 0.746607). Saving best model...
Epoch   3/50 | Train Loss: 0.5513 Acc: 0.7000 F1: 0.4118 | Val Loss: 0.7235 Acc: 0.6000 F1: 0.3750 | Train Meta: n/a | Val Meta: n/a
Validation Loss decreased (0.746607 --> 0.723476). Saving best model...
Epoch   4/50 | Train Loss: 0.5258 Acc: 0.7000 F1: 0.4118 | Val Loss: 0.7112 Acc: 0.6000 F1: 0.3750 | Train Meta: n/a | Val Meta: n/a
Validation Loss decreased (0.723476 --> 0.711154). Saving best model...
Epoch   5/50 | Train Loss: 0.5117 Acc: 0.7000 F1: 0.4489 | Val Loss: 0.7038 Acc: 0.6000 F1: 0.3750 | Train Meta: n/a | Val Meta: n/a
Validation Loss decreased (0.711154 --> 0.703818). Saving best model...
Epoch   6/50 | Train Loss: 0.4882 Acc: 0.7000 F1: 0.4489 | Val Loss: 0.6981 Acc: 0.6000 F1: 0.3750 | Train Meta: n/a | Val Meta: n/a
Validation Loss decreased (0.703818 --> 0.698066). Saving best model...
Epoch   7/50 | Train Loss: 0.4624 Acc: 0.7375 F1: 0.5322 | Val Loss: 0.6802 Acc: 0.6000 F1: 0.3750 | Train Meta: n/a | Val Meta: n/a
Validation Loss decreased (0.698066 --> 0.680207). Saving best model...
Epoch   8/50 | Train Loss: 0.4552 Acc: 0.7375 F1: 0.5799 | Val Loss: 0.6869 Acc: 0.6000 F1: 0.3750 | Train Meta: n/a | Val Meta: n/a
Epoch   9/50 | Train Loss: 0.4352 Acc: 0.7625 F1: 0.6199 | Val Loss: 0.6819 Acc: 0.6000 F1: 0.3750 | Train Meta: n/a | Val Meta: n/a
Epoch  10/50 | Train Loss: 0.4135 Acc: 0.7875 F1: 0.6599 | Val Loss: 0.6704 Acc: 0.6000 F1: 0.5238 | Train Meta: n/a | Val Meta: n/a
Validation Loss decreased (0.680207 --> 0.670393). Saving best model...
Epoch  11/50 | Train Loss: 0.4062 Acc: 0.7625 F1: 0.5999 | Val Loss: 0.6799 Acc: 0.7000 F1: 0.6000 | Train Meta: n/a | Val Meta: n/a
Epoch  12/50 | Train Loss: 0.4145 Acc: 0.7500 F1: 0.6094 | Val Loss: 0.6685 Acc: 0.6000 F1: 0.5238 | Train Meta: n/a | Val Meta: n/a
Validation Loss decreased (0.670393 --> 0.668484). Saving best model...
Epoch  13/50 | Train Loss: 0.4226 Acc: 0.7750 F1: 0.7179 | Val Loss: 0.6604 Acc: 0.5000 F1: 0.4505 | Train Meta: n/a | Val Meta: n/a
Validation Loss decreased (0.668484 --> 0.660389). Saving best model...
Epoch  14/50 | Train Loss: 0.3946 Acc: 0.8125 F1: 0.7457 | Val Loss: 0.6613 Acc: 0.5000 F1: 0.4505 | Train Meta: n/a | Val Meta: n/a
Epoch  15/50 | Train Loss: 0.3639 Acc: 0.8250 F1: 0.7386 | Val Loss: 0.6724 Acc: 0.6000 F1: 0.5238 | Train Meta: n/a | Val Meta: n/a
Epoch  16/50 | Train Loss: 0.3620 Acc: 0.8000 F1: 0.7012 | Val Loss: 0.6629 Acc: 0.6000 F1: 0.5238 | Train Meta: n/a | Val Meta: n/a
Epoch  17/50 | Train Loss: 0.3550 Acc: 0.8125 F1: 0.7363 | Val Loss: 0.6533 Acc: 0.5000 F1: 0.4505 | Train Meta: n/a | Val Meta: n/a
Validation Loss decreased (0.660389 --> 0.653288). Saving best model...
Epoch  18/50 | Train Loss: 0.3639 Acc: 0.8125 F1: 0.7457 | Val Loss: 0.6477 Acc: 0.5000 F1: 0.4505 | Train Meta: n/a | Val Meta: n/a
Validation Loss decreased (0.653288 --> 0.647745). Saving best model...
Epoch  19/50 | Train Loss: 0.3503 Acc: 0.8125 F1: 0.7363 | Val Loss: 0.6518 Acc: 0.6000 F1: 0.5238 | Train Meta: n/a | Val Meta: n/a
Epoch  20/50 | Train Loss: 0.3617 Acc: 0.7625 F1: 0.6779 | Val Loss: 0.6404 Acc: 0.6000 F1: 0.5833 | Train Meta: n/a | Val Meta: n/a
Validation Loss decreased (0.647745 --> 0.640351). Saving best model...
Epoch  21/50 | Train Loss: 0.3445 Acc: 0.8000 F1: 0.7417 | Val Loss: 0.6398 Acc: 0.5000 F1: 0.4505 | Train Meta: n/a | Val Meta: n/a
Validation Loss decreased (0.640351 --> 0.639805). Saving best model...
Epoch  22/50 | Train Loss: 0.3348 Acc: 0.8000 F1: 0.7333 | Val Loss: 0.6306 Acc: 0.6000 F1: 0.5833 | Train Meta: n/a | Val Meta: n/a
Validation Loss decreased (0.639805 --> 0.630561). Saving best model...
Epoch  23/50 | Train Loss: 0.3216 Acc: 0.8375 F1: 0.7933 | Val Loss: 0.6253 Acc: 0.6000 F1: 0.5833 | Train Meta: n/a | Val Meta: n/a
Validation Loss decreased (0.630561 --> 0.625266). Saving best model...
Epoch  24/50 | Train Loss: 0.3428 Acc: 0.7750 F1: 0.7094 | Val Loss: 0.6267 Acc: 0.6000 F1: 0.5238 | Train Meta: n/a | Val Meta: n/a
Epoch  25/50 | Train Loss: 0.3425 Acc: 0.7875 F1: 0.7118 | Val Loss: 0.6204 Acc: 0.6000 F1: 0.5833 | Train Meta: n/a | Val Meta: n/a
Validation Loss decreased (0.625266 --> 0.620414). Saving best model...
Epoch  26/50 | Train Loss: 0.3126 Acc: 0.8125 F1: 0.7615 | Val Loss: 0.6138 Acc: 0.6000 F1: 0.5833 | Train Meta: n/a | Val Meta: n/a
Validation Loss decreased (0.620414 --> 0.613809). Saving best model...
Epoch  27/50 | Train Loss: 0.3374 Acc: 0.8500 F1: 0.8214 | Val Loss: 0.6131 Acc: 0.6000 F1: 0.5833 | Train Meta: n/a | Val Meta: n/a
Validation Loss decreased (0.613809 --> 0.613148). Saving best model...
Epoch  28/50 | Train Loss: 0.3384 Acc: 0.8000 F1: 0.7619 | Val Loss: 0.6142 Acc: 0.7000 F1: 0.6703 | Train Meta: n/a | Val Meta: n/a
Epoch  29/50 | Train Loss: 0.3070 Acc: 0.8375 F1: 0.7796 | Val Loss: 0.6115 Acc: 0.7000 F1: 0.6703 | Train Meta: n/a | Val Meta: n/a
Validation Loss decreased (0.613148 --> 0.611494). Saving best model...
Epoch  30/50 | Train Loss: 0.3429 Acc: 0.7750 F1: 0.7094 | Val Loss: 0.5998 Acc: 0.6000 F1: 0.5833 | Train Meta: n/a | Val Meta: n/a
Validation Loss decreased (0.611494 --> 0.599768). Saving best model...
Epoch  31/50 | Train Loss: 0.3317 Acc: 0.8250 F1: 0.7806 | Val Loss: 0.5970 Acc: 0.6000 F1: 0.5833 | Train Meta: n/a | Val Meta: n/a
Validation Loss decreased (0.599768 --> 0.596974). Saving best model...
Epoch  32/50 | Train Loss: 0.3176 Acc: 0.8125 F1: 0.7540 | Val Loss: 0.6079 Acc: 0.7000 F1: 0.6703 | Train Meta: n/a | Val Meta: n/a
Epoch  33/50 | Train Loss: 0.3178 Acc: 0.8125 F1: 0.7540 | Val Loss: 0.6097 Acc: 0.7000 F1: 0.6703 | Train Meta: n/a | Val Meta: n/a
Epoch  34/50 | Train Loss: 0.3005 Acc: 0.8375 F1: 0.7868 | Val Loss: 0.6035 Acc: 0.6000 F1: 0.5833 | Train Meta: n/a | Val Meta: n/a
Epoch  35/50 | Train Loss: 0.2894 Acc: 0.8500 F1: 0.8063 | Val Loss: 0.6019 Acc: 0.6000 F1: 0.5833 | Train Meta: n/a | Val Meta: n/a
Epoch  36/50 | Train Loss: 0.3213 Acc: 0.8125 F1: 0.7681 | Val Loss: 0.6004 Acc: 0.6000 F1: 0.5833 | Train Meta: n/a | Val Meta: n/a
Epoch  37/50 | Train Loss: 0.2687 Acc: 0.8750 F1: 0.8433 | Val Loss: 0.6014 Acc: 0.6000 F1: 0.5833 | Train Meta: n/a | Val Meta: n/a
Epoch  38/50 | Train Loss: 0.2621 Acc: 0.8625 F1: 0.8135 | Val Loss: 0.6087 Acc: 0.5000 F1: 0.4505 | Train Meta: n/a | Val Meta: n/a
Epoch  39/50 | Train Loss: 0.2978 Acc: 0.8250 F1: 0.7667 | Val Loss: 0.6003 Acc: 0.6000 F1: 0.5833 | Train Meta: n/a | Val Meta: n/a
Epoch  40/50 | Train Loss: 0.3024 Acc: 0.8625 F1: 0.8196 | Val Loss: 0.5938 Acc: 0.6000 F1: 0.5833 | Train Meta: n/a | Val Meta: n/a
Validation Loss decreased (0.596974 --> 0.593796). Saving best model...
Epoch  41/50 | Train Loss: 0.2979 Acc: 0.8625 F1: 0.8300 | Val Loss: 0.5918 Acc: 0.6000 F1: 0.5833 | Train Meta: n/a | Val Meta: n/a
Validation Loss decreased (0.593796 --> 0.591794). Saving best model...
Epoch  42/50 | Train Loss: 0.3079 Acc: 0.8500 F1: 0.8169 | Val Loss: 0.5936 Acc: 0.6000 F1: 0.5833 | Train Meta: n/a | Val Meta: n/a
Epoch  43/50 | Train Loss: 0.3157 Acc: 0.8125 F1: 0.7540 | Val Loss: 0.5994 Acc: 0.6000 F1: 0.5238 | Train Meta: n/a | Val Meta: n/a
Epoch  44/50 | Train Loss: 0.2810 Acc: 0.8625 F1: 0.8196 | Val Loss: 0.5912 Acc: 0.5000 F1: 0.4505 | Train Meta: n/a | Val Meta: n/a
Validation Loss decreased (0.591794 --> 0.591201). Saving best model...
Epoch  45/50 | Train Loss: 0.3000 Acc: 0.8375 F1: 0.7933 | Val Loss: 0.5891 Acc: 0.5000 F1: 0.4505 | Train Meta: n/a | Val Meta: n/a
Validation Loss decreased (0.591201 --> 0.589076). Saving best model...
Epoch  46/50 | Train Loss: 0.2816 Acc: 0.8875 F1: 0.8609 | Val Loss: 0.5847 Acc: 0.6000 F1: 0.5833 | Train Meta: n/a | Val Meta: n/a
Validation Loss decreased (0.589076 --> 0.584715). Saving best model...
Epoch  47/50 | Train Loss: 0.2781 Acc: 0.8875 F1: 0.8676 | Val Loss: 0.5821 Acc: 0.6000 F1: 0.5833 | Train Meta: n/a | Val Meta: n/a
Validation Loss decreased (0.584715 --> 0.582137). Saving best model...
Epoch  48/50 | Train Loss: 0.2773 Acc: 0.8875 F1: 0.8644 | Val Loss: 0.5783 Acc: 0.6000 F1: 0.5833 | Train Meta: n/a | Val Meta: n/a
Validation Loss decreased (0.582137 --> 0.578291). Saving best model...
Epoch  49/50 | Train Loss: 0.2779 Acc: 0.8875 F1: 0.8609 | Val Loss: 0.5729 Acc: 0.6000 F1: 0.5833 | Train Meta: n/a | Val Meta: n/a
Validation Loss decreased (0.578291 --> 0.572937). Saving best model...
Epoch  50/50 | Train Loss: 0.2681 Acc: 0.9000 F1: 0.8746 | Val Loss: 0.5772 Acc: 0.6000 F1: 0.5833 | Train Meta: n/a | Val Meta: n/a

Classification Test Result (ECG200)
Accuracy : 0.730000
F1 (macro): 0.681566
Saved attention maps for 3 sample(s) under ./runs/classification_electricity_to_ECG200_laya_mixer_stats/attention_maps
/data/pjh_workspace/ts-env/lib/python3.8/site-packages/torch/nn/modules/transformer.py:307: UserWarning: enable_nested_tensor is True, but self.use_nested_tensor is False because encoder_layer.norm_first was True
  warnings.warn(f"enable_nested_tensor is True, but self.use_nested_tensor is False because {why_not_sparsity_fast_path}")
==================================================
🚀 Architecture: LAYA
📊 Target Dataset: ECG5000 (Channels: 1)
📊 Pretrain Info: electricity
📊 Classes: 5 | Sequence Length: 140
==================================================
✅ Loaded pretrained encoder from ./checkpoints/electricity_laya_mixer_stats/laya_ts_electricity_s_best.pt
   - 101/101 keys matched.
✅ Encoder is FROZEN (Linear Probing mode).
📝 metadata: mode=stats, fusion=add, relation=none
ℹ️  Metadata Fusion Mode: add
ℹ️  Channel Mixer Relation Mode: none
ℹ️  Encoder Variant: default
ℹ️  Channel Adapter: disabled for Laya downstream (mixer)
ℹ️  Channel Relation Block: disabled
✅ ClassificationHead: [B, 256] → [B, 5]
Epoch   1/50 | Train Loss: 1.0143 Acc: 0.5558 F1: 0.2116 | Val Loss: 0.7529 Acc: 0.6800 F1: 0.4612 | Train Meta: n/a | Val Meta: n/a
Validation Loss decreased (inf --> 0.752854). Saving best model...
Epoch   2/50 | Train Loss: 0.7565 Acc: 0.7612 F1: 0.3055 | Val Loss: 0.6062 Acc: 0.8800 F1: 0.5880 | Train Meta: n/a | Val Meta: n/a
Validation Loss decreased (0.752854 --> 0.606219). Saving best model...
Epoch   3/50 | Train Loss: 0.6565 Acc: 0.8192 F1: 0.3308 | Val Loss: 0.5663 Acc: 0.9200 F1: 0.6210 | Train Meta: n/a | Val Meta: n/a
Validation Loss decreased (0.606219 --> 0.566254). Saving best model...
Epoch   4/50 | Train Loss: 0.6050 Acc: 0.8259 F1: 0.3349 | Val Loss: 0.5227 Acc: 0.9200 F1: 0.6210 | Train Meta: n/a | Val Meta: n/a
Validation Loss decreased (0.566254 --> 0.522682). Saving best model...
Epoch   5/50 | Train Loss: 0.5619 Acc: 0.8527 F1: 0.3472 | Val Loss: 0.4669 Acc: 0.8800 F1: 0.5880 | Train Meta: n/a | Val Meta: n/a
Validation Loss decreased (0.522682 --> 0.466930). Saving best model...
Epoch   6/50 | Train Loss: 0.5355 Acc: 0.8504 F1: 0.3466 | Val Loss: 0.4517 Acc: 0.9400 F1: 0.6366 | Train Meta: n/a | Val Meta: n/a
Validation Loss decreased (0.466930 --> 0.451669). Saving best model...
Epoch   7/50 | Train Loss: 0.5147 Acc: 0.8571 F1: 0.3497 | Val Loss: 0.4337 Acc: 0.9200 F1: 0.6210 | Train Meta: n/a | Val Meta: n/a
Validation Loss decreased (0.451669 --> 0.433685). Saving best model...
Epoch   8/50 | Train Loss: 0.4988 Acc: 0.8549 F1: 0.3492 | Val Loss: 0.4166 Acc: 0.9400 F1: 0.6366 | Train Meta: n/a | Val Meta: n/a
Validation Loss decreased (0.433685 --> 0.416648). Saving best model...
Epoch   9/50 | Train Loss: 0.4817 Acc: 0.8594 F1: 0.3507 | Val Loss: 0.4260 Acc: 0.9400 F1: 0.6366 | Train Meta: n/a | Val Meta: n/a
Epoch  10/50 | Train Loss: 0.4725 Acc: 0.8661 F1: 0.3543 | Val Loss: 0.4004 Acc: 0.9200 F1: 0.6210 | Train Meta: n/a | Val Meta: n/a
Validation Loss decreased (0.416648 --> 0.400362). Saving best model...
Epoch  11/50 | Train Loss: 0.4606 Acc: 0.8705 F1: 0.3559 | Val Loss: 0.4165 Acc: 0.9200 F1: 0.6222 | Train Meta: n/a | Val Meta: n/a
Epoch  12/50 | Train Loss: 0.4511 Acc: 0.8705 F1: 0.3565 | Val Loss: 0.3964 Acc: 0.9400 F1: 0.6366 | Train Meta: n/a | Val Meta: n/a
Validation Loss decreased (0.400362 --> 0.396361). Saving best model...
Epoch  13/50 | Train Loss: 0.4422 Acc: 0.8683 F1: 0.3552 | Val Loss: 0.3896 Acc: 0.9400 F1: 0.6366 | Train Meta: n/a | Val Meta: n/a
Validation Loss decreased (0.396361 --> 0.389590). Saving best model...
Epoch  14/50 | Train Loss: 0.4411 Acc: 0.8728 F1: 0.3570 | Val Loss: 0.3924 Acc: 0.9400 F1: 0.6366 | Train Meta: n/a | Val Meta: n/a
Epoch  15/50 | Train Loss: 0.4354 Acc: 0.8817 F1: 0.3613 | Val Loss: 0.3964 Acc: 0.9400 F1: 0.6366 | Train Meta: n/a | Val Meta: n/a
Epoch  16/50 | Train Loss: 0.4232 Acc: 0.8772 F1: 0.3592 | Val Loss: 0.3881 Acc: 0.9200 F1: 0.6222 | Train Meta: n/a | Val Meta: n/a
Validation Loss decreased (0.389590 --> 0.388066). Saving best model...
Epoch  17/50 | Train Loss: 0.4210 Acc: 0.8772 F1: 0.3593 | Val Loss: 0.3967 Acc: 0.9200 F1: 0.6222 | Train Meta: n/a | Val Meta: n/a
Epoch  18/50 | Train Loss: 0.4106 Acc: 0.8817 F1: 0.3612 | Val Loss: 0.3752 Acc: 0.9400 F1: 0.6366 | Train Meta: n/a | Val Meta: n/a
Validation Loss decreased (0.388066 --> 0.375204). Saving best model...
Epoch  19/50 | Train Loss: 0.4095 Acc: 0.8772 F1: 0.3593 | Val Loss: 0.3956 Acc: 0.9200 F1: 0.6222 | Train Meta: n/a | Val Meta: n/a
Epoch  20/50 | Train Loss: 0.4026 Acc: 0.8839 F1: 0.3622 | Val Loss: 0.3897 Acc: 0.9200 F1: 0.6222 | Train Meta: n/a | Val Meta: n/a
Epoch  21/50 | Train Loss: 0.3992 Acc: 0.8839 F1: 0.3622 | Val Loss: 0.3913 Acc: 0.9400 F1: 0.6366 | Train Meta: n/a | Val Meta: n/a
Epoch  22/50 | Train Loss: 0.4012 Acc: 0.8862 F1: 0.3632 | Val Loss: 0.3659 Acc: 0.9400 F1: 0.6366 | Train Meta: n/a | Val Meta: n/a
Validation Loss decreased (0.375204 --> 0.365925). Saving best model...
Epoch  23/50 | Train Loss: 0.3916 Acc: 0.8795 F1: 0.3601 | Val Loss: 0.3648 Acc: 0.9400 F1: 0.6366 | Train Meta: n/a | Val Meta: n/a
Validation Loss decreased (0.365925 --> 0.364776). Saving best model...
Epoch  24/50 | Train Loss: 0.3814 Acc: 0.8862 F1: 0.3631 | Val Loss: 0.3738 Acc: 0.9200 F1: 0.6222 | Train Meta: n/a | Val Meta: n/a
Epoch  25/50 | Train Loss: 0.3826 Acc: 0.8817 F1: 0.3613 | Val Loss: 0.3790 Acc: 0.9400 F1: 0.6366 | Train Meta: n/a | Val Meta: n/a
Epoch  26/50 | Train Loss: 0.3896 Acc: 0.8884 F1: 0.3640 | Val Loss: 0.3778 Acc: 0.9400 F1: 0.6366 | Train Meta: n/a | Val Meta: n/a
Epoch  27/50 | Train Loss: 0.3712 Acc: 0.8862 F1: 0.3632 | Val Loss: 0.3850 Acc: 0.9200 F1: 0.6222 | Train Meta: n/a | Val Meta: n/a
Epoch  28/50 | Train Loss: 0.3817 Acc: 0.8817 F1: 0.3828 | Val Loss: 0.4021 Acc: 0.9200 F1: 0.6222 | Train Meta: n/a | Val Meta: n/a
Epoch  29/50 | Train Loss: 0.3669 Acc: 0.8839 F1: 0.3625 | Val Loss: 0.3550 Acc: 0.9400 F1: 0.6366 | Train Meta: n/a | Val Meta: n/a
Validation Loss decreased (0.364776 --> 0.354962). Saving best model...
Epoch  30/50 | Train Loss: 0.3683 Acc: 0.8951 F1: 0.3671 | Val Loss: 0.3792 Acc: 0.9200 F1: 0.6222 | Train Meta: n/a | Val Meta: n/a
Epoch  31/50 | Train Loss: 0.3601 Acc: 0.8839 F1: 0.3619 | Val Loss: 0.3599 Acc: 0.9400 F1: 0.6366 | Train Meta: n/a | Val Meta: n/a
Epoch  32/50 | Train Loss: 0.3629 Acc: 0.8951 F1: 0.3880 | Val Loss: 0.3839 Acc: 0.9200 F1: 0.6222 | Train Meta: n/a | Val Meta: n/a
Epoch  33/50 | Train Loss: 0.3602 Acc: 0.8929 F1: 0.3871 | Val Loss: 0.3527 Acc: 0.9400 F1: 0.6366 | Train Meta: n/a | Val Meta: n/a
Validation Loss decreased (0.354962 --> 0.352691). Saving best model...
Epoch  34/50 | Train Loss: 0.3550 Acc: 0.8839 F1: 0.3625 | Val Loss: 0.3613 Acc: 0.9400 F1: 0.6366 | Train Meta: n/a | Val Meta: n/a
Epoch  35/50 | Train Loss: 0.3513 Acc: 0.8884 F1: 0.3851 | Val Loss: 0.3673 Acc: 0.9400 F1: 0.6366 | Train Meta: n/a | Val Meta: n/a
Epoch  36/50 | Train Loss: 0.3464 Acc: 0.8951 F1: 0.3670 | Val Loss: 0.3619 Acc: 0.9400 F1: 0.6366 | Train Meta: n/a | Val Meta: n/a
Epoch  37/50 | Train Loss: 0.3431 Acc: 0.8906 F1: 0.3654 | Val Loss: 0.3798 Acc: 0.9200 F1: 0.6222 | Train Meta: n/a | Val Meta: n/a
Epoch  38/50 | Train Loss: 0.3401 Acc: 0.8884 F1: 0.3856 | Val Loss: 0.3737 Acc: 0.9200 F1: 0.6222 | Train Meta: n/a | Val Meta: n/a
Epoch  39/50 | Train Loss: 0.3424 Acc: 0.8951 F1: 0.3888 | Val Loss: 0.3501 Acc: 0.9400 F1: 0.6366 | Train Meta: n/a | Val Meta: n/a
Validation Loss decreased (0.352691 --> 0.350050). Saving best model...
Epoch  40/50 | Train Loss: 0.3393 Acc: 0.8929 F1: 0.3876 | Val Loss: 0.3482 Acc: 0.9400 F1: 0.6366 | Train Meta: n/a | Val Meta: n/a
Validation Loss decreased (0.350050 --> 0.348160). Saving best model...
Epoch  41/50 | Train Loss: 0.3281 Acc: 0.8951 F1: 0.3891 | Val Loss: 0.3530 Acc: 0.9400 F1: 0.6366 | Train Meta: n/a | Val Meta: n/a
Epoch  42/50 | Train Loss: 0.3394 Acc: 0.8996 F1: 0.4084 | Val Loss: 0.3513 Acc: 0.9400 F1: 0.6366 | Train Meta: n/a | Val Meta: n/a
Epoch  43/50 | Train Loss: 0.3317 Acc: 0.8929 F1: 0.3661 | Val Loss: 0.3648 Acc: 0.9400 F1: 0.6366 | Train Meta: n/a | Val Meta: n/a
Epoch  44/50 | Train Loss: 0.3219 Acc: 0.8951 F1: 0.4050 | Val Loss: 0.3880 Acc: 0.9200 F1: 0.6222 | Train Meta: n/a | Val Meta: n/a
Epoch  45/50 | Train Loss: 0.3236 Acc: 0.8996 F1: 0.4085 | Val Loss: 0.3638 Acc: 0.9400 F1: 0.6366 | Train Meta: n/a | Val Meta: n/a
Epoch  46/50 | Train Loss: 0.3212 Acc: 0.8973 F1: 0.3681 | Val Loss: 0.3786 Acc: 0.9200 F1: 0.6222 | Train Meta: n/a | Val Meta: n/a
Epoch  47/50 | Train Loss: 0.3208 Acc: 0.8996 F1: 0.4262 | Val Loss: 0.3551 Acc: 0.9400 F1: 0.6366 | Train Meta: n/a | Val Meta: n/a
Epoch  48/50 | Train Loss: 0.3187 Acc: 0.8951 F1: 0.4039 | Val Loss: 0.3508 Acc: 0.9400 F1: 0.6366 | Train Meta: n/a | Val Meta: n/a
Epoch  49/50 | Train Loss: 0.3139 Acc: 0.8973 F1: 0.3896 | Val Loss: 0.3561 Acc: 0.9400 F1: 0.6366 | Train Meta: n/a | Val Meta: n/a
Epoch  50/50 | Train Loss: 0.3132 Acc: 0.9040 F1: 0.4090 | Val Loss: 0.3568 Acc: 0.9400 F1: 0.6366 | Train Meta: n/a | Val Meta: n/a

Classification Test Result (ECG5000)
Accuracy : 0.899556
F1 (macro): 0.414510
Saved attention maps for 3 sample(s) under ./runs/classification_electricity_to_ECG5000_laya_mixer_stats/attention_maps
/data/pjh_workspace/ts-env/lib/python3.8/site-packages/torch/nn/modules/transformer.py:307: UserWarning: enable_nested_tensor is True, but self.use_nested_tensor is False because encoder_layer.norm_first was True
  warnings.warn(f"enable_nested_tensor is True, but self.use_nested_tensor is False because {why_not_sparsity_fast_path}")
==================================================
🚀 Architecture: LAYA
📊 Target Dataset: FordA (Channels: 1)
📊 Pretrain Info: electricity
📊 Classes: 2 | Sequence Length: 500
==================================================
✅ Loaded pretrained encoder from ./checkpoints/electricity_laya_mixer_stats/laya_ts_electricity_s_best.pt
   - 101/101 keys matched.
✅ Encoder is FROZEN (Linear Probing mode).
📝 metadata: mode=stats, fusion=add, relation=none
ℹ️  Metadata Fusion Mode: add
ℹ️  Channel Mixer Relation Mode: none
ℹ️  Encoder Variant: default
ℹ️  Channel Adapter: disabled for Laya downstream (mixer)
ℹ️  Channel Relation Block: disabled
✅ ClassificationHead: [B, 256] → [B, 2]
Epoch   1/50 | Train Loss: 0.7018 Acc: 0.5173 F1: 0.5141 | Val Loss: 0.6812 Acc: 0.5333 F1: 0.4529 | Train Meta: n/a | Val Meta: n/a
Validation Loss decreased (inf --> 0.681197). Saving best model...
Epoch   2/50 | Train Loss: 0.6872 Acc: 0.5483 F1: 0.5472 | Val Loss: 0.7036 Acc: 0.5083 F1: 0.3735 | Train Meta: n/a | Val Meta: n/a
Epoch   3/50 | Train Loss: 0.6777 Acc: 0.5718 F1: 0.5700 | Val Loss: 0.6542 Acc: 0.6667 F1: 0.6606 | Train Meta: n/a | Val Meta: n/a
Validation Loss decreased (0.681197 --> 0.654162). Saving best model...
Epoch   4/50 | Train Loss: 0.6665 Acc: 0.5919 F1: 0.5903 | Val Loss: 0.6464 Acc: 0.6556 F1: 0.6525 | Train Meta: n/a | Val Meta: n/a
Validation Loss decreased (0.654162 --> 0.646392). Saving best model...
Epoch   5/50 | Train Loss: 0.6546 Acc: 0.6157 F1: 0.6142 | Val Loss: 0.6427 Acc: 0.6472 F1: 0.6462 | Train Meta: n/a | Val Meta: n/a
Validation Loss decreased (0.646392 --> 0.642704). Saving best model...
Epoch   6/50 | Train Loss: 0.6504 Acc: 0.6284 F1: 0.6270 | Val Loss: 0.6413 Acc: 0.6167 F1: 0.6103 | Train Meta: n/a | Val Meta: n/a
Validation Loss decreased (0.642704 --> 0.641271). Saving best model...
Epoch   7/50 | Train Loss: 0.6471 Acc: 0.6296 F1: 0.6287 | Val Loss: 0.6386 Acc: 0.6861 F1: 0.6676 | Train Meta: n/a | Val Meta: n/a
Validation Loss decreased (0.641271 --> 0.638628). Saving best model...
Epoch   8/50 | Train Loss: 0.6431 Acc: 0.6293 F1: 0.6284 | Val Loss: 0.6507 Acc: 0.5611 F1: 0.5194 | Train Meta: n/a | Val Meta: n/a
Epoch   9/50 | Train Loss: 0.6446 Acc: 0.6176 F1: 0.6173 | Val Loss: 0.6251 Acc: 0.6806 F1: 0.6778 | Train Meta: n/a | Val Meta: n/a
Validation Loss decreased (0.638628 --> 0.625117). Saving best model...
Epoch  10/50 | Train Loss: 0.6359 Acc: 0.6442 F1: 0.6439 | Val Loss: 0.6276 Acc: 0.6194 F1: 0.6103 | Train Meta: n/a | Val Meta: n/a
Epoch  11/50 | Train Loss: 0.6317 Acc: 0.6426 F1: 0.6419 | Val Loss: 0.6203 Acc: 0.6778 F1: 0.6733 | Train Meta: n/a | Val Meta: n/a
Validation Loss decreased (0.625117 --> 0.620348). Saving best model...
Epoch  12/50 | Train Loss: 0.6289 Acc: 0.6451 F1: 0.6449 | Val Loss: 0.6161 Acc: 0.6750 F1: 0.6726 | Train Meta: n/a | Val Meta: n/a
Validation Loss decreased (0.620348 --> 0.616105). Saving best model...
Epoch  13/50 | Train Loss: 0.6290 Acc: 0.6451 F1: 0.6442 | Val Loss: 0.6189 Acc: 0.6250 F1: 0.6196 | Train Meta: n/a | Val Meta: n/a
Epoch  14/50 | Train Loss: 0.6210 Acc: 0.6578 F1: 0.6576 | Val Loss: 0.6220 Acc: 0.6917 F1: 0.6696 | Train Meta: n/a | Val Meta: n/a
Epoch  15/50 | Train Loss: 0.6212 Acc: 0.6519 F1: 0.6515 | Val Loss: 0.6126 Acc: 0.6361 F1: 0.6326 | Train Meta: n/a | Val Meta: n/a
Validation Loss decreased (0.616105 --> 0.612600). Saving best model...
Epoch  16/50 | Train Loss: 0.6217 Acc: 0.6405 F1: 0.6400 | Val Loss: 0.6077 Acc: 0.6583 F1: 0.6577 | Train Meta: n/a | Val Meta: n/a
Validation Loss decreased (0.612600 --> 0.607721). Saving best model...
Epoch  17/50 | Train Loss: 0.6150 Acc: 0.6680 F1: 0.6678 | Val Loss: 0.6052 Acc: 0.6889 F1: 0.6857 | Train Meta: n/a | Val Meta: n/a
Validation Loss decreased (0.607721 --> 0.605239). Saving best model...
Epoch  18/50 | Train Loss: 0.6147 Acc: 0.6562 F1: 0.6560 | Val Loss: 0.6264 Acc: 0.6583 F1: 0.6210 | Train Meta: n/a | Val Meta: n/a
Epoch  19/50 | Train Loss: 0.6114 Acc: 0.6513 F1: 0.6509 | Val Loss: 0.6354 Acc: 0.5806 F1: 0.5365 | Train Meta: n/a | Val Meta: n/a
Epoch  20/50 | Train Loss: 0.6110 Acc: 0.6519 F1: 0.6518 | Val Loss: 0.6058 Acc: 0.6944 F1: 0.6817 | Train Meta: n/a | Val Meta: n/a
Epoch  21/50 | Train Loss: 0.6102 Acc: 0.6575 F1: 0.6573 | Val Loss: 0.5966 Acc: 0.6806 F1: 0.6801 | Train Meta: n/a | Val Meta: n/a
Validation Loss decreased (0.605239 --> 0.596642). Saving best model...
Epoch  22/50 | Train Loss: 0.6062 Acc: 0.6581 F1: 0.6577 | Val Loss: 0.6287 Acc: 0.6028 F1: 0.5688 | Train Meta: n/a | Val Meta: n/a
Epoch  23/50 | Train Loss: 0.6080 Acc: 0.6612 F1: 0.6610 | Val Loss: 0.6234 Acc: 0.6083 F1: 0.5777 | Train Meta: n/a | Val Meta: n/a
Epoch  24/50 | Train Loss: 0.6081 Acc: 0.6587 F1: 0.6586 | Val Loss: 0.5948 Acc: 0.6528 F1: 0.6514 | Train Meta: n/a | Val Meta: n/a
Validation Loss decreased (0.596642 --> 0.594768). Saving best model...
Epoch  25/50 | Train Loss: 0.6000 Acc: 0.6680 F1: 0.6679 | Val Loss: 0.6011 Acc: 0.6361 F1: 0.6261 | Train Meta: n/a | Val Meta: n/a
Epoch  26/50 | Train Loss: 0.6028 Acc: 0.6634 F1: 0.6632 | Val Loss: 0.5912 Acc: 0.6944 F1: 0.6920 | Train Meta: n/a | Val Meta: n/a
Validation Loss decreased (0.594768 --> 0.591174). Saving best model...
Epoch  27/50 | Train Loss: 0.6003 Acc: 0.6668 F1: 0.6665 | Val Loss: 0.5999 Acc: 0.6333 F1: 0.6229 | Train Meta: n/a | Val Meta: n/a
Epoch  28/50 | Train Loss: 0.5986 Acc: 0.6692 F1: 0.6692 | Val Loss: 0.5926 Acc: 0.7000 F1: 0.6914 | Train Meta: n/a | Val Meta: n/a
Epoch  29/50 | Train Loss: 0.6051 Acc: 0.6634 F1: 0.6632 | Val Loss: 0.5873 Acc: 0.6778 F1: 0.6775 | Train Meta: n/a | Val Meta: n/a
Validation Loss decreased (0.591174 --> 0.587256). Saving best model...
Epoch  30/50 | Train Loss: 0.5933 Acc: 0.6825 F1: 0.6824 | Val Loss: 0.5880 Acc: 0.7000 F1: 0.6946 | Train Meta: n/a | Val Meta: n/a
Epoch  31/50 | Train Loss: 0.5945 Acc: 0.6680 F1: 0.6679 | Val Loss: 0.5858 Acc: 0.7028 F1: 0.6992 | Train Meta: n/a | Val Meta: n/a
Validation Loss decreased (0.587256 --> 0.585838). Saving best model...
Epoch  32/50 | Train Loss: 0.5927 Acc: 0.6736 F1: 0.6734 | Val Loss: 0.5926 Acc: 0.6444 F1: 0.6356 | Train Meta: n/a | Val Meta: n/a
Epoch  33/50 | Train Loss: 0.5974 Acc: 0.6587 F1: 0.6587 | Val Loss: 0.5826 Acc: 0.7000 F1: 0.6995 | Train Meta: n/a | Val Meta: n/a
Validation Loss decreased (0.585838 --> 0.582591). Saving best model...
Epoch  34/50 | Train Loss: 0.5948 Acc: 0.6649 F1: 0.6645 | Val Loss: 0.6001 Acc: 0.6389 F1: 0.6255 | Train Meta: n/a | Val Meta: n/a
Epoch  35/50 | Train Loss: 0.5887 Acc: 0.6764 F1: 0.6762 | Val Loss: 0.6081 Acc: 0.6722 F1: 0.6411 | Train Meta: n/a | Val Meta: n/a
Epoch  36/50 | Train Loss: 0.5897 Acc: 0.6745 F1: 0.6744 | Val Loss: 0.5947 Acc: 0.6389 F1: 0.6279 | Train Meta: n/a | Val Meta: n/a
Epoch  37/50 | Train Loss: 0.5897 Acc: 0.6674 F1: 0.6673 | Val Loss: 0.5799 Acc: 0.6722 F1: 0.6710 | Train Meta: n/a | Val Meta: n/a
Validation Loss decreased (0.582591 --> 0.579902). Saving best model...
Epoch  38/50 | Train Loss: 0.5892 Acc: 0.6748 F1: 0.6746 | Val Loss: 0.5971 Acc: 0.6833 F1: 0.6622 | Train Meta: n/a | Val Meta: n/a
Epoch  39/50 | Train Loss: 0.5867 Acc: 0.6686 F1: 0.6683 | Val Loss: 0.5783 Acc: 0.7000 F1: 0.6984 | Train Meta: n/a | Val Meta: n/a
Validation Loss decreased (0.579902 --> 0.578336). Saving best model...
Epoch  40/50 | Train Loss: 0.5863 Acc: 0.6804 F1: 0.6803 | Val Loss: 0.5781 Acc: 0.6778 F1: 0.6758 | Train Meta: n/a | Val Meta: n/a
Validation Loss decreased (0.578336 --> 0.578087). Saving best model...
Epoch  41/50 | Train Loss: 0.5869 Acc: 0.6822 F1: 0.6822 | Val Loss: 0.5819 Acc: 0.7056 F1: 0.6971 | Train Meta: n/a | Val Meta: n/a
Epoch  42/50 | Train Loss: 0.5889 Acc: 0.6696 F1: 0.6692 | Val Loss: 0.6177 Acc: 0.6528 F1: 0.6148 | Train Meta: n/a | Val Meta: n/a
Epoch  43/50 | Train Loss: 0.5878 Acc: 0.6717 F1: 0.6715 | Val Loss: 0.5760 Acc: 0.6806 F1: 0.6797 | Train Meta: n/a | Val Meta: n/a
Validation Loss decreased (0.578087 --> 0.575953). Saving best model...
Epoch  44/50 | Train Loss: 0.5829 Acc: 0.6764 F1: 0.6762 | Val Loss: 0.6573 Acc: 0.6028 F1: 0.5259 | Train Meta: n/a | Val Meta: n/a
Epoch  45/50 | Train Loss: 0.5890 Acc: 0.6770 F1: 0.6768 | Val Loss: 0.5812 Acc: 0.6583 F1: 0.6508 | Train Meta: n/a | Val Meta: n/a
Epoch  46/50 | Train Loss: 0.5852 Acc: 0.6742 F1: 0.6742 | Val Loss: 0.5754 Acc: 0.7028 F1: 0.6989 | Train Meta: n/a | Val Meta: n/a
Validation Loss decreased (0.575953 --> 0.575360). Saving best model...
Epoch  47/50 | Train Loss: 0.5798 Acc: 0.6791 F1: 0.6790 | Val Loss: 0.5958 Acc: 0.6806 F1: 0.6577 | Train Meta: n/a | Val Meta: n/a
Epoch  48/50 | Train Loss: 0.5827 Acc: 0.6730 F1: 0.6728 | Val Loss: 0.5711 Acc: 0.7111 F1: 0.7098 | Train Meta: n/a | Val Meta: n/a
Validation Loss decreased (0.575360 --> 0.571106). Saving best model...
Epoch  49/50 | Train Loss: 0.5764 Acc: 0.6844 F1: 0.6843 | Val Loss: 0.5783 Acc: 0.6833 F1: 0.6730 | Train Meta: n/a | Val Meta: n/a
Epoch  50/50 | Train Loss: 0.5782 Acc: 0.6856 F1: 0.6855 | Val Loss: 0.5736 Acc: 0.6694 F1: 0.6651 | Train Meta: n/a | Val Meta: n/a

Classification Test Result (FordA)
Accuracy : 0.695455
F1 (macro): 0.694156
Saved attention maps for 3 sample(s) under ./runs/classification_electricity_to_FordA_laya_mixer_stats/attention_maps
/data/pjh_workspace/ts-env/lib/python3.8/site-packages/torch/nn/modules/transformer.py:307: UserWarning: enable_nested_tensor is True, but self.use_nested_tensor is False because encoder_layer.norm_first was True
  warnings.warn(f"enable_nested_tensor is True, but self.use_nested_tensor is False because {why_not_sparsity_fast_path}")
==================================================
🚀 Architecture: LAYA
📊 Target Dataset: FordB (Channels: 1)
📊 Pretrain Info: electricity
📊 Classes: 2 | Sequence Length: 500
==================================================
✅ Loaded pretrained encoder from ./checkpoints/electricity_laya_mixer_stats/laya_ts_electricity_s_best.pt
   - 101/101 keys matched.
✅ Encoder is FROZEN (Linear Probing mode).
📝 metadata: mode=stats, fusion=add, relation=none
ℹ️  Metadata Fusion Mode: add
ℹ️  Channel Mixer Relation Mode: none
ℹ️  Encoder Variant: default
ℹ️  Channel Adapter: disabled for Laya downstream (mixer)
ℹ️  Channel Relation Block: disabled
✅ ClassificationHead: [B, 256] → [B, 2]
Epoch   1/50 | Train Loss: 0.6813 Acc: 0.5729 F1: 0.5701 | Val Loss: 0.6695 Acc: 0.5702 F1: 0.5652 | Train Meta: n/a | Val Meta: n/a
Validation Loss decreased (inf --> 0.669540). Saving best model...
Epoch   2/50 | Train Loss: 0.6602 Acc: 0.6069 F1: 0.6062 | Val Loss: 0.6653 Acc: 0.5978 F1: 0.5756 | Train Meta: n/a | Val Meta: n/a
Validation Loss decreased (0.669540 --> 0.665335). Saving best model...
Epoch   3/50 | Train Loss: 0.6450 Acc: 0.6265 F1: 0.6254 | Val Loss: 0.6462 Acc: 0.6391 F1: 0.6370 | Train Meta: n/a | Val Meta: n/a
Validation Loss decreased (0.665335 --> 0.646157). Saving best model...
Epoch   4/50 | Train Loss: 0.6377 Acc: 0.6278 F1: 0.6271 | Val Loss: 0.6446 Acc: 0.6226 F1: 0.6062 | Train Meta: n/a | Val Meta: n/a
Validation Loss decreased (0.646157 --> 0.644627). Saving best model...
Epoch   5/50 | Train Loss: 0.6345 Acc: 0.6348 F1: 0.6342 | Val Loss: 0.6327 Acc: 0.6198 F1: 0.6198 | Train Meta: n/a | Val Meta: n/a
Validation Loss decreased (0.644627 --> 0.632652). Saving best model...
Epoch   6/50 | Train Loss: 0.6276 Acc: 0.6480 F1: 0.6473 | Val Loss: 0.6257 Acc: 0.6419 F1: 0.6411 | Train Meta: n/a | Val Meta: n/a
Validation Loss decreased (0.632652 --> 0.625686). Saving best model...
Epoch   7/50 | Train Loss: 0.6144 Acc: 0.6651 F1: 0.6646 | Val Loss: 0.6287 Acc: 0.6501 F1: 0.6366 | Train Meta: n/a | Val Meta: n/a
Epoch   8/50 | Train Loss: 0.6101 Acc: 0.6685 F1: 0.6678 | Val Loss: 0.6162 Acc: 0.6556 F1: 0.6546 | Train Meta: n/a | Val Meta: n/a
Validation Loss decreased (0.625686 --> 0.616200). Saving best model...
Epoch   9/50 | Train Loss: 0.6069 Acc: 0.6777 F1: 0.6776 | Val Loss: 0.6289 Acc: 0.6336 F1: 0.6177 | Train Meta: n/a | Val Meta: n/a
Epoch  10/50 | Train Loss: 0.6067 Acc: 0.6737 F1: 0.6733 | Val Loss: 0.6255 Acc: 0.6501 F1: 0.6283 | Train Meta: n/a | Val Meta: n/a
Epoch  11/50 | Train Loss: 0.5985 Acc: 0.6832 F1: 0.6830 | Val Loss: 0.6102 Acc: 0.6722 F1: 0.6623 | Train Meta: n/a | Val Meta: n/a
Validation Loss decreased (0.616200 --> 0.610243). Saving best model...
Epoch  12/50 | Train Loss: 0.5969 Acc: 0.6820 F1: 0.6816 | Val Loss: 0.6417 Acc: 0.6061 F1: 0.5708 | Train Meta: n/a | Val Meta: n/a
Epoch  13/50 | Train Loss: 0.6009 Acc: 0.6703 F1: 0.6701 | Val Loss: 0.5951 Acc: 0.6887 F1: 0.6887 | Train Meta: n/a | Val Meta: n/a
Validation Loss decreased (0.610243 --> 0.595089). Saving best model...
Epoch  14/50 | Train Loss: 0.5942 Acc: 0.6955 F1: 0.6954 | Val Loss: 0.5980 Acc: 0.6804 F1: 0.6745 | Train Meta: n/a | Val Meta: n/a
Epoch  15/50 | Train Loss: 0.5850 Acc: 0.6896 F1: 0.6895 | Val Loss: 0.5878 Acc: 0.6970 F1: 0.6963 | Train Meta: n/a | Val Meta: n/a
Validation Loss decreased (0.595089 --> 0.587791). Saving best model...
Epoch  16/50 | Train Loss: 0.5835 Acc: 0.7004 F1: 0.7002 | Val Loss: 0.6059 Acc: 0.6749 F1: 0.6588 | Train Meta: n/a | Val Meta: n/a
Epoch  17/50 | Train Loss: 0.5810 Acc: 0.6939 F1: 0.6939 | Val Loss: 0.5831 Acc: 0.6860 F1: 0.6859 | Train Meta: n/a | Val Meta: n/a
Validation Loss decreased (0.587791 --> 0.583053). Saving best model...
Epoch  18/50 | Train Loss: 0.5842 Acc: 0.6872 F1: 0.6870 | Val Loss: 0.5835 Acc: 0.6915 F1: 0.6895 | Train Meta: n/a | Val Meta: n/a
Epoch  19/50 | Train Loss: 0.5784 Acc: 0.6976 F1: 0.6975 | Val Loss: 0.5760 Acc: 0.7080 F1: 0.7076 | Train Meta: n/a | Val Meta: n/a
Validation Loss decreased (0.583053 --> 0.575983). Saving best model...
Epoch  20/50 | Train Loss: 0.5747 Acc: 0.7047 F1: 0.7046 | Val Loss: 0.5744 Acc: 0.7107 F1: 0.7097 | Train Meta: n/a | Val Meta: n/a
Validation Loss decreased (0.575983 --> 0.574416). Saving best model...
Epoch  21/50 | Train Loss: 0.5820 Acc: 0.6921 F1: 0.6919 | Val Loss: 0.5731 Acc: 0.7052 F1: 0.7035 | Train Meta: n/a | Val Meta: n/a
Validation Loss decreased (0.574416 --> 0.573076). Saving best model...
Epoch  22/50 | Train Loss: 0.5724 Acc: 0.7114 F1: 0.7113 | Val Loss: 0.5693 Acc: 0.7163 F1: 0.7157 | Train Meta: n/a | Val Meta: n/a
Validation Loss decreased (0.573076 --> 0.569343). Saving best model...
Epoch  23/50 | Train Loss: 0.5697 Acc: 0.7025 F1: 0.7024 | Val Loss: 0.5724 Acc: 0.7025 F1: 0.6982 | Train Meta: n/a | Val Meta: n/a
Epoch  24/50 | Train Loss: 0.5703 Acc: 0.7047 F1: 0.7045 | Val Loss: 0.6310 Acc: 0.6226 F1: 0.5902 | Train Meta: n/a | Val Meta: n/a
Epoch  25/50 | Train Loss: 0.5743 Acc: 0.6918 F1: 0.6918 | Val Loss: 0.5687 Acc: 0.7052 F1: 0.7012 | Train Meta: n/a | Val Meta: n/a
Validation Loss decreased (0.569343 --> 0.568733). Saving best model...
Epoch  26/50 | Train Loss: 0.5660 Acc: 0.7053 F1: 0.7052 | Val Loss: 0.5740 Acc: 0.6942 F1: 0.6888 | Train Meta: n/a | Val Meta: n/a
Epoch  27/50 | Train Loss: 0.5635 Acc: 0.7120 F1: 0.7119 | Val Loss: 0.5715 Acc: 0.6915 F1: 0.6842 | Train Meta: n/a | Val Meta: n/a
Epoch  28/50 | Train Loss: 0.5653 Acc: 0.7022 F1: 0.7021 | Val Loss: 0.5728 Acc: 0.6887 F1: 0.6794 | Train Meta: n/a | Val Meta: n/a
Epoch  29/50 | Train Loss: 0.5587 Acc: 0.7154 F1: 0.7153 | Val Loss: 0.5550 Acc: 0.7135 F1: 0.7134 | Train Meta: n/a | Val Meta: n/a
Validation Loss decreased (0.568733 --> 0.555046). Saving best model...
Epoch  30/50 | Train Loss: 0.5605 Acc: 0.7099 F1: 0.7098 | Val Loss: 0.5641 Acc: 0.7163 F1: 0.7112 | Train Meta: n/a | Val Meta: n/a
Epoch  31/50 | Train Loss: 0.5538 Acc: 0.7175 F1: 0.7175 | Val Loss: 0.5534 Acc: 0.7273 F1: 0.7256 | Train Meta: n/a | Val Meta: n/a
Validation Loss decreased (0.555046 --> 0.553418). Saving best model...
Epoch  32/50 | Train Loss: 0.5591 Acc: 0.7114 F1: 0.7113 | Val Loss: 0.5496 Acc: 0.7355 F1: 0.7351 | Train Meta: n/a | Val Meta: n/a
Validation Loss decreased (0.553418 --> 0.549593). Saving best model...
Epoch  33/50 | Train Loss: 0.5575 Acc: 0.7203 F1: 0.7202 | Val Loss: 0.5500 Acc: 0.7163 F1: 0.7158 | Train Meta: n/a | Val Meta: n/a
Epoch  34/50 | Train Loss: 0.5541 Acc: 0.7224 F1: 0.7224 | Val Loss: 0.5463 Acc: 0.7355 F1: 0.7350 | Train Meta: n/a | Val Meta: n/a
Validation Loss decreased (0.549593 --> 0.546259). Saving best model...
Epoch  35/50 | Train Loss: 0.5520 Acc: 0.7197 F1: 0.7194 | Val Loss: 0.5468 Acc: 0.7273 F1: 0.7251 | Train Meta: n/a | Val Meta: n/a
Epoch  36/50 | Train Loss: 0.5501 Acc: 0.7178 F1: 0.7178 | Val Loss: 0.5510 Acc: 0.7273 F1: 0.7239 | Train Meta: n/a | Val Meta: n/a
Epoch  37/50 | Train Loss: 0.5503 Acc: 0.7215 F1: 0.7214 | Val Loss: 0.5413 Acc: 0.7300 F1: 0.7300 | Train Meta: n/a | Val Meta: n/a
Validation Loss decreased (0.546259 --> 0.541278). Saving best model...
Epoch  38/50 | Train Loss: 0.5482 Acc: 0.7215 F1: 0.7215 | Val Loss: 0.5419 Acc: 0.7328 F1: 0.7312 | Train Meta: n/a | Val Meta: n/a
Epoch  39/50 | Train Loss: 0.5520 Acc: 0.7172 F1: 0.7172 | Val Loss: 0.5472 Acc: 0.7273 F1: 0.7236 | Train Meta: n/a | Val Meta: n/a
Epoch  40/50 | Train Loss: 0.5494 Acc: 0.7151 F1: 0.7150 | Val Loss: 0.5430 Acc: 0.7273 F1: 0.7246 | Train Meta: n/a | Val Meta: n/a
Epoch  41/50 | Train Loss: 0.5505 Acc: 0.7181 F1: 0.7181 | Val Loss: 0.5645 Acc: 0.6860 F1: 0.6727 | Train Meta: n/a | Val Meta: n/a
Epoch  42/50 | Train Loss: 0.5461 Acc: 0.7227 F1: 0.7227 | Val Loss: 0.5517 Acc: 0.7135 F1: 0.7063 | Train Meta: n/a | Val Meta: n/a
Epoch  43/50 | Train Loss: 0.5442 Acc: 0.7215 F1: 0.7215 | Val Loss: 0.5356 Acc: 0.7355 F1: 0.7343 | Train Meta: n/a | Val Meta: n/a
Validation Loss decreased (0.541278 --> 0.535638). Saving best model...
Epoch  44/50 | Train Loss: 0.5452 Acc: 0.7218 F1: 0.7217 | Val Loss: 0.5398 Acc: 0.7328 F1: 0.7309 | Train Meta: n/a | Val Meta: n/a
Epoch  45/50 | Train Loss: 0.5413 Acc: 0.7230 F1: 0.7230 | Val Loss: 0.5314 Acc: 0.7466 F1: 0.7461 | Train Meta: n/a | Val Meta: n/a
Validation Loss decreased (0.535638 --> 0.531392). Saving best model...
Epoch  46/50 | Train Loss: 0.5403 Acc: 0.7328 F1: 0.7328 | Val Loss: 0.5304 Acc: 0.7410 F1: 0.7408 | Train Meta: n/a | Val Meta: n/a
Validation Loss decreased (0.531392 --> 0.530350). Saving best model...
Epoch  47/50 | Train Loss: 0.5442 Acc: 0.7206 F1: 0.7206 | Val Loss: 0.5340 Acc: 0.7383 F1: 0.7362 | Train Meta: n/a | Val Meta: n/a
Epoch  48/50 | Train Loss: 0.5438 Acc: 0.7230 F1: 0.7230 | Val Loss: 0.5285 Acc: 0.7410 F1: 0.7410 | Train Meta: n/a | Val Meta: n/a
Validation Loss decreased (0.530350 --> 0.528472). Saving best model...
Epoch  49/50 | Train Loss: 0.5432 Acc: 0.7218 F1: 0.7218 | Val Loss: 0.5311 Acc: 0.7300 F1: 0.7294 | Train Meta: n/a | Val Meta: n/a
Epoch  50/50 | Train Loss: 0.5438 Acc: 0.7209 F1: 0.7209 | Val Loss: 0.5477 Acc: 0.6970 F1: 0.6876 | Train Meta: n/a | Val Meta: n/a

Classification Test Result (FordB)
Accuracy : 0.587654
F1 (macro): 0.569577
Saved attention maps for 3 sample(s) under ./runs/classification_electricity_to_FordB_laya_mixer_stats/attention_maps
