nohup: ignoring input
Text metadata preview | dataset=EthanolConcentration | domain=UEA | channels=3
   - channel_1: In the UEA domain, this channel belongs to the EthanolConcentration dataset and represents the feature channel 1.
   - channel_2: In the UEA domain, this channel belongs to the EthanolConcentration dataset and represents the feature channel 2.
   - ... (1 more channel descriptions)
Stats metadata preview | dataset=EthanolConcentration | domain=UEA | channels=3
   - channel_1: Channel statistics over the training split: mean value is 0.000, standard deviation is 1.000, minimum value is -0.938, maximum value is 5.130, median value is -0.481, and mean absolute value is 0.818.
/data/pjh_workspace/ts-env/lib/python3.8/site-packages/torch/nn/modules/transformer.py:307: UserWarning: enable_nested_tensor is True, but self.use_nested_tensor is False because encoder_layer.norm_first was True
  warnings.warn(f"enable_nested_tensor is True, but self.use_nested_tensor is False because {why_not_sparsity_fast_path}")
==================================================
🚀 Architecture: LAYA
📊 Target Dataset: EthanolConcentration (Channels: 3)
📊 Pretrain Info: electricity
📊 Classes: 4 | Sequence Length: 1751
==================================================
✅ Loaded pretrained encoder from ./checkpoints/electricity_laya_mixer_text_stats_avg/laya_ts_electricity_s_best.pt
   - 113/113 keys matched.
✅ Encoder is FROZEN (Linear Probing mode).
📝 metadata: mode=text_stats_avg, fusion=add, relation=none
ℹ️  Metadata Fusion Mode: add
ℹ️  Channel Mixer Relation Mode: none
ℹ️  Encoder Variant: default
ℹ️  Channel Adapter: disabled for Laya downstream (mixer)
ℹ️  Channel Relation Block: disabled
✅ ClassificationHead: [B, 256] → [B, 4]
Epoch   1/50 | Train Loss: 1.3583 Acc: 0.2098 F1: 0.1806 | Val Loss: 1.3902 Acc: 0.1923 F1: 0.1570 | Train Meta: n/a | Val Meta: n/a
Validation Loss decreased (inf --> 1.390204). Saving best model...
Epoch   2/50 | Train Loss: 1.3322 Acc: 0.2009 F1: 0.1836 | Val Loss: 1.3807 Acc: 0.2692 F1: 0.1779 | Train Meta: n/a | Val Meta: n/a
Validation Loss decreased (1.390204 --> 1.380727). Saving best model...
Epoch   3/50 | Train Loss: 1.3088 Acc: 0.2321 F1: 0.2007 | Val Loss: 1.3958 Acc: 0.2308 F1: 0.1788 | Train Meta: n/a | Val Meta: n/a
Epoch   4/50 | Train Loss: 1.3029 Acc: 0.2902 F1: 0.2736 | Val Loss: 1.4597 Acc: 0.1538 F1: 0.1064 | Train Meta: n/a | Val Meta: n/a
Epoch   5/50 | Train Loss: 1.3025 Acc: 0.2411 F1: 0.2158 | Val Loss: 1.4065 Acc: 0.2692 F1: 0.2500 | Train Meta: n/a | Val Meta: n/a
Epoch   6/50 | Train Loss: 1.3041 Acc: 0.2545 F1: 0.2291 | Val Loss: 1.3982 Acc: 0.2692 F1: 0.2074 | Train Meta: n/a | Val Meta: n/a
Epoch   7/50 | Train Loss: 1.3090 Acc: 0.2723 F1: 0.2118 | Val Loss: 1.4042 Acc: 0.2692 F1: 0.2083 | Train Meta: n/a | Val Meta: n/a
Epoch   8/50 | Train Loss: 1.3026 Acc: 0.2768 F1: 0.2736 | Val Loss: 1.4278 Acc: 0.1923 F1: 0.1519 | Train Meta: n/a | Val Meta: n/a
Epoch   9/50 | Train Loss: 1.3032 Acc: 0.2589 F1: 0.2098 | Val Loss: 1.3908 Acc: 0.3077 F1: 0.1952 | Train Meta: n/a | Val Meta: n/a
Epoch  10/50 | Train Loss: 1.3050 Acc: 0.3080 F1: 0.2762 | Val Loss: 1.4289 Acc: 0.1538 F1: 0.1268 | Train Meta: n/a | Val Meta: n/a
Epoch  11/50 | Train Loss: 1.3013 Acc: 0.2634 F1: 0.2339 | Val Loss: 1.4114 Acc: 0.2692 F1: 0.2214 | Train Meta: n/a | Val Meta: n/a
Epoch  12/50 | Train Loss: 1.3035 Acc: 0.3125 F1: 0.2330 | Val Loss: 1.4107 Acc: 0.2692 F1: 0.2080 | Train Meta: n/a | Val Meta: n/a
Epoch  13/50 | Train Loss: 1.2997 Acc: 0.2366 F1: 0.2161 | Val Loss: 1.4344 Acc: 0.1538 F1: 0.1321 | Train Meta: n/a | Val Meta: n/a
Epoch  14/50 | Train Loss: 1.3228 Acc: 0.2634 F1: 0.2150 | Val Loss: 1.4221 Acc: 0.2692 F1: 0.2141 | Train Meta: n/a | Val Meta: n/a
Epoch  15/50 | Train Loss: 1.2991 Acc: 0.2857 F1: 0.2057 | Val Loss: 1.4429 Acc: 0.1923 F1: 0.1333 | Train Meta: n/a | Val Meta: n/a
Epoch  16/50 | Train Loss: 1.3119 Acc: 0.2589 F1: 0.2371 | Val Loss: 1.4066 Acc: 0.2692 F1: 0.2095 | Train Meta: n/a | Val Meta: n/a
Epoch  17/50 | Train Loss: 1.2975 Acc: 0.3170 F1: 0.2126 | Val Loss: 1.3864 Acc: 0.3077 F1: 0.1905 | Train Meta: n/a | Val Meta: n/a
Epoch  18/50 | Train Loss: 1.2906 Acc: 0.2679 F1: 0.2360 | Val Loss: 1.4832 Acc: 0.1538 F1: 0.1031 | Train Meta: n/a | Val Meta: n/a
Epoch  19/50 | Train Loss: 1.3277 Acc: 0.2723 F1: 0.2425 | Val Loss: 1.4093 Acc: 0.2692 F1: 0.2080 | Train Meta: n/a | Val Meta: n/a
Epoch  20/50 | Train Loss: 1.3072 Acc: 0.2589 F1: 0.2006 | Val Loss: 1.4181 Acc: 0.3077 F1: 0.2536 | Train Meta: n/a | Val Meta: n/a
Epoch  21/50 | Train Loss: 1.2986 Acc: 0.2455 F1: 0.2414 | Val Loss: 1.4063 Acc: 0.2308 F1: 0.1583 | Train Meta: n/a | Val Meta: n/a
Epoch  22/50 | Train Loss: 1.3081 Acc: 0.2589 F1: 0.2336 | Val Loss: 1.4171 Acc: 0.2692 F1: 0.2088 | Train Meta: n/a | Val Meta: n/a
Epoch  23/50 | Train Loss: 1.2992 Acc: 0.2321 F1: 0.1998 | Val Loss: 1.3924 Acc: 0.3077 F1: 0.1952 | Train Meta: n/a | Val Meta: n/a
Epoch  24/50 | Train Loss: 1.3002 Acc: 0.3080 F1: 0.2906 | Val Loss: 1.3851 Acc: 0.3462 F1: 0.2143 | Train Meta: n/a | Val Meta: n/a
Epoch  25/50 | Train Loss: 1.2915 Acc: 0.3304 F1: 0.2529 | Val Loss: 1.4111 Acc: 0.2308 F1: 0.1541 | Train Meta: n/a | Val Meta: n/a
Epoch  26/50 | Train Loss: 1.2962 Acc: 0.2634 F1: 0.2577 | Val Loss: 1.4263 Acc: 0.2308 F1: 0.1770 | Train Meta: n/a | Val Meta: n/a
Epoch  27/50 | Train Loss: 1.2979 Acc: 0.2679 F1: 0.2316 | Val Loss: 1.3997 Acc: 0.3462 F1: 0.2189 | Train Meta: n/a | Val Meta: n/a
Epoch  28/50 | Train Loss: 1.3029 Acc: 0.2634 F1: 0.2064 | Val Loss: 1.4102 Acc: 0.2308 F1: 0.1880 | Train Meta: n/a | Val Meta: n/a
Epoch  29/50 | Train Loss: 1.2883 Acc: 0.2723 F1: 0.2302 | Val Loss: 1.4025 Acc: 0.2692 F1: 0.2048 | Train Meta: n/a | Val Meta: n/a
Epoch  30/50 | Train Loss: 1.2970 Acc: 0.3080 F1: 0.2855 | Val Loss: 1.4731 Acc: 0.1538 F1: 0.1064 | Train Meta: n/a | Val Meta: n/a
Epoch  31/50 | Train Loss: 1.2975 Acc: 0.2634 F1: 0.2608 | Val Loss: 1.4206 Acc: 0.2308 F1: 0.1922 | Train Meta: n/a | Val Meta: n/a
Epoch  32/50 | Train Loss: 1.2906 Acc: 0.2634 F1: 0.2642 | Val Loss: 1.4297 Acc: 0.2308 F1: 0.1556 | Train Meta: n/a | Val Meta: n/a
Epoch  33/50 | Train Loss: 1.2904 Acc: 0.2634 F1: 0.2480 | Val Loss: 1.4023 Acc: 0.1923 F1: 0.1549 | Train Meta: n/a | Val Meta: n/a
Epoch  34/50 | Train Loss: 1.2933 Acc: 0.2991 F1: 0.2561 | Val Loss: 1.4129 Acc: 0.3077 F1: 0.2534 | Train Meta: n/a | Val Meta: n/a
Epoch  35/50 | Train Loss: 1.2909 Acc: 0.2634 F1: 0.2494 | Val Loss: 1.4195 Acc: 0.2692 F1: 0.2173 | Train Meta: n/a | Val Meta: n/a
Epoch  36/50 | Train Loss: 1.3019 Acc: 0.2634 F1: 0.2350 | Val Loss: 1.4388 Acc: 0.2692 F1: 0.2417 | Train Meta: n/a | Val Meta: n/a
Epoch  37/50 | Train Loss: 1.2956 Acc: 0.2812 F1: 0.2505 | Val Loss: 1.4326 Acc: 0.2308 F1: 0.1719 | Train Meta: n/a | Val Meta: n/a
Epoch  38/50 | Train Loss: 1.2877 Acc: 0.3080 F1: 0.3042 | Val Loss: 1.4068 Acc: 0.1923 F1: 0.1580 | Train Meta: n/a | Val Meta: n/a
Epoch  39/50 | Train Loss: 1.2920 Acc: 0.3304 F1: 0.3256 | Val Loss: 1.4011 Acc: 0.3077 F1: 0.2414 | Train Meta: n/a | Val Meta: n/a
Epoch  40/50 | Train Loss: 1.2880 Acc: 0.2768 F1: 0.2424 | Val Loss: 1.4090 Acc: 0.2308 F1: 0.1922 | Train Meta: n/a | Val Meta: n/a
Epoch  41/50 | Train Loss: 1.2883 Acc: 0.3259 F1: 0.2717 | Val Loss: 1.4216 Acc: 0.3077 F1: 0.2500 | Train Meta: n/a | Val Meta: n/a
Epoch  42/50 | Train Loss: 1.2991 Acc: 0.2812 F1: 0.2372 | Val Loss: 1.4048 Acc: 0.3462 F1: 0.2189 | Train Meta: n/a | Val Meta: n/a
Epoch  43/50 | Train Loss: 1.2909 Acc: 0.2768 F1: 0.2455 | Val Loss: 1.4531 Acc: 0.2692 F1: 0.2212 | Train Meta: n/a | Val Meta: n/a
Epoch  44/50 | Train Loss: 1.2913 Acc: 0.2991 F1: 0.2583 | Val Loss: 1.4176 Acc: 0.2692 F1: 0.2154 | Train Meta: n/a | Val Meta: n/a
Epoch  45/50 | Train Loss: 1.2904 Acc: 0.3036 F1: 0.2360 | Val Loss: 1.4347 Acc: 0.2308 F1: 0.2297 | Train Meta: n/a | Val Meta: n/a
Epoch  46/50 | Train Loss: 1.3008 Acc: 0.3125 F1: 0.2998 | Val Loss: 1.4150 Acc: 0.1923 F1: 0.1621 | Train Meta: n/a | Val Meta: n/a
Epoch  47/50 | Train Loss: 1.2882 Acc: 0.3036 F1: 0.2794 | Val Loss: 1.4091 Acc: 0.2692 F1: 0.1750 | Train Meta: n/a | Val Meta: n/a
Epoch  48/50 | Train Loss: 1.3132 Acc: 0.3125 F1: 0.2488 | Val Loss: 1.4302 Acc: 0.3077 F1: 0.2900 | Train Meta: n/a | Val Meta: n/a
Epoch  49/50 | Train Loss: 1.2944 Acc: 0.2902 F1: 0.2091 | Val Loss: 1.4149 Acc: 0.3077 F1: 0.2414 | Train Meta: n/a | Val Meta: n/a
Epoch  50/50 | Train Loss: 1.3172 Acc: 0.2991 F1: 0.2571 | Val Loss: 1.4482 Acc: 0.2692 F1: 0.2331 | Train Meta: n/a | Val Meta: n/a

Classification Test Result (EthanolConcentration)
Accuracy : 0.266160
F1 (macro): 0.215663
Saved attention maps for 3 sample(s) under ./runs/classification_electricity_to_EthanolConcentration_laya_mixer_text_stats_avg/attention_maps
Text metadata preview | dataset=FaceDetection | domain=UEA | channels=144
   - channel_1: In the UEA domain, this channel belongs to the FaceDetection dataset and represents the feature channel 1.
   - channel_2: In the UEA domain, this channel belongs to the FaceDetection dataset and represents the feature channel 2.
   - ... (142 more channel descriptions)
Stats metadata preview | dataset=FaceDetection | domain=UEA | channels=144
   - channel_1: Channel statistics over the training split: mean value is -0.000, standard deviation is 1.000, minimum value is -12.951, maximum value is 17.778, median value is -0.001, and mean absolute value is 0.760.
/data/pjh_workspace/ts-env/lib/python3.8/site-packages/torch/nn/modules/transformer.py:307: UserWarning: enable_nested_tensor is True, but self.use_nested_tensor is False because encoder_layer.norm_first was True
  warnings.warn(f"enable_nested_tensor is True, but self.use_nested_tensor is False because {why_not_sparsity_fast_path}")
==================================================
🚀 Architecture: LAYA
📊 Target Dataset: FaceDetection (Channels: 144)
📊 Pretrain Info: electricity
📊 Classes: 2 | Sequence Length: 62
==================================================
✅ Loaded pretrained encoder from ./checkpoints/electricity_laya_mixer_text_stats_avg/laya_ts_electricity_s_best.pt
   - 113/113 keys matched.
✅ Encoder is FROZEN (Linear Probing mode).
📝 metadata: mode=text_stats_avg, fusion=add, relation=none
ℹ️  Metadata Fusion Mode: add
ℹ️  Channel Mixer Relation Mode: none
ℹ️  Encoder Variant: default
ℹ️  Channel Adapter: disabled for Laya downstream (mixer)
ℹ️  Channel Relation Block: disabled
✅ ClassificationHead: [B, 256] → [B, 2]
Epoch   1/50 | Train Loss: 0.7053 Acc: 0.5145 F1: 0.5138 | Val Loss: 0.6980 Acc: 0.4839 F1: 0.4260 | Train Meta: n/a | Val Meta: n/a
Validation Loss decreased (inf --> 0.698008). Saving best model...
Epoch   2/50 | Train Loss: 0.6980 Acc: 0.5208 F1: 0.5206 | Val Loss: 0.6978 Acc: 0.4805 F1: 0.4056 | Train Meta: n/a | Val Meta: n/a
Validation Loss decreased (0.698008 --> 0.697826). Saving best model...
Epoch   3/50 | Train Loss: 0.7050 Acc: 0.5093 F1: 0.5091 | Val Loss: 0.6911 Acc: 0.5331 F1: 0.5025 | Train Meta: n/a | Val Meta: n/a
Validation Loss decreased (0.697826 --> 0.691084). Saving best model...
Epoch   4/50 | Train Loss: 0.7000 Acc: 0.5157 F1: 0.5155 | Val Loss: 0.6969 Acc: 0.5246 F1: 0.3683 | Train Meta: n/a | Val Meta: n/a
Epoch   5/50 | Train Loss: 0.6977 Acc: 0.5196 F1: 0.5195 | Val Loss: 0.7091 Acc: 0.4839 F1: 0.3553 | Train Meta: n/a | Val Meta: n/a
Epoch   6/50 | Train Loss: 0.6983 Acc: 0.5074 F1: 0.5073 | Val Loss: 0.7154 Acc: 0.4839 F1: 0.3318 | Train Meta: n/a | Val Meta: n/a
Epoch   7/50 | Train Loss: 0.6989 Acc: 0.5172 F1: 0.5171 | Val Loss: 0.6912 Acc: 0.5433 F1: 0.5191 | Train Meta: n/a | Val Meta: n/a
Epoch   8/50 | Train Loss: 0.6979 Acc: 0.5159 F1: 0.5158 | Val Loss: 0.6915 Acc: 0.5348 F1: 0.5275 | Train Meta: n/a | Val Meta: n/a
Epoch   9/50 | Train Loss: 0.7000 Acc: 0.5128 F1: 0.5123 | Val Loss: 0.7093 Acc: 0.4805 F1: 0.3486 | Train Meta: n/a | Val Meta: n/a
Epoch  10/50 | Train Loss: 0.7000 Acc: 0.5038 F1: 0.5037 | Val Loss: 0.7179 Acc: 0.4839 F1: 0.3318 | Train Meta: n/a | Val Meta: n/a
Epoch  11/50 | Train Loss: 0.6961 Acc: 0.5177 F1: 0.5176 | Val Loss: 0.6967 Acc: 0.4788 F1: 0.4238 | Train Meta: n/a | Val Meta: n/a
Epoch  12/50 | Train Loss: 0.6950 Acc: 0.5181 F1: 0.5181 | Val Loss: 0.6912 Acc: 0.5416 F1: 0.5170 | Train Meta: n/a | Val Meta: n/a
Epoch  13/50 | Train Loss: 0.6945 Acc: 0.5259 F1: 0.5256 | Val Loss: 0.7005 Acc: 0.4737 F1: 0.3636 | Train Meta: n/a | Val Meta: n/a
Epoch  14/50 | Train Loss: 0.7004 Acc: 0.5059 F1: 0.5049 | Val Loss: 0.7002 Acc: 0.4788 F1: 0.3665 | Train Meta: n/a | Val Meta: n/a
Epoch  15/50 | Train Loss: 0.6938 Acc: 0.5259 F1: 0.5245 | Val Loss: 0.6920 Acc: 0.5297 F1: 0.5040 | Train Meta: n/a | Val Meta: n/a
Epoch  16/50 | Train Loss: 0.6940 Acc: 0.5211 F1: 0.5207 | Val Loss: 0.7068 Acc: 0.4873 F1: 0.3443 | Train Meta: n/a | Val Meta: n/a
Epoch  17/50 | Train Loss: 0.6940 Acc: 0.5302 F1: 0.5293 | Val Loss: 0.6961 Acc: 0.4839 F1: 0.4274 | Train Meta: n/a | Val Meta: n/a
Epoch  18/50 | Train Loss: 0.6946 Acc: 0.5221 F1: 0.5220 | Val Loss: 0.7144 Acc: 0.4839 F1: 0.3453 | Train Meta: n/a | Val Meta: n/a
Epoch  19/50 | Train Loss: 0.6948 Acc: 0.5211 F1: 0.5202 | Val Loss: 0.7025 Acc: 0.5178 F1: 0.3564 | Train Meta: n/a | Val Meta: n/a
Epoch  20/50 | Train Loss: 0.6950 Acc: 0.5110 F1: 0.5109 | Val Loss: 0.6919 Acc: 0.5416 F1: 0.5410 | Train Meta: n/a | Val Meta: n/a
Epoch  21/50 | Train Loss: 0.6927 Acc: 0.5262 F1: 0.5260 | Val Loss: 0.6938 Acc: 0.5263 F1: 0.4242 | Train Meta: n/a | Val Meta: n/a
Epoch  22/50 | Train Loss: 0.6927 Acc: 0.5317 F1: 0.5316 | Val Loss: 0.7013 Acc: 0.4805 F1: 0.4056 | Train Meta: n/a | Val Meta: n/a
Epoch  23/50 | Train Loss: 0.6933 Acc: 0.5295 F1: 0.5292 | Val Loss: 0.6939 Acc: 0.5314 F1: 0.4883 | Train Meta: n/a | Val Meta: n/a
Epoch  24/50 | Train Loss: 0.6925 Acc: 0.5210 F1: 0.5210 | Val Loss: 0.6980 Acc: 0.4924 F1: 0.4620 | Train Meta: n/a | Val Meta: n/a
Epoch  25/50 | Train Loss: 0.6926 Acc: 0.5270 F1: 0.5270 | Val Loss: 0.6946 Acc: 0.5127 F1: 0.5005 | Train Meta: n/a | Val Meta: n/a
Epoch  26/50 | Train Loss: 0.6916 Acc: 0.5317 F1: 0.5315 | Val Loss: 0.6985 Acc: 0.5195 F1: 0.3686 | Train Meta: n/a | Val Meta: n/a
Epoch  27/50 | Train Loss: 0.6933 Acc: 0.5223 F1: 0.5222 | Val Loss: 0.6941 Acc: 0.5178 F1: 0.5085 | Train Meta: n/a | Val Meta: n/a
Epoch  28/50 | Train Loss: 0.6909 Acc: 0.5313 F1: 0.5312 | Val Loss: 0.7000 Acc: 0.5059 F1: 0.4781 | Train Meta: n/a | Val Meta: n/a
Epoch  29/50 | Train Loss: 0.6929 Acc: 0.5176 F1: 0.5175 | Val Loss: 0.6946 Acc: 0.5246 F1: 0.5231 | Train Meta: n/a | Val Meta: n/a
Epoch  30/50 | Train Loss: 0.6899 Acc: 0.5342 F1: 0.5340 | Val Loss: 0.6936 Acc: 0.5246 F1: 0.4232 | Train Meta: n/a | Val Meta: n/a
Epoch  31/50 | Train Loss: 0.6903 Acc: 0.5336 F1: 0.5336 | Val Loss: 0.7026 Acc: 0.4839 F1: 0.4079 | Train Meta: n/a | Val Meta: n/a
Epoch  32/50 | Train Loss: 0.6904 Acc: 0.5259 F1: 0.5257 | Val Loss: 0.6911 Acc: 0.5314 F1: 0.5122 | Train Meta: n/a | Val Meta: n/a
Epoch  33/50 | Train Loss: 0.6922 Acc: 0.5261 F1: 0.5260 | Val Loss: 0.7203 Acc: 0.4822 F1: 0.3310 | Train Meta: n/a | Val Meta: n/a
Epoch  34/50 | Train Loss: 0.6901 Acc: 0.5323 F1: 0.5319 | Val Loss: 0.6932 Acc: 0.5144 F1: 0.4445 | Train Meta: n/a | Val Meta: n/a
Epoch  35/50 | Train Loss: 0.6919 Acc: 0.5293 F1: 0.5293 | Val Loss: 0.6933 Acc: 0.5144 F1: 0.5098 | Train Meta: n/a | Val Meta: n/a
Epoch  36/50 | Train Loss: 0.6914 Acc: 0.5259 F1: 0.5258 | Val Loss: 0.6998 Acc: 0.5195 F1: 0.4899 | Train Meta: n/a | Val Meta: n/a
Epoch  37/50 | Train Loss: 0.6897 Acc: 0.5383 F1: 0.5382 | Val Loss: 0.6978 Acc: 0.4924 F1: 0.4216 | Train Meta: n/a | Val Meta: n/a
Epoch  38/50 | Train Loss: 0.6909 Acc: 0.5274 F1: 0.5272 | Val Loss: 0.6941 Acc: 0.5195 F1: 0.4139 | Train Meta: n/a | Val Meta: n/a
Epoch  39/50 | Train Loss: 0.6902 Acc: 0.5327 F1: 0.5327 | Val Loss: 0.6914 Acc: 0.5246 F1: 0.4841 | Train Meta: n/a | Val Meta: n/a
Epoch  40/50 | Train Loss: 0.6903 Acc: 0.5274 F1: 0.5272 | Val Loss: 0.6921 Acc: 0.5348 F1: 0.5328 | Train Meta: n/a | Val Meta: n/a
Epoch  41/50 | Train Loss: 0.6928 Acc: 0.5244 F1: 0.5243 | Val Loss: 0.6926 Acc: 0.5263 F1: 0.5257 | Train Meta: n/a | Val Meta: n/a
Epoch  42/50 | Train Loss: 0.6892 Acc: 0.5340 F1: 0.5339 | Val Loss: 0.6929 Acc: 0.5382 F1: 0.5341 | Train Meta: n/a | Val Meta: n/a
Epoch  43/50 | Train Loss: 0.6903 Acc: 0.5308 F1: 0.5308 | Val Loss: 0.6915 Acc: 0.5348 F1: 0.5057 | Train Meta: n/a | Val Meta: n/a
Epoch  44/50 | Train Loss: 0.6896 Acc: 0.5327 F1: 0.5327 | Val Loss: 0.6924 Acc: 0.5314 F1: 0.5311 | Train Meta: n/a | Val Meta: n/a
Epoch  45/50 | Train Loss: 0.6903 Acc: 0.5259 F1: 0.5258 | Val Loss: 0.6917 Acc: 0.5212 F1: 0.4971 | Train Meta: n/a | Val Meta: n/a
Epoch  46/50 | Train Loss: 0.6887 Acc: 0.5323 F1: 0.5322 | Val Loss: 0.6934 Acc: 0.5212 F1: 0.4342 | Train Meta: n/a | Val Meta: n/a
Epoch  47/50 | Train Loss: 0.6887 Acc: 0.5298 F1: 0.5298 | Val Loss: 0.6926 Acc: 0.5467 F1: 0.5466 | Train Meta: n/a | Val Meta: n/a
Epoch  48/50 | Train Loss: 0.6890 Acc: 0.5346 F1: 0.5345 | Val Loss: 0.6922 Acc: 0.5348 F1: 0.5307 | Train Meta: n/a | Val Meta: n/a
Epoch  49/50 | Train Loss: 0.6887 Acc: 0.5481 F1: 0.5480 | Val Loss: 0.6929 Acc: 0.5297 F1: 0.5286 | Train Meta: n/a | Val Meta: n/a
Epoch  50/50 | Train Loss: 0.6885 Acc: 0.5357 F1: 0.5356 | Val Loss: 0.6960 Acc: 0.5127 F1: 0.5005 | Train Meta: n/a | Val Meta: n/a

Classification Test Result (FaceDetection)
Accuracy : 0.511635
F1 (macro): 0.500201
Saved attention maps for 3 sample(s) under ./runs/classification_electricity_to_FaceDetection_laya_mixer_text_stats_avg/attention_maps
Text metadata preview | dataset=Handwriting | domain=UEA | channels=3
   - channel_1: In the UEA domain, this channel belongs to the Handwriting dataset and represents the feature channel 1.
   - channel_2: In the UEA domain, this channel belongs to the Handwriting dataset and represents the feature channel 2.
   - ... (1 more channel descriptions)
Stats metadata preview | dataset=Handwriting | domain=UEA | channels=3
   - channel_1: Channel statistics over the training split: mean value is 0.000, standard deviation is 1.000, minimum value is -5.822, maximum value is 9.137, median value is 0.004, and mean absolute value is 0.540.
/data/pjh_workspace/ts-env/lib/python3.8/site-packages/torch/nn/modules/transformer.py:307: UserWarning: enable_nested_tensor is True, but self.use_nested_tensor is False because encoder_layer.norm_first was True
  warnings.warn(f"enable_nested_tensor is True, but self.use_nested_tensor is False because {why_not_sparsity_fast_path}")
==================================================
🚀 Architecture: LAYA
📊 Target Dataset: Handwriting (Channels: 3)
📊 Pretrain Info: electricity
📊 Classes: 26 | Sequence Length: 152
==================================================
✅ Loaded pretrained encoder from ./checkpoints/electricity_laya_mixer_text_stats_avg/laya_ts_electricity_s_best.pt
   - 113/113 keys matched.
✅ Encoder is FROZEN (Linear Probing mode).
📝 metadata: mode=text_stats_avg, fusion=add, relation=none
ℹ️  Metadata Fusion Mode: add
ℹ️  Channel Mixer Relation Mode: none
ℹ️  Encoder Variant: default
ℹ️  Channel Adapter: disabled for Laya downstream (mixer)
ℹ️  Channel Relation Block: disabled
✅ ClassificationHead: [B, 256] → [B, 26]
Epoch   1/50 | Train Loss: 3.3675 Acc: 0.0234 F1: 0.0030 | Val Loss: 3.4108 Acc: 0.0000 F1: 0.0000 | Train Meta: n/a | Val Meta: n/a
Validation Loss decreased (inf --> 3.410793). Saving best model...
Epoch   2/50 | Train Loss: 3.0575 Acc: 0.0469 F1: 0.0133 | Val Loss: 3.4388 Acc: 0.0000 F1: 0.0000 | Train Meta: n/a | Val Meta: n/a
Epoch   3/50 | Train Loss: 2.9689 Acc: 0.0703 F1: 0.0060 | Val Loss: 3.5208 Acc: 0.0000 F1: 0.0000 | Train Meta: n/a | Val Meta: n/a
Epoch   4/50 | Train Loss: 2.8814 Acc: 0.1094 F1: 0.0221 | Val Loss: 3.5359 Acc: 0.0000 F1: 0.0000 | Train Meta: n/a | Val Meta: n/a
Epoch   5/50 | Train Loss: 2.8129 Acc: 0.1328 F1: 0.0454 | Val Loss: 3.5585 Acc: 0.0000 F1: 0.0000 | Train Meta: n/a | Val Meta: n/a
Epoch   6/50 | Train Loss: 2.7576 Acc: 0.1406 F1: 0.0610 | Val Loss: 3.5314 Acc: 0.0667 F1: 0.0204 | Train Meta: n/a | Val Meta: n/a
Epoch   7/50 | Train Loss: 2.7168 Acc: 0.1719 F1: 0.0755 | Val Loss: 3.5651 Acc: 0.0667 F1: 0.0167 | Train Meta: n/a | Val Meta: n/a
Epoch   8/50 | Train Loss: 2.6882 Acc: 0.1406 F1: 0.0628 | Val Loss: 3.5271 Acc: 0.1333 F1: 0.0527 | Train Meta: n/a | Val Meta: n/a
Epoch   9/50 | Train Loss: 2.6512 Acc: 0.1797 F1: 0.1329 | Val Loss: 3.5452 Acc: 0.0667 F1: 0.0222 | Train Meta: n/a | Val Meta: n/a
Epoch  10/50 | Train Loss: 2.6066 Acc: 0.2188 F1: 0.1682 | Val Loss: 3.5594 Acc: 0.0667 F1: 0.0278 | Train Meta: n/a | Val Meta: n/a
Epoch  11/50 | Train Loss: 2.5941 Acc: 0.2031 F1: 0.1761 | Val Loss: 3.5798 Acc: 0.0000 F1: 0.0000 | Train Meta: n/a | Val Meta: n/a
Epoch  12/50 | Train Loss: 2.5461 Acc: 0.2344 F1: 0.1675 | Val Loss: 3.5916 Acc: 0.0667 F1: 0.0526 | Train Meta: n/a | Val Meta: n/a
Epoch  13/50 | Train Loss: 2.5171 Acc: 0.2344 F1: 0.1768 | Val Loss: 3.6601 Acc: 0.0667 F1: 0.0370 | Train Meta: n/a | Val Meta: n/a
Epoch  14/50 | Train Loss: 2.5087 Acc: 0.2266 F1: 0.1627 | Val Loss: 3.6778 Acc: 0.0667 F1: 0.0417 | Train Meta: n/a | Val Meta: n/a
Epoch  15/50 | Train Loss: 2.4866 Acc: 0.2422 F1: 0.1944 | Val Loss: 3.6897 Acc: 0.0667 F1: 0.0235 | Train Meta: n/a | Val Meta: n/a
Epoch  16/50 | Train Loss: 2.4583 Acc: 0.2656 F1: 0.2134 | Val Loss: 3.6708 Acc: 0.0667 F1: 0.0370 | Train Meta: n/a | Val Meta: n/a
Epoch  17/50 | Train Loss: 2.4221 Acc: 0.2734 F1: 0.2069 | Val Loss: 3.6807 Acc: 0.0000 F1: 0.0000 | Train Meta: n/a | Val Meta: n/a
Epoch  18/50 | Train Loss: 2.4100 Acc: 0.2578 F1: 0.1985 | Val Loss: 3.8116 Acc: 0.0667 F1: 0.0526 | Train Meta: n/a | Val Meta: n/a
Epoch  19/50 | Train Loss: 2.3790 Acc: 0.2578 F1: 0.1987 | Val Loss: 3.8796 Acc: 0.0667 F1: 0.0278 | Train Meta: n/a | Val Meta: n/a
Epoch  20/50 | Train Loss: 2.3556 Acc: 0.2969 F1: 0.2254 | Val Loss: 3.8576 Acc: 0.0667 F1: 0.0235 | Train Meta: n/a | Val Meta: n/a
Epoch  21/50 | Train Loss: 2.3691 Acc: 0.2812 F1: 0.2302 | Val Loss: 3.8644 Acc: 0.0667 F1: 0.0392 | Train Meta: n/a | Val Meta: n/a
Epoch  22/50 | Train Loss: 2.3304 Acc: 0.2969 F1: 0.2275 | Val Loss: 3.8147 Acc: 0.0667 F1: 0.0370 | Train Meta: n/a | Val Meta: n/a
Epoch  23/50 | Train Loss: 2.3137 Acc: 0.2656 F1: 0.2097 | Val Loss: 3.8798 Acc: 0.0667 F1: 0.0370 | Train Meta: n/a | Val Meta: n/a
Epoch  24/50 | Train Loss: 2.2998 Acc: 0.2734 F1: 0.2192 | Val Loss: 3.9082 Acc: 0.0667 F1: 0.0351 | Train Meta: n/a | Val Meta: n/a
Epoch  25/50 | Train Loss: 2.2832 Acc: 0.2812 F1: 0.2296 | Val Loss: 3.8989 Acc: 0.0667 F1: 0.0312 | Train Meta: n/a | Val Meta: n/a
Epoch  26/50 | Train Loss: 2.2818 Acc: 0.2891 F1: 0.2384 | Val Loss: 3.8885 Acc: 0.0667 F1: 0.0392 | Train Meta: n/a | Val Meta: n/a
Epoch  27/50 | Train Loss: 2.2646 Acc: 0.2578 F1: 0.2145 | Val Loss: 3.9436 Acc: 0.0667 F1: 0.0294 | Train Meta: n/a | Val Meta: n/a
Epoch  28/50 | Train Loss: 2.2473 Acc: 0.3047 F1: 0.2559 | Val Loss: 3.9777 Acc: 0.0667 F1: 0.0370 | Train Meta: n/a | Val Meta: n/a
Epoch  29/50 | Train Loss: 2.2233 Acc: 0.3047 F1: 0.2585 | Val Loss: 4.0078 Acc: 0.0667 F1: 0.0392 | Train Meta: n/a | Val Meta: n/a
Epoch  30/50 | Train Loss: 2.2309 Acc: 0.3125 F1: 0.2683 | Val Loss: 3.9949 Acc: 0.0667 F1: 0.0392 | Train Meta: n/a | Val Meta: n/a
Epoch  31/50 | Train Loss: 2.1980 Acc: 0.3125 F1: 0.2548 | Val Loss: 4.0173 Acc: 0.0667 F1: 0.0235 | Train Meta: n/a | Val Meta: n/a
Epoch  32/50 | Train Loss: 2.1931 Acc: 0.2969 F1: 0.2700 | Val Loss: 4.0532 Acc: 0.0667 F1: 0.0278 | Train Meta: n/a | Val Meta: n/a
Epoch  33/50 | Train Loss: 2.1877 Acc: 0.2969 F1: 0.2672 | Val Loss: 4.0919 Acc: 0.0667 F1: 0.0392 | Train Meta: n/a | Val Meta: n/a
Epoch  34/50 | Train Loss: 2.1897 Acc: 0.3203 F1: 0.2682 | Val Loss: 4.0638 Acc: 0.0667 F1: 0.0392 | Train Meta: n/a | Val Meta: n/a
Epoch  35/50 | Train Loss: 2.1402 Acc: 0.3516 F1: 0.3249 | Val Loss: 4.0785 Acc: 0.0667 F1: 0.0370 | Train Meta: n/a | Val Meta: n/a
Epoch  36/50 | Train Loss: 2.1470 Acc: 0.3125 F1: 0.2764 | Val Loss: 4.1030 Acc: 0.0667 F1: 0.0556 | Train Meta: n/a | Val Meta: n/a
Epoch  37/50 | Train Loss: 2.1377 Acc: 0.3516 F1: 0.3100 | Val Loss: 4.1487 Acc: 0.0667 F1: 0.0392 | Train Meta: n/a | Val Meta: n/a
Epoch  38/50 | Train Loss: 2.1250 Acc: 0.3359 F1: 0.3244 | Val Loss: 4.2424 Acc: 0.0667 F1: 0.0294 | Train Meta: n/a | Val Meta: n/a
Epoch  39/50 | Train Loss: 2.1179 Acc: 0.3438 F1: 0.3141 | Val Loss: 4.2386 Acc: 0.0667 F1: 0.0294 | Train Meta: n/a | Val Meta: n/a
Epoch  40/50 | Train Loss: 2.1043 Acc: 0.3438 F1: 0.2993 | Val Loss: 4.2733 Acc: 0.0667 F1: 0.0370 | Train Meta: n/a | Val Meta: n/a
Epoch  41/50 | Train Loss: 2.0877 Acc: 0.3672 F1: 0.3160 | Val Loss: 4.2561 Acc: 0.0667 F1: 0.0351 | Train Meta: n/a | Val Meta: n/a
Epoch  42/50 | Train Loss: 2.1001 Acc: 0.3438 F1: 0.3224 | Val Loss: 4.2418 Acc: 0.0667 F1: 0.0370 | Train Meta: n/a | Val Meta: n/a
Epoch  43/50 | Train Loss: 2.0797 Acc: 0.3438 F1: 0.3090 | Val Loss: 4.2930 Acc: 0.0667 F1: 0.0392 | Train Meta: n/a | Val Meta: n/a
Epoch  44/50 | Train Loss: 2.0694 Acc: 0.3203 F1: 0.2778 | Val Loss: 4.3267 Acc: 0.0667 F1: 0.0370 | Train Meta: n/a | Val Meta: n/a
Epoch  45/50 | Train Loss: 2.0642 Acc: 0.3594 F1: 0.3304 | Val Loss: 4.3751 Acc: 0.0667 F1: 0.0278 | Train Meta: n/a | Val Meta: n/a
Epoch  46/50 | Train Loss: 2.0621 Acc: 0.3750 F1: 0.3514 | Val Loss: 4.3283 Acc: 0.0667 F1: 0.0263 | Train Meta: n/a | Val Meta: n/a
Epoch  47/50 | Train Loss: 2.0355 Acc: 0.3828 F1: 0.3647 | Val Loss: 4.2783 Acc: 0.0667 F1: 0.0278 | Train Meta: n/a | Val Meta: n/a
Epoch  48/50 | Train Loss: 2.0533 Acc: 0.3672 F1: 0.3383 | Val Loss: 4.3326 Acc: 0.0667 F1: 0.0370 | Train Meta: n/a | Val Meta: n/a
Epoch  49/50 | Train Loss: 2.0109 Acc: 0.3594 F1: 0.3140 | Val Loss: 4.4222 Acc: 0.0667 F1: 0.0556 | Train Meta: n/a | Val Meta: n/a
Epoch  50/50 | Train Loss: 1.9992 Acc: 0.3828 F1: 0.3452 | Val Loss: 4.4668 Acc: 0.0667 F1: 0.0351 | Train Meta: n/a | Val Meta: n/a

Classification Test Result (Handwriting)
Accuracy : 0.045882
F1 (macro): 0.014946
Saved attention maps for 3 sample(s) under ./runs/classification_electricity_to_Handwriting_laya_mixer_text_stats_avg/attention_maps
Text metadata preview | dataset=Heartbeat | domain=UEA | channels=61
   - channel_1: In the UEA domain, this channel belongs to the Heartbeat dataset and represents the feature channel 1.
   - channel_2: In the UEA domain, this channel belongs to the Heartbeat dataset and represents the feature channel 2.
   - ... (59 more channel descriptions)
Stats metadata preview | dataset=Heartbeat | domain=UEA | channels=61
   - channel_1: Channel statistics over the training split: mean value is 0.000, standard deviation is 1.000, minimum value is -0.307, maximum value is 47.531, median value is -0.149, and mean absolute value is 0.269.
/data/pjh_workspace/ts-env/lib/python3.8/site-packages/torch/nn/modules/transformer.py:307: UserWarning: enable_nested_tensor is True, but self.use_nested_tensor is False because encoder_layer.norm_first was True
  warnings.warn(f"enable_nested_tensor is True, but self.use_nested_tensor is False because {why_not_sparsity_fast_path}")
==================================================
🚀 Architecture: LAYA
📊 Target Dataset: Heartbeat (Channels: 61)
📊 Pretrain Info: electricity
📊 Classes: 2 | Sequence Length: 405
==================================================
✅ Loaded pretrained encoder from ./checkpoints/electricity_laya_mixer_text_stats_avg/laya_ts_electricity_s_best.pt
   - 113/113 keys matched.
✅ Encoder is FROZEN (Linear Probing mode).
📝 metadata: mode=text_stats_avg, fusion=add, relation=none
ℹ️  Metadata Fusion Mode: add
ℹ️  Channel Mixer Relation Mode: none
ℹ️  Encoder Variant: default
ℹ️  Channel Adapter: disabled for Laya downstream (mixer)
ℹ️  Channel Relation Block: disabled
✅ ClassificationHead: [B, 256] → [B, 2]
Epoch   1/50 | Train Loss: 0.7348 Acc: 0.5739 F1: 0.5199 | Val Loss: 0.7087 Acc: 0.7000 F1: 0.4118 | Train Meta: n/a | Val Meta: n/a
Validation Loss decreased (inf --> 0.708674). Saving best model...
Epoch   2/50 | Train Loss: 0.6328 Acc: 0.7159 F1: 0.4172 | Val Loss: 0.5906 Acc: 0.7000 F1: 0.4118 | Train Meta: n/a | Val Meta: n/a
Validation Loss decreased (0.708674 --> 0.590615). Saving best model...
Epoch   3/50 | Train Loss: 0.5752 Acc: 0.7045 F1: 0.4479 | Val Loss: 0.5570 Acc: 0.7000 F1: 0.4118 | Train Meta: n/a | Val Meta: n/a
Validation Loss decreased (0.590615 --> 0.557015). Saving best model...
Epoch   4/50 | Train Loss: 0.5551 Acc: 0.7216 F1: 0.4382 | Val Loss: 0.5471 Acc: 0.7000 F1: 0.4118 | Train Meta: n/a | Val Meta: n/a
Validation Loss decreased (0.557015 --> 0.547063). Saving best model...
Epoch   5/50 | Train Loss: 0.5445 Acc: 0.7159 F1: 0.4839 | Val Loss: 0.5188 Acc: 0.7000 F1: 0.4118 | Train Meta: n/a | Val Meta: n/a
Validation Loss decreased (0.547063 --> 0.518781). Saving best model...
Epoch   6/50 | Train Loss: 0.5204 Acc: 0.7500 F1: 0.5693 | Val Loss: 0.5187 Acc: 0.7000 F1: 0.4118 | Train Meta: n/a | Val Meta: n/a
Validation Loss decreased (0.518781 --> 0.518678). Saving best model...
Epoch   7/50 | Train Loss: 0.5259 Acc: 0.7273 F1: 0.5301 | Val Loss: 0.5148 Acc: 0.7000 F1: 0.4118 | Train Meta: n/a | Val Meta: n/a
Validation Loss decreased (0.518678 --> 0.514765). Saving best model...
Epoch   8/50 | Train Loss: 0.5247 Acc: 0.7330 F1: 0.5215 | Val Loss: 0.5074 Acc: 0.6500 F1: 0.3939 | Train Meta: n/a | Val Meta: n/a
Validation Loss decreased (0.514765 --> 0.507410). Saving best model...
Epoch   9/50 | Train Loss: 0.5154 Acc: 0.7273 F1: 0.5720 | Val Loss: 0.5061 Acc: 0.7500 F1: 0.6416 | Train Meta: n/a | Val Meta: n/a
Validation Loss decreased (0.507410 --> 0.506102). Saving best model...
Epoch  10/50 | Train Loss: 0.5136 Acc: 0.7500 F1: 0.5897 | Val Loss: 0.5074 Acc: 0.6500 F1: 0.3939 | Train Meta: n/a | Val Meta: n/a
Epoch  11/50 | Train Loss: 0.5207 Acc: 0.7273 F1: 0.5524 | Val Loss: 0.4973 Acc: 0.7500 F1: 0.6416 | Train Meta: n/a | Val Meta: n/a
Validation Loss decreased (0.506102 --> 0.497338). Saving best model...
Epoch  12/50 | Train Loss: 0.5056 Acc: 0.7443 F1: 0.6188 | Val Loss: 0.4973 Acc: 0.7000 F1: 0.5312 | Train Meta: n/a | Val Meta: n/a
Validation Loss decreased (0.497338 --> 0.497336). Saving best model...
Epoch  13/50 | Train Loss: 0.5042 Acc: 0.7386 F1: 0.5497 | Val Loss: 0.5061 Acc: 0.7000 F1: 0.5312 | Train Meta: n/a | Val Meta: n/a
Epoch  14/50 | Train Loss: 0.5002 Acc: 0.7500 F1: 0.5990 | Val Loss: 0.4957 Acc: 0.7500 F1: 0.6416 | Train Meta: n/a | Val Meta: n/a
Validation Loss decreased (0.497336 --> 0.495661). Saving best model...
Epoch  15/50 | Train Loss: 0.5013 Acc: 0.7443 F1: 0.5754 | Val Loss: 0.5008 Acc: 0.7000 F1: 0.5312 | Train Meta: n/a | Val Meta: n/a
Epoch  16/50 | Train Loss: 0.5030 Acc: 0.7443 F1: 0.5650 | Val Loss: 0.5007 Acc: 0.7000 F1: 0.5312 | Train Meta: n/a | Val Meta: n/a
Epoch  17/50 | Train Loss: 0.5026 Acc: 0.7443 F1: 0.5852 | Val Loss: 0.4978 Acc: 0.7500 F1: 0.6416 | Train Meta: n/a | Val Meta: n/a
Epoch  18/50 | Train Loss: 0.5040 Acc: 0.7443 F1: 0.5944 | Val Loss: 0.5059 Acc: 0.7000 F1: 0.5312 | Train Meta: n/a | Val Meta: n/a
Epoch  19/50 | Train Loss: 0.5012 Acc: 0.7386 F1: 0.5808 | Val Loss: 0.4956 Acc: 0.7500 F1: 0.6416 | Train Meta: n/a | Val Meta: n/a
Validation Loss decreased (0.495661 --> 0.495606). Saving best model...
Epoch  20/50 | Train Loss: 0.4982 Acc: 0.7443 F1: 0.5650 | Val Loss: 0.4906 Acc: 0.7500 F1: 0.6416 | Train Meta: n/a | Val Meta: n/a
Validation Loss decreased (0.495606 --> 0.490649). Saving best model...
Epoch  21/50 | Train Loss: 0.4968 Acc: 0.7500 F1: 0.5897 | Val Loss: 0.4968 Acc: 0.7000 F1: 0.5312 | Train Meta: n/a | Val Meta: n/a
Epoch  22/50 | Train Loss: 0.4917 Acc: 0.7557 F1: 0.6207 | Val Loss: 0.4957 Acc: 0.7500 F1: 0.6416 | Train Meta: n/a | Val Meta: n/a
Epoch  23/50 | Train Loss: 0.4903 Acc: 0.7500 F1: 0.5799 | Val Loss: 0.4926 Acc: 0.7500 F1: 0.6416 | Train Meta: n/a | Val Meta: n/a
Epoch  24/50 | Train Loss: 0.5165 Acc: 0.7443 F1: 0.6328 | Val Loss: 0.4964 Acc: 0.7500 F1: 0.6416 | Train Meta: n/a | Val Meta: n/a
Epoch  25/50 | Train Loss: 0.4876 Acc: 0.7386 F1: 0.5497 | Val Loss: 0.4947 Acc: 0.7500 F1: 0.6416 | Train Meta: n/a | Val Meta: n/a
Epoch  26/50 | Train Loss: 0.4811 Acc: 0.7557 F1: 0.5843 | Val Loss: 0.4906 Acc: 0.7500 F1: 0.6416 | Train Meta: n/a | Val Meta: n/a
Validation Loss decreased (0.490649 --> 0.490614). Saving best model...
Epoch  27/50 | Train Loss: 0.4810 Acc: 0.7557 F1: 0.6124 | Val Loss: 0.4929 Acc: 0.7500 F1: 0.6416 | Train Meta: n/a | Val Meta: n/a
Epoch  28/50 | Train Loss: 0.4730 Acc: 0.7670 F1: 0.6132 | Val Loss: 0.4923 Acc: 0.7500 F1: 0.6416 | Train Meta: n/a | Val Meta: n/a
Epoch  29/50 | Train Loss: 0.4709 Acc: 0.7670 F1: 0.6037 | Val Loss: 0.4873 Acc: 0.7500 F1: 0.6416 | Train Meta: n/a | Val Meta: n/a
Validation Loss decreased (0.490614 --> 0.487265). Saving best model...
Epoch  30/50 | Train Loss: 0.4900 Acc: 0.7443 F1: 0.5754 | Val Loss: 0.4855 Acc: 0.7500 F1: 0.6416 | Train Meta: n/a | Val Meta: n/a
Validation Loss decreased (0.487265 --> 0.485497). Saving best model...
Epoch  31/50 | Train Loss: 0.4623 Acc: 0.7670 F1: 0.6132 | Val Loss: 0.4905 Acc: 0.7500 F1: 0.6416 | Train Meta: n/a | Val Meta: n/a
Epoch  32/50 | Train Loss: 0.4920 Acc: 0.7386 F1: 0.5608 | Val Loss: 0.4937 Acc: 0.7500 F1: 0.6416 | Train Meta: n/a | Val Meta: n/a
Epoch  33/50 | Train Loss: 0.4867 Acc: 0.7557 F1: 0.6284 | Val Loss: 0.4880 Acc: 0.7500 F1: 0.6416 | Train Meta: n/a | Val Meta: n/a
Epoch  34/50 | Train Loss: 0.4851 Acc: 0.7443 F1: 0.5944 | Val Loss: 0.4854 Acc: 0.7500 F1: 0.6416 | Train Meta: n/a | Val Meta: n/a
Validation Loss decreased (0.485497 --> 0.485388). Saving best model...
Epoch  35/50 | Train Loss: 0.4855 Acc: 0.7557 F1: 0.6357 | Val Loss: 0.4888 Acc: 0.7500 F1: 0.6416 | Train Meta: n/a | Val Meta: n/a
Epoch  36/50 | Train Loss: 0.4757 Acc: 0.7557 F1: 0.6037 | Val Loss: 0.4929 Acc: 0.7000 F1: 0.5312 | Train Meta: n/a | Val Meta: n/a
Epoch  37/50 | Train Loss: 0.4783 Acc: 0.7670 F1: 0.6383 | Val Loss: 0.4866 Acc: 0.7500 F1: 0.6416 | Train Meta: n/a | Val Meta: n/a
Epoch  38/50 | Train Loss: 0.4625 Acc: 0.7670 F1: 0.5826 | Val Loss: 0.4997 Acc: 0.7000 F1: 0.5312 | Train Meta: n/a | Val Meta: n/a
Epoch  39/50 | Train Loss: 0.4858 Acc: 0.7557 F1: 0.6426 | Val Loss: 0.4895 Acc: 0.7500 F1: 0.6416 | Train Meta: n/a | Val Meta: n/a
Epoch  40/50 | Train Loss: 0.4745 Acc: 0.7500 F1: 0.5799 | Val Loss: 0.4893 Acc: 0.7500 F1: 0.6416 | Train Meta: n/a | Val Meta: n/a
Epoch  41/50 | Train Loss: 0.4852 Acc: 0.7670 F1: 0.6592 | Val Loss: 0.4855 Acc: 0.7500 F1: 0.6416 | Train Meta: n/a | Val Meta: n/a
Epoch  42/50 | Train Loss: 0.4602 Acc: 0.7557 F1: 0.6037 | Val Loss: 0.4867 Acc: 0.7500 F1: 0.6416 | Train Meta: n/a | Val Meta: n/a
Epoch  43/50 | Train Loss: 0.4631 Acc: 0.7500 F1: 0.5799 | Val Loss: 0.4871 Acc: 0.7500 F1: 0.6416 | Train Meta: n/a | Val Meta: n/a
Epoch  44/50 | Train Loss: 0.4693 Acc: 0.7500 F1: 0.6077 | Val Loss: 0.4927 Acc: 0.7500 F1: 0.6416 | Train Meta: n/a | Val Meta: n/a
Epoch  45/50 | Train Loss: 0.4613 Acc: 0.7670 F1: 0.6132 | Val Loss: 0.4959 Acc: 0.7500 F1: 0.6416 | Train Meta: n/a | Val Meta: n/a
Epoch  46/50 | Train Loss: 0.4698 Acc: 0.7614 F1: 0.6172 | Val Loss: 0.4952 Acc: 0.7500 F1: 0.6416 | Train Meta: n/a | Val Meta: n/a
Epoch  47/50 | Train Loss: 0.4492 Acc: 0.7670 F1: 0.6305 | Val Loss: 0.4993 Acc: 0.7500 F1: 0.6416 | Train Meta: n/a | Val Meta: n/a
Epoch  48/50 | Train Loss: 0.4621 Acc: 0.7727 F1: 0.6434 | Val Loss: 0.4971 Acc: 0.7500 F1: 0.6416 | Train Meta: n/a | Val Meta: n/a
Epoch  49/50 | Train Loss: 0.4836 Acc: 0.7557 F1: 0.5943 | Val Loss: 0.4956 Acc: 0.7500 F1: 0.6416 | Train Meta: n/a | Val Meta: n/a
Epoch  50/50 | Train Loss: 0.4490 Acc: 0.7955 F1: 0.6979 | Val Loss: 0.4875 Acc: 0.7500 F1: 0.6416 | Train Meta: n/a | Val Meta: n/a

Classification Test Result (Heartbeat)
Accuracy : 0.746341
F1 (macro): 0.623800
Saved attention maps for 3 sample(s) under ./runs/classification_electricity_to_Heartbeat_laya_mixer_text_stats_avg/attention_maps
Text metadata preview | dataset=JapaneseVowels | domain=UEA | channels=12
   - channel_1: In the UEA domain, this channel belongs to the JapaneseVowels dataset and represents the feature channel 1.
   - channel_2: In the UEA domain, this channel belongs to the JapaneseVowels dataset and represents the feature channel 2.
   - ... (10 more channel descriptions)
Stats metadata preview | dataset=JapaneseVowels | domain=UEA | channels=12
   - channel_1: Channel statistics over the training split: mean value is 0.000, standard deviation is 1.000, minimum value is -2.301, maximum value is 2.921, median value is -0.282, and mean absolute value is 0.896.
/data/pjh_workspace/ts-env/lib/python3.8/site-packages/torch/nn/modules/transformer.py:307: UserWarning: enable_nested_tensor is True, but self.use_nested_tensor is False because encoder_layer.norm_first was True
  warnings.warn(f"enable_nested_tensor is True, but self.use_nested_tensor is False because {why_not_sparsity_fast_path}")
==================================================
🚀 Architecture: LAYA
📊 Target Dataset: JapaneseVowels (Channels: 12)
📊 Pretrain Info: electricity
📊 Classes: 9 | Sequence Length: 26
==================================================
✅ Loaded pretrained encoder from ./checkpoints/electricity_laya_mixer_text_stats_avg/laya_ts_electricity_s_best.pt
   - 113/113 keys matched.
✅ Encoder is FROZEN (Linear Probing mode).
📝 metadata: mode=text_stats_avg, fusion=add, relation=none
ℹ️  Metadata Fusion Mode: add
ℹ️  Channel Mixer Relation Mode: none
ℹ️  Encoder Variant: default
ℹ️  Channel Adapter: disabled for Laya downstream (mixer)
ℹ️  Channel Relation Block: disabled
✅ ClassificationHead: [B, 256] → [B, 9]
Epoch   1/50 | Train Loss: 2.2223 Acc: 0.1708 F1: 0.1240 | Val Loss: 2.1984 Acc: 0.1852 F1: 0.1400 | Train Meta: n/a | Val Meta: n/a
Validation Loss decreased (inf --> 2.198373). Saving best model...
Epoch   2/50 | Train Loss: 2.0793 Acc: 0.2250 F1: 0.1671 | Val Loss: 1.9890 Acc: 0.3704 F1: 0.2770 | Train Meta: n/a | Val Meta: n/a
Validation Loss decreased (2.198373 --> 1.988967). Saving best model...
Epoch   3/50 | Train Loss: 1.9596 Acc: 0.3333 F1: 0.2998 | Val Loss: 2.0217 Acc: 0.3704 F1: 0.3394 | Train Meta: n/a | Val Meta: n/a
Epoch   4/50 | Train Loss: 1.8838 Acc: 0.3417 F1: 0.2866 | Val Loss: 1.9567 Acc: 0.3704 F1: 0.2972 | Train Meta: n/a | Val Meta: n/a
Validation Loss decreased (1.988967 --> 1.956655). Saving best model...
Epoch   5/50 | Train Loss: 1.8191 Acc: 0.4292 F1: 0.3977 | Val Loss: 1.8623 Acc: 0.4074 F1: 0.3222 | Train Meta: n/a | Val Meta: n/a
Validation Loss decreased (1.956655 --> 1.862273). Saving best model...
Epoch   6/50 | Train Loss: 1.7660 Acc: 0.3833 F1: 0.3667 | Val Loss: 1.8568 Acc: 0.3704 F1: 0.3259 | Train Meta: n/a | Val Meta: n/a
Validation Loss decreased (1.862273 --> 1.856778). Saving best model...
Epoch   7/50 | Train Loss: 1.7005 Acc: 0.4333 F1: 0.3996 | Val Loss: 1.8518 Acc: 0.3704 F1: 0.3383 | Train Meta: n/a | Val Meta: n/a
Validation Loss decreased (1.856778 --> 1.851841). Saving best model...
Epoch   8/50 | Train Loss: 1.6630 Acc: 0.4208 F1: 0.3909 | Val Loss: 1.7683 Acc: 0.4815 F1: 0.4235 | Train Meta: n/a | Val Meta: n/a
Validation Loss decreased (1.851841 --> 1.768298). Saving best model...
Epoch   9/50 | Train Loss: 1.6208 Acc: 0.4458 F1: 0.4338 | Val Loss: 1.7696 Acc: 0.4444 F1: 0.3891 | Train Meta: n/a | Val Meta: n/a
Epoch  10/50 | Train Loss: 1.5850 Acc: 0.5083 F1: 0.4961 | Val Loss: 1.7668 Acc: 0.4074 F1: 0.3574 | Train Meta: n/a | Val Meta: n/a
Validation Loss decreased (1.768298 --> 1.766762). Saving best model...
Epoch  11/50 | Train Loss: 1.5466 Acc: 0.4875 F1: 0.4687 | Val Loss: 1.7259 Acc: 0.3704 F1: 0.3089 | Train Meta: n/a | Val Meta: n/a
Validation Loss decreased (1.766762 --> 1.725931). Saving best model...
Epoch  12/50 | Train Loss: 1.5030 Acc: 0.5000 F1: 0.4740 | Val Loss: 1.6735 Acc: 0.4074 F1: 0.3531 | Train Meta: n/a | Val Meta: n/a
Validation Loss decreased (1.725931 --> 1.673482). Saving best model...
Epoch  13/50 | Train Loss: 1.5016 Acc: 0.5000 F1: 0.4978 | Val Loss: 1.6934 Acc: 0.4444 F1: 0.3885 | Train Meta: n/a | Val Meta: n/a
Epoch  14/50 | Train Loss: 1.4615 Acc: 0.5083 F1: 0.4956 | Val Loss: 1.6604 Acc: 0.4444 F1: 0.4168 | Train Meta: n/a | Val Meta: n/a
Validation Loss decreased (1.673482 --> 1.660411). Saving best model...
Epoch  15/50 | Train Loss: 1.4294 Acc: 0.5625 F1: 0.5521 | Val Loss: 1.6542 Acc: 0.4815 F1: 0.3968 | Train Meta: n/a | Val Meta: n/a
Validation Loss decreased (1.660411 --> 1.654230). Saving best model...
Epoch  16/50 | Train Loss: 1.4081 Acc: 0.5333 F1: 0.5189 | Val Loss: 1.6695 Acc: 0.4815 F1: 0.4543 | Train Meta: n/a | Val Meta: n/a
Epoch  17/50 | Train Loss: 1.3994 Acc: 0.5125 F1: 0.4924 | Val Loss: 1.6066 Acc: 0.5185 F1: 0.4720 | Train Meta: n/a | Val Meta: n/a
Validation Loss decreased (1.654230 --> 1.606601). Saving best model...
Epoch  18/50 | Train Loss: 1.3755 Acc: 0.5292 F1: 0.5345 | Val Loss: 1.6534 Acc: 0.4444 F1: 0.3527 | Train Meta: n/a | Val Meta: n/a
Epoch  19/50 | Train Loss: 1.3421 Acc: 0.5375 F1: 0.5267 | Val Loss: 1.6478 Acc: 0.5185 F1: 0.4831 | Train Meta: n/a | Val Meta: n/a
Epoch  20/50 | Train Loss: 1.3260 Acc: 0.5250 F1: 0.5048 | Val Loss: 1.6322 Acc: 0.4444 F1: 0.4014 | Train Meta: n/a | Val Meta: n/a
Epoch  21/50 | Train Loss: 1.2865 Acc: 0.5958 F1: 0.5855 | Val Loss: 1.5676 Acc: 0.4815 F1: 0.4222 | Train Meta: n/a | Val Meta: n/a
Validation Loss decreased (1.606601 --> 1.567630). Saving best model...
Epoch  22/50 | Train Loss: 1.2754 Acc: 0.5958 F1: 0.5891 | Val Loss: 1.6107 Acc: 0.5185 F1: 0.4790 | Train Meta: n/a | Val Meta: n/a
Epoch  23/50 | Train Loss: 1.2559 Acc: 0.5958 F1: 0.5932 | Val Loss: 1.5861 Acc: 0.4444 F1: 0.3931 | Train Meta: n/a | Val Meta: n/a
Epoch  24/50 | Train Loss: 1.2565 Acc: 0.6167 F1: 0.6030 | Val Loss: 1.5854 Acc: 0.5185 F1: 0.4804 | Train Meta: n/a | Val Meta: n/a
Epoch  25/50 | Train Loss: 1.2192 Acc: 0.6125 F1: 0.6078 | Val Loss: 1.5928 Acc: 0.5185 F1: 0.4466 | Train Meta: n/a | Val Meta: n/a
Epoch  26/50 | Train Loss: 1.2202 Acc: 0.6000 F1: 0.5974 | Val Loss: 1.5493 Acc: 0.5185 F1: 0.4513 | Train Meta: n/a | Val Meta: n/a
Validation Loss decreased (1.567630 --> 1.549307). Saving best model...
Epoch  27/50 | Train Loss: 1.1992 Acc: 0.6083 F1: 0.5912 | Val Loss: 1.5672 Acc: 0.5556 F1: 0.5148 | Train Meta: n/a | Val Meta: n/a
Epoch  28/50 | Train Loss: 1.1884 Acc: 0.6292 F1: 0.6314 | Val Loss: 1.5141 Acc: 0.4444 F1: 0.3831 | Train Meta: n/a | Val Meta: n/a
Validation Loss decreased (1.549307 --> 1.514132). Saving best model...
Epoch  29/50 | Train Loss: 1.1697 Acc: 0.6083 F1: 0.6098 | Val Loss: 1.5503 Acc: 0.5556 F1: 0.5389 | Train Meta: n/a | Val Meta: n/a
Epoch  30/50 | Train Loss: 1.1658 Acc: 0.6083 F1: 0.5955 | Val Loss: 1.5304 Acc: 0.5556 F1: 0.5434 | Train Meta: n/a | Val Meta: n/a
Epoch  31/50 | Train Loss: 1.1460 Acc: 0.6375 F1: 0.6302 | Val Loss: 1.4930 Acc: 0.5556 F1: 0.5151 | Train Meta: n/a | Val Meta: n/a
Validation Loss decreased (1.514132 --> 1.492951). Saving best model...
Epoch  32/50 | Train Loss: 1.1440 Acc: 0.6083 F1: 0.6095 | Val Loss: 1.5301 Acc: 0.5185 F1: 0.4878 | Train Meta: n/a | Val Meta: n/a
Epoch  33/50 | Train Loss: 1.1184 Acc: 0.6583 F1: 0.6554 | Val Loss: 1.5301 Acc: 0.5556 F1: 0.5434 | Train Meta: n/a | Val Meta: n/a
Epoch  34/50 | Train Loss: 1.1022 Acc: 0.6750 F1: 0.6686 | Val Loss: 1.5024 Acc: 0.5556 F1: 0.5135 | Train Meta: n/a | Val Meta: n/a
Epoch  35/50 | Train Loss: 1.0865 Acc: 0.6625 F1: 0.6587 | Val Loss: 1.4924 Acc: 0.5556 F1: 0.5138 | Train Meta: n/a | Val Meta: n/a
Validation Loss decreased (1.492951 --> 1.492412). Saving best model...
Epoch  36/50 | Train Loss: 1.0865 Acc: 0.6500 F1: 0.6442 | Val Loss: 1.5411 Acc: 0.5556 F1: 0.5222 | Train Meta: n/a | Val Meta: n/a
Epoch  37/50 | Train Loss: 1.0741 Acc: 0.6542 F1: 0.6510 | Val Loss: 1.5283 Acc: 0.5556 F1: 0.5241 | Train Meta: n/a | Val Meta: n/a
Epoch  38/50 | Train Loss: 1.0833 Acc: 0.6542 F1: 0.6518 | Val Loss: 1.4619 Acc: 0.5185 F1: 0.4878 | Train Meta: n/a | Val Meta: n/a
Validation Loss decreased (1.492412 --> 1.461871). Saving best model...
Epoch  39/50 | Train Loss: 1.0537 Acc: 0.6500 F1: 0.6496 | Val Loss: 1.5083 Acc: 0.5926 F1: 0.5833 | Train Meta: n/a | Val Meta: n/a
Epoch  40/50 | Train Loss: 1.0463 Acc: 0.6833 F1: 0.6742 | Val Loss: 1.4665 Acc: 0.5556 F1: 0.5434 | Train Meta: n/a | Val Meta: n/a
Epoch  41/50 | Train Loss: 1.0424 Acc: 0.6458 F1: 0.6481 | Val Loss: 1.5104 Acc: 0.5556 F1: 0.5286 | Train Meta: n/a | Val Meta: n/a
Epoch  42/50 | Train Loss: 1.0383 Acc: 0.6500 F1: 0.6524 | Val Loss: 1.4573 Acc: 0.5185 F1: 0.4884 | Train Meta: n/a | Val Meta: n/a
Validation Loss decreased (1.461871 --> 1.457328). Saving best model...
Epoch  43/50 | Train Loss: 1.0264 Acc: 0.6833 F1: 0.6781 | Val Loss: 1.4713 Acc: 0.5556 F1: 0.5241 | Train Meta: n/a | Val Meta: n/a
Epoch  44/50 | Train Loss: 1.0098 Acc: 0.6708 F1: 0.6697 | Val Loss: 1.4943 Acc: 0.5556 F1: 0.5286 | Train Meta: n/a | Val Meta: n/a
Epoch  45/50 | Train Loss: 1.0009 Acc: 0.6875 F1: 0.6858 | Val Loss: 1.4358 Acc: 0.5185 F1: 0.4878 | Train Meta: n/a | Val Meta: n/a
Validation Loss decreased (1.457328 --> 1.435848). Saving best model...
Epoch  46/50 | Train Loss: 0.9946 Acc: 0.7000 F1: 0.7019 | Val Loss: 1.4695 Acc: 0.5556 F1: 0.5278 | Train Meta: n/a | Val Meta: n/a
Epoch  47/50 | Train Loss: 0.9844 Acc: 0.6750 F1: 0.6738 | Val Loss: 1.4054 Acc: 0.5185 F1: 0.4878 | Train Meta: n/a | Val Meta: n/a
Validation Loss decreased (1.435848 --> 1.405353). Saving best model...
Epoch  48/50 | Train Loss: 0.9886 Acc: 0.6833 F1: 0.6838 | Val Loss: 1.4960 Acc: 0.5556 F1: 0.5286 | Train Meta: n/a | Val Meta: n/a
Epoch  49/50 | Train Loss: 0.9593 Acc: 0.6917 F1: 0.6903 | Val Loss: 1.4173 Acc: 0.5556 F1: 0.5143 | Train Meta: n/a | Val Meta: n/a
Epoch  50/50 | Train Loss: 0.9695 Acc: 0.6917 F1: 0.6768 | Val Loss: 1.4432 Acc: 0.5926 F1: 0.5841 | Train Meta: n/a | Val Meta: n/a

Classification Test Result (JapaneseVowels)
Accuracy : 0.502703
F1 (macro): 0.497363
Saved attention maps for 3 sample(s) under ./runs/classification_electricity_to_JapaneseVowels_laya_mixer_text_stats_avg/attention_maps
Text metadata preview | dataset=PEMS-SF | domain=UEA | channels=963
   - channel_1: In the UEA domain, this channel belongs to the PEMS-SF dataset and represents the feature channel 1.
   - channel_2: In the UEA domain, this channel belongs to the PEMS-SF dataset and represents the feature channel 2.
   - ... (961 more channel descriptions)
Stats metadata preview | dataset=PEMS-SF | domain=UEA | channels=963
   - channel_1: Channel statistics over the training split: mean value is -0.000, standard deviation is 1.000, minimum value is -1.458, maximum value is 12.589, median value is 0.136, and mean absolute value is 0.674.
/data/pjh_workspace/ts-env/lib/python3.8/site-packages/torch/nn/modules/transformer.py:307: UserWarning: enable_nested_tensor is True, but self.use_nested_tensor is False because encoder_layer.norm_first was True
  warnings.warn(f"enable_nested_tensor is True, but self.use_nested_tensor is False because {why_not_sparsity_fast_path}")
==================================================
🚀 Architecture: LAYA
📊 Target Dataset: PEMS-SF (Channels: 963)
📊 Pretrain Info: electricity
📊 Classes: 7 | Sequence Length: 144
==================================================
✅ Loaded pretrained encoder from ./checkpoints/electricity_laya_mixer_text_stats_avg/laya_ts_electricity_s_best.pt
   - 113/113 keys matched.
✅ Encoder is FROZEN (Linear Probing mode).
📝 metadata: mode=text_stats_avg, fusion=add, relation=none
ℹ️  Metadata Fusion Mode: add
ℹ️  Channel Mixer Relation Mode: none
ℹ️  Encoder Variant: default
ℹ️  Channel Adapter: disabled for Laya downstream (mixer)
ℹ️  Channel Relation Block: disabled
✅ ClassificationHead: [B, 256] → [B, 7]
Epoch   1/50 | Train Loss: 2.0435 Acc: 0.1583 F1: 0.1089 | Val Loss: 2.1774 Acc: 0.0769 F1: 0.0765 | Train Meta: n/a | Val Meta: n/a
Validation Loss decreased (inf --> 2.177393). Saving best model...
Epoch   2/50 | Train Loss: 1.8622 Acc: 0.2625 F1: 0.2022 | Val Loss: 1.9284 Acc: 0.1923 F1: 0.0993 | Train Meta: n/a | Val Meta: n/a
Validation Loss decreased (2.177393 --> 1.928397). Saving best model...
Epoch   3/50 | Train Loss: 1.7953 Acc: 0.3125 F1: 0.2165 | Val Loss: 1.9167 Acc: 0.1538 F1: 0.0762 | Train Meta: n/a | Val Meta: n/a
Validation Loss decreased (1.928397 --> 1.916726). Saving best model...
Epoch   4/50 | Train Loss: 1.7441 Acc: 0.3417 F1: 0.2420 | Val Loss: 1.8790 Acc: 0.1154 F1: 0.1043 | Train Meta: n/a | Val Meta: n/a
Validation Loss decreased (1.916726 --> 1.878959). Saving best model...
Epoch   5/50 | Train Loss: 1.7035 Acc: 0.3375 F1: 0.2879 | Val Loss: 1.7892 Acc: 0.1538 F1: 0.0714 | Train Meta: n/a | Val Meta: n/a
Validation Loss decreased (1.878959 --> 1.789151). Saving best model...
Epoch   6/50 | Train Loss: 1.6769 Acc: 0.3542 F1: 0.2660 | Val Loss: 1.7886 Acc: 0.1923 F1: 0.1083 | Train Meta: n/a | Val Meta: n/a
Validation Loss decreased (1.789151 --> 1.788598). Saving best model...
Epoch   7/50 | Train Loss: 1.6272 Acc: 0.3333 F1: 0.2553 | Val Loss: 1.7728 Acc: 0.1538 F1: 0.0879 | Train Meta: n/a | Val Meta: n/a
Validation Loss decreased (1.788598 --> 1.772801). Saving best model...
Epoch   8/50 | Train Loss: 1.6018 Acc: 0.3583 F1: 0.2803 | Val Loss: 1.7441 Acc: 0.1923 F1: 0.1117 | Train Meta: n/a | Val Meta: n/a
Validation Loss decreased (1.772801 --> 1.744099). Saving best model...
Epoch   9/50 | Train Loss: 1.5765 Acc: 0.3750 F1: 0.3131 | Val Loss: 1.6922 Acc: 0.2308 F1: 0.1936 | Train Meta: n/a | Val Meta: n/a
Validation Loss decreased (1.744099 --> 1.692227). Saving best model...
Epoch  10/50 | Train Loss: 1.5658 Acc: 0.3625 F1: 0.3114 | Val Loss: 1.6830 Acc: 0.1923 F1: 0.1451 | Train Meta: n/a | Val Meta: n/a
Validation Loss decreased (1.692227 --> 1.683032). Saving best model...
Epoch  11/50 | Train Loss: 1.5509 Acc: 0.3792 F1: 0.3122 | Val Loss: 1.6792 Acc: 0.2308 F1: 0.2143 | Train Meta: n/a | Val Meta: n/a
Validation Loss decreased (1.683032 --> 1.679222). Saving best model...
Epoch  12/50 | Train Loss: 1.5403 Acc: 0.3667 F1: 0.3010 | Val Loss: 1.6538 Acc: 0.2308 F1: 0.1608 | Train Meta: n/a | Val Meta: n/a
Validation Loss decreased (1.679222 --> 1.653834). Saving best model...
Epoch  13/50 | Train Loss: 1.5226 Acc: 0.3917 F1: 0.3199 | Val Loss: 1.6605 Acc: 0.3077 F1: 0.2712 | Train Meta: n/a | Val Meta: n/a
Epoch  14/50 | Train Loss: 1.5103 Acc: 0.3750 F1: 0.3415 | Val Loss: 1.6482 Acc: 0.2308 F1: 0.1608 | Train Meta: n/a | Val Meta: n/a
Validation Loss decreased (1.653834 --> 1.648209). Saving best model...
Epoch  15/50 | Train Loss: 1.4866 Acc: 0.3667 F1: 0.3182 | Val Loss: 1.6207 Acc: 0.3077 F1: 0.2600 | Train Meta: n/a | Val Meta: n/a
Validation Loss decreased (1.648209 --> 1.620654). Saving best model...
Epoch  16/50 | Train Loss: 1.4729 Acc: 0.3833 F1: 0.3317 | Val Loss: 1.6023 Acc: 0.2692 F1: 0.2245 | Train Meta: n/a | Val Meta: n/a
Validation Loss decreased (1.620654 --> 1.602275). Saving best model...
Epoch  17/50 | Train Loss: 1.4663 Acc: 0.4042 F1: 0.3579 | Val Loss: 1.6248 Acc: 0.3077 F1: 0.2562 | Train Meta: n/a | Val Meta: n/a
Epoch  18/50 | Train Loss: 1.4525 Acc: 0.4083 F1: 0.3492 | Val Loss: 1.5482 Acc: 0.3462 F1: 0.2611 | Train Meta: n/a | Val Meta: n/a
Validation Loss decreased (1.602275 --> 1.548167). Saving best model...
Epoch  19/50 | Train Loss: 1.4390 Acc: 0.4042 F1: 0.3731 | Val Loss: 1.5348 Acc: 0.3462 F1: 0.2717 | Train Meta: n/a | Val Meta: n/a
Validation Loss decreased (1.548167 --> 1.534800). Saving best model...
Epoch  20/50 | Train Loss: 1.4362 Acc: 0.4125 F1: 0.3733 | Val Loss: 1.5842 Acc: 0.3077 F1: 0.2468 | Train Meta: n/a | Val Meta: n/a
Epoch  21/50 | Train Loss: 1.4132 Acc: 0.4125 F1: 0.3645 | Val Loss: 1.5165 Acc: 0.3462 F1: 0.2602 | Train Meta: n/a | Val Meta: n/a
Validation Loss decreased (1.534800 --> 1.516462). Saving best model...
Epoch  22/50 | Train Loss: 1.4253 Acc: 0.4333 F1: 0.4267 | Val Loss: 1.5430 Acc: 0.3462 F1: 0.3007 | Train Meta: n/a | Val Meta: n/a
Epoch  23/50 | Train Loss: 1.4064 Acc: 0.4208 F1: 0.3629 | Val Loss: 1.5538 Acc: 0.3077 F1: 0.2468 | Train Meta: n/a | Val Meta: n/a
Epoch  24/50 | Train Loss: 1.4158 Acc: 0.4083 F1: 0.3400 | Val Loss: 1.4712 Acc: 0.3846 F1: 0.3051 | Train Meta: n/a | Val Meta: n/a
Validation Loss decreased (1.516462 --> 1.471198). Saving best model...
Epoch  25/50 | Train Loss: 1.4034 Acc: 0.4292 F1: 0.4141 | Val Loss: 1.4847 Acc: 0.3846 F1: 0.3138 | Train Meta: n/a | Val Meta: n/a
Epoch  26/50 | Train Loss: 1.3827 Acc: 0.4167 F1: 0.3694 | Val Loss: 1.5220 Acc: 0.3077 F1: 0.2295 | Train Meta: n/a | Val Meta: n/a
Epoch  27/50 | Train Loss: 1.3810 Acc: 0.4125 F1: 0.3753 | Val Loss: 1.4744 Acc: 0.3846 F1: 0.3102 | Train Meta: n/a | Val Meta: n/a
Epoch  28/50 | Train Loss: 1.3948 Acc: 0.4125 F1: 0.3877 | Val Loss: 1.4618 Acc: 0.3846 F1: 0.3293 | Train Meta: n/a | Val Meta: n/a
Validation Loss decreased (1.471198 --> 1.461767). Saving best model...
Epoch  29/50 | Train Loss: 1.3728 Acc: 0.4333 F1: 0.3960 | Val Loss: 1.5180 Acc: 0.3462 F1: 0.2860 | Train Meta: n/a | Val Meta: n/a
Epoch  30/50 | Train Loss: 1.3598 Acc: 0.4583 F1: 0.4291 | Val Loss: 1.4434 Acc: 0.3846 F1: 0.2968 | Train Meta: n/a | Val Meta: n/a
Validation Loss decreased (1.461767 --> 1.443442). Saving best model...
Epoch  31/50 | Train Loss: 1.3641 Acc: 0.4208 F1: 0.3884 | Val Loss: 1.4622 Acc: 0.3846 F1: 0.3224 | Train Meta: n/a | Val Meta: n/a
Epoch  32/50 | Train Loss: 1.3563 Acc: 0.4500 F1: 0.4055 | Val Loss: 1.4979 Acc: 0.3846 F1: 0.3388 | Train Meta: n/a | Val Meta: n/a
Epoch  33/50 | Train Loss: 1.3528 Acc: 0.4375 F1: 0.4168 | Val Loss: 1.4320 Acc: 0.3846 F1: 0.3367 | Train Meta: n/a | Val Meta: n/a
Validation Loss decreased (1.443442 --> 1.432015). Saving best model...
Epoch  34/50 | Train Loss: 1.3502 Acc: 0.4417 F1: 0.4229 | Val Loss: 1.4809 Acc: 0.3846 F1: 0.3293 | Train Meta: n/a | Val Meta: n/a
Epoch  35/50 | Train Loss: 1.3461 Acc: 0.4542 F1: 0.4264 | Val Loss: 1.4131 Acc: 0.3846 F1: 0.3367 | Train Meta: n/a | Val Meta: n/a
Validation Loss decreased (1.432015 --> 1.413101). Saving best model...
Epoch  36/50 | Train Loss: 1.3323 Acc: 0.4458 F1: 0.4192 | Val Loss: 1.4253 Acc: 0.4231 F1: 0.3709 | Train Meta: n/a | Val Meta: n/a
Epoch  37/50 | Train Loss: 1.3197 Acc: 0.4542 F1: 0.4326 | Val Loss: 1.4293 Acc: 0.3846 F1: 0.3256 | Train Meta: n/a | Val Meta: n/a
Epoch  38/50 | Train Loss: 1.3288 Acc: 0.4375 F1: 0.3885 | Val Loss: 1.4614 Acc: 0.3846 F1: 0.3336 | Train Meta: n/a | Val Meta: n/a
Epoch  39/50 | Train Loss: 1.3163 Acc: 0.4167 F1: 0.3748 | Val Loss: 1.3902 Acc: 0.4615 F1: 0.4049 | Train Meta: n/a | Val Meta: n/a
Validation Loss decreased (1.413101 --> 1.390223). Saving best model...
Epoch  40/50 | Train Loss: 1.3152 Acc: 0.4792 F1: 0.4588 | Val Loss: 1.4355 Acc: 0.4231 F1: 0.3872 | Train Meta: n/a | Val Meta: n/a
Epoch  41/50 | Train Loss: 1.3148 Acc: 0.4875 F1: 0.4651 | Val Loss: 1.3957 Acc: 0.3846 F1: 0.3026 | Train Meta: n/a | Val Meta: n/a
Epoch  42/50 | Train Loss: 1.3089 Acc: 0.4625 F1: 0.4489 | Val Loss: 1.4215 Acc: 0.4231 F1: 0.3836 | Train Meta: n/a | Val Meta: n/a
Epoch  43/50 | Train Loss: 1.2957 Acc: 0.4833 F1: 0.4619 | Val Loss: 1.3925 Acc: 0.3462 F1: 0.2653 | Train Meta: n/a | Val Meta: n/a
Epoch  44/50 | Train Loss: 1.2971 Acc: 0.4958 F1: 0.4760 | Val Loss: 1.4095 Acc: 0.4231 F1: 0.3677 | Train Meta: n/a | Val Meta: n/a
Epoch  45/50 | Train Loss: 1.2989 Acc: 0.4792 F1: 0.4656 | Val Loss: 1.3871 Acc: 0.3462 F1: 0.2684 | Train Meta: n/a | Val Meta: n/a
Validation Loss decreased (1.390223 --> 1.387122). Saving best model...
Epoch  46/50 | Train Loss: 1.2972 Acc: 0.5000 F1: 0.4844 | Val Loss: 1.3903 Acc: 0.4231 F1: 0.3566 | Train Meta: n/a | Val Meta: n/a
Epoch  47/50 | Train Loss: 1.2891 Acc: 0.4500 F1: 0.4229 | Val Loss: 1.4012 Acc: 0.3846 F1: 0.3262 | Train Meta: n/a | Val Meta: n/a
Epoch  48/50 | Train Loss: 1.2941 Acc: 0.4792 F1: 0.4587 | Val Loss: 1.3866 Acc: 0.4231 F1: 0.3804 | Train Meta: n/a | Val Meta: n/a
Validation Loss decreased (1.387122 --> 1.386562). Saving best model...
Epoch  49/50 | Train Loss: 1.2778 Acc: 0.4708 F1: 0.4555 | Val Loss: 1.3848 Acc: 0.4615 F1: 0.4109 | Train Meta: n/a | Val Meta: n/a
Validation Loss decreased (1.386562 --> 1.384800). Saving best model...
Epoch  50/50 | Train Loss: 1.2870 Acc: 0.4792 F1: 0.4550 | Val Loss: 1.3648 Acc: 0.4231 F1: 0.3709 | Train Meta: n/a | Val Meta: n/a
Validation Loss decreased (1.384800 --> 1.364816). Saving best model...

Classification Test Result (PEMS-SF)
Accuracy : 0.364162
F1 (macro): 0.355288
Saved attention maps for 3 sample(s) under ./runs/classification_electricity_to_PEMS-SF_laya_mixer_text_stats_avg/attention_maps
Text metadata preview | dataset=SelfRegulationSCP1 | domain=UEA | channels=6
   - channel_1: In the UEA domain, this channel belongs to the SelfRegulationSCP1 dataset and represents the feature channel 1.
   - channel_2: In the UEA domain, this channel belongs to the SelfRegulationSCP1 dataset and represents the feature channel 2.
   - ... (4 more channel descriptions)
Stats metadata preview | dataset=SelfRegulationSCP1 | domain=UEA | channels=6
   - channel_1: Channel statistics over the training split: mean value is 0.000, standard deviation is 1.000, minimum value is -3.551, maximum value is 4.278, median value is -0.082, and mean absolute value is 0.761.
/data/pjh_workspace/ts-env/lib/python3.8/site-packages/torch/nn/modules/transformer.py:307: UserWarning: enable_nested_tensor is True, but self.use_nested_tensor is False because encoder_layer.norm_first was True
  warnings.warn(f"enable_nested_tensor is True, but self.use_nested_tensor is False because {why_not_sparsity_fast_path}")
==================================================
🚀 Architecture: LAYA
📊 Target Dataset: SelfRegulationSCP1 (Channels: 6)
📊 Pretrain Info: electricity
📊 Classes: 2 | Sequence Length: 896
==================================================
✅ Loaded pretrained encoder from ./checkpoints/electricity_laya_mixer_text_stats_avg/laya_ts_electricity_s_best.pt
   - 113/113 keys matched.
✅ Encoder is FROZEN (Linear Probing mode).
📝 metadata: mode=text_stats_avg, fusion=add, relation=none
ℹ️  Metadata Fusion Mode: add
ℹ️  Channel Mixer Relation Mode: none
ℹ️  Encoder Variant: default
ℹ️  Channel Adapter: disabled for Laya downstream (mixer)
ℹ️  Channel Relation Block: disabled
✅ ClassificationHead: [B, 256] → [B, 2]
Epoch   1/50 | Train Loss: 0.6390 Acc: 0.6875 F1: 0.6868 | Val Loss: 0.4482 Acc: 0.8462 F1: 0.8462 | Train Meta: n/a | Val Meta: n/a
Validation Loss decreased (inf --> 0.448176). Saving best model...
Epoch   2/50 | Train Loss: 0.6054 Acc: 0.6792 F1: 0.6789 | Val Loss: 0.4413 Acc: 0.8462 F1: 0.8462 | Train Meta: n/a | Val Meta: n/a
Validation Loss decreased (0.448176 --> 0.441317). Saving best model...
Epoch   3/50 | Train Loss: 0.5840 Acc: 0.7000 F1: 0.6979 | Val Loss: 0.4459 Acc: 0.8462 F1: 0.8462 | Train Meta: n/a | Val Meta: n/a
Epoch   4/50 | Train Loss: 0.5753 Acc: 0.7125 F1: 0.7117 | Val Loss: 0.4502 Acc: 0.8462 F1: 0.8462 | Train Meta: n/a | Val Meta: n/a
Epoch   5/50 | Train Loss: 0.5713 Acc: 0.7333 F1: 0.7321 | Val Loss: 0.4348 Acc: 0.8462 F1: 0.8462 | Train Meta: n/a | Val Meta: n/a
Validation Loss decreased (0.441317 --> 0.434815). Saving best model...
Epoch   6/50 | Train Loss: 0.5681 Acc: 0.7208 F1: 0.7182 | Val Loss: 0.4360 Acc: 0.8462 F1: 0.8462 | Train Meta: n/a | Val Meta: n/a
Epoch   7/50 | Train Loss: 0.5682 Acc: 0.7125 F1: 0.7093 | Val Loss: 0.4337 Acc: 0.8462 F1: 0.8462 | Train Meta: n/a | Val Meta: n/a
Validation Loss decreased (0.434815 --> 0.433731). Saving best model...
Epoch   8/50 | Train Loss: 0.5621 Acc: 0.7208 F1: 0.7178 | Val Loss: 0.4278 Acc: 0.8462 F1: 0.8462 | Train Meta: n/a | Val Meta: n/a
Validation Loss decreased (0.433731 --> 0.427759). Saving best model...
Epoch   9/50 | Train Loss: 0.5637 Acc: 0.7125 F1: 0.7111 | Val Loss: 0.4214 Acc: 0.8462 F1: 0.8462 | Train Meta: n/a | Val Meta: n/a
Validation Loss decreased (0.427759 --> 0.421437). Saving best model...
Epoch  10/50 | Train Loss: 0.5551 Acc: 0.6958 F1: 0.6900 | Val Loss: 0.4125 Acc: 0.8462 F1: 0.8462 | Train Meta: n/a | Val Meta: n/a
Validation Loss decreased (0.421437 --> 0.412483). Saving best model...
Epoch  11/50 | Train Loss: 0.5610 Acc: 0.7042 F1: 0.7019 | Val Loss: 0.4004 Acc: 0.8462 F1: 0.8462 | Train Meta: n/a | Val Meta: n/a
Validation Loss decreased (0.412483 --> 0.400382). Saving best model...
Epoch  12/50 | Train Loss: 0.5581 Acc: 0.6958 F1: 0.6900 | Val Loss: 0.4300 Acc: 0.8462 F1: 0.8462 | Train Meta: n/a | Val Meta: n/a
Epoch  13/50 | Train Loss: 0.5548 Acc: 0.7333 F1: 0.7318 | Val Loss: 0.4069 Acc: 0.8462 F1: 0.8462 | Train Meta: n/a | Val Meta: n/a
Epoch  14/50 | Train Loss: 0.5607 Acc: 0.6958 F1: 0.6876 | Val Loss: 0.4489 Acc: 0.8462 F1: 0.8462 | Train Meta: n/a | Val Meta: n/a
Epoch  15/50 | Train Loss: 0.5487 Acc: 0.7208 F1: 0.7194 | Val Loss: 0.3981 Acc: 0.8462 F1: 0.8462 | Train Meta: n/a | Val Meta: n/a
Validation Loss decreased (0.400382 --> 0.398137). Saving best model...
Epoch  16/50 | Train Loss: 0.5549 Acc: 0.7042 F1: 0.6998 | Val Loss: 0.4041 Acc: 0.8462 F1: 0.8462 | Train Meta: n/a | Val Meta: n/a
Epoch  17/50 | Train Loss: 0.5665 Acc: 0.7000 F1: 0.6998 | Val Loss: 0.3967 Acc: 0.8462 F1: 0.8462 | Train Meta: n/a | Val Meta: n/a
Validation Loss decreased (0.398137 --> 0.396680). Saving best model...
Epoch  18/50 | Train Loss: 0.5617 Acc: 0.7167 F1: 0.7101 | Val Loss: 0.4178 Acc: 0.8462 F1: 0.8462 | Train Meta: n/a | Val Meta: n/a
Epoch  19/50 | Train Loss: 0.5416 Acc: 0.7125 F1: 0.7114 | Val Loss: 0.3912 Acc: 0.8462 F1: 0.8462 | Train Meta: n/a | Val Meta: n/a
Validation Loss decreased (0.396680 --> 0.391191). Saving best model...
Epoch  20/50 | Train Loss: 0.5395 Acc: 0.7042 F1: 0.6985 | Val Loss: 0.3926 Acc: 0.8462 F1: 0.8462 | Train Meta: n/a | Val Meta: n/a
Epoch  21/50 | Train Loss: 0.5495 Acc: 0.7042 F1: 0.7014 | Val Loss: 0.3922 Acc: 0.8846 F1: 0.8844 | Train Meta: n/a | Val Meta: n/a
Epoch  22/50 | Train Loss: 0.5594 Acc: 0.7125 F1: 0.7111 | Val Loss: 0.3849 Acc: 0.8462 F1: 0.8462 | Train Meta: n/a | Val Meta: n/a
Validation Loss decreased (0.391191 --> 0.384867). Saving best model...
Epoch  23/50 | Train Loss: 0.5519 Acc: 0.7208 F1: 0.7148 | Val Loss: 0.4474 Acc: 0.8462 F1: 0.8462 | Train Meta: n/a | Val Meta: n/a
Epoch  24/50 | Train Loss: 0.5518 Acc: 0.6958 F1: 0.6957 | Val Loss: 0.3964 Acc: 0.8462 F1: 0.8462 | Train Meta: n/a | Val Meta: n/a
Epoch  25/50 | Train Loss: 0.5512 Acc: 0.7125 F1: 0.7088 | Val Loss: 0.3944 Acc: 0.8462 F1: 0.8462 | Train Meta: n/a | Val Meta: n/a
Epoch  26/50 | Train Loss: 0.5370 Acc: 0.7125 F1: 0.7055 | Val Loss: 0.4244 Acc: 0.8462 F1: 0.8462 | Train Meta: n/a | Val Meta: n/a
Epoch  27/50 | Train Loss: 0.5477 Acc: 0.7000 F1: 0.6975 | Val Loss: 0.3921 Acc: 0.8462 F1: 0.8462 | Train Meta: n/a | Val Meta: n/a
Epoch  28/50 | Train Loss: 0.5484 Acc: 0.7125 F1: 0.7103 | Val Loss: 0.3921 Acc: 0.8462 F1: 0.8462 | Train Meta: n/a | Val Meta: n/a
Epoch  29/50 | Train Loss: 0.5503 Acc: 0.7042 F1: 0.7019 | Val Loss: 0.3988 Acc: 0.8462 F1: 0.8462 | Train Meta: n/a | Val Meta: n/a
Epoch  30/50 | Train Loss: 0.5579 Acc: 0.7125 F1: 0.7076 | Val Loss: 0.4161 Acc: 0.8462 F1: 0.8462 | Train Meta: n/a | Val Meta: n/a
Epoch  31/50 | Train Loss: 0.5443 Acc: 0.7125 F1: 0.7098 | Val Loss: 0.4065 Acc: 0.8462 F1: 0.8462 | Train Meta: n/a | Val Meta: n/a
Epoch  32/50 | Train Loss: 0.5466 Acc: 0.6958 F1: 0.6907 | Val Loss: 0.4375 Acc: 0.8462 F1: 0.8462 | Train Meta: n/a | Val Meta: n/a
Epoch  33/50 | Train Loss: 0.5452 Acc: 0.7083 F1: 0.7070 | Val Loss: 0.3720 Acc: 0.8846 F1: 0.8844 | Train Meta: n/a | Val Meta: n/a
Validation Loss decreased (0.384867 --> 0.371965). Saving best model...
Epoch  34/50 | Train Loss: 0.5486 Acc: 0.7042 F1: 0.6998 | Val Loss: 0.4229 Acc: 0.8462 F1: 0.8462 | Train Meta: n/a | Val Meta: n/a
Epoch  35/50 | Train Loss: 0.5611 Acc: 0.7000 F1: 0.6952 | Val Loss: 0.4557 Acc: 0.8077 F1: 0.8074 | Train Meta: n/a | Val Meta: n/a
Epoch  36/50 | Train Loss: 0.5432 Acc: 0.7042 F1: 0.7040 | Val Loss: 0.3860 Acc: 0.8462 F1: 0.8462 | Train Meta: n/a | Val Meta: n/a
Epoch  37/50 | Train Loss: 0.5527 Acc: 0.7208 F1: 0.7167 | Val Loss: 0.4165 Acc: 0.8462 F1: 0.8462 | Train Meta: n/a | Val Meta: n/a
Epoch  38/50 | Train Loss: 0.5439 Acc: 0.7000 F1: 0.6975 | Val Loss: 0.4401 Acc: 0.8077 F1: 0.8074 | Train Meta: n/a | Val Meta: n/a
Epoch  39/50 | Train Loss: 0.5382 Acc: 0.7000 F1: 0.6959 | Val Loss: 0.3954 Acc: 0.8462 F1: 0.8462 | Train Meta: n/a | Val Meta: n/a
Epoch  40/50 | Train Loss: 0.5565 Acc: 0.6708 F1: 0.6666 | Val Loss: 0.4624 Acc: 0.7692 F1: 0.7679 | Train Meta: n/a | Val Meta: n/a
Epoch  41/50 | Train Loss: 0.5409 Acc: 0.7000 F1: 0.6970 | Val Loss: 0.3939 Acc: 0.8462 F1: 0.8462 | Train Meta: n/a | Val Meta: n/a
Epoch  42/50 | Train Loss: 0.5322 Acc: 0.7208 F1: 0.7173 | Val Loss: 0.4099 Acc: 0.8462 F1: 0.8462 | Train Meta: n/a | Val Meta: n/a
Epoch  43/50 | Train Loss: 0.5442 Acc: 0.7042 F1: 0.7033 | Val Loss: 0.4177 Acc: 0.8462 F1: 0.8462 | Train Meta: n/a | Val Meta: n/a
Epoch  44/50 | Train Loss: 0.5418 Acc: 0.7000 F1: 0.6914 | Val Loss: 0.3989 Acc: 0.8462 F1: 0.8462 | Train Meta: n/a | Val Meta: n/a
Epoch  45/50 | Train Loss: 0.5380 Acc: 0.7000 F1: 0.6931 | Val Loss: 0.4089 Acc: 0.8462 F1: 0.8462 | Train Meta: n/a | Val Meta: n/a
Epoch  46/50 | Train Loss: 0.5525 Acc: 0.7167 F1: 0.7164 | Val Loss: 0.3778 Acc: 0.8462 F1: 0.8462 | Train Meta: n/a | Val Meta: n/a
Epoch  47/50 | Train Loss: 0.5498 Acc: 0.7083 F1: 0.6991 | Val Loss: 0.4247 Acc: 0.8462 F1: 0.8462 | Train Meta: n/a | Val Meta: n/a
Epoch  48/50 | Train Loss: 0.5567 Acc: 0.6875 F1: 0.6871 | Val Loss: 0.3872 Acc: 0.8462 F1: 0.8462 | Train Meta: n/a | Val Meta: n/a
Epoch  49/50 | Train Loss: 0.5417 Acc: 0.7042 F1: 0.6998 | Val Loss: 0.3927 Acc: 0.8462 F1: 0.8462 | Train Meta: n/a | Val Meta: n/a
Epoch  50/50 | Train Loss: 0.5430 Acc: 0.7250 F1: 0.7222 | Val Loss: 0.4053 Acc: 0.8462 F1: 0.8462 | Train Meta: n/a | Val Meta: n/a

Classification Test Result (SelfRegulationSCP1)
Accuracy : 0.771331
F1 (macro): 0.762005
Saved attention maps for 3 sample(s) under ./runs/classification_electricity_to_SelfRegulationSCP1_laya_mixer_text_stats_avg/attention_maps
Text metadata preview | dataset=SelfRegulationSCP2 | domain=UEA | channels=7
   - channel_1: In the UEA domain, this channel belongs to the SelfRegulationSCP2 dataset and represents the feature channel 1.
   - channel_2: In the UEA domain, this channel belongs to the SelfRegulationSCP2 dataset and represents the feature channel 2.
   - ... (5 more channel descriptions)
Stats metadata preview | dataset=SelfRegulationSCP2 | domain=UEA | channels=7
   - channel_1: Channel statistics over the training split: mean value is -0.000, standard deviation is 1.000, minimum value is -4.648, maximum value is 5.579, median value is 0.006, and mean absolute value is 0.774.
/data/pjh_workspace/ts-env/lib/python3.8/site-packages/torch/nn/modules/transformer.py:307: UserWarning: enable_nested_tensor is True, but self.use_nested_tensor is False because encoder_layer.norm_first was True
  warnings.warn(f"enable_nested_tensor is True, but self.use_nested_tensor is False because {why_not_sparsity_fast_path}")
==================================================
🚀 Architecture: LAYA
📊 Target Dataset: SelfRegulationSCP2 (Channels: 7)
📊 Pretrain Info: electricity
📊 Classes: 2 | Sequence Length: 1152
==================================================
✅ Loaded pretrained encoder from ./checkpoints/electricity_laya_mixer_text_stats_avg/laya_ts_electricity_s_best.pt
   - 113/113 keys matched.
✅ Encoder is FROZEN (Linear Probing mode).
📝 metadata: mode=text_stats_avg, fusion=add, relation=none
ℹ️  Metadata Fusion Mode: add
ℹ️  Channel Mixer Relation Mode: none
ℹ️  Encoder Variant: default
ℹ️  Channel Adapter: disabled for Laya downstream (mixer)
ℹ️  Channel Relation Block: disabled
✅ ClassificationHead: [B, 256] → [B, 2]
Epoch   1/50 | Train Loss: 0.7451 Acc: 0.4773 F1: 0.4767 | Val Loss: 0.7270 Acc: 0.5000 F1: 0.4505 | Train Meta: n/a | Val Meta: n/a
Validation Loss decreased (inf --> 0.727046). Saving best model...
Epoch   2/50 | Train Loss: 0.6751 Acc: 0.5057 F1: 0.4743 | Val Loss: 0.6628 Acc: 0.6000 F1: 0.3750 | Train Meta: n/a | Val Meta: n/a
Validation Loss decreased (0.727046 --> 0.662756). Saving best model...
Epoch   3/50 | Train Loss: 0.6854 Acc: 0.4943 F1: 0.3667 | Val Loss: 0.6872 Acc: 0.6500 F1: 0.6267 | Train Meta: n/a | Val Meta: n/a
Epoch   4/50 | Train Loss: 0.6930 Acc: 0.5170 F1: 0.4167 | Val Loss: 0.6984 Acc: 0.6000 F1: 0.5960 | Train Meta: n/a | Val Meta: n/a
Epoch   5/50 | Train Loss: 0.6746 Acc: 0.5284 F1: 0.4954 | Val Loss: 0.6956 Acc: 0.5500 F1: 0.5200 | Train Meta: n/a | Val Meta: n/a
Epoch   6/50 | Train Loss: 0.6752 Acc: 0.4886 F1: 0.4832 | Val Loss: 0.6931 Acc: 0.4500 F1: 0.3732 | Train Meta: n/a | Val Meta: n/a
Epoch   7/50 | Train Loss: 0.6704 Acc: 0.5114 F1: 0.5098 | Val Loss: 0.7278 Acc: 0.4000 F1: 0.3407 | Train Meta: n/a | Val Meta: n/a
Epoch   8/50 | Train Loss: 0.6702 Acc: 0.5625 F1: 0.5445 | Val Loss: 0.7000 Acc: 0.5000 F1: 0.4949 | Train Meta: n/a | Val Meta: n/a
Epoch   9/50 | Train Loss: 0.6811 Acc: 0.5511 F1: 0.5167 | Val Loss: 0.7151 Acc: 0.4500 F1: 0.4373 | Train Meta: n/a | Val Meta: n/a
Epoch  10/50 | Train Loss: 0.6784 Acc: 0.5341 F1: 0.5182 | Val Loss: 0.7139 Acc: 0.4000 F1: 0.3939 | Train Meta: n/a | Val Meta: n/a
Epoch  11/50 | Train Loss: 0.6821 Acc: 0.5057 F1: 0.4564 | Val Loss: 0.7209 Acc: 0.4000 F1: 0.3407 | Train Meta: n/a | Val Meta: n/a
Epoch  12/50 | Train Loss: 0.6788 Acc: 0.5057 F1: 0.4604 | Val Loss: 0.7345 Acc: 0.4000 F1: 0.3407 | Train Meta: n/a | Val Meta: n/a
Epoch  13/50 | Train Loss: 0.6645 Acc: 0.5682 F1: 0.4755 | Val Loss: 0.7522 Acc: 0.4500 F1: 0.3732 | Train Meta: n/a | Val Meta: n/a
Epoch  14/50 | Train Loss: 0.6660 Acc: 0.5568 F1: 0.5559 | Val Loss: 0.7292 Acc: 0.4500 F1: 0.4373 | Train Meta: n/a | Val Meta: n/a
Epoch  15/50 | Train Loss: 0.6678 Acc: 0.5511 F1: 0.5458 | Val Loss: 0.7402 Acc: 0.4000 F1: 0.3939 | Train Meta: n/a | Val Meta: n/a
Epoch  16/50 | Train Loss: 0.6711 Acc: 0.5170 F1: 0.5087 | Val Loss: 0.7366 Acc: 0.4500 F1: 0.4373 | Train Meta: n/a | Val Meta: n/a
Epoch  17/50 | Train Loss: 0.6710 Acc: 0.5398 F1: 0.5106 | Val Loss: 0.7364 Acc: 0.4500 F1: 0.4373 | Train Meta: n/a | Val Meta: n/a
Epoch  18/50 | Train Loss: 0.6618 Acc: 0.5284 F1: 0.5216 | Val Loss: 0.7638 Acc: 0.4000 F1: 0.3407 | Train Meta: n/a | Val Meta: n/a
Epoch  19/50 | Train Loss: 0.6681 Acc: 0.5227 F1: 0.5121 | Val Loss: 0.7581 Acc: 0.4000 F1: 0.3939 | Train Meta: n/a | Val Meta: n/a
Epoch  20/50 | Train Loss: 0.6655 Acc: 0.5227 F1: 0.4939 | Val Loss: 0.7286 Acc: 0.5000 F1: 0.4792 | Train Meta: n/a | Val Meta: n/a
Epoch  21/50 | Train Loss: 0.6742 Acc: 0.5568 F1: 0.5396 | Val Loss: 0.7492 Acc: 0.3500 F1: 0.3484 | Train Meta: n/a | Val Meta: n/a
Epoch  22/50 | Train Loss: 0.6605 Acc: 0.5625 F1: 0.5618 | Val Loss: 0.7393 Acc: 0.4000 F1: 0.3939 | Train Meta: n/a | Val Meta: n/a
Epoch  23/50 | Train Loss: 0.6607 Acc: 0.5682 F1: 0.5636 | Val Loss: 0.7469 Acc: 0.3000 F1: 0.3000 | Train Meta: n/a | Val Meta: n/a
Epoch  24/50 | Train Loss: 0.6604 Acc: 0.5966 F1: 0.5896 | Val Loss: 0.7453 Acc: 0.3000 F1: 0.3000 | Train Meta: n/a | Val Meta: n/a
Epoch  25/50 | Train Loss: 0.6603 Acc: 0.6193 F1: 0.6192 | Val Loss: 0.7396 Acc: 0.4500 F1: 0.4373 | Train Meta: n/a | Val Meta: n/a
Epoch  26/50 | Train Loss: 0.6570 Acc: 0.5341 F1: 0.5319 | Val Loss: 0.7899 Acc: 0.2500 F1: 0.2327 | Train Meta: n/a | Val Meta: n/a
Epoch  27/50 | Train Loss: 0.6634 Acc: 0.5739 F1: 0.5620 | Val Loss: 0.7465 Acc: 0.4000 F1: 0.3939 | Train Meta: n/a | Val Meta: n/a
Epoch  28/50 | Train Loss: 0.6595 Acc: 0.6193 F1: 0.6192 | Val Loss: 0.7399 Acc: 0.4000 F1: 0.3939 | Train Meta: n/a | Val Meta: n/a
Epoch  29/50 | Train Loss: 0.6622 Acc: 0.5909 F1: 0.5856 | Val Loss: 0.7589 Acc: 0.3000 F1: 0.3000 | Train Meta: n/a | Val Meta: n/a
Epoch  30/50 | Train Loss: 0.6697 Acc: 0.5170 F1: 0.5170 | Val Loss: 0.7672 Acc: 0.3000 F1: 0.2708 | Train Meta: n/a | Val Meta: n/a
Epoch  31/50 | Train Loss: 0.6718 Acc: 0.5114 F1: 0.5062 | Val Loss: 0.7576 Acc: 0.3500 F1: 0.3484 | Train Meta: n/a | Val Meta: n/a
Epoch  32/50 | Train Loss: 0.6745 Acc: 0.5227 F1: 0.4844 | Val Loss: 0.7512 Acc: 0.4500 F1: 0.4133 | Train Meta: n/a | Val Meta: n/a
Epoch  33/50 | Train Loss: 0.6680 Acc: 0.5625 F1: 0.5289 | Val Loss: 0.7779 Acc: 0.3000 F1: 0.2708 | Train Meta: n/a | Val Meta: n/a
Epoch  34/50 | Train Loss: 0.6639 Acc: 0.5170 F1: 0.5101 | Val Loss: 0.7681 Acc: 0.2500 F1: 0.2481 | Train Meta: n/a | Val Meta: n/a
Epoch  35/50 | Train Loss: 0.6727 Acc: 0.5398 F1: 0.5230 | Val Loss: 0.7590 Acc: 0.4000 F1: 0.3750 | Train Meta: n/a | Val Meta: n/a
Epoch  36/50 | Train Loss: 0.6606 Acc: 0.5909 F1: 0.5883 | Val Loss: 0.7562 Acc: 0.3500 F1: 0.3484 | Train Meta: n/a | Val Meta: n/a
Epoch  37/50 | Train Loss: 0.6579 Acc: 0.5795 F1: 0.5782 | Val Loss: 0.7901 Acc: 0.2500 F1: 0.2327 | Train Meta: n/a | Val Meta: n/a
Epoch  38/50 | Train Loss: 0.6645 Acc: 0.5511 F1: 0.5511 | Val Loss: 0.7618 Acc: 0.3500 F1: 0.3484 | Train Meta: n/a | Val Meta: n/a
Epoch  39/50 | Train Loss: 0.6536 Acc: 0.6307 F1: 0.6301 | Val Loss: 0.7721 Acc: 0.3000 F1: 0.3000 | Train Meta: n/a | Val Meta: n/a
Epoch  40/50 | Train Loss: 0.6701 Acc: 0.5739 F1: 0.5348 | Val Loss: 0.7772 Acc: 0.2500 F1: 0.2481 | Train Meta: n/a | Val Meta: n/a
Epoch  41/50 | Train Loss: 0.6508 Acc: 0.5398 F1: 0.5230 | Val Loss: 0.7564 Acc: 0.4500 F1: 0.4133 | Train Meta: n/a | Val Meta: n/a
Epoch  42/50 | Train Loss: 0.6548 Acc: 0.5511 F1: 0.5304 | Val Loss: 0.7800 Acc: 0.3000 F1: 0.3000 | Train Meta: n/a | Val Meta: n/a
Epoch  43/50 | Train Loss: 0.6576 Acc: 0.5739 F1: 0.5441 | Val Loss: 0.7792 Acc: 0.3000 F1: 0.3000 | Train Meta: n/a | Val Meta: n/a
Epoch  44/50 | Train Loss: 0.6604 Acc: 0.5625 F1: 0.5549 | Val Loss: 0.7816 Acc: 0.2000 F1: 0.2000 | Train Meta: n/a | Val Meta: n/a
Epoch  45/50 | Train Loss: 0.6656 Acc: 0.5284 F1: 0.5228 | Val Loss: 0.7712 Acc: 0.3000 F1: 0.3000 | Train Meta: n/a | Val Meta: n/a
Epoch  46/50 | Train Loss: 0.6609 Acc: 0.5739 F1: 0.5381 | Val Loss: 0.8043 Acc: 0.3500 F1: 0.3067 | Train Meta: n/a | Val Meta: n/a
Epoch  47/50 | Train Loss: 0.6519 Acc: 0.5739 F1: 0.5651 | Val Loss: 0.7695 Acc: 0.4000 F1: 0.3750 | Train Meta: n/a | Val Meta: n/a
Epoch  48/50 | Train Loss: 0.6575 Acc: 0.5398 F1: 0.5208 | Val Loss: 0.7694 Acc: 0.3500 F1: 0.3484 | Train Meta: n/a | Val Meta: n/a
Epoch  49/50 | Train Loss: 0.6491 Acc: 0.6591 F1: 0.6589 | Val Loss: 0.7835 Acc: 0.3000 F1: 0.3000 | Train Meta: n/a | Val Meta: n/a
Epoch  50/50 | Train Loss: 0.6569 Acc: 0.6023 F1: 0.6014 | Val Loss: 0.7836 Acc: 0.3000 F1: 0.3000 | Train Meta: n/a | Val Meta: n/a

Classification Test Result (SelfRegulationSCP2)
Accuracy : 0.522222
F1 (macro): 0.404615
Saved attention maps for 3 sample(s) under ./runs/classification_electricity_to_SelfRegulationSCP2_laya_mixer_text_stats_avg/attention_maps
Text metadata preview | dataset=SpokenArabicDigits | domain=UEA | channels=13
   - channel_1: In the UEA domain, this channel belongs to the SpokenArabicDigits dataset and represents the feature channel 1.
   - channel_2: In the UEA domain, this channel belongs to the SpokenArabicDigits dataset and represents the feature channel 2.
   - ... (11 more channel descriptions)
Stats metadata preview | dataset=SpokenArabicDigits | domain=UEA | channels=13
   - channel_1: Channel statistics over the training split: mean value is -0.000, standard deviation is 0.999, minimum value is -5.497, maximum value is 4.002, median value is -0.412, and mean absolute value is 0.748.
/data/pjh_workspace/ts-env/lib/python3.8/site-packages/torch/nn/modules/transformer.py:307: UserWarning: enable_nested_tensor is True, but self.use_nested_tensor is False because encoder_layer.norm_first was True
  warnings.warn(f"enable_nested_tensor is True, but self.use_nested_tensor is False because {why_not_sparsity_fast_path}")
==================================================
🚀 Architecture: LAYA
📊 Target Dataset: SpokenArabicDigits (Channels: 13)
📊 Pretrain Info: electricity
📊 Classes: 10 | Sequence Length: 93
==================================================
✅ Loaded pretrained encoder from ./checkpoints/electricity_laya_mixer_text_stats_avg/laya_ts_electricity_s_best.pt
   - 113/113 keys matched.
✅ Encoder is FROZEN (Linear Probing mode).
📝 metadata: mode=text_stats_avg, fusion=add, relation=none
ℹ️  Metadata Fusion Mode: add
ℹ️  Channel Mixer Relation Mode: none
ℹ️  Encoder Variant: default
ℹ️  Channel Adapter: disabled for Laya downstream (mixer)
ℹ️  Channel Relation Block: disabled
✅ ClassificationHead: [B, 256] → [B, 10]
Epoch   1/50 | Train Loss: 2.1598 Acc: 0.2104 F1: 0.2011 | Val Loss: 2.0292 Acc: 0.2352 F1: 0.1841 | Train Meta: n/a | Val Meta: n/a
Validation Loss decreased (inf --> 2.029214). Saving best model...
Epoch   2/50 | Train Loss: 1.9987 Acc: 0.2903 F1: 0.2756 | Val Loss: 1.9209 Acc: 0.3338 F1: 0.2960 | Train Meta: n/a | Val Meta: n/a
Validation Loss decreased (2.029214 --> 1.920855). Saving best model...
Epoch   3/50 | Train Loss: 1.9130 Acc: 0.3314 F1: 0.3189 | Val Loss: 1.8559 Acc: 0.3323 F1: 0.2944 | Train Meta: n/a | Val Meta: n/a
Validation Loss decreased (1.920855 --> 1.855910). Saving best model...
Epoch   4/50 | Train Loss: 1.8484 Acc: 0.3657 F1: 0.3526 | Val Loss: 1.7693 Acc: 0.4082 F1: 0.3928 | Train Meta: n/a | Val Meta: n/a
Validation Loss decreased (1.855910 --> 1.769318). Saving best model...
Epoch   5/50 | Train Loss: 1.7912 Acc: 0.3856 F1: 0.3737 | Val Loss: 1.7342 Acc: 0.4082 F1: 0.3837 | Train Meta: n/a | Val Meta: n/a
Validation Loss decreased (1.769318 --> 1.734168). Saving best model...
Epoch   6/50 | Train Loss: 1.7593 Acc: 0.3903 F1: 0.3796 | Val Loss: 1.7324 Acc: 0.4112 F1: 0.3932 | Train Meta: n/a | Val Meta: n/a
Validation Loss decreased (1.734168 --> 1.732378). Saving best model...
Epoch   7/50 | Train Loss: 1.7105 Acc: 0.4191 F1: 0.4070 | Val Loss: 1.6775 Acc: 0.4036 F1: 0.3848 | Train Meta: n/a | Val Meta: n/a
Validation Loss decreased (1.732378 --> 1.677512). Saving best model...
Epoch   8/50 | Train Loss: 1.6781 Acc: 0.4250 F1: 0.4140 | Val Loss: 1.6343 Acc: 0.4552 F1: 0.4500 | Train Meta: n/a | Val Meta: n/a
Validation Loss decreased (1.677512 --> 1.634320). Saving best model...
Epoch   9/50 | Train Loss: 1.6504 Acc: 0.4360 F1: 0.4263 | Val Loss: 1.6341 Acc: 0.4219 F1: 0.3955 | Train Meta: n/a | Val Meta: n/a
Validation Loss decreased (1.634320 --> 1.634142). Saving best model...
Epoch  10/50 | Train Loss: 1.6279 Acc: 0.4409 F1: 0.4311 | Val Loss: 1.6411 Acc: 0.4431 F1: 0.4252 | Train Meta: n/a | Val Meta: n/a
Epoch  11/50 | Train Loss: 1.6017 Acc: 0.4575 F1: 0.4487 | Val Loss: 1.5821 Acc: 0.4385 F1: 0.4305 | Train Meta: n/a | Val Meta: n/a
Validation Loss decreased (1.634142 --> 1.582051). Saving best model...
Epoch  12/50 | Train Loss: 1.5804 Acc: 0.4601 F1: 0.4509 | Val Loss: 1.5707 Acc: 0.4598 F1: 0.4432 | Train Meta: n/a | Val Meta: n/a
Validation Loss decreased (1.582051 --> 1.570706). Saving best model...
Epoch  13/50 | Train Loss: 1.5586 Acc: 0.4788 F1: 0.4702 | Val Loss: 1.5311 Acc: 0.5008 F1: 0.4989 | Train Meta: n/a | Val Meta: n/a
Validation Loss decreased (1.570706 --> 1.531091). Saving best model...
Epoch  14/50 | Train Loss: 1.5411 Acc: 0.4808 F1: 0.4720 | Val Loss: 1.5202 Acc: 0.4856 F1: 0.4809 | Train Meta: n/a | Val Meta: n/a
Validation Loss decreased (1.531091 --> 1.520247). Saving best model...
Epoch  15/50 | Train Loss: 1.5199 Acc: 0.4889 F1: 0.4809 | Val Loss: 1.5131 Acc: 0.4856 F1: 0.4612 | Train Meta: n/a | Val Meta: n/a
Validation Loss decreased (1.520247 --> 1.513086). Saving best model...
Epoch  16/50 | Train Loss: 1.5087 Acc: 0.4847 F1: 0.4770 | Val Loss: 1.5028 Acc: 0.5099 F1: 0.5009 | Train Meta: n/a | Val Meta: n/a
Validation Loss decreased (1.513086 --> 1.502814). Saving best model...
Epoch  17/50 | Train Loss: 1.4890 Acc: 0.4995 F1: 0.4912 | Val Loss: 1.4733 Acc: 0.5220 F1: 0.5151 | Train Meta: n/a | Val Meta: n/a
Validation Loss decreased (1.502814 --> 1.473341). Saving best model...
Epoch  18/50 | Train Loss: 1.4736 Acc: 0.5010 F1: 0.4931 | Val Loss: 1.4514 Acc: 0.5114 F1: 0.5008 | Train Meta: n/a | Val Meta: n/a
Validation Loss decreased (1.473341 --> 1.451383). Saving best model...
Epoch  19/50 | Train Loss: 1.4541 Acc: 0.5131 F1: 0.5041 | Val Loss: 1.4460 Acc: 0.5099 F1: 0.5010 | Train Meta: n/a | Val Meta: n/a
Validation Loss decreased (1.451383 --> 1.445988). Saving best model...
Epoch  20/50 | Train Loss: 1.4424 Acc: 0.5160 F1: 0.5078 | Val Loss: 1.4363 Acc: 0.5266 F1: 0.5217 | Train Meta: n/a | Val Meta: n/a
Validation Loss decreased (1.445988 --> 1.436262). Saving best model...
Epoch  21/50 | Train Loss: 1.4276 Acc: 0.5244 F1: 0.5163 | Val Loss: 1.4601 Acc: 0.5250 F1: 0.4950 | Train Meta: n/a | Val Meta: n/a
Epoch  22/50 | Train Loss: 1.4153 Acc: 0.5271 F1: 0.5184 | Val Loss: 1.4096 Acc: 0.5311 F1: 0.5281 | Train Meta: n/a | Val Meta: n/a
Validation Loss decreased (1.436262 --> 1.409605). Saving best model...
Epoch  23/50 | Train Loss: 1.4053 Acc: 0.5307 F1: 0.5234 | Val Loss: 1.4103 Acc: 0.5311 F1: 0.5294 | Train Meta: n/a | Val Meta: n/a
Epoch  24/50 | Train Loss: 1.3892 Acc: 0.5355 F1: 0.5287 | Val Loss: 1.3845 Acc: 0.5417 F1: 0.5446 | Train Meta: n/a | Val Meta: n/a
Validation Loss decreased (1.409605 --> 1.384519). Saving best model...
Epoch  25/50 | Train Loss: 1.3787 Acc: 0.5366 F1: 0.5288 | Val Loss: 1.3788 Acc: 0.5539 F1: 0.5392 | Train Meta: n/a | Val Meta: n/a
Validation Loss decreased (1.384519 --> 1.378766). Saving best model...
Epoch  26/50 | Train Loss: 1.3678 Acc: 0.5468 F1: 0.5393 | Val Loss: 1.3786 Acc: 0.5372 F1: 0.5345 | Train Meta: n/a | Val Meta: n/a
Validation Loss decreased (1.378766 --> 1.378594). Saving best model...
Epoch  27/50 | Train Loss: 1.3556 Acc: 0.5489 F1: 0.5419 | Val Loss: 1.3802 Acc: 0.5296 F1: 0.5197 | Train Meta: n/a | Val Meta: n/a
Epoch  28/50 | Train Loss: 1.3425 Acc: 0.5542 F1: 0.5471 | Val Loss: 1.3590 Acc: 0.5645 F1: 0.5540 | Train Meta: n/a | Val Meta: n/a
Validation Loss decreased (1.378594 --> 1.359033). Saving best model...
Epoch  29/50 | Train Loss: 1.3342 Acc: 0.5559 F1: 0.5494 | Val Loss: 1.3387 Acc: 0.5508 F1: 0.5525 | Train Meta: n/a | Val Meta: n/a
Validation Loss decreased (1.359033 --> 1.338738). Saving best model...
Epoch  30/50 | Train Loss: 1.3255 Acc: 0.5622 F1: 0.5552 | Val Loss: 1.3336 Acc: 0.5478 F1: 0.5355 | Train Meta: n/a | Val Meta: n/a
Validation Loss decreased (1.338738 --> 1.333561). Saving best model...
Epoch  31/50 | Train Loss: 1.3089 Acc: 0.5664 F1: 0.5591 | Val Loss: 1.3284 Acc: 0.5660 F1: 0.5495 | Train Meta: n/a | Val Meta: n/a
Validation Loss decreased (1.333561 --> 1.328373). Saving best model...
Epoch  32/50 | Train Loss: 1.3015 Acc: 0.5689 F1: 0.5614 | Val Loss: 1.3018 Acc: 0.5797 F1: 0.5759 | Train Meta: n/a | Val Meta: n/a
Validation Loss decreased (1.328373 --> 1.301775). Saving best model...
Epoch  33/50 | Train Loss: 1.2949 Acc: 0.5711 F1: 0.5647 | Val Loss: 1.3098 Acc: 0.5706 F1: 0.5565 | Train Meta: n/a | Val Meta: n/a
Epoch  34/50 | Train Loss: 1.2862 Acc: 0.5788 F1: 0.5727 | Val Loss: 1.3041 Acc: 0.5812 F1: 0.5681 | Train Meta: n/a | Val Meta: n/a
Epoch  35/50 | Train Loss: 1.2799 Acc: 0.5735 F1: 0.5670 | Val Loss: 1.2738 Acc: 0.5599 F1: 0.5553 | Train Meta: n/a | Val Meta: n/a
Validation Loss decreased (1.301775 --> 1.273809). Saving best model...
Epoch  36/50 | Train Loss: 1.2665 Acc: 0.5834 F1: 0.5765 | Val Loss: 1.2809 Acc: 0.5842 F1: 0.5844 | Train Meta: n/a | Val Meta: n/a
Epoch  37/50 | Train Loss: 1.2587 Acc: 0.5893 F1: 0.5838 | Val Loss: 1.2786 Acc: 0.5827 F1: 0.5684 | Train Meta: n/a | Val Meta: n/a
Epoch  38/50 | Train Loss: 1.2506 Acc: 0.5943 F1: 0.5880 | Val Loss: 1.2736 Acc: 0.5979 F1: 0.5859 | Train Meta: n/a | Val Meta: n/a
Validation Loss decreased (1.273809 --> 1.273572). Saving best model...
Epoch  39/50 | Train Loss: 1.2440 Acc: 0.5952 F1: 0.5890 | Val Loss: 1.2560 Acc: 0.5994 F1: 0.6002 | Train Meta: n/a | Val Meta: n/a
Validation Loss decreased (1.273572 --> 1.256014). Saving best model...
Epoch  40/50 | Train Loss: 1.2376 Acc: 0.5937 F1: 0.5874 | Val Loss: 1.2397 Acc: 0.6100 F1: 0.6050 | Train Meta: n/a | Val Meta: n/a
Validation Loss decreased (1.256014 --> 1.239655). Saving best model...
Epoch  41/50 | Train Loss: 1.2255 Acc: 0.6044 F1: 0.5981 | Val Loss: 1.2342 Acc: 0.6070 F1: 0.6043 | Train Meta: n/a | Val Meta: n/a
Validation Loss decreased (1.239655 --> 1.234221). Saving best model...
Epoch  42/50 | Train Loss: 1.2191 Acc: 0.6066 F1: 0.6007 | Val Loss: 1.2367 Acc: 0.5873 F1: 0.5819 | Train Meta: n/a | Val Meta: n/a
Epoch  43/50 | Train Loss: 1.2116 Acc: 0.6018 F1: 0.5962 | Val Loss: 1.2393 Acc: 0.6146 F1: 0.6071 | Train Meta: n/a | Val Meta: n/a
Epoch  44/50 | Train Loss: 1.2038 Acc: 0.6117 F1: 0.6063 | Val Loss: 1.2390 Acc: 0.6085 F1: 0.5958 | Train Meta: n/a | Val Meta: n/a
Epoch  45/50 | Train Loss: 1.1969 Acc: 0.6137 F1: 0.6077 | Val Loss: 1.2084 Acc: 0.6146 F1: 0.6124 | Train Meta: n/a | Val Meta: n/a
Validation Loss decreased (1.234221 --> 1.208415). Saving best model...
Epoch  46/50 | Train Loss: 1.1911 Acc: 0.6159 F1: 0.6100 | Val Loss: 1.2000 Acc: 0.6252 F1: 0.6215 | Train Meta: n/a | Val Meta: n/a
Validation Loss decreased (1.208415 --> 1.200008). Saving best model...
Epoch  47/50 | Train Loss: 1.1842 Acc: 0.6181 F1: 0.6128 | Val Loss: 1.1912 Acc: 0.6252 F1: 0.6229 | Train Meta: n/a | Val Meta: n/a
Validation Loss decreased (1.200008 --> 1.191167). Saving best model...
Epoch  48/50 | Train Loss: 1.1787 Acc: 0.6198 F1: 0.6146 | Val Loss: 1.1958 Acc: 0.6176 F1: 0.6104 | Train Meta: n/a | Val Meta: n/a
Epoch  49/50 | Train Loss: 1.1712 Acc: 0.6242 F1: 0.6189 | Val Loss: 1.2055 Acc: 0.5933 F1: 0.5832 | Train Meta: n/a | Val Meta: n/a
Epoch  50/50 | Train Loss: 1.1683 Acc: 0.6231 F1: 0.6178 | Val Loss: 1.1930 Acc: 0.6146 F1: 0.6075 | Train Meta: n/a | Val Meta: n/a

Classification Test Result (SpokenArabicDigits)
Accuracy : 0.331060
F1 (macro): 0.320264
Saved attention maps for 3 sample(s) under ./runs/classification_electricity_to_SpokenArabicDigits_laya_mixer_text_stats_avg/attention_maps
Text metadata preview | dataset=UWaveGestureLibrary | domain=UEA | channels=3
   - channel_1: In the UEA domain, this channel belongs to the UWaveGestureLibrary dataset and represents the feature channel 1.
   - channel_2: In the UEA domain, this channel belongs to the UWaveGestureLibrary dataset and represents the feature channel 2.
   - ... (1 more channel descriptions)
Stats metadata preview | dataset=UWaveGestureLibrary | domain=UEA | channels=3
   - channel_1: Channel statistics over the training split: mean value is 0.000, standard deviation is 1.000, minimum value is -3.292, maximum value is 3.158, median value is 0.006, and mean absolute value is 0.835.
/data/pjh_workspace/ts-env/lib/python3.8/site-packages/torch/nn/modules/transformer.py:307: UserWarning: enable_nested_tensor is True, but self.use_nested_tensor is False because encoder_layer.norm_first was True
  warnings.warn(f"enable_nested_tensor is True, but self.use_nested_tensor is False because {why_not_sparsity_fast_path}")
==================================================
🚀 Architecture: LAYA
📊 Target Dataset: UWaveGestureLibrary (Channels: 3)
📊 Pretrain Info: electricity
📊 Classes: 8 | Sequence Length: 315
==================================================
✅ Loaded pretrained encoder from ./checkpoints/electricity_laya_mixer_text_stats_avg/laya_ts_electricity_s_best.pt
   - 113/113 keys matched.
✅ Encoder is FROZEN (Linear Probing mode).
📝 metadata: mode=text_stats_avg, fusion=add, relation=none
ℹ️  Metadata Fusion Mode: add
ℹ️  Channel Mixer Relation Mode: none
ℹ️  Encoder Variant: default
ℹ️  Channel Adapter: disabled for Laya downstream (mixer)
ℹ️  Channel Relation Block: disabled
✅ ClassificationHead: [B, 256] → [B, 8]
Epoch   1/50 | Train Loss: 2.0699 Acc: 0.1250 F1: 0.0421 | Val Loss: 2.0576 Acc: 0.1667 F1: 0.1122 | Train Meta: n/a | Val Meta: n/a
Validation Loss decreased (inf --> 2.057581). Saving best model...
Epoch   2/50 | Train Loss: 1.8191 Acc: 0.2188 F1: 0.1522 | Val Loss: 2.0199 Acc: 0.2500 F1: 0.2641 | Train Meta: n/a | Val Meta: n/a
Validation Loss decreased (2.057581 --> 2.019922). Saving best model...
Epoch   3/50 | Train Loss: 1.7821 Acc: 0.1875 F1: 0.1874 | Val Loss: 2.0736 Acc: 0.2500 F1: 0.1932 | Train Meta: n/a | Val Meta: n/a
Epoch   4/50 | Train Loss: 1.7199 Acc: 0.3021 F1: 0.2239 | Val Loss: 2.1067 Acc: 0.2500 F1: 0.1750 | Train Meta: n/a | Val Meta: n/a
Epoch   5/50 | Train Loss: 1.7234 Acc: 0.2396 F1: 0.1797 | Val Loss: 2.0220 Acc: 0.3333 F1: 0.2917 | Train Meta: n/a | Val Meta: n/a
Epoch   6/50 | Train Loss: 1.6506 Acc: 0.3125 F1: 0.2269 | Val Loss: 1.9495 Acc: 0.3333 F1: 0.2333 | Train Meta: n/a | Val Meta: n/a
Validation Loss decreased (2.019922 --> 1.949512). Saving best model...
Epoch   7/50 | Train Loss: 1.6440 Acc: 0.3333 F1: 0.2741 | Val Loss: 1.8891 Acc: 0.2500 F1: 0.2095 | Train Meta: n/a | Val Meta: n/a
Validation Loss decreased (1.949512 --> 1.889087). Saving best model...
Epoch   8/50 | Train Loss: 1.6221 Acc: 0.2917 F1: 0.2289 | Val Loss: 1.8742 Acc: 0.1667 F1: 0.1905 | Train Meta: n/a | Val Meta: n/a
Validation Loss decreased (1.889087 --> 1.874237). Saving best model...
Epoch   9/50 | Train Loss: 1.6097 Acc: 0.3438 F1: 0.2969 | Val Loss: 1.9135 Acc: 0.2500 F1: 0.2167 | Train Meta: n/a | Val Meta: n/a
Epoch  10/50 | Train Loss: 1.6006 Acc: 0.3646 F1: 0.3165 | Val Loss: 1.9198 Acc: 0.2500 F1: 0.1815 | Train Meta: n/a | Val Meta: n/a
Epoch  11/50 | Train Loss: 1.5782 Acc: 0.3438 F1: 0.2529 | Val Loss: 1.8935 Acc: 0.3333 F1: 0.2250 | Train Meta: n/a | Val Meta: n/a
Epoch  12/50 | Train Loss: 1.5329 Acc: 0.3438 F1: 0.2639 | Val Loss: 1.8503 Acc: 0.3333 F1: 0.2375 | Train Meta: n/a | Val Meta: n/a
Validation Loss decreased (1.874237 --> 1.850261). Saving best model...
Epoch  13/50 | Train Loss: 1.5604 Acc: 0.3542 F1: 0.3015 | Val Loss: 1.8423 Acc: 0.1667 F1: 0.1250 | Train Meta: n/a | Val Meta: n/a
Validation Loss decreased (1.850261 --> 1.842255). Saving best model...
Epoch  14/50 | Train Loss: 1.5391 Acc: 0.3646 F1: 0.3265 | Val Loss: 1.8460 Acc: 0.3333 F1: 0.2375 | Train Meta: n/a | Val Meta: n/a
Epoch  15/50 | Train Loss: 1.5407 Acc: 0.3438 F1: 0.3028 | Val Loss: 1.8092 Acc: 0.4167 F1: 0.2792 | Train Meta: n/a | Val Meta: n/a
Validation Loss decreased (1.842255 --> 1.809223). Saving best model...
Epoch  16/50 | Train Loss: 1.5056 Acc: 0.4167 F1: 0.3830 | Val Loss: 1.8034 Acc: 0.2500 F1: 0.1500 | Train Meta: n/a | Val Meta: n/a
Validation Loss decreased (1.809223 --> 1.803412). Saving best model...
Epoch  17/50 | Train Loss: 1.5187 Acc: 0.3958 F1: 0.3224 | Val Loss: 1.8113 Acc: 0.2500 F1: 0.1833 | Train Meta: n/a | Val Meta: n/a
Epoch  18/50 | Train Loss: 1.5111 Acc: 0.3646 F1: 0.3040 | Val Loss: 1.8146 Acc: 0.2500 F1: 0.1750 | Train Meta: n/a | Val Meta: n/a
Epoch  19/50 | Train Loss: 1.4862 Acc: 0.3854 F1: 0.3629 | Val Loss: 1.7567 Acc: 0.5000 F1: 0.3333 | Train Meta: n/a | Val Meta: n/a
Validation Loss decreased (1.803412 --> 1.756749). Saving best model...
Epoch  20/50 | Train Loss: 1.4912 Acc: 0.3958 F1: 0.3606 | Val Loss: 1.7434 Acc: 0.5000 F1: 0.3333 | Train Meta: n/a | Val Meta: n/a
Validation Loss decreased (1.756749 --> 1.743368). Saving best model...
Epoch  21/50 | Train Loss: 1.4795 Acc: 0.4167 F1: 0.3799 | Val Loss: 1.7722 Acc: 0.5000 F1: 0.3542 | Train Meta: n/a | Val Meta: n/a
Epoch  22/50 | Train Loss: 1.4904 Acc: 0.3854 F1: 0.3198 | Val Loss: 1.7964 Acc: 0.2500 F1: 0.2083 | Train Meta: n/a | Val Meta: n/a
Epoch  23/50 | Train Loss: 1.4766 Acc: 0.3333 F1: 0.2944 | Val Loss: 1.7770 Acc: 0.3333 F1: 0.2375 | Train Meta: n/a | Val Meta: n/a
Epoch  24/50 | Train Loss: 1.4712 Acc: 0.3542 F1: 0.3126 | Val Loss: 1.7758 Acc: 0.4167 F1: 0.2792 | Train Meta: n/a | Val Meta: n/a
Epoch  25/50 | Train Loss: 1.4217 Acc: 0.4167 F1: 0.3974 | Val Loss: 1.7431 Acc: 0.4167 F1: 0.2583 | Train Meta: n/a | Val Meta: n/a
Validation Loss decreased (1.743368 --> 1.743076). Saving best model...
Epoch  26/50 | Train Loss: 1.4697 Acc: 0.4271 F1: 0.3928 | Val Loss: 1.7527 Acc: 0.4167 F1: 0.2583 | Train Meta: n/a | Val Meta: n/a
Epoch  27/50 | Train Loss: 1.4729 Acc: 0.4062 F1: 0.3816 | Val Loss: 1.7235 Acc: 0.4167 F1: 0.2708 | Train Meta: n/a | Val Meta: n/a
Validation Loss decreased (1.743076 --> 1.723495). Saving best model...
Epoch  28/50 | Train Loss: 1.4131 Acc: 0.4896 F1: 0.4704 | Val Loss: 1.7092 Acc: 0.3333 F1: 0.2375 | Train Meta: n/a | Val Meta: n/a
Validation Loss decreased (1.723495 --> 1.709165). Saving best model...
Epoch  29/50 | Train Loss: 1.4065 Acc: 0.4583 F1: 0.4014 | Val Loss: 1.7425 Acc: 0.3333 F1: 0.2250 | Train Meta: n/a | Val Meta: n/a
Epoch  30/50 | Train Loss: 1.4268 Acc: 0.4375 F1: 0.4097 | Val Loss: 1.7251 Acc: 0.4167 F1: 0.2875 | Train Meta: n/a | Val Meta: n/a
Epoch  31/50 | Train Loss: 1.3958 Acc: 0.4167 F1: 0.4022 | Val Loss: 1.7050 Acc: 0.5000 F1: 0.3333 | Train Meta: n/a | Val Meta: n/a
Validation Loss decreased (1.709165 --> 1.705007). Saving best model...
Epoch  32/50 | Train Loss: 1.4216 Acc: 0.4583 F1: 0.4464 | Val Loss: 1.7143 Acc: 0.4167 F1: 0.2875 | Train Meta: n/a | Val Meta: n/a
Epoch  33/50 | Train Loss: 1.4241 Acc: 0.4271 F1: 0.4197 | Val Loss: 1.7026 Acc: 0.5000 F1: 0.3542 | Train Meta: n/a | Val Meta: n/a
Validation Loss decreased (1.705007 --> 1.702568). Saving best model...
Epoch  34/50 | Train Loss: 1.4050 Acc: 0.4792 F1: 0.4589 | Val Loss: 1.6487 Acc: 0.4167 F1: 0.2708 | Train Meta: n/a | Val Meta: n/a
Validation Loss decreased (1.702568 --> 1.648720). Saving best model...
Epoch  35/50 | Train Loss: 1.3933 Acc: 0.4583 F1: 0.4327 | Val Loss: 1.6716 Acc: 0.5000 F1: 0.3708 | Train Meta: n/a | Val Meta: n/a
Epoch  36/50 | Train Loss: 1.3825 Acc: 0.5104 F1: 0.4849 | Val Loss: 1.7361 Acc: 0.4167 F1: 0.2708 | Train Meta: n/a | Val Meta: n/a
Epoch  37/50 | Train Loss: 1.4121 Acc: 0.4375 F1: 0.3862 | Val Loss: 1.7991 Acc: 0.3333 F1: 0.2583 | Train Meta: n/a | Val Meta: n/a
Epoch  38/50 | Train Loss: 1.4014 Acc: 0.4479 F1: 0.3955 | Val Loss: 1.7418 Acc: 0.4167 F1: 0.2875 | Train Meta: n/a | Val Meta: n/a
Epoch  39/50 | Train Loss: 1.3662 Acc: 0.4583 F1: 0.4291 | Val Loss: 1.6510 Acc: 0.5000 F1: 0.3542 | Train Meta: n/a | Val Meta: n/a
Epoch  40/50 | Train Loss: 1.3619 Acc: 0.4688 F1: 0.4456 | Val Loss: 1.6231 Acc: 0.5000 F1: 0.3333 | Train Meta: n/a | Val Meta: n/a
Validation Loss decreased (1.648720 --> 1.623092). Saving best model...
Epoch  41/50 | Train Loss: 1.3628 Acc: 0.5000 F1: 0.4904 | Val Loss: 1.6557 Acc: 0.4167 F1: 0.2708 | Train Meta: n/a | Val Meta: n/a
Epoch  42/50 | Train Loss: 1.3789 Acc: 0.5104 F1: 0.4838 | Val Loss: 1.6709 Acc: 0.5000 F1: 0.3708 | Train Meta: n/a | Val Meta: n/a
Epoch  43/50 | Train Loss: 1.3551 Acc: 0.4792 F1: 0.4579 | Val Loss: 1.6468 Acc: 0.4167 F1: 0.2333 | Train Meta: n/a | Val Meta: n/a
Epoch  44/50 | Train Loss: 1.3619 Acc: 0.4896 F1: 0.4696 | Val Loss: 1.6585 Acc: 0.5000 F1: 0.3417 | Train Meta: n/a | Val Meta: n/a
Epoch  45/50 | Train Loss: 1.3404 Acc: 0.5000 F1: 0.4820 | Val Loss: 1.6546 Acc: 0.5000 F1: 0.3417 | Train Meta: n/a | Val Meta: n/a
Epoch  46/50 | Train Loss: 1.3117 Acc: 0.4688 F1: 0.4591 | Val Loss: 1.6424 Acc: 0.5000 F1: 0.3417 | Train Meta: n/a | Val Meta: n/a
Epoch  47/50 | Train Loss: 1.3548 Acc: 0.4792 F1: 0.4655 | Val Loss: 1.6445 Acc: 0.5000 F1: 0.3542 | Train Meta: n/a | Val Meta: n/a
Epoch  48/50 | Train Loss: 1.3135 Acc: 0.5000 F1: 0.4740 | Val Loss: 1.6198 Acc: 0.5000 F1: 0.3708 | Train Meta: n/a | Val Meta: n/a
Validation Loss decreased (1.623092 --> 1.619763). Saving best model...
Epoch  49/50 | Train Loss: 1.2857 Acc: 0.5208 F1: 0.4971 | Val Loss: 1.6062 Acc: 0.4167 F1: 0.2500 | Train Meta: n/a | Val Meta: n/a
Validation Loss decreased (1.619763 --> 1.606191). Saving best model...
Epoch  50/50 | Train Loss: 1.3478 Acc: 0.4896 F1: 0.4685 | Val Loss: 1.6343 Acc: 0.5000 F1: 0.3583 | Train Meta: n/a | Val Meta: n/a

Classification Test Result (UWaveGestureLibrary)
Accuracy : 0.303125
F1 (macro): 0.289094
Saved attention maps for 3 sample(s) under ./runs/classification_electricity_to_UWaveGestureLibrary_laya_mixer_text_stats_avg/attention_maps
Text metadata preview | dataset=ECG200 | domain=UCR | channels=1
   - channel_1: In the UCR domain, this channel belongs to the ECG200 dataset and represents the feature channel 1.
Stats metadata preview | dataset=ECG200 | domain=UCR | channels=1
   - channel_1: Channel statistics over the training split: mean value is -0.000, standard deviation is 1.000, minimum value is -2.631, maximum value is 4.221, median value is 0.226, and mean absolute value is 0.785.
/data/pjh_workspace/ts-env/lib/python3.8/site-packages/torch/nn/modules/transformer.py:307: UserWarning: enable_nested_tensor is True, but self.use_nested_tensor is False because encoder_layer.norm_first was True
  warnings.warn(f"enable_nested_tensor is True, but self.use_nested_tensor is False because {why_not_sparsity_fast_path}")
==================================================
🚀 Architecture: LAYA
📊 Target Dataset: ECG200 (Channels: 1)
📊 Pretrain Info: electricity
📊 Classes: 2 | Sequence Length: 96
==================================================
✅ Loaded pretrained encoder from ./checkpoints/electricity_laya_mixer_text_stats_avg/laya_ts_electricity_s_best.pt
   - 113/113 keys matched.
✅ Encoder is FROZEN (Linear Probing mode).
📝 metadata: mode=text_stats_avg, fusion=add, relation=none
ℹ️  Metadata Fusion Mode: add
ℹ️  Channel Mixer Relation Mode: none
ℹ️  Encoder Variant: default
ℹ️  Channel Adapter: disabled for Laya downstream (mixer)
ℹ️  Channel Relation Block: disabled
✅ ClassificationHead: [B, 256] → [B, 2]
Epoch   1/50 | Train Loss: 0.5557 Acc: 0.7125 F1: 0.4161 | Val Loss: 0.6724 Acc: 0.6000 F1: 0.3750 | Train Meta: n/a | Val Meta: n/a
Validation Loss decreased (inf --> 0.672373). Saving best model...
Epoch   2/50 | Train Loss: 0.5366 Acc: 0.7125 F1: 0.4161 | Val Loss: 0.6799 Acc: 0.6000 F1: 0.3750 | Train Meta: n/a | Val Meta: n/a
Epoch   3/50 | Train Loss: 0.5062 Acc: 0.7125 F1: 0.4161 | Val Loss: 0.7018 Acc: 0.6000 F1: 0.3750 | Train Meta: n/a | Val Meta: n/a
Epoch   4/50 | Train Loss: 0.5145 Acc: 0.7125 F1: 0.4548 | Val Loss: 0.6701 Acc: 0.6000 F1: 0.3750 | Train Meta: n/a | Val Meta: n/a
Validation Loss decreased (0.672373 --> 0.670072). Saving best model...
Epoch   5/50 | Train Loss: 0.5002 Acc: 0.7000 F1: 0.4489 | Val Loss: 0.6550 Acc: 0.6000 F1: 0.3750 | Train Meta: n/a | Val Meta: n/a
Validation Loss decreased (0.670072 --> 0.655032). Saving best model...
Epoch   6/50 | Train Loss: 0.4769 Acc: 0.7500 F1: 0.5408 | Val Loss: 0.6632 Acc: 0.6000 F1: 0.3750 | Train Meta: n/a | Val Meta: n/a
Epoch   7/50 | Train Loss: 0.4947 Acc: 0.7125 F1: 0.5399 | Val Loss: 0.6702 Acc: 0.6000 F1: 0.3750 | Train Meta: n/a | Val Meta: n/a
Epoch   8/50 | Train Loss: 0.4705 Acc: 0.7375 F1: 0.5322 | Val Loss: 0.6885 Acc: 0.6000 F1: 0.3750 | Train Meta: n/a | Val Meta: n/a
Epoch   9/50 | Train Loss: 0.4391 Acc: 0.7625 F1: 0.5999 | Val Loss: 0.6726 Acc: 0.6000 F1: 0.3750 | Train Meta: n/a | Val Meta: n/a
Epoch  10/50 | Train Loss: 0.4618 Acc: 0.7750 F1: 0.6774 | Val Loss: 0.6717 Acc: 0.6000 F1: 0.3750 | Train Meta: n/a | Val Meta: n/a
Epoch  11/50 | Train Loss: 0.4372 Acc: 0.7750 F1: 0.6774 | Val Loss: 0.6837 Acc: 0.6000 F1: 0.3750 | Train Meta: n/a | Val Meta: n/a
Epoch  12/50 | Train Loss: 0.4300 Acc: 0.7875 F1: 0.6213 | Val Loss: 0.7492 Acc: 0.6000 F1: 0.3750 | Train Meta: n/a | Val Meta: n/a
Epoch  13/50 | Train Loss: 0.4229 Acc: 0.7750 F1: 0.6104 | Val Loss: 0.7371 Acc: 0.6000 F1: 0.3750 | Train Meta: n/a | Val Meta: n/a
Epoch  14/50 | Train Loss: 0.4329 Acc: 0.7750 F1: 0.6308 | Val Loss: 0.7050 Acc: 0.6000 F1: 0.3750 | Train Meta: n/a | Val Meta: n/a
Epoch  15/50 | Train Loss: 0.4387 Acc: 0.7375 F1: 0.6309 | Val Loss: 0.6854 Acc: 0.6000 F1: 0.5238 | Train Meta: n/a | Val Meta: n/a
Epoch  16/50 | Train Loss: 0.4398 Acc: 0.7125 F1: 0.6343 | Val Loss: 0.6885 Acc: 0.6000 F1: 0.5238 | Train Meta: n/a | Val Meta: n/a
Epoch  17/50 | Train Loss: 0.4247 Acc: 0.7250 F1: 0.6333 | Val Loss: 0.7023 Acc: 0.6000 F1: 0.5238 | Train Meta: n/a | Val Meta: n/a
Epoch  18/50 | Train Loss: 0.4305 Acc: 0.7375 F1: 0.5991 | Val Loss: 0.7439 Acc: 0.6000 F1: 0.3750 | Train Meta: n/a | Val Meta: n/a
Epoch  19/50 | Train Loss: 0.4349 Acc: 0.7750 F1: 0.6484 | Val Loss: 0.7495 Acc: 0.6000 F1: 0.3750 | Train Meta: n/a | Val Meta: n/a
Epoch  20/50 | Train Loss: 0.4119 Acc: 0.7625 F1: 0.6526 | Val Loss: 0.7101 Acc: 0.6000 F1: 0.5238 | Train Meta: n/a | Val Meta: n/a
Epoch  21/50 | Train Loss: 0.4320 Acc: 0.7250 F1: 0.6449 | Val Loss: 0.7054 Acc: 0.6000 F1: 0.5238 | Train Meta: n/a | Val Meta: n/a
Epoch  22/50 | Train Loss: 0.4103 Acc: 0.7625 F1: 0.6979 | Val Loss: 0.7263 Acc: 0.6000 F1: 0.5238 | Train Meta: n/a | Val Meta: n/a
Epoch  23/50 | Train Loss: 0.4085 Acc: 0.7625 F1: 0.6199 | Val Loss: 0.7733 Acc: 0.6000 F1: 0.3750 | Train Meta: n/a | Val Meta: n/a
Epoch  24/50 | Train Loss: 0.3911 Acc: 0.7875 F1: 0.6599 | Val Loss: 0.7699 Acc: 0.6000 F1: 0.3750 | Train Meta: n/a | Val Meta: n/a
Epoch  25/50 | Train Loss: 0.4155 Acc: 0.7625 F1: 0.6373 | Val Loss: 0.7608 Acc: 0.6000 F1: 0.3750 | Train Meta: n/a | Val Meta: n/a
Epoch  26/50 | Train Loss: 0.4211 Acc: 0.7375 F1: 0.6440 | Val Loss: 0.7189 Acc: 0.6000 F1: 0.5238 | Train Meta: n/a | Val Meta: n/a
Epoch  27/50 | Train Loss: 0.4019 Acc: 0.7125 F1: 0.6229 | Val Loss: 0.7263 Acc: 0.6000 F1: 0.5238 | Train Meta: n/a | Val Meta: n/a
Epoch  28/50 | Train Loss: 0.3629 Acc: 0.7875 F1: 0.6755 | Val Loss: 0.7740 Acc: 0.6000 F1: 0.3750 | Train Meta: n/a | Val Meta: n/a
Epoch  29/50 | Train Loss: 0.3930 Acc: 0.7375 F1: 0.5799 | Val Loss: 0.7768 Acc: 0.6000 F1: 0.3750 | Train Meta: n/a | Val Meta: n/a
Epoch  30/50 | Train Loss: 0.3815 Acc: 0.7750 F1: 0.6774 | Val Loss: 0.7786 Acc: 0.6000 F1: 0.3750 | Train Meta: n/a | Val Meta: n/a
Epoch  31/50 | Train Loss: 0.3828 Acc: 0.7875 F1: 0.7012 | Val Loss: 0.7588 Acc: 0.5000 F1: 0.3333 | Train Meta: n/a | Val Meta: n/a
Epoch  32/50 | Train Loss: 0.3585 Acc: 0.8125 F1: 0.7137 | Val Loss: 0.7765 Acc: 0.5000 F1: 0.3333 | Train Meta: n/a | Val Meta: n/a
Epoch  33/50 | Train Loss: 0.3920 Acc: 0.7750 F1: 0.6894 | Val Loss: 0.8027 Acc: 0.6000 F1: 0.3750 | Train Meta: n/a | Val Meta: n/a
Epoch  34/50 | Train Loss: 0.3631 Acc: 0.8000 F1: 0.6875 | Val Loss: 0.7909 Acc: 0.6000 F1: 0.3750 | Train Meta: n/a | Val Meta: n/a
Epoch  35/50 | Train Loss: 0.3773 Acc: 0.7875 F1: 0.7118 | Val Loss: 0.7513 Acc: 0.6000 F1: 0.5238 | Train Meta: n/a | Val Meta: n/a
Epoch  36/50 | Train Loss: 0.3806 Acc: 0.7500 F1: 0.6949 | Val Loss: 0.7357 Acc: 0.6000 F1: 0.5238 | Train Meta: n/a | Val Meta: n/a
Epoch  37/50 | Train Loss: 0.3689 Acc: 0.7750 F1: 0.7094 | Val Loss: 0.7903 Acc: 0.5000 F1: 0.3333 | Train Meta: n/a | Val Meta: n/a
Epoch  38/50 | Train Loss: 0.3582 Acc: 0.7875 F1: 0.6755 | Val Loss: 0.8382 Acc: 0.6000 F1: 0.3750 | Train Meta: n/a | Val Meta: n/a
Epoch  39/50 | Train Loss: 0.3780 Acc: 0.7750 F1: 0.6774 | Val Loss: 0.7913 Acc: 0.5000 F1: 0.3333 | Train Meta: n/a | Val Meta: n/a
Epoch  40/50 | Train Loss: 0.3685 Acc: 0.7750 F1: 0.6484 | Val Loss: 0.7752 Acc: 0.5000 F1: 0.3333 | Train Meta: n/a | Val Meta: n/a
Epoch  41/50 | Train Loss: 0.3649 Acc: 0.7750 F1: 0.7000 | Val Loss: 0.7956 Acc: 0.5000 F1: 0.3333 | Train Meta: n/a | Val Meta: n/a
Epoch  42/50 | Train Loss: 0.3643 Acc: 0.7750 F1: 0.6894 | Val Loss: 0.7824 Acc: 0.5000 F1: 0.3333 | Train Meta: n/a | Val Meta: n/a
Epoch  43/50 | Train Loss: 0.3767 Acc: 0.7625 F1: 0.6660 | Val Loss: 0.7662 Acc: 0.6000 F1: 0.5238 | Train Meta: n/a | Val Meta: n/a
Epoch  44/50 | Train Loss: 0.3721 Acc: 0.7750 F1: 0.7000 | Val Loss: 0.7676 Acc: 0.6000 F1: 0.5238 | Train Meta: n/a | Val Meta: n/a
Epoch  45/50 | Train Loss: 0.3299 Acc: 0.7875 F1: 0.7012 | Val Loss: 0.7921 Acc: 0.5000 F1: 0.3333 | Train Meta: n/a | Val Meta: n/a
Epoch  46/50 | Train Loss: 0.3548 Acc: 0.7875 F1: 0.7118 | Val Loss: 0.7942 Acc: 0.5000 F1: 0.3333 | Train Meta: n/a | Val Meta: n/a
Epoch  47/50 | Train Loss: 0.3746 Acc: 0.7625 F1: 0.6885 | Val Loss: 0.7632 Acc: 0.6000 F1: 0.5238 | Train Meta: n/a | Val Meta: n/a
Epoch  48/50 | Train Loss: 0.3536 Acc: 0.7875 F1: 0.7118 | Val Loss: 0.7695 Acc: 0.6000 F1: 0.5238 | Train Meta: n/a | Val Meta: n/a
Epoch  49/50 | Train Loss: 0.3521 Acc: 0.8125 F1: 0.7457 | Val Loss: 0.7807 Acc: 0.5000 F1: 0.3333 | Train Meta: n/a | Val Meta: n/a
Epoch  50/50 | Train Loss: 0.3551 Acc: 0.7875 F1: 0.7213 | Val Loss: 0.7746 Acc: 0.6000 F1: 0.5238 | Train Meta: n/a | Val Meta: n/a

Classification Test Result (ECG200)
Accuracy : 0.650000
F1 (macro): 0.419665
Saved attention maps for 3 sample(s) under ./runs/classification_electricity_to_ECG200_laya_mixer_text_stats_avg/attention_maps
Text metadata preview | dataset=ECG5000 | domain=UCR | channels=1
   - channel_1: In the UCR domain, this channel belongs to the ECG5000 dataset and represents the feature channel 1.
Stats metadata preview | dataset=ECG5000 | domain=UCR | channels=1
   - channel_1: Channel statistics over the training split: mean value is 0.000, standard deviation is 1.000, minimum value is -5.818, maximum value is 4.073, median value is 0.187, and mean absolute value is 0.668.
/data/pjh_workspace/ts-env/lib/python3.8/site-packages/torch/nn/modules/transformer.py:307: UserWarning: enable_nested_tensor is True, but self.use_nested_tensor is False because encoder_layer.norm_first was True
  warnings.warn(f"enable_nested_tensor is True, but self.use_nested_tensor is False because {why_not_sparsity_fast_path}")
==================================================
🚀 Architecture: LAYA
📊 Target Dataset: ECG5000 (Channels: 1)
📊 Pretrain Info: electricity
📊 Classes: 5 | Sequence Length: 140
==================================================
✅ Loaded pretrained encoder from ./checkpoints/electricity_laya_mixer_text_stats_avg/laya_ts_electricity_s_best.pt
   - 113/113 keys matched.
✅ Encoder is FROZEN (Linear Probing mode).
📝 metadata: mode=text_stats_avg, fusion=add, relation=none
ℹ️  Metadata Fusion Mode: add
ℹ️  Channel Mixer Relation Mode: none
ℹ️  Encoder Variant: default
ℹ️  Channel Adapter: disabled for Laya downstream (mixer)
ℹ️  Channel Relation Block: disabled
✅ ClassificationHead: [B, 256] → [B, 5]
Epoch   1/50 | Train Loss: 1.0556 Acc: 0.5826 F1: 0.2376 | Val Loss: 0.6731 Acc: 0.7800 F1: 0.5234 | Train Meta: n/a | Val Meta: n/a
Validation Loss decreased (inf --> 0.673125). Saving best model...
Epoch   2/50 | Train Loss: 0.6696 Acc: 0.8103 F1: 0.3283 | Val Loss: 0.5295 Acc: 0.8800 F1: 0.5880 | Train Meta: n/a | Val Meta: n/a
Validation Loss decreased (0.673125 --> 0.529521). Saving best model...
Epoch   3/50 | Train Loss: 0.5788 Acc: 0.8415 F1: 0.3432 | Val Loss: 0.4690 Acc: 0.9200 F1: 0.6195 | Train Meta: n/a | Val Meta: n/a
Validation Loss decreased (0.529521 --> 0.468977). Saving best model...
Epoch   4/50 | Train Loss: 0.5381 Acc: 0.8438 F1: 0.3443 | Val Loss: 0.4471 Acc: 0.9400 F1: 0.6357 | Train Meta: n/a | Val Meta: n/a
Validation Loss decreased (0.468977 --> 0.447128). Saving best model...
Epoch   5/50 | Train Loss: 0.5215 Acc: 0.8482 F1: 0.3464 | Val Loss: 0.4130 Acc: 0.9200 F1: 0.6210 | Train Meta: n/a | Val Meta: n/a
Validation Loss decreased (0.447128 --> 0.412985). Saving best model...
Epoch   6/50 | Train Loss: 0.5009 Acc: 0.8460 F1: 0.3454 | Val Loss: 0.3865 Acc: 0.9200 F1: 0.6210 | Train Meta: n/a | Val Meta: n/a
Validation Loss decreased (0.412985 --> 0.386504). Saving best model...
Epoch   7/50 | Train Loss: 0.4865 Acc: 0.8460 F1: 0.3453 | Val Loss: 0.3801 Acc: 0.9400 F1: 0.6357 | Train Meta: n/a | Val Meta: n/a
Validation Loss decreased (0.386504 --> 0.380094). Saving best model...
Epoch   8/50 | Train Loss: 0.4697 Acc: 0.8482 F1: 0.3471 | Val Loss: 0.3757 Acc: 0.9400 F1: 0.6366 | Train Meta: n/a | Val Meta: n/a
Validation Loss decreased (0.380094 --> 0.375675). Saving best model...
Epoch   9/50 | Train Loss: 0.4645 Acc: 0.8482 F1: 0.3468 | Val Loss: 0.3597 Acc: 0.9400 F1: 0.6357 | Train Meta: n/a | Val Meta: n/a
Validation Loss decreased (0.375675 --> 0.359651). Saving best model...
Epoch  10/50 | Train Loss: 0.4579 Acc: 0.8527 F1: 0.3485 | Val Loss: 0.3496 Acc: 0.9600 F1: 0.6514 | Train Meta: n/a | Val Meta: n/a
Validation Loss decreased (0.359651 --> 0.349555). Saving best model...
Epoch  11/50 | Train Loss: 0.4514 Acc: 0.8594 F1: 0.3847 | Val Loss: 0.3492 Acc: 0.9600 F1: 0.6514 | Train Meta: n/a | Val Meta: n/a
Validation Loss decreased (0.349555 --> 0.349223). Saving best model...
Epoch  12/50 | Train Loss: 0.4366 Acc: 0.8638 F1: 0.4103 | Val Loss: 0.3565 Acc: 0.9400 F1: 0.6366 | Train Meta: n/a | Val Meta: n/a
Epoch  13/50 | Train Loss: 0.4326 Acc: 0.8616 F1: 0.3530 | Val Loss: 0.3342 Acc: 0.9600 F1: 0.6514 | Train Meta: n/a | Val Meta: n/a
Validation Loss decreased (0.349223 --> 0.334230). Saving best model...
Epoch  14/50 | Train Loss: 0.4243 Acc: 0.8594 F1: 0.4358 | Val Loss: 0.3334 Acc: 0.9600 F1: 0.6514 | Train Meta: n/a | Val Meta: n/a
Validation Loss decreased (0.334230 --> 0.333394). Saving best model...
Epoch  15/50 | Train Loss: 0.4181 Acc: 0.8683 F1: 0.3910 | Val Loss: 0.3407 Acc: 0.9600 F1: 0.6514 | Train Meta: n/a | Val Meta: n/a
Epoch  16/50 | Train Loss: 0.4169 Acc: 0.8728 F1: 0.4230 | Val Loss: 0.3227 Acc: 0.9600 F1: 0.6514 | Train Meta: n/a | Val Meta: n/a
Validation Loss decreased (0.333394 --> 0.322713). Saving best model...
Epoch  17/50 | Train Loss: 0.4101 Acc: 0.8638 F1: 0.3859 | Val Loss: 0.3257 Acc: 0.9400 F1: 0.6366 | Train Meta: n/a | Val Meta: n/a
Epoch  18/50 | Train Loss: 0.4041 Acc: 0.8661 F1: 0.3872 | Val Loss: 0.3220 Acc: 0.9600 F1: 0.6514 | Train Meta: n/a | Val Meta: n/a
Validation Loss decreased (0.322713 --> 0.321951). Saving best model...
Epoch  19/50 | Train Loss: 0.4012 Acc: 0.8728 F1: 0.4561 | Val Loss: 0.3018 Acc: 0.9600 F1: 0.6514 | Train Meta: n/a | Val Meta: n/a
Validation Loss decreased (0.321951 --> 0.301814). Saving best model...
Epoch  20/50 | Train Loss: 0.3976 Acc: 0.8705 F1: 0.3563 | Val Loss: 0.3051 Acc: 0.9600 F1: 0.6514 | Train Meta: n/a | Val Meta: n/a
Epoch  21/50 | Train Loss: 0.3936 Acc: 0.8750 F1: 0.4630 | Val Loss: 0.3238 Acc: 0.9400 F1: 0.6366 | Train Meta: n/a | Val Meta: n/a
Epoch  22/50 | Train Loss: 0.3860 Acc: 0.8705 F1: 0.3917 | Val Loss: 0.3009 Acc: 0.9600 F1: 0.6514 | Train Meta: n/a | Val Meta: n/a
Validation Loss decreased (0.301814 --> 0.300920). Saving best model...
Epoch  23/50 | Train Loss: 0.3788 Acc: 0.8795 F1: 0.4726 | Val Loss: 0.3060 Acc: 0.9600 F1: 0.6514 | Train Meta: n/a | Val Meta: n/a
Epoch  24/50 | Train Loss: 0.3678 Acc: 0.8772 F1: 0.4813 | Val Loss: 0.3010 Acc: 0.9600 F1: 0.6514 | Train Meta: n/a | Val Meta: n/a
Epoch  25/50 | Train Loss: 0.3731 Acc: 0.8906 F1: 0.4775 | Val Loss: 0.2890 Acc: 0.9600 F1: 0.6514 | Train Meta: n/a | Val Meta: n/a
Validation Loss decreased (0.300920 --> 0.288984). Saving best model...
Epoch  26/50 | Train Loss: 0.3678 Acc: 0.8817 F1: 0.4518 | Val Loss: 0.3053 Acc: 0.9400 F1: 0.6366 | Train Meta: n/a | Val Meta: n/a
Epoch  27/50 | Train Loss: 0.3672 Acc: 0.8862 F1: 0.4680 | Val Loss: 0.2929 Acc: 0.9600 F1: 0.6514 | Train Meta: n/a | Val Meta: n/a
Epoch  28/50 | Train Loss: 0.3537 Acc: 0.8839 F1: 0.4601 | Val Loss: 0.2925 Acc: 0.9400 F1: 0.6357 | Train Meta: n/a | Val Meta: n/a
Epoch  29/50 | Train Loss: 0.3586 Acc: 0.8929 F1: 0.4866 | Val Loss: 0.2865 Acc: 0.9600 F1: 0.6514 | Train Meta: n/a | Val Meta: n/a
Validation Loss decreased (0.288984 --> 0.286500). Saving best model...
Epoch  30/50 | Train Loss: 0.3518 Acc: 0.9018 F1: 0.5011 | Val Loss: 0.2887 Acc: 0.9400 F1: 0.6366 | Train Meta: n/a | Val Meta: n/a
Epoch  31/50 | Train Loss: 0.3497 Acc: 0.8929 F1: 0.4782 | Val Loss: 0.2938 Acc: 0.9400 F1: 0.6366 | Train Meta: n/a | Val Meta: n/a
Epoch  32/50 | Train Loss: 0.3421 Acc: 0.8884 F1: 0.4948 | Val Loss: 0.3147 Acc: 0.9400 F1: 0.6366 | Train Meta: n/a | Val Meta: n/a
Epoch  33/50 | Train Loss: 0.3508 Acc: 0.8839 F1: 0.4533 | Val Loss: 0.2900 Acc: 0.9400 F1: 0.6366 | Train Meta: n/a | Val Meta: n/a
Epoch  34/50 | Train Loss: 0.3402 Acc: 0.8906 F1: 0.4960 | Val Loss: 0.2962 Acc: 0.9400 F1: 0.6366 | Train Meta: n/a | Val Meta: n/a
Epoch  35/50 | Train Loss: 0.3372 Acc: 0.8951 F1: 0.4979 | Val Loss: 0.2888 Acc: 0.9400 F1: 0.6366 | Train Meta: n/a | Val Meta: n/a
Epoch  36/50 | Train Loss: 0.3356 Acc: 0.8862 F1: 0.4938 | Val Loss: 0.2989 Acc: 0.9400 F1: 0.6366 | Train Meta: n/a | Val Meta: n/a
Epoch  37/50 | Train Loss: 0.3307 Acc: 0.8884 F1: 0.4948 | Val Loss: 0.2961 Acc: 0.9400 F1: 0.6366 | Train Meta: n/a | Val Meta: n/a
Epoch  38/50 | Train Loss: 0.3289 Acc: 0.8862 F1: 0.4939 | Val Loss: 0.2903 Acc: 0.9400 F1: 0.6366 | Train Meta: n/a | Val Meta: n/a
Epoch  39/50 | Train Loss: 0.3205 Acc: 0.8929 F1: 0.4779 | Val Loss: 0.2766 Acc: 0.9400 F1: 0.6366 | Train Meta: n/a | Val Meta: n/a
Validation Loss decreased (0.286500 --> 0.276551). Saving best model...
Epoch  40/50 | Train Loss: 0.3270 Acc: 0.8862 F1: 0.4755 | Val Loss: 0.2831 Acc: 0.9400 F1: 0.6366 | Train Meta: n/a | Val Meta: n/a
Epoch  41/50 | Train Loss: 0.3295 Acc: 0.8862 F1: 0.4787 | Val Loss: 0.2914 Acc: 0.9400 F1: 0.6366 | Train Meta: n/a | Val Meta: n/a
Epoch  42/50 | Train Loss: 0.3146 Acc: 0.8906 F1: 0.4957 | Val Loss: 0.3116 Acc: 0.9200 F1: 0.6222 | Train Meta: n/a | Val Meta: n/a
Epoch  43/50 | Train Loss: 0.3354 Acc: 0.8951 F1: 0.4583 | Val Loss: 0.2861 Acc: 0.9400 F1: 0.6366 | Train Meta: n/a | Val Meta: n/a
Epoch  44/50 | Train Loss: 0.3199 Acc: 0.8884 F1: 0.4875 | Val Loss: 0.2879 Acc: 0.9400 F1: 0.6366 | Train Meta: n/a | Val Meta: n/a
Epoch  45/50 | Train Loss: 0.3178 Acc: 0.8929 F1: 0.4786 | Val Loss: 0.2800 Acc: 0.9400 F1: 0.6366 | Train Meta: n/a | Val Meta: n/a
Epoch  46/50 | Train Loss: 0.3057 Acc: 0.8973 F1: 0.4988 | Val Loss: 0.2822 Acc: 0.9200 F1: 0.6210 | Train Meta: n/a | Val Meta: n/a
Epoch  47/50 | Train Loss: 0.3032 Acc: 0.8996 F1: 0.4916 | Val Loss: 0.2812 Acc: 0.9400 F1: 0.6366 | Train Meta: n/a | Val Meta: n/a
Epoch  48/50 | Train Loss: 0.3006 Acc: 0.8996 F1: 0.4899 | Val Loss: 0.2790 Acc: 0.9400 F1: 0.6366 | Train Meta: n/a | Val Meta: n/a
Epoch  49/50 | Train Loss: 0.2960 Acc: 0.9062 F1: 0.5029 | Val Loss: 0.2761 Acc: 0.9200 F1: 0.6210 | Train Meta: n/a | Val Meta: n/a
Validation Loss decreased (0.276551 --> 0.276134). Saving best model...
Epoch  50/50 | Train Loss: 0.3048 Acc: 0.8951 F1: 0.4900 | Val Loss: 0.2747 Acc: 0.9200 F1: 0.6210 | Train Meta: n/a | Val Meta: n/a
Validation Loss decreased (0.276134 --> 0.274669). Saving best model...

Classification Test Result (ECG5000)
Accuracy : 0.886222
F1 (macro): 0.396860
Saved attention maps for 3 sample(s) under ./runs/classification_electricity_to_ECG5000_laya_mixer_text_stats_avg/attention_maps
Text metadata preview | dataset=FordA | domain=UCR | channels=1
   - channel_1: In the UCR domain, this channel belongs to the FordA dataset and represents the feature channel 1.
Stats metadata preview | dataset=FordA | domain=UCR | channels=1
   - channel_1: Channel statistics over the training split: mean value is 0.000, standard deviation is 1.000, minimum value is -4.622, maximum value is 5.064, median value is -0.001, and mean absolute value is 0.801.
/data/pjh_workspace/ts-env/lib/python3.8/site-packages/torch/nn/modules/transformer.py:307: UserWarning: enable_nested_tensor is True, but self.use_nested_tensor is False because encoder_layer.norm_first was True
  warnings.warn(f"enable_nested_tensor is True, but self.use_nested_tensor is False because {why_not_sparsity_fast_path}")
==================================================
🚀 Architecture: LAYA
📊 Target Dataset: FordA (Channels: 1)
📊 Pretrain Info: electricity
📊 Classes: 2 | Sequence Length: 500
==================================================
✅ Loaded pretrained encoder from ./checkpoints/electricity_laya_mixer_text_stats_avg/laya_ts_electricity_s_best.pt
   - 113/113 keys matched.
✅ Encoder is FROZEN (Linear Probing mode).
📝 metadata: mode=text_stats_avg, fusion=add, relation=none
ℹ️  Metadata Fusion Mode: add
ℹ️  Channel Mixer Relation Mode: none
ℹ️  Encoder Variant: default
ℹ️  Channel Adapter: disabled for Laya downstream (mixer)
ℹ️  Channel Relation Block: disabled
✅ ClassificationHead: [B, 256] → [B, 2]
Epoch   1/50 | Train Loss: 0.6966 Acc: 0.5455 F1: 0.5429 | Val Loss: 0.6876 Acc: 0.5167 F1: 0.4442 | Train Meta: n/a | Val Meta: n/a
Validation Loss decreased (inf --> 0.687555). Saving best model...
Epoch   2/50 | Train Loss: 0.6876 Acc: 0.5402 F1: 0.5395 | Val Loss: 0.6835 Acc: 0.5417 F1: 0.5159 | Train Meta: n/a | Val Meta: n/a
Validation Loss decreased (0.687555 --> 0.683544). Saving best model...
Epoch   3/50 | Train Loss: 0.6883 Acc: 0.5514 F1: 0.5503 | Val Loss: 0.6748 Acc: 0.5778 F1: 0.5720 | Train Meta: n/a | Val Meta: n/a
Validation Loss decreased (0.683544 --> 0.674825). Saving best model...
Epoch   4/50 | Train Loss: 0.6735 Acc: 0.5653 F1: 0.5642 | Val Loss: 0.6936 Acc: 0.5278 F1: 0.3923 | Train Meta: n/a | Val Meta: n/a
Epoch   5/50 | Train Loss: 0.6727 Acc: 0.5709 F1: 0.5696 | Val Loss: 0.6660 Acc: 0.5778 F1: 0.5778 | Train Meta: n/a | Val Meta: n/a
Validation Loss decreased (0.674825 --> 0.666021). Saving best model...
Epoch   6/50 | Train Loss: 0.6690 Acc: 0.5801 F1: 0.5792 | Val Loss: 0.6703 Acc: 0.5694 F1: 0.5427 | Train Meta: n/a | Val Meta: n/a
Epoch   7/50 | Train Loss: 0.6665 Acc: 0.5838 F1: 0.5829 | Val Loss: 0.6779 Acc: 0.5528 F1: 0.4744 | Train Meta: n/a | Val Meta: n/a
Epoch   8/50 | Train Loss: 0.6618 Acc: 0.5947 F1: 0.5936 | Val Loss: 0.6618 Acc: 0.5806 F1: 0.5739 | Train Meta: n/a | Val Meta: n/a
Validation Loss decreased (0.666021 --> 0.661780). Saving best model...
Epoch   9/50 | Train Loss: 0.6629 Acc: 0.5808 F1: 0.5803 | Val Loss: 0.6628 Acc: 0.5694 F1: 0.5620 | Train Meta: n/a | Val Meta: n/a
Epoch  10/50 | Train Loss: 0.6630 Acc: 0.6018 F1: 0.6015 | Val Loss: 0.6595 Acc: 0.5972 F1: 0.5876 | Train Meta: n/a | Val Meta: n/a
Validation Loss decreased (0.661780 --> 0.659503). Saving best model...
Epoch  11/50 | Train Loss: 0.6585 Acc: 0.5931 F1: 0.5927 | Val Loss: 0.6592 Acc: 0.5639 F1: 0.5510 | Train Meta: n/a | Val Meta: n/a
Validation Loss decreased (0.659503 --> 0.659218). Saving best model...
Epoch  12/50 | Train Loss: 0.6551 Acc: 0.6077 F1: 0.6072 | Val Loss: 0.6558 Acc: 0.5833 F1: 0.5722 | Train Meta: n/a | Val Meta: n/a
Validation Loss decreased (0.659218 --> 0.655769). Saving best model...
Epoch  13/50 | Train Loss: 0.6628 Acc: 0.5780 F1: 0.5768 | Val Loss: 0.6582 Acc: 0.6028 F1: 0.5827 | Train Meta: n/a | Val Meta: n/a
Epoch  14/50 | Train Loss: 0.6565 Acc: 0.5950 F1: 0.5949 | Val Loss: 0.6929 Acc: 0.5583 F1: 0.4933 | Train Meta: n/a | Val Meta: n/a
Epoch  15/50 | Train Loss: 0.6570 Acc: 0.6027 F1: 0.6025 | Val Loss: 0.6640 Acc: 0.5833 F1: 0.5351 | Train Meta: n/a | Val Meta: n/a
Epoch  16/50 | Train Loss: 0.6487 Acc: 0.6136 F1: 0.6135 | Val Loss: 0.6558 Acc: 0.6111 F1: 0.6000 | Train Meta: n/a | Val Meta: n/a
Validation Loss decreased (0.655769 --> 0.655756). Saving best model...
Epoch  17/50 | Train Loss: 0.6516 Acc: 0.6027 F1: 0.6022 | Val Loss: 0.6490 Acc: 0.6056 F1: 0.6050 | Train Meta: n/a | Val Meta: n/a
Validation Loss decreased (0.655756 --> 0.648974). Saving best model...
Epoch  18/50 | Train Loss: 0.6489 Acc: 0.6018 F1: 0.6011 | Val Loss: 0.6617 Acc: 0.5806 F1: 0.5447 | Train Meta: n/a | Val Meta: n/a
Epoch  19/50 | Train Loss: 0.6575 Acc: 0.5938 F1: 0.5933 | Val Loss: 0.6460 Acc: 0.6222 F1: 0.6222 | Train Meta: n/a | Val Meta: n/a
Validation Loss decreased (0.648974 --> 0.645970). Saving best model...
Epoch  20/50 | Train Loss: 0.6468 Acc: 0.6173 F1: 0.6171 | Val Loss: 0.6582 Acc: 0.5972 F1: 0.5697 | Train Meta: n/a | Val Meta: n/a
Epoch  21/50 | Train Loss: 0.6485 Acc: 0.6105 F1: 0.6104 | Val Loss: 0.6455 Acc: 0.6056 F1: 0.6055 | Train Meta: n/a | Val Meta: n/a
Validation Loss decreased (0.645970 --> 0.645516). Saving best model...
Epoch  22/50 | Train Loss: 0.6531 Acc: 0.5968 F1: 0.5965 | Val Loss: 0.6479 Acc: 0.5944 F1: 0.5877 | Train Meta: n/a | Val Meta: n/a
Epoch  23/50 | Train Loss: 0.6426 Acc: 0.6129 F1: 0.6127 | Val Loss: 0.6473 Acc: 0.5944 F1: 0.5923 | Train Meta: n/a | Val Meta: n/a
Epoch  24/50 | Train Loss: 0.6410 Acc: 0.6176 F1: 0.6174 | Val Loss: 0.6434 Acc: 0.6139 F1: 0.6053 | Train Meta: n/a | Val Meta: n/a
Validation Loss decreased (0.645516 --> 0.643375). Saving best model...
Epoch  25/50 | Train Loss: 0.6429 Acc: 0.6129 F1: 0.6124 | Val Loss: 0.6802 Acc: 0.5806 F1: 0.5310 | Train Meta: n/a | Val Meta: n/a
Epoch  26/50 | Train Loss: 0.6408 Acc: 0.6160 F1: 0.6153 | Val Loss: 0.6727 Acc: 0.5778 F1: 0.5307 | Train Meta: n/a | Val Meta: n/a
Epoch  27/50 | Train Loss: 0.6460 Acc: 0.6160 F1: 0.6160 | Val Loss: 0.6432 Acc: 0.6000 F1: 0.5950 | Train Meta: n/a | Val Meta: n/a
Validation Loss decreased (0.643375 --> 0.643226). Saving best model...
Epoch  28/50 | Train Loss: 0.6398 Acc: 0.6238 F1: 0.6238 | Val Loss: 0.6404 Acc: 0.5972 F1: 0.5958 | Train Meta: n/a | Val Meta: n/a
Validation Loss decreased (0.643226 --> 0.640391). Saving best model...
Epoch  29/50 | Train Loss: 0.6390 Acc: 0.6101 F1: 0.6100 | Val Loss: 0.6452 Acc: 0.5972 F1: 0.5789 | Train Meta: n/a | Val Meta: n/a
Epoch  30/50 | Train Loss: 0.6367 Acc: 0.6154 F1: 0.6151 | Val Loss: 0.6452 Acc: 0.6139 F1: 0.5983 | Train Meta: n/a | Val Meta: n/a
Epoch  31/50 | Train Loss: 0.6369 Acc: 0.6151 F1: 0.6149 | Val Loss: 0.6465 Acc: 0.6167 F1: 0.5978 | Train Meta: n/a | Val Meta: n/a
Epoch  32/50 | Train Loss: 0.6406 Acc: 0.6040 F1: 0.6039 | Val Loss: 0.6804 Acc: 0.5750 F1: 0.4900 | Train Meta: n/a | Val Meta: n/a
Epoch  33/50 | Train Loss: 0.6391 Acc: 0.6089 F1: 0.6085 | Val Loss: 0.6403 Acc: 0.6111 F1: 0.5976 | Train Meta: n/a | Val Meta: n/a
Validation Loss decreased (0.640391 --> 0.640340). Saving best model...
Epoch  34/50 | Train Loss: 0.6359 Acc: 0.6219 F1: 0.6219 | Val Loss: 0.6394 Acc: 0.5944 F1: 0.5871 | Train Meta: n/a | Val Meta: n/a
Validation Loss decreased (0.640340 --> 0.639431). Saving best model...
Epoch  35/50 | Train Loss: 0.6349 Acc: 0.6287 F1: 0.6286 | Val Loss: 0.6387 Acc: 0.6222 F1: 0.6213 | Train Meta: n/a | Val Meta: n/a
Validation Loss decreased (0.639431 --> 0.638668). Saving best model...
Epoch  36/50 | Train Loss: 0.6377 Acc: 0.6219 F1: 0.6219 | Val Loss: 0.6390 Acc: 0.6111 F1: 0.6007 | Train Meta: n/a | Val Meta: n/a
Epoch  37/50 | Train Loss: 0.6331 Acc: 0.6228 F1: 0.6227 | Val Loss: 0.6355 Acc: 0.6194 F1: 0.6186 | Train Meta: n/a | Val Meta: n/a
Validation Loss decreased (0.638668 --> 0.635547). Saving best model...
Epoch  38/50 | Train Loss: 0.6321 Acc: 0.6216 F1: 0.6216 | Val Loss: 0.6492 Acc: 0.5917 F1: 0.5568 | Train Meta: n/a | Val Meta: n/a
Epoch  39/50 | Train Loss: 0.6320 Acc: 0.6364 F1: 0.6362 | Val Loss: 0.6417 Acc: 0.6278 F1: 0.6094 | Train Meta: n/a | Val Meta: n/a
Epoch  40/50 | Train Loss: 0.6289 Acc: 0.6222 F1: 0.6222 | Val Loss: 0.6661 Acc: 0.5694 F1: 0.4990 | Train Meta: n/a | Val Meta: n/a
Epoch  41/50 | Train Loss: 0.6303 Acc: 0.6225 F1: 0.6224 | Val Loss: 0.6396 Acc: 0.5972 F1: 0.5789 | Train Meta: n/a | Val Meta: n/a
Epoch  42/50 | Train Loss: 0.6277 Acc: 0.6330 F1: 0.6330 | Val Loss: 0.6297 Acc: 0.6278 F1: 0.6266 | Train Meta: n/a | Val Meta: n/a
Validation Loss decreased (0.635547 --> 0.629678). Saving best model...
Epoch  43/50 | Train Loss: 0.6315 Acc: 0.6303 F1: 0.6302 | Val Loss: 0.6380 Acc: 0.6028 F1: 0.5867 | Train Meta: n/a | Val Meta: n/a
Epoch  44/50 | Train Loss: 0.6259 Acc: 0.6337 F1: 0.6336 | Val Loss: 0.6604 Acc: 0.5944 F1: 0.5543 | Train Meta: n/a | Val Meta: n/a
Epoch  45/50 | Train Loss: 0.6276 Acc: 0.6312 F1: 0.6312 | Val Loss: 0.6380 Acc: 0.6306 F1: 0.6230 | Train Meta: n/a | Val Meta: n/a
Epoch  46/50 | Train Loss: 0.6293 Acc: 0.6368 F1: 0.6366 | Val Loss: 0.6274 Acc: 0.6278 F1: 0.6261 | Train Meta: n/a | Val Meta: n/a
Validation Loss decreased (0.629678 --> 0.627446). Saving best model...
Epoch  47/50 | Train Loss: 0.6268 Acc: 0.6290 F1: 0.6290 | Val Loss: 0.6371 Acc: 0.6111 F1: 0.5876 | Train Meta: n/a | Val Meta: n/a
Epoch  48/50 | Train Loss: 0.6225 Acc: 0.6460 F1: 0.6459 | Val Loss: 0.6350 Acc: 0.6028 F1: 0.5894 | Train Meta: n/a | Val Meta: n/a
Epoch  49/50 | Train Loss: 0.6276 Acc: 0.6374 F1: 0.6373 | Val Loss: 0.6285 Acc: 0.6444 F1: 0.6395 | Train Meta: n/a | Val Meta: n/a
Epoch  50/50 | Train Loss: 0.6282 Acc: 0.6256 F1: 0.6254 | Val Loss: 0.6331 Acc: 0.6250 F1: 0.6146 | Train Meta: n/a | Val Meta: n/a

Classification Test Result (FordA)
Accuracy : 0.630303
F1 (macro): 0.628337
Saved attention maps for 3 sample(s) under ./runs/classification_electricity_to_FordA_laya_mixer_text_stats_avg/attention_maps
Text metadata preview | dataset=FordB | domain=UCR | channels=1
   - channel_1: In the UCR domain, this channel belongs to the FordB dataset and represents the feature channel 1.
Stats metadata preview | dataset=FordB | domain=UCR | channels=1
   - channel_1: Channel statistics over the training split: mean value is 0.000, standard deviation is 1.000, minimum value is -5.545, maximum value is 5.095, median value is 0.002, and mean absolute value is 0.792.
/data/pjh_workspace/ts-env/lib/python3.8/site-packages/torch/nn/modules/transformer.py:307: UserWarning: enable_nested_tensor is True, but self.use_nested_tensor is False because encoder_layer.norm_first was True
  warnings.warn(f"enable_nested_tensor is True, but self.use_nested_tensor is False because {why_not_sparsity_fast_path}")
==================================================
🚀 Architecture: LAYA
📊 Target Dataset: FordB (Channels: 1)
📊 Pretrain Info: electricity
📊 Classes: 2 | Sequence Length: 500
==================================================
✅ Loaded pretrained encoder from ./checkpoints/electricity_laya_mixer_text_stats_avg/laya_ts_electricity_s_best.pt
   - 113/113 keys matched.
✅ Encoder is FROZEN (Linear Probing mode).
📝 metadata: mode=text_stats_avg, fusion=add, relation=none
ℹ️  Metadata Fusion Mode: add
ℹ️  Channel Mixer Relation Mode: none
ℹ️  Encoder Variant: default
ℹ️  Channel Adapter: disabled for Laya downstream (mixer)
ℹ️  Channel Relation Block: disabled
✅ ClassificationHead: [B, 256] → [B, 2]
Epoch   1/50 | Train Loss: 0.6923 Acc: 0.5536 F1: 0.5525 | Val Loss: 0.7105 Acc: 0.5317 F1: 0.3981 | Train Meta: n/a | Val Meta: n/a
Validation Loss decreased (inf --> 0.710499). Saving best model...
Epoch   2/50 | Train Loss: 0.6689 Acc: 0.5876 F1: 0.5863 | Val Loss: 0.6795 Acc: 0.5868 F1: 0.5370 | Train Meta: n/a | Val Meta: n/a
Validation Loss decreased (0.710499 --> 0.679531). Saving best model...
Epoch   3/50 | Train Loss: 0.6572 Acc: 0.6060 F1: 0.6053 | Val Loss: 0.6691 Acc: 0.6006 F1: 0.5885 | Train Meta: n/a | Val Meta: n/a
Validation Loss decreased (0.679531 --> 0.669127). Saving best model...
Epoch   4/50 | Train Loss: 0.6517 Acc: 0.6054 F1: 0.6046 | Val Loss: 0.6525 Acc: 0.6281 F1: 0.6262 | Train Meta: n/a | Val Meta: n/a
Validation Loss decreased (0.669127 --> 0.652550). Saving best model...
Epoch   5/50 | Train Loss: 0.6403 Acc: 0.6314 F1: 0.6311 | Val Loss: 0.6551 Acc: 0.6309 F1: 0.6208 | Train Meta: n/a | Val Meta: n/a
Epoch   6/50 | Train Loss: 0.6441 Acc: 0.6265 F1: 0.6262 | Val Loss: 0.6531 Acc: 0.6419 F1: 0.6300 | Train Meta: n/a | Val Meta: n/a
Epoch   7/50 | Train Loss: 0.6378 Acc: 0.6397 F1: 0.6393 | Val Loss: 0.6572 Acc: 0.6198 F1: 0.5967 | Train Meta: n/a | Val Meta: n/a
Epoch   8/50 | Train Loss: 0.6326 Acc: 0.6376 F1: 0.6370 | Val Loss: 0.6386 Acc: 0.6501 F1: 0.6491 | Train Meta: n/a | Val Meta: n/a
Validation Loss decreased (0.652550 --> 0.638616). Saving best model...
Epoch   9/50 | Train Loss: 0.6292 Acc: 0.6412 F1: 0.6409 | Val Loss: 0.6341 Acc: 0.6474 F1: 0.6473 | Train Meta: n/a | Val Meta: n/a
Validation Loss decreased (0.638616 --> 0.634147). Saving best model...
Epoch  10/50 | Train Loss: 0.6220 Acc: 0.6517 F1: 0.6511 | Val Loss: 0.6563 Acc: 0.5923 F1: 0.5698 | Train Meta: n/a | Val Meta: n/a
Epoch  11/50 | Train Loss: 0.6234 Acc: 0.6504 F1: 0.6503 | Val Loss: 0.6290 Acc: 0.6474 F1: 0.6468 | Train Meta: n/a | Val Meta: n/a
Validation Loss decreased (0.634147 --> 0.628964). Saving best model...
Epoch  12/50 | Train Loss: 0.6186 Acc: 0.6486 F1: 0.6485 | Val Loss: 0.6319 Acc: 0.6667 F1: 0.6621 | Train Meta: n/a | Val Meta: n/a
Epoch  13/50 | Train Loss: 0.6192 Acc: 0.6526 F1: 0.6521 | Val Loss: 0.6273 Acc: 0.6612 F1: 0.6608 | Train Meta: n/a | Val Meta: n/a
Validation Loss decreased (0.628964 --> 0.627312). Saving best model...
Epoch  14/50 | Train Loss: 0.6177 Acc: 0.6477 F1: 0.6474 | Val Loss: 0.6248 Acc: 0.6612 F1: 0.6585 | Train Meta: n/a | Val Meta: n/a
Validation Loss decreased (0.627312 --> 0.624780). Saving best model...
Epoch  15/50 | Train Loss: 0.6185 Acc: 0.6507 F1: 0.6505 | Val Loss: 0.6291 Acc: 0.6501 F1: 0.6458 | Train Meta: n/a | Val Meta: n/a
Epoch  16/50 | Train Loss: 0.6138 Acc: 0.6578 F1: 0.6576 | Val Loss: 0.6391 Acc: 0.6612 F1: 0.6456 | Train Meta: n/a | Val Meta: n/a
Epoch  17/50 | Train Loss: 0.6054 Acc: 0.6752 F1: 0.6750 | Val Loss: 0.6219 Acc: 0.6529 F1: 0.6519 | Train Meta: n/a | Val Meta: n/a
Validation Loss decreased (0.624780 --> 0.621892). Saving best model...
Epoch  18/50 | Train Loss: 0.6034 Acc: 0.6679 F1: 0.6676 | Val Loss: 0.6239 Acc: 0.6804 F1: 0.6729 | Train Meta: n/a | Val Meta: n/a
Epoch  19/50 | Train Loss: 0.6060 Acc: 0.6636 F1: 0.6635 | Val Loss: 0.6160 Acc: 0.6584 F1: 0.6578 | Train Meta: n/a | Val Meta: n/a
Validation Loss decreased (0.621892 --> 0.615980). Saving best model...
Epoch  20/50 | Train Loss: 0.6033 Acc: 0.6713 F1: 0.6712 | Val Loss: 0.6403 Acc: 0.6116 F1: 0.5917 | Train Meta: n/a | Val Meta: n/a
Epoch  21/50 | Train Loss: 0.6045 Acc: 0.6648 F1: 0.6646 | Val Loss: 0.6137 Acc: 0.6777 F1: 0.6767 | Train Meta: n/a | Val Meta: n/a
Validation Loss decreased (0.615980 --> 0.613731). Saving best model...
Epoch  22/50 | Train Loss: 0.6014 Acc: 0.6706 F1: 0.6706 | Val Loss: 0.6183 Acc: 0.6804 F1: 0.6724 | Train Meta: n/a | Val Meta: n/a
Epoch  23/50 | Train Loss: 0.5983 Acc: 0.6710 F1: 0.6709 | Val Loss: 0.6161 Acc: 0.6749 F1: 0.6703 | Train Meta: n/a | Val Meta: n/a
Epoch  24/50 | Train Loss: 0.5962 Acc: 0.6756 F1: 0.6755 | Val Loss: 0.6144 Acc: 0.6749 F1: 0.6694 | Train Meta: n/a | Val Meta: n/a
Epoch  25/50 | Train Loss: 0.5974 Acc: 0.6798 F1: 0.6797 | Val Loss: 0.6112 Acc: 0.6749 F1: 0.6719 | Train Meta: n/a | Val Meta: n/a
Validation Loss decreased (0.613731 --> 0.611225). Saving best model...
Epoch  26/50 | Train Loss: 0.5951 Acc: 0.6841 F1: 0.6839 | Val Loss: 0.6085 Acc: 0.6749 F1: 0.6749 | Train Meta: n/a | Val Meta: n/a
Validation Loss decreased (0.611225 --> 0.608452). Saving best model...
Epoch  27/50 | Train Loss: 0.5909 Acc: 0.6768 F1: 0.6767 | Val Loss: 0.6185 Acc: 0.6804 F1: 0.6692 | Train Meta: n/a | Val Meta: n/a
Epoch  28/50 | Train Loss: 0.5979 Acc: 0.6743 F1: 0.6741 | Val Loss: 0.6050 Acc: 0.6860 F1: 0.6859 | Train Meta: n/a | Val Meta: n/a
Validation Loss decreased (0.608452 --> 0.605034). Saving best model...
Epoch  29/50 | Train Loss: 0.5909 Acc: 0.6801 F1: 0.6801 | Val Loss: 0.6076 Acc: 0.6915 F1: 0.6892 | Train Meta: n/a | Val Meta: n/a
Epoch  30/50 | Train Loss: 0.5978 Acc: 0.6765 F1: 0.6763 | Val Loss: 0.6437 Acc: 0.6391 F1: 0.6120 | Train Meta: n/a | Val Meta: n/a
Epoch  31/50 | Train Loss: 0.5910 Acc: 0.6798 F1: 0.6798 | Val Loss: 0.6090 Acc: 0.6860 F1: 0.6791 | Train Meta: n/a | Val Meta: n/a
Epoch  32/50 | Train Loss: 0.5887 Acc: 0.6832 F1: 0.6831 | Val Loss: 0.6063 Acc: 0.6667 F1: 0.6644 | Train Meta: n/a | Val Meta: n/a
Epoch  33/50 | Train Loss: 0.5895 Acc: 0.6847 F1: 0.6847 | Val Loss: 0.6047 Acc: 0.6777 F1: 0.6729 | Train Meta: n/a | Val Meta: n/a
Validation Loss decreased (0.605034 --> 0.604677). Saving best model...
Epoch  34/50 | Train Loss: 0.5863 Acc: 0.6918 F1: 0.6917 | Val Loss: 0.6033 Acc: 0.6887 F1: 0.6871 | Train Meta: n/a | Val Meta: n/a
Validation Loss decreased (0.604677 --> 0.603349). Saving best model...
Epoch  35/50 | Train Loss: 0.5813 Acc: 0.6930 F1: 0.6930 | Val Loss: 0.6009 Acc: 0.6970 F1: 0.6941 | Train Meta: n/a | Val Meta: n/a
Validation Loss decreased (0.603349 --> 0.600920). Saving best model...
Epoch  36/50 | Train Loss: 0.5854 Acc: 0.6835 F1: 0.6835 | Val Loss: 0.6019 Acc: 0.6777 F1: 0.6752 | Train Meta: n/a | Val Meta: n/a
Epoch  37/50 | Train Loss: 0.5843 Acc: 0.6872 F1: 0.6872 | Val Loss: 0.6067 Acc: 0.6860 F1: 0.6806 | Train Meta: n/a | Val Meta: n/a
Epoch  38/50 | Train Loss: 0.5839 Acc: 0.6884 F1: 0.6883 | Val Loss: 0.5959 Acc: 0.6832 F1: 0.6828 | Train Meta: n/a | Val Meta: n/a
Validation Loss decreased (0.600920 --> 0.595913). Saving best model...
Epoch  39/50 | Train Loss: 0.5826 Acc: 0.6906 F1: 0.6905 | Val Loss: 0.5953 Acc: 0.6915 F1: 0.6913 | Train Meta: n/a | Val Meta: n/a
Validation Loss decreased (0.595913 --> 0.595275). Saving best model...
Epoch  40/50 | Train Loss: 0.5834 Acc: 0.6854 F1: 0.6853 | Val Loss: 0.6032 Acc: 0.6860 F1: 0.6806 | Train Meta: n/a | Val Meta: n/a
Epoch  41/50 | Train Loss: 0.5785 Acc: 0.6958 F1: 0.6957 | Val Loss: 0.5948 Acc: 0.6887 F1: 0.6882 | Train Meta: n/a | Val Meta: n/a
Validation Loss decreased (0.595275 --> 0.594804). Saving best model...
Epoch  42/50 | Train Loss: 0.5840 Acc: 0.6909 F1: 0.6908 | Val Loss: 0.5920 Acc: 0.7052 F1: 0.7050 | Train Meta: n/a | Val Meta: n/a
Validation Loss decreased (0.594804 --> 0.592000). Saving best model...
Epoch  43/50 | Train Loss: 0.5824 Acc: 0.6854 F1: 0.6851 | Val Loss: 0.5956 Acc: 0.7052 F1: 0.7045 | Train Meta: n/a | Val Meta: n/a
Epoch  44/50 | Train Loss: 0.5767 Acc: 0.6967 F1: 0.6967 | Val Loss: 0.5928 Acc: 0.6860 F1: 0.6851 | Train Meta: n/a | Val Meta: n/a
Epoch  45/50 | Train Loss: 0.5786 Acc: 0.6924 F1: 0.6924 | Val Loss: 0.5920 Acc: 0.6942 F1: 0.6935 | Train Meta: n/a | Val Meta: n/a
Epoch  46/50 | Train Loss: 0.5756 Acc: 0.6961 F1: 0.6960 | Val Loss: 0.6007 Acc: 0.6804 F1: 0.6771 | Train Meta: n/a | Val Meta: n/a
Epoch  47/50 | Train Loss: 0.5778 Acc: 0.6939 F1: 0.6939 | Val Loss: 0.6018 Acc: 0.6694 F1: 0.6656 | Train Meta: n/a | Val Meta: n/a
Epoch  48/50 | Train Loss: 0.5733 Acc: 0.6945 F1: 0.6945 | Val Loss: 0.5999 Acc: 0.6777 F1: 0.6729 | Train Meta: n/a | Val Meta: n/a
Epoch  49/50 | Train Loss: 0.5742 Acc: 0.6939 F1: 0.6939 | Val Loss: 0.5917 Acc: 0.7025 F1: 0.7003 | Train Meta: n/a | Val Meta: n/a
Validation Loss decreased (0.592000 --> 0.591712). Saving best model...
Epoch  50/50 | Train Loss: 0.5698 Acc: 0.7053 F1: 0.7052 | Val Loss: 0.5881 Acc: 0.6942 F1: 0.6942 | Train Meta: n/a | Val Meta: n/a
Validation Loss decreased (0.591712 --> 0.588089). Saving best model...

Classification Test Result (FordB)
Accuracy : 0.559259
F1 (macro): 0.551131
Saved attention maps for 3 sample(s) under ./runs/classification_electricity_to_FordB_laya_mixer_text_stats_avg/attention_maps
