nohup: ignoring input
==================================================
🚀 Architecture: LAYA
📊 Target Dataset: EthanolConcentration (Channels: 3)
📊 Pretrain Info: electricity
📊 Classes: 4 | Sequence Length: 1751
==================================================
✅ Loaded pretrained encoder from ./checkpoints/electricity_laya_ci_none/laya_ts_electricity_s_best.pt
   - 40/40 keys matched.
✅ Encoder is FROZEN (Linear Probing mode).
📝 metadata: mode=none, fusion=none, relation=none
ℹ️  Metadata Fusion Mode: none
ℹ️  Channel Mixer Relation Mode: none
ℹ️  Encoder Variant: default
ℹ️  Channel Adapter: disabled for Laya downstream (ci)
ℹ️  Channel Relation Block: disabled
✅ ClassificationHead: [B, 256] → [B, 4]
Epoch   1/50 | Train Loss: 1.3577 Acc: 0.1875 F1: 0.1607 | Val Loss: 1.4346 Acc: 0.4231 F1: 0.3199 | Train Meta: n/a | Val Meta: n/a
Validation Loss decreased (inf --> 1.434595). Saving best model...
Epoch   2/50 | Train Loss: 1.3180 Acc: 0.2946 F1: 0.2413 | Val Loss: 1.4140 Acc: 0.3077 F1: 0.2000 | Train Meta: n/a | Val Meta: n/a
Validation Loss decreased (1.434595 --> 1.413952). Saving best model...
Epoch   3/50 | Train Loss: 1.3063 Acc: 0.2812 F1: 0.2504 | Val Loss: 1.4186 Acc: 0.2692 F1: 0.1789 | Train Meta: n/a | Val Meta: n/a
Epoch   4/50 | Train Loss: 1.3250 Acc: 0.2545 F1: 0.2010 | Val Loss: 1.4792 Acc: 0.2308 F1: 0.1838 | Train Meta: n/a | Val Meta: n/a
Epoch   5/50 | Train Loss: 1.2960 Acc: 0.2857 F1: 0.2757 | Val Loss: 1.4078 Acc: 0.3077 F1: 0.2053 | Train Meta: n/a | Val Meta: n/a
Validation Loss decreased (1.413952 --> 1.407810). Saving best model...
Epoch   6/50 | Train Loss: 1.3071 Acc: 0.2634 F1: 0.2292 | Val Loss: 1.4046 Acc: 0.3077 F1: 0.1969 | Train Meta: n/a | Val Meta: n/a
Validation Loss decreased (1.407810 --> 1.404554). Saving best model...
Epoch   7/50 | Train Loss: 1.2994 Acc: 0.3036 F1: 0.2388 | Val Loss: 1.3896 Acc: 0.3462 F1: 0.2649 | Train Meta: n/a | Val Meta: n/a
Validation Loss decreased (1.404554 --> 1.389636). Saving best model...
Epoch   8/50 | Train Loss: 1.2969 Acc: 0.2723 F1: 0.2578 | Val Loss: 1.4376 Acc: 0.1538 F1: 0.1431 | Train Meta: n/a | Val Meta: n/a
Epoch   9/50 | Train Loss: 1.2952 Acc: 0.3036 F1: 0.2995 | Val Loss: 1.4040 Acc: 0.2692 F1: 0.1811 | Train Meta: n/a | Val Meta: n/a
Epoch  10/50 | Train Loss: 1.2894 Acc: 0.2902 F1: 0.2392 | Val Loss: 1.4197 Acc: 0.3077 F1: 0.2874 | Train Meta: n/a | Val Meta: n/a
Epoch  11/50 | Train Loss: 1.2944 Acc: 0.2723 F1: 0.2634 | Val Loss: 1.3883 Acc: 0.2692 F1: 0.1803 | Train Meta: n/a | Val Meta: n/a
Validation Loss decreased (1.389636 --> 1.388336). Saving best model...
Epoch  12/50 | Train Loss: 1.3008 Acc: 0.3259 F1: 0.2494 | Val Loss: 1.3767 Acc: 0.2308 F1: 0.1541 | Train Meta: n/a | Val Meta: n/a
Validation Loss decreased (1.388336 --> 1.376731). Saving best model...
Epoch  13/50 | Train Loss: 1.3056 Acc: 0.2366 F1: 0.1885 | Val Loss: 1.4098 Acc: 0.3077 F1: 0.3040 | Train Meta: n/a | Val Meta: n/a
Epoch  14/50 | Train Loss: 1.3084 Acc: 0.3080 F1: 0.2444 | Val Loss: 1.3895 Acc: 0.2308 F1: 0.1623 | Train Meta: n/a | Val Meta: n/a
Epoch  15/50 | Train Loss: 1.2836 Acc: 0.3080 F1: 0.2964 | Val Loss: 1.4185 Acc: 0.2308 F1: 0.1709 | Train Meta: n/a | Val Meta: n/a
Epoch  16/50 | Train Loss: 1.2856 Acc: 0.3214 F1: 0.2850 | Val Loss: 1.3619 Acc: 0.3462 F1: 0.2140 | Train Meta: n/a | Val Meta: n/a
Validation Loss decreased (1.376731 --> 1.361939). Saving best model...
Epoch  17/50 | Train Loss: 1.2946 Acc: 0.2768 F1: 0.2473 | Val Loss: 1.4014 Acc: 0.2692 F1: 0.2720 | Train Meta: n/a | Val Meta: n/a
Epoch  18/50 | Train Loss: 1.2807 Acc: 0.2768 F1: 0.2681 | Val Loss: 1.3652 Acc: 0.1923 F1: 0.1385 | Train Meta: n/a | Val Meta: n/a
Epoch  19/50 | Train Loss: 1.2868 Acc: 0.3170 F1: 0.2568 | Val Loss: 1.4038 Acc: 0.2692 F1: 0.2349 | Train Meta: n/a | Val Meta: n/a
Epoch  20/50 | Train Loss: 1.2765 Acc: 0.3036 F1: 0.2894 | Val Loss: 1.3890 Acc: 0.2692 F1: 0.2478 | Train Meta: n/a | Val Meta: n/a
Epoch  21/50 | Train Loss: 1.2865 Acc: 0.2946 F1: 0.2461 | Val Loss: 1.3555 Acc: 0.3462 F1: 0.2801 | Train Meta: n/a | Val Meta: n/a
Validation Loss decreased (1.361939 --> 1.355466). Saving best model...
Epoch  22/50 | Train Loss: 1.3034 Acc: 0.2946 F1: 0.2318 | Val Loss: 1.4047 Acc: 0.2692 F1: 0.2810 | Train Meta: n/a | Val Meta: n/a
Epoch  23/50 | Train Loss: 1.2718 Acc: 0.3125 F1: 0.2774 | Val Loss: 1.3929 Acc: 0.1923 F1: 0.1364 | Train Meta: n/a | Val Meta: n/a
Epoch  24/50 | Train Loss: 1.3054 Acc: 0.2589 F1: 0.2517 | Val Loss: 1.3883 Acc: 0.3077 F1: 0.2188 | Train Meta: n/a | Val Meta: n/a
Epoch  25/50 | Train Loss: 1.2926 Acc: 0.2812 F1: 0.2314 | Val Loss: 1.3998 Acc: 0.2308 F1: 0.1854 | Train Meta: n/a | Val Meta: n/a
Epoch  26/50 | Train Loss: 1.2723 Acc: 0.3080 F1: 0.2694 | Val Loss: 1.3586 Acc: 0.3846 F1: 0.2969 | Train Meta: n/a | Val Meta: n/a
Epoch  27/50 | Train Loss: 1.3034 Acc: 0.2589 F1: 0.2282 | Val Loss: 1.3824 Acc: 0.1923 F1: 0.1719 | Train Meta: n/a | Val Meta: n/a
Epoch  28/50 | Train Loss: 1.2807 Acc: 0.2991 F1: 0.2807 | Val Loss: 1.3600 Acc: 0.2692 F1: 0.2289 | Train Meta: n/a | Val Meta: n/a
Epoch  29/50 | Train Loss: 1.2879 Acc: 0.3080 F1: 0.2595 | Val Loss: 1.3818 Acc: 0.3462 F1: 0.3363 | Train Meta: n/a | Val Meta: n/a
Epoch  30/50 | Train Loss: 1.2865 Acc: 0.2723 F1: 0.2578 | Val Loss: 1.4145 Acc: 0.2692 F1: 0.2303 | Train Meta: n/a | Val Meta: n/a
Epoch  31/50 | Train Loss: 1.2857 Acc: 0.3036 F1: 0.2805 | Val Loss: 1.3926 Acc: 0.3077 F1: 0.2437 | Train Meta: n/a | Val Meta: n/a
Epoch  32/50 | Train Loss: 1.2810 Acc: 0.2812 F1: 0.2591 | Val Loss: 1.3708 Acc: 0.2308 F1: 0.1845 | Train Meta: n/a | Val Meta: n/a
Epoch  33/50 | Train Loss: 1.2736 Acc: 0.2902 F1: 0.2653 | Val Loss: 1.3558 Acc: 0.3077 F1: 0.2433 | Train Meta: n/a | Val Meta: n/a
Epoch  34/50 | Train Loss: 1.2804 Acc: 0.3214 F1: 0.3160 | Val Loss: 1.3798 Acc: 0.3077 F1: 0.2784 | Train Meta: n/a | Val Meta: n/a
Epoch  35/50 | Train Loss: 1.2628 Acc: 0.2946 F1: 0.2672 | Val Loss: 1.3648 Acc: 0.2308 F1: 0.1705 | Train Meta: n/a | Val Meta: n/a
Epoch  36/50 | Train Loss: 1.2789 Acc: 0.2723 F1: 0.2554 | Val Loss: 1.3911 Acc: 0.2692 F1: 0.2242 | Train Meta: n/a | Val Meta: n/a
Epoch  37/50 | Train Loss: 1.2740 Acc: 0.3393 F1: 0.3193 | Val Loss: 1.3825 Acc: 0.3462 F1: 0.2738 | Train Meta: n/a | Val Meta: n/a
Epoch  38/50 | Train Loss: 1.2665 Acc: 0.3170 F1: 0.3000 | Val Loss: 1.3780 Acc: 0.3077 F1: 0.2265 | Train Meta: n/a | Val Meta: n/a
Epoch  39/50 | Train Loss: 1.2668 Acc: 0.2991 F1: 0.2718 | Val Loss: 1.3825 Acc: 0.3462 F1: 0.2704 | Train Meta: n/a | Val Meta: n/a
Epoch  40/50 | Train Loss: 1.2899 Acc: 0.2232 F1: 0.1870 | Val Loss: 1.3696 Acc: 0.1923 F1: 0.1576 | Train Meta: n/a | Val Meta: n/a
Epoch  41/50 | Train Loss: 1.2712 Acc: 0.3214 F1: 0.2681 | Val Loss: 1.3332 Acc: 0.3462 F1: 0.2470 | Train Meta: n/a | Val Meta: n/a
Validation Loss decreased (1.355466 --> 1.333196). Saving best model...
Epoch  42/50 | Train Loss: 1.2892 Acc: 0.2812 F1: 0.2215 | Val Loss: 1.4259 Acc: 0.1538 F1: 0.1435 | Train Meta: n/a | Val Meta: n/a
Epoch  43/50 | Train Loss: 1.2659 Acc: 0.2946 F1: 0.2864 | Val Loss: 1.3393 Acc: 0.2308 F1: 0.1843 | Train Meta: n/a | Val Meta: n/a
Epoch  44/50 | Train Loss: 1.2755 Acc: 0.3170 F1: 0.2498 | Val Loss: 1.4112 Acc: 0.2692 F1: 0.2333 | Train Meta: n/a | Val Meta: n/a
Epoch  45/50 | Train Loss: 1.2934 Acc: 0.2812 F1: 0.2691 | Val Loss: 1.3658 Acc: 0.2308 F1: 0.1819 | Train Meta: n/a | Val Meta: n/a
Epoch  46/50 | Train Loss: 1.2681 Acc: 0.3348 F1: 0.2981 | Val Loss: 1.3271 Acc: 0.3846 F1: 0.2605 | Train Meta: n/a | Val Meta: n/a
Validation Loss decreased (1.333196 --> 1.327117). Saving best model...
Epoch  47/50 | Train Loss: 1.2623 Acc: 0.3170 F1: 0.3038 | Val Loss: 1.3958 Acc: 0.3077 F1: 0.2835 | Train Meta: n/a | Val Meta: n/a
Epoch  48/50 | Train Loss: 1.2688 Acc: 0.2946 F1: 0.2817 | Val Loss: 1.3838 Acc: 0.2308 F1: 0.1914 | Train Meta: n/a | Val Meta: n/a
Epoch  49/50 | Train Loss: 1.2740 Acc: 0.3259 F1: 0.2797 | Val Loss: 1.3497 Acc: 0.3846 F1: 0.3133 | Train Meta: n/a | Val Meta: n/a
Epoch  50/50 | Train Loss: 1.2902 Acc: 0.2500 F1: 0.2393 | Val Loss: 1.3608 Acc: 0.2692 F1: 0.2442 | Train Meta: n/a | Val Meta: n/a

Classification Test Result (EthanolConcentration)
Accuracy : 0.281369
F1 (macro): 0.229377
==================================================
🚀 Architecture: LAYA
📊 Target Dataset: FaceDetection (Channels: 144)
📊 Pretrain Info: electricity
📊 Classes: 2 | Sequence Length: 62
==================================================
✅ Loaded pretrained encoder from ./checkpoints/electricity_laya_ci_none/laya_ts_electricity_s_best.pt
   - 40/40 keys matched.
✅ Encoder is FROZEN (Linear Probing mode).
📝 metadata: mode=none, fusion=none, relation=none
ℹ️  Metadata Fusion Mode: none
ℹ️  Channel Mixer Relation Mode: none
ℹ️  Encoder Variant: default
ℹ️  Channel Adapter: disabled for Laya downstream (ci)
ℹ️  Channel Relation Block: disabled
✅ ClassificationHead: [B, 256] → [B, 2]
Epoch   1/50 | Train Loss: 0.7042 Acc: 0.5125 F1: 0.5124 | Val Loss: 0.6880 Acc: 0.5229 F1: 0.4889 | Train Meta: n/a | Val Meta: n/a
Validation Loss decreased (inf --> 0.688010). Saving best model...
Epoch   2/50 | Train Loss: 0.6968 Acc: 0.5230 F1: 0.5229 | Val Loss: 0.6919 Acc: 0.5178 F1: 0.5014 | Train Meta: n/a | Val Meta: n/a
Epoch   3/50 | Train Loss: 0.6974 Acc: 0.5183 F1: 0.5183 | Val Loss: 0.6901 Acc: 0.5178 F1: 0.4557 | Train Meta: n/a | Val Meta: n/a
Epoch   4/50 | Train Loss: 0.6972 Acc: 0.5242 F1: 0.5241 | Val Loss: 0.6907 Acc: 0.5348 F1: 0.5348 | Train Meta: n/a | Val Meta: n/a
Epoch   5/50 | Train Loss: 0.6980 Acc: 0.5221 F1: 0.5221 | Val Loss: 0.6889 Acc: 0.5399 F1: 0.5022 | Train Meta: n/a | Val Meta: n/a
Epoch   6/50 | Train Loss: 0.6983 Acc: 0.5174 F1: 0.5171 | Val Loss: 0.6916 Acc: 0.5246 F1: 0.4309 | Train Meta: n/a | Val Meta: n/a
Epoch   7/50 | Train Loss: 0.6968 Acc: 0.5279 F1: 0.5279 | Val Loss: 0.6916 Acc: 0.5280 F1: 0.4331 | Train Meta: n/a | Val Meta: n/a
Epoch   8/50 | Train Loss: 0.6956 Acc: 0.5198 F1: 0.5198 | Val Loss: 0.6899 Acc: 0.5399 F1: 0.4937 | Train Meta: n/a | Val Meta: n/a
Epoch   9/50 | Train Loss: 0.6953 Acc: 0.5334 F1: 0.5333 | Val Loss: 0.6877 Acc: 0.5297 F1: 0.5195 | Train Meta: n/a | Val Meta: n/a
Validation Loss decreased (0.688010 --> 0.687736). Saving best model...
Epoch  10/50 | Train Loss: 0.6953 Acc: 0.5285 F1: 0.5278 | Val Loss: 0.6886 Acc: 0.5467 F1: 0.5249 | Train Meta: n/a | Val Meta: n/a
Epoch  11/50 | Train Loss: 0.6955 Acc: 0.5308 F1: 0.5306 | Val Loss: 0.7028 Acc: 0.5246 F1: 0.3711 | Train Meta: n/a | Val Meta: n/a
Epoch  12/50 | Train Loss: 0.6913 Acc: 0.5330 F1: 0.5330 | Val Loss: 0.6882 Acc: 0.5467 F1: 0.5446 | Train Meta: n/a | Val Meta: n/a
Epoch  13/50 | Train Loss: 0.6911 Acc: 0.5291 F1: 0.5290 | Val Loss: 0.7076 Acc: 0.5246 F1: 0.3683 | Train Meta: n/a | Val Meta: n/a
Epoch  14/50 | Train Loss: 0.6934 Acc: 0.5336 F1: 0.5336 | Val Loss: 0.6896 Acc: 0.5314 F1: 0.5313 | Train Meta: n/a | Val Meta: n/a
Epoch  15/50 | Train Loss: 0.6906 Acc: 0.5300 F1: 0.5300 | Val Loss: 0.6873 Acc: 0.5416 F1: 0.5415 | Train Meta: n/a | Val Meta: n/a
Validation Loss decreased (0.687736 --> 0.687301). Saving best model...
Epoch  16/50 | Train Loss: 0.6891 Acc: 0.5389 F1: 0.5389 | Val Loss: 0.6879 Acc: 0.5501 F1: 0.5113 | Train Meta: n/a | Val Meta: n/a
Epoch  17/50 | Train Loss: 0.6912 Acc: 0.5453 F1: 0.5453 | Val Loss: 0.7052 Acc: 0.5042 F1: 0.4085 | Train Meta: n/a | Val Meta: n/a
Epoch  18/50 | Train Loss: 0.6944 Acc: 0.5308 F1: 0.5301 | Val Loss: 0.6898 Acc: 0.5331 F1: 0.4456 | Train Meta: n/a | Val Meta: n/a
Epoch  19/50 | Train Loss: 0.6906 Acc: 0.5400 F1: 0.5400 | Val Loss: 0.6873 Acc: 0.5501 F1: 0.5255 | Train Meta: n/a | Val Meta: n/a
Epoch  20/50 | Train Loss: 0.6933 Acc: 0.5347 F1: 0.5345 | Val Loss: 0.6906 Acc: 0.5331 F1: 0.5243 | Train Meta: n/a | Val Meta: n/a
Epoch  21/50 | Train Loss: 0.6888 Acc: 0.5404 F1: 0.5404 | Val Loss: 0.6961 Acc: 0.5280 F1: 0.4788 | Train Meta: n/a | Val Meta: n/a
Epoch  22/50 | Train Loss: 0.6882 Acc: 0.5459 F1: 0.5458 | Val Loss: 0.7456 Acc: 0.4822 F1: 0.3282 | Train Meta: n/a | Val Meta: n/a
Epoch  23/50 | Train Loss: 0.6923 Acc: 0.5363 F1: 0.5362 | Val Loss: 0.6945 Acc: 0.5280 F1: 0.4948 | Train Meta: n/a | Val Meta: n/a
Epoch  24/50 | Train Loss: 0.6898 Acc: 0.5397 F1: 0.5396 | Val Loss: 0.6908 Acc: 0.5382 F1: 0.4593 | Train Meta: n/a | Val Meta: n/a
Epoch  25/50 | Train Loss: 0.6893 Acc: 0.5395 F1: 0.5394 | Val Loss: 0.6870 Acc: 0.5501 F1: 0.4953 | Train Meta: n/a | Val Meta: n/a
Validation Loss decreased (0.687301 --> 0.686991). Saving best model...
Epoch  26/50 | Train Loss: 0.6895 Acc: 0.5410 F1: 0.5410 | Val Loss: 0.6926 Acc: 0.5280 F1: 0.5035 | Train Meta: n/a | Val Meta: n/a
Epoch  27/50 | Train Loss: 0.6878 Acc: 0.5406 F1: 0.5406 | Val Loss: 0.6918 Acc: 0.5450 F1: 0.5190 | Train Meta: n/a | Val Meta: n/a
Epoch  28/50 | Train Loss: 0.6882 Acc: 0.5402 F1: 0.5402 | Val Loss: 0.6876 Acc: 0.5654 F1: 0.5651 | Train Meta: n/a | Val Meta: n/a
Epoch  29/50 | Train Loss: 0.6886 Acc: 0.5444 F1: 0.5444 | Val Loss: 0.6988 Acc: 0.5127 F1: 0.4448 | Train Meta: n/a | Val Meta: n/a
Epoch  30/50 | Train Loss: 0.6895 Acc: 0.5368 F1: 0.5366 | Val Loss: 0.6900 Acc: 0.5331 F1: 0.5279 | Train Meta: n/a | Val Meta: n/a
Epoch  31/50 | Train Loss: 0.6874 Acc: 0.5383 F1: 0.5383 | Val Loss: 0.6868 Acc: 0.5450 F1: 0.5443 | Train Meta: n/a | Val Meta: n/a
Validation Loss decreased (0.686991 --> 0.686842). Saving best model...
Epoch  32/50 | Train Loss: 0.6869 Acc: 0.5459 F1: 0.5459 | Val Loss: 0.6926 Acc: 0.5518 F1: 0.5194 | Train Meta: n/a | Val Meta: n/a
Epoch  33/50 | Train Loss: 0.6874 Acc: 0.5491 F1: 0.5488 | Val Loss: 0.6845 Acc: 0.5518 F1: 0.5313 | Train Meta: n/a | Val Meta: n/a
Validation Loss decreased (0.686842 --> 0.684486). Saving best model...
Epoch  34/50 | Train Loss: 0.6874 Acc: 0.5459 F1: 0.5459 | Val Loss: 0.6864 Acc: 0.5501 F1: 0.5060 | Train Meta: n/a | Val Meta: n/a
Epoch  35/50 | Train Loss: 0.6869 Acc: 0.5432 F1: 0.5432 | Val Loss: 0.6873 Acc: 0.5569 F1: 0.5453 | Train Meta: n/a | Val Meta: n/a
Epoch  36/50 | Train Loss: 0.6868 Acc: 0.5459 F1: 0.5457 | Val Loss: 0.6843 Acc: 0.5569 F1: 0.5477 | Train Meta: n/a | Val Meta: n/a
Validation Loss decreased (0.684486 --> 0.684252). Saving best model...
Epoch  37/50 | Train Loss: 0.6875 Acc: 0.5398 F1: 0.5398 | Val Loss: 0.6848 Acc: 0.5535 F1: 0.5355 | Train Meta: n/a | Val Meta: n/a
Epoch  38/50 | Train Loss: 0.6869 Acc: 0.5466 F1: 0.5466 | Val Loss: 0.6982 Acc: 0.5127 F1: 0.4548 | Train Meta: n/a | Val Meta: n/a
Epoch  39/50 | Train Loss: 0.6851 Acc: 0.5508 F1: 0.5508 | Val Loss: 0.6899 Acc: 0.5518 F1: 0.5403 | Train Meta: n/a | Val Meta: n/a
Epoch  40/50 | Train Loss: 0.6869 Acc: 0.5457 F1: 0.5456 | Val Loss: 0.7222 Acc: 0.4856 F1: 0.3461 | Train Meta: n/a | Val Meta: n/a
Epoch  41/50 | Train Loss: 0.6858 Acc: 0.5523 F1: 0.5522 | Val Loss: 0.6845 Acc: 0.5620 F1: 0.5392 | Train Meta: n/a | Val Meta: n/a
Epoch  42/50 | Train Loss: 0.6869 Acc: 0.5491 F1: 0.5491 | Val Loss: 0.6866 Acc: 0.5501 F1: 0.5142 | Train Meta: n/a | Val Meta: n/a
Epoch  43/50 | Train Loss: 0.6867 Acc: 0.5385 F1: 0.5384 | Val Loss: 0.6851 Acc: 0.5501 F1: 0.5500 | Train Meta: n/a | Val Meta: n/a
Epoch  44/50 | Train Loss: 0.6867 Acc: 0.5421 F1: 0.5420 | Val Loss: 0.6859 Acc: 0.5569 F1: 0.5134 | Train Meta: n/a | Val Meta: n/a
Epoch  45/50 | Train Loss: 0.6853 Acc: 0.5523 F1: 0.5523 | Val Loss: 0.6984 Acc: 0.5246 F1: 0.4647 | Train Meta: n/a | Val Meta: n/a
Epoch  46/50 | Train Loss: 0.6863 Acc: 0.5508 F1: 0.5507 | Val Loss: 0.6870 Acc: 0.5467 F1: 0.5161 | Train Meta: n/a | Val Meta: n/a
Epoch  47/50 | Train Loss: 0.6852 Acc: 0.5542 F1: 0.5542 | Val Loss: 0.6964 Acc: 0.5348 F1: 0.4863 | Train Meta: n/a | Val Meta: n/a
Epoch  48/50 | Train Loss: 0.6844 Acc: 0.5523 F1: 0.5523 | Val Loss: 0.6841 Acc: 0.5688 F1: 0.5686 | Train Meta: n/a | Val Meta: n/a
Validation Loss decreased (0.684252 --> 0.684091). Saving best model...
Epoch  49/50 | Train Loss: 0.6859 Acc: 0.5517 F1: 0.5517 | Val Loss: 0.6857 Acc: 0.5569 F1: 0.5522 | Train Meta: n/a | Val Meta: n/a
Epoch  50/50 | Train Loss: 0.6861 Acc: 0.5504 F1: 0.5504 | Val Loss: 0.6855 Acc: 0.5501 F1: 0.5500 | Train Meta: n/a | Val Meta: n/a

Classification Test Result (FaceDetection)
Accuracy : 0.541714
F1 (macro): 0.540937
==================================================
🚀 Architecture: LAYA
📊 Target Dataset: Handwriting (Channels: 3)
📊 Pretrain Info: electricity
📊 Classes: 26 | Sequence Length: 152
==================================================
✅ Loaded pretrained encoder from ./checkpoints/electricity_laya_ci_none/laya_ts_electricity_s_best.pt
   - 40/40 keys matched.
✅ Encoder is FROZEN (Linear Probing mode).
📝 metadata: mode=none, fusion=none, relation=none
ℹ️  Metadata Fusion Mode: none
ℹ️  Channel Mixer Relation Mode: none
ℹ️  Encoder Variant: default
ℹ️  Channel Adapter: disabled for Laya downstream (ci)
ℹ️  Channel Relation Block: disabled
✅ ClassificationHead: [B, 256] → [B, 26]
Epoch   1/50 | Train Loss: 3.1818 Acc: 0.0781 F1: 0.0090 | Val Loss: 3.3517 Acc: 0.0000 F1: 0.0000 | Train Meta: n/a | Val Meta: n/a
Validation Loss decreased (inf --> 3.351673). Saving best model...
Epoch   2/50 | Train Loss: 3.0305 Acc: 0.0703 F1: 0.0089 | Val Loss: 3.5045 Acc: 0.0667 F1: 0.0118 | Train Meta: n/a | Val Meta: n/a
Epoch   3/50 | Train Loss: 2.9849 Acc: 0.0703 F1: 0.0053 | Val Loss: 3.4659 Acc: 0.0667 F1: 0.0119 | Train Meta: n/a | Val Meta: n/a
Epoch   4/50 | Train Loss: 2.9567 Acc: 0.0781 F1: 0.0215 | Val Loss: 3.4051 Acc: 0.0667 F1: 0.0171 | Train Meta: n/a | Val Meta: n/a
Epoch   5/50 | Train Loss: 2.8948 Acc: 0.1484 F1: 0.0637 | Val Loss: 3.3398 Acc: 0.0000 F1: 0.0000 | Train Meta: n/a | Val Meta: n/a
Validation Loss decreased (3.351673 --> 3.339833). Saving best model...
Epoch   6/50 | Train Loss: 2.8854 Acc: 0.1406 F1: 0.0450 | Val Loss: 3.2749 Acc: 0.0667 F1: 0.0154 | Train Meta: n/a | Val Meta: n/a
Validation Loss decreased (3.339833 --> 3.274890). Saving best model...
Epoch   7/50 | Train Loss: 2.8529 Acc: 0.1250 F1: 0.0362 | Val Loss: 3.3227 Acc: 0.0667 F1: 0.0171 | Train Meta: n/a | Val Meta: n/a
Epoch   8/50 | Train Loss: 2.8084 Acc: 0.1797 F1: 0.0622 | Val Loss: 3.3489 Acc: 0.1333 F1: 0.0733 | Train Meta: n/a | Val Meta: n/a
Epoch   9/50 | Train Loss: 2.7822 Acc: 0.2188 F1: 0.0706 | Val Loss: 3.3137 Acc: 0.2000 F1: 0.0989 | Train Meta: n/a | Val Meta: n/a
Epoch  10/50 | Train Loss: 2.7793 Acc: 0.1719 F1: 0.0612 | Val Loss: 3.3358 Acc: 0.0667 F1: 0.0267 | Train Meta: n/a | Val Meta: n/a
Epoch  11/50 | Train Loss: 2.7609 Acc: 0.2031 F1: 0.0960 | Val Loss: 3.2884 Acc: 0.1333 F1: 0.0684 | Train Meta: n/a | Val Meta: n/a
Epoch  12/50 | Train Loss: 2.7005 Acc: 0.2109 F1: 0.0873 | Val Loss: 3.2827 Acc: 0.1333 F1: 0.0577 | Train Meta: n/a | Val Meta: n/a
Epoch  13/50 | Train Loss: 2.6952 Acc: 0.2109 F1: 0.0896 | Val Loss: 3.2539 Acc: 0.2000 F1: 0.1245 | Train Meta: n/a | Val Meta: n/a
Validation Loss decreased (3.274890 --> 3.253938). Saving best model...
Epoch  14/50 | Train Loss: 2.6768 Acc: 0.2031 F1: 0.0882 | Val Loss: 3.2366 Acc: 0.1333 F1: 0.0923 | Train Meta: n/a | Val Meta: n/a
Validation Loss decreased (3.253938 --> 3.236618). Saving best model...
Epoch  15/50 | Train Loss: 2.6368 Acc: 0.2188 F1: 0.0996 | Val Loss: 3.2680 Acc: 0.1333 F1: 0.0577 | Train Meta: n/a | Val Meta: n/a
Epoch  16/50 | Train Loss: 2.6335 Acc: 0.1953 F1: 0.0896 | Val Loss: 3.3926 Acc: 0.1333 F1: 0.0684 | Train Meta: n/a | Val Meta: n/a
Epoch  17/50 | Train Loss: 2.5989 Acc: 0.2344 F1: 0.1093 | Val Loss: 3.4391 Acc: 0.1333 F1: 0.0705 | Train Meta: n/a | Val Meta: n/a
Epoch  18/50 | Train Loss: 2.5718 Acc: 0.3125 F1: 0.1650 | Val Loss: 3.3312 Acc: 0.1333 F1: 0.0989 | Train Meta: n/a | Val Meta: n/a
Epoch  19/50 | Train Loss: 2.5673 Acc: 0.2812 F1: 0.1432 | Val Loss: 3.2829 Acc: 0.0667 F1: 0.0385 | Train Meta: n/a | Val Meta: n/a
Epoch  20/50 | Train Loss: 2.5225 Acc: 0.2422 F1: 0.1296 | Val Loss: 3.2659 Acc: 0.0667 F1: 0.0476 | Train Meta: n/a | Val Meta: n/a
Epoch  21/50 | Train Loss: 2.4798 Acc: 0.2891 F1: 0.1620 | Val Loss: 3.3213 Acc: 0.1333 F1: 0.0705 | Train Meta: n/a | Val Meta: n/a
Epoch  22/50 | Train Loss: 2.4811 Acc: 0.3125 F1: 0.1914 | Val Loss: 3.3004 Acc: 0.1333 F1: 0.0680 | Train Meta: n/a | Val Meta: n/a
Epoch  23/50 | Train Loss: 2.4636 Acc: 0.3203 F1: 0.2020 | Val Loss: 3.2824 Acc: 0.1333 F1: 0.0680 | Train Meta: n/a | Val Meta: n/a
Epoch  24/50 | Train Loss: 2.4390 Acc: 0.3281 F1: 0.2255 | Val Loss: 3.3058 Acc: 0.0667 F1: 0.0476 | Train Meta: n/a | Val Meta: n/a
Epoch  25/50 | Train Loss: 2.4164 Acc: 0.3125 F1: 0.1999 | Val Loss: 3.3034 Acc: 0.1333 F1: 0.0714 | Train Meta: n/a | Val Meta: n/a
Epoch  26/50 | Train Loss: 2.3789 Acc: 0.3359 F1: 0.2103 | Val Loss: 3.2900 Acc: 0.0667 F1: 0.0667 | Train Meta: n/a | Val Meta: n/a
Epoch  27/50 | Train Loss: 2.3606 Acc: 0.3438 F1: 0.2401 | Val Loss: 3.2728 Acc: 0.0667 F1: 0.0476 | Train Meta: n/a | Val Meta: n/a
Epoch  28/50 | Train Loss: 2.3679 Acc: 0.3125 F1: 0.2201 | Val Loss: 3.3028 Acc: 0.1333 F1: 0.0918 | Train Meta: n/a | Val Meta: n/a
Epoch  29/50 | Train Loss: 2.3458 Acc: 0.3281 F1: 0.2217 | Val Loss: 3.2880 Acc: 0.1333 F1: 0.0680 | Train Meta: n/a | Val Meta: n/a
Epoch  30/50 | Train Loss: 2.3047 Acc: 0.3516 F1: 0.2403 | Val Loss: 3.3201 Acc: 0.0667 F1: 0.0625 | Train Meta: n/a | Val Meta: n/a
Epoch  31/50 | Train Loss: 2.2986 Acc: 0.3672 F1: 0.2588 | Val Loss: 3.3539 Acc: 0.0667 F1: 0.0625 | Train Meta: n/a | Val Meta: n/a
Epoch  32/50 | Train Loss: 2.2857 Acc: 0.3828 F1: 0.2979 | Val Loss: 3.3358 Acc: 0.0667 F1: 0.0588 | Train Meta: n/a | Val Meta: n/a
Epoch  33/50 | Train Loss: 2.2772 Acc: 0.3750 F1: 0.3044 | Val Loss: 3.3075 Acc: 0.1333 F1: 0.0952 | Train Meta: n/a | Val Meta: n/a
Epoch  34/50 | Train Loss: 2.2422 Acc: 0.3750 F1: 0.2919 | Val Loss: 3.3646 Acc: 0.0667 F1: 0.0667 | Train Meta: n/a | Val Meta: n/a
Epoch  35/50 | Train Loss: 2.2191 Acc: 0.3750 F1: 0.2943 | Val Loss: 3.3449 Acc: 0.0667 F1: 0.0625 | Train Meta: n/a | Val Meta: n/a
Epoch  36/50 | Train Loss: 2.2051 Acc: 0.3828 F1: 0.2936 | Val Loss: 3.3462 Acc: 0.0667 F1: 0.0714 | Train Meta: n/a | Val Meta: n/a
Epoch  37/50 | Train Loss: 2.1657 Acc: 0.4297 F1: 0.3234 | Val Loss: 3.3728 Acc: 0.0667 F1: 0.0625 | Train Meta: n/a | Val Meta: n/a
Epoch  38/50 | Train Loss: 2.1843 Acc: 0.3906 F1: 0.2903 | Val Loss: 3.3827 Acc: 0.0667 F1: 0.0625 | Train Meta: n/a | Val Meta: n/a
Epoch  39/50 | Train Loss: 2.1542 Acc: 0.3906 F1: 0.3062 | Val Loss: 3.3453 Acc: 0.1333 F1: 0.0952 | Train Meta: n/a | Val Meta: n/a
Epoch  40/50 | Train Loss: 2.1245 Acc: 0.4219 F1: 0.3630 | Val Loss: 3.3571 Acc: 0.0667 F1: 0.0625 | Train Meta: n/a | Val Meta: n/a
Epoch  41/50 | Train Loss: 2.1420 Acc: 0.4297 F1: 0.3488 | Val Loss: 3.3639 Acc: 0.0667 F1: 0.0667 | Train Meta: n/a | Val Meta: n/a
Epoch  42/50 | Train Loss: 2.0946 Acc: 0.4141 F1: 0.3271 | Val Loss: 3.4005 Acc: 0.0667 F1: 0.0625 | Train Meta: n/a | Val Meta: n/a
Epoch  43/50 | Train Loss: 2.0668 Acc: 0.4531 F1: 0.3656 | Val Loss: 3.4052 Acc: 0.1333 F1: 0.0875 | Train Meta: n/a | Val Meta: n/a
Epoch  44/50 | Train Loss: 2.0822 Acc: 0.4062 F1: 0.3594 | Val Loss: 3.4568 Acc: 0.0667 F1: 0.0667 | Train Meta: n/a | Val Meta: n/a
Epoch  45/50 | Train Loss: 2.0464 Acc: 0.4609 F1: 0.3996 | Val Loss: 3.3868 Acc: 0.0667 F1: 0.0625 | Train Meta: n/a | Val Meta: n/a
Epoch  46/50 | Train Loss: 2.0166 Acc: 0.4688 F1: 0.3888 | Val Loss: 3.4380 Acc: 0.1333 F1: 0.0889 | Train Meta: n/a | Val Meta: n/a
Epoch  47/50 | Train Loss: 2.0207 Acc: 0.4297 F1: 0.3558 | Val Loss: 3.4610 Acc: 0.0667 F1: 0.0625 | Train Meta: n/a | Val Meta: n/a
Epoch  48/50 | Train Loss: 2.0001 Acc: 0.4375 F1: 0.3784 | Val Loss: 3.4468 Acc: 0.0667 F1: 0.0625 | Train Meta: n/a | Val Meta: n/a
Epoch  49/50 | Train Loss: 1.9712 Acc: 0.4609 F1: 0.3910 | Val Loss: 3.4288 Acc: 0.0667 F1: 0.0625 | Train Meta: n/a | Val Meta: n/a
Epoch  50/50 | Train Loss: 1.9763 Acc: 0.4141 F1: 0.3326 | Val Loss: 3.4055 Acc: 0.0667 F1: 0.0625 | Train Meta: n/a | Val Meta: n/a

Classification Test Result (Handwriting)
Accuracy : 0.084706
F1 (macro): 0.047031
==================================================
🚀 Architecture: LAYA
📊 Target Dataset: Heartbeat (Channels: 61)
📊 Pretrain Info: electricity
📊 Classes: 2 | Sequence Length: 405
==================================================
✅ Loaded pretrained encoder from ./checkpoints/electricity_laya_ci_none/laya_ts_electricity_s_best.pt
   - 40/40 keys matched.
✅ Encoder is FROZEN (Linear Probing mode).
📝 metadata: mode=none, fusion=none, relation=none
ℹ️  Metadata Fusion Mode: none
ℹ️  Channel Mixer Relation Mode: none
ℹ️  Encoder Variant: default
ℹ️  Channel Adapter: disabled for Laya downstream (ci)
ℹ️  Channel Relation Block: disabled
✅ ClassificationHead: [B, 256] → [B, 2]
Epoch   1/50 | Train Loss: 0.5979 Acc: 0.6705 F1: 0.4323 | Val Loss: 0.5568 Acc: 0.7000 F1: 0.4118 | Train Meta: n/a | Val Meta: n/a
Validation Loss decreased (inf --> 0.556783). Saving best model...
Epoch   2/50 | Train Loss: 0.5650 Acc: 0.7159 F1: 0.4172 | Val Loss: 0.5400 Acc: 0.7000 F1: 0.4118 | Train Meta: n/a | Val Meta: n/a
Validation Loss decreased (0.556783 --> 0.540006). Saving best model...
Epoch   3/50 | Train Loss: 0.5713 Acc: 0.7102 F1: 0.4153 | Val Loss: 0.5409 Acc: 0.7000 F1: 0.4118 | Train Meta: n/a | Val Meta: n/a
Epoch   4/50 | Train Loss: 0.5526 Acc: 0.7273 F1: 0.4585 | Val Loss: 0.5356 Acc: 0.7500 F1: 0.5671 | Train Meta: n/a | Val Meta: n/a
Validation Loss decreased (0.540006 --> 0.535562). Saving best model...
Epoch   5/50 | Train Loss: 0.5465 Acc: 0.7045 F1: 0.4133 | Val Loss: 0.5344 Acc: 0.7000 F1: 0.4118 | Train Meta: n/a | Val Meta: n/a
Validation Loss decreased (0.535562 --> 0.534404). Saving best model...
Epoch   6/50 | Train Loss: 0.5489 Acc: 0.7159 F1: 0.4531 | Val Loss: 0.5156 Acc: 0.7500 F1: 0.5671 | Train Meta: n/a | Val Meta: n/a
Validation Loss decreased (0.534404 --> 0.515631). Saving best model...
Epoch   7/50 | Train Loss: 0.5370 Acc: 0.7102 F1: 0.4336 | Val Loss: 0.5170 Acc: 0.7000 F1: 0.4118 | Train Meta: n/a | Val Meta: n/a
Epoch   8/50 | Train Loss: 0.5454 Acc: 0.7102 F1: 0.4153 | Val Loss: 0.5147 Acc: 0.7500 F1: 0.5671 | Train Meta: n/a | Val Meta: n/a
Validation Loss decreased (0.515631 --> 0.514692). Saving best model...
Epoch   9/50 | Train Loss: 0.5393 Acc: 0.7045 F1: 0.4479 | Val Loss: 0.5201 Acc: 0.7000 F1: 0.4118 | Train Meta: n/a | Val Meta: n/a
Epoch  10/50 | Train Loss: 0.5491 Acc: 0.7159 F1: 0.4977 | Val Loss: 0.5098 Acc: 0.7500 F1: 0.5671 | Train Meta: n/a | Val Meta: n/a
Validation Loss decreased (0.514692 --> 0.509809). Saving best model...
Epoch  11/50 | Train Loss: 0.5448 Acc: 0.7102 F1: 0.4336 | Val Loss: 0.5148 Acc: 0.7000 F1: 0.4118 | Train Meta: n/a | Val Meta: n/a
Epoch  12/50 | Train Loss: 0.5532 Acc: 0.7102 F1: 0.5188 | Val Loss: 0.5114 Acc: 0.7500 F1: 0.5671 | Train Meta: n/a | Val Meta: n/a
Epoch  13/50 | Train Loss: 0.5359 Acc: 0.7159 F1: 0.4172 | Val Loss: 0.5117 Acc: 0.7000 F1: 0.4118 | Train Meta: n/a | Val Meta: n/a
Epoch  14/50 | Train Loss: 0.5438 Acc: 0.7159 F1: 0.4977 | Val Loss: 0.5093 Acc: 0.7000 F1: 0.4118 | Train Meta: n/a | Val Meta: n/a
Validation Loss decreased (0.509809 --> 0.509341). Saving best model...
Epoch  15/50 | Train Loss: 0.5305 Acc: 0.7102 F1: 0.4336 | Val Loss: 0.5111 Acc: 0.7000 F1: 0.4118 | Train Meta: n/a | Val Meta: n/a
Epoch  16/50 | Train Loss: 0.5324 Acc: 0.7102 F1: 0.4505 | Val Loss: 0.5027 Acc: 0.7500 F1: 0.5671 | Train Meta: n/a | Val Meta: n/a
Validation Loss decreased (0.509341 --> 0.502705). Saving best model...
Epoch  17/50 | Train Loss: 0.5351 Acc: 0.7216 F1: 0.5142 | Val Loss: 0.5169 Acc: 0.7000 F1: 0.4118 | Train Meta: n/a | Val Meta: n/a
Epoch  18/50 | Train Loss: 0.5345 Acc: 0.7102 F1: 0.4153 | Val Loss: 0.5322 Acc: 0.7000 F1: 0.4118 | Train Meta: n/a | Val Meta: n/a
Epoch  19/50 | Train Loss: 0.5410 Acc: 0.7045 F1: 0.4479 | Val Loss: 0.5179 Acc: 0.7000 F1: 0.4118 | Train Meta: n/a | Val Meta: n/a
Epoch  20/50 | Train Loss: 0.5305 Acc: 0.7102 F1: 0.4505 | Val Loss: 0.5228 Acc: 0.7000 F1: 0.4118 | Train Meta: n/a | Val Meta: n/a
Epoch  21/50 | Train Loss: 0.5473 Acc: 0.6989 F1: 0.4114 | Val Loss: 0.5266 Acc: 0.7000 F1: 0.4118 | Train Meta: n/a | Val Meta: n/a
Epoch  22/50 | Train Loss: 0.5308 Acc: 0.7159 F1: 0.4691 | Val Loss: 0.5275 Acc: 0.7000 F1: 0.4118 | Train Meta: n/a | Val Meta: n/a
Epoch  23/50 | Train Loss: 0.5414 Acc: 0.7102 F1: 0.4336 | Val Loss: 0.5208 Acc: 0.7000 F1: 0.4118 | Train Meta: n/a | Val Meta: n/a
Epoch  24/50 | Train Loss: 0.5542 Acc: 0.6989 F1: 0.4877 | Val Loss: 0.5161 Acc: 0.7000 F1: 0.4118 | Train Meta: n/a | Val Meta: n/a
Epoch  25/50 | Train Loss: 0.5479 Acc: 0.7045 F1: 0.4133 | Val Loss: 0.5237 Acc: 0.7000 F1: 0.4118 | Train Meta: n/a | Val Meta: n/a
Epoch  26/50 | Train Loss: 0.5212 Acc: 0.7330 F1: 0.4780 | Val Loss: 0.5245 Acc: 0.7000 F1: 0.4118 | Train Meta: n/a | Val Meta: n/a
Epoch  27/50 | Train Loss: 0.5722 Acc: 0.7045 F1: 0.4133 | Val Loss: 0.5338 Acc: 0.7000 F1: 0.4118 | Train Meta: n/a | Val Meta: n/a
Epoch  28/50 | Train Loss: 0.5400 Acc: 0.7273 F1: 0.5626 | Val Loss: 0.5189 Acc: 0.6500 F1: 0.3939 | Train Meta: n/a | Val Meta: n/a
Epoch  29/50 | Train Loss: 0.5336 Acc: 0.7102 F1: 0.4662 | Val Loss: 0.5364 Acc: 0.7000 F1: 0.4118 | Train Meta: n/a | Val Meta: n/a
Epoch  30/50 | Train Loss: 0.5346 Acc: 0.7159 F1: 0.4172 | Val Loss: 0.5358 Acc: 0.7000 F1: 0.4118 | Train Meta: n/a | Val Meta: n/a
Epoch  31/50 | Train Loss: 0.5197 Acc: 0.7330 F1: 0.5081 | Val Loss: 0.5233 Acc: 0.7000 F1: 0.4118 | Train Meta: n/a | Val Meta: n/a
Epoch  32/50 | Train Loss: 0.5319 Acc: 0.7102 F1: 0.4336 | Val Loss: 0.5288 Acc: 0.7000 F1: 0.4118 | Train Meta: n/a | Val Meta: n/a
Epoch  33/50 | Train Loss: 0.5345 Acc: 0.7102 F1: 0.4336 | Val Loss: 0.5256 Acc: 0.6500 F1: 0.3939 | Train Meta: n/a | Val Meta: n/a
Epoch  34/50 | Train Loss: 0.5445 Acc: 0.6818 F1: 0.4220 | Val Loss: 0.5179 Acc: 0.7000 F1: 0.4118 | Train Meta: n/a | Val Meta: n/a
Epoch  35/50 | Train Loss: 0.5570 Acc: 0.6932 F1: 0.5286 | Val Loss: 0.5164 Acc: 0.7000 F1: 0.4118 | Train Meta: n/a | Val Meta: n/a
Epoch  36/50 | Train Loss: 0.5496 Acc: 0.7159 F1: 0.4531 | Val Loss: 0.5199 Acc: 0.7000 F1: 0.4118 | Train Meta: n/a | Val Meta: n/a
Epoch  37/50 | Train Loss: 0.5523 Acc: 0.7216 F1: 0.5584 | Val Loss: 0.5190 Acc: 0.6500 F1: 0.3939 | Train Meta: n/a | Val Meta: n/a
Epoch  38/50 | Train Loss: 0.5598 Acc: 0.7330 F1: 0.4429 | Val Loss: 0.5474 Acc: 0.7000 F1: 0.4118 | Train Meta: n/a | Val Meta: n/a
Epoch  39/50 | Train Loss: 0.5359 Acc: 0.7273 F1: 0.5301 | Val Loss: 0.5224 Acc: 0.6500 F1: 0.3939 | Train Meta: n/a | Val Meta: n/a
Epoch  40/50 | Train Loss: 0.5321 Acc: 0.7216 F1: 0.5142 | Val Loss: 0.5187 Acc: 0.7000 F1: 0.4118 | Train Meta: n/a | Val Meta: n/a
Epoch  41/50 | Train Loss: 0.5380 Acc: 0.6989 F1: 0.4453 | Val Loss: 0.5188 Acc: 0.6500 F1: 0.3939 | Train Meta: n/a | Val Meta: n/a
Epoch  42/50 | Train Loss: 0.5347 Acc: 0.7045 F1: 0.4633 | Val Loss: 0.5340 Acc: 0.7000 F1: 0.4118 | Train Meta: n/a | Val Meta: n/a
Epoch  43/50 | Train Loss: 0.5315 Acc: 0.7159 F1: 0.4531 | Val Loss: 0.5355 Acc: 0.7000 F1: 0.4118 | Train Meta: n/a | Val Meta: n/a
Epoch  44/50 | Train Loss: 0.5458 Acc: 0.7045 F1: 0.4776 | Val Loss: 0.5284 Acc: 0.6500 F1: 0.3939 | Train Meta: n/a | Val Meta: n/a
Epoch  45/50 | Train Loss: 0.5267 Acc: 0.7273 F1: 0.4585 | Val Loss: 0.5400 Acc: 0.7000 F1: 0.4118 | Train Meta: n/a | Val Meta: n/a
Epoch  46/50 | Train Loss: 0.5398 Acc: 0.6932 F1: 0.4266 | Val Loss: 0.5284 Acc: 0.6500 F1: 0.3939 | Train Meta: n/a | Val Meta: n/a
Epoch  47/50 | Train Loss: 0.5294 Acc: 0.7216 F1: 0.5011 | Val Loss: 0.5240 Acc: 0.7000 F1: 0.4118 | Train Meta: n/a | Val Meta: n/a
Epoch  48/50 | Train Loss: 0.5255 Acc: 0.7216 F1: 0.4721 | Val Loss: 0.5253 Acc: 0.7000 F1: 0.4118 | Train Meta: n/a | Val Meta: n/a
Epoch  49/50 | Train Loss: 0.5306 Acc: 0.7273 F1: 0.5046 | Val Loss: 0.5261 Acc: 0.7000 F1: 0.4118 | Train Meta: n/a | Val Meta: n/a
Epoch  50/50 | Train Loss: 0.5304 Acc: 0.7045 F1: 0.4479 | Val Loss: 0.5243 Acc: 0.7000 F1: 0.4118 | Train Meta: n/a | Val Meta: n/a

Classification Test Result (Heartbeat)
Accuracy : 0.726829
F1 (macro): 0.517647
==================================================
🚀 Architecture: LAYA
📊 Target Dataset: JapaneseVowels (Channels: 12)
📊 Pretrain Info: electricity
📊 Classes: 9 | Sequence Length: 26
==================================================
✅ Loaded pretrained encoder from ./checkpoints/electricity_laya_ci_none/laya_ts_electricity_s_best.pt
   - 40/40 keys matched.
✅ Encoder is FROZEN (Linear Probing mode).
📝 metadata: mode=none, fusion=none, relation=none
ℹ️  Metadata Fusion Mode: none
ℹ️  Channel Mixer Relation Mode: none
ℹ️  Encoder Variant: default
ℹ️  Channel Adapter: disabled for Laya downstream (ci)
ℹ️  Channel Relation Block: disabled
✅ ClassificationHead: [B, 256] → [B, 9]
Epoch   1/50 | Train Loss: 2.1476 Acc: 0.1583 F1: 0.1409 | Val Loss: 2.0605 Acc: 0.3333 F1: 0.2306 | Train Meta: n/a | Val Meta: n/a
Validation Loss decreased (inf --> 2.060457). Saving best model...
Epoch   2/50 | Train Loss: 1.9530 Acc: 0.3542 F1: 0.2902 | Val Loss: 1.8067 Acc: 0.5556 F1: 0.4584 | Train Meta: n/a | Val Meta: n/a
Validation Loss decreased (2.060457 --> 1.806653). Saving best model...
Epoch   3/50 | Train Loss: 1.8353 Acc: 0.3542 F1: 0.3252 | Val Loss: 1.7779 Acc: 0.3704 F1: 0.3327 | Train Meta: n/a | Val Meta: n/a
Validation Loss decreased (1.806653 --> 1.777867). Saving best model...
Epoch   4/50 | Train Loss: 1.7328 Acc: 0.4417 F1: 0.4401 | Val Loss: 1.6786 Acc: 0.4815 F1: 0.3951 | Train Meta: n/a | Val Meta: n/a
Validation Loss decreased (1.777867 --> 1.678584). Saving best model...
Epoch   5/50 | Train Loss: 1.6575 Acc: 0.3875 F1: 0.3098 | Val Loss: 1.6152 Acc: 0.5185 F1: 0.4090 | Train Meta: n/a | Val Meta: n/a
Validation Loss decreased (1.678584 --> 1.615213). Saving best model...
Epoch   6/50 | Train Loss: 1.5944 Acc: 0.4750 F1: 0.4655 | Val Loss: 1.5373 Acc: 0.4815 F1: 0.4063 | Train Meta: n/a | Val Meta: n/a
Validation Loss decreased (1.615213 --> 1.537277). Saving best model...
Epoch   7/50 | Train Loss: 1.5318 Acc: 0.5000 F1: 0.4654 | Val Loss: 1.4842 Acc: 0.5556 F1: 0.4709 | Train Meta: n/a | Val Meta: n/a
Validation Loss decreased (1.537277 --> 1.484204). Saving best model...
Epoch   8/50 | Train Loss: 1.4950 Acc: 0.5292 F1: 0.4940 | Val Loss: 1.4653 Acc: 0.4815 F1: 0.4319 | Train Meta: n/a | Val Meta: n/a
Validation Loss decreased (1.484204 --> 1.465302). Saving best model...
Epoch   9/50 | Train Loss: 1.4585 Acc: 0.5375 F1: 0.5181 | Val Loss: 1.4803 Acc: 0.4815 F1: 0.4201 | Train Meta: n/a | Val Meta: n/a
Epoch  10/50 | Train Loss: 1.4333 Acc: 0.5125 F1: 0.4649 | Val Loss: 1.3739 Acc: 0.5926 F1: 0.5138 | Train Meta: n/a | Val Meta: n/a
Validation Loss decreased (1.465302 --> 1.373949). Saving best model...
Epoch  11/50 | Train Loss: 1.3965 Acc: 0.5917 F1: 0.5871 | Val Loss: 1.3704 Acc: 0.5926 F1: 0.5386 | Train Meta: n/a | Val Meta: n/a
Validation Loss decreased (1.373949 --> 1.370432). Saving best model...
Epoch  12/50 | Train Loss: 1.3662 Acc: 0.5750 F1: 0.5754 | Val Loss: 1.3355 Acc: 0.5185 F1: 0.4074 | Train Meta: n/a | Val Meta: n/a
Validation Loss decreased (1.370432 --> 1.335539). Saving best model...
Epoch  13/50 | Train Loss: 1.3435 Acc: 0.5750 F1: 0.5699 | Val Loss: 1.3576 Acc: 0.5185 F1: 0.4677 | Train Meta: n/a | Val Meta: n/a
Epoch  14/50 | Train Loss: 1.3044 Acc: 0.5750 F1: 0.5528 | Val Loss: 1.2886 Acc: 0.5926 F1: 0.4963 | Train Meta: n/a | Val Meta: n/a
Validation Loss decreased (1.335539 --> 1.288595). Saving best model...
Epoch  15/50 | Train Loss: 1.2792 Acc: 0.6125 F1: 0.6081 | Val Loss: 1.2705 Acc: 0.6296 F1: 0.5434 | Train Meta: n/a | Val Meta: n/a
Validation Loss decreased (1.288595 --> 1.270454). Saving best model...
Epoch  16/50 | Train Loss: 1.2541 Acc: 0.6667 F1: 0.6653 | Val Loss: 1.2780 Acc: 0.6296 F1: 0.5966 | Train Meta: n/a | Val Meta: n/a
Epoch  17/50 | Train Loss: 1.2386 Acc: 0.6292 F1: 0.6271 | Val Loss: 1.2551 Acc: 0.6296 F1: 0.6090 | Train Meta: n/a | Val Meta: n/a
Validation Loss decreased (1.270454 --> 1.255082). Saving best model...
Epoch  18/50 | Train Loss: 1.2056 Acc: 0.6375 F1: 0.6272 | Val Loss: 1.2167 Acc: 0.6667 F1: 0.5847 | Train Meta: n/a | Val Meta: n/a
Validation Loss decreased (1.255082 --> 1.216694). Saving best model...
Epoch  19/50 | Train Loss: 1.2017 Acc: 0.6292 F1: 0.6237 | Val Loss: 1.2486 Acc: 0.5185 F1: 0.5146 | Train Meta: n/a | Val Meta: n/a
Epoch  20/50 | Train Loss: 1.1773 Acc: 0.6458 F1: 0.6392 | Val Loss: 1.1791 Acc: 0.7037 F1: 0.6693 | Train Meta: n/a | Val Meta: n/a
Validation Loss decreased (1.216694 --> 1.179133). Saving best model...
Epoch  21/50 | Train Loss: 1.1649 Acc: 0.6417 F1: 0.6397 | Val Loss: 1.2388 Acc: 0.5556 F1: 0.5458 | Train Meta: n/a | Val Meta: n/a
Epoch  22/50 | Train Loss: 1.1358 Acc: 0.6750 F1: 0.6700 | Val Loss: 1.1655 Acc: 0.6667 F1: 0.6249 | Train Meta: n/a | Val Meta: n/a
Validation Loss decreased (1.179133 --> 1.165548). Saving best model...
Epoch  23/50 | Train Loss: 1.1296 Acc: 0.6625 F1: 0.6609 | Val Loss: 1.1715 Acc: 0.6296 F1: 0.5402 | Train Meta: n/a | Val Meta: n/a
Epoch  24/50 | Train Loss: 1.1041 Acc: 0.6750 F1: 0.6655 | Val Loss: 1.1709 Acc: 0.6667 F1: 0.6410 | Train Meta: n/a | Val Meta: n/a
Epoch  25/50 | Train Loss: 1.0967 Acc: 0.6792 F1: 0.6773 | Val Loss: 1.1353 Acc: 0.6667 F1: 0.6249 | Train Meta: n/a | Val Meta: n/a
Validation Loss decreased (1.165548 --> 1.135345). Saving best model...
Epoch  26/50 | Train Loss: 1.0842 Acc: 0.7000 F1: 0.6990 | Val Loss: 1.1430 Acc: 0.6667 F1: 0.6410 | Train Meta: n/a | Val Meta: n/a
Epoch  27/50 | Train Loss: 1.0706 Acc: 0.6792 F1: 0.6769 | Val Loss: 1.1045 Acc: 0.6667 F1: 0.6249 | Train Meta: n/a | Val Meta: n/a
Validation Loss decreased (1.135345 --> 1.104452). Saving best model...
Epoch  28/50 | Train Loss: 1.0538 Acc: 0.7042 F1: 0.7016 | Val Loss: 1.1097 Acc: 0.6667 F1: 0.6410 | Train Meta: n/a | Val Meta: n/a
Epoch  29/50 | Train Loss: 1.0414 Acc: 0.6875 F1: 0.6874 | Val Loss: 1.0978 Acc: 0.6667 F1: 0.6410 | Train Meta: n/a | Val Meta: n/a
Validation Loss decreased (1.104452 --> 1.097790). Saving best model...
Epoch  30/50 | Train Loss: 1.0195 Acc: 0.7083 F1: 0.7047 | Val Loss: 1.0661 Acc: 0.7037 F1: 0.6693 | Train Meta: n/a | Val Meta: n/a
Validation Loss decreased (1.097790 --> 1.066108). Saving best model...
Epoch  31/50 | Train Loss: 1.0152 Acc: 0.7125 F1: 0.7119 | Val Loss: 1.0763 Acc: 0.6296 F1: 0.5966 | Train Meta: n/a | Val Meta: n/a
Epoch  32/50 | Train Loss: 0.9898 Acc: 0.7208 F1: 0.7158 | Val Loss: 1.0576 Acc: 0.7037 F1: 0.6693 | Train Meta: n/a | Val Meta: n/a
Validation Loss decreased (1.066108 --> 1.057562). Saving best model...
Epoch  33/50 | Train Loss: 0.9855 Acc: 0.7208 F1: 0.7200 | Val Loss: 1.0782 Acc: 0.6667 F1: 0.6410 | Train Meta: n/a | Val Meta: n/a
Epoch  34/50 | Train Loss: 0.9643 Acc: 0.7208 F1: 0.7206 | Val Loss: 1.0622 Acc: 0.6296 F1: 0.5966 | Train Meta: n/a | Val Meta: n/a
Epoch  35/50 | Train Loss: 0.9523 Acc: 0.7417 F1: 0.7386 | Val Loss: 1.0616 Acc: 0.6667 F1: 0.6410 | Train Meta: n/a | Val Meta: n/a
Epoch  36/50 | Train Loss: 0.9461 Acc: 0.7375 F1: 0.7412 | Val Loss: 1.0545 Acc: 0.6296 F1: 0.5966 | Train Meta: n/a | Val Meta: n/a
Validation Loss decreased (1.057562 --> 1.054459). Saving best model...
Epoch  37/50 | Train Loss: 0.9299 Acc: 0.7250 F1: 0.7219 | Val Loss: 1.0429 Acc: 0.6667 F1: 0.6410 | Train Meta: n/a | Val Meta: n/a
Validation Loss decreased (1.054459 --> 1.042945). Saving best model...
Epoch  38/50 | Train Loss: 0.9358 Acc: 0.7292 F1: 0.7266 | Val Loss: 1.0344 Acc: 0.6667 F1: 0.6410 | Train Meta: n/a | Val Meta: n/a
Validation Loss decreased (1.042945 --> 1.034358). Saving best model...
Epoch  39/50 | Train Loss: 0.9052 Acc: 0.7500 F1: 0.7485 | Val Loss: 1.0383 Acc: 0.6296 F1: 0.5966 | Train Meta: n/a | Val Meta: n/a
Epoch  40/50 | Train Loss: 0.8859 Acc: 0.7542 F1: 0.7528 | Val Loss: 0.9849 Acc: 0.6667 F1: 0.6410 | Train Meta: n/a | Val Meta: n/a
Validation Loss decreased (1.034358 --> 0.984941). Saving best model...
Epoch  41/50 | Train Loss: 0.8874 Acc: 0.7333 F1: 0.7310 | Val Loss: 1.0077 Acc: 0.6667 F1: 0.6410 | Train Meta: n/a | Val Meta: n/a
Epoch  42/50 | Train Loss: 0.8707 Acc: 0.7542 F1: 0.7541 | Val Loss: 1.0436 Acc: 0.6667 F1: 0.6410 | Train Meta: n/a | Val Meta: n/a
Epoch  43/50 | Train Loss: 0.8559 Acc: 0.7792 F1: 0.7768 | Val Loss: 0.9653 Acc: 0.7037 F1: 0.6693 | Train Meta: n/a | Val Meta: n/a
Validation Loss decreased (0.984941 --> 0.965287). Saving best model...
Epoch  44/50 | Train Loss: 0.8599 Acc: 0.7625 F1: 0.7613 | Val Loss: 0.9946 Acc: 0.6296 F1: 0.5966 | Train Meta: n/a | Val Meta: n/a
Epoch  45/50 | Train Loss: 0.8354 Acc: 0.7833 F1: 0.7858 | Val Loss: 1.0055 Acc: 0.6667 F1: 0.6410 | Train Meta: n/a | Val Meta: n/a
Epoch  46/50 | Train Loss: 0.8401 Acc: 0.7917 F1: 0.7884 | Val Loss: 0.9604 Acc: 0.6667 F1: 0.6410 | Train Meta: n/a | Val Meta: n/a
Validation Loss decreased (0.965287 --> 0.960431). Saving best model...
Epoch  47/50 | Train Loss: 0.8290 Acc: 0.7542 F1: 0.7561 | Val Loss: 0.9671 Acc: 0.7407 F1: 0.7373 | Train Meta: n/a | Val Meta: n/a
Epoch  48/50 | Train Loss: 0.8318 Acc: 0.7875 F1: 0.7886 | Val Loss: 0.9721 Acc: 0.6296 F1: 0.5966 | Train Meta: n/a | Val Meta: n/a
Epoch  49/50 | Train Loss: 0.8267 Acc: 0.7833 F1: 0.7823 | Val Loss: 0.9918 Acc: 0.7037 F1: 0.6929 | Train Meta: n/a | Val Meta: n/a
Epoch  50/50 | Train Loss: 0.8034 Acc: 0.7833 F1: 0.7831 | Val Loss: 0.9294 Acc: 0.6667 F1: 0.6410 | Train Meta: n/a | Val Meta: n/a
Validation Loss decreased (0.960431 --> 0.929426). Saving best model...

Classification Test Result (JapaneseVowels)
Accuracy : 0.478378
F1 (macro): 0.475686
==================================================
🚀 Architecture: LAYA
📊 Target Dataset: PEMS-SF (Channels: 963)
📊 Pretrain Info: electricity
📊 Classes: 7 | Sequence Length: 144
==================================================
✅ Loaded pretrained encoder from ./checkpoints/electricity_laya_ci_none/laya_ts_electricity_s_best.pt
   - 40/40 keys matched.
✅ Encoder is FROZEN (Linear Probing mode).
📝 metadata: mode=none, fusion=none, relation=none
ℹ️  Metadata Fusion Mode: none
ℹ️  Channel Mixer Relation Mode: none
ℹ️  Encoder Variant: default
ℹ️  Channel Adapter: disabled for Laya downstream (ci)
ℹ️  Channel Relation Block: disabled
✅ ClassificationHead: [B, 256] → [B, 7]
Epoch   1/50 | Train Loss: 1.8398 Acc: 0.2833 F1: 0.1814 | Val Loss: 1.7050 Acc: 0.3077 F1: 0.2342 | Train Meta: n/a | Val Meta: n/a
Validation Loss decreased (inf --> 1.704998). Saving best model...
Epoch   2/50 | Train Loss: 1.6337 Acc: 0.3417 F1: 0.2666 | Val Loss: 1.5558 Acc: 0.3077 F1: 0.2520 | Train Meta: n/a | Val Meta: n/a
Validation Loss decreased (1.704998 --> 1.555789). Saving best model...
Epoch   3/50 | Train Loss: 1.5013 Acc: 0.3125 F1: 0.1843 | Val Loss: 1.4575 Acc: 0.2692 F1: 0.1903 | Train Meta: n/a | Val Meta: n/a
Validation Loss decreased (1.555789 --> 1.457515). Saving best model...
Epoch   4/50 | Train Loss: 1.4399 Acc: 0.4125 F1: 0.3650 | Val Loss: 1.3608 Acc: 0.5000 F1: 0.3929 | Train Meta: n/a | Val Meta: n/a
Validation Loss decreased (1.457515 --> 1.360766). Saving best model...
Epoch   5/50 | Train Loss: 1.3837 Acc: 0.4875 F1: 0.4275 | Val Loss: 1.3111 Acc: 0.4231 F1: 0.3845 | Train Meta: n/a | Val Meta: n/a
Validation Loss decreased (1.360766 --> 1.311082). Saving best model...
Epoch   6/50 | Train Loss: 1.3382 Acc: 0.4667 F1: 0.4123 | Val Loss: 1.2506 Acc: 0.6154 F1: 0.4808 | Train Meta: n/a | Val Meta: n/a
Validation Loss decreased (1.311082 --> 1.250638). Saving best model...
Epoch   7/50 | Train Loss: 1.2932 Acc: 0.5375 F1: 0.4702 | Val Loss: 1.2590 Acc: 0.5000 F1: 0.4762 | Train Meta: n/a | Val Meta: n/a
Epoch   8/50 | Train Loss: 1.2554 Acc: 0.5167 F1: 0.4762 | Val Loss: 1.1624 Acc: 0.6538 F1: 0.5119 | Train Meta: n/a | Val Meta: n/a
Validation Loss decreased (1.250638 --> 1.162381). Saving best model...
Epoch   9/50 | Train Loss: 1.2115 Acc: 0.6042 F1: 0.5702 | Val Loss: 1.1974 Acc: 0.4615 F1: 0.4179 | Train Meta: n/a | Val Meta: n/a
Epoch  10/50 | Train Loss: 1.1909 Acc: 0.6083 F1: 0.5480 | Val Loss: 1.1273 Acc: 0.6923 F1: 0.6619 | Train Meta: n/a | Val Meta: n/a
Validation Loss decreased (1.162381 --> 1.127262). Saving best model...
Epoch  11/50 | Train Loss: 1.1805 Acc: 0.5833 F1: 0.5474 | Val Loss: 1.1000 Acc: 0.6154 F1: 0.4974 | Train Meta: n/a | Val Meta: n/a
Validation Loss decreased (1.127262 --> 1.099990). Saving best model...
Epoch  12/50 | Train Loss: 1.1500 Acc: 0.5458 F1: 0.4402 | Val Loss: 1.1128 Acc: 0.6538 F1: 0.5488 | Train Meta: n/a | Val Meta: n/a
Epoch  13/50 | Train Loss: 1.1330 Acc: 0.6167 F1: 0.6036 | Val Loss: 1.0193 Acc: 0.6923 F1: 0.5643 | Train Meta: n/a | Val Meta: n/a
Validation Loss decreased (1.099990 --> 1.019335). Saving best model...
Epoch  14/50 | Train Loss: 1.1000 Acc: 0.6208 F1: 0.5874 | Val Loss: 1.0934 Acc: 0.5000 F1: 0.4218 | Train Meta: n/a | Val Meta: n/a
Epoch  15/50 | Train Loss: 1.0833 Acc: 0.5708 F1: 0.4839 | Val Loss: 1.0065 Acc: 0.6923 F1: 0.7222 | Train Meta: n/a | Val Meta: n/a
Validation Loss decreased (1.019335 --> 1.006514). Saving best model...
Epoch  16/50 | Train Loss: 1.0730 Acc: 0.5792 F1: 0.5702 | Val Loss: 1.0209 Acc: 0.5769 F1: 0.5408 | Train Meta: n/a | Val Meta: n/a
Epoch  17/50 | Train Loss: 1.0493 Acc: 0.6375 F1: 0.6343 | Val Loss: 0.9873 Acc: 0.6538 F1: 0.6143 | Train Meta: n/a | Val Meta: n/a
Validation Loss decreased (1.006514 --> 0.987286). Saving best model...
Epoch  18/50 | Train Loss: 1.0382 Acc: 0.5625 F1: 0.4757 | Val Loss: 0.9527 Acc: 0.6923 F1: 0.5810 | Train Meta: n/a | Val Meta: n/a
Validation Loss decreased (0.987286 --> 0.952713). Saving best model...
Epoch  19/50 | Train Loss: 1.0254 Acc: 0.6417 F1: 0.6162 | Val Loss: 0.9672 Acc: 0.6154 F1: 0.5503 | Train Meta: n/a | Val Meta: n/a
Epoch  20/50 | Train Loss: 1.0025 Acc: 0.5833 F1: 0.5118 | Val Loss: 0.9793 Acc: 0.5000 F1: 0.4218 | Train Meta: n/a | Val Meta: n/a
Epoch  21/50 | Train Loss: 0.9847 Acc: 0.6750 F1: 0.6552 | Val Loss: 0.8857 Acc: 0.8077 F1: 0.6341 | Train Meta: n/a | Val Meta: n/a
Validation Loss decreased (0.952713 --> 0.885675). Saving best model...
Epoch  22/50 | Train Loss: 0.9795 Acc: 0.6792 F1: 0.6744 | Val Loss: 0.9030 Acc: 0.6923 F1: 0.6219 | Train Meta: n/a | Val Meta: n/a
Epoch  23/50 | Train Loss: 0.9689 Acc: 0.6750 F1: 0.6420 | Val Loss: 0.8905 Acc: 0.8077 F1: 0.7721 | Train Meta: n/a | Val Meta: n/a
Epoch  24/50 | Train Loss: 0.9546 Acc: 0.6458 F1: 0.6147 | Val Loss: 0.9180 Acc: 0.6154 F1: 0.5510 | Train Meta: n/a | Val Meta: n/a
Epoch  25/50 | Train Loss: 0.9494 Acc: 0.6500 F1: 0.6620 | Val Loss: 0.8309 Acc: 0.8077 F1: 0.6905 | Train Meta: n/a | Val Meta: n/a
Validation Loss decreased (0.885675 --> 0.830921). Saving best model...
Epoch  26/50 | Train Loss: 0.9314 Acc: 0.6917 F1: 0.6945 | Val Loss: 0.9069 Acc: 0.6154 F1: 0.5770 | Train Meta: n/a | Val Meta: n/a
Epoch  27/50 | Train Loss: 0.9412 Acc: 0.6167 F1: 0.5840 | Val Loss: 0.8884 Acc: 0.6538 F1: 0.6143 | Train Meta: n/a | Val Meta: n/a
Epoch  28/50 | Train Loss: 0.9094 Acc: 0.6750 F1: 0.6475 | Val Loss: 0.8542 Acc: 0.8077 F1: 0.6862 | Train Meta: n/a | Val Meta: n/a
Epoch  29/50 | Train Loss: 0.9005 Acc: 0.7292 F1: 0.7293 | Val Loss: 0.8330 Acc: 0.6538 F1: 0.6286 | Train Meta: n/a | Val Meta: n/a
Epoch  30/50 | Train Loss: 0.8883 Acc: 0.6167 F1: 0.5989 | Val Loss: 0.8179 Acc: 0.8077 F1: 0.8000 | Train Meta: n/a | Val Meta: n/a
Validation Loss decreased (0.830921 --> 0.817902). Saving best model...
Epoch  31/50 | Train Loss: 0.8835 Acc: 0.7167 F1: 0.7250 | Val Loss: 0.8029 Acc: 0.7692 F1: 0.6537 | Train Meta: n/a | Val Meta: n/a
Validation Loss decreased (0.817902 --> 0.802884). Saving best model...
Epoch  32/50 | Train Loss: 0.8674 Acc: 0.7333 F1: 0.7091 | Val Loss: 0.8432 Acc: 0.6538 F1: 0.6150 | Train Meta: n/a | Val Meta: n/a
Epoch  33/50 | Train Loss: 0.8680 Acc: 0.6792 F1: 0.6476 | Val Loss: 0.7670 Acc: 0.7692 F1: 0.6595 | Train Meta: n/a | Val Meta: n/a
Validation Loss decreased (0.802884 --> 0.766963). Saving best model...
Epoch  34/50 | Train Loss: 0.8525 Acc: 0.6958 F1: 0.6956 | Val Loss: 0.8283 Acc: 0.6923 F1: 0.6117 | Train Meta: n/a | Val Meta: n/a
Epoch  35/50 | Train Loss: 0.8569 Acc: 0.7250 F1: 0.7338 | Val Loss: 0.7761 Acc: 0.8846 F1: 0.8794 | Train Meta: n/a | Val Meta: n/a
Epoch  36/50 | Train Loss: 0.8399 Acc: 0.7458 F1: 0.7378 | Val Loss: 0.7867 Acc: 0.7692 F1: 0.7306 | Train Meta: n/a | Val Meta: n/a
Epoch  37/50 | Train Loss: 0.8367 Acc: 0.6542 F1: 0.6336 | Val Loss: 0.7912 Acc: 0.7692 F1: 0.7306 | Train Meta: n/a | Val Meta: n/a
Epoch  38/50 | Train Loss: 0.8423 Acc: 0.6875 F1: 0.6740 | Val Loss: 0.7483 Acc: 0.8846 F1: 0.8794 | Train Meta: n/a | Val Meta: n/a
Validation Loss decreased (0.766963 --> 0.748329). Saving best model...
Epoch  39/50 | Train Loss: 0.8315 Acc: 0.7042 F1: 0.6956 | Val Loss: 0.7563 Acc: 0.8077 F1: 0.6862 | Train Meta: n/a | Val Meta: n/a
Epoch  40/50 | Train Loss: 0.8251 Acc: 0.6875 F1: 0.6991 | Val Loss: 0.7625 Acc: 0.8846 F1: 0.8794 | Train Meta: n/a | Val Meta: n/a
Epoch  41/50 | Train Loss: 0.8188 Acc: 0.7083 F1: 0.7043 | Val Loss: 0.7367 Acc: 0.7308 F1: 0.6190 | Train Meta: n/a | Val Meta: n/a
Validation Loss decreased (0.748329 --> 0.736687). Saving best model...
Epoch  42/50 | Train Loss: 0.7993 Acc: 0.7542 F1: 0.7627 | Val Loss: 0.7209 Acc: 0.8846 F1: 0.8794 | Train Meta: n/a | Val Meta: n/a
Validation Loss decreased (0.736687 --> 0.720881). Saving best model...
Epoch  43/50 | Train Loss: 0.7930 Acc: 0.7500 F1: 0.7489 | Val Loss: 0.7574 Acc: 0.7692 F1: 0.7143 | Train Meta: n/a | Val Meta: n/a
Epoch  44/50 | Train Loss: 0.7957 Acc: 0.6875 F1: 0.6773 | Val Loss: 0.7338 Acc: 0.7692 F1: 0.6530 | Train Meta: n/a | Val Meta: n/a
Epoch  45/50 | Train Loss: 0.7805 Acc: 0.7417 F1: 0.7452 | Val Loss: 0.7019 Acc: 0.8462 F1: 0.7294 | Train Meta: n/a | Val Meta: n/a
Validation Loss decreased (0.720881 --> 0.701920). Saving best model...
Epoch  46/50 | Train Loss: 0.7837 Acc: 0.7625 F1: 0.7503 | Val Loss: 0.6987 Acc: 0.8462 F1: 0.7127 | Train Meta: n/a | Val Meta: n/a
Validation Loss decreased (0.701920 --> 0.698730). Saving best model...
Epoch  47/50 | Train Loss: 0.7773 Acc: 0.7125 F1: 0.7032 | Val Loss: 0.7580 Acc: 0.8462 F1: 0.8116 | Train Meta: n/a | Val Meta: n/a
Epoch  48/50 | Train Loss: 0.7685 Acc: 0.7583 F1: 0.7601 | Val Loss: 0.6717 Acc: 0.8462 F1: 0.7452 | Train Meta: n/a | Val Meta: n/a
Validation Loss decreased (0.698730 --> 0.671657). Saving best model...
Epoch  49/50 | Train Loss: 0.7613 Acc: 0.7500 F1: 0.7403 | Val Loss: 0.7105 Acc: 0.8462 F1: 0.8481 | Train Meta: n/a | Val Meta: n/a
Epoch  50/50 | Train Loss: 0.7629 Acc: 0.7125 F1: 0.6976 | Val Loss: 0.6879 Acc: 0.8846 F1: 0.8794 | Train Meta: n/a | Val Meta: n/a

Classification Test Result (PEMS-SF)
Accuracy : 0.734104
F1 (macro): 0.701488
==================================================
🚀 Architecture: LAYA
📊 Target Dataset: SelfRegulationSCP1 (Channels: 6)
📊 Pretrain Info: electricity
📊 Classes: 2 | Sequence Length: 896
==================================================
✅ Loaded pretrained encoder from ./checkpoints/electricity_laya_ci_none/laya_ts_electricity_s_best.pt
   - 40/40 keys matched.
✅ Encoder is FROZEN (Linear Probing mode).
📝 metadata: mode=none, fusion=none, relation=none
ℹ️  Metadata Fusion Mode: none
ℹ️  Channel Mixer Relation Mode: none
ℹ️  Encoder Variant: default
ℹ️  Channel Adapter: disabled for Laya downstream (ci)
ℹ️  Channel Relation Block: disabled
✅ ClassificationHead: [B, 256] → [B, 2]
Epoch   1/50 | Train Loss: 0.6774 Acc: 0.5958 F1: 0.5933 | Val Loss: 0.4304 Acc: 0.8462 F1: 0.8462 | Train Meta: n/a | Val Meta: n/a
Validation Loss decreased (inf --> 0.430449). Saving best model...
Epoch   2/50 | Train Loss: 0.6275 Acc: 0.7000 F1: 0.6896 | Val Loss: 0.4677 Acc: 0.8462 F1: 0.8462 | Train Meta: n/a | Val Meta: n/a
Epoch   3/50 | Train Loss: 0.6071 Acc: 0.6750 F1: 0.6750 | Val Loss: 0.4739 Acc: 0.8462 F1: 0.8462 | Train Meta: n/a | Val Meta: n/a
Epoch   4/50 | Train Loss: 0.5683 Acc: 0.6917 F1: 0.6874 | Val Loss: 0.4010 Acc: 0.8846 F1: 0.8844 | Train Meta: n/a | Val Meta: n/a
Validation Loss decreased (0.430449 --> 0.401036). Saving best model...
Epoch   5/50 | Train Loss: 0.5651 Acc: 0.7042 F1: 0.7019 | Val Loss: 0.4453 Acc: 0.8462 F1: 0.8462 | Train Meta: n/a | Val Meta: n/a
Epoch   6/50 | Train Loss: 0.5471 Acc: 0.7042 F1: 0.7009 | Val Loss: 0.4173 Acc: 0.8462 F1: 0.8462 | Train Meta: n/a | Val Meta: n/a
Epoch   7/50 | Train Loss: 0.5546 Acc: 0.7125 F1: 0.7070 | Val Loss: 0.4275 Acc: 0.8462 F1: 0.8462 | Train Meta: n/a | Val Meta: n/a
Epoch   8/50 | Train Loss: 0.5510 Acc: 0.7125 F1: 0.7082 | Val Loss: 0.4370 Acc: 0.8462 F1: 0.8462 | Train Meta: n/a | Val Meta: n/a
Epoch   9/50 | Train Loss: 0.5576 Acc: 0.7125 F1: 0.7098 | Val Loss: 0.3909 Acc: 0.8462 F1: 0.8462 | Train Meta: n/a | Val Meta: n/a
Validation Loss decreased (0.401036 --> 0.390886). Saving best model...
Epoch  10/50 | Train Loss: 0.5539 Acc: 0.7042 F1: 0.6961 | Val Loss: 0.4249 Acc: 0.8462 F1: 0.8462 | Train Meta: n/a | Val Meta: n/a
Epoch  11/50 | Train Loss: 0.5448 Acc: 0.7167 F1: 0.7128 | Val Loss: 0.3996 Acc: 0.8462 F1: 0.8462 | Train Meta: n/a | Val Meta: n/a
Epoch  12/50 | Train Loss: 0.5403 Acc: 0.7167 F1: 0.7122 | Val Loss: 0.4174 Acc: 0.8462 F1: 0.8462 | Train Meta: n/a | Val Meta: n/a
Epoch  13/50 | Train Loss: 0.5362 Acc: 0.7167 F1: 0.7101 | Val Loss: 0.4034 Acc: 0.8462 F1: 0.8462 | Train Meta: n/a | Val Meta: n/a
Epoch  14/50 | Train Loss: 0.5323 Acc: 0.7250 F1: 0.7234 | Val Loss: 0.4137 Acc: 0.8462 F1: 0.8462 | Train Meta: n/a | Val Meta: n/a
Epoch  15/50 | Train Loss: 0.5354 Acc: 0.7250 F1: 0.7179 | Val Loss: 0.3931 Acc: 0.8462 F1: 0.8462 | Train Meta: n/a | Val Meta: n/a
Epoch  16/50 | Train Loss: 0.5372 Acc: 0.7042 F1: 0.7030 | Val Loss: 0.4175 Acc: 0.8462 F1: 0.8462 | Train Meta: n/a | Val Meta: n/a
Epoch  17/50 | Train Loss: 0.5308 Acc: 0.7292 F1: 0.7226 | Val Loss: 0.4146 Acc: 0.8462 F1: 0.8462 | Train Meta: n/a | Val Meta: n/a
Epoch  18/50 | Train Loss: 0.5260 Acc: 0.7333 F1: 0.7306 | Val Loss: 0.3973 Acc: 0.8462 F1: 0.8462 | Train Meta: n/a | Val Meta: n/a
Epoch  19/50 | Train Loss: 0.5265 Acc: 0.7250 F1: 0.7187 | Val Loss: 0.3998 Acc: 0.8462 F1: 0.8462 | Train Meta: n/a | Val Meta: n/a
Epoch  20/50 | Train Loss: 0.5255 Acc: 0.7417 F1: 0.7399 | Val Loss: 0.4183 Acc: 0.8462 F1: 0.8462 | Train Meta: n/a | Val Meta: n/a
Epoch  21/50 | Train Loss: 0.5219 Acc: 0.7167 F1: 0.7101 | Val Loss: 0.4014 Acc: 0.8462 F1: 0.8462 | Train Meta: n/a | Val Meta: n/a
Epoch  22/50 | Train Loss: 0.5207 Acc: 0.7417 F1: 0.7395 | Val Loss: 0.4129 Acc: 0.8077 F1: 0.8074 | Train Meta: n/a | Val Meta: n/a
Epoch  23/50 | Train Loss: 0.5166 Acc: 0.7333 F1: 0.7302 | Val Loss: 0.3850 Acc: 0.8462 F1: 0.8462 | Train Meta: n/a | Val Meta: n/a
Validation Loss decreased (0.390886 --> 0.385008). Saving best model...
Epoch  24/50 | Train Loss: 0.5233 Acc: 0.7250 F1: 0.7179 | Val Loss: 0.4044 Acc: 0.8077 F1: 0.8074 | Train Meta: n/a | Val Meta: n/a
Epoch  25/50 | Train Loss: 0.5159 Acc: 0.7292 F1: 0.7239 | Val Loss: 0.4047 Acc: 0.8462 F1: 0.8462 | Train Meta: n/a | Val Meta: n/a
Epoch  26/50 | Train Loss: 0.5143 Acc: 0.7375 F1: 0.7330 | Val Loss: 0.4045 Acc: 0.8462 F1: 0.8462 | Train Meta: n/a | Val Meta: n/a
Epoch  27/50 | Train Loss: 0.5193 Acc: 0.7375 F1: 0.7330 | Val Loss: 0.3772 Acc: 0.8462 F1: 0.8462 | Train Meta: n/a | Val Meta: n/a
Validation Loss decreased (0.385008 --> 0.377242). Saving best model...
Epoch  28/50 | Train Loss: 0.5193 Acc: 0.7375 F1: 0.7336 | Val Loss: 0.3887 Acc: 0.8462 F1: 0.8462 | Train Meta: n/a | Val Meta: n/a
Epoch  29/50 | Train Loss: 0.5173 Acc: 0.7458 F1: 0.7421 | Val Loss: 0.4025 Acc: 0.8462 F1: 0.8462 | Train Meta: n/a | Val Meta: n/a
Epoch  30/50 | Train Loss: 0.5151 Acc: 0.7458 F1: 0.7435 | Val Loss: 0.3799 Acc: 0.8462 F1: 0.8462 | Train Meta: n/a | Val Meta: n/a
Epoch  31/50 | Train Loss: 0.5138 Acc: 0.7458 F1: 0.7403 | Val Loss: 0.3915 Acc: 0.8077 F1: 0.8074 | Train Meta: n/a | Val Meta: n/a
Epoch  32/50 | Train Loss: 0.5148 Acc: 0.7417 F1: 0.7381 | Val Loss: 0.3870 Acc: 0.8462 F1: 0.8462 | Train Meta: n/a | Val Meta: n/a
Epoch  33/50 | Train Loss: 0.5030 Acc: 0.7500 F1: 0.7442 | Val Loss: 0.3917 Acc: 0.8077 F1: 0.8074 | Train Meta: n/a | Val Meta: n/a
Epoch  34/50 | Train Loss: 0.5042 Acc: 0.7458 F1: 0.7439 | Val Loss: 0.3998 Acc: 0.8077 F1: 0.8074 | Train Meta: n/a | Val Meta: n/a
Epoch  35/50 | Train Loss: 0.5115 Acc: 0.7500 F1: 0.7436 | Val Loss: 0.3864 Acc: 0.8077 F1: 0.8074 | Train Meta: n/a | Val Meta: n/a
Epoch  36/50 | Train Loss: 0.5045 Acc: 0.7583 F1: 0.7559 | Val Loss: 0.3971 Acc: 0.8077 F1: 0.8074 | Train Meta: n/a | Val Meta: n/a
Epoch  37/50 | Train Loss: 0.5095 Acc: 0.7500 F1: 0.7442 | Val Loss: 0.3897 Acc: 0.8462 F1: 0.8462 | Train Meta: n/a | Val Meta: n/a
Epoch  38/50 | Train Loss: 0.5072 Acc: 0.7500 F1: 0.7491 | Val Loss: 0.4147 Acc: 0.7308 F1: 0.7271 | Train Meta: n/a | Val Meta: n/a
Epoch  39/50 | Train Loss: 0.5007 Acc: 0.7625 F1: 0.7579 | Val Loss: 0.3804 Acc: 0.8077 F1: 0.8074 | Train Meta: n/a | Val Meta: n/a
Epoch  40/50 | Train Loss: 0.5059 Acc: 0.7542 F1: 0.7519 | Val Loss: 0.3879 Acc: 0.8462 F1: 0.8462 | Train Meta: n/a | Val Meta: n/a
Epoch  41/50 | Train Loss: 0.4991 Acc: 0.7667 F1: 0.7650 | Val Loss: 0.4110 Acc: 0.7692 F1: 0.7679 | Train Meta: n/a | Val Meta: n/a
Epoch  42/50 | Train Loss: 0.5049 Acc: 0.7458 F1: 0.7421 | Val Loss: 0.3559 Acc: 0.8462 F1: 0.8462 | Train Meta: n/a | Val Meta: n/a
Validation Loss decreased (0.377242 --> 0.355891). Saving best model...
Epoch  43/50 | Train Loss: 0.5068 Acc: 0.7417 F1: 0.7376 | Val Loss: 0.3968 Acc: 0.7692 F1: 0.7679 | Train Meta: n/a | Val Meta: n/a
Epoch  44/50 | Train Loss: 0.5023 Acc: 0.7500 F1: 0.7460 | Val Loss: 0.3733 Acc: 0.8077 F1: 0.8074 | Train Meta: n/a | Val Meta: n/a
Epoch  45/50 | Train Loss: 0.5051 Acc: 0.7333 F1: 0.7311 | Val Loss: 0.3820 Acc: 0.8077 F1: 0.8074 | Train Meta: n/a | Val Meta: n/a
Epoch  46/50 | Train Loss: 0.5026 Acc: 0.7458 F1: 0.7403 | Val Loss: 0.3622 Acc: 0.8077 F1: 0.8074 | Train Meta: n/a | Val Meta: n/a
Epoch  47/50 | Train Loss: 0.5066 Acc: 0.7292 F1: 0.7278 | Val Loss: 0.3816 Acc: 0.8077 F1: 0.8074 | Train Meta: n/a | Val Meta: n/a
Epoch  48/50 | Train Loss: 0.5033 Acc: 0.7375 F1: 0.7355 | Val Loss: 0.3848 Acc: 0.8077 F1: 0.8074 | Train Meta: n/a | Val Meta: n/a
Epoch  49/50 | Train Loss: 0.5060 Acc: 0.7458 F1: 0.7409 | Val Loss: 0.3876 Acc: 0.8077 F1: 0.8074 | Train Meta: n/a | Val Meta: n/a
Epoch  50/50 | Train Loss: 0.4978 Acc: 0.7500 F1: 0.7475 | Val Loss: 0.3822 Acc: 0.8077 F1: 0.8074 | Train Meta: n/a | Val Meta: n/a

Classification Test Result (SelfRegulationSCP1)
Accuracy : 0.781570
F1 (macro): 0.774745
==================================================
🚀 Architecture: LAYA
📊 Target Dataset: SelfRegulationSCP2 (Channels: 7)
📊 Pretrain Info: electricity
📊 Classes: 2 | Sequence Length: 1152
==================================================
✅ Loaded pretrained encoder from ./checkpoints/electricity_laya_ci_none/laya_ts_electricity_s_best.pt
   - 40/40 keys matched.
✅ Encoder is FROZEN (Linear Probing mode).
📝 metadata: mode=none, fusion=none, relation=none
ℹ️  Metadata Fusion Mode: none
ℹ️  Channel Mixer Relation Mode: none
ℹ️  Encoder Variant: default
ℹ️  Channel Adapter: disabled for Laya downstream (ci)
ℹ️  Channel Relation Block: disabled
✅ ClassificationHead: [B, 256] → [B, 2]
Epoch   1/50 | Train Loss: 0.7000 Acc: 0.5000 F1: 0.4829 | Val Loss: 0.7309 Acc: 0.4500 F1: 0.4133 | Train Meta: n/a | Val Meta: n/a
Validation Loss decreased (inf --> 0.730856). Saving best model...
Epoch   2/50 | Train Loss: 0.6753 Acc: 0.5511 F1: 0.5197 | Val Loss: 0.6877 Acc: 0.5000 F1: 0.5000 | Train Meta: n/a | Val Meta: n/a
Validation Loss decreased (0.730856 --> 0.687689). Saving best model...
Epoch   3/50 | Train Loss: 0.6702 Acc: 0.5455 F1: 0.5454 | Val Loss: 0.6916 Acc: 0.5000 F1: 0.5000 | Train Meta: n/a | Val Meta: n/a
Epoch   4/50 | Train Loss: 0.6830 Acc: 0.5114 F1: 0.4947 | Val Loss: 0.7304 Acc: 0.6000 F1: 0.5960 | Train Meta: n/a | Val Meta: n/a
Epoch   5/50 | Train Loss: 0.6675 Acc: 0.5909 F1: 0.5909 | Val Loss: 0.6919 Acc: 0.5000 F1: 0.5000 | Train Meta: n/a | Val Meta: n/a
Epoch   6/50 | Train Loss: 0.6806 Acc: 0.5455 F1: 0.5417 | Val Loss: 0.7289 Acc: 0.5000 F1: 0.4792 | Train Meta: n/a | Val Meta: n/a
Epoch   7/50 | Train Loss: 0.6641 Acc: 0.5739 F1: 0.5737 | Val Loss: 0.6989 Acc: 0.5500 F1: 0.5489 | Train Meta: n/a | Val Meta: n/a
Epoch   8/50 | Train Loss: 0.6745 Acc: 0.5568 F1: 0.5547 | Val Loss: 0.7188 Acc: 0.6000 F1: 0.5960 | Train Meta: n/a | Val Meta: n/a
Epoch   9/50 | Train Loss: 0.6657 Acc: 0.5795 F1: 0.5782 | Val Loss: 0.7046 Acc: 0.4500 F1: 0.4486 | Train Meta: n/a | Val Meta: n/a
Epoch  10/50 | Train Loss: 0.6706 Acc: 0.5739 F1: 0.5738 | Val Loss: 0.7109 Acc: 0.4000 F1: 0.3939 | Train Meta: n/a | Val Meta: n/a
Epoch  11/50 | Train Loss: 0.6752 Acc: 0.5284 F1: 0.5272 | Val Loss: 0.7323 Acc: 0.6000 F1: 0.5960 | Train Meta: n/a | Val Meta: n/a
Epoch  12/50 | Train Loss: 0.6669 Acc: 0.5909 F1: 0.5907 | Val Loss: 0.7078 Acc: 0.4500 F1: 0.4486 | Train Meta: n/a | Val Meta: n/a
Epoch  13/50 | Train Loss: 0.6704 Acc: 0.5511 F1: 0.5403 | Val Loss: 0.7102 Acc: 0.4000 F1: 0.3939 | Train Meta: n/a | Val Meta: n/a
Epoch  14/50 | Train Loss: 0.6742 Acc: 0.5966 F1: 0.5955 | Val Loss: 0.7107 Acc: 0.5500 F1: 0.5200 | Train Meta: n/a | Val Meta: n/a
Epoch  15/50 | Train Loss: 0.6837 Acc: 0.4886 F1: 0.4754 | Val Loss: 0.7321 Acc: 0.4500 F1: 0.4133 | Train Meta: n/a | Val Meta: n/a
Epoch  16/50 | Train Loss: 0.6644 Acc: 0.5852 F1: 0.5836 | Val Loss: 0.7083 Acc: 0.5000 F1: 0.5000 | Train Meta: n/a | Val Meta: n/a
Epoch  17/50 | Train Loss: 0.6830 Acc: 0.5568 F1: 0.5510 | Val Loss: 0.7419 Acc: 0.5500 F1: 0.5396 | Train Meta: n/a | Val Meta: n/a
Epoch  18/50 | Train Loss: 0.6655 Acc: 0.6136 F1: 0.6136 | Val Loss: 0.6961 Acc: 0.4500 F1: 0.4486 | Train Meta: n/a | Val Meta: n/a
Epoch  19/50 | Train Loss: 0.6687 Acc: 0.5966 F1: 0.5918 | Val Loss: 0.7178 Acc: 0.5000 F1: 0.4792 | Train Meta: n/a | Val Meta: n/a
Epoch  20/50 | Train Loss: 0.6702 Acc: 0.5852 F1: 0.5852 | Val Loss: 0.7263 Acc: 0.4500 F1: 0.4133 | Train Meta: n/a | Val Meta: n/a
Epoch  21/50 | Train Loss: 0.6662 Acc: 0.5455 F1: 0.5256 | Val Loss: 0.7175 Acc: 0.4500 F1: 0.4373 | Train Meta: n/a | Val Meta: n/a
Epoch  22/50 | Train Loss: 0.6735 Acc: 0.5284 F1: 0.5258 | Val Loss: 0.7237 Acc: 0.5500 F1: 0.5396 | Train Meta: n/a | Val Meta: n/a
Epoch  23/50 | Train Loss: 0.6635 Acc: 0.5625 F1: 0.5608 | Val Loss: 0.7050 Acc: 0.4500 F1: 0.4486 | Train Meta: n/a | Val Meta: n/a
Epoch  24/50 | Train Loss: 0.6738 Acc: 0.5455 F1: 0.5454 | Val Loss: 0.7077 Acc: 0.4000 F1: 0.3939 | Train Meta: n/a | Val Meta: n/a
Epoch  25/50 | Train Loss: 0.6669 Acc: 0.5909 F1: 0.5787 | Val Loss: 0.7456 Acc: 0.5500 F1: 0.5396 | Train Meta: n/a | Val Meta: n/a
Epoch  26/50 | Train Loss: 0.6693 Acc: 0.5852 F1: 0.5846 | Val Loss: 0.7048 Acc: 0.4500 F1: 0.4486 | Train Meta: n/a | Val Meta: n/a
Epoch  27/50 | Train Loss: 0.6729 Acc: 0.5511 F1: 0.5469 | Val Loss: 0.7136 Acc: 0.5500 F1: 0.5489 | Train Meta: n/a | Val Meta: n/a
Epoch  28/50 | Train Loss: 0.6612 Acc: 0.5909 F1: 0.5904 | Val Loss: 0.7070 Acc: 0.4000 F1: 0.3939 | Train Meta: n/a | Val Meta: n/a
Epoch  29/50 | Train Loss: 0.6639 Acc: 0.5625 F1: 0.5573 | Val Loss: 0.7335 Acc: 0.4500 F1: 0.4133 | Train Meta: n/a | Val Meta: n/a
Epoch  30/50 | Train Loss: 0.6621 Acc: 0.5795 F1: 0.5791 | Val Loss: 0.7052 Acc: 0.4000 F1: 0.3939 | Train Meta: n/a | Val Meta: n/a
Epoch  31/50 | Train Loss: 0.6657 Acc: 0.5966 F1: 0.5955 | Val Loss: 0.7109 Acc: 0.4000 F1: 0.3939 | Train Meta: n/a | Val Meta: n/a
Epoch  32/50 | Train Loss: 0.6615 Acc: 0.5852 F1: 0.5681 | Val Loss: 0.7391 Acc: 0.4500 F1: 0.4133 | Train Meta: n/a | Val Meta: n/a
Epoch  33/50 | Train Loss: 0.6786 Acc: 0.5568 F1: 0.5566 | Val Loss: 0.7061 Acc: 0.5000 F1: 0.5000 | Train Meta: n/a | Val Meta: n/a
Epoch  34/50 | Train Loss: 0.6716 Acc: 0.5170 F1: 0.4994 | Val Loss: 0.7186 Acc: 0.4000 F1: 0.3750 | Train Meta: n/a | Val Meta: n/a
Epoch  35/50 | Train Loss: 0.6676 Acc: 0.5739 F1: 0.5738 | Val Loss: 0.7254 Acc: 0.5500 F1: 0.5200 | Train Meta: n/a | Val Meta: n/a
Epoch  36/50 | Train Loss: 0.6599 Acc: 0.5909 F1: 0.5901 | Val Loss: 0.7127 Acc: 0.3500 F1: 0.3350 | Train Meta: n/a | Val Meta: n/a
Epoch  37/50 | Train Loss: 0.6618 Acc: 0.5739 F1: 0.5715 | Val Loss: 0.7128 Acc: 0.4500 F1: 0.4486 | Train Meta: n/a | Val Meta: n/a
Epoch  38/50 | Train Loss: 0.6635 Acc: 0.5852 F1: 0.5849 | Val Loss: 0.7213 Acc: 0.5500 F1: 0.5489 | Train Meta: n/a | Val Meta: n/a
Epoch  39/50 | Train Loss: 0.6777 Acc: 0.5284 F1: 0.4985 | Val Loss: 0.7149 Acc: 0.5000 F1: 0.4792 | Train Meta: n/a | Val Meta: n/a
Epoch  40/50 | Train Loss: 0.6685 Acc: 0.5455 F1: 0.5406 | Val Loss: 0.7057 Acc: 0.5500 F1: 0.5396 | Train Meta: n/a | Val Meta: n/a
Epoch  41/50 | Train Loss: 0.6682 Acc: 0.5511 F1: 0.5500 | Val Loss: 0.7200 Acc: 0.5000 F1: 0.4792 | Train Meta: n/a | Val Meta: n/a
Epoch  42/50 | Train Loss: 0.6663 Acc: 0.5398 F1: 0.5372 | Val Loss: 0.7268 Acc: 0.6000 F1: 0.6000 | Train Meta: n/a | Val Meta: n/a
Epoch  43/50 | Train Loss: 0.6711 Acc: 0.5852 F1: 0.5836 | Val Loss: 0.7050 Acc: 0.4500 F1: 0.4486 | Train Meta: n/a | Val Meta: n/a
Epoch  44/50 | Train Loss: 0.6676 Acc: 0.5795 F1: 0.5566 | Val Loss: 0.7477 Acc: 0.4500 F1: 0.4133 | Train Meta: n/a | Val Meta: n/a
Epoch  45/50 | Train Loss: 0.6614 Acc: 0.5909 F1: 0.5875 | Val Loss: 0.7091 Acc: 0.5000 F1: 0.4949 | Train Meta: n/a | Val Meta: n/a
Epoch  46/50 | Train Loss: 0.6588 Acc: 0.6193 F1: 0.6190 | Val Loss: 0.7233 Acc: 0.4500 F1: 0.4133 | Train Meta: n/a | Val Meta: n/a
Epoch  47/50 | Train Loss: 0.6694 Acc: 0.5739 F1: 0.5699 | Val Loss: 0.7260 Acc: 0.4500 F1: 0.4133 | Train Meta: n/a | Val Meta: n/a
Epoch  48/50 | Train Loss: 0.6562 Acc: 0.5682 F1: 0.5636 | Val Loss: 0.7279 Acc: 0.5500 F1: 0.5489 | Train Meta: n/a | Val Meta: n/a
Epoch  49/50 | Train Loss: 0.6588 Acc: 0.5909 F1: 0.5907 | Val Loss: 0.7161 Acc: 0.4000 F1: 0.3939 | Train Meta: n/a | Val Meta: n/a
Epoch  50/50 | Train Loss: 0.6618 Acc: 0.5682 F1: 0.5636 | Val Loss: 0.7208 Acc: 0.4500 F1: 0.4373 | Train Meta: n/a | Val Meta: n/a

Classification Test Result (SelfRegulationSCP2)
Accuracy : 0.566667
F1 (macro): 0.565325
==================================================
🚀 Architecture: LAYA
📊 Target Dataset: SpokenArabicDigits (Channels: 13)
📊 Pretrain Info: electricity
📊 Classes: 10 | Sequence Length: 93
==================================================
✅ Loaded pretrained encoder from ./checkpoints/electricity_laya_ci_none/laya_ts_electricity_s_best.pt
   - 40/40 keys matched.
✅ Encoder is FROZEN (Linear Probing mode).
📝 metadata: mode=none, fusion=none, relation=none
ℹ️  Metadata Fusion Mode: none
ℹ️  Channel Mixer Relation Mode: none
ℹ️  Encoder Variant: default
ℹ️  Channel Adapter: disabled for Laya downstream (ci)
ℹ️  Channel Relation Block: disabled
✅ ClassificationHead: [B, 256] → [B, 10]
Epoch   1/50 | Train Loss: 1.9192 Acc: 0.3251 F1: 0.3126 | Val Loss: 1.7633 Acc: 0.4006 F1: 0.3757 | Train Meta: n/a | Val Meta: n/a
Validation Loss decreased (inf --> 1.763334). Saving best model...
Epoch   2/50 | Train Loss: 1.7013 Acc: 0.4272 F1: 0.4190 | Val Loss: 1.6361 Acc: 0.4537 F1: 0.4548 | Train Meta: n/a | Val Meta: n/a
Validation Loss decreased (1.763334 --> 1.636063). Saving best model...
Epoch   3/50 | Train Loss: 1.5903 Acc: 0.4736 F1: 0.4676 | Val Loss: 1.5613 Acc: 0.4841 F1: 0.4620 | Train Meta: n/a | Val Meta: n/a
Validation Loss decreased (1.636063 --> 1.561299). Saving best model...
Epoch   4/50 | Train Loss: 1.5087 Acc: 0.5133 F1: 0.5086 | Val Loss: 1.4785 Acc: 0.5099 F1: 0.5059 | Train Meta: n/a | Val Meta: n/a
Validation Loss decreased (1.561299 --> 1.478473). Saving best model...
Epoch   5/50 | Train Loss: 1.4359 Acc: 0.5310 F1: 0.5278 | Val Loss: 1.4184 Acc: 0.5023 F1: 0.4868 | Train Meta: n/a | Val Meta: n/a
Validation Loss decreased (1.478473 --> 1.418385). Saving best model...
Epoch   6/50 | Train Loss: 1.3749 Acc: 0.5588 F1: 0.5559 | Val Loss: 1.3737 Acc: 0.5569 F1: 0.5434 | Train Meta: n/a | Val Meta: n/a
Validation Loss decreased (1.418385 --> 1.373727). Saving best model...
Epoch   7/50 | Train Loss: 1.3279 Acc: 0.5831 F1: 0.5803 | Val Loss: 1.3336 Acc: 0.5781 F1: 0.5726 | Train Meta: n/a | Val Meta: n/a
Validation Loss decreased (1.373727 --> 1.333559). Saving best model...
Epoch   8/50 | Train Loss: 1.2842 Acc: 0.5933 F1: 0.5917 | Val Loss: 1.2821 Acc: 0.5933 F1: 0.5897 | Train Meta: n/a | Val Meta: n/a
Validation Loss decreased (1.333559 --> 1.282076). Saving best model...
Epoch   9/50 | Train Loss: 1.2417 Acc: 0.6056 F1: 0.6035 | Val Loss: 1.2176 Acc: 0.6313 F1: 0.6296 | Train Meta: n/a | Val Meta: n/a
Validation Loss decreased (1.282076 --> 1.217556). Saving best model...
Epoch  10/50 | Train Loss: 1.2132 Acc: 0.6161 F1: 0.6145 | Val Loss: 1.2247 Acc: 0.6055 F1: 0.5962 | Train Meta: n/a | Val Meta: n/a
Epoch  11/50 | Train Loss: 1.1808 Acc: 0.6326 F1: 0.6304 | Val Loss: 1.1687 Acc: 0.6495 F1: 0.6440 | Train Meta: n/a | Val Meta: n/a
Validation Loss decreased (1.217556 --> 1.168690). Saving best model...
Epoch  12/50 | Train Loss: 1.1513 Acc: 0.6371 F1: 0.6353 | Val Loss: 1.1377 Acc: 0.6631 F1: 0.6589 | Train Meta: n/a | Val Meta: n/a
Validation Loss decreased (1.168690 --> 1.137750). Saving best model...
Epoch  13/50 | Train Loss: 1.1294 Acc: 0.6420 F1: 0.6403 | Val Loss: 1.1218 Acc: 0.6571 F1: 0.6545 | Train Meta: n/a | Val Meta: n/a
Validation Loss decreased (1.137750 --> 1.121809). Saving best model...
Epoch  14/50 | Train Loss: 1.1066 Acc: 0.6503 F1: 0.6485 | Val Loss: 1.1064 Acc: 0.6692 F1: 0.6616 | Train Meta: n/a | Val Meta: n/a
Validation Loss decreased (1.121809 --> 1.106414). Saving best model...
Epoch  15/50 | Train Loss: 1.0814 Acc: 0.6669 F1: 0.6657 | Val Loss: 1.1095 Acc: 0.6373 F1: 0.6334 | Train Meta: n/a | Val Meta: n/a
Epoch  16/50 | Train Loss: 1.0667 Acc: 0.6605 F1: 0.6593 | Val Loss: 1.0932 Acc: 0.6464 F1: 0.6432 | Train Meta: n/a | Val Meta: n/a
Validation Loss decreased (1.106414 --> 1.093235). Saving best model...
Epoch  17/50 | Train Loss: 1.0494 Acc: 0.6703 F1: 0.6688 | Val Loss: 1.0581 Acc: 0.6737 F1: 0.6707 | Train Meta: n/a | Val Meta: n/a
Validation Loss decreased (1.093235 --> 1.058148). Saving best model...
Epoch  18/50 | Train Loss: 1.0313 Acc: 0.6750 F1: 0.6738 | Val Loss: 1.0638 Acc: 0.6768 F1: 0.6744 | Train Meta: n/a | Val Meta: n/a
Epoch  19/50 | Train Loss: 1.0178 Acc: 0.6799 F1: 0.6790 | Val Loss: 1.0244 Acc: 0.6813 F1: 0.6790 | Train Meta: n/a | Val Meta: n/a
Validation Loss decreased (1.058148 --> 1.024421). Saving best model...
Epoch  20/50 | Train Loss: 1.0022 Acc: 0.6870 F1: 0.6856 | Val Loss: 1.0182 Acc: 0.6935 F1: 0.6904 | Train Meta: n/a | Val Meta: n/a
Validation Loss decreased (1.024421 --> 1.018187). Saving best model...
Epoch  21/50 | Train Loss: 0.9875 Acc: 0.6931 F1: 0.6916 | Val Loss: 1.0118 Acc: 0.7011 F1: 0.6964 | Train Meta: n/a | Val Meta: n/a
Validation Loss decreased (1.018187 --> 1.011828). Saving best model...
Epoch  22/50 | Train Loss: 0.9787 Acc: 0.6939 F1: 0.6926 | Val Loss: 1.0475 Acc: 0.6722 F1: 0.6652 | Train Meta: n/a | Val Meta: n/a
Epoch  23/50 | Train Loss: 0.9670 Acc: 0.6979 F1: 0.6967 | Val Loss: 1.0039 Acc: 0.6935 F1: 0.6885 | Train Meta: n/a | Val Meta: n/a
Validation Loss decreased (1.011828 --> 1.003923). Saving best model...
Epoch  24/50 | Train Loss: 0.9564 Acc: 0.6986 F1: 0.6970 | Val Loss: 0.9735 Acc: 0.7041 F1: 0.7016 | Train Meta: n/a | Val Meta: n/a
Validation Loss decreased (1.003923 --> 0.973488). Saving best model...
Epoch  25/50 | Train Loss: 0.9406 Acc: 0.7087 F1: 0.7077 | Val Loss: 0.9834 Acc: 0.6798 F1: 0.6711 | Train Meta: n/a | Val Meta: n/a
Epoch  26/50 | Train Loss: 0.9333 Acc: 0.7042 F1: 0.7030 | Val Loss: 0.9681 Acc: 0.6904 F1: 0.6846 | Train Meta: n/a | Val Meta: n/a
Validation Loss decreased (0.973488 --> 0.968117). Saving best model...
Epoch  27/50 | Train Loss: 0.9271 Acc: 0.7111 F1: 0.7100 | Val Loss: 0.9544 Acc: 0.6935 F1: 0.6878 | Train Meta: n/a | Val Meta: n/a
Validation Loss decreased (0.968117 --> 0.954387). Saving best model...
Epoch  28/50 | Train Loss: 0.9172 Acc: 0.7086 F1: 0.7076 | Val Loss: 0.9449 Acc: 0.7071 F1: 0.7042 | Train Meta: n/a | Val Meta: n/a
Validation Loss decreased (0.954387 --> 0.944852). Saving best model...
Epoch  29/50 | Train Loss: 0.9152 Acc: 0.7111 F1: 0.7102 | Val Loss: 0.9408 Acc: 0.6995 F1: 0.6918 | Train Meta: n/a | Val Meta: n/a
Validation Loss decreased (0.944852 --> 0.940836). Saving best model...
Epoch  30/50 | Train Loss: 0.9028 Acc: 0.7158 F1: 0.7151 | Val Loss: 0.9402 Acc: 0.7026 F1: 0.7016 | Train Meta: n/a | Val Meta: n/a
Validation Loss decreased (0.940836 --> 0.940165). Saving best model...
Epoch  31/50 | Train Loss: 0.8986 Acc: 0.7124 F1: 0.7118 | Val Loss: 0.9254 Acc: 0.7041 F1: 0.7018 | Train Meta: n/a | Val Meta: n/a
Validation Loss decreased (0.940165 --> 0.925428). Saving best model...
Epoch  32/50 | Train Loss: 0.8857 Acc: 0.7209 F1: 0.7202 | Val Loss: 0.9262 Acc: 0.6980 F1: 0.6928 | Train Meta: n/a | Val Meta: n/a
Epoch  33/50 | Train Loss: 0.8802 Acc: 0.7232 F1: 0.7224 | Val Loss: 0.9213 Acc: 0.6920 F1: 0.6882 | Train Meta: n/a | Val Meta: n/a
Validation Loss decreased (0.925428 --> 0.921266). Saving best model...
Epoch  34/50 | Train Loss: 0.8749 Acc: 0.7229 F1: 0.7220 | Val Loss: 0.8958 Acc: 0.7147 F1: 0.7108 | Train Meta: n/a | Val Meta: n/a
Validation Loss decreased (0.921266 --> 0.895791). Saving best model...
Epoch  35/50 | Train Loss: 0.8678 Acc: 0.7303 F1: 0.7295 | Val Loss: 0.9100 Acc: 0.7041 F1: 0.7030 | Train Meta: n/a | Val Meta: n/a
Epoch  36/50 | Train Loss: 0.8565 Acc: 0.7316 F1: 0.7308 | Val Loss: 0.8914 Acc: 0.7208 F1: 0.7164 | Train Meta: n/a | Val Meta: n/a
Validation Loss decreased (0.895791 --> 0.891444). Saving best model...
Epoch  37/50 | Train Loss: 0.8584 Acc: 0.7308 F1: 0.7302 | Val Loss: 0.9085 Acc: 0.7086 F1: 0.7027 | Train Meta: n/a | Val Meta: n/a
Epoch  38/50 | Train Loss: 0.8495 Acc: 0.7350 F1: 0.7344 | Val Loss: 0.8927 Acc: 0.7071 F1: 0.7018 | Train Meta: n/a | Val Meta: n/a
Epoch  39/50 | Train Loss: 0.8461 Acc: 0.7323 F1: 0.7316 | Val Loss: 0.8744 Acc: 0.7299 F1: 0.7276 | Train Meta: n/a | Val Meta: n/a
Validation Loss decreased (0.891444 --> 0.874438). Saving best model...
Epoch  40/50 | Train Loss: 0.8361 Acc: 0.7353 F1: 0.7346 | Val Loss: 0.8778 Acc: 0.7147 F1: 0.7128 | Train Meta: n/a | Val Meta: n/a
Epoch  41/50 | Train Loss: 0.8318 Acc: 0.7385 F1: 0.7381 | Val Loss: 0.8840 Acc: 0.7132 F1: 0.7097 | Train Meta: n/a | Val Meta: n/a
Epoch  42/50 | Train Loss: 0.8281 Acc: 0.7350 F1: 0.7343 | Val Loss: 0.8828 Acc: 0.7117 F1: 0.7067 | Train Meta: n/a | Val Meta: n/a
Epoch  43/50 | Train Loss: 0.8247 Acc: 0.7431 F1: 0.7423 | Val Loss: 0.8568 Acc: 0.7299 F1: 0.7240 | Train Meta: n/a | Val Meta: n/a
Validation Loss decreased (0.874438 --> 0.856795). Saving best model...
Epoch  44/50 | Train Loss: 0.8176 Acc: 0.7424 F1: 0.7415 | Val Loss: 0.8497 Acc: 0.7496 F1: 0.7469 | Train Meta: n/a | Val Meta: n/a
Validation Loss decreased (0.856795 --> 0.849665). Saving best model...
Epoch  45/50 | Train Loss: 0.8120 Acc: 0.7488 F1: 0.7481 | Val Loss: 0.8468 Acc: 0.7390 F1: 0.7388 | Train Meta: n/a | Val Meta: n/a
Validation Loss decreased (0.849665 --> 0.846761). Saving best model...
Epoch  46/50 | Train Loss: 0.8061 Acc: 0.7443 F1: 0.7434 | Val Loss: 0.8547 Acc: 0.7314 F1: 0.7267 | Train Meta: n/a | Val Meta: n/a
Epoch  47/50 | Train Loss: 0.8041 Acc: 0.7438 F1: 0.7430 | Val Loss: 0.8343 Acc: 0.7436 F1: 0.7435 | Train Meta: n/a | Val Meta: n/a
Validation Loss decreased (0.846761 --> 0.834349). Saving best model...
Epoch  48/50 | Train Loss: 0.7998 Acc: 0.7502 F1: 0.7496 | Val Loss: 0.8271 Acc: 0.7451 F1: 0.7441 | Train Meta: n/a | Val Meta: n/a
Validation Loss decreased (0.834349 --> 0.827096). Saving best model...
Epoch  49/50 | Train Loss: 0.7973 Acc: 0.7481 F1: 0.7474 | Val Loss: 0.8421 Acc: 0.7253 F1: 0.7201 | Train Meta: n/a | Val Meta: n/a
Epoch  50/50 | Train Loss: 0.7922 Acc: 0.7522 F1: 0.7517 | Val Loss: 0.8300 Acc: 0.7466 F1: 0.7450 | Train Meta: n/a | Val Meta: n/a

Classification Test Result (SpokenArabicDigits)
Accuracy : 0.231469
F1 (macro): 0.198327
==================================================
🚀 Architecture: LAYA
📊 Target Dataset: UWaveGestureLibrary (Channels: 3)
📊 Pretrain Info: electricity
📊 Classes: 8 | Sequence Length: 315
==================================================
✅ Loaded pretrained encoder from ./checkpoints/electricity_laya_ci_none/laya_ts_electricity_s_best.pt
   - 40/40 keys matched.
✅ Encoder is FROZEN (Linear Probing mode).
📝 metadata: mode=none, fusion=none, relation=none
ℹ️  Metadata Fusion Mode: none
ℹ️  Channel Mixer Relation Mode: none
ℹ️  Encoder Variant: default
ℹ️  Channel Adapter: disabled for Laya downstream (ci)
ℹ️  Channel Relation Block: disabled
✅ ClassificationHead: [B, 256] → [B, 8]
Epoch   1/50 | Train Loss: 2.0003 Acc: 0.0833 F1: 0.0323 | Val Loss: 2.1897 Acc: 0.0833 F1: 0.0238 | Train Meta: n/a | Val Meta: n/a
Validation Loss decreased (inf --> 2.189731). Saving best model...
Epoch   2/50 | Train Loss: 1.8798 Acc: 0.1042 F1: 0.0632 | Val Loss: 2.2179 Acc: 0.0833 F1: 0.0250 | Train Meta: n/a | Val Meta: n/a
Epoch   3/50 | Train Loss: 1.8370 Acc: 0.2292 F1: 0.1148 | Val Loss: 2.2067 Acc: 0.0000 F1: 0.0000 | Train Meta: n/a | Val Meta: n/a
Epoch   4/50 | Train Loss: 1.8089 Acc: 0.2292 F1: 0.1196 | Val Loss: 2.1900 Acc: 0.0000 F1: 0.0000 | Train Meta: n/a | Val Meta: n/a
Epoch   5/50 | Train Loss: 1.7733 Acc: 0.2604 F1: 0.1818 | Val Loss: 2.1237 Acc: 0.0000 F1: 0.0000 | Train Meta: n/a | Val Meta: n/a
Validation Loss decreased (2.189731 --> 2.123717). Saving best model...
Epoch   6/50 | Train Loss: 1.7502 Acc: 0.3021 F1: 0.1737 | Val Loss: 2.1367 Acc: 0.0000 F1: 0.0000 | Train Meta: n/a | Val Meta: n/a
Epoch   7/50 | Train Loss: 1.7180 Acc: 0.3021 F1: 0.1952 | Val Loss: 2.1277 Acc: 0.0000 F1: 0.0000 | Train Meta: n/a | Val Meta: n/a
Epoch   8/50 | Train Loss: 1.6908 Acc: 0.2604 F1: 0.1907 | Val Loss: 2.0959 Acc: 0.0833 F1: 0.0357 | Train Meta: n/a | Val Meta: n/a
Validation Loss decreased (2.123717 --> 2.095877). Saving best model...
Epoch   9/50 | Train Loss: 1.6700 Acc: 0.3646 F1: 0.2846 | Val Loss: 2.0859 Acc: 0.0000 F1: 0.0000 | Train Meta: n/a | Val Meta: n/a
Validation Loss decreased (2.095877 --> 2.085932). Saving best model...
Epoch  10/50 | Train Loss: 1.6565 Acc: 0.3333 F1: 0.2502 | Val Loss: 2.0616 Acc: 0.0000 F1: 0.0000 | Train Meta: n/a | Val Meta: n/a
Validation Loss decreased (2.085932 --> 2.061552). Saving best model...
Epoch  11/50 | Train Loss: 1.6274 Acc: 0.3333 F1: 0.2485 | Val Loss: 2.0465 Acc: 0.0000 F1: 0.0000 | Train Meta: n/a | Val Meta: n/a
Validation Loss decreased (2.061552 --> 2.046457). Saving best model...
Epoch  12/50 | Train Loss: 1.6286 Acc: 0.3125 F1: 0.2568 | Val Loss: 2.0790 Acc: 0.0833 F1: 0.0408 | Train Meta: n/a | Val Meta: n/a
Epoch  13/50 | Train Loss: 1.6080 Acc: 0.3854 F1: 0.2880 | Val Loss: 2.0503 Acc: 0.0833 F1: 0.0500 | Train Meta: n/a | Val Meta: n/a
Epoch  14/50 | Train Loss: 1.5835 Acc: 0.4062 F1: 0.3244 | Val Loss: 2.0260 Acc: 0.2500 F1: 0.1542 | Train Meta: n/a | Val Meta: n/a
Validation Loss decreased (2.046457 --> 2.025990). Saving best model...
Epoch  15/50 | Train Loss: 1.5621 Acc: 0.3750 F1: 0.3038 | Val Loss: 2.0093 Acc: 0.1667 F1: 0.1000 | Train Meta: n/a | Val Meta: n/a
Validation Loss decreased (2.025990 --> 2.009297). Saving best model...
Epoch  16/50 | Train Loss: 1.5368 Acc: 0.4479 F1: 0.3974 | Val Loss: 2.0149 Acc: 0.1667 F1: 0.0813 | Train Meta: n/a | Val Meta: n/a
Epoch  17/50 | Train Loss: 1.5429 Acc: 0.4375 F1: 0.3584 | Val Loss: 2.0623 Acc: 0.1667 F1: 0.1042 | Train Meta: n/a | Val Meta: n/a
Epoch  18/50 | Train Loss: 1.5196 Acc: 0.4792 F1: 0.4242 | Val Loss: 2.0199 Acc: 0.1667 F1: 0.1333 | Train Meta: n/a | Val Meta: n/a
Epoch  19/50 | Train Loss: 1.5069 Acc: 0.4688 F1: 0.4065 | Val Loss: 2.0098 Acc: 0.0833 F1: 0.0500 | Train Meta: n/a | Val Meta: n/a
Epoch  20/50 | Train Loss: 1.4825 Acc: 0.4688 F1: 0.4001 | Val Loss: 2.0151 Acc: 0.1667 F1: 0.1250 | Train Meta: n/a | Val Meta: n/a
Epoch  21/50 | Train Loss: 1.4609 Acc: 0.5208 F1: 0.4592 | Val Loss: 1.9408 Acc: 0.2500 F1: 0.1500 | Train Meta: n/a | Val Meta: n/a
Validation Loss decreased (2.009297 --> 1.940782). Saving best model...
Epoch  22/50 | Train Loss: 1.4878 Acc: 0.4792 F1: 0.4437 | Val Loss: 1.9217 Acc: 0.2500 F1: 0.1881 | Train Meta: n/a | Val Meta: n/a
Validation Loss decreased (1.940782 --> 1.921700). Saving best model...
Epoch  23/50 | Train Loss: 1.4593 Acc: 0.4688 F1: 0.4201 | Val Loss: 1.9506 Acc: 0.2500 F1: 0.1500 | Train Meta: n/a | Val Meta: n/a
Epoch  24/50 | Train Loss: 1.4457 Acc: 0.4688 F1: 0.4010 | Val Loss: 1.9651 Acc: 0.1667 F1: 0.1333 | Train Meta: n/a | Val Meta: n/a
Epoch  25/50 | Train Loss: 1.3995 Acc: 0.4688 F1: 0.4070 | Val Loss: 1.9414 Acc: 0.2500 F1: 0.1482 | Train Meta: n/a | Val Meta: n/a
Epoch  26/50 | Train Loss: 1.4104 Acc: 0.5417 F1: 0.5004 | Val Loss: 1.8740 Acc: 0.3333 F1: 0.2792 | Train Meta: n/a | Val Meta: n/a
Validation Loss decreased (1.921700 --> 1.874027). Saving best model...
Epoch  27/50 | Train Loss: 1.4010 Acc: 0.5625 F1: 0.5407 | Val Loss: 1.8788 Acc: 0.2500 F1: 0.1841 | Train Meta: n/a | Val Meta: n/a
Epoch  28/50 | Train Loss: 1.3979 Acc: 0.4688 F1: 0.3962 | Val Loss: 1.9462 Acc: 0.0833 F1: 0.0625 | Train Meta: n/a | Val Meta: n/a
Epoch  29/50 | Train Loss: 1.3702 Acc: 0.5104 F1: 0.4376 | Val Loss: 1.8919 Acc: 0.2500 F1: 0.1833 | Train Meta: n/a | Val Meta: n/a
Epoch  30/50 | Train Loss: 1.3645 Acc: 0.5521 F1: 0.5166 | Val Loss: 1.9087 Acc: 0.2500 F1: 0.1833 | Train Meta: n/a | Val Meta: n/a
Epoch  31/50 | Train Loss: 1.3604 Acc: 0.5521 F1: 0.5137 | Val Loss: 1.9019 Acc: 0.2500 F1: 0.1958 | Train Meta: n/a | Val Meta: n/a
Epoch  32/50 | Train Loss: 1.3346 Acc: 0.5729 F1: 0.5522 | Val Loss: 1.8681 Acc: 0.2500 F1: 0.1750 | Train Meta: n/a | Val Meta: n/a
Validation Loss decreased (1.874027 --> 1.868135). Saving best model...
Epoch  33/50 | Train Loss: 1.3360 Acc: 0.5833 F1: 0.5847 | Val Loss: 1.8341 Acc: 0.2500 F1: 0.1958 | Train Meta: n/a | Val Meta: n/a
Validation Loss decreased (1.868135 --> 1.834083). Saving best model...
Epoch  34/50 | Train Loss: 1.3313 Acc: 0.5833 F1: 0.5771 | Val Loss: 1.8258 Acc: 0.2500 F1: 0.1833 | Train Meta: n/a | Val Meta: n/a
Validation Loss decreased (1.834083 --> 1.825751). Saving best model...
Epoch  35/50 | Train Loss: 1.3189 Acc: 0.5208 F1: 0.4894 | Val Loss: 1.7923 Acc: 0.2500 F1: 0.1625 | Train Meta: n/a | Val Meta: n/a
Validation Loss decreased (1.825751 --> 1.792263). Saving best model...
Epoch  36/50 | Train Loss: 1.2850 Acc: 0.5729 F1: 0.5602 | Val Loss: 1.8213 Acc: 0.2500 F1: 0.1958 | Train Meta: n/a | Val Meta: n/a
Epoch  37/50 | Train Loss: 1.3123 Acc: 0.5208 F1: 0.4608 | Val Loss: 1.8809 Acc: 0.0833 F1: 0.0625 | Train Meta: n/a | Val Meta: n/a
Epoch  38/50 | Train Loss: 1.2968 Acc: 0.5208 F1: 0.4743 | Val Loss: 1.8180 Acc: 0.2500 F1: 0.1958 | Train Meta: n/a | Val Meta: n/a
Epoch  39/50 | Train Loss: 1.2449 Acc: 0.6250 F1: 0.6145 | Val Loss: 1.7897 Acc: 0.3333 F1: 0.2292 | Train Meta: n/a | Val Meta: n/a
Validation Loss decreased (1.792263 --> 1.789665). Saving best model...
Epoch  40/50 | Train Loss: 1.2547 Acc: 0.5521 F1: 0.5375 | Val Loss: 1.7481 Acc: 0.3333 F1: 0.2167 | Train Meta: n/a | Val Meta: n/a
Validation Loss decreased (1.789665 --> 1.748104). Saving best model...
Epoch  41/50 | Train Loss: 1.2566 Acc: 0.6042 F1: 0.5953 | Val Loss: 1.7604 Acc: 0.2500 F1: 0.1958 | Train Meta: n/a | Val Meta: n/a
Epoch  42/50 | Train Loss: 1.2261 Acc: 0.6458 F1: 0.6080 | Val Loss: 1.7975 Acc: 0.2500 F1: 0.2000 | Train Meta: n/a | Val Meta: n/a
Epoch  43/50 | Train Loss: 1.2300 Acc: 0.6042 F1: 0.5544 | Val Loss: 1.7610 Acc: 0.1667 F1: 0.1125 | Train Meta: n/a | Val Meta: n/a
Epoch  44/50 | Train Loss: 1.2176 Acc: 0.5417 F1: 0.5284 | Val Loss: 1.7082 Acc: 0.2500 F1: 0.1833 | Train Meta: n/a | Val Meta: n/a
Validation Loss decreased (1.748104 --> 1.708227). Saving best model...
Epoch  45/50 | Train Loss: 1.2115 Acc: 0.6146 F1: 0.6113 | Val Loss: 1.6883 Acc: 0.3333 F1: 0.2167 | Train Meta: n/a | Val Meta: n/a
Validation Loss decreased (1.708227 --> 1.688308). Saving best model...
Epoch  46/50 | Train Loss: 1.2039 Acc: 0.6562 F1: 0.6415 | Val Loss: 1.7050 Acc: 0.2500 F1: 0.1833 | Train Meta: n/a | Val Meta: n/a
Epoch  47/50 | Train Loss: 1.1785 Acc: 0.6354 F1: 0.6068 | Val Loss: 1.7066 Acc: 0.2500 F1: 0.1958 | Train Meta: n/a | Val Meta: n/a
Epoch  48/50 | Train Loss: 1.1751 Acc: 0.5833 F1: 0.5490 | Val Loss: 1.7141 Acc: 0.2500 F1: 0.1833 | Train Meta: n/a | Val Meta: n/a
Epoch  49/50 | Train Loss: 1.1584 Acc: 0.5833 F1: 0.5318 | Val Loss: 1.7070 Acc: 0.2500 F1: 0.1833 | Train Meta: n/a | Val Meta: n/a
Epoch  50/50 | Train Loss: 1.1519 Acc: 0.6042 F1: 0.5527 | Val Loss: 1.6280 Acc: 0.2500 F1: 0.1958 | Train Meta: n/a | Val Meta: n/a
Validation Loss decreased (1.688308 --> 1.627957). Saving best model...

Classification Test Result (UWaveGestureLibrary)
Accuracy : 0.450000
F1 (macro): 0.442227
==================================================
🚀 Architecture: LAYA
📊 Target Dataset: ECG200 (Channels: 1)
📊 Pretrain Info: electricity
📊 Classes: 2 | Sequence Length: 96
==================================================
✅ Loaded pretrained encoder from ./checkpoints/electricity_laya_ci_none/laya_ts_electricity_s_best.pt
   - 40/40 keys matched.
✅ Encoder is FROZEN (Linear Probing mode).
📝 metadata: mode=none, fusion=none, relation=none
ℹ️  Metadata Fusion Mode: none
ℹ️  Channel Mixer Relation Mode: none
ℹ️  Encoder Variant: default
ℹ️  Channel Adapter: disabled for Laya downstream (ci)
ℹ️  Channel Relation Block: disabled
✅ ClassificationHead: [B, 256] → [B, 2]
Epoch   1/50 | Train Loss: 0.6193 Acc: 0.5250 F1: 0.4345 | Val Loss: 0.7129 Acc: 0.6000 F1: 0.3750 | Train Meta: n/a | Val Meta: n/a
Validation Loss decreased (inf --> 0.712887). Saving best model...
Epoch   2/50 | Train Loss: 0.5408 Acc: 0.6750 F1: 0.4030 | Val Loss: 0.7136 Acc: 0.6000 F1: 0.3750 | Train Meta: n/a | Val Meta: n/a
Epoch   3/50 | Train Loss: 0.4831 Acc: 0.7000 F1: 0.4118 | Val Loss: 0.6804 Acc: 0.6000 F1: 0.3750 | Train Meta: n/a | Val Meta: n/a
Validation Loss decreased (0.712887 --> 0.680403). Saving best model...
Epoch   4/50 | Train Loss: 0.4417 Acc: 0.7375 F1: 0.4668 | Val Loss: 0.6456 Acc: 0.6000 F1: 0.3750 | Train Meta: n/a | Val Meta: n/a
Validation Loss decreased (0.680403 --> 0.645649). Saving best model...
Epoch   5/50 | Train Loss: 0.4446 Acc: 0.7250 F1: 0.5703 | Val Loss: 0.6346 Acc: 0.6000 F1: 0.3750 | Train Meta: n/a | Val Meta: n/a
Validation Loss decreased (0.645649 --> 0.634607). Saving best model...
Epoch   6/50 | Train Loss: 0.4320 Acc: 0.7500 F1: 0.6416 | Val Loss: 0.6527 Acc: 0.6000 F1: 0.3750 | Train Meta: n/a | Val Meta: n/a
Epoch   7/50 | Train Loss: 0.3890 Acc: 0.8125 F1: 0.7137 | Val Loss: 0.6451 Acc: 0.6000 F1: 0.3750 | Train Meta: n/a | Val Meta: n/a
Epoch   8/50 | Train Loss: 0.3866 Acc: 0.8125 F1: 0.7457 | Val Loss: 0.6465 Acc: 0.6000 F1: 0.3750 | Train Meta: n/a | Val Meta: n/a
Epoch   9/50 | Train Loss: 0.3788 Acc: 0.8125 F1: 0.7540 | Val Loss: 0.6097 Acc: 0.6000 F1: 0.3750 | Train Meta: n/a | Val Meta: n/a
Validation Loss decreased (0.634607 --> 0.609660). Saving best model...
Epoch  10/50 | Train Loss: 0.3669 Acc: 0.7875 F1: 0.7500 | Val Loss: 0.5988 Acc: 0.6000 F1: 0.3750 | Train Meta: n/a | Val Meta: n/a
Validation Loss decreased (0.609660 --> 0.598850). Saving best model...
Epoch  11/50 | Train Loss: 0.3689 Acc: 0.8125 F1: 0.7841 | Val Loss: 0.6060 Acc: 0.6000 F1: 0.3750 | Train Meta: n/a | Val Meta: n/a
Epoch  12/50 | Train Loss: 0.3648 Acc: 0.7750 F1: 0.7179 | Val Loss: 0.6466 Acc: 0.6000 F1: 0.3750 | Train Meta: n/a | Val Meta: n/a
Epoch  13/50 | Train Loss: 0.3500 Acc: 0.8375 F1: 0.7990 | Val Loss: 0.6033 Acc: 0.6000 F1: 0.3750 | Train Meta: n/a | Val Meta: n/a
Epoch  14/50 | Train Loss: 0.3374 Acc: 0.8500 F1: 0.8214 | Val Loss: 0.5979 Acc: 0.6000 F1: 0.3750 | Train Meta: n/a | Val Meta: n/a
Validation Loss decreased (0.598850 --> 0.597936). Saving best model...
Epoch  15/50 | Train Loss: 0.3442 Acc: 0.8000 F1: 0.7619 | Val Loss: 0.5812 Acc: 0.7000 F1: 0.6000 | Train Meta: n/a | Val Meta: n/a
Validation Loss decreased (0.597936 --> 0.581208). Saving best model...
Epoch  16/50 | Train Loss: 0.3317 Acc: 0.8125 F1: 0.7841 | Val Loss: 0.5708 Acc: 0.8000 F1: 0.7619 | Train Meta: n/a | Val Meta: n/a
Validation Loss decreased (0.581208 --> 0.570845). Saving best model...
Epoch  17/50 | Train Loss: 0.3077 Acc: 0.8125 F1: 0.7741 | Val Loss: 0.5567 Acc: 0.8000 F1: 0.7619 | Train Meta: n/a | Val Meta: n/a
Validation Loss decreased (0.570845 --> 0.556723). Saving best model...
Epoch  18/50 | Train Loss: 0.3270 Acc: 0.8000 F1: 0.7619 | Val Loss: 0.5608 Acc: 0.8000 F1: 0.7619 | Train Meta: n/a | Val Meta: n/a
Epoch  19/50 | Train Loss: 0.3249 Acc: 0.8250 F1: 0.7917 | Val Loss: 0.5676 Acc: 0.8000 F1: 0.7619 | Train Meta: n/a | Val Meta: n/a
Epoch  20/50 | Train Loss: 0.2866 Acc: 0.8500 F1: 0.8169 | Val Loss: 0.5461 Acc: 0.8000 F1: 0.7619 | Train Meta: n/a | Val Meta: n/a
Validation Loss decreased (0.556723 --> 0.546058). Saving best model...
Epoch  21/50 | Train Loss: 0.2769 Acc: 0.8375 F1: 0.7868 | Val Loss: 0.5452 Acc: 0.8000 F1: 0.7619 | Train Meta: n/a | Val Meta: n/a
Validation Loss decreased (0.546058 --> 0.545181). Saving best model...
Epoch  22/50 | Train Loss: 0.3297 Acc: 0.8250 F1: 0.7917 | Val Loss: 0.5408 Acc: 0.8000 F1: 0.7619 | Train Meta: n/a | Val Meta: n/a
Validation Loss decreased (0.545181 --> 0.540798). Saving best model...
Epoch  23/50 | Train Loss: 0.3058 Acc: 0.8125 F1: 0.7741 | Val Loss: 0.4896 Acc: 0.8000 F1: 0.7619 | Train Meta: n/a | Val Meta: n/a
Validation Loss decreased (0.540798 --> 0.489585). Saving best model...
Epoch  24/50 | Train Loss: 0.3024 Acc: 0.8375 F1: 0.8129 | Val Loss: 0.4778 Acc: 0.8000 F1: 0.7619 | Train Meta: n/a | Val Meta: n/a
Validation Loss decreased (0.489585 --> 0.477762). Saving best model...
Epoch  25/50 | Train Loss: 0.3028 Acc: 0.8375 F1: 0.8129 | Val Loss: 0.4627 Acc: 0.8000 F1: 0.7619 | Train Meta: n/a | Val Meta: n/a
Validation Loss decreased (0.477762 --> 0.462670). Saving best model...
Epoch  26/50 | Train Loss: 0.3086 Acc: 0.8125 F1: 0.7841 | Val Loss: 0.4879 Acc: 0.8000 F1: 0.7619 | Train Meta: n/a | Val Meta: n/a
Epoch  27/50 | Train Loss: 0.2895 Acc: 0.8500 F1: 0.8063 | Val Loss: 0.5060 Acc: 0.8000 F1: 0.7619 | Train Meta: n/a | Val Meta: n/a
Epoch  28/50 | Train Loss: 0.3013 Acc: 0.8500 F1: 0.8169 | Val Loss: 0.4780 Acc: 0.8000 F1: 0.7619 | Train Meta: n/a | Val Meta: n/a
Epoch  29/50 | Train Loss: 0.2892 Acc: 0.8125 F1: 0.7741 | Val Loss: 0.4436 Acc: 0.8000 F1: 0.7619 | Train Meta: n/a | Val Meta: n/a
Validation Loss decreased (0.462670 --> 0.443643). Saving best model...
Epoch  30/50 | Train Loss: 0.2885 Acc: 0.8250 F1: 0.8006 | Val Loss: 0.4419 Acc: 0.8000 F1: 0.7619 | Train Meta: n/a | Val Meta: n/a
Validation Loss decreased (0.443643 --> 0.441908). Saving best model...
Epoch  31/50 | Train Loss: 0.2841 Acc: 0.8375 F1: 0.8166 | Val Loss: 0.4208 Acc: 0.8000 F1: 0.7619 | Train Meta: n/a | Val Meta: n/a
Validation Loss decreased (0.441908 --> 0.420790). Saving best model...
Epoch  32/50 | Train Loss: 0.2977 Acc: 0.8375 F1: 0.8199 | Val Loss: 0.4257 Acc: 0.8000 F1: 0.7619 | Train Meta: n/a | Val Meta: n/a
Epoch  33/50 | Train Loss: 0.2680 Acc: 0.8625 F1: 0.8382 | Val Loss: 0.4577 Acc: 0.8000 F1: 0.7619 | Train Meta: n/a | Val Meta: n/a
Epoch  34/50 | Train Loss: 0.2817 Acc: 0.8250 F1: 0.7864 | Val Loss: 0.4504 Acc: 0.8000 F1: 0.7619 | Train Meta: n/a | Val Meta: n/a
Epoch  35/50 | Train Loss: 0.2785 Acc: 0.8750 F1: 0.8474 | Val Loss: 0.4633 Acc: 0.8000 F1: 0.7619 | Train Meta: n/a | Val Meta: n/a
Epoch  36/50 | Train Loss: 0.2917 Acc: 0.8250 F1: 0.8043 | Val Loss: 0.4060 Acc: 0.8000 F1: 0.7619 | Train Meta: n/a | Val Meta: n/a
Validation Loss decreased (0.420790 --> 0.405962). Saving best model...
Epoch  37/50 | Train Loss: 0.2865 Acc: 0.8500 F1: 0.8352 | Val Loss: 0.4007 Acc: 0.8000 F1: 0.7619 | Train Meta: n/a | Val Meta: n/a
Validation Loss decreased (0.405962 --> 0.400687). Saving best model...
Epoch  38/50 | Train Loss: 0.2511 Acc: 0.8625 F1: 0.8251 | Val Loss: 0.4548 Acc: 0.8000 F1: 0.7619 | Train Meta: n/a | Val Meta: n/a
Epoch  39/50 | Train Loss: 0.2823 Acc: 0.8625 F1: 0.8300 | Val Loss: 0.4409 Acc: 0.8000 F1: 0.7619 | Train Meta: n/a | Val Meta: n/a
Epoch  40/50 | Train Loss: 0.2578 Acc: 0.8875 F1: 0.8569 | Val Loss: 0.4049 Acc: 0.8000 F1: 0.7619 | Train Meta: n/a | Val Meta: n/a
Epoch  41/50 | Train Loss: 0.2607 Acc: 0.8625 F1: 0.8417 | Val Loss: 0.3990 Acc: 0.8000 F1: 0.7619 | Train Meta: n/a | Val Meta: n/a
Validation Loss decreased (0.400687 --> 0.398980). Saving best model...
Epoch  42/50 | Train Loss: 0.2791 Acc: 0.8375 F1: 0.8129 | Val Loss: 0.4095 Acc: 0.8000 F1: 0.7619 | Train Meta: n/a | Val Meta: n/a
Epoch  43/50 | Train Loss: 0.2694 Acc: 0.8500 F1: 0.8255 | Val Loss: 0.3823 Acc: 0.8000 F1: 0.7619 | Train Meta: n/a | Val Meta: n/a
Validation Loss decreased (0.398980 --> 0.382310). Saving best model...
Epoch  44/50 | Train Loss: 0.2610 Acc: 0.8625 F1: 0.8501 | Val Loss: 0.3718 Acc: 0.9000 F1: 0.8901 | Train Meta: n/a | Val Meta: n/a
Validation Loss decreased (0.382310 --> 0.371771). Saving best model...
Epoch  45/50 | Train Loss: 0.2720 Acc: 0.8625 F1: 0.8448 | Val Loss: 0.3917 Acc: 0.8000 F1: 0.7619 | Train Meta: n/a | Val Meta: n/a
Epoch  46/50 | Train Loss: 0.2394 Acc: 0.8875 F1: 0.8676 | Val Loss: 0.3767 Acc: 0.9000 F1: 0.8901 | Train Meta: n/a | Val Meta: n/a
Epoch  47/50 | Train Loss: 0.2470 Acc: 0.8625 F1: 0.8343 | Val Loss: 0.3945 Acc: 0.8000 F1: 0.7619 | Train Meta: n/a | Val Meta: n/a
Epoch  48/50 | Train Loss: 0.2640 Acc: 0.9000 F1: 0.8836 | Val Loss: 0.3896 Acc: 0.8000 F1: 0.7619 | Train Meta: n/a | Val Meta: n/a
Epoch  49/50 | Train Loss: 0.2394 Acc: 0.8875 F1: 0.8609 | Val Loss: 0.3854 Acc: 0.9000 F1: 0.8901 | Train Meta: n/a | Val Meta: n/a
Epoch  50/50 | Train Loss: 0.2667 Acc: 0.8750 F1: 0.8474 | Val Loss: 0.3721 Acc: 0.9000 F1: 0.8901 | Train Meta: n/a | Val Meta: n/a

Classification Test Result (ECG200)
Accuracy : 0.840000
F1 (macro): 0.826389
==================================================
🚀 Architecture: LAYA
📊 Target Dataset: ECG5000 (Channels: 1)
📊 Pretrain Info: electricity
📊 Classes: 5 | Sequence Length: 140
==================================================
✅ Loaded pretrained encoder from ./checkpoints/electricity_laya_ci_none/laya_ts_electricity_s_best.pt
   - 40/40 keys matched.
✅ Encoder is FROZEN (Linear Probing mode).
📝 metadata: mode=none, fusion=none, relation=none
ℹ️  Metadata Fusion Mode: none
ℹ️  Channel Mixer Relation Mode: none
ℹ️  Encoder Variant: default
ℹ️  Channel Adapter: disabled for Laya downstream (ci)
ℹ️  Channel Relation Block: disabled
✅ ClassificationHead: [B, 256] → [B, 5]
Epoch   1/50 | Train Loss: 0.7796 Acc: 0.7790 F1: 0.3098 | Val Loss: 0.4666 Acc: 0.9000 F1: 0.6026 | Train Meta: n/a | Val Meta: n/a
Validation Loss decreased (inf --> 0.466632). Saving best model...
Epoch   2/50 | Train Loss: 0.5281 Acc: 0.8862 F1: 0.3629 | Val Loss: 0.4078 Acc: 0.9000 F1: 0.6048 | Train Meta: n/a | Val Meta: n/a
Validation Loss decreased (0.466632 --> 0.407799). Saving best model...
Epoch   3/50 | Train Loss: 0.4843 Acc: 0.8884 F1: 0.3638 | Val Loss: 0.3835 Acc: 0.9200 F1: 0.6210 | Train Meta: n/a | Val Meta: n/a
Validation Loss decreased (0.407799 --> 0.383544). Saving best model...
Epoch   4/50 | Train Loss: 0.4605 Acc: 0.8906 F1: 0.3647 | Val Loss: 0.3713 Acc: 0.9200 F1: 0.6210 | Train Meta: n/a | Val Meta: n/a
Validation Loss decreased (0.383544 --> 0.371277). Saving best model...
Epoch   5/50 | Train Loss: 0.4422 Acc: 0.8862 F1: 0.3630 | Val Loss: 0.3608 Acc: 0.9200 F1: 0.6210 | Train Meta: n/a | Val Meta: n/a
Validation Loss decreased (0.371277 --> 0.360804). Saving best model...
Epoch   6/50 | Train Loss: 0.4151 Acc: 0.8906 F1: 0.3643 | Val Loss: 0.3523 Acc: 0.9200 F1: 0.6210 | Train Meta: n/a | Val Meta: n/a
Validation Loss decreased (0.360804 --> 0.352294). Saving best model...
Epoch   7/50 | Train Loss: 0.4054 Acc: 0.8884 F1: 0.3641 | Val Loss: 0.3491 Acc: 0.9000 F1: 0.6066 | Train Meta: n/a | Val Meta: n/a
Validation Loss decreased (0.352294 --> 0.349088). Saving best model...
Epoch   8/50 | Train Loss: 0.3958 Acc: 0.8973 F1: 0.3681 | Val Loss: 0.3280 Acc: 0.9200 F1: 0.6210 | Train Meta: n/a | Val Meta: n/a
Validation Loss decreased (0.349088 --> 0.327991). Saving best model...
Epoch   9/50 | Train Loss: 0.3850 Acc: 0.8884 F1: 0.3642 | Val Loss: 0.3306 Acc: 0.9200 F1: 0.6210 | Train Meta: n/a | Val Meta: n/a
Epoch  10/50 | Train Loss: 0.3698 Acc: 0.8973 F1: 0.3683 | Val Loss: 0.3149 Acc: 0.9200 F1: 0.6210 | Train Meta: n/a | Val Meta: n/a
Validation Loss decreased (0.327991 --> 0.314905). Saving best model...
Epoch  11/50 | Train Loss: 0.3570 Acc: 0.8996 F1: 0.3690 | Val Loss: 0.3170 Acc: 0.9000 F1: 0.6066 | Train Meta: n/a | Val Meta: n/a
Epoch  12/50 | Train Loss: 0.3536 Acc: 0.8973 F1: 0.3683 | Val Loss: 0.3143 Acc: 0.9000 F1: 0.6066 | Train Meta: n/a | Val Meta: n/a
Validation Loss decreased (0.314905 --> 0.314283). Saving best model...
Epoch  13/50 | Train Loss: 0.3542 Acc: 0.8951 F1: 0.3675 | Val Loss: 0.3298 Acc: 0.9000 F1: 0.6066 | Train Meta: n/a | Val Meta: n/a
Epoch  14/50 | Train Loss: 0.3410 Acc: 0.8951 F1: 0.3675 | Val Loss: 0.2970 Acc: 0.9000 F1: 0.6066 | Train Meta: n/a | Val Meta: n/a
Validation Loss decreased (0.314283 --> 0.297030). Saving best model...
Epoch  15/50 | Train Loss: 0.3310 Acc: 0.8973 F1: 0.3682 | Val Loss: 0.2966 Acc: 0.9000 F1: 0.6066 | Train Meta: n/a | Val Meta: n/a
Validation Loss decreased (0.297030 --> 0.296562). Saving best model...
Epoch  16/50 | Train Loss: 0.3149 Acc: 0.9040 F1: 0.3710 | Val Loss: 0.2842 Acc: 0.9400 F1: 0.6357 | Train Meta: n/a | Val Meta: n/a
Validation Loss decreased (0.296562 --> 0.284205). Saving best model...
Epoch  17/50 | Train Loss: 0.3163 Acc: 0.9062 F1: 0.3722 | Val Loss: 0.2790 Acc: 0.9000 F1: 0.6066 | Train Meta: n/a | Val Meta: n/a
Validation Loss decreased (0.284205 --> 0.279013). Saving best model...
Epoch  18/50 | Train Loss: 0.3140 Acc: 0.9085 F1: 0.3733 | Val Loss: 0.2787 Acc: 0.9000 F1: 0.6066 | Train Meta: n/a | Val Meta: n/a
Validation Loss decreased (0.279013 --> 0.278696). Saving best model...
Epoch  19/50 | Train Loss: 0.3081 Acc: 0.9085 F1: 0.3733 | Val Loss: 0.2760 Acc: 0.9200 F1: 0.6222 | Train Meta: n/a | Val Meta: n/a
Validation Loss decreased (0.278696 --> 0.275994). Saving best model...
Epoch  20/50 | Train Loss: 0.3038 Acc: 0.9107 F1: 0.4101 | Val Loss: 0.2623 Acc: 0.9200 F1: 0.6210 | Train Meta: n/a | Val Meta: n/a
Validation Loss decreased (0.275994 --> 0.262318). Saving best model...
Epoch  21/50 | Train Loss: 0.2945 Acc: 0.9107 F1: 0.3742 | Val Loss: 0.2720 Acc: 0.9200 F1: 0.6222 | Train Meta: n/a | Val Meta: n/a
Epoch  22/50 | Train Loss: 0.2893 Acc: 0.9129 F1: 0.5080 | Val Loss: 0.2625 Acc: 0.9200 F1: 0.6210 | Train Meta: n/a | Val Meta: n/a
Epoch  23/50 | Train Loss: 0.2822 Acc: 0.9152 F1: 0.3756 | Val Loss: 0.2721 Acc: 0.9200 F1: 0.6222 | Train Meta: n/a | Val Meta: n/a
Epoch  24/50 | Train Loss: 0.2800 Acc: 0.9107 F1: 0.3742 | Val Loss: 0.2514 Acc: 0.9400 F1: 0.6366 | Train Meta: n/a | Val Meta: n/a
Validation Loss decreased (0.262318 --> 0.251363). Saving best model...
Epoch  25/50 | Train Loss: 0.2772 Acc: 0.9152 F1: 0.5089 | Val Loss: 0.2636 Acc: 0.9400 F1: 0.6366 | Train Meta: n/a | Val Meta: n/a
Epoch  26/50 | Train Loss: 0.2686 Acc: 0.9152 F1: 0.5444 | Val Loss: 0.2591 Acc: 0.9400 F1: 0.6366 | Train Meta: n/a | Val Meta: n/a
Epoch  27/50 | Train Loss: 0.2794 Acc: 0.9107 F1: 0.5070 | Val Loss: 0.2473 Acc: 0.9200 F1: 0.6210 | Train Meta: n/a | Val Meta: n/a
Validation Loss decreased (0.251363 --> 0.247287). Saving best model...
Epoch  28/50 | Train Loss: 0.2664 Acc: 0.9196 F1: 0.5766 | Val Loss: 0.2507 Acc: 0.9400 F1: 0.6366 | Train Meta: n/a | Val Meta: n/a
Epoch  29/50 | Train Loss: 0.2639 Acc: 0.9174 F1: 0.6224 | Val Loss: 0.2591 Acc: 0.9200 F1: 0.6222 | Train Meta: n/a | Val Meta: n/a
Epoch  30/50 | Train Loss: 0.2591 Acc: 0.9174 F1: 0.5455 | Val Loss: 0.2504 Acc: 0.9200 F1: 0.6210 | Train Meta: n/a | Val Meta: n/a
Epoch  31/50 | Train Loss: 0.2584 Acc: 0.9196 F1: 0.5766 | Val Loss: 0.2369 Acc: 0.9400 F1: 0.6366 | Train Meta: n/a | Val Meta: n/a
Validation Loss decreased (0.247287 --> 0.236919). Saving best model...
Epoch  32/50 | Train Loss: 0.2498 Acc: 0.9174 F1: 0.5458 | Val Loss: 0.2393 Acc: 0.9400 F1: 0.6366 | Train Meta: n/a | Val Meta: n/a
Epoch  33/50 | Train Loss: 0.2516 Acc: 0.9286 F1: 0.6490 | Val Loss: 0.2396 Acc: 0.9400 F1: 0.6366 | Train Meta: n/a | Val Meta: n/a
Epoch  34/50 | Train Loss: 0.2458 Acc: 0.9219 F1: 0.5992 | Val Loss: 0.2403 Acc: 0.9400 F1: 0.6366 | Train Meta: n/a | Val Meta: n/a
Epoch  35/50 | Train Loss: 0.2479 Acc: 0.9308 F1: 0.6278 | Val Loss: 0.2446 Acc: 0.9400 F1: 0.6366 | Train Meta: n/a | Val Meta: n/a
Epoch  36/50 | Train Loss: 0.2476 Acc: 0.9263 F1: 0.6707 | Val Loss: 0.2341 Acc: 0.9400 F1: 0.6366 | Train Meta: n/a | Val Meta: n/a
Validation Loss decreased (0.236919 --> 0.234055). Saving best model...
Epoch  37/50 | Train Loss: 0.2360 Acc: 0.9286 F1: 0.6269 | Val Loss: 0.2318 Acc: 0.9400 F1: 0.6366 | Train Meta: n/a | Val Meta: n/a
Validation Loss decreased (0.234055 --> 0.231786). Saving best model...
Epoch  38/50 | Train Loss: 0.2346 Acc: 0.9330 F1: 0.7168 | Val Loss: 0.2294 Acc: 0.9400 F1: 0.6366 | Train Meta: n/a | Val Meta: n/a
Validation Loss decreased (0.231786 --> 0.229440). Saving best model...
Epoch  39/50 | Train Loss: 0.2328 Acc: 0.9330 F1: 0.7362 | Val Loss: 0.2289 Acc: 0.9400 F1: 0.6366 | Train Meta: n/a | Val Meta: n/a
Validation Loss decreased (0.229440 --> 0.228929). Saving best model...
Epoch  40/50 | Train Loss: 0.2323 Acc: 0.9263 F1: 0.6047 | Val Loss: 0.2314 Acc: 0.9400 F1: 0.6366 | Train Meta: n/a | Val Meta: n/a
Epoch  41/50 | Train Loss: 0.2350 Acc: 0.9375 F1: 0.7249 | Val Loss: 0.2325 Acc: 0.9400 F1: 0.6366 | Train Meta: n/a | Val Meta: n/a
Epoch  42/50 | Train Loss: 0.2259 Acc: 0.9397 F1: 0.7392 | Val Loss: 0.2243 Acc: 0.9400 F1: 0.6366 | Train Meta: n/a | Val Meta: n/a
Validation Loss decreased (0.228929 --> 0.224295). Saving best model...
Epoch  43/50 | Train Loss: 0.2240 Acc: 0.9375 F1: 0.7382 | Val Loss: 0.2332 Acc: 0.9400 F1: 0.6366 | Train Meta: n/a | Val Meta: n/a
Epoch  44/50 | Train Loss: 0.2219 Acc: 0.9353 F1: 0.6890 | Val Loss: 0.2365 Acc: 0.9400 F1: 0.6366 | Train Meta: n/a | Val Meta: n/a
Epoch  45/50 | Train Loss: 0.2239 Acc: 0.9397 F1: 0.7391 | Val Loss: 0.2292 Acc: 0.9400 F1: 0.6366 | Train Meta: n/a | Val Meta: n/a
Epoch  46/50 | Train Loss: 0.2175 Acc: 0.9442 F1: 0.7769 | Val Loss: 0.2195 Acc: 0.9400 F1: 0.6366 | Train Meta: n/a | Val Meta: n/a
Validation Loss decreased (0.224295 --> 0.219511). Saving best model...
Epoch  47/50 | Train Loss: 0.2152 Acc: 0.9375 F1: 0.7187 | Val Loss: 0.2226 Acc: 0.9400 F1: 0.6366 | Train Meta: n/a | Val Meta: n/a
Epoch  48/50 | Train Loss: 0.2138 Acc: 0.9353 F1: 0.7147 | Val Loss: 0.2256 Acc: 0.9400 F1: 0.6366 | Train Meta: n/a | Val Meta: n/a
Epoch  49/50 | Train Loss: 0.2111 Acc: 0.9442 F1: 0.7770 | Val Loss: 0.2210 Acc: 0.9400 F1: 0.6366 | Train Meta: n/a | Val Meta: n/a
Epoch  50/50 | Train Loss: 0.2144 Acc: 0.9420 F1: 0.7178 | Val Loss: 0.2233 Acc: 0.9400 F1: 0.6366 | Train Meta: n/a | Val Meta: n/a

Classification Test Result (ECG5000)
Accuracy : 0.917778
F1 (macro): 0.484094
==================================================
🚀 Architecture: LAYA
📊 Target Dataset: FordA (Channels: 1)
📊 Pretrain Info: electricity
📊 Classes: 2 | Sequence Length: 500
==================================================
✅ Loaded pretrained encoder from ./checkpoints/electricity_laya_ci_none/laya_ts_electricity_s_best.pt
   - 40/40 keys matched.
✅ Encoder is FROZEN (Linear Probing mode).
📝 metadata: mode=none, fusion=none, relation=none
ℹ️  Metadata Fusion Mode: none
ℹ️  Channel Mixer Relation Mode: none
ℹ️  Encoder Variant: default
ℹ️  Channel Adapter: disabled for Laya downstream (ci)
ℹ️  Channel Relation Block: disabled
✅ ClassificationHead: [B, 256] → [B, 2]
Epoch   1/50 | Train Loss: 0.6693 Acc: 0.5730 F1: 0.5711 | Val Loss: 0.6568 Acc: 0.5167 F1: 0.4118 | Train Meta: n/a | Val Meta: n/a
Validation Loss decreased (inf --> 0.656838). Saving best model...
Epoch   2/50 | Train Loss: 0.6278 Acc: 0.6210 F1: 0.6209 | Val Loss: 0.6181 Acc: 0.6889 F1: 0.6759 | Train Meta: n/a | Val Meta: n/a
Validation Loss decreased (0.656838 --> 0.618051). Saving best model...
Epoch   3/50 | Train Loss: 0.6014 Acc: 0.6581 F1: 0.6581 | Val Loss: 0.5931 Acc: 0.6694 F1: 0.6651 | Train Meta: n/a | Val Meta: n/a
Validation Loss decreased (0.618051 --> 0.593061). Saving best model...
Epoch   4/50 | Train Loss: 0.5904 Acc: 0.6671 F1: 0.6670 | Val Loss: 0.5745 Acc: 0.6972 F1: 0.6971 | Train Meta: n/a | Val Meta: n/a
Validation Loss decreased (0.593061 --> 0.574490). Saving best model...
Epoch   5/50 | Train Loss: 0.5744 Acc: 0.6785 F1: 0.6785 | Val Loss: 0.5623 Acc: 0.6889 F1: 0.6888 | Train Meta: n/a | Val Meta: n/a
Validation Loss decreased (0.574490 --> 0.562279). Saving best model...
Epoch   6/50 | Train Loss: 0.5633 Acc: 0.6881 F1: 0.6881 | Val Loss: 0.5486 Acc: 0.7167 F1: 0.7164 | Train Meta: n/a | Val Meta: n/a
Validation Loss decreased (0.562279 --> 0.548565). Saving best model...
Epoch   7/50 | Train Loss: 0.5511 Acc: 0.6989 F1: 0.6989 | Val Loss: 0.5404 Acc: 0.6944 F1: 0.6917 | Train Meta: n/a | Val Meta: n/a
Validation Loss decreased (0.548565 --> 0.540371). Saving best model...
Epoch   8/50 | Train Loss: 0.5424 Acc: 0.7011 F1: 0.7011 | Val Loss: 0.5405 Acc: 0.6917 F1: 0.6826 | Train Meta: n/a | Val Meta: n/a
Epoch   9/50 | Train Loss: 0.5299 Acc: 0.7163 F1: 0.7163 | Val Loss: 0.5268 Acc: 0.7028 F1: 0.6976 | Train Meta: n/a | Val Meta: n/a
Validation Loss decreased (0.540371 --> 0.526817). Saving best model...
Epoch  10/50 | Train Loss: 0.5259 Acc: 0.7314 F1: 0.7314 | Val Loss: 0.5144 Acc: 0.7528 F1: 0.7509 | Train Meta: n/a | Val Meta: n/a
Validation Loss decreased (0.526817 --> 0.514380). Saving best model...
Epoch  11/50 | Train Loss: 0.5136 Acc: 0.7398 F1: 0.7398 | Val Loss: 0.5504 Acc: 0.7056 F1: 0.6809 | Train Meta: n/a | Val Meta: n/a
Epoch  12/50 | Train Loss: 0.5085 Acc: 0.7404 F1: 0.7404 | Val Loss: 0.4951 Acc: 0.7806 F1: 0.7793 | Train Meta: n/a | Val Meta: n/a
Validation Loss decreased (0.514380 --> 0.495097). Saving best model...
Epoch  13/50 | Train Loss: 0.5004 Acc: 0.7454 F1: 0.7453 | Val Loss: 0.4894 Acc: 0.7389 F1: 0.7382 | Train Meta: n/a | Val Meta: n/a
Validation Loss decreased (0.495097 --> 0.489391). Saving best model...
Epoch  14/50 | Train Loss: 0.4975 Acc: 0.7432 F1: 0.7432 | Val Loss: 0.4807 Acc: 0.7333 F1: 0.7328 | Train Meta: n/a | Val Meta: n/a
Validation Loss decreased (0.489391 --> 0.480724). Saving best model...
Epoch  15/50 | Train Loss: 0.4910 Acc: 0.7587 F1: 0.7586 | Val Loss: 0.4751 Acc: 0.7722 F1: 0.7719 | Train Meta: n/a | Val Meta: n/a
Validation Loss decreased (0.480724 --> 0.475132). Saving best model...
Epoch  16/50 | Train Loss: 0.4826 Acc: 0.7608 F1: 0.7608 | Val Loss: 0.4671 Acc: 0.7528 F1: 0.7527 | Train Meta: n/a | Val Meta: n/a
Validation Loss decreased (0.475132 --> 0.467145). Saving best model...
Epoch  17/50 | Train Loss: 0.4798 Acc: 0.7667 F1: 0.7666 | Val Loss: 0.4622 Acc: 0.7694 F1: 0.7694 | Train Meta: n/a | Val Meta: n/a
Validation Loss decreased (0.467145 --> 0.462172). Saving best model...
Epoch  18/50 | Train Loss: 0.4771 Acc: 0.7636 F1: 0.7636 | Val Loss: 0.4593 Acc: 0.7694 F1: 0.7694 | Train Meta: n/a | Val Meta: n/a
Validation Loss decreased (0.462172 --> 0.459252). Saving best model...
Epoch  19/50 | Train Loss: 0.4772 Acc: 0.7593 F1: 0.7592 | Val Loss: 0.4497 Acc: 0.7861 F1: 0.7858 | Train Meta: n/a | Val Meta: n/a
Validation Loss decreased (0.459252 --> 0.449697). Saving best model...
Epoch  20/50 | Train Loss: 0.4676 Acc: 0.7689 F1: 0.7688 | Val Loss: 0.4501 Acc: 0.8111 F1: 0.8092 | Train Meta: n/a | Val Meta: n/a
Epoch  21/50 | Train Loss: 0.4635 Acc: 0.7775 F1: 0.7775 | Val Loss: 0.4442 Acc: 0.8111 F1: 0.8098 | Train Meta: n/a | Val Meta: n/a
Validation Loss decreased (0.449697 --> 0.444180). Saving best model...
Epoch  22/50 | Train Loss: 0.4572 Acc: 0.7785 F1: 0.7783 | Val Loss: 0.4559 Acc: 0.7389 F1: 0.7324 | Train Meta: n/a | Val Meta: n/a
Epoch  23/50 | Train Loss: 0.4555 Acc: 0.7837 F1: 0.7836 | Val Loss: 0.4355 Acc: 0.8194 F1: 0.8183 | Train Meta: n/a | Val Meta: n/a
Validation Loss decreased (0.444180 --> 0.435486). Saving best model...
Epoch  24/50 | Train Loss: 0.4505 Acc: 0.7884 F1: 0.7883 | Val Loss: 0.4527 Acc: 0.8028 F1: 0.7969 | Train Meta: n/a | Val Meta: n/a
Epoch  25/50 | Train Loss: 0.4523 Acc: 0.7812 F1: 0.7812 | Val Loss: 0.4300 Acc: 0.8111 F1: 0.8096 | Train Meta: n/a | Val Meta: n/a
Validation Loss decreased (0.435486 --> 0.430016). Saving best model...
Epoch  26/50 | Train Loss: 0.4479 Acc: 0.7918 F1: 0.7916 | Val Loss: 0.4257 Acc: 0.8056 F1: 0.8055 | Train Meta: n/a | Val Meta: n/a
Validation Loss decreased (0.430016 --> 0.425742). Saving best model...
Epoch  27/50 | Train Loss: 0.4422 Acc: 0.7924 F1: 0.7922 | Val Loss: 0.4265 Acc: 0.7944 F1: 0.7938 | Train Meta: n/a | Val Meta: n/a
Epoch  28/50 | Train Loss: 0.4410 Acc: 0.7952 F1: 0.7951 | Val Loss: 0.4286 Acc: 0.7722 F1: 0.7702 | Train Meta: n/a | Val Meta: n/a
Epoch  29/50 | Train Loss: 0.4394 Acc: 0.7915 F1: 0.7914 | Val Loss: 0.4167 Acc: 0.8167 F1: 0.8165 | Train Meta: n/a | Val Meta: n/a
Validation Loss decreased (0.425742 --> 0.416733). Saving best model...
Epoch  30/50 | Train Loss: 0.4341 Acc: 0.7952 F1: 0.7950 | Val Loss: 0.4146 Acc: 0.8333 F1: 0.8327 | Train Meta: n/a | Val Meta: n/a
Validation Loss decreased (0.416733 --> 0.414605). Saving best model...
Epoch  31/50 | Train Loss: 0.4349 Acc: 0.7967 F1: 0.7966 | Val Loss: 0.4115 Acc: 0.8278 F1: 0.8273 | Train Meta: n/a | Val Meta: n/a
Validation Loss decreased (0.414605 --> 0.411546). Saving best model...
Epoch  32/50 | Train Loss: 0.4267 Acc: 0.8106 F1: 0.8104 | Val Loss: 0.4224 Acc: 0.7778 F1: 0.7750 | Train Meta: n/a | Val Meta: n/a
Epoch  33/50 | Train Loss: 0.4283 Acc: 0.8029 F1: 0.8027 | Val Loss: 0.4106 Acc: 0.8333 F1: 0.8318 | Train Meta: n/a | Val Meta: n/a
Validation Loss decreased (0.411546 --> 0.410551). Saving best model...
Epoch  34/50 | Train Loss: 0.4287 Acc: 0.8045 F1: 0.8043 | Val Loss: 0.4118 Acc: 0.8083 F1: 0.8082 | Train Meta: n/a | Val Meta: n/a
Epoch  35/50 | Train Loss: 0.4242 Acc: 0.8069 F1: 0.8068 | Val Loss: 0.4043 Acc: 0.8139 F1: 0.8139 | Train Meta: n/a | Val Meta: n/a
Validation Loss decreased (0.410551 --> 0.404286). Saving best model...
Epoch  36/50 | Train Loss: 0.4205 Acc: 0.8125 F1: 0.8123 | Val Loss: 0.4024 Acc: 0.8389 F1: 0.8376 | Train Meta: n/a | Val Meta: n/a
Validation Loss decreased (0.404286 --> 0.402381). Saving best model...
Epoch  37/50 | Train Loss: 0.4192 Acc: 0.8066 F1: 0.8064 | Val Loss: 0.4040 Acc: 0.8083 F1: 0.8080 | Train Meta: n/a | Val Meta: n/a
Epoch  38/50 | Train Loss: 0.4182 Acc: 0.8066 F1: 0.8065 | Val Loss: 0.3992 Acc: 0.8194 F1: 0.8193 | Train Meta: n/a | Val Meta: n/a
Validation Loss decreased (0.402381 --> 0.399248). Saving best model...
Epoch  39/50 | Train Loss: 0.4184 Acc: 0.8106 F1: 0.8105 | Val Loss: 0.4022 Acc: 0.8111 F1: 0.8110 | Train Meta: n/a | Val Meta: n/a
Epoch  40/50 | Train Loss: 0.4177 Acc: 0.8094 F1: 0.8092 | Val Loss: 0.3950 Acc: 0.8250 F1: 0.8248 | Train Meta: n/a | Val Meta: n/a
Validation Loss decreased (0.399248 --> 0.395025). Saving best model...
Epoch  41/50 | Train Loss: 0.4169 Acc: 0.8085 F1: 0.8083 | Val Loss: 0.3986 Acc: 0.8139 F1: 0.8133 | Train Meta: n/a | Val Meta: n/a
Epoch  42/50 | Train Loss: 0.4126 Acc: 0.8079 F1: 0.8077 | Val Loss: 0.4218 Acc: 0.7972 F1: 0.7908 | Train Meta: n/a | Val Meta: n/a
Epoch  43/50 | Train Loss: 0.4153 Acc: 0.8100 F1: 0.8099 | Val Loss: 0.3891 Acc: 0.8361 F1: 0.8361 | Train Meta: n/a | Val Meta: n/a
Validation Loss decreased (0.395025 --> 0.389074). Saving best model...
Epoch  44/50 | Train Loss: 0.4146 Acc: 0.7973 F1: 0.7972 | Val Loss: 0.3999 Acc: 0.7944 F1: 0.7937 | Train Meta: n/a | Val Meta: n/a
Epoch  45/50 | Train Loss: 0.4098 Acc: 0.8082 F1: 0.8080 | Val Loss: 0.3910 Acc: 0.8306 F1: 0.8305 | Train Meta: n/a | Val Meta: n/a
Epoch  46/50 | Train Loss: 0.4090 Acc: 0.8122 F1: 0.8120 | Val Loss: 0.4105 Acc: 0.8083 F1: 0.8038 | Train Meta: n/a | Val Meta: n/a
Epoch  47/50 | Train Loss: 0.4079 Acc: 0.8171 F1: 0.8169 | Val Loss: 0.3960 Acc: 0.8194 F1: 0.8157 | Train Meta: n/a | Val Meta: n/a
Epoch  48/50 | Train Loss: 0.4131 Acc: 0.8110 F1: 0.8108 | Val Loss: 0.3844 Acc: 0.8361 F1: 0.8360 | Train Meta: n/a | Val Meta: n/a
Validation Loss decreased (0.389074 --> 0.384443). Saving best model...
Epoch  49/50 | Train Loss: 0.4026 Acc: 0.8249 F1: 0.8247 | Val Loss: 0.3796 Acc: 0.8472 F1: 0.8468 | Train Meta: n/a | Val Meta: n/a
Validation Loss decreased (0.384443 --> 0.379567). Saving best model...
Epoch  50/50 | Train Loss: 0.4060 Acc: 0.8094 F1: 0.8093 | Val Loss: 0.3861 Acc: 0.8361 F1: 0.8345 | Train Meta: n/a | Val Meta: n/a

Classification Test Result (FordA)
Accuracy : 0.814394
F1 (macro): 0.813212
==================================================
🚀 Architecture: LAYA
📊 Target Dataset: FordB (Channels: 1)
📊 Pretrain Info: electricity
📊 Classes: 2 | Sequence Length: 500
==================================================
✅ Loaded pretrained encoder from ./checkpoints/electricity_laya_ci_none/laya_ts_electricity_s_best.pt
   - 40/40 keys matched.
✅ Encoder is FROZEN (Linear Probing mode).
📝 metadata: mode=none, fusion=none, relation=none
ℹ️  Metadata Fusion Mode: none
ℹ️  Channel Mixer Relation Mode: none
ℹ️  Encoder Variant: default
ℹ️  Channel Adapter: disabled for Laya downstream (ci)
ℹ️  Channel Relation Block: disabled
✅ ClassificationHead: [B, 256] → [B, 2]
Epoch   1/50 | Train Loss: 0.6028 Acc: 0.6900 F1: 0.6892 | Val Loss: 0.5528 Acc: 0.7658 F1: 0.7640 | Train Meta: n/a | Val Meta: n/a
Validation Loss decreased (inf --> 0.552787). Saving best model...
Epoch   2/50 | Train Loss: 0.5324 Acc: 0.7423 F1: 0.7421 | Val Loss: 0.5189 Acc: 0.7410 F1: 0.7380 | Train Meta: n/a | Val Meta: n/a
Validation Loss decreased (0.552787 --> 0.518891). Saving best model...
Epoch   3/50 | Train Loss: 0.5078 Acc: 0.7577 F1: 0.7576 | Val Loss: 0.4840 Acc: 0.7576 F1: 0.7562 | Train Meta: n/a | Val Meta: n/a
Validation Loss decreased (0.518891 --> 0.484000). Saving best model...
Epoch   4/50 | Train Loss: 0.4894 Acc: 0.7629 F1: 0.7628 | Val Loss: 0.4642 Acc: 0.7906 F1: 0.7904 | Train Meta: n/a | Val Meta: n/a
Validation Loss decreased (0.484000 --> 0.464182). Saving best model...
Epoch   5/50 | Train Loss: 0.4777 Acc: 0.7724 F1: 0.7723 | Val Loss: 0.4668 Acc: 0.7934 F1: 0.7908 | Train Meta: n/a | Val Meta: n/a
Epoch   6/50 | Train Loss: 0.4641 Acc: 0.7803 F1: 0.7803 | Val Loss: 0.4472 Acc: 0.7934 F1: 0.7933 | Train Meta: n/a | Val Meta: n/a
Validation Loss decreased (0.464182 --> 0.447176). Saving best model...
Epoch   7/50 | Train Loss: 0.4578 Acc: 0.7886 F1: 0.7886 | Val Loss: 0.4751 Acc: 0.7493 F1: 0.7402 | Train Meta: n/a | Val Meta: n/a
Epoch   8/50 | Train Loss: 0.4536 Acc: 0.7871 F1: 0.7870 | Val Loss: 0.4250 Acc: 0.8154 F1: 0.8153 | Train Meta: n/a | Val Meta: n/a
Validation Loss decreased (0.447176 --> 0.425001). Saving best model...
Epoch   9/50 | Train Loss: 0.4426 Acc: 0.7920 F1: 0.7920 | Val Loss: 0.4198 Acc: 0.8127 F1: 0.8123 | Train Meta: n/a | Val Meta: n/a
Validation Loss decreased (0.425001 --> 0.419803). Saving best model...
Epoch  10/50 | Train Loss: 0.4323 Acc: 0.8030 F1: 0.8030 | Val Loss: 0.4183 Acc: 0.7989 F1: 0.7988 | Train Meta: n/a | Val Meta: n/a
Validation Loss decreased (0.419803 --> 0.418311). Saving best model...
Epoch  11/50 | Train Loss: 0.4286 Acc: 0.8021 F1: 0.8021 | Val Loss: 0.4096 Acc: 0.8209 F1: 0.8208 | Train Meta: n/a | Val Meta: n/a
Validation Loss decreased (0.418311 --> 0.409628). Saving best model...
Epoch  12/50 | Train Loss: 0.4257 Acc: 0.8055 F1: 0.8055 | Val Loss: 0.4142 Acc: 0.8264 F1: 0.8249 | Train Meta: n/a | Val Meta: n/a
Epoch  13/50 | Train Loss: 0.4221 Acc: 0.8073 F1: 0.8073 | Val Loss: 0.3982 Acc: 0.8127 F1: 0.8124 | Train Meta: n/a | Val Meta: n/a
Validation Loss decreased (0.409628 --> 0.398235). Saving best model...
Epoch  14/50 | Train Loss: 0.4128 Acc: 0.8097 F1: 0.8097 | Val Loss: 0.3978 Acc: 0.8237 F1: 0.8230 | Train Meta: n/a | Val Meta: n/a
Validation Loss decreased (0.398235 --> 0.397760). Saving best model...
Epoch  15/50 | Train Loss: 0.4080 Acc: 0.8094 F1: 0.8094 | Val Loss: 0.3870 Acc: 0.8347 F1: 0.8347 | Train Meta: n/a | Val Meta: n/a
Validation Loss decreased (0.397760 --> 0.386971). Saving best model...
Epoch  16/50 | Train Loss: 0.4012 Acc: 0.8128 F1: 0.8128 | Val Loss: 0.3952 Acc: 0.8264 F1: 0.8256 | Train Meta: n/a | Val Meta: n/a
Epoch  17/50 | Train Loss: 0.4016 Acc: 0.8162 F1: 0.8162 | Val Loss: 0.3791 Acc: 0.8430 F1: 0.8429 | Train Meta: n/a | Val Meta: n/a
Validation Loss decreased (0.386971 --> 0.379130). Saving best model...
Epoch  18/50 | Train Loss: 0.3993 Acc: 0.8094 F1: 0.8094 | Val Loss: 0.3878 Acc: 0.8264 F1: 0.8254 | Train Meta: n/a | Val Meta: n/a
Epoch  19/50 | Train Loss: 0.3958 Acc: 0.8241 F1: 0.8241 | Val Loss: 0.3752 Acc: 0.8320 F1: 0.8317 | Train Meta: n/a | Val Meta: n/a
Validation Loss decreased (0.379130 --> 0.375206). Saving best model...
Epoch  20/50 | Train Loss: 0.3890 Acc: 0.8229 F1: 0.8229 | Val Loss: 0.3807 Acc: 0.8375 F1: 0.8366 | Train Meta: n/a | Val Meta: n/a
Epoch  21/50 | Train Loss: 0.3845 Acc: 0.8266 F1: 0.8266 | Val Loss: 0.3664 Acc: 0.8457 F1: 0.8456 | Train Meta: n/a | Val Meta: n/a
Validation Loss decreased (0.375206 --> 0.366402). Saving best model...
Epoch  22/50 | Train Loss: 0.3829 Acc: 0.8254 F1: 0.8254 | Val Loss: 0.3677 Acc: 0.8457 F1: 0.8456 | Train Meta: n/a | Val Meta: n/a
Epoch  23/50 | Train Loss: 0.3809 Acc: 0.8312 F1: 0.8312 | Val Loss: 0.3653 Acc: 0.8402 F1: 0.8398 | Train Meta: n/a | Val Meta: n/a
Validation Loss decreased (0.366402 --> 0.365338). Saving best model...
Epoch  24/50 | Train Loss: 0.3807 Acc: 0.8254 F1: 0.8254 | Val Loss: 0.3838 Acc: 0.8044 F1: 0.8020 | Train Meta: n/a | Val Meta: n/a
Epoch  25/50 | Train Loss: 0.3773 Acc: 0.8284 F1: 0.8284 | Val Loss: 0.3613 Acc: 0.8540 F1: 0.8538 | Train Meta: n/a | Val Meta: n/a
Validation Loss decreased (0.365338 --> 0.361329). Saving best model...
Epoch  26/50 | Train Loss: 0.3754 Acc: 0.8269 F1: 0.8269 | Val Loss: 0.3557 Acc: 0.8512 F1: 0.8512 | Train Meta: n/a | Val Meta: n/a
Validation Loss decreased (0.361329 --> 0.355738). Saving best model...
Epoch  27/50 | Train Loss: 0.3698 Acc: 0.8343 F1: 0.8343 | Val Loss: 0.3542 Acc: 0.8485 F1: 0.8483 | Train Meta: n/a | Val Meta: n/a
Validation Loss decreased (0.355738 --> 0.354181). Saving best model...
Epoch  28/50 | Train Loss: 0.3722 Acc: 0.8358 F1: 0.8358 | Val Loss: 0.3742 Acc: 0.8154 F1: 0.8134 | Train Meta: n/a | Val Meta: n/a
Epoch  29/50 | Train Loss: 0.3626 Acc: 0.8425 F1: 0.8425 | Val Loss: 0.3579 Acc: 0.8402 F1: 0.8402 | Train Meta: n/a | Val Meta: n/a
Epoch  30/50 | Train Loss: 0.3644 Acc: 0.8367 F1: 0.8367 | Val Loss: 0.3476 Acc: 0.8540 F1: 0.8540 | Train Meta: n/a | Val Meta: n/a
Validation Loss decreased (0.354181 --> 0.347560). Saving best model...
Epoch  31/50 | Train Loss: 0.3663 Acc: 0.8361 F1: 0.8361 | Val Loss: 0.3453 Acc: 0.8512 F1: 0.8512 | Train Meta: n/a | Val Meta: n/a
Validation Loss decreased (0.347560 --> 0.345299). Saving best model...
Epoch  32/50 | Train Loss: 0.3591 Acc: 0.8434 F1: 0.8434 | Val Loss: 0.3515 Acc: 0.8375 F1: 0.8370 | Train Meta: n/a | Val Meta: n/a
Epoch  33/50 | Train Loss: 0.3626 Acc: 0.8343 F1: 0.8342 | Val Loss: 0.3484 Acc: 0.8375 F1: 0.8371 | Train Meta: n/a | Val Meta: n/a
Epoch  34/50 | Train Loss: 0.3584 Acc: 0.8355 F1: 0.8355 | Val Loss: 0.3731 Acc: 0.8127 F1: 0.8100 | Train Meta: n/a | Val Meta: n/a
Epoch  35/50 | Train Loss: 0.3555 Acc: 0.8410 F1: 0.8410 | Val Loss: 0.3532 Acc: 0.8595 F1: 0.8589 | Train Meta: n/a | Val Meta: n/a
Epoch  36/50 | Train Loss: 0.3513 Acc: 0.8428 F1: 0.8428 | Val Loss: 0.3441 Acc: 0.8760 F1: 0.8759 | Train Meta: n/a | Val Meta: n/a
Validation Loss decreased (0.345299 --> 0.344072). Saving best model...
Epoch  37/50 | Train Loss: 0.3512 Acc: 0.8483 F1: 0.8483 | Val Loss: 0.3496 Acc: 0.8402 F1: 0.8395 | Train Meta: n/a | Val Meta: n/a
Epoch  38/50 | Train Loss: 0.3508 Acc: 0.8416 F1: 0.8416 | Val Loss: 0.3430 Acc: 0.8678 F1: 0.8675 | Train Meta: n/a | Val Meta: n/a
Validation Loss decreased (0.344072 --> 0.342972). Saving best model...
Epoch  39/50 | Train Loss: 0.3557 Acc: 0.8379 F1: 0.8379 | Val Loss: 0.3441 Acc: 0.8347 F1: 0.8342 | Train Meta: n/a | Val Meta: n/a
Epoch  40/50 | Train Loss: 0.3508 Acc: 0.8392 F1: 0.8392 | Val Loss: 0.3366 Acc: 0.8540 F1: 0.8540 | Train Meta: n/a | Val Meta: n/a
Validation Loss decreased (0.342972 --> 0.336606). Saving best model...
Epoch  41/50 | Train Loss: 0.3548 Acc: 0.8428 F1: 0.8428 | Val Loss: 0.3325 Acc: 0.8540 F1: 0.8540 | Train Meta: n/a | Val Meta: n/a
Validation Loss decreased (0.336606 --> 0.332469). Saving best model...
Epoch  42/50 | Train Loss: 0.3436 Acc: 0.8514 F1: 0.8514 | Val Loss: 0.3573 Acc: 0.8237 F1: 0.8218 | Train Meta: n/a | Val Meta: n/a
Epoch  43/50 | Train Loss: 0.3431 Acc: 0.8480 F1: 0.8480 | Val Loss: 0.3366 Acc: 0.8430 F1: 0.8427 | Train Meta: n/a | Val Meta: n/a
Epoch  44/50 | Train Loss: 0.3462 Acc: 0.8465 F1: 0.8465 | Val Loss: 0.3495 Acc: 0.8623 F1: 0.8615 | Train Meta: n/a | Val Meta: n/a
Epoch  45/50 | Train Loss: 0.3393 Acc: 0.8529 F1: 0.8529 | Val Loss: 0.3316 Acc: 0.8650 F1: 0.8650 | Train Meta: n/a | Val Meta: n/a
Validation Loss decreased (0.332469 --> 0.331634). Saving best model...
Epoch  46/50 | Train Loss: 0.3448 Acc: 0.8422 F1: 0.8422 | Val Loss: 0.3325 Acc: 0.8733 F1: 0.8732 | Train Meta: n/a | Val Meta: n/a
Epoch  47/50 | Train Loss: 0.3385 Acc: 0.8474 F1: 0.8474 | Val Loss: 0.3275 Acc: 0.8595 F1: 0.8595 | Train Meta: n/a | Val Meta: n/a
Validation Loss decreased (0.331634 --> 0.327549). Saving best model...
Epoch  48/50 | Train Loss: 0.3412 Acc: 0.8483 F1: 0.8483 | Val Loss: 0.3326 Acc: 0.8678 F1: 0.8675 | Train Meta: n/a | Val Meta: n/a
Epoch  49/50 | Train Loss: 0.3402 Acc: 0.8462 F1: 0.8462 | Val Loss: 0.3478 Acc: 0.8623 F1: 0.8614 | Train Meta: n/a | Val Meta: n/a
Epoch  50/50 | Train Loss: 0.3393 Acc: 0.8483 F1: 0.8483 | Val Loss: 0.3442 Acc: 0.8292 F1: 0.8281 | Train Meta: n/a | Val Meta: n/a

Classification Test Result (FordB)
Accuracy : 0.654321
F1 (macro): 0.643987
