nohup: ignoring input
Joint metadata preview | dataset=EthanolConcentration | domain=UEA | channels=3
   - channel_1: In the UEA domain, this channel belongs to the EthanolConcentration dataset and represents the feature channel 1. Channel statistics over the training split: mean value is 0.000, standard deviation is 1.000, minimum value is -0.938, maximum value is 5.130, median value is -0.481, and mean absolute value is 0.818.
/data/pjh_workspace/ts-env/lib/python3.8/site-packages/torch/nn/modules/transformer.py:307: UserWarning: enable_nested_tensor is True, but self.use_nested_tensor is False because encoder_layer.norm_first was True
  warnings.warn(f"enable_nested_tensor is True, but self.use_nested_tensor is False because {why_not_sparsity_fast_path}")
==================================================
🚀 Architecture: LAYA
📊 Target Dataset: EthanolConcentration (Channels: 3)
📊 Pretrain Info: electricity
📊 Classes: 4 | Sequence Length: 1751
==================================================
✅ Loaded pretrained encoder from ./checkpoints/electricity_laya_mixer_text_stats_joint/laya_ts_electricity_s_best.pt
   - 101/101 keys matched.
✅ Encoder is FROZEN (Linear Probing mode).
📝 metadata: mode=text_stats_joint, fusion=add, relation=none
ℹ️  Metadata Fusion Mode: add
ℹ️  Channel Mixer Relation Mode: none
ℹ️  Encoder Variant: default
ℹ️  Channel Adapter: disabled for Laya downstream (mixer)
ℹ️  Channel Relation Block: disabled
✅ ClassificationHead: [B, 256] → [B, 4]
Epoch   1/50 | Train Loss: 1.3569 Acc: 0.2634 F1: 0.2644 | Val Loss: 1.4536 Acc: 0.1538 F1: 0.1036 | Train Meta: n/a | Val Meta: n/a
Validation Loss decreased (inf --> 1.453622). Saving best model...
Epoch   2/50 | Train Loss: 1.3226 Acc: 0.2768 F1: 0.2319 | Val Loss: 1.3564 Acc: 0.3846 F1: 0.2977 | Train Meta: n/a | Val Meta: n/a
Validation Loss decreased (1.453622 --> 1.356410). Saving best model...
Epoch   3/50 | Train Loss: 1.3197 Acc: 0.2366 F1: 0.2339 | Val Loss: 1.4098 Acc: 0.1923 F1: 0.1751 | Train Meta: n/a | Val Meta: n/a
Epoch   4/50 | Train Loss: 1.3181 Acc: 0.2589 F1: 0.2340 | Val Loss: 1.3757 Acc: 0.3077 F1: 0.2301 | Train Meta: n/a | Val Meta: n/a
Epoch   5/50 | Train Loss: 1.3117 Acc: 0.2589 F1: 0.2083 | Val Loss: 1.4145 Acc: 0.2692 F1: 0.2126 | Train Meta: n/a | Val Meta: n/a
Epoch   6/50 | Train Loss: 1.3157 Acc: 0.2545 F1: 0.2241 | Val Loss: 1.3869 Acc: 0.3077 F1: 0.2359 | Train Meta: n/a | Val Meta: n/a
Epoch   7/50 | Train Loss: 1.3175 Acc: 0.2545 F1: 0.2028 | Val Loss: 1.4026 Acc: 0.3462 F1: 0.2793 | Train Meta: n/a | Val Meta: n/a
Epoch   8/50 | Train Loss: 1.3230 Acc: 0.2902 F1: 0.2380 | Val Loss: 1.4092 Acc: 0.2692 F1: 0.2147 | Train Meta: n/a | Val Meta: n/a
Epoch   9/50 | Train Loss: 1.3290 Acc: 0.2232 F1: 0.2021 | Val Loss: 1.3893 Acc: 0.3846 F1: 0.2976 | Train Meta: n/a | Val Meta: n/a
Epoch  10/50 | Train Loss: 1.3148 Acc: 0.3214 F1: 0.2955 | Val Loss: 1.4360 Acc: 0.2692 F1: 0.2088 | Train Meta: n/a | Val Meta: n/a
Epoch  11/50 | Train Loss: 1.3038 Acc: 0.2991 F1: 0.2499 | Val Loss: 1.3578 Acc: 0.3846 F1: 0.2962 | Train Meta: n/a | Val Meta: n/a
Epoch  12/50 | Train Loss: 1.2936 Acc: 0.2946 F1: 0.2509 | Val Loss: 1.4144 Acc: 0.3462 F1: 0.3190 | Train Meta: n/a | Val Meta: n/a
Epoch  13/50 | Train Loss: 1.3026 Acc: 0.3304 F1: 0.2912 | Val Loss: 1.3647 Acc: 0.3077 F1: 0.2301 | Train Meta: n/a | Val Meta: n/a
Epoch  14/50 | Train Loss: 1.3070 Acc: 0.2857 F1: 0.2615 | Val Loss: 1.4142 Acc: 0.2308 F1: 0.1960 | Train Meta: n/a | Val Meta: n/a
Epoch  15/50 | Train Loss: 1.3015 Acc: 0.2857 F1: 0.2549 | Val Loss: 1.3678 Acc: 0.3462 F1: 0.2636 | Train Meta: n/a | Val Meta: n/a
Epoch  16/50 | Train Loss: 1.3130 Acc: 0.2143 F1: 0.2167 | Val Loss: 1.4466 Acc: 0.2308 F1: 0.1889 | Train Meta: n/a | Val Meta: n/a
Epoch  17/50 | Train Loss: 1.3119 Acc: 0.2768 F1: 0.2165 | Val Loss: 1.3758 Acc: 0.3462 F1: 0.2636 | Train Meta: n/a | Val Meta: n/a
Epoch  18/50 | Train Loss: 1.2988 Acc: 0.2812 F1: 0.2532 | Val Loss: 1.3931 Acc: 0.3077 F1: 0.2436 | Train Meta: n/a | Val Meta: n/a
Epoch  19/50 | Train Loss: 1.3080 Acc: 0.2500 F1: 0.2224 | Val Loss: 1.3698 Acc: 0.3462 F1: 0.2636 | Train Meta: n/a | Val Meta: n/a
Epoch  20/50 | Train Loss: 1.3213 Acc: 0.2946 F1: 0.2495 | Val Loss: 1.4233 Acc: 0.2308 F1: 0.1671 | Train Meta: n/a | Val Meta: n/a
Epoch  21/50 | Train Loss: 1.3018 Acc: 0.2500 F1: 0.2342 | Val Loss: 1.3815 Acc: 0.3077 F1: 0.2301 | Train Meta: n/a | Val Meta: n/a
Epoch  22/50 | Train Loss: 1.2909 Acc: 0.3125 F1: 0.2775 | Val Loss: 1.3674 Acc: 0.3462 F1: 0.2636 | Train Meta: n/a | Val Meta: n/a
Epoch  23/50 | Train Loss: 1.3056 Acc: 0.2946 F1: 0.2275 | Val Loss: 1.4289 Acc: 0.2308 F1: 0.2126 | Train Meta: n/a | Val Meta: n/a
Epoch  24/50 | Train Loss: 1.3058 Acc: 0.2277 F1: 0.2082 | Val Loss: 1.4120 Acc: 0.1923 F1: 0.1559 | Train Meta: n/a | Val Meta: n/a
Epoch  25/50 | Train Loss: 1.2909 Acc: 0.2723 F1: 0.2515 | Val Loss: 1.3822 Acc: 0.3077 F1: 0.2311 | Train Meta: n/a | Val Meta: n/a
Epoch  26/50 | Train Loss: 1.2888 Acc: 0.3036 F1: 0.2840 | Val Loss: 1.3971 Acc: 0.3077 F1: 0.2322 | Train Meta: n/a | Val Meta: n/a
Epoch  27/50 | Train Loss: 1.2958 Acc: 0.2634 F1: 0.2262 | Val Loss: 1.3997 Acc: 0.3077 F1: 0.2322 | Train Meta: n/a | Val Meta: n/a
Epoch  28/50 | Train Loss: 1.2924 Acc: 0.2946 F1: 0.2945 | Val Loss: 1.3805 Acc: 0.3077 F1: 0.2311 | Train Meta: n/a | Val Meta: n/a
Epoch  29/50 | Train Loss: 1.2939 Acc: 0.3348 F1: 0.2856 | Val Loss: 1.3952 Acc: 0.2692 F1: 0.1960 | Train Meta: n/a | Val Meta: n/a
Epoch  30/50 | Train Loss: 1.2992 Acc: 0.2679 F1: 0.2602 | Val Loss: 1.3560 Acc: 0.3846 F1: 0.2942 | Train Meta: n/a | Val Meta: n/a
Validation Loss decreased (1.356410 --> 1.356035). Saving best model...
Epoch  31/50 | Train Loss: 1.2862 Acc: 0.3036 F1: 0.2512 | Val Loss: 1.3939 Acc: 0.2692 F1: 0.1920 | Train Meta: n/a | Val Meta: n/a
Epoch  32/50 | Train Loss: 1.2970 Acc: 0.2768 F1: 0.2555 | Val Loss: 1.3959 Acc: 0.3077 F1: 0.2519 | Train Meta: n/a | Val Meta: n/a
Epoch  33/50 | Train Loss: 1.2947 Acc: 0.2946 F1: 0.2427 | Val Loss: 1.3713 Acc: 0.3077 F1: 0.2136 | Train Meta: n/a | Val Meta: n/a
Epoch  34/50 | Train Loss: 1.2849 Acc: 0.3080 F1: 0.2708 | Val Loss: 1.4167 Acc: 0.3462 F1: 0.2519 | Train Meta: n/a | Val Meta: n/a
Epoch  35/50 | Train Loss: 1.2983 Acc: 0.2902 F1: 0.2675 | Val Loss: 1.3986 Acc: 0.3077 F1: 0.2305 | Train Meta: n/a | Val Meta: n/a
Epoch  36/50 | Train Loss: 1.2926 Acc: 0.3036 F1: 0.2885 | Val Loss: 1.3843 Acc: 0.3077 F1: 0.2190 | Train Meta: n/a | Val Meta: n/a
Epoch  37/50 | Train Loss: 1.2896 Acc: 0.2679 F1: 0.2477 | Val Loss: 1.3965 Acc: 0.3462 F1: 0.2662 | Train Meta: n/a | Val Meta: n/a
Epoch  38/50 | Train Loss: 1.3080 Acc: 0.3170 F1: 0.2583 | Val Loss: 1.3996 Acc: 0.2692 F1: 0.2182 | Train Meta: n/a | Val Meta: n/a
Epoch  39/50 | Train Loss: 1.2978 Acc: 0.2768 F1: 0.2143 | Val Loss: 1.3957 Acc: 0.3077 F1: 0.2441 | Train Meta: n/a | Val Meta: n/a
Epoch  40/50 | Train Loss: 1.2889 Acc: 0.2634 F1: 0.2297 | Val Loss: 1.3635 Acc: 0.2692 F1: 0.1801 | Train Meta: n/a | Val Meta: n/a
Epoch  41/50 | Train Loss: 1.2771 Acc: 0.3259 F1: 0.3207 | Val Loss: 1.4105 Acc: 0.3077 F1: 0.2488 | Train Meta: n/a | Val Meta: n/a
Epoch  42/50 | Train Loss: 1.2948 Acc: 0.2902 F1: 0.2598 | Val Loss: 1.3894 Acc: 0.3462 F1: 0.2674 | Train Meta: n/a | Val Meta: n/a
Epoch  43/50 | Train Loss: 1.2882 Acc: 0.2991 F1: 0.2787 | Val Loss: 1.4137 Acc: 0.3077 F1: 0.2311 | Train Meta: n/a | Val Meta: n/a
Epoch  44/50 | Train Loss: 1.3094 Acc: 0.2946 F1: 0.2627 | Val Loss: 1.3750 Acc: 0.3077 F1: 0.2301 | Train Meta: n/a | Val Meta: n/a
Epoch  45/50 | Train Loss: 1.2871 Acc: 0.3170 F1: 0.2679 | Val Loss: 1.3880 Acc: 0.2692 F1: 0.1920 | Train Meta: n/a | Val Meta: n/a
Epoch  46/50 | Train Loss: 1.2814 Acc: 0.3259 F1: 0.3049 | Val Loss: 1.3707 Acc: 0.3462 F1: 0.2769 | Train Meta: n/a | Val Meta: n/a
Epoch  47/50 | Train Loss: 1.2967 Acc: 0.2500 F1: 0.2272 | Val Loss: 1.3797 Acc: 0.2692 F1: 0.1920 | Train Meta: n/a | Val Meta: n/a
Epoch  48/50 | Train Loss: 1.2863 Acc: 0.3214 F1: 0.2924 | Val Loss: 1.4075 Acc: 0.3077 F1: 0.2311 | Train Meta: n/a | Val Meta: n/a
Epoch  49/50 | Train Loss: 1.2880 Acc: 0.3125 F1: 0.2698 | Val Loss: 1.4272 Acc: 0.2692 F1: 0.2074 | Train Meta: n/a | Val Meta: n/a
Epoch  50/50 | Train Loss: 1.3072 Acc: 0.2634 F1: 0.2507 | Val Loss: 1.3744 Acc: 0.3846 F1: 0.3010 | Train Meta: n/a | Val Meta: n/a

Classification Test Result (EthanolConcentration)
Accuracy : 0.285171
F1 (macro): 0.233330
Saved attention maps for 3 sample(s) under ./runs/classification_electricity_to_EthanolConcentration_laya_mixer_text_stats_joint/attention_maps
Joint metadata preview | dataset=FaceDetection | domain=UEA | channels=144
   - channel_1: In the UEA domain, this channel belongs to the FaceDetection dataset and represents the feature channel 1. Channel statistics over the training split: mean value is -0.000, standard deviation is 1.000, minimum value is -12.951, maximum value is 17.778, median value is -0.001, and mean absolute value is 0.760.
/data/pjh_workspace/ts-env/lib/python3.8/site-packages/torch/nn/modules/transformer.py:307: UserWarning: enable_nested_tensor is True, but self.use_nested_tensor is False because encoder_layer.norm_first was True
  warnings.warn(f"enable_nested_tensor is True, but self.use_nested_tensor is False because {why_not_sparsity_fast_path}")
==================================================
🚀 Architecture: LAYA
📊 Target Dataset: FaceDetection (Channels: 144)
📊 Pretrain Info: electricity
📊 Classes: 2 | Sequence Length: 62
==================================================
✅ Loaded pretrained encoder from ./checkpoints/electricity_laya_mixer_text_stats_joint/laya_ts_electricity_s_best.pt
   - 101/101 keys matched.
✅ Encoder is FROZEN (Linear Probing mode).
📝 metadata: mode=text_stats_joint, fusion=add, relation=none
ℹ️  Metadata Fusion Mode: add
ℹ️  Channel Mixer Relation Mode: none
ℹ️  Encoder Variant: default
ℹ️  Channel Adapter: disabled for Laya downstream (mixer)
ℹ️  Channel Relation Block: disabled
✅ ClassificationHead: [B, 256] → [B, 2]
Epoch   1/50 | Train Loss: 0.7040 Acc: 0.5017 F1: 0.5013 | Val Loss: 0.7011 Acc: 0.5195 F1: 0.3512 | Train Meta: n/a | Val Meta: n/a
Validation Loss decreased (inf --> 0.701113). Saving best model...
Epoch   2/50 | Train Loss: 0.6990 Acc: 0.5015 F1: 0.5010 | Val Loss: 0.6989 Acc: 0.5178 F1: 0.3534 | Train Meta: n/a | Val Meta: n/a
Validation Loss decreased (0.701113 --> 0.698864). Saving best model...
Epoch   3/50 | Train Loss: 0.7009 Acc: 0.5093 F1: 0.5091 | Val Loss: 0.7179 Acc: 0.4788 F1: 0.3238 | Train Meta: n/a | Val Meta: n/a
Epoch   4/50 | Train Loss: 0.7003 Acc: 0.5123 F1: 0.5119 | Val Loss: 0.6951 Acc: 0.4958 F1: 0.4901 | Train Meta: n/a | Val Meta: n/a
Validation Loss decreased (0.698864 --> 0.695060). Saving best model...
Epoch   5/50 | Train Loss: 0.6972 Acc: 0.5128 F1: 0.5128 | Val Loss: 0.7010 Acc: 0.5144 F1: 0.3459 | Train Meta: n/a | Val Meta: n/a
Epoch   6/50 | Train Loss: 0.6966 Acc: 0.5153 F1: 0.5151 | Val Loss: 0.6984 Acc: 0.5025 F1: 0.4795 | Train Meta: n/a | Val Meta: n/a
Epoch   7/50 | Train Loss: 0.6983 Acc: 0.5159 F1: 0.5156 | Val Loss: 0.6969 Acc: 0.4890 F1: 0.3767 | Train Meta: n/a | Val Meta: n/a
Epoch   8/50 | Train Loss: 0.6962 Acc: 0.5206 F1: 0.5206 | Val Loss: 0.6989 Acc: 0.5059 F1: 0.3695 | Train Meta: n/a | Val Meta: n/a
Epoch   9/50 | Train Loss: 0.6950 Acc: 0.5181 F1: 0.5178 | Val Loss: 0.6980 Acc: 0.5093 F1: 0.4935 | Train Meta: n/a | Val Meta: n/a
Epoch  10/50 | Train Loss: 0.6933 Acc: 0.5221 F1: 0.5220 | Val Loss: 0.6964 Acc: 0.4958 F1: 0.4438 | Train Meta: n/a | Val Meta: n/a
Epoch  11/50 | Train Loss: 0.6973 Acc: 0.5215 F1: 0.5215 | Val Loss: 0.6959 Acc: 0.4958 F1: 0.4929 | Train Meta: n/a | Val Meta: n/a
Epoch  12/50 | Train Loss: 0.6936 Acc: 0.5208 F1: 0.5207 | Val Loss: 0.7231 Acc: 0.4788 F1: 0.3348 | Train Meta: n/a | Val Meta: n/a
Epoch  13/50 | Train Loss: 0.6966 Acc: 0.5193 F1: 0.5193 | Val Loss: 0.6966 Acc: 0.5178 F1: 0.5178 | Train Meta: n/a | Val Meta: n/a
Epoch  14/50 | Train Loss: 0.6955 Acc: 0.5194 F1: 0.5194 | Val Loss: 0.6990 Acc: 0.5042 F1: 0.4999 | Train Meta: n/a | Val Meta: n/a
Epoch  15/50 | Train Loss: 0.6920 Acc: 0.5278 F1: 0.5278 | Val Loss: 0.7056 Acc: 0.5161 F1: 0.3556 | Train Meta: n/a | Val Meta: n/a
Epoch  16/50 | Train Loss: 0.6925 Acc: 0.5276 F1: 0.5273 | Val Loss: 0.7270 Acc: 0.4754 F1: 0.3222 | Train Meta: n/a | Val Meta: n/a
Epoch  17/50 | Train Loss: 0.6912 Acc: 0.5361 F1: 0.5360 | Val Loss: 0.6952 Acc: 0.4992 F1: 0.4735 | Train Meta: n/a | Val Meta: n/a
Epoch  18/50 | Train Loss: 0.6914 Acc: 0.5340 F1: 0.5340 | Val Loss: 0.6972 Acc: 0.5025 F1: 0.5025 | Train Meta: n/a | Val Meta: n/a
Epoch  19/50 | Train Loss: 0.6917 Acc: 0.5342 F1: 0.5338 | Val Loss: 0.7122 Acc: 0.4907 F1: 0.3686 | Train Meta: n/a | Val Meta: n/a
Epoch  20/50 | Train Loss: 0.6906 Acc: 0.5323 F1: 0.5323 | Val Loss: 0.6966 Acc: 0.4890 F1: 0.4619 | Train Meta: n/a | Val Meta: n/a
Epoch  21/50 | Train Loss: 0.6913 Acc: 0.5253 F1: 0.5251 | Val Loss: 0.7003 Acc: 0.4941 F1: 0.3903 | Train Meta: n/a | Val Meta: n/a
Epoch  22/50 | Train Loss: 0.6914 Acc: 0.5381 F1: 0.5381 | Val Loss: 0.6983 Acc: 0.4924 F1: 0.4847 | Train Meta: n/a | Val Meta: n/a
Epoch  23/50 | Train Loss: 0.6920 Acc: 0.5264 F1: 0.5259 | Val Loss: 0.6976 Acc: 0.4992 F1: 0.4893 | Train Meta: n/a | Val Meta: n/a
Epoch  24/50 | Train Loss: 0.6910 Acc: 0.5412 F1: 0.5409 | Val Loss: 0.7197 Acc: 0.5195 F1: 0.3482 | Train Meta: n/a | Val Meta: n/a
Epoch  25/50 | Train Loss: 0.6908 Acc: 0.5361 F1: 0.5361 | Val Loss: 0.7087 Acc: 0.4941 F1: 0.3840 | Train Meta: n/a | Val Meta: n/a
Epoch  26/50 | Train Loss: 0.6910 Acc: 0.5295 F1: 0.5294 | Val Loss: 0.6956 Acc: 0.5093 F1: 0.4842 | Train Meta: n/a | Val Meta: n/a
Epoch  27/50 | Train Loss: 0.6895 Acc: 0.5400 F1: 0.5399 | Val Loss: 0.7234 Acc: 0.4873 F1: 0.3470 | Train Meta: n/a | Val Meta: n/a
Epoch  28/50 | Train Loss: 0.6889 Acc: 0.5321 F1: 0.5318 | Val Loss: 0.6995 Acc: 0.5042 F1: 0.4104 | Train Meta: n/a | Val Meta: n/a
Epoch  29/50 | Train Loss: 0.6878 Acc: 0.5336 F1: 0.5336 | Val Loss: 0.7173 Acc: 0.4907 F1: 0.3638 | Train Meta: n/a | Val Meta: n/a
Epoch  30/50 | Train Loss: 0.6895 Acc: 0.5240 F1: 0.5239 | Val Loss: 0.7035 Acc: 0.4975 F1: 0.4590 | Train Meta: n/a | Val Meta: n/a
Epoch  31/50 | Train Loss: 0.6886 Acc: 0.5383 F1: 0.5383 | Val Loss: 0.7003 Acc: 0.4992 F1: 0.4437 | Train Meta: n/a | Val Meta: n/a
Epoch  32/50 | Train Loss: 0.6904 Acc: 0.5327 F1: 0.5325 | Val Loss: 0.6975 Acc: 0.4856 F1: 0.4852 | Train Meta: n/a | Val Meta: n/a
Epoch  33/50 | Train Loss: 0.6875 Acc: 0.5415 F1: 0.5412 | Val Loss: 0.7019 Acc: 0.5059 F1: 0.4781 | Train Meta: n/a | Val Meta: n/a
Epoch  34/50 | Train Loss: 0.6870 Acc: 0.5342 F1: 0.5337 | Val Loss: 0.7020 Acc: 0.5042 F1: 0.4642 | Train Meta: n/a | Val Meta: n/a
Epoch  35/50 | Train Loss: 0.6866 Acc: 0.5425 F1: 0.5421 | Val Loss: 0.6974 Acc: 0.5059 F1: 0.4997 | Train Meta: n/a | Val Meta: n/a
Epoch  36/50 | Train Loss: 0.6873 Acc: 0.5408 F1: 0.5406 | Val Loss: 0.6977 Acc: 0.4839 F1: 0.4828 | Train Meta: n/a | Val Meta: n/a
Epoch  37/50 | Train Loss: 0.6873 Acc: 0.5540 F1: 0.5540 | Val Loss: 0.7022 Acc: 0.5093 F1: 0.3994 | Train Meta: n/a | Val Meta: n/a
Epoch  38/50 | Train Loss: 0.6864 Acc: 0.5389 F1: 0.5387 | Val Loss: 0.6978 Acc: 0.5127 F1: 0.5127 | Train Meta: n/a | Val Meta: n/a
Epoch  39/50 | Train Loss: 0.6866 Acc: 0.5463 F1: 0.5459 | Val Loss: 0.6985 Acc: 0.4941 F1: 0.4585 | Train Meta: n/a | Val Meta: n/a
Epoch  40/50 | Train Loss: 0.6873 Acc: 0.5427 F1: 0.5426 | Val Loss: 0.6986 Acc: 0.5008 F1: 0.4951 | Train Meta: n/a | Val Meta: n/a
Epoch  41/50 | Train Loss: 0.6868 Acc: 0.5438 F1: 0.5437 | Val Loss: 0.6968 Acc: 0.5076 F1: 0.4874 | Train Meta: n/a | Val Meta: n/a
Epoch  42/50 | Train Loss: 0.6860 Acc: 0.5514 F1: 0.5513 | Val Loss: 0.6971 Acc: 0.5059 F1: 0.4881 | Train Meta: n/a | Val Meta: n/a
Epoch  43/50 | Train Loss: 0.6844 Acc: 0.5565 F1: 0.5561 | Val Loss: 0.6973 Acc: 0.5144 F1: 0.5036 | Train Meta: n/a | Val Meta: n/a
Epoch  44/50 | Train Loss: 0.6854 Acc: 0.5419 F1: 0.5417 | Val Loss: 0.6983 Acc: 0.4958 F1: 0.4499 | Train Meta: n/a | Val Meta: n/a
Epoch  45/50 | Train Loss: 0.6848 Acc: 0.5468 F1: 0.5467 | Val Loss: 0.6986 Acc: 0.4992 F1: 0.4410 | Train Meta: n/a | Val Meta: n/a
Epoch  46/50 | Train Loss: 0.6848 Acc: 0.5489 F1: 0.5489 | Val Loss: 0.6973 Acc: 0.4975 F1: 0.4974 | Train Meta: n/a | Val Meta: n/a
Epoch  47/50 | Train Loss: 0.6863 Acc: 0.5438 F1: 0.5435 | Val Loss: 0.7094 Acc: 0.5059 F1: 0.4458 | Train Meta: n/a | Val Meta: n/a
Epoch  48/50 | Train Loss: 0.6855 Acc: 0.5414 F1: 0.5413 | Val Loss: 0.7050 Acc: 0.5025 F1: 0.4607 | Train Meta: n/a | Val Meta: n/a
Epoch  49/50 | Train Loss: 0.6872 Acc: 0.5431 F1: 0.5427 | Val Loss: 0.6980 Acc: 0.4992 F1: 0.4991 | Train Meta: n/a | Val Meta: n/a
Epoch  50/50 | Train Loss: 0.6851 Acc: 0.5468 F1: 0.5466 | Val Loss: 0.6997 Acc: 0.5059 F1: 0.4430 | Train Meta: n/a | Val Meta: n/a

Classification Test Result (FaceDetection)
Accuracy : 0.524688
F1 (macro): 0.521101
Saved attention maps for 3 sample(s) under ./runs/classification_electricity_to_FaceDetection_laya_mixer_text_stats_joint/attention_maps
Joint metadata preview | dataset=Handwriting | domain=UEA | channels=3
   - channel_1: In the UEA domain, this channel belongs to the Handwriting dataset and represents the feature channel 1. Channel statistics over the training split: mean value is 0.000, standard deviation is 1.000, minimum value is -5.822, maximum value is 9.137, median value is 0.004, and mean absolute value is 0.540.
/data/pjh_workspace/ts-env/lib/python3.8/site-packages/torch/nn/modules/transformer.py:307: UserWarning: enable_nested_tensor is True, but self.use_nested_tensor is False because encoder_layer.norm_first was True
  warnings.warn(f"enable_nested_tensor is True, but self.use_nested_tensor is False because {why_not_sparsity_fast_path}")
==================================================
🚀 Architecture: LAYA
📊 Target Dataset: Handwriting (Channels: 3)
📊 Pretrain Info: electricity
📊 Classes: 26 | Sequence Length: 152
==================================================
✅ Loaded pretrained encoder from ./checkpoints/electricity_laya_mixer_text_stats_joint/laya_ts_electricity_s_best.pt
   - 101/101 keys matched.
✅ Encoder is FROZEN (Linear Probing mode).
📝 metadata: mode=text_stats_joint, fusion=add, relation=none
ℹ️  Metadata Fusion Mode: add
ℹ️  Channel Mixer Relation Mode: none
ℹ️  Encoder Variant: default
ℹ️  Channel Adapter: disabled for Laya downstream (mixer)
ℹ️  Channel Relation Block: disabled
✅ ClassificationHead: [B, 256] → [B, 26]
Epoch   1/50 | Train Loss: 3.3272 Acc: 0.0703 F1: 0.0052 | Val Loss: 3.4803 Acc: 0.0000 F1: 0.0000 | Train Meta: n/a | Val Meta: n/a
Validation Loss decreased (inf --> 3.480253). Saving best model...
Epoch   2/50 | Train Loss: 3.0621 Acc: 0.0391 F1: 0.0060 | Val Loss: 3.3130 Acc: 0.0667 F1: 0.0104 | Train Meta: n/a | Val Meta: n/a
Validation Loss decreased (3.480253 --> 3.313043). Saving best model...
Epoch   3/50 | Train Loss: 3.0395 Acc: 0.0547 F1: 0.0099 | Val Loss: 3.3551 Acc: 0.0667 F1: 0.0110 | Train Meta: n/a | Val Meta: n/a
Epoch   4/50 | Train Loss: 3.0302 Acc: 0.0938 F1: 0.0166 | Val Loss: 3.3240 Acc: 0.0667 F1: 0.0103 | Train Meta: n/a | Val Meta: n/a
Epoch   5/50 | Train Loss: 3.0221 Acc: 0.0781 F1: 0.0117 | Val Loss: 3.3415 Acc: 0.0667 F1: 0.0143 | Train Meta: n/a | Val Meta: n/a
Epoch   6/50 | Train Loss: 2.9890 Acc: 0.0938 F1: 0.0230 | Val Loss: 3.3664 Acc: 0.0667 F1: 0.0104 | Train Meta: n/a | Val Meta: n/a
Epoch   7/50 | Train Loss: 2.9740 Acc: 0.0703 F1: 0.0055 | Val Loss: 3.3754 Acc: 0.0667 F1: 0.0104 | Train Meta: n/a | Val Meta: n/a
Epoch   8/50 | Train Loss: 2.9845 Acc: 0.0938 F1: 0.0282 | Val Loss: 3.3360 Acc: 0.0667 F1: 0.0171 | Train Meta: n/a | Val Meta: n/a
Epoch   9/50 | Train Loss: 2.9298 Acc: 0.1562 F1: 0.0405 | Val Loss: 3.3734 Acc: 0.0000 F1: 0.0000 | Train Meta: n/a | Val Meta: n/a
Epoch  10/50 | Train Loss: 2.9494 Acc: 0.1172 F1: 0.0221 | Val Loss: 3.4221 Acc: 0.0667 F1: 0.0110 | Train Meta: n/a | Val Meta: n/a
Epoch  11/50 | Train Loss: 2.9373 Acc: 0.0938 F1: 0.0125 | Val Loss: 3.4099 Acc: 0.0667 F1: 0.0102 | Train Meta: n/a | Val Meta: n/a
Epoch  12/50 | Train Loss: 2.9134 Acc: 0.0859 F1: 0.0187 | Val Loss: 3.3238 Acc: 0.0667 F1: 0.0103 | Train Meta: n/a | Val Meta: n/a
Epoch  13/50 | Train Loss: 2.9303 Acc: 0.0938 F1: 0.0217 | Val Loss: 3.3382 Acc: 0.0667 F1: 0.0139 | Train Meta: n/a | Val Meta: n/a
Epoch  14/50 | Train Loss: 2.9107 Acc: 0.1328 F1: 0.0360 | Val Loss: 3.3245 Acc: 0.0667 F1: 0.0179 | Train Meta: n/a | Val Meta: n/a
Epoch  15/50 | Train Loss: 2.8769 Acc: 0.1250 F1: 0.0357 | Val Loss: 3.3183 Acc: 0.1333 F1: 0.0385 | Train Meta: n/a | Val Meta: n/a
Epoch  16/50 | Train Loss: 2.8975 Acc: 0.1250 F1: 0.0490 | Val Loss: 3.3390 Acc: 0.0667 F1: 0.0154 | Train Meta: n/a | Val Meta: n/a
Epoch  17/50 | Train Loss: 2.8873 Acc: 0.1641 F1: 0.0502 | Val Loss: 3.3567 Acc: 0.0667 F1: 0.0171 | Train Meta: n/a | Val Meta: n/a
Epoch  18/50 | Train Loss: 2.8697 Acc: 0.1641 F1: 0.0518 | Val Loss: 3.3342 Acc: 0.1333 F1: 0.0391 | Train Meta: n/a | Val Meta: n/a
Epoch  19/50 | Train Loss: 2.8798 Acc: 0.1250 F1: 0.0375 | Val Loss: 3.2719 Acc: 0.1333 F1: 0.0500 | Train Meta: n/a | Val Meta: n/a
Validation Loss decreased (3.313043 --> 3.271854). Saving best model...
Epoch  20/50 | Train Loss: 2.8689 Acc: 0.1562 F1: 0.0623 | Val Loss: 3.3129 Acc: 0.1333 F1: 0.0490 | Train Meta: n/a | Val Meta: n/a
Epoch  21/50 | Train Loss: 2.8439 Acc: 0.1797 F1: 0.0600 | Val Loss: 3.3121 Acc: 0.1333 F1: 0.0655 | Train Meta: n/a | Val Meta: n/a
Epoch  22/50 | Train Loss: 2.8419 Acc: 0.1875 F1: 0.0692 | Val Loss: 3.3093 Acc: 0.0667 F1: 0.0333 | Train Meta: n/a | Val Meta: n/a
Epoch  23/50 | Train Loss: 2.8405 Acc: 0.1328 F1: 0.0377 | Val Loss: 3.3331 Acc: 0.0667 F1: 0.0190 | Train Meta: n/a | Val Meta: n/a
Epoch  24/50 | Train Loss: 2.8306 Acc: 0.1719 F1: 0.0818 | Val Loss: 3.3056 Acc: 0.0667 F1: 0.0133 | Train Meta: n/a | Val Meta: n/a
Epoch  25/50 | Train Loss: 2.8204 Acc: 0.1328 F1: 0.0476 | Val Loss: 3.2839 Acc: 0.0667 F1: 0.0267 | Train Meta: n/a | Val Meta: n/a
Epoch  26/50 | Train Loss: 2.8117 Acc: 0.1562 F1: 0.0790 | Val Loss: 3.3425 Acc: 0.1333 F1: 0.0457 | Train Meta: n/a | Val Meta: n/a
Epoch  27/50 | Train Loss: 2.8282 Acc: 0.1250 F1: 0.0542 | Val Loss: 3.3416 Acc: 0.1333 F1: 0.1000 | Train Meta: n/a | Val Meta: n/a
Epoch  28/50 | Train Loss: 2.8053 Acc: 0.1641 F1: 0.0691 | Val Loss: 3.3370 Acc: 0.0667 F1: 0.0625 | Train Meta: n/a | Val Meta: n/a
Epoch  29/50 | Train Loss: 2.7815 Acc: 0.1875 F1: 0.0900 | Val Loss: 3.3263 Acc: 0.0667 F1: 0.0190 | Train Meta: n/a | Val Meta: n/a
Epoch  30/50 | Train Loss: 2.7750 Acc: 0.1562 F1: 0.0599 | Val Loss: 3.3540 Acc: 0.0667 F1: 0.0130 | Train Meta: n/a | Val Meta: n/a
Epoch  31/50 | Train Loss: 2.7728 Acc: 0.1875 F1: 0.0689 | Val Loss: 3.3144 Acc: 0.2000 F1: 0.1000 | Train Meta: n/a | Val Meta: n/a
Epoch  32/50 | Train Loss: 2.7596 Acc: 0.1797 F1: 0.0642 | Val Loss: 3.3162 Acc: 0.1333 F1: 0.1111 | Train Meta: n/a | Val Meta: n/a
Epoch  33/50 | Train Loss: 2.7626 Acc: 0.1484 F1: 0.0703 | Val Loss: 3.2976 Acc: 0.0667 F1: 0.0667 | Train Meta: n/a | Val Meta: n/a
Epoch  34/50 | Train Loss: 2.7466 Acc: 0.1719 F1: 0.0798 | Val Loss: 3.3044 Acc: 0.1333 F1: 0.0821 | Train Meta: n/a | Val Meta: n/a
Epoch  35/50 | Train Loss: 2.7434 Acc: 0.1719 F1: 0.0689 | Val Loss: 3.3349 Acc: 0.1333 F1: 0.0615 | Train Meta: n/a | Val Meta: n/a
Epoch  36/50 | Train Loss: 2.7574 Acc: 0.1484 F1: 0.0459 | Val Loss: 3.3715 Acc: 0.0667 F1: 0.0143 | Train Meta: n/a | Val Meta: n/a
Epoch  37/50 | Train Loss: 2.7246 Acc: 0.1719 F1: 0.0691 | Val Loss: 3.3410 Acc: 0.1333 F1: 0.0429 | Train Meta: n/a | Val Meta: n/a
Epoch  38/50 | Train Loss: 2.7217 Acc: 0.2109 F1: 0.0939 | Val Loss: 3.3085 Acc: 0.1333 F1: 0.0781 | Train Meta: n/a | Val Meta: n/a
Epoch  39/50 | Train Loss: 2.7177 Acc: 0.1797 F1: 0.0860 | Val Loss: 3.2845 Acc: 0.0667 F1: 0.0417 | Train Meta: n/a | Val Meta: n/a
Epoch  40/50 | Train Loss: 2.7040 Acc: 0.2266 F1: 0.1216 | Val Loss: 3.3827 Acc: 0.0667 F1: 0.0312 | Train Meta: n/a | Val Meta: n/a
Epoch  41/50 | Train Loss: 2.7232 Acc: 0.1797 F1: 0.0816 | Val Loss: 3.3266 Acc: 0.0667 F1: 0.0417 | Train Meta: n/a | Val Meta: n/a
Epoch  42/50 | Train Loss: 2.6755 Acc: 0.2266 F1: 0.1036 | Val Loss: 3.2914 Acc: 0.2000 F1: 0.1111 | Train Meta: n/a | Val Meta: n/a
Epoch  43/50 | Train Loss: 2.6939 Acc: 0.2266 F1: 0.1197 | Val Loss: 3.2803 Acc: 0.2000 F1: 0.1200 | Train Meta: n/a | Val Meta: n/a
Epoch  44/50 | Train Loss: 2.6824 Acc: 0.1797 F1: 0.0789 | Val Loss: 3.3143 Acc: 0.0667 F1: 0.0190 | Train Meta: n/a | Val Meta: n/a
Epoch  45/50 | Train Loss: 2.6635 Acc: 0.2188 F1: 0.1003 | Val Loss: 3.2966 Acc: 0.0667 F1: 0.0222 | Train Meta: n/a | Val Meta: n/a
Epoch  46/50 | Train Loss: 2.6566 Acc: 0.2266 F1: 0.1149 | Val Loss: 3.2987 Acc: 0.0667 F1: 0.0294 | Train Meta: n/a | Val Meta: n/a
Epoch  47/50 | Train Loss: 2.6530 Acc: 0.1875 F1: 0.0847 | Val Loss: 3.3209 Acc: 0.1333 F1: 0.0533 | Train Meta: n/a | Val Meta: n/a
Epoch  48/50 | Train Loss: 2.6439 Acc: 0.2031 F1: 0.0865 | Val Loss: 3.3058 Acc: 0.1333 F1: 0.0457 | Train Meta: n/a | Val Meta: n/a
Epoch  49/50 | Train Loss: 2.6364 Acc: 0.2422 F1: 0.1012 | Val Loss: 3.2757 Acc: 0.2000 F1: 0.1119 | Train Meta: n/a | Val Meta: n/a
Epoch  50/50 | Train Loss: 2.6475 Acc: 0.1953 F1: 0.1171 | Val Loss: 3.2663 Acc: 0.1333 F1: 0.0762 | Train Meta: n/a | Val Meta: n/a
Validation Loss decreased (3.271854 --> 3.266297). Saving best model...

Classification Test Result (Handwriting)
Accuracy : 0.065882
F1 (macro): 0.031438
Saved attention maps for 3 sample(s) under ./runs/classification_electricity_to_Handwriting_laya_mixer_text_stats_joint/attention_maps
Joint metadata preview | dataset=Heartbeat | domain=UEA | channels=61
   - channel_1: In the UEA domain, this channel belongs to the Heartbeat dataset and represents the feature channel 1. Channel statistics over the training split: mean value is 0.000, standard deviation is 1.000, minimum value is -0.307, maximum value is 47.531, median value is -0.149, and mean absolute value is 0.269.
/data/pjh_workspace/ts-env/lib/python3.8/site-packages/torch/nn/modules/transformer.py:307: UserWarning: enable_nested_tensor is True, but self.use_nested_tensor is False because encoder_layer.norm_first was True
  warnings.warn(f"enable_nested_tensor is True, but self.use_nested_tensor is False because {why_not_sparsity_fast_path}")
==================================================
🚀 Architecture: LAYA
📊 Target Dataset: Heartbeat (Channels: 61)
📊 Pretrain Info: electricity
📊 Classes: 2 | Sequence Length: 405
==================================================
✅ Loaded pretrained encoder from ./checkpoints/electricity_laya_mixer_text_stats_joint/laya_ts_electricity_s_best.pt
   - 101/101 keys matched.
✅ Encoder is FROZEN (Linear Probing mode).
📝 metadata: mode=text_stats_joint, fusion=add, relation=none
ℹ️  Metadata Fusion Mode: add
ℹ️  Channel Mixer Relation Mode: none
ℹ️  Encoder Variant: default
ℹ️  Channel Adapter: disabled for Laya downstream (mixer)
ℹ️  Channel Relation Block: disabled
✅ ClassificationHead: [B, 256] → [B, 2]
Epoch   1/50 | Train Loss: 0.6397 Acc: 0.6307 F1: 0.4959 | Val Loss: 0.6736 Acc: 0.7000 F1: 0.4118 | Train Meta: n/a | Val Meta: n/a
Validation Loss decreased (inf --> 0.673609). Saving best model...
Epoch   2/50 | Train Loss: 0.5785 Acc: 0.7273 F1: 0.4211 | Val Loss: 0.6246 Acc: 0.7000 F1: 0.4118 | Train Meta: n/a | Val Meta: n/a
Validation Loss decreased (0.673609 --> 0.624593). Saving best model...
Epoch   3/50 | Train Loss: 0.5809 Acc: 0.7216 F1: 0.4191 | Val Loss: 0.6194 Acc: 0.7000 F1: 0.4118 | Train Meta: n/a | Val Meta: n/a
Validation Loss decreased (0.624593 --> 0.619427). Saving best model...
Epoch   4/50 | Train Loss: 0.5699 Acc: 0.7273 F1: 0.4211 | Val Loss: 0.6186 Acc: 0.7000 F1: 0.4118 | Train Meta: n/a | Val Meta: n/a
Validation Loss decreased (0.619427 --> 0.618640). Saving best model...
Epoch   5/50 | Train Loss: 0.5595 Acc: 0.7159 F1: 0.4172 | Val Loss: 0.6064 Acc: 0.7000 F1: 0.4118 | Train Meta: n/a | Val Meta: n/a
Validation Loss decreased (0.618640 --> 0.606446). Saving best model...
Epoch   6/50 | Train Loss: 0.5746 Acc: 0.7273 F1: 0.4211 | Val Loss: 0.6066 Acc: 0.7000 F1: 0.4118 | Train Meta: n/a | Val Meta: n/a
Epoch   7/50 | Train Loss: 0.5972 Acc: 0.7159 F1: 0.4172 | Val Loss: 0.6026 Acc: 0.7000 F1: 0.4118 | Train Meta: n/a | Val Meta: n/a
Validation Loss decreased (0.606446 --> 0.602645). Saving best model...
Epoch   8/50 | Train Loss: 0.5559 Acc: 0.7216 F1: 0.4191 | Val Loss: 0.5930 Acc: 0.7000 F1: 0.4118 | Train Meta: n/a | Val Meta: n/a
Validation Loss decreased (0.602645 --> 0.592958). Saving best model...
Epoch   9/50 | Train Loss: 0.5388 Acc: 0.7273 F1: 0.4211 | Val Loss: 0.5996 Acc: 0.7000 F1: 0.4118 | Train Meta: n/a | Val Meta: n/a
Epoch  10/50 | Train Loss: 0.5540 Acc: 0.7216 F1: 0.4191 | Val Loss: 0.5873 Acc: 0.7000 F1: 0.4118 | Train Meta: n/a | Val Meta: n/a
Validation Loss decreased (0.592958 --> 0.587280). Saving best model...
Epoch  11/50 | Train Loss: 0.5504 Acc: 0.7273 F1: 0.4405 | Val Loss: 0.5832 Acc: 0.7000 F1: 0.4118 | Train Meta: n/a | Val Meta: n/a
Validation Loss decreased (0.587280 --> 0.583225). Saving best model...
Epoch  12/50 | Train Loss: 0.5465 Acc: 0.7159 F1: 0.4172 | Val Loss: 0.5877 Acc: 0.7000 F1: 0.4118 | Train Meta: n/a | Val Meta: n/a
Epoch  13/50 | Train Loss: 0.5342 Acc: 0.7216 F1: 0.4191 | Val Loss: 0.5771 Acc: 0.7000 F1: 0.4118 | Train Meta: n/a | Val Meta: n/a
Validation Loss decreased (0.583225 --> 0.577083). Saving best model...
Epoch  14/50 | Train Loss: 0.5396 Acc: 0.7330 F1: 0.4611 | Val Loss: 0.5763 Acc: 0.7000 F1: 0.4118 | Train Meta: n/a | Val Meta: n/a
Validation Loss decreased (0.577083 --> 0.576339). Saving best model...
Epoch  15/50 | Train Loss: 0.5578 Acc: 0.7159 F1: 0.4172 | Val Loss: 0.5736 Acc: 0.7000 F1: 0.4118 | Train Meta: n/a | Val Meta: n/a
Validation Loss decreased (0.576339 --> 0.573591). Saving best model...
Epoch  16/50 | Train Loss: 0.5449 Acc: 0.7386 F1: 0.5252 | Val Loss: 0.5702 Acc: 0.7000 F1: 0.4118 | Train Meta: n/a | Val Meta: n/a
Validation Loss decreased (0.573591 --> 0.570171). Saving best model...
Epoch  17/50 | Train Loss: 0.5327 Acc: 0.7159 F1: 0.4359 | Val Loss: 0.5683 Acc: 0.7000 F1: 0.4118 | Train Meta: n/a | Val Meta: n/a
Validation Loss decreased (0.570171 --> 0.568291). Saving best model...
Epoch  18/50 | Train Loss: 0.5347 Acc: 0.7102 F1: 0.4336 | Val Loss: 0.5687 Acc: 0.7000 F1: 0.4118 | Train Meta: n/a | Val Meta: n/a
Epoch  19/50 | Train Loss: 0.5329 Acc: 0.7443 F1: 0.5290 | Val Loss: 0.5734 Acc: 0.7000 F1: 0.4118 | Train Meta: n/a | Val Meta: n/a
Epoch  20/50 | Train Loss: 0.5240 Acc: 0.7330 F1: 0.4611 | Val Loss: 0.5632 Acc: 0.7000 F1: 0.4118 | Train Meta: n/a | Val Meta: n/a
Validation Loss decreased (0.568291 --> 0.563199). Saving best model...
Epoch  21/50 | Train Loss: 0.5161 Acc: 0.7500 F1: 0.5459 | Val Loss: 0.5608 Acc: 0.7000 F1: 0.4118 | Train Meta: n/a | Val Meta: n/a
Validation Loss decreased (0.563199 --> 0.560841). Saving best model...
Epoch  22/50 | Train Loss: 0.5256 Acc: 0.7330 F1: 0.4936 | Val Loss: 0.5708 Acc: 0.7000 F1: 0.4118 | Train Meta: n/a | Val Meta: n/a
Epoch  23/50 | Train Loss: 0.5270 Acc: 0.7386 F1: 0.5379 | Val Loss: 0.5575 Acc: 0.7000 F1: 0.4118 | Train Meta: n/a | Val Meta: n/a
Validation Loss decreased (0.560841 --> 0.557529). Saving best model...
Epoch  24/50 | Train Loss: 0.5148 Acc: 0.7386 F1: 0.4810 | Val Loss: 0.5739 Acc: 0.7000 F1: 0.4118 | Train Meta: n/a | Val Meta: n/a
Epoch  25/50 | Train Loss: 0.5181 Acc: 0.7443 F1: 0.5419 | Val Loss: 0.5551 Acc: 0.7000 F1: 0.4118 | Train Meta: n/a | Val Meta: n/a
Validation Loss decreased (0.557529 --> 0.555085). Saving best model...
Epoch  26/50 | Train Loss: 0.5287 Acc: 0.7159 F1: 0.4691 | Val Loss: 0.5562 Acc: 0.7000 F1: 0.4118 | Train Meta: n/a | Val Meta: n/a
Epoch  27/50 | Train Loss: 0.5043 Acc: 0.7614 F1: 0.5889 | Val Loss: 0.5534 Acc: 0.7000 F1: 0.4118 | Train Meta: n/a | Val Meta: n/a
Validation Loss decreased (0.555085 --> 0.553395). Saving best model...
Epoch  28/50 | Train Loss: 0.5124 Acc: 0.7443 F1: 0.5538 | Val Loss: 0.5637 Acc: 0.7000 F1: 0.4118 | Train Meta: n/a | Val Meta: n/a
Epoch  29/50 | Train Loss: 0.5148 Acc: 0.7443 F1: 0.5002 | Val Loss: 0.5511 Acc: 0.7000 F1: 0.4118 | Train Meta: n/a | Val Meta: n/a
Validation Loss decreased (0.553395 --> 0.551089). Saving best model...
Epoch  30/50 | Train Loss: 0.5013 Acc: 0.7670 F1: 0.5935 | Val Loss: 0.5598 Acc: 0.7000 F1: 0.4118 | Train Meta: n/a | Val Meta: n/a
Epoch  31/50 | Train Loss: 0.4950 Acc: 0.7500 F1: 0.5328 | Val Loss: 0.5611 Acc: 0.7000 F1: 0.4118 | Train Meta: n/a | Val Meta: n/a
Epoch  32/50 | Train Loss: 0.4959 Acc: 0.7727 F1: 0.5982 | Val Loss: 0.5511 Acc: 0.7000 F1: 0.4118 | Train Meta: n/a | Val Meta: n/a
Epoch  33/50 | Train Loss: 0.4949 Acc: 0.7670 F1: 0.5826 | Val Loss: 0.5548 Acc: 0.7000 F1: 0.4118 | Train Meta: n/a | Val Meta: n/a
Epoch  34/50 | Train Loss: 0.4961 Acc: 0.7557 F1: 0.5622 | Val Loss: 0.5458 Acc: 0.7000 F1: 0.4118 | Train Meta: n/a | Val Meta: n/a
Validation Loss decreased (0.551089 --> 0.545836). Saving best model...
Epoch  35/50 | Train Loss: 0.5105 Acc: 0.7500 F1: 0.5897 | Val Loss: 0.5441 Acc: 0.7500 F1: 0.5671 | Train Meta: n/a | Val Meta: n/a
Validation Loss decreased (0.545836 --> 0.544125). Saving best model...
Epoch  36/50 | Train Loss: 0.4872 Acc: 0.7727 F1: 0.5871 | Val Loss: 0.5601 Acc: 0.7000 F1: 0.4118 | Train Meta: n/a | Val Meta: n/a
Epoch  37/50 | Train Loss: 0.4926 Acc: 0.7727 F1: 0.5871 | Val Loss: 0.5482 Acc: 0.7000 F1: 0.4118 | Train Meta: n/a | Val Meta: n/a
Epoch  38/50 | Train Loss: 0.4839 Acc: 0.7784 F1: 0.6133 | Val Loss: 0.5437 Acc: 0.7000 F1: 0.4118 | Train Meta: n/a | Val Meta: n/a
Validation Loss decreased (0.544125 --> 0.543748). Saving best model...
Epoch  39/50 | Train Loss: 0.4962 Acc: 0.7670 F1: 0.6037 | Val Loss: 0.5487 Acc: 0.7000 F1: 0.4118 | Train Meta: n/a | Val Meta: n/a
Epoch  40/50 | Train Loss: 0.4993 Acc: 0.7670 F1: 0.6037 | Val Loss: 0.5485 Acc: 0.7000 F1: 0.4118 | Train Meta: n/a | Val Meta: n/a
Epoch  41/50 | Train Loss: 0.5013 Acc: 0.7614 F1: 0.6084 | Val Loss: 0.5432 Acc: 0.7000 F1: 0.4118 | Train Meta: n/a | Val Meta: n/a
Validation Loss decreased (0.543748 --> 0.543160). Saving best model...
Epoch  42/50 | Train Loss: 0.4994 Acc: 0.7557 F1: 0.5737 | Val Loss: 0.5428 Acc: 0.7000 F1: 0.4118 | Train Meta: n/a | Val Meta: n/a
Validation Loss decreased (0.543160 --> 0.542786). Saving best model...
Epoch  43/50 | Train Loss: 0.4985 Acc: 0.7500 F1: 0.5897 | Val Loss: 0.5408 Acc: 0.7500 F1: 0.5671 | Train Meta: n/a | Val Meta: n/a
Validation Loss decreased (0.542786 --> 0.540770). Saving best model...
Epoch  44/50 | Train Loss: 0.5137 Acc: 0.7443 F1: 0.5290 | Val Loss: 0.5469 Acc: 0.7000 F1: 0.4118 | Train Meta: n/a | Val Meta: n/a
Epoch  45/50 | Train Loss: 0.5018 Acc: 0.7614 F1: 0.6084 | Val Loss: 0.5540 Acc: 0.7000 F1: 0.4118 | Train Meta: n/a | Val Meta: n/a
Epoch  46/50 | Train Loss: 0.5052 Acc: 0.7386 F1: 0.4969 | Val Loss: 0.5413 Acc: 0.7500 F1: 0.5671 | Train Meta: n/a | Val Meta: n/a
Epoch  47/50 | Train Loss: 0.5010 Acc: 0.7443 F1: 0.5852 | Val Loss: 0.5399 Acc: 0.7500 F1: 0.5671 | Train Meta: n/a | Val Meta: n/a
Validation Loss decreased (0.540770 --> 0.539901). Saving best model...
Epoch  48/50 | Train Loss: 0.4998 Acc: 0.7557 F1: 0.5943 | Val Loss: 0.5400 Acc: 0.7500 F1: 0.5671 | Train Meta: n/a | Val Meta: n/a
Epoch  49/50 | Train Loss: 0.4916 Acc: 0.7614 F1: 0.6084 | Val Loss: 0.5460 Acc: 0.7000 F1: 0.4118 | Train Meta: n/a | Val Meta: n/a
Epoch  50/50 | Train Loss: 0.4886 Acc: 0.7614 F1: 0.5665 | Val Loss: 0.5431 Acc: 0.7500 F1: 0.5671 | Train Meta: n/a | Val Meta: n/a

Classification Test Result (Heartbeat)
Accuracy : 0.756098
F1 (macro): 0.596202
Saved attention maps for 3 sample(s) under ./runs/classification_electricity_to_Heartbeat_laya_mixer_text_stats_joint/attention_maps
Joint metadata preview | dataset=JapaneseVowels | domain=UEA | channels=12
   - channel_1: In the UEA domain, this channel belongs to the JapaneseVowels dataset and represents the feature channel 1. Channel statistics over the training split: mean value is 0.000, standard deviation is 1.000, minimum value is -2.301, maximum value is 2.921, median value is -0.282, and mean absolute value is 0.896.
/data/pjh_workspace/ts-env/lib/python3.8/site-packages/torch/nn/modules/transformer.py:307: UserWarning: enable_nested_tensor is True, but self.use_nested_tensor is False because encoder_layer.norm_first was True
  warnings.warn(f"enable_nested_tensor is True, but self.use_nested_tensor is False because {why_not_sparsity_fast_path}")
==================================================
🚀 Architecture: LAYA
📊 Target Dataset: JapaneseVowels (Channels: 12)
📊 Pretrain Info: electricity
📊 Classes: 9 | Sequence Length: 26
==================================================
✅ Loaded pretrained encoder from ./checkpoints/electricity_laya_mixer_text_stats_joint/laya_ts_electricity_s_best.pt
   - 101/101 keys matched.
✅ Encoder is FROZEN (Linear Probing mode).
📝 metadata: mode=text_stats_joint, fusion=add, relation=none
ℹ️  Metadata Fusion Mode: add
ℹ️  Channel Mixer Relation Mode: none
ℹ️  Encoder Variant: default
ℹ️  Channel Adapter: disabled for Laya downstream (mixer)
ℹ️  Channel Relation Block: disabled
✅ ClassificationHead: [B, 256] → [B, 9]
Epoch   1/50 | Train Loss: 2.2478 Acc: 0.1042 F1: 0.0606 | Val Loss: 2.2066 Acc: 0.1111 F1: 0.0890 | Train Meta: n/a | Val Meta: n/a
Validation Loss decreased (inf --> 2.206585). Saving best model...
Epoch   2/50 | Train Loss: 2.1106 Acc: 0.2375 F1: 0.1991 | Val Loss: 2.1616 Acc: 0.1852 F1: 0.0974 | Train Meta: n/a | Val Meta: n/a
Validation Loss decreased (2.206585 --> 2.161609). Saving best model...
Epoch   3/50 | Train Loss: 2.0265 Acc: 0.3000 F1: 0.2384 | Val Loss: 2.0685 Acc: 0.2593 F1: 0.2298 | Train Meta: n/a | Val Meta: n/a
Validation Loss decreased (2.161609 --> 2.068511). Saving best model...
Epoch   4/50 | Train Loss: 1.9910 Acc: 0.2833 F1: 0.2060 | Val Loss: 2.0647 Acc: 0.2963 F1: 0.2293 | Train Meta: n/a | Val Meta: n/a
Validation Loss decreased (2.068511 --> 2.064655). Saving best model...
Epoch   5/50 | Train Loss: 1.9119 Acc: 0.4000 F1: 0.3375 | Val Loss: 2.0286 Acc: 0.4074 F1: 0.3938 | Train Meta: n/a | Val Meta: n/a
Validation Loss decreased (2.064655 --> 2.028573). Saving best model...
Epoch   6/50 | Train Loss: 1.8588 Acc: 0.4625 F1: 0.3944 | Val Loss: 1.9552 Acc: 0.2222 F1: 0.1532 | Train Meta: n/a | Val Meta: n/a
Validation Loss decreased (2.028573 --> 1.955228). Saving best model...
Epoch   7/50 | Train Loss: 1.8097 Acc: 0.4125 F1: 0.3624 | Val Loss: 1.9028 Acc: 0.5926 F1: 0.6288 | Train Meta: n/a | Val Meta: n/a
Validation Loss decreased (1.955228 --> 1.902780). Saving best model...
Epoch   8/50 | Train Loss: 1.7712 Acc: 0.4833 F1: 0.4139 | Val Loss: 1.9101 Acc: 0.3704 F1: 0.3481 | Train Meta: n/a | Val Meta: n/a
Epoch   9/50 | Train Loss: 1.7100 Acc: 0.4917 F1: 0.4211 | Val Loss: 1.8731 Acc: 0.4444 F1: 0.3986 | Train Meta: n/a | Val Meta: n/a
Validation Loss decreased (1.902780 --> 1.873090). Saving best model...
Epoch  10/50 | Train Loss: 1.6828 Acc: 0.4875 F1: 0.4483 | Val Loss: 1.8268 Acc: 0.4444 F1: 0.4135 | Train Meta: n/a | Val Meta: n/a
Validation Loss decreased (1.873090 --> 1.826799). Saving best model...
Epoch  11/50 | Train Loss: 1.6332 Acc: 0.5292 F1: 0.5034 | Val Loss: 1.8055 Acc: 0.5926 F1: 0.6043 | Train Meta: n/a | Val Meta: n/a
Validation Loss decreased (1.826799 --> 1.805539). Saving best model...
Epoch  12/50 | Train Loss: 1.5812 Acc: 0.6875 F1: 0.6697 | Val Loss: 1.7403 Acc: 0.5185 F1: 0.5220 | Train Meta: n/a | Val Meta: n/a
Validation Loss decreased (1.805539 --> 1.740347). Saving best model...
Epoch  13/50 | Train Loss: 1.5556 Acc: 0.5833 F1: 0.5528 | Val Loss: 1.7718 Acc: 0.4444 F1: 0.4073 | Train Meta: n/a | Val Meta: n/a
Epoch  14/50 | Train Loss: 1.5303 Acc: 0.6458 F1: 0.6423 | Val Loss: 1.7143 Acc: 0.5556 F1: 0.5585 | Train Meta: n/a | Val Meta: n/a
Validation Loss decreased (1.740347 --> 1.714307). Saving best model...
Epoch  15/50 | Train Loss: 1.4958 Acc: 0.6083 F1: 0.5865 | Val Loss: 1.7347 Acc: 0.4444 F1: 0.4079 | Train Meta: n/a | Val Meta: n/a
Epoch  16/50 | Train Loss: 1.4508 Acc: 0.6333 F1: 0.6241 | Val Loss: 1.6570 Acc: 0.5926 F1: 0.6228 | Train Meta: n/a | Val Meta: n/a
Validation Loss decreased (1.714307 --> 1.657006). Saving best model...
Epoch  17/50 | Train Loss: 1.4184 Acc: 0.6792 F1: 0.6692 | Val Loss: 1.6302 Acc: 0.5926 F1: 0.6018 | Train Meta: n/a | Val Meta: n/a
Validation Loss decreased (1.657006 --> 1.630204). Saving best model...
Epoch  18/50 | Train Loss: 1.3922 Acc: 0.6958 F1: 0.6870 | Val Loss: 1.6475 Acc: 0.5185 F1: 0.5640 | Train Meta: n/a | Val Meta: n/a
Epoch  19/50 | Train Loss: 1.3677 Acc: 0.6542 F1: 0.6452 | Val Loss: 1.6201 Acc: 0.5556 F1: 0.5870 | Train Meta: n/a | Val Meta: n/a
Validation Loss decreased (1.630204 --> 1.620053). Saving best model...
Epoch  20/50 | Train Loss: 1.3392 Acc: 0.6750 F1: 0.6595 | Val Loss: 1.5742 Acc: 0.5185 F1: 0.5554 | Train Meta: n/a | Val Meta: n/a
Validation Loss decreased (1.620053 --> 1.574238). Saving best model...
Epoch  21/50 | Train Loss: 1.3160 Acc: 0.6833 F1: 0.6786 | Val Loss: 1.5764 Acc: 0.5926 F1: 0.6228 | Train Meta: n/a | Val Meta: n/a
Epoch  22/50 | Train Loss: 1.2905 Acc: 0.7042 F1: 0.6941 | Val Loss: 1.5504 Acc: 0.6296 F1: 0.6499 | Train Meta: n/a | Val Meta: n/a
Validation Loss decreased (1.574238 --> 1.550364). Saving best model...
Epoch  23/50 | Train Loss: 1.2675 Acc: 0.6792 F1: 0.6726 | Val Loss: 1.5391 Acc: 0.5926 F1: 0.6228 | Train Meta: n/a | Val Meta: n/a
Validation Loss decreased (1.550364 --> 1.539134). Saving best model...
Epoch  24/50 | Train Loss: 1.2325 Acc: 0.7083 F1: 0.6999 | Val Loss: 1.5027 Acc: 0.5185 F1: 0.5099 | Train Meta: n/a | Val Meta: n/a
Validation Loss decreased (1.539134 --> 1.502665). Saving best model...
Epoch  25/50 | Train Loss: 1.2152 Acc: 0.7083 F1: 0.7022 | Val Loss: 1.4839 Acc: 0.5926 F1: 0.6321 | Train Meta: n/a | Val Meta: n/a
Validation Loss decreased (1.502665 --> 1.483898). Saving best model...
Epoch  26/50 | Train Loss: 1.1947 Acc: 0.7250 F1: 0.7102 | Val Loss: 1.5545 Acc: 0.5556 F1: 0.5887 | Train Meta: n/a | Val Meta: n/a
Epoch  27/50 | Train Loss: 1.1729 Acc: 0.7292 F1: 0.7258 | Val Loss: 1.4540 Acc: 0.5926 F1: 0.6295 | Train Meta: n/a | Val Meta: n/a
Validation Loss decreased (1.483898 --> 1.453994). Saving best model...
Epoch  28/50 | Train Loss: 1.1488 Acc: 0.7167 F1: 0.7094 | Val Loss: 1.4476 Acc: 0.5556 F1: 0.6005 | Train Meta: n/a | Val Meta: n/a
Validation Loss decreased (1.453994 --> 1.447609). Saving best model...
Epoch  29/50 | Train Loss: 1.1323 Acc: 0.7167 F1: 0.7061 | Val Loss: 1.4672 Acc: 0.5926 F1: 0.6321 | Train Meta: n/a | Val Meta: n/a
Epoch  30/50 | Train Loss: 1.0934 Acc: 0.7333 F1: 0.7237 | Val Loss: 1.4327 Acc: 0.5185 F1: 0.5635 | Train Meta: n/a | Val Meta: n/a
Validation Loss decreased (1.447609 --> 1.432730). Saving best model...
Epoch  31/50 | Train Loss: 1.1008 Acc: 0.7250 F1: 0.7230 | Val Loss: 1.4127 Acc: 0.5926 F1: 0.6130 | Train Meta: n/a | Val Meta: n/a
Validation Loss decreased (1.432730 --> 1.412728). Saving best model...
Epoch  32/50 | Train Loss: 1.0729 Acc: 0.7417 F1: 0.7400 | Val Loss: 1.4584 Acc: 0.5556 F1: 0.5494 | Train Meta: n/a | Val Meta: n/a
Epoch  33/50 | Train Loss: 1.0639 Acc: 0.7458 F1: 0.7376 | Val Loss: 1.4259 Acc: 0.5185 F1: 0.5463 | Train Meta: n/a | Val Meta: n/a
Epoch  34/50 | Train Loss: 1.0433 Acc: 0.7250 F1: 0.7173 | Val Loss: 1.4075 Acc: 0.5926 F1: 0.6389 | Train Meta: n/a | Val Meta: n/a
Validation Loss decreased (1.412728 --> 1.407462). Saving best model...
Epoch  35/50 | Train Loss: 1.0307 Acc: 0.7625 F1: 0.7572 | Val Loss: 1.3585 Acc: 0.5926 F1: 0.6169 | Train Meta: n/a | Val Meta: n/a
Validation Loss decreased (1.407462 --> 1.358470). Saving best model...
Epoch  36/50 | Train Loss: 1.0227 Acc: 0.7333 F1: 0.7218 | Val Loss: 1.4126 Acc: 0.5926 F1: 0.6197 | Train Meta: n/a | Val Meta: n/a
Epoch  37/50 | Train Loss: 1.0036 Acc: 0.7750 F1: 0.7727 | Val Loss: 1.3609 Acc: 0.5556 F1: 0.5728 | Train Meta: n/a | Val Meta: n/a
Epoch  38/50 | Train Loss: 0.9919 Acc: 0.7625 F1: 0.7514 | Val Loss: 1.3928 Acc: 0.5926 F1: 0.6228 | Train Meta: n/a | Val Meta: n/a
Epoch  39/50 | Train Loss: 0.9684 Acc: 0.7750 F1: 0.7713 | Val Loss: 1.3211 Acc: 0.5926 F1: 0.6274 | Train Meta: n/a | Val Meta: n/a
Validation Loss decreased (1.358470 --> 1.321069). Saving best model...
Epoch  40/50 | Train Loss: 0.9745 Acc: 0.7542 F1: 0.7485 | Val Loss: 1.3755 Acc: 0.5185 F1: 0.5451 | Train Meta: n/a | Val Meta: n/a
Epoch  41/50 | Train Loss: 0.9502 Acc: 0.7625 F1: 0.7580 | Val Loss: 1.2899 Acc: 0.5926 F1: 0.6169 | Train Meta: n/a | Val Meta: n/a
Validation Loss decreased (1.321069 --> 1.289908). Saving best model...
Epoch  42/50 | Train Loss: 0.9314 Acc: 0.7667 F1: 0.7529 | Val Loss: 1.4030 Acc: 0.5556 F1: 0.5981 | Train Meta: n/a | Val Meta: n/a
Epoch  43/50 | Train Loss: 0.9216 Acc: 0.7542 F1: 0.7511 | Val Loss: 1.3304 Acc: 0.6667 F1: 0.6815 | Train Meta: n/a | Val Meta: n/a
Epoch  44/50 | Train Loss: 0.9055 Acc: 0.7792 F1: 0.7753 | Val Loss: 1.3302 Acc: 0.6296 F1: 0.6511 | Train Meta: n/a | Val Meta: n/a
Epoch  45/50 | Train Loss: 0.9011 Acc: 0.7792 F1: 0.7773 | Val Loss: 1.3435 Acc: 0.5556 F1: 0.5826 | Train Meta: n/a | Val Meta: n/a
Epoch  46/50 | Train Loss: 0.8881 Acc: 0.7792 F1: 0.7744 | Val Loss: 1.2745 Acc: 0.5926 F1: 0.6274 | Train Meta: n/a | Val Meta: n/a
Validation Loss decreased (1.289908 --> 1.274490). Saving best model...
Epoch  47/50 | Train Loss: 0.8759 Acc: 0.7792 F1: 0.7742 | Val Loss: 1.3017 Acc: 0.6296 F1: 0.6450 | Train Meta: n/a | Val Meta: n/a
Epoch  48/50 | Train Loss: 0.8680 Acc: 0.7667 F1: 0.7613 | Val Loss: 1.3144 Acc: 0.5926 F1: 0.6160 | Train Meta: n/a | Val Meta: n/a
Epoch  49/50 | Train Loss: 0.8647 Acc: 0.7917 F1: 0.7880 | Val Loss: 1.2816 Acc: 0.6667 F1: 0.6873 | Train Meta: n/a | Val Meta: n/a
Epoch  50/50 | Train Loss: 0.8581 Acc: 0.7833 F1: 0.7835 | Val Loss: 1.2894 Acc: 0.5556 F1: 0.5793 | Train Meta: n/a | Val Meta: n/a

Classification Test Result (JapaneseVowels)
Accuracy : 0.518919
F1 (macro): 0.535108
Saved attention maps for 3 sample(s) under ./runs/classification_electricity_to_JapaneseVowels_laya_mixer_text_stats_joint/attention_maps
Joint metadata preview | dataset=PEMS-SF | domain=UEA | channels=963
   - channel_1: In the UEA domain, this channel belongs to the PEMS-SF dataset and represents the feature channel 1. Channel statistics over the training split: mean value is -0.000, standard deviation is 1.000, minimum value is -1.458, maximum value is 12.589, median value is 0.136, and mean absolute value is 0.674.
/data/pjh_workspace/ts-env/lib/python3.8/site-packages/torch/nn/modules/transformer.py:307: UserWarning: enable_nested_tensor is True, but self.use_nested_tensor is False because encoder_layer.norm_first was True
  warnings.warn(f"enable_nested_tensor is True, but self.use_nested_tensor is False because {why_not_sparsity_fast_path}")
==================================================
🚀 Architecture: LAYA
📊 Target Dataset: PEMS-SF (Channels: 963)
📊 Pretrain Info: electricity
📊 Classes: 7 | Sequence Length: 144
==================================================
✅ Loaded pretrained encoder from ./checkpoints/electricity_laya_mixer_text_stats_joint/laya_ts_electricity_s_best.pt
   - 101/101 keys matched.
✅ Encoder is FROZEN (Linear Probing mode).
📝 metadata: mode=text_stats_joint, fusion=add, relation=none
ℹ️  Metadata Fusion Mode: add
ℹ️  Channel Mixer Relation Mode: none
ℹ️  Encoder Variant: default
ℹ️  Channel Adapter: disabled for Laya downstream (mixer)
ℹ️  Channel Relation Block: disabled
✅ ClassificationHead: [B, 256] → [B, 7]
Epoch   1/50 | Train Loss: 1.9890 Acc: 0.1250 F1: 0.0748 | Val Loss: 1.8939 Acc: 0.3077 F1: 0.1327 | Train Meta: n/a | Val Meta: n/a
Validation Loss decreased (inf --> 1.893927). Saving best model...
Epoch   2/50 | Train Loss: 1.8920 Acc: 0.2458 F1: 0.1488 | Val Loss: 1.8617 Acc: 0.2692 F1: 0.1868 | Train Meta: n/a | Val Meta: n/a
Validation Loss decreased (1.893927 --> 1.861665). Saving best model...
Epoch   3/50 | Train Loss: 1.8294 Acc: 0.2750 F1: 0.1633 | Val Loss: 1.8798 Acc: 0.1154 F1: 0.0952 | Train Meta: n/a | Val Meta: n/a
Epoch   4/50 | Train Loss: 1.7888 Acc: 0.3167 F1: 0.2097 | Val Loss: 1.8583 Acc: 0.1923 F1: 0.1569 | Train Meta: n/a | Val Meta: n/a
Validation Loss decreased (1.861665 --> 1.858254). Saving best model...
Epoch   5/50 | Train Loss: 1.7718 Acc: 0.3208 F1: 0.2391 | Val Loss: 1.8262 Acc: 0.1538 F1: 0.1238 | Train Meta: n/a | Val Meta: n/a
Validation Loss decreased (1.858254 --> 1.826168). Saving best model...
Epoch   6/50 | Train Loss: 1.7557 Acc: 0.3292 F1: 0.2172 | Val Loss: 1.8104 Acc: 0.1923 F1: 0.1873 | Train Meta: n/a | Val Meta: n/a
Validation Loss decreased (1.826168 --> 1.810390). Saving best model...
Epoch   7/50 | Train Loss: 1.7256 Acc: 0.3375 F1: 0.2278 | Val Loss: 1.7829 Acc: 0.2308 F1: 0.1646 | Train Meta: n/a | Val Meta: n/a
Validation Loss decreased (1.810390 --> 1.782897). Saving best model...
Epoch   8/50 | Train Loss: 1.7141 Acc: 0.3333 F1: 0.2463 | Val Loss: 1.8079 Acc: 0.2308 F1: 0.2222 | Train Meta: n/a | Val Meta: n/a
Epoch   9/50 | Train Loss: 1.7095 Acc: 0.3458 F1: 0.2391 | Val Loss: 1.8352 Acc: 0.1538 F1: 0.1468 | Train Meta: n/a | Val Meta: n/a
Epoch  10/50 | Train Loss: 1.6802 Acc: 0.3417 F1: 0.2411 | Val Loss: 1.7239 Acc: 0.1923 F1: 0.1757 | Train Meta: n/a | Val Meta: n/a
Validation Loss decreased (1.782897 --> 1.723884). Saving best model...
Epoch  11/50 | Train Loss: 1.6622 Acc: 0.3708 F1: 0.2693 | Val Loss: 1.8185 Acc: 0.2308 F1: 0.2296 | Train Meta: n/a | Val Meta: n/a
Epoch  12/50 | Train Loss: 1.6570 Acc: 0.3458 F1: 0.2282 | Val Loss: 1.7405 Acc: 0.1923 F1: 0.1876 | Train Meta: n/a | Val Meta: n/a
Epoch  13/50 | Train Loss: 1.6374 Acc: 0.3667 F1: 0.3141 | Val Loss: 1.7254 Acc: 0.2692 F1: 0.2316 | Train Meta: n/a | Val Meta: n/a
Epoch  14/50 | Train Loss: 1.6230 Acc: 0.3625 F1: 0.2497 | Val Loss: 1.7271 Acc: 0.1154 F1: 0.0779 | Train Meta: n/a | Val Meta: n/a
Epoch  15/50 | Train Loss: 1.6232 Acc: 0.3292 F1: 0.2803 | Val Loss: 1.7307 Acc: 0.2308 F1: 0.2096 | Train Meta: n/a | Val Meta: n/a
Epoch  16/50 | Train Loss: 1.5895 Acc: 0.3833 F1: 0.2689 | Val Loss: 1.7679 Acc: 0.1538 F1: 0.1429 | Train Meta: n/a | Val Meta: n/a
Epoch  17/50 | Train Loss: 1.5937 Acc: 0.3542 F1: 0.2834 | Val Loss: 1.6504 Acc: 0.2308 F1: 0.2431 | Train Meta: n/a | Val Meta: n/a
Validation Loss decreased (1.723884 --> 1.650429). Saving best model...
Epoch  18/50 | Train Loss: 1.5757 Acc: 0.3917 F1: 0.3071 | Val Loss: 1.7572 Acc: 0.1538 F1: 0.1468 | Train Meta: n/a | Val Meta: n/a
Epoch  19/50 | Train Loss: 1.5527 Acc: 0.4000 F1: 0.3528 | Val Loss: 1.7021 Acc: 0.2308 F1: 0.2347 | Train Meta: n/a | Val Meta: n/a
Epoch  20/50 | Train Loss: 1.5398 Acc: 0.3958 F1: 0.3216 | Val Loss: 1.7057 Acc: 0.1923 F1: 0.1876 | Train Meta: n/a | Val Meta: n/a
Epoch  21/50 | Train Loss: 1.5232 Acc: 0.4000 F1: 0.3093 | Val Loss: 1.6903 Acc: 0.2308 F1: 0.2353 | Train Meta: n/a | Val Meta: n/a
Epoch  22/50 | Train Loss: 1.5378 Acc: 0.4167 F1: 0.3619 | Val Loss: 1.6771 Acc: 0.1923 F1: 0.1876 | Train Meta: n/a | Val Meta: n/a
Epoch  23/50 | Train Loss: 1.5089 Acc: 0.4250 F1: 0.3383 | Val Loss: 1.7125 Acc: 0.3077 F1: 0.3122 | Train Meta: n/a | Val Meta: n/a
Epoch  24/50 | Train Loss: 1.5024 Acc: 0.4500 F1: 0.4039 | Val Loss: 1.6571 Acc: 0.2692 F1: 0.2353 | Train Meta: n/a | Val Meta: n/a
Epoch  25/50 | Train Loss: 1.4815 Acc: 0.4417 F1: 0.3694 | Val Loss: 1.7201 Acc: 0.1154 F1: 0.1111 | Train Meta: n/a | Val Meta: n/a
Epoch  26/50 | Train Loss: 1.4846 Acc: 0.4458 F1: 0.4157 | Val Loss: 1.6634 Acc: 0.3077 F1: 0.3090 | Train Meta: n/a | Val Meta: n/a
Epoch  27/50 | Train Loss: 1.4741 Acc: 0.4250 F1: 0.3383 | Val Loss: 1.6700 Acc: 0.1923 F1: 0.1995 | Train Meta: n/a | Val Meta: n/a
Epoch  28/50 | Train Loss: 1.4768 Acc: 0.4458 F1: 0.4345 | Val Loss: 1.6454 Acc: 0.2308 F1: 0.2364 | Train Meta: n/a | Val Meta: n/a
Validation Loss decreased (1.650429 --> 1.645421). Saving best model...
Epoch  29/50 | Train Loss: 1.4627 Acc: 0.4250 F1: 0.3524 | Val Loss: 1.6824 Acc: 0.1923 F1: 0.1927 | Train Meta: n/a | Val Meta: n/a
Epoch  30/50 | Train Loss: 1.4380 Acc: 0.4500 F1: 0.4074 | Val Loss: 1.6490 Acc: 0.2308 F1: 0.2353 | Train Meta: n/a | Val Meta: n/a
Epoch  31/50 | Train Loss: 1.4377 Acc: 0.4417 F1: 0.4157 | Val Loss: 1.6613 Acc: 0.1923 F1: 0.1939 | Train Meta: n/a | Val Meta: n/a
Epoch  32/50 | Train Loss: 1.4290 Acc: 0.4458 F1: 0.3956 | Val Loss: 1.7190 Acc: 0.2308 F1: 0.2296 | Train Meta: n/a | Val Meta: n/a
Epoch  33/50 | Train Loss: 1.4259 Acc: 0.4375 F1: 0.3956 | Val Loss: 1.6003 Acc: 0.2692 F1: 0.2734 | Train Meta: n/a | Val Meta: n/a
Validation Loss decreased (1.645421 --> 1.600347). Saving best model...
Epoch  34/50 | Train Loss: 1.4087 Acc: 0.4792 F1: 0.4359 | Val Loss: 1.6673 Acc: 0.2308 F1: 0.2415 | Train Meta: n/a | Val Meta: n/a
Epoch  35/50 | Train Loss: 1.4046 Acc: 0.4667 F1: 0.4352 | Val Loss: 1.6649 Acc: 0.1923 F1: 0.2007 | Train Meta: n/a | Val Meta: n/a
Epoch  36/50 | Train Loss: 1.4074 Acc: 0.4500 F1: 0.3932 | Val Loss: 1.6351 Acc: 0.2308 F1: 0.2415 | Train Meta: n/a | Val Meta: n/a
Epoch  37/50 | Train Loss: 1.3890 Acc: 0.5208 F1: 0.4887 | Val Loss: 1.6162 Acc: 0.2692 F1: 0.2796 | Train Meta: n/a | Val Meta: n/a
Epoch  38/50 | Train Loss: 1.3893 Acc: 0.4708 F1: 0.4206 | Val Loss: 1.6477 Acc: 0.2308 F1: 0.2347 | Train Meta: n/a | Val Meta: n/a
Epoch  39/50 | Train Loss: 1.3917 Acc: 0.4375 F1: 0.4062 | Val Loss: 1.5887 Acc: 0.3846 F1: 0.3744 | Train Meta: n/a | Val Meta: n/a
Validation Loss decreased (1.600347 --> 1.588734). Saving best model...
Epoch  40/50 | Train Loss: 1.3699 Acc: 0.4792 F1: 0.4431 | Val Loss: 1.6602 Acc: 0.1923 F1: 0.2007 | Train Meta: n/a | Val Meta: n/a
Epoch  41/50 | Train Loss: 1.3602 Acc: 0.4708 F1: 0.4195 | Val Loss: 1.5955 Acc: 0.3077 F1: 0.3153 | Train Meta: n/a | Val Meta: n/a
Epoch  42/50 | Train Loss: 1.3652 Acc: 0.4792 F1: 0.4504 | Val Loss: 1.6375 Acc: 0.2692 F1: 0.2732 | Train Meta: n/a | Val Meta: n/a
Epoch  43/50 | Train Loss: 1.3549 Acc: 0.4667 F1: 0.4332 | Val Loss: 1.5731 Acc: 0.3077 F1: 0.3256 | Train Meta: n/a | Val Meta: n/a
Validation Loss decreased (1.588734 --> 1.573055). Saving best model...
Epoch  44/50 | Train Loss: 1.3522 Acc: 0.4750 F1: 0.4550 | Val Loss: 1.6510 Acc: 0.2308 F1: 0.2415 | Train Meta: n/a | Val Meta: n/a
Epoch  45/50 | Train Loss: 1.3632 Acc: 0.4542 F1: 0.3982 | Val Loss: 1.6176 Acc: 0.3077 F1: 0.3153 | Train Meta: n/a | Val Meta: n/a
Epoch  46/50 | Train Loss: 1.3434 Acc: 0.4917 F1: 0.4559 | Val Loss: 1.5892 Acc: 0.3077 F1: 0.3256 | Train Meta: n/a | Val Meta: n/a
Epoch  47/50 | Train Loss: 1.3551 Acc: 0.4792 F1: 0.4653 | Val Loss: 1.6412 Acc: 0.3077 F1: 0.3022 | Train Meta: n/a | Val Meta: n/a
Epoch  48/50 | Train Loss: 1.3434 Acc: 0.4667 F1: 0.4112 | Val Loss: 1.6029 Acc: 0.1923 F1: 0.1769 | Train Meta: n/a | Val Meta: n/a
Epoch  49/50 | Train Loss: 1.3215 Acc: 0.5167 F1: 0.4915 | Val Loss: 1.5997 Acc: 0.3077 F1: 0.3090 | Train Meta: n/a | Val Meta: n/a
Epoch  50/50 | Train Loss: 1.3228 Acc: 0.4833 F1: 0.4462 | Val Loss: 1.6411 Acc: 0.2308 F1: 0.2388 | Train Meta: n/a | Val Meta: n/a

Classification Test Result (PEMS-SF)
Accuracy : 0.289017
F1 (macro): 0.280663
Saved attention maps for 3 sample(s) under ./runs/classification_electricity_to_PEMS-SF_laya_mixer_text_stats_joint/attention_maps
Joint metadata preview | dataset=SelfRegulationSCP1 | domain=UEA | channels=6
   - channel_1: In the UEA domain, this channel belongs to the SelfRegulationSCP1 dataset and represents the feature channel 1. Channel statistics over the training split: mean value is 0.000, standard deviation is 1.000, minimum value is -3.551, maximum value is 4.278, median value is -0.082, and mean absolute value is 0.761.
/data/pjh_workspace/ts-env/lib/python3.8/site-packages/torch/nn/modules/transformer.py:307: UserWarning: enable_nested_tensor is True, but self.use_nested_tensor is False because encoder_layer.norm_first was True
  warnings.warn(f"enable_nested_tensor is True, but self.use_nested_tensor is False because {why_not_sparsity_fast_path}")
==================================================
🚀 Architecture: LAYA
📊 Target Dataset: SelfRegulationSCP1 (Channels: 6)
📊 Pretrain Info: electricity
📊 Classes: 2 | Sequence Length: 896
==================================================
✅ Loaded pretrained encoder from ./checkpoints/electricity_laya_mixer_text_stats_joint/laya_ts_electricity_s_best.pt
   - 101/101 keys matched.
✅ Encoder is FROZEN (Linear Probing mode).
📝 metadata: mode=text_stats_joint, fusion=add, relation=none
ℹ️  Metadata Fusion Mode: add
ℹ️  Channel Mixer Relation Mode: none
ℹ️  Encoder Variant: default
ℹ️  Channel Adapter: disabled for Laya downstream (mixer)
ℹ️  Channel Relation Block: disabled
✅ ClassificationHead: [B, 256] → [B, 2]
Epoch   1/50 | Train Loss: 0.7110 Acc: 0.5583 F1: 0.5457 | Val Loss: 0.5535 Acc: 0.8462 F1: 0.8462 | Train Meta: n/a | Val Meta: n/a
Validation Loss decreased (inf --> 0.553537). Saving best model...
Epoch   2/50 | Train Loss: 0.6246 Acc: 0.6000 F1: 0.5847 | Val Loss: 0.5241 Acc: 0.7692 F1: 0.7679 | Train Meta: n/a | Val Meta: n/a
Validation Loss decreased (0.553537 --> 0.524112). Saving best model...
Epoch   3/50 | Train Loss: 0.6076 Acc: 0.6750 F1: 0.6749 | Val Loss: 0.4971 Acc: 0.8462 F1: 0.8462 | Train Meta: n/a | Val Meta: n/a
Validation Loss decreased (0.524112 --> 0.497119). Saving best model...
Epoch   4/50 | Train Loss: 0.6096 Acc: 0.6792 F1: 0.6787 | Val Loss: 0.5103 Acc: 0.8077 F1: 0.8074 | Train Meta: n/a | Val Meta: n/a
Epoch   5/50 | Train Loss: 0.6026 Acc: 0.6708 F1: 0.6706 | Val Loss: 0.5027 Acc: 0.8077 F1: 0.8074 | Train Meta: n/a | Val Meta: n/a
Epoch   6/50 | Train Loss: 0.5989 Acc: 0.6625 F1: 0.6624 | Val Loss: 0.4998 Acc: 0.8077 F1: 0.8074 | Train Meta: n/a | Val Meta: n/a
Epoch   7/50 | Train Loss: 0.5990 Acc: 0.6875 F1: 0.6875 | Val Loss: 0.4891 Acc: 0.8462 F1: 0.8462 | Train Meta: n/a | Val Meta: n/a
Validation Loss decreased (0.497119 --> 0.489119). Saving best model...
Epoch   8/50 | Train Loss: 0.5897 Acc: 0.6875 F1: 0.6875 | Val Loss: 0.4820 Acc: 0.8462 F1: 0.8462 | Train Meta: n/a | Val Meta: n/a
Validation Loss decreased (0.489119 --> 0.481988). Saving best model...
Epoch   9/50 | Train Loss: 0.5950 Acc: 0.7000 F1: 0.6952 | Val Loss: 0.5061 Acc: 0.7308 F1: 0.7271 | Train Meta: n/a | Val Meta: n/a
Epoch  10/50 | Train Loss: 0.5923 Acc: 0.6458 F1: 0.6406 | Val Loss: 0.4670 Acc: 0.8462 F1: 0.8452 | Train Meta: n/a | Val Meta: n/a
Validation Loss decreased (0.481988 --> 0.466961). Saving best model...
Epoch  11/50 | Train Loss: 0.5881 Acc: 0.7083 F1: 0.7043 | Val Loss: 0.4747 Acc: 0.8077 F1: 0.8074 | Train Meta: n/a | Val Meta: n/a
Epoch  12/50 | Train Loss: 0.6043 Acc: 0.6833 F1: 0.6831 | Val Loss: 0.5272 Acc: 0.6923 F1: 0.6848 | Train Meta: n/a | Val Meta: n/a
Epoch  13/50 | Train Loss: 0.5802 Acc: 0.6958 F1: 0.6958 | Val Loss: 0.4470 Acc: 0.8462 F1: 0.8452 | Train Meta: n/a | Val Meta: n/a
Validation Loss decreased (0.466961 --> 0.447003). Saving best model...
Epoch  14/50 | Train Loss: 0.5755 Acc: 0.7125 F1: 0.7098 | Val Loss: 0.4535 Acc: 0.8462 F1: 0.8462 | Train Meta: n/a | Val Meta: n/a
Epoch  15/50 | Train Loss: 0.5782 Acc: 0.7042 F1: 0.6998 | Val Loss: 0.4640 Acc: 0.8077 F1: 0.8074 | Train Meta: n/a | Val Meta: n/a
Epoch  16/50 | Train Loss: 0.5774 Acc: 0.6875 F1: 0.6874 | Val Loss: 0.4505 Acc: 0.8462 F1: 0.8462 | Train Meta: n/a | Val Meta: n/a
Epoch  17/50 | Train Loss: 0.5647 Acc: 0.7083 F1: 0.7063 | Val Loss: 0.4539 Acc: 0.8462 F1: 0.8462 | Train Meta: n/a | Val Meta: n/a
Epoch  18/50 | Train Loss: 0.5686 Acc: 0.7167 F1: 0.7128 | Val Loss: 0.4477 Acc: 0.8462 F1: 0.8462 | Train Meta: n/a | Val Meta: n/a
Epoch  19/50 | Train Loss: 0.5643 Acc: 0.6750 F1: 0.6749 | Val Loss: 0.4334 Acc: 0.8462 F1: 0.8462 | Train Meta: n/a | Val Meta: n/a
Validation Loss decreased (0.447003 --> 0.433367). Saving best model...
Epoch  20/50 | Train Loss: 0.5710 Acc: 0.7167 F1: 0.7133 | Val Loss: 0.4816 Acc: 0.7308 F1: 0.7271 | Train Meta: n/a | Val Meta: n/a
Epoch  21/50 | Train Loss: 0.5800 Acc: 0.6833 F1: 0.6801 | Val Loss: 0.4329 Acc: 0.8462 F1: 0.8462 | Train Meta: n/a | Val Meta: n/a
Validation Loss decreased (0.433367 --> 0.432938). Saving best model...
Epoch  22/50 | Train Loss: 0.5615 Acc: 0.7000 F1: 0.6990 | Val Loss: 0.4387 Acc: 0.8462 F1: 0.8462 | Train Meta: n/a | Val Meta: n/a
Epoch  23/50 | Train Loss: 0.5585 Acc: 0.7000 F1: 0.6995 | Val Loss: 0.4380 Acc: 0.8462 F1: 0.8462 | Train Meta: n/a | Val Meta: n/a
Epoch  24/50 | Train Loss: 0.5564 Acc: 0.7375 F1: 0.7330 | Val Loss: 0.4372 Acc: 0.8462 F1: 0.8462 | Train Meta: n/a | Val Meta: n/a
Epoch  25/50 | Train Loss: 0.5638 Acc: 0.6917 F1: 0.6903 | Val Loss: 0.4135 Acc: 0.8846 F1: 0.8844 | Train Meta: n/a | Val Meta: n/a
Validation Loss decreased (0.432938 --> 0.413496). Saving best model...
Epoch  26/50 | Train Loss: 0.5569 Acc: 0.7167 F1: 0.7143 | Val Loss: 0.4221 Acc: 0.8462 F1: 0.8462 | Train Meta: n/a | Val Meta: n/a
Epoch  27/50 | Train Loss: 0.5521 Acc: 0.7083 F1: 0.7049 | Val Loss: 0.4232 Acc: 0.8462 F1: 0.8462 | Train Meta: n/a | Val Meta: n/a
Epoch  28/50 | Train Loss: 0.5546 Acc: 0.6958 F1: 0.6946 | Val Loss: 0.4180 Acc: 0.8462 F1: 0.8462 | Train Meta: n/a | Val Meta: n/a
Epoch  29/50 | Train Loss: 0.5561 Acc: 0.6875 F1: 0.6841 | Val Loss: 0.4466 Acc: 0.8077 F1: 0.8074 | Train Meta: n/a | Val Meta: n/a
Epoch  30/50 | Train Loss: 0.5562 Acc: 0.7083 F1: 0.7031 | Val Loss: 0.4361 Acc: 0.8462 F1: 0.8462 | Train Meta: n/a | Val Meta: n/a
Epoch  31/50 | Train Loss: 0.5504 Acc: 0.7208 F1: 0.7200 | Val Loss: 0.3997 Acc: 0.8462 F1: 0.8424 | Train Meta: n/a | Val Meta: n/a
Validation Loss decreased (0.413496 --> 0.399683). Saving best model...
Epoch  32/50 | Train Loss: 0.5528 Acc: 0.7083 F1: 0.7054 | Val Loss: 0.4697 Acc: 0.7692 F1: 0.7679 | Train Meta: n/a | Val Meta: n/a
Epoch  33/50 | Train Loss: 0.5503 Acc: 0.6958 F1: 0.6954 | Val Loss: 0.4074 Acc: 0.8846 F1: 0.8802 | Train Meta: n/a | Val Meta: n/a
Epoch  34/50 | Train Loss: 0.5601 Acc: 0.7458 F1: 0.7426 | Val Loss: 0.5102 Acc: 0.6923 F1: 0.6848 | Train Meta: n/a | Val Meta: n/a
Epoch  35/50 | Train Loss: 0.5501 Acc: 0.6958 F1: 0.6956 | Val Loss: 0.4010 Acc: 0.8462 F1: 0.8462 | Train Meta: n/a | Val Meta: n/a
Epoch  36/50 | Train Loss: 0.5382 Acc: 0.7125 F1: 0.7098 | Val Loss: 0.4259 Acc: 0.8462 F1: 0.8462 | Train Meta: n/a | Val Meta: n/a
Epoch  37/50 | Train Loss: 0.5387 Acc: 0.7125 F1: 0.7103 | Val Loss: 0.4073 Acc: 0.8462 F1: 0.8462 | Train Meta: n/a | Val Meta: n/a
Epoch  38/50 | Train Loss: 0.5395 Acc: 0.7292 F1: 0.7257 | Val Loss: 0.4343 Acc: 0.8077 F1: 0.8074 | Train Meta: n/a | Val Meta: n/a
Epoch  39/50 | Train Loss: 0.5342 Acc: 0.7375 F1: 0.7355 | Val Loss: 0.4021 Acc: 0.8846 F1: 0.8844 | Train Meta: n/a | Val Meta: n/a
Epoch  40/50 | Train Loss: 0.5401 Acc: 0.7292 F1: 0.7257 | Val Loss: 0.4211 Acc: 0.8462 F1: 0.8462 | Train Meta: n/a | Val Meta: n/a
Epoch  41/50 | Train Loss: 0.5474 Acc: 0.7208 F1: 0.7178 | Val Loss: 0.3833 Acc: 0.8846 F1: 0.8831 | Train Meta: n/a | Val Meta: n/a
Validation Loss decreased (0.399683 --> 0.383316). Saving best model...
Epoch  42/50 | Train Loss: 0.5355 Acc: 0.7125 F1: 0.7103 | Val Loss: 0.4253 Acc: 0.8462 F1: 0.8462 | Train Meta: n/a | Val Meta: n/a
Epoch  43/50 | Train Loss: 0.5349 Acc: 0.7250 F1: 0.7206 | Val Loss: 0.3940 Acc: 0.8462 F1: 0.8462 | Train Meta: n/a | Val Meta: n/a
Epoch  44/50 | Train Loss: 0.5261 Acc: 0.7083 F1: 0.7070 | Val Loss: 0.4096 Acc: 0.8462 F1: 0.8462 | Train Meta: n/a | Val Meta: n/a
Epoch  45/50 | Train Loss: 0.5322 Acc: 0.7333 F1: 0.7291 | Val Loss: 0.4048 Acc: 0.8462 F1: 0.8462 | Train Meta: n/a | Val Meta: n/a
Epoch  46/50 | Train Loss: 0.5332 Acc: 0.7250 F1: 0.7200 | Val Loss: 0.4345 Acc: 0.8077 F1: 0.8074 | Train Meta: n/a | Val Meta: n/a
Epoch  47/50 | Train Loss: 0.5317 Acc: 0.7250 F1: 0.7217 | Val Loss: 0.4079 Acc: 0.8462 F1: 0.8462 | Train Meta: n/a | Val Meta: n/a
Epoch  48/50 | Train Loss: 0.5257 Acc: 0.7292 F1: 0.7271 | Val Loss: 0.3946 Acc: 0.8462 F1: 0.8462 | Train Meta: n/a | Val Meta: n/a
Epoch  49/50 | Train Loss: 0.5351 Acc: 0.7083 F1: 0.7070 | Val Loss: 0.4112 Acc: 0.8462 F1: 0.8462 | Train Meta: n/a | Val Meta: n/a
Epoch  50/50 | Train Loss: 0.5220 Acc: 0.7500 F1: 0.7460 | Val Loss: 0.3926 Acc: 0.8846 F1: 0.8844 | Train Meta: n/a | Val Meta: n/a

Classification Test Result (SelfRegulationSCP1)
Accuracy : 0.815700
F1 (macro): 0.812375
Saved attention maps for 3 sample(s) under ./runs/classification_electricity_to_SelfRegulationSCP1_laya_mixer_text_stats_joint/attention_maps
Joint metadata preview | dataset=SelfRegulationSCP2 | domain=UEA | channels=7
   - channel_1: In the UEA domain, this channel belongs to the SelfRegulationSCP2 dataset and represents the feature channel 1. Channel statistics over the training split: mean value is -0.000, standard deviation is 1.000, minimum value is -4.648, maximum value is 5.579, median value is 0.006, and mean absolute value is 0.774.
/data/pjh_workspace/ts-env/lib/python3.8/site-packages/torch/nn/modules/transformer.py:307: UserWarning: enable_nested_tensor is True, but self.use_nested_tensor is False because encoder_layer.norm_first was True
  warnings.warn(f"enable_nested_tensor is True, but self.use_nested_tensor is False because {why_not_sparsity_fast_path}")
==================================================
🚀 Architecture: LAYA
📊 Target Dataset: SelfRegulationSCP2 (Channels: 7)
📊 Pretrain Info: electricity
📊 Classes: 2 | Sequence Length: 1152
==================================================
✅ Loaded pretrained encoder from ./checkpoints/electricity_laya_mixer_text_stats_joint/laya_ts_electricity_s_best.pt
   - 101/101 keys matched.
✅ Encoder is FROZEN (Linear Probing mode).
📝 metadata: mode=text_stats_joint, fusion=add, relation=none
ℹ️  Metadata Fusion Mode: add
ℹ️  Channel Mixer Relation Mode: none
ℹ️  Encoder Variant: default
ℹ️  Channel Adapter: disabled for Laya downstream (mixer)
ℹ️  Channel Relation Block: disabled
✅ ClassificationHead: [B, 256] → [B, 2]
Epoch   1/50 | Train Loss: 0.7454 Acc: 0.5057 F1: 0.4955 | Val Loss: 0.7654 Acc: 0.4000 F1: 0.2857 | Train Meta: n/a | Val Meta: n/a
Validation Loss decreased (inf --> 0.765364). Saving best model...
Epoch   2/50 | Train Loss: 0.6833 Acc: 0.5398 F1: 0.5354 | Val Loss: 0.7000 Acc: 0.5000 F1: 0.3333 | Train Meta: n/a | Val Meta: n/a
Validation Loss decreased (0.765364 --> 0.700017). Saving best model...
Epoch   3/50 | Train Loss: 0.7019 Acc: 0.4716 F1: 0.4677 | Val Loss: 0.7417 Acc: 0.4000 F1: 0.2857 | Train Meta: n/a | Val Meta: n/a
Epoch   4/50 | Train Loss: 0.6856 Acc: 0.4545 F1: 0.4488 | Val Loss: 0.7063 Acc: 0.4000 F1: 0.3750 | Train Meta: n/a | Val Meta: n/a
Epoch   5/50 | Train Loss: 0.6858 Acc: 0.5341 F1: 0.4681 | Val Loss: 0.7270 Acc: 0.3500 F1: 0.3484 | Train Meta: n/a | Val Meta: n/a
Epoch   6/50 | Train Loss: 0.6923 Acc: 0.5114 F1: 0.4685 | Val Loss: 0.7116 Acc: 0.4500 F1: 0.4133 | Train Meta: n/a | Val Meta: n/a
Epoch   7/50 | Train Loss: 0.7109 Acc: 0.5000 F1: 0.3698 | Val Loss: 0.7298 Acc: 0.3500 F1: 0.3067 | Train Meta: n/a | Val Meta: n/a
Epoch   8/50 | Train Loss: 0.6953 Acc: 0.4773 F1: 0.4032 | Val Loss: 0.7068 Acc: 0.4500 F1: 0.3103 | Train Meta: n/a | Val Meta: n/a
Epoch   9/50 | Train Loss: 0.6827 Acc: 0.4943 F1: 0.3667 | Val Loss: 0.7234 Acc: 0.4000 F1: 0.3407 | Train Meta: n/a | Val Meta: n/a
Epoch  10/50 | Train Loss: 0.6890 Acc: 0.5000 F1: 0.4437 | Val Loss: 0.7138 Acc: 0.3000 F1: 0.2708 | Train Meta: n/a | Val Meta: n/a
Epoch  11/50 | Train Loss: 0.6750 Acc: 0.4943 F1: 0.3821 | Val Loss: 0.7262 Acc: 0.2500 F1: 0.2327 | Train Meta: n/a | Val Meta: n/a
Epoch  12/50 | Train Loss: 0.6758 Acc: 0.5511 F1: 0.5469 | Val Loss: 0.7188 Acc: 0.4500 F1: 0.4133 | Train Meta: n/a | Val Meta: n/a
Epoch  13/50 | Train Loss: 0.6845 Acc: 0.4716 F1: 0.3881 | Val Loss: 0.7180 Acc: 0.2500 F1: 0.2327 | Train Meta: n/a | Val Meta: n/a
Epoch  14/50 | Train Loss: 0.6740 Acc: 0.5398 F1: 0.4858 | Val Loss: 0.7079 Acc: 0.4500 F1: 0.3103 | Train Meta: n/a | Val Meta: n/a
Epoch  15/50 | Train Loss: 0.6763 Acc: 0.4716 F1: 0.4654 | Val Loss: 0.7303 Acc: 0.3500 F1: 0.2593 | Train Meta: n/a | Val Meta: n/a
Epoch  16/50 | Train Loss: 0.6794 Acc: 0.4602 F1: 0.4601 | Val Loss: 0.7122 Acc: 0.4000 F1: 0.2857 | Train Meta: n/a | Val Meta: n/a
Epoch  17/50 | Train Loss: 0.6701 Acc: 0.5739 F1: 0.5620 | Val Loss: 0.7303 Acc: 0.3500 F1: 0.3067 | Train Meta: n/a | Val Meta: n/a
Epoch  18/50 | Train Loss: 0.6755 Acc: 0.4659 F1: 0.3845 | Val Loss: 0.7256 Acc: 0.2500 F1: 0.2000 | Train Meta: n/a | Val Meta: n/a
Epoch  19/50 | Train Loss: 0.6730 Acc: 0.5114 F1: 0.5108 | Val Loss: 0.7332 Acc: 0.4000 F1: 0.2857 | Train Meta: n/a | Val Meta: n/a
Epoch  20/50 | Train Loss: 0.6711 Acc: 0.4830 F1: 0.4828 | Val Loss: 0.7185 Acc: 0.3500 F1: 0.3484 | Train Meta: n/a | Val Meta: n/a
Epoch  21/50 | Train Loss: 0.6759 Acc: 0.4943 F1: 0.4943 | Val Loss: 0.7107 Acc: 0.4500 F1: 0.3103 | Train Meta: n/a | Val Meta: n/a
Epoch  22/50 | Train Loss: 0.6802 Acc: 0.4830 F1: 0.4755 | Val Loss: 0.7240 Acc: 0.3500 F1: 0.3484 | Train Meta: n/a | Val Meta: n/a
Epoch  23/50 | Train Loss: 0.6706 Acc: 0.5625 F1: 0.5423 | Val Loss: 0.7243 Acc: 0.3500 F1: 0.3350 | Train Meta: n/a | Val Meta: n/a
Epoch  24/50 | Train Loss: 0.6756 Acc: 0.5227 F1: 0.5212 | Val Loss: 0.7136 Acc: 0.5000 F1: 0.3333 | Train Meta: n/a | Val Meta: n/a
Epoch  25/50 | Train Loss: 0.6761 Acc: 0.5398 F1: 0.5269 | Val Loss: 0.7557 Acc: 0.4000 F1: 0.2857 | Train Meta: n/a | Val Meta: n/a
Epoch  26/50 | Train Loss: 0.6683 Acc: 0.5568 F1: 0.5566 | Val Loss: 0.7097 Acc: 0.5000 F1: 0.4792 | Train Meta: n/a | Val Meta: n/a
Epoch  27/50 | Train Loss: 0.6661 Acc: 0.5284 F1: 0.5202 | Val Loss: 0.7539 Acc: 0.4000 F1: 0.2857 | Train Meta: n/a | Val Meta: n/a
Epoch  28/50 | Train Loss: 0.6713 Acc: 0.5511 F1: 0.4852 | Val Loss: 0.7196 Acc: 0.4000 F1: 0.3750 | Train Meta: n/a | Val Meta: n/a
Epoch  29/50 | Train Loss: 0.6734 Acc: 0.5114 F1: 0.5104 | Val Loss: 0.7340 Acc: 0.3500 F1: 0.3350 | Train Meta: n/a | Val Meta: n/a
Epoch  30/50 | Train Loss: 0.6778 Acc: 0.4943 F1: 0.4943 | Val Loss: 0.7274 Acc: 0.4000 F1: 0.4000 | Train Meta: n/a | Val Meta: n/a
Epoch  31/50 | Train Loss: 0.6671 Acc: 0.5795 F1: 0.5740 | Val Loss: 0.7170 Acc: 0.4000 F1: 0.3939 | Train Meta: n/a | Val Meta: n/a
Epoch  32/50 | Train Loss: 0.6697 Acc: 0.5284 F1: 0.5133 | Val Loss: 0.7513 Acc: 0.4000 F1: 0.2857 | Train Meta: n/a | Val Meta: n/a
Epoch  33/50 | Train Loss: 0.6866 Acc: 0.5341 F1: 0.4523 | Val Loss: 0.7126 Acc: 0.3500 F1: 0.2593 | Train Meta: n/a | Val Meta: n/a
Epoch  34/50 | Train Loss: 0.6873 Acc: 0.5341 F1: 0.4728 | Val Loss: 0.7496 Acc: 0.4000 F1: 0.2857 | Train Meta: n/a | Val Meta: n/a
Epoch  35/50 | Train Loss: 0.6831 Acc: 0.5000 F1: 0.3525 | Val Loss: 0.7453 Acc: 0.4000 F1: 0.3407 | Train Meta: n/a | Val Meta: n/a
Epoch  36/50 | Train Loss: 0.6807 Acc: 0.5114 F1: 0.4563 | Val Loss: 0.7184 Acc: 0.4000 F1: 0.3750 | Train Meta: n/a | Val Meta: n/a
Epoch  37/50 | Train Loss: 0.6738 Acc: 0.4886 F1: 0.4789 | Val Loss: 0.7995 Acc: 0.4000 F1: 0.2857 | Train Meta: n/a | Val Meta: n/a
Epoch  38/50 | Train Loss: 0.7034 Acc: 0.4830 F1: 0.4828 | Val Loss: 0.7156 Acc: 0.4500 F1: 0.4133 | Train Meta: n/a | Val Meta: n/a
Epoch  39/50 | Train Loss: 0.6681 Acc: 0.5739 F1: 0.5468 | Val Loss: 0.7699 Acc: 0.4000 F1: 0.2857 | Train Meta: n/a | Val Meta: n/a
Epoch  40/50 | Train Loss: 0.6750 Acc: 0.5057 F1: 0.5037 | Val Loss: 0.7245 Acc: 0.4000 F1: 0.3939 | Train Meta: n/a | Val Meta: n/a
Epoch  41/50 | Train Loss: 0.6722 Acc: 0.5284 F1: 0.4922 | Val Loss: 0.7547 Acc: 0.4000 F1: 0.2857 | Train Meta: n/a | Val Meta: n/a
Epoch  42/50 | Train Loss: 0.6709 Acc: 0.5455 F1: 0.5426 | Val Loss: 0.7275 Acc: 0.3500 F1: 0.3350 | Train Meta: n/a | Val Meta: n/a
Epoch  43/50 | Train Loss: 0.6693 Acc: 0.5227 F1: 0.5177 | Val Loss: 0.7436 Acc: 0.4000 F1: 0.3407 | Train Meta: n/a | Val Meta: n/a
Epoch  44/50 | Train Loss: 0.6701 Acc: 0.5455 F1: 0.5055 | Val Loss: 0.7211 Acc: 0.4000 F1: 0.3939 | Train Meta: n/a | Val Meta: n/a
Epoch  45/50 | Train Loss: 0.6715 Acc: 0.5398 F1: 0.5106 | Val Loss: 0.7151 Acc: 0.4500 F1: 0.4373 | Train Meta: n/a | Val Meta: n/a
Epoch  46/50 | Train Loss: 0.6743 Acc: 0.5170 F1: 0.4921 | Val Loss: 0.7545 Acc: 0.3500 F1: 0.2593 | Train Meta: n/a | Val Meta: n/a
Epoch  47/50 | Train Loss: 0.6757 Acc: 0.5227 F1: 0.4330 | Val Loss: 0.7233 Acc: 0.4500 F1: 0.4486 | Train Meta: n/a | Val Meta: n/a
Epoch  48/50 | Train Loss: 0.6922 Acc: 0.5000 F1: 0.4522 | Val Loss: 0.7644 Acc: 0.4000 F1: 0.2857 | Train Meta: n/a | Val Meta: n/a
Epoch  49/50 | Train Loss: 0.6758 Acc: 0.5455 F1: 0.4657 | Val Loss: 0.7281 Acc: 0.4000 F1: 0.4000 | Train Meta: n/a | Val Meta: n/a
Epoch  50/50 | Train Loss: 0.6882 Acc: 0.5398 F1: 0.4815 | Val Loss: 0.7390 Acc: 0.3000 F1: 0.2929 | Train Meta: n/a | Val Meta: n/a

Classification Test Result (SelfRegulationSCP2)
Accuracy : 0.505556
F1 (macro): 0.354839
Saved attention maps for 3 sample(s) under ./runs/classification_electricity_to_SelfRegulationSCP2_laya_mixer_text_stats_joint/attention_maps
Joint metadata preview | dataset=SpokenArabicDigits | domain=UEA | channels=13
   - channel_1: In the UEA domain, this channel belongs to the SpokenArabicDigits dataset and represents the feature channel 1. Channel statistics over the training split: mean value is -0.000, standard deviation is 0.999, minimum value is -5.497, maximum value is 4.002, median value is -0.412, and mean absolute value is 0.748.
/data/pjh_workspace/ts-env/lib/python3.8/site-packages/torch/nn/modules/transformer.py:307: UserWarning: enable_nested_tensor is True, but self.use_nested_tensor is False because encoder_layer.norm_first was True
  warnings.warn(f"enable_nested_tensor is True, but self.use_nested_tensor is False because {why_not_sparsity_fast_path}")
==================================================
🚀 Architecture: LAYA
📊 Target Dataset: SpokenArabicDigits (Channels: 13)
📊 Pretrain Info: electricity
📊 Classes: 10 | Sequence Length: 93
==================================================
✅ Loaded pretrained encoder from ./checkpoints/electricity_laya_mixer_text_stats_joint/laya_ts_electricity_s_best.pt
   - 101/101 keys matched.
✅ Encoder is FROZEN (Linear Probing mode).
📝 metadata: mode=text_stats_joint, fusion=add, relation=none
ℹ️  Metadata Fusion Mode: add
ℹ️  Channel Mixer Relation Mode: none
ℹ️  Encoder Variant: default
ℹ️  Channel Adapter: disabled for Laya downstream (mixer)
ℹ️  Channel Relation Block: disabled
✅ ClassificationHead: [B, 256] → [B, 10]
Epoch   1/50 | Train Loss: 2.1395 Acc: 0.2357 F1: 0.2258 | Val Loss: 1.9516 Acc: 0.3551 F1: 0.3047 | Train Meta: n/a | Val Meta: n/a
Validation Loss decreased (inf --> 1.951642). Saving best model...
Epoch   2/50 | Train Loss: 1.8540 Acc: 0.3878 F1: 0.3704 | Val Loss: 1.7427 Acc: 0.4674 F1: 0.4449 | Train Meta: n/a | Val Meta: n/a
Validation Loss decreased (1.951642 --> 1.742659). Saving best model...
Epoch   3/50 | Train Loss: 1.6779 Acc: 0.4680 F1: 0.4571 | Val Loss: 1.5911 Acc: 0.5099 F1: 0.5039 | Train Meta: n/a | Val Meta: n/a
Validation Loss decreased (1.742659 --> 1.591061). Saving best model...
Epoch   4/50 | Train Loss: 1.5538 Acc: 0.5086 F1: 0.4959 | Val Loss: 1.5388 Acc: 0.4325 F1: 0.4321 | Train Meta: n/a | Val Meta: n/a
Validation Loss decreased (1.591061 --> 1.538802). Saving best model...
Epoch   5/50 | Train Loss: 1.4659 Acc: 0.5323 F1: 0.5230 | Val Loss: 1.4412 Acc: 0.5220 F1: 0.4946 | Train Meta: n/a | Val Meta: n/a
Validation Loss decreased (1.538802 --> 1.441160). Saving best model...
Epoch   6/50 | Train Loss: 1.3839 Acc: 0.5731 F1: 0.5644 | Val Loss: 1.3734 Acc: 0.5524 F1: 0.5387 | Train Meta: n/a | Val Meta: n/a
Validation Loss decreased (1.441160 --> 1.373353). Saving best model...
Epoch   7/50 | Train Loss: 1.3344 Acc: 0.5831 F1: 0.5745 | Val Loss: 1.3010 Acc: 0.5827 F1: 0.5788 | Train Meta: n/a | Val Meta: n/a
Validation Loss decreased (1.373353 --> 1.300997). Saving best model...
Epoch   8/50 | Train Loss: 1.2824 Acc: 0.6024 F1: 0.5957 | Val Loss: 1.2719 Acc: 0.5857 F1: 0.5791 | Train Meta: n/a | Val Meta: n/a
Validation Loss decreased (1.300997 --> 1.271857). Saving best model...
Epoch   9/50 | Train Loss: 1.2403 Acc: 0.6130 F1: 0.6062 | Val Loss: 1.2261 Acc: 0.5948 F1: 0.5818 | Train Meta: n/a | Val Meta: n/a
Validation Loss decreased (1.271857 --> 1.226132). Saving best model...
Epoch  10/50 | Train Loss: 1.2090 Acc: 0.6248 F1: 0.6176 | Val Loss: 1.1879 Acc: 0.6176 F1: 0.6055 | Train Meta: n/a | Val Meta: n/a
Validation Loss decreased (1.226132 --> 1.187885). Saving best model...
Epoch  11/50 | Train Loss: 1.1755 Acc: 0.6311 F1: 0.6246 | Val Loss: 1.1440 Acc: 0.6495 F1: 0.6459 | Train Meta: n/a | Val Meta: n/a
Validation Loss decreased (1.187885 --> 1.143954). Saving best model...
Epoch  12/50 | Train Loss: 1.1441 Acc: 0.6375 F1: 0.6313 | Val Loss: 1.1462 Acc: 0.6419 F1: 0.6371 | Train Meta: n/a | Val Meta: n/a
Epoch  13/50 | Train Loss: 1.1221 Acc: 0.6444 F1: 0.6388 | Val Loss: 1.1222 Acc: 0.6419 F1: 0.6345 | Train Meta: n/a | Val Meta: n/a
Validation Loss decreased (1.143954 --> 1.122170). Saving best model...
Epoch  14/50 | Train Loss: 1.0972 Acc: 0.6540 F1: 0.6492 | Val Loss: 1.0854 Acc: 0.6464 F1: 0.6417 | Train Meta: n/a | Val Meta: n/a
Validation Loss decreased (1.122170 --> 1.085409). Saving best model...
Epoch  15/50 | Train Loss: 1.0801 Acc: 0.6612 F1: 0.6574 | Val Loss: 1.0617 Acc: 0.6510 F1: 0.6426 | Train Meta: n/a | Val Meta: n/a
Validation Loss decreased (1.085409 --> 1.061711). Saving best model...
Epoch  16/50 | Train Loss: 1.0634 Acc: 0.6636 F1: 0.6596 | Val Loss: 1.0715 Acc: 0.6419 F1: 0.6353 | Train Meta: n/a | Val Meta: n/a
Epoch  17/50 | Train Loss: 1.0408 Acc: 0.6725 F1: 0.6688 | Val Loss: 1.0436 Acc: 0.6525 F1: 0.6428 | Train Meta: n/a | Val Meta: n/a
Validation Loss decreased (1.061711 --> 1.043631). Saving best model...
Epoch  18/50 | Train Loss: 1.0283 Acc: 0.6737 F1: 0.6693 | Val Loss: 1.0490 Acc: 0.6373 F1: 0.6344 | Train Meta: n/a | Val Meta: n/a
Epoch  19/50 | Train Loss: 1.0138 Acc: 0.6776 F1: 0.6734 | Val Loss: 1.0080 Acc: 0.6662 F1: 0.6643 | Train Meta: n/a | Val Meta: n/a
Validation Loss decreased (1.043631 --> 1.008038). Saving best model...
Epoch  20/50 | Train Loss: 1.0000 Acc: 0.6831 F1: 0.6802 | Val Loss: 1.0060 Acc: 0.6692 F1: 0.6581 | Train Meta: n/a | Val Meta: n/a
Validation Loss decreased (1.008038 --> 1.006041). Saving best model...
Epoch  21/50 | Train Loss: 0.9882 Acc: 0.6782 F1: 0.6746 | Val Loss: 1.0030 Acc: 0.6662 F1: 0.6611 | Train Meta: n/a | Val Meta: n/a
Validation Loss decreased (1.006041 --> 1.003005). Saving best model...
Epoch  22/50 | Train Loss: 0.9755 Acc: 0.6910 F1: 0.6873 | Val Loss: 0.9768 Acc: 0.6677 F1: 0.6605 | Train Meta: n/a | Val Meta: n/a
Validation Loss decreased (1.003005 --> 0.976792). Saving best model...
Epoch  23/50 | Train Loss: 0.9625 Acc: 0.6939 F1: 0.6908 | Val Loss: 0.9707 Acc: 0.6722 F1: 0.6728 | Train Meta: n/a | Val Meta: n/a
Validation Loss decreased (0.976792 --> 0.970672). Saving best model...
Epoch  24/50 | Train Loss: 0.9559 Acc: 0.6937 F1: 0.6908 | Val Loss: 0.9729 Acc: 0.6722 F1: 0.6684 | Train Meta: n/a | Val Meta: n/a
Epoch  25/50 | Train Loss: 0.9451 Acc: 0.7008 F1: 0.6981 | Val Loss: 0.9447 Acc: 0.6904 F1: 0.6872 | Train Meta: n/a | Val Meta: n/a
Validation Loss decreased (0.970672 --> 0.944678). Saving best model...
Epoch  26/50 | Train Loss: 0.9345 Acc: 0.7010 F1: 0.6982 | Val Loss: 0.9377 Acc: 0.6859 F1: 0.6772 | Train Meta: n/a | Val Meta: n/a
Validation Loss decreased (0.944678 --> 0.937709). Saving best model...
Epoch  27/50 | Train Loss: 0.9277 Acc: 0.7043 F1: 0.7015 | Val Loss: 0.9328 Acc: 0.6904 F1: 0.6843 | Train Meta: n/a | Val Meta: n/a
Validation Loss decreased (0.937709 --> 0.932814). Saving best model...
Epoch  28/50 | Train Loss: 0.9178 Acc: 0.7097 F1: 0.7074 | Val Loss: 0.9194 Acc: 0.6889 F1: 0.6828 | Train Meta: n/a | Val Meta: n/a
Validation Loss decreased (0.932814 --> 0.919432). Saving best model...
Epoch  29/50 | Train Loss: 0.9106 Acc: 0.7072 F1: 0.7046 | Val Loss: 0.9145 Acc: 0.7102 F1: 0.7115 | Train Meta: n/a | Val Meta: n/a
Validation Loss decreased (0.919432 --> 0.914536). Saving best model...
Epoch  30/50 | Train Loss: 0.9001 Acc: 0.7123 F1: 0.7097 | Val Loss: 0.9016 Acc: 0.6935 F1: 0.6915 | Train Meta: n/a | Val Meta: n/a
Validation Loss decreased (0.914536 --> 0.901625). Saving best model...
Epoch  31/50 | Train Loss: 0.8945 Acc: 0.7151 F1: 0.7128 | Val Loss: 0.9092 Acc: 0.6889 F1: 0.6869 | Train Meta: n/a | Val Meta: n/a
Epoch  32/50 | Train Loss: 0.8912 Acc: 0.7131 F1: 0.7104 | Val Loss: 0.9015 Acc: 0.6965 F1: 0.6989 | Train Meta: n/a | Val Meta: n/a
Validation Loss decreased (0.901625 --> 0.901519). Saving best model...
Epoch  33/50 | Train Loss: 0.8812 Acc: 0.7210 F1: 0.7189 | Val Loss: 0.9012 Acc: 0.7026 F1: 0.7000 | Train Meta: n/a | Val Meta: n/a
Validation Loss decreased (0.901519 --> 0.901169). Saving best model...
Epoch  34/50 | Train Loss: 0.8753 Acc: 0.7236 F1: 0.7210 | Val Loss: 0.8991 Acc: 0.6935 F1: 0.6920 | Train Meta: n/a | Val Meta: n/a
Validation Loss decreased (0.901169 --> 0.899053). Saving best model...
Epoch  35/50 | Train Loss: 0.8672 Acc: 0.7257 F1: 0.7233 | Val Loss: 0.8844 Acc: 0.6995 F1: 0.6959 | Train Meta: n/a | Val Meta: n/a
Validation Loss decreased (0.899053 --> 0.884398). Saving best model...
Epoch  36/50 | Train Loss: 0.8641 Acc: 0.7268 F1: 0.7243 | Val Loss: 0.8790 Acc: 0.7071 F1: 0.7027 | Train Meta: n/a | Val Meta: n/a
Validation Loss decreased (0.884398 --> 0.879045). Saving best model...
Epoch  37/50 | Train Loss: 0.8577 Acc: 0.7247 F1: 0.7229 | Val Loss: 0.8610 Acc: 0.6995 F1: 0.6994 | Train Meta: n/a | Val Meta: n/a
Validation Loss decreased (0.879045 --> 0.861001). Saving best model...
Epoch  38/50 | Train Loss: 0.8534 Acc: 0.7266 F1: 0.7244 | Val Loss: 0.8691 Acc: 0.7071 F1: 0.7056 | Train Meta: n/a | Val Meta: n/a
Epoch  39/50 | Train Loss: 0.8477 Acc: 0.7278 F1: 0.7262 | Val Loss: 0.8685 Acc: 0.6950 F1: 0.6902 | Train Meta: n/a | Val Meta: n/a
Epoch  40/50 | Train Loss: 0.8424 Acc: 0.7293 F1: 0.7274 | Val Loss: 0.8538 Acc: 0.7117 F1: 0.7139 | Train Meta: n/a | Val Meta: n/a
Validation Loss decreased (0.861001 --> 0.853750). Saving best model...
Epoch  41/50 | Train Loss: 0.8388 Acc: 0.7352 F1: 0.7341 | Val Loss: 0.8583 Acc: 0.7132 F1: 0.7152 | Train Meta: n/a | Val Meta: n/a
Epoch  42/50 | Train Loss: 0.8289 Acc: 0.7401 F1: 0.7384 | Val Loss: 0.8351 Acc: 0.7117 F1: 0.7074 | Train Meta: n/a | Val Meta: n/a
Validation Loss decreased (0.853750 --> 0.835092). Saving best model...
Epoch  43/50 | Train Loss: 0.8272 Acc: 0.7348 F1: 0.7331 | Val Loss: 0.8411 Acc: 0.7117 F1: 0.7134 | Train Meta: n/a | Val Meta: n/a
Epoch  44/50 | Train Loss: 0.8235 Acc: 0.7365 F1: 0.7352 | Val Loss: 0.8240 Acc: 0.7314 F1: 0.7310 | Train Meta: n/a | Val Meta: n/a
Validation Loss decreased (0.835092 --> 0.824049). Saving best model...
Epoch  45/50 | Train Loss: 0.8128 Acc: 0.7397 F1: 0.7381 | Val Loss: 0.8357 Acc: 0.7193 F1: 0.7206 | Train Meta: n/a | Val Meta: n/a
Epoch  46/50 | Train Loss: 0.8115 Acc: 0.7429 F1: 0.7410 | Val Loss: 0.8256 Acc: 0.7041 F1: 0.7023 | Train Meta: n/a | Val Meta: n/a
Epoch  47/50 | Train Loss: 0.8110 Acc: 0.7455 F1: 0.7440 | Val Loss: 0.8173 Acc: 0.7208 F1: 0.7188 | Train Meta: n/a | Val Meta: n/a
Validation Loss decreased (0.824049 --> 0.817262). Saving best model...
Epoch  48/50 | Train Loss: 0.8051 Acc: 0.7421 F1: 0.7407 | Val Loss: 0.8362 Acc: 0.7253 F1: 0.7180 | Train Meta: n/a | Val Meta: n/a
Epoch  49/50 | Train Loss: 0.8018 Acc: 0.7470 F1: 0.7453 | Val Loss: 0.8140 Acc: 0.7360 F1: 0.7323 | Train Meta: n/a | Val Meta: n/a
Validation Loss decreased (0.817262 --> 0.813980). Saving best model...
Epoch  50/50 | Train Loss: 0.7987 Acc: 0.7478 F1: 0.7464 | Val Loss: 0.8239 Acc: 0.7208 F1: 0.7201 | Train Meta: n/a | Val Meta: n/a

Classification Test Result (SpokenArabicDigits)
Accuracy : 0.404275
F1 (macro): 0.394470
Saved attention maps for 3 sample(s) under ./runs/classification_electricity_to_SpokenArabicDigits_laya_mixer_text_stats_joint/attention_maps
Joint metadata preview | dataset=UWaveGestureLibrary | domain=UEA | channels=3
   - channel_1: In the UEA domain, this channel belongs to the UWaveGestureLibrary dataset and represents the feature channel 1. Channel statistics over the training split: mean value is 0.000, standard deviation is 1.000, minimum value is -3.292, maximum value is 3.158, median value is 0.006, and mean absolute value is 0.835.
/data/pjh_workspace/ts-env/lib/python3.8/site-packages/torch/nn/modules/transformer.py:307: UserWarning: enable_nested_tensor is True, but self.use_nested_tensor is False because encoder_layer.norm_first was True
  warnings.warn(f"enable_nested_tensor is True, but self.use_nested_tensor is False because {why_not_sparsity_fast_path}")
==================================================
🚀 Architecture: LAYA
📊 Target Dataset: UWaveGestureLibrary (Channels: 3)
📊 Pretrain Info: electricity
📊 Classes: 8 | Sequence Length: 315
==================================================
✅ Loaded pretrained encoder from ./checkpoints/electricity_laya_mixer_text_stats_joint/laya_ts_electricity_s_best.pt
   - 101/101 keys matched.
✅ Encoder is FROZEN (Linear Probing mode).
📝 metadata: mode=text_stats_joint, fusion=add, relation=none
ℹ️  Metadata Fusion Mode: add
ℹ️  Channel Mixer Relation Mode: none
ℹ️  Encoder Variant: default
ℹ️  Channel Adapter: disabled for Laya downstream (mixer)
ℹ️  Channel Relation Block: disabled
✅ ClassificationHead: [B, 256] → [B, 8]
Epoch   1/50 | Train Loss: 1.8896 Acc: 0.1458 F1: 0.0942 | Val Loss: 2.0409 Acc: 0.1667 F1: 0.1190 | Train Meta: n/a | Val Meta: n/a
Validation Loss decreased (inf --> 2.040869). Saving best model...
Epoch   2/50 | Train Loss: 1.8415 Acc: 0.1667 F1: 0.0781 | Val Loss: 2.0081 Acc: 0.0000 F1: 0.0000 | Train Meta: n/a | Val Meta: n/a
Validation Loss decreased (2.040869 --> 2.008084). Saving best model...
Epoch   3/50 | Train Loss: 1.8103 Acc: 0.1458 F1: 0.0521 | Val Loss: 1.9954 Acc: 0.1667 F1: 0.1458 | Train Meta: n/a | Val Meta: n/a
Validation Loss decreased (2.008084 --> 1.995439). Saving best model...
Epoch   4/50 | Train Loss: 1.7681 Acc: 0.2812 F1: 0.2305 | Val Loss: 1.9394 Acc: 0.4167 F1: 0.3333 | Train Meta: n/a | Val Meta: n/a
Validation Loss decreased (1.995439 --> 1.939374). Saving best model...
Epoch   5/50 | Train Loss: 1.7409 Acc: 0.3125 F1: 0.2503 | Val Loss: 1.8913 Acc: 0.4167 F1: 0.3175 | Train Meta: n/a | Val Meta: n/a
Validation Loss decreased (1.939374 --> 1.891333). Saving best model...
Epoch   6/50 | Train Loss: 1.7277 Acc: 0.3021 F1: 0.2362 | Val Loss: 1.8767 Acc: 0.3333 F1: 0.2413 | Train Meta: n/a | Val Meta: n/a
Validation Loss decreased (1.891333 --> 1.876682). Saving best model...
Epoch   7/50 | Train Loss: 1.6987 Acc: 0.3750 F1: 0.2995 | Val Loss: 1.8342 Acc: 0.6667 F1: 0.7429 | Train Meta: n/a | Val Meta: n/a
Validation Loss decreased (1.876682 --> 1.834200). Saving best model...
Epoch   8/50 | Train Loss: 1.6789 Acc: 0.4062 F1: 0.3357 | Val Loss: 1.8461 Acc: 0.4167 F1: 0.2583 | Train Meta: n/a | Val Meta: n/a
Epoch   9/50 | Train Loss: 1.6633 Acc: 0.3750 F1: 0.3124 | Val Loss: 1.8201 Acc: 0.5000 F1: 0.3905 | Train Meta: n/a | Val Meta: n/a
Validation Loss decreased (1.834200 --> 1.820107). Saving best model...
Epoch  10/50 | Train Loss: 1.6375 Acc: 0.3646 F1: 0.2899 | Val Loss: 1.7716 Acc: 0.4167 F1: 0.2929 | Train Meta: n/a | Val Meta: n/a
Validation Loss decreased (1.820107 --> 1.771593). Saving best model...
Epoch  11/50 | Train Loss: 1.6401 Acc: 0.3125 F1: 0.2647 | Val Loss: 1.7162 Acc: 0.5833 F1: 0.3589 | Train Meta: n/a | Val Meta: n/a
Validation Loss decreased (1.771593 --> 1.716220). Saving best model...
Epoch  12/50 | Train Loss: 1.6256 Acc: 0.3646 F1: 0.3348 | Val Loss: 1.6475 Acc: 0.9167 F1: 0.8413 | Train Meta: n/a | Val Meta: n/a
Validation Loss decreased (1.716220 --> 1.647475). Saving best model...
Epoch  13/50 | Train Loss: 1.5921 Acc: 0.3854 F1: 0.2994 | Val Loss: 1.6488 Acc: 0.5833 F1: 0.5000 | Train Meta: n/a | Val Meta: n/a
Epoch  14/50 | Train Loss: 1.5885 Acc: 0.4062 F1: 0.3076 | Val Loss: 1.6896 Acc: 0.3333 F1: 0.1964 | Train Meta: n/a | Val Meta: n/a
Epoch  15/50 | Train Loss: 1.5629 Acc: 0.4375 F1: 0.3411 | Val Loss: 1.6609 Acc: 0.4167 F1: 0.2607 | Train Meta: n/a | Val Meta: n/a
Epoch  16/50 | Train Loss: 1.5381 Acc: 0.4375 F1: 0.3416 | Val Loss: 1.6428 Acc: 0.4167 F1: 0.2607 | Train Meta: n/a | Val Meta: n/a
Validation Loss decreased (1.647475 --> 1.642828). Saving best model...
Epoch  17/50 | Train Loss: 1.5612 Acc: 0.4062 F1: 0.3584 | Val Loss: 1.6616 Acc: 0.5000 F1: 0.4218 | Train Meta: n/a | Val Meta: n/a
Epoch  18/50 | Train Loss: 1.5360 Acc: 0.4375 F1: 0.3557 | Val Loss: 1.5816 Acc: 0.5000 F1: 0.4408 | Train Meta: n/a | Val Meta: n/a
Validation Loss decreased (1.642828 --> 1.581590). Saving best model...
Epoch  19/50 | Train Loss: 1.5085 Acc: 0.5417 F1: 0.4720 | Val Loss: 1.5562 Acc: 0.3333 F1: 0.1964 | Train Meta: n/a | Val Meta: n/a
Validation Loss decreased (1.581590 --> 1.556217). Saving best model...
Epoch  20/50 | Train Loss: 1.5053 Acc: 0.4896 F1: 0.4054 | Val Loss: 1.5078 Acc: 0.5833 F1: 0.2902 | Train Meta: n/a | Val Meta: n/a
Validation Loss decreased (1.556217 --> 1.507757). Saving best model...
Epoch  21/50 | Train Loss: 1.4750 Acc: 0.4896 F1: 0.3787 | Val Loss: 1.5462 Acc: 0.4167 F1: 0.2607 | Train Meta: n/a | Val Meta: n/a
Epoch  22/50 | Train Loss: 1.5045 Acc: 0.4479 F1: 0.3796 | Val Loss: 1.4925 Acc: 0.4167 F1: 0.2607 | Train Meta: n/a | Val Meta: n/a
Validation Loss decreased (1.507757 --> 1.492502). Saving best model...
Epoch  23/50 | Train Loss: 1.4726 Acc: 0.4896 F1: 0.4033 | Val Loss: 1.5010 Acc: 0.4167 F1: 0.3673 | Train Meta: n/a | Val Meta: n/a
Epoch  24/50 | Train Loss: 1.4455 Acc: 0.4792 F1: 0.4039 | Val Loss: 1.5472 Acc: 0.5000 F1: 0.4408 | Train Meta: n/a | Val Meta: n/a
Epoch  25/50 | Train Loss: 1.4699 Acc: 0.3750 F1: 0.2944 | Val Loss: 1.5096 Acc: 0.4167 F1: 0.3197 | Train Meta: n/a | Val Meta: n/a
Epoch  26/50 | Train Loss: 1.4487 Acc: 0.4896 F1: 0.4041 | Val Loss: 1.4159 Acc: 0.5833 F1: 0.2902 | Train Meta: n/a | Val Meta: n/a
Validation Loss decreased (1.492502 --> 1.415910). Saving best model...
Epoch  27/50 | Train Loss: 1.4397 Acc: 0.4688 F1: 0.3896 | Val Loss: 1.3768 Acc: 0.6667 F1: 0.3194 | Train Meta: n/a | Val Meta: n/a
Validation Loss decreased (1.415910 --> 1.376777). Saving best model...
Epoch  28/50 | Train Loss: 1.4485 Acc: 0.4688 F1: 0.3990 | Val Loss: 1.3698 Acc: 0.6667 F1: 0.3194 | Train Meta: n/a | Val Meta: n/a
Validation Loss decreased (1.376777 --> 1.369760). Saving best model...
Epoch  29/50 | Train Loss: 1.4251 Acc: 0.5208 F1: 0.4904 | Val Loss: 1.3743 Acc: 0.4167 F1: 0.2929 | Train Meta: n/a | Val Meta: n/a
Epoch  30/50 | Train Loss: 1.4221 Acc: 0.4271 F1: 0.3562 | Val Loss: 1.3993 Acc: 0.4167 F1: 0.2980 | Train Meta: n/a | Val Meta: n/a
Epoch  31/50 | Train Loss: 1.4234 Acc: 0.4271 F1: 0.3983 | Val Loss: 1.3726 Acc: 0.6667 F1: 0.5190 | Train Meta: n/a | Val Meta: n/a
Epoch  32/50 | Train Loss: 1.4027 Acc: 0.5000 F1: 0.4975 | Val Loss: 1.3737 Acc: 0.5833 F1: 0.3036 | Train Meta: n/a | Val Meta: n/a
Epoch  33/50 | Train Loss: 1.3923 Acc: 0.5625 F1: 0.5332 | Val Loss: 1.3868 Acc: 0.5000 F1: 0.2798 | Train Meta: n/a | Val Meta: n/a
Epoch  34/50 | Train Loss: 1.3632 Acc: 0.4792 F1: 0.4155 | Val Loss: 1.3765 Acc: 0.4167 F1: 0.2500 | Train Meta: n/a | Val Meta: n/a
Epoch  35/50 | Train Loss: 1.3528 Acc: 0.5417 F1: 0.4560 | Val Loss: 1.3278 Acc: 0.5833 F1: 0.3583 | Train Meta: n/a | Val Meta: n/a
Validation Loss decreased (1.369760 --> 1.327831). Saving best model...
Epoch  36/50 | Train Loss: 1.3804 Acc: 0.5312 F1: 0.4960 | Val Loss: 1.3116 Acc: 0.5833 F1: 0.4048 | Train Meta: n/a | Val Meta: n/a
Validation Loss decreased (1.327831 --> 1.311560). Saving best model...
Epoch  37/50 | Train Loss: 1.3457 Acc: 0.5000 F1: 0.4747 | Val Loss: 1.3083 Acc: 0.5833 F1: 0.4150 | Train Meta: n/a | Val Meta: n/a
Validation Loss decreased (1.311560 --> 1.308278). Saving best model...
Epoch  38/50 | Train Loss: 1.3161 Acc: 0.5625 F1: 0.5527 | Val Loss: 1.3230 Acc: 0.4167 F1: 0.2607 | Train Meta: n/a | Val Meta: n/a
Epoch  39/50 | Train Loss: 1.3299 Acc: 0.5417 F1: 0.4942 | Val Loss: 1.2852 Acc: 0.5833 F1: 0.3583 | Train Meta: n/a | Val Meta: n/a
Validation Loss decreased (1.308278 --> 1.285233). Saving best model...
Epoch  40/50 | Train Loss: 1.3255 Acc: 0.5521 F1: 0.4849 | Val Loss: 1.2389 Acc: 0.6667 F1: 0.3194 | Train Meta: n/a | Val Meta: n/a
Validation Loss decreased (1.285233 --> 1.238919). Saving best model...
Epoch  41/50 | Train Loss: 1.2988 Acc: 0.6146 F1: 0.5689 | Val Loss: 1.2594 Acc: 0.5833 F1: 0.3583 | Train Meta: n/a | Val Meta: n/a
Epoch  42/50 | Train Loss: 1.3234 Acc: 0.5625 F1: 0.5452 | Val Loss: 1.2606 Acc: 0.5833 F1: 0.3036 | Train Meta: n/a | Val Meta: n/a
Epoch  43/50 | Train Loss: 1.2798 Acc: 0.5625 F1: 0.5326 | Val Loss: 1.2700 Acc: 0.5000 F1: 0.3167 | Train Meta: n/a | Val Meta: n/a
Epoch  44/50 | Train Loss: 1.2872 Acc: 0.5417 F1: 0.5036 | Val Loss: 1.2770 Acc: 0.5000 F1: 0.4408 | Train Meta: n/a | Val Meta: n/a
Epoch  45/50 | Train Loss: 1.2812 Acc: 0.4896 F1: 0.4232 | Val Loss: 1.2225 Acc: 0.5000 F1: 0.4408 | Train Meta: n/a | Val Meta: n/a
Validation Loss decreased (1.238919 --> 1.222455). Saving best model...
Epoch  46/50 | Train Loss: 1.2914 Acc: 0.5521 F1: 0.5163 | Val Loss: 1.1974 Acc: 0.7500 F1: 0.5939 | Train Meta: n/a | Val Meta: n/a
Validation Loss decreased (1.222455 --> 1.197417). Saving best model...
Epoch  47/50 | Train Loss: 1.3118 Acc: 0.5625 F1: 0.5584 | Val Loss: 1.2259 Acc: 0.7500 F1: 0.4333 | Train Meta: n/a | Val Meta: n/a
Epoch  48/50 | Train Loss: 1.2534 Acc: 0.5521 F1: 0.5067 | Val Loss: 1.2219 Acc: 0.5833 F1: 0.3542 | Train Meta: n/a | Val Meta: n/a
Epoch  49/50 | Train Loss: 1.2590 Acc: 0.5625 F1: 0.5031 | Val Loss: 1.2206 Acc: 0.5000 F1: 0.4408 | Train Meta: n/a | Val Meta: n/a
Epoch  50/50 | Train Loss: 1.2620 Acc: 0.4896 F1: 0.4118 | Val Loss: 1.2017 Acc: 0.6667 F1: 0.5667 | Train Meta: n/a | Val Meta: n/a

Classification Test Result (UWaveGestureLibrary)
Accuracy : 0.531250
F1 (macro): 0.506441
Saved attention maps for 3 sample(s) under ./runs/classification_electricity_to_UWaveGestureLibrary_laya_mixer_text_stats_joint/attention_maps
Joint metadata preview | dataset=ECG200 | domain=UCR | channels=1
   - channel_1: In the UCR domain, this channel belongs to the ECG200 dataset and represents the feature channel 1. Channel statistics over the training split: mean value is -0.000, standard deviation is 1.000, minimum value is -2.631, maximum value is 4.221, median value is 0.226, and mean absolute value is 0.785.
/data/pjh_workspace/ts-env/lib/python3.8/site-packages/torch/nn/modules/transformer.py:307: UserWarning: enable_nested_tensor is True, but self.use_nested_tensor is False because encoder_layer.norm_first was True
  warnings.warn(f"enable_nested_tensor is True, but self.use_nested_tensor is False because {why_not_sparsity_fast_path}")
==================================================
🚀 Architecture: LAYA
📊 Target Dataset: ECG200 (Channels: 1)
📊 Pretrain Info: electricity
📊 Classes: 2 | Sequence Length: 96
==================================================
✅ Loaded pretrained encoder from ./checkpoints/electricity_laya_mixer_text_stats_joint/laya_ts_electricity_s_best.pt
   - 101/101 keys matched.
✅ Encoder is FROZEN (Linear Probing mode).
📝 metadata: mode=text_stats_joint, fusion=add, relation=none
ℹ️  Metadata Fusion Mode: add
ℹ️  Channel Mixer Relation Mode: none
ℹ️  Encoder Variant: default
ℹ️  Channel Adapter: disabled for Laya downstream (mixer)
ℹ️  Channel Relation Block: disabled
✅ ClassificationHead: [B, 256] → [B, 2]
Epoch   1/50 | Train Loss: 0.5301 Acc: 0.7000 F1: 0.4118 | Val Loss: 0.6712 Acc: 0.6000 F1: 0.3750 | Train Meta: n/a | Val Meta: n/a
Validation Loss decreased (inf --> 0.671185). Saving best model...
Epoch   2/50 | Train Loss: 0.5504 Acc: 0.7000 F1: 0.4489 | Val Loss: 0.6819 Acc: 0.6000 F1: 0.3750 | Train Meta: n/a | Val Meta: n/a
Epoch   3/50 | Train Loss: 0.5230 Acc: 0.7000 F1: 0.4118 | Val Loss: 0.7542 Acc: 0.6000 F1: 0.3750 | Train Meta: n/a | Val Meta: n/a
Epoch   4/50 | Train Loss: 0.5089 Acc: 0.7000 F1: 0.4118 | Val Loss: 0.7122 Acc: 0.6000 F1: 0.3750 | Train Meta: n/a | Val Meta: n/a
Epoch   5/50 | Train Loss: 0.5076 Acc: 0.6875 F1: 0.4074 | Val Loss: 0.6839 Acc: 0.6000 F1: 0.3750 | Train Meta: n/a | Val Meta: n/a
Epoch   6/50 | Train Loss: 0.5018 Acc: 0.7000 F1: 0.4489 | Val Loss: 0.6987 Acc: 0.6000 F1: 0.3750 | Train Meta: n/a | Val Meta: n/a
Epoch   7/50 | Train Loss: 0.4767 Acc: 0.7125 F1: 0.4548 | Val Loss: 0.7140 Acc: 0.6000 F1: 0.3750 | Train Meta: n/a | Val Meta: n/a
Epoch   8/50 | Train Loss: 0.4922 Acc: 0.6750 F1: 0.4030 | Val Loss: 0.7390 Acc: 0.6000 F1: 0.3750 | Train Meta: n/a | Val Meta: n/a
Epoch   9/50 | Train Loss: 0.4847 Acc: 0.6875 F1: 0.4074 | Val Loss: 0.7186 Acc: 0.6000 F1: 0.3750 | Train Meta: n/a | Val Meta: n/a
Epoch  10/50 | Train Loss: 0.4679 Acc: 0.7250 F1: 0.5238 | Val Loss: 0.6979 Acc: 0.6000 F1: 0.3750 | Train Meta: n/a | Val Meta: n/a
Epoch  11/50 | Train Loss: 0.4524 Acc: 0.7625 F1: 0.5767 | Val Loss: 0.7482 Acc: 0.6000 F1: 0.3750 | Train Meta: n/a | Val Meta: n/a
Epoch  12/50 | Train Loss: 0.4705 Acc: 0.7000 F1: 0.4805 | Val Loss: 0.7420 Acc: 0.6000 F1: 0.3750 | Train Meta: n/a | Val Meta: n/a
Epoch  13/50 | Train Loss: 0.4867 Acc: 0.7375 F1: 0.6160 | Val Loss: 0.6941 Acc: 0.6000 F1: 0.3750 | Train Meta: n/a | Val Meta: n/a
Epoch  14/50 | Train Loss: 0.4584 Acc: 0.8000 F1: 0.7133 | Val Loss: 0.7309 Acc: 0.6000 F1: 0.3750 | Train Meta: n/a | Val Meta: n/a
Epoch  15/50 | Train Loss: 0.4430 Acc: 0.7625 F1: 0.5496 | Val Loss: 0.8017 Acc: 0.6000 F1: 0.3750 | Train Meta: n/a | Val Meta: n/a
Epoch  16/50 | Train Loss: 0.4461 Acc: 0.7250 F1: 0.4948 | Val Loss: 0.7872 Acc: 0.6000 F1: 0.3750 | Train Meta: n/a | Val Meta: n/a
Epoch  17/50 | Train Loss: 0.4249 Acc: 0.7750 F1: 0.6104 | Val Loss: 0.7540 Acc: 0.6000 F1: 0.3750 | Train Meta: n/a | Val Meta: n/a
Epoch  18/50 | Train Loss: 0.4404 Acc: 0.7625 F1: 0.6373 | Val Loss: 0.7249 Acc: 0.6000 F1: 0.3750 | Train Meta: n/a | Val Meta: n/a
Epoch  19/50 | Train Loss: 0.4263 Acc: 0.8000 F1: 0.7012 | Val Loss: 0.7468 Acc: 0.6000 F1: 0.3750 | Train Meta: n/a | Val Meta: n/a
Epoch  20/50 | Train Loss: 0.4318 Acc: 0.7875 F1: 0.6891 | Val Loss: 0.7483 Acc: 0.6000 F1: 0.3750 | Train Meta: n/a | Val Meta: n/a
Epoch  21/50 | Train Loss: 0.4347 Acc: 0.7500 F1: 0.6094 | Val Loss: 0.7863 Acc: 0.6000 F1: 0.3750 | Train Meta: n/a | Val Meta: n/a
Epoch  22/50 | Train Loss: 0.4277 Acc: 0.7875 F1: 0.6891 | Val Loss: 0.7389 Acc: 0.6000 F1: 0.3750 | Train Meta: n/a | Val Meta: n/a
Epoch  23/50 | Train Loss: 0.4181 Acc: 0.8125 F1: 0.7457 | Val Loss: 0.7262 Acc: 0.6000 F1: 0.3750 | Train Meta: n/a | Val Meta: n/a
Epoch  24/50 | Train Loss: 0.4271 Acc: 0.8000 F1: 0.7239 | Val Loss: 0.7735 Acc: 0.6000 F1: 0.3750 | Train Meta: n/a | Val Meta: n/a
Epoch  25/50 | Train Loss: 0.4289 Acc: 0.7500 F1: 0.6094 | Val Loss: 0.7869 Acc: 0.6000 F1: 0.3750 | Train Meta: n/a | Val Meta: n/a
Epoch  26/50 | Train Loss: 0.4059 Acc: 0.7750 F1: 0.7000 | Val Loss: 0.7228 Acc: 0.6000 F1: 0.3750 | Train Meta: n/a | Val Meta: n/a
Epoch  27/50 | Train Loss: 0.4222 Acc: 0.8250 F1: 0.7806 | Val Loss: 0.7235 Acc: 0.6000 F1: 0.3750 | Train Meta: n/a | Val Meta: n/a
Epoch  28/50 | Train Loss: 0.4133 Acc: 0.7750 F1: 0.7000 | Val Loss: 0.8022 Acc: 0.6000 F1: 0.3750 | Train Meta: n/a | Val Meta: n/a
Epoch  29/50 | Train Loss: 0.4116 Acc: 0.7625 F1: 0.6199 | Val Loss: 0.7916 Acc: 0.6000 F1: 0.3750 | Train Meta: n/a | Val Meta: n/a
Epoch  30/50 | Train Loss: 0.4215 Acc: 0.8000 F1: 0.7333 | Val Loss: 0.7386 Acc: 0.6000 F1: 0.3750 | Train Meta: n/a | Val Meta: n/a
Epoch  31/50 | Train Loss: 0.4140 Acc: 0.8125 F1: 0.7540 | Val Loss: 0.7375 Acc: 0.6000 F1: 0.3750 | Train Meta: n/a | Val Meta: n/a
Epoch  32/50 | Train Loss: 0.3965 Acc: 0.8000 F1: 0.7133 | Val Loss: 0.8200 Acc: 0.6000 F1: 0.3750 | Train Meta: n/a | Val Meta: n/a
Epoch  33/50 | Train Loss: 0.4019 Acc: 0.7625 F1: 0.6373 | Val Loss: 0.8288 Acc: 0.6000 F1: 0.3750 | Train Meta: n/a | Val Meta: n/a
Epoch  34/50 | Train Loss: 0.3778 Acc: 0.8250 F1: 0.7491 | Val Loss: 0.7518 Acc: 0.6000 F1: 0.3750 | Train Meta: n/a | Val Meta: n/a
Epoch  35/50 | Train Loss: 0.3891 Acc: 0.8375 F1: 0.7868 | Val Loss: 0.7548 Acc: 0.6000 F1: 0.3750 | Train Meta: n/a | Val Meta: n/a
Epoch  36/50 | Train Loss: 0.3944 Acc: 0.8000 F1: 0.7417 | Val Loss: 0.7938 Acc: 0.6000 F1: 0.3750 | Train Meta: n/a | Val Meta: n/a
Epoch  37/50 | Train Loss: 0.3865 Acc: 0.8125 F1: 0.7363 | Val Loss: 0.8183 Acc: 0.6000 F1: 0.3750 | Train Meta: n/a | Val Meta: n/a
Epoch  38/50 | Train Loss: 0.3512 Acc: 0.8375 F1: 0.7518 | Val Loss: 0.7938 Acc: 0.6000 F1: 0.3750 | Train Meta: n/a | Val Meta: n/a
Epoch  39/50 | Train Loss: 0.3711 Acc: 0.8250 F1: 0.7667 | Val Loss: 0.7635 Acc: 0.6000 F1: 0.3750 | Train Meta: n/a | Val Meta: n/a
Epoch  40/50 | Train Loss: 0.3652 Acc: 0.8125 F1: 0.7363 | Val Loss: 0.7913 Acc: 0.6000 F1: 0.3750 | Train Meta: n/a | Val Meta: n/a
Epoch  41/50 | Train Loss: 0.3818 Acc: 0.8000 F1: 0.7239 | Val Loss: 0.8116 Acc: 0.6000 F1: 0.3750 | Train Meta: n/a | Val Meta: n/a
Epoch  42/50 | Train Loss: 0.3785 Acc: 0.8125 F1: 0.7457 | Val Loss: 0.7832 Acc: 0.6000 F1: 0.3750 | Train Meta: n/a | Val Meta: n/a
Epoch  43/50 | Train Loss: 0.3856 Acc: 0.8000 F1: 0.7333 | Val Loss: 0.7929 Acc: 0.6000 F1: 0.3750 | Train Meta: n/a | Val Meta: n/a
Epoch  44/50 | Train Loss: 0.3578 Acc: 0.8500 F1: 0.7929 | Val Loss: 0.7822 Acc: 0.6000 F1: 0.3750 | Train Meta: n/a | Val Meta: n/a
Epoch  45/50 | Train Loss: 0.3887 Acc: 0.8375 F1: 0.7796 | Val Loss: 0.8228 Acc: 0.6000 F1: 0.3750 | Train Meta: n/a | Val Meta: n/a
Epoch  46/50 | Train Loss: 0.3725 Acc: 0.8375 F1: 0.7796 | Val Loss: 0.8003 Acc: 0.6000 F1: 0.3750 | Train Meta: n/a | Val Meta: n/a
Epoch  47/50 | Train Loss: 0.3895 Acc: 0.8000 F1: 0.7492 | Val Loss: 0.7589 Acc: 0.6000 F1: 0.3750 | Train Meta: n/a | Val Meta: n/a
Epoch  48/50 | Train Loss: 0.3745 Acc: 0.8375 F1: 0.7933 | Val Loss: 0.7468 Acc: 0.6000 F1: 0.3750 | Train Meta: n/a | Val Meta: n/a
Epoch  49/50 | Train Loss: 0.3725 Acc: 0.8250 F1: 0.7740 | Val Loss: 0.7723 Acc: 0.6000 F1: 0.3750 | Train Meta: n/a | Val Meta: n/a
Epoch  50/50 | Train Loss: 0.3795 Acc: 0.8125 F1: 0.7457 | Val Loss: 0.8161 Acc: 0.6000 F1: 0.3750 | Train Meta: n/a | Val Meta: n/a

Classification Test Result (ECG200)
Accuracy : 0.640000
F1 (macro): 0.390244
Saved attention maps for 3 sample(s) under ./runs/classification_electricity_to_ECG200_laya_mixer_text_stats_joint/attention_maps
Joint metadata preview | dataset=ECG5000 | domain=UCR | channels=1
   - channel_1: In the UCR domain, this channel belongs to the ECG5000 dataset and represents the feature channel 1. Channel statistics over the training split: mean value is 0.000, standard deviation is 1.000, minimum value is -5.818, maximum value is 4.073, median value is 0.187, and mean absolute value is 0.668.
/data/pjh_workspace/ts-env/lib/python3.8/site-packages/torch/nn/modules/transformer.py:307: UserWarning: enable_nested_tensor is True, but self.use_nested_tensor is False because encoder_layer.norm_first was True
  warnings.warn(f"enable_nested_tensor is True, but self.use_nested_tensor is False because {why_not_sparsity_fast_path}")
==================================================
🚀 Architecture: LAYA
📊 Target Dataset: ECG5000 (Channels: 1)
📊 Pretrain Info: electricity
📊 Classes: 5 | Sequence Length: 140
==================================================
✅ Loaded pretrained encoder from ./checkpoints/electricity_laya_mixer_text_stats_joint/laya_ts_electricity_s_best.pt
   - 101/101 keys matched.
✅ Encoder is FROZEN (Linear Probing mode).
📝 metadata: mode=text_stats_joint, fusion=add, relation=none
ℹ️  Metadata Fusion Mode: add
ℹ️  Channel Mixer Relation Mode: none
ℹ️  Encoder Variant: default
ℹ️  Channel Adapter: disabled for Laya downstream (mixer)
ℹ️  Channel Relation Block: disabled
✅ ClassificationHead: [B, 256] → [B, 5]
Epoch   1/50 | Train Loss: 1.0179 Acc: 0.5647 F1: 0.2183 | Val Loss: 0.6975 Acc: 0.8400 F1: 0.5601 | Train Meta: n/a | Val Meta: n/a
Validation Loss decreased (inf --> 0.697518). Saving best model...
Epoch   2/50 | Train Loss: 0.7177 Acc: 0.7924 F1: 0.3181 | Val Loss: 0.5555 Acc: 0.8800 F1: 0.5880 | Train Meta: n/a | Val Meta: n/a
Validation Loss decreased (0.697518 --> 0.555479). Saving best model...
Epoch   3/50 | Train Loss: 0.6199 Acc: 0.8192 F1: 0.3317 | Val Loss: 0.5296 Acc: 0.8400 F1: 0.5601 | Train Meta: n/a | Val Meta: n/a
Validation Loss decreased (0.555479 --> 0.529578). Saving best model...
Epoch   4/50 | Train Loss: 0.5854 Acc: 0.8393 F1: 0.3415 | Val Loss: 0.4904 Acc: 0.8600 F1: 0.5739 | Train Meta: n/a | Val Meta: n/a
Validation Loss decreased (0.529578 --> 0.490364). Saving best model...
Epoch   5/50 | Train Loss: 0.5514 Acc: 0.8527 F1: 0.3474 | Val Loss: 0.4591 Acc: 0.8600 F1: 0.5739 | Train Meta: n/a | Val Meta: n/a
Validation Loss decreased (0.490364 --> 0.459088). Saving best model...
Epoch   6/50 | Train Loss: 0.5334 Acc: 0.8527 F1: 0.3473 | Val Loss: 0.4473 Acc: 0.8600 F1: 0.5739 | Train Meta: n/a | Val Meta: n/a
Validation Loss decreased (0.459088 --> 0.447327). Saving best model...
Epoch   7/50 | Train Loss: 0.5224 Acc: 0.8504 F1: 0.3469 | Val Loss: 0.4355 Acc: 0.8800 F1: 0.5905 | Train Meta: n/a | Val Meta: n/a
Validation Loss decreased (0.447327 --> 0.435545). Saving best model...
Epoch   8/50 | Train Loss: 0.5137 Acc: 0.8594 F1: 0.3513 | Val Loss: 0.4229 Acc: 0.8800 F1: 0.5905 | Train Meta: n/a | Val Meta: n/a
Validation Loss decreased (0.435545 --> 0.422934). Saving best model...
Epoch   9/50 | Train Loss: 0.5032 Acc: 0.8571 F1: 0.3501 | Val Loss: 0.4273 Acc: 0.8800 F1: 0.5905 | Train Meta: n/a | Val Meta: n/a
Epoch  10/50 | Train Loss: 0.4960 Acc: 0.8616 F1: 0.3525 | Val Loss: 0.4167 Acc: 0.8600 F1: 0.5739 | Train Meta: n/a | Val Meta: n/a
Validation Loss decreased (0.422934 --> 0.416670). Saving best model...
Epoch  11/50 | Train Loss: 0.4937 Acc: 0.8616 F1: 0.3523 | Val Loss: 0.4186 Acc: 0.9000 F1: 0.6066 | Train Meta: n/a | Val Meta: n/a
Epoch  12/50 | Train Loss: 0.4830 Acc: 0.8616 F1: 0.3524 | Val Loss: 0.4098 Acc: 0.9000 F1: 0.6066 | Train Meta: n/a | Val Meta: n/a
Validation Loss decreased (0.416670 --> 0.409812). Saving best model...
Epoch  13/50 | Train Loss: 0.4820 Acc: 0.8616 F1: 0.3523 | Val Loss: 0.4043 Acc: 0.9000 F1: 0.6066 | Train Meta: n/a | Val Meta: n/a
Validation Loss decreased (0.409812 --> 0.404298). Saving best model...
Epoch  14/50 | Train Loss: 0.4855 Acc: 0.8594 F1: 0.3510 | Val Loss: 0.4018 Acc: 0.9000 F1: 0.6066 | Train Meta: n/a | Val Meta: n/a
Validation Loss decreased (0.404298 --> 0.401752). Saving best model...
Epoch  15/50 | Train Loss: 0.4811 Acc: 0.8594 F1: 0.3515 | Val Loss: 0.4038 Acc: 0.9000 F1: 0.6066 | Train Meta: n/a | Val Meta: n/a
Epoch  16/50 | Train Loss: 0.4710 Acc: 0.8594 F1: 0.3511 | Val Loss: 0.3973 Acc: 0.9000 F1: 0.6066 | Train Meta: n/a | Val Meta: n/a
Validation Loss decreased (0.401752 --> 0.397296). Saving best model...
Epoch  17/50 | Train Loss: 0.4715 Acc: 0.8661 F1: 0.3543 | Val Loss: 0.4039 Acc: 0.9000 F1: 0.6066 | Train Meta: n/a | Val Meta: n/a
Epoch  18/50 | Train Loss: 0.4619 Acc: 0.8616 F1: 0.3523 | Val Loss: 0.3926 Acc: 0.9000 F1: 0.6066 | Train Meta: n/a | Val Meta: n/a
Validation Loss decreased (0.397296 --> 0.392602). Saving best model...
Epoch  19/50 | Train Loss: 0.4604 Acc: 0.8661 F1: 0.3544 | Val Loss: 0.3973 Acc: 0.9000 F1: 0.6066 | Train Meta: n/a | Val Meta: n/a
Epoch  20/50 | Train Loss: 0.4611 Acc: 0.8638 F1: 0.3535 | Val Loss: 0.3973 Acc: 0.9000 F1: 0.6066 | Train Meta: n/a | Val Meta: n/a
Epoch  21/50 | Train Loss: 0.4573 Acc: 0.8594 F1: 0.3513 | Val Loss: 0.4015 Acc: 0.9000 F1: 0.6066 | Train Meta: n/a | Val Meta: n/a
Epoch  22/50 | Train Loss: 0.4567 Acc: 0.8683 F1: 0.3552 | Val Loss: 0.3859 Acc: 0.9000 F1: 0.6066 | Train Meta: n/a | Val Meta: n/a
Validation Loss decreased (0.392602 --> 0.385868). Saving best model...
Epoch  23/50 | Train Loss: 0.4490 Acc: 0.8616 F1: 0.3523 | Val Loss: 0.3832 Acc: 0.9000 F1: 0.6066 | Train Meta: n/a | Val Meta: n/a
Validation Loss decreased (0.385868 --> 0.383190). Saving best model...
Epoch  24/50 | Train Loss: 0.4428 Acc: 0.8728 F1: 0.3569 | Val Loss: 0.3801 Acc: 0.9000 F1: 0.6066 | Train Meta: n/a | Val Meta: n/a
Validation Loss decreased (0.383190 --> 0.380130). Saving best model...
Epoch  25/50 | Train Loss: 0.4452 Acc: 0.8705 F1: 0.3562 | Val Loss: 0.3905 Acc: 0.9000 F1: 0.6066 | Train Meta: n/a | Val Meta: n/a
Epoch  26/50 | Train Loss: 0.4518 Acc: 0.8728 F1: 0.3571 | Val Loss: 0.3864 Acc: 0.9000 F1: 0.6066 | Train Meta: n/a | Val Meta: n/a
Epoch  27/50 | Train Loss: 0.4360 Acc: 0.8772 F1: 0.3951 | Val Loss: 0.3855 Acc: 0.9000 F1: 0.6066 | Train Meta: n/a | Val Meta: n/a
Epoch  28/50 | Train Loss: 0.4445 Acc: 0.8661 F1: 0.3543 | Val Loss: 0.3880 Acc: 0.9000 F1: 0.6066 | Train Meta: n/a | Val Meta: n/a
Epoch  29/50 | Train Loss: 0.4350 Acc: 0.8616 F1: 0.3525 | Val Loss: 0.3736 Acc: 0.9000 F1: 0.6066 | Train Meta: n/a | Val Meta: n/a
Validation Loss decreased (0.380130 --> 0.373608). Saving best model...
Epoch  30/50 | Train Loss: 0.4369 Acc: 0.8705 F1: 0.3562 | Val Loss: 0.3867 Acc: 0.9000 F1: 0.6066 | Train Meta: n/a | Val Meta: n/a
Epoch  31/50 | Train Loss: 0.4337 Acc: 0.8638 F1: 0.3528 | Val Loss: 0.3736 Acc: 0.9000 F1: 0.6066 | Train Meta: n/a | Val Meta: n/a
Epoch  32/50 | Train Loss: 0.4309 Acc: 0.8750 F1: 0.3581 | Val Loss: 0.3795 Acc: 0.9000 F1: 0.6066 | Train Meta: n/a | Val Meta: n/a
Epoch  33/50 | Train Loss: 0.4302 Acc: 0.8661 F1: 0.3541 | Val Loss: 0.3687 Acc: 0.9000 F1: 0.6066 | Train Meta: n/a | Val Meta: n/a
Validation Loss decreased (0.373608 --> 0.368738). Saving best model...
Epoch  34/50 | Train Loss: 0.4281 Acc: 0.8661 F1: 0.3545 | Val Loss: 0.3704 Acc: 0.9000 F1: 0.6066 | Train Meta: n/a | Val Meta: n/a
Epoch  35/50 | Train Loss: 0.4225 Acc: 0.8705 F1: 0.3562 | Val Loss: 0.3764 Acc: 0.9000 F1: 0.6066 | Train Meta: n/a | Val Meta: n/a
Epoch  36/50 | Train Loss: 0.4192 Acc: 0.8728 F1: 0.3569 | Val Loss: 0.3839 Acc: 0.9000 F1: 0.6066 | Train Meta: n/a | Val Meta: n/a
Epoch  37/50 | Train Loss: 0.4206 Acc: 0.8705 F1: 0.3921 | Val Loss: 0.3747 Acc: 0.9000 F1: 0.6066 | Train Meta: n/a | Val Meta: n/a
Epoch  38/50 | Train Loss: 0.4189 Acc: 0.8661 F1: 0.3544 | Val Loss: 0.3718 Acc: 0.9000 F1: 0.6066 | Train Meta: n/a | Val Meta: n/a
Epoch  39/50 | Train Loss: 0.4153 Acc: 0.8705 F1: 0.3563 | Val Loss: 0.3615 Acc: 0.9000 F1: 0.6066 | Train Meta: n/a | Val Meta: n/a
Validation Loss decreased (0.368738 --> 0.361468). Saving best model...
Epoch  40/50 | Train Loss: 0.4163 Acc: 0.8750 F1: 0.3577 | Val Loss: 0.3585 Acc: 0.9000 F1: 0.6066 | Train Meta: n/a | Val Meta: n/a
Validation Loss decreased (0.361468 --> 0.358511). Saving best model...
Epoch  41/50 | Train Loss: 0.4063 Acc: 0.8705 F1: 0.3562 | Val Loss: 0.3603 Acc: 0.9000 F1: 0.6066 | Train Meta: n/a | Val Meta: n/a
Epoch  42/50 | Train Loss: 0.4118 Acc: 0.8705 F1: 0.3562 | Val Loss: 0.3589 Acc: 0.9000 F1: 0.6066 | Train Meta: n/a | Val Meta: n/a
Epoch  43/50 | Train Loss: 0.4080 Acc: 0.8683 F1: 0.3552 | Val Loss: 0.3633 Acc: 0.9000 F1: 0.6066 | Train Meta: n/a | Val Meta: n/a
Epoch  44/50 | Train Loss: 0.4008 Acc: 0.8772 F1: 0.3590 | Val Loss: 0.3895 Acc: 0.9200 F1: 0.6222 | Train Meta: n/a | Val Meta: n/a
Epoch  45/50 | Train Loss: 0.4024 Acc: 0.8728 F1: 0.3571 | Val Loss: 0.3570 Acc: 0.9000 F1: 0.6066 | Train Meta: n/a | Val Meta: n/a
Validation Loss decreased (0.358511 --> 0.356984). Saving best model...
Epoch  46/50 | Train Loss: 0.4034 Acc: 0.8728 F1: 0.3571 | Val Loss: 0.3571 Acc: 0.9000 F1: 0.6066 | Train Meta: n/a | Val Meta: n/a
Epoch  47/50 | Train Loss: 0.4021 Acc: 0.8728 F1: 0.3572 | Val Loss: 0.3520 Acc: 0.9000 F1: 0.6066 | Train Meta: n/a | Val Meta: n/a
Validation Loss decreased (0.356984 --> 0.351952). Saving best model...
Epoch  48/50 | Train Loss: 0.4014 Acc: 0.8750 F1: 0.3580 | Val Loss: 0.3526 Acc: 0.9000 F1: 0.6066 | Train Meta: n/a | Val Meta: n/a
Epoch  49/50 | Train Loss: 0.3968 Acc: 0.8750 F1: 0.3939 | Val Loss: 0.3517 Acc: 0.9000 F1: 0.6066 | Train Meta: n/a | Val Meta: n/a
Validation Loss decreased (0.351952 --> 0.351694). Saving best model...
Epoch  50/50 | Train Loss: 0.3994 Acc: 0.8705 F1: 0.3561 | Val Loss: 0.3619 Acc: 0.9000 F1: 0.6066 | Train Meta: n/a | Val Meta: n/a

Classification Test Result (ECG5000)
Accuracy : 0.867556
F1 (macro): 0.354445
Saved attention maps for 3 sample(s) under ./runs/classification_electricity_to_ECG5000_laya_mixer_text_stats_joint/attention_maps
Joint metadata preview | dataset=FordA | domain=UCR | channels=1
   - channel_1: In the UCR domain, this channel belongs to the FordA dataset and represents the feature channel 1. Channel statistics over the training split: mean value is 0.000, standard deviation is 1.000, minimum value is -4.622, maximum value is 5.064, median value is -0.001, and mean absolute value is 0.801.
/data/pjh_workspace/ts-env/lib/python3.8/site-packages/torch/nn/modules/transformer.py:307: UserWarning: enable_nested_tensor is True, but self.use_nested_tensor is False because encoder_layer.norm_first was True
  warnings.warn(f"enable_nested_tensor is True, but self.use_nested_tensor is False because {why_not_sparsity_fast_path}")
==================================================
🚀 Architecture: LAYA
📊 Target Dataset: FordA (Channels: 1)
📊 Pretrain Info: electricity
📊 Classes: 2 | Sequence Length: 500
==================================================
✅ Loaded pretrained encoder from ./checkpoints/electricity_laya_mixer_text_stats_joint/laya_ts_electricity_s_best.pt
   - 101/101 keys matched.
✅ Encoder is FROZEN (Linear Probing mode).
📝 metadata: mode=text_stats_joint, fusion=add, relation=none
ℹ️  Metadata Fusion Mode: add
ℹ️  Channel Mixer Relation Mode: none
ℹ️  Encoder Variant: default
ℹ️  Channel Adapter: disabled for Laya downstream (mixer)
ℹ️  Channel Relation Block: disabled
✅ ClassificationHead: [B, 256] → [B, 2]
Epoch   1/50 | Train Loss: 0.7042 Acc: 0.5096 F1: 0.5075 | Val Loss: 0.6966 Acc: 0.4889 F1: 0.3284 | Train Meta: n/a | Val Meta: n/a
Validation Loss decreased (inf --> 0.696589). Saving best model...
Epoch   2/50 | Train Loss: 0.6996 Acc: 0.5325 F1: 0.5314 | Val Loss: 0.7254 Acc: 0.4889 F1: 0.3284 | Train Meta: n/a | Val Meta: n/a
Epoch   3/50 | Train Loss: 0.6948 Acc: 0.5254 F1: 0.5212 | Val Loss: 0.6772 Acc: 0.5889 F1: 0.5867 | Train Meta: n/a | Val Meta: n/a
Validation Loss decreased (0.696589 --> 0.677213). Saving best model...
Epoch   4/50 | Train Loss: 0.6870 Acc: 0.5421 F1: 0.5395 | Val Loss: 0.6724 Acc: 0.6056 F1: 0.5872 | Train Meta: n/a | Val Meta: n/a
Validation Loss decreased (0.677213 --> 0.672374). Saving best model...
Epoch   5/50 | Train Loss: 0.6780 Acc: 0.5644 F1: 0.5612 | Val Loss: 0.6689 Acc: 0.6111 F1: 0.6072 | Train Meta: n/a | Val Meta: n/a
Validation Loss decreased (0.672374 --> 0.668867). Saving best model...
Epoch   6/50 | Train Loss: 0.6742 Acc: 0.5882 F1: 0.5839 | Val Loss: 0.6692 Acc: 0.5778 F1: 0.5657 | Train Meta: n/a | Val Meta: n/a
Epoch   7/50 | Train Loss: 0.6747 Acc: 0.5826 F1: 0.5807 | Val Loss: 0.6656 Acc: 0.6083 F1: 0.5777 | Train Meta: n/a | Val Meta: n/a
Validation Loss decreased (0.668867 --> 0.665580). Saving best model...
Epoch   8/50 | Train Loss: 0.6739 Acc: 0.5733 F1: 0.5705 | Val Loss: 0.6887 Acc: 0.5139 F1: 0.3924 | Train Meta: n/a | Val Meta: n/a
Epoch   9/50 | Train Loss: 0.6750 Acc: 0.5724 F1: 0.5704 | Val Loss: 0.6590 Acc: 0.6111 F1: 0.6076 | Train Meta: n/a | Val Meta: n/a
Validation Loss decreased (0.665580 --> 0.659019). Saving best model...
Epoch  10/50 | Train Loss: 0.6693 Acc: 0.5925 F1: 0.5910 | Val Loss: 0.6708 Acc: 0.5611 F1: 0.5122 | Train Meta: n/a | Val Meta: n/a
Epoch  11/50 | Train Loss: 0.6658 Acc: 0.5907 F1: 0.5878 | Val Loss: 0.6561 Acc: 0.6500 F1: 0.6378 | Train Meta: n/a | Val Meta: n/a
Validation Loss decreased (0.659019 --> 0.656074). Saving best model...
Epoch  12/50 | Train Loss: 0.6643 Acc: 0.5873 F1: 0.5852 | Val Loss: 0.6535 Acc: 0.6222 F1: 0.6180 | Train Meta: n/a | Val Meta: n/a
Validation Loss decreased (0.656074 --> 0.653505). Saving best model...
Epoch  13/50 | Train Loss: 0.6648 Acc: 0.5956 F1: 0.5922 | Val Loss: 0.6553 Acc: 0.6056 F1: 0.6006 | Train Meta: n/a | Val Meta: n/a
Epoch  14/50 | Train Loss: 0.6600 Acc: 0.6015 F1: 0.6000 | Val Loss: 0.6596 Acc: 0.6083 F1: 0.5655 | Train Meta: n/a | Val Meta: n/a
Epoch  15/50 | Train Loss: 0.6606 Acc: 0.6021 F1: 0.5993 | Val Loss: 0.6507 Acc: 0.6083 F1: 0.6075 | Train Meta: n/a | Val Meta: n/a
Validation Loss decreased (0.653505 --> 0.650732). Saving best model...
Epoch  16/50 | Train Loss: 0.6609 Acc: 0.5953 F1: 0.5937 | Val Loss: 0.6472 Acc: 0.6250 F1: 0.6229 | Train Meta: n/a | Val Meta: n/a
Validation Loss decreased (0.650732 --> 0.647246). Saving best model...
Epoch  17/50 | Train Loss: 0.6562 Acc: 0.6064 F1: 0.6044 | Val Loss: 0.6458 Acc: 0.6417 F1: 0.6370 | Train Meta: n/a | Val Meta: n/a
Validation Loss decreased (0.647246 --> 0.645760). Saving best model...
Epoch  18/50 | Train Loss: 0.6558 Acc: 0.6021 F1: 0.5998 | Val Loss: 0.6566 Acc: 0.6139 F1: 0.5629 | Train Meta: n/a | Val Meta: n/a
Epoch  19/50 | Train Loss: 0.6518 Acc: 0.6145 F1: 0.6122 | Val Loss: 0.6825 Acc: 0.5444 F1: 0.4518 | Train Meta: n/a | Val Meta: n/a
Epoch  20/50 | Train Loss: 0.6529 Acc: 0.6055 F1: 0.6041 | Val Loss: 0.6449 Acc: 0.6361 F1: 0.6187 | Train Meta: n/a | Val Meta: n/a
Validation Loss decreased (0.645760 --> 0.644860). Saving best model...
Epoch  21/50 | Train Loss: 0.6544 Acc: 0.6037 F1: 0.6025 | Val Loss: 0.6418 Acc: 0.6111 F1: 0.6109 | Train Meta: n/a | Val Meta: n/a
Validation Loss decreased (0.644860 --> 0.641767). Saving best model...
Epoch  22/50 | Train Loss: 0.6492 Acc: 0.6170 F1: 0.6149 | Val Loss: 0.6868 Acc: 0.5333 F1: 0.4288 | Train Meta: n/a | Val Meta: n/a
Epoch  23/50 | Train Loss: 0.6532 Acc: 0.5987 F1: 0.5973 | Val Loss: 0.6556 Acc: 0.6000 F1: 0.5636 | Train Meta: n/a | Val Meta: n/a
Epoch  24/50 | Train Loss: 0.6512 Acc: 0.6129 F1: 0.6116 | Val Loss: 0.6378 Acc: 0.6167 F1: 0.6166 | Train Meta: n/a | Val Meta: n/a
Validation Loss decreased (0.641767 --> 0.637772). Saving best model...
Epoch  25/50 | Train Loss: 0.6453 Acc: 0.6197 F1: 0.6188 | Val Loss: 0.6428 Acc: 0.6000 F1: 0.5869 | Train Meta: n/a | Val Meta: n/a
Epoch  26/50 | Train Loss: 0.6458 Acc: 0.6163 F1: 0.6149 | Val Loss: 0.6343 Acc: 0.6472 F1: 0.6421 | Train Meta: n/a | Val Meta: n/a
Validation Loss decreased (0.637772 --> 0.634299). Saving best model...
Epoch  27/50 | Train Loss: 0.6446 Acc: 0.6120 F1: 0.6107 | Val Loss: 0.6434 Acc: 0.6056 F1: 0.5891 | Train Meta: n/a | Val Meta: n/a
Epoch  28/50 | Train Loss: 0.6423 Acc: 0.6210 F1: 0.6199 | Val Loss: 0.6379 Acc: 0.6472 F1: 0.6231 | Train Meta: n/a | Val Meta: n/a
Epoch  29/50 | Train Loss: 0.6479 Acc: 0.6114 F1: 0.6103 | Val Loss: 0.6308 Acc: 0.6444 F1: 0.6436 | Train Meta: n/a | Val Meta: n/a
Validation Loss decreased (0.634299 --> 0.630816). Saving best model...
Epoch  30/50 | Train Loss: 0.6387 Acc: 0.6278 F1: 0.6265 | Val Loss: 0.6338 Acc: 0.6444 F1: 0.6288 | Train Meta: n/a | Val Meta: n/a
Epoch  31/50 | Train Loss: 0.6401 Acc: 0.6324 F1: 0.6318 | Val Loss: 0.6286 Acc: 0.6444 F1: 0.6431 | Train Meta: n/a | Val Meta: n/a
Validation Loss decreased (0.630816 --> 0.628584). Saving best model...
Epoch  32/50 | Train Loss: 0.6380 Acc: 0.6269 F1: 0.6252 | Val Loss: 0.6297 Acc: 0.6361 F1: 0.6356 | Train Meta: n/a | Val Meta: n/a
Epoch  33/50 | Train Loss: 0.6401 Acc: 0.6148 F1: 0.6142 | Val Loss: 0.6269 Acc: 0.6528 F1: 0.6508 | Train Meta: n/a | Val Meta: n/a
Validation Loss decreased (0.628584 --> 0.626923). Saving best model...
Epoch  34/50 | Train Loss: 0.6390 Acc: 0.6204 F1: 0.6188 | Val Loss: 0.6463 Acc: 0.6111 F1: 0.5726 | Train Meta: n/a | Val Meta: n/a
Epoch  35/50 | Train Loss: 0.6341 Acc: 0.6262 F1: 0.6253 | Val Loss: 0.6471 Acc: 0.6306 F1: 0.5835 | Train Meta: n/a | Val Meta: n/a
Epoch  36/50 | Train Loss: 0.6356 Acc: 0.6343 F1: 0.6323 | Val Loss: 0.6326 Acc: 0.6028 F1: 0.5918 | Train Meta: n/a | Val Meta: n/a
Epoch  37/50 | Train Loss: 0.6343 Acc: 0.6364 F1: 0.6357 | Val Loss: 0.6230 Acc: 0.6528 F1: 0.6505 | Train Meta: n/a | Val Meta: n/a
Validation Loss decreased (0.626923 --> 0.623022). Saving best model...
Epoch  38/50 | Train Loss: 0.6350 Acc: 0.6318 F1: 0.6304 | Val Loss: 0.6496 Acc: 0.6222 F1: 0.5656 | Train Meta: n/a | Val Meta: n/a
Epoch  39/50 | Train Loss: 0.6330 Acc: 0.6278 F1: 0.6266 | Val Loss: 0.6264 Acc: 0.6472 F1: 0.6303 | Train Meta: n/a | Val Meta: n/a
Epoch  40/50 | Train Loss: 0.6317 Acc: 0.6334 F1: 0.6326 | Val Loss: 0.6218 Acc: 0.6389 F1: 0.6388 | Train Meta: n/a | Val Meta: n/a
Validation Loss decreased (0.623022 --> 0.621756). Saving best model...
Epoch  41/50 | Train Loss: 0.6312 Acc: 0.6380 F1: 0.6370 | Val Loss: 0.6198 Acc: 0.6500 F1: 0.6465 | Train Meta: n/a | Val Meta: n/a
Validation Loss decreased (0.621756 --> 0.619848). Saving best model...
Epoch  42/50 | Train Loss: 0.6329 Acc: 0.6383 F1: 0.6373 | Val Loss: 0.6598 Acc: 0.5944 F1: 0.5197 | Train Meta: n/a | Val Meta: n/a
Epoch  43/50 | Train Loss: 0.6335 Acc: 0.6334 F1: 0.6320 | Val Loss: 0.6186 Acc: 0.6611 F1: 0.6604 | Train Meta: n/a | Val Meta: n/a
Validation Loss decreased (0.619848 --> 0.618565). Saving best model...
Epoch  44/50 | Train Loss: 0.6269 Acc: 0.6368 F1: 0.6363 | Val Loss: 0.6874 Acc: 0.5611 F1: 0.4462 | Train Meta: n/a | Val Meta: n/a
Epoch  45/50 | Train Loss: 0.6309 Acc: 0.6343 F1: 0.6333 | Val Loss: 0.6254 Acc: 0.6028 F1: 0.5933 | Train Meta: n/a | Val Meta: n/a
Epoch  46/50 | Train Loss: 0.6281 Acc: 0.6395 F1: 0.6391 | Val Loss: 0.6186 Acc: 0.6667 F1: 0.6590 | Train Meta: n/a | Val Meta: n/a
Epoch  47/50 | Train Loss: 0.6257 Acc: 0.6429 F1: 0.6420 | Val Loss: 0.6437 Acc: 0.6278 F1: 0.5758 | Train Meta: n/a | Val Meta: n/a
Epoch  48/50 | Train Loss: 0.6284 Acc: 0.6355 F1: 0.6347 | Val Loss: 0.6150 Acc: 0.6694 F1: 0.6655 | Train Meta: n/a | Val Meta: n/a
Validation Loss decreased (0.618565 --> 0.615021). Saving best model...
Epoch  49/50 | Train Loss: 0.6203 Acc: 0.6501 F1: 0.6491 | Val Loss: 0.6189 Acc: 0.6639 F1: 0.6478 | Train Meta: n/a | Val Meta: n/a
Epoch  50/50 | Train Loss: 0.6236 Acc: 0.6402 F1: 0.6393 | Val Loss: 0.6172 Acc: 0.6306 F1: 0.6285 | Train Meta: n/a | Val Meta: n/a

Classification Test Result (FordA)
Accuracy : 0.674242
F1 (macro): 0.671528
Saved attention maps for 3 sample(s) under ./runs/classification_electricity_to_FordA_laya_mixer_text_stats_joint/attention_maps
Joint metadata preview | dataset=FordB | domain=UCR | channels=1
   - channel_1: In the UCR domain, this channel belongs to the FordB dataset and represents the feature channel 1. Channel statistics over the training split: mean value is 0.000, standard deviation is 1.000, minimum value is -5.545, maximum value is 5.095, median value is 0.002, and mean absolute value is 0.792.
/data/pjh_workspace/ts-env/lib/python3.8/site-packages/torch/nn/modules/transformer.py:307: UserWarning: enable_nested_tensor is True, but self.use_nested_tensor is False because encoder_layer.norm_first was True
  warnings.warn(f"enable_nested_tensor is True, but self.use_nested_tensor is False because {why_not_sparsity_fast_path}")
==================================================
🚀 Architecture: LAYA
📊 Target Dataset: FordB (Channels: 1)
📊 Pretrain Info: electricity
📊 Classes: 2 | Sequence Length: 500
==================================================
✅ Loaded pretrained encoder from ./checkpoints/electricity_laya_mixer_text_stats_joint/laya_ts_electricity_s_best.pt
   - 101/101 keys matched.
✅ Encoder is FROZEN (Linear Probing mode).
📝 metadata: mode=text_stats_joint, fusion=add, relation=none
ℹ️  Metadata Fusion Mode: add
ℹ️  Channel Mixer Relation Mode: none
ℹ️  Encoder Variant: default
ℹ️  Channel Adapter: disabled for Laya downstream (mixer)
ℹ️  Channel Relation Block: disabled
✅ ClassificationHead: [B, 256] → [B, 2]
Epoch   1/50 | Train Loss: 0.6905 Acc: 0.5365 F1: 0.5291 | Val Loss: 0.6760 Acc: 0.6006 F1: 0.5780 | Train Meta: n/a | Val Meta: n/a
Validation Loss decreased (inf --> 0.675988). Saving best model...
Epoch   2/50 | Train Loss: 0.6755 Acc: 0.5757 F1: 0.5749 | Val Loss: 0.6729 Acc: 0.5923 F1: 0.5674 | Train Meta: n/a | Val Meta: n/a
Validation Loss decreased (0.675988 --> 0.672895). Saving best model...
Epoch   3/50 | Train Loss: 0.6625 Acc: 0.5959 F1: 0.5933 | Val Loss: 0.6569 Acc: 0.6226 F1: 0.6147 | Train Meta: n/a | Val Meta: n/a
Validation Loss decreased (0.672895 --> 0.656875). Saving best model...
Epoch   4/50 | Train Loss: 0.6580 Acc: 0.6063 F1: 0.6050 | Val Loss: 0.6550 Acc: 0.5730 F1: 0.5476 | Train Meta: n/a | Val Meta: n/a
Validation Loss decreased (0.656875 --> 0.654992). Saving best model...
Epoch   5/50 | Train Loss: 0.6572 Acc: 0.5987 F1: 0.5977 | Val Loss: 0.6473 Acc: 0.6419 F1: 0.6414 | Train Meta: n/a | Val Meta: n/a
Validation Loss decreased (0.654992 --> 0.647339). Saving best model...
Epoch   6/50 | Train Loss: 0.6510 Acc: 0.6167 F1: 0.6143 | Val Loss: 0.6429 Acc: 0.6446 F1: 0.6393 | Train Meta: n/a | Val Meta: n/a
Validation Loss decreased (0.647339 --> 0.642907). Saving best model...
Epoch   7/50 | Train Loss: 0.6397 Acc: 0.6391 F1: 0.6376 | Val Loss: 0.6418 Acc: 0.6033 F1: 0.5856 | Train Meta: n/a | Val Meta: n/a
Validation Loss decreased (0.642907 --> 0.641787). Saving best model...
Epoch   8/50 | Train Loss: 0.6360 Acc: 0.6425 F1: 0.6406 | Val Loss: 0.6327 Acc: 0.6612 F1: 0.6551 | Train Meta: n/a | Val Meta: n/a
Validation Loss decreased (0.641787 --> 0.632722). Saving best model...
Epoch   9/50 | Train Loss: 0.6336 Acc: 0.6474 F1: 0.6470 | Val Loss: 0.6394 Acc: 0.6309 F1: 0.6228 | Train Meta: n/a | Val Meta: n/a
Epoch  10/50 | Train Loss: 0.6374 Acc: 0.6333 F1: 0.6316 | Val Loss: 0.6468 Acc: 0.6033 F1: 0.5700 | Train Meta: n/a | Val Meta: n/a
Epoch  11/50 | Train Loss: 0.6271 Acc: 0.6513 F1: 0.6508 | Val Loss: 0.6311 Acc: 0.6198 F1: 0.6019 | Train Meta: n/a | Val Meta: n/a
Validation Loss decreased (0.632722 --> 0.631091). Saving best model...
Epoch  12/50 | Train Loss: 0.6260 Acc: 0.6504 F1: 0.6490 | Val Loss: 0.6772 Acc: 0.6033 F1: 0.5480 | Train Meta: n/a | Val Meta: n/a
Epoch  13/50 | Train Loss: 0.6316 Acc: 0.6345 F1: 0.6334 | Val Loss: 0.6188 Acc: 0.6804 F1: 0.6799 | Train Meta: n/a | Val Meta: n/a
Validation Loss decreased (0.631091 --> 0.618770). Saving best model...
Epoch  14/50 | Train Loss: 0.6228 Acc: 0.6529 F1: 0.6522 | Val Loss: 0.6242 Acc: 0.6336 F1: 0.6195 | Train Meta: n/a | Val Meta: n/a
Epoch  15/50 | Train Loss: 0.6159 Acc: 0.6578 F1: 0.6568 | Val Loss: 0.6108 Acc: 0.6804 F1: 0.6767 | Train Meta: n/a | Val Meta: n/a
Validation Loss decreased (0.618770 --> 0.610767). Saving best model...
Epoch  16/50 | Train Loss: 0.6164 Acc: 0.6596 F1: 0.6587 | Val Loss: 0.6268 Acc: 0.6364 F1: 0.6059 | Train Meta: n/a | Val Meta: n/a
Epoch  17/50 | Train Loss: 0.6129 Acc: 0.6657 F1: 0.6654 | Val Loss: 0.6081 Acc: 0.6777 F1: 0.6765 | Train Meta: n/a | Val Meta: n/a
Validation Loss decreased (0.610767 --> 0.608108). Saving best model...
Epoch  18/50 | Train Loss: 0.6155 Acc: 0.6621 F1: 0.6615 | Val Loss: 0.6069 Acc: 0.6860 F1: 0.6858 | Train Meta: n/a | Val Meta: n/a
Validation Loss decreased (0.608108 --> 0.606950). Saving best model...
Epoch  19/50 | Train Loss: 0.6083 Acc: 0.6713 F1: 0.6705 | Val Loss: 0.6010 Acc: 0.6997 F1: 0.6996 | Train Meta: n/a | Val Meta: n/a
Validation Loss decreased (0.606950 --> 0.601034). Saving best model...
Epoch  20/50 | Train Loss: 0.6073 Acc: 0.6706 F1: 0.6698 | Val Loss: 0.6013 Acc: 0.6584 F1: 0.6544 | Train Meta: n/a | Val Meta: n/a
Epoch  21/50 | Train Loss: 0.6105 Acc: 0.6593 F1: 0.6587 | Val Loss: 0.5965 Acc: 0.6942 F1: 0.6921 | Train Meta: n/a | Val Meta: n/a
Validation Loss decreased (0.601034 --> 0.596451). Saving best model...
Epoch  22/50 | Train Loss: 0.6033 Acc: 0.6673 F1: 0.6668 | Val Loss: 0.5933 Acc: 0.6970 F1: 0.6957 | Train Meta: n/a | Val Meta: n/a
Validation Loss decreased (0.596451 --> 0.593299). Saving best model...
Epoch  23/50 | Train Loss: 0.6020 Acc: 0.6691 F1: 0.6684 | Val Loss: 0.5980 Acc: 0.6584 F1: 0.6464 | Train Meta: n/a | Val Meta: n/a
Epoch  24/50 | Train Loss: 0.6028 Acc: 0.6817 F1: 0.6811 | Val Loss: 0.6678 Acc: 0.6061 F1: 0.5460 | Train Meta: n/a | Val Meta: n/a
Epoch  25/50 | Train Loss: 0.6062 Acc: 0.6657 F1: 0.6655 | Val Loss: 0.5922 Acc: 0.6722 F1: 0.6603 | Train Meta: n/a | Val Meta: n/a
Validation Loss decreased (0.593299 --> 0.592177). Saving best model...
Epoch  26/50 | Train Loss: 0.5955 Acc: 0.6805 F1: 0.6801 | Val Loss: 0.5916 Acc: 0.6915 F1: 0.6886 | Train Meta: n/a | Val Meta: n/a
Validation Loss decreased (0.592177 --> 0.591636). Saving best model...
Epoch  27/50 | Train Loss: 0.5956 Acc: 0.6771 F1: 0.6768 | Val Loss: 0.5944 Acc: 0.6722 F1: 0.6563 | Train Meta: n/a | Val Meta: n/a
Epoch  28/50 | Train Loss: 0.5957 Acc: 0.6786 F1: 0.6781 | Val Loss: 0.5861 Acc: 0.6860 F1: 0.6774 | Train Meta: n/a | Val Meta: n/a
Validation Loss decreased (0.591636 --> 0.586126). Saving best model...
Epoch  29/50 | Train Loss: 0.5896 Acc: 0.6927 F1: 0.6920 | Val Loss: 0.5833 Acc: 0.7052 F1: 0.7052 | Train Meta: n/a | Val Meta: n/a
Validation Loss decreased (0.586126 --> 0.583317). Saving best model...
Epoch  30/50 | Train Loss: 0.5907 Acc: 0.6811 F1: 0.6807 | Val Loss: 0.5890 Acc: 0.6722 F1: 0.6580 | Train Meta: n/a | Val Meta: n/a
Epoch  31/50 | Train Loss: 0.5846 Acc: 0.6896 F1: 0.6891 | Val Loss: 0.5866 Acc: 0.6804 F1: 0.6705 | Train Meta: n/a | Val Meta: n/a
Epoch  32/50 | Train Loss: 0.5884 Acc: 0.6835 F1: 0.6833 | Val Loss: 0.5812 Acc: 0.6832 F1: 0.6755 | Train Meta: n/a | Val Meta: n/a
Validation Loss decreased (0.583317 --> 0.581222). Saving best model...
Epoch  33/50 | Train Loss: 0.5880 Acc: 0.6918 F1: 0.6913 | Val Loss: 0.5783 Acc: 0.7163 F1: 0.7157 | Train Meta: n/a | Val Meta: n/a
Validation Loss decreased (0.581222 --> 0.578296). Saving best model...
Epoch  34/50 | Train Loss: 0.5851 Acc: 0.6945 F1: 0.6943 | Val Loss: 0.5746 Acc: 0.7135 F1: 0.7105 | Train Meta: n/a | Val Meta: n/a
Validation Loss decreased (0.578296 --> 0.574569). Saving best model...
Epoch  35/50 | Train Loss: 0.5819 Acc: 0.6857 F1: 0.6852 | Val Loss: 0.5807 Acc: 0.6749 F1: 0.6679 | Train Meta: n/a | Val Meta: n/a
Epoch  36/50 | Train Loss: 0.5802 Acc: 0.6921 F1: 0.6919 | Val Loss: 0.5792 Acc: 0.6942 F1: 0.6838 | Train Meta: n/a | Val Meta: n/a
Epoch  37/50 | Train Loss: 0.5832 Acc: 0.6939 F1: 0.6936 | Val Loss: 0.5709 Acc: 0.7135 F1: 0.7132 | Train Meta: n/a | Val Meta: n/a
Validation Loss decreased (0.574569 --> 0.570858). Saving best model...
Epoch  38/50 | Train Loss: 0.5787 Acc: 0.6927 F1: 0.6924 | Val Loss: 0.5681 Acc: 0.7190 F1: 0.7174 | Train Meta: n/a | Val Meta: n/a
Validation Loss decreased (0.570858 --> 0.568060). Saving best model...
Epoch  39/50 | Train Loss: 0.5815 Acc: 0.6884 F1: 0.6883 | Val Loss: 0.5798 Acc: 0.6832 F1: 0.6670 | Train Meta: n/a | Val Meta: n/a
Epoch  40/50 | Train Loss: 0.5809 Acc: 0.6860 F1: 0.6856 | Val Loss: 0.5650 Acc: 0.7163 F1: 0.7156 | Train Meta: n/a | Val Meta: n/a
Validation Loss decreased (0.568060 --> 0.565038). Saving best model...
Epoch  41/50 | Train Loss: 0.5795 Acc: 0.7001 F1: 0.7000 | Val Loss: 0.6008 Acc: 0.6474 F1: 0.6165 | Train Meta: n/a | Val Meta: n/a
Epoch  42/50 | Train Loss: 0.5763 Acc: 0.6967 F1: 0.6965 | Val Loss: 0.5775 Acc: 0.6887 F1: 0.6728 | Train Meta: n/a | Val Meta: n/a
Epoch  43/50 | Train Loss: 0.5752 Acc: 0.6884 F1: 0.6881 | Val Loss: 0.5641 Acc: 0.7273 F1: 0.7256 | Train Meta: n/a | Val Meta: n/a
Validation Loss decreased (0.565038 --> 0.564133). Saving best model...
Epoch  44/50 | Train Loss: 0.5761 Acc: 0.6958 F1: 0.6955 | Val Loss: 0.5732 Acc: 0.6997 F1: 0.6944 | Train Meta: n/a | Val Meta: n/a
Epoch  45/50 | Train Loss: 0.5708 Acc: 0.7031 F1: 0.7030 | Val Loss: 0.5584 Acc: 0.7328 F1: 0.7328 | Train Meta: n/a | Val Meta: n/a
Validation Loss decreased (0.564133 --> 0.558422). Saving best model...
Epoch  46/50 | Train Loss: 0.5700 Acc: 0.7037 F1: 0.7036 | Val Loss: 0.5611 Acc: 0.7163 F1: 0.7158 | Train Meta: n/a | Val Meta: n/a
Epoch  47/50 | Train Loss: 0.5748 Acc: 0.6918 F1: 0.6915 | Val Loss: 0.5631 Acc: 0.7273 F1: 0.7236 | Train Meta: n/a | Val Meta: n/a
Epoch  48/50 | Train Loss: 0.5724 Acc: 0.7013 F1: 0.7012 | Val Loss: 0.5592 Acc: 0.7218 F1: 0.7218 | Train Meta: n/a | Val Meta: n/a
Epoch  49/50 | Train Loss: 0.5753 Acc: 0.6979 F1: 0.6977 | Val Loss: 0.5657 Acc: 0.7135 F1: 0.7098 | Train Meta: n/a | Val Meta: n/a
Epoch  50/50 | Train Loss: 0.5747 Acc: 0.6985 F1: 0.6984 | Val Loss: 0.5796 Acc: 0.6694 F1: 0.6483 | Train Meta: n/a | Val Meta: n/a

Classification Test Result (FordB)
Accuracy : 0.555556
F1 (macro): 0.537510
Saved attention maps for 3 sample(s) under ./runs/classification_electricity_to_FordB_laya_mixer_text_stats_joint/attention_maps
