nohup: ignoring input
Text metadata preview | dataset=EthanolConcentration | domain=UEA | channels=3
   - channel_1: In the UEA domain, this channel belongs to the EthanolConcentration dataset and represents the feature channel 1.
   - channel_2: In the UEA domain, this channel belongs to the EthanolConcentration dataset and represents the feature channel 2.
   - ... (1 more channel descriptions)
==================================================
🚀 Architecture: LAYA
📊 Target Dataset: EthanolConcentration (Channels: 3)
📊 Pretrain Info: electricity
📊 Classes: 4 | Sequence Length: 1751
==================================================
✅ Loaded pretrained encoder from ./checkpoints/electricity_laya_metadata_query_gate_text/laya_ts_electricity_s_best.pt
   - 62/62 keys matched.
✅ Encoder is FROZEN (Linear Probing mode).
📝 metadata: mode=text, fusion=none, relation=metadata_query_gate
ℹ️  Metadata Fusion Mode: none
ℹ️  Channel Mixer Relation Mode: metadata_query_gate
ℹ️  Encoder Variant: default
ℹ️  Channel Adapter: disabled for Laya downstream (mixer)
ℹ️  Channel Relation Block: disabled
✅ ClassificationHead: [B, 128] → [B, 4]
Epoch   1/50 | Train Loss: 1.3639 Acc: 0.2723 F1: 0.1955 | Val Loss: 1.3578 Acc: 0.3077 F1: 0.1290
Validation Loss decreased (inf --> 1.357762). Saving best model...
Epoch   2/50 | Train Loss: 1.3259 Acc: 0.2500 F1: 0.2282 | Val Loss: 1.3998 Acc: 0.2308 F1: 0.1750
Epoch   3/50 | Train Loss: 1.3036 Acc: 0.2991 F1: 0.2738 | Val Loss: 1.4196 Acc: 0.2308 F1: 0.2044
Epoch   4/50 | Train Loss: 1.3005 Acc: 0.3080 F1: 0.2807 | Val Loss: 1.3974 Acc: 0.3077 F1: 0.1822
Epoch   5/50 | Train Loss: 1.3046 Acc: 0.2545 F1: 0.2103 | Val Loss: 1.4286 Acc: 0.2692 F1: 0.1806
Epoch   6/50 | Train Loss: 1.3031 Acc: 0.2902 F1: 0.2591 | Val Loss: 1.3898 Acc: 0.3077 F1: 0.2394
Epoch   7/50 | Train Loss: 1.2896 Acc: 0.2857 F1: 0.2617 | Val Loss: 1.4319 Acc: 0.1923 F1: 0.1777
Epoch   8/50 | Train Loss: 1.2899 Acc: 0.3304 F1: 0.2738 | Val Loss: 1.4018 Acc: 0.2692 F1: 0.1870
Epoch   9/50 | Train Loss: 1.2934 Acc: 0.3036 F1: 0.2711 | Val Loss: 1.4018 Acc: 0.3462 F1: 0.2591
Epoch  10/50 | Train Loss: 1.3012 Acc: 0.2946 F1: 0.2630 | Val Loss: 1.4107 Acc: 0.2692 F1: 0.1756
Epoch  11/50 | Train Loss: 1.2880 Acc: 0.3170 F1: 0.3000 | Val Loss: 1.3943 Acc: 0.4615 F1: 0.3626
Epoch  12/50 | Train Loss: 1.2839 Acc: 0.3259 F1: 0.2467 | Val Loss: 1.3789 Acc: 0.3846 F1: 0.2803
Epoch  13/50 | Train Loss: 1.2844 Acc: 0.3527 F1: 0.3148 | Val Loss: 1.4042 Acc: 0.2692 F1: 0.2124
Epoch  14/50 | Train Loss: 1.2876 Acc: 0.2991 F1: 0.2827 | Val Loss: 1.3872 Acc: 0.3846 F1: 0.3053
Epoch  15/50 | Train Loss: 1.2746 Acc: 0.2812 F1: 0.2705 | Val Loss: 1.4093 Acc: 0.2692 F1: 0.2258
Epoch  16/50 | Train Loss: 1.2748 Acc: 0.3170 F1: 0.2812 | Val Loss: 1.3702 Acc: 0.3077 F1: 0.2307
Epoch  17/50 | Train Loss: 1.2826 Acc: 0.3125 F1: 0.2787 | Val Loss: 1.4199 Acc: 0.3077 F1: 0.2742
Epoch  18/50 | Train Loss: 1.2731 Acc: 0.3080 F1: 0.2941 | Val Loss: 1.3822 Acc: 0.2692 F1: 0.2000
Epoch  19/50 | Train Loss: 1.2831 Acc: 0.2991 F1: 0.2339 | Val Loss: 1.3654 Acc: 0.3462 F1: 0.2597
Epoch  20/50 | Train Loss: 1.2740 Acc: 0.3080 F1: 0.2964 | Val Loss: 1.4175 Acc: 0.2308 F1: 0.2083
Epoch  21/50 | Train Loss: 1.2666 Acc: 0.3259 F1: 0.3213 | Val Loss: 1.3822 Acc: 0.4231 F1: 0.3387
Epoch  22/50 | Train Loss: 1.2787 Acc: 0.3170 F1: 0.2578 | Val Loss: 1.3591 Acc: 0.3846 F1: 0.2991
Epoch  23/50 | Train Loss: 1.2871 Acc: 0.3259 F1: 0.3156 | Val Loss: 1.4184 Acc: 0.3077 F1: 0.2159
Epoch  24/50 | Train Loss: 1.2778 Acc: 0.2946 F1: 0.2763 | Val Loss: 1.3576 Acc: 0.2692 F1: 0.1861
Validation Loss decreased (1.357762 --> 1.357634). Saving best model...
Epoch  25/50 | Train Loss: 1.2710 Acc: 0.3170 F1: 0.2968 | Val Loss: 1.3740 Acc: 0.3462 F1: 0.2786
Epoch  26/50 | Train Loss: 1.2630 Acc: 0.3571 F1: 0.3448 | Val Loss: 1.3874 Acc: 0.2692 F1: 0.2188
Epoch  27/50 | Train Loss: 1.2569 Acc: 0.3259 F1: 0.3114 | Val Loss: 1.3666 Acc: 0.4615 F1: 0.3646
Epoch  28/50 | Train Loss: 1.2634 Acc: 0.3304 F1: 0.3193 | Val Loss: 1.3780 Acc: 0.4231 F1: 0.3361
Epoch  29/50 | Train Loss: 1.2573 Acc: 0.3438 F1: 0.3289 | Val Loss: 1.3655 Acc: 0.3462 F1: 0.2817
Epoch  30/50 | Train Loss: 1.2584 Acc: 0.3795 F1: 0.3811 | Val Loss: 1.3584 Acc: 0.4231 F1: 0.3364
Epoch  31/50 | Train Loss: 1.2594 Acc: 0.3125 F1: 0.2856 | Val Loss: 1.3405 Acc: 0.4231 F1: 0.3316
Validation Loss decreased (1.357634 --> 1.340548). Saving best model...
Epoch  32/50 | Train Loss: 1.2615 Acc: 0.3259 F1: 0.3128 | Val Loss: 1.3798 Acc: 0.3077 F1: 0.2613
Epoch  33/50 | Train Loss: 1.2665 Acc: 0.3393 F1: 0.3352 | Val Loss: 1.3563 Acc: 0.4615 F1: 0.3710
Epoch  34/50 | Train Loss: 1.2560 Acc: 0.3080 F1: 0.2736 | Val Loss: 1.3501 Acc: 0.3462 F1: 0.2774
Epoch  35/50 | Train Loss: 1.2648 Acc: 0.3393 F1: 0.3398 | Val Loss: 1.3706 Acc: 0.3846 F1: 0.3095
Epoch  36/50 | Train Loss: 1.2582 Acc: 0.3170 F1: 0.2773 | Val Loss: 1.3405 Acc: 0.2692 F1: 0.1960
Validation Loss decreased (1.340548 --> 1.340496). Saving best model...
Epoch  37/50 | Train Loss: 1.2777 Acc: 0.3080 F1: 0.3034 | Val Loss: 1.3782 Acc: 0.3462 F1: 0.2423
Epoch  38/50 | Train Loss: 1.2519 Acc: 0.3125 F1: 0.3080 | Val Loss: 1.3575 Acc: 0.3462 F1: 0.2917
Epoch  39/50 | Train Loss: 1.2530 Acc: 0.3214 F1: 0.2943 | Val Loss: 1.3335 Acc: 0.3846 F1: 0.2824
Validation Loss decreased (1.340496 --> 1.333495). Saving best model...
Epoch  40/50 | Train Loss: 1.2542 Acc: 0.3304 F1: 0.2966 | Val Loss: 1.3481 Acc: 0.4231 F1: 0.3326
Epoch  41/50 | Train Loss: 1.2594 Acc: 0.3304 F1: 0.3242 | Val Loss: 1.3834 Acc: 0.2692 F1: 0.1941
Epoch  42/50 | Train Loss: 1.2547 Acc: 0.3393 F1: 0.3224 | Val Loss: 1.3373 Acc: 0.3846 F1: 0.3066
Epoch  43/50 | Train Loss: 1.2458 Acc: 0.3348 F1: 0.3252 | Val Loss: 1.3667 Acc: 0.3846 F1: 0.3224
Epoch  44/50 | Train Loss: 1.2480 Acc: 0.3482 F1: 0.3429 | Val Loss: 1.3506 Acc: 0.3077 F1: 0.2472
Epoch  45/50 | Train Loss: 1.2479 Acc: 0.3348 F1: 0.3319 | Val Loss: 1.3733 Acc: 0.2692 F1: 0.2502
Epoch  46/50 | Train Loss: 1.2432 Acc: 0.3348 F1: 0.2956 | Val Loss: 1.3547 Acc: 0.3077 F1: 0.2722
Epoch  47/50 | Train Loss: 1.2549 Acc: 0.3170 F1: 0.3075 | Val Loss: 1.3322 Acc: 0.4231 F1: 0.3326
Validation Loss decreased (1.333495 --> 1.332195). Saving best model...
Epoch  48/50 | Train Loss: 1.2387 Acc: 0.3170 F1: 0.3031 | Val Loss: 1.3532 Acc: 0.2692 F1: 0.2306
Epoch  49/50 | Train Loss: 1.2511 Acc: 0.3438 F1: 0.3303 | Val Loss: 1.3643 Acc: 0.3846 F1: 0.2978
Epoch  50/50 | Train Loss: 1.2434 Acc: 0.3393 F1: 0.3384 | Val Loss: 1.3468 Acc: 0.4615 F1: 0.3639

Classification Test Result (EthanolConcentration)
Accuracy : 0.285171
F1 (macro): 0.265479
Saved attention maps for 3 sample(s) under ./runs/classification_electricity_to_EthanolConcentration_laya_metadata_query_gate_text/attention_maps
Text metadata preview | dataset=FaceDetection | domain=UEA | channels=144
   - channel_1: In the UEA domain, this channel belongs to the FaceDetection dataset and represents the feature channel 1.
   - channel_2: In the UEA domain, this channel belongs to the FaceDetection dataset and represents the feature channel 2.
   - ... (142 more channel descriptions)
==================================================
🚀 Architecture: LAYA
📊 Target Dataset: FaceDetection (Channels: 144)
📊 Pretrain Info: electricity
📊 Classes: 2 | Sequence Length: 62
==================================================
✅ Loaded pretrained encoder from ./checkpoints/electricity_laya_metadata_query_gate_text/laya_ts_electricity_s_best.pt
   - 62/62 keys matched.
✅ Encoder is FROZEN (Linear Probing mode).
📝 metadata: mode=text, fusion=none, relation=metadata_query_gate
ℹ️  Metadata Fusion Mode: none
ℹ️  Channel Mixer Relation Mode: metadata_query_gate
ℹ️  Encoder Variant: default
ℹ️  Channel Adapter: disabled for Laya downstream (mixer)
ℹ️  Channel Relation Block: disabled
✅ ClassificationHead: [B, 128] → [B, 2]
Epoch   1/50 | Train Loss: 0.6982 Acc: 0.5087 F1: 0.5087 | Val Loss: 0.6943 Acc: 0.5076 F1: 0.4456
Validation Loss decreased (inf --> 0.694338). Saving best model...
Epoch   2/50 | Train Loss: 0.7000 Acc: 0.5085 F1: 0.5084 | Val Loss: 0.6900 Acc: 0.5399 F1: 0.5395
Validation Loss decreased (0.694338 --> 0.690020). Saving best model...
Epoch   3/50 | Train Loss: 0.6922 Acc: 0.5380 F1: 0.5379 | Val Loss: 0.7032 Acc: 0.5229 F1: 0.3757
Epoch   4/50 | Train Loss: 0.6974 Acc: 0.5147 F1: 0.5147 | Val Loss: 0.6981 Acc: 0.5246 F1: 0.4107
Epoch   5/50 | Train Loss: 0.6904 Acc: 0.5366 F1: 0.5365 | Val Loss: 0.6958 Acc: 0.5059 F1: 0.4907
Epoch   6/50 | Train Loss: 0.6904 Acc: 0.5385 F1: 0.5385 | Val Loss: 0.6913 Acc: 0.5365 F1: 0.5346
Epoch   7/50 | Train Loss: 0.6936 Acc: 0.5242 F1: 0.5241 | Val Loss: 0.6990 Acc: 0.5212 F1: 0.5042
Epoch   8/50 | Train Loss: 0.6926 Acc: 0.5325 F1: 0.5324 | Val Loss: 0.6970 Acc: 0.4992 F1: 0.4830
Epoch   9/50 | Train Loss: 0.6907 Acc: 0.5312 F1: 0.5309 | Val Loss: 0.6992 Acc: 0.5093 F1: 0.4948
Epoch  10/50 | Train Loss: 0.6915 Acc: 0.5361 F1: 0.5359 | Val Loss: 0.6940 Acc: 0.5399 F1: 0.5052
Epoch  11/50 | Train Loss: 0.6891 Acc: 0.5364 F1: 0.5361 | Val Loss: 0.6945 Acc: 0.5365 F1: 0.5269
Epoch  12/50 | Train Loss: 0.6903 Acc: 0.5313 F1: 0.5313 | Val Loss: 0.6969 Acc: 0.5127 F1: 0.5083
Epoch  13/50 | Train Loss: 0.6891 Acc: 0.5355 F1: 0.5354 | Val Loss: 0.6941 Acc: 0.5246 F1: 0.4974
Epoch  14/50 | Train Loss: 0.6889 Acc: 0.5368 F1: 0.5363 | Val Loss: 0.7038 Acc: 0.4873 F1: 0.4364
Epoch  15/50 | Train Loss: 0.6891 Acc: 0.5325 F1: 0.5320 | Val Loss: 0.6950 Acc: 0.5195 F1: 0.4916
Epoch  16/50 | Train Loss: 0.6891 Acc: 0.5368 F1: 0.5368 | Val Loss: 0.6967 Acc: 0.5127 F1: 0.4994
Epoch  17/50 | Train Loss: 0.6876 Acc: 0.5383 F1: 0.5382 | Val Loss: 0.6958 Acc: 0.5246 F1: 0.4738
Epoch  18/50 | Train Loss: 0.6905 Acc: 0.5330 F1: 0.5327 | Val Loss: 0.6987 Acc: 0.5127 F1: 0.5124
Epoch  19/50 | Train Loss: 0.6869 Acc: 0.5483 F1: 0.5483 | Val Loss: 0.6972 Acc: 0.5263 F1: 0.5203
Epoch  20/50 | Train Loss: 0.6889 Acc: 0.5353 F1: 0.5351 | Val Loss: 0.7016 Acc: 0.5008 F1: 0.4723
Epoch  21/50 | Train Loss: 0.6891 Acc: 0.5355 F1: 0.5355 | Val Loss: 0.6956 Acc: 0.5399 F1: 0.5399
Epoch  22/50 | Train Loss: 0.6870 Acc: 0.5412 F1: 0.5411 | Val Loss: 0.6948 Acc: 0.5195 F1: 0.5193
Epoch  23/50 | Train Loss: 0.6879 Acc: 0.5381 F1: 0.5379 | Val Loss: 0.7022 Acc: 0.5161 F1: 0.4959
Epoch  24/50 | Train Loss: 0.6879 Acc: 0.5478 F1: 0.5476 | Val Loss: 0.6970 Acc: 0.4958 F1: 0.4881
Epoch  25/50 | Train Loss: 0.6873 Acc: 0.5436 F1: 0.5434 | Val Loss: 0.7011 Acc: 0.5059 F1: 0.4894
Epoch  26/50 | Train Loss: 0.6883 Acc: 0.5457 F1: 0.5455 | Val Loss: 0.7001 Acc: 0.5178 F1: 0.5103
Epoch  27/50 | Train Loss: 0.6863 Acc: 0.5468 F1: 0.5467 | Val Loss: 0.7042 Acc: 0.5161 F1: 0.4845
Epoch  28/50 | Train Loss: 0.6878 Acc: 0.5429 F1: 0.5426 | Val Loss: 0.6973 Acc: 0.5263 F1: 0.5263
Epoch  29/50 | Train Loss: 0.6846 Acc: 0.5546 F1: 0.5544 | Val Loss: 0.7042 Acc: 0.5008 F1: 0.4595
Epoch  30/50 | Train Loss: 0.6872 Acc: 0.5404 F1: 0.5397 | Val Loss: 0.6981 Acc: 0.5212 F1: 0.5204
Epoch  31/50 | Train Loss: 0.6869 Acc: 0.5427 F1: 0.5426 | Val Loss: 0.6997 Acc: 0.4941 F1: 0.4940
Epoch  32/50 | Train Loss: 0.6870 Acc: 0.5432 F1: 0.5431 | Val Loss: 0.6967 Acc: 0.5093 F1: 0.5082
Epoch  33/50 | Train Loss: 0.6862 Acc: 0.5434 F1: 0.5433 | Val Loss: 0.7006 Acc: 0.5008 F1: 0.4979
Epoch  34/50 | Train Loss: 0.6861 Acc: 0.5438 F1: 0.5433 | Val Loss: 0.6956 Acc: 0.5195 F1: 0.5158
Epoch  35/50 | Train Loss: 0.6862 Acc: 0.5436 F1: 0.5435 | Val Loss: 0.6995 Acc: 0.5076 F1: 0.5070
Epoch  36/50 | Train Loss: 0.6855 Acc: 0.5527 F1: 0.5526 | Val Loss: 0.7054 Acc: 0.4788 F1: 0.4361
Epoch  37/50 | Train Loss: 0.6855 Acc: 0.5502 F1: 0.5497 | Val Loss: 0.6968 Acc: 0.5144 F1: 0.5046
Epoch  38/50 | Train Loss: 0.6853 Acc: 0.5519 F1: 0.5519 | Val Loss: 0.7062 Acc: 0.4754 F1: 0.4145
Epoch  39/50 | Train Loss: 0.6854 Acc: 0.5497 F1: 0.5494 | Val Loss: 0.7015 Acc: 0.5093 F1: 0.5023
Epoch  40/50 | Train Loss: 0.6869 Acc: 0.5398 F1: 0.5398 | Val Loss: 0.6955 Acc: 0.5059 F1: 0.4894
Epoch  41/50 | Train Loss: 0.6854 Acc: 0.5502 F1: 0.5496 | Val Loss: 0.6956 Acc: 0.5161 F1: 0.5153
Epoch  42/50 | Train Loss: 0.6852 Acc: 0.5515 F1: 0.5515 | Val Loss: 0.6986 Acc: 0.5229 F1: 0.5130
Epoch  43/50 | Train Loss: 0.6847 Acc: 0.5532 F1: 0.5532 | Val Loss: 0.7075 Acc: 0.4805 F1: 0.4489
Epoch  44/50 | Train Loss: 0.6843 Acc: 0.5538 F1: 0.5537 | Val Loss: 0.7083 Acc: 0.4856 F1: 0.4468
Epoch  45/50 | Train Loss: 0.6852 Acc: 0.5508 F1: 0.5503 | Val Loss: 0.6972 Acc: 0.5008 F1: 0.4977
Epoch  46/50 | Train Loss: 0.6848 Acc: 0.5466 F1: 0.5463 | Val Loss: 0.6968 Acc: 0.5127 F1: 0.4886
Epoch  47/50 | Train Loss: 0.6858 Acc: 0.5493 F1: 0.5493 | Val Loss: 0.6992 Acc: 0.5059 F1: 0.5056
Epoch  48/50 | Train Loss: 0.6838 Acc: 0.5451 F1: 0.5449 | Val Loss: 0.6980 Acc: 0.5161 F1: 0.5160
Epoch  49/50 | Train Loss: 0.6852 Acc: 0.5553 F1: 0.5552 | Val Loss: 0.6990 Acc: 0.5059 F1: 0.5059
Epoch  50/50 | Train Loss: 0.6864 Acc: 0.5512 F1: 0.5512 | Val Loss: 0.7000 Acc: 0.5178 F1: 0.5126

Classification Test Result (FaceDetection)
Accuracy : 0.519864
F1 (macro): 0.519858
Saved attention maps for 3 sample(s) under ./runs/classification_electricity_to_FaceDetection_laya_metadata_query_gate_text/attention_maps
Text metadata preview | dataset=Handwriting | domain=UEA | channels=3
   - channel_1: In the UEA domain, this channel belongs to the Handwriting dataset and represents the feature channel 1.
   - channel_2: In the UEA domain, this channel belongs to the Handwriting dataset and represents the feature channel 2.
   - ... (1 more channel descriptions)
==================================================
🚀 Architecture: LAYA
📊 Target Dataset: Handwriting (Channels: 3)
📊 Pretrain Info: electricity
📊 Classes: 26 | Sequence Length: 152
==================================================
✅ Loaded pretrained encoder from ./checkpoints/electricity_laya_metadata_query_gate_text/laya_ts_electricity_s_best.pt
   - 62/62 keys matched.
✅ Encoder is FROZEN (Linear Probing mode).
📝 metadata: mode=text, fusion=none, relation=metadata_query_gate
ℹ️  Metadata Fusion Mode: none
ℹ️  Channel Mixer Relation Mode: metadata_query_gate
ℹ️  Encoder Variant: default
ℹ️  Channel Adapter: disabled for Laya downstream (mixer)
ℹ️  Channel Relation Block: disabled
✅ ClassificationHead: [B, 128] → [B, 26]
Epoch   1/50 | Train Loss: 3.1837 Acc: 0.0234 F1: 0.0073 | Val Loss: 3.2237 Acc: 0.0667 F1: 0.0220
Validation Loss decreased (inf --> 3.223655). Saving best model...
Epoch   2/50 | Train Loss: 3.0751 Acc: 0.0547 F1: 0.0071 | Val Loss: 3.2607 Acc: 0.1333 F1: 0.0545
Epoch   3/50 | Train Loss: 2.9992 Acc: 0.1172 F1: 0.0257 | Val Loss: 3.2996 Acc: 0.0667 F1: 0.0208
Epoch   4/50 | Train Loss: 2.9741 Acc: 0.0859 F1: 0.0235 | Val Loss: 3.3078 Acc: 0.0667 F1: 0.0308
Epoch   5/50 | Train Loss: 2.9355 Acc: 0.0859 F1: 0.0290 | Val Loss: 3.3004 Acc: 0.0667 F1: 0.0286
Epoch   6/50 | Train Loss: 2.8999 Acc: 0.0781 F1: 0.0181 | Val Loss: 3.3288 Acc: 0.0667 F1: 0.0308
Epoch   7/50 | Train Loss: 2.8959 Acc: 0.1094 F1: 0.0394 | Val Loss: 3.3534 Acc: 0.0667 F1: 0.0286
Epoch   8/50 | Train Loss: 2.8404 Acc: 0.1172 F1: 0.0449 | Val Loss: 3.3357 Acc: 0.0667 F1: 0.0308
Epoch   9/50 | Train Loss: 2.8588 Acc: 0.1250 F1: 0.0412 | Val Loss: 3.3184 Acc: 0.0667 F1: 0.0278
Epoch  10/50 | Train Loss: 2.8077 Acc: 0.1094 F1: 0.0269 | Val Loss: 3.3170 Acc: 0.0667 F1: 0.0278
Epoch  11/50 | Train Loss: 2.8022 Acc: 0.1172 F1: 0.0332 | Val Loss: 3.3220 Acc: 0.0667 F1: 0.0220
Epoch  12/50 | Train Loss: 2.7995 Acc: 0.1406 F1: 0.0615 | Val Loss: 3.3373 Acc: 0.0667 F1: 0.0220
Epoch  13/50 | Train Loss: 2.7773 Acc: 0.1797 F1: 0.0944 | Val Loss: 3.3114 Acc: 0.0667 F1: 0.0190
Epoch  14/50 | Train Loss: 2.7399 Acc: 0.2109 F1: 0.1287 | Val Loss: 3.2995 Acc: 0.0667 F1: 0.0220
Epoch  15/50 | Train Loss: 2.7333 Acc: 0.2344 F1: 0.1517 | Val Loss: 3.3043 Acc: 0.0667 F1: 0.0256
Epoch  16/50 | Train Loss: 2.7190 Acc: 0.1953 F1: 0.1181 | Val Loss: 3.3124 Acc: 0.0667 F1: 0.0357
Epoch  17/50 | Train Loss: 2.6878 Acc: 0.1953 F1: 0.1157 | Val Loss: 3.2968 Acc: 0.0667 F1: 0.0357
Epoch  18/50 | Train Loss: 2.6575 Acc: 0.2031 F1: 0.1290 | Val Loss: 3.3253 Acc: 0.0667 F1: 0.0256
Epoch  19/50 | Train Loss: 2.6470 Acc: 0.2422 F1: 0.1569 | Val Loss: 3.3378 Acc: 0.0667 F1: 0.0238
Epoch  20/50 | Train Loss: 2.6312 Acc: 0.2266 F1: 0.1510 | Val Loss: 3.3167 Acc: 0.0667 F1: 0.0238
Epoch  21/50 | Train Loss: 2.6080 Acc: 0.2422 F1: 0.1696 | Val Loss: 3.3134 Acc: 0.0667 F1: 0.0238
Epoch  22/50 | Train Loss: 2.5911 Acc: 0.2734 F1: 0.2028 | Val Loss: 3.3168 Acc: 0.0667 F1: 0.0286
Epoch  23/50 | Train Loss: 2.5591 Acc: 0.2656 F1: 0.1926 | Val Loss: 3.3356 Acc: 0.0667 F1: 0.0286
Epoch  24/50 | Train Loss: 2.5355 Acc: 0.2656 F1: 0.1885 | Val Loss: 3.3396 Acc: 0.0667 F1: 0.0238
Epoch  25/50 | Train Loss: 2.5275 Acc: 0.2656 F1: 0.1770 | Val Loss: 3.3514 Acc: 0.0667 F1: 0.0250
Epoch  26/50 | Train Loss: 2.5309 Acc: 0.2656 F1: 0.1844 | Val Loss: 3.3629 Acc: 0.0667 F1: 0.0222
Epoch  27/50 | Train Loss: 2.5286 Acc: 0.2656 F1: 0.1711 | Val Loss: 3.3408 Acc: 0.0667 F1: 0.0222
Epoch  28/50 | Train Loss: 2.4716 Acc: 0.2812 F1: 0.1733 | Val Loss: 3.3075 Acc: 0.0667 F1: 0.0222
Epoch  29/50 | Train Loss: 2.4614 Acc: 0.2969 F1: 0.2072 | Val Loss: 3.3081 Acc: 0.0667 F1: 0.0222
Epoch  30/50 | Train Loss: 2.4658 Acc: 0.2656 F1: 0.1954 | Val Loss: 3.3403 Acc: 0.0667 F1: 0.0250
Epoch  31/50 | Train Loss: 2.4223 Acc: 0.2891 F1: 0.2016 | Val Loss: 3.3381 Acc: 0.0667 F1: 0.0250
Epoch  32/50 | Train Loss: 2.4088 Acc: 0.2969 F1: 0.2085 | Val Loss: 3.3418 Acc: 0.0667 F1: 0.0222
Epoch  33/50 | Train Loss: 2.3998 Acc: 0.3047 F1: 0.2222 | Val Loss: 3.3308 Acc: 0.0667 F1: 0.0222
Epoch  34/50 | Train Loss: 2.3966 Acc: 0.3281 F1: 0.2355 | Val Loss: 3.3473 Acc: 0.0667 F1: 0.0250
Epoch  35/50 | Train Loss: 2.3737 Acc: 0.3281 F1: 0.2270 | Val Loss: 3.3581 Acc: 0.0667 F1: 0.0250
Epoch  36/50 | Train Loss: 2.3373 Acc: 0.2969 F1: 0.2039 | Val Loss: 3.3736 Acc: 0.0667 F1: 0.0250
Epoch  37/50 | Train Loss: 2.3283 Acc: 0.3125 F1: 0.2235 | Val Loss: 3.3749 Acc: 0.0667 F1: 0.0250
Epoch  38/50 | Train Loss: 2.3085 Acc: 0.3359 F1: 0.2414 | Val Loss: 3.3827 Acc: 0.0667 F1: 0.0250
Epoch  39/50 | Train Loss: 2.2893 Acc: 0.3516 F1: 0.2678 | Val Loss: 3.4003 Acc: 0.0667 F1: 0.0250
Epoch  40/50 | Train Loss: 2.2838 Acc: 0.3438 F1: 0.2561 | Val Loss: 3.3983 Acc: 0.0667 F1: 0.0250
Epoch  41/50 | Train Loss: 2.2775 Acc: 0.3203 F1: 0.2334 | Val Loss: 3.3848 Acc: 0.0667 F1: 0.0222
Epoch  42/50 | Train Loss: 2.2466 Acc: 0.3438 F1: 0.2501 | Val Loss: 3.3895 Acc: 0.0667 F1: 0.0222
Epoch  43/50 | Train Loss: 2.2465 Acc: 0.3281 F1: 0.2385 | Val Loss: 3.3600 Acc: 0.0667 F1: 0.0222
Epoch  44/50 | Train Loss: 2.2379 Acc: 0.3438 F1: 0.2722 | Val Loss: 3.3578 Acc: 0.0667 F1: 0.0250
Epoch  45/50 | Train Loss: 2.2191 Acc: 0.3594 F1: 0.3128 | Val Loss: 3.3672 Acc: 0.0667 F1: 0.0250
Epoch  46/50 | Train Loss: 2.2260 Acc: 0.3672 F1: 0.3283 | Val Loss: 3.3870 Acc: 0.0667 F1: 0.0250
Epoch  47/50 | Train Loss: 2.2000 Acc: 0.3438 F1: 0.2732 | Val Loss: 3.3926 Acc: 0.0667 F1: 0.0250
Epoch  48/50 | Train Loss: 2.1766 Acc: 0.3828 F1: 0.3376 | Val Loss: 3.4282 Acc: 0.0667 F1: 0.0250
Epoch  49/50 | Train Loss: 2.1492 Acc: 0.3828 F1: 0.3223 | Val Loss: 3.4389 Acc: 0.0667 F1: 0.0370
Epoch  50/50 | Train Loss: 2.1540 Acc: 0.3438 F1: 0.3012 | Val Loss: 3.4282 Acc: 0.0667 F1: 0.0370

Classification Test Result (Handwriting)
Accuracy : 0.037647
F1 (macro): 0.007276
Saved attention maps for 3 sample(s) under ./runs/classification_electricity_to_Handwriting_laya_metadata_query_gate_text/attention_maps
Text metadata preview | dataset=Heartbeat | domain=UEA | channels=61
   - channel_1: In the UEA domain, this channel belongs to the Heartbeat dataset and represents the feature channel 1.
   - channel_2: In the UEA domain, this channel belongs to the Heartbeat dataset and represents the feature channel 2.
   - ... (59 more channel descriptions)
==================================================
🚀 Architecture: LAYA
📊 Target Dataset: Heartbeat (Channels: 61)
📊 Pretrain Info: electricity
📊 Classes: 2 | Sequence Length: 405
==================================================
✅ Loaded pretrained encoder from ./checkpoints/electricity_laya_metadata_query_gate_text/laya_ts_electricity_s_best.pt
   - 62/62 keys matched.
✅ Encoder is FROZEN (Linear Probing mode).
📝 metadata: mode=text, fusion=none, relation=metadata_query_gate
ℹ️  Metadata Fusion Mode: none
ℹ️  Channel Mixer Relation Mode: metadata_query_gate
ℹ️  Encoder Variant: default
ℹ️  Channel Adapter: disabled for Laya downstream (mixer)
ℹ️  Channel Relation Block: disabled
✅ ClassificationHead: [B, 128] → [B, 2]
Epoch   1/50 | Train Loss: 0.7108 Acc: 0.5170 F1: 0.4972 | Val Loss: 0.5279 Acc: 0.7500 F1: 0.5671
Validation Loss decreased (inf --> 0.527862). Saving best model...
Epoch   2/50 | Train Loss: 0.5503 Acc: 0.7386 F1: 0.4810 | Val Loss: 0.5444 Acc: 0.7000 F1: 0.4118
Epoch   3/50 | Train Loss: 0.5727 Acc: 0.7330 F1: 0.4936 | Val Loss: 0.5175 Acc: 0.8000 F1: 0.6875
Validation Loss decreased (0.527862 --> 0.517463). Saving best model...
Epoch   4/50 | Train Loss: 0.5369 Acc: 0.7386 F1: 0.5252 | Val Loss: 0.5166 Acc: 0.8000 F1: 0.6875
Validation Loss decreased (0.517463 --> 0.516643). Saving best model...
Epoch   5/50 | Train Loss: 0.5393 Acc: 0.7330 F1: 0.5081 | Val Loss: 0.5164 Acc: 0.8000 F1: 0.6875
Validation Loss decreased (0.516643 --> 0.516434). Saving best model...
Epoch   6/50 | Train Loss: 0.5519 Acc: 0.7273 F1: 0.5178 | Val Loss: 0.5155 Acc: 0.7500 F1: 0.5671
Validation Loss decreased (0.516434 --> 0.515538). Saving best model...
Epoch   7/50 | Train Loss: 0.5282 Acc: 0.7443 F1: 0.5152 | Val Loss: 0.5130 Acc: 0.7500 F1: 0.5671
Validation Loss decreased (0.515538 --> 0.512964). Saving best model...
Epoch   8/50 | Train Loss: 0.5358 Acc: 0.7443 F1: 0.5419 | Val Loss: 0.5085 Acc: 0.7500 F1: 0.5671
Validation Loss decreased (0.512964 --> 0.508518). Saving best model...
Epoch   9/50 | Train Loss: 0.5293 Acc: 0.7443 F1: 0.5419 | Val Loss: 0.5065 Acc: 0.7500 F1: 0.5671
Validation Loss decreased (0.508518 --> 0.506510). Saving best model...
Epoch  10/50 | Train Loss: 0.5446 Acc: 0.7330 F1: 0.5081 | Val Loss: 0.5098 Acc: 0.7500 F1: 0.5671
Epoch  11/50 | Train Loss: 0.5480 Acc: 0.7159 F1: 0.5226 | Val Loss: 0.5071 Acc: 0.8000 F1: 0.6875
Epoch  12/50 | Train Loss: 0.5435 Acc: 0.7216 F1: 0.5263 | Val Loss: 0.5071 Acc: 0.7500 F1: 0.5671
Epoch  13/50 | Train Loss: 0.5431 Acc: 0.7330 F1: 0.5215 | Val Loss: 0.5093 Acc: 0.7500 F1: 0.5671
Epoch  14/50 | Train Loss: 0.5440 Acc: 0.7273 F1: 0.5301 | Val Loss: 0.5106 Acc: 0.7500 F1: 0.5671
Epoch  15/50 | Train Loss: 0.5239 Acc: 0.7500 F1: 0.5459 | Val Loss: 0.5022 Acc: 0.7500 F1: 0.5671
Validation Loss decreased (0.506510 --> 0.502200). Saving best model...
Epoch  16/50 | Train Loss: 0.5234 Acc: 0.7443 F1: 0.5419 | Val Loss: 0.4947 Acc: 0.7500 F1: 0.5671
Validation Loss decreased (0.502200 --> 0.494660). Saving best model...
Epoch  17/50 | Train Loss: 0.5303 Acc: 0.7386 F1: 0.5497 | Val Loss: 0.4924 Acc: 0.7500 F1: 0.5671
Validation Loss decreased (0.494660 --> 0.492360). Saving best model...
Epoch  18/50 | Train Loss: 0.5274 Acc: 0.7386 F1: 0.5497 | Val Loss: 0.4944 Acc: 0.7500 F1: 0.5671
Epoch  19/50 | Train Loss: 0.5338 Acc: 0.7273 F1: 0.5417 | Val Loss: 0.4878 Acc: 0.7500 F1: 0.5671
Validation Loss decreased (0.492360 --> 0.487795). Saving best model...
Epoch  20/50 | Train Loss: 0.5372 Acc: 0.7159 F1: 0.5226 | Val Loss: 0.4883 Acc: 0.7500 F1: 0.5671
Epoch  21/50 | Train Loss: 0.5259 Acc: 0.7330 F1: 0.5457 | Val Loss: 0.4977 Acc: 0.7500 F1: 0.5671
Epoch  22/50 | Train Loss: 0.5302 Acc: 0.7443 F1: 0.5538 | Val Loss: 0.4999 Acc: 0.7500 F1: 0.5671
Epoch  23/50 | Train Loss: 0.5193 Acc: 0.7386 F1: 0.5497 | Val Loss: 0.4934 Acc: 0.7500 F1: 0.5671
Epoch  24/50 | Train Loss: 0.5292 Acc: 0.7330 F1: 0.5457 | Val Loss: 0.4942 Acc: 0.7500 F1: 0.5671
Epoch  25/50 | Train Loss: 0.5266 Acc: 0.7443 F1: 0.5419 | Val Loss: 0.4965 Acc: 0.7500 F1: 0.5671
Epoch  26/50 | Train Loss: 0.5133 Acc: 0.7330 F1: 0.5340 | Val Loss: 0.4892 Acc: 0.7500 F1: 0.5671
Epoch  27/50 | Train Loss: 0.5266 Acc: 0.7386 F1: 0.5497 | Val Loss: 0.4941 Acc: 0.7500 F1: 0.5671
Epoch  28/50 | Train Loss: 0.5289 Acc: 0.7330 F1: 0.5340 | Val Loss: 0.4888 Acc: 0.7500 F1: 0.5671
Epoch  29/50 | Train Loss: 0.5305 Acc: 0.7273 F1: 0.5524 | Val Loss: 0.4895 Acc: 0.7500 F1: 0.5671
Epoch  30/50 | Train Loss: 0.5152 Acc: 0.7443 F1: 0.5538 | Val Loss: 0.4903 Acc: 0.7500 F1: 0.5671
Epoch  31/50 | Train Loss: 0.5103 Acc: 0.7614 F1: 0.5665 | Val Loss: 0.4981 Acc: 0.7000 F1: 0.4118
Epoch  32/50 | Train Loss: 0.5261 Acc: 0.7386 F1: 0.5379 | Val Loss: 0.4883 Acc: 0.7500 F1: 0.5671
Epoch  33/50 | Train Loss: 0.5166 Acc: 0.7557 F1: 0.5622 | Val Loss: 0.4952 Acc: 0.7500 F1: 0.5671
Epoch  34/50 | Train Loss: 0.5221 Acc: 0.7500 F1: 0.5459 | Val Loss: 0.4976 Acc: 0.7500 F1: 0.5671
Epoch  35/50 | Train Loss: 0.5200 Acc: 0.7500 F1: 0.5580 | Val Loss: 0.4948 Acc: 0.7500 F1: 0.5671
Epoch  36/50 | Train Loss: 0.5156 Acc: 0.7614 F1: 0.5665 | Val Loss: 0.4928 Acc: 0.7000 F1: 0.4118
Epoch  37/50 | Train Loss: 0.5095 Acc: 0.7557 F1: 0.5499 | Val Loss: 0.4912 Acc: 0.7500 F1: 0.5671
Epoch  38/50 | Train Loss: 0.5177 Acc: 0.7386 F1: 0.5379 | Val Loss: 0.4854 Acc: 0.7500 F1: 0.5671
Validation Loss decreased (0.487795 --> 0.485386). Saving best model...
Epoch  39/50 | Train Loss: 0.4933 Acc: 0.7557 F1: 0.5622 | Val Loss: 0.4916 Acc: 0.7500 F1: 0.5671
Epoch  40/50 | Train Loss: 0.5145 Acc: 0.7443 F1: 0.5419 | Val Loss: 0.4916 Acc: 0.7000 F1: 0.4118
Epoch  41/50 | Train Loss: 0.5199 Acc: 0.7443 F1: 0.5419 | Val Loss: 0.4852 Acc: 0.7500 F1: 0.5671
Validation Loss decreased (0.485386 --> 0.485160). Saving best model...
Epoch  42/50 | Train Loss: 0.5126 Acc: 0.7443 F1: 0.5538 | Val Loss: 0.4806 Acc: 0.7500 F1: 0.5671
Validation Loss decreased (0.485160 --> 0.480557). Saving best model...
Epoch  43/50 | Train Loss: 0.5160 Acc: 0.7330 F1: 0.5457 | Val Loss: 0.4836 Acc: 0.7500 F1: 0.5671
Epoch  44/50 | Train Loss: 0.5125 Acc: 0.7330 F1: 0.5668 | Val Loss: 0.4812 Acc: 0.7500 F1: 0.5671
Epoch  45/50 | Train Loss: 0.5177 Acc: 0.7273 F1: 0.5301 | Val Loss: 0.4848 Acc: 0.7500 F1: 0.5671
Epoch  46/50 | Train Loss: 0.5069 Acc: 0.7500 F1: 0.5580 | Val Loss: 0.4851 Acc: 0.7500 F1: 0.5671
Epoch  47/50 | Train Loss: 0.5039 Acc: 0.7557 F1: 0.5737 | Val Loss: 0.4809 Acc: 0.7500 F1: 0.5671
Epoch  48/50 | Train Loss: 0.5081 Acc: 0.7443 F1: 0.5419 | Val Loss: 0.4902 Acc: 0.7000 F1: 0.4118
Epoch  49/50 | Train Loss: 0.5140 Acc: 0.7557 F1: 0.5622 | Val Loss: 0.4857 Acc: 0.7500 F1: 0.5671
Epoch  50/50 | Train Loss: 0.5076 Acc: 0.7386 F1: 0.5497 | Val Loss: 0.4862 Acc: 0.7500 F1: 0.5671

Classification Test Result (Heartbeat)
Accuracy : 0.756098
F1 (macro): 0.611742
Saved attention maps for 3 sample(s) under ./runs/classification_electricity_to_Heartbeat_laya_metadata_query_gate_text/attention_maps
Text metadata preview | dataset=JapaneseVowels | domain=UEA | channels=12
   - channel_1: In the UEA domain, this channel belongs to the JapaneseVowels dataset and represents the feature channel 1.
   - channel_2: In the UEA domain, this channel belongs to the JapaneseVowels dataset and represents the feature channel 2.
   - ... (10 more channel descriptions)
==================================================
🚀 Architecture: LAYA
📊 Target Dataset: JapaneseVowels (Channels: 12)
📊 Pretrain Info: electricity
📊 Classes: 9 | Sequence Length: 26
==================================================
✅ Loaded pretrained encoder from ./checkpoints/electricity_laya_metadata_query_gate_text/laya_ts_electricity_s_best.pt
   - 62/62 keys matched.
✅ Encoder is FROZEN (Linear Probing mode).
📝 metadata: mode=text, fusion=none, relation=metadata_query_gate
ℹ️  Metadata Fusion Mode: none
ℹ️  Channel Mixer Relation Mode: metadata_query_gate
ℹ️  Encoder Variant: default
ℹ️  Channel Adapter: disabled for Laya downstream (mixer)
ℹ️  Channel Relation Block: disabled
✅ ClassificationHead: [B, 128] → [B, 9]
Epoch   1/50 | Train Loss: 2.2046 Acc: 0.1042 F1: 0.0774 | Val Loss: 2.1805 Acc: 0.1111 F1: 0.1481
Validation Loss decreased (inf --> 2.180520). Saving best model...
Epoch   2/50 | Train Loss: 2.0081 Acc: 0.2417 F1: 0.2114 | Val Loss: 2.1158 Acc: 0.2222 F1: 0.2367
Validation Loss decreased (2.180520 --> 2.115761). Saving best model...
Epoch   3/50 | Train Loss: 1.8858 Acc: 0.3458 F1: 0.3040 | Val Loss: 2.0336 Acc: 0.2593 F1: 0.2339
Validation Loss decreased (2.115761 --> 2.033560). Saving best model...
Epoch   4/50 | Train Loss: 1.7979 Acc: 0.3833 F1: 0.3387 | Val Loss: 1.9571 Acc: 0.2963 F1: 0.3058
Validation Loss decreased (2.033560 --> 1.957096). Saving best model...
Epoch   5/50 | Train Loss: 1.7178 Acc: 0.4250 F1: 0.3861 | Val Loss: 1.9409 Acc: 0.2593 F1: 0.2839
Validation Loss decreased (1.957096 --> 1.940930). Saving best model...
Epoch   6/50 | Train Loss: 1.6438 Acc: 0.4542 F1: 0.4227 | Val Loss: 1.8801 Acc: 0.2963 F1: 0.3003
Validation Loss decreased (1.940930 --> 1.880060). Saving best model...
Epoch   7/50 | Train Loss: 1.5812 Acc: 0.5083 F1: 0.4887 | Val Loss: 1.8505 Acc: 0.3704 F1: 0.3690
Validation Loss decreased (1.880060 --> 1.850462). Saving best model...
Epoch   8/50 | Train Loss: 1.5390 Acc: 0.5125 F1: 0.4921 | Val Loss: 1.8205 Acc: 0.4074 F1: 0.4018
Validation Loss decreased (1.850462 --> 1.820509). Saving best model...
Epoch   9/50 | Train Loss: 1.4795 Acc: 0.5208 F1: 0.5047 | Val Loss: 1.7995 Acc: 0.4074 F1: 0.4018
Validation Loss decreased (1.820509 --> 1.799462). Saving best model...
Epoch  10/50 | Train Loss: 1.4503 Acc: 0.5375 F1: 0.5213 | Val Loss: 1.7768 Acc: 0.3704 F1: 0.3705
Validation Loss decreased (1.799462 --> 1.776812). Saving best model...
Epoch  11/50 | Train Loss: 1.4144 Acc: 0.5333 F1: 0.5198 | Val Loss: 1.7640 Acc: 0.4444 F1: 0.4520
Validation Loss decreased (1.776812 --> 1.763985). Saving best model...
Epoch  12/50 | Train Loss: 1.3740 Acc: 0.5583 F1: 0.5434 | Val Loss: 1.7191 Acc: 0.3704 F1: 0.3432
Validation Loss decreased (1.763985 --> 1.719149). Saving best model...
Epoch  13/50 | Train Loss: 1.3507 Acc: 0.5458 F1: 0.5268 | Val Loss: 1.7403 Acc: 0.4444 F1: 0.4515
Epoch  14/50 | Train Loss: 1.3188 Acc: 0.6000 F1: 0.5859 | Val Loss: 1.6959 Acc: 0.3704 F1: 0.3626
Validation Loss decreased (1.719149 --> 1.695905). Saving best model...
Epoch  15/50 | Train Loss: 1.2914 Acc: 0.5917 F1: 0.5773 | Val Loss: 1.6782 Acc: 0.4444 F1: 0.4111
Validation Loss decreased (1.695905 --> 1.678180). Saving best model...
Epoch  16/50 | Train Loss: 1.2768 Acc: 0.5958 F1: 0.5871 | Val Loss: 1.6481 Acc: 0.3333 F1: 0.3367
Validation Loss decreased (1.678180 --> 1.648099). Saving best model...
Epoch  17/50 | Train Loss: 1.2512 Acc: 0.6292 F1: 0.6212 | Val Loss: 1.6520 Acc: 0.4074 F1: 0.3922
Epoch  18/50 | Train Loss: 1.2234 Acc: 0.6083 F1: 0.5986 | Val Loss: 1.6618 Acc: 0.4074 F1: 0.4145
Epoch  19/50 | Train Loss: 1.2057 Acc: 0.6417 F1: 0.6352 | Val Loss: 1.6514 Acc: 0.3704 F1: 0.3568
Epoch  20/50 | Train Loss: 1.1838 Acc: 0.6458 F1: 0.6375 | Val Loss: 1.6391 Acc: 0.4444 F1: 0.4520
Validation Loss decreased (1.648099 --> 1.639105). Saving best model...
Epoch  21/50 | Train Loss: 1.1696 Acc: 0.6458 F1: 0.6375 | Val Loss: 1.6075 Acc: 0.4074 F1: 0.3667
Validation Loss decreased (1.639105 --> 1.607458). Saving best model...
Epoch  22/50 | Train Loss: 1.1476 Acc: 0.6375 F1: 0.6264 | Val Loss: 1.6133 Acc: 0.3704 F1: 0.3388
Epoch  23/50 | Train Loss: 1.1434 Acc: 0.6333 F1: 0.6260 | Val Loss: 1.5785 Acc: 0.4815 F1: 0.4443
Validation Loss decreased (1.607458 --> 1.578504). Saving best model...
Epoch  24/50 | Train Loss: 1.1279 Acc: 0.6625 F1: 0.6561 | Val Loss: 1.5911 Acc: 0.3704 F1: 0.3541
Epoch  25/50 | Train Loss: 1.1014 Acc: 0.6750 F1: 0.6667 | Val Loss: 1.5980 Acc: 0.3704 F1: 0.3383
Epoch  26/50 | Train Loss: 1.0937 Acc: 0.6375 F1: 0.6289 | Val Loss: 1.5879 Acc: 0.4074 F1: 0.3741
Epoch  27/50 | Train Loss: 1.0961 Acc: 0.6625 F1: 0.6561 | Val Loss: 1.5625 Acc: 0.3704 F1: 0.3397
Validation Loss decreased (1.578504 --> 1.562459). Saving best model...
Epoch  28/50 | Train Loss: 1.0600 Acc: 0.7000 F1: 0.6959 | Val Loss: 1.5459 Acc: 0.4444 F1: 0.3993
Validation Loss decreased (1.562459 --> 1.545881). Saving best model...
Epoch  29/50 | Train Loss: 1.0561 Acc: 0.6750 F1: 0.6703 | Val Loss: 1.5715 Acc: 0.4815 F1: 0.4487
Epoch  30/50 | Train Loss: 1.0428 Acc: 0.6708 F1: 0.6644 | Val Loss: 1.5578 Acc: 0.4444 F1: 0.3887
Epoch  31/50 | Train Loss: 1.0356 Acc: 0.6833 F1: 0.6769 | Val Loss: 1.5508 Acc: 0.4074 F1: 0.3640
Epoch  32/50 | Train Loss: 1.0244 Acc: 0.7083 F1: 0.7042 | Val Loss: 1.5193 Acc: 0.4444 F1: 0.3968
Validation Loss decreased (1.545881 --> 1.519283). Saving best model...
Epoch  33/50 | Train Loss: 1.0178 Acc: 0.7042 F1: 0.6983 | Val Loss: 1.5276 Acc: 0.4074 F1: 0.3635
Epoch  34/50 | Train Loss: 1.0093 Acc: 0.7208 F1: 0.7177 | Val Loss: 1.5408 Acc: 0.4074 F1: 0.3651
Epoch  35/50 | Train Loss: 0.9875 Acc: 0.7125 F1: 0.7110 | Val Loss: 1.5244 Acc: 0.4444 F1: 0.4116
Epoch  36/50 | Train Loss: 0.9715 Acc: 0.7000 F1: 0.6943 | Val Loss: 1.5115 Acc: 0.4444 F1: 0.3698
Validation Loss decreased (1.519283 --> 1.511500). Saving best model...
Epoch  37/50 | Train Loss: 0.9809 Acc: 0.7250 F1: 0.7219 | Val Loss: 1.5289 Acc: 0.3704 F1: 0.3368
Epoch  38/50 | Train Loss: 0.9750 Acc: 0.7125 F1: 0.7084 | Val Loss: 1.4887 Acc: 0.4074 F1: 0.3651
Validation Loss decreased (1.511500 --> 1.488684). Saving best model...
Epoch  39/50 | Train Loss: 0.9610 Acc: 0.7292 F1: 0.7263 | Val Loss: 1.5013 Acc: 0.4074 F1: 0.3651
Epoch  40/50 | Train Loss: 0.9578 Acc: 0.7333 F1: 0.7303 | Val Loss: 1.5202 Acc: 0.3704 F1: 0.3368
Epoch  41/50 | Train Loss: 0.9520 Acc: 0.7333 F1: 0.7302 | Val Loss: 1.5502 Acc: 0.4074 F1: 0.3386
Epoch  42/50 | Train Loss: 0.9449 Acc: 0.7417 F1: 0.7404 | Val Loss: 1.4428 Acc: 0.4815 F1: 0.4138
Validation Loss decreased (1.488684 --> 1.442753). Saving best model...
Epoch  43/50 | Train Loss: 0.9310 Acc: 0.7375 F1: 0.7354 | Val Loss: 1.4950 Acc: 0.4444 F1: 0.3968
Epoch  44/50 | Train Loss: 0.9215 Acc: 0.7250 F1: 0.7245 | Val Loss: 1.4623 Acc: 0.4074 F1: 0.3651
Epoch  45/50 | Train Loss: 0.9202 Acc: 0.7458 F1: 0.7449 | Val Loss: 1.4749 Acc: 0.4444 F1: 0.3873
Epoch  46/50 | Train Loss: 0.9104 Acc: 0.7542 F1: 0.7505 | Val Loss: 1.4868 Acc: 0.4074 F1: 0.3431
Epoch  47/50 | Train Loss: 0.9058 Acc: 0.7542 F1: 0.7533 | Val Loss: 1.4431 Acc: 0.4444 F1: 0.3714
Epoch  48/50 | Train Loss: 0.8949 Acc: 0.7375 F1: 0.7370 | Val Loss: 1.4830 Acc: 0.4815 F1: 0.4190
Epoch  49/50 | Train Loss: 0.8829 Acc: 0.7417 F1: 0.7386 | Val Loss: 1.4922 Acc: 0.4074 F1: 0.3431
Epoch  50/50 | Train Loss: 0.8929 Acc: 0.7500 F1: 0.7486 | Val Loss: 1.4852 Acc: 0.3704 F1: 0.3315

Classification Test Result (JapaneseVowels)
Accuracy : 0.394595
F1 (macro): 0.405216
Saved attention maps for 3 sample(s) under ./runs/classification_electricity_to_JapaneseVowels_laya_metadata_query_gate_text/attention_maps
Text metadata preview | dataset=PEMS-SF | domain=UEA | channels=963
   - channel_1: In the UEA domain, this channel belongs to the PEMS-SF dataset and represents the feature channel 1.
   - channel_2: In the UEA domain, this channel belongs to the PEMS-SF dataset and represents the feature channel 2.
   - ... (961 more channel descriptions)
==================================================
🚀 Architecture: LAYA
📊 Target Dataset: PEMS-SF (Channels: 963)
📊 Pretrain Info: electricity
📊 Classes: 7 | Sequence Length: 144
==================================================
✅ Loaded pretrained encoder from ./checkpoints/electricity_laya_metadata_query_gate_text/laya_ts_electricity_s_best.pt
   - 62/62 keys matched.
✅ Encoder is FROZEN (Linear Probing mode).
📝 metadata: mode=text, fusion=none, relation=metadata_query_gate
ℹ️  Metadata Fusion Mode: none
ℹ️  Channel Mixer Relation Mode: metadata_query_gate
ℹ️  Encoder Variant: default
ℹ️  Channel Adapter: disabled for Laya downstream (mixer)
ℹ️  Channel Relation Block: disabled
✅ ClassificationHead: [B, 128] → [B, 7]
Epoch   1/50 | Train Loss: 2.0225 Acc: 0.1292 F1: 0.1015 | Val Loss: 1.8838 Acc: 0.1923 F1: 0.1012
Validation Loss decreased (inf --> 1.883761). Saving best model...
Epoch   2/50 | Train Loss: 1.8552 Acc: 0.2583 F1: 0.1583 | Val Loss: 1.7898 Acc: 0.3077 F1: 0.1986
Validation Loss decreased (1.883761 --> 1.789781). Saving best model...
Epoch   3/50 | Train Loss: 1.7835 Acc: 0.2708 F1: 0.1737 | Val Loss: 1.7270 Acc: 0.3077 F1: 0.1828
Validation Loss decreased (1.789781 --> 1.727013). Saving best model...
Epoch   4/50 | Train Loss: 1.7416 Acc: 0.3000 F1: 0.2024 | Val Loss: 1.7483 Acc: 0.2308 F1: 0.2182
Epoch   5/50 | Train Loss: 1.6909 Acc: 0.3375 F1: 0.2689 | Val Loss: 1.6808 Acc: 0.3077 F1: 0.2816
Validation Loss decreased (1.727013 --> 1.680820). Saving best model...
Epoch   6/50 | Train Loss: 1.6634 Acc: 0.3458 F1: 0.2754 | Val Loss: 1.6452 Acc: 0.3462 F1: 0.3277
Validation Loss decreased (1.680820 --> 1.645153). Saving best model...
Epoch   7/50 | Train Loss: 1.6334 Acc: 0.3875 F1: 0.3436 | Val Loss: 1.6355 Acc: 0.3846 F1: 0.3653
Validation Loss decreased (1.645153 --> 1.635526). Saving best model...
Epoch   8/50 | Train Loss: 1.6108 Acc: 0.4083 F1: 0.3541 | Val Loss: 1.6163 Acc: 0.4231 F1: 0.3993
Validation Loss decreased (1.635526 --> 1.616281). Saving best model...
Epoch   9/50 | Train Loss: 1.5916 Acc: 0.4042 F1: 0.3588 | Val Loss: 1.5716 Acc: 0.3846 F1: 0.3435
Validation Loss decreased (1.616281 --> 1.571582). Saving best model...
Epoch  10/50 | Train Loss: 1.5719 Acc: 0.3958 F1: 0.3503 | Val Loss: 1.5622 Acc: 0.4615 F1: 0.4205
Validation Loss decreased (1.571582 --> 1.562188). Saving best model...
Epoch  11/50 | Train Loss: 1.5517 Acc: 0.3958 F1: 0.3569 | Val Loss: 1.5551 Acc: 0.4231 F1: 0.3942
Validation Loss decreased (1.562188 --> 1.555071). Saving best model...
Epoch  12/50 | Train Loss: 1.5366 Acc: 0.4417 F1: 0.4108 | Val Loss: 1.5349 Acc: 0.4231 F1: 0.4028
Validation Loss decreased (1.555071 --> 1.534858). Saving best model...
Epoch  13/50 | Train Loss: 1.5116 Acc: 0.4625 F1: 0.4301 | Val Loss: 1.5339 Acc: 0.5385 F1: 0.5113
Validation Loss decreased (1.534858 --> 1.533897). Saving best model...
Epoch  14/50 | Train Loss: 1.4947 Acc: 0.4667 F1: 0.4486 | Val Loss: 1.4967 Acc: 0.5000 F1: 0.4405
Validation Loss decreased (1.533897 --> 1.496741). Saving best model...
Epoch  15/50 | Train Loss: 1.4884 Acc: 0.4458 F1: 0.4171 | Val Loss: 1.4924 Acc: 0.5000 F1: 0.4586
Validation Loss decreased (1.496741 --> 1.492376). Saving best model...
Epoch  16/50 | Train Loss: 1.4617 Acc: 0.4792 F1: 0.4626 | Val Loss: 1.4564 Acc: 0.4231 F1: 0.4028
Validation Loss decreased (1.492376 --> 1.456400). Saving best model...
Epoch  17/50 | Train Loss: 1.4468 Acc: 0.4833 F1: 0.4687 | Val Loss: 1.4638 Acc: 0.4615 F1: 0.4719
Epoch  18/50 | Train Loss: 1.4335 Acc: 0.4875 F1: 0.4633 | Val Loss: 1.4518 Acc: 0.4615 F1: 0.4316
Validation Loss decreased (1.456400 --> 1.451772). Saving best model...
Epoch  19/50 | Train Loss: 1.4202 Acc: 0.5125 F1: 0.4892 | Val Loss: 1.4622 Acc: 0.5385 F1: 0.5113
Epoch  20/50 | Train Loss: 1.4090 Acc: 0.5000 F1: 0.4900 | Val Loss: 1.4017 Acc: 0.5385 F1: 0.5045
Validation Loss decreased (1.451772 --> 1.401720). Saving best model...
Epoch  21/50 | Train Loss: 1.3942 Acc: 0.5000 F1: 0.4790 | Val Loss: 1.4143 Acc: 0.4615 F1: 0.4405
Epoch  22/50 | Train Loss: 1.3832 Acc: 0.5208 F1: 0.5028 | Val Loss: 1.4190 Acc: 0.5385 F1: 0.5045
Epoch  23/50 | Train Loss: 1.3717 Acc: 0.5333 F1: 0.5239 | Val Loss: 1.3847 Acc: 0.5385 F1: 0.5045
Validation Loss decreased (1.401720 --> 1.384662). Saving best model...
Epoch  24/50 | Train Loss: 1.3654 Acc: 0.5208 F1: 0.5036 | Val Loss: 1.4358 Acc: 0.5000 F1: 0.4994
Epoch  25/50 | Train Loss: 1.3566 Acc: 0.5333 F1: 0.5223 | Val Loss: 1.3554 Acc: 0.5385 F1: 0.4840
Validation Loss decreased (1.384662 --> 1.355439). Saving best model...
Epoch  26/50 | Train Loss: 1.3364 Acc: 0.5458 F1: 0.5305 | Val Loss: 1.4084 Acc: 0.5000 F1: 0.4790
Epoch  27/50 | Train Loss: 1.3308 Acc: 0.5292 F1: 0.5178 | Val Loss: 1.3644 Acc: 0.5385 F1: 0.5045
Epoch  28/50 | Train Loss: 1.3187 Acc: 0.5292 F1: 0.5096 | Val Loss: 1.3883 Acc: 0.4615 F1: 0.4367
Epoch  29/50 | Train Loss: 1.3110 Acc: 0.5333 F1: 0.5141 | Val Loss: 1.3551 Acc: 0.5000 F1: 0.4637
Validation Loss decreased (1.355439 --> 1.355142). Saving best model...
Epoch  30/50 | Train Loss: 1.2987 Acc: 0.5833 F1: 0.5839 | Val Loss: 1.3304 Acc: 0.5000 F1: 0.4820
Validation Loss decreased (1.355142 --> 1.330405). Saving best model...
Epoch  31/50 | Train Loss: 1.2888 Acc: 0.5500 F1: 0.5415 | Val Loss: 1.3570 Acc: 0.5385 F1: 0.5197
Epoch  32/50 | Train Loss: 1.2902 Acc: 0.5542 F1: 0.5374 | Val Loss: 1.3929 Acc: 0.5000 F1: 0.4790
Epoch  33/50 | Train Loss: 1.2641 Acc: 0.5542 F1: 0.5408 | Val Loss: 1.3292 Acc: 0.5385 F1: 0.5054
Validation Loss decreased (1.330405 --> 1.329210). Saving best model...
Epoch  34/50 | Train Loss: 1.2702 Acc: 0.5542 F1: 0.5467 | Val Loss: 1.3418 Acc: 0.5000 F1: 0.4741
Epoch  35/50 | Train Loss: 1.2522 Acc: 0.5583 F1: 0.5487 | Val Loss: 1.3179 Acc: 0.5000 F1: 0.4671
Validation Loss decreased (1.329210 --> 1.317915). Saving best model...
Epoch  36/50 | Train Loss: 1.2498 Acc: 0.5583 F1: 0.5482 | Val Loss: 1.3362 Acc: 0.5000 F1: 0.4620
Epoch  37/50 | Train Loss: 1.2450 Acc: 0.5667 F1: 0.5615 | Val Loss: 1.3411 Acc: 0.5385 F1: 0.5078
Epoch  38/50 | Train Loss: 1.2329 Acc: 0.5583 F1: 0.5547 | Val Loss: 1.2949 Acc: 0.6154 F1: 0.5712
Validation Loss decreased (1.317915 --> 1.294872). Saving best model...
Epoch  39/50 | Train Loss: 1.2282 Acc: 0.5583 F1: 0.5541 | Val Loss: 1.3246 Acc: 0.5000 F1: 0.4671
Epoch  40/50 | Train Loss: 1.2238 Acc: 0.5583 F1: 0.5537 | Val Loss: 1.3068 Acc: 0.5385 F1: 0.5078
Epoch  41/50 | Train Loss: 1.2144 Acc: 0.5500 F1: 0.5367 | Val Loss: 1.3387 Acc: 0.5385 F1: 0.5090
Epoch  42/50 | Train Loss: 1.1997 Acc: 0.5792 F1: 0.5724 | Val Loss: 1.3231 Acc: 0.5000 F1: 0.4620
Epoch  43/50 | Train Loss: 1.2032 Acc: 0.5750 F1: 0.5677 | Val Loss: 1.3049 Acc: 0.6154 F1: 0.5712
Epoch  44/50 | Train Loss: 1.1954 Acc: 0.5958 F1: 0.5939 | Val Loss: 1.2781 Acc: 0.5385 F1: 0.5078
Validation Loss decreased (1.294872 --> 1.278072). Saving best model...
Epoch  45/50 | Train Loss: 1.1896 Acc: 0.5625 F1: 0.5613 | Val Loss: 1.3271 Acc: 0.5385 F1: 0.5078
Epoch  46/50 | Train Loss: 1.1851 Acc: 0.5667 F1: 0.5625 | Val Loss: 1.2929 Acc: 0.5000 F1: 0.4467
Epoch  47/50 | Train Loss: 1.1772 Acc: 0.6083 F1: 0.6046 | Val Loss: 1.3115 Acc: 0.5000 F1: 0.4984
Epoch  48/50 | Train Loss: 1.1745 Acc: 0.5792 F1: 0.5744 | Val Loss: 1.2984 Acc: 0.5385 F1: 0.5027
Epoch  49/50 | Train Loss: 1.1711 Acc: 0.5958 F1: 0.5938 | Val Loss: 1.3109 Acc: 0.5000 F1: 0.4620
Epoch  50/50 | Train Loss: 1.1593 Acc: 0.5958 F1: 0.5930 | Val Loss: 1.3029 Acc: 0.4615 F1: 0.4280

Classification Test Result (PEMS-SF)
Accuracy : 0.393064
F1 (macro): 0.378415
Saved attention maps for 3 sample(s) under ./runs/classification_electricity_to_PEMS-SF_laya_metadata_query_gate_text/attention_maps
Text metadata preview | dataset=SelfRegulationSCP1 | domain=UEA | channels=6
   - channel_1: In the UEA domain, this channel belongs to the SelfRegulationSCP1 dataset and represents the feature channel 1.
   - channel_2: In the UEA domain, this channel belongs to the SelfRegulationSCP1 dataset and represents the feature channel 2.
   - ... (4 more channel descriptions)
==================================================
🚀 Architecture: LAYA
📊 Target Dataset: SelfRegulationSCP1 (Channels: 6)
📊 Pretrain Info: electricity
📊 Classes: 2 | Sequence Length: 896
==================================================
✅ Loaded pretrained encoder from ./checkpoints/electricity_laya_metadata_query_gate_text/laya_ts_electricity_s_best.pt
   - 62/62 keys matched.
✅ Encoder is FROZEN (Linear Probing mode).
📝 metadata: mode=text, fusion=none, relation=metadata_query_gate
ℹ️  Metadata Fusion Mode: none
ℹ️  Channel Mixer Relation Mode: metadata_query_gate
ℹ️  Encoder Variant: default
ℹ️  Channel Adapter: disabled for Laya downstream (mixer)
ℹ️  Channel Relation Block: disabled
✅ ClassificationHead: [B, 128] → [B, 2]
Epoch   1/50 | Train Loss: 0.6523 Acc: 0.6125 F1: 0.5996 | Val Loss: 0.4563 Acc: 0.8462 F1: 0.8462
Validation Loss decreased (inf --> 0.456299). Saving best model...
Epoch   2/50 | Train Loss: 0.5942 Acc: 0.6958 F1: 0.6939 | Val Loss: 0.4068 Acc: 0.8462 F1: 0.8462
Validation Loss decreased (0.456299 --> 0.406820). Saving best model...
Epoch   3/50 | Train Loss: 0.5707 Acc: 0.7042 F1: 0.7023 | Val Loss: 0.4494 Acc: 0.8462 F1: 0.8462
Epoch   4/50 | Train Loss: 0.5703 Acc: 0.7042 F1: 0.7009 | Val Loss: 0.4482 Acc: 0.8462 F1: 0.8462
Epoch   5/50 | Train Loss: 0.5673 Acc: 0.7208 F1: 0.7148 | Val Loss: 0.4022 Acc: 0.8462 F1: 0.8462
Validation Loss decreased (0.406820 --> 0.402162). Saving best model...
Epoch   6/50 | Train Loss: 0.5618 Acc: 0.7000 F1: 0.6987 | Val Loss: 0.4454 Acc: 0.8462 F1: 0.8462
Epoch   7/50 | Train Loss: 0.5540 Acc: 0.7042 F1: 0.7004 | Val Loss: 0.4048 Acc: 0.8462 F1: 0.8462
Epoch   8/50 | Train Loss: 0.5519 Acc: 0.6917 F1: 0.6846 | Val Loss: 0.4033 Acc: 0.8462 F1: 0.8462
Epoch   9/50 | Train Loss: 0.5500 Acc: 0.7083 F1: 0.7037 | Val Loss: 0.4216 Acc: 0.8462 F1: 0.8462
Epoch  10/50 | Train Loss: 0.5456 Acc: 0.7042 F1: 0.7009 | Val Loss: 0.4175 Acc: 0.8462 F1: 0.8462
Epoch  11/50 | Train Loss: 0.5415 Acc: 0.7083 F1: 0.7031 | Val Loss: 0.4004 Acc: 0.8462 F1: 0.8462
Validation Loss decreased (0.402162 --> 0.400446). Saving best model...
Epoch  12/50 | Train Loss: 0.5402 Acc: 0.7042 F1: 0.6985 | Val Loss: 0.3980 Acc: 0.8462 F1: 0.8462
Validation Loss decreased (0.400446 --> 0.398049). Saving best model...
Epoch  13/50 | Train Loss: 0.5465 Acc: 0.6917 F1: 0.6854 | Val Loss: 0.4118 Acc: 0.8462 F1: 0.8462
Epoch  14/50 | Train Loss: 0.5381 Acc: 0.7167 F1: 0.7109 | Val Loss: 0.3971 Acc: 0.8462 F1: 0.8462
Validation Loss decreased (0.398049 --> 0.397099). Saving best model...
Epoch  15/50 | Train Loss: 0.5431 Acc: 0.7167 F1: 0.7128 | Val Loss: 0.4174 Acc: 0.8462 F1: 0.8462
Epoch  16/50 | Train Loss: 0.5436 Acc: 0.7042 F1: 0.6998 | Val Loss: 0.3935 Acc: 0.8462 F1: 0.8462
Validation Loss decreased (0.397099 --> 0.393500). Saving best model...
Epoch  17/50 | Train Loss: 0.5409 Acc: 0.7042 F1: 0.6998 | Val Loss: 0.3836 Acc: 0.8462 F1: 0.8462
Validation Loss decreased (0.393500 --> 0.383578). Saving best model...
Epoch  18/50 | Train Loss: 0.5436 Acc: 0.7125 F1: 0.7039 | Val Loss: 0.4144 Acc: 0.8462 F1: 0.8462
Epoch  19/50 | Train Loss: 0.5399 Acc: 0.7042 F1: 0.7014 | Val Loss: 0.4126 Acc: 0.8462 F1: 0.8462
Epoch  20/50 | Train Loss: 0.5469 Acc: 0.7125 F1: 0.7063 | Val Loss: 0.4045 Acc: 0.8462 F1: 0.8452
Epoch  21/50 | Train Loss: 0.5371 Acc: 0.7208 F1: 0.7148 | Val Loss: 0.4101 Acc: 0.8462 F1: 0.8462
Epoch  22/50 | Train Loss: 0.5353 Acc: 0.7167 F1: 0.7133 | Val Loss: 0.3910 Acc: 0.8462 F1: 0.8462
Epoch  23/50 | Train Loss: 0.5363 Acc: 0.7042 F1: 0.6977 | Val Loss: 0.4009 Acc: 0.8462 F1: 0.8462
Epoch  24/50 | Train Loss: 0.5349 Acc: 0.7083 F1: 0.7024 | Val Loss: 0.3975 Acc: 0.8462 F1: 0.8462
Epoch  25/50 | Train Loss: 0.5381 Acc: 0.7125 F1: 0.7076 | Val Loss: 0.4127 Acc: 0.8462 F1: 0.8462
Epoch  26/50 | Train Loss: 0.5301 Acc: 0.7125 F1: 0.7082 | Val Loss: 0.3841 Acc: 0.8462 F1: 0.8462
Epoch  27/50 | Train Loss: 0.5348 Acc: 0.7125 F1: 0.7055 | Val Loss: 0.3887 Acc: 0.8462 F1: 0.8462
Epoch  28/50 | Train Loss: 0.5385 Acc: 0.7042 F1: 0.6991 | Val Loss: 0.3932 Acc: 0.8462 F1: 0.8462
Epoch  29/50 | Train Loss: 0.5307 Acc: 0.7250 F1: 0.7194 | Val Loss: 0.3833 Acc: 0.8462 F1: 0.8462
Validation Loss decreased (0.383578 --> 0.383294). Saving best model...
Epoch  30/50 | Train Loss: 0.5311 Acc: 0.7125 F1: 0.7055 | Val Loss: 0.3844 Acc: 0.8462 F1: 0.8462
Epoch  31/50 | Train Loss: 0.5341 Acc: 0.7125 F1: 0.7039 | Val Loss: 0.3906 Acc: 0.8462 F1: 0.8462
Epoch  32/50 | Train Loss: 0.5329 Acc: 0.7208 F1: 0.7173 | Val Loss: 0.4050 Acc: 0.8462 F1: 0.8462
Epoch  33/50 | Train Loss: 0.5317 Acc: 0.7125 F1: 0.7063 | Val Loss: 0.3759 Acc: 0.8462 F1: 0.8462
Validation Loss decreased (0.383294 --> 0.375917). Saving best model...
Epoch  34/50 | Train Loss: 0.5347 Acc: 0.7125 F1: 0.7076 | Val Loss: 0.3875 Acc: 0.8462 F1: 0.8462
Epoch  35/50 | Train Loss: 0.5365 Acc: 0.7208 F1: 0.7178 | Val Loss: 0.4041 Acc: 0.8077 F1: 0.8074
Epoch  36/50 | Train Loss: 0.5249 Acc: 0.7208 F1: 0.7140 | Val Loss: 0.3810 Acc: 0.8462 F1: 0.8462
Epoch  37/50 | Train Loss: 0.5303 Acc: 0.7167 F1: 0.7115 | Val Loss: 0.4064 Acc: 0.8462 F1: 0.8462
Epoch  38/50 | Train Loss: 0.5260 Acc: 0.7292 F1: 0.7233 | Val Loss: 0.3887 Acc: 0.8077 F1: 0.8074
Epoch  39/50 | Train Loss: 0.5276 Acc: 0.7375 F1: 0.7351 | Val Loss: 0.3980 Acc: 0.8462 F1: 0.8462
Epoch  40/50 | Train Loss: 0.5212 Acc: 0.7292 F1: 0.7239 | Val Loss: 0.3852 Acc: 0.8077 F1: 0.8074
Epoch  41/50 | Train Loss: 0.5290 Acc: 0.7167 F1: 0.7094 | Val Loss: 0.3931 Acc: 0.8462 F1: 0.8462
Epoch  42/50 | Train Loss: 0.5281 Acc: 0.7292 F1: 0.7267 | Val Loss: 0.4142 Acc: 0.8462 F1: 0.8462
Epoch  43/50 | Train Loss: 0.5258 Acc: 0.7292 F1: 0.7239 | Val Loss: 0.3950 Acc: 0.8462 F1: 0.8462
Epoch  44/50 | Train Loss: 0.5212 Acc: 0.7208 F1: 0.7133 | Val Loss: 0.3711 Acc: 0.8462 F1: 0.8462
Validation Loss decreased (0.375917 --> 0.371085). Saving best model...
Epoch  45/50 | Train Loss: 0.5240 Acc: 0.7333 F1: 0.7279 | Val Loss: 0.4045 Acc: 0.8462 F1: 0.8462
Epoch  46/50 | Train Loss: 0.5239 Acc: 0.7333 F1: 0.7291 | Val Loss: 0.4001 Acc: 0.8462 F1: 0.8462
Epoch  47/50 | Train Loss: 0.5238 Acc: 0.7208 F1: 0.7133 | Val Loss: 0.3667 Acc: 0.8462 F1: 0.8462
Validation Loss decreased (0.371085 --> 0.366689). Saving best model...
Epoch  48/50 | Train Loss: 0.5287 Acc: 0.7208 F1: 0.7187 | Val Loss: 0.4100 Acc: 0.8462 F1: 0.8462
Epoch  49/50 | Train Loss: 0.5223 Acc: 0.7250 F1: 0.7187 | Val Loss: 0.3928 Acc: 0.8462 F1: 0.8462
Epoch  50/50 | Train Loss: 0.5221 Acc: 0.7292 F1: 0.7226 | Val Loss: 0.3895 Acc: 0.8462 F1: 0.8462

Classification Test Result (SelfRegulationSCP1)
Accuracy : 0.767918
F1 (macro): 0.758110
Saved attention maps for 3 sample(s) under ./runs/classification_electricity_to_SelfRegulationSCP1_laya_metadata_query_gate_text/attention_maps
Text metadata preview | dataset=SelfRegulationSCP2 | domain=UEA | channels=7
   - channel_1: In the UEA domain, this channel belongs to the SelfRegulationSCP2 dataset and represents the feature channel 1.
   - channel_2: In the UEA domain, this channel belongs to the SelfRegulationSCP2 dataset and represents the feature channel 2.
   - ... (5 more channel descriptions)
==================================================
🚀 Architecture: LAYA
📊 Target Dataset: SelfRegulationSCP2 (Channels: 7)
📊 Pretrain Info: electricity
📊 Classes: 2 | Sequence Length: 1152
==================================================
✅ Loaded pretrained encoder from ./checkpoints/electricity_laya_metadata_query_gate_text/laya_ts_electricity_s_best.pt
   - 62/62 keys matched.
✅ Encoder is FROZEN (Linear Probing mode).
📝 metadata: mode=text, fusion=none, relation=metadata_query_gate
ℹ️  Metadata Fusion Mode: none
ℹ️  Channel Mixer Relation Mode: metadata_query_gate
ℹ️  Encoder Variant: default
ℹ️  Channel Adapter: disabled for Laya downstream (mixer)
ℹ️  Channel Relation Block: disabled
✅ ClassificationHead: [B, 128] → [B, 2]
Epoch   1/50 | Train Loss: 0.7041 Acc: 0.4773 F1: 0.4184 | Val Loss: 0.7030 Acc: 0.4500 F1: 0.4133
Validation Loss decreased (inf --> 0.702972). Saving best model...
Epoch   2/50 | Train Loss: 0.6851 Acc: 0.5227 F1: 0.4390 | Val Loss: 0.7127 Acc: 0.4000 F1: 0.3939
Epoch   3/50 | Train Loss: 0.6764 Acc: 0.5341 F1: 0.5326 | Val Loss: 0.6945 Acc: 0.5500 F1: 0.5396
Validation Loss decreased (0.702972 --> 0.694516). Saving best model...
Epoch   4/50 | Train Loss: 0.6701 Acc: 0.5568 F1: 0.5531 | Val Loss: 0.7057 Acc: 0.5500 F1: 0.5396
Epoch   5/50 | Train Loss: 0.6706 Acc: 0.5739 F1: 0.5737 | Val Loss: 0.7076 Acc: 0.5500 F1: 0.5396
Epoch   6/50 | Train Loss: 0.6737 Acc: 0.4886 F1: 0.4754 | Val Loss: 0.7145 Acc: 0.4500 F1: 0.4486
Epoch   7/50 | Train Loss: 0.6696 Acc: 0.5739 F1: 0.5727 | Val Loss: 0.7120 Acc: 0.4000 F1: 0.3939
Epoch   8/50 | Train Loss: 0.6656 Acc: 0.5795 F1: 0.5776 | Val Loss: 0.7193 Acc: 0.4500 F1: 0.4486
Epoch   9/50 | Train Loss: 0.6683 Acc: 0.5739 F1: 0.5732 | Val Loss: 0.7202 Acc: 0.4500 F1: 0.4486
Epoch  10/50 | Train Loss: 0.6651 Acc: 0.5909 F1: 0.5904 | Val Loss: 0.7132 Acc: 0.4500 F1: 0.4486
Epoch  11/50 | Train Loss: 0.6698 Acc: 0.5682 F1: 0.5668 | Val Loss: 0.7335 Acc: 0.5000 F1: 0.5000
Epoch  12/50 | Train Loss: 0.6682 Acc: 0.5909 F1: 0.5883 | Val Loss: 0.7175 Acc: 0.4500 F1: 0.4486
Epoch  13/50 | Train Loss: 0.6703 Acc: 0.5455 F1: 0.5395 | Val Loss: 0.7399 Acc: 0.4500 F1: 0.4133
Epoch  14/50 | Train Loss: 0.6666 Acc: 0.5511 F1: 0.5469 | Val Loss: 0.7274 Acc: 0.4000 F1: 0.4000
Epoch  15/50 | Train Loss: 0.6647 Acc: 0.5284 F1: 0.5250 | Val Loss: 0.7300 Acc: 0.4500 F1: 0.4373
Epoch  16/50 | Train Loss: 0.6696 Acc: 0.5852 F1: 0.5846 | Val Loss: 0.7163 Acc: 0.4000 F1: 0.3939
Epoch  17/50 | Train Loss: 0.6699 Acc: 0.5682 F1: 0.5654 | Val Loss: 0.7252 Acc: 0.4000 F1: 0.3939
Epoch  18/50 | Train Loss: 0.6659 Acc: 0.5511 F1: 0.5494 | Val Loss: 0.7375 Acc: 0.5500 F1: 0.5489
Epoch  19/50 | Train Loss: 0.6640 Acc: 0.5852 F1: 0.5841 | Val Loss: 0.7241 Acc: 0.4500 F1: 0.4486
Epoch  20/50 | Train Loss: 0.6713 Acc: 0.5511 F1: 0.5403 | Val Loss: 0.7116 Acc: 0.4500 F1: 0.4486
Epoch  21/50 | Train Loss: 0.6655 Acc: 0.5795 F1: 0.5795 | Val Loss: 0.7386 Acc: 0.5500 F1: 0.5396
Epoch  22/50 | Train Loss: 0.6682 Acc: 0.5625 F1: 0.5520 | Val Loss: 0.7207 Acc: 0.4500 F1: 0.4486
Epoch  23/50 | Train Loss: 0.6669 Acc: 0.5795 F1: 0.5793 | Val Loss: 0.7303 Acc: 0.4500 F1: 0.4486
Epoch  24/50 | Train Loss: 0.6662 Acc: 0.5682 F1: 0.5682 | Val Loss: 0.7395 Acc: 0.5500 F1: 0.5396
Epoch  25/50 | Train Loss: 0.6702 Acc: 0.5682 F1: 0.5668 | Val Loss: 0.7211 Acc: 0.4500 F1: 0.4486
Epoch  26/50 | Train Loss: 0.6631 Acc: 0.5966 F1: 0.5966 | Val Loss: 0.7337 Acc: 0.4000 F1: 0.3939
Epoch  27/50 | Train Loss: 0.6686 Acc: 0.5398 F1: 0.5372 | Val Loss: 0.7345 Acc: 0.4500 F1: 0.4486
Epoch  28/50 | Train Loss: 0.6700 Acc: 0.5852 F1: 0.5841 | Val Loss: 0.7202 Acc: 0.4500 F1: 0.4486
Epoch  29/50 | Train Loss: 0.6693 Acc: 0.5341 F1: 0.5237 | Val Loss: 0.7283 Acc: 0.4500 F1: 0.4486
Epoch  30/50 | Train Loss: 0.6638 Acc: 0.5795 F1: 0.5795 | Val Loss: 0.7261 Acc: 0.4500 F1: 0.4486
Epoch  31/50 | Train Loss: 0.6657 Acc: 0.5909 F1: 0.5907 | Val Loss: 0.7241 Acc: 0.4500 F1: 0.4486
Epoch  32/50 | Train Loss: 0.6628 Acc: 0.5852 F1: 0.5849 | Val Loss: 0.7190 Acc: 0.5000 F1: 0.5000
Epoch  33/50 | Train Loss: 0.6646 Acc: 0.5795 F1: 0.5793 | Val Loss: 0.7301 Acc: 0.4500 F1: 0.4486
Epoch  34/50 | Train Loss: 0.6644 Acc: 0.6023 F1: 0.6014 | Val Loss: 0.7167 Acc: 0.4500 F1: 0.4486
Epoch  35/50 | Train Loss: 0.6655 Acc: 0.5852 F1: 0.5849 | Val Loss: 0.7303 Acc: 0.4500 F1: 0.4486
Epoch  36/50 | Train Loss: 0.6646 Acc: 0.5795 F1: 0.5751 | Val Loss: 0.7306 Acc: 0.4500 F1: 0.4486
Epoch  37/50 | Train Loss: 0.6579 Acc: 0.5909 F1: 0.5904 | Val Loss: 0.7257 Acc: 0.4500 F1: 0.4486
Epoch  38/50 | Train Loss: 0.6622 Acc: 0.5795 F1: 0.5793 | Val Loss: 0.7328 Acc: 0.5000 F1: 0.5000
Epoch  39/50 | Train Loss: 0.6666 Acc: 0.5795 F1: 0.5791 | Val Loss: 0.7161 Acc: 0.4500 F1: 0.4486
Epoch  40/50 | Train Loss: 0.6651 Acc: 0.5795 F1: 0.5793 | Val Loss: 0.7315 Acc: 0.4500 F1: 0.4486
Epoch  41/50 | Train Loss: 0.6675 Acc: 0.5511 F1: 0.5479 | Val Loss: 0.7292 Acc: 0.4500 F1: 0.4486
Epoch  42/50 | Train Loss: 0.6624 Acc: 0.5739 F1: 0.5732 | Val Loss: 0.7177 Acc: 0.4500 F1: 0.4486
Epoch  43/50 | Train Loss: 0.6667 Acc: 0.5682 F1: 0.5636 | Val Loss: 0.7191 Acc: 0.4500 F1: 0.4486
Epoch  44/50 | Train Loss: 0.6650 Acc: 0.5682 F1: 0.5680 | Val Loss: 0.7296 Acc: 0.5000 F1: 0.4949
Epoch  45/50 | Train Loss: 0.6630 Acc: 0.5795 F1: 0.5791 | Val Loss: 0.7283 Acc: 0.4500 F1: 0.4486
Epoch  46/50 | Train Loss: 0.6645 Acc: 0.5795 F1: 0.5793 | Val Loss: 0.7270 Acc: 0.4500 F1: 0.4486
Epoch  47/50 | Train Loss: 0.6668 Acc: 0.5795 F1: 0.5769 | Val Loss: 0.7300 Acc: 0.5000 F1: 0.4949
Epoch  48/50 | Train Loss: 0.6645 Acc: 0.5795 F1: 0.5795 | Val Loss: 0.7202 Acc: 0.5000 F1: 0.5000
Epoch  49/50 | Train Loss: 0.6646 Acc: 0.5682 F1: 0.5673 | Val Loss: 0.7298 Acc: 0.4500 F1: 0.4486
Epoch  50/50 | Train Loss: 0.6602 Acc: 0.5625 F1: 0.5614 | Val Loss: 0.7193 Acc: 0.4500 F1: 0.4486

Classification Test Result (SelfRegulationSCP2)
Accuracy : 0.572222
F1 (macro): 0.559146
Saved attention maps for 3 sample(s) under ./runs/classification_electricity_to_SelfRegulationSCP2_laya_metadata_query_gate_text/attention_maps
Text metadata preview | dataset=SpokenArabicDigits | domain=UEA | channels=13
   - channel_1: In the UEA domain, this channel belongs to the SpokenArabicDigits dataset and represents the feature channel 1.
   - channel_2: In the UEA domain, this channel belongs to the SpokenArabicDigits dataset and represents the feature channel 2.
   - ... (11 more channel descriptions)
==================================================
🚀 Architecture: LAYA
📊 Target Dataset: SpokenArabicDigits (Channels: 13)
📊 Pretrain Info: electricity
📊 Classes: 10 | Sequence Length: 93
==================================================
✅ Loaded pretrained encoder from ./checkpoints/electricity_laya_metadata_query_gate_text/laya_ts_electricity_s_best.pt
   - 62/62 keys matched.
✅ Encoder is FROZEN (Linear Probing mode).
📝 metadata: mode=text, fusion=none, relation=metadata_query_gate
ℹ️  Metadata Fusion Mode: none
ℹ️  Channel Mixer Relation Mode: metadata_query_gate
ℹ️  Encoder Variant: default
ℹ️  Channel Adapter: disabled for Laya downstream (mixer)
ℹ️  Channel Relation Block: disabled
✅ ClassificationHead: [B, 128] → [B, 10]
Epoch   1/50 | Train Loss: 2.0699 Acc: 0.2706 F1: 0.2604 | Val Loss: 1.9053 Acc: 0.3642 F1: 0.3308
Validation Loss decreased (inf --> 1.905319). Saving best model...
Epoch   2/50 | Train Loss: 1.8333 Acc: 0.3699 F1: 0.3588 | Val Loss: 1.7687 Acc: 0.4143 F1: 0.4055
Validation Loss decreased (1.905319 --> 1.768748). Saving best model...
Epoch   3/50 | Train Loss: 1.7363 Acc: 0.4129 F1: 0.4056 | Val Loss: 1.7021 Acc: 0.4310 F1: 0.4202
Validation Loss decreased (1.768748 --> 1.702124). Saving best model...
Epoch   4/50 | Train Loss: 1.6685 Acc: 0.4452 F1: 0.4394 | Val Loss: 1.6569 Acc: 0.4294 F1: 0.4263
Validation Loss decreased (1.702124 --> 1.656862). Saving best model...
Epoch   5/50 | Train Loss: 1.6229 Acc: 0.4591 F1: 0.4537 | Val Loss: 1.6020 Acc: 0.4583 F1: 0.4554
Validation Loss decreased (1.656862 --> 1.602005). Saving best model...
Epoch   6/50 | Train Loss: 1.5786 Acc: 0.4813 F1: 0.4778 | Val Loss: 1.5888 Acc: 0.4568 F1: 0.4518
Validation Loss decreased (1.602005 --> 1.588779). Saving best model...
Epoch   7/50 | Train Loss: 1.5506 Acc: 0.4826 F1: 0.4790 | Val Loss: 1.5572 Acc: 0.4750 F1: 0.4685
Validation Loss decreased (1.588779 --> 1.557240). Saving best model...
Epoch   8/50 | Train Loss: 1.5239 Acc: 0.5040 F1: 0.5013 | Val Loss: 1.5255 Acc: 0.4962 F1: 0.4959
Validation Loss decreased (1.557240 --> 1.525470). Saving best model...
Epoch   9/50 | Train Loss: 1.4971 Acc: 0.5091 F1: 0.5062 | Val Loss: 1.5192 Acc: 0.4917 F1: 0.4886
Validation Loss decreased (1.525470 --> 1.519225). Saving best model...
Epoch  10/50 | Train Loss: 1.4764 Acc: 0.5150 F1: 0.5126 | Val Loss: 1.4915 Acc: 0.4992 F1: 0.4999
Validation Loss decreased (1.519225 --> 1.491549). Saving best model...
Epoch  11/50 | Train Loss: 1.4581 Acc: 0.5227 F1: 0.5207 | Val Loss: 1.4797 Acc: 0.5053 F1: 0.5034
Validation Loss decreased (1.491549 --> 1.479678). Saving best model...
Epoch  12/50 | Train Loss: 1.4418 Acc: 0.5266 F1: 0.5245 | Val Loss: 1.4722 Acc: 0.5114 F1: 0.5092
Validation Loss decreased (1.479678 --> 1.472207). Saving best model...
Epoch  13/50 | Train Loss: 1.4291 Acc: 0.5300 F1: 0.5279 | Val Loss: 1.4606 Acc: 0.5220 F1: 0.5167
Validation Loss decreased (1.472207 --> 1.460560). Saving best model...
Epoch  14/50 | Train Loss: 1.4150 Acc: 0.5345 F1: 0.5329 | Val Loss: 1.4691 Acc: 0.5008 F1: 0.4910
Epoch  15/50 | Train Loss: 1.3998 Acc: 0.5425 F1: 0.5408 | Val Loss: 1.4355 Acc: 0.5144 F1: 0.5114
Validation Loss decreased (1.460560 --> 1.435528). Saving best model...
Epoch  16/50 | Train Loss: 1.3923 Acc: 0.5435 F1: 0.5418 | Val Loss: 1.4076 Acc: 0.5417 F1: 0.5397
Validation Loss decreased (1.435528 --> 1.407605). Saving best model...
Epoch  17/50 | Train Loss: 1.3845 Acc: 0.5472 F1: 0.5457 | Val Loss: 1.4080 Acc: 0.5341 F1: 0.5305
Epoch  18/50 | Train Loss: 1.3730 Acc: 0.5457 F1: 0.5441 | Val Loss: 1.3955 Acc: 0.5402 F1: 0.5328
Validation Loss decreased (1.407605 --> 1.395526). Saving best model...
Epoch  19/50 | Train Loss: 1.3607 Acc: 0.5524 F1: 0.5504 | Val Loss: 1.3938 Acc: 0.5432 F1: 0.5387
Validation Loss decreased (1.395526 --> 1.393783). Saving best model...
Epoch  20/50 | Train Loss: 1.3533 Acc: 0.5571 F1: 0.5554 | Val Loss: 1.3944 Acc: 0.5372 F1: 0.5355
Epoch  21/50 | Train Loss: 1.3457 Acc: 0.5549 F1: 0.5532 | Val Loss: 1.3768 Acc: 0.5493 F1: 0.5472
Validation Loss decreased (1.393783 --> 1.376770). Saving best model...
Epoch  22/50 | Train Loss: 1.3393 Acc: 0.5590 F1: 0.5575 | Val Loss: 1.3750 Acc: 0.5478 F1: 0.5460
Validation Loss decreased (1.376770 --> 1.375028). Saving best model...
Epoch  23/50 | Train Loss: 1.3304 Acc: 0.5667 F1: 0.5656 | Val Loss: 1.4060 Acc: 0.5341 F1: 0.5326
Epoch  24/50 | Train Loss: 1.3224 Acc: 0.5664 F1: 0.5647 | Val Loss: 1.3568 Acc: 0.5630 F1: 0.5585
Validation Loss decreased (1.375028 --> 1.356764). Saving best model...
Epoch  25/50 | Train Loss: 1.3188 Acc: 0.5659 F1: 0.5646 | Val Loss: 1.3568 Acc: 0.5493 F1: 0.5488
Epoch  26/50 | Train Loss: 1.3136 Acc: 0.5642 F1: 0.5625 | Val Loss: 1.3415 Acc: 0.5508 F1: 0.5458
Validation Loss decreased (1.356764 --> 1.341547). Saving best model...
Epoch  27/50 | Train Loss: 1.3061 Acc: 0.5741 F1: 0.5726 | Val Loss: 1.3370 Acc: 0.5736 F1: 0.5729
Validation Loss decreased (1.341547 --> 1.337010). Saving best model...
Epoch  28/50 | Train Loss: 1.3018 Acc: 0.5758 F1: 0.5747 | Val Loss: 1.3318 Acc: 0.5569 F1: 0.5568
Validation Loss decreased (1.337010 --> 1.331787). Saving best model...
Epoch  29/50 | Train Loss: 1.2924 Acc: 0.5778 F1: 0.5764 | Val Loss: 1.3415 Acc: 0.5584 F1: 0.5546
Epoch  30/50 | Train Loss: 1.2858 Acc: 0.5780 F1: 0.5767 | Val Loss: 1.3409 Acc: 0.5690 F1: 0.5648
Epoch  31/50 | Train Loss: 1.2871 Acc: 0.5783 F1: 0.5770 | Val Loss: 1.3286 Acc: 0.5478 F1: 0.5415
Validation Loss decreased (1.331787 --> 1.328618). Saving best model...
Epoch  32/50 | Train Loss: 1.2813 Acc: 0.5756 F1: 0.5741 | Val Loss: 1.3232 Acc: 0.5781 F1: 0.5774
Validation Loss decreased (1.328618 --> 1.323242). Saving best model...
Epoch  33/50 | Train Loss: 1.2749 Acc: 0.5844 F1: 0.5832 | Val Loss: 1.3271 Acc: 0.5524 F1: 0.5515
Epoch  34/50 | Train Loss: 1.2700 Acc: 0.5852 F1: 0.5838 | Val Loss: 1.3045 Acc: 0.5675 F1: 0.5641
Validation Loss decreased (1.323242 --> 1.304522). Saving best model...
Epoch  35/50 | Train Loss: 1.2695 Acc: 0.5837 F1: 0.5822 | Val Loss: 1.3133 Acc: 0.5690 F1: 0.5656
Epoch  36/50 | Train Loss: 1.2646 Acc: 0.5825 F1: 0.5813 | Val Loss: 1.3119 Acc: 0.5675 F1: 0.5596
Epoch  37/50 | Train Loss: 1.2596 Acc: 0.5878 F1: 0.5861 | Val Loss: 1.2954 Acc: 0.5706 F1: 0.5696
Validation Loss decreased (1.304522 --> 1.295447). Saving best model...
Epoch  38/50 | Train Loss: 1.2491 Acc: 0.5987 F1: 0.5974 | Val Loss: 1.2923 Acc: 0.5630 F1: 0.5604
Validation Loss decreased (1.295447 --> 1.292293). Saving best model...
Epoch  39/50 | Train Loss: 1.2464 Acc: 0.5901 F1: 0.5885 | Val Loss: 1.2938 Acc: 0.5827 F1: 0.5802
Epoch  40/50 | Train Loss: 1.2430 Acc: 0.5913 F1: 0.5900 | Val Loss: 1.2946 Acc: 0.5812 F1: 0.5751
Epoch  41/50 | Train Loss: 1.2408 Acc: 0.5986 F1: 0.5973 | Val Loss: 1.2975 Acc: 0.5781 F1: 0.5801
Epoch  42/50 | Train Loss: 1.2391 Acc: 0.5977 F1: 0.5962 | Val Loss: 1.2793 Acc: 0.5857 F1: 0.5833
Validation Loss decreased (1.292293 --> 1.279295). Saving best model...
Epoch  43/50 | Train Loss: 1.2357 Acc: 0.5955 F1: 0.5937 | Val Loss: 1.2759 Acc: 0.5766 F1: 0.5756
Validation Loss decreased (1.279295 --> 1.275929). Saving best model...
Epoch  44/50 | Train Loss: 1.2343 Acc: 0.5970 F1: 0.5953 | Val Loss: 1.2724 Acc: 0.5888 F1: 0.5866
Validation Loss decreased (1.275929 --> 1.272440). Saving best model...
Epoch  45/50 | Train Loss: 1.2297 Acc: 0.5970 F1: 0.5953 | Val Loss: 1.2829 Acc: 0.5797 F1: 0.5743
Epoch  46/50 | Train Loss: 1.2244 Acc: 0.5987 F1: 0.5970 | Val Loss: 1.2675 Acc: 0.6009 F1: 0.6009
Validation Loss decreased (1.272440 --> 1.267548). Saving best model...
Epoch  47/50 | Train Loss: 1.2244 Acc: 0.5972 F1: 0.5954 | Val Loss: 1.2887 Acc: 0.5675 F1: 0.5673
Epoch  48/50 | Train Loss: 1.2216 Acc: 0.6031 F1: 0.6020 | Val Loss: 1.2734 Acc: 0.5766 F1: 0.5749
Epoch  49/50 | Train Loss: 1.2141 Acc: 0.5999 F1: 0.5984 | Val Loss: 1.2756 Acc: 0.5857 F1: 0.5826
Epoch  50/50 | Train Loss: 1.2145 Acc: 0.5989 F1: 0.5972 | Val Loss: 1.2656 Acc: 0.5933 F1: 0.5931
Validation Loss decreased (1.267548 --> 1.265639). Saving best model...

Classification Test Result (SpokenArabicDigits)
Accuracy : 0.271487
F1 (macro): 0.232498
Saved attention maps for 3 sample(s) under ./runs/classification_electricity_to_SpokenArabicDigits_laya_metadata_query_gate_text/attention_maps
Text metadata preview | dataset=UWaveGestureLibrary | domain=UEA | channels=3
   - channel_1: In the UEA domain, this channel belongs to the UWaveGestureLibrary dataset and represents the feature channel 1.
   - channel_2: In the UEA domain, this channel belongs to the UWaveGestureLibrary dataset and represents the feature channel 2.
   - ... (1 more channel descriptions)
==================================================
🚀 Architecture: LAYA
📊 Target Dataset: UWaveGestureLibrary (Channels: 3)
📊 Pretrain Info: electricity
📊 Classes: 8 | Sequence Length: 315
==================================================
✅ Loaded pretrained encoder from ./checkpoints/electricity_laya_metadata_query_gate_text/laya_ts_electricity_s_best.pt
   - 62/62 keys matched.
✅ Encoder is FROZEN (Linear Probing mode).
📝 metadata: mode=text, fusion=none, relation=metadata_query_gate
ℹ️  Metadata Fusion Mode: none
ℹ️  Channel Mixer Relation Mode: metadata_query_gate
ℹ️  Encoder Variant: default
ℹ️  Channel Adapter: disabled for Laya downstream (mixer)
ℹ️  Channel Relation Block: disabled
✅ ClassificationHead: [B, 128] → [B, 8]
Epoch   1/50 | Train Loss: 1.9077 Acc: 0.1250 F1: 0.0848 | Val Loss: 2.2176 Acc: 0.2500 F1: 0.2083
Validation Loss decreased (inf --> 2.217568). Saving best model...
Epoch   2/50 | Train Loss: 1.8030 Acc: 0.1771 F1: 0.1066 | Val Loss: 2.0969 Acc: 0.1667 F1: 0.1146
Validation Loss decreased (2.217568 --> 2.096915). Saving best model...
Epoch   3/50 | Train Loss: 1.7672 Acc: 0.1771 F1: 0.1161 | Val Loss: 2.0116 Acc: 0.1667 F1: 0.1083
Validation Loss decreased (2.096915 --> 2.011601). Saving best model...
Epoch   4/50 | Train Loss: 1.7556 Acc: 0.2500 F1: 0.1961 | Val Loss: 1.9696 Acc: 0.1667 F1: 0.1310
Validation Loss decreased (2.011601 --> 1.969620). Saving best model...
Epoch   5/50 | Train Loss: 1.7283 Acc: 0.1979 F1: 0.1724 | Val Loss: 1.9651 Acc: 0.2500 F1: 0.1667
Validation Loss decreased (1.969620 --> 1.965124). Saving best model...
Epoch   6/50 | Train Loss: 1.7013 Acc: 0.2396 F1: 0.2371 | Val Loss: 1.9666 Acc: 0.2500 F1: 0.1667
Epoch   7/50 | Train Loss: 1.6868 Acc: 0.3333 F1: 0.2737 | Val Loss: 1.9636 Acc: 0.2500 F1: 0.1625
Validation Loss decreased (1.965124 --> 1.963649). Saving best model...
Epoch   8/50 | Train Loss: 1.6691 Acc: 0.3542 F1: 0.2933 | Val Loss: 1.9466 Acc: 0.2500 F1: 0.1458
Validation Loss decreased (1.963649 --> 1.946618). Saving best model...
Epoch   9/50 | Train Loss: 1.6521 Acc: 0.3958 F1: 0.3150 | Val Loss: 1.9430 Acc: 0.2500 F1: 0.1458
Validation Loss decreased (1.946618 --> 1.942965). Saving best model...
Epoch  10/50 | Train Loss: 1.6547 Acc: 0.3854 F1: 0.3306 | Val Loss: 1.9330 Acc: 0.2500 F1: 0.2083
Validation Loss decreased (1.942965 --> 1.933029). Saving best model...
Epoch  11/50 | Train Loss: 1.6279 Acc: 0.4271 F1: 0.3847 | Val Loss: 1.9218 Acc: 0.2500 F1: 0.1333
Validation Loss decreased (1.933029 --> 1.921777). Saving best model...
Epoch  12/50 | Train Loss: 1.6201 Acc: 0.5312 F1: 0.5236 | Val Loss: 1.9020 Acc: 0.2500 F1: 0.1551
Validation Loss decreased (1.921777 --> 1.901961). Saving best model...
Epoch  13/50 | Train Loss: 1.6007 Acc: 0.4896 F1: 0.4616 | Val Loss: 1.8977 Acc: 0.3333 F1: 0.2286
Validation Loss decreased (1.901961 --> 1.897657). Saving best model...
Epoch  14/50 | Train Loss: 1.5890 Acc: 0.5104 F1: 0.4914 | Val Loss: 1.9061 Acc: 0.3333 F1: 0.2190
Epoch  15/50 | Train Loss: 1.5750 Acc: 0.4583 F1: 0.4419 | Val Loss: 1.9093 Acc: 0.3333 F1: 0.2333
Epoch  16/50 | Train Loss: 1.5783 Acc: 0.4688 F1: 0.4409 | Val Loss: 1.8926 Acc: 0.3333 F1: 0.2750
Validation Loss decreased (1.897657 --> 1.892624). Saving best model...
Epoch  17/50 | Train Loss: 1.5645 Acc: 0.5104 F1: 0.4933 | Val Loss: 1.8705 Acc: 0.3333 F1: 0.1917
Validation Loss decreased (1.892624 --> 1.870510). Saving best model...
Epoch  18/50 | Train Loss: 1.5389 Acc: 0.4896 F1: 0.4878 | Val Loss: 1.8672 Acc: 0.3333 F1: 0.1857
Validation Loss decreased (1.870510 --> 1.867154). Saving best model...
Epoch  19/50 | Train Loss: 1.5516 Acc: 0.5000 F1: 0.5051 | Val Loss: 1.8652 Acc: 0.3333 F1: 0.1857
Validation Loss decreased (1.867154 --> 1.865228). Saving best model...
Epoch  20/50 | Train Loss: 1.5490 Acc: 0.5104 F1: 0.5172 | Val Loss: 1.8574 Acc: 0.3333 F1: 0.1917
Validation Loss decreased (1.865228 --> 1.857394). Saving best model...
Epoch  21/50 | Train Loss: 1.5226 Acc: 0.5104 F1: 0.5035 | Val Loss: 1.8362 Acc: 0.3333 F1: 0.1917
Validation Loss decreased (1.857394 --> 1.836223). Saving best model...
Epoch  22/50 | Train Loss: 1.5155 Acc: 0.5000 F1: 0.4914 | Val Loss: 1.8349 Acc: 0.3333 F1: 0.1917
Validation Loss decreased (1.836223 --> 1.834934). Saving best model...
Epoch  23/50 | Train Loss: 1.5052 Acc: 0.5312 F1: 0.5345 | Val Loss: 1.8082 Acc: 0.3333 F1: 0.1857
Validation Loss decreased (1.834934 --> 1.808247). Saving best model...
Epoch  24/50 | Train Loss: 1.5074 Acc: 0.5312 F1: 0.5186 | Val Loss: 1.8200 Acc: 0.3333 F1: 0.1857
Epoch  25/50 | Train Loss: 1.4817 Acc: 0.5417 F1: 0.5372 | Val Loss: 1.8222 Acc: 0.3333 F1: 0.1857
Epoch  26/50 | Train Loss: 1.4797 Acc: 0.5417 F1: 0.5401 | Val Loss: 1.8151 Acc: 0.3333 F1: 0.1857
Epoch  27/50 | Train Loss: 1.4735 Acc: 0.5104 F1: 0.5065 | Val Loss: 1.7917 Acc: 0.3333 F1: 0.1917
Validation Loss decreased (1.808247 --> 1.791706). Saving best model...
Epoch  28/50 | Train Loss: 1.4400 Acc: 0.5729 F1: 0.5545 | Val Loss: 1.7795 Acc: 0.4167 F1: 0.2792
Validation Loss decreased (1.791706 --> 1.779507). Saving best model...
Epoch  29/50 | Train Loss: 1.4418 Acc: 0.5521 F1: 0.5349 | Val Loss: 1.7983 Acc: 0.3333 F1: 0.1917
Epoch  30/50 | Train Loss: 1.4495 Acc: 0.5521 F1: 0.5479 | Val Loss: 1.7995 Acc: 0.3333 F1: 0.1857
Epoch  31/50 | Train Loss: 1.4412 Acc: 0.5417 F1: 0.5275 | Val Loss: 1.8167 Acc: 0.3333 F1: 0.1857
Epoch  32/50 | Train Loss: 1.4374 Acc: 0.5417 F1: 0.5345 | Val Loss: 1.8181 Acc: 0.3333 F1: 0.1857
Epoch  33/50 | Train Loss: 1.4184 Acc: 0.5833 F1: 0.5540 | Val Loss: 1.7973 Acc: 0.3333 F1: 0.1857
Epoch  34/50 | Train Loss: 1.4041 Acc: 0.5417 F1: 0.5407 | Val Loss: 1.7911 Acc: 0.3333 F1: 0.2125
Epoch  35/50 | Train Loss: 1.3868 Acc: 0.5417 F1: 0.5228 | Val Loss: 1.7739 Acc: 0.3333 F1: 0.2125
Validation Loss decreased (1.779507 --> 1.773949). Saving best model...
Epoch  36/50 | Train Loss: 1.3880 Acc: 0.5625 F1: 0.5467 | Val Loss: 1.7615 Acc: 0.4167 F1: 0.2750
Validation Loss decreased (1.773949 --> 1.761471). Saving best model...
Epoch  37/50 | Train Loss: 1.3948 Acc: 0.5521 F1: 0.5306 | Val Loss: 1.7562 Acc: 0.4167 F1: 0.2958
Validation Loss decreased (1.761471 --> 1.756193). Saving best model...
Epoch  38/50 | Train Loss: 1.3761 Acc: 0.5417 F1: 0.4953 | Val Loss: 1.7646 Acc: 0.3333 F1: 0.2000
Epoch  39/50 | Train Loss: 1.3688 Acc: 0.5312 F1: 0.4984 | Val Loss: 1.7655 Acc: 0.4167 F1: 0.2750
Epoch  40/50 | Train Loss: 1.3607 Acc: 0.5521 F1: 0.5218 | Val Loss: 1.7793 Acc: 0.3333 F1: 0.2000
Epoch  41/50 | Train Loss: 1.3645 Acc: 0.5833 F1: 0.5664 | Val Loss: 1.7516 Acc: 0.3333 F1: 0.2000
Validation Loss decreased (1.756193 --> 1.751623). Saving best model...
Epoch  42/50 | Train Loss: 1.3447 Acc: 0.6250 F1: 0.6255 | Val Loss: 1.7334 Acc: 0.3333 F1: 0.1857
Validation Loss decreased (1.751623 --> 1.733428). Saving best model...
Epoch  43/50 | Train Loss: 1.3392 Acc: 0.6042 F1: 0.5931 | Val Loss: 1.7167 Acc: 0.3333 F1: 0.1857
Validation Loss decreased (1.733428 --> 1.716654). Saving best model...
Epoch  44/50 | Train Loss: 1.3489 Acc: 0.5938 F1: 0.5847 | Val Loss: 1.7175 Acc: 0.3333 F1: 0.1857
Epoch  45/50 | Train Loss: 1.3081 Acc: 0.6146 F1: 0.6212 | Val Loss: 1.7390 Acc: 0.3333 F1: 0.1917
Epoch  46/50 | Train Loss: 1.3171 Acc: 0.5625 F1: 0.5448 | Val Loss: 1.7593 Acc: 0.3333 F1: 0.2000
Epoch  47/50 | Train Loss: 1.2977 Acc: 0.5729 F1: 0.5648 | Val Loss: 1.7635 Acc: 0.3333 F1: 0.2000
Epoch  48/50 | Train Loss: 1.3115 Acc: 0.5521 F1: 0.5330 | Val Loss: 1.7496 Acc: 0.3333 F1: 0.2000
Epoch  49/50 | Train Loss: 1.3104 Acc: 0.5729 F1: 0.5561 | Val Loss: 1.7164 Acc: 0.3333 F1: 0.1917
Validation Loss decreased (1.716654 --> 1.716389). Saving best model...
Epoch  50/50 | Train Loss: 1.2870 Acc: 0.6042 F1: 0.5976 | Val Loss: 1.7051 Acc: 0.3333 F1: 0.2000
Validation Loss decreased (1.716389 --> 1.705119). Saving best model...

Classification Test Result (UWaveGestureLibrary)
Accuracy : 0.409375
F1 (macro): 0.408931
Saved attention maps for 3 sample(s) under ./runs/classification_electricity_to_UWaveGestureLibrary_laya_metadata_query_gate_text/attention_maps
Text metadata preview | dataset=ECG200 | domain=UCR | channels=1
   - channel_1: In the UCR domain, this channel belongs to the ECG200 dataset and represents the feature channel 1.
==================================================
🚀 Architecture: LAYA
📊 Target Dataset: ECG200 (Channels: 1)
📊 Pretrain Info: electricity
📊 Classes: 2 | Sequence Length: 96
==================================================
✅ Loaded pretrained encoder from ./checkpoints/electricity_laya_metadata_query_gate_text/laya_ts_electricity_s_best.pt
   - 62/62 keys matched.
✅ Encoder is FROZEN (Linear Probing mode).
📝 metadata: mode=text, fusion=none, relation=metadata_query_gate
ℹ️  Metadata Fusion Mode: none
ℹ️  Channel Mixer Relation Mode: metadata_query_gate
ℹ️  Encoder Variant: default
ℹ️  Channel Adapter: disabled for Laya downstream (mixer)
ℹ️  Channel Relation Block: disabled
✅ ClassificationHead: [B, 128] → [B, 2]
Epoch   1/50 | Train Loss: 0.5987 Acc: 0.6750 F1: 0.4030 | Val Loss: 0.6899 Acc: 0.6000 F1: 0.3750
Validation Loss decreased (inf --> 0.689871). Saving best model...
Epoch   2/50 | Train Loss: 0.5228 Acc: 0.7250 F1: 0.4203 | Val Loss: 0.6733 Acc: 0.6000 F1: 0.3750
Validation Loss decreased (0.689871 --> 0.673346). Saving best model...
Epoch   3/50 | Train Loss: 0.5006 Acc: 0.7125 F1: 0.4161 | Val Loss: 0.6826 Acc: 0.6000 F1: 0.3750
Epoch   4/50 | Train Loss: 0.5097 Acc: 0.6875 F1: 0.4074 | Val Loss: 0.6749 Acc: 0.6000 F1: 0.3750
Epoch   5/50 | Train Loss: 0.4753 Acc: 0.7000 F1: 0.4118 | Val Loss: 0.6309 Acc: 0.6000 F1: 0.3750
Validation Loss decreased (0.673346 --> 0.630890). Saving best model...
Epoch   6/50 | Train Loss: 0.4540 Acc: 0.7125 F1: 0.4548 | Val Loss: 0.5928 Acc: 0.6000 F1: 0.3750
Validation Loss decreased (0.630890 --> 0.592796). Saving best model...
Epoch   7/50 | Train Loss: 0.4500 Acc: 0.7250 F1: 0.5487 | Val Loss: 0.5638 Acc: 0.6000 F1: 0.3750
Validation Loss decreased (0.592796 --> 0.563835). Saving best model...
Epoch   8/50 | Train Loss: 0.4179 Acc: 0.7875 F1: 0.7012 | Val Loss: 0.5450 Acc: 0.6000 F1: 0.3750
Validation Loss decreased (0.563835 --> 0.544967). Saving best model...
Epoch   9/50 | Train Loss: 0.4212 Acc: 0.7625 F1: 0.6660 | Val Loss: 0.5478 Acc: 0.6000 F1: 0.3750
Epoch  10/50 | Train Loss: 0.4019 Acc: 0.7750 F1: 0.6894 | Val Loss: 0.5564 Acc: 0.6000 F1: 0.3750
Epoch  11/50 | Train Loss: 0.4007 Acc: 0.8000 F1: 0.7133 | Val Loss: 0.5629 Acc: 0.6000 F1: 0.3750
Epoch  12/50 | Train Loss: 0.3809 Acc: 0.8000 F1: 0.7012 | Val Loss: 0.5663 Acc: 0.6000 F1: 0.3750
Epoch  13/50 | Train Loss: 0.4051 Acc: 0.7875 F1: 0.7118 | Val Loss: 0.5519 Acc: 0.7000 F1: 0.6000
Epoch  14/50 | Train Loss: 0.3655 Acc: 0.7875 F1: 0.7213 | Val Loss: 0.5404 Acc: 0.7000 F1: 0.6000
Validation Loss decreased (0.544967 --> 0.540358). Saving best model...
Epoch  15/50 | Train Loss: 0.3799 Acc: 0.7625 F1: 0.7205 | Val Loss: 0.5178 Acc: 0.8000 F1: 0.7619
Validation Loss decreased (0.540358 --> 0.517781). Saving best model...
Epoch  16/50 | Train Loss: 0.3639 Acc: 0.7875 F1: 0.7439 | Val Loss: 0.5127 Acc: 0.8000 F1: 0.7619
Validation Loss decreased (0.517781 --> 0.512665). Saving best model...
Epoch  17/50 | Train Loss: 0.3728 Acc: 0.7750 F1: 0.7321 | Val Loss: 0.5218 Acc: 0.8000 F1: 0.7619
Epoch  18/50 | Train Loss: 0.3531 Acc: 0.7875 F1: 0.7297 | Val Loss: 0.5672 Acc: 0.7000 F1: 0.6000
Epoch  19/50 | Train Loss: 0.3640 Acc: 0.8000 F1: 0.7492 | Val Loss: 0.5575 Acc: 0.7000 F1: 0.6000
Epoch  20/50 | Train Loss: 0.3290 Acc: 0.8000 F1: 0.7417 | Val Loss: 0.5272 Acc: 0.8000 F1: 0.7619
Epoch  21/50 | Train Loss: 0.3339 Acc: 0.7875 F1: 0.7439 | Val Loss: 0.5311 Acc: 0.8000 F1: 0.7619
Epoch  22/50 | Train Loss: 0.3405 Acc: 0.8000 F1: 0.7559 | Val Loss: 0.5437 Acc: 0.8000 F1: 0.7619
Epoch  23/50 | Train Loss: 0.3416 Acc: 0.7750 F1: 0.7254 | Val Loss: 0.5282 Acc: 0.8000 F1: 0.7619
Epoch  24/50 | Train Loss: 0.3141 Acc: 0.8125 F1: 0.7794 | Val Loss: 0.5502 Acc: 0.8000 F1: 0.7619
Epoch  25/50 | Train Loss: 0.3223 Acc: 0.7875 F1: 0.7439 | Val Loss: 0.5638 Acc: 0.8000 F1: 0.7619
Epoch  26/50 | Train Loss: 0.3237 Acc: 0.8125 F1: 0.7741 | Val Loss: 0.5574 Acc: 0.8000 F1: 0.7619
Epoch  27/50 | Train Loss: 0.3464 Acc: 0.7875 F1: 0.7500 | Val Loss: 0.5436 Acc: 0.8000 F1: 0.7619
Epoch  28/50 | Train Loss: 0.3315 Acc: 0.8250 F1: 0.8077 | Val Loss: 0.5254 Acc: 0.8000 F1: 0.7619
Epoch  29/50 | Train Loss: 0.3340 Acc: 0.8125 F1: 0.7841 | Val Loss: 0.5306 Acc: 0.8000 F1: 0.7619
Epoch  30/50 | Train Loss: 0.3106 Acc: 0.8625 F1: 0.8476 | Val Loss: 0.5264 Acc: 0.8000 F1: 0.7619
Epoch  31/50 | Train Loss: 0.3359 Acc: 0.8250 F1: 0.8043 | Val Loss: 0.5405 Acc: 0.8000 F1: 0.7619
Epoch  32/50 | Train Loss: 0.3381 Acc: 0.8250 F1: 0.8077 | Val Loss: 0.5269 Acc: 0.8000 F1: 0.7619
Epoch  33/50 | Train Loss: 0.3181 Acc: 0.8375 F1: 0.8199 | Val Loss: 0.5230 Acc: 0.8000 F1: 0.7619
Epoch  34/50 | Train Loss: 0.3239 Acc: 0.8250 F1: 0.8006 | Val Loss: 0.5304 Acc: 0.8000 F1: 0.7619
Epoch  35/50 | Train Loss: 0.3261 Acc: 0.8125 F1: 0.7794 | Val Loss: 0.5413 Acc: 0.8000 F1: 0.7619
Epoch  36/50 | Train Loss: 0.3354 Acc: 0.8125 F1: 0.7794 | Val Loss: 0.5726 Acc: 0.8000 F1: 0.7619
Epoch  37/50 | Train Loss: 0.2943 Acc: 0.8250 F1: 0.7806 | Val Loss: 0.5757 Acc: 0.8000 F1: 0.7619
Epoch  38/50 | Train Loss: 0.3244 Acc: 0.8000 F1: 0.7559 | Val Loss: 0.5683 Acc: 0.8000 F1: 0.7619
Epoch  39/50 | Train Loss: 0.3071 Acc: 0.8375 F1: 0.8088 | Val Loss: 0.5587 Acc: 0.8000 F1: 0.7619
Epoch  40/50 | Train Loss: 0.3214 Acc: 0.8375 F1: 0.8088 | Val Loss: 0.5459 Acc: 0.8000 F1: 0.7619
Epoch  41/50 | Train Loss: 0.3093 Acc: 0.8500 F1: 0.8291 | Val Loss: 0.5357 Acc: 0.8000 F1: 0.7619
Epoch  42/50 | Train Loss: 0.3172 Acc: 0.8375 F1: 0.8229 | Val Loss: 0.5314 Acc: 0.8000 F1: 0.7619
Epoch  43/50 | Train Loss: 0.2860 Acc: 0.8500 F1: 0.8255 | Val Loss: 0.5296 Acc: 0.8000 F1: 0.7619
Epoch  44/50 | Train Loss: 0.2820 Acc: 0.8500 F1: 0.8291 | Val Loss: 0.5486 Acc: 0.8000 F1: 0.7619
Epoch  45/50 | Train Loss: 0.2942 Acc: 0.8500 F1: 0.8323 | Val Loss: 0.5609 Acc: 0.8000 F1: 0.7619
Epoch  46/50 | Train Loss: 0.3045 Acc: 0.8250 F1: 0.7864 | Val Loss: 0.5724 Acc: 0.8000 F1: 0.7619
Epoch  47/50 | Train Loss: 0.3035 Acc: 0.8375 F1: 0.8166 | Val Loss: 0.5434 Acc: 0.8000 F1: 0.7619
Epoch  48/50 | Train Loss: 0.3215 Acc: 0.8375 F1: 0.8166 | Val Loss: 0.5317 Acc: 0.8000 F1: 0.7619
Epoch  49/50 | Train Loss: 0.3003 Acc: 0.8500 F1: 0.8214 | Val Loss: 0.5465 Acc: 0.8000 F1: 0.7619
Epoch  50/50 | Train Loss: 0.2899 Acc: 0.8500 F1: 0.8323 | Val Loss: 0.5614 Acc: 0.8000 F1: 0.7619

Classification Test Result (ECG200)
Accuracy : 0.770000
F1 (macro): 0.733519
Saved attention maps for 3 sample(s) under ./runs/classification_electricity_to_ECG200_laya_metadata_query_gate_text/attention_maps
Text metadata preview | dataset=ECG5000 | domain=UCR | channels=1
   - channel_1: In the UCR domain, this channel belongs to the ECG5000 dataset and represents the feature channel 1.
==================================================
🚀 Architecture: LAYA
📊 Target Dataset: ECG5000 (Channels: 1)
📊 Pretrain Info: electricity
📊 Classes: 5 | Sequence Length: 140
==================================================
✅ Loaded pretrained encoder from ./checkpoints/electricity_laya_metadata_query_gate_text/laya_ts_electricity_s_best.pt
   - 62/62 keys matched.
✅ Encoder is FROZEN (Linear Probing mode).
📝 metadata: mode=text, fusion=none, relation=metadata_query_gate
ℹ️  Metadata Fusion Mode: none
ℹ️  Channel Mixer Relation Mode: metadata_query_gate
ℹ️  Encoder Variant: default
ℹ️  Channel Adapter: disabled for Laya downstream (mixer)
ℹ️  Channel Relation Block: disabled
✅ ClassificationHead: [B, 128] → [B, 5]
Epoch   1/50 | Train Loss: 1.0127 Acc: 0.5647 F1: 0.2261 | Val Loss: 0.6264 Acc: 0.8200 F1: 0.5271
Validation Loss decreased (inf --> 0.626354). Saving best model...
Epoch   2/50 | Train Loss: 0.6644 Acc: 0.8482 F1: 0.3458 | Val Loss: 0.4956 Acc: 0.9200 F1: 0.6210
Validation Loss decreased (0.626354 --> 0.495565). Saving best model...
Epoch   3/50 | Train Loss: 0.5643 Acc: 0.8728 F1: 0.3570 | Val Loss: 0.4441 Acc: 0.9200 F1: 0.6210
Validation Loss decreased (0.495565 --> 0.444149). Saving best model...
Epoch   4/50 | Train Loss: 0.5183 Acc: 0.8839 F1: 0.3621 | Val Loss: 0.4118 Acc: 0.9200 F1: 0.6210
Validation Loss decreased (0.444149 --> 0.411810). Saving best model...
Epoch   5/50 | Train Loss: 0.4925 Acc: 0.8862 F1: 0.3631 | Val Loss: 0.3912 Acc: 0.9200 F1: 0.6210
Validation Loss decreased (0.411810 --> 0.391161). Saving best model...
Epoch   6/50 | Train Loss: 0.4754 Acc: 0.8817 F1: 0.3612 | Val Loss: 0.3800 Acc: 0.9200 F1: 0.6210
Validation Loss decreased (0.391161 --> 0.380027). Saving best model...
Epoch   7/50 | Train Loss: 0.4660 Acc: 0.8862 F1: 0.3632 | Val Loss: 0.3817 Acc: 0.9200 F1: 0.6210
Epoch   8/50 | Train Loss: 0.4531 Acc: 0.8839 F1: 0.3622 | Val Loss: 0.3712 Acc: 0.9200 F1: 0.6210
Validation Loss decreased (0.380027 --> 0.371154). Saving best model...
Epoch   9/50 | Train Loss: 0.4433 Acc: 0.8839 F1: 0.3620 | Val Loss: 0.3682 Acc: 0.9200 F1: 0.6210
Validation Loss decreased (0.371154 --> 0.368192). Saving best model...
Epoch  10/50 | Train Loss: 0.4384 Acc: 0.8839 F1: 0.3623 | Val Loss: 0.3637 Acc: 0.9200 F1: 0.6210
Validation Loss decreased (0.368192 --> 0.363664). Saving best model...
Epoch  11/50 | Train Loss: 0.4290 Acc: 0.8839 F1: 0.3624 | Val Loss: 0.3634 Acc: 0.9200 F1: 0.6210
Validation Loss decreased (0.363664 --> 0.363403). Saving best model...
Epoch  12/50 | Train Loss: 0.4240 Acc: 0.8862 F1: 0.3634 | Val Loss: 0.3563 Acc: 0.9200 F1: 0.6210
Validation Loss decreased (0.363403 --> 0.356342). Saving best model...
Epoch  13/50 | Train Loss: 0.4204 Acc: 0.8817 F1: 0.3614 | Val Loss: 0.3529 Acc: 0.9200 F1: 0.6210
Validation Loss decreased (0.356342 --> 0.352920). Saving best model...
Epoch  14/50 | Train Loss: 0.4128 Acc: 0.8862 F1: 0.3633 | Val Loss: 0.3501 Acc: 0.9200 F1: 0.6210
Validation Loss decreased (0.352920 --> 0.350092). Saving best model...
Epoch  15/50 | Train Loss: 0.4077 Acc: 0.8750 F1: 0.3588 | Val Loss: 0.3490 Acc: 0.9200 F1: 0.6210
Validation Loss decreased (0.350092 --> 0.349038). Saving best model...
Epoch  16/50 | Train Loss: 0.4029 Acc: 0.8884 F1: 0.3643 | Val Loss: 0.3415 Acc: 0.9200 F1: 0.6210
Validation Loss decreased (0.349038 --> 0.341532). Saving best model...
Epoch  17/50 | Train Loss: 0.3896 Acc: 0.8817 F1: 0.3614 | Val Loss: 0.3474 Acc: 0.9200 F1: 0.6210
Epoch  18/50 | Train Loss: 0.3925 Acc: 0.8884 F1: 0.3642 | Val Loss: 0.3361 Acc: 0.9200 F1: 0.6210
Validation Loss decreased (0.341532 --> 0.336078). Saving best model...
Epoch  19/50 | Train Loss: 0.3906 Acc: 0.8839 F1: 0.3626 | Val Loss: 0.3369 Acc: 0.9200 F1: 0.6210
Epoch  20/50 | Train Loss: 0.3838 Acc: 0.8884 F1: 0.3642 | Val Loss: 0.3385 Acc: 0.9200 F1: 0.6210
Epoch  21/50 | Train Loss: 0.3812 Acc: 0.8817 F1: 0.3617 | Val Loss: 0.3316 Acc: 0.9200 F1: 0.6210
Validation Loss decreased (0.336078 --> 0.331551). Saving best model...
Epoch  22/50 | Train Loss: 0.3760 Acc: 0.8929 F1: 0.3665 | Val Loss: 0.3326 Acc: 0.9200 F1: 0.6210
Epoch  23/50 | Train Loss: 0.3749 Acc: 0.8929 F1: 0.3664 | Val Loss: 0.3272 Acc: 0.9200 F1: 0.6210
Validation Loss decreased (0.331551 --> 0.327236). Saving best model...
Epoch  24/50 | Train Loss: 0.3593 Acc: 0.8951 F1: 0.3667 | Val Loss: 0.3271 Acc: 0.9200 F1: 0.6210
Validation Loss decreased (0.327236 --> 0.327078). Saving best model...
Epoch  25/50 | Train Loss: 0.3636 Acc: 0.8996 F1: 0.3693 | Val Loss: 0.3269 Acc: 0.9200 F1: 0.6210
Validation Loss decreased (0.327078 --> 0.326855). Saving best model...
Epoch  26/50 | Train Loss: 0.3600 Acc: 0.8884 F1: 0.3647 | Val Loss: 0.3212 Acc: 0.9200 F1: 0.6210
Validation Loss decreased (0.326855 --> 0.321177). Saving best model...
Epoch  27/50 | Train Loss: 0.3527 Acc: 0.8973 F1: 0.3682 | Val Loss: 0.3243 Acc: 0.9200 F1: 0.6210
Epoch  28/50 | Train Loss: 0.3535 Acc: 0.8929 F1: 0.3666 | Val Loss: 0.3113 Acc: 0.9200 F1: 0.6210
Validation Loss decreased (0.321177 --> 0.311349). Saving best model...
Epoch  29/50 | Train Loss: 0.3542 Acc: 0.8884 F1: 0.3644 | Val Loss: 0.3289 Acc: 0.9200 F1: 0.6210
Epoch  30/50 | Train Loss: 0.3477 Acc: 0.8973 F1: 0.3684 | Val Loss: 0.3076 Acc: 0.9200 F1: 0.6210
Validation Loss decreased (0.311349 --> 0.307560). Saving best model...
Epoch  31/50 | Train Loss: 0.3450 Acc: 0.8929 F1: 0.3666 | Val Loss: 0.3071 Acc: 0.9200 F1: 0.6210
Validation Loss decreased (0.307560 --> 0.307141). Saving best model...
Epoch  32/50 | Train Loss: 0.3379 Acc: 0.9040 F1: 0.3712 | Val Loss: 0.3064 Acc: 0.9200 F1: 0.6210
Validation Loss decreased (0.307141 --> 0.306448). Saving best model...
Epoch  33/50 | Train Loss: 0.3349 Acc: 0.8951 F1: 0.3672 | Val Loss: 0.3047 Acc: 0.9200 F1: 0.6210
Validation Loss decreased (0.306448 --> 0.304711). Saving best model...
Epoch  34/50 | Train Loss: 0.3313 Acc: 0.8996 F1: 0.3693 | Val Loss: 0.3107 Acc: 0.9200 F1: 0.6210
Epoch  35/50 | Train Loss: 0.3297 Acc: 0.8996 F1: 0.3694 | Val Loss: 0.3030 Acc: 0.9200 F1: 0.6210
Validation Loss decreased (0.304711 --> 0.302959). Saving best model...
Epoch  36/50 | Train Loss: 0.3258 Acc: 0.8929 F1: 0.3666 | Val Loss: 0.2999 Acc: 0.9200 F1: 0.6210
Validation Loss decreased (0.302959 --> 0.299940). Saving best model...
Epoch  37/50 | Train Loss: 0.3202 Acc: 0.9062 F1: 0.3720 | Val Loss: 0.3066 Acc: 0.9200 F1: 0.6210
Epoch  38/50 | Train Loss: 0.3164 Acc: 0.9018 F1: 0.3703 | Val Loss: 0.2932 Acc: 0.9200 F1: 0.6210
Validation Loss decreased (0.299940 --> 0.293206). Saving best model...
Epoch  39/50 | Train Loss: 0.3189 Acc: 0.9040 F1: 0.3713 | Val Loss: 0.2957 Acc: 0.9200 F1: 0.6210
Epoch  40/50 | Train Loss: 0.3162 Acc: 0.9018 F1: 0.3703 | Val Loss: 0.2868 Acc: 0.9200 F1: 0.6210
Validation Loss decreased (0.293206 --> 0.286846). Saving best model...
Epoch  41/50 | Train Loss: 0.3121 Acc: 0.9040 F1: 0.3713 | Val Loss: 0.2953 Acc: 0.9200 F1: 0.6210
Epoch  42/50 | Train Loss: 0.3069 Acc: 0.9040 F1: 0.3712 | Val Loss: 0.2878 Acc: 0.9200 F1: 0.6210
Epoch  43/50 | Train Loss: 0.3070 Acc: 0.9040 F1: 0.3712 | Val Loss: 0.2928 Acc: 0.9400 F1: 0.6366
Epoch  44/50 | Train Loss: 0.3079 Acc: 0.9018 F1: 0.3703 | Val Loss: 0.2804 Acc: 0.9200 F1: 0.6210
Validation Loss decreased (0.286846 --> 0.280363). Saving best model...
Epoch  45/50 | Train Loss: 0.3042 Acc: 0.9018 F1: 0.3703 | Val Loss: 0.2890 Acc: 0.9400 F1: 0.6366
Epoch  46/50 | Train Loss: 0.3020 Acc: 0.9107 F1: 0.3743 | Val Loss: 0.2863 Acc: 0.9400 F1: 0.6366
Epoch  47/50 | Train Loss: 0.2940 Acc: 0.9062 F1: 0.3722 | Val Loss: 0.2726 Acc: 0.9200 F1: 0.6210
Validation Loss decreased (0.280363 --> 0.272553). Saving best model...
Epoch  48/50 | Train Loss: 0.2955 Acc: 0.9107 F1: 0.4400 | Val Loss: 0.2959 Acc: 0.9200 F1: 0.6222
Epoch  49/50 | Train Loss: 0.2952 Acc: 0.9174 F1: 0.4131 | Val Loss: 0.2717 Acc: 0.9200 F1: 0.6210
Validation Loss decreased (0.272553 --> 0.271735). Saving best model...
Epoch  50/50 | Train Loss: 0.2901 Acc: 0.9085 F1: 0.3731 | Val Loss: 0.2744 Acc: 0.9400 F1: 0.6366

Classification Test Result (ECG5000)
Accuracy : 0.892667
F1 (macro): 0.379484
Saved attention maps for 3 sample(s) under ./runs/classification_electricity_to_ECG5000_laya_metadata_query_gate_text/attention_maps
Text metadata preview | dataset=FordA | domain=UCR | channels=1
   - channel_1: In the UCR domain, this channel belongs to the FordA dataset and represents the feature channel 1.
==================================================
🚀 Architecture: LAYA
📊 Target Dataset: FordA (Channels: 1)
📊 Pretrain Info: electricity
📊 Classes: 2 | Sequence Length: 500
==================================================
✅ Loaded pretrained encoder from ./checkpoints/electricity_laya_metadata_query_gate_text/laya_ts_electricity_s_best.pt
   - 62/62 keys matched.
✅ Encoder is FROZEN (Linear Probing mode).
📝 metadata: mode=text, fusion=none, relation=metadata_query_gate
ℹ️  Metadata Fusion Mode: none
ℹ️  Channel Mixer Relation Mode: metadata_query_gate
ℹ️  Encoder Variant: default
ℹ️  Channel Adapter: disabled for Laya downstream (mixer)
ℹ️  Channel Relation Block: disabled
✅ ClassificationHead: [B, 128] → [B, 2]
Epoch   1/50 | Train Loss: 0.6899 Acc: 0.5384 F1: 0.5345 | Val Loss: 0.6541 Acc: 0.5472 F1: 0.4917
Validation Loss decreased (inf --> 0.654137). Saving best model...
Epoch   2/50 | Train Loss: 0.6388 Acc: 0.6151 F1: 0.6149 | Val Loss: 0.6237 Acc: 0.6972 F1: 0.6883
Validation Loss decreased (0.654137 --> 0.623670). Saving best model...
Epoch   3/50 | Train Loss: 0.6093 Acc: 0.6655 F1: 0.6650 | Val Loss: 0.6121 Acc: 0.5972 F1: 0.5643
Validation Loss decreased (0.623670 --> 0.612086). Saving best model...
Epoch   4/50 | Train Loss: 0.5939 Acc: 0.6689 F1: 0.6689 | Val Loss: 0.5826 Acc: 0.6889 F1: 0.6879
Validation Loss decreased (0.612086 --> 0.582558). Saving best model...
Epoch   5/50 | Train Loss: 0.5785 Acc: 0.6807 F1: 0.6805 | Val Loss: 0.5796 Acc: 0.6611 F1: 0.6478
Validation Loss decreased (0.582558 --> 0.579648). Saving best model...
Epoch   6/50 | Train Loss: 0.5686 Acc: 0.6894 F1: 0.6893 | Val Loss: 0.5670 Acc: 0.6750 F1: 0.6666
Validation Loss decreased (0.579648 --> 0.566989). Saving best model...
Epoch   7/50 | Train Loss: 0.5623 Acc: 0.6925 F1: 0.6925 | Val Loss: 0.5476 Acc: 0.7056 F1: 0.7042
Validation Loss decreased (0.566989 --> 0.547615). Saving best model...
Epoch   8/50 | Train Loss: 0.5468 Acc: 0.7079 F1: 0.7079 | Val Loss: 0.5435 Acc: 0.6833 F1: 0.6766
Validation Loss decreased (0.547615 --> 0.543489). Saving best model...
Epoch   9/50 | Train Loss: 0.5430 Acc: 0.7138 F1: 0.7138 | Val Loss: 0.5345 Acc: 0.7139 F1: 0.7120
Validation Loss decreased (0.543489 --> 0.534459). Saving best model...
Epoch  10/50 | Train Loss: 0.5350 Acc: 0.7101 F1: 0.7100 | Val Loss: 0.5374 Acc: 0.7500 F1: 0.7429
Epoch  11/50 | Train Loss: 0.5283 Acc: 0.7175 F1: 0.7175 | Val Loss: 0.5480 Acc: 0.6889 F1: 0.6691
Epoch  12/50 | Train Loss: 0.5271 Acc: 0.7240 F1: 0.7240 | Val Loss: 0.5118 Acc: 0.7278 F1: 0.7278
Validation Loss decreased (0.534459 --> 0.511808). Saving best model...
Epoch  13/50 | Train Loss: 0.5180 Acc: 0.7262 F1: 0.7262 | Val Loss: 0.5076 Acc: 0.7167 F1: 0.7160
Validation Loss decreased (0.511808 --> 0.507562). Saving best model...
Epoch  14/50 | Train Loss: 0.5131 Acc: 0.7314 F1: 0.7314 | Val Loss: 0.5151 Acc: 0.7000 F1: 0.6896
Epoch  15/50 | Train Loss: 0.5108 Acc: 0.7364 F1: 0.7364 | Val Loss: 0.4955 Acc: 0.7222 F1: 0.7219
Validation Loss decreased (0.507562 --> 0.495529). Saving best model...
Epoch  16/50 | Train Loss: 0.5046 Acc: 0.7416 F1: 0.7416 | Val Loss: 0.4901 Acc: 0.7417 F1: 0.7414
Validation Loss decreased (0.495529 --> 0.490087). Saving best model...
Epoch  17/50 | Train Loss: 0.5023 Acc: 0.7358 F1: 0.7358 | Val Loss: 0.4870 Acc: 0.7389 F1: 0.7386
Validation Loss decreased (0.490087 --> 0.486986). Saving best model...
Epoch  18/50 | Train Loss: 0.4983 Acc: 0.7404 F1: 0.7403 | Val Loss: 0.4942 Acc: 0.7306 F1: 0.7250
Epoch  19/50 | Train Loss: 0.4920 Acc: 0.7506 F1: 0.7506 | Val Loss: 0.5079 Acc: 0.7083 F1: 0.6951
Epoch  20/50 | Train Loss: 0.4932 Acc: 0.7472 F1: 0.7472 | Val Loss: 0.4833 Acc: 0.7750 F1: 0.7700
Validation Loss decreased (0.486986 --> 0.483316). Saving best model...
Epoch  21/50 | Train Loss: 0.4892 Acc: 0.7475 F1: 0.7475 | Val Loss: 0.4746 Acc: 0.7583 F1: 0.7583
Validation Loss decreased (0.483316 --> 0.474597). Saving best model...
Epoch  22/50 | Train Loss: 0.4844 Acc: 0.7481 F1: 0.7481 | Val Loss: 0.4721 Acc: 0.7444 F1: 0.7431
Validation Loss decreased (0.474597 --> 0.472088). Saving best model...
Epoch  23/50 | Train Loss: 0.4827 Acc: 0.7531 F1: 0.7531 | Val Loss: 0.4691 Acc: 0.7417 F1: 0.7411
Validation Loss decreased (0.472088 --> 0.469131). Saving best model...
Epoch  24/50 | Train Loss: 0.4792 Acc: 0.7500 F1: 0.7500 | Val Loss: 0.4666 Acc: 0.7444 F1: 0.7429
Validation Loss decreased (0.469131 --> 0.466557). Saving best model...
Epoch  25/50 | Train Loss: 0.4781 Acc: 0.7534 F1: 0.7534 | Val Loss: 0.4623 Acc: 0.7583 F1: 0.7580
Validation Loss decreased (0.466557 --> 0.462254). Saving best model...
Epoch  26/50 | Train Loss: 0.4765 Acc: 0.7546 F1: 0.7546 | Val Loss: 0.4605 Acc: 0.7583 F1: 0.7578
Validation Loss decreased (0.462254 --> 0.460529). Saving best model...
Epoch  27/50 | Train Loss: 0.4729 Acc: 0.7593 F1: 0.7591 | Val Loss: 0.4592 Acc: 0.7861 F1: 0.7833
Validation Loss decreased (0.460529 --> 0.459181). Saving best model...
Epoch  28/50 | Train Loss: 0.4701 Acc: 0.7658 F1: 0.7658 | Val Loss: 0.4546 Acc: 0.7750 F1: 0.7749
Validation Loss decreased (0.459181 --> 0.454568). Saving best model...
Epoch  29/50 | Train Loss: 0.4734 Acc: 0.7546 F1: 0.7546 | Val Loss: 0.4504 Acc: 0.7833 F1: 0.7833
Validation Loss decreased (0.454568 --> 0.450431). Saving best model...
Epoch  30/50 | Train Loss: 0.4664 Acc: 0.7633 F1: 0.7633 | Val Loss: 0.4492 Acc: 0.7778 F1: 0.7778
Validation Loss decreased (0.450431 --> 0.449211). Saving best model...
Epoch  31/50 | Train Loss: 0.4650 Acc: 0.7593 F1: 0.7592 | Val Loss: 0.4466 Acc: 0.7889 F1: 0.7889
Validation Loss decreased (0.449211 --> 0.446621). Saving best model...
Epoch  32/50 | Train Loss: 0.4621 Acc: 0.7639 F1: 0.7638 | Val Loss: 0.4496 Acc: 0.7528 F1: 0.7518
Epoch  33/50 | Train Loss: 0.4629 Acc: 0.7645 F1: 0.7645 | Val Loss: 0.4424 Acc: 0.8028 F1: 0.8023
Validation Loss decreased (0.446621 --> 0.442382). Saving best model...
Epoch  34/50 | Train Loss: 0.4638 Acc: 0.7611 F1: 0.7611 | Val Loss: 0.4444 Acc: 0.7750 F1: 0.7746
Epoch  35/50 | Train Loss: 0.4588 Acc: 0.7717 F1: 0.7715 | Val Loss: 0.4405 Acc: 0.7861 F1: 0.7860
Validation Loss decreased (0.442382 --> 0.440539). Saving best model...
Epoch  36/50 | Train Loss: 0.4568 Acc: 0.7679 F1: 0.7679 | Val Loss: 0.4369 Acc: 0.8000 F1: 0.7999
Validation Loss decreased (0.440539 --> 0.436890). Saving best model...
Epoch  37/50 | Train Loss: 0.4547 Acc: 0.7723 F1: 0.7721 | Val Loss: 0.4441 Acc: 0.7528 F1: 0.7509
Epoch  38/50 | Train Loss: 0.4546 Acc: 0.7729 F1: 0.7728 | Val Loss: 0.4377 Acc: 0.7722 F1: 0.7718
Epoch  39/50 | Train Loss: 0.4505 Acc: 0.7735 F1: 0.7735 | Val Loss: 0.4343 Acc: 0.8000 F1: 0.8000
Validation Loss decreased (0.436890 --> 0.434311). Saving best model...
Epoch  40/50 | Train Loss: 0.4521 Acc: 0.7707 F1: 0.7707 | Val Loss: 0.4309 Acc: 0.8083 F1: 0.8079
Validation Loss decreased (0.434311 --> 0.430916). Saving best model...
Epoch  41/50 | Train Loss: 0.4506 Acc: 0.7695 F1: 0.7694 | Val Loss: 0.4304 Acc: 0.8083 F1: 0.8083
Validation Loss decreased (0.430916 --> 0.430365). Saving best model...
Epoch  42/50 | Train Loss: 0.4478 Acc: 0.7791 F1: 0.7790 | Val Loss: 0.4370 Acc: 0.7972 F1: 0.7940
Epoch  43/50 | Train Loss: 0.4473 Acc: 0.7800 F1: 0.7799 | Val Loss: 0.4280 Acc: 0.8111 F1: 0.8104
Validation Loss decreased (0.430365 --> 0.427995). Saving best model...
Epoch  44/50 | Train Loss: 0.4478 Acc: 0.7782 F1: 0.7780 | Val Loss: 0.4265 Acc: 0.8083 F1: 0.8083
Validation Loss decreased (0.427995 --> 0.426489). Saving best model...
Epoch  45/50 | Train Loss: 0.4445 Acc: 0.7744 F1: 0.7743 | Val Loss: 0.4368 Acc: 0.8083 F1: 0.8047
Epoch  46/50 | Train Loss: 0.4445 Acc: 0.7803 F1: 0.7802 | Val Loss: 0.4261 Acc: 0.8083 F1: 0.8083
Validation Loss decreased (0.426489 --> 0.426084). Saving best model...
Epoch  47/50 | Train Loss: 0.4423 Acc: 0.7806 F1: 0.7805 | Val Loss: 0.4270 Acc: 0.8000 F1: 0.7977
Epoch  48/50 | Train Loss: 0.4405 Acc: 0.7803 F1: 0.7802 | Val Loss: 0.4217 Acc: 0.8139 F1: 0.8133
Validation Loss decreased (0.426084 --> 0.421695). Saving best model...
Epoch  49/50 | Train Loss: 0.4407 Acc: 0.7809 F1: 0.7808 | Val Loss: 0.4205 Acc: 0.8139 F1: 0.8139
Validation Loss decreased (0.421695 --> 0.420506). Saving best model...
Epoch  50/50 | Train Loss: 0.4408 Acc: 0.7754 F1: 0.7753 | Val Loss: 0.4327 Acc: 0.8167 F1: 0.8133

Classification Test Result (FordA)
Accuracy : 0.779545
F1 (macro): 0.779479
Saved attention maps for 3 sample(s) under ./runs/classification_electricity_to_FordA_laya_metadata_query_gate_text/attention_maps
Text metadata preview | dataset=FordB | domain=UCR | channels=1
   - channel_1: In the UCR domain, this channel belongs to the FordB dataset and represents the feature channel 1.
==================================================
🚀 Architecture: LAYA
📊 Target Dataset: FordB (Channels: 1)
📊 Pretrain Info: electricity
📊 Classes: 2 | Sequence Length: 500
==================================================
✅ Loaded pretrained encoder from ./checkpoints/electricity_laya_metadata_query_gate_text/laya_ts_electricity_s_best.pt
   - 62/62 keys matched.
✅ Encoder is FROZEN (Linear Probing mode).
📝 metadata: mode=text, fusion=none, relation=metadata_query_gate
ℹ️  Metadata Fusion Mode: none
ℹ️  Channel Mixer Relation Mode: metadata_query_gate
ℹ️  Encoder Variant: default
ℹ️  Channel Adapter: disabled for Laya downstream (mixer)
ℹ️  Channel Relation Block: disabled
✅ ClassificationHead: [B, 128] → [B, 2]
Epoch   1/50 | Train Loss: 0.6393 Acc: 0.6290 F1: 0.6282 | Val Loss: 0.5725 Acc: 0.7355 F1: 0.7333
Validation Loss decreased (inf --> 0.572470). Saving best model...
Epoch   2/50 | Train Loss: 0.5462 Acc: 0.7414 F1: 0.7414 | Val Loss: 0.5202 Acc: 0.7548 F1: 0.7548
Validation Loss decreased (0.572470 --> 0.520237). Saving best model...
Epoch   3/50 | Train Loss: 0.5095 Acc: 0.7632 F1: 0.7632 | Val Loss: 0.4902 Acc: 0.7686 F1: 0.7686
Validation Loss decreased (0.520237 --> 0.490207). Saving best model...
Epoch   4/50 | Train Loss: 0.4917 Acc: 0.7672 F1: 0.7671 | Val Loss: 0.4750 Acc: 0.7603 F1: 0.7597
Validation Loss decreased (0.490207 --> 0.475019). Saving best model...
Epoch   5/50 | Train Loss: 0.4801 Acc: 0.7730 F1: 0.7730 | Val Loss: 0.4700 Acc: 0.7548 F1: 0.7534
Validation Loss decreased (0.475019 --> 0.470035). Saving best model...
Epoch   6/50 | Train Loss: 0.4713 Acc: 0.7770 F1: 0.7770 | Val Loss: 0.4537 Acc: 0.7796 F1: 0.7796
Validation Loss decreased (0.470035 --> 0.453678). Saving best model...
Epoch   7/50 | Train Loss: 0.4603 Acc: 0.7886 F1: 0.7886 | Val Loss: 0.4448 Acc: 0.7961 F1: 0.7961
Validation Loss decreased (0.453678 --> 0.444816). Saving best model...
Epoch   8/50 | Train Loss: 0.4541 Acc: 0.7941 F1: 0.7941 | Val Loss: 0.4458 Acc: 0.7851 F1: 0.7841
Epoch   9/50 | Train Loss: 0.4469 Acc: 0.7886 F1: 0.7886 | Val Loss: 0.4329 Acc: 0.8017 F1: 0.8016
Validation Loss decreased (0.444816 --> 0.432896). Saving best model...
Epoch  10/50 | Train Loss: 0.4439 Acc: 0.7907 F1: 0.7907 | Val Loss: 0.4271 Acc: 0.8127 F1: 0.8124
Validation Loss decreased (0.432896 --> 0.427054). Saving best model...
Epoch  11/50 | Train Loss: 0.4410 Acc: 0.7877 F1: 0.7877 | Val Loss: 0.4275 Acc: 0.8127 F1: 0.8122
Epoch  12/50 | Train Loss: 0.4362 Acc: 0.7938 F1: 0.7938 | Val Loss: 0.4173 Acc: 0.8154 F1: 0.8152
Validation Loss decreased (0.427054 --> 0.417319). Saving best model...
Epoch  13/50 | Train Loss: 0.4329 Acc: 0.7960 F1: 0.7960 | Val Loss: 0.4147 Acc: 0.8237 F1: 0.8235
Validation Loss decreased (0.417319 --> 0.414654). Saving best model...
Epoch  14/50 | Train Loss: 0.4263 Acc: 0.8055 F1: 0.8054 | Val Loss: 0.4122 Acc: 0.8127 F1: 0.8127
Validation Loss decreased (0.414654 --> 0.412200). Saving best model...
Epoch  15/50 | Train Loss: 0.4242 Acc: 0.8048 F1: 0.8048 | Val Loss: 0.4088 Acc: 0.8237 F1: 0.8236
Validation Loss decreased (0.412200 --> 0.408833). Saving best model...
Epoch  16/50 | Train Loss: 0.4199 Acc: 0.8021 F1: 0.8021 | Val Loss: 0.4077 Acc: 0.8237 F1: 0.8236
Validation Loss decreased (0.408833 --> 0.407708). Saving best model...
Epoch  17/50 | Train Loss: 0.4206 Acc: 0.8048 F1: 0.8048 | Val Loss: 0.4178 Acc: 0.8127 F1: 0.8116
Epoch  18/50 | Train Loss: 0.4156 Acc: 0.8061 F1: 0.8061 | Val Loss: 0.4044 Acc: 0.8320 F1: 0.8319
Validation Loss decreased (0.407708 --> 0.404379). Saving best model...
Epoch  19/50 | Train Loss: 0.4160 Acc: 0.8033 F1: 0.8033 | Val Loss: 0.3993 Acc: 0.8264 F1: 0.8263
Validation Loss decreased (0.404379 --> 0.399271). Saving best model...
Epoch  20/50 | Train Loss: 0.4114 Acc: 0.8070 F1: 0.8070 | Val Loss: 0.3963 Acc: 0.8264 F1: 0.8264
Validation Loss decreased (0.399271 --> 0.396259). Saving best model...
Epoch  21/50 | Train Loss: 0.4085 Acc: 0.8153 F1: 0.8153 | Val Loss: 0.4006 Acc: 0.8044 F1: 0.8029
Epoch  22/50 | Train Loss: 0.4100 Acc: 0.8082 F1: 0.8082 | Val Loss: 0.3956 Acc: 0.8127 F1: 0.8122
Validation Loss decreased (0.396259 --> 0.395560). Saving best model...
Epoch  23/50 | Train Loss: 0.4065 Acc: 0.8070 F1: 0.8070 | Val Loss: 0.3977 Acc: 0.8072 F1: 0.8057
Epoch  24/50 | Train Loss: 0.4061 Acc: 0.8153 F1: 0.8153 | Val Loss: 0.4015 Acc: 0.8044 F1: 0.8022
Epoch  25/50 | Train Loss: 0.3998 Acc: 0.8159 F1: 0.8159 | Val Loss: 0.3881 Acc: 0.8182 F1: 0.8180
Validation Loss decreased (0.395560 --> 0.388147). Saving best model...
Epoch  26/50 | Train Loss: 0.3999 Acc: 0.8150 F1: 0.8149 | Val Loss: 0.3961 Acc: 0.8264 F1: 0.8258
Epoch  27/50 | Train Loss: 0.3988 Acc: 0.8110 F1: 0.8110 | Val Loss: 0.3856 Acc: 0.8375 F1: 0.8375
Validation Loss decreased (0.388147 --> 0.385602). Saving best model...
Epoch  28/50 | Train Loss: 0.3976 Acc: 0.8171 F1: 0.8171 | Val Loss: 0.3847 Acc: 0.8320 F1: 0.8320
Validation Loss decreased (0.385602 --> 0.384672). Saving best model...
Epoch  29/50 | Train Loss: 0.3939 Acc: 0.8171 F1: 0.8171 | Val Loss: 0.3862 Acc: 0.8127 F1: 0.8118
Epoch  30/50 | Train Loss: 0.3948 Acc: 0.8195 F1: 0.8195 | Val Loss: 0.3822 Acc: 0.8402 F1: 0.8402
Validation Loss decreased (0.384672 --> 0.382240). Saving best model...
Epoch  31/50 | Train Loss: 0.3915 Acc: 0.8150 F1: 0.8150 | Val Loss: 0.3851 Acc: 0.8375 F1: 0.8373
Epoch  32/50 | Train Loss: 0.3899 Acc: 0.8241 F1: 0.8241 | Val Loss: 0.3972 Acc: 0.8127 F1: 0.8109
Epoch  33/50 | Train Loss: 0.3922 Acc: 0.8088 F1: 0.8088 | Val Loss: 0.3775 Acc: 0.8237 F1: 0.8236
Validation Loss decreased (0.382240 --> 0.377469). Saving best model...
Epoch  34/50 | Train Loss: 0.3875 Acc: 0.8168 F1: 0.8168 | Val Loss: 0.3832 Acc: 0.8154 F1: 0.8143
Epoch  35/50 | Train Loss: 0.3888 Acc: 0.8156 F1: 0.8156 | Val Loss: 0.3751 Acc: 0.8264 F1: 0.8262
Validation Loss decreased (0.377469 --> 0.375052). Saving best model...
Epoch  36/50 | Train Loss: 0.3845 Acc: 0.8241 F1: 0.8241 | Val Loss: 0.3753 Acc: 0.8237 F1: 0.8234
Epoch  37/50 | Train Loss: 0.3856 Acc: 0.8217 F1: 0.8217 | Val Loss: 0.3723 Acc: 0.8375 F1: 0.8375
Validation Loss decreased (0.375052 --> 0.372338). Saving best model...
Epoch  38/50 | Train Loss: 0.3828 Acc: 0.8205 F1: 0.8205 | Val Loss: 0.3783 Acc: 0.8320 F1: 0.8315
Epoch  39/50 | Train Loss: 0.3809 Acc: 0.8241 F1: 0.8241 | Val Loss: 0.3724 Acc: 0.8402 F1: 0.8402
Epoch  40/50 | Train Loss: 0.3802 Acc: 0.8205 F1: 0.8205 | Val Loss: 0.3696 Acc: 0.8402 F1: 0.8402
Validation Loss decreased (0.372338 --> 0.369592). Saving best model...
Epoch  41/50 | Train Loss: 0.3772 Acc: 0.8241 F1: 0.8241 | Val Loss: 0.3687 Acc: 0.8375 F1: 0.8374
Validation Loss decreased (0.369592 --> 0.368723). Saving best model...
Epoch  42/50 | Train Loss: 0.3762 Acc: 0.8248 F1: 0.8248 | Val Loss: 0.3789 Acc: 0.8320 F1: 0.8312
Epoch  43/50 | Train Loss: 0.3770 Acc: 0.8214 F1: 0.8214 | Val Loss: 0.3758 Acc: 0.8292 F1: 0.8287
Epoch  44/50 | Train Loss: 0.3771 Acc: 0.8202 F1: 0.8202 | Val Loss: 0.3687 Acc: 0.8182 F1: 0.8177
Epoch  45/50 | Train Loss: 0.3731 Acc: 0.8260 F1: 0.8260 | Val Loss: 0.3675 Acc: 0.8375 F1: 0.8374
Validation Loss decreased (0.368723 --> 0.367510). Saving best model...
Epoch  46/50 | Train Loss: 0.3753 Acc: 0.8254 F1: 0.8254 | Val Loss: 0.3661 Acc: 0.8292 F1: 0.8288
Validation Loss decreased (0.367510 --> 0.366091). Saving best model...
Epoch  47/50 | Train Loss: 0.3721 Acc: 0.8272 F1: 0.8272 | Val Loss: 0.3646 Acc: 0.8457 F1: 0.8457
Validation Loss decreased (0.366091 --> 0.364575). Saving best model...
Epoch  48/50 | Train Loss: 0.3713 Acc: 0.8281 F1: 0.8281 | Val Loss: 0.3701 Acc: 0.8237 F1: 0.8229
Epoch  49/50 | Train Loss: 0.3682 Acc: 0.8281 F1: 0.8281 | Val Loss: 0.3871 Acc: 0.8099 F1: 0.8078
Epoch  50/50 | Train Loss: 0.3699 Acc: 0.8297 F1: 0.8297 | Val Loss: 0.3788 Acc: 0.8099 F1: 0.8082

Classification Test Result (FordB)
Accuracy : 0.603704
F1 (macro): 0.583832
Saved attention maps for 3 sample(s) under ./runs/classification_electricity_to_FordB_laya_metadata_query_gate_text/attention_maps
