nohup: ignoring input
Joint metadata preview | dataset=EthanolConcentration | domain=UEA | channels=3
   - channel_1: In the UEA domain, this channel belongs to the EthanolConcentration dataset and represents the feature channel 1. Channel statistics over the training split: mean value is 0.000, standard deviation is 1.000, minimum value is -0.938, maximum value is 5.130, median value is -0.481, and mean absolute value is 0.818.
/data/pjh_workspace/ts-env/lib/python3.8/site-packages/torch/nn/modules/transformer.py:307: UserWarning: enable_nested_tensor is True, but self.use_nested_tensor is False because encoder_layer.norm_first was True
  warnings.warn(f"enable_nested_tensor is True, but self.use_nested_tensor is False because {why_not_sparsity_fast_path}")
==================================================
🚀 Architecture: LAYA
📊 Target Dataset: EthanolConcentration (Channels: 3)
📊 Pretrain Info: electricity
📊 Classes: 4 | Sequence Length: 1751
==================================================
✅ Loaded pretrained encoder from ./checkpoints/electricity_laya_metadata_query_gate_text_stats_joint/laya_ts_electricity_s_best.pt
   - 104/104 keys matched.
✅ Encoder is FROZEN (Linear Probing mode).
📝 metadata: mode=text_stats_joint, fusion=none, relation=metadata_query_gate
ℹ️  Metadata Fusion Mode: none
ℹ️  Channel Mixer Relation Mode: metadata_query_gate
ℹ️  Encoder Variant: default
ℹ️  Channel Adapter: disabled for Laya downstream (mixer)
ℹ️  Channel Relation Block: disabled
✅ ClassificationHead: [B, 256] → [B, 4]
Epoch   1/50 | Train Loss: 1.4497 Acc: 0.2366 F1: 0.2278 | Val Loss: 1.4726 Acc: 0.3462 F1: 0.1286 | Train Meta: Scaleμ:0.9792, Signal|S|μ:11.5967, Delta|S|μ:10.8104, Delta/Signal:93.22%, Gateμ:-0.3208, Gate0%:0.0, MetaNormμ:8.8692 | Val Meta: Scaleμ:0.9792, Signal|S|μ:9.9106, Delta|S|μ:9.2442, Delta/Signal:93.28%, Gateμ:-0.3208, Gate0%:0.0, MetaNormμ:8.8692
Validation Loss decreased (inf --> 1.472644). Saving best model...
Epoch   2/50 | Train Loss: 1.3394 Acc: 0.2500 F1: 0.2013 | Val Loss: 1.4011 Acc: 0.3462 F1: 0.1286 | Train Meta: Scaleμ:0.9792, Signal|S|μ:9.9662, Delta|S|μ:9.2919, Delta/Signal:93.23%, Gateμ:-0.3208, Gate0%:0.0, MetaNormμ:8.8692 | Val Meta: Scaleμ:0.9792, Signal|S|μ:9.9106, Delta|S|μ:9.2442, Delta/Signal:93.28%, Gateμ:-0.3208, Gate0%:0.0, MetaNormμ:8.8692
Validation Loss decreased (1.472644 --> 1.401087). Saving best model...
Epoch   3/50 | Train Loss: 1.3345 Acc: 0.2545 F1: 0.2073 | Val Loss: 1.4594 Acc: 0.1538 F1: 0.1214 | Train Meta: Scaleμ:0.9792, Signal|S|μ:12.9621, Delta|S|μ:12.1011, Delta/Signal:93.36%, Gateμ:-0.3208, Gate0%:0.0, MetaNormμ:8.8692 | Val Meta: Scaleμ:0.9792, Signal|S|μ:9.9106, Delta|S|μ:9.2442, Delta/Signal:93.28%, Gateμ:-0.3208, Gate0%:0.0, MetaNormμ:8.8692
Epoch   4/50 | Train Loss: 1.3337 Acc: 0.2411 F1: 0.1621 | Val Loss: 1.3954 Acc: 0.2308 F1: 0.1333 | Train Meta: Scaleμ:0.9792, Signal|S|μ:10.1308, Delta|S|μ:9.4628, Delta/Signal:93.41%, Gateμ:-0.3208, Gate0%:0.0, MetaNormμ:8.8692 | Val Meta: Scaleμ:0.9792, Signal|S|μ:9.9106, Delta|S|μ:9.2442, Delta/Signal:93.28%, Gateμ:-0.3208, Gate0%:0.0, MetaNormμ:8.8692
Validation Loss decreased (1.401087 --> 1.395380). Saving best model...
Epoch   5/50 | Train Loss: 1.3285 Acc: 0.2321 F1: 0.1721 | Val Loss: 1.4148 Acc: 0.1923 F1: 0.0862 | Train Meta: Scaleμ:0.9792, Signal|S|μ:10.5050, Delta|S|μ:9.7966, Delta/Signal:93.26%, Gateμ:-0.3208, Gate0%:0.0, MetaNormμ:8.8692 | Val Meta: Scaleμ:0.9792, Signal|S|μ:9.9106, Delta|S|μ:9.2442, Delta/Signal:93.28%, Gateμ:-0.3208, Gate0%:0.0, MetaNormμ:8.8692
Epoch   6/50 | Train Loss: 1.3309 Acc: 0.2545 F1: 0.1475 | Val Loss: 1.3763 Acc: 0.4615 F1: 0.2727 | Train Meta: Scaleμ:0.9792, Signal|S|μ:10.7919, Delta|S|μ:10.0766, Delta/Signal:93.37%, Gateμ:-0.3208, Gate0%:0.0, MetaNormμ:8.8692 | Val Meta: Scaleμ:0.9792, Signal|S|μ:9.9106, Delta|S|μ:9.2442, Delta/Signal:93.28%, Gateμ:-0.3208, Gate0%:0.0, MetaNormμ:8.8692
Validation Loss decreased (1.395380 --> 1.376319). Saving best model...
Epoch   7/50 | Train Loss: 1.3352 Acc: 0.2321 F1: 0.1806 | Val Loss: 1.3808 Acc: 0.3077 F1: 0.1250 | Train Meta: Scaleμ:0.9792, Signal|S|μ:10.7457, Delta|S|μ:10.0222, Delta/Signal:93.27%, Gateμ:-0.3208, Gate0%:0.0, MetaNormμ:8.8692 | Val Meta: Scaleμ:0.9792, Signal|S|μ:9.9106, Delta|S|μ:9.2442, Delta/Signal:93.28%, Gateμ:-0.3208, Gate0%:0.0, MetaNormμ:8.8692
Epoch   8/50 | Train Loss: 1.3331 Acc: 0.2277 F1: 0.1951 | Val Loss: 1.4192 Acc: 0.1538 F1: 0.1156 | Train Meta: Scaleμ:0.9792, Signal|S|μ:12.5439, Delta|S|μ:11.7087, Delta/Signal:93.34%, Gateμ:-0.3208, Gate0%:0.0, MetaNormμ:8.8692 | Val Meta: Scaleμ:0.9792, Signal|S|μ:9.9106, Delta|S|μ:9.2442, Delta/Signal:93.28%, Gateμ:-0.3208, Gate0%:0.0, MetaNormμ:8.8692
Epoch   9/50 | Train Loss: 1.3275 Acc: 0.2545 F1: 0.1479 | Val Loss: 1.4183 Acc: 0.1154 F1: 0.0517 | Train Meta: Scaleμ:0.9792, Signal|S|μ:10.8200, Delta|S|μ:10.0852, Delta/Signal:93.21%, Gateμ:-0.3208, Gate0%:0.0, MetaNormμ:8.8692 | Val Meta: Scaleμ:0.9792, Signal|S|μ:9.9106, Delta|S|μ:9.2442, Delta/Signal:93.28%, Gateμ:-0.3208, Gate0%:0.0, MetaNormμ:8.8692
Epoch  10/50 | Train Loss: 1.3292 Acc: 0.2143 F1: 0.1374 | Val Loss: 1.3779 Acc: 0.3077 F1: 0.1250 | Train Meta: Scaleμ:0.9792, Signal|S|μ:11.0568, Delta|S|μ:10.3148, Delta/Signal:93.29%, Gateμ:-0.3208, Gate0%:0.0, MetaNormμ:8.8692 | Val Meta: Scaleμ:0.9792, Signal|S|μ:9.9106, Delta|S|μ:9.2442, Delta/Signal:93.28%, Gateμ:-0.3208, Gate0%:0.0, MetaNormμ:8.8692
Epoch  11/50 | Train Loss: 1.3269 Acc: 0.2411 F1: 0.1925 | Val Loss: 1.4058 Acc: 0.2308 F1: 0.1754 | Train Meta: Scaleμ:0.9792, Signal|S|μ:12.0766, Delta|S|μ:11.2557, Delta/Signal:93.20%, Gateμ:-0.3208, Gate0%:0.0, MetaNormμ:8.8692 | Val Meta: Scaleμ:0.9792, Signal|S|μ:9.9106, Delta|S|μ:9.2442, Delta/Signal:93.28%, Gateμ:-0.3208, Gate0%:0.0, MetaNormμ:8.8692
Epoch  12/50 | Train Loss: 1.3355 Acc: 0.2366 F1: 0.1834 | Val Loss: 1.4159 Acc: 0.3462 F1: 0.2005 | Train Meta: Scaleμ:0.9792, Signal|S|μ:11.4867, Delta|S|μ:10.7120, Delta/Signal:93.26%, Gateμ:-0.3208, Gate0%:0.0, MetaNormμ:8.8692 | Val Meta: Scaleμ:0.9792, Signal|S|μ:9.9106, Delta|S|μ:9.2442, Delta/Signal:93.28%, Gateμ:-0.3208, Gate0%:0.0, MetaNormμ:8.8692
Epoch  13/50 | Train Loss: 1.3406 Acc: 0.2321 F1: 0.1234 | Val Loss: 1.3999 Acc: 0.1154 F1: 0.0517 | Train Meta: Scaleμ:0.9792, Signal|S|μ:10.3429, Delta|S|μ:9.6482, Delta/Signal:93.28%, Gateμ:-0.3208, Gate0%:0.0, MetaNormμ:8.8692 | Val Meta: Scaleμ:0.9792, Signal|S|μ:9.9106, Delta|S|μ:9.2442, Delta/Signal:93.28%, Gateμ:-0.3208, Gate0%:0.0, MetaNormμ:8.8692
Epoch  14/50 | Train Loss: 1.3468 Acc: 0.2545 F1: 0.1354 | Val Loss: 1.3932 Acc: 0.2308 F1: 0.1333 | Train Meta: Scaleμ:0.9792, Signal|S|μ:11.2600, Delta|S|μ:10.5060, Delta/Signal:93.30%, Gateμ:-0.3208, Gate0%:0.0, MetaNormμ:8.8692 | Val Meta: Scaleμ:0.9792, Signal|S|μ:9.9106, Delta|S|μ:9.2442, Delta/Signal:93.28%, Gateμ:-0.3208, Gate0%:0.0, MetaNormμ:8.8692
Epoch  15/50 | Train Loss: 1.3236 Acc: 0.2634 F1: 0.1054 | Val Loss: 1.4044 Acc: 0.1923 F1: 0.1705 | Train Meta: Scaleμ:0.9792, Signal|S|μ:10.5550, Delta|S|μ:9.8456, Delta/Signal:93.28%, Gateμ:-0.3208, Gate0%:0.0, MetaNormμ:8.8692 | Val Meta: Scaleμ:0.9792, Signal|S|μ:9.9106, Delta|S|μ:9.2442, Delta/Signal:93.28%, Gateμ:-0.3208, Gate0%:0.0, MetaNormμ:8.8692
Epoch  16/50 | Train Loss: 1.3360 Acc: 0.2723 F1: 0.1651 | Val Loss: 1.3707 Acc: 0.3077 F1: 0.1250 | Train Meta: Scaleμ:0.9792, Signal|S|μ:13.9615, Delta|S|μ:13.0314, Delta/Signal:93.34%, Gateμ:-0.3208, Gate0%:0.0, MetaNormμ:8.8692 | Val Meta: Scaleμ:0.9792, Signal|S|μ:9.9106, Delta|S|μ:9.2442, Delta/Signal:93.28%, Gateμ:-0.3208, Gate0%:0.0, MetaNormμ:8.8692
Validation Loss decreased (1.376319 --> 1.370697). Saving best model...
Epoch  17/50 | Train Loss: 1.3274 Acc: 0.2321 F1: 0.1882 | Val Loss: 1.4141 Acc: 0.1538 F1: 0.1193 | Train Meta: Scaleμ:0.9792, Signal|S|μ:9.9607, Delta|S|μ:9.2973, Delta/Signal:93.34%, Gateμ:-0.3208, Gate0%:0.0, MetaNormμ:8.8692 | Val Meta: Scaleμ:0.9792, Signal|S|μ:9.9106, Delta|S|μ:9.2442, Delta/Signal:93.28%, Gateμ:-0.3208, Gate0%:0.0, MetaNormμ:8.8692
Epoch  18/50 | Train Loss: 1.3345 Acc: 0.2455 F1: 0.1946 | Val Loss: 1.4079 Acc: 0.1538 F1: 0.1193 | Train Meta: Scaleμ:0.9792, Signal|S|μ:11.2666, Delta|S|μ:10.5164, Delta/Signal:93.34%, Gateμ:-0.3208, Gate0%:0.0, MetaNormμ:8.8692 | Val Meta: Scaleμ:0.9792, Signal|S|μ:9.9106, Delta|S|μ:9.2442, Delta/Signal:93.28%, Gateμ:-0.3208, Gate0%:0.0, MetaNormμ:8.8692
Epoch  19/50 | Train Loss: 1.3273 Acc: 0.2634 F1: 0.1300 | Val Loss: 1.3973 Acc: 0.1154 F1: 0.0860 | Train Meta: Scaleμ:0.9792, Signal|S|μ:11.9799, Delta|S|μ:11.1736, Delta/Signal:93.27%, Gateμ:-0.3208, Gate0%:0.0, MetaNormμ:8.8692 | Val Meta: Scaleμ:0.9792, Signal|S|μ:9.9106, Delta|S|μ:9.2442, Delta/Signal:93.28%, Gateμ:-0.3208, Gate0%:0.0, MetaNormμ:8.8692
Epoch  20/50 | Train Loss: 1.3292 Acc: 0.2411 F1: 0.2058 | Val Loss: 1.3926 Acc: 0.3462 F1: 0.1406 | Train Meta: Scaleμ:0.9792, Signal|S|μ:9.6116, Delta|S|μ:8.9666, Delta/Signal:93.29%, Gateμ:-0.3208, Gate0%:0.0, MetaNormμ:8.8692 | Val Meta: Scaleμ:0.9792, Signal|S|μ:9.9106, Delta|S|μ:9.2442, Delta/Signal:93.28%, Gateμ:-0.3208, Gate0%:0.0, MetaNormμ:8.8692
Epoch  21/50 | Train Loss: 1.3271 Acc: 0.2679 F1: 0.2086 | Val Loss: 1.3767 Acc: 0.3462 F1: 0.2306 | Train Meta: Scaleμ:0.9792, Signal|S|μ:10.5888, Delta|S|μ:9.8802, Delta/Signal:93.31%, Gateμ:-0.3208, Gate0%:0.0, MetaNormμ:8.8692 | Val Meta: Scaleμ:0.9792, Signal|S|μ:9.9106, Delta|S|μ:9.2442, Delta/Signal:93.28%, Gateμ:-0.3208, Gate0%:0.0, MetaNormμ:8.8692
Epoch  22/50 | Train Loss: 1.3356 Acc: 0.2321 F1: 0.1682 | Val Loss: 1.4012 Acc: 0.3462 F1: 0.2048 | Train Meta: Scaleμ:0.9792, Signal|S|μ:10.9538, Delta|S|μ:10.2082, Delta/Signal:93.19%, Gateμ:-0.3208, Gate0%:0.0, MetaNormμ:8.8692 | Val Meta: Scaleμ:0.9792, Signal|S|μ:9.9106, Delta|S|μ:9.2442, Delta/Signal:93.28%, Gateμ:-0.3208, Gate0%:0.0, MetaNormμ:8.8692
Epoch  23/50 | Train Loss: 1.3363 Acc: 0.2634 F1: 0.1991 | Val Loss: 1.3588 Acc: 0.3462 F1: 0.1324 | Train Meta: Scaleμ:0.9792, Signal|S|μ:13.0295, Delta|S|μ:12.1576, Delta/Signal:93.31%, Gateμ:-0.3208, Gate0%:0.0, MetaNormμ:8.8692 | Val Meta: Scaleμ:0.9792, Signal|S|μ:9.9106, Delta|S|μ:9.2442, Delta/Signal:93.28%, Gateμ:-0.3208, Gate0%:0.0, MetaNormμ:8.8692
Validation Loss decreased (1.370697 --> 1.358794). Saving best model...
Epoch  24/50 | Train Loss: 1.3201 Acc: 0.2455 F1: 0.1939 | Val Loss: 1.4219 Acc: 0.1923 F1: 0.0862 | Train Meta: Scaleμ:0.9792, Signal|S|μ:11.2866, Delta|S|μ:10.5315, Delta/Signal:93.31%, Gateμ:-0.3208, Gate0%:0.0, MetaNormμ:8.8692 | Val Meta: Scaleμ:0.9792, Signal|S|μ:9.9106, Delta|S|μ:9.2442, Delta/Signal:93.28%, Gateμ:-0.3208, Gate0%:0.0, MetaNormμ:8.8692
Epoch  25/50 | Train Loss: 1.3210 Acc: 0.2188 F1: 0.1481 | Val Loss: 1.3931 Acc: 0.2692 F1: 0.2155 | Train Meta: Scaleμ:0.9792, Signal|S|μ:11.4100, Delta|S|μ:10.6560, Delta/Signal:93.39%, Gateμ:-0.3208, Gate0%:0.0, MetaNormμ:8.8692 | Val Meta: Scaleμ:0.9792, Signal|S|μ:9.9106, Delta|S|μ:9.2442, Delta/Signal:93.28%, Gateμ:-0.3208, Gate0%:0.0, MetaNormμ:8.8692
Epoch  26/50 | Train Loss: 1.3204 Acc: 0.2411 F1: 0.2080 | Val Loss: 1.3837 Acc: 0.2308 F1: 0.1579 | Train Meta: Scaleμ:0.9792, Signal|S|μ:10.7463, Delta|S|μ:10.0114, Delta/Signal:93.16%, Gateμ:-0.3208, Gate0%:0.0, MetaNormμ:8.8692 | Val Meta: Scaleμ:0.9792, Signal|S|μ:9.9106, Delta|S|μ:9.2442, Delta/Signal:93.28%, Gateμ:-0.3208, Gate0%:0.0, MetaNormμ:8.8692
Epoch  27/50 | Train Loss: 1.3195 Acc: 0.2634 F1: 0.2496 | Val Loss: 1.3870 Acc: 0.2308 F1: 0.1420 | Train Meta: Scaleμ:0.9792, Signal|S|μ:10.3765, Delta|S|μ:9.6747, Delta/Signal:93.24%, Gateμ:-0.3208, Gate0%:0.0, MetaNormμ:8.8692 | Val Meta: Scaleμ:0.9792, Signal|S|μ:9.9106, Delta|S|μ:9.2442, Delta/Signal:93.28%, Gateμ:-0.3208, Gate0%:0.0, MetaNormμ:8.8692
Epoch  28/50 | Train Loss: 1.3188 Acc: 0.2589 F1: 0.1617 | Val Loss: 1.3738 Acc: 0.3846 F1: 0.3036 | Train Meta: Scaleμ:0.9792, Signal|S|μ:9.9531, Delta|S|μ:9.2851, Delta/Signal:93.29%, Gateμ:-0.3208, Gate0%:0.0, MetaNormμ:8.8692 | Val Meta: Scaleμ:0.9792, Signal|S|μ:9.9106, Delta|S|μ:9.2442, Delta/Signal:93.28%, Gateμ:-0.3208, Gate0%:0.0, MetaNormμ:8.8692
Epoch  29/50 | Train Loss: 1.3227 Acc: 0.2321 F1: 0.1749 | Val Loss: 1.4043 Acc: 0.1154 F1: 0.0871 | Train Meta: Scaleμ:0.9792, Signal|S|μ:10.6595, Delta|S|μ:9.9412, Delta/Signal:93.26%, Gateμ:-0.3208, Gate0%:0.0, MetaNormμ:8.8692 | Val Meta: Scaleμ:0.9792, Signal|S|μ:9.9106, Delta|S|μ:9.2442, Delta/Signal:93.28%, Gateμ:-0.3208, Gate0%:0.0, MetaNormμ:8.8692
Epoch  30/50 | Train Loss: 1.3321 Acc: 0.2902 F1: 0.2371 | Val Loss: 1.4014 Acc: 0.0769 F1: 0.0400 | Train Meta: Scaleμ:0.9792, Signal|S|μ:11.5527, Delta|S|μ:10.7856, Delta/Signal:93.36%, Gateμ:-0.3208, Gate0%:0.0, MetaNormμ:8.8692 | Val Meta: Scaleμ:0.9792, Signal|S|μ:9.9106, Delta|S|μ:9.2442, Delta/Signal:93.28%, Gateμ:-0.3208, Gate0%:0.0, MetaNormμ:8.8692
Epoch  31/50 | Train Loss: 1.3187 Acc: 0.2188 F1: 0.1334 | Val Loss: 1.3848 Acc: 0.2692 F1: 0.1726 | Train Meta: Scaleμ:0.9792, Signal|S|μ:12.3765, Delta|S|μ:11.5440, Delta/Signal:93.27%, Gateμ:-0.3208, Gate0%:0.0, MetaNormμ:8.8692 | Val Meta: Scaleμ:0.9792, Signal|S|μ:9.9106, Delta|S|μ:9.2442, Delta/Signal:93.28%, Gateμ:-0.3208, Gate0%:0.0, MetaNormμ:8.8692
Epoch  32/50 | Train Loss: 1.3224 Acc: 0.2634 F1: 0.1500 | Val Loss: 1.4010 Acc: 0.1923 F1: 0.1484 | Train Meta: Scaleμ:0.9792, Signal|S|μ:9.3589, Delta|S|μ:8.7157, Delta/Signal:93.13%, Gateμ:-0.3208, Gate0%:0.0, MetaNormμ:8.8692 | Val Meta: Scaleμ:0.9792, Signal|S|μ:9.9106, Delta|S|μ:9.2442, Delta/Signal:93.28%, Gateμ:-0.3208, Gate0%:0.0, MetaNormμ:8.8692
Epoch  33/50 | Train Loss: 1.3127 Acc: 0.2946 F1: 0.2247 | Val Loss: 1.3812 Acc: 0.3077 F1: 0.1763 | Train Meta: Scaleμ:0.9792, Signal|S|μ:11.5517, Delta|S|μ:10.7796, Delta/Signal:93.32%, Gateμ:-0.3208, Gate0%:0.0, MetaNormμ:8.8692 | Val Meta: Scaleμ:0.9792, Signal|S|μ:9.9106, Delta|S|μ:9.2442, Delta/Signal:93.28%, Gateμ:-0.3208, Gate0%:0.0, MetaNormμ:8.8692
Epoch  34/50 | Train Loss: 1.3261 Acc: 0.2723 F1: 0.2113 | Val Loss: 1.3915 Acc: 0.2308 F1: 0.1333 | Train Meta: Scaleμ:0.9792, Signal|S|μ:10.5923, Delta|S|μ:9.8722, Delta/Signal:93.20%, Gateμ:-0.3208, Gate0%:0.0, MetaNormμ:8.8692 | Val Meta: Scaleμ:0.9792, Signal|S|μ:9.9106, Delta|S|μ:9.2442, Delta/Signal:93.28%, Gateμ:-0.3208, Gate0%:0.0, MetaNormμ:8.8692
Epoch  35/50 | Train Loss: 1.3172 Acc: 0.2812 F1: 0.2294 | Val Loss: 1.3873 Acc: 0.3846 F1: 0.2288 | Train Meta: Scaleμ:0.9792, Signal|S|μ:10.7903, Delta|S|μ:10.0717, Delta/Signal:93.34%, Gateμ:-0.3208, Gate0%:0.0, MetaNormμ:8.8692 | Val Meta: Scaleμ:0.9792, Signal|S|μ:9.9106, Delta|S|μ:9.2442, Delta/Signal:93.28%, Gateμ:-0.3208, Gate0%:0.0, MetaNormμ:8.8692
Epoch  36/50 | Train Loss: 1.3104 Acc: 0.2857 F1: 0.1638 | Val Loss: 1.4042 Acc: 0.1538 F1: 0.1357 | Train Meta: Scaleμ:0.9792, Signal|S|μ:10.2682, Delta|S|μ:9.5705, Delta/Signal:93.21%, Gateμ:-0.3208, Gate0%:0.0, MetaNormμ:8.8692 | Val Meta: Scaleμ:0.9792, Signal|S|μ:9.9106, Delta|S|μ:9.2442, Delta/Signal:93.28%, Gateμ:-0.3208, Gate0%:0.0, MetaNormμ:8.8692
Epoch  37/50 | Train Loss: 1.3107 Acc: 0.2589 F1: 0.2096 | Val Loss: 1.3837 Acc: 0.3846 F1: 0.2288 | Train Meta: Scaleμ:0.9792, Signal|S|μ:10.4735, Delta|S|μ:9.7716, Delta/Signal:93.30%, Gateμ:-0.3208, Gate0%:0.0, MetaNormμ:8.8692 | Val Meta: Scaleμ:0.9792, Signal|S|μ:9.9106, Delta|S|μ:9.2442, Delta/Signal:93.28%, Gateμ:-0.3208, Gate0%:0.0, MetaNormμ:8.8692
Epoch  38/50 | Train Loss: 1.3189 Acc: 0.2768 F1: 0.2412 | Val Loss: 1.3634 Acc: 0.1923 F1: 0.1250 | Train Meta: Scaleμ:0.9792, Signal|S|μ:10.6639, Delta|S|μ:9.9551, Delta/Signal:93.35%, Gateμ:-0.3208, Gate0%:0.0, MetaNormμ:8.8692 | Val Meta: Scaleμ:0.9792, Signal|S|μ:9.9106, Delta|S|μ:9.2442, Delta/Signal:93.28%, Gateμ:-0.3208, Gate0%:0.0, MetaNormμ:8.8692
Epoch  39/50 | Train Loss: 1.3108 Acc: 0.2500 F1: 0.2210 | Val Loss: 1.3810 Acc: 0.2308 F1: 0.1154 | Train Meta: Scaleμ:0.9792, Signal|S|μ:10.6813, Delta|S|μ:9.9635, Delta/Signal:93.28%, Gateμ:-0.3208, Gate0%:0.0, MetaNormμ:8.8692 | Val Meta: Scaleμ:0.9792, Signal|S|μ:9.9106, Delta|S|μ:9.2442, Delta/Signal:93.28%, Gateμ:-0.3208, Gate0%:0.0, MetaNormμ:8.8692
Epoch  40/50 | Train Loss: 1.3140 Acc: 0.2411 F1: 0.1513 | Val Loss: 1.3801 Acc: 0.2692 F1: 0.1759 | Train Meta: Scaleμ:0.9792, Signal|S|μ:12.2766, Delta|S|μ:11.4568, Delta/Signal:93.32%, Gateμ:-0.3208, Gate0%:0.0, MetaNormμ:8.8692 | Val Meta: Scaleμ:0.9792, Signal|S|μ:9.9106, Delta|S|μ:9.2442, Delta/Signal:93.28%, Gateμ:-0.3208, Gate0%:0.0, MetaNormμ:8.8692
Epoch  41/50 | Train Loss: 1.3041 Acc: 0.3170 F1: 0.2415 | Val Loss: 1.3542 Acc: 0.4615 F1: 0.2708 | Train Meta: Scaleμ:0.9792, Signal|S|μ:9.3755, Delta|S|μ:8.7332, Delta/Signal:93.15%, Gateμ:-0.3208, Gate0%:0.0, MetaNormμ:8.8692 | Val Meta: Scaleμ:0.9792, Signal|S|μ:9.9106, Delta|S|μ:9.2442, Delta/Signal:93.28%, Gateμ:-0.3208, Gate0%:0.0, MetaNormμ:8.8692
Validation Loss decreased (1.358794 --> 1.354232). Saving best model...
Epoch  42/50 | Train Loss: 1.3195 Acc: 0.2321 F1: 0.1994 | Val Loss: 1.3834 Acc: 0.2692 F1: 0.1771 | Train Meta: Scaleμ:0.9792, Signal|S|μ:10.7649, Delta|S|μ:10.0413, Delta/Signal:93.28%, Gateμ:-0.3208, Gate0%:0.0, MetaNormμ:8.8692 | Val Meta: Scaleμ:0.9792, Signal|S|μ:9.9106, Delta|S|μ:9.2442, Delta/Signal:93.28%, Gateμ:-0.3208, Gate0%:0.0, MetaNormμ:8.8692
Epoch  43/50 | Train Loss: 1.3106 Acc: 0.3036 F1: 0.2431 | Val Loss: 1.3878 Acc: 0.2308 F1: 0.1653 | Train Meta: Scaleμ:0.9792, Signal|S|μ:9.9811, Delta|S|μ:9.3069, Delta/Signal:93.25%, Gateμ:-0.3208, Gate0%:0.0, MetaNormμ:8.8692 | Val Meta: Scaleμ:0.9792, Signal|S|μ:9.9106, Delta|S|μ:9.2442, Delta/Signal:93.28%, Gateμ:-0.3208, Gate0%:0.0, MetaNormμ:8.8692
Epoch  44/50 | Train Loss: 1.3166 Acc: 0.2188 F1: 0.1600 | Val Loss: 1.3694 Acc: 0.3846 F1: 0.2929 | Train Meta: Scaleμ:0.9792, Signal|S|μ:11.4030, Delta|S|μ:10.6278, Delta/Signal:93.20%, Gateμ:-0.3208, Gate0%:0.0, MetaNormμ:8.8692 | Val Meta: Scaleμ:0.9792, Signal|S|μ:9.9106, Delta|S|μ:9.2442, Delta/Signal:93.28%, Gateμ:-0.3208, Gate0%:0.0, MetaNormμ:8.8692
Epoch  45/50 | Train Loss: 1.3126 Acc: 0.3036 F1: 0.2399 | Val Loss: 1.4244 Acc: 0.1154 F1: 0.0517 | Train Meta: Scaleμ:0.9792, Signal|S|μ:11.7516, Delta|S|μ:10.9613, Delta/Signal:93.28%, Gateμ:-0.3208, Gate0%:0.0, MetaNormμ:8.8692 | Val Meta: Scaleμ:0.9792, Signal|S|μ:9.9106, Delta|S|μ:9.2442, Delta/Signal:93.28%, Gateμ:-0.3208, Gate0%:0.0, MetaNormμ:8.8692
Epoch  46/50 | Train Loss: 1.3129 Acc: 0.2946 F1: 0.1896 | Val Loss: 1.3975 Acc: 0.2308 F1: 0.1333 | Train Meta: Scaleμ:0.9792, Signal|S|μ:10.8794, Delta|S|μ:10.1412, Delta/Signal:93.21%, Gateμ:-0.3208, Gate0%:0.0, MetaNormμ:8.8692 | Val Meta: Scaleμ:0.9792, Signal|S|μ:9.9106, Delta|S|μ:9.2442, Delta/Signal:93.28%, Gateμ:-0.3208, Gate0%:0.0, MetaNormμ:8.8692
Epoch  47/50 | Train Loss: 1.3088 Acc: 0.2857 F1: 0.2359 | Val Loss: 1.3933 Acc: 0.3077 F1: 0.1989 | Train Meta: Scaleμ:0.9792, Signal|S|μ:10.2990, Delta|S|μ:9.6039, Delta/Signal:93.25%, Gateμ:-0.3208, Gate0%:0.0, MetaNormμ:8.8692 | Val Meta: Scaleμ:0.9792, Signal|S|μ:9.9106, Delta|S|μ:9.2442, Delta/Signal:93.28%, Gateμ:-0.3208, Gate0%:0.0, MetaNormμ:8.8692
Epoch  48/50 | Train Loss: 1.3059 Acc: 0.2768 F1: 0.2545 | Val Loss: 1.4018 Acc: 0.2308 F1: 0.1393 | Train Meta: Scaleμ:0.9792, Signal|S|μ:9.3847, Delta|S|μ:8.7537, Delta/Signal:93.28%, Gateμ:-0.3208, Gate0%:0.0, MetaNormμ:8.8692 | Val Meta: Scaleμ:0.9792, Signal|S|μ:9.9106, Delta|S|μ:9.2442, Delta/Signal:93.28%, Gateμ:-0.3208, Gate0%:0.0, MetaNormμ:8.8692
Epoch  49/50 | Train Loss: 1.3089 Acc: 0.2857 F1: 0.2120 | Val Loss: 1.3518 Acc: 0.3462 F1: 0.1964 | Train Meta: Scaleμ:0.9792, Signal|S|μ:11.1840, Delta|S|μ:10.4220, Delta/Signal:93.19%, Gateμ:-0.3208, Gate0%:0.0, MetaNormμ:8.8692 | Val Meta: Scaleμ:0.9792, Signal|S|μ:9.9106, Delta|S|μ:9.2442, Delta/Signal:93.28%, Gateμ:-0.3208, Gate0%:0.0, MetaNormμ:8.8692
Validation Loss decreased (1.354232 --> 1.351827). Saving best model...
Epoch  50/50 | Train Loss: 1.3149 Acc: 0.2991 F1: 0.2218 | Val Loss: 1.3993 Acc: 0.1538 F1: 0.1571 | Train Meta: Scaleμ:0.9792, Signal|S|μ:10.2598, Delta|S|μ:9.5746, Delta/Signal:93.32%, Gateμ:-0.3208, Gate0%:0.0, MetaNormμ:8.8692 | Val Meta: Scaleμ:0.9792, Signal|S|μ:9.9106, Delta|S|μ:9.2442, Delta/Signal:93.28%, Gateμ:-0.3208, Gate0%:0.0, MetaNormμ:8.8692

Classification Test Result (EthanolConcentration)
Accuracy : 0.277567
F1 (macro): 0.190730
Saved attention maps for 3 sample(s) under ./runs/classification_electricity_to_EthanolConcentration_laya_metadata_query_gate_text_stats_joint/attention_maps
Joint metadata preview | dataset=FaceDetection | domain=UEA | channels=144
   - channel_1: In the UEA domain, this channel belongs to the FaceDetection dataset and represents the feature channel 1. Channel statistics over the training split: mean value is -0.000, standard deviation is 1.000, minimum value is -12.951, maximum value is 17.778, median value is -0.001, and mean absolute value is 0.760.
/data/pjh_workspace/ts-env/lib/python3.8/site-packages/torch/nn/modules/transformer.py:307: UserWarning: enable_nested_tensor is True, but self.use_nested_tensor is False because encoder_layer.norm_first was True
  warnings.warn(f"enable_nested_tensor is True, but self.use_nested_tensor is False because {why_not_sparsity_fast_path}")
==================================================
🚀 Architecture: LAYA
📊 Target Dataset: FaceDetection (Channels: 144)
📊 Pretrain Info: electricity
📊 Classes: 2 | Sequence Length: 62
==================================================
✅ Loaded pretrained encoder from ./checkpoints/electricity_laya_metadata_query_gate_text_stats_joint/laya_ts_electricity_s_best.pt
   - 104/104 keys matched.
✅ Encoder is FROZEN (Linear Probing mode).
📝 metadata: mode=text_stats_joint, fusion=none, relation=metadata_query_gate
ℹ️  Metadata Fusion Mode: none
ℹ️  Channel Mixer Relation Mode: metadata_query_gate
ℹ️  Encoder Variant: default
ℹ️  Channel Adapter: disabled for Laya downstream (mixer)
ℹ️  Channel Relation Block: disabled
✅ ClassificationHead: [B, 256] → [B, 2]
Epoch   1/50 | Train Loss: 0.7012 Acc: 0.5077 F1: 0.5077 | Val Loss: 0.6914 Acc: 0.5382 F1: 0.3891 | Train Meta: Scaleμ:0.9792, Signal|S|μ:4.8368, Delta|S|μ:4.3610, Delta/Signal:90.16%, Gateμ:-0.3262, Gate0%:0.0, MetaNormμ:9.1147 | Val Meta: Scaleμ:0.9792, Signal|S|μ:4.9120, Delta|S|μ:4.4308, Delta/Signal:90.20%, Gateμ:-0.3262, Gate0%:0.0, MetaNormμ:9.1147
Validation Loss decreased (inf --> 0.691422). Saving best model...
Epoch   2/50 | Train Loss: 0.7066 Acc: 0.4992 F1: 0.4981 | Val Loss: 0.7045 Acc: 0.4805 F1: 0.3245 | Train Meta: Scaleμ:0.9792, Signal|S|μ:4.7481, Delta|S|μ:4.2818, Delta/Signal:90.18%, Gateμ:-0.3262, Gate0%:0.0, MetaNormμ:9.1147 | Val Meta: Scaleμ:0.9792, Signal|S|μ:4.9120, Delta|S|μ:4.4308, Delta/Signal:90.20%, Gateμ:-0.3262, Gate0%:0.0, MetaNormμ:9.1147
Epoch   3/50 | Train Loss: 0.7026 Acc: 0.5049 F1: 0.5041 | Val Loss: 0.7039 Acc: 0.5212 F1: 0.3458 | Train Meta: Scaleμ:0.9792, Signal|S|μ:4.9445, Delta|S|μ:4.4571, Delta/Signal:90.14%, Gateμ:-0.3262, Gate0%:0.0, MetaNormμ:9.1147 | Val Meta: Scaleμ:0.9792, Signal|S|μ:4.9120, Delta|S|μ:4.4308, Delta/Signal:90.20%, Gateμ:-0.3262, Gate0%:0.0, MetaNormμ:9.1147
Epoch   4/50 | Train Loss: 0.7033 Acc: 0.4947 F1: 0.4931 | Val Loss: 0.6936 Acc: 0.5093 F1: 0.5010 | Train Meta: Scaleμ:0.9792, Signal|S|μ:4.8119, Delta|S|μ:4.3398, Delta/Signal:90.19%, Gateμ:-0.3262, Gate0%:0.0, MetaNormμ:9.1147 | Val Meta: Scaleμ:0.9792, Signal|S|μ:4.9120, Delta|S|μ:4.4308, Delta/Signal:90.20%, Gateμ:-0.3262, Gate0%:0.0, MetaNormμ:9.1147
Epoch   5/50 | Train Loss: 0.7018 Acc: 0.5070 F1: 0.5067 | Val Loss: 0.6916 Acc: 0.5229 F1: 0.4738 | Train Meta: Scaleμ:0.9792, Signal|S|μ:4.9939, Delta|S|μ:4.5039, Delta/Signal:90.19%, Gateμ:-0.3262, Gate0%:0.0, MetaNormμ:9.1147 | Val Meta: Scaleμ:0.9792, Signal|S|μ:4.9120, Delta|S|μ:4.4308, Delta/Signal:90.20%, Gateμ:-0.3262, Gate0%:0.0, MetaNormμ:9.1147
Epoch   6/50 | Train Loss: 0.7012 Acc: 0.5119 F1: 0.5110 | Val Loss: 0.6938 Acc: 0.5161 F1: 0.3613 | Train Meta: Scaleμ:0.9792, Signal|S|μ:5.1977, Delta|S|μ:4.6900, Delta/Signal:90.23%, Gateμ:-0.3262, Gate0%:0.0, MetaNormμ:9.1147 | Val Meta: Scaleμ:0.9792, Signal|S|μ:4.9120, Delta|S|μ:4.4308, Delta/Signal:90.20%, Gateμ:-0.3262, Gate0%:0.0, MetaNormμ:9.1147
Epoch   7/50 | Train Loss: 0.6981 Acc: 0.5002 F1: 0.4992 | Val Loss: 0.6925 Acc: 0.5263 F1: 0.4262 | Train Meta: Scaleμ:0.9792, Signal|S|μ:5.2718, Delta|S|μ:4.7548, Delta/Signal:90.19%, Gateμ:-0.3262, Gate0%:0.0, MetaNormμ:9.1147 | Val Meta: Scaleμ:0.9792, Signal|S|μ:4.9120, Delta|S|μ:4.4308, Delta/Signal:90.20%, Gateμ:-0.3262, Gate0%:0.0, MetaNormμ:9.1147
Epoch   8/50 | Train Loss: 0.7030 Acc: 0.5106 F1: 0.5101 | Val Loss: 0.6988 Acc: 0.5178 F1: 0.3474 | Train Meta: Scaleμ:0.9792, Signal|S|μ:4.8477, Delta|S|μ:4.3720, Delta/Signal:90.19%, Gateμ:-0.3262, Gate0%:0.0, MetaNormμ:9.1147 | Val Meta: Scaleμ:0.9792, Signal|S|μ:4.9120, Delta|S|μ:4.4308, Delta/Signal:90.20%, Gateμ:-0.3262, Gate0%:0.0, MetaNormμ:9.1147
Epoch   9/50 | Train Loss: 0.6993 Acc: 0.5155 F1: 0.5152 | Val Loss: 0.6964 Acc: 0.5195 F1: 0.3572 | Train Meta: Scaleμ:0.9792, Signal|S|μ:5.1066, Delta|S|μ:4.6017, Delta/Signal:90.11%, Gateμ:-0.3262, Gate0%:0.0, MetaNormμ:9.1147 | Val Meta: Scaleμ:0.9792, Signal|S|μ:4.9120, Delta|S|μ:4.4308, Delta/Signal:90.20%, Gateμ:-0.3262, Gate0%:0.0, MetaNormμ:9.1147
Epoch  10/50 | Train Loss: 0.6984 Acc: 0.5034 F1: 0.5032 | Val Loss: 0.6980 Acc: 0.4669 F1: 0.3867 | Train Meta: Scaleμ:0.9792, Signal|S|μ:5.1219, Delta|S|μ:4.6218, Delta/Signal:90.24%, Gateμ:-0.3262, Gate0%:0.0, MetaNormμ:9.1147 | Val Meta: Scaleμ:0.9792, Signal|S|μ:4.9120, Delta|S|μ:4.4308, Delta/Signal:90.20%, Gateμ:-0.3262, Gate0%:0.0, MetaNormμ:9.1147
Epoch  11/50 | Train Loss: 0.6973 Acc: 0.5076 F1: 0.5075 | Val Loss: 0.7181 Acc: 0.4771 F1: 0.3230 | Train Meta: Scaleμ:0.9792, Signal|S|μ:5.2604, Delta|S|μ:4.7446, Delta/Signal:90.20%, Gateμ:-0.3262, Gate0%:0.0, MetaNormμ:9.1147 | Val Meta: Scaleμ:0.9792, Signal|S|μ:4.9120, Delta|S|μ:4.4308, Delta/Signal:90.20%, Gateμ:-0.3262, Gate0%:0.0, MetaNormμ:9.1147
Epoch  12/50 | Train Loss: 0.7015 Acc: 0.5125 F1: 0.5120 | Val Loss: 0.6961 Acc: 0.4822 F1: 0.4351 | Train Meta: Scaleμ:0.9792, Signal|S|μ:5.0789, Delta|S|μ:4.5795, Delta/Signal:90.17%, Gateμ:-0.3262, Gate0%:0.0, MetaNormμ:9.1147 | Val Meta: Scaleμ:0.9792, Signal|S|μ:4.9120, Delta|S|μ:4.4308, Delta/Signal:90.20%, Gateμ:-0.3262, Gate0%:0.0, MetaNormμ:9.1147
Epoch  13/50 | Train Loss: 0.6961 Acc: 0.5185 F1: 0.5174 | Val Loss: 0.6932 Acc: 0.5263 F1: 0.4445 | Train Meta: Scaleμ:0.9792, Signal|S|μ:4.7968, Delta|S|μ:4.3275, Delta/Signal:90.22%, Gateμ:-0.3262, Gate0%:0.0, MetaNormμ:9.1147 | Val Meta: Scaleμ:0.9792, Signal|S|μ:4.9120, Delta|S|μ:4.4308, Delta/Signal:90.20%, Gateμ:-0.3262, Gate0%:0.0, MetaNormμ:9.1147
Epoch  14/50 | Train Loss: 0.6987 Acc: 0.5055 F1: 0.5055 | Val Loss: 0.6959 Acc: 0.4856 F1: 0.4478 | Train Meta: Scaleμ:0.9792, Signal|S|μ:4.8871, Delta|S|μ:4.4044, Delta/Signal:90.12%, Gateμ:-0.3262, Gate0%:0.0, MetaNormμ:9.1147 | Val Meta: Scaleμ:0.9792, Signal|S|μ:4.9120, Delta|S|μ:4.4308, Delta/Signal:90.20%, Gateμ:-0.3262, Gate0%:0.0, MetaNormμ:9.1147
Epoch  15/50 | Train Loss: 0.7007 Acc: 0.5055 F1: 0.5053 | Val Loss: 0.7297 Acc: 0.4805 F1: 0.3245 | Train Meta: Scaleμ:0.9792, Signal|S|μ:5.0317, Delta|S|μ:4.5388, Delta/Signal:90.20%, Gateμ:-0.3262, Gate0%:0.0, MetaNormμ:9.1147 | Val Meta: Scaleμ:0.9792, Signal|S|μ:4.9120, Delta|S|μ:4.4308, Delta/Signal:90.20%, Gateμ:-0.3262, Gate0%:0.0, MetaNormμ:9.1147
Epoch  16/50 | Train Loss: 0.6964 Acc: 0.5021 F1: 0.5020 | Val Loss: 0.6935 Acc: 0.5280 F1: 0.4957 | Train Meta: Scaleμ:0.9792, Signal|S|μ:4.9777, Delta|S|μ:4.4853, Delta/Signal:90.11%, Gateμ:-0.3262, Gate0%:0.0, MetaNormμ:9.1147 | Val Meta: Scaleμ:0.9792, Signal|S|μ:4.9120, Delta|S|μ:4.4308, Delta/Signal:90.20%, Gateμ:-0.3262, Gate0%:0.0, MetaNormμ:9.1147
Epoch  17/50 | Train Loss: 0.6953 Acc: 0.5149 F1: 0.5149 | Val Loss: 0.6956 Acc: 0.4924 F1: 0.4747 | Train Meta: Scaleμ:0.9792, Signal|S|μ:4.8908, Delta|S|μ:4.4100, Delta/Signal:90.17%, Gateμ:-0.3262, Gate0%:0.0, MetaNormμ:9.1147 | Val Meta: Scaleμ:0.9792, Signal|S|μ:4.9120, Delta|S|μ:4.4308, Delta/Signal:90.20%, Gateμ:-0.3262, Gate0%:0.0, MetaNormμ:9.1147
Epoch  18/50 | Train Loss: 0.6966 Acc: 0.5059 F1: 0.5054 | Val Loss: 0.6972 Acc: 0.4873 F1: 0.4401 | Train Meta: Scaleμ:0.9792, Signal|S|μ:4.9137, Delta|S|μ:4.4286, Delta/Signal:90.13%, Gateμ:-0.3262, Gate0%:0.0, MetaNormμ:9.1147 | Val Meta: Scaleμ:0.9792, Signal|S|μ:4.9120, Delta|S|μ:4.4308, Delta/Signal:90.20%, Gateμ:-0.3262, Gate0%:0.0, MetaNormμ:9.1147
Epoch  19/50 | Train Loss: 0.6986 Acc: 0.5072 F1: 0.5071 | Val Loss: 0.6995 Acc: 0.4618 F1: 0.3650 | Train Meta: Scaleμ:0.9792, Signal|S|μ:5.0371, Delta|S|μ:4.5404, Delta/Signal:90.14%, Gateμ:-0.3262, Gate0%:0.0, MetaNormμ:9.1147 | Val Meta: Scaleμ:0.9792, Signal|S|μ:4.9120, Delta|S|μ:4.4308, Delta/Signal:90.20%, Gateμ:-0.3262, Gate0%:0.0, MetaNormμ:9.1147
Epoch  20/50 | Train Loss: 0.6966 Acc: 0.5091 F1: 0.5083 | Val Loss: 0.6985 Acc: 0.4771 F1: 0.4097 | Train Meta: Scaleμ:0.9792, Signal|S|μ:4.8419, Delta|S|μ:4.3678, Delta/Signal:90.21%, Gateμ:-0.3262, Gate0%:0.0, MetaNormμ:9.1147 | Val Meta: Scaleμ:0.9792, Signal|S|μ:4.9120, Delta|S|μ:4.4308, Delta/Signal:90.20%, Gateμ:-0.3262, Gate0%:0.0, MetaNormμ:9.1147
Epoch  21/50 | Train Loss: 0.6977 Acc: 0.5059 F1: 0.5058 | Val Loss: 0.6970 Acc: 0.5127 F1: 0.3481 | Train Meta: Scaleμ:0.9792, Signal|S|μ:5.0862, Delta|S|μ:4.5857, Delta/Signal:90.16%, Gateμ:-0.3262, Gate0%:0.0, MetaNormμ:9.1147 | Val Meta: Scaleμ:0.9792, Signal|S|μ:4.9120, Delta|S|μ:4.4308, Delta/Signal:90.20%, Gateμ:-0.3262, Gate0%:0.0, MetaNormμ:9.1147
Epoch  22/50 | Train Loss: 0.6950 Acc: 0.5174 F1: 0.5166 | Val Loss: 0.6984 Acc: 0.4754 F1: 0.4085 | Train Meta: Scaleμ:0.9792, Signal|S|μ:4.9090, Delta|S|μ:4.4261, Delta/Signal:90.16%, Gateμ:-0.3262, Gate0%:0.0, MetaNormμ:9.1147 | Val Meta: Scaleμ:0.9792, Signal|S|μ:4.9120, Delta|S|μ:4.4308, Delta/Signal:90.20%, Gateμ:-0.3262, Gate0%:0.0, MetaNormμ:9.1147
Epoch  23/50 | Train Loss: 0.6953 Acc: 0.5189 F1: 0.5187 | Val Loss: 0.6953 Acc: 0.5178 F1: 0.4129 | Train Meta: Scaleμ:0.9792, Signal|S|μ:5.1765, Delta|S|μ:4.6663, Delta/Signal:90.14%, Gateμ:-0.3262, Gate0%:0.0, MetaNormμ:9.1147 | Val Meta: Scaleμ:0.9792, Signal|S|μ:4.9120, Delta|S|μ:4.4308, Delta/Signal:90.20%, Gateμ:-0.3262, Gate0%:0.0, MetaNormμ:9.1147
Epoch  24/50 | Train Loss: 0.6949 Acc: 0.5053 F1: 0.5046 | Val Loss: 0.6987 Acc: 0.5161 F1: 0.3466 | Train Meta: Scaleμ:0.9792, Signal|S|μ:4.9667, Delta|S|μ:4.4796, Delta/Signal:90.19%, Gateμ:-0.3262, Gate0%:0.0, MetaNormμ:9.1147 | Val Meta: Scaleμ:0.9792, Signal|S|μ:4.9120, Delta|S|μ:4.4308, Delta/Signal:90.20%, Gateμ:-0.3262, Gate0%:0.0, MetaNormμ:9.1147
Epoch  25/50 | Train Loss: 0.6963 Acc: 0.5185 F1: 0.5185 | Val Loss: 0.6967 Acc: 0.4941 F1: 0.4754 | Train Meta: Scaleμ:0.9792, Signal|S|μ:5.0798, Delta|S|μ:4.5806, Delta/Signal:90.17%, Gateμ:-0.3262, Gate0%:0.0, MetaNormμ:9.1147 | Val Meta: Scaleμ:0.9792, Signal|S|μ:4.9120, Delta|S|μ:4.4308, Delta/Signal:90.20%, Gateμ:-0.3262, Gate0%:0.0, MetaNormμ:9.1147
Epoch  26/50 | Train Loss: 0.6952 Acc: 0.5115 F1: 0.5114 | Val Loss: 0.6995 Acc: 0.4720 F1: 0.4047 | Train Meta: Scaleμ:0.9792, Signal|S|μ:5.9828, Delta|S|μ:5.4008, Delta/Signal:90.27%, Gateμ:-0.3262, Gate0%:0.0, MetaNormμ:9.1147 | Val Meta: Scaleμ:0.9792, Signal|S|μ:4.9120, Delta|S|μ:4.4308, Delta/Signal:90.20%, Gateμ:-0.3262, Gate0%:0.0, MetaNormμ:9.1147
Epoch  27/50 | Train Loss: 0.6959 Acc: 0.5164 F1: 0.5163 | Val Loss: 0.6949 Acc: 0.5229 F1: 0.3984 | Train Meta: Scaleμ:0.9792, Signal|S|μ:4.8684, Delta|S|μ:4.3910, Delta/Signal:90.19%, Gateμ:-0.3262, Gate0%:0.0, MetaNormμ:9.1147 | Val Meta: Scaleμ:0.9792, Signal|S|μ:4.9120, Delta|S|μ:4.4308, Delta/Signal:90.20%, Gateμ:-0.3262, Gate0%:0.0, MetaNormμ:9.1147
Epoch  28/50 | Train Loss: 0.6954 Acc: 0.5253 F1: 0.5246 | Val Loss: 0.6934 Acc: 0.5382 F1: 0.5236 | Train Meta: Scaleμ:0.9792, Signal|S|μ:4.8241, Delta|S|μ:4.3490, Delta/Signal:90.15%, Gateμ:-0.3262, Gate0%:0.0, MetaNormμ:9.1147 | Val Meta: Scaleμ:0.9792, Signal|S|μ:4.9120, Delta|S|μ:4.4308, Delta/Signal:90.20%, Gateμ:-0.3262, Gate0%:0.0, MetaNormμ:9.1147
Epoch  29/50 | Train Loss: 0.6954 Acc: 0.5185 F1: 0.5185 | Val Loss: 0.6954 Acc: 0.5246 F1: 0.3921 | Train Meta: Scaleμ:0.9792, Signal|S|μ:4.9907, Delta|S|μ:4.5003, Delta/Signal:90.17%, Gateμ:-0.3262, Gate0%:0.0, MetaNormμ:9.1147 | Val Meta: Scaleμ:0.9792, Signal|S|μ:4.9120, Delta|S|μ:4.4308, Delta/Signal:90.20%, Gateμ:-0.3262, Gate0%:0.0, MetaNormμ:9.1147
Epoch  30/50 | Train Loss: 0.6932 Acc: 0.5177 F1: 0.5177 | Val Loss: 0.6947 Acc: 0.5042 F1: 0.4831 | Train Meta: Scaleμ:0.9792, Signal|S|μ:6.2705, Delta|S|μ:5.6587, Delta/Signal:90.24%, Gateμ:-0.3262, Gate0%:0.0, MetaNormμ:9.1147 | Val Meta: Scaleμ:0.9792, Signal|S|μ:4.9120, Delta|S|μ:4.4308, Delta/Signal:90.20%, Gateμ:-0.3262, Gate0%:0.0, MetaNormμ:9.1147
Epoch  31/50 | Train Loss: 0.6942 Acc: 0.5155 F1: 0.5152 | Val Loss: 0.6993 Acc: 0.4686 F1: 0.4009 | Train Meta: Scaleμ:0.9792, Signal|S|μ:4.9667, Delta|S|μ:4.4804, Delta/Signal:90.21%, Gateμ:-0.3262, Gate0%:0.0, MetaNormμ:9.1147 | Val Meta: Scaleμ:0.9792, Signal|S|μ:4.9120, Delta|S|μ:4.4308, Delta/Signal:90.20%, Gateμ:-0.3262, Gate0%:0.0, MetaNormμ:9.1147
Epoch  32/50 | Train Loss: 0.6943 Acc: 0.5157 F1: 0.5151 | Val Loss: 0.6980 Acc: 0.4873 F1: 0.4284 | Train Meta: Scaleμ:0.9792, Signal|S|μ:5.1888, Delta|S|μ:4.6789, Delta/Signal:90.17%, Gateμ:-0.3262, Gate0%:0.0, MetaNormμ:9.1147 | Val Meta: Scaleμ:0.9792, Signal|S|μ:4.9120, Delta|S|μ:4.4308, Delta/Signal:90.20%, Gateμ:-0.3262, Gate0%:0.0, MetaNormμ:9.1147
Epoch  33/50 | Train Loss: 0.6967 Acc: 0.5130 F1: 0.5129 | Val Loss: 0.6962 Acc: 0.5127 F1: 0.5127 | Train Meta: Scaleμ:0.9792, Signal|S|μ:5.0977, Delta|S|μ:4.5936, Delta/Signal:90.11%, Gateμ:-0.3262, Gate0%:0.0, MetaNormμ:9.1147 | Val Meta: Scaleμ:0.9792, Signal|S|μ:4.9120, Delta|S|μ:4.4308, Delta/Signal:90.20%, Gateμ:-0.3262, Gate0%:0.0, MetaNormμ:9.1147
Epoch  34/50 | Train Loss: 0.6941 Acc: 0.5200 F1: 0.5200 | Val Loss: 0.6951 Acc: 0.5161 F1: 0.3968 | Train Meta: Scaleμ:0.9792, Signal|S|μ:4.8401, Delta|S|μ:4.3626, Delta/Signal:90.13%, Gateμ:-0.3262, Gate0%:0.0, MetaNormμ:9.1147 | Val Meta: Scaleμ:0.9792, Signal|S|μ:4.9120, Delta|S|μ:4.4308, Delta/Signal:90.20%, Gateμ:-0.3262, Gate0%:0.0, MetaNormμ:9.1147
Epoch  35/50 | Train Loss: 0.6933 Acc: 0.5172 F1: 0.5171 | Val Loss: 0.7254 Acc: 0.4788 F1: 0.3266 | Train Meta: Scaleμ:0.9792, Signal|S|μ:5.6126, Delta|S|μ:5.0610, Delta/Signal:90.17%, Gateμ:-0.3262, Gate0%:0.0, MetaNormμ:9.1147 | Val Meta: Scaleμ:0.9792, Signal|S|μ:4.9120, Delta|S|μ:4.4308, Delta/Signal:90.20%, Gateμ:-0.3262, Gate0%:0.0, MetaNormμ:9.1147
Epoch  36/50 | Train Loss: 0.6919 Acc: 0.5215 F1: 0.5213 | Val Loss: 0.6955 Acc: 0.5246 F1: 0.4605 | Train Meta: Scaleμ:0.9792, Signal|S|μ:5.3187, Delta|S|μ:4.7965, Delta/Signal:90.18%, Gateμ:-0.3262, Gate0%:0.0, MetaNormμ:9.1147 | Val Meta: Scaleμ:0.9792, Signal|S|μ:4.9120, Delta|S|μ:4.4308, Delta/Signal:90.20%, Gateμ:-0.3262, Gate0%:0.0, MetaNormμ:9.1147
Epoch  37/50 | Train Loss: 0.6940 Acc: 0.5138 F1: 0.5126 | Val Loss: 0.6959 Acc: 0.5110 F1: 0.4985 | Train Meta: Scaleμ:0.9792, Signal|S|μ:5.1794, Delta|S|μ:4.6704, Delta/Signal:90.17%, Gateμ:-0.3262, Gate0%:0.0, MetaNormμ:9.1147 | Val Meta: Scaleμ:0.9792, Signal|S|μ:4.9120, Delta|S|μ:4.4308, Delta/Signal:90.20%, Gateμ:-0.3262, Gate0%:0.0, MetaNormμ:9.1147
Epoch  38/50 | Train Loss: 0.6942 Acc: 0.5119 F1: 0.5103 | Val Loss: 0.7130 Acc: 0.5195 F1: 0.3451 | Train Meta: Scaleμ:0.9792, Signal|S|μ:5.2744, Delta|S|μ:4.7560, Delta/Signal:90.17%, Gateμ:-0.3262, Gate0%:0.0, MetaNormμ:9.1147 | Val Meta: Scaleμ:0.9792, Signal|S|μ:4.9120, Delta|S|μ:4.4308, Delta/Signal:90.20%, Gateμ:-0.3262, Gate0%:0.0, MetaNormμ:9.1147
Epoch  39/50 | Train Loss: 0.6924 Acc: 0.5304 F1: 0.5294 | Val Loss: 0.6943 Acc: 0.5110 F1: 0.4872 | Train Meta: Scaleμ:0.9792, Signal|S|μ:5.1084, Delta|S|μ:4.6071, Delta/Signal:90.19%, Gateμ:-0.3262, Gate0%:0.0, MetaNormμ:9.1147 | Val Meta: Scaleμ:0.9792, Signal|S|μ:4.9120, Delta|S|μ:4.4308, Delta/Signal:90.20%, Gateμ:-0.3262, Gate0%:0.0, MetaNormμ:9.1147
Epoch  40/50 | Train Loss: 0.6919 Acc: 0.5170 F1: 0.5167 | Val Loss: 0.6947 Acc: 0.5331 F1: 0.5331 | Train Meta: Scaleμ:0.9792, Signal|S|μ:4.8121, Delta|S|μ:4.3363, Delta/Signal:90.11%, Gateμ:-0.3262, Gate0%:0.0, MetaNormμ:9.1147 | Val Meta: Scaleμ:0.9792, Signal|S|μ:4.9120, Delta|S|μ:4.4308, Delta/Signal:90.20%, Gateμ:-0.3262, Gate0%:0.0, MetaNormμ:9.1147
Epoch  41/50 | Train Loss: 0.6933 Acc: 0.5162 F1: 0.5158 | Val Loss: 0.6967 Acc: 0.5161 F1: 0.3668 | Train Meta: Scaleμ:0.9792, Signal|S|μ:4.9662, Delta|S|μ:4.4772, Delta/Signal:90.15%, Gateμ:-0.3262, Gate0%:0.0, MetaNormμ:9.1147 | Val Meta: Scaleμ:0.9792, Signal|S|μ:4.9120, Delta|S|μ:4.4308, Delta/Signal:90.20%, Gateμ:-0.3262, Gate0%:0.0, MetaNormμ:9.1147
Epoch  42/50 | Train Loss: 0.6926 Acc: 0.5234 F1: 0.5233 | Val Loss: 0.6970 Acc: 0.5025 F1: 0.4810 | Train Meta: Scaleμ:0.9792, Signal|S|μ:5.3057, Delta|S|μ:4.7845, Delta/Signal:90.18%, Gateμ:-0.3262, Gate0%:0.0, MetaNormμ:9.1147 | Val Meta: Scaleμ:0.9792, Signal|S|μ:4.9120, Delta|S|μ:4.4308, Delta/Signal:90.20%, Gateμ:-0.3262, Gate0%:0.0, MetaNormμ:9.1147
Epoch  43/50 | Train Loss: 0.6929 Acc: 0.5151 F1: 0.5149 | Val Loss: 0.6953 Acc: 0.5280 F1: 0.5278 | Train Meta: Scaleμ:0.9792, Signal|S|μ:4.9299, Delta|S|μ:4.4440, Delta/Signal:90.14%, Gateμ:-0.3262, Gate0%:0.0, MetaNormμ:9.1147 | Val Meta: Scaleμ:0.9792, Signal|S|μ:4.9120, Delta|S|μ:4.4308, Delta/Signal:90.20%, Gateμ:-0.3262, Gate0%:0.0, MetaNormμ:9.1147
Epoch  44/50 | Train Loss: 0.6931 Acc: 0.5162 F1: 0.5162 | Val Loss: 0.6973 Acc: 0.4822 F1: 0.4565 | Train Meta: Scaleμ:0.9792, Signal|S|μ:5.2132, Delta|S|μ:4.7038, Delta/Signal:90.23%, Gateμ:-0.3262, Gate0%:0.0, MetaNormμ:9.1147 | Val Meta: Scaleμ:0.9792, Signal|S|μ:4.9120, Delta|S|μ:4.4308, Delta/Signal:90.20%, Gateμ:-0.3262, Gate0%:0.0, MetaNormμ:9.1147
Epoch  45/50 | Train Loss: 0.6925 Acc: 0.5194 F1: 0.5194 | Val Loss: 0.6994 Acc: 0.4720 F1: 0.4092 | Train Meta: Scaleμ:0.9792, Signal|S|μ:6.4385, Delta|S|μ:5.8011, Delta/Signal:90.10%, Gateμ:-0.3262, Gate0%:0.0, MetaNormμ:9.1147 | Val Meta: Scaleμ:0.9792, Signal|S|μ:4.9120, Delta|S|μ:4.4308, Delta/Signal:90.20%, Gateμ:-0.3262, Gate0%:0.0, MetaNormμ:9.1147
Epoch  46/50 | Train Loss: 0.6923 Acc: 0.5145 F1: 0.5144 | Val Loss: 0.7007 Acc: 0.4703 F1: 0.3853 | Train Meta: Scaleμ:0.9792, Signal|S|μ:4.8067, Delta|S|μ:4.3345, Delta/Signal:90.18%, Gateμ:-0.3262, Gate0%:0.0, MetaNormμ:9.1147 | Val Meta: Scaleμ:0.9792, Signal|S|μ:4.9120, Delta|S|μ:4.4308, Delta/Signal:90.20%, Gateμ:-0.3262, Gate0%:0.0, MetaNormμ:9.1147
Epoch  47/50 | Train Loss: 0.6924 Acc: 0.5221 F1: 0.5208 | Val Loss: 0.6948 Acc: 0.5297 F1: 0.4952 | Train Meta: Scaleμ:0.9792, Signal|S|μ:4.8979, Delta|S|μ:4.4167, Delta/Signal:90.17%, Gateμ:-0.3262, Gate0%:0.0, MetaNormμ:9.1147 | Val Meta: Scaleμ:0.9792, Signal|S|μ:4.9120, Delta|S|μ:4.4308, Delta/Signal:90.20%, Gateμ:-0.3262, Gate0%:0.0, MetaNormμ:9.1147
Epoch  48/50 | Train Loss: 0.6919 Acc: 0.5125 F1: 0.5121 | Val Loss: 0.6958 Acc: 0.5229 F1: 0.4139 | Train Meta: Scaleμ:0.9792, Signal|S|μ:5.2287, Delta|S|μ:4.7136, Delta/Signal:90.15%, Gateμ:-0.3262, Gate0%:0.0, MetaNormμ:9.1147 | Val Meta: Scaleμ:0.9792, Signal|S|μ:4.9120, Delta|S|μ:4.4308, Delta/Signal:90.20%, Gateμ:-0.3262, Gate0%:0.0, MetaNormμ:9.1147
Epoch  49/50 | Train Loss: 0.6915 Acc: 0.5215 F1: 0.5209 | Val Loss: 0.6982 Acc: 0.4873 F1: 0.4470 | Train Meta: Scaleμ:0.9792, Signal|S|μ:5.1386, Delta|S|μ:4.6331, Delta/Signal:90.16%, Gateμ:-0.3262, Gate0%:0.0, MetaNormμ:9.1147 | Val Meta: Scaleμ:0.9792, Signal|S|μ:4.9120, Delta|S|μ:4.4308, Delta/Signal:90.20%, Gateμ:-0.3262, Gate0%:0.0, MetaNormμ:9.1147
Epoch  50/50 | Train Loss: 0.6926 Acc: 0.5211 F1: 0.5188 | Val Loss: 0.6972 Acc: 0.5161 F1: 0.3668 | Train Meta: Scaleμ:0.9792, Signal|S|μ:4.8582, Delta|S|μ:4.3823, Delta/Signal:90.20%, Gateμ:-0.3262, Gate0%:0.0, MetaNormμ:9.1147 | Val Meta: Scaleμ:0.9792, Signal|S|μ:4.9120, Delta|S|μ:4.4308, Delta/Signal:90.20%, Gateμ:-0.3262, Gate0%:0.0, MetaNormμ:9.1147

Classification Test Result (FaceDetection)
Accuracy : 0.498297
F1 (macro): 0.362171
Saved attention maps for 3 sample(s) under ./runs/classification_electricity_to_FaceDetection_laya_metadata_query_gate_text_stats_joint/attention_maps
Joint metadata preview | dataset=Handwriting | domain=UEA | channels=3
   - channel_1: In the UEA domain, this channel belongs to the Handwriting dataset and represents the feature channel 1. Channel statistics over the training split: mean value is 0.000, standard deviation is 1.000, minimum value is -5.822, maximum value is 9.137, median value is 0.004, and mean absolute value is 0.540.
/data/pjh_workspace/ts-env/lib/python3.8/site-packages/torch/nn/modules/transformer.py:307: UserWarning: enable_nested_tensor is True, but self.use_nested_tensor is False because encoder_layer.norm_first was True
  warnings.warn(f"enable_nested_tensor is True, but self.use_nested_tensor is False because {why_not_sparsity_fast_path}")
==================================================
🚀 Architecture: LAYA
📊 Target Dataset: Handwriting (Channels: 3)
📊 Pretrain Info: electricity
📊 Classes: 26 | Sequence Length: 152
==================================================
✅ Loaded pretrained encoder from ./checkpoints/electricity_laya_metadata_query_gate_text_stats_joint/laya_ts_electricity_s_best.pt
   - 104/104 keys matched.
✅ Encoder is FROZEN (Linear Probing mode).
📝 metadata: mode=text_stats_joint, fusion=none, relation=metadata_query_gate
ℹ️  Metadata Fusion Mode: none
ℹ️  Channel Mixer Relation Mode: metadata_query_gate
ℹ️  Encoder Variant: default
ℹ️  Channel Adapter: disabled for Laya downstream (mixer)
ℹ️  Channel Relation Block: disabled
✅ ClassificationHead: [B, 256] → [B, 26]
Epoch   1/50 | Train Loss: 3.2176 Acc: 0.0312 F1: 0.0068 | Val Loss: 3.2604 Acc: 0.0667 F1: 0.0104 | Train Meta: Scaleμ:0.9792, Signal|S|μ:4.0036, Delta|S|μ:3.6495, Delta/Signal:91.15%, Gateμ:-0.2878, Gate0%:0.0, MetaNormμ:9.0479 | Val Meta: Scaleμ:0.9792, Signal|S|μ:4.2522, Delta|S|μ:3.8840, Delta/Signal:91.34%, Gateμ:-0.2878, Gate0%:0.0, MetaNormμ:9.0479
Validation Loss decreased (inf --> 3.260356). Saving best model...
Epoch   2/50 | Train Loss: 3.0295 Acc: 0.0703 F1: 0.0090 | Val Loss: 3.4461 Acc: 0.0000 F1: 0.0000 | Train Meta: Scaleμ:0.9792, Signal|S|μ:4.2945, Delta|S|μ:3.9251, Delta/Signal:91.40%, Gateμ:-0.2878, Gate0%:0.0, MetaNormμ:9.0479 | Val Meta: Scaleμ:0.9792, Signal|S|μ:4.2522, Delta|S|μ:3.8840, Delta/Signal:91.34%, Gateμ:-0.2878, Gate0%:0.0, MetaNormμ:9.0479
Epoch   3/50 | Train Loss: 3.0504 Acc: 0.0312 F1: 0.0041 | Val Loss: 3.4443 Acc: 0.0667 F1: 0.0104 | Train Meta: Scaleμ:0.9792, Signal|S|μ:4.3287, Delta|S|μ:3.9559, Delta/Signal:91.39%, Gateμ:-0.2878, Gate0%:0.0, MetaNormμ:9.0479 | Val Meta: Scaleμ:0.9792, Signal|S|μ:4.2522, Delta|S|μ:3.8840, Delta/Signal:91.34%, Gateμ:-0.2878, Gate0%:0.0, MetaNormμ:9.0479
Epoch   4/50 | Train Loss: 3.0091 Acc: 0.0859 F1: 0.0207 | Val Loss: 3.4272 Acc: 0.1333 F1: 0.0692 | Train Meta: Scaleμ:0.9792, Signal|S|μ:4.1844, Delta|S|μ:3.8235, Delta/Signal:91.38%, Gateμ:-0.2878, Gate0%:0.0, MetaNormμ:9.0479 | Val Meta: Scaleμ:0.9792, Signal|S|μ:4.2522, Delta|S|μ:3.8840, Delta/Signal:91.34%, Gateμ:-0.2878, Gate0%:0.0, MetaNormμ:9.0479
Epoch   5/50 | Train Loss: 3.0027 Acc: 0.0781 F1: 0.0115 | Val Loss: 3.4721 Acc: 0.0667 F1: 0.0140 | Train Meta: Scaleμ:0.9792, Signal|S|μ:4.0443, Delta|S|μ:3.6945, Delta/Signal:91.35%, Gateμ:-0.2878, Gate0%:0.0, MetaNormμ:9.0479 | Val Meta: Scaleμ:0.9792, Signal|S|μ:4.2522, Delta|S|μ:3.8840, Delta/Signal:91.34%, Gateμ:-0.2878, Gate0%:0.0, MetaNormμ:9.0479
Epoch   6/50 | Train Loss: 2.9914 Acc: 0.0703 F1: 0.0054 | Val Loss: 3.3934 Acc: 0.0667 F1: 0.0104 | Train Meta: Scaleμ:0.9792, Signal|S|μ:3.8766, Delta|S|μ:3.5340, Delta/Signal:91.16%, Gateμ:-0.2878, Gate0%:0.0, MetaNormμ:9.0479 | Val Meta: Scaleμ:0.9792, Signal|S|μ:4.2522, Delta|S|μ:3.8840, Delta/Signal:91.34%, Gateμ:-0.2878, Gate0%:0.0, MetaNormμ:9.0479
Epoch   7/50 | Train Loss: 2.9702 Acc: 0.0859 F1: 0.0127 | Val Loss: 3.3595 Acc: 0.0667 F1: 0.0119 | Train Meta: Scaleμ:0.9792, Signal|S|μ:4.1631, Delta|S|μ:3.7941, Delta/Signal:91.13%, Gateμ:-0.2878, Gate0%:0.0, MetaNormμ:9.0479 | Val Meta: Scaleμ:0.9792, Signal|S|μ:4.2522, Delta|S|μ:3.8840, Delta/Signal:91.34%, Gateμ:-0.2878, Gate0%:0.0, MetaNormμ:9.0479
Epoch   8/50 | Train Loss: 2.9818 Acc: 0.0938 F1: 0.0149 | Val Loss: 3.3476 Acc: 0.1333 F1: 0.0472 | Train Meta: Scaleμ:0.9792, Signal|S|μ:4.7394, Delta|S|μ:4.3352, Delta/Signal:91.47%, Gateμ:-0.2878, Gate0%:0.0, MetaNormμ:9.0479 | Val Meta: Scaleμ:0.9792, Signal|S|μ:4.2522, Delta|S|μ:3.8840, Delta/Signal:91.34%, Gateμ:-0.2878, Gate0%:0.0, MetaNormμ:9.0479
Epoch   9/50 | Train Loss: 2.9701 Acc: 0.0703 F1: 0.0120 | Val Loss: 3.3383 Acc: 0.0667 F1: 0.0154 | Train Meta: Scaleμ:0.9792, Signal|S|μ:4.1867, Delta|S|μ:3.8204, Delta/Signal:91.25%, Gateμ:-0.2878, Gate0%:0.0, MetaNormμ:9.0479 | Val Meta: Scaleμ:0.9792, Signal|S|μ:4.2522, Delta|S|μ:3.8840, Delta/Signal:91.34%, Gateμ:-0.2878, Gate0%:0.0, MetaNormμ:9.0479
Epoch  10/50 | Train Loss: 2.9565 Acc: 0.1094 F1: 0.0198 | Val Loss: 3.3777 Acc: 0.0667 F1: 0.0118 | Train Meta: Scaleμ:0.9792, Signal|S|μ:4.0422, Delta|S|μ:3.6885, Delta/Signal:91.25%, Gateμ:-0.2878, Gate0%:0.0, MetaNormμ:9.0479 | Val Meta: Scaleμ:0.9792, Signal|S|μ:4.2522, Delta|S|μ:3.8840, Delta/Signal:91.34%, Gateμ:-0.2878, Gate0%:0.0, MetaNormμ:9.0479
Epoch  11/50 | Train Loss: 2.9384 Acc: 0.0859 F1: 0.0166 | Val Loss: 3.4159 Acc: 0.0667 F1: 0.0118 | Train Meta: Scaleμ:0.9792, Signal|S|μ:4.2696, Delta|S|μ:3.8939, Delta/Signal:91.20%, Gateμ:-0.2878, Gate0%:0.0, MetaNormμ:9.0479 | Val Meta: Scaleμ:0.9792, Signal|S|μ:4.2522, Delta|S|μ:3.8840, Delta/Signal:91.34%, Gateμ:-0.2878, Gate0%:0.0, MetaNormμ:9.0479
Epoch  12/50 | Train Loss: 2.9278 Acc: 0.1094 F1: 0.0239 | Val Loss: 3.3921 Acc: 0.0667 F1: 0.0118 | Train Meta: Scaleμ:0.9792, Signal|S|μ:4.0139, Delta|S|μ:3.6638, Delta/Signal:91.28%, Gateμ:-0.2878, Gate0%:0.0, MetaNormμ:9.0479 | Val Meta: Scaleμ:0.9792, Signal|S|μ:4.2522, Delta|S|μ:3.8840, Delta/Signal:91.34%, Gateμ:-0.2878, Gate0%:0.0, MetaNormμ:9.0479
Epoch  13/50 | Train Loss: 2.9275 Acc: 0.0781 F1: 0.0146 | Val Loss: 3.4294 Acc: 0.0667 F1: 0.0119 | Train Meta: Scaleμ:0.9792, Signal|S|μ:4.1742, Delta|S|μ:3.8121, Delta/Signal:91.33%, Gateμ:-0.2878, Gate0%:0.0, MetaNormμ:9.0479 | Val Meta: Scaleμ:0.9792, Signal|S|μ:4.2522, Delta|S|μ:3.8840, Delta/Signal:91.34%, Gateμ:-0.2878, Gate0%:0.0, MetaNormμ:9.0479
Epoch  14/50 | Train Loss: 2.9222 Acc: 0.0938 F1: 0.0208 | Val Loss: 3.4335 Acc: 0.0667 F1: 0.0130 | Train Meta: Scaleμ:0.9792, Signal|S|μ:4.2423, Delta|S|μ:3.8764, Delta/Signal:91.38%, Gateμ:-0.2878, Gate0%:0.0, MetaNormμ:9.0479 | Val Meta: Scaleμ:0.9792, Signal|S|μ:4.2522, Delta|S|μ:3.8840, Delta/Signal:91.34%, Gateμ:-0.2878, Gate0%:0.0, MetaNormμ:9.0479
Epoch  15/50 | Train Loss: 2.9094 Acc: 0.1094 F1: 0.0318 | Val Loss: 3.4364 Acc: 0.0667 F1: 0.0204 | Train Meta: Scaleμ:0.9792, Signal|S|μ:4.0897, Delta|S|μ:3.7316, Delta/Signal:91.25%, Gateμ:-0.2878, Gate0%:0.0, MetaNormμ:9.0479 | Val Meta: Scaleμ:0.9792, Signal|S|μ:4.2522, Delta|S|μ:3.8840, Delta/Signal:91.34%, Gateμ:-0.2878, Gate0%:0.0, MetaNormμ:9.0479
Epoch  16/50 | Train Loss: 2.9113 Acc: 0.1016 F1: 0.0249 | Val Loss: 3.3709 Acc: 0.0667 F1: 0.0139 | Train Meta: Scaleμ:0.9792, Signal|S|μ:4.1353, Delta|S|μ:3.7762, Delta/Signal:91.32%, Gateμ:-0.2878, Gate0%:0.0, MetaNormμ:9.0479 | Val Meta: Scaleμ:0.9792, Signal|S|μ:4.2522, Delta|S|μ:3.8840, Delta/Signal:91.34%, Gateμ:-0.2878, Gate0%:0.0, MetaNormμ:9.0479
Epoch  17/50 | Train Loss: 2.8988 Acc: 0.0938 F1: 0.0156 | Val Loss: 3.3465 Acc: 0.0667 F1: 0.0128 | Train Meta: Scaleμ:0.9792, Signal|S|μ:4.4023, Delta|S|μ:4.0236, Delta/Signal:91.40%, Gateμ:-0.2878, Gate0%:0.0, MetaNormμ:9.0479 | Val Meta: Scaleμ:0.9792, Signal|S|μ:4.2522, Delta|S|μ:3.8840, Delta/Signal:91.34%, Gateμ:-0.2878, Gate0%:0.0, MetaNormμ:9.0479
Epoch  18/50 | Train Loss: 2.9020 Acc: 0.1250 F1: 0.0396 | Val Loss: 3.3953 Acc: 0.0667 F1: 0.0286 | Train Meta: Scaleμ:0.9792, Signal|S|μ:4.0198, Delta|S|μ:3.6677, Delta/Signal:91.24%, Gateμ:-0.2878, Gate0%:0.0, MetaNormμ:9.0479 | Val Meta: Scaleμ:0.9792, Signal|S|μ:4.2522, Delta|S|μ:3.8840, Delta/Signal:91.34%, Gateμ:-0.2878, Gate0%:0.0, MetaNormμ:9.0479
Epoch  19/50 | Train Loss: 2.8825 Acc: 0.1406 F1: 0.0445 | Val Loss: 3.4384 Acc: 0.0667 F1: 0.0171 | Train Meta: Scaleμ:0.9792, Signal|S|μ:3.9501, Delta|S|μ:3.6027, Delta/Signal:91.21%, Gateμ:-0.2878, Gate0%:0.0, MetaNormμ:9.0479 | Val Meta: Scaleμ:0.9792, Signal|S|μ:4.2522, Delta|S|μ:3.8840, Delta/Signal:91.34%, Gateμ:-0.2878, Gate0%:0.0, MetaNormμ:9.0479
Epoch  20/50 | Train Loss: 2.8669 Acc: 0.1562 F1: 0.0435 | Val Loss: 3.4025 Acc: 0.0667 F1: 0.0128 | Train Meta: Scaleμ:0.9792, Signal|S|μ:4.3472, Delta|S|μ:3.9724, Delta/Signal:91.38%, Gateμ:-0.2878, Gate0%:0.0, MetaNormμ:9.0479 | Val Meta: Scaleμ:0.9792, Signal|S|μ:4.2522, Delta|S|μ:3.8840, Delta/Signal:91.34%, Gateμ:-0.2878, Gate0%:0.0, MetaNormμ:9.0479
Epoch  21/50 | Train Loss: 2.8720 Acc: 0.1094 F1: 0.0279 | Val Loss: 3.4209 Acc: 0.0667 F1: 0.0171 | Train Meta: Scaleμ:0.9792, Signal|S|μ:4.0255, Delta|S|μ:3.6750, Delta/Signal:91.29%, Gateμ:-0.2878, Gate0%:0.0, MetaNormμ:9.0479 | Val Meta: Scaleμ:0.9792, Signal|S|μ:4.2522, Delta|S|μ:3.8840, Delta/Signal:91.34%, Gateμ:-0.2878, Gate0%:0.0, MetaNormμ:9.0479
Epoch  22/50 | Train Loss: 2.8386 Acc: 0.1406 F1: 0.0443 | Val Loss: 3.4063 Acc: 0.0667 F1: 0.0130 | Train Meta: Scaleμ:0.9792, Signal|S|μ:4.2993, Delta|S|μ:3.9280, Delta/Signal:91.36%, Gateμ:-0.2878, Gate0%:0.0, MetaNormμ:9.0479 | Val Meta: Scaleμ:0.9792, Signal|S|μ:4.2522, Delta|S|μ:3.8840, Delta/Signal:91.34%, Gateμ:-0.2878, Gate0%:0.0, MetaNormμ:9.0479
Epoch  23/50 | Train Loss: 2.8638 Acc: 0.1562 F1: 0.0608 | Val Loss: 3.4393 Acc: 0.0667 F1: 0.0238 | Train Meta: Scaleμ:0.9792, Signal|S|μ:4.3913, Delta|S|μ:4.0126, Delta/Signal:91.38%, Gateμ:-0.2878, Gate0%:0.0, MetaNormμ:9.0479 | Val Meta: Scaleμ:0.9792, Signal|S|μ:4.2522, Delta|S|μ:3.8840, Delta/Signal:91.34%, Gateμ:-0.2878, Gate0%:0.0, MetaNormμ:9.0479
Epoch  24/50 | Train Loss: 2.8353 Acc: 0.1328 F1: 0.0398 | Val Loss: 3.5104 Acc: 0.0667 F1: 0.0130 | Train Meta: Scaleμ:0.9792, Signal|S|μ:4.0726, Delta|S|μ:3.7142, Delta/Signal:91.20%, Gateμ:-0.2878, Gate0%:0.0, MetaNormμ:9.0479 | Val Meta: Scaleμ:0.9792, Signal|S|μ:4.2522, Delta|S|μ:3.8840, Delta/Signal:91.34%, Gateμ:-0.2878, Gate0%:0.0, MetaNormμ:9.0479
Epoch  25/50 | Train Loss: 2.8492 Acc: 0.1641 F1: 0.0460 | Val Loss: 3.5053 Acc: 0.0667 F1: 0.0192 | Train Meta: Scaleμ:0.9792, Signal|S|μ:3.9527, Delta|S|μ:3.6035, Delta/Signal:91.17%, Gateμ:-0.2878, Gate0%:0.0, MetaNormμ:9.0479 | Val Meta: Scaleμ:0.9792, Signal|S|μ:4.2522, Delta|S|μ:3.8840, Delta/Signal:91.34%, Gateμ:-0.2878, Gate0%:0.0, MetaNormμ:9.0479
Epoch  26/50 | Train Loss: 2.8507 Acc: 0.1484 F1: 0.0403 | Val Loss: 3.5056 Acc: 0.0667 F1: 0.0154 | Train Meta: Scaleμ:0.9792, Signal|S|μ:4.5798, Delta|S|μ:4.1872, Delta/Signal:91.43%, Gateμ:-0.2878, Gate0%:0.0, MetaNormμ:9.0479 | Val Meta: Scaleμ:0.9792, Signal|S|μ:4.2522, Delta|S|μ:3.8840, Delta/Signal:91.34%, Gateμ:-0.2878, Gate0%:0.0, MetaNormμ:9.0479
Epoch  27/50 | Train Loss: 2.8256 Acc: 0.1484 F1: 0.0477 | Val Loss: 3.4509 Acc: 0.0667 F1: 0.0192 | Train Meta: Scaleμ:0.9792, Signal|S|μ:4.1821, Delta|S|μ:3.8197, Delta/Signal:91.34%, Gateμ:-0.2878, Gate0%:0.0, MetaNormμ:9.0479 | Val Meta: Scaleμ:0.9792, Signal|S|μ:4.2522, Delta|S|μ:3.8840, Delta/Signal:91.34%, Gateμ:-0.2878, Gate0%:0.0, MetaNormμ:9.0479
Epoch  28/50 | Train Loss: 2.8069 Acc: 0.1797 F1: 0.0533 | Val Loss: 3.4460 Acc: 0.0667 F1: 0.0222 | Train Meta: Scaleμ:0.9792, Signal|S|μ:4.2240, Delta|S|μ:3.8545, Delta/Signal:91.25%, Gateμ:-0.2878, Gate0%:0.0, MetaNormμ:9.0479 | Val Meta: Scaleμ:0.9792, Signal|S|μ:4.2522, Delta|S|μ:3.8840, Delta/Signal:91.34%, Gateμ:-0.2878, Gate0%:0.0, MetaNormμ:9.0479
Epoch  29/50 | Train Loss: 2.8120 Acc: 0.1406 F1: 0.0385 | Val Loss: 3.4638 Acc: 0.0667 F1: 0.0128 | Train Meta: Scaleμ:0.9792, Signal|S|μ:4.0855, Delta|S|μ:3.7265, Delta/Signal:91.21%, Gateμ:-0.2878, Gate0%:0.0, MetaNormμ:9.0479 | Val Meta: Scaleμ:0.9792, Signal|S|μ:4.2522, Delta|S|μ:3.8840, Delta/Signal:91.34%, Gateμ:-0.2878, Gate0%:0.0, MetaNormμ:9.0479
Epoch  30/50 | Train Loss: 2.8062 Acc: 0.1250 F1: 0.0416 | Val Loss: 3.4605 Acc: 0.0000 F1: 0.0000 | Train Meta: Scaleμ:0.9792, Signal|S|μ:4.5622, Delta|S|μ:4.1694, Delta/Signal:91.39%, Gateμ:-0.2878, Gate0%:0.0, MetaNormμ:9.0479 | Val Meta: Scaleμ:0.9792, Signal|S|μ:4.2522, Delta|S|μ:3.8840, Delta/Signal:91.34%, Gateμ:-0.2878, Gate0%:0.0, MetaNormμ:9.0479
Epoch  31/50 | Train Loss: 2.7932 Acc: 0.1641 F1: 0.0528 | Val Loss: 3.4445 Acc: 0.0667 F1: 0.0171 | Train Meta: Scaleμ:0.9792, Signal|S|μ:4.0031, Delta|S|μ:3.6525, Delta/Signal:91.24%, Gateμ:-0.2878, Gate0%:0.0, MetaNormμ:9.0479 | Val Meta: Scaleμ:0.9792, Signal|S|μ:4.2522, Delta|S|μ:3.8840, Delta/Signal:91.34%, Gateμ:-0.2878, Gate0%:0.0, MetaNormμ:9.0479
Epoch  32/50 | Train Loss: 2.7805 Acc: 0.1562 F1: 0.0423 | Val Loss: 3.5003 Acc: 0.0667 F1: 0.0204 | Train Meta: Scaleμ:0.9792, Signal|S|μ:4.0862, Delta|S|μ:3.7243, Delta/Signal:91.14%, Gateμ:-0.2878, Gate0%:0.0, MetaNormμ:9.0479 | Val Meta: Scaleμ:0.9792, Signal|S|μ:4.2522, Delta|S|μ:3.8840, Delta/Signal:91.34%, Gateμ:-0.2878, Gate0%:0.0, MetaNormμ:9.0479
Epoch  33/50 | Train Loss: 2.7982 Acc: 0.1406 F1: 0.0540 | Val Loss: 3.4842 Acc: 0.0667 F1: 0.0179 | Train Meta: Scaleμ:0.9792, Signal|S|μ:4.0431, Delta|S|μ:3.6860, Delta/Signal:91.17%, Gateμ:-0.2878, Gate0%:0.0, MetaNormμ:9.0479 | Val Meta: Scaleμ:0.9792, Signal|S|μ:4.2522, Delta|S|μ:3.8840, Delta/Signal:91.34%, Gateμ:-0.2878, Gate0%:0.0, MetaNormμ:9.0479
Epoch  34/50 | Train Loss: 2.7945 Acc: 0.1719 F1: 0.0616 | Val Loss: 3.4796 Acc: 0.0667 F1: 0.0204 | Train Meta: Scaleμ:0.9792, Signal|S|μ:4.2608, Delta|S|μ:3.8874, Delta/Signal:91.24%, Gateμ:-0.2878, Gate0%:0.0, MetaNormμ:9.0479 | Val Meta: Scaleμ:0.9792, Signal|S|μ:4.2522, Delta|S|μ:3.8840, Delta/Signal:91.34%, Gateμ:-0.2878, Gate0%:0.0, MetaNormμ:9.0479
Epoch  35/50 | Train Loss: 2.7661 Acc: 0.1719 F1: 0.0721 | Val Loss: 3.4860 Acc: 0.0667 F1: 0.0167 | Train Meta: Scaleμ:0.9792, Signal|S|μ:4.1174, Delta|S|μ:3.7577, Delta/Signal:91.26%, Gateμ:-0.2878, Gate0%:0.0, MetaNormμ:9.0479 | Val Meta: Scaleμ:0.9792, Signal|S|μ:4.2522, Delta|S|μ:3.8840, Delta/Signal:91.34%, Gateμ:-0.2878, Gate0%:0.0, MetaNormμ:9.0479
Epoch  36/50 | Train Loss: 2.7545 Acc: 0.1484 F1: 0.0538 | Val Loss: 3.4619 Acc: 0.0667 F1: 0.0143 | Train Meta: Scaleμ:0.9792, Signal|S|μ:4.0096, Delta|S|μ:3.6553, Delta/Signal:91.16%, Gateμ:-0.2878, Gate0%:0.0, MetaNormμ:9.0479 | Val Meta: Scaleμ:0.9792, Signal|S|μ:4.2522, Delta|S|μ:3.8840, Delta/Signal:91.34%, Gateμ:-0.2878, Gate0%:0.0, MetaNormμ:9.0479
Epoch  37/50 | Train Loss: 2.7665 Acc: 0.1484 F1: 0.0513 | Val Loss: 3.5470 Acc: 0.0667 F1: 0.0167 | Train Meta: Scaleμ:0.9792, Signal|S|μ:4.4575, Delta|S|μ:4.0749, Delta/Signal:91.41%, Gateμ:-0.2878, Gate0%:0.0, MetaNormμ:9.0479 | Val Meta: Scaleμ:0.9792, Signal|S|μ:4.2522, Delta|S|μ:3.8840, Delta/Signal:91.34%, Gateμ:-0.2878, Gate0%:0.0, MetaNormμ:9.0479
Epoch  38/50 | Train Loss: 2.7332 Acc: 0.1797 F1: 0.0692 | Val Loss: 3.5190 Acc: 0.0667 F1: 0.0167 | Train Meta: Scaleμ:0.9792, Signal|S|μ:4.0134, Delta|S|μ:3.6617, Delta/Signal:91.23%, Gateμ:-0.2878, Gate0%:0.0, MetaNormμ:9.0479 | Val Meta: Scaleμ:0.9792, Signal|S|μ:4.2522, Delta|S|μ:3.8840, Delta/Signal:91.34%, Gateμ:-0.2878, Gate0%:0.0, MetaNormμ:9.0479
Epoch  39/50 | Train Loss: 2.7430 Acc: 0.1875 F1: 0.0865 | Val Loss: 3.4634 Acc: 0.1333 F1: 0.0595 | Train Meta: Scaleμ:0.9792, Signal|S|μ:4.4096, Delta|S|μ:4.0293, Delta/Signal:91.38%, Gateμ:-0.2878, Gate0%:0.0, MetaNormμ:9.0479 | Val Meta: Scaleμ:0.9792, Signal|S|μ:4.2522, Delta|S|μ:3.8840, Delta/Signal:91.34%, Gateμ:-0.2878, Gate0%:0.0, MetaNormμ:9.0479
Epoch  40/50 | Train Loss: 2.7387 Acc: 0.1875 F1: 0.0718 | Val Loss: 3.5166 Acc: 0.0667 F1: 0.0192 | Train Meta: Scaleμ:0.9792, Signal|S|μ:4.1429, Delta|S|μ:3.7806, Delta/Signal:91.25%, Gateμ:-0.2878, Gate0%:0.0, MetaNormμ:9.0479 | Val Meta: Scaleμ:0.9792, Signal|S|μ:4.2522, Delta|S|μ:3.8840, Delta/Signal:91.34%, Gateμ:-0.2878, Gate0%:0.0, MetaNormμ:9.0479
Epoch  41/50 | Train Loss: 2.7427 Acc: 0.1484 F1: 0.0514 | Val Loss: 3.4984 Acc: 0.0667 F1: 0.0148 | Train Meta: Scaleμ:0.9792, Signal|S|μ:3.7318, Delta|S|μ:3.4000, Delta/Signal:91.11%, Gateμ:-0.2878, Gate0%:0.0, MetaNormμ:9.0479 | Val Meta: Scaleμ:0.9792, Signal|S|μ:4.2522, Delta|S|μ:3.8840, Delta/Signal:91.34%, Gateμ:-0.2878, Gate0%:0.0, MetaNormμ:9.0479
Epoch  42/50 | Train Loss: 2.7363 Acc: 0.1641 F1: 0.0758 | Val Loss: 3.5122 Acc: 0.0667 F1: 0.0333 | Train Meta: Scaleμ:0.9792, Signal|S|μ:4.6838, Delta|S|μ:4.2831, Delta/Signal:91.44%, Gateμ:-0.2878, Gate0%:0.0, MetaNormμ:9.0479 | Val Meta: Scaleμ:0.9792, Signal|S|μ:4.2522, Delta|S|μ:3.8840, Delta/Signal:91.34%, Gateμ:-0.2878, Gate0%:0.0, MetaNormμ:9.0479
Epoch  43/50 | Train Loss: 2.7303 Acc: 0.1797 F1: 0.0771 | Val Loss: 3.5030 Acc: 0.0667 F1: 0.0130 | Train Meta: Scaleμ:0.9792, Signal|S|μ:4.0152, Delta|S|μ:3.6614, Delta/Signal:91.19%, Gateμ:-0.2878, Gate0%:0.0, MetaNormμ:9.0479 | Val Meta: Scaleμ:0.9792, Signal|S|μ:4.2522, Delta|S|μ:3.8840, Delta/Signal:91.34%, Gateμ:-0.2878, Gate0%:0.0, MetaNormμ:9.0479
Epoch  44/50 | Train Loss: 2.7209 Acc: 0.1797 F1: 0.0932 | Val Loss: 3.5369 Acc: 0.0667 F1: 0.0168 | Train Meta: Scaleμ:0.9792, Signal|S|μ:4.3606, Delta|S|μ:3.9819, Delta/Signal:91.32%, Gateμ:-0.2878, Gate0%:0.0, MetaNormμ:9.0479 | Val Meta: Scaleμ:0.9792, Signal|S|μ:4.2522, Delta|S|μ:3.8840, Delta/Signal:91.34%, Gateμ:-0.2878, Gate0%:0.0, MetaNormμ:9.0479
Epoch  45/50 | Train Loss: 2.7065 Acc: 0.1953 F1: 0.1152 | Val Loss: 3.5478 Acc: 0.0667 F1: 0.0333 | Train Meta: Scaleμ:0.9792, Signal|S|μ:4.1816, Delta|S|μ:3.8186, Delta/Signal:91.32%, Gateμ:-0.2878, Gate0%:0.0, MetaNormμ:9.0479 | Val Meta: Scaleμ:0.9792, Signal|S|μ:4.2522, Delta|S|μ:3.8840, Delta/Signal:91.34%, Gateμ:-0.2878, Gate0%:0.0, MetaNormμ:9.0479
Epoch  46/50 | Train Loss: 2.6845 Acc: 0.1641 F1: 0.0660 | Val Loss: 3.5282 Acc: 0.0667 F1: 0.0167 | Train Meta: Scaleμ:0.9792, Signal|S|μ:3.9983, Delta|S|μ:3.6485, Delta/Signal:91.25%, Gateμ:-0.2878, Gate0%:0.0, MetaNormμ:9.0479 | Val Meta: Scaleμ:0.9792, Signal|S|μ:4.2522, Delta|S|μ:3.8840, Delta/Signal:91.34%, Gateμ:-0.2878, Gate0%:0.0, MetaNormμ:9.0479
Epoch  47/50 | Train Loss: 2.7023 Acc: 0.1641 F1: 0.0797 | Val Loss: 3.5318 Acc: 0.0667 F1: 0.0159 | Train Meta: Scaleμ:0.9792, Signal|S|μ:4.0831, Delta|S|μ:3.7255, Delta/Signal:91.24%, Gateμ:-0.2878, Gate0%:0.0, MetaNormμ:9.0479 | Val Meta: Scaleμ:0.9792, Signal|S|μ:4.2522, Delta|S|μ:3.8840, Delta/Signal:91.34%, Gateμ:-0.2878, Gate0%:0.0, MetaNormμ:9.0479
Epoch  48/50 | Train Loss: 2.6802 Acc: 0.1719 F1: 0.0913 | Val Loss: 3.5421 Acc: 0.0667 F1: 0.0179 | Train Meta: Scaleμ:0.9792, Signal|S|μ:4.2322, Delta|S|μ:3.8593, Delta/Signal:91.19%, Gateμ:-0.2878, Gate0%:0.0, MetaNormμ:9.0479 | Val Meta: Scaleμ:0.9792, Signal|S|μ:4.2522, Delta|S|μ:3.8840, Delta/Signal:91.34%, Gateμ:-0.2878, Gate0%:0.0, MetaNormμ:9.0479
Epoch  49/50 | Train Loss: 2.6950 Acc: 0.1797 F1: 0.1020 | Val Loss: 3.5202 Acc: 0.0667 F1: 0.0208 | Train Meta: Scaleμ:0.9792, Signal|S|μ:4.3477, Delta|S|μ:3.9675, Delta/Signal:91.26%, Gateμ:-0.2878, Gate0%:0.0, MetaNormμ:9.0479 | Val Meta: Scaleμ:0.9792, Signal|S|μ:4.2522, Delta|S|μ:3.8840, Delta/Signal:91.34%, Gateμ:-0.2878, Gate0%:0.0, MetaNormμ:9.0479
Epoch  50/50 | Train Loss: 2.6726 Acc: 0.1953 F1: 0.1061 | Val Loss: 3.5851 Acc: 0.0667 F1: 0.0133 | Train Meta: Scaleμ:0.9792, Signal|S|μ:4.1651, Delta|S|μ:3.7985, Delta/Signal:91.20%, Gateμ:-0.2878, Gate0%:0.0, MetaNormμ:9.0479 | Val Meta: Scaleμ:0.9792, Signal|S|μ:4.2522, Delta|S|μ:3.8840, Delta/Signal:91.34%, Gateμ:-0.2878, Gate0%:0.0, MetaNormμ:9.0479

Classification Test Result (Handwriting)
Accuracy : 0.037647
F1 (macro): 0.002791
Saved attention maps for 3 sample(s) under ./runs/classification_electricity_to_Handwriting_laya_metadata_query_gate_text_stats_joint/attention_maps
Joint metadata preview | dataset=Heartbeat | domain=UEA | channels=61
   - channel_1: In the UEA domain, this channel belongs to the Heartbeat dataset and represents the feature channel 1. Channel statistics over the training split: mean value is 0.000, standard deviation is 1.000, minimum value is -0.307, maximum value is 47.531, median value is -0.149, and mean absolute value is 0.269.
/data/pjh_workspace/ts-env/lib/python3.8/site-packages/torch/nn/modules/transformer.py:307: UserWarning: enable_nested_tensor is True, but self.use_nested_tensor is False because encoder_layer.norm_first was True
  warnings.warn(f"enable_nested_tensor is True, but self.use_nested_tensor is False because {why_not_sparsity_fast_path}")
==================================================
🚀 Architecture: LAYA
📊 Target Dataset: Heartbeat (Channels: 61)
📊 Pretrain Info: electricity
📊 Classes: 2 | Sequence Length: 405
==================================================
✅ Loaded pretrained encoder from ./checkpoints/electricity_laya_metadata_query_gate_text_stats_joint/laya_ts_electricity_s_best.pt
   - 104/104 keys matched.
✅ Encoder is FROZEN (Linear Probing mode).
📝 metadata: mode=text_stats_joint, fusion=none, relation=metadata_query_gate
ℹ️  Metadata Fusion Mode: none
ℹ️  Channel Mixer Relation Mode: metadata_query_gate
ℹ️  Encoder Variant: default
ℹ️  Channel Adapter: disabled for Laya downstream (mixer)
ℹ️  Channel Relation Block: disabled
✅ ClassificationHead: [B, 256] → [B, 2]
Epoch   1/50 | Train Loss: 0.5601 Acc: 0.7159 F1: 0.4172 | Val Loss: 0.6076 Acc: 0.7000 F1: 0.4118 | Train Meta: Scaleμ:0.9792, Signal|S|μ:2.4194, Delta|S|μ:2.1218, Delta/Signal:87.70%, Gateμ:-0.4066, Gate0%:0.0, MetaNormμ:8.9829 | Val Meta: Scaleμ:0.9792, Signal|S|μ:2.7156, Delta|S|μ:2.3817, Delta/Signal:87.71%, Gateμ:-0.4066, Gate0%:0.0, MetaNormμ:8.9829
Validation Loss decreased (inf --> 0.607644). Saving best model...
Epoch   2/50 | Train Loss: 0.5611 Acc: 0.7216 F1: 0.4191 | Val Loss: 0.5986 Acc: 0.7000 F1: 0.4118 | Train Meta: Scaleμ:0.9792, Signal|S|μ:2.3456, Delta|S|μ:2.0578, Delta/Signal:87.73%, Gateμ:-0.4066, Gate0%:0.0, MetaNormμ:8.9829 | Val Meta: Scaleμ:0.9792, Signal|S|μ:2.7156, Delta|S|μ:2.3817, Delta/Signal:87.71%, Gateμ:-0.4066, Gate0%:0.0, MetaNormμ:8.9829
Validation Loss decreased (0.607644 --> 0.598564). Saving best model...
Epoch   3/50 | Train Loss: 0.5569 Acc: 0.7216 F1: 0.4191 | Val Loss: 0.5947 Acc: 0.7000 F1: 0.4118 | Train Meta: Scaleμ:0.9792, Signal|S|μ:6.2631, Delta|S|μ:5.4970, Delta/Signal:87.77%, Gateμ:-0.4066, Gate0%:0.0, MetaNormμ:8.9829 | Val Meta: Scaleμ:0.9792, Signal|S|μ:2.7156, Delta|S|μ:2.3817, Delta/Signal:87.71%, Gateμ:-0.4066, Gate0%:0.0, MetaNormμ:8.9829
Validation Loss decreased (0.598564 --> 0.594710). Saving best model...
Epoch   4/50 | Train Loss: 0.5322 Acc: 0.7443 F1: 0.4267 | Val Loss: 0.5728 Acc: 0.7000 F1: 0.4118 | Train Meta: Scaleμ:0.9792, Signal|S|μ:2.5985, Delta|S|μ:2.2768, Delta/Signal:87.62%, Gateμ:-0.4066, Gate0%:0.0, MetaNormμ:8.9829 | Val Meta: Scaleμ:0.9792, Signal|S|μ:2.7156, Delta|S|μ:2.3817, Delta/Signal:87.71%, Gateμ:-0.4066, Gate0%:0.0, MetaNormμ:8.9829
Validation Loss decreased (0.594710 --> 0.572772). Saving best model...
Epoch   5/50 | Train Loss: 0.5351 Acc: 0.7216 F1: 0.4191 | Val Loss: 0.5792 Acc: 0.7000 F1: 0.4118 | Train Meta: Scaleμ:0.9792, Signal|S|μ:2.0739, Delta|S|μ:1.8106, Delta/Signal:87.30%, Gateμ:-0.4066, Gate0%:0.0, MetaNormμ:8.9829 | Val Meta: Scaleμ:0.9792, Signal|S|μ:2.7156, Delta|S|μ:2.3817, Delta/Signal:87.71%, Gateμ:-0.4066, Gate0%:0.0, MetaNormμ:8.9829
Epoch   6/50 | Train Loss: 0.5228 Acc: 0.7273 F1: 0.4211 | Val Loss: 0.5629 Acc: 0.7000 F1: 0.4118 | Train Meta: Scaleμ:0.9792, Signal|S|μ:2.3046, Delta|S|μ:2.0206, Delta/Signal:87.68%, Gateμ:-0.4066, Gate0%:0.0, MetaNormμ:8.9829 | Val Meta: Scaleμ:0.9792, Signal|S|μ:2.7156, Delta|S|μ:2.3817, Delta/Signal:87.71%, Gateμ:-0.4066, Gate0%:0.0, MetaNormμ:8.9829
Validation Loss decreased (0.572772 --> 0.562856). Saving best model...
Epoch   7/50 | Train Loss: 0.5309 Acc: 0.7216 F1: 0.4191 | Val Loss: 0.5635 Acc: 0.7000 F1: 0.4118 | Train Meta: Scaleμ:0.9792, Signal|S|μ:6.2281, Delta|S|μ:5.4695, Delta/Signal:87.82%, Gateμ:-0.4066, Gate0%:0.0, MetaNormμ:8.9829 | Val Meta: Scaleμ:0.9792, Signal|S|μ:2.7156, Delta|S|μ:2.3817, Delta/Signal:87.71%, Gateμ:-0.4066, Gate0%:0.0, MetaNormμ:8.9829
Epoch   8/50 | Train Loss: 0.5334 Acc: 0.7159 F1: 0.4172 | Val Loss: 0.5579 Acc: 0.7000 F1: 0.4118 | Train Meta: Scaleμ:0.9792, Signal|S|μ:2.3433, Delta|S|μ:2.0509, Delta/Signal:87.52%, Gateμ:-0.4066, Gate0%:0.0, MetaNormμ:8.9829 | Val Meta: Scaleμ:0.9792, Signal|S|μ:2.7156, Delta|S|μ:2.3817, Delta/Signal:87.71%, Gateμ:-0.4066, Gate0%:0.0, MetaNormμ:8.9829
Validation Loss decreased (0.562856 --> 0.557915). Saving best model...
Epoch   9/50 | Train Loss: 0.5203 Acc: 0.7216 F1: 0.4558 | Val Loss: 0.5559 Acc: 0.7000 F1: 0.4118 | Train Meta: Scaleμ:0.9792, Signal|S|μ:2.0430, Delta|S|μ:1.7820, Delta/Signal:87.22%, Gateμ:-0.4066, Gate0%:0.0, MetaNormμ:8.9829 | Val Meta: Scaleμ:0.9792, Signal|S|μ:2.7156, Delta|S|μ:2.3817, Delta/Signal:87.71%, Gateμ:-0.4066, Gate0%:0.0, MetaNormμ:8.9829
Validation Loss decreased (0.557915 --> 0.555912). Saving best model...
Epoch  10/50 | Train Loss: 0.5207 Acc: 0.7216 F1: 0.4382 | Val Loss: 0.5471 Acc: 0.7000 F1: 0.4118 | Train Meta: Scaleμ:0.9792, Signal|S|μ:1.8750, Delta|S|μ:1.6370, Delta/Signal:87.30%, Gateμ:-0.4066, Gate0%:0.0, MetaNormμ:8.9829 | Val Meta: Scaleμ:0.9792, Signal|S|μ:2.7156, Delta|S|μ:2.3817, Delta/Signal:87.71%, Gateμ:-0.4066, Gate0%:0.0, MetaNormμ:8.9829
Validation Loss decreased (0.555912 --> 0.547097). Saving best model...
Epoch  11/50 | Train Loss: 0.5069 Acc: 0.7443 F1: 0.4841 | Val Loss: 0.5489 Acc: 0.7000 F1: 0.4118 | Train Meta: Scaleμ:0.9792, Signal|S|μ:2.4331, Delta|S|μ:2.1361, Delta/Signal:87.79%, Gateμ:-0.4066, Gate0%:0.0, MetaNormμ:8.9829 | Val Meta: Scaleμ:0.9792, Signal|S|μ:2.7156, Delta|S|μ:2.3817, Delta/Signal:87.71%, Gateμ:-0.4066, Gate0%:0.0, MetaNormμ:8.9829
Epoch  12/50 | Train Loss: 0.5071 Acc: 0.7443 F1: 0.4666 | Val Loss: 0.5425 Acc: 0.7000 F1: 0.4118 | Train Meta: Scaleμ:0.9792, Signal|S|μ:2.1363, Delta|S|μ:1.8662, Delta/Signal:87.36%, Gateμ:-0.4066, Gate0%:0.0, MetaNormμ:8.9829 | Val Meta: Scaleμ:0.9792, Signal|S|μ:2.7156, Delta|S|μ:2.3817, Delta/Signal:87.71%, Gateμ:-0.4066, Gate0%:0.0, MetaNormμ:8.9829
Validation Loss decreased (0.547097 --> 0.542458). Saving best model...
Epoch  13/50 | Train Loss: 0.5153 Acc: 0.7386 F1: 0.5116 | Val Loss: 0.5431 Acc: 0.7000 F1: 0.4118 | Train Meta: Scaleμ:0.9792, Signal|S|μ:2.5012, Delta|S|μ:2.1908, Delta/Signal:87.59%, Gateμ:-0.4066, Gate0%:0.0, MetaNormμ:8.9829 | Val Meta: Scaleμ:0.9792, Signal|S|μ:2.7156, Delta|S|μ:2.3817, Delta/Signal:87.71%, Gateμ:-0.4066, Gate0%:0.0, MetaNormμ:8.9829
Epoch  14/50 | Train Loss: 0.5174 Acc: 0.7386 F1: 0.5116 | Val Loss: 0.5410 Acc: 0.7000 F1: 0.4118 | Train Meta: Scaleμ:0.9792, Signal|S|μ:6.9240, Delta|S|μ:6.0822, Delta/Signal:87.84%, Gateμ:-0.4066, Gate0%:0.0, MetaNormμ:8.9829 | Val Meta: Scaleμ:0.9792, Signal|S|μ:2.7156, Delta|S|μ:2.3817, Delta/Signal:87.71%, Gateμ:-0.4066, Gate0%:0.0, MetaNormμ:8.9829
Validation Loss decreased (0.542458 --> 0.541004). Saving best model...
Epoch  15/50 | Train Loss: 0.4996 Acc: 0.7557 F1: 0.5499 | Val Loss: 0.5362 Acc: 0.7000 F1: 0.4118 | Train Meta: Scaleμ:0.9792, Signal|S|μ:1.9559, Delta|S|μ:1.7077, Delta/Signal:87.31%, Gateμ:-0.4066, Gate0%:0.0, MetaNormμ:8.9829 | Val Meta: Scaleμ:0.9792, Signal|S|μ:2.7156, Delta|S|μ:2.3817, Delta/Signal:87.71%, Gateμ:-0.4066, Gate0%:0.0, MetaNormμ:8.9829
Validation Loss decreased (0.541004 --> 0.536218). Saving best model...
Epoch  16/50 | Train Loss: 0.5118 Acc: 0.7330 F1: 0.5215 | Val Loss: 0.5323 Acc: 0.6500 F1: 0.3939 | Train Meta: Scaleμ:0.9792, Signal|S|μ:2.1086, Delta|S|μ:1.8391, Delta/Signal:87.22%, Gateμ:-0.4066, Gate0%:0.0, MetaNormμ:8.9829 | Val Meta: Scaleμ:0.9792, Signal|S|μ:2.7156, Delta|S|μ:2.3817, Delta/Signal:87.71%, Gateμ:-0.4066, Gate0%:0.0, MetaNormμ:8.9829
Validation Loss decreased (0.536218 --> 0.532269). Saving best model...
Epoch  17/50 | Train Loss: 0.5103 Acc: 0.7443 F1: 0.5419 | Val Loss: 0.5351 Acc: 0.7000 F1: 0.4118 | Train Meta: Scaleμ:0.9792, Signal|S|μ:2.4006, Delta|S|μ:2.1019, Delta/Signal:87.56%, Gateμ:-0.4066, Gate0%:0.0, MetaNormμ:8.9829 | Val Meta: Scaleμ:0.9792, Signal|S|μ:2.7156, Delta|S|μ:2.3817, Delta/Signal:87.71%, Gateμ:-0.4066, Gate0%:0.0, MetaNormμ:8.9829
Epoch  18/50 | Train Loss: 0.5102 Acc: 0.7557 F1: 0.5943 | Val Loss: 0.5335 Acc: 0.7000 F1: 0.4118 | Train Meta: Scaleμ:0.9792, Signal|S|μ:2.2776, Delta|S|μ:1.9930, Delta/Signal:87.50%, Gateμ:-0.4066, Gate0%:0.0, MetaNormμ:8.9829 | Val Meta: Scaleμ:0.9792, Signal|S|μ:2.7156, Delta|S|μ:2.3817, Delta/Signal:87.71%, Gateμ:-0.4066, Gate0%:0.0, MetaNormμ:8.9829
Epoch  19/50 | Train Loss: 0.4959 Acc: 0.7443 F1: 0.5152 | Val Loss: 0.5335 Acc: 0.7000 F1: 0.4118 | Train Meta: Scaleμ:0.9792, Signal|S|μ:2.0615, Delta|S|μ:1.8047, Delta/Signal:87.54%, Gateμ:-0.4066, Gate0%:0.0, MetaNormμ:8.9829 | Val Meta: Scaleμ:0.9792, Signal|S|μ:2.7156, Delta|S|μ:2.3817, Delta/Signal:87.71%, Gateμ:-0.4066, Gate0%:0.0, MetaNormμ:8.9829
Epoch  20/50 | Train Loss: 0.5066 Acc: 0.7500 F1: 0.5459 | Val Loss: 0.5295 Acc: 0.7000 F1: 0.4118 | Train Meta: Scaleμ:0.9792, Signal|S|μ:2.3823, Delta|S|μ:2.0849, Delta/Signal:87.52%, Gateμ:-0.4066, Gate0%:0.0, MetaNormμ:8.9829 | Val Meta: Scaleμ:0.9792, Signal|S|μ:2.7156, Delta|S|μ:2.3817, Delta/Signal:87.71%, Gateμ:-0.4066, Gate0%:0.0, MetaNormμ:8.9829
Validation Loss decreased (0.532269 --> 0.529544). Saving best model...
Epoch  21/50 | Train Loss: 0.4697 Acc: 0.7670 F1: 0.5709 | Val Loss: 0.5362 Acc: 0.7000 F1: 0.4118 | Train Meta: Scaleμ:0.9792, Signal|S|μ:2.1747, Delta|S|μ:1.9051, Delta/Signal:87.61%, Gateμ:-0.4066, Gate0%:0.0, MetaNormμ:8.9829 | Val Meta: Scaleμ:0.9792, Signal|S|μ:2.7156, Delta|S|μ:2.3817, Delta/Signal:87.71%, Gateμ:-0.4066, Gate0%:0.0, MetaNormμ:8.9829
Epoch  22/50 | Train Loss: 0.4734 Acc: 0.7614 F1: 0.5541 | Val Loss: 0.5228 Acc: 0.6500 F1: 0.3939 | Train Meta: Scaleμ:0.9792, Signal|S|μ:5.8167, Delta|S|μ:5.1334, Delta/Signal:88.25%, Gateμ:-0.4066, Gate0%:0.0, MetaNormμ:8.9829 | Val Meta: Scaleμ:0.9792, Signal|S|μ:2.7156, Delta|S|μ:2.3817, Delta/Signal:87.71%, Gateμ:-0.4066, Gate0%:0.0, MetaNormμ:8.9829
Validation Loss decreased (0.529544 --> 0.522826). Saving best model...
Epoch  23/50 | Train Loss: 0.4886 Acc: 0.7557 F1: 0.5622 | Val Loss: 0.5265 Acc: 0.7000 F1: 0.4118 | Train Meta: Scaleμ:0.9792, Signal|S|μ:5.4305, Delta|S|μ:4.7971, Delta/Signal:88.34%, Gateμ:-0.4066, Gate0%:0.0, MetaNormμ:8.9829 | Val Meta: Scaleμ:0.9792, Signal|S|μ:2.7156, Delta|S|μ:2.3817, Delta/Signal:87.71%, Gateμ:-0.4066, Gate0%:0.0, MetaNormμ:8.9829
Epoch  24/50 | Train Loss: 0.4836 Acc: 0.7614 F1: 0.5781 | Val Loss: 0.5198 Acc: 0.6500 F1: 0.3939 | Train Meta: Scaleμ:0.9792, Signal|S|μ:6.4020, Delta|S|μ:5.6155, Delta/Signal:87.71%, Gateμ:-0.4066, Gate0%:0.0, MetaNormμ:8.9829 | Val Meta: Scaleμ:0.9792, Signal|S|μ:2.7156, Delta|S|μ:2.3817, Delta/Signal:87.71%, Gateμ:-0.4066, Gate0%:0.0, MetaNormμ:8.9829
Validation Loss decreased (0.522826 --> 0.519779). Saving best model...
Epoch  25/50 | Train Loss: 0.5026 Acc: 0.7443 F1: 0.5419 | Val Loss: 0.5192 Acc: 0.6500 F1: 0.3939 | Train Meta: Scaleμ:0.9792, Signal|S|μ:2.3892, Delta|S|μ:2.0950, Delta/Signal:87.69%, Gateμ:-0.4066, Gate0%:0.0, MetaNormμ:8.9829 | Val Meta: Scaleμ:0.9792, Signal|S|μ:2.7156, Delta|S|μ:2.3817, Delta/Signal:87.71%, Gateμ:-0.4066, Gate0%:0.0, MetaNormμ:8.9829
Validation Loss decreased (0.519779 --> 0.519185). Saving best model...
Epoch  26/50 | Train Loss: 0.5083 Acc: 0.7443 F1: 0.6565 | Val Loss: 0.5241 Acc: 0.7000 F1: 0.4118 | Train Meta: Scaleμ:0.9792, Signal|S|μ:2.2505, Delta|S|μ:1.9719, Delta/Signal:87.62%, Gateμ:-0.4066, Gate0%:0.0, MetaNormμ:8.9829 | Val Meta: Scaleμ:0.9792, Signal|S|μ:2.7156, Delta|S|μ:2.3817, Delta/Signal:87.71%, Gateμ:-0.4066, Gate0%:0.0, MetaNormμ:8.9829
Epoch  27/50 | Train Loss: 0.4940 Acc: 0.7614 F1: 0.5406 | Val Loss: 0.5180 Acc: 0.6500 F1: 0.3939 | Train Meta: Scaleμ:0.9792, Signal|S|μ:2.3242, Delta|S|μ:2.0329, Delta/Signal:87.47%, Gateμ:-0.4066, Gate0%:0.0, MetaNormμ:8.9829 | Val Meta: Scaleμ:0.9792, Signal|S|μ:2.7156, Delta|S|μ:2.3817, Delta/Signal:87.71%, Gateμ:-0.4066, Gate0%:0.0, MetaNormμ:8.9829
Validation Loss decreased (0.519185 --> 0.518044). Saving best model...
Epoch  28/50 | Train Loss: 0.4875 Acc: 0.7557 F1: 0.5943 | Val Loss: 0.5168 Acc: 0.6500 F1: 0.3939 | Train Meta: Scaleμ:0.9792, Signal|S|μ:2.5528, Delta|S|μ:2.2352, Delta/Signal:87.56%, Gateμ:-0.4066, Gate0%:0.0, MetaNormμ:8.9829 | Val Meta: Scaleμ:0.9792, Signal|S|μ:2.7156, Delta|S|μ:2.3817, Delta/Signal:87.71%, Gateμ:-0.4066, Gate0%:0.0, MetaNormμ:8.9829
Validation Loss decreased (0.518044 --> 0.516808). Saving best model...
Epoch  29/50 | Train Loss: 0.5088 Acc: 0.7500 F1: 0.6159 | Val Loss: 0.5258 Acc: 0.7000 F1: 0.4118 | Train Meta: Scaleμ:0.9792, Signal|S|μ:6.1050, Delta|S|μ:5.3559, Delta/Signal:87.73%, Gateμ:-0.4066, Gate0%:0.0, MetaNormμ:8.9829 | Val Meta: Scaleμ:0.9792, Signal|S|μ:2.7156, Delta|S|μ:2.3817, Delta/Signal:87.71%, Gateμ:-0.4066, Gate0%:0.0, MetaNormμ:8.9829
Epoch  30/50 | Train Loss: 0.4813 Acc: 0.7443 F1: 0.5290 | Val Loss: 0.5141 Acc: 0.6500 F1: 0.3939 | Train Meta: Scaleμ:0.9792, Signal|S|μ:2.1872, Delta|S|μ:1.9069, Delta/Signal:87.19%, Gateμ:-0.4066, Gate0%:0.0, MetaNormμ:8.9829 | Val Meta: Scaleμ:0.9792, Signal|S|μ:2.7156, Delta|S|μ:2.3817, Delta/Signal:87.71%, Gateμ:-0.4066, Gate0%:0.0, MetaNormμ:8.9829
Validation Loss decreased (0.516808 --> 0.514084). Saving best model...
Epoch  31/50 | Train Loss: 0.4960 Acc: 0.7727 F1: 0.6355 | Val Loss: 0.5214 Acc: 0.7000 F1: 0.4118 | Train Meta: Scaleμ:0.9792, Signal|S|μ:2.4806, Delta|S|μ:2.1719, Delta/Signal:87.56%, Gateμ:-0.4066, Gate0%:0.0, MetaNormμ:8.9829 | Val Meta: Scaleμ:0.9792, Signal|S|μ:2.7156, Delta|S|μ:2.3817, Delta/Signal:87.71%, Gateμ:-0.4066, Gate0%:0.0, MetaNormμ:8.9829
Epoch  32/50 | Train Loss: 0.4946 Acc: 0.7500 F1: 0.5990 | Val Loss: 0.5144 Acc: 0.6500 F1: 0.3939 | Train Meta: Scaleμ:0.9792, Signal|S|μ:2.5230, Delta|S|μ:2.2060, Delta/Signal:87.43%, Gateμ:-0.4066, Gate0%:0.0, MetaNormμ:8.9829 | Val Meta: Scaleμ:0.9792, Signal|S|μ:2.7156, Delta|S|μ:2.3817, Delta/Signal:87.71%, Gateμ:-0.4066, Gate0%:0.0, MetaNormμ:8.9829
Epoch  33/50 | Train Loss: 0.4849 Acc: 0.7500 F1: 0.5897 | Val Loss: 0.5238 Acc: 0.7000 F1: 0.4118 | Train Meta: Scaleμ:0.9792, Signal|S|μ:2.3912, Delta|S|μ:2.0919, Delta/Signal:87.49%, Gateμ:-0.4066, Gate0%:0.0, MetaNormμ:8.9829 | Val Meta: Scaleμ:0.9792, Signal|S|μ:2.7156, Delta|S|μ:2.3817, Delta/Signal:87.71%, Gateμ:-0.4066, Gate0%:0.0, MetaNormμ:8.9829
Epoch  34/50 | Train Loss: 0.5013 Acc: 0.7443 F1: 0.6188 | Val Loss: 0.5116 Acc: 0.6500 F1: 0.3939 | Train Meta: Scaleμ:0.9792, Signal|S|μ:2.1998, Delta|S|μ:1.9237, Delta/Signal:87.45%, Gateμ:-0.4066, Gate0%:0.0, MetaNormμ:8.9829 | Val Meta: Scaleμ:0.9792, Signal|S|μ:2.7156, Delta|S|μ:2.3817, Delta/Signal:87.71%, Gateμ:-0.4066, Gate0%:0.0, MetaNormμ:8.9829
Validation Loss decreased (0.514084 --> 0.511626). Saving best model...
Epoch  35/50 | Train Loss: 0.5021 Acc: 0.7216 F1: 0.5677 | Val Loss: 0.5312 Acc: 0.7000 F1: 0.4118 | Train Meta: Scaleμ:0.9792, Signal|S|μ:6.5523, Delta|S|μ:5.7525, Delta/Signal:87.79%, Gateμ:-0.4066, Gate0%:0.0, MetaNormμ:8.9829 | Val Meta: Scaleμ:0.9792, Signal|S|μ:2.7156, Delta|S|μ:2.3817, Delta/Signal:87.71%, Gateμ:-0.4066, Gate0%:0.0, MetaNormμ:8.9829
Epoch  36/50 | Train Loss: 0.5095 Acc: 0.7386 F1: 0.5808 | Val Loss: 0.5133 Acc: 0.6500 F1: 0.3939 | Train Meta: Scaleμ:0.9792, Signal|S|μ:5.4166, Delta|S|μ:4.7794, Delta/Signal:88.24%, Gateμ:-0.4066, Gate0%:0.0, MetaNormμ:8.9829 | Val Meta: Scaleμ:0.9792, Signal|S|μ:2.7156, Delta|S|μ:2.3817, Delta/Signal:87.71%, Gateμ:-0.4066, Gate0%:0.0, MetaNormμ:8.9829
Epoch  37/50 | Train Loss: 0.4761 Acc: 0.7557 F1: 0.6037 | Val Loss: 0.5166 Acc: 0.6500 F1: 0.3939 | Train Meta: Scaleμ:0.9792, Signal|S|μ:2.1597, Delta|S|μ:1.8911, Delta/Signal:87.56%, Gateμ:-0.4066, Gate0%:0.0, MetaNormμ:8.9829 | Val Meta: Scaleμ:0.9792, Signal|S|μ:2.7156, Delta|S|μ:2.3817, Delta/Signal:87.71%, Gateμ:-0.4066, Gate0%:0.0, MetaNormμ:8.9829
Epoch  38/50 | Train Loss: 0.4927 Acc: 0.7386 F1: 0.6065 | Val Loss: 0.5092 Acc: 0.7000 F1: 0.5312 | Train Meta: Scaleμ:0.9792, Signal|S|μ:2.6291, Delta|S|μ:2.3043, Delta/Signal:87.64%, Gateμ:-0.4066, Gate0%:0.0, MetaNormμ:8.9829 | Val Meta: Scaleμ:0.9792, Signal|S|μ:2.7156, Delta|S|μ:2.3817, Delta/Signal:87.71%, Gateμ:-0.4066, Gate0%:0.0, MetaNormμ:8.9829
Validation Loss decreased (0.511626 --> 0.509211). Saving best model...
Epoch  39/50 | Train Loss: 0.4924 Acc: 0.7386 F1: 0.5984 | Val Loss: 0.5166 Acc: 0.6500 F1: 0.3939 | Train Meta: Scaleμ:0.9792, Signal|S|μ:2.3898, Delta|S|μ:2.0954, Delta/Signal:87.68%, Gateμ:-0.4066, Gate0%:0.0, MetaNormμ:8.9829 | Val Meta: Scaleμ:0.9792, Signal|S|μ:2.7156, Delta|S|μ:2.3817, Delta/Signal:87.71%, Gateμ:-0.4066, Gate0%:0.0, MetaNormμ:8.9829
Epoch  40/50 | Train Loss: 0.4861 Acc: 0.7670 F1: 0.6037 | Val Loss: 0.5081 Acc: 0.6500 F1: 0.3939 | Train Meta: Scaleμ:0.9792, Signal|S|μ:2.4998, Delta|S|μ:2.1899, Delta/Signal:87.60%, Gateμ:-0.4066, Gate0%:0.0, MetaNormμ:8.9829 | Val Meta: Scaleμ:0.9792, Signal|S|μ:2.7156, Delta|S|μ:2.3817, Delta/Signal:87.71%, Gateμ:-0.4066, Gate0%:0.0, MetaNormμ:8.9829
Validation Loss decreased (0.509211 --> 0.508083). Saving best model...
Epoch  41/50 | Train Loss: 0.4896 Acc: 0.7500 F1: 0.6308 | Val Loss: 0.5111 Acc: 0.6500 F1: 0.3939 | Train Meta: Scaleμ:0.9792, Signal|S|μ:5.4445, Delta|S|μ:4.8014, Delta/Signal:88.19%, Gateμ:-0.4066, Gate0%:0.0, MetaNormμ:8.9829 | Val Meta: Scaleμ:0.9792, Signal|S|μ:2.7156, Delta|S|μ:2.3817, Delta/Signal:87.71%, Gateμ:-0.4066, Gate0%:0.0, MetaNormμ:8.9829
Epoch  42/50 | Train Loss: 0.4801 Acc: 0.7670 F1: 0.6037 | Val Loss: 0.5130 Acc: 0.6500 F1: 0.3939 | Train Meta: Scaleμ:0.9792, Signal|S|μ:5.0053, Delta|S|μ:4.4085, Delta/Signal:88.08%, Gateμ:-0.4066, Gate0%:0.0, MetaNormμ:8.9829 | Val Meta: Scaleμ:0.9792, Signal|S|μ:2.7156, Delta|S|μ:2.3817, Delta/Signal:87.71%, Gateμ:-0.4066, Gate0%:0.0, MetaNormμ:8.9829
Epoch  43/50 | Train Loss: 0.4881 Acc: 0.7443 F1: 0.6188 | Val Loss: 0.5075 Acc: 0.6500 F1: 0.3939 | Train Meta: Scaleμ:0.9792, Signal|S|μ:2.3741, Delta|S|μ:2.0791, Delta/Signal:87.58%, Gateμ:-0.4066, Gate0%:0.0, MetaNormμ:8.9829 | Val Meta: Scaleμ:0.9792, Signal|S|μ:2.7156, Delta|S|μ:2.3817, Delta/Signal:87.71%, Gateμ:-0.4066, Gate0%:0.0, MetaNormμ:8.9829
Validation Loss decreased (0.508083 --> 0.507496). Saving best model...
Epoch  44/50 | Train Loss: 0.4907 Acc: 0.7614 F1: 0.5889 | Val Loss: 0.5106 Acc: 0.6500 F1: 0.3939 | Train Meta: Scaleμ:0.9792, Signal|S|μ:2.1144, Delta|S|μ:1.8528, Delta/Signal:87.63%, Gateμ:-0.4066, Gate0%:0.0, MetaNormμ:8.9829 | Val Meta: Scaleμ:0.9792, Signal|S|μ:2.7156, Delta|S|μ:2.3817, Delta/Signal:87.71%, Gateμ:-0.4066, Gate0%:0.0, MetaNormμ:8.9829
Epoch  45/50 | Train Loss: 0.4952 Acc: 0.7443 F1: 0.6111 | Val Loss: 0.5088 Acc: 0.6500 F1: 0.3939 | Train Meta: Scaleμ:0.9792, Signal|S|μ:5.0106, Delta|S|μ:4.4198, Delta/Signal:88.21%, Gateμ:-0.4066, Gate0%:0.0, MetaNormμ:8.9829 | Val Meta: Scaleμ:0.9792, Signal|S|μ:2.7156, Delta|S|μ:2.3817, Delta/Signal:87.71%, Gateμ:-0.4066, Gate0%:0.0, MetaNormμ:8.9829
Epoch  46/50 | Train Loss: 0.4897 Acc: 0.7500 F1: 0.6236 | Val Loss: 0.5048 Acc: 0.6500 F1: 0.3939 | Train Meta: Scaleμ:0.9792, Signal|S|μ:2.3224, Delta|S|μ:2.0295, Delta/Signal:87.39%, Gateμ:-0.4066, Gate0%:0.0, MetaNormμ:8.9829 | Val Meta: Scaleμ:0.9792, Signal|S|μ:2.7156, Delta|S|μ:2.3817, Delta/Signal:87.71%, Gateμ:-0.4066, Gate0%:0.0, MetaNormμ:8.9829
Validation Loss decreased (0.507496 --> 0.504784). Saving best model...
Epoch  47/50 | Train Loss: 0.5027 Acc: 0.7330 F1: 0.5854 | Val Loss: 0.5031 Acc: 0.6500 F1: 0.3939 | Train Meta: Scaleμ:0.9792, Signal|S|μ:1.9301, Delta|S|μ:1.6854, Delta/Signal:87.32%, Gateμ:-0.4066, Gate0%:0.0, MetaNormμ:8.9829 | Val Meta: Scaleμ:0.9792, Signal|S|μ:2.7156, Delta|S|μ:2.3817, Delta/Signal:87.71%, Gateμ:-0.4066, Gate0%:0.0, MetaNormμ:8.9829
Validation Loss decreased (0.504784 --> 0.503083). Saving best model...
Epoch  48/50 | Train Loss: 0.4855 Acc: 0.7500 F1: 0.6441 | Val Loss: 0.5172 Acc: 0.7000 F1: 0.4118 | Train Meta: Scaleμ:0.9792, Signal|S|μ:6.0369, Delta|S|μ:5.2980, Delta/Signal:87.76%, Gateμ:-0.4066, Gate0%:0.0, MetaNormμ:8.9829 | Val Meta: Scaleμ:0.9792, Signal|S|μ:2.7156, Delta|S|μ:2.3817, Delta/Signal:87.71%, Gateμ:-0.4066, Gate0%:0.0, MetaNormμ:8.9829
Epoch  49/50 | Train Loss: 0.4919 Acc: 0.7670 F1: 0.6037 | Val Loss: 0.5028 Acc: 0.7000 F1: 0.5312 | Train Meta: Scaleμ:0.9792, Signal|S|μ:2.7128, Delta|S|μ:2.3783, Delta/Signal:87.67%, Gateμ:-0.4066, Gate0%:0.0, MetaNormμ:8.9829 | Val Meta: Scaleμ:0.9792, Signal|S|μ:2.7156, Delta|S|μ:2.3817, Delta/Signal:87.71%, Gateμ:-0.4066, Gate0%:0.0, MetaNormμ:8.9829
Validation Loss decreased (0.503083 --> 0.502752). Saving best model...
Epoch  50/50 | Train Loss: 0.4751 Acc: 0.7614 F1: 0.6541 | Val Loss: 0.5061 Acc: 0.6500 F1: 0.3939 | Train Meta: Scaleμ:0.9792, Signal|S|μ:4.9535, Delta|S|μ:4.3666, Delta/Signal:88.15%, Gateμ:-0.4066, Gate0%:0.0, MetaNormμ:8.9829 | Val Meta: Scaleμ:0.9792, Signal|S|μ:2.7156, Delta|S|μ:2.3817, Delta/Signal:87.71%, Gateμ:-0.4066, Gate0%:0.0, MetaNormμ:8.9829

Classification Test Result (Heartbeat)
Accuracy : 0.765854
F1 (macro): 0.652739
Saved attention maps for 3 sample(s) under ./runs/classification_electricity_to_Heartbeat_laya_metadata_query_gate_text_stats_joint/attention_maps
Joint metadata preview | dataset=JapaneseVowels | domain=UEA | channels=12
   - channel_1: In the UEA domain, this channel belongs to the JapaneseVowels dataset and represents the feature channel 1. Channel statistics over the training split: mean value is 0.000, standard deviation is 1.000, minimum value is -2.301, maximum value is 2.921, median value is -0.282, and mean absolute value is 0.896.
/data/pjh_workspace/ts-env/lib/python3.8/site-packages/torch/nn/modules/transformer.py:307: UserWarning: enable_nested_tensor is True, but self.use_nested_tensor is False because encoder_layer.norm_first was True
  warnings.warn(f"enable_nested_tensor is True, but self.use_nested_tensor is False because {why_not_sparsity_fast_path}")
==================================================
🚀 Architecture: LAYA
📊 Target Dataset: JapaneseVowels (Channels: 12)
📊 Pretrain Info: electricity
📊 Classes: 9 | Sequence Length: 26
==================================================
✅ Loaded pretrained encoder from ./checkpoints/electricity_laya_metadata_query_gate_text_stats_joint/laya_ts_electricity_s_best.pt
   - 104/104 keys matched.
✅ Encoder is FROZEN (Linear Probing mode).
📝 metadata: mode=text_stats_joint, fusion=none, relation=metadata_query_gate
ℹ️  Metadata Fusion Mode: none
ℹ️  Channel Mixer Relation Mode: metadata_query_gate
ℹ️  Encoder Variant: default
ℹ️  Channel Adapter: disabled for Laya downstream (mixer)
ℹ️  Channel Relation Block: disabled
✅ ClassificationHead: [B, 256] → [B, 9]
Epoch   1/50 | Train Loss: 2.2790 Acc: 0.0917 F1: 0.0584 | Val Loss: 2.3614 Acc: 0.0370 F1: 0.0082 | Train Meta: Scaleμ:0.9792, Signal|S|μ:7.0307, Delta|S|μ:6.4266, Delta/Signal:91.41%, Gateμ:-0.2910, Gate0%:0.0, MetaNormμ:8.9142 | Val Meta: Scaleμ:0.9792, Signal|S|μ:7.1289, Delta|S|μ:6.5273, Delta/Signal:91.56%, Gateμ:-0.2910, Gate0%:0.0, MetaNormμ:8.9142
Validation Loss decreased (inf --> 2.361412). Saving best model...
Epoch   2/50 | Train Loss: 2.1908 Acc: 0.1292 F1: 0.0636 | Val Loss: 2.2103 Acc: 0.0741 F1: 0.0165 | Train Meta: Scaleμ:0.9792, Signal|S|μ:7.2487, Delta|S|μ:6.6285, Delta/Signal:91.44%, Gateμ:-0.2910, Gate0%:0.0, MetaNormμ:8.9142 | Val Meta: Scaleμ:0.9792, Signal|S|μ:7.1289, Delta|S|μ:6.5273, Delta/Signal:91.56%, Gateμ:-0.2910, Gate0%:0.0, MetaNormμ:8.9142
Validation Loss decreased (2.361412 --> 2.210277). Saving best model...
Epoch   3/50 | Train Loss: 2.1726 Acc: 0.1333 F1: 0.0835 | Val Loss: 2.1740 Acc: 0.1481 F1: 0.0646 | Train Meta: Scaleμ:0.9792, Signal|S|μ:7.4412, Delta|S|μ:6.8107, Delta/Signal:91.53%, Gateμ:-0.2910, Gate0%:0.0, MetaNormμ:8.9142 | Val Meta: Scaleμ:0.9792, Signal|S|μ:7.1289, Delta|S|μ:6.5273, Delta/Signal:91.56%, Gateμ:-0.2910, Gate0%:0.0, MetaNormμ:8.9142
Validation Loss decreased (2.210277 --> 2.174023). Saving best model...
Epoch   4/50 | Train Loss: 2.1358 Acc: 0.2333 F1: 0.1675 | Val Loss: 2.2014 Acc: 0.2963 F1: 0.2277 | Train Meta: Scaleμ:0.9792, Signal|S|μ:6.8222, Delta|S|μ:6.2336, Delta/Signal:91.37%, Gateμ:-0.2910, Gate0%:0.0, MetaNormμ:8.9142 | Val Meta: Scaleμ:0.9792, Signal|S|μ:7.1289, Delta|S|μ:6.5273, Delta/Signal:91.56%, Gateμ:-0.2910, Gate0%:0.0, MetaNormμ:8.9142
Epoch   5/50 | Train Loss: 2.1059 Acc: 0.2417 F1: 0.1776 | Val Loss: 2.1181 Acc: 0.1852 F1: 0.1427 | Train Meta: Scaleμ:0.9792, Signal|S|μ:6.8525, Delta|S|μ:6.2681, Delta/Signal:91.47%, Gateμ:-0.2910, Gate0%:0.0, MetaNormμ:8.9142 | Val Meta: Scaleμ:0.9792, Signal|S|μ:7.1289, Delta|S|μ:6.5273, Delta/Signal:91.56%, Gateμ:-0.2910, Gate0%:0.0, MetaNormμ:8.9142
Validation Loss decreased (2.174023 --> 2.118068). Saving best model...
Epoch   6/50 | Train Loss: 2.1035 Acc: 0.2208 F1: 0.1444 | Val Loss: 2.1448 Acc: 0.2222 F1: 0.1329 | Train Meta: Scaleμ:0.9792, Signal|S|μ:7.1183, Delta|S|μ:6.5210, Delta/Signal:91.61%, Gateμ:-0.2910, Gate0%:0.0, MetaNormμ:8.9142 | Val Meta: Scaleμ:0.9792, Signal|S|μ:7.1289, Delta|S|μ:6.5273, Delta/Signal:91.56%, Gateμ:-0.2910, Gate0%:0.0, MetaNormμ:8.9142
Epoch   7/50 | Train Loss: 2.0664 Acc: 0.2083 F1: 0.1367 | Val Loss: 2.0703 Acc: 0.2222 F1: 0.1367 | Train Meta: Scaleμ:0.9792, Signal|S|μ:7.6865, Delta|S|μ:7.0399, Delta/Signal:91.59%, Gateμ:-0.2910, Gate0%:0.0, MetaNormμ:8.9142 | Val Meta: Scaleμ:0.9792, Signal|S|μ:7.1289, Delta|S|μ:6.5273, Delta/Signal:91.56%, Gateμ:-0.2910, Gate0%:0.0, MetaNormμ:8.9142
Validation Loss decreased (2.118068 --> 2.070262). Saving best model...
Epoch   8/50 | Train Loss: 2.0415 Acc: 0.2708 F1: 0.2202 | Val Loss: 2.1204 Acc: 0.2593 F1: 0.2190 | Train Meta: Scaleμ:0.9792, Signal|S|μ:7.4294, Delta|S|μ:6.8010, Delta/Signal:91.54%, Gateμ:-0.2910, Gate0%:0.0, MetaNormμ:8.9142 | Val Meta: Scaleμ:0.9792, Signal|S|μ:7.1289, Delta|S|μ:6.5273, Delta/Signal:91.56%, Gateμ:-0.2910, Gate0%:0.0, MetaNormμ:8.9142
Epoch   9/50 | Train Loss: 2.0290 Acc: 0.2458 F1: 0.2014 | Val Loss: 2.0704 Acc: 0.1852 F1: 0.1421 | Train Meta: Scaleμ:0.9792, Signal|S|μ:6.9210, Delta|S|μ:6.3339, Delta/Signal:91.52%, Gateμ:-0.2910, Gate0%:0.0, MetaNormμ:8.9142 | Val Meta: Scaleμ:0.9792, Signal|S|μ:7.1289, Delta|S|μ:6.5273, Delta/Signal:91.56%, Gateμ:-0.2910, Gate0%:0.0, MetaNormμ:8.9142
Epoch  10/50 | Train Loss: 2.0041 Acc: 0.2875 F1: 0.1854 | Val Loss: 2.0321 Acc: 0.2593 F1: 0.1496 | Train Meta: Scaleμ:0.9792, Signal|S|μ:7.1751, Delta|S|μ:6.5695, Delta/Signal:91.56%, Gateμ:-0.2910, Gate0%:0.0, MetaNormμ:8.9142 | Val Meta: Scaleμ:0.9792, Signal|S|μ:7.1289, Delta|S|μ:6.5273, Delta/Signal:91.56%, Gateμ:-0.2910, Gate0%:0.0, MetaNormμ:8.9142
Validation Loss decreased (2.070262 --> 2.032068). Saving best model...
Epoch  11/50 | Train Loss: 1.9753 Acc: 0.3125 F1: 0.2423 | Val Loss: 2.0197 Acc: 0.3333 F1: 0.2907 | Train Meta: Scaleμ:0.9792, Signal|S|μ:7.6899, Delta|S|μ:7.0515, Delta/Signal:91.70%, Gateμ:-0.2910, Gate0%:0.0, MetaNormμ:8.9142 | Val Meta: Scaleμ:0.9792, Signal|S|μ:7.1289, Delta|S|μ:6.5273, Delta/Signal:91.56%, Gateμ:-0.2910, Gate0%:0.0, MetaNormμ:8.9142
Validation Loss decreased (2.032068 --> 2.019685). Saving best model...
Epoch  12/50 | Train Loss: 1.9724 Acc: 0.2875 F1: 0.2263 | Val Loss: 1.9869 Acc: 0.2222 F1: 0.1231 | Train Meta: Scaleμ:0.9792, Signal|S|μ:7.1874, Delta|S|μ:6.5836, Delta/Signal:91.60%, Gateμ:-0.2910, Gate0%:0.0, MetaNormμ:8.9142 | Val Meta: Scaleμ:0.9792, Signal|S|μ:7.1289, Delta|S|μ:6.5273, Delta/Signal:91.56%, Gateμ:-0.2910, Gate0%:0.0, MetaNormμ:8.9142
Validation Loss decreased (2.019685 --> 1.986907). Saving best model...
Epoch  13/50 | Train Loss: 1.9736 Acc: 0.3333 F1: 0.2882 | Val Loss: 1.9461 Acc: 0.2222 F1: 0.1869 | Train Meta: Scaleμ:0.9792, Signal|S|μ:7.3579, Delta|S|μ:6.7357, Delta/Signal:91.54%, Gateμ:-0.2910, Gate0%:0.0, MetaNormμ:8.9142 | Val Meta: Scaleμ:0.9792, Signal|S|μ:7.1289, Delta|S|μ:6.5273, Delta/Signal:91.56%, Gateμ:-0.2910, Gate0%:0.0, MetaNormμ:8.9142
Validation Loss decreased (1.986907 --> 1.946073). Saving best model...
Epoch  14/50 | Train Loss: 1.9436 Acc: 0.3000 F1: 0.2647 | Val Loss: 1.9907 Acc: 0.1852 F1: 0.1039 | Train Meta: Scaleμ:0.9792, Signal|S|μ:7.8422, Delta|S|μ:7.1807, Delta/Signal:91.56%, Gateμ:-0.2910, Gate0%:0.0, MetaNormμ:8.9142 | Val Meta: Scaleμ:0.9792, Signal|S|μ:7.1289, Delta|S|μ:6.5273, Delta/Signal:91.56%, Gateμ:-0.2910, Gate0%:0.0, MetaNormμ:8.9142
Epoch  15/50 | Train Loss: 1.9215 Acc: 0.3083 F1: 0.2119 | Val Loss: 1.9086 Acc: 0.3333 F1: 0.3021 | Train Meta: Scaleμ:0.9792, Signal|S|μ:7.2244, Delta|S|μ:6.6052, Delta/Signal:91.43%, Gateμ:-0.2910, Gate0%:0.0, MetaNormμ:8.9142 | Val Meta: Scaleμ:0.9792, Signal|S|μ:7.1289, Delta|S|μ:6.5273, Delta/Signal:91.56%, Gateμ:-0.2910, Gate0%:0.0, MetaNormμ:8.9142
Validation Loss decreased (1.946073 --> 1.908611). Saving best model...
Epoch  16/50 | Train Loss: 1.9027 Acc: 0.3375 F1: 0.2923 | Val Loss: 1.9546 Acc: 0.1852 F1: 0.1033 | Train Meta: Scaleμ:0.9792, Signal|S|μ:6.9104, Delta|S|μ:6.3234, Delta/Signal:91.51%, Gateμ:-0.2910, Gate0%:0.0, MetaNormμ:8.9142 | Val Meta: Scaleμ:0.9792, Signal|S|μ:7.1289, Delta|S|μ:6.5273, Delta/Signal:91.56%, Gateμ:-0.2910, Gate0%:0.0, MetaNormμ:8.9142
Epoch  17/50 | Train Loss: 1.9000 Acc: 0.3125 F1: 0.2477 | Val Loss: 1.8680 Acc: 0.3704 F1: 0.3330 | Train Meta: Scaleμ:0.9792, Signal|S|μ:7.6771, Delta|S|μ:7.0164, Delta/Signal:91.39%, Gateμ:-0.2910, Gate0%:0.0, MetaNormμ:8.9142 | Val Meta: Scaleμ:0.9792, Signal|S|μ:7.1289, Delta|S|μ:6.5273, Delta/Signal:91.56%, Gateμ:-0.2910, Gate0%:0.0, MetaNormμ:8.9142
Validation Loss decreased (1.908611 --> 1.868007). Saving best model...
Epoch  18/50 | Train Loss: 1.8825 Acc: 0.3792 F1: 0.3258 | Val Loss: 1.8865 Acc: 0.4074 F1: 0.3450 | Train Meta: Scaleμ:0.9792, Signal|S|μ:7.2315, Delta|S|μ:6.6109, Delta/Signal:91.42%, Gateμ:-0.2910, Gate0%:0.0, MetaNormμ:8.9142 | Val Meta: Scaleμ:0.9792, Signal|S|μ:7.1289, Delta|S|μ:6.5273, Delta/Signal:91.56%, Gateμ:-0.2910, Gate0%:0.0, MetaNormμ:8.9142
Epoch  19/50 | Train Loss: 1.8845 Acc: 0.3167 F1: 0.2794 | Val Loss: 1.8453 Acc: 0.4444 F1: 0.3784 | Train Meta: Scaleμ:0.9792, Signal|S|μ:7.2861, Delta|S|μ:6.6617, Delta/Signal:91.43%, Gateμ:-0.2910, Gate0%:0.0, MetaNormμ:8.9142 | Val Meta: Scaleμ:0.9792, Signal|S|μ:7.1289, Delta|S|μ:6.5273, Delta/Signal:91.56%, Gateμ:-0.2910, Gate0%:0.0, MetaNormμ:8.9142
Validation Loss decreased (1.868007 --> 1.845275). Saving best model...
Epoch  20/50 | Train Loss: 1.8614 Acc: 0.3292 F1: 0.2750 | Val Loss: 1.8437 Acc: 0.2222 F1: 0.1367 | Train Meta: Scaleμ:0.9792, Signal|S|μ:7.1066, Delta|S|μ:6.5031, Delta/Signal:91.51%, Gateμ:-0.2910, Gate0%:0.0, MetaNormμ:8.9142 | Val Meta: Scaleμ:0.9792, Signal|S|μ:7.1289, Delta|S|μ:6.5273, Delta/Signal:91.56%, Gateμ:-0.2910, Gate0%:0.0, MetaNormμ:8.9142
Validation Loss decreased (1.845275 --> 1.843720). Saving best model...
Epoch  21/50 | Train Loss: 1.8246 Acc: 0.3792 F1: 0.2997 | Val Loss: 1.8961 Acc: 0.2963 F1: 0.2768 | Train Meta: Scaleμ:0.9792, Signal|S|μ:7.2673, Delta|S|μ:6.6448, Delta/Signal:91.43%, Gateμ:-0.2910, Gate0%:0.0, MetaNormμ:8.9142 | Val Meta: Scaleμ:0.9792, Signal|S|μ:7.1289, Delta|S|μ:6.5273, Delta/Signal:91.56%, Gateμ:-0.2910, Gate0%:0.0, MetaNormμ:8.9142
Epoch  22/50 | Train Loss: 1.7968 Acc: 0.3958 F1: 0.3252 | Val Loss: 1.8287 Acc: 0.2222 F1: 0.1537 | Train Meta: Scaleμ:0.9792, Signal|S|μ:7.1836, Delta|S|μ:6.5768, Delta/Signal:91.55%, Gateμ:-0.2910, Gate0%:0.0, MetaNormμ:8.9142 | Val Meta: Scaleμ:0.9792, Signal|S|μ:7.1289, Delta|S|μ:6.5273, Delta/Signal:91.56%, Gateμ:-0.2910, Gate0%:0.0, MetaNormμ:8.9142
Validation Loss decreased (1.843720 --> 1.828730). Saving best model...
Epoch  23/50 | Train Loss: 1.7985 Acc: 0.3750 F1: 0.3156 | Val Loss: 1.8073 Acc: 0.3333 F1: 0.2963 | Train Meta: Scaleμ:0.9792, Signal|S|μ:7.3095, Delta|S|μ:6.6920, Delta/Signal:91.55%, Gateμ:-0.2910, Gate0%:0.0, MetaNormμ:8.9142 | Val Meta: Scaleμ:0.9792, Signal|S|μ:7.1289, Delta|S|μ:6.5273, Delta/Signal:91.56%, Gateμ:-0.2910, Gate0%:0.0, MetaNormμ:8.9142
Validation Loss decreased (1.828730 --> 1.807345). Saving best model...
Epoch  24/50 | Train Loss: 1.8017 Acc: 0.3708 F1: 0.3028 | Val Loss: 1.8189 Acc: 0.2963 F1: 0.2682 | Train Meta: Scaleμ:0.9792, Signal|S|μ:7.3367, Delta|S|μ:6.7086, Delta/Signal:91.44%, Gateμ:-0.2910, Gate0%:0.0, MetaNormμ:8.9142 | Val Meta: Scaleμ:0.9792, Signal|S|μ:7.1289, Delta|S|μ:6.5273, Delta/Signal:91.56%, Gateμ:-0.2910, Gate0%:0.0, MetaNormμ:8.9142
Epoch  25/50 | Train Loss: 1.7652 Acc: 0.3792 F1: 0.3187 | Val Loss: 1.7743 Acc: 0.2593 F1: 0.1669 | Train Meta: Scaleμ:0.9792, Signal|S|μ:6.9959, Delta|S|μ:6.4071, Delta/Signal:91.58%, Gateμ:-0.2910, Gate0%:0.0, MetaNormμ:8.9142 | Val Meta: Scaleμ:0.9792, Signal|S|μ:7.1289, Delta|S|μ:6.5273, Delta/Signal:91.56%, Gateμ:-0.2910, Gate0%:0.0, MetaNormμ:8.9142
Validation Loss decreased (1.807345 --> 1.774281). Saving best model...
Epoch  26/50 | Train Loss: 1.7630 Acc: 0.3625 F1: 0.3101 | Val Loss: 1.7984 Acc: 0.2963 F1: 0.2728 | Train Meta: Scaleμ:0.9792, Signal|S|μ:7.5148, Delta|S|μ:6.8781, Delta/Signal:91.53%, Gateμ:-0.2910, Gate0%:0.0, MetaNormμ:8.9142 | Val Meta: Scaleμ:0.9792, Signal|S|μ:7.1289, Delta|S|μ:6.5273, Delta/Signal:91.56%, Gateμ:-0.2910, Gate0%:0.0, MetaNormμ:8.9142
Epoch  27/50 | Train Loss: 1.7491 Acc: 0.4375 F1: 0.3685 | Val Loss: 1.7697 Acc: 0.4074 F1: 0.3256 | Train Meta: Scaleμ:0.9792, Signal|S|μ:7.3139, Delta|S|μ:6.6977, Delta/Signal:91.57%, Gateμ:-0.2910, Gate0%:0.0, MetaNormμ:8.9142 | Val Meta: Scaleμ:0.9792, Signal|S|μ:7.1289, Delta|S|μ:6.5273, Delta/Signal:91.56%, Gateμ:-0.2910, Gate0%:0.0, MetaNormμ:8.9142
Validation Loss decreased (1.774281 --> 1.769692). Saving best model...
Epoch  28/50 | Train Loss: 1.7382 Acc: 0.4417 F1: 0.4017 | Val Loss: 1.7924 Acc: 0.2593 F1: 0.2265 | Train Meta: Scaleμ:0.9792, Signal|S|μ:7.0880, Delta|S|μ:6.4903, Delta/Signal:91.57%, Gateμ:-0.2910, Gate0%:0.0, MetaNormμ:8.9142 | Val Meta: Scaleμ:0.9792, Signal|S|μ:7.1289, Delta|S|μ:6.5273, Delta/Signal:91.56%, Gateμ:-0.2910, Gate0%:0.0, MetaNormμ:8.9142
Epoch  29/50 | Train Loss: 1.7450 Acc: 0.3958 F1: 0.3406 | Val Loss: 1.7185 Acc: 0.4444 F1: 0.3702 | Train Meta: Scaleμ:0.9792, Signal|S|μ:6.8416, Delta|S|μ:6.2556, Delta/Signal:91.44%, Gateμ:-0.2910, Gate0%:0.0, MetaNormμ:8.9142 | Val Meta: Scaleμ:0.9792, Signal|S|μ:7.1289, Delta|S|μ:6.5273, Delta/Signal:91.56%, Gateμ:-0.2910, Gate0%:0.0, MetaNormμ:8.9142
Validation Loss decreased (1.769692 --> 1.718496). Saving best model...
Epoch  30/50 | Train Loss: 1.7210 Acc: 0.3750 F1: 0.3540 | Val Loss: 1.7663 Acc: 0.3704 F1: 0.3265 | Train Meta: Scaleμ:0.9792, Signal|S|μ:7.1559, Delta|S|μ:6.5505, Delta/Signal:91.54%, Gateμ:-0.2910, Gate0%:0.0, MetaNormμ:8.9142 | Val Meta: Scaleμ:0.9792, Signal|S|μ:7.1289, Delta|S|μ:6.5273, Delta/Signal:91.56%, Gateμ:-0.2910, Gate0%:0.0, MetaNormμ:8.9142
Epoch  31/50 | Train Loss: 1.7015 Acc: 0.4458 F1: 0.3977 | Val Loss: 1.7233 Acc: 0.4444 F1: 0.3598 | Train Meta: Scaleμ:0.9792, Signal|S|μ:7.1905, Delta|S|μ:6.5843, Delta/Signal:91.57%, Gateμ:-0.2910, Gate0%:0.0, MetaNormμ:8.9142 | Val Meta: Scaleμ:0.9792, Signal|S|μ:7.1289, Delta|S|μ:6.5273, Delta/Signal:91.56%, Gateμ:-0.2910, Gate0%:0.0, MetaNormμ:8.9142
Epoch  32/50 | Train Loss: 1.7042 Acc: 0.4250 F1: 0.3727 | Val Loss: 1.7056 Acc: 0.4444 F1: 0.4198 | Train Meta: Scaleμ:0.9792, Signal|S|μ:6.8595, Delta|S|μ:6.2832, Delta/Signal:91.60%, Gateμ:-0.2910, Gate0%:0.0, MetaNormμ:8.9142 | Val Meta: Scaleμ:0.9792, Signal|S|μ:7.1289, Delta|S|μ:6.5273, Delta/Signal:91.56%, Gateμ:-0.2910, Gate0%:0.0, MetaNormμ:8.9142
Validation Loss decreased (1.718496 --> 1.705647). Saving best model...
Epoch  33/50 | Train Loss: 1.6939 Acc: 0.4583 F1: 0.3964 | Val Loss: 1.6974 Acc: 0.4074 F1: 0.3565 | Train Meta: Scaleμ:0.9792, Signal|S|μ:7.5984, Delta|S|μ:6.9576, Delta/Signal:91.57%, Gateμ:-0.2910, Gate0%:0.0, MetaNormμ:8.9142 | Val Meta: Scaleμ:0.9792, Signal|S|μ:7.1289, Delta|S|μ:6.5273, Delta/Signal:91.56%, Gateμ:-0.2910, Gate0%:0.0, MetaNormμ:8.9142
Validation Loss decreased (1.705647 --> 1.697447). Saving best model...
Epoch  34/50 | Train Loss: 1.6679 Acc: 0.4333 F1: 0.4071 | Val Loss: 1.7079 Acc: 0.3704 F1: 0.3494 | Train Meta: Scaleμ:0.9792, Signal|S|μ:7.5750, Delta|S|μ:6.9316, Delta/Signal:91.51%, Gateμ:-0.2910, Gate0%:0.0, MetaNormμ:8.9142 | Val Meta: Scaleμ:0.9792, Signal|S|μ:7.1289, Delta|S|μ:6.5273, Delta/Signal:91.56%, Gateμ:-0.2910, Gate0%:0.0, MetaNormμ:8.9142
Epoch  35/50 | Train Loss: 1.6602 Acc: 0.4250 F1: 0.3779 | Val Loss: 1.7012 Acc: 0.4074 F1: 0.3280 | Train Meta: Scaleμ:0.9792, Signal|S|μ:7.0963, Delta|S|μ:6.5000, Delta/Signal:91.60%, Gateμ:-0.2910, Gate0%:0.0, MetaNormμ:8.9142 | Val Meta: Scaleμ:0.9792, Signal|S|μ:7.1289, Delta|S|μ:6.5273, Delta/Signal:91.56%, Gateμ:-0.2910, Gate0%:0.0, MetaNormμ:8.9142
Epoch  36/50 | Train Loss: 1.6709 Acc: 0.4458 F1: 0.3975 | Val Loss: 1.6583 Acc: 0.4074 F1: 0.3308 | Train Meta: Scaleμ:0.9792, Signal|S|μ:7.4209, Delta|S|μ:6.7813, Delta/Signal:91.38%, Gateμ:-0.2910, Gate0%:0.0, MetaNormμ:8.9142 | Val Meta: Scaleμ:0.9792, Signal|S|μ:7.1289, Delta|S|μ:6.5273, Delta/Signal:91.56%, Gateμ:-0.2910, Gate0%:0.0, MetaNormμ:8.9142
Validation Loss decreased (1.697447 --> 1.658312). Saving best model...
Epoch  37/50 | Train Loss: 1.6652 Acc: 0.3833 F1: 0.3147 | Val Loss: 1.7208 Acc: 0.3704 F1: 0.3108 | Train Meta: Scaleμ:0.9792, Signal|S|μ:7.4955, Delta|S|μ:6.8515, Delta/Signal:91.41%, Gateμ:-0.2910, Gate0%:0.0, MetaNormμ:8.9142 | Val Meta: Scaleμ:0.9792, Signal|S|μ:7.1289, Delta|S|μ:6.5273, Delta/Signal:91.56%, Gateμ:-0.2910, Gate0%:0.0, MetaNormμ:8.9142
Epoch  38/50 | Train Loss: 1.6647 Acc: 0.3792 F1: 0.3565 | Val Loss: 1.6329 Acc: 0.5185 F1: 0.4874 | Train Meta: Scaleμ:0.9792, Signal|S|μ:7.1868, Delta|S|μ:6.5867, Delta/Signal:91.65%, Gateμ:-0.2910, Gate0%:0.0, MetaNormμ:8.9142 | Val Meta: Scaleμ:0.9792, Signal|S|μ:7.1289, Delta|S|μ:6.5273, Delta/Signal:91.56%, Gateμ:-0.2910, Gate0%:0.0, MetaNormμ:8.9142
Validation Loss decreased (1.658312 --> 1.632893). Saving best model...
Epoch  39/50 | Train Loss: 1.6613 Acc: 0.4583 F1: 0.3787 | Val Loss: 1.6996 Acc: 0.2963 F1: 0.2499 | Train Meta: Scaleμ:0.9792, Signal|S|μ:7.7615, Delta|S|μ:7.1003, Delta/Signal:91.48%, Gateμ:-0.2910, Gate0%:0.0, MetaNormμ:8.9142 | Val Meta: Scaleμ:0.9792, Signal|S|μ:7.1289, Delta|S|μ:6.5273, Delta/Signal:91.56%, Gateμ:-0.2910, Gate0%:0.0, MetaNormμ:8.9142
Epoch  40/50 | Train Loss: 1.6422 Acc: 0.4042 F1: 0.3962 | Val Loss: 1.6293 Acc: 0.4074 F1: 0.3413 | Train Meta: Scaleμ:0.9792, Signal|S|μ:6.9128, Delta|S|μ:6.3296, Delta/Signal:91.56%, Gateμ:-0.2910, Gate0%:0.0, MetaNormμ:8.9142 | Val Meta: Scaleμ:0.9792, Signal|S|μ:7.1289, Delta|S|μ:6.5273, Delta/Signal:91.56%, Gateμ:-0.2910, Gate0%:0.0, MetaNormμ:8.9142
Validation Loss decreased (1.632893 --> 1.629309). Saving best model...
Epoch  41/50 | Train Loss: 1.6070 Acc: 0.4500 F1: 0.4038 | Val Loss: 1.6736 Acc: 0.4074 F1: 0.3618 | Train Meta: Scaleμ:0.9792, Signal|S|μ:7.2449, Delta|S|μ:6.6240, Delta/Signal:91.43%, Gateμ:-0.2910, Gate0%:0.0, MetaNormμ:8.9142 | Val Meta: Scaleμ:0.9792, Signal|S|μ:7.1289, Delta|S|μ:6.5273, Delta/Signal:91.56%, Gateμ:-0.2910, Gate0%:0.0, MetaNormμ:8.9142
Epoch  42/50 | Train Loss: 1.6073 Acc: 0.4625 F1: 0.3930 | Val Loss: 1.6344 Acc: 0.4444 F1: 0.4259 | Train Meta: Scaleμ:0.9792, Signal|S|μ:7.5734, Delta|S|μ:6.9301, Delta/Signal:91.51%, Gateμ:-0.2910, Gate0%:0.0, MetaNormμ:8.9142 | Val Meta: Scaleμ:0.9792, Signal|S|μ:7.1289, Delta|S|μ:6.5273, Delta/Signal:91.56%, Gateμ:-0.2910, Gate0%:0.0, MetaNormμ:8.9142
Epoch  43/50 | Train Loss: 1.6201 Acc: 0.4250 F1: 0.3933 | Val Loss: 1.6272 Acc: 0.3704 F1: 0.2804 | Train Meta: Scaleμ:0.9792, Signal|S|μ:7.2314, Delta|S|μ:6.6234, Delta/Signal:91.59%, Gateμ:-0.2910, Gate0%:0.0, MetaNormμ:8.9142 | Val Meta: Scaleμ:0.9792, Signal|S|μ:7.1289, Delta|S|μ:6.5273, Delta/Signal:91.56%, Gateμ:-0.2910, Gate0%:0.0, MetaNormμ:8.9142
Validation Loss decreased (1.629309 --> 1.627233). Saving best model...
Epoch  44/50 | Train Loss: 1.6009 Acc: 0.4833 F1: 0.4415 | Val Loss: 1.6254 Acc: 0.4815 F1: 0.4006 | Train Meta: Scaleμ:0.9792, Signal|S|μ:7.3673, Delta|S|μ:6.7488, Delta/Signal:91.60%, Gateμ:-0.2910, Gate0%:0.0, MetaNormμ:8.9142 | Val Meta: Scaleμ:0.9792, Signal|S|μ:7.1289, Delta|S|μ:6.5273, Delta/Signal:91.56%, Gateμ:-0.2910, Gate0%:0.0, MetaNormμ:8.9142
Validation Loss decreased (1.627233 --> 1.625442). Saving best model...
Epoch  45/50 | Train Loss: 1.6040 Acc: 0.4167 F1: 0.3749 | Val Loss: 1.6608 Acc: 0.3704 F1: 0.3694 | Train Meta: Scaleμ:0.9792, Signal|S|μ:7.5295, Delta|S|μ:6.8964, Delta/Signal:91.59%, Gateμ:-0.2910, Gate0%:0.0, MetaNormμ:8.9142 | Val Meta: Scaleμ:0.9792, Signal|S|μ:7.1289, Delta|S|μ:6.5273, Delta/Signal:91.56%, Gateμ:-0.2910, Gate0%:0.0, MetaNormμ:8.9142
Epoch  46/50 | Train Loss: 1.6045 Acc: 0.4375 F1: 0.3838 | Val Loss: 1.6070 Acc: 0.4444 F1: 0.3762 | Train Meta: Scaleμ:0.9792, Signal|S|μ:7.3030, Delta|S|μ:6.6719, Delta/Signal:91.36%, Gateμ:-0.2910, Gate0%:0.0, MetaNormμ:8.9142 | Val Meta: Scaleμ:0.9792, Signal|S|μ:7.1289, Delta|S|μ:6.5273, Delta/Signal:91.56%, Gateμ:-0.2910, Gate0%:0.0, MetaNormμ:8.9142
Validation Loss decreased (1.625442 --> 1.607026). Saving best model...
Epoch  47/50 | Train Loss: 1.5997 Acc: 0.4417 F1: 0.4112 | Val Loss: 1.6301 Acc: 0.4074 F1: 0.3491 | Train Meta: Scaleμ:0.9792, Signal|S|μ:7.1924, Delta|S|μ:6.5802, Delta/Signal:91.49%, Gateμ:-0.2910, Gate0%:0.0, MetaNormμ:8.9142 | Val Meta: Scaleμ:0.9792, Signal|S|μ:7.1289, Delta|S|μ:6.5273, Delta/Signal:91.56%, Gateμ:-0.2910, Gate0%:0.0, MetaNormμ:8.9142
Epoch  48/50 | Train Loss: 1.5942 Acc: 0.4208 F1: 0.3569 | Val Loss: 1.6383 Acc: 0.4074 F1: 0.4046 | Train Meta: Scaleμ:0.9792, Signal|S|μ:7.2022, Delta|S|μ:6.5928, Delta/Signal:91.54%, Gateμ:-0.2910, Gate0%:0.0, MetaNormμ:8.9142 | Val Meta: Scaleμ:0.9792, Signal|S|μ:7.1289, Delta|S|μ:6.5273, Delta/Signal:91.56%, Gateμ:-0.2910, Gate0%:0.0, MetaNormμ:8.9142
Epoch  49/50 | Train Loss: 1.5732 Acc: 0.4875 F1: 0.4652 | Val Loss: 1.5908 Acc: 0.4815 F1: 0.4263 | Train Meta: Scaleμ:0.9792, Signal|S|μ:7.5163, Delta|S|μ:6.8805, Delta/Signal:91.54%, Gateμ:-0.2910, Gate0%:0.0, MetaNormμ:8.9142 | Val Meta: Scaleμ:0.9792, Signal|S|μ:7.1289, Delta|S|μ:6.5273, Delta/Signal:91.56%, Gateμ:-0.2910, Gate0%:0.0, MetaNormμ:8.9142
Validation Loss decreased (1.607026 --> 1.590820). Saving best model...
Epoch  50/50 | Train Loss: 1.5926 Acc: 0.4750 F1: 0.4198 | Val Loss: 1.6195 Acc: 0.4074 F1: 0.3364 | Train Meta: Scaleμ:0.9792, Signal|S|μ:6.8902, Delta|S|μ:6.3166, Delta/Signal:91.67%, Gateμ:-0.2910, Gate0%:0.0, MetaNormμ:8.9142 | Val Meta: Scaleμ:0.9792, Signal|S|μ:7.1289, Delta|S|μ:6.5273, Delta/Signal:91.56%, Gateμ:-0.2910, Gate0%:0.0, MetaNormμ:8.9142

Classification Test Result (JapaneseVowels)
Accuracy : 0.364865
F1 (macro): 0.341254
Saved attention maps for 3 sample(s) under ./runs/classification_electricity_to_JapaneseVowels_laya_metadata_query_gate_text_stats_joint/attention_maps
Joint metadata preview | dataset=PEMS-SF | domain=UEA | channels=963
   - channel_1: In the UEA domain, this channel belongs to the PEMS-SF dataset and represents the feature channel 1. Channel statistics over the training split: mean value is -0.000, standard deviation is 1.000, minimum value is -1.458, maximum value is 12.589, median value is 0.136, and mean absolute value is 0.674.
/data/pjh_workspace/ts-env/lib/python3.8/site-packages/torch/nn/modules/transformer.py:307: UserWarning: enable_nested_tensor is True, but self.use_nested_tensor is False because encoder_layer.norm_first was True
  warnings.warn(f"enable_nested_tensor is True, but self.use_nested_tensor is False because {why_not_sparsity_fast_path}")
==================================================
🚀 Architecture: LAYA
📊 Target Dataset: PEMS-SF (Channels: 963)
📊 Pretrain Info: electricity
📊 Classes: 7 | Sequence Length: 144
==================================================
✅ Loaded pretrained encoder from ./checkpoints/electricity_laya_metadata_query_gate_text_stats_joint/laya_ts_electricity_s_best.pt
   - 104/104 keys matched.
✅ Encoder is FROZEN (Linear Probing mode).
📝 metadata: mode=text_stats_joint, fusion=none, relation=metadata_query_gate
ℹ️  Metadata Fusion Mode: none
ℹ️  Channel Mixer Relation Mode: metadata_query_gate
ℹ️  Encoder Variant: default
ℹ️  Channel Adapter: disabled for Laya downstream (mixer)
ℹ️  Channel Relation Block: disabled
✅ ClassificationHead: [B, 256] → [B, 7]
Epoch   1/50 | Train Loss: 2.0036 Acc: 0.1542 F1: 0.1034 | Val Loss: 2.0515 Acc: 0.0385 F1: 0.0110 | Train Meta: Scaleμ:0.9792, Signal|S|μ:9.1069, Delta|S|μ:7.3707, Delta/Signal:80.93%, Gateμ:-0.1633, Gate0%:0.0, MetaNormμ:8.4126 | Val Meta: Scaleμ:0.9792, Signal|S|μ:9.1148, Delta|S|μ:7.3766, Delta/Signal:80.93%, Gateμ:-0.1633, Gate0%:0.0, MetaNormμ:8.4126
Validation Loss decreased (inf --> 2.051488). Saving best model...
Epoch   2/50 | Train Loss: 1.9633 Acc: 0.1750 F1: 0.1111 | Val Loss: 2.0212 Acc: 0.0385 F1: 0.0110 | Train Meta: Scaleμ:0.9792, Signal|S|μ:8.8363, Delta|S|μ:7.1534, Delta/Signal:80.96%, Gateμ:-0.1633, Gate0%:0.0, MetaNormμ:8.4126 | Val Meta: Scaleμ:0.9792, Signal|S|μ:9.1148, Delta|S|μ:7.3766, Delta/Signal:80.93%, Gateμ:-0.1633, Gate0%:0.0, MetaNormμ:8.4126
Validation Loss decreased (2.051488 --> 2.021227). Saving best model...
Epoch   3/50 | Train Loss: 1.9284 Acc: 0.1750 F1: 0.0954 | Val Loss: 1.9370 Acc: 0.2308 F1: 0.0996 | Train Meta: Scaleμ:0.9792, Signal|S|μ:8.7860, Delta|S|μ:7.1129, Delta/Signal:80.96%, Gateμ:-0.1633, Gate0%:0.0, MetaNormμ:8.4126 | Val Meta: Scaleμ:0.9792, Signal|S|μ:9.1148, Delta|S|μ:7.3766, Delta/Signal:80.93%, Gateμ:-0.1633, Gate0%:0.0, MetaNormμ:8.4126
Validation Loss decreased (2.021227 --> 1.936981). Saving best model...
Epoch   4/50 | Train Loss: 1.9288 Acc: 0.1750 F1: 0.0800 | Val Loss: 1.9325 Acc: 0.2308 F1: 0.1154 | Train Meta: Scaleμ:0.9792, Signal|S|μ:9.5656, Delta|S|μ:7.7376, Delta/Signal:80.89%, Gateμ:-0.1633, Gate0%:0.0, MetaNormμ:8.4126 | Val Meta: Scaleμ:0.9792, Signal|S|μ:9.1148, Delta|S|μ:7.3766, Delta/Signal:80.93%, Gateμ:-0.1633, Gate0%:0.0, MetaNormμ:8.4126
Validation Loss decreased (1.936981 --> 1.932524). Saving best model...
Epoch   5/50 | Train Loss: 1.9240 Acc: 0.1542 F1: 0.0919 | Val Loss: 1.9312 Acc: 0.1154 F1: 0.0451 | Train Meta: Scaleμ:0.9792, Signal|S|μ:8.7121, Delta|S|μ:7.0490, Delta/Signal:80.91%, Gateμ:-0.1633, Gate0%:0.0, MetaNormμ:8.4126 | Val Meta: Scaleμ:0.9792, Signal|S|μ:9.1148, Delta|S|μ:7.3766, Delta/Signal:80.93%, Gateμ:-0.1633, Gate0%:0.0, MetaNormμ:8.4126
Validation Loss decreased (1.932524 --> 1.931232). Saving best model...
Epoch   6/50 | Train Loss: 1.9214 Acc: 0.2542 F1: 0.1441 | Val Loss: 1.9504 Acc: 0.1923 F1: 0.0932 | Train Meta: Scaleμ:0.9792, Signal|S|μ:9.1296, Delta|S|μ:7.3863, Delta/Signal:80.91%, Gateμ:-0.1633, Gate0%:0.0, MetaNormμ:8.4126 | Val Meta: Scaleμ:0.9792, Signal|S|μ:9.1148, Delta|S|μ:7.3766, Delta/Signal:80.93%, Gateμ:-0.1633, Gate0%:0.0, MetaNormμ:8.4126
Epoch   7/50 | Train Loss: 1.8960 Acc: 0.2458 F1: 0.1623 | Val Loss: 1.9698 Acc: 0.0385 F1: 0.0110 | Train Meta: Scaleμ:0.9792, Signal|S|μ:8.4456, Delta|S|μ:6.8379, Delta/Signal:80.96%, Gateμ:-0.1633, Gate0%:0.0, MetaNormμ:8.4126 | Val Meta: Scaleμ:0.9792, Signal|S|μ:9.1148, Delta|S|μ:7.3766, Delta/Signal:80.93%, Gateμ:-0.1633, Gate0%:0.0, MetaNormμ:8.4126
Epoch   8/50 | Train Loss: 1.8948 Acc: 0.2083 F1: 0.1326 | Val Loss: 1.9222 Acc: 0.1923 F1: 0.0940 | Train Meta: Scaleμ:0.9792, Signal|S|μ:9.7538, Delta|S|μ:7.8912, Delta/Signal:80.90%, Gateμ:-0.1633, Gate0%:0.0, MetaNormμ:8.4126 | Val Meta: Scaleμ:0.9792, Signal|S|μ:9.1148, Delta|S|μ:7.3766, Delta/Signal:80.93%, Gateμ:-0.1633, Gate0%:0.0, MetaNormμ:8.4126
Validation Loss decreased (1.931232 --> 1.922249). Saving best model...
Epoch   9/50 | Train Loss: 1.8875 Acc: 0.2833 F1: 0.1874 | Val Loss: 1.9229 Acc: 0.1538 F1: 0.0922 | Train Meta: Scaleμ:0.9792, Signal|S|μ:9.0657, Delta|S|μ:7.3351, Delta/Signal:80.91%, Gateμ:-0.1633, Gate0%:0.0, MetaNormμ:8.4126 | Val Meta: Scaleμ:0.9792, Signal|S|μ:9.1148, Delta|S|μ:7.3766, Delta/Signal:80.93%, Gateμ:-0.1633, Gate0%:0.0, MetaNormμ:8.4126
Epoch  10/50 | Train Loss: 1.8754 Acc: 0.2625 F1: 0.1568 | Val Loss: 1.9118 Acc: 0.1538 F1: 0.0922 | Train Meta: Scaleμ:0.9792, Signal|S|μ:9.0887, Delta|S|μ:7.3555, Delta/Signal:80.93%, Gateμ:-0.1633, Gate0%:0.0, MetaNormμ:8.4126 | Val Meta: Scaleμ:0.9792, Signal|S|μ:9.1148, Delta|S|μ:7.3766, Delta/Signal:80.93%, Gateμ:-0.1633, Gate0%:0.0, MetaNormμ:8.4126
Validation Loss decreased (1.922249 --> 1.911801). Saving best model...
Epoch  11/50 | Train Loss: 1.8701 Acc: 0.3250 F1: 0.2015 | Val Loss: 1.8972 Acc: 0.1923 F1: 0.1154 | Train Meta: Scaleμ:0.9792, Signal|S|μ:9.0125, Delta|S|μ:7.2925, Delta/Signal:80.92%, Gateμ:-0.1633, Gate0%:0.0, MetaNormμ:8.4126 | Val Meta: Scaleμ:0.9792, Signal|S|μ:9.1148, Delta|S|μ:7.3766, Delta/Signal:80.93%, Gateμ:-0.1633, Gate0%:0.0, MetaNormμ:8.4126
Validation Loss decreased (1.911801 --> 1.897156). Saving best model...
Epoch  12/50 | Train Loss: 1.8642 Acc: 0.2958 F1: 0.2204 | Val Loss: 1.9609 Acc: 0.0769 F1: 0.0571 | Train Meta: Scaleμ:0.9792, Signal|S|μ:9.7164, Delta|S|μ:7.8586, Delta/Signal:80.88%, Gateμ:-0.1633, Gate0%:0.0, MetaNormμ:8.4126 | Val Meta: Scaleμ:0.9792, Signal|S|μ:9.1148, Delta|S|μ:7.3766, Delta/Signal:80.93%, Gateμ:-0.1633, Gate0%:0.0, MetaNormμ:8.4126
Epoch  13/50 | Train Loss: 1.8599 Acc: 0.3167 F1: 0.1634 | Val Loss: 1.8941 Acc: 0.1154 F1: 0.0779 | Train Meta: Scaleμ:0.9792, Signal|S|μ:9.1950, Delta|S|μ:7.4406, Delta/Signal:80.92%, Gateμ:-0.1633, Gate0%:0.0, MetaNormμ:8.4126 | Val Meta: Scaleμ:0.9792, Signal|S|μ:9.1148, Delta|S|μ:7.3766, Delta/Signal:80.93%, Gateμ:-0.1633, Gate0%:0.0, MetaNormμ:8.4126
Validation Loss decreased (1.897156 --> 1.894111). Saving best model...
Epoch  14/50 | Train Loss: 1.8455 Acc: 0.3125 F1: 0.2044 | Val Loss: 1.8874 Acc: 0.1923 F1: 0.1000 | Train Meta: Scaleμ:0.9792, Signal|S|μ:9.5793, Delta|S|μ:7.7515, Delta/Signal:80.92%, Gateμ:-0.1633, Gate0%:0.0, MetaNormμ:8.4126 | Val Meta: Scaleμ:0.9792, Signal|S|μ:9.1148, Delta|S|μ:7.3766, Delta/Signal:80.93%, Gateμ:-0.1633, Gate0%:0.0, MetaNormμ:8.4126
Validation Loss decreased (1.894111 --> 1.887442). Saving best model...
Epoch  15/50 | Train Loss: 1.8502 Acc: 0.3125 F1: 0.2297 | Val Loss: 1.9012 Acc: 0.1538 F1: 0.1039 | Train Meta: Scaleμ:0.9792, Signal|S|μ:9.3548, Delta|S|μ:7.5703, Delta/Signal:80.92%, Gateμ:-0.1633, Gate0%:0.0, MetaNormμ:8.4126 | Val Meta: Scaleμ:0.9792, Signal|S|μ:9.1148, Delta|S|μ:7.3766, Delta/Signal:80.93%, Gateμ:-0.1633, Gate0%:0.0, MetaNormμ:8.4126
Epoch  16/50 | Train Loss: 1.8467 Acc: 0.2833 F1: 0.1835 | Val Loss: 1.8583 Acc: 0.1923 F1: 0.0889 | Train Meta: Scaleμ:0.9792, Signal|S|μ:9.3996, Delta|S|μ:7.6043, Delta/Signal:80.90%, Gateμ:-0.1633, Gate0%:0.0, MetaNormμ:8.4126 | Val Meta: Scaleμ:0.9792, Signal|S|μ:9.1148, Delta|S|μ:7.3766, Delta/Signal:80.93%, Gateμ:-0.1633, Gate0%:0.0, MetaNormμ:8.4126
Validation Loss decreased (1.887442 --> 1.858310). Saving best model...
Epoch  17/50 | Train Loss: 1.8484 Acc: 0.2958 F1: 0.1586 | Val Loss: 1.8294 Acc: 0.3077 F1: 0.1429 | Train Meta: Scaleμ:0.9792, Signal|S|μ:8.7768, Delta|S|μ:7.1020, Delta/Signal:80.92%, Gateμ:-0.1633, Gate0%:0.0, MetaNormμ:8.4126 | Val Meta: Scaleμ:0.9792, Signal|S|μ:9.1148, Delta|S|μ:7.3766, Delta/Signal:80.93%, Gateμ:-0.1633, Gate0%:0.0, MetaNormμ:8.4126
Validation Loss decreased (1.858310 --> 1.829437). Saving best model...
Epoch  18/50 | Train Loss: 1.8475 Acc: 0.2375 F1: 0.1780 | Val Loss: 1.9324 Acc: 0.1538 F1: 0.0947 | Train Meta: Scaleμ:0.9792, Signal|S|μ:9.3288, Delta|S|μ:7.5475, Delta/Signal:80.90%, Gateμ:-0.1633, Gate0%:0.0, MetaNormμ:8.4126 | Val Meta: Scaleμ:0.9792, Signal|S|μ:9.1148, Delta|S|μ:7.3766, Delta/Signal:80.93%, Gateμ:-0.1633, Gate0%:0.0, MetaNormμ:8.4126
Epoch  19/50 | Train Loss: 1.8154 Acc: 0.3000 F1: 0.2192 | Val Loss: 1.8127 Acc: 0.2308 F1: 0.1110 | Train Meta: Scaleμ:0.9792, Signal|S|μ:9.2074, Delta|S|μ:7.4488, Delta/Signal:80.90%, Gateμ:-0.1633, Gate0%:0.0, MetaNormμ:8.4126 | Val Meta: Scaleμ:0.9792, Signal|S|μ:9.1148, Delta|S|μ:7.3766, Delta/Signal:80.93%, Gateμ:-0.1633, Gate0%:0.0, MetaNormμ:8.4126
Validation Loss decreased (1.829437 --> 1.812687). Saving best model...
Epoch  20/50 | Train Loss: 1.8271 Acc: 0.3292 F1: 0.1814 | Val Loss: 1.9434 Acc: 0.0769 F1: 0.0635 | Train Meta: Scaleμ:0.9792, Signal|S|μ:8.7057, Delta|S|μ:7.0472, Delta/Signal:80.95%, Gateμ:-0.1633, Gate0%:0.0, MetaNormμ:8.4126 | Val Meta: Scaleμ:0.9792, Signal|S|μ:9.1148, Delta|S|μ:7.3766, Delta/Signal:80.93%, Gateμ:-0.1633, Gate0%:0.0, MetaNormμ:8.4126
Epoch  21/50 | Train Loss: 1.8289 Acc: 0.2917 F1: 0.2128 | Val Loss: 1.8181 Acc: 0.3846 F1: 0.1548 | Train Meta: Scaleμ:0.9792, Signal|S|μ:9.9749, Delta|S|μ:8.0663, Delta/Signal:80.87%, Gateμ:-0.1633, Gate0%:0.0, MetaNormμ:8.4126 | Val Meta: Scaleμ:0.9792, Signal|S|μ:9.1148, Delta|S|μ:7.3766, Delta/Signal:80.93%, Gateμ:-0.1633, Gate0%:0.0, MetaNormμ:8.4126
Epoch  22/50 | Train Loss: 1.8079 Acc: 0.2958 F1: 0.2036 | Val Loss: 1.8985 Acc: 0.1538 F1: 0.1025 | Train Meta: Scaleμ:0.9792, Signal|S|μ:8.9863, Delta|S|μ:7.2695, Delta/Signal:80.90%, Gateμ:-0.1633, Gate0%:0.0, MetaNormμ:8.4126 | Val Meta: Scaleμ:0.9792, Signal|S|μ:9.1148, Delta|S|μ:7.3766, Delta/Signal:80.93%, Gateμ:-0.1633, Gate0%:0.0, MetaNormμ:8.4126
Epoch  23/50 | Train Loss: 1.7936 Acc: 0.3250 F1: 0.2649 | Val Loss: 1.7949 Acc: 0.3846 F1: 0.1429 | Train Meta: Scaleμ:0.9792, Signal|S|μ:9.3057, Delta|S|μ:7.5325, Delta/Signal:80.95%, Gateμ:-0.1633, Gate0%:0.0, MetaNormμ:8.4126 | Val Meta: Scaleμ:0.9792, Signal|S|μ:9.1148, Delta|S|μ:7.3766, Delta/Signal:80.93%, Gateμ:-0.1633, Gate0%:0.0, MetaNormμ:8.4126
Validation Loss decreased (1.812687 --> 1.794900). Saving best model...
Epoch  24/50 | Train Loss: 1.8039 Acc: 0.2708 F1: 0.1635 | Val Loss: 1.8889 Acc: 0.0769 F1: 0.0635 | Train Meta: Scaleμ:0.9792, Signal|S|μ:8.7926, Delta|S|μ:7.1156, Delta/Signal:80.93%, Gateμ:-0.1633, Gate0%:0.0, MetaNormμ:8.4126 | Val Meta: Scaleμ:0.9792, Signal|S|μ:9.1148, Delta|S|μ:7.3766, Delta/Signal:80.93%, Gateμ:-0.1633, Gate0%:0.0, MetaNormμ:8.4126
Epoch  25/50 | Train Loss: 1.7997 Acc: 0.3000 F1: 0.2321 | Val Loss: 1.8387 Acc: 0.2308 F1: 0.1735 | Train Meta: Scaleμ:0.9792, Signal|S|μ:9.0900, Delta|S|μ:7.3573, Delta/Signal:80.94%, Gateμ:-0.1633, Gate0%:0.0, MetaNormμ:8.4126 | Val Meta: Scaleμ:0.9792, Signal|S|μ:9.1148, Delta|S|μ:7.3766, Delta/Signal:80.93%, Gateμ:-0.1633, Gate0%:0.0, MetaNormμ:8.4126
Epoch  26/50 | Train Loss: 1.8121 Acc: 0.2583 F1: 0.1792 | Val Loss: 1.8128 Acc: 0.2308 F1: 0.1116 | Train Meta: Scaleμ:0.9792, Signal|S|μ:9.5363, Delta|S|μ:7.7184, Delta/Signal:80.94%, Gateμ:-0.1633, Gate0%:0.0, MetaNormμ:8.4126 | Val Meta: Scaleμ:0.9792, Signal|S|μ:9.1148, Delta|S|μ:7.3766, Delta/Signal:80.93%, Gateμ:-0.1633, Gate0%:0.0, MetaNormμ:8.4126
Epoch  27/50 | Train Loss: 1.7911 Acc: 0.3042 F1: 0.2479 | Val Loss: 1.8518 Acc: 0.1538 F1: 0.1187 | Train Meta: Scaleμ:0.9792, Signal|S|μ:9.0942, Delta|S|μ:7.3576, Delta/Signal:80.90%, Gateμ:-0.1633, Gate0%:0.0, MetaNormμ:8.4126 | Val Meta: Scaleμ:0.9792, Signal|S|μ:9.1148, Delta|S|μ:7.3766, Delta/Signal:80.93%, Gateμ:-0.1633, Gate0%:0.0, MetaNormμ:8.4126
Epoch  28/50 | Train Loss: 1.7730 Acc: 0.3042 F1: 0.2245 | Val Loss: 1.7797 Acc: 0.3462 F1: 0.1928 | Train Meta: Scaleμ:0.9792, Signal|S|μ:8.9699, Delta|S|μ:7.2611, Delta/Signal:80.95%, Gateμ:-0.1633, Gate0%:0.0, MetaNormμ:8.4126 | Val Meta: Scaleμ:0.9792, Signal|S|μ:9.1148, Delta|S|μ:7.3766, Delta/Signal:80.93%, Gateμ:-0.1633, Gate0%:0.0, MetaNormμ:8.4126
Validation Loss decreased (1.794900 --> 1.779663). Saving best model...
Epoch  29/50 | Train Loss: 1.7563 Acc: 0.3708 F1: 0.2986 | Val Loss: 1.8682 Acc: 0.1538 F1: 0.1039 | Train Meta: Scaleμ:0.9792, Signal|S|μ:9.2498, Delta|S|μ:7.4879, Delta/Signal:80.95%, Gateμ:-0.1633, Gate0%:0.0, MetaNormμ:8.4126 | Val Meta: Scaleμ:0.9792, Signal|S|μ:9.1148, Delta|S|μ:7.3766, Delta/Signal:80.93%, Gateμ:-0.1633, Gate0%:0.0, MetaNormμ:8.4126
Epoch  30/50 | Train Loss: 1.7419 Acc: 0.3500 F1: 0.2584 | Val Loss: 1.8245 Acc: 0.1923 F1: 0.1425 | Train Meta: Scaleμ:0.9792, Signal|S|μ:9.7111, Delta|S|μ:7.8529, Delta/Signal:80.86%, Gateμ:-0.1633, Gate0%:0.0, MetaNormμ:8.4126 | Val Meta: Scaleμ:0.9792, Signal|S|μ:9.1148, Delta|S|μ:7.3766, Delta/Signal:80.93%, Gateμ:-0.1633, Gate0%:0.0, MetaNormμ:8.4126
Epoch  31/50 | Train Loss: 1.7438 Acc: 0.3250 F1: 0.2635 | Val Loss: 1.7997 Acc: 0.2308 F1: 0.1613 | Train Meta: Scaleμ:0.9792, Signal|S|μ:9.3327, Delta|S|μ:7.5518, Delta/Signal:80.92%, Gateμ:-0.1633, Gate0%:0.0, MetaNormμ:8.4126 | Val Meta: Scaleμ:0.9792, Signal|S|μ:9.1148, Delta|S|μ:7.3766, Delta/Signal:80.93%, Gateμ:-0.1633, Gate0%:0.0, MetaNormμ:8.4126
Epoch  32/50 | Train Loss: 1.7344 Acc: 0.3750 F1: 0.2832 | Val Loss: 1.7915 Acc: 0.2692 F1: 0.1981 | Train Meta: Scaleμ:0.9792, Signal|S|μ:8.8215, Delta|S|μ:7.1395, Delta/Signal:80.93%, Gateμ:-0.1633, Gate0%:0.0, MetaNormμ:8.4126 | Val Meta: Scaleμ:0.9792, Signal|S|μ:9.1148, Delta|S|μ:7.3766, Delta/Signal:80.93%, Gateμ:-0.1633, Gate0%:0.0, MetaNormμ:8.4126
Epoch  33/50 | Train Loss: 1.7205 Acc: 0.3458 F1: 0.2770 | Val Loss: 1.8200 Acc: 0.1923 F1: 0.1515 | Train Meta: Scaleμ:0.9792, Signal|S|μ:9.5453, Delta|S|μ:7.7216, Delta/Signal:80.89%, Gateμ:-0.1633, Gate0%:0.0, MetaNormμ:8.4126 | Val Meta: Scaleμ:0.9792, Signal|S|μ:9.1148, Delta|S|μ:7.3766, Delta/Signal:80.93%, Gateμ:-0.1633, Gate0%:0.0, MetaNormμ:8.4126
Epoch  34/50 | Train Loss: 1.7328 Acc: 0.3792 F1: 0.2979 | Val Loss: 1.7410 Acc: 0.2692 F1: 0.1259 | Train Meta: Scaleμ:0.9792, Signal|S|μ:8.9646, Delta|S|μ:7.2532, Delta/Signal:80.91%, Gateμ:-0.1633, Gate0%:0.0, MetaNormμ:8.4126 | Val Meta: Scaleμ:0.9792, Signal|S|μ:9.1148, Delta|S|μ:7.3766, Delta/Signal:80.93%, Gateμ:-0.1633, Gate0%:0.0, MetaNormμ:8.4126
Validation Loss decreased (1.779663 --> 1.740970). Saving best model...
Epoch  35/50 | Train Loss: 1.7209 Acc: 0.3375 F1: 0.2742 | Val Loss: 1.8479 Acc: 0.1538 F1: 0.1136 | Train Meta: Scaleμ:0.9792, Signal|S|μ:9.2827, Delta|S|μ:7.5115, Delta/Signal:80.92%, Gateμ:-0.1633, Gate0%:0.0, MetaNormμ:8.4126 | Val Meta: Scaleμ:0.9792, Signal|S|μ:9.1148, Delta|S|μ:7.3766, Delta/Signal:80.93%, Gateμ:-0.1633, Gate0%:0.0, MetaNormμ:8.4126
Epoch  36/50 | Train Loss: 1.7235 Acc: 0.3583 F1: 0.2788 | Val Loss: 1.7381 Acc: 0.2308 F1: 0.1230 | Train Meta: Scaleμ:0.9792, Signal|S|μ:8.5519, Delta|S|μ:6.9197, Delta/Signal:80.92%, Gateμ:-0.1633, Gate0%:0.0, MetaNormμ:8.4126 | Val Meta: Scaleμ:0.9792, Signal|S|μ:9.1148, Delta|S|μ:7.3766, Delta/Signal:80.93%, Gateμ:-0.1633, Gate0%:0.0, MetaNormμ:8.4126
Validation Loss decreased (1.740970 --> 1.738055). Saving best model...
Epoch  37/50 | Train Loss: 1.7050 Acc: 0.3292 F1: 0.2467 | Val Loss: 1.8645 Acc: 0.1538 F1: 0.1187 | Train Meta: Scaleμ:0.9792, Signal|S|μ:8.7268, Delta|S|μ:7.0601, Delta/Signal:80.90%, Gateμ:-0.1633, Gate0%:0.0, MetaNormμ:8.4126 | Val Meta: Scaleμ:0.9792, Signal|S|μ:9.1148, Delta|S|μ:7.3766, Delta/Signal:80.93%, Gateμ:-0.1633, Gate0%:0.0, MetaNormμ:8.4126
Epoch  38/50 | Train Loss: 1.7094 Acc: 0.3833 F1: 0.3006 | Val Loss: 1.7385 Acc: 0.2308 F1: 0.1548 | Train Meta: Scaleμ:0.9792, Signal|S|μ:9.4525, Delta|S|μ:7.6493, Delta/Signal:80.92%, Gateμ:-0.1633, Gate0%:0.0, MetaNormμ:8.4126 | Val Meta: Scaleμ:0.9792, Signal|S|μ:9.1148, Delta|S|μ:7.3766, Delta/Signal:80.93%, Gateμ:-0.1633, Gate0%:0.0, MetaNormμ:8.4126
Epoch  39/50 | Train Loss: 1.7106 Acc: 0.3083 F1: 0.2077 | Val Loss: 1.8051 Acc: 0.1538 F1: 0.1039 | Train Meta: Scaleμ:0.9792, Signal|S|μ:9.4735, Delta|S|μ:7.6647, Delta/Signal:80.91%, Gateμ:-0.1633, Gate0%:0.0, MetaNormμ:8.4126 | Val Meta: Scaleμ:0.9792, Signal|S|μ:9.1148, Delta|S|μ:7.3766, Delta/Signal:80.93%, Gateμ:-0.1633, Gate0%:0.0, MetaNormμ:8.4126
Epoch  40/50 | Train Loss: 1.6949 Acc: 0.4083 F1: 0.3555 | Val Loss: 1.7674 Acc: 0.2692 F1: 0.2190 | Train Meta: Scaleμ:0.9792, Signal|S|μ:9.2367, Delta|S|μ:7.4735, Delta/Signal:80.91%, Gateμ:-0.1633, Gate0%:0.0, MetaNormμ:8.4126 | Val Meta: Scaleμ:0.9792, Signal|S|μ:9.1148, Delta|S|μ:7.3766, Delta/Signal:80.93%, Gateμ:-0.1633, Gate0%:0.0, MetaNormμ:8.4126
Epoch  41/50 | Train Loss: 1.6762 Acc: 0.3583 F1: 0.2935 | Val Loss: 1.7285 Acc: 0.2308 F1: 0.1218 | Train Meta: Scaleμ:0.9792, Signal|S|μ:8.7382, Delta|S|μ:7.0734, Delta/Signal:80.95%, Gateμ:-0.1633, Gate0%:0.0, MetaNormμ:8.4126 | Val Meta: Scaleμ:0.9792, Signal|S|μ:9.1148, Delta|S|μ:7.3766, Delta/Signal:80.93%, Gateμ:-0.1633, Gate0%:0.0, MetaNormμ:8.4126
Validation Loss decreased (1.738055 --> 1.728488). Saving best model...
Epoch  42/50 | Train Loss: 1.6744 Acc: 0.3750 F1: 0.2936 | Val Loss: 1.7433 Acc: 0.2692 F1: 0.2052 | Train Meta: Scaleμ:0.9792, Signal|S|μ:9.2479, Delta|S|μ:7.4837, Delta/Signal:80.92%, Gateμ:-0.1633, Gate0%:0.0, MetaNormμ:8.4126 | Val Meta: Scaleμ:0.9792, Signal|S|μ:9.1148, Delta|S|μ:7.3766, Delta/Signal:80.93%, Gateμ:-0.1633, Gate0%:0.0, MetaNormμ:8.4126
Epoch  43/50 | Train Loss: 1.6829 Acc: 0.4208 F1: 0.3850 | Val Loss: 1.7562 Acc: 0.2308 F1: 0.1599 | Train Meta: Scaleμ:0.9792, Signal|S|μ:9.6023, Delta|S|μ:7.7667, Delta/Signal:80.88%, Gateμ:-0.1633, Gate0%:0.0, MetaNormμ:8.4126 | Val Meta: Scaleμ:0.9792, Signal|S|μ:9.1148, Delta|S|μ:7.3766, Delta/Signal:80.93%, Gateμ:-0.1633, Gate0%:0.0, MetaNormμ:8.4126
Epoch  44/50 | Train Loss: 1.6738 Acc: 0.3333 F1: 0.2322 | Val Loss: 1.7710 Acc: 0.2308 F1: 0.2091 | Train Meta: Scaleμ:0.9792, Signal|S|μ:8.2069, Delta|S|μ:6.6446, Delta/Signal:80.96%, Gateμ:-0.1633, Gate0%:0.0, MetaNormμ:8.4126 | Val Meta: Scaleμ:0.9792, Signal|S|μ:9.1148, Delta|S|μ:7.3766, Delta/Signal:80.93%, Gateμ:-0.1633, Gate0%:0.0, MetaNormμ:8.4126
Epoch  45/50 | Train Loss: 1.6661 Acc: 0.4083 F1: 0.3584 | Val Loss: 1.7713 Acc: 0.2308 F1: 0.1615 | Train Meta: Scaleμ:0.9792, Signal|S|μ:9.4845, Delta|S|μ:7.6762, Delta/Signal:80.93%, Gateμ:-0.1633, Gate0%:0.0, MetaNormμ:8.4126 | Val Meta: Scaleμ:0.9792, Signal|S|μ:9.1148, Delta|S|μ:7.3766, Delta/Signal:80.93%, Gateμ:-0.1633, Gate0%:0.0, MetaNormμ:8.4126
Epoch  46/50 | Train Loss: 1.6477 Acc: 0.3958 F1: 0.3232 | Val Loss: 1.7258 Acc: 0.3077 F1: 0.2424 | Train Meta: Scaleμ:0.9792, Signal|S|μ:9.4615, Delta|S|μ:7.6546, Delta/Signal:80.90%, Gateμ:-0.1633, Gate0%:0.0, MetaNormμ:8.4126 | Val Meta: Scaleμ:0.9792, Signal|S|μ:9.1148, Delta|S|μ:7.3766, Delta/Signal:80.93%, Gateμ:-0.1633, Gate0%:0.0, MetaNormμ:8.4126
Validation Loss decreased (1.728488 --> 1.725799). Saving best model...
Epoch  47/50 | Train Loss: 1.6499 Acc: 0.4250 F1: 0.3614 | Val Loss: 1.7089 Acc: 0.2692 F1: 0.1821 | Train Meta: Scaleμ:0.9792, Signal|S|μ:9.3978, Delta|S|μ:7.6028, Delta/Signal:80.90%, Gateμ:-0.1633, Gate0%:0.0, MetaNormμ:8.4126 | Val Meta: Scaleμ:0.9792, Signal|S|μ:9.1148, Delta|S|μ:7.3766, Delta/Signal:80.93%, Gateμ:-0.1633, Gate0%:0.0, MetaNormμ:8.4126
Validation Loss decreased (1.725799 --> 1.708915). Saving best model...
Epoch  48/50 | Train Loss: 1.6445 Acc: 0.3750 F1: 0.3042 | Val Loss: 1.7458 Acc: 0.2308 F1: 0.1615 | Train Meta: Scaleμ:0.9792, Signal|S|μ:9.7517, Delta|S|μ:7.8903, Delta/Signal:80.91%, Gateμ:-0.1633, Gate0%:0.0, MetaNormμ:8.4126 | Val Meta: Scaleμ:0.9792, Signal|S|μ:9.1148, Delta|S|μ:7.3766, Delta/Signal:80.93%, Gateμ:-0.1633, Gate0%:0.0, MetaNormμ:8.4126
Epoch  49/50 | Train Loss: 1.6526 Acc: 0.4000 F1: 0.3477 | Val Loss: 1.7248 Acc: 0.2692 F1: 0.2194 | Train Meta: Scaleμ:0.9792, Signal|S|μ:9.2145, Delta|S|μ:7.4578, Delta/Signal:80.94%, Gateμ:-0.1633, Gate0%:0.0, MetaNormμ:8.4126 | Val Meta: Scaleμ:0.9792, Signal|S|μ:9.1148, Delta|S|μ:7.3766, Delta/Signal:80.93%, Gateμ:-0.1633, Gate0%:0.0, MetaNormμ:8.4126
Epoch  50/50 | Train Loss: 1.6360 Acc: 0.4083 F1: 0.3526 | Val Loss: 1.7307 Acc: 0.2308 F1: 0.1562 | Train Meta: Scaleμ:0.9792, Signal|S|μ:9.8895, Delta|S|μ:7.9994, Delta/Signal:80.89%, Gateμ:-0.1633, Gate0%:0.0, MetaNormμ:8.4126 | Val Meta: Scaleμ:0.9792, Signal|S|μ:9.1148, Delta|S|μ:7.3766, Delta/Signal:80.93%, Gateμ:-0.1633, Gate0%:0.0, MetaNormμ:8.4126

Classification Test Result (PEMS-SF)
Accuracy : 0.277457
F1 (macro): 0.241353
Saved attention maps for 3 sample(s) under ./runs/classification_electricity_to_PEMS-SF_laya_metadata_query_gate_text_stats_joint/attention_maps
Joint metadata preview | dataset=SelfRegulationSCP1 | domain=UEA | channels=6
   - channel_1: In the UEA domain, this channel belongs to the SelfRegulationSCP1 dataset and represents the feature channel 1. Channel statistics over the training split: mean value is 0.000, standard deviation is 1.000, minimum value is -3.551, maximum value is 4.278, median value is -0.082, and mean absolute value is 0.761.
/data/pjh_workspace/ts-env/lib/python3.8/site-packages/torch/nn/modules/transformer.py:307: UserWarning: enable_nested_tensor is True, but self.use_nested_tensor is False because encoder_layer.norm_first was True
  warnings.warn(f"enable_nested_tensor is True, but self.use_nested_tensor is False because {why_not_sparsity_fast_path}")
==================================================
🚀 Architecture: LAYA
📊 Target Dataset: SelfRegulationSCP1 (Channels: 6)
📊 Pretrain Info: electricity
📊 Classes: 2 | Sequence Length: 896
==================================================
✅ Loaded pretrained encoder from ./checkpoints/electricity_laya_metadata_query_gate_text_stats_joint/laya_ts_electricity_s_best.pt
   - 104/104 keys matched.
✅ Encoder is FROZEN (Linear Probing mode).
📝 metadata: mode=text_stats_joint, fusion=none, relation=metadata_query_gate
ℹ️  Metadata Fusion Mode: none
ℹ️  Channel Mixer Relation Mode: metadata_query_gate
ℹ️  Encoder Variant: default
ℹ️  Channel Adapter: disabled for Laya downstream (mixer)
ℹ️  Channel Relation Block: disabled
✅ ClassificationHead: [B, 256] → [B, 2]
Epoch   1/50 | Train Loss: 0.6955 Acc: 0.5042 F1: 0.4996 | Val Loss: 0.6485 Acc: 0.5385 F1: 0.3500 | Train Meta: Scaleμ:0.9792, Signal|S|μ:12.7739, Delta|S|μ:11.9012, Delta/Signal:93.17%, Gateμ:-0.3263, Gate0%:0.0, MetaNormμ:8.8853 | Val Meta: Scaleμ:0.9792, Signal|S|μ:13.2971, Delta|S|μ:12.3849, Delta/Signal:93.14%, Gateμ:-0.3263, Gate0%:0.0, MetaNormμ:8.8853
Validation Loss decreased (inf --> 0.648501). Saving best model...
Epoch   2/50 | Train Loss: 0.6532 Acc: 0.6208 F1: 0.6193 | Val Loss: 0.5981 Acc: 0.8462 F1: 0.8462 | Train Meta: Scaleμ:0.9792, Signal|S|μ:10.7853, Delta|S|μ:10.0449, Delta/Signal:93.14%, Gateμ:-0.3263, Gate0%:0.0, MetaNormμ:8.8853 | Val Meta: Scaleμ:0.9792, Signal|S|μ:13.2971, Delta|S|μ:12.3849, Delta/Signal:93.14%, Gateμ:-0.3263, Gate0%:0.0, MetaNormμ:8.8853
Validation Loss decreased (0.648501 --> 0.598069). Saving best model...
Epoch   3/50 | Train Loss: 0.6275 Acc: 0.7083 F1: 0.7031 | Val Loss: 0.5588 Acc: 0.8462 F1: 0.8462 | Train Meta: Scaleμ:0.9792, Signal|S|μ:10.9736, Delta|S|μ:10.2196, Delta/Signal:93.13%, Gateμ:-0.3263, Gate0%:0.0, MetaNormμ:8.8853 | Val Meta: Scaleμ:0.9792, Signal|S|μ:13.2971, Delta|S|μ:12.3849, Delta/Signal:93.14%, Gateμ:-0.3263, Gate0%:0.0, MetaNormμ:8.8853
Validation Loss decreased (0.598069 --> 0.558846). Saving best model...
Epoch   4/50 | Train Loss: 0.6095 Acc: 0.7125 F1: 0.7119 | Val Loss: 0.5167 Acc: 0.8846 F1: 0.8844 | Train Meta: Scaleμ:0.9792, Signal|S|μ:6.4607, Delta|S|μ:6.0096, Delta/Signal:93.02%, Gateμ:-0.3263, Gate0%:0.0, MetaNormμ:8.8853 | Val Meta: Scaleμ:0.9792, Signal|S|μ:13.2971, Delta|S|μ:12.3849, Delta/Signal:93.14%, Gateμ:-0.3263, Gate0%:0.0, MetaNormμ:8.8853
Validation Loss decreased (0.558846 --> 0.516678). Saving best model...
Epoch   5/50 | Train Loss: 0.6020 Acc: 0.7208 F1: 0.7155 | Val Loss: 0.5099 Acc: 0.8462 F1: 0.8462 | Train Meta: Scaleμ:0.9792, Signal|S|μ:7.7870, Delta|S|μ:7.2437, Delta/Signal:93.02%, Gateμ:-0.3263, Gate0%:0.0, MetaNormμ:8.8853 | Val Meta: Scaleμ:0.9792, Signal|S|μ:13.2971, Delta|S|μ:12.3849, Delta/Signal:93.14%, Gateμ:-0.3263, Gate0%:0.0, MetaNormμ:8.8853
Validation Loss decreased (0.516678 --> 0.509949). Saving best model...
Epoch   6/50 | Train Loss: 0.5850 Acc: 0.7167 F1: 0.7128 | Val Loss: 0.4830 Acc: 0.8462 F1: 0.8462 | Train Meta: Scaleμ:0.9792, Signal|S|μ:8.0296, Delta|S|μ:7.4734, Delta/Signal:93.07%, Gateμ:-0.3263, Gate0%:0.0, MetaNormμ:8.8853 | Val Meta: Scaleμ:0.9792, Signal|S|μ:13.2971, Delta|S|μ:12.3849, Delta/Signal:93.14%, Gateμ:-0.3263, Gate0%:0.0, MetaNormμ:8.8853
Validation Loss decreased (0.509949 --> 0.483033). Saving best model...
Epoch   7/50 | Train Loss: 0.5793 Acc: 0.7167 F1: 0.7143 | Val Loss: 0.4687 Acc: 0.8462 F1: 0.8462 | Train Meta: Scaleμ:0.9792, Signal|S|μ:11.2785, Delta|S|μ:10.5050, Delta/Signal:93.14%, Gateμ:-0.3263, Gate0%:0.0, MetaNormμ:8.8853 | Val Meta: Scaleμ:0.9792, Signal|S|μ:13.2971, Delta|S|μ:12.3849, Delta/Signal:93.14%, Gateμ:-0.3263, Gate0%:0.0, MetaNormμ:8.8853
Validation Loss decreased (0.483033 --> 0.468671). Saving best model...
Epoch   8/50 | Train Loss: 0.5841 Acc: 0.7000 F1: 0.6939 | Val Loss: 0.4488 Acc: 0.8462 F1: 0.8462 | Train Meta: Scaleμ:0.9792, Signal|S|μ:7.8989, Delta|S|μ:7.3520, Delta/Signal:93.08%, Gateμ:-0.3263, Gate0%:0.0, MetaNormμ:8.8853 | Val Meta: Scaleμ:0.9792, Signal|S|μ:13.2971, Delta|S|μ:12.3849, Delta/Signal:93.14%, Gateμ:-0.3263, Gate0%:0.0, MetaNormμ:8.8853
Validation Loss decreased (0.468671 --> 0.448762). Saving best model...
Epoch   9/50 | Train Loss: 0.5805 Acc: 0.7000 F1: 0.6964 | Val Loss: 0.4412 Acc: 0.8462 F1: 0.8462 | Train Meta: Scaleμ:0.9792, Signal|S|μ:10.2135, Delta|S|μ:9.5124, Delta/Signal:93.14%, Gateμ:-0.3263, Gate0%:0.0, MetaNormμ:8.8853 | Val Meta: Scaleμ:0.9792, Signal|S|μ:13.2971, Delta|S|μ:12.3849, Delta/Signal:93.14%, Gateμ:-0.3263, Gate0%:0.0, MetaNormμ:8.8853
Validation Loss decreased (0.448762 --> 0.441154). Saving best model...
Epoch  10/50 | Train Loss: 0.5768 Acc: 0.7083 F1: 0.7076 | Val Loss: 0.4249 Acc: 0.8462 F1: 0.8462 | Train Meta: Scaleμ:0.9792, Signal|S|μ:11.7619, Delta|S|μ:10.9583, Delta/Signal:93.17%, Gateμ:-0.3263, Gate0%:0.0, MetaNormμ:8.8853 | Val Meta: Scaleμ:0.9792, Signal|S|μ:13.2971, Delta|S|μ:12.3849, Delta/Signal:93.14%, Gateμ:-0.3263, Gate0%:0.0, MetaNormμ:8.8853
Validation Loss decreased (0.441154 --> 0.424855). Saving best model...
Epoch  11/50 | Train Loss: 0.5677 Acc: 0.7000 F1: 0.6939 | Val Loss: 0.4434 Acc: 0.8462 F1: 0.8462 | Train Meta: Scaleμ:0.9792, Signal|S|μ:11.7952, Delta|S|μ:10.9832, Delta/Signal:93.12%, Gateμ:-0.3263, Gate0%:0.0, MetaNormμ:8.8853 | Val Meta: Scaleμ:0.9792, Signal|S|μ:13.2971, Delta|S|μ:12.3849, Delta/Signal:93.14%, Gateμ:-0.3263, Gate0%:0.0, MetaNormμ:8.8853
Epoch  12/50 | Train Loss: 0.5591 Acc: 0.7292 F1: 0.7275 | Val Loss: 0.4194 Acc: 0.8462 F1: 0.8462 | Train Meta: Scaleμ:0.9792, Signal|S|μ:8.2420, Delta|S|μ:7.6709, Delta/Signal:93.07%, Gateμ:-0.3263, Gate0%:0.0, MetaNormμ:8.8853 | Val Meta: Scaleμ:0.9792, Signal|S|μ:13.2971, Delta|S|μ:12.3849, Delta/Signal:93.14%, Gateμ:-0.3263, Gate0%:0.0, MetaNormμ:8.8853
Validation Loss decreased (0.424855 --> 0.419381). Saving best model...
Epoch  13/50 | Train Loss: 0.5672 Acc: 0.7083 F1: 0.7031 | Val Loss: 0.4545 Acc: 0.8462 F1: 0.8462 | Train Meta: Scaleμ:0.9792, Signal|S|μ:10.9013, Delta|S|μ:10.1509, Delta/Signal:93.12%, Gateμ:-0.3263, Gate0%:0.0, MetaNormμ:8.8853 | Val Meta: Scaleμ:0.9792, Signal|S|μ:13.2971, Delta|S|μ:12.3849, Delta/Signal:93.14%, Gateμ:-0.3263, Gate0%:0.0, MetaNormμ:8.8853
Epoch  14/50 | Train Loss: 0.5696 Acc: 0.7250 F1: 0.7206 | Val Loss: 0.4228 Acc: 0.8462 F1: 0.8462 | Train Meta: Scaleμ:0.9792, Signal|S|μ:11.7580, Delta|S|μ:10.9477, Delta/Signal:93.11%, Gateμ:-0.3263, Gate0%:0.0, MetaNormμ:8.8853 | Val Meta: Scaleμ:0.9792, Signal|S|μ:13.2971, Delta|S|μ:12.3849, Delta/Signal:93.14%, Gateμ:-0.3263, Gate0%:0.0, MetaNormμ:8.8853
Epoch  15/50 | Train Loss: 0.5615 Acc: 0.7167 F1: 0.7165 | Val Loss: 0.3980 Acc: 0.8462 F1: 0.8462 | Train Meta: Scaleμ:0.9792, Signal|S|μ:14.4205, Delta|S|μ:13.4344, Delta/Signal:93.16%, Gateμ:-0.3263, Gate0%:0.0, MetaNormμ:8.8853 | Val Meta: Scaleμ:0.9792, Signal|S|μ:13.2971, Delta|S|μ:12.3849, Delta/Signal:93.14%, Gateμ:-0.3263, Gate0%:0.0, MetaNormμ:8.8853
Validation Loss decreased (0.419381 --> 0.398036). Saving best model...
Epoch  16/50 | Train Loss: 0.5752 Acc: 0.7167 F1: 0.7128 | Val Loss: 0.3925 Acc: 0.8462 F1: 0.8462 | Train Meta: Scaleμ:0.9792, Signal|S|μ:9.5980, Delta|S|μ:8.9345, Delta/Signal:93.09%, Gateμ:-0.3263, Gate0%:0.0, MetaNormμ:8.8853 | Val Meta: Scaleμ:0.9792, Signal|S|μ:13.2971, Delta|S|μ:12.3849, Delta/Signal:93.14%, Gateμ:-0.3263, Gate0%:0.0, MetaNormμ:8.8853
Validation Loss decreased (0.398036 --> 0.392512). Saving best model...
Epoch  17/50 | Train Loss: 0.5637 Acc: 0.7125 F1: 0.7082 | Val Loss: 0.4550 Acc: 0.8462 F1: 0.8462 | Train Meta: Scaleμ:0.9792, Signal|S|μ:11.1247, Delta|S|μ:10.3604, Delta/Signal:93.13%, Gateμ:-0.3263, Gate0%:0.0, MetaNormμ:8.8853 | Val Meta: Scaleμ:0.9792, Signal|S|μ:13.2971, Delta|S|μ:12.3849, Delta/Signal:93.14%, Gateμ:-0.3263, Gate0%:0.0, MetaNormμ:8.8853
Epoch  18/50 | Train Loss: 0.5633 Acc: 0.7083 F1: 0.7049 | Val Loss: 0.4020 Acc: 0.8462 F1: 0.8462 | Train Meta: Scaleμ:0.9792, Signal|S|μ:9.5611, Delta|S|μ:8.9055, Delta/Signal:93.14%, Gateμ:-0.3263, Gate0%:0.0, MetaNormμ:8.8853 | Val Meta: Scaleμ:0.9792, Signal|S|μ:13.2971, Delta|S|μ:12.3849, Delta/Signal:93.14%, Gateμ:-0.3263, Gate0%:0.0, MetaNormμ:8.8853
Epoch  19/50 | Train Loss: 0.5612 Acc: 0.7208 F1: 0.7182 | Val Loss: 0.4012 Acc: 0.8462 F1: 0.8462 | Train Meta: Scaleμ:0.9792, Signal|S|μ:9.1664, Delta|S|μ:8.5287, Delta/Signal:93.04%, Gateμ:-0.3263, Gate0%:0.0, MetaNormμ:8.8853 | Val Meta: Scaleμ:0.9792, Signal|S|μ:13.2971, Delta|S|μ:12.3849, Delta/Signal:93.14%, Gateμ:-0.3263, Gate0%:0.0, MetaNormμ:8.8853
Epoch  20/50 | Train Loss: 0.5569 Acc: 0.7250 F1: 0.7194 | Val Loss: 0.4134 Acc: 0.8462 F1: 0.8462 | Train Meta: Scaleμ:0.9792, Signal|S|μ:13.5497, Delta|S|μ:12.6193, Delta/Signal:93.13%, Gateμ:-0.3263, Gate0%:0.0, MetaNormμ:8.8853 | Val Meta: Scaleμ:0.9792, Signal|S|μ:13.2971, Delta|S|μ:12.3849, Delta/Signal:93.14%, Gateμ:-0.3263, Gate0%:0.0, MetaNormμ:8.8853
Epoch  21/50 | Train Loss: 0.5592 Acc: 0.7208 F1: 0.7182 | Val Loss: 0.3976 Acc: 0.8462 F1: 0.8462 | Train Meta: Scaleμ:0.9792, Signal|S|μ:11.0387, Delta|S|μ:10.2834, Delta/Signal:93.16%, Gateμ:-0.3263, Gate0%:0.0, MetaNormμ:8.8853 | Val Meta: Scaleμ:0.9792, Signal|S|μ:13.2971, Delta|S|μ:12.3849, Delta/Signal:93.14%, Gateμ:-0.3263, Gate0%:0.0, MetaNormμ:8.8853
Epoch  22/50 | Train Loss: 0.5582 Acc: 0.7375 F1: 0.7355 | Val Loss: 0.4272 Acc: 0.8462 F1: 0.8462 | Train Meta: Scaleμ:0.9792, Signal|S|μ:12.7724, Delta|S|μ:11.8948, Delta/Signal:93.13%, Gateμ:-0.3263, Gate0%:0.0, MetaNormμ:8.8853 | Val Meta: Scaleμ:0.9792, Signal|S|μ:13.2971, Delta|S|μ:12.3849, Delta/Signal:93.14%, Gateμ:-0.3263, Gate0%:0.0, MetaNormμ:8.8853
Epoch  23/50 | Train Loss: 0.5597 Acc: 0.7167 F1: 0.7101 | Val Loss: 0.3852 Acc: 0.8462 F1: 0.8462 | Train Meta: Scaleμ:0.9792, Signal|S|μ:11.6205, Delta|S|μ:10.8173, Delta/Signal:93.09%, Gateμ:-0.3263, Gate0%:0.0, MetaNormμ:8.8853 | Val Meta: Scaleμ:0.9792, Signal|S|μ:13.2971, Delta|S|μ:12.3849, Delta/Signal:93.14%, Gateμ:-0.3263, Gate0%:0.0, MetaNormμ:8.8853
Validation Loss decreased (0.392512 --> 0.385190). Saving best model...
Epoch  24/50 | Train Loss: 0.5652 Acc: 0.7292 F1: 0.7281 | Val Loss: 0.3858 Acc: 0.8462 F1: 0.8462 | Train Meta: Scaleμ:0.9792, Signal|S|μ:8.9232, Delta|S|μ:8.3029, Delta/Signal:93.05%, Gateμ:-0.3263, Gate0%:0.0, MetaNormμ:8.8853 | Val Meta: Scaleμ:0.9792, Signal|S|μ:13.2971, Delta|S|μ:12.3849, Delta/Signal:93.14%, Gateμ:-0.3263, Gate0%:0.0, MetaNormμ:8.8853
Epoch  25/50 | Train Loss: 0.5522 Acc: 0.7125 F1: 0.7070 | Val Loss: 0.4368 Acc: 0.8462 F1: 0.8462 | Train Meta: Scaleμ:0.9792, Signal|S|μ:11.4333, Delta|S|μ:10.6556, Delta/Signal:93.20%, Gateμ:-0.3263, Gate0%:0.0, MetaNormμ:8.8853 | Val Meta: Scaleμ:0.9792, Signal|S|μ:13.2971, Delta|S|μ:12.3849, Delta/Signal:93.14%, Gateμ:-0.3263, Gate0%:0.0, MetaNormμ:8.8853
Epoch  26/50 | Train Loss: 0.5549 Acc: 0.7417 F1: 0.7386 | Val Loss: 0.4270 Acc: 0.8462 F1: 0.8462 | Train Meta: Scaleμ:0.9792, Signal|S|μ:16.5269, Delta|S|μ:15.3940, Delta/Signal:93.15%, Gateμ:-0.3263, Gate0%:0.0, MetaNormμ:8.8853 | Val Meta: Scaleμ:0.9792, Signal|S|μ:13.2971, Delta|S|μ:12.3849, Delta/Signal:93.14%, Gateμ:-0.3263, Gate0%:0.0, MetaNormμ:8.8853
Epoch  27/50 | Train Loss: 0.5576 Acc: 0.7208 F1: 0.7173 | Val Loss: 0.3764 Acc: 0.8462 F1: 0.8462 | Train Meta: Scaleμ:0.9792, Signal|S|μ:8.3979, Delta|S|μ:7.8194, Delta/Signal:93.11%, Gateμ:-0.3263, Gate0%:0.0, MetaNormμ:8.8853 | Val Meta: Scaleμ:0.9792, Signal|S|μ:13.2971, Delta|S|μ:12.3849, Delta/Signal:93.14%, Gateμ:-0.3263, Gate0%:0.0, MetaNormμ:8.8853
Validation Loss decreased (0.385190 --> 0.376388). Saving best model...
Epoch  28/50 | Train Loss: 0.5573 Acc: 0.7250 F1: 0.7206 | Val Loss: 0.3948 Acc: 0.8462 F1: 0.8462 | Train Meta: Scaleμ:0.9792, Signal|S|μ:9.7625, Delta|S|μ:9.0912, Delta/Signal:93.12%, Gateμ:-0.3263, Gate0%:0.0, MetaNormμ:8.8853 | Val Meta: Scaleμ:0.9792, Signal|S|μ:13.2971, Delta|S|μ:12.3849, Delta/Signal:93.14%, Gateμ:-0.3263, Gate0%:0.0, MetaNormμ:8.8853
Epoch  29/50 | Train Loss: 0.5587 Acc: 0.7167 F1: 0.7128 | Val Loss: 0.3996 Acc: 0.8462 F1: 0.8462 | Train Meta: Scaleμ:0.9792, Signal|S|μ:7.6862, Delta|S|μ:7.1549, Delta/Signal:93.09%, Gateμ:-0.3263, Gate0%:0.0, MetaNormμ:8.8853 | Val Meta: Scaleμ:0.9792, Signal|S|μ:13.2971, Delta|S|μ:12.3849, Delta/Signal:93.14%, Gateμ:-0.3263, Gate0%:0.0, MetaNormμ:8.8853
Epoch  30/50 | Train Loss: 0.5566 Acc: 0.7208 F1: 0.7140 | Val Loss: 0.4167 Acc: 0.8462 F1: 0.8462 | Train Meta: Scaleμ:0.9792, Signal|S|μ:13.6508, Delta|S|μ:12.7133, Delta/Signal:93.13%, Gateμ:-0.3263, Gate0%:0.0, MetaNormμ:8.8853 | Val Meta: Scaleμ:0.9792, Signal|S|μ:13.2971, Delta|S|μ:12.3849, Delta/Signal:93.14%, Gateμ:-0.3263, Gate0%:0.0, MetaNormμ:8.8853
Epoch  31/50 | Train Loss: 0.5569 Acc: 0.7375 F1: 0.7355 | Val Loss: 0.3814 Acc: 0.8462 F1: 0.8462 | Train Meta: Scaleμ:0.9792, Signal|S|μ:8.3411, Delta|S|μ:7.7628, Delta/Signal:93.07%, Gateμ:-0.3263, Gate0%:0.0, MetaNormμ:8.8853 | Val Meta: Scaleμ:0.9792, Signal|S|μ:13.2971, Delta|S|μ:12.3849, Delta/Signal:93.14%, Gateμ:-0.3263, Gate0%:0.0, MetaNormμ:8.8853
Epoch  32/50 | Train Loss: 0.5585 Acc: 0.7250 F1: 0.7194 | Val Loss: 0.4030 Acc: 0.8462 F1: 0.8462 | Train Meta: Scaleμ:0.9792, Signal|S|μ:9.5827, Delta|S|μ:8.9175, Delta/Signal:93.06%, Gateμ:-0.3263, Gate0%:0.0, MetaNormμ:8.8853 | Val Meta: Scaleμ:0.9792, Signal|S|μ:13.2971, Delta|S|μ:12.3849, Delta/Signal:93.14%, Gateμ:-0.3263, Gate0%:0.0, MetaNormμ:8.8853
Epoch  33/50 | Train Loss: 0.5661 Acc: 0.7083 F1: 0.7070 | Val Loss: 0.3777 Acc: 0.8462 F1: 0.8462 | Train Meta: Scaleμ:0.9792, Signal|S|μ:8.8469, Delta|S|μ:8.2375, Delta/Signal:93.11%, Gateμ:-0.3263, Gate0%:0.0, MetaNormμ:8.8853 | Val Meta: Scaleμ:0.9792, Signal|S|μ:13.2971, Delta|S|μ:12.3849, Delta/Signal:93.14%, Gateμ:-0.3263, Gate0%:0.0, MetaNormμ:8.8853
Epoch  34/50 | Train Loss: 0.5545 Acc: 0.7292 F1: 0.7239 | Val Loss: 0.3866 Acc: 0.8462 F1: 0.8462 | Train Meta: Scaleμ:0.9792, Signal|S|μ:9.7233, Delta|S|μ:9.0554, Delta/Signal:93.13%, Gateμ:-0.3263, Gate0%:0.0, MetaNormμ:8.8853 | Val Meta: Scaleμ:0.9792, Signal|S|μ:13.2971, Delta|S|μ:12.3849, Delta/Signal:93.14%, Gateμ:-0.3263, Gate0%:0.0, MetaNormμ:8.8853
Epoch  35/50 | Train Loss: 0.5673 Acc: 0.7208 F1: 0.7187 | Val Loss: 0.3760 Acc: 0.8462 F1: 0.8462 | Train Meta: Scaleμ:0.9792, Signal|S|μ:10.2764, Delta|S|μ:9.5630, Delta/Signal:93.06%, Gateμ:-0.3263, Gate0%:0.0, MetaNormμ:8.8853 | Val Meta: Scaleμ:0.9792, Signal|S|μ:13.2971, Delta|S|μ:12.3849, Delta/Signal:93.14%, Gateμ:-0.3263, Gate0%:0.0, MetaNormμ:8.8853
Validation Loss decreased (0.376388 --> 0.376014). Saving best model...
Epoch  36/50 | Train Loss: 0.5661 Acc: 0.7208 F1: 0.7173 | Val Loss: 0.4419 Acc: 0.8462 F1: 0.8462 | Train Meta: Scaleμ:0.9792, Signal|S|μ:10.5611, Delta|S|μ:9.8350, Delta/Signal:93.12%, Gateμ:-0.3263, Gate0%:0.0, MetaNormμ:8.8853 | Val Meta: Scaleμ:0.9792, Signal|S|μ:13.2971, Delta|S|μ:12.3849, Delta/Signal:93.14%, Gateμ:-0.3263, Gate0%:0.0, MetaNormμ:8.8853
Epoch  37/50 | Train Loss: 0.5476 Acc: 0.7333 F1: 0.7279 | Val Loss: 0.3953 Acc: 0.8462 F1: 0.8462 | Train Meta: Scaleμ:0.9792, Signal|S|μ:8.7647, Delta|S|μ:8.1650, Delta/Signal:93.16%, Gateμ:-0.3263, Gate0%:0.0, MetaNormμ:8.8853 | Val Meta: Scaleμ:0.9792, Signal|S|μ:13.2971, Delta|S|μ:12.3849, Delta/Signal:93.14%, Gateμ:-0.3263, Gate0%:0.0, MetaNormμ:8.8853
Epoch  38/50 | Train Loss: 0.5459 Acc: 0.7333 F1: 0.7302 | Val Loss: 0.4164 Acc: 0.8462 F1: 0.8462 | Train Meta: Scaleμ:0.9792, Signal|S|μ:8.3553, Delta|S|μ:7.7782, Delta/Signal:93.09%, Gateμ:-0.3263, Gate0%:0.0, MetaNormμ:8.8853 | Val Meta: Scaleμ:0.9792, Signal|S|μ:13.2971, Delta|S|μ:12.3849, Delta/Signal:93.14%, Gateμ:-0.3263, Gate0%:0.0, MetaNormμ:8.8853
Epoch  39/50 | Train Loss: 0.5550 Acc: 0.7333 F1: 0.7302 | Val Loss: 0.3932 Acc: 0.8462 F1: 0.8462 | Train Meta: Scaleμ:0.9792, Signal|S|μ:8.4133, Delta|S|μ:7.8338, Delta/Signal:93.11%, Gateμ:-0.3263, Gate0%:0.0, MetaNormμ:8.8853 | Val Meta: Scaleμ:0.9792, Signal|S|μ:13.2971, Delta|S|μ:12.3849, Delta/Signal:93.14%, Gateμ:-0.3263, Gate0%:0.0, MetaNormμ:8.8853
Epoch  40/50 | Train Loss: 0.5464 Acc: 0.7417 F1: 0.7395 | Val Loss: 0.3717 Acc: 0.8462 F1: 0.8462 | Train Meta: Scaleμ:0.9792, Signal|S|μ:7.9277, Delta|S|μ:7.3802, Delta/Signal:93.09%, Gateμ:-0.3263, Gate0%:0.0, MetaNormμ:8.8853 | Val Meta: Scaleμ:0.9792, Signal|S|μ:13.2971, Delta|S|μ:12.3849, Delta/Signal:93.14%, Gateμ:-0.3263, Gate0%:0.0, MetaNormμ:8.8853
Validation Loss decreased (0.376014 --> 0.371655). Saving best model...
Epoch  41/50 | Train Loss: 0.5525 Acc: 0.7125 F1: 0.7039 | Val Loss: 0.4227 Acc: 0.8462 F1: 0.8462 | Train Meta: Scaleμ:0.9792, Signal|S|μ:14.9910, Delta|S|μ:13.9632, Delta/Signal:93.14%, Gateμ:-0.3263, Gate0%:0.0, MetaNormμ:8.8853 | Val Meta: Scaleμ:0.9792, Signal|S|μ:13.2971, Delta|S|μ:12.3849, Delta/Signal:93.14%, Gateμ:-0.3263, Gate0%:0.0, MetaNormμ:8.8853
Epoch  42/50 | Train Loss: 0.5550 Acc: 0.7208 F1: 0.7191 | Val Loss: 0.3852 Acc: 0.8462 F1: 0.8462 | Train Meta: Scaleμ:0.9792, Signal|S|μ:10.0997, Delta|S|μ:9.4061, Delta/Signal:93.13%, Gateμ:-0.3263, Gate0%:0.0, MetaNormμ:8.8853 | Val Meta: Scaleμ:0.9792, Signal|S|μ:13.2971, Delta|S|μ:12.3849, Delta/Signal:93.14%, Gateμ:-0.3263, Gate0%:0.0, MetaNormμ:8.8853
Epoch  43/50 | Train Loss: 0.5511 Acc: 0.7333 F1: 0.7306 | Val Loss: 0.4053 Acc: 0.8462 F1: 0.8462 | Train Meta: Scaleμ:0.9792, Signal|S|μ:8.4519, Delta|S|μ:7.8732, Delta/Signal:93.15%, Gateμ:-0.3263, Gate0%:0.0, MetaNormμ:8.8853 | Val Meta: Scaleμ:0.9792, Signal|S|μ:13.2971, Delta|S|μ:12.3849, Delta/Signal:93.14%, Gateμ:-0.3263, Gate0%:0.0, MetaNormμ:8.8853
Epoch  44/50 | Train Loss: 0.5491 Acc: 0.7417 F1: 0.7386 | Val Loss: 0.3999 Acc: 0.8462 F1: 0.8462 | Train Meta: Scaleμ:0.9792, Signal|S|μ:11.6343, Delta|S|μ:10.8339, Delta/Signal:93.12%, Gateμ:-0.3263, Gate0%:0.0, MetaNormμ:8.8853 | Val Meta: Scaleμ:0.9792, Signal|S|μ:13.2971, Delta|S|μ:12.3849, Delta/Signal:93.14%, Gateμ:-0.3263, Gate0%:0.0, MetaNormμ:8.8853
Epoch  45/50 | Train Loss: 0.5445 Acc: 0.7333 F1: 0.7297 | Val Loss: 0.3812 Acc: 0.8462 F1: 0.8462 | Train Meta: Scaleμ:0.9792, Signal|S|μ:11.9868, Delta|S|μ:11.1643, Delta/Signal:93.14%, Gateμ:-0.3263, Gate0%:0.0, MetaNormμ:8.8853 | Val Meta: Scaleμ:0.9792, Signal|S|μ:13.2971, Delta|S|μ:12.3849, Delta/Signal:93.14%, Gateμ:-0.3263, Gate0%:0.0, MetaNormμ:8.8853
Epoch  46/50 | Train Loss: 0.5522 Acc: 0.7292 F1: 0.7262 | Val Loss: 0.3902 Acc: 0.8462 F1: 0.8462 | Train Meta: Scaleμ:0.9792, Signal|S|μ:7.6405, Delta|S|μ:7.1145, Delta/Signal:93.12%, Gateμ:-0.3263, Gate0%:0.0, MetaNormμ:8.8853 | Val Meta: Scaleμ:0.9792, Signal|S|μ:13.2971, Delta|S|μ:12.3849, Delta/Signal:93.14%, Gateμ:-0.3263, Gate0%:0.0, MetaNormμ:8.8853
Epoch  47/50 | Train Loss: 0.5402 Acc: 0.7292 F1: 0.7233 | Val Loss: 0.3973 Acc: 0.8462 F1: 0.8462 | Train Meta: Scaleμ:0.9792, Signal|S|μ:10.5084, Delta|S|μ:9.7858, Delta/Signal:93.12%, Gateμ:-0.3263, Gate0%:0.0, MetaNormμ:8.8853 | Val Meta: Scaleμ:0.9792, Signal|S|μ:13.2971, Delta|S|μ:12.3849, Delta/Signal:93.14%, Gateμ:-0.3263, Gate0%:0.0, MetaNormμ:8.8853
Epoch  48/50 | Train Loss: 0.5510 Acc: 0.7208 F1: 0.7161 | Val Loss: 0.4093 Acc: 0.8462 F1: 0.8462 | Train Meta: Scaleμ:0.9792, Signal|S|μ:9.0197, Delta|S|μ:8.3934, Delta/Signal:93.06%, Gateμ:-0.3263, Gate0%:0.0, MetaNormμ:8.8853 | Val Meta: Scaleμ:0.9792, Signal|S|μ:13.2971, Delta|S|μ:12.3849, Delta/Signal:93.14%, Gateμ:-0.3263, Gate0%:0.0, MetaNormμ:8.8853
Epoch  49/50 | Train Loss: 0.5527 Acc: 0.7292 F1: 0.7262 | Val Loss: 0.3742 Acc: 0.8462 F1: 0.8462 | Train Meta: Scaleμ:0.9792, Signal|S|μ:8.7605, Delta|S|μ:8.1572, Delta/Signal:93.11%, Gateμ:-0.3263, Gate0%:0.0, MetaNormμ:8.8853 | Val Meta: Scaleμ:0.9792, Signal|S|μ:13.2971, Delta|S|μ:12.3849, Delta/Signal:93.14%, Gateμ:-0.3263, Gate0%:0.0, MetaNormμ:8.8853
Epoch  50/50 | Train Loss: 0.5496 Acc: 0.7500 F1: 0.7479 | Val Loss: 0.3796 Acc: 0.8462 F1: 0.8462 | Train Meta: Scaleμ:0.9792, Signal|S|μ:9.5949, Delta|S|μ:8.9306, Delta/Signal:93.08%, Gateμ:-0.3263, Gate0%:0.0, MetaNormμ:8.8853 | Val Meta: Scaleμ:0.9792, Signal|S|μ:13.2971, Delta|S|μ:12.3849, Delta/Signal:93.14%, Gateμ:-0.3263, Gate0%:0.0, MetaNormμ:8.8853

Classification Test Result (SelfRegulationSCP1)
Accuracy : 0.784983
F1 (macro): 0.777990
Saved attention maps for 3 sample(s) under ./runs/classification_electricity_to_SelfRegulationSCP1_laya_metadata_query_gate_text_stats_joint/attention_maps
Joint metadata preview | dataset=SelfRegulationSCP2 | domain=UEA | channels=7
   - channel_1: In the UEA domain, this channel belongs to the SelfRegulationSCP2 dataset and represents the feature channel 1. Channel statistics over the training split: mean value is -0.000, standard deviation is 1.000, minimum value is -4.648, maximum value is 5.579, median value is 0.006, and mean absolute value is 0.774.
/data/pjh_workspace/ts-env/lib/python3.8/site-packages/torch/nn/modules/transformer.py:307: UserWarning: enable_nested_tensor is True, but self.use_nested_tensor is False because encoder_layer.norm_first was True
  warnings.warn(f"enable_nested_tensor is True, but self.use_nested_tensor is False because {why_not_sparsity_fast_path}")
==================================================
🚀 Architecture: LAYA
📊 Target Dataset: SelfRegulationSCP2 (Channels: 7)
📊 Pretrain Info: electricity
📊 Classes: 2 | Sequence Length: 1152
==================================================
✅ Loaded pretrained encoder from ./checkpoints/electricity_laya_metadata_query_gate_text_stats_joint/laya_ts_electricity_s_best.pt
   - 104/104 keys matched.
✅ Encoder is FROZEN (Linear Probing mode).
📝 metadata: mode=text_stats_joint, fusion=none, relation=metadata_query_gate
ℹ️  Metadata Fusion Mode: none
ℹ️  Channel Mixer Relation Mode: metadata_query_gate
ℹ️  Encoder Variant: default
ℹ️  Channel Adapter: disabled for Laya downstream (mixer)
ℹ️  Channel Relation Block: disabled
✅ ClassificationHead: [B, 256] → [B, 2]
Epoch   1/50 | Train Loss: 0.6830 Acc: 0.5455 F1: 0.5455 | Val Loss: 0.6813 Acc: 0.6000 F1: 0.3750 | Train Meta: Scaleμ:0.9792, Signal|S|μ:9.4789, Delta|S|μ:8.4978, Delta/Signal:89.65%, Gateμ:-0.2931, Gate0%:0.0, MetaNormμ:8.8314 | Val Meta: Scaleμ:0.9792, Signal|S|μ:11.1917, Delta|S|μ:10.0367, Delta/Signal:89.68%, Gateμ:-0.2931, Gate0%:0.0, MetaNormμ:8.8314
Validation Loss decreased (inf --> 0.681319). Saving best model...
Epoch   2/50 | Train Loss: 0.6856 Acc: 0.5114 F1: 0.5005 | Val Loss: 0.7438 Acc: 0.4000 F1: 0.2857 | Train Meta: Scaleμ:0.9792, Signal|S|μ:10.3531, Delta|S|μ:9.2845, Delta/Signal:89.68%, Gateμ:-0.2931, Gate0%:0.0, MetaNormμ:8.8314 | Val Meta: Scaleμ:0.9792, Signal|S|μ:11.1917, Delta|S|μ:10.0367, Delta/Signal:89.68%, Gateμ:-0.2931, Gate0%:0.0, MetaNormμ:8.8314
Epoch   3/50 | Train Loss: 0.6997 Acc: 0.5114 F1: 0.4900 | Val Loss: 0.7142 Acc: 0.6000 F1: 0.5960 | Train Meta: Scaleμ:0.9792, Signal|S|μ:9.4387, Delta|S|μ:8.4615, Delta/Signal:89.65%, Gateμ:-0.2931, Gate0%:0.0, MetaNormμ:8.8314 | Val Meta: Scaleμ:0.9792, Signal|S|μ:11.1917, Delta|S|μ:10.0367, Delta/Signal:89.68%, Gateμ:-0.2931, Gate0%:0.0, MetaNormμ:8.8314
Epoch   4/50 | Train Loss: 0.6908 Acc: 0.5227 F1: 0.4202 | Val Loss: 0.7143 Acc: 0.6000 F1: 0.5960 | Train Meta: Scaleμ:0.9792, Signal|S|μ:9.4616, Delta|S|μ:8.4835, Delta/Signal:89.66%, Gateμ:-0.2931, Gate0%:0.0, MetaNormμ:8.8314 | Val Meta: Scaleμ:0.9792, Signal|S|μ:11.1917, Delta|S|μ:10.0367, Delta/Signal:89.68%, Gateμ:-0.2931, Gate0%:0.0, MetaNormμ:8.8314
Epoch   5/50 | Train Loss: 0.6790 Acc: 0.5398 F1: 0.5250 | Val Loss: 0.7093 Acc: 0.4500 F1: 0.4373 | Train Meta: Scaleμ:0.9792, Signal|S|μ:11.6343, Delta|S|μ:10.4333, Delta/Signal:89.68%, Gateμ:-0.2931, Gate0%:0.0, MetaNormμ:8.8314 | Val Meta: Scaleμ:0.9792, Signal|S|μ:11.1917, Delta|S|μ:10.0367, Delta/Signal:89.68%, Gateμ:-0.2931, Gate0%:0.0, MetaNormμ:8.8314
Epoch   6/50 | Train Loss: 0.6858 Acc: 0.5227 F1: 0.5152 | Val Loss: 0.7505 Acc: 0.4000 F1: 0.2857 | Train Meta: Scaleμ:0.9792, Signal|S|μ:12.9054, Delta|S|μ:11.5720, Delta/Signal:89.67%, Gateμ:-0.2931, Gate0%:0.0, MetaNormμ:8.8314 | Val Meta: Scaleμ:0.9792, Signal|S|μ:11.1917, Delta|S|μ:10.0367, Delta/Signal:89.68%, Gateμ:-0.2931, Gate0%:0.0, MetaNormμ:8.8314
Epoch   7/50 | Train Loss: 0.6760 Acc: 0.5227 F1: 0.4731 | Val Loss: 0.6984 Acc: 0.4500 F1: 0.4133 | Train Meta: Scaleμ:0.9792, Signal|S|μ:10.9033, Delta|S|μ:9.7778, Delta/Signal:89.68%, Gateμ:-0.2931, Gate0%:0.0, MetaNormμ:8.8314 | Val Meta: Scaleμ:0.9792, Signal|S|μ:11.1917, Delta|S|μ:10.0367, Delta/Signal:89.68%, Gateμ:-0.2931, Gate0%:0.0, MetaNormμ:8.8314
Epoch   8/50 | Train Loss: 0.6760 Acc: 0.5284 F1: 0.5013 | Val Loss: 0.7035 Acc: 0.4000 F1: 0.3750 | Train Meta: Scaleμ:0.9792, Signal|S|μ:8.6242, Delta|S|μ:7.7331, Delta/Signal:89.67%, Gateμ:-0.2931, Gate0%:0.0, MetaNormμ:8.8314 | Val Meta: Scaleμ:0.9792, Signal|S|μ:11.1917, Delta|S|μ:10.0367, Delta/Signal:89.68%, Gateμ:-0.2931, Gate0%:0.0, MetaNormμ:8.8314
Epoch   9/50 | Train Loss: 0.6793 Acc: 0.4886 F1: 0.4578 | Val Loss: 0.7058 Acc: 0.5000 F1: 0.4949 | Train Meta: Scaleμ:0.9792, Signal|S|μ:6.5806, Delta|S|μ:5.8973, Delta/Signal:89.62%, Gateμ:-0.2931, Gate0%:0.0, MetaNormμ:8.8314 | Val Meta: Scaleμ:0.9792, Signal|S|μ:11.1917, Delta|S|μ:10.0367, Delta/Signal:89.68%, Gateμ:-0.2931, Gate0%:0.0, MetaNormμ:8.8314
Epoch  10/50 | Train Loss: 0.6790 Acc: 0.5227 F1: 0.5103 | Val Loss: 0.7280 Acc: 0.4000 F1: 0.3407 | Train Meta: Scaleμ:0.9792, Signal|S|μ:9.1600, Delta|S|μ:8.2103, Delta/Signal:89.63%, Gateμ:-0.2931, Gate0%:0.0, MetaNormμ:8.8314 | Val Meta: Scaleμ:0.9792, Signal|S|μ:11.1917, Delta|S|μ:10.0367, Delta/Signal:89.68%, Gateμ:-0.2931, Gate0%:0.0, MetaNormμ:8.8314
Epoch  11/50 | Train Loss: 0.6694 Acc: 0.5568 F1: 0.5028 | Val Loss: 0.7113 Acc: 0.5500 F1: 0.5489 | Train Meta: Scaleμ:0.9792, Signal|S|μ:11.2147, Delta|S|μ:10.0564, Delta/Signal:89.67%, Gateμ:-0.2931, Gate0%:0.0, MetaNormμ:8.8314 | Val Meta: Scaleμ:0.9792, Signal|S|μ:11.1917, Delta|S|μ:10.0367, Delta/Signal:89.68%, Gateμ:-0.2931, Gate0%:0.0, MetaNormμ:8.8314
Epoch  12/50 | Train Loss: 0.6907 Acc: 0.5341 F1: 0.4932 | Val Loss: 0.7341 Acc: 0.3500 F1: 0.2593 | Train Meta: Scaleμ:0.9792, Signal|S|μ:10.9095, Delta|S|μ:9.7819, Delta/Signal:89.66%, Gateμ:-0.2931, Gate0%:0.0, MetaNormμ:8.8314 | Val Meta: Scaleμ:0.9792, Signal|S|μ:11.1917, Delta|S|μ:10.0367, Delta/Signal:89.68%, Gateμ:-0.2931, Gate0%:0.0, MetaNormμ:8.8314
Epoch  13/50 | Train Loss: 0.6754 Acc: 0.5114 F1: 0.5062 | Val Loss: 0.7163 Acc: 0.6000 F1: 0.5960 | Train Meta: Scaleμ:0.9792, Signal|S|μ:9.0674, Delta|S|μ:8.1275, Delta/Signal:89.63%, Gateμ:-0.2931, Gate0%:0.0, MetaNormμ:8.8314 | Val Meta: Scaleμ:0.9792, Signal|S|μ:11.1917, Delta|S|μ:10.0367, Delta/Signal:89.68%, Gateμ:-0.2931, Gate0%:0.0, MetaNormμ:8.8314
Epoch  14/50 | Train Loss: 0.6749 Acc: 0.5284 F1: 0.4539 | Val Loss: 0.7190 Acc: 0.6000 F1: 0.5960 | Train Meta: Scaleμ:0.9792, Signal|S|μ:12.3998, Delta|S|μ:11.1219, Delta/Signal:89.69%, Gateμ:-0.2931, Gate0%:0.0, MetaNormμ:8.8314 | Val Meta: Scaleμ:0.9792, Signal|S|μ:11.1917, Delta|S|μ:10.0367, Delta/Signal:89.68%, Gateμ:-0.2931, Gate0%:0.0, MetaNormμ:8.8314
Epoch  15/50 | Train Loss: 0.6713 Acc: 0.5398 F1: 0.5230 | Val Loss: 0.7089 Acc: 0.4500 F1: 0.4486 | Train Meta: Scaleμ:0.9792, Signal|S|μ:12.2080, Delta|S|μ:10.9462, Delta/Signal:89.66%, Gateμ:-0.2931, Gate0%:0.0, MetaNormμ:8.8314 | Val Meta: Scaleμ:0.9792, Signal|S|μ:11.1917, Delta|S|μ:10.0367, Delta/Signal:89.68%, Gateμ:-0.2931, Gate0%:0.0, MetaNormμ:8.8314
Epoch  16/50 | Train Loss: 0.6678 Acc: 0.5398 F1: 0.5354 | Val Loss: 0.7209 Acc: 0.6000 F1: 0.5960 | Train Meta: Scaleμ:0.9792, Signal|S|μ:8.6089, Delta|S|μ:7.7173, Delta/Signal:89.64%, Gateμ:-0.2931, Gate0%:0.0, MetaNormμ:8.8314 | Val Meta: Scaleμ:0.9792, Signal|S|μ:11.1917, Delta|S|μ:10.0367, Delta/Signal:89.68%, Gateμ:-0.2931, Gate0%:0.0, MetaNormμ:8.8314
Epoch  17/50 | Train Loss: 0.6829 Acc: 0.5227 F1: 0.4690 | Val Loss: 0.7072 Acc: 0.4500 F1: 0.4486 | Train Meta: Scaleμ:0.9792, Signal|S|μ:10.9808, Delta|S|μ:9.8459, Delta/Signal:89.66%, Gateμ:-0.2931, Gate0%:0.0, MetaNormμ:8.8314 | Val Meta: Scaleμ:0.9792, Signal|S|μ:11.1917, Delta|S|μ:10.0367, Delta/Signal:89.68%, Gateμ:-0.2931, Gate0%:0.0, MetaNormμ:8.8314
Epoch  18/50 | Train Loss: 0.6774 Acc: 0.5455 F1: 0.5337 | Val Loss: 0.7274 Acc: 0.4500 F1: 0.4133 | Train Meta: Scaleμ:0.9792, Signal|S|μ:10.6029, Delta|S|μ:9.5089, Delta/Signal:89.68%, Gateμ:-0.2931, Gate0%:0.0, MetaNormμ:8.8314 | Val Meta: Scaleμ:0.9792, Signal|S|μ:11.1917, Delta|S|μ:10.0367, Delta/Signal:89.68%, Gateμ:-0.2931, Gate0%:0.0, MetaNormμ:8.8314
Epoch  19/50 | Train Loss: 0.6666 Acc: 0.5455 F1: 0.5395 | Val Loss: 0.7090 Acc: 0.5000 F1: 0.5000 | Train Meta: Scaleμ:0.9792, Signal|S|μ:12.9926, Delta|S|μ:11.6556, Delta/Signal:89.71%, Gateμ:-0.2931, Gate0%:0.0, MetaNormμ:8.8314 | Val Meta: Scaleμ:0.9792, Signal|S|μ:11.1917, Delta|S|μ:10.0367, Delta/Signal:89.68%, Gateμ:-0.2931, Gate0%:0.0, MetaNormμ:8.8314
Epoch  20/50 | Train Loss: 0.6688 Acc: 0.5455 F1: 0.5319 | Val Loss: 0.7268 Acc: 0.4500 F1: 0.4133 | Train Meta: Scaleμ:0.9792, Signal|S|μ:10.4406, Delta|S|μ:9.3597, Delta/Signal:89.65%, Gateμ:-0.2931, Gate0%:0.0, MetaNormμ:8.8314 | Val Meta: Scaleμ:0.9792, Signal|S|μ:11.1917, Delta|S|μ:10.0367, Delta/Signal:89.68%, Gateμ:-0.2931, Gate0%:0.0, MetaNormμ:8.8314
Epoch  21/50 | Train Loss: 0.6750 Acc: 0.5568 F1: 0.5540 | Val Loss: 0.7517 Acc: 0.4000 F1: 0.2857 | Train Meta: Scaleμ:0.9792, Signal|S|μ:9.9896, Delta|S|μ:8.9567, Delta/Signal:89.66%, Gateμ:-0.2931, Gate0%:0.0, MetaNormμ:8.8314 | Val Meta: Scaleμ:0.9792, Signal|S|μ:11.1917, Delta|S|μ:10.0367, Delta/Signal:89.68%, Gateμ:-0.2931, Gate0%:0.0, MetaNormμ:8.8314
Epoch  22/50 | Train Loss: 0.6777 Acc: 0.5398 F1: 0.5185 | Val Loss: 0.6840 Acc: 0.5500 F1: 0.4872 | Train Meta: Scaleμ:0.9792, Signal|S|μ:11.8918, Delta|S|μ:10.6601, Delta/Signal:89.64%, Gateμ:-0.2931, Gate0%:0.0, MetaNormμ:8.8314 | Val Meta: Scaleμ:0.9792, Signal|S|μ:11.1917, Delta|S|μ:10.0367, Delta/Signal:89.68%, Gateμ:-0.2931, Gate0%:0.0, MetaNormμ:8.8314
Epoch  23/50 | Train Loss: 0.6718 Acc: 0.5455 F1: 0.5152 | Val Loss: 0.7477 Acc: 0.3500 F1: 0.2593 | Train Meta: Scaleμ:0.9792, Signal|S|μ:8.6533, Delta|S|μ:7.7587, Delta/Signal:89.66%, Gateμ:-0.2931, Gate0%:0.0, MetaNormμ:8.8314 | Val Meta: Scaleμ:0.9792, Signal|S|μ:11.1917, Delta|S|μ:10.0367, Delta/Signal:89.68%, Gateμ:-0.2931, Gate0%:0.0, MetaNormμ:8.8314
Epoch  24/50 | Train Loss: 0.6730 Acc: 0.5511 F1: 0.4751 | Val Loss: 0.7053 Acc: 0.5500 F1: 0.5489 | Train Meta: Scaleμ:0.9792, Signal|S|μ:10.9427, Delta|S|μ:9.8126, Delta/Signal:89.67%, Gateμ:-0.2931, Gate0%:0.0, MetaNormμ:8.8314 | Val Meta: Scaleμ:0.9792, Signal|S|μ:11.1917, Delta|S|μ:10.0367, Delta/Signal:89.68%, Gateμ:-0.2931, Gate0%:0.0, MetaNormμ:8.8314
Epoch  25/50 | Train Loss: 0.6703 Acc: 0.5398 F1: 0.5044 | Val Loss: 0.7156 Acc: 0.5500 F1: 0.5489 | Train Meta: Scaleμ:0.9792, Signal|S|μ:8.4825, Delta|S|μ:7.6042, Delta/Signal:89.65%, Gateμ:-0.2931, Gate0%:0.0, MetaNormμ:8.8314 | Val Meta: Scaleμ:0.9792, Signal|S|μ:11.1917, Delta|S|μ:10.0367, Delta/Signal:89.68%, Gateμ:-0.2931, Gate0%:0.0, MetaNormμ:8.8314
Epoch  26/50 | Train Loss: 0.6851 Acc: 0.5227 F1: 0.4390 | Val Loss: 0.7091 Acc: 0.5500 F1: 0.5489 | Train Meta: Scaleμ:0.9792, Signal|S|μ:8.5660, Delta|S|μ:7.6794, Delta/Signal:89.65%, Gateμ:-0.2931, Gate0%:0.0, MetaNormμ:8.8314 | Val Meta: Scaleμ:0.9792, Signal|S|μ:11.1917, Delta|S|μ:10.0367, Delta/Signal:89.68%, Gateμ:-0.2931, Gate0%:0.0, MetaNormμ:8.8314
Epoch  27/50 | Train Loss: 0.6727 Acc: 0.5341 F1: 0.5237 | Val Loss: 0.7200 Acc: 0.6000 F1: 0.5960 | Train Meta: Scaleμ:0.9792, Signal|S|μ:12.8583, Delta|S|μ:11.5322, Delta/Signal:89.69%, Gateμ:-0.2931, Gate0%:0.0, MetaNormμ:8.8314 | Val Meta: Scaleμ:0.9792, Signal|S|μ:11.1917, Delta|S|μ:10.0367, Delta/Signal:89.68%, Gateμ:-0.2931, Gate0%:0.0, MetaNormμ:8.8314
Epoch  28/50 | Train Loss: 0.6701 Acc: 0.5227 F1: 0.5165 | Val Loss: 0.7161 Acc: 0.5500 F1: 0.5489 | Train Meta: Scaleμ:0.9792, Signal|S|μ:11.5700, Delta|S|μ:10.3750, Delta/Signal:89.67%, Gateμ:-0.2931, Gate0%:0.0, MetaNormμ:8.8314 | Val Meta: Scaleμ:0.9792, Signal|S|μ:11.1917, Delta|S|μ:10.0367, Delta/Signal:89.68%, Gateμ:-0.2931, Gate0%:0.0, MetaNormμ:8.8314
Epoch  29/50 | Train Loss: 0.6621 Acc: 0.5682 F1: 0.5636 | Val Loss: 0.7117 Acc: 0.5500 F1: 0.5489 | Train Meta: Scaleμ:0.9792, Signal|S|μ:10.7048, Delta|S|μ:9.5998, Delta/Signal:89.68%, Gateμ:-0.2931, Gate0%:0.0, MetaNormμ:8.8314 | Val Meta: Scaleμ:0.9792, Signal|S|μ:11.1917, Delta|S|μ:10.0367, Delta/Signal:89.68%, Gateμ:-0.2931, Gate0%:0.0, MetaNormμ:8.8314
Epoch  30/50 | Train Loss: 0.6662 Acc: 0.5284 F1: 0.5228 | Val Loss: 0.7177 Acc: 0.5500 F1: 0.5489 | Train Meta: Scaleμ:0.9792, Signal|S|μ:10.6101, Delta|S|μ:9.5111, Delta/Signal:89.64%, Gateμ:-0.2931, Gate0%:0.0, MetaNormμ:8.8314 | Val Meta: Scaleμ:0.9792, Signal|S|μ:11.1917, Delta|S|μ:10.0367, Delta/Signal:89.68%, Gateμ:-0.2931, Gate0%:0.0, MetaNormμ:8.8314
Epoch  31/50 | Train Loss: 0.6667 Acc: 0.5284 F1: 0.5277 | Val Loss: 0.7173 Acc: 0.5500 F1: 0.5489 | Train Meta: Scaleμ:0.9792, Signal|S|μ:13.4939, Delta|S|μ:12.1026, Delta/Signal:89.69%, Gateμ:-0.2931, Gate0%:0.0, MetaNormμ:8.8314 | Val Meta: Scaleμ:0.9792, Signal|S|μ:11.1917, Delta|S|μ:10.0367, Delta/Signal:89.68%, Gateμ:-0.2931, Gate0%:0.0, MetaNormμ:8.8314
Epoch  32/50 | Train Loss: 0.6714 Acc: 0.5568 F1: 0.5179 | Val Loss: 0.7149 Acc: 0.5500 F1: 0.5489 | Train Meta: Scaleμ:0.9792, Signal|S|μ:11.2893, Delta|S|μ:10.1255, Delta/Signal:89.69%, Gateμ:-0.2931, Gate0%:0.0, MetaNormμ:8.8314 | Val Meta: Scaleμ:0.9792, Signal|S|μ:11.1917, Delta|S|μ:10.0367, Delta/Signal:89.68%, Gateμ:-0.2931, Gate0%:0.0, MetaNormμ:8.8314
Epoch  33/50 | Train Loss: 0.6835 Acc: 0.5284 F1: 0.4954 | Val Loss: 0.7139 Acc: 0.5500 F1: 0.5489 | Train Meta: Scaleμ:0.9792, Signal|S|μ:12.6793, Delta|S|μ:11.3713, Delta/Signal:89.68%, Gateμ:-0.2931, Gate0%:0.0, MetaNormμ:8.8314 | Val Meta: Scaleμ:0.9792, Signal|S|μ:11.1917, Delta|S|μ:10.0367, Delta/Signal:89.68%, Gateμ:-0.2931, Gate0%:0.0, MetaNormμ:8.8314
Epoch  34/50 | Train Loss: 0.6798 Acc: 0.5398 F1: 0.4769 | Val Loss: 0.7082 Acc: 0.5500 F1: 0.5489 | Train Meta: Scaleμ:0.9792, Signal|S|μ:11.8734, Delta|S|μ:10.6455, Delta/Signal:89.66%, Gateμ:-0.2931, Gate0%:0.0, MetaNormμ:8.8314 | Val Meta: Scaleμ:0.9792, Signal|S|μ:11.1917, Delta|S|μ:10.0367, Delta/Signal:89.68%, Gateμ:-0.2931, Gate0%:0.0, MetaNormμ:8.8314
Epoch  35/50 | Train Loss: 0.6758 Acc: 0.5852 F1: 0.5614 | Val Loss: 0.7128 Acc: 0.6000 F1: 0.5960 | Train Meta: Scaleμ:0.9792, Signal|S|μ:11.0010, Delta|S|μ:9.8659, Delta/Signal:89.68%, Gateμ:-0.2931, Gate0%:0.0, MetaNormμ:8.8314 | Val Meta: Scaleμ:0.9792, Signal|S|μ:11.1917, Delta|S|μ:10.0367, Delta/Signal:89.68%, Gateμ:-0.2931, Gate0%:0.0, MetaNormμ:8.8314
Epoch  36/50 | Train Loss: 0.6738 Acc: 0.5739 F1: 0.5199 | Val Loss: 0.7164 Acc: 0.5500 F1: 0.5396 | Train Meta: Scaleμ:0.9792, Signal|S|μ:12.3710, Delta|S|μ:11.0928, Delta/Signal:89.67%, Gateμ:-0.2931, Gate0%:0.0, MetaNormμ:8.8314 | Val Meta: Scaleμ:0.9792, Signal|S|μ:11.1917, Delta|S|μ:10.0367, Delta/Signal:89.68%, Gateμ:-0.2931, Gate0%:0.0, MetaNormμ:8.8314
Epoch  37/50 | Train Loss: 0.6701 Acc: 0.5511 F1: 0.5280 | Val Loss: 0.6973 Acc: 0.5500 F1: 0.5489 | Train Meta: Scaleμ:0.9792, Signal|S|μ:8.8521, Delta|S|μ:7.9363, Delta/Signal:89.65%, Gateμ:-0.2931, Gate0%:0.0, MetaNormμ:8.8314 | Val Meta: Scaleμ:0.9792, Signal|S|μ:11.1917, Delta|S|μ:10.0367, Delta/Signal:89.68%, Gateμ:-0.2931, Gate0%:0.0, MetaNormμ:8.8314
Epoch  38/50 | Train Loss: 0.7056 Acc: 0.4773 F1: 0.4353 | Val Loss: 0.6868 Acc: 0.5000 F1: 0.4505 | Train Meta: Scaleμ:0.9792, Signal|S|μ:11.4820, Delta|S|μ:10.2954, Delta/Signal:89.67%, Gateμ:-0.2931, Gate0%:0.0, MetaNormμ:8.8314 | Val Meta: Scaleμ:0.9792, Signal|S|μ:11.1917, Delta|S|μ:10.0367, Delta/Signal:89.68%, Gateμ:-0.2931, Gate0%:0.0, MetaNormμ:8.8314
Epoch  39/50 | Train Loss: 0.6654 Acc: 0.5795 F1: 0.5716 | Val Loss: 0.7413 Acc: 0.4000 F1: 0.3407 | Train Meta: Scaleμ:0.9792, Signal|S|μ:9.8634, Delta|S|μ:8.8487, Delta/Signal:89.71%, Gateμ:-0.2931, Gate0%:0.0, MetaNormμ:8.8314 | Val Meta: Scaleμ:0.9792, Signal|S|μ:11.1917, Delta|S|μ:10.0367, Delta/Signal:89.68%, Gateμ:-0.2931, Gate0%:0.0, MetaNormμ:8.8314
Epoch  40/50 | Train Loss: 0.6662 Acc: 0.5568 F1: 0.4791 | Val Loss: 0.7166 Acc: 0.5500 F1: 0.5396 | Train Meta: Scaleμ:0.9792, Signal|S|μ:8.0950, Delta|S|μ:7.2600, Delta/Signal:89.68%, Gateμ:-0.2931, Gate0%:0.0, MetaNormμ:8.8314 | Val Meta: Scaleμ:0.9792, Signal|S|μ:11.1917, Delta|S|μ:10.0367, Delta/Signal:89.68%, Gateμ:-0.2931, Gate0%:0.0, MetaNormμ:8.8314
Epoch  41/50 | Train Loss: 0.6717 Acc: 0.6080 F1: 0.5970 | Val Loss: 0.6960 Acc: 0.4500 F1: 0.4373 | Train Meta: Scaleμ:0.9792, Signal|S|μ:7.5227, Delta|S|μ:6.7440, Delta/Signal:89.65%, Gateμ:-0.2931, Gate0%:0.0, MetaNormμ:8.8314 | Val Meta: Scaleμ:0.9792, Signal|S|μ:11.1917, Delta|S|μ:10.0367, Delta/Signal:89.68%, Gateμ:-0.2931, Gate0%:0.0, MetaNormμ:8.8314
Epoch  42/50 | Train Loss: 0.6630 Acc: 0.5682 F1: 0.5585 | Val Loss: 0.7297 Acc: 0.4500 F1: 0.4133 | Train Meta: Scaleμ:0.9792, Signal|S|μ:11.6931, Delta|S|μ:10.4845, Delta/Signal:89.66%, Gateμ:-0.2931, Gate0%:0.0, MetaNormμ:8.8314 | Val Meta: Scaleμ:0.9792, Signal|S|μ:11.1917, Delta|S|μ:10.0367, Delta/Signal:89.68%, Gateμ:-0.2931, Gate0%:0.0, MetaNormμ:8.8314
Epoch  43/50 | Train Loss: 0.6697 Acc: 0.5511 F1: 0.5304 | Val Loss: 0.6888 Acc: 0.5000 F1: 0.4505 | Train Meta: Scaleμ:0.9792, Signal|S|μ:9.6867, Delta|S|μ:8.6845, Delta/Signal:89.65%, Gateμ:-0.2931, Gate0%:0.0, MetaNormμ:8.8314 | Val Meta: Scaleμ:0.9792, Signal|S|μ:11.1917, Delta|S|μ:10.0367, Delta/Signal:89.68%, Gateμ:-0.2931, Gate0%:0.0, MetaNormμ:8.8314
Epoch  44/50 | Train Loss: 0.6723 Acc: 0.5625 F1: 0.5593 | Val Loss: 0.7534 Acc: 0.4000 F1: 0.2857 | Train Meta: Scaleμ:0.9792, Signal|S|μ:12.6768, Delta|S|μ:11.3709, Delta/Signal:89.70%, Gateμ:-0.2931, Gate0%:0.0, MetaNormμ:8.8314 | Val Meta: Scaleμ:0.9792, Signal|S|μ:11.1917, Delta|S|μ:10.0367, Delta/Signal:89.68%, Gateμ:-0.2931, Gate0%:0.0, MetaNormμ:8.8314
Epoch  45/50 | Train Loss: 0.6681 Acc: 0.5227 F1: 0.5084 | Val Loss: 0.6986 Acc: 0.5500 F1: 0.5396 | Train Meta: Scaleμ:0.9792, Signal|S|μ:8.6989, Delta|S|μ:7.7998, Delta/Signal:89.66%, Gateμ:-0.2931, Gate0%:0.0, MetaNormμ:8.8314 | Val Meta: Scaleμ:0.9792, Signal|S|μ:11.1917, Delta|S|μ:10.0367, Delta/Signal:89.68%, Gateμ:-0.2931, Gate0%:0.0, MetaNormμ:8.8314
Epoch  46/50 | Train Loss: 0.6627 Acc: 0.5682 F1: 0.5646 | Val Loss: 0.7466 Acc: 0.4000 F1: 0.3407 | Train Meta: Scaleμ:0.9792, Signal|S|μ:10.1048, Delta|S|μ:9.0598, Delta/Signal:89.66%, Gateμ:-0.2931, Gate0%:0.0, MetaNormμ:8.8314 | Val Meta: Scaleμ:0.9792, Signal|S|μ:11.1917, Delta|S|μ:10.0367, Delta/Signal:89.68%, Gateμ:-0.2931, Gate0%:0.0, MetaNormμ:8.8314
Epoch  47/50 | Train Loss: 0.6659 Acc: 0.5568 F1: 0.5273 | Val Loss: 0.7098 Acc: 0.5000 F1: 0.4949 | Train Meta: Scaleμ:0.9792, Signal|S|μ:12.4793, Delta|S|μ:11.1938, Delta/Signal:89.70%, Gateμ:-0.2931, Gate0%:0.0, MetaNormμ:8.8314 | Val Meta: Scaleμ:0.9792, Signal|S|μ:11.1917, Delta|S|μ:10.0367, Delta/Signal:89.68%, Gateμ:-0.2931, Gate0%:0.0, MetaNormμ:8.8314
Epoch  48/50 | Train Loss: 0.6657 Acc: 0.5568 F1: 0.5566 | Val Loss: 0.7233 Acc: 0.4500 F1: 0.4133 | Train Meta: Scaleμ:0.9792, Signal|S|μ:8.8899, Delta|S|μ:7.9704, Delta/Signal:89.66%, Gateμ:-0.2931, Gate0%:0.0, MetaNormμ:8.8314 | Val Meta: Scaleμ:0.9792, Signal|S|μ:11.1917, Delta|S|μ:10.0367, Delta/Signal:89.68%, Gateμ:-0.2931, Gate0%:0.0, MetaNormμ:8.8314
Epoch  49/50 | Train Loss: 0.6643 Acc: 0.5625 F1: 0.5584 | Val Loss: 0.6978 Acc: 0.5500 F1: 0.5489 | Train Meta: Scaleμ:0.9792, Signal|S|μ:9.4439, Delta|S|μ:8.4703, Delta/Signal:89.69%, Gateμ:-0.2931, Gate0%:0.0, MetaNormμ:8.8314 | Val Meta: Scaleμ:0.9792, Signal|S|μ:11.1917, Delta|S|μ:10.0367, Delta/Signal:89.68%, Gateμ:-0.2931, Gate0%:0.0, MetaNormμ:8.8314
Epoch  50/50 | Train Loss: 0.6627 Acc: 0.5852 F1: 0.5813 | Val Loss: 0.7214 Acc: 0.4500 F1: 0.4133 | Train Meta: Scaleμ:0.9792, Signal|S|μ:10.8148, Delta|S|μ:9.6991, Delta/Signal:89.68%, Gateμ:-0.2931, Gate0%:0.0, MetaNormμ:8.8314 | Val Meta: Scaleμ:0.9792, Signal|S|μ:11.1917, Delta|S|μ:10.0367, Delta/Signal:89.68%, Gateμ:-0.2931, Gate0%:0.0, MetaNormμ:8.8314

Classification Test Result (SelfRegulationSCP2)
Accuracy : 0.500000
F1 (macro): 0.333333
Saved attention maps for 3 sample(s) under ./runs/classification_electricity_to_SelfRegulationSCP2_laya_metadata_query_gate_text_stats_joint/attention_maps
Joint metadata preview | dataset=SpokenArabicDigits | domain=UEA | channels=13
   - channel_1: In the UEA domain, this channel belongs to the SpokenArabicDigits dataset and represents the feature channel 1. Channel statistics over the training split: mean value is -0.000, standard deviation is 0.999, minimum value is -5.497, maximum value is 4.002, median value is -0.412, and mean absolute value is 0.748.
/data/pjh_workspace/ts-env/lib/python3.8/site-packages/torch/nn/modules/transformer.py:307: UserWarning: enable_nested_tensor is True, but self.use_nested_tensor is False because encoder_layer.norm_first was True
  warnings.warn(f"enable_nested_tensor is True, but self.use_nested_tensor is False because {why_not_sparsity_fast_path}")
==================================================
🚀 Architecture: LAYA
📊 Target Dataset: SpokenArabicDigits (Channels: 13)
📊 Pretrain Info: electricity
📊 Classes: 10 | Sequence Length: 93
==================================================
✅ Loaded pretrained encoder from ./checkpoints/electricity_laya_metadata_query_gate_text_stats_joint/laya_ts_electricity_s_best.pt
   - 104/104 keys matched.
✅ Encoder is FROZEN (Linear Probing mode).
📝 metadata: mode=text_stats_joint, fusion=none, relation=metadata_query_gate
ℹ️  Metadata Fusion Mode: none
ℹ️  Channel Mixer Relation Mode: metadata_query_gate
ℹ️  Encoder Variant: default
ℹ️  Channel Adapter: disabled for Laya downstream (mixer)
ℹ️  Channel Relation Block: disabled
✅ ClassificationHead: [B, 256] → [B, 10]
Epoch   1/50 | Train Loss: 2.2805 Acc: 0.1383 F1: 0.1377 | Val Loss: 2.1973 Acc: 0.1730 F1: 0.0978 | Train Meta: Scaleμ:0.9792, Signal|S|μ:8.2039, Delta|S|μ:7.5357, Delta/Signal:91.86%, Gateμ:-0.2847, Gate0%:0.0, MetaNormμ:8.7662 | Val Meta: Scaleμ:0.9792, Signal|S|μ:7.9490, Delta|S|μ:7.2968, Delta/Signal:91.80%, Gateμ:-0.2847, Gate0%:0.0, MetaNormμ:8.7662
Validation Loss decreased (inf --> 2.197332). Saving best model...
Epoch   2/50 | Train Loss: 2.1615 Acc: 0.2124 F1: 0.2066 | Val Loss: 2.0885 Acc: 0.2686 F1: 0.2542 | Train Meta: Scaleμ:0.9792, Signal|S|μ:8.6278, Delta|S|μ:7.9235, Delta/Signal:91.84%, Gateμ:-0.2847, Gate0%:0.0, MetaNormμ:8.7662 | Val Meta: Scaleμ:0.9792, Signal|S|μ:7.9490, Delta|S|μ:7.2968, Delta/Signal:91.80%, Gateμ:-0.2847, Gate0%:0.0, MetaNormμ:8.7662
Validation Loss decreased (2.197332 --> 2.088490). Saving best model...
Epoch   3/50 | Train Loss: 2.0795 Acc: 0.2522 F1: 0.2476 | Val Loss: 2.0423 Acc: 0.2747 F1: 0.2402 | Train Meta: Scaleμ:0.9792, Signal|S|μ:7.7989, Delta|S|μ:7.1599, Delta/Signal:91.81%, Gateμ:-0.2847, Gate0%:0.0, MetaNormμ:8.7662 | Val Meta: Scaleμ:0.9792, Signal|S|μ:7.9490, Delta|S|μ:7.2968, Delta/Signal:91.80%, Gateμ:-0.2847, Gate0%:0.0, MetaNormμ:8.7662
Validation Loss decreased (2.088490 --> 2.042284). Saving best model...
Epoch   4/50 | Train Loss: 2.0274 Acc: 0.2716 F1: 0.2661 | Val Loss: 1.9903 Acc: 0.2883 F1: 0.2676 | Train Meta: Scaleμ:0.9792, Signal|S|μ:7.8314, Delta|S|μ:7.1879, Delta/Signal:91.78%, Gateμ:-0.2847, Gate0%:0.0, MetaNormμ:8.7662 | Val Meta: Scaleμ:0.9792, Signal|S|μ:7.9490, Delta|S|μ:7.2968, Delta/Signal:91.80%, Gateμ:-0.2847, Gate0%:0.0, MetaNormμ:8.7662
Validation Loss decreased (2.042284 --> 1.990316). Saving best model...
Epoch   5/50 | Train Loss: 1.9767 Acc: 0.2965 F1: 0.2889 | Val Loss: 1.9944 Acc: 0.2716 F1: 0.2422 | Train Meta: Scaleμ:0.9792, Signal|S|μ:8.2057, Delta|S|μ:7.5355, Delta/Signal:91.83%, Gateμ:-0.2847, Gate0%:0.0, MetaNormμ:8.7662 | Val Meta: Scaleμ:0.9792, Signal|S|μ:7.9490, Delta|S|μ:7.2968, Delta/Signal:91.80%, Gateμ:-0.2847, Gate0%:0.0, MetaNormμ:8.7662
Epoch   6/50 | Train Loss: 1.9508 Acc: 0.2994 F1: 0.2933 | Val Loss: 1.9328 Acc: 0.3187 F1: 0.3080 | Train Meta: Scaleμ:0.9792, Signal|S|μ:8.0338, Delta|S|μ:7.3755, Delta/Signal:91.81%, Gateμ:-0.2847, Gate0%:0.0, MetaNormμ:8.7662 | Val Meta: Scaleμ:0.9792, Signal|S|μ:7.9490, Delta|S|μ:7.2968, Delta/Signal:91.80%, Gateμ:-0.2847, Gate0%:0.0, MetaNormμ:8.7662
Validation Loss decreased (1.990316 --> 1.932763). Saving best model...
Epoch   7/50 | Train Loss: 1.9200 Acc: 0.3221 F1: 0.3155 | Val Loss: 1.9340 Acc: 0.3156 F1: 0.2775 | Train Meta: Scaleμ:0.9792, Signal|S|μ:7.8774, Delta|S|μ:7.2297, Delta/Signal:91.78%, Gateμ:-0.2847, Gate0%:0.0, MetaNormμ:8.7662 | Val Meta: Scaleμ:0.9792, Signal|S|μ:7.9490, Delta|S|μ:7.2968, Delta/Signal:91.80%, Gateμ:-0.2847, Gate0%:0.0, MetaNormμ:8.7662
Epoch   8/50 | Train Loss: 1.8968 Acc: 0.3236 F1: 0.3166 | Val Loss: 1.9048 Acc: 0.3369 F1: 0.3065 | Train Meta: Scaleμ:0.9792, Signal|S|μ:8.6382, Delta|S|μ:7.9338, Delta/Signal:91.85%, Gateμ:-0.2847, Gate0%:0.0, MetaNormμ:8.7662 | Val Meta: Scaleμ:0.9792, Signal|S|μ:7.9490, Delta|S|μ:7.2968, Delta/Signal:91.80%, Gateμ:-0.2847, Gate0%:0.0, MetaNormμ:8.7662
Validation Loss decreased (1.932763 --> 1.904824). Saving best model...
Epoch   9/50 | Train Loss: 1.8797 Acc: 0.3258 F1: 0.3186 | Val Loss: 1.8954 Acc: 0.3171 F1: 0.3028 | Train Meta: Scaleμ:0.9792, Signal|S|μ:7.5141, Delta|S|μ:6.8960, Delta/Signal:91.77%, Gateμ:-0.2847, Gate0%:0.0, MetaNormμ:8.7662 | Val Meta: Scaleμ:0.9792, Signal|S|μ:7.9490, Delta|S|μ:7.2968, Delta/Signal:91.80%, Gateμ:-0.2847, Gate0%:0.0, MetaNormμ:8.7662
Validation Loss decreased (1.904824 --> 1.895372). Saving best model...
Epoch  10/50 | Train Loss: 1.8600 Acc: 0.3357 F1: 0.3289 | Val Loss: 1.8607 Acc: 0.3369 F1: 0.3147 | Train Meta: Scaleμ:0.9792, Signal|S|μ:7.7698, Delta|S|μ:7.1365, Delta/Signal:91.85%, Gateμ:-0.2847, Gate0%:0.0, MetaNormμ:8.7662 | Val Meta: Scaleμ:0.9792, Signal|S|μ:7.9490, Delta|S|μ:7.2968, Delta/Signal:91.80%, Gateμ:-0.2847, Gate0%:0.0, MetaNormμ:8.7662
Validation Loss decreased (1.895372 --> 1.860656). Saving best model...
Epoch  11/50 | Train Loss: 1.8392 Acc: 0.3519 F1: 0.3438 | Val Loss: 1.8575 Acc: 0.3323 F1: 0.3179 | Train Meta: Scaleμ:0.9792, Signal|S|μ:7.7692, Delta|S|μ:7.1356, Delta/Signal:91.85%, Gateμ:-0.2847, Gate0%:0.0, MetaNormμ:8.7662 | Val Meta: Scaleμ:0.9792, Signal|S|μ:7.9490, Delta|S|μ:7.2968, Delta/Signal:91.80%, Gateμ:-0.2847, Gate0%:0.0, MetaNormμ:8.7662
Validation Loss decreased (1.860656 --> 1.857495). Saving best model...
Epoch  12/50 | Train Loss: 1.8250 Acc: 0.3644 F1: 0.3567 | Val Loss: 1.8203 Acc: 0.3718 F1: 0.3725 | Train Meta: Scaleμ:0.9792, Signal|S|μ:8.4137, Delta|S|μ:7.7289, Delta/Signal:91.86%, Gateμ:-0.2847, Gate0%:0.0, MetaNormμ:8.7662 | Val Meta: Scaleμ:0.9792, Signal|S|μ:7.9490, Delta|S|μ:7.2968, Delta/Signal:91.80%, Gateμ:-0.2847, Gate0%:0.0, MetaNormμ:8.7662
Validation Loss decreased (1.857495 --> 1.820290). Saving best model...
Epoch  13/50 | Train Loss: 1.8125 Acc: 0.3640 F1: 0.3582 | Val Loss: 1.8162 Acc: 0.3612 F1: 0.3424 | Train Meta: Scaleμ:0.9792, Signal|S|μ:8.2461, Delta|S|μ:7.5715, Delta/Signal:91.82%, Gateμ:-0.2847, Gate0%:0.0, MetaNormμ:8.7662 | Val Meta: Scaleμ:0.9792, Signal|S|μ:7.9490, Delta|S|μ:7.2968, Delta/Signal:91.80%, Gateμ:-0.2847, Gate0%:0.0, MetaNormμ:8.7662
Validation Loss decreased (1.820290 --> 1.816169). Saving best model...
Epoch  14/50 | Train Loss: 1.7940 Acc: 0.3676 F1: 0.3601 | Val Loss: 1.8148 Acc: 0.3627 F1: 0.3695 | Train Meta: Scaleμ:0.9792, Signal|S|μ:7.5890, Delta|S|μ:6.9723, Delta/Signal:91.87%, Gateμ:-0.2847, Gate0%:0.0, MetaNormμ:8.7662 | Val Meta: Scaleμ:0.9792, Signal|S|μ:7.9490, Delta|S|μ:7.2968, Delta/Signal:91.80%, Gateμ:-0.2847, Gate0%:0.0, MetaNormμ:8.7662
Validation Loss decreased (1.816169 --> 1.814817). Saving best model...
Epoch  15/50 | Train Loss: 1.7809 Acc: 0.3735 F1: 0.3667 | Val Loss: 1.8071 Acc: 0.3778 F1: 0.3703 | Train Meta: Scaleμ:0.9792, Signal|S|μ:7.9750, Delta|S|μ:7.3262, Delta/Signal:91.86%, Gateμ:-0.2847, Gate0%:0.0, MetaNormμ:8.7662 | Val Meta: Scaleμ:0.9792, Signal|S|μ:7.9490, Delta|S|μ:7.2968, Delta/Signal:91.80%, Gateμ:-0.2847, Gate0%:0.0, MetaNormμ:8.7662
Validation Loss decreased (1.814817 --> 1.807092). Saving best model...
Epoch  16/50 | Train Loss: 1.7730 Acc: 0.3792 F1: 0.3726 | Val Loss: 1.7901 Acc: 0.3733 F1: 0.3660 | Train Meta: Scaleμ:0.9792, Signal|S|μ:8.7558, Delta|S|μ:8.0413, Delta/Signal:91.84%, Gateμ:-0.2847, Gate0%:0.0, MetaNormμ:8.7662 | Val Meta: Scaleμ:0.9792, Signal|S|μ:7.9490, Delta|S|μ:7.2968, Delta/Signal:91.80%, Gateμ:-0.2847, Gate0%:0.0, MetaNormμ:8.7662
Validation Loss decreased (1.807092 --> 1.790066). Saving best model...
Epoch  17/50 | Train Loss: 1.7564 Acc: 0.3843 F1: 0.3777 | Val Loss: 1.7854 Acc: 0.3748 F1: 0.3453 | Train Meta: Scaleμ:0.9792, Signal|S|μ:7.9278, Delta|S|μ:7.2793, Delta/Signal:91.82%, Gateμ:-0.2847, Gate0%:0.0, MetaNormμ:8.7662 | Val Meta: Scaleμ:0.9792, Signal|S|μ:7.9490, Delta|S|μ:7.2968, Delta/Signal:91.80%, Gateμ:-0.2847, Gate0%:0.0, MetaNormμ:8.7662
Validation Loss decreased (1.790066 --> 1.785434). Saving best model...
Epoch  18/50 | Train Loss: 1.7531 Acc: 0.3851 F1: 0.3790 | Val Loss: 1.7574 Acc: 0.3961 F1: 0.3915 | Train Meta: Scaleμ:0.9792, Signal|S|μ:7.8049, Delta|S|μ:7.1585, Delta/Signal:91.72%, Gateμ:-0.2847, Gate0%:0.0, MetaNormμ:8.7662 | Val Meta: Scaleμ:0.9792, Signal|S|μ:7.9490, Delta|S|μ:7.2968, Delta/Signal:91.80%, Gateμ:-0.2847, Gate0%:0.0, MetaNormμ:8.7662
Validation Loss decreased (1.785434 --> 1.757390). Saving best model...
Epoch  19/50 | Train Loss: 1.7383 Acc: 0.3976 F1: 0.3914 | Val Loss: 1.7756 Acc: 0.3718 F1: 0.3727 | Train Meta: Scaleμ:0.9792, Signal|S|μ:7.4800, Delta|S|μ:6.8690, Delta/Signal:91.83%, Gateμ:-0.2847, Gate0%:0.0, MetaNormμ:8.7662 | Val Meta: Scaleμ:0.9792, Signal|S|μ:7.9490, Delta|S|μ:7.2968, Delta/Signal:91.80%, Gateμ:-0.2847, Gate0%:0.0, MetaNormμ:8.7662
Epoch  20/50 | Train Loss: 1.7282 Acc: 0.4001 F1: 0.3937 | Val Loss: 1.7799 Acc: 0.3596 F1: 0.3285 | Train Meta: Scaleμ:0.9792, Signal|S|μ:8.0390, Delta|S|μ:7.3823, Delta/Signal:91.83%, Gateμ:-0.2847, Gate0%:0.0, MetaNormμ:8.7662 | Val Meta: Scaleμ:0.9792, Signal|S|μ:7.9490, Delta|S|μ:7.2968, Delta/Signal:91.80%, Gateμ:-0.2847, Gate0%:0.0, MetaNormμ:8.7662
Epoch  21/50 | Train Loss: 1.7205 Acc: 0.3996 F1: 0.3932 | Val Loss: 1.7455 Acc: 0.3657 F1: 0.3504 | Train Meta: Scaleμ:0.9792, Signal|S|μ:7.8044, Delta|S|μ:7.1653, Delta/Signal:91.81%, Gateμ:-0.2847, Gate0%:0.0, MetaNormμ:8.7662 | Val Meta: Scaleμ:0.9792, Signal|S|μ:7.9490, Delta|S|μ:7.2968, Delta/Signal:91.80%, Gateμ:-0.2847, Gate0%:0.0, MetaNormμ:8.7662
Validation Loss decreased (1.757390 --> 1.745522). Saving best model...
Epoch  22/50 | Train Loss: 1.7101 Acc: 0.4052 F1: 0.3992 | Val Loss: 1.7443 Acc: 0.3961 F1: 0.3866 | Train Meta: Scaleμ:0.9792, Signal|S|μ:8.1112, Delta|S|μ:7.4428, Delta/Signal:91.76%, Gateμ:-0.2847, Gate0%:0.0, MetaNormμ:8.7662 | Val Meta: Scaleμ:0.9792, Signal|S|μ:7.9490, Delta|S|μ:7.2968, Delta/Signal:91.80%, Gateμ:-0.2847, Gate0%:0.0, MetaNormμ:8.7662
Validation Loss decreased (1.745522 --> 1.744294). Saving best model...
Epoch  23/50 | Train Loss: 1.7003 Acc: 0.4095 F1: 0.4019 | Val Loss: 1.7255 Acc: 0.3885 F1: 0.3875 | Train Meta: Scaleμ:0.9792, Signal|S|μ:8.3343, Delta|S|μ:7.6565, Delta/Signal:91.87%, Gateμ:-0.2847, Gate0%:0.0, MetaNormμ:8.7662 | Val Meta: Scaleμ:0.9792, Signal|S|μ:7.9490, Delta|S|μ:7.2968, Delta/Signal:91.80%, Gateμ:-0.2847, Gate0%:0.0, MetaNormμ:8.7662
Validation Loss decreased (1.744294 --> 1.725521). Saving best model...
Epoch  24/50 | Train Loss: 1.6891 Acc: 0.4191 F1: 0.4128 | Val Loss: 1.7141 Acc: 0.4097 F1: 0.4092 | Train Meta: Scaleμ:0.9792, Signal|S|μ:7.4489, Delta|S|μ:6.8384, Delta/Signal:91.81%, Gateμ:-0.2847, Gate0%:0.0, MetaNormμ:8.7662 | Val Meta: Scaleμ:0.9792, Signal|S|μ:7.9490, Delta|S|μ:7.2968, Delta/Signal:91.80%, Gateμ:-0.2847, Gate0%:0.0, MetaNormμ:8.7662
Validation Loss decreased (1.725521 --> 1.714083). Saving best model...
Epoch  25/50 | Train Loss: 1.6788 Acc: 0.4188 F1: 0.4131 | Val Loss: 1.7213 Acc: 0.3809 F1: 0.3750 | Train Meta: Scaleμ:0.9792, Signal|S|μ:7.7549, Delta|S|μ:7.1214, Delta/Signal:91.83%, Gateμ:-0.2847, Gate0%:0.0, MetaNormμ:8.7662 | Val Meta: Scaleμ:0.9792, Signal|S|μ:7.9490, Delta|S|μ:7.2968, Delta/Signal:91.80%, Gateμ:-0.2847, Gate0%:0.0, MetaNormμ:8.7662
Epoch  26/50 | Train Loss: 1.6770 Acc: 0.4183 F1: 0.4110 | Val Loss: 1.7008 Acc: 0.4052 F1: 0.3966 | Train Meta: Scaleμ:0.9792, Signal|S|μ:8.0970, Delta|S|μ:7.4368, Delta/Signal:91.85%, Gateμ:-0.2847, Gate0%:0.0, MetaNormμ:8.7662 | Val Meta: Scaleμ:0.9792, Signal|S|μ:7.9490, Delta|S|μ:7.2968, Delta/Signal:91.80%, Gateμ:-0.2847, Gate0%:0.0, MetaNormμ:8.7662
Validation Loss decreased (1.714083 --> 1.700820). Saving best model...
Epoch  27/50 | Train Loss: 1.6722 Acc: 0.4225 F1: 0.4175 | Val Loss: 1.7246 Acc: 0.3809 F1: 0.3652 | Train Meta: Scaleμ:0.9792, Signal|S|μ:8.1332, Delta|S|μ:7.4651, Delta/Signal:91.79%, Gateμ:-0.2847, Gate0%:0.0, MetaNormμ:8.7662 | Val Meta: Scaleμ:0.9792, Signal|S|μ:7.9490, Delta|S|μ:7.2968, Delta/Signal:91.80%, Gateμ:-0.2847, Gate0%:0.0, MetaNormμ:8.7662
Epoch  28/50 | Train Loss: 1.6622 Acc: 0.4276 F1: 0.4219 | Val Loss: 1.7093 Acc: 0.3991 F1: 0.3879 | Train Meta: Scaleμ:0.9792, Signal|S|μ:7.8967, Delta|S|μ:7.2465, Delta/Signal:91.77%, Gateμ:-0.2847, Gate0%:0.0, MetaNormμ:8.7662 | Val Meta: Scaleμ:0.9792, Signal|S|μ:7.9490, Delta|S|μ:7.2968, Delta/Signal:91.80%, Gateμ:-0.2847, Gate0%:0.0, MetaNormμ:8.7662
Epoch  29/50 | Train Loss: 1.6526 Acc: 0.4227 F1: 0.4161 | Val Loss: 1.7044 Acc: 0.4036 F1: 0.3888 | Train Meta: Scaleμ:0.9792, Signal|S|μ:7.8896, Delta|S|μ:7.2460, Delta/Signal:91.84%, Gateμ:-0.2847, Gate0%:0.0, MetaNormμ:8.7662 | Val Meta: Scaleμ:0.9792, Signal|S|μ:7.9490, Delta|S|μ:7.2968, Delta/Signal:91.80%, Gateμ:-0.2847, Gate0%:0.0, MetaNormμ:8.7662
Epoch  30/50 | Train Loss: 1.6471 Acc: 0.4298 F1: 0.4245 | Val Loss: 1.6745 Acc: 0.4127 F1: 0.3952 | Train Meta: Scaleμ:0.9792, Signal|S|μ:8.4911, Delta|S|μ:7.7925, Delta/Signal:91.77%, Gateμ:-0.2847, Gate0%:0.0, MetaNormμ:8.7662 | Val Meta: Scaleμ:0.9792, Signal|S|μ:7.9490, Delta|S|μ:7.2968, Delta/Signal:91.80%, Gateμ:-0.2847, Gate0%:0.0, MetaNormμ:8.7662
Validation Loss decreased (1.700820 --> 1.674532). Saving best model...
Epoch  31/50 | Train Loss: 1.6403 Acc: 0.4319 F1: 0.4249 | Val Loss: 1.6799 Acc: 0.4219 F1: 0.4057 | Train Meta: Scaleμ:0.9792, Signal|S|μ:8.2902, Delta|S|μ:7.6060, Delta/Signal:91.75%, Gateμ:-0.2847, Gate0%:0.0, MetaNormμ:8.7662 | Val Meta: Scaleμ:0.9792, Signal|S|μ:7.9490, Delta|S|μ:7.2968, Delta/Signal:91.80%, Gateμ:-0.2847, Gate0%:0.0, MetaNormμ:8.7662
Epoch  32/50 | Train Loss: 1.6297 Acc: 0.4404 F1: 0.4340 | Val Loss: 1.6764 Acc: 0.4203 F1: 0.4057 | Train Meta: Scaleμ:0.9792, Signal|S|μ:7.3602, Delta|S|μ:6.7523, Delta/Signal:91.74%, Gateμ:-0.2847, Gate0%:0.0, MetaNormμ:8.7662 | Val Meta: Scaleμ:0.9792, Signal|S|μ:7.9490, Delta|S|μ:7.2968, Delta/Signal:91.80%, Gateμ:-0.2847, Gate0%:0.0, MetaNormμ:8.7662
Epoch  33/50 | Train Loss: 1.6269 Acc: 0.4390 F1: 0.4329 | Val Loss: 1.6583 Acc: 0.4568 F1: 0.4652 | Train Meta: Scaleμ:0.9792, Signal|S|μ:7.9432, Delta|S|μ:7.2943, Delta/Signal:91.83%, Gateμ:-0.2847, Gate0%:0.0, MetaNormμ:8.7662 | Val Meta: Scaleμ:0.9792, Signal|S|μ:7.9490, Delta|S|μ:7.2968, Delta/Signal:91.80%, Gateμ:-0.2847, Gate0%:0.0, MetaNormμ:8.7662
Validation Loss decreased (1.674532 --> 1.658264). Saving best model...
Epoch  34/50 | Train Loss: 1.6182 Acc: 0.4451 F1: 0.4401 | Val Loss: 1.6469 Acc: 0.4203 F1: 0.4205 | Train Meta: Scaleμ:0.9792, Signal|S|μ:7.5780, Delta|S|μ:6.9556, Delta/Signal:91.79%, Gateμ:-0.2847, Gate0%:0.0, MetaNormμ:8.7662 | Val Meta: Scaleμ:0.9792, Signal|S|μ:7.9490, Delta|S|μ:7.2968, Delta/Signal:91.80%, Gateμ:-0.2847, Gate0%:0.0, MetaNormμ:8.7662
Validation Loss decreased (1.658264 --> 1.646945). Saving best model...
Epoch  35/50 | Train Loss: 1.6132 Acc: 0.4461 F1: 0.4406 | Val Loss: 1.6399 Acc: 0.4279 F1: 0.4297 | Train Meta: Scaleμ:0.9792, Signal|S|μ:7.7320, Delta|S|μ:7.0995, Delta/Signal:91.82%, Gateμ:-0.2847, Gate0%:0.0, MetaNormμ:8.7662 | Val Meta: Scaleμ:0.9792, Signal|S|μ:7.9490, Delta|S|μ:7.2968, Delta/Signal:91.80%, Gateμ:-0.2847, Gate0%:0.0, MetaNormμ:8.7662
Validation Loss decreased (1.646945 --> 1.639946). Saving best model...
Epoch  36/50 | Train Loss: 1.6067 Acc: 0.4444 F1: 0.4379 | Val Loss: 1.6852 Acc: 0.4036 F1: 0.3907 | Train Meta: Scaleμ:0.9792, Signal|S|μ:7.8886, Delta|S|μ:7.2448, Delta/Signal:91.84%, Gateμ:-0.2847, Gate0%:0.0, MetaNormμ:8.7662 | Val Meta: Scaleμ:0.9792, Signal|S|μ:7.9490, Delta|S|μ:7.2968, Delta/Signal:91.80%, Gateμ:-0.2847, Gate0%:0.0, MetaNormμ:8.7662
Epoch  37/50 | Train Loss: 1.6035 Acc: 0.4560 F1: 0.4508 | Val Loss: 1.6489 Acc: 0.4340 F1: 0.4365 | Train Meta: Scaleμ:0.9792, Signal|S|μ:7.9640, Delta|S|μ:7.3107, Delta/Signal:91.80%, Gateμ:-0.2847, Gate0%:0.0, MetaNormμ:8.7662 | Val Meta: Scaleμ:0.9792, Signal|S|μ:7.9490, Delta|S|μ:7.2968, Delta/Signal:91.80%, Gateμ:-0.2847, Gate0%:0.0, MetaNormμ:8.7662
Epoch  38/50 | Train Loss: 1.5992 Acc: 0.4483 F1: 0.4434 | Val Loss: 1.6417 Acc: 0.4355 F1: 0.4321 | Train Meta: Scaleμ:0.9792, Signal|S|μ:7.8863, Delta|S|μ:7.2426, Delta/Signal:91.84%, Gateμ:-0.2847, Gate0%:0.0, MetaNormμ:8.7662 | Val Meta: Scaleμ:0.9792, Signal|S|μ:7.9490, Delta|S|μ:7.2968, Delta/Signal:91.80%, Gateμ:-0.2847, Gate0%:0.0, MetaNormμ:8.7662
Epoch  39/50 | Train Loss: 1.5896 Acc: 0.4547 F1: 0.4488 | Val Loss: 1.6461 Acc: 0.4188 F1: 0.4164 | Train Meta: Scaleμ:0.9792, Signal|S|μ:8.1123, Delta|S|μ:7.4497, Delta/Signal:91.83%, Gateμ:-0.2847, Gate0%:0.0, MetaNormμ:8.7662 | Val Meta: Scaleμ:0.9792, Signal|S|μ:7.9490, Delta|S|μ:7.2968, Delta/Signal:91.80%, Gateμ:-0.2847, Gate0%:0.0, MetaNormμ:8.7662
Epoch  40/50 | Train Loss: 1.5875 Acc: 0.4570 F1: 0.4507 | Val Loss: 1.6507 Acc: 0.4219 F1: 0.4067 | Train Meta: Scaleμ:0.9792, Signal|S|μ:7.9666, Delta|S|μ:7.3140, Delta/Signal:91.81%, Gateμ:-0.2847, Gate0%:0.0, MetaNormμ:8.7662 | Val Meta: Scaleμ:0.9792, Signal|S|μ:7.9490, Delta|S|μ:7.2968, Delta/Signal:91.80%, Gateμ:-0.2847, Gate0%:0.0, MetaNormμ:8.7662
Epoch  41/50 | Train Loss: 1.5803 Acc: 0.4579 F1: 0.4524 | Val Loss: 1.6183 Acc: 0.4264 F1: 0.4260 | Train Meta: Scaleμ:0.9792, Signal|S|μ:8.1548, Delta|S|μ:7.4861, Delta/Signal:91.80%, Gateμ:-0.2847, Gate0%:0.0, MetaNormμ:8.7662 | Val Meta: Scaleμ:0.9792, Signal|S|μ:7.9490, Delta|S|μ:7.2968, Delta/Signal:91.80%, Gateμ:-0.2847, Gate0%:0.0, MetaNormμ:8.7662
Validation Loss decreased (1.639946 --> 1.618282). Saving best model...
Epoch  42/50 | Train Loss: 1.5739 Acc: 0.4645 F1: 0.4590 | Val Loss: 1.6187 Acc: 0.4355 F1: 0.4362 | Train Meta: Scaleμ:0.9792, Signal|S|μ:8.5080, Delta|S|μ:7.8115, Delta/Signal:91.81%, Gateμ:-0.2847, Gate0%:0.0, MetaNormμ:8.7662 | Val Meta: Scaleμ:0.9792, Signal|S|μ:7.9490, Delta|S|μ:7.2968, Delta/Signal:91.80%, Gateμ:-0.2847, Gate0%:0.0, MetaNormμ:8.7662
Epoch  43/50 | Train Loss: 1.5739 Acc: 0.4621 F1: 0.4564 | Val Loss: 1.5996 Acc: 0.4340 F1: 0.4327 | Train Meta: Scaleμ:0.9792, Signal|S|μ:8.2496, Delta|S|μ:7.5749, Delta/Signal:91.82%, Gateμ:-0.2847, Gate0%:0.0, MetaNormμ:8.7662 | Val Meta: Scaleμ:0.9792, Signal|S|μ:7.9490, Delta|S|μ:7.2968, Delta/Signal:91.80%, Gateμ:-0.2847, Gate0%:0.0, MetaNormμ:8.7662
Validation Loss decreased (1.618282 --> 1.599557). Saving best model...
Epoch  44/50 | Train Loss: 1.5654 Acc: 0.4693 F1: 0.4641 | Val Loss: 1.6070 Acc: 0.4537 F1: 0.4448 | Train Meta: Scaleμ:0.9792, Signal|S|μ:8.2517, Delta|S|μ:7.5782, Delta/Signal:91.84%, Gateμ:-0.2847, Gate0%:0.0, MetaNormμ:8.7662 | Val Meta: Scaleμ:0.9792, Signal|S|μ:7.9490, Delta|S|μ:7.2968, Delta/Signal:91.80%, Gateμ:-0.2847, Gate0%:0.0, MetaNormμ:8.7662
Epoch  45/50 | Train Loss: 1.5631 Acc: 0.4594 F1: 0.4544 | Val Loss: 1.6015 Acc: 0.4355 F1: 0.4327 | Train Meta: Scaleμ:0.9792, Signal|S|μ:8.4085, Delta|S|μ:7.7229, Delta/Signal:91.85%, Gateμ:-0.2847, Gate0%:0.0, MetaNormμ:8.7662 | Val Meta: Scaleμ:0.9792, Signal|S|μ:7.9490, Delta|S|μ:7.2968, Delta/Signal:91.80%, Gateμ:-0.2847, Gate0%:0.0, MetaNormμ:8.7662
Epoch  46/50 | Train Loss: 1.5565 Acc: 0.4636 F1: 0.4586 | Val Loss: 1.6024 Acc: 0.4507 F1: 0.4483 | Train Meta: Scaleμ:0.9792, Signal|S|μ:8.3736, Delta|S|μ:7.6958, Delta/Signal:91.91%, Gateμ:-0.2847, Gate0%:0.0, MetaNormμ:8.7662 | Val Meta: Scaleμ:0.9792, Signal|S|μ:7.9490, Delta|S|μ:7.2968, Delta/Signal:91.80%, Gateμ:-0.2847, Gate0%:0.0, MetaNormμ:8.7662
Epoch  47/50 | Train Loss: 1.5538 Acc: 0.4682 F1: 0.4627 | Val Loss: 1.5868 Acc: 0.4583 F1: 0.4609 | Train Meta: Scaleμ:0.9792, Signal|S|μ:8.3543, Delta|S|μ:7.6748, Delta/Signal:91.87%, Gateμ:-0.2847, Gate0%:0.0, MetaNormμ:8.7662 | Val Meta: Scaleμ:0.9792, Signal|S|μ:7.9490, Delta|S|μ:7.2968, Delta/Signal:91.80%, Gateμ:-0.2847, Gate0%:0.0, MetaNormμ:8.7662
Validation Loss decreased (1.599557 --> 1.586775). Saving best model...
Epoch  48/50 | Train Loss: 1.5491 Acc: 0.4793 F1: 0.4748 | Val Loss: 1.5839 Acc: 0.4674 F1: 0.4651 | Train Meta: Scaleμ:0.9792, Signal|S|μ:8.1875, Delta|S|μ:7.5128, Delta/Signal:91.76%, Gateμ:-0.2847, Gate0%:0.0, MetaNormμ:8.7662 | Val Meta: Scaleμ:0.9792, Signal|S|μ:7.9490, Delta|S|μ:7.2968, Delta/Signal:91.80%, Gateμ:-0.2847, Gate0%:0.0, MetaNormμ:8.7662
Validation Loss decreased (1.586775 --> 1.583857). Saving best model...
Epoch  49/50 | Train Loss: 1.5427 Acc: 0.4730 F1: 0.4679 | Val Loss: 1.5971 Acc: 0.4188 F1: 0.4143 | Train Meta: Scaleμ:0.9792, Signal|S|μ:7.9350, Delta|S|μ:7.2867, Delta/Signal:91.83%, Gateμ:-0.2847, Gate0%:0.0, MetaNormμ:8.7662 | Val Meta: Scaleμ:0.9792, Signal|S|μ:7.9490, Delta|S|μ:7.2968, Delta/Signal:91.80%, Gateμ:-0.2847, Gate0%:0.0, MetaNormμ:8.7662
Epoch  50/50 | Train Loss: 1.5372 Acc: 0.4800 F1: 0.4747 | Val Loss: 1.5862 Acc: 0.4461 F1: 0.4421 | Train Meta: Scaleμ:0.9792, Signal|S|μ:8.1516, Delta|S|μ:7.4869, Delta/Signal:91.85%, Gateμ:-0.2847, Gate0%:0.0, MetaNormμ:8.7662 | Val Meta: Scaleμ:0.9792, Signal|S|μ:7.9490, Delta|S|μ:7.2968, Delta/Signal:91.80%, Gateμ:-0.2847, Gate0%:0.0, MetaNormμ:8.7662

Classification Test Result (SpokenArabicDigits)
Accuracy : 0.212824
F1 (macro): 0.193204
Saved attention maps for 3 sample(s) under ./runs/classification_electricity_to_SpokenArabicDigits_laya_metadata_query_gate_text_stats_joint/attention_maps
Joint metadata preview | dataset=UWaveGestureLibrary | domain=UEA | channels=3
   - channel_1: In the UEA domain, this channel belongs to the UWaveGestureLibrary dataset and represents the feature channel 1. Channel statistics over the training split: mean value is 0.000, standard deviation is 1.000, minimum value is -3.292, maximum value is 3.158, median value is 0.006, and mean absolute value is 0.835.
/data/pjh_workspace/ts-env/lib/python3.8/site-packages/torch/nn/modules/transformer.py:307: UserWarning: enable_nested_tensor is True, but self.use_nested_tensor is False because encoder_layer.norm_first was True
  warnings.warn(f"enable_nested_tensor is True, but self.use_nested_tensor is False because {why_not_sparsity_fast_path}")
==================================================
🚀 Architecture: LAYA
📊 Target Dataset: UWaveGestureLibrary (Channels: 3)
📊 Pretrain Info: electricity
📊 Classes: 8 | Sequence Length: 315
==================================================
✅ Loaded pretrained encoder from ./checkpoints/electricity_laya_metadata_query_gate_text_stats_joint/laya_ts_electricity_s_best.pt
   - 104/104 keys matched.
✅ Encoder is FROZEN (Linear Probing mode).
📝 metadata: mode=text_stats_joint, fusion=none, relation=metadata_query_gate
ℹ️  Metadata Fusion Mode: none
ℹ️  Channel Mixer Relation Mode: metadata_query_gate
ℹ️  Encoder Variant: default
ℹ️  Channel Adapter: disabled for Laya downstream (mixer)
ℹ️  Channel Relation Block: disabled
✅ ClassificationHead: [B, 256] → [B, 8]
Epoch   1/50 | Train Loss: 1.9751 Acc: 0.1042 F1: 0.0716 | Val Loss: 2.1298 Acc: 0.2500 F1: 0.1286 | Train Meta: Scaleμ:0.9792, Signal|S|μ:11.4763, Delta|S|μ:10.2124, Delta/Signal:88.99%, Gateμ:-0.3743, Gate0%:0.0, MetaNormμ:9.3108 | Val Meta: Scaleμ:0.9792, Signal|S|μ:11.5331, Delta|S|μ:10.2616, Delta/Signal:88.98%, Gateμ:-0.3743, Gate0%:0.0, MetaNormμ:9.3108
Validation Loss decreased (inf --> 2.129809). Saving best model...
Epoch   2/50 | Train Loss: 1.8588 Acc: 0.1042 F1: 0.0580 | Val Loss: 2.2582 Acc: 0.1667 F1: 0.0833 | Train Meta: Scaleμ:0.9792, Signal|S|μ:11.3853, Delta|S|μ:10.1276, Delta/Signal:88.95%, Gateμ:-0.3743, Gate0%:0.0, MetaNormμ:9.3108 | Val Meta: Scaleμ:0.9792, Signal|S|μ:11.5331, Delta|S|μ:10.2616, Delta/Signal:88.98%, Gateμ:-0.3743, Gate0%:0.0, MetaNormμ:9.3108
Epoch   3/50 | Train Loss: 1.8735 Acc: 0.1042 F1: 0.0501 | Val Loss: 2.3024 Acc: 0.0833 F1: 0.0500 | Train Meta: Scaleμ:0.9792, Signal|S|μ:11.4689, Delta|S|μ:10.2088, Delta/Signal:89.01%, Gateμ:-0.3743, Gate0%:0.0, MetaNormμ:9.3108 | Val Meta: Scaleμ:0.9792, Signal|S|μ:11.5331, Delta|S|μ:10.2616, Delta/Signal:88.98%, Gateμ:-0.3743, Gate0%:0.0, MetaNormμ:9.3108
Epoch   4/50 | Train Loss: 1.8550 Acc: 0.1875 F1: 0.0904 | Val Loss: 2.1537 Acc: 0.0833 F1: 0.0500 | Train Meta: Scaleμ:0.9792, Signal|S|μ:11.0964, Delta|S|μ:9.8800, Delta/Signal:89.04%, Gateμ:-0.3743, Gate0%:0.0, MetaNormμ:9.3108 | Val Meta: Scaleμ:0.9792, Signal|S|μ:11.5331, Delta|S|μ:10.2616, Delta/Signal:88.98%, Gateμ:-0.3743, Gate0%:0.0, MetaNormμ:9.3108
Epoch   5/50 | Train Loss: 1.8322 Acc: 0.2083 F1: 0.1151 | Val Loss: 2.0575 Acc: 0.0833 F1: 0.0417 | Train Meta: Scaleμ:0.9792, Signal|S|μ:11.2241, Delta|S|μ:9.9905, Delta/Signal:89.01%, Gateμ:-0.3743, Gate0%:0.0, MetaNormμ:9.3108 | Val Meta: Scaleμ:0.9792, Signal|S|μ:11.5331, Delta|S|μ:10.2616, Delta/Signal:88.98%, Gateμ:-0.3743, Gate0%:0.0, MetaNormμ:9.3108
Validation Loss decreased (2.129809 --> 2.057545). Saving best model...
Epoch   6/50 | Train Loss: 1.8335 Acc: 0.1562 F1: 0.0815 | Val Loss: 2.0180 Acc: 0.2500 F1: 0.2000 | Train Meta: Scaleμ:0.9792, Signal|S|μ:11.3107, Delta|S|μ:10.0640, Delta/Signal:88.98%, Gateμ:-0.3743, Gate0%:0.0, MetaNormμ:9.3108 | Val Meta: Scaleμ:0.9792, Signal|S|μ:11.5331, Delta|S|μ:10.2616, Delta/Signal:88.98%, Gateμ:-0.3743, Gate0%:0.0, MetaNormμ:9.3108
Validation Loss decreased (2.057545 --> 2.018031). Saving best model...
Epoch   7/50 | Train Loss: 1.8247 Acc: 0.1667 F1: 0.1135 | Val Loss: 2.0697 Acc: 0.0833 F1: 0.0357 | Train Meta: Scaleμ:0.9792, Signal|S|μ:11.2797, Delta|S|μ:10.0405, Delta/Signal:89.01%, Gateμ:-0.3743, Gate0%:0.0, MetaNormμ:9.3108 | Val Meta: Scaleμ:0.9792, Signal|S|μ:11.5331, Delta|S|μ:10.2616, Delta/Signal:88.98%, Gateμ:-0.3743, Gate0%:0.0, MetaNormμ:9.3108
Epoch   8/50 | Train Loss: 1.8123 Acc: 0.1667 F1: 0.1064 | Val Loss: 2.1169 Acc: 0.1667 F1: 0.0929 | Train Meta: Scaleμ:0.9792, Signal|S|μ:11.4099, Delta|S|μ:10.1548, Delta/Signal:89.00%, Gateμ:-0.3743, Gate0%:0.0, MetaNormμ:9.3108 | Val Meta: Scaleμ:0.9792, Signal|S|μ:11.5331, Delta|S|μ:10.2616, Delta/Signal:88.98%, Gateμ:-0.3743, Gate0%:0.0, MetaNormμ:9.3108
Epoch   9/50 | Train Loss: 1.8213 Acc: 0.1875 F1: 0.1358 | Val Loss: 2.0858 Acc: 0.0833 F1: 0.0625 | Train Meta: Scaleμ:0.9792, Signal|S|μ:11.5171, Delta|S|μ:10.2481, Delta/Signal:88.98%, Gateμ:-0.3743, Gate0%:0.0, MetaNormμ:9.3108 | Val Meta: Scaleμ:0.9792, Signal|S|μ:11.5331, Delta|S|μ:10.2616, Delta/Signal:88.98%, Gateμ:-0.3743, Gate0%:0.0, MetaNormμ:9.3108
Epoch  10/50 | Train Loss: 1.8096 Acc: 0.2292 F1: 0.1261 | Val Loss: 2.1169 Acc: 0.0833 F1: 0.0625 | Train Meta: Scaleμ:0.9792, Signal|S|μ:11.1821, Delta|S|μ:9.9520, Delta/Signal:89.00%, Gateμ:-0.3743, Gate0%:0.0, MetaNormμ:9.3108 | Val Meta: Scaleμ:0.9792, Signal|S|μ:11.5331, Delta|S|μ:10.2616, Delta/Signal:88.98%, Gateμ:-0.3743, Gate0%:0.0, MetaNormμ:9.3108
Epoch  11/50 | Train Loss: 1.7977 Acc: 0.2083 F1: 0.1217 | Val Loss: 2.0824 Acc: 0.0833 F1: 0.0500 | Train Meta: Scaleμ:0.9792, Signal|S|μ:11.4254, Delta|S|μ:10.1676, Delta/Signal:88.99%, Gateμ:-0.3743, Gate0%:0.0, MetaNormμ:9.3108 | Val Meta: Scaleμ:0.9792, Signal|S|μ:11.5331, Delta|S|μ:10.2616, Delta/Signal:88.98%, Gateμ:-0.3743, Gate0%:0.0, MetaNormμ:9.3108
Epoch  12/50 | Train Loss: 1.8118 Acc: 0.1250 F1: 0.0727 | Val Loss: 2.1078 Acc: 0.1667 F1: 0.0974 | Train Meta: Scaleμ:0.9792, Signal|S|μ:11.4054, Delta|S|μ:10.1502, Delta/Signal:88.99%, Gateμ:-0.3743, Gate0%:0.0, MetaNormμ:9.3108 | Val Meta: Scaleμ:0.9792, Signal|S|μ:11.5331, Delta|S|μ:10.2616, Delta/Signal:88.98%, Gateμ:-0.3743, Gate0%:0.0, MetaNormμ:9.3108
Epoch  13/50 | Train Loss: 1.8056 Acc: 0.1354 F1: 0.1116 | Val Loss: 2.0886 Acc: 0.0000 F1: 0.0000 | Train Meta: Scaleμ:0.9792, Signal|S|μ:11.3091, Delta|S|μ:10.0599, Delta/Signal:88.95%, Gateμ:-0.3743, Gate0%:0.0, MetaNormμ:9.3108 | Val Meta: Scaleμ:0.9792, Signal|S|μ:11.5331, Delta|S|μ:10.2616, Delta/Signal:88.98%, Gateμ:-0.3743, Gate0%:0.0, MetaNormμ:9.3108
Epoch  14/50 | Train Loss: 1.7697 Acc: 0.2188 F1: 0.1204 | Val Loss: 2.0905 Acc: 0.0833 F1: 0.0500 | Train Meta: Scaleμ:0.9792, Signal|S|μ:11.3374, Delta|S|μ:10.0897, Delta/Signal:88.99%, Gateμ:-0.3743, Gate0%:0.0, MetaNormμ:9.3108 | Val Meta: Scaleμ:0.9792, Signal|S|μ:11.5331, Delta|S|μ:10.2616, Delta/Signal:88.98%, Gateμ:-0.3743, Gate0%:0.0, MetaNormμ:9.3108
Epoch  15/50 | Train Loss: 1.7978 Acc: 0.1875 F1: 0.0727 | Val Loss: 2.0677 Acc: 0.0833 F1: 0.0417 | Train Meta: Scaleμ:0.9792, Signal|S|μ:11.5489, Delta|S|μ:10.2782, Delta/Signal:89.00%, Gateμ:-0.3743, Gate0%:0.0, MetaNormμ:9.3108 | Val Meta: Scaleμ:0.9792, Signal|S|μ:11.5331, Delta|S|μ:10.2616, Delta/Signal:88.98%, Gateμ:-0.3743, Gate0%:0.0, MetaNormμ:9.3108
Epoch  16/50 | Train Loss: 1.7747 Acc: 0.2083 F1: 0.1093 | Val Loss: 2.0558 Acc: 0.0833 F1: 0.0625 | Train Meta: Scaleμ:0.9792, Signal|S|μ:11.0390, Delta|S|μ:9.8283, Delta/Signal:89.03%, Gateμ:-0.3743, Gate0%:0.0, MetaNormμ:9.3108 | Val Meta: Scaleμ:0.9792, Signal|S|μ:11.5331, Delta|S|μ:10.2616, Delta/Signal:88.98%, Gateμ:-0.3743, Gate0%:0.0, MetaNormμ:9.3108
Epoch  17/50 | Train Loss: 1.7798 Acc: 0.2292 F1: 0.1790 | Val Loss: 2.0167 Acc: 0.0833 F1: 0.0571 | Train Meta: Scaleμ:0.9792, Signal|S|μ:11.3857, Delta|S|μ:10.1319, Delta/Signal:88.99%, Gateμ:-0.3743, Gate0%:0.0, MetaNormμ:9.3108 | Val Meta: Scaleμ:0.9792, Signal|S|μ:11.5331, Delta|S|μ:10.2616, Delta/Signal:88.98%, Gateμ:-0.3743, Gate0%:0.0, MetaNormμ:9.3108
Validation Loss decreased (2.018031 --> 2.016727). Saving best model...
Epoch  18/50 | Train Loss: 1.7809 Acc: 0.1667 F1: 0.0699 | Val Loss: 2.0367 Acc: 0.0833 F1: 0.0571 | Train Meta: Scaleμ:0.9792, Signal|S|μ:11.5839, Delta|S|μ:10.3077, Delta/Signal:88.98%, Gateμ:-0.3743, Gate0%:0.0, MetaNormμ:9.3108 | Val Meta: Scaleμ:0.9792, Signal|S|μ:11.5331, Delta|S|μ:10.2616, Delta/Signal:88.98%, Gateμ:-0.3743, Gate0%:0.0, MetaNormμ:9.3108
Epoch  19/50 | Train Loss: 1.7752 Acc: 0.2500 F1: 0.1846 | Val Loss: 2.0314 Acc: 0.0833 F1: 0.0625 | Train Meta: Scaleμ:0.9792, Signal|S|μ:11.6835, Delta|S|μ:10.3975, Delta/Signal:88.99%, Gateμ:-0.3743, Gate0%:0.0, MetaNormμ:9.3108 | Val Meta: Scaleμ:0.9792, Signal|S|μ:11.5331, Delta|S|μ:10.2616, Delta/Signal:88.98%, Gateμ:-0.3743, Gate0%:0.0, MetaNormμ:9.3108
Epoch  20/50 | Train Loss: 1.7579 Acc: 0.2917 F1: 0.2170 | Val Loss: 2.0455 Acc: 0.0833 F1: 0.0500 | Train Meta: Scaleμ:0.9792, Signal|S|μ:11.3303, Delta|S|μ:10.0870, Delta/Signal:89.03%, Gateμ:-0.3743, Gate0%:0.0, MetaNormμ:9.3108 | Val Meta: Scaleμ:0.9792, Signal|S|μ:11.5331, Delta|S|μ:10.2616, Delta/Signal:88.98%, Gateμ:-0.3743, Gate0%:0.0, MetaNormμ:9.3108
Epoch  21/50 | Train Loss: 1.7769 Acc: 0.2396 F1: 0.1522 | Val Loss: 1.9934 Acc: 0.0833 F1: 0.0417 | Train Meta: Scaleμ:0.9792, Signal|S|μ:11.6839, Delta|S|μ:10.3970, Delta/Signal:88.99%, Gateμ:-0.3743, Gate0%:0.0, MetaNormμ:9.3108 | Val Meta: Scaleμ:0.9792, Signal|S|μ:11.5331, Delta|S|μ:10.2616, Delta/Signal:88.98%, Gateμ:-0.3743, Gate0%:0.0, MetaNormμ:9.3108
Validation Loss decreased (2.016727 --> 1.993357). Saving best model...
Epoch  22/50 | Train Loss: 1.7738 Acc: 0.2500 F1: 0.1605 | Val Loss: 2.0227 Acc: 0.2500 F1: 0.1131 | Train Meta: Scaleμ:0.9792, Signal|S|μ:11.4487, Delta|S|μ:10.1853, Delta/Signal:88.96%, Gateμ:-0.3743, Gate0%:0.0, MetaNormμ:9.3108 | Val Meta: Scaleμ:0.9792, Signal|S|μ:11.5331, Delta|S|μ:10.2616, Delta/Signal:88.98%, Gateμ:-0.3743, Gate0%:0.0, MetaNormμ:9.3108
Epoch  23/50 | Train Loss: 1.7770 Acc: 0.2292 F1: 0.1424 | Val Loss: 2.0312 Acc: 0.1667 F1: 0.0903 | Train Meta: Scaleμ:0.9792, Signal|S|μ:11.2845, Delta|S|μ:10.0397, Delta/Signal:88.97%, Gateμ:-0.3743, Gate0%:0.0, MetaNormμ:9.3108 | Val Meta: Scaleμ:0.9792, Signal|S|μ:11.5331, Delta|S|μ:10.2616, Delta/Signal:88.98%, Gateμ:-0.3743, Gate0%:0.0, MetaNormμ:9.3108
Epoch  24/50 | Train Loss: 1.7524 Acc: 0.2083 F1: 0.1290 | Val Loss: 2.0268 Acc: 0.0833 F1: 0.0625 | Train Meta: Scaleμ:0.9792, Signal|S|μ:11.3919, Delta|S|μ:10.1381, Delta/Signal:88.99%, Gateμ:-0.3743, Gate0%:0.0, MetaNormμ:9.3108 | Val Meta: Scaleμ:0.9792, Signal|S|μ:11.5331, Delta|S|μ:10.2616, Delta/Signal:88.98%, Gateμ:-0.3743, Gate0%:0.0, MetaNormμ:9.3108
Epoch  25/50 | Train Loss: 1.7464 Acc: 0.2188 F1: 0.1506 | Val Loss: 1.9733 Acc: 0.1667 F1: 0.0974 | Train Meta: Scaleμ:0.9792, Signal|S|μ:11.5725, Delta|S|μ:10.2963, Delta/Signal:88.97%, Gateμ:-0.3743, Gate0%:0.0, MetaNormμ:9.3108 | Val Meta: Scaleμ:0.9792, Signal|S|μ:11.5331, Delta|S|μ:10.2616, Delta/Signal:88.98%, Gateμ:-0.3743, Gate0%:0.0, MetaNormμ:9.3108
Validation Loss decreased (1.993357 --> 1.973299). Saving best model...
Epoch  26/50 | Train Loss: 1.7278 Acc: 0.2292 F1: 0.1356 | Val Loss: 2.0030 Acc: 0.1667 F1: 0.0794 | Train Meta: Scaleμ:0.9792, Signal|S|μ:11.4141, Delta|S|μ:10.1577, Delta/Signal:88.99%, Gateμ:-0.3743, Gate0%:0.0, MetaNormμ:9.3108 | Val Meta: Scaleμ:0.9792, Signal|S|μ:11.5331, Delta|S|μ:10.2616, Delta/Signal:88.98%, Gateμ:-0.3743, Gate0%:0.0, MetaNormμ:9.3108
Epoch  27/50 | Train Loss: 1.7400 Acc: 0.2083 F1: 0.1123 | Val Loss: 2.0329 Acc: 0.0833 F1: 0.0417 | Train Meta: Scaleμ:0.9792, Signal|S|μ:11.4196, Delta|S|μ:10.1663, Delta/Signal:89.03%, Gateμ:-0.3743, Gate0%:0.0, MetaNormμ:9.3108 | Val Meta: Scaleμ:0.9792, Signal|S|μ:11.5331, Delta|S|μ:10.2616, Delta/Signal:88.98%, Gateμ:-0.3743, Gate0%:0.0, MetaNormμ:9.3108
Epoch  28/50 | Train Loss: 1.7439 Acc: 0.2396 F1: 0.1443 | Val Loss: 2.0139 Acc: 0.0833 F1: 0.0625 | Train Meta: Scaleμ:0.9792, Signal|S|μ:11.3824, Delta|S|μ:10.1250, Delta/Signal:88.95%, Gateμ:-0.3743, Gate0%:0.0, MetaNormμ:9.3108 | Val Meta: Scaleμ:0.9792, Signal|S|μ:11.5331, Delta|S|μ:10.2616, Delta/Signal:88.98%, Gateμ:-0.3743, Gate0%:0.0, MetaNormμ:9.3108
Epoch  29/50 | Train Loss: 1.7289 Acc: 0.3021 F1: 0.2237 | Val Loss: 2.0306 Acc: 0.1667 F1: 0.1125 | Train Meta: Scaleμ:0.9792, Signal|S|μ:11.4190, Delta|S|μ:10.1614, Delta/Signal:88.99%, Gateμ:-0.3743, Gate0%:0.0, MetaNormμ:9.3108 | Val Meta: Scaleμ:0.9792, Signal|S|μ:11.5331, Delta|S|μ:10.2616, Delta/Signal:88.98%, Gateμ:-0.3743, Gate0%:0.0, MetaNormμ:9.3108
Epoch  30/50 | Train Loss: 1.7265 Acc: 0.3750 F1: 0.3510 | Val Loss: 1.9947 Acc: 0.0833 F1: 0.0714 | Train Meta: Scaleμ:0.9792, Signal|S|μ:11.2053, Delta|S|μ:9.9762, Delta/Signal:89.03%, Gateμ:-0.3743, Gate0%:0.0, MetaNormμ:9.3108 | Val Meta: Scaleμ:0.9792, Signal|S|μ:11.5331, Delta|S|μ:10.2616, Delta/Signal:88.98%, Gateμ:-0.3743, Gate0%:0.0, MetaNormμ:9.3108
Epoch  31/50 | Train Loss: 1.7354 Acc: 0.3021 F1: 0.2696 | Val Loss: 1.9846 Acc: 0.0833 F1: 0.0417 | Train Meta: Scaleμ:0.9792, Signal|S|μ:11.6879, Delta|S|μ:10.4048, Delta/Signal:89.02%, Gateμ:-0.3743, Gate0%:0.0, MetaNormμ:9.3108 | Val Meta: Scaleμ:0.9792, Signal|S|μ:11.5331, Delta|S|μ:10.2616, Delta/Signal:88.98%, Gateμ:-0.3743, Gate0%:0.0, MetaNormμ:9.3108
Epoch  32/50 | Train Loss: 1.7181 Acc: 0.2812 F1: 0.1932 | Val Loss: 2.0326 Acc: 0.0833 F1: 0.0417 | Train Meta: Scaleμ:0.9792, Signal|S|μ:11.3220, Delta|S|μ:10.0749, Delta/Signal:88.98%, Gateμ:-0.3743, Gate0%:0.0, MetaNormμ:9.3108 | Val Meta: Scaleμ:0.9792, Signal|S|μ:11.5331, Delta|S|μ:10.2616, Delta/Signal:88.98%, Gateμ:-0.3743, Gate0%:0.0, MetaNormμ:9.3108
Epoch  33/50 | Train Loss: 1.6971 Acc: 0.2708 F1: 0.1766 | Val Loss: 2.0807 Acc: 0.0833 F1: 0.0500 | Train Meta: Scaleμ:0.9792, Signal|S|μ:11.5305, Delta|S|μ:10.2630, Delta/Signal:89.01%, Gateμ:-0.3743, Gate0%:0.0, MetaNormμ:9.3108 | Val Meta: Scaleμ:0.9792, Signal|S|μ:11.5331, Delta|S|μ:10.2616, Delta/Signal:88.98%, Gateμ:-0.3743, Gate0%:0.0, MetaNormμ:9.3108
Epoch  34/50 | Train Loss: 1.7082 Acc: 0.2604 F1: 0.1838 | Val Loss: 2.0076 Acc: 0.1667 F1: 0.0857 | Train Meta: Scaleμ:0.9792, Signal|S|μ:11.5109, Delta|S|μ:10.2424, Delta/Signal:88.98%, Gateμ:-0.3743, Gate0%:0.0, MetaNormμ:9.3108 | Val Meta: Scaleμ:0.9792, Signal|S|μ:11.5331, Delta|S|μ:10.2616, Delta/Signal:88.98%, Gateμ:-0.3743, Gate0%:0.0, MetaNormμ:9.3108
Epoch  35/50 | Train Loss: 1.7041 Acc: 0.2917 F1: 0.2191 | Val Loss: 1.9788 Acc: 0.0833 F1: 0.0500 | Train Meta: Scaleμ:0.9792, Signal|S|μ:11.4169, Delta|S|μ:10.1565, Delta/Signal:88.96%, Gateμ:-0.3743, Gate0%:0.0, MetaNormμ:9.3108 | Val Meta: Scaleμ:0.9792, Signal|S|μ:11.5331, Delta|S|μ:10.2616, Delta/Signal:88.98%, Gateμ:-0.3743, Gate0%:0.0, MetaNormμ:9.3108
Epoch  36/50 | Train Loss: 1.7103 Acc: 0.3542 F1: 0.2614 | Val Loss: 1.9903 Acc: 0.0833 F1: 0.0500 | Train Meta: Scaleμ:0.9792, Signal|S|μ:11.3299, Delta|S|μ:10.0825, Delta/Signal:88.99%, Gateμ:-0.3743, Gate0%:0.0, MetaNormμ:9.3108 | Val Meta: Scaleμ:0.9792, Signal|S|μ:11.5331, Delta|S|μ:10.2616, Delta/Signal:88.98%, Gateμ:-0.3743, Gate0%:0.0, MetaNormμ:9.3108
Epoch  37/50 | Train Loss: 1.7120 Acc: 0.2812 F1: 0.1848 | Val Loss: 2.0244 Acc: 0.0833 F1: 0.0500 | Train Meta: Scaleμ:0.9792, Signal|S|μ:11.5221, Delta|S|μ:10.2523, Delta/Signal:88.98%, Gateμ:-0.3743, Gate0%:0.0, MetaNormμ:9.3108 | Val Meta: Scaleμ:0.9792, Signal|S|μ:11.5331, Delta|S|μ:10.2616, Delta/Signal:88.98%, Gateμ:-0.3743, Gate0%:0.0, MetaNormμ:9.3108
Epoch  38/50 | Train Loss: 1.7027 Acc: 0.2917 F1: 0.1886 | Val Loss: 2.0464 Acc: 0.0833 F1: 0.0500 | Train Meta: Scaleμ:0.9792, Signal|S|μ:11.5682, Delta|S|μ:10.2958, Delta/Signal:89.00%, Gateμ:-0.3743, Gate0%:0.0, MetaNormμ:9.3108 | Val Meta: Scaleμ:0.9792, Signal|S|μ:11.5331, Delta|S|μ:10.2616, Delta/Signal:88.98%, Gateμ:-0.3743, Gate0%:0.0, MetaNormμ:9.3108
Epoch  39/50 | Train Loss: 1.6856 Acc: 0.2708 F1: 0.2046 | Val Loss: 1.9722 Acc: 0.0833 F1: 0.0417 | Train Meta: Scaleμ:0.9792, Signal|S|μ:11.5586, Delta|S|μ:10.2887, Delta/Signal:89.01%, Gateμ:-0.3743, Gate0%:0.0, MetaNormμ:9.3108 | Val Meta: Scaleμ:0.9792, Signal|S|μ:11.5331, Delta|S|μ:10.2616, Delta/Signal:88.98%, Gateμ:-0.3743, Gate0%:0.0, MetaNormμ:9.3108
Validation Loss decreased (1.973299 --> 1.972213). Saving best model...
Epoch  40/50 | Train Loss: 1.6901 Acc: 0.3646 F1: 0.2694 | Val Loss: 1.9582 Acc: 0.0833 F1: 0.0417 | Train Meta: Scaleμ:0.9792, Signal|S|μ:11.4475, Delta|S|μ:10.1901, Delta/Signal:89.02%, Gateμ:-0.3743, Gate0%:0.0, MetaNormμ:9.3108 | Val Meta: Scaleμ:0.9792, Signal|S|μ:11.5331, Delta|S|μ:10.2616, Delta/Signal:88.98%, Gateμ:-0.3743, Gate0%:0.0, MetaNormμ:9.3108
Validation Loss decreased (1.972213 --> 1.958169). Saving best model...
Epoch  41/50 | Train Loss: 1.6894 Acc: 0.3438 F1: 0.2551 | Val Loss: 2.0058 Acc: 0.0833 F1: 0.0500 | Train Meta: Scaleμ:0.9792, Signal|S|μ:11.2957, Delta|S|μ:10.0501, Delta/Signal:88.97%, Gateμ:-0.3743, Gate0%:0.0, MetaNormμ:9.3108 | Val Meta: Scaleμ:0.9792, Signal|S|μ:11.5331, Delta|S|μ:10.2616, Delta/Signal:88.98%, Gateμ:-0.3743, Gate0%:0.0, MetaNormμ:9.3108
Epoch  42/50 | Train Loss: 1.6755 Acc: 0.2812 F1: 0.2222 | Val Loss: 2.0257 Acc: 0.0833 F1: 0.0500 | Train Meta: Scaleμ:0.9792, Signal|S|μ:11.3449, Delta|S|μ:10.0963, Delta/Signal:88.99%, Gateμ:-0.3743, Gate0%:0.0, MetaNormμ:9.3108 | Val Meta: Scaleμ:0.9792, Signal|S|μ:11.5331, Delta|S|μ:10.2616, Delta/Signal:88.98%, Gateμ:-0.3743, Gate0%:0.0, MetaNormμ:9.3108
Epoch  43/50 | Train Loss: 1.6568 Acc: 0.3542 F1: 0.2771 | Val Loss: 2.0143 Acc: 0.1667 F1: 0.1458 | Train Meta: Scaleμ:0.9792, Signal|S|μ:11.3747, Delta|S|μ:10.1199, Delta/Signal:88.97%, Gateμ:-0.3743, Gate0%:0.0, MetaNormμ:9.3108 | Val Meta: Scaleμ:0.9792, Signal|S|μ:11.5331, Delta|S|μ:10.2616, Delta/Signal:88.98%, Gateμ:-0.3743, Gate0%:0.0, MetaNormμ:9.3108
Epoch  44/50 | Train Loss: 1.6935 Acc: 0.3125 F1: 0.2276 | Val Loss: 1.9888 Acc: 0.1667 F1: 0.1458 | Train Meta: Scaleμ:0.9792, Signal|S|μ:11.4703, Delta|S|μ:10.2039, Delta/Signal:88.96%, Gateμ:-0.3743, Gate0%:0.0, MetaNormμ:9.3108 | Val Meta: Scaleμ:0.9792, Signal|S|μ:11.5331, Delta|S|μ:10.2616, Delta/Signal:88.98%, Gateμ:-0.3743, Gate0%:0.0, MetaNormμ:9.3108
Epoch  45/50 | Train Loss: 1.6812 Acc: 0.2396 F1: 0.1755 | Val Loss: 1.9931 Acc: 0.0833 F1: 0.0500 | Train Meta: Scaleμ:0.9792, Signal|S|μ:11.5200, Delta|S|μ:10.2532, Delta/Signal:89.00%, Gateμ:-0.3743, Gate0%:0.0, MetaNormμ:9.3108 | Val Meta: Scaleμ:0.9792, Signal|S|μ:11.5331, Delta|S|μ:10.2616, Delta/Signal:88.98%, Gateμ:-0.3743, Gate0%:0.0, MetaNormμ:9.3108
Epoch  46/50 | Train Loss: 1.6697 Acc: 0.3125 F1: 0.2501 | Val Loss: 1.9949 Acc: 0.0833 F1: 0.0500 | Train Meta: Scaleμ:0.9792, Signal|S|μ:11.5003, Delta|S|μ:10.2329, Delta/Signal:88.98%, Gateμ:-0.3743, Gate0%:0.0, MetaNormμ:9.3108 | Val Meta: Scaleμ:0.9792, Signal|S|μ:11.5331, Delta|S|μ:10.2616, Delta/Signal:88.98%, Gateμ:-0.3743, Gate0%:0.0, MetaNormμ:9.3108
Epoch  47/50 | Train Loss: 1.6877 Acc: 0.3021 F1: 0.2352 | Val Loss: 1.9736 Acc: 0.1667 F1: 0.1458 | Train Meta: Scaleμ:0.9792, Signal|S|μ:11.3950, Delta|S|μ:10.1430, Delta/Signal:89.01%, Gateμ:-0.3743, Gate0%:0.0, MetaNormμ:9.3108 | Val Meta: Scaleμ:0.9792, Signal|S|μ:11.5331, Delta|S|μ:10.2616, Delta/Signal:88.98%, Gateμ:-0.3743, Gate0%:0.0, MetaNormμ:9.3108
Epoch  48/50 | Train Loss: 1.6531 Acc: 0.3229 F1: 0.2594 | Val Loss: 1.9260 Acc: 0.1667 F1: 0.1042 | Train Meta: Scaleμ:0.9792, Signal|S|μ:11.2804, Delta|S|μ:10.0401, Delta/Signal:89.00%, Gateμ:-0.3743, Gate0%:0.0, MetaNormμ:9.3108 | Val Meta: Scaleμ:0.9792, Signal|S|μ:11.5331, Delta|S|μ:10.2616, Delta/Signal:88.98%, Gateμ:-0.3743, Gate0%:0.0, MetaNormμ:9.3108
Validation Loss decreased (1.958169 --> 1.926042). Saving best model...
Epoch  49/50 | Train Loss: 1.6591 Acc: 0.3125 F1: 0.2547 | Val Loss: 1.9318 Acc: 0.1667 F1: 0.0917 | Train Meta: Scaleμ:0.9792, Signal|S|μ:11.7100, Delta|S|μ:10.4197, Delta/Signal:88.98%, Gateμ:-0.3743, Gate0%:0.0, MetaNormμ:9.3108 | Val Meta: Scaleμ:0.9792, Signal|S|μ:11.5331, Delta|S|μ:10.2616, Delta/Signal:88.98%, Gateμ:-0.3743, Gate0%:0.0, MetaNormμ:9.3108
Epoch  50/50 | Train Loss: 1.6570 Acc: 0.3438 F1: 0.2857 | Val Loss: 1.9916 Acc: 0.0833 F1: 0.0500 | Train Meta: Scaleμ:0.9792, Signal|S|μ:11.3535, Delta|S|μ:10.1036, Delta/Signal:88.99%, Gateμ:-0.3743, Gate0%:0.0, MetaNormμ:9.3108 | Val Meta: Scaleμ:0.9792, Signal|S|μ:11.5331, Delta|S|μ:10.2616, Delta/Signal:88.98%, Gateμ:-0.3743, Gate0%:0.0, MetaNormμ:9.3108

Classification Test Result (UWaveGestureLibrary)
Accuracy : 0.234375
F1 (macro): 0.196426
Saved attention maps for 3 sample(s) under ./runs/classification_electricity_to_UWaveGestureLibrary_laya_metadata_query_gate_text_stats_joint/attention_maps
Joint metadata preview | dataset=ECG200 | domain=UCR | channels=1
   - channel_1: In the UCR domain, this channel belongs to the ECG200 dataset and represents the feature channel 1. Channel statistics over the training split: mean value is -0.000, standard deviation is 1.000, minimum value is -2.631, maximum value is 4.221, median value is 0.226, and mean absolute value is 0.785.
/data/pjh_workspace/ts-env/lib/python3.8/site-packages/torch/nn/modules/transformer.py:307: UserWarning: enable_nested_tensor is True, but self.use_nested_tensor is False because encoder_layer.norm_first was True
  warnings.warn(f"enable_nested_tensor is True, but self.use_nested_tensor is False because {why_not_sparsity_fast_path}")
==================================================
🚀 Architecture: LAYA
📊 Target Dataset: ECG200 (Channels: 1)
📊 Pretrain Info: electricity
📊 Classes: 2 | Sequence Length: 96
==================================================
✅ Loaded pretrained encoder from ./checkpoints/electricity_laya_metadata_query_gate_text_stats_joint/laya_ts_electricity_s_best.pt
   - 104/104 keys matched.
✅ Encoder is FROZEN (Linear Probing mode).
📝 metadata: mode=text_stats_joint, fusion=none, relation=metadata_query_gate
ℹ️  Metadata Fusion Mode: none
ℹ️  Channel Mixer Relation Mode: metadata_query_gate
ℹ️  Encoder Variant: default
ℹ️  Channel Adapter: disabled for Laya downstream (mixer)
ℹ️  Channel Relation Block: disabled
✅ ClassificationHead: [B, 256] → [B, 2]
Epoch   1/50 | Train Loss: 0.5969 Acc: 0.6125 F1: 0.4745 | Val Loss: 0.7790 Acc: 0.6000 F1: 0.3750 | Train Meta: Scaleμ:0.9792, Signal|S|μ:9.4883, Delta|S|μ:8.6996, Delta/Signal:91.69%, Gateμ:-0.2075, Gate0%:0.0, MetaNormμ:9.2091 | Val Meta: Scaleμ:0.9792, Signal|S|μ:9.7956, Delta|S|μ:8.9896, Delta/Signal:91.77%, Gateμ:-0.2075, Gate0%:0.0, MetaNormμ:9.2091
Validation Loss decreased (inf --> 0.778976). Saving best model...
Epoch   2/50 | Train Loss: 0.5503 Acc: 0.7125 F1: 0.4161 | Val Loss: 0.7217 Acc: 0.6000 F1: 0.3750 | Train Meta: Scaleμ:0.9792, Signal|S|μ:9.6165, Delta|S|μ:8.8211, Delta/Signal:91.73%, Gateμ:-0.2075, Gate0%:0.0, MetaNormμ:9.2091 | Val Meta: Scaleμ:0.9792, Signal|S|μ:9.7956, Delta|S|μ:8.9896, Delta/Signal:91.77%, Gateμ:-0.2075, Gate0%:0.0, MetaNormμ:9.2091
Validation Loss decreased (0.778976 --> 0.721685). Saving best model...
Epoch   3/50 | Train Loss: 0.5453 Acc: 0.6875 F1: 0.4074 | Val Loss: 0.6717 Acc: 0.6000 F1: 0.3750 | Train Meta: Scaleμ:0.9792, Signal|S|μ:9.2342, Delta|S|μ:8.4678, Delta/Signal:91.70%, Gateμ:-0.2075, Gate0%:0.0, MetaNormμ:9.2091 | Val Meta: Scaleμ:0.9792, Signal|S|μ:9.7956, Delta|S|μ:8.9896, Delta/Signal:91.77%, Gateμ:-0.2075, Gate0%:0.0, MetaNormμ:9.2091
Validation Loss decreased (0.721685 --> 0.671699). Saving best model...
Epoch   4/50 | Train Loss: 0.5485 Acc: 0.6750 F1: 0.4030 | Val Loss: 0.6675 Acc: 0.6000 F1: 0.3750 | Train Meta: Scaleμ:0.9792, Signal|S|μ:9.7580, Delta|S|μ:8.9493, Delta/Signal:91.71%, Gateμ:-0.2075, Gate0%:0.0, MetaNormμ:9.2091 | Val Meta: Scaleμ:0.9792, Signal|S|μ:9.7956, Delta|S|μ:8.9896, Delta/Signal:91.77%, Gateμ:-0.2075, Gate0%:0.0, MetaNormμ:9.2091
Validation Loss decreased (0.671699 --> 0.667492). Saving best model...
Epoch   5/50 | Train Loss: 0.5424 Acc: 0.6875 F1: 0.4074 | Val Loss: 0.6756 Acc: 0.6000 F1: 0.3750 | Train Meta: Scaleμ:0.9792, Signal|S|μ:10.0906, Delta|S|μ:9.2584, Delta/Signal:91.75%, Gateμ:-0.2075, Gate0%:0.0, MetaNormμ:9.2091 | Val Meta: Scaleμ:0.9792, Signal|S|μ:9.7956, Delta|S|μ:8.9896, Delta/Signal:91.77%, Gateμ:-0.2075, Gate0%:0.0, MetaNormμ:9.2091
Epoch   6/50 | Train Loss: 0.5373 Acc: 0.6750 F1: 0.4030 | Val Loss: 0.6927 Acc: 0.6000 F1: 0.3750 | Train Meta: Scaleμ:0.9792, Signal|S|μ:9.6459, Delta|S|μ:8.8474, Delta/Signal:91.72%, Gateμ:-0.2075, Gate0%:0.0, MetaNormμ:9.2091 | Val Meta: Scaleμ:0.9792, Signal|S|μ:9.7956, Delta|S|μ:8.9896, Delta/Signal:91.77%, Gateμ:-0.2075, Gate0%:0.0, MetaNormμ:9.2091
Epoch   7/50 | Train Loss: 0.5079 Acc: 0.7125 F1: 0.4161 | Val Loss: 0.6987 Acc: 0.6000 F1: 0.3750 | Train Meta: Scaleμ:0.9792, Signal|S|μ:9.6459, Delta|S|μ:8.8475, Delta/Signal:91.72%, Gateμ:-0.2075, Gate0%:0.0, MetaNormμ:9.2091 | Val Meta: Scaleμ:0.9792, Signal|S|μ:9.7956, Delta|S|μ:8.9896, Delta/Signal:91.77%, Gateμ:-0.2075, Gate0%:0.0, MetaNormμ:9.2091
Epoch   8/50 | Train Loss: 0.5232 Acc: 0.6875 F1: 0.4074 | Val Loss: 0.6773 Acc: 0.6000 F1: 0.3750 | Train Meta: Scaleμ:0.9792, Signal|S|μ:9.3417, Delta|S|μ:8.5636, Delta/Signal:91.67%, Gateμ:-0.2075, Gate0%:0.0, MetaNormμ:9.2091 | Val Meta: Scaleμ:0.9792, Signal|S|μ:9.7956, Delta|S|μ:8.9896, Delta/Signal:91.77%, Gateμ:-0.2075, Gate0%:0.0, MetaNormμ:9.2091
Epoch   9/50 | Train Loss: 0.5026 Acc: 0.7125 F1: 0.4161 | Val Loss: 0.6774 Acc: 0.6000 F1: 0.3750 | Train Meta: Scaleμ:0.9792, Signal|S|μ:9.2560, Delta|S|μ:8.4850, Delta/Signal:91.67%, Gateμ:-0.2075, Gate0%:0.0, MetaNormμ:9.2091 | Val Meta: Scaleμ:0.9792, Signal|S|μ:9.7956, Delta|S|μ:8.9896, Delta/Signal:91.77%, Gateμ:-0.2075, Gate0%:0.0, MetaNormμ:9.2091
Epoch  10/50 | Train Loss: 0.5026 Acc: 0.7000 F1: 0.4118 | Val Loss: 0.6863 Acc: 0.6000 F1: 0.3750 | Train Meta: Scaleμ:0.9792, Signal|S|μ:8.9026, Delta|S|μ:8.1609, Delta/Signal:91.67%, Gateμ:-0.2075, Gate0%:0.0, MetaNormμ:9.2091 | Val Meta: Scaleμ:0.9792, Signal|S|μ:9.7956, Delta|S|μ:8.9896, Delta/Signal:91.77%, Gateμ:-0.2075, Gate0%:0.0, MetaNormμ:9.2091
Epoch  11/50 | Train Loss: 0.5154 Acc: 0.6875 F1: 0.4074 | Val Loss: 0.6741 Acc: 0.6000 F1: 0.3750 | Train Meta: Scaleμ:0.9792, Signal|S|μ:9.3581, Delta|S|μ:8.5843, Delta/Signal:91.73%, Gateμ:-0.2075, Gate0%:0.0, MetaNormμ:9.2091 | Val Meta: Scaleμ:0.9792, Signal|S|μ:9.7956, Delta|S|μ:8.9896, Delta/Signal:91.77%, Gateμ:-0.2075, Gate0%:0.0, MetaNormμ:9.2091
Epoch  12/50 | Train Loss: 0.5045 Acc: 0.7000 F1: 0.4118 | Val Loss: 0.6911 Acc: 0.6000 F1: 0.3750 | Train Meta: Scaleμ:0.9792, Signal|S|μ:9.2873, Delta|S|μ:8.5171, Delta/Signal:91.71%, Gateμ:-0.2075, Gate0%:0.0, MetaNormμ:9.2091 | Val Meta: Scaleμ:0.9792, Signal|S|μ:9.7956, Delta|S|μ:8.9896, Delta/Signal:91.77%, Gateμ:-0.2075, Gate0%:0.0, MetaNormμ:9.2091
Epoch  13/50 | Train Loss: 0.4878 Acc: 0.7125 F1: 0.4161 | Val Loss: 0.6926 Acc: 0.6000 F1: 0.3750 | Train Meta: Scaleμ:0.9792, Signal|S|μ:9.6072, Delta|S|μ:8.8113, Delta/Signal:91.72%, Gateμ:-0.2075, Gate0%:0.0, MetaNormμ:9.2091 | Val Meta: Scaleμ:0.9792, Signal|S|μ:9.7956, Delta|S|μ:8.9896, Delta/Signal:91.77%, Gateμ:-0.2075, Gate0%:0.0, MetaNormμ:9.2091
Epoch  14/50 | Train Loss: 0.5043 Acc: 0.6875 F1: 0.4074 | Val Loss: 0.6717 Acc: 0.6000 F1: 0.3750 | Train Meta: Scaleμ:0.9792, Signal|S|μ:9.7867, Delta|S|μ:8.9797, Delta/Signal:91.75%, Gateμ:-0.2075, Gate0%:0.0, MetaNormμ:9.2091 | Val Meta: Scaleμ:0.9792, Signal|S|μ:9.7956, Delta|S|μ:8.9896, Delta/Signal:91.77%, Gateμ:-0.2075, Gate0%:0.0, MetaNormμ:9.2091
Epoch  15/50 | Train Loss: 0.4793 Acc: 0.7250 F1: 0.4203 | Val Loss: 0.6823 Acc: 0.6000 F1: 0.3750 | Train Meta: Scaleμ:0.9792, Signal|S|μ:9.2398, Delta|S|μ:8.4747, Delta/Signal:91.72%, Gateμ:-0.2075, Gate0%:0.0, MetaNormμ:9.2091 | Val Meta: Scaleμ:0.9792, Signal|S|μ:9.7956, Delta|S|μ:8.9896, Delta/Signal:91.77%, Gateμ:-0.2075, Gate0%:0.0, MetaNormμ:9.2091
Epoch  16/50 | Train Loss: 0.4806 Acc: 0.7125 F1: 0.4161 | Val Loss: 0.7024 Acc: 0.6000 F1: 0.3750 | Train Meta: Scaleμ:0.9792, Signal|S|μ:9.6154, Delta|S|μ:8.8165, Delta/Signal:91.69%, Gateμ:-0.2075, Gate0%:0.0, MetaNormμ:9.2091 | Val Meta: Scaleμ:0.9792, Signal|S|μ:9.7956, Delta|S|μ:8.9896, Delta/Signal:91.77%, Gateμ:-0.2075, Gate0%:0.0, MetaNormμ:9.2091
Epoch  17/50 | Train Loss: 0.5005 Acc: 0.6875 F1: 0.4074 | Val Loss: 0.6722 Acc: 0.6000 F1: 0.3750 | Train Meta: Scaleμ:0.9792, Signal|S|μ:9.3685, Delta|S|μ:8.5922, Delta/Signal:91.71%, Gateμ:-0.2075, Gate0%:0.0, MetaNormμ:9.2091 | Val Meta: Scaleμ:0.9792, Signal|S|μ:9.7956, Delta|S|μ:8.9896, Delta/Signal:91.77%, Gateμ:-0.2075, Gate0%:0.0, MetaNormμ:9.2091
Epoch  18/50 | Train Loss: 0.4706 Acc: 0.7125 F1: 0.4161 | Val Loss: 0.6877 Acc: 0.6000 F1: 0.3750 | Train Meta: Scaleμ:0.9792, Signal|S|μ:9.0582, Delta|S|μ:8.3092, Delta/Signal:91.73%, Gateμ:-0.2075, Gate0%:0.0, MetaNormμ:9.2091 | Val Meta: Scaleμ:0.9792, Signal|S|μ:9.7956, Delta|S|μ:8.9896, Delta/Signal:91.77%, Gateμ:-0.2075, Gate0%:0.0, MetaNormμ:9.2091
Epoch  19/50 | Train Loss: 0.4859 Acc: 0.6875 F1: 0.4074 | Val Loss: 0.6759 Acc: 0.6000 F1: 0.3750 | Train Meta: Scaleμ:0.9792, Signal|S|μ:9.4223, Delta|S|μ:8.6423, Delta/Signal:91.72%, Gateμ:-0.2075, Gate0%:0.0, MetaNormμ:9.2091 | Val Meta: Scaleμ:0.9792, Signal|S|μ:9.7956, Delta|S|μ:8.9896, Delta/Signal:91.77%, Gateμ:-0.2075, Gate0%:0.0, MetaNormμ:9.2091
Epoch  20/50 | Train Loss: 0.4935 Acc: 0.6875 F1: 0.4735 | Val Loss: 0.6756 Acc: 0.6000 F1: 0.3750 | Train Meta: Scaleμ:0.9792, Signal|S|μ:9.5730, Delta|S|μ:8.7774, Delta/Signal:91.69%, Gateμ:-0.2075, Gate0%:0.0, MetaNormμ:9.2091 | Val Meta: Scaleμ:0.9792, Signal|S|μ:9.7956, Delta|S|μ:8.9896, Delta/Signal:91.77%, Gateμ:-0.2075, Gate0%:0.0, MetaNormμ:9.2091
Epoch  21/50 | Train Loss: 0.4725 Acc: 0.6875 F1: 0.4074 | Val Loss: 0.6846 Acc: 0.6000 F1: 0.3750 | Train Meta: Scaleμ:0.9792, Signal|S|μ:9.3579, Delta|S|μ:8.5815, Delta/Signal:91.70%, Gateμ:-0.2075, Gate0%:0.0, MetaNormμ:9.2091 | Val Meta: Scaleμ:0.9792, Signal|S|μ:9.7956, Delta|S|μ:8.9896, Delta/Signal:91.77%, Gateμ:-0.2075, Gate0%:0.0, MetaNormμ:9.2091
Epoch  22/50 | Train Loss: 0.4835 Acc: 0.6875 F1: 0.4074 | Val Loss: 0.6869 Acc: 0.6000 F1: 0.3750 | Train Meta: Scaleμ:0.9792, Signal|S|μ:9.2028, Delta|S|μ:8.4433, Delta/Signal:91.75%, Gateμ:-0.2075, Gate0%:0.0, MetaNormμ:9.2091 | Val Meta: Scaleμ:0.9792, Signal|S|μ:9.7956, Delta|S|μ:8.9896, Delta/Signal:91.77%, Gateμ:-0.2075, Gate0%:0.0, MetaNormμ:9.2091
Epoch  23/50 | Train Loss: 0.4781 Acc: 0.6750 F1: 0.4372 | Val Loss: 0.6749 Acc: 0.5000 F1: 0.3333 | Train Meta: Scaleμ:0.9792, Signal|S|μ:9.3134, Delta|S|μ:8.5403, Delta/Signal:91.70%, Gateμ:-0.2075, Gate0%:0.0, MetaNormμ:9.2091 | Val Meta: Scaleμ:0.9792, Signal|S|μ:9.7956, Delta|S|μ:8.9896, Delta/Signal:91.77%, Gateμ:-0.2075, Gate0%:0.0, MetaNormμ:9.2091
Epoch  24/50 | Train Loss: 0.4566 Acc: 0.7375 F1: 0.5322 | Val Loss: 0.6853 Acc: 0.6000 F1: 0.3750 | Train Meta: Scaleμ:0.9792, Signal|S|μ:9.0648, Delta|S|μ:8.3138, Delta/Signal:91.71%, Gateμ:-0.2075, Gate0%:0.0, MetaNormμ:9.2091 | Val Meta: Scaleμ:0.9792, Signal|S|μ:9.7956, Delta|S|μ:8.9896, Delta/Signal:91.77%, Gateμ:-0.2075, Gate0%:0.0, MetaNormμ:9.2091
Epoch  25/50 | Train Loss: 0.4600 Acc: 0.6750 F1: 0.4372 | Val Loss: 0.6805 Acc: 0.5000 F1: 0.3333 | Train Meta: Scaleμ:0.9792, Signal|S|μ:9.4789, Delta|S|μ:8.6932, Delta/Signal:91.71%, Gateμ:-0.2075, Gate0%:0.0, MetaNormμ:9.2091 | Val Meta: Scaleμ:0.9792, Signal|S|μ:9.7956, Delta|S|μ:8.9896, Delta/Signal:91.77%, Gateμ:-0.2075, Gate0%:0.0, MetaNormμ:9.2091
Epoch  26/50 | Train Loss: 0.4569 Acc: 0.7000 F1: 0.4118 | Val Loss: 0.6998 Acc: 0.6000 F1: 0.3750 | Train Meta: Scaleμ:0.9792, Signal|S|μ:9.1039, Delta|S|μ:8.3452, Delta/Signal:91.67%, Gateμ:-0.2075, Gate0%:0.0, MetaNormμ:9.2091 | Val Meta: Scaleμ:0.9792, Signal|S|μ:9.7956, Delta|S|μ:8.9896, Delta/Signal:91.77%, Gateμ:-0.2075, Gate0%:0.0, MetaNormμ:9.2091
Epoch  27/50 | Train Loss: 0.4370 Acc: 0.7375 F1: 0.4245 | Val Loss: 0.7079 Acc: 0.6000 F1: 0.3750 | Train Meta: Scaleμ:0.9792, Signal|S|μ:9.5332, Delta|S|μ:8.7428, Delta/Signal:91.71%, Gateμ:-0.2075, Gate0%:0.0, MetaNormμ:9.2091 | Val Meta: Scaleμ:0.9792, Signal|S|μ:9.7956, Delta|S|μ:8.9896, Delta/Signal:91.77%, Gateμ:-0.2075, Gate0%:0.0, MetaNormμ:9.2091
Epoch  28/50 | Train Loss: 0.4542 Acc: 0.7000 F1: 0.4489 | Val Loss: 0.6846 Acc: 0.5000 F1: 0.3333 | Train Meta: Scaleμ:0.9792, Signal|S|μ:9.6401, Delta|S|μ:8.8422, Delta/Signal:91.72%, Gateμ:-0.2075, Gate0%:0.0, MetaNormμ:9.2091 | Val Meta: Scaleμ:0.9792, Signal|S|μ:9.7956, Delta|S|μ:8.9896, Delta/Signal:91.77%, Gateμ:-0.2075, Gate0%:0.0, MetaNormμ:9.2091
Epoch  29/50 | Train Loss: 0.4534 Acc: 0.7250 F1: 0.5892 | Val Loss: 0.6766 Acc: 0.5000 F1: 0.3333 | Train Meta: Scaleμ:0.9792, Signal|S|μ:9.1751, Delta|S|μ:8.4146, Delta/Signal:91.71%, Gateμ:-0.2075, Gate0%:0.0, MetaNormμ:9.2091 | Val Meta: Scaleμ:0.9792, Signal|S|μ:9.7956, Delta|S|μ:8.9896, Delta/Signal:91.77%, Gateμ:-0.2075, Gate0%:0.0, MetaNormμ:9.2091
Epoch  30/50 | Train Loss: 0.4630 Acc: 0.7500 F1: 0.6549 | Val Loss: 0.6784 Acc: 0.5000 F1: 0.3333 | Train Meta: Scaleμ:0.9792, Signal|S|μ:9.5068, Delta|S|μ:8.7201, Delta/Signal:91.72%, Gateμ:-0.2075, Gate0%:0.0, MetaNormμ:9.2091 | Val Meta: Scaleμ:0.9792, Signal|S|μ:9.7956, Delta|S|μ:8.9896, Delta/Signal:91.77%, Gateμ:-0.2075, Gate0%:0.0, MetaNormμ:9.2091
Epoch  31/50 | Train Loss: 0.4513 Acc: 0.7125 F1: 0.5157 | Val Loss: 0.7148 Acc: 0.6000 F1: 0.3750 | Train Meta: Scaleμ:0.9792, Signal|S|μ:9.5555, Delta|S|μ:8.7666, Delta/Signal:91.74%, Gateμ:-0.2075, Gate0%:0.0, MetaNormμ:9.2091 | Val Meta: Scaleμ:0.9792, Signal|S|μ:9.7956, Delta|S|μ:8.9896, Delta/Signal:91.77%, Gateμ:-0.2075, Gate0%:0.0, MetaNormμ:9.2091
Epoch  32/50 | Train Loss: 0.4618 Acc: 0.7000 F1: 0.4118 | Val Loss: 0.7063 Acc: 0.6000 F1: 0.3750 | Train Meta: Scaleμ:0.9792, Signal|S|μ:9.4625, Delta|S|μ:8.6801, Delta/Signal:91.73%, Gateμ:-0.2075, Gate0%:0.0, MetaNormμ:9.2091 | Val Meta: Scaleμ:0.9792, Signal|S|μ:9.7956, Delta|S|μ:8.9896, Delta/Signal:91.77%, Gateμ:-0.2075, Gate0%:0.0, MetaNormμ:9.2091
Epoch  33/50 | Train Loss: 0.4303 Acc: 0.7500 F1: 0.5098 | Val Loss: 0.6875 Acc: 0.5000 F1: 0.3333 | Train Meta: Scaleμ:0.9792, Signal|S|μ:9.1222, Delta|S|μ:8.3659, Delta/Signal:91.71%, Gateμ:-0.2075, Gate0%:0.0, MetaNormμ:9.2091 | Val Meta: Scaleμ:0.9792, Signal|S|μ:9.7956, Delta|S|μ:8.9896, Delta/Signal:91.77%, Gateμ:-0.2075, Gate0%:0.0, MetaNormμ:9.2091
Epoch  34/50 | Train Loss: 0.4327 Acc: 0.7125 F1: 0.5610 | Val Loss: 0.6820 Acc: 0.5000 F1: 0.3333 | Train Meta: Scaleμ:0.9792, Signal|S|μ:9.6605, Delta|S|μ:8.8605, Delta/Signal:91.72%, Gateμ:-0.2075, Gate0%:0.0, MetaNormμ:9.2091 | Val Meta: Scaleμ:0.9792, Signal|S|μ:9.7956, Delta|S|μ:8.9896, Delta/Signal:91.77%, Gateμ:-0.2075, Gate0%:0.0, MetaNormμ:9.2091
Epoch  35/50 | Train Loss: 0.4479 Acc: 0.7125 F1: 0.5610 | Val Loss: 0.6817 Acc: 0.5000 F1: 0.3333 | Train Meta: Scaleμ:0.9792, Signal|S|μ:9.6691, Delta|S|μ:8.8688, Delta/Signal:91.72%, Gateμ:-0.2075, Gate0%:0.0, MetaNormμ:9.2091 | Val Meta: Scaleμ:0.9792, Signal|S|μ:9.7956, Delta|S|μ:8.9896, Delta/Signal:91.77%, Gateμ:-0.2075, Gate0%:0.0, MetaNormμ:9.2091
Epoch  36/50 | Train Loss: 0.4262 Acc: 0.7250 F1: 0.5703 | Val Loss: 0.6916 Acc: 0.5000 F1: 0.3333 | Train Meta: Scaleμ:0.9792, Signal|S|μ:9.6102, Delta|S|μ:8.8134, Delta/Signal:91.71%, Gateμ:-0.2075, Gate0%:0.0, MetaNormμ:9.2091 | Val Meta: Scaleμ:0.9792, Signal|S|μ:9.7956, Delta|S|μ:8.9896, Delta/Signal:91.77%, Gateμ:-0.2075, Gate0%:0.0, MetaNormμ:9.2091
Epoch  37/50 | Train Loss: 0.4266 Acc: 0.7250 F1: 0.5487 | Val Loss: 0.7105 Acc: 0.6000 F1: 0.3750 | Train Meta: Scaleμ:0.9792, Signal|S|μ:9.5551, Delta|S|μ:8.7623, Delta/Signal:91.70%, Gateμ:-0.2075, Gate0%:0.0, MetaNormμ:9.2091 | Val Meta: Scaleμ:0.9792, Signal|S|μ:9.7956, Delta|S|μ:8.9896, Delta/Signal:91.77%, Gateμ:-0.2075, Gate0%:0.0, MetaNormμ:9.2091
Epoch  38/50 | Train Loss: 0.4303 Acc: 0.7125 F1: 0.4548 | Val Loss: 0.7150 Acc: 0.6000 F1: 0.3750 | Train Meta: Scaleμ:0.9792, Signal|S|μ:9.5088, Delta|S|μ:8.7194, Delta/Signal:91.70%, Gateμ:-0.2075, Gate0%:0.0, MetaNormμ:9.2091 | Val Meta: Scaleμ:0.9792, Signal|S|μ:9.7956, Delta|S|μ:8.9896, Delta/Signal:91.77%, Gateμ:-0.2075, Gate0%:0.0, MetaNormμ:9.2091
Epoch  39/50 | Train Loss: 0.4563 Acc: 0.6750 F1: 0.4667 | Val Loss: 0.6819 Acc: 0.7000 F1: 0.6703 | Train Meta: Scaleμ:0.9792, Signal|S|μ:9.9508, Delta|S|μ:9.1291, Delta/Signal:91.74%, Gateμ:-0.2075, Gate0%:0.0, MetaNormμ:9.2091 | Val Meta: Scaleμ:0.9792, Signal|S|μ:9.7956, Delta|S|μ:8.9896, Delta/Signal:91.77%, Gateμ:-0.2075, Gate0%:0.0, MetaNormμ:9.2091
Epoch  40/50 | Train Loss: 0.4169 Acc: 0.7875 F1: 0.6599 | Val Loss: 0.7121 Acc: 0.6000 F1: 0.3750 | Train Meta: Scaleμ:0.9792, Signal|S|μ:9.2842, Delta|S|μ:8.5148, Delta/Signal:91.71%, Gateμ:-0.2075, Gate0%:0.0, MetaNormμ:9.2091 | Val Meta: Scaleμ:0.9792, Signal|S|μ:9.7956, Delta|S|μ:8.9896, Delta/Signal:91.77%, Gateμ:-0.2075, Gate0%:0.0, MetaNormμ:9.2091
Epoch  41/50 | Train Loss: 0.4554 Acc: 0.7000 F1: 0.5312 | Val Loss: 0.6963 Acc: 0.5000 F1: 0.3333 | Train Meta: Scaleμ:0.9792, Signal|S|μ:9.1666, Delta|S|μ:8.4042, Delta/Signal:91.68%, Gateμ:-0.2075, Gate0%:0.0, MetaNormμ:9.2091 | Val Meta: Scaleμ:0.9792, Signal|S|μ:9.7956, Delta|S|μ:8.9896, Delta/Signal:91.77%, Gateμ:-0.2075, Gate0%:0.0, MetaNormμ:9.2091
Epoch  42/50 | Train Loss: 0.4240 Acc: 0.7125 F1: 0.5399 | Val Loss: 0.6924 Acc: 0.5000 F1: 0.3333 | Train Meta: Scaleμ:0.9792, Signal|S|μ:8.9532, Delta|S|μ:8.2104, Delta/Signal:91.70%, Gateμ:-0.2075, Gate0%:0.0, MetaNormμ:9.2091 | Val Meta: Scaleμ:0.9792, Signal|S|μ:9.7956, Delta|S|μ:8.9896, Delta/Signal:91.77%, Gateμ:-0.2075, Gate0%:0.0, MetaNormμ:9.2091
Epoch  43/50 | Train Loss: 0.4386 Acc: 0.7250 F1: 0.6333 | Val Loss: 0.6848 Acc: 0.7000 F1: 0.6703 | Train Meta: Scaleμ:0.9792, Signal|S|μ:9.5683, Delta|S|μ:8.7769, Delta/Signal:91.73%, Gateμ:-0.2075, Gate0%:0.0, MetaNormμ:9.2091 | Val Meta: Scaleμ:0.9792, Signal|S|μ:9.7956, Delta|S|μ:8.9896, Delta/Signal:91.77%, Gateμ:-0.2075, Gate0%:0.0, MetaNormμ:9.2091
Epoch  44/50 | Train Loss: 0.4354 Acc: 0.7750 F1: 0.7094 | Val Loss: 0.6884 Acc: 0.6000 F1: 0.5238 | Train Meta: Scaleμ:0.9792, Signal|S|μ:9.0698, Delta|S|μ:8.3152, Delta/Signal:91.68%, Gateμ:-0.2075, Gate0%:0.0, MetaNormμ:9.2091 | Val Meta: Scaleμ:0.9792, Signal|S|μ:9.7956, Delta|S|μ:8.9896, Delta/Signal:91.77%, Gateμ:-0.2075, Gate0%:0.0, MetaNormμ:9.2091
Epoch  45/50 | Train Loss: 0.4215 Acc: 0.7125 F1: 0.5610 | Val Loss: 0.7035 Acc: 0.5000 F1: 0.3333 | Train Meta: Scaleμ:0.9792, Signal|S|μ:9.4128, Delta|S|μ:8.6345, Delta/Signal:91.73%, Gateμ:-0.2075, Gate0%:0.0, MetaNormμ:9.2091 | Val Meta: Scaleμ:0.9792, Signal|S|μ:9.7956, Delta|S|μ:8.9896, Delta/Signal:91.77%, Gateμ:-0.2075, Gate0%:0.0, MetaNormμ:9.2091
Epoch  46/50 | Train Loss: 0.4331 Acc: 0.7125 F1: 0.5157 | Val Loss: 0.7129 Acc: 0.5000 F1: 0.3333 | Train Meta: Scaleμ:0.9792, Signal|S|μ:9.4002, Delta|S|μ:8.6201, Delta/Signal:91.70%, Gateμ:-0.2075, Gate0%:0.0, MetaNormμ:9.2091 | Val Meta: Scaleμ:0.9792, Signal|S|μ:9.7956, Delta|S|μ:8.9896, Delta/Signal:91.77%, Gateμ:-0.2075, Gate0%:0.0, MetaNormμ:9.2091
Epoch  47/50 | Train Loss: 0.4066 Acc: 0.7125 F1: 0.5399 | Val Loss: 0.6919 Acc: 0.5000 F1: 0.3333 | Train Meta: Scaleμ:0.9792, Signal|S|μ:9.8359, Delta|S|μ:9.0219, Delta/Signal:91.72%, Gateμ:-0.2075, Gate0%:0.0, MetaNormμ:9.2091 | Val Meta: Scaleμ:0.9792, Signal|S|μ:9.7956, Delta|S|μ:8.9896, Delta/Signal:91.77%, Gateμ:-0.2075, Gate0%:0.0, MetaNormμ:9.2091
Epoch  48/50 | Train Loss: 0.4287 Acc: 0.7750 F1: 0.7179 | Val Loss: 0.6910 Acc: 0.6000 F1: 0.5238 | Train Meta: Scaleμ:0.9792, Signal|S|μ:9.3007, Delta|S|μ:8.5315, Delta/Signal:91.73%, Gateμ:-0.2075, Gate0%:0.0, MetaNormμ:9.2091 | Val Meta: Scaleμ:0.9792, Signal|S|μ:9.7956, Delta|S|μ:8.9896, Delta/Signal:91.77%, Gateμ:-0.2075, Gate0%:0.0, MetaNormμ:9.2091
Epoch  49/50 | Train Loss: 0.4250 Acc: 0.8000 F1: 0.7619 | Val Loss: 0.6882 Acc: 0.7000 F1: 0.6703 | Train Meta: Scaleμ:0.9792, Signal|S|μ:9.3439, Delta|S|μ:8.5703, Delta/Signal:91.72%, Gateμ:-0.2075, Gate0%:0.0, MetaNormμ:9.2091 | Val Meta: Scaleμ:0.9792, Signal|S|μ:9.7956, Delta|S|μ:8.9896, Delta/Signal:91.77%, Gateμ:-0.2075, Gate0%:0.0, MetaNormμ:9.2091
Epoch  50/50 | Train Loss: 0.4325 Acc: 0.7750 F1: 0.7179 | Val Loss: 0.6974 Acc: 0.5000 F1: 0.3333 | Train Meta: Scaleμ:0.9792, Signal|S|μ:9.8324, Delta|S|μ:9.0196, Delta/Signal:91.73%, Gateμ:-0.2075, Gate0%:0.0, MetaNormμ:9.2091 | Val Meta: Scaleμ:0.9792, Signal|S|μ:9.7956, Delta|S|μ:8.9896, Delta/Signal:91.77%, Gateμ:-0.2075, Gate0%:0.0, MetaNormμ:9.2091

Classification Test Result (ECG200)
Accuracy : 0.640000
F1 (macro): 0.390244
Saved attention maps for 3 sample(s) under ./runs/classification_electricity_to_ECG200_laya_metadata_query_gate_text_stats_joint/attention_maps
Joint metadata preview | dataset=ECG5000 | domain=UCR | channels=1
   - channel_1: In the UCR domain, this channel belongs to the ECG5000 dataset and represents the feature channel 1. Channel statistics over the training split: mean value is 0.000, standard deviation is 1.000, minimum value is -5.818, maximum value is 4.073, median value is 0.187, and mean absolute value is 0.668.
/data/pjh_workspace/ts-env/lib/python3.8/site-packages/torch/nn/modules/transformer.py:307: UserWarning: enable_nested_tensor is True, but self.use_nested_tensor is False because encoder_layer.norm_first was True
  warnings.warn(f"enable_nested_tensor is True, but self.use_nested_tensor is False because {why_not_sparsity_fast_path}")
==================================================
🚀 Architecture: LAYA
📊 Target Dataset: ECG5000 (Channels: 1)
📊 Pretrain Info: electricity
📊 Classes: 5 | Sequence Length: 140
==================================================
✅ Loaded pretrained encoder from ./checkpoints/electricity_laya_metadata_query_gate_text_stats_joint/laya_ts_electricity_s_best.pt
   - 104/104 keys matched.
✅ Encoder is FROZEN (Linear Probing mode).
📝 metadata: mode=text_stats_joint, fusion=none, relation=metadata_query_gate
ℹ️  Metadata Fusion Mode: none
ℹ️  Channel Mixer Relation Mode: metadata_query_gate
ℹ️  Encoder Variant: default
ℹ️  Channel Adapter: disabled for Laya downstream (mixer)
ℹ️  Channel Relation Block: disabled
✅ ClassificationHead: [B, 256] → [B, 5]
Epoch   1/50 | Train Loss: 0.9181 Acc: 0.5737 F1: 0.1458 | Val Loss: 0.7720 Acc: 0.6400 F1: 0.2602 | Train Meta: Scaleμ:0.9792, Signal|S|μ:8.8501, Delta|S|μ:7.9072, Delta/Signal:89.35%, Gateμ:-0.3208, Gate0%:0.0, MetaNormμ:9.3077 | Val Meta: Scaleμ:0.9792, Signal|S|μ:8.5004, Delta|S|μ:7.5969, Delta/Signal:89.37%, Gateμ:-0.3208, Gate0%:0.0, MetaNormμ:9.3077
Validation Loss decreased (inf --> 0.771972). Saving best model...
Epoch   2/50 | Train Loss: 0.8475 Acc: 0.6317 F1: 0.2037 | Val Loss: 0.7469 Acc: 0.9200 F1: 0.6195 | Train Meta: Scaleμ:0.9792, Signal|S|μ:8.5371, Delta|S|μ:7.6311, Delta/Signal:89.39%, Gateμ:-0.3208, Gate0%:0.0, MetaNormμ:9.3077 | Val Meta: Scaleμ:0.9792, Signal|S|μ:8.5004, Delta|S|μ:7.5969, Delta/Signal:89.37%, Gateμ:-0.3208, Gate0%:0.0, MetaNormμ:9.3077
Validation Loss decreased (0.771972 --> 0.746931). Saving best model...
Epoch   3/50 | Train Loss: 0.7989 Acc: 0.7054 F1: 0.2651 | Val Loss: 0.6842 Acc: 0.8200 F1: 0.5271 | Train Meta: Scaleμ:0.9792, Signal|S|μ:8.3493, Delta|S|μ:7.4634, Delta/Signal:89.39%, Gateμ:-0.3208, Gate0%:0.0, MetaNormμ:9.3077 | Val Meta: Scaleμ:0.9792, Signal|S|μ:8.5004, Delta|S|μ:7.5969, Delta/Signal:89.37%, Gateμ:-0.3208, Gate0%:0.0, MetaNormμ:9.3077
Validation Loss decreased (0.746931 --> 0.684232). Saving best model...
Epoch   4/50 | Train Loss: 0.7567 Acc: 0.7522 F1: 0.2939 | Val Loss: 0.6585 Acc: 0.8000 F1: 0.5056 | Train Meta: Scaleμ:0.9792, Signal|S|μ:8.7441, Delta|S|μ:7.8106, Delta/Signal:89.32%, Gateμ:-0.3208, Gate0%:0.0, MetaNormμ:9.3077 | Val Meta: Scaleμ:0.9792, Signal|S|μ:8.5004, Delta|S|μ:7.5969, Delta/Signal:89.37%, Gateμ:-0.3208, Gate0%:0.0, MetaNormμ:9.3077
Validation Loss decreased (0.684232 --> 0.658467). Saving best model...
Epoch   5/50 | Train Loss: 0.7066 Acc: 0.8371 F1: 0.3409 | Val Loss: 0.6196 Acc: 0.8800 F1: 0.5880 | Train Meta: Scaleμ:0.9792, Signal|S|μ:8.5067, Delta|S|μ:7.6016, Delta/Signal:89.36%, Gateμ:-0.3208, Gate0%:0.0, MetaNormμ:9.3077 | Val Meta: Scaleμ:0.9792, Signal|S|μ:8.5004, Delta|S|μ:7.5969, Delta/Signal:89.37%, Gateμ:-0.3208, Gate0%:0.0, MetaNormμ:9.3077
Validation Loss decreased (0.658467 --> 0.619575). Saving best model...
Epoch   6/50 | Train Loss: 0.6771 Acc: 0.8527 F1: 0.3479 | Val Loss: 0.6126 Acc: 0.8400 F1: 0.5630 | Train Meta: Scaleμ:0.9792, Signal|S|μ:8.8600, Delta|S|μ:7.9149, Delta/Signal:89.33%, Gateμ:-0.3208, Gate0%:0.0, MetaNormμ:9.3077 | Val Meta: Scaleμ:0.9792, Signal|S|μ:8.5004, Delta|S|μ:7.5969, Delta/Signal:89.37%, Gateμ:-0.3208, Gate0%:0.0, MetaNormμ:9.3077
Validation Loss decreased (0.619575 --> 0.612568). Saving best model...
Epoch   7/50 | Train Loss: 0.6531 Acc: 0.8438 F1: 0.3435 | Val Loss: 0.6532 Acc: 0.8200 F1: 0.5520 | Train Meta: Scaleμ:0.9792, Signal|S|μ:8.8236, Delta|S|μ:7.8831, Delta/Signal:89.34%, Gateμ:-0.3208, Gate0%:0.0, MetaNormμ:9.3077 | Val Meta: Scaleμ:0.9792, Signal|S|μ:8.5004, Delta|S|μ:7.5969, Delta/Signal:89.37%, Gateμ:-0.3208, Gate0%:0.0, MetaNormμ:9.3077
Epoch   8/50 | Train Loss: 0.6260 Acc: 0.8616 F1: 0.3528 | Val Loss: 0.5564 Acc: 0.8800 F1: 0.5880 | Train Meta: Scaleμ:0.9792, Signal|S|μ:8.4245, Delta|S|μ:7.5227, Delta/Signal:89.30%, Gateμ:-0.3208, Gate0%:0.0, MetaNormμ:9.3077 | Val Meta: Scaleμ:0.9792, Signal|S|μ:8.5004, Delta|S|μ:7.5969, Delta/Signal:89.37%, Gateμ:-0.3208, Gate0%:0.0, MetaNormμ:9.3077
Validation Loss decreased (0.612568 --> 0.556424). Saving best model...
Epoch   9/50 | Train Loss: 0.6045 Acc: 0.8683 F1: 0.3558 | Val Loss: 0.5501 Acc: 0.8400 F1: 0.5630 | Train Meta: Scaleμ:0.9792, Signal|S|μ:8.7108, Delta|S|μ:7.7840, Delta/Signal:89.36%, Gateμ:-0.3208, Gate0%:0.0, MetaNormμ:9.3077 | Val Meta: Scaleμ:0.9792, Signal|S|μ:8.5004, Delta|S|μ:7.5969, Delta/Signal:89.37%, Gateμ:-0.3208, Gate0%:0.0, MetaNormμ:9.3077
Validation Loss decreased (0.556424 --> 0.550145). Saving best model...
Epoch  10/50 | Train Loss: 0.5786 Acc: 0.8705 F1: 0.3571 | Val Loss: 0.5679 Acc: 0.8600 F1: 0.5789 | Train Meta: Scaleμ:0.9792, Signal|S|μ:8.8454, Delta|S|μ:7.9002, Delta/Signal:89.31%, Gateμ:-0.3208, Gate0%:0.0, MetaNormμ:9.3077 | Val Meta: Scaleμ:0.9792, Signal|S|μ:8.5004, Delta|S|μ:7.5969, Delta/Signal:89.37%, Gateμ:-0.3208, Gate0%:0.0, MetaNormμ:9.3077
Epoch  11/50 | Train Loss: 0.5636 Acc: 0.8571 F1: 0.3514 | Val Loss: 0.5217 Acc: 0.8800 F1: 0.5905 | Train Meta: Scaleμ:0.9792, Signal|S|μ:8.5390, Delta|S|μ:7.6299, Delta/Signal:89.35%, Gateμ:-0.3208, Gate0%:0.0, MetaNormμ:9.3077 | Val Meta: Scaleμ:0.9792, Signal|S|μ:8.5004, Delta|S|μ:7.5969, Delta/Signal:89.37%, Gateμ:-0.3208, Gate0%:0.0, MetaNormμ:9.3077
Validation Loss decreased (0.550145 --> 0.521654). Saving best model...
Epoch  12/50 | Train Loss: 0.5467 Acc: 0.8683 F1: 0.3563 | Val Loss: 0.5069 Acc: 0.8600 F1: 0.5766 | Train Meta: Scaleμ:0.9792, Signal|S|μ:8.3041, Delta|S|μ:7.4156, Delta/Signal:89.30%, Gateμ:-0.3208, Gate0%:0.0, MetaNormμ:9.3077 | Val Meta: Scaleμ:0.9792, Signal|S|μ:8.5004, Delta|S|μ:7.5969, Delta/Signal:89.37%, Gateμ:-0.3208, Gate0%:0.0, MetaNormμ:9.3077
Validation Loss decreased (0.521654 --> 0.506899). Saving best model...
Epoch  13/50 | Train Loss: 0.5383 Acc: 0.8728 F1: 0.3583 | Val Loss: 0.4984 Acc: 0.8600 F1: 0.5766 | Train Meta: Scaleμ:0.9792, Signal|S|μ:8.8902, Delta|S|μ:7.9453, Delta/Signal:89.37%, Gateμ:-0.3208, Gate0%:0.0, MetaNormμ:9.3077 | Val Meta: Scaleμ:0.9792, Signal|S|μ:8.5004, Delta|S|μ:7.5969, Delta/Signal:89.37%, Gateμ:-0.3208, Gate0%:0.0, MetaNormμ:9.3077
Validation Loss decreased (0.506899 --> 0.498398). Saving best model...
Epoch  14/50 | Train Loss: 0.5313 Acc: 0.8705 F1: 0.3574 | Val Loss: 0.5168 Acc: 0.8600 F1: 0.5789 | Train Meta: Scaleμ:0.9792, Signal|S|μ:8.8270, Delta|S|μ:7.8876, Delta/Signal:89.36%, Gateμ:-0.3208, Gate0%:0.0, MetaNormμ:9.3077 | Val Meta: Scaleμ:0.9792, Signal|S|μ:8.5004, Delta|S|μ:7.5969, Delta/Signal:89.37%, Gateμ:-0.3208, Gate0%:0.0, MetaNormμ:9.3077
Epoch  15/50 | Train Loss: 0.5104 Acc: 0.8661 F1: 0.3551 | Val Loss: 0.5159 Acc: 0.8600 F1: 0.5789 | Train Meta: Scaleμ:0.9792, Signal|S|μ:8.4970, Delta|S|μ:7.5897, Delta/Signal:89.32%, Gateμ:-0.3208, Gate0%:0.0, MetaNormμ:9.3077 | Val Meta: Scaleμ:0.9792, Signal|S|μ:8.5004, Delta|S|μ:7.5969, Delta/Signal:89.37%, Gateμ:-0.3208, Gate0%:0.0, MetaNormμ:9.3077
Epoch  16/50 | Train Loss: 0.5150 Acc: 0.8661 F1: 0.3550 | Val Loss: 0.4682 Acc: 0.8800 F1: 0.5926 | Train Meta: Scaleμ:0.9792, Signal|S|μ:8.6266, Delta|S|μ:7.7081, Delta/Signal:89.35%, Gateμ:-0.3208, Gate0%:0.0, MetaNormμ:9.3077 | Val Meta: Scaleμ:0.9792, Signal|S|μ:8.5004, Delta|S|μ:7.5969, Delta/Signal:89.37%, Gateμ:-0.3208, Gate0%:0.0, MetaNormμ:9.3077
Validation Loss decreased (0.498398 --> 0.468248). Saving best model...
Epoch  17/50 | Train Loss: 0.4990 Acc: 0.8705 F1: 0.3572 | Val Loss: 0.4600 Acc: 0.8800 F1: 0.5926 | Train Meta: Scaleμ:0.9792, Signal|S|μ:8.4694, Delta|S|μ:7.5682, Delta/Signal:89.36%, Gateμ:-0.3208, Gate0%:0.0, MetaNormμ:9.3077 | Val Meta: Scaleμ:0.9792, Signal|S|μ:8.5004, Delta|S|μ:7.5969, Delta/Signal:89.37%, Gateμ:-0.3208, Gate0%:0.0, MetaNormμ:9.3077
Validation Loss decreased (0.468248 --> 0.460041). Saving best model...
Epoch  18/50 | Train Loss: 0.4823 Acc: 0.8795 F1: 0.3607 | Val Loss: 0.4653 Acc: 0.8800 F1: 0.5926 | Train Meta: Scaleμ:0.9792, Signal|S|μ:8.7384, Delta|S|μ:7.8062, Delta/Signal:89.33%, Gateμ:-0.3208, Gate0%:0.0, MetaNormμ:9.3077 | Val Meta: Scaleμ:0.9792, Signal|S|μ:8.5004, Delta|S|μ:7.5969, Delta/Signal:89.37%, Gateμ:-0.3208, Gate0%:0.0, MetaNormμ:9.3077
Epoch  19/50 | Train Loss: 0.4795 Acc: 0.8772 F1: 0.3601 | Val Loss: 0.4359 Acc: 0.9000 F1: 0.6048 | Train Meta: Scaleμ:0.9792, Signal|S|μ:8.3732, Delta|S|μ:7.4850, Delta/Signal:89.39%, Gateμ:-0.3208, Gate0%:0.0, MetaNormμ:9.3077 | Val Meta: Scaleμ:0.9792, Signal|S|μ:8.5004, Delta|S|μ:7.5969, Delta/Signal:89.37%, Gateμ:-0.3208, Gate0%:0.0, MetaNormμ:9.3077
Validation Loss decreased (0.460041 --> 0.435857). Saving best model...
Epoch  20/50 | Train Loss: 0.4702 Acc: 0.8795 F1: 0.3609 | Val Loss: 0.4437 Acc: 0.8600 F1: 0.5766 | Train Meta: Scaleμ:0.9792, Signal|S|μ:8.9633, Delta|S|μ:8.0097, Delta/Signal:89.36%, Gateμ:-0.3208, Gate0%:0.0, MetaNormμ:9.3077 | Val Meta: Scaleμ:0.9792, Signal|S|μ:8.5004, Delta|S|μ:7.5969, Delta/Signal:89.37%, Gateμ:-0.3208, Gate0%:0.0, MetaNormμ:9.3077
Epoch  21/50 | Train Loss: 0.4687 Acc: 0.8795 F1: 0.3609 | Val Loss: 0.4516 Acc: 0.8800 F1: 0.5926 | Train Meta: Scaleμ:0.9792, Signal|S|μ:8.8750, Delta|S|μ:7.9306, Delta/Signal:89.36%, Gateμ:-0.3208, Gate0%:0.0, MetaNormμ:9.3077 | Val Meta: Scaleμ:0.9792, Signal|S|μ:8.5004, Delta|S|μ:7.5969, Delta/Signal:89.37%, Gateμ:-0.3208, Gate0%:0.0, MetaNormμ:9.3077
Epoch  22/50 | Train Loss: 0.4593 Acc: 0.8795 F1: 0.3609 | Val Loss: 0.4406 Acc: 0.8800 F1: 0.5926 | Train Meta: Scaleμ:0.9792, Signal|S|μ:8.6483, Delta|S|μ:7.7271, Delta/Signal:89.35%, Gateμ:-0.3208, Gate0%:0.0, MetaNormμ:9.3077 | Val Meta: Scaleμ:0.9792, Signal|S|μ:8.5004, Delta|S|μ:7.5969, Delta/Signal:89.37%, Gateμ:-0.3208, Gate0%:0.0, MetaNormμ:9.3077
Epoch  23/50 | Train Loss: 0.4444 Acc: 0.8795 F1: 0.3607 | Val Loss: 0.4234 Acc: 0.8800 F1: 0.5905 | Train Meta: Scaleμ:0.9792, Signal|S|μ:8.7281, Delta|S|μ:7.7990, Delta/Signal:89.36%, Gateμ:-0.3208, Gate0%:0.0, MetaNormμ:9.3077 | Val Meta: Scaleμ:0.9792, Signal|S|μ:8.5004, Delta|S|μ:7.5969, Delta/Signal:89.37%, Gateμ:-0.3208, Gate0%:0.0, MetaNormμ:9.3077
Validation Loss decreased (0.435857 --> 0.423444). Saving best model...
Epoch  24/50 | Train Loss: 0.4466 Acc: 0.8862 F1: 0.3637 | Val Loss: 0.4187 Acc: 0.8800 F1: 0.5905 | Train Meta: Scaleμ:0.9792, Signal|S|μ:8.8374, Delta|S|μ:7.8916, Delta/Signal:89.30%, Gateμ:-0.3208, Gate0%:0.0, MetaNormμ:9.3077 | Val Meta: Scaleμ:0.9792, Signal|S|μ:8.5004, Delta|S|μ:7.5969, Delta/Signal:89.37%, Gateμ:-0.3208, Gate0%:0.0, MetaNormμ:9.3077
Validation Loss decreased (0.423444 --> 0.418713). Saving best model...
Epoch  25/50 | Train Loss: 0.4392 Acc: 0.8862 F1: 0.3637 | Val Loss: 0.4139 Acc: 0.8800 F1: 0.5926 | Train Meta: Scaleμ:0.9792, Signal|S|μ:8.7889, Delta|S|μ:7.8499, Delta/Signal:89.32%, Gateμ:-0.3208, Gate0%:0.0, MetaNormμ:9.3077 | Val Meta: Scaleμ:0.9792, Signal|S|μ:8.5004, Delta|S|μ:7.5969, Delta/Signal:89.37%, Gateμ:-0.3208, Gate0%:0.0, MetaNormμ:9.3077
Validation Loss decreased (0.418713 --> 0.413874). Saving best model...
Epoch  26/50 | Train Loss: 0.4336 Acc: 0.8839 F1: 0.3627 | Val Loss: 0.4217 Acc: 0.8800 F1: 0.5926 | Train Meta: Scaleμ:0.9792, Signal|S|μ:8.8481, Delta|S|μ:7.9063, Delta/Signal:89.36%, Gateμ:-0.3208, Gate0%:0.0, MetaNormμ:9.3077 | Val Meta: Scaleμ:0.9792, Signal|S|μ:8.5004, Delta|S|μ:7.5969, Delta/Signal:89.37%, Gateμ:-0.3208, Gate0%:0.0, MetaNormμ:9.3077
Epoch  27/50 | Train Loss: 0.4267 Acc: 0.8795 F1: 0.3607 | Val Loss: 0.4071 Acc: 0.8800 F1: 0.5926 | Train Meta: Scaleμ:0.9792, Signal|S|μ:8.8899, Delta|S|μ:7.9422, Delta/Signal:89.34%, Gateμ:-0.3208, Gate0%:0.0, MetaNormμ:9.3077 | Val Meta: Scaleμ:0.9792, Signal|S|μ:8.5004, Delta|S|μ:7.5969, Delta/Signal:89.37%, Gateμ:-0.3208, Gate0%:0.0, MetaNormμ:9.3077
Validation Loss decreased (0.413874 --> 0.407089). Saving best model...
Epoch  28/50 | Train Loss: 0.4250 Acc: 0.8862 F1: 0.3636 | Val Loss: 0.4192 Acc: 0.8800 F1: 0.5926 | Train Meta: Scaleμ:0.9792, Signal|S|μ:8.7010, Delta|S|μ:7.7731, Delta/Signal:89.33%, Gateμ:-0.3208, Gate0%:0.0, MetaNormμ:9.3077 | Val Meta: Scaleμ:0.9792, Signal|S|μ:8.5004, Delta|S|μ:7.5969, Delta/Signal:89.37%, Gateμ:-0.3208, Gate0%:0.0, MetaNormμ:9.3077
Epoch  29/50 | Train Loss: 0.4182 Acc: 0.8862 F1: 0.3635 | Val Loss: 0.4108 Acc: 0.8800 F1: 0.5926 | Train Meta: Scaleμ:0.9792, Signal|S|μ:8.8088, Delta|S|μ:7.8691, Delta/Signal:89.33%, Gateμ:-0.3208, Gate0%:0.0, MetaNormμ:9.3077 | Val Meta: Scaleμ:0.9792, Signal|S|μ:8.5004, Delta|S|μ:7.5969, Delta/Signal:89.37%, Gateμ:-0.3208, Gate0%:0.0, MetaNormμ:9.3077
Epoch  30/50 | Train Loss: 0.4242 Acc: 0.8884 F1: 0.3641 | Val Loss: 0.4092 Acc: 0.8800 F1: 0.5926 | Train Meta: Scaleμ:0.9792, Signal|S|μ:8.5173, Delta|S|μ:7.6122, Delta/Signal:89.37%, Gateμ:-0.3208, Gate0%:0.0, MetaNormμ:9.3077 | Val Meta: Scaleμ:0.9792, Signal|S|μ:8.5004, Delta|S|μ:7.5969, Delta/Signal:89.37%, Gateμ:-0.3208, Gate0%:0.0, MetaNormμ:9.3077
Epoch  31/50 | Train Loss: 0.4139 Acc: 0.8839 F1: 0.3626 | Val Loss: 0.4192 Acc: 0.9000 F1: 0.6081 | Train Meta: Scaleμ:0.9792, Signal|S|μ:8.5629, Delta|S|μ:7.6518, Delta/Signal:89.36%, Gateμ:-0.3208, Gate0%:0.0, MetaNormμ:9.3077 | Val Meta: Scaleμ:0.9792, Signal|S|μ:8.5004, Delta|S|μ:7.5969, Delta/Signal:89.37%, Gateμ:-0.3208, Gate0%:0.0, MetaNormμ:9.3077
Epoch  32/50 | Train Loss: 0.4111 Acc: 0.8884 F1: 0.3645 | Val Loss: 0.4112 Acc: 0.9000 F1: 0.6081 | Train Meta: Scaleμ:0.9792, Signal|S|μ:9.0496, Delta|S|μ:8.0837, Delta/Signal:89.33%, Gateμ:-0.3208, Gate0%:0.0, MetaNormμ:9.3077 | Val Meta: Scaleμ:0.9792, Signal|S|μ:8.5004, Delta|S|μ:7.5969, Delta/Signal:89.37%, Gateμ:-0.3208, Gate0%:0.0, MetaNormμ:9.3077
Epoch  33/50 | Train Loss: 0.4185 Acc: 0.8839 F1: 0.3628 | Val Loss: 0.3994 Acc: 0.9000 F1: 0.6081 | Train Meta: Scaleμ:0.9792, Signal|S|μ:8.3701, Delta|S|μ:7.4779, Delta/Signal:89.34%, Gateμ:-0.3208, Gate0%:0.0, MetaNormμ:9.3077 | Val Meta: Scaleμ:0.9792, Signal|S|μ:8.5004, Delta|S|μ:7.5969, Delta/Signal:89.37%, Gateμ:-0.3208, Gate0%:0.0, MetaNormμ:9.3077
Validation Loss decreased (0.407089 --> 0.399383). Saving best model...
Epoch  34/50 | Train Loss: 0.4010 Acc: 0.8906 F1: 0.3655 | Val Loss: 0.3924 Acc: 0.9000 F1: 0.6081 | Train Meta: Scaleμ:0.9792, Signal|S|μ:8.7540, Delta|S|μ:7.8184, Delta/Signal:89.31%, Gateμ:-0.3208, Gate0%:0.0, MetaNormμ:9.3077 | Val Meta: Scaleμ:0.9792, Signal|S|μ:8.5004, Delta|S|μ:7.5969, Delta/Signal:89.37%, Gateμ:-0.3208, Gate0%:0.0, MetaNormμ:9.3077
Validation Loss decreased (0.399383 --> 0.392422). Saving best model...
Epoch  35/50 | Train Loss: 0.4054 Acc: 0.8884 F1: 0.3645 | Val Loss: 0.3977 Acc: 0.9000 F1: 0.6081 | Train Meta: Scaleμ:0.9792, Signal|S|μ:8.5573, Delta|S|μ:7.6451, Delta/Signal:89.34%, Gateμ:-0.3208, Gate0%:0.0, MetaNormμ:9.3077 | Val Meta: Scaleμ:0.9792, Signal|S|μ:8.5004, Delta|S|μ:7.5969, Delta/Signal:89.37%, Gateμ:-0.3208, Gate0%:0.0, MetaNormμ:9.3077
Epoch  36/50 | Train Loss: 0.4097 Acc: 0.8884 F1: 0.3646 | Val Loss: 0.4287 Acc: 0.8800 F1: 0.5943 | Train Meta: Scaleμ:0.9792, Signal|S|μ:8.5675, Delta|S|μ:7.6525, Delta/Signal:89.32%, Gateμ:-0.3208, Gate0%:0.0, MetaNormμ:9.3077 | Val Meta: Scaleμ:0.9792, Signal|S|μ:8.5004, Delta|S|μ:7.5969, Delta/Signal:89.37%, Gateμ:-0.3208, Gate0%:0.0, MetaNormμ:9.3077
Epoch  37/50 | Train Loss: 0.3939 Acc: 0.8929 F1: 0.3665 | Val Loss: 0.4035 Acc: 0.8800 F1: 0.5943 | Train Meta: Scaleμ:0.9792, Signal|S|μ:8.6981, Delta|S|μ:7.7672, Delta/Signal:89.30%, Gateμ:-0.3208, Gate0%:0.0, MetaNormμ:9.3077 | Val Meta: Scaleμ:0.9792, Signal|S|μ:8.5004, Delta|S|μ:7.5969, Delta/Signal:89.37%, Gateμ:-0.3208, Gate0%:0.0, MetaNormμ:9.3077
Epoch  38/50 | Train Loss: 0.4029 Acc: 0.8817 F1: 0.3614 | Val Loss: 0.4014 Acc: 0.9000 F1: 0.6081 | Train Meta: Scaleμ:0.9792, Signal|S|μ:8.6661, Delta|S|μ:7.7395, Delta/Signal:89.31%, Gateμ:-0.3208, Gate0%:0.0, MetaNormμ:9.3077 | Val Meta: Scaleμ:0.9792, Signal|S|μ:8.5004, Delta|S|μ:7.5969, Delta/Signal:89.37%, Gateμ:-0.3208, Gate0%:0.0, MetaNormμ:9.3077
Epoch  39/50 | Train Loss: 0.4005 Acc: 0.8839 F1: 0.3626 | Val Loss: 0.4028 Acc: 0.8800 F1: 0.5943 | Train Meta: Scaleμ:0.9792, Signal|S|μ:8.6853, Delta|S|μ:7.7644, Delta/Signal:89.40%, Gateμ:-0.3208, Gate0%:0.0, MetaNormμ:9.3077 | Val Meta: Scaleμ:0.9792, Signal|S|μ:8.5004, Delta|S|μ:7.5969, Delta/Signal:89.37%, Gateμ:-0.3208, Gate0%:0.0, MetaNormμ:9.3077
Epoch  40/50 | Train Loss: 0.3932 Acc: 0.8884 F1: 0.3645 | Val Loss: 0.3726 Acc: 0.9000 F1: 0.6081 | Train Meta: Scaleμ:0.9792, Signal|S|μ:9.1081, Delta|S|μ:8.1437, Delta/Signal:89.41%, Gateμ:-0.3208, Gate0%:0.0, MetaNormμ:9.3077 | Val Meta: Scaleμ:0.9792, Signal|S|μ:8.5004, Delta|S|μ:7.5969, Delta/Signal:89.37%, Gateμ:-0.3208, Gate0%:0.0, MetaNormμ:9.3077
Validation Loss decreased (0.392422 --> 0.372625). Saving best model...
Epoch  41/50 | Train Loss: 0.3801 Acc: 0.8973 F1: 0.3680 | Val Loss: 0.3869 Acc: 0.8800 F1: 0.5943 | Train Meta: Scaleμ:0.9792, Signal|S|μ:8.9731, Delta|S|μ:8.0143, Delta/Signal:89.31%, Gateμ:-0.3208, Gate0%:0.0, MetaNormμ:9.3077 | Val Meta: Scaleμ:0.9792, Signal|S|μ:8.5004, Delta|S|μ:7.5969, Delta/Signal:89.37%, Gateμ:-0.3208, Gate0%:0.0, MetaNormμ:9.3077
Epoch  42/50 | Train Loss: 0.3827 Acc: 0.8996 F1: 0.3694 | Val Loss: 0.3850 Acc: 0.8800 F1: 0.5943 | Train Meta: Scaleμ:0.9792, Signal|S|μ:8.8405, Delta|S|μ:7.9009, Delta/Signal:89.37%, Gateμ:-0.3208, Gate0%:0.0, MetaNormμ:9.3077 | Val Meta: Scaleμ:0.9792, Signal|S|μ:8.5004, Delta|S|μ:7.5969, Delta/Signal:89.37%, Gateμ:-0.3208, Gate0%:0.0, MetaNormμ:9.3077
Epoch  43/50 | Train Loss: 0.3887 Acc: 0.8929 F1: 0.3666 | Val Loss: 0.3645 Acc: 0.9400 F1: 0.6366 | Train Meta: Scaleμ:0.9792, Signal|S|μ:8.7313, Delta|S|μ:7.7977, Delta/Signal:89.31%, Gateμ:-0.3208, Gate0%:0.0, MetaNormμ:9.3077 | Val Meta: Scaleμ:0.9792, Signal|S|μ:8.5004, Delta|S|μ:7.5969, Delta/Signal:89.37%, Gateμ:-0.3208, Gate0%:0.0, MetaNormμ:9.3077
Validation Loss decreased (0.372625 --> 0.364466). Saving best model...
Epoch  44/50 | Train Loss: 0.3857 Acc: 0.8951 F1: 0.3676 | Val Loss: 0.3940 Acc: 0.8800 F1: 0.5943 | Train Meta: Scaleμ:0.9792, Signal|S|μ:8.6236, Delta|S|μ:7.7036, Delta/Signal:89.33%, Gateμ:-0.3208, Gate0%:0.0, MetaNormμ:9.3077 | Val Meta: Scaleμ:0.9792, Signal|S|μ:8.5004, Delta|S|μ:7.5969, Delta/Signal:89.37%, Gateμ:-0.3208, Gate0%:0.0, MetaNormμ:9.3077
Epoch  45/50 | Train Loss: 0.3766 Acc: 0.8996 F1: 0.3700 | Val Loss: 0.3737 Acc: 0.8800 F1: 0.5943 | Train Meta: Scaleμ:0.9792, Signal|S|μ:8.5658, Delta|S|μ:7.6511, Delta/Signal:89.32%, Gateμ:-0.3208, Gate0%:0.0, MetaNormμ:9.3077 | Val Meta: Scaleμ:0.9792, Signal|S|μ:8.5004, Delta|S|μ:7.5969, Delta/Signal:89.37%, Gateμ:-0.3208, Gate0%:0.0, MetaNormμ:9.3077
Epoch  46/50 | Train Loss: 0.3788 Acc: 0.8929 F1: 0.3670 | Val Loss: 0.3783 Acc: 0.9000 F1: 0.6081 | Train Meta: Scaleμ:0.9792, Signal|S|μ:8.8471, Delta|S|μ:7.9025, Delta/Signal:89.32%, Gateμ:-0.3208, Gate0%:0.0, MetaNormμ:9.3077 | Val Meta: Scaleμ:0.9792, Signal|S|μ:8.5004, Delta|S|μ:7.5969, Delta/Signal:89.37%, Gateμ:-0.3208, Gate0%:0.0, MetaNormμ:9.3077
Epoch  47/50 | Train Loss: 0.3710 Acc: 0.8996 F1: 0.3691 | Val Loss: 0.3618 Acc: 0.9400 F1: 0.6366 | Train Meta: Scaleμ:0.9792, Signal|S|μ:8.7476, Delta|S|μ:7.8150, Delta/Signal:89.34%, Gateμ:-0.3208, Gate0%:0.0, MetaNormμ:9.3077 | Val Meta: Scaleμ:0.9792, Signal|S|μ:8.5004, Delta|S|μ:7.5969, Delta/Signal:89.37%, Gateμ:-0.3208, Gate0%:0.0, MetaNormμ:9.3077
Validation Loss decreased (0.364466 --> 0.361822). Saving best model...
Epoch  48/50 | Train Loss: 0.3710 Acc: 0.9018 F1: 0.3702 | Val Loss: 0.4341 Acc: 0.8800 F1: 0.5943 | Train Meta: Scaleμ:0.9792, Signal|S|μ:8.7056, Delta|S|μ:7.7755, Delta/Signal:89.32%, Gateμ:-0.3208, Gate0%:0.0, MetaNormμ:9.3077 | Val Meta: Scaleμ:0.9792, Signal|S|μ:8.5004, Delta|S|μ:7.5969, Delta/Signal:89.37%, Gateμ:-0.3208, Gate0%:0.0, MetaNormμ:9.3077
Epoch  49/50 | Train Loss: 0.3776 Acc: 0.8973 F1: 0.3689 | Val Loss: 0.4086 Acc: 0.8800 F1: 0.5943 | Train Meta: Scaleμ:0.9792, Signal|S|μ:8.8812, Delta|S|μ:7.9353, Delta/Signal:89.35%, Gateμ:-0.3208, Gate0%:0.0, MetaNormμ:9.3077 | Val Meta: Scaleμ:0.9792, Signal|S|μ:8.5004, Delta|S|μ:7.5969, Delta/Signal:89.37%, Gateμ:-0.3208, Gate0%:0.0, MetaNormμ:9.3077
Epoch  50/50 | Train Loss: 0.3686 Acc: 0.8951 F1: 0.3675 | Val Loss: 0.3701 Acc: 0.9400 F1: 0.6461 | Train Meta: Scaleμ:0.9792, Signal|S|μ:8.6513, Delta|S|μ:7.7283, Delta/Signal:89.33%, Gateμ:-0.3208, Gate0%:0.0, MetaNormμ:9.3077 | Val Meta: Scaleμ:0.9792, Signal|S|μ:8.5004, Delta|S|μ:7.5969, Delta/Signal:89.37%, Gateμ:-0.3208, Gate0%:0.0, MetaNormμ:9.3077

Classification Test Result (ECG5000)
Accuracy : 0.895111
F1 (macro): 0.371660
Saved attention maps for 3 sample(s) under ./runs/classification_electricity_to_ECG5000_laya_metadata_query_gate_text_stats_joint/attention_maps
Joint metadata preview | dataset=FordA | domain=UCR | channels=1
   - channel_1: In the UCR domain, this channel belongs to the FordA dataset and represents the feature channel 1. Channel statistics over the training split: mean value is 0.000, standard deviation is 1.000, minimum value is -4.622, maximum value is 5.064, median value is -0.001, and mean absolute value is 0.801.
/data/pjh_workspace/ts-env/lib/python3.8/site-packages/torch/nn/modules/transformer.py:307: UserWarning: enable_nested_tensor is True, but self.use_nested_tensor is False because encoder_layer.norm_first was True
  warnings.warn(f"enable_nested_tensor is True, but self.use_nested_tensor is False because {why_not_sparsity_fast_path}")
==================================================
🚀 Architecture: LAYA
📊 Target Dataset: FordA (Channels: 1)
📊 Pretrain Info: electricity
📊 Classes: 2 | Sequence Length: 500
==================================================
✅ Loaded pretrained encoder from ./checkpoints/electricity_laya_metadata_query_gate_text_stats_joint/laya_ts_electricity_s_best.pt
   - 104/104 keys matched.
✅ Encoder is FROZEN (Linear Probing mode).
📝 metadata: mode=text_stats_joint, fusion=none, relation=metadata_query_gate
ℹ️  Metadata Fusion Mode: none
ℹ️  Channel Mixer Relation Mode: metadata_query_gate
ℹ️  Encoder Variant: default
ℹ️  Channel Adapter: disabled for Laya downstream (mixer)
ℹ️  Channel Relation Block: disabled
✅ ClassificationHead: [B, 256] → [B, 2]
Epoch   1/50 | Train Loss: 0.7000 Acc: 0.5062 F1: 0.5026 | Val Loss: 0.7194 Acc: 0.4889 F1: 0.3284 | Train Meta: Scaleμ:0.9792, Signal|S|μ:4.3919, Delta|S|μ:3.5568, Delta/Signal:80.98%, Gateμ:-0.1729, Gate0%:0.0, MetaNormμ:8.7033 | Val Meta: Scaleμ:0.9792, Signal|S|μ:4.4169, Delta|S|μ:3.5797, Delta/Signal:81.04%, Gateμ:-0.1729, Gate0%:0.0, MetaNormμ:8.7033
Validation Loss decreased (inf --> 0.719386). Saving best model...
Epoch   2/50 | Train Loss: 0.6979 Acc: 0.5186 F1: 0.5175 | Val Loss: 0.7114 Acc: 0.4917 F1: 0.3344 | Train Meta: Scaleμ:0.9792, Signal|S|μ:4.4085, Delta|S|μ:3.5689, Delta/Signal:80.96%, Gateμ:-0.1729, Gate0%:0.0, MetaNormμ:8.7033 | Val Meta: Scaleμ:0.9792, Signal|S|μ:4.4169, Delta|S|μ:3.5797, Delta/Signal:81.04%, Gateμ:-0.1729, Gate0%:0.0, MetaNormμ:8.7033
Validation Loss decreased (0.719386 --> 0.711413). Saving best model...
Epoch   3/50 | Train Loss: 0.6858 Acc: 0.5377 F1: 0.5356 | Val Loss: 0.6798 Acc: 0.5611 F1: 0.5532 | Train Meta: Scaleμ:0.9792, Signal|S|μ:4.5297, Delta|S|μ:3.6874, Delta/Signal:81.40%, Gateμ:-0.1729, Gate0%:0.0, MetaNormμ:8.7033 | Val Meta: Scaleμ:0.9792, Signal|S|μ:4.4169, Delta|S|μ:3.5797, Delta/Signal:81.04%, Gateμ:-0.1729, Gate0%:0.0, MetaNormμ:8.7033
Validation Loss decreased (0.711413 --> 0.679807). Saving best model...
Epoch   4/50 | Train Loss: 0.6789 Acc: 0.5529 F1: 0.5522 | Val Loss: 0.6987 Acc: 0.5194 F1: 0.3662 | Train Meta: Scaleμ:0.9792, Signal|S|μ:4.5171, Delta|S|μ:3.6726, Delta/Signal:81.31%, Gateμ:-0.1729, Gate0%:0.0, MetaNormμ:8.7033 | Val Meta: Scaleμ:0.9792, Signal|S|μ:4.4169, Delta|S|μ:3.5797, Delta/Signal:81.04%, Gateμ:-0.1729, Gate0%:0.0, MetaNormμ:8.7033
Epoch   5/50 | Train Loss: 0.6793 Acc: 0.5563 F1: 0.5550 | Val Loss: 0.6844 Acc: 0.5389 F1: 0.4420 | Train Meta: Scaleμ:0.9792, Signal|S|μ:4.4017, Delta|S|μ:3.5700, Delta/Signal:81.11%, Gateμ:-0.1729, Gate0%:0.0, MetaNormμ:8.7033 | Val Meta: Scaleμ:0.9792, Signal|S|μ:4.4169, Delta|S|μ:3.5797, Delta/Signal:81.04%, Gateμ:-0.1729, Gate0%:0.0, MetaNormμ:8.7033
Epoch   6/50 | Train Loss: 0.6723 Acc: 0.5684 F1: 0.5662 | Val Loss: 0.6725 Acc: 0.5694 F1: 0.5670 | Train Meta: Scaleμ:0.9792, Signal|S|μ:4.8566, Delta|S|μ:3.9465, Delta/Signal:81.26%, Gateμ:-0.1729, Gate0%:0.0, MetaNormμ:8.7033 | Val Meta: Scaleμ:0.9792, Signal|S|μ:4.4169, Delta|S|μ:3.5797, Delta/Signal:81.04%, Gateμ:-0.1729, Gate0%:0.0, MetaNormμ:8.7033
Validation Loss decreased (0.679807 --> 0.672495). Saving best model...
Epoch   7/50 | Train Loss: 0.6686 Acc: 0.5826 F1: 0.5819 | Val Loss: 0.6694 Acc: 0.5694 F1: 0.5694 | Train Meta: Scaleμ:0.9792, Signal|S|μ:4.4858, Delta|S|μ:3.6247, Delta/Signal:80.80%, Gateμ:-0.1729, Gate0%:0.0, MetaNormμ:8.7033 | Val Meta: Scaleμ:0.9792, Signal|S|μ:4.4169, Delta|S|μ:3.5797, Delta/Signal:81.04%, Gateμ:-0.1729, Gate0%:0.0, MetaNormμ:8.7033
Validation Loss decreased (0.672495 --> 0.669445). Saving best model...
Epoch   8/50 | Train Loss: 0.6687 Acc: 0.5736 F1: 0.5719 | Val Loss: 0.6715 Acc: 0.5667 F1: 0.5335 | Train Meta: Scaleμ:0.9792, Signal|S|μ:4.3045, Delta|S|μ:3.4901, Delta/Signal:81.08%, Gateμ:-0.1729, Gate0%:0.0, MetaNormμ:8.7033 | Val Meta: Scaleμ:0.9792, Signal|S|μ:4.4169, Delta|S|μ:3.5797, Delta/Signal:81.04%, Gateμ:-0.1729, Gate0%:0.0, MetaNormμ:8.7033
Epoch   9/50 | Train Loss: 0.6619 Acc: 0.5947 F1: 0.5933 | Val Loss: 0.6857 Acc: 0.5417 F1: 0.4406 | Train Meta: Scaleμ:0.9792, Signal|S|μ:4.5459, Delta|S|μ:3.7006, Delta/Signal:81.40%, Gateμ:-0.1729, Gate0%:0.0, MetaNormμ:8.7033 | Val Meta: Scaleμ:0.9792, Signal|S|μ:4.4169, Delta|S|μ:3.5797, Delta/Signal:81.04%, Gateμ:-0.1729, Gate0%:0.0, MetaNormμ:8.7033
Epoch  10/50 | Train Loss: 0.6623 Acc: 0.5832 F1: 0.5821 | Val Loss: 0.6647 Acc: 0.5944 F1: 0.5934 | Train Meta: Scaleμ:0.9792, Signal|S|μ:4.5381, Delta|S|μ:3.6795, Delta/Signal:81.08%, Gateμ:-0.1729, Gate0%:0.0, MetaNormμ:8.7033 | Val Meta: Scaleμ:0.9792, Signal|S|μ:4.4169, Delta|S|μ:3.5797, Delta/Signal:81.04%, Gateμ:-0.1729, Gate0%:0.0, MetaNormμ:8.7033
Validation Loss decreased (0.669445 --> 0.664675). Saving best model...
Epoch  11/50 | Train Loss: 0.6585 Acc: 0.5866 F1: 0.5854 | Val Loss: 0.7304 Acc: 0.5194 F1: 0.3955 | Train Meta: Scaleμ:0.9792, Signal|S|μ:4.2457, Delta|S|μ:3.4489, Delta/Signal:81.23%, Gateμ:-0.1729, Gate0%:0.0, MetaNormμ:8.7033 | Val Meta: Scaleμ:0.9792, Signal|S|μ:4.4169, Delta|S|μ:3.5797, Delta/Signal:81.04%, Gateμ:-0.1729, Gate0%:0.0, MetaNormμ:8.7033
Epoch  12/50 | Train Loss: 0.6699 Acc: 0.5761 F1: 0.5756 | Val Loss: 0.7216 Acc: 0.5250 F1: 0.3780 | Train Meta: Scaleμ:0.9792, Signal|S|μ:4.1826, Delta|S|μ:3.3673, Delta/Signal:80.51%, Gateμ:-0.1729, Gate0%:0.0, MetaNormμ:8.7033 | Val Meta: Scaleμ:0.9792, Signal|S|μ:4.4169, Delta|S|μ:3.5797, Delta/Signal:81.04%, Gateμ:-0.1729, Gate0%:0.0, MetaNormμ:8.7033
Epoch  13/50 | Train Loss: 0.6585 Acc: 0.5897 F1: 0.5893 | Val Loss: 0.6849 Acc: 0.5528 F1: 0.4542 | Train Meta: Scaleμ:0.9792, Signal|S|μ:4.5308, Delta|S|μ:3.6818, Delta/Signal:81.26%, Gateμ:-0.1729, Gate0%:0.0, MetaNormμ:8.7033 | Val Meta: Scaleμ:0.9792, Signal|S|μ:4.4169, Delta|S|μ:3.5797, Delta/Signal:81.04%, Gateμ:-0.1729, Gate0%:0.0, MetaNormμ:8.7033
Epoch  14/50 | Train Loss: 0.6570 Acc: 0.5854 F1: 0.5846 | Val Loss: 0.6727 Acc: 0.5417 F1: 0.4765 | Train Meta: Scaleμ:0.9792, Signal|S|μ:4.4760, Delta|S|μ:3.5996, Delta/Signal:80.42%, Gateμ:-0.1729, Gate0%:0.0, MetaNormμ:8.7033 | Val Meta: Scaleμ:0.9792, Signal|S|μ:4.4169, Delta|S|μ:3.5797, Delta/Signal:81.04%, Gateμ:-0.1729, Gate0%:0.0, MetaNormμ:8.7033
Epoch  15/50 | Train Loss: 0.6555 Acc: 0.5931 F1: 0.5927 | Val Loss: 0.6663 Acc: 0.5611 F1: 0.5194 | Train Meta: Scaleμ:0.9792, Signal|S|μ:4.4117, Delta|S|μ:3.5512, Delta/Signal:80.49%, Gateμ:-0.1729, Gate0%:0.0, MetaNormμ:8.7033 | Val Meta: Scaleμ:0.9792, Signal|S|μ:4.4169, Delta|S|μ:3.5797, Delta/Signal:81.04%, Gateμ:-0.1729, Gate0%:0.0, MetaNormμ:8.7033
Epoch  16/50 | Train Loss: 0.6530 Acc: 0.5972 F1: 0.5966 | Val Loss: 0.6639 Acc: 0.5722 F1: 0.5365 | Train Meta: Scaleμ:0.9792, Signal|S|μ:4.8575, Delta|S|μ:3.9422, Delta/Signal:81.16%, Gateμ:-0.1729, Gate0%:0.0, MetaNormμ:8.7033 | Val Meta: Scaleμ:0.9792, Signal|S|μ:4.4169, Delta|S|μ:3.5797, Delta/Signal:81.04%, Gateμ:-0.1729, Gate0%:0.0, MetaNormμ:8.7033
Validation Loss decreased (0.664675 --> 0.663908). Saving best model...
Epoch  17/50 | Train Loss: 0.6503 Acc: 0.6027 F1: 0.6023 | Val Loss: 0.6552 Acc: 0.6139 F1: 0.6139 | Train Meta: Scaleμ:0.9792, Signal|S|μ:4.8120, Delta|S|μ:3.9131, Delta/Signal:81.32%, Gateμ:-0.1729, Gate0%:0.0, MetaNormμ:8.7033 | Val Meta: Scaleμ:0.9792, Signal|S|μ:4.4169, Delta|S|μ:3.5797, Delta/Signal:81.04%, Gateμ:-0.1729, Gate0%:0.0, MetaNormμ:8.7033
Validation Loss decreased (0.663908 --> 0.655237). Saving best model...
Epoch  18/50 | Train Loss: 0.6550 Acc: 0.5984 F1: 0.5983 | Val Loss: 0.6602 Acc: 0.5806 F1: 0.5570 | Train Meta: Scaleμ:0.9792, Signal|S|μ:4.3955, Delta|S|μ:3.5800, Delta/Signal:81.45%, Gateμ:-0.1729, Gate0%:0.0, MetaNormμ:8.7033 | Val Meta: Scaleμ:0.9792, Signal|S|μ:4.4169, Delta|S|μ:3.5797, Delta/Signal:81.04%, Gateμ:-0.1729, Gate0%:0.0, MetaNormμ:8.7033
Epoch  19/50 | Train Loss: 0.6466 Acc: 0.6058 F1: 0.6054 | Val Loss: 0.6527 Acc: 0.6000 F1: 0.5992 | Train Meta: Scaleμ:0.9792, Signal|S|μ:4.5508, Delta|S|μ:3.7019, Delta/Signal:81.35%, Gateμ:-0.1729, Gate0%:0.0, MetaNormμ:8.7033 | Val Meta: Scaleμ:0.9792, Signal|S|μ:4.4169, Delta|S|μ:3.5797, Delta/Signal:81.04%, Gateμ:-0.1729, Gate0%:0.0, MetaNormμ:8.7033
Validation Loss decreased (0.655237 --> 0.652652). Saving best model...
Epoch  20/50 | Train Loss: 0.6537 Acc: 0.6037 F1: 0.6033 | Val Loss: 0.6532 Acc: 0.6306 F1: 0.6281 | Train Meta: Scaleμ:0.9792, Signal|S|μ:4.6108, Delta|S|μ:3.7294, Delta/Signal:80.88%, Gateμ:-0.1729, Gate0%:0.0, MetaNormμ:8.7033 | Val Meta: Scaleμ:0.9792, Signal|S|μ:4.4169, Delta|S|μ:3.5797, Delta/Signal:81.04%, Gateμ:-0.1729, Gate0%:0.0, MetaNormμ:8.7033
Epoch  21/50 | Train Loss: 0.6466 Acc: 0.5990 F1: 0.5987 | Val Loss: 0.6512 Acc: 0.6000 F1: 0.5968 | Train Meta: Scaleμ:0.9792, Signal|S|μ:4.4780, Delta|S|μ:3.6387, Delta/Signal:81.26%, Gateμ:-0.1729, Gate0%:0.0, MetaNormμ:8.7033 | Val Meta: Scaleμ:0.9792, Signal|S|μ:4.4169, Delta|S|μ:3.5797, Delta/Signal:81.04%, Gateμ:-0.1729, Gate0%:0.0, MetaNormμ:8.7033
Validation Loss decreased (0.652652 --> 0.651243). Saving best model...
Epoch  22/50 | Train Loss: 0.6448 Acc: 0.6006 F1: 0.6004 | Val Loss: 0.6498 Acc: 0.6111 F1: 0.6094 | Train Meta: Scaleμ:0.9792, Signal|S|μ:4.5713, Delta|S|μ:3.6951, Delta/Signal:80.83%, Gateμ:-0.1729, Gate0%:0.0, MetaNormμ:8.7033 | Val Meta: Scaleμ:0.9792, Signal|S|μ:4.4169, Delta|S|μ:3.5797, Delta/Signal:81.04%, Gateμ:-0.1729, Gate0%:0.0, MetaNormμ:8.7033
Validation Loss decreased (0.651243 --> 0.649797). Saving best model...
Epoch  23/50 | Train Loss: 0.6465 Acc: 0.6108 F1: 0.6103 | Val Loss: 0.6860 Acc: 0.5583 F1: 0.4956 | Train Meta: Scaleμ:0.9792, Signal|S|μ:4.1724, Delta|S|μ:3.3596, Delta/Signal:80.52%, Gateμ:-0.1729, Gate0%:0.0, MetaNormμ:8.7033 | Val Meta: Scaleμ:0.9792, Signal|S|μ:4.4169, Delta|S|μ:3.5797, Delta/Signal:81.04%, Gateμ:-0.1729, Gate0%:0.0, MetaNormμ:8.7033
Epoch  24/50 | Train Loss: 0.6475 Acc: 0.6030 F1: 0.6029 | Val Loss: 0.6480 Acc: 0.5972 F1: 0.5963 | Train Meta: Scaleμ:0.9792, Signal|S|μ:4.5021, Delta|S|μ:3.6420, Delta/Signal:80.89%, Gateμ:-0.1729, Gate0%:0.0, MetaNormμ:8.7033 | Val Meta: Scaleμ:0.9792, Signal|S|μ:4.4169, Delta|S|μ:3.5797, Delta/Signal:81.04%, Gateμ:-0.1729, Gate0%:0.0, MetaNormμ:8.7033
Validation Loss decreased (0.649797 --> 0.647985). Saving best model...
Epoch  25/50 | Train Loss: 0.6428 Acc: 0.6117 F1: 0.6113 | Val Loss: 0.6542 Acc: 0.5833 F1: 0.5617 | Train Meta: Scaleμ:0.9792, Signal|S|μ:4.5400, Delta|S|μ:3.6904, Delta/Signal:81.29%, Gateμ:-0.1729, Gate0%:0.0, MetaNormμ:8.7033 | Val Meta: Scaleμ:0.9792, Signal|S|μ:4.4169, Delta|S|μ:3.5797, Delta/Signal:81.04%, Gateμ:-0.1729, Gate0%:0.0, MetaNormμ:8.7033
Epoch  26/50 | Train Loss: 0.6444 Acc: 0.6040 F1: 0.6038 | Val Loss: 0.6523 Acc: 0.5889 F1: 0.5718 | Train Meta: Scaleμ:0.9792, Signal|S|μ:4.6471, Delta|S|μ:3.7742, Delta/Signal:81.22%, Gateμ:-0.1729, Gate0%:0.0, MetaNormμ:8.7033 | Val Meta: Scaleμ:0.9792, Signal|S|μ:4.4169, Delta|S|μ:3.5797, Delta/Signal:81.04%, Gateμ:-0.1729, Gate0%:0.0, MetaNormμ:8.7033
Epoch  27/50 | Train Loss: 0.6473 Acc: 0.6024 F1: 0.6023 | Val Loss: 0.6460 Acc: 0.6139 F1: 0.6117 | Train Meta: Scaleμ:0.9792, Signal|S|μ:4.5841, Delta|S|μ:3.6809, Delta/Signal:80.30%, Gateμ:-0.1729, Gate0%:0.0, MetaNormμ:8.7033 | Val Meta: Scaleμ:0.9792, Signal|S|μ:4.4169, Delta|S|μ:3.5797, Delta/Signal:81.04%, Gateμ:-0.1729, Gate0%:0.0, MetaNormμ:8.7033
Validation Loss decreased (0.647985 --> 0.645950). Saving best model...
Epoch  28/50 | Train Loss: 0.6476 Acc: 0.6080 F1: 0.6077 | Val Loss: 0.6592 Acc: 0.6056 F1: 0.5828 | Train Meta: Scaleμ:0.9792, Signal|S|μ:4.4157, Delta|S|μ:3.5677, Delta/Signal:80.80%, Gateμ:-0.1729, Gate0%:0.0, MetaNormμ:8.7033 | Val Meta: Scaleμ:0.9792, Signal|S|μ:4.4169, Delta|S|μ:3.5797, Delta/Signal:81.04%, Gateμ:-0.1729, Gate0%:0.0, MetaNormμ:8.7033
Epoch  29/50 | Train Loss: 0.6402 Acc: 0.6105 F1: 0.6103 | Val Loss: 0.6472 Acc: 0.6250 F1: 0.6201 | Train Meta: Scaleμ:0.9792, Signal|S|μ:4.4075, Delta|S|μ:3.5631, Delta/Signal:80.84%, Gateμ:-0.1729, Gate0%:0.0, MetaNormμ:8.7033 | Val Meta: Scaleμ:0.9792, Signal|S|μ:4.4169, Delta|S|μ:3.5797, Delta/Signal:81.04%, Gateμ:-0.1729, Gate0%:0.0, MetaNormμ:8.7033
Epoch  30/50 | Train Loss: 0.6391 Acc: 0.6204 F1: 0.6203 | Val Loss: 0.6441 Acc: 0.6139 F1: 0.6114 | Train Meta: Scaleμ:0.9792, Signal|S|μ:4.4950, Delta|S|μ:3.6489, Delta/Signal:81.18%, Gateμ:-0.1729, Gate0%:0.0, MetaNormμ:8.7033 | Val Meta: Scaleμ:0.9792, Signal|S|μ:4.4169, Delta|S|μ:3.5797, Delta/Signal:81.04%, Gateμ:-0.1729, Gate0%:0.0, MetaNormμ:8.7033
Validation Loss decreased (0.645950 --> 0.644088). Saving best model...
Epoch  31/50 | Train Loss: 0.6412 Acc: 0.6086 F1: 0.6082 | Val Loss: 0.6427 Acc: 0.6194 F1: 0.6189 | Train Meta: Scaleμ:0.9792, Signal|S|μ:4.5103, Delta|S|μ:3.6497, Delta/Signal:80.92%, Gateμ:-0.1729, Gate0%:0.0, MetaNormμ:8.7033 | Val Meta: Scaleμ:0.9792, Signal|S|μ:4.4169, Delta|S|μ:3.5797, Delta/Signal:81.04%, Gateμ:-0.1729, Gate0%:0.0, MetaNormμ:8.7033
Validation Loss decreased (0.644088 --> 0.642740). Saving best model...
Epoch  32/50 | Train Loss: 0.6382 Acc: 0.6101 F1: 0.6100 | Val Loss: 0.6649 Acc: 0.5639 F1: 0.5019 | Train Meta: Scaleμ:0.9792, Signal|S|μ:4.4106, Delta|S|μ:3.5539, Delta/Signal:80.58%, Gateμ:-0.1729, Gate0%:0.0, MetaNormμ:8.7033 | Val Meta: Scaleμ:0.9792, Signal|S|μ:4.4169, Delta|S|μ:3.5797, Delta/Signal:81.04%, Gateμ:-0.1729, Gate0%:0.0, MetaNormμ:8.7033
Epoch  33/50 | Train Loss: 0.6425 Acc: 0.6123 F1: 0.6120 | Val Loss: 0.6554 Acc: 0.6056 F1: 0.5828 | Train Meta: Scaleμ:0.9792, Signal|S|μ:4.5346, Delta|S|μ:3.6853, Delta/Signal:81.27%, Gateμ:-0.1729, Gate0%:0.0, MetaNormμ:8.7033 | Val Meta: Scaleμ:0.9792, Signal|S|μ:4.4169, Delta|S|μ:3.5797, Delta/Signal:81.04%, Gateμ:-0.1729, Gate0%:0.0, MetaNormμ:8.7033
Epoch  34/50 | Train Loss: 0.6392 Acc: 0.6108 F1: 0.6107 | Val Loss: 0.6419 Acc: 0.6361 F1: 0.6349 | Train Meta: Scaleμ:0.9792, Signal|S|μ:4.5390, Delta|S|μ:3.6848, Delta/Signal:81.18%, Gateμ:-0.1729, Gate0%:0.0, MetaNormμ:8.7033 | Val Meta: Scaleμ:0.9792, Signal|S|μ:4.4169, Delta|S|μ:3.5797, Delta/Signal:81.04%, Gateμ:-0.1729, Gate0%:0.0, MetaNormμ:8.7033
Validation Loss decreased (0.642740 --> 0.641926). Saving best model...
Epoch  35/50 | Train Loss: 0.6402 Acc: 0.6083 F1: 0.6078 | Val Loss: 0.6406 Acc: 0.6417 F1: 0.6414 | Train Meta: Scaleμ:0.9792, Signal|S|μ:4.6142, Delta|S|μ:3.7441, Delta/Signal:81.14%, Gateμ:-0.1729, Gate0%:0.0, MetaNormμ:8.7033 | Val Meta: Scaleμ:0.9792, Signal|S|μ:4.4169, Delta|S|μ:3.5797, Delta/Signal:81.04%, Gateμ:-0.1729, Gate0%:0.0, MetaNormμ:8.7033
Validation Loss decreased (0.641926 --> 0.640622). Saving best model...
Epoch  36/50 | Train Loss: 0.6366 Acc: 0.6204 F1: 0.6204 | Val Loss: 0.6400 Acc: 0.6250 F1: 0.6237 | Train Meta: Scaleμ:0.9792, Signal|S|μ:4.4905, Delta|S|μ:3.6573, Delta/Signal:81.45%, Gateμ:-0.1729, Gate0%:0.0, MetaNormμ:8.7033 | Val Meta: Scaleμ:0.9792, Signal|S|μ:4.4169, Delta|S|μ:3.5797, Delta/Signal:81.04%, Gateμ:-0.1729, Gate0%:0.0, MetaNormμ:8.7033
Validation Loss decreased (0.640622 --> 0.640025). Saving best model...
Epoch  37/50 | Train Loss: 0.6344 Acc: 0.6315 F1: 0.6311 | Val Loss: 0.6450 Acc: 0.6000 F1: 0.5869 | Train Meta: Scaleμ:0.9792, Signal|S|μ:4.5062, Delta|S|μ:3.6580, Delta/Signal:81.18%, Gateμ:-0.1729, Gate0%:0.0, MetaNormμ:8.7033 | Val Meta: Scaleμ:0.9792, Signal|S|μ:4.4169, Delta|S|μ:3.5797, Delta/Signal:81.04%, Gateμ:-0.1729, Gate0%:0.0, MetaNormμ:8.7033
Epoch  38/50 | Train Loss: 0.6334 Acc: 0.6259 F1: 0.6255 | Val Loss: 0.6385 Acc: 0.6361 F1: 0.6361 | Train Meta: Scaleμ:0.9792, Signal|S|μ:4.6401, Delta|S|μ:3.7701, Delta/Signal:81.25%, Gateμ:-0.1729, Gate0%:0.0, MetaNormμ:8.7033 | Val Meta: Scaleμ:0.9792, Signal|S|μ:4.4169, Delta|S|μ:3.5797, Delta/Signal:81.04%, Gateμ:-0.1729, Gate0%:0.0, MetaNormμ:8.7033
Validation Loss decreased (0.640025 --> 0.638465). Saving best model...
Epoch  39/50 | Train Loss: 0.6386 Acc: 0.6151 F1: 0.6149 | Val Loss: 0.6383 Acc: 0.6222 F1: 0.6215 | Train Meta: Scaleμ:0.9792, Signal|S|μ:4.3036, Delta|S|μ:3.5061, Delta/Signal:81.47%, Gateμ:-0.1729, Gate0%:0.0, MetaNormμ:8.7033 | Val Meta: Scaleμ:0.9792, Signal|S|μ:4.4169, Delta|S|μ:3.5797, Delta/Signal:81.04%, Gateμ:-0.1729, Gate0%:0.0, MetaNormμ:8.7033
Validation Loss decreased (0.638465 --> 0.638271). Saving best model...
Epoch  40/50 | Train Loss: 0.6351 Acc: 0.6108 F1: 0.6104 | Val Loss: 0.6694 Acc: 0.5750 F1: 0.5055 | Train Meta: Scaleμ:0.9792, Signal|S|μ:4.6344, Delta|S|μ:3.7794, Delta/Signal:81.55%, Gateμ:-0.1729, Gate0%:0.0, MetaNormμ:8.7033 | Val Meta: Scaleμ:0.9792, Signal|S|μ:4.4169, Delta|S|μ:3.5797, Delta/Signal:81.04%, Gateμ:-0.1729, Gate0%:0.0, MetaNormμ:8.7033
Epoch  41/50 | Train Loss: 0.6336 Acc: 0.6256 F1: 0.6255 | Val Loss: 0.6445 Acc: 0.5917 F1: 0.5751 | Train Meta: Scaleμ:0.9792, Signal|S|μ:4.7114, Delta|S|μ:3.8192, Delta/Signal:81.06%, Gateμ:-0.1729, Gate0%:0.0, MetaNormμ:8.7033 | Val Meta: Scaleμ:0.9792, Signal|S|μ:4.4169, Delta|S|μ:3.5797, Delta/Signal:81.04%, Gateμ:-0.1729, Gate0%:0.0, MetaNormμ:8.7033
Epoch  42/50 | Train Loss: 0.6341 Acc: 0.6204 F1: 0.6203 | Val Loss: 0.6412 Acc: 0.6083 F1: 0.5997 | Train Meta: Scaleμ:0.9792, Signal|S|μ:4.4465, Delta|S|μ:3.6105, Delta/Signal:81.20%, Gateμ:-0.1729, Gate0%:0.0, MetaNormμ:8.7033 | Val Meta: Scaleμ:0.9792, Signal|S|μ:4.4169, Delta|S|μ:3.5797, Delta/Signal:81.04%, Gateμ:-0.1729, Gate0%:0.0, MetaNormμ:8.7033
Epoch  43/50 | Train Loss: 0.6315 Acc: 0.6262 F1: 0.6258 | Val Loss: 0.6555 Acc: 0.6083 F1: 0.5840 | Train Meta: Scaleμ:0.9792, Signal|S|μ:4.2074, Delta|S|μ:3.4038, Delta/Signal:80.90%, Gateμ:-0.1729, Gate0%:0.0, MetaNormμ:8.7033 | Val Meta: Scaleμ:0.9792, Signal|S|μ:4.4169, Delta|S|μ:3.5797, Delta/Signal:81.04%, Gateμ:-0.1729, Gate0%:0.0, MetaNormμ:8.7033
Epoch  44/50 | Train Loss: 0.6407 Acc: 0.6111 F1: 0.6110 | Val Loss: 0.6466 Acc: 0.6111 F1: 0.5949 | Train Meta: Scaleμ:0.9792, Signal|S|μ:4.5511, Delta|S|μ:3.7074, Delta/Signal:81.46%, Gateμ:-0.1729, Gate0%:0.0, MetaNormμ:8.7033 | Val Meta: Scaleμ:0.9792, Signal|S|μ:4.4169, Delta|S|μ:3.5797, Delta/Signal:81.04%, Gateμ:-0.1729, Gate0%:0.0, MetaNormμ:8.7033
Epoch  45/50 | Train Loss: 0.6332 Acc: 0.6194 F1: 0.6190 | Val Loss: 0.6406 Acc: 0.6194 F1: 0.6089 | Train Meta: Scaleμ:0.9792, Signal|S|μ:4.3888, Delta|S|μ:3.5659, Delta/Signal:81.25%, Gateμ:-0.1729, Gate0%:0.0, MetaNormμ:8.7033 | Val Meta: Scaleμ:0.9792, Signal|S|μ:4.4169, Delta|S|μ:3.5797, Delta/Signal:81.04%, Gateμ:-0.1729, Gate0%:0.0, MetaNormμ:8.7033
Epoch  46/50 | Train Loss: 0.6294 Acc: 0.6259 F1: 0.6259 | Val Loss: 0.6389 Acc: 0.6083 F1: 0.5997 | Train Meta: Scaleμ:0.9792, Signal|S|μ:4.4219, Delta|S|μ:3.5881, Delta/Signal:81.14%, Gateμ:-0.1729, Gate0%:0.0, MetaNormμ:8.7033 | Val Meta: Scaleμ:0.9792, Signal|S|μ:4.4169, Delta|S|μ:3.5797, Delta/Signal:81.04%, Gateμ:-0.1729, Gate0%:0.0, MetaNormμ:8.7033
Epoch  47/50 | Train Loss: 0.6311 Acc: 0.6204 F1: 0.6201 | Val Loss: 0.6564 Acc: 0.6083 F1: 0.5828 | Train Meta: Scaleμ:0.9792, Signal|S|μ:4.3885, Delta|S|μ:3.5468, Delta/Signal:80.82%, Gateμ:-0.1729, Gate0%:0.0, MetaNormμ:8.7033 | Val Meta: Scaleμ:0.9792, Signal|S|μ:4.4169, Delta|S|μ:3.5797, Delta/Signal:81.04%, Gateμ:-0.1729, Gate0%:0.0, MetaNormμ:8.7033
Epoch  48/50 | Train Loss: 0.6303 Acc: 0.6272 F1: 0.6270 | Val Loss: 0.6415 Acc: 0.6222 F1: 0.6099 | Train Meta: Scaleμ:0.9792, Signal|S|μ:4.5141, Delta|S|μ:3.6664, Delta/Signal:81.22%, Gateμ:-0.1729, Gate0%:0.0, MetaNormμ:8.7033 | Val Meta: Scaleμ:0.9792, Signal|S|μ:4.4169, Delta|S|μ:3.5797, Delta/Signal:81.04%, Gateμ:-0.1729, Gate0%:0.0, MetaNormμ:8.7033
Epoch  49/50 | Train Loss: 0.6335 Acc: 0.6296 F1: 0.6295 | Val Loss: 0.6339 Acc: 0.6361 F1: 0.6358 | Train Meta: Scaleμ:0.9792, Signal|S|μ:4.4488, Delta|S|μ:3.5885, Delta/Signal:80.66%, Gateμ:-0.1729, Gate0%:0.0, MetaNormμ:8.7033 | Val Meta: Scaleμ:0.9792, Signal|S|μ:4.4169, Delta|S|μ:3.5797, Delta/Signal:81.04%, Gateμ:-0.1729, Gate0%:0.0, MetaNormμ:8.7033
Validation Loss decreased (0.638271 --> 0.633883). Saving best model...
Epoch  50/50 | Train Loss: 0.6262 Acc: 0.6315 F1: 0.6314 | Val Loss: 0.6419 Acc: 0.6139 F1: 0.6000 | Train Meta: Scaleμ:0.9792, Signal|S|μ:4.5029, Delta|S|μ:3.6501, Delta/Signal:81.06%, Gateμ:-0.1729, Gate0%:0.0, MetaNormμ:8.7033 | Val Meta: Scaleμ:0.9792, Signal|S|μ:4.4169, Delta|S|μ:3.5797, Delta/Signal:81.04%, Gateμ:-0.1729, Gate0%:0.0, MetaNormμ:8.7033

Classification Test Result (FordA)
Accuracy : 0.628788
F1 (macro): 0.628375
Saved attention maps for 3 sample(s) under ./runs/classification_electricity_to_FordA_laya_metadata_query_gate_text_stats_joint/attention_maps
Joint metadata preview | dataset=FordB | domain=UCR | channels=1
   - channel_1: In the UCR domain, this channel belongs to the FordB dataset and represents the feature channel 1. Channel statistics over the training split: mean value is 0.000, standard deviation is 1.000, minimum value is -5.545, maximum value is 5.095, median value is 0.002, and mean absolute value is 0.792.
/data/pjh_workspace/ts-env/lib/python3.8/site-packages/torch/nn/modules/transformer.py:307: UserWarning: enable_nested_tensor is True, but self.use_nested_tensor is False because encoder_layer.norm_first was True
  warnings.warn(f"enable_nested_tensor is True, but self.use_nested_tensor is False because {why_not_sparsity_fast_path}")
==================================================
🚀 Architecture: LAYA
📊 Target Dataset: FordB (Channels: 1)
📊 Pretrain Info: electricity
📊 Classes: 2 | Sequence Length: 500
==================================================
✅ Loaded pretrained encoder from ./checkpoints/electricity_laya_metadata_query_gate_text_stats_joint/laya_ts_electricity_s_best.pt
   - 104/104 keys matched.
✅ Encoder is FROZEN (Linear Probing mode).
📝 metadata: mode=text_stats_joint, fusion=none, relation=metadata_query_gate
ℹ️  Metadata Fusion Mode: none
ℹ️  Channel Mixer Relation Mode: metadata_query_gate
ℹ️  Encoder Variant: default
ℹ️  Channel Adapter: disabled for Laya downstream (mixer)
ℹ️  Channel Relation Block: disabled
✅ ClassificationHead: [B, 256] → [B, 2]
Epoch   1/50 | Train Loss: 0.7025 Acc: 0.5061 F1: 0.5040 | Val Loss: 0.6956 Acc: 0.5096 F1: 0.3376 | Train Meta: Scaleμ:0.9792, Signal|S|μ:3.9502, Delta|S|μ:2.9911, Delta/Signal:75.72%, Gateμ:-0.3217, Gate0%:0.0, MetaNormμ:8.8630 | Val Meta: Scaleμ:0.9792, Signal|S|μ:4.1993, Delta|S|μ:3.1875, Delta/Signal:75.91%, Gateμ:-0.3217, Gate0%:0.0, MetaNormμ:8.8630
Validation Loss decreased (inf --> 0.695579). Saving best model...
Epoch   2/50 | Train Loss: 0.6826 Acc: 0.5576 F1: 0.5554 | Val Loss: 0.6750 Acc: 0.5152 F1: 0.4231 | Train Meta: Scaleμ:0.9792, Signal|S|μ:4.1740, Delta|S|μ:3.1625, Delta/Signal:75.77%, Gateμ:-0.3217, Gate0%:0.0, MetaNormμ:8.8630 | Val Meta: Scaleμ:0.9792, Signal|S|μ:4.1993, Delta|S|μ:3.1875, Delta/Signal:75.91%, Gateμ:-0.3217, Gate0%:0.0, MetaNormμ:8.8630
Validation Loss decreased (0.695579 --> 0.675047). Saving best model...
Epoch   3/50 | Train Loss: 0.6737 Acc: 0.5729 F1: 0.5720 | Val Loss: 0.6623 Acc: 0.6061 F1: 0.6055 | Train Meta: Scaleμ:0.9792, Signal|S|μ:4.1597, Delta|S|μ:3.1626, Delta/Signal:76.03%, Gateμ:-0.3217, Gate0%:0.0, MetaNormμ:8.8630 | Val Meta: Scaleμ:0.9792, Signal|S|μ:4.1993, Delta|S|μ:3.1875, Delta/Signal:75.91%, Gateμ:-0.3217, Gate0%:0.0, MetaNormμ:8.8630
Validation Loss decreased (0.675047 --> 0.662327). Saving best model...
Epoch   4/50 | Train Loss: 0.6711 Acc: 0.5809 F1: 0.5799 | Val Loss: 0.6552 Acc: 0.6116 F1: 0.6106 | Train Meta: Scaleμ:0.9792, Signal|S|μ:4.3261, Delta|S|μ:3.2830, Delta/Signal:75.89%, Gateμ:-0.3217, Gate0%:0.0, MetaNormμ:8.8630 | Val Meta: Scaleμ:0.9792, Signal|S|μ:4.1993, Delta|S|μ:3.1875, Delta/Signal:75.91%, Gateμ:-0.3217, Gate0%:0.0, MetaNormμ:8.8630
Validation Loss decreased (0.662327 --> 0.655180). Saving best model...
Epoch   5/50 | Train Loss: 0.6567 Acc: 0.6002 F1: 0.5998 | Val Loss: 0.6509 Acc: 0.5813 F1: 0.5699 | Train Meta: Scaleμ:0.9792, Signal|S|μ:4.4702, Delta|S|μ:3.3914, Delta/Signal:75.87%, Gateμ:-0.3217, Gate0%:0.0, MetaNormμ:8.8630 | Val Meta: Scaleμ:0.9792, Signal|S|μ:4.1993, Delta|S|μ:3.1875, Delta/Signal:75.91%, Gateμ:-0.3217, Gate0%:0.0, MetaNormμ:8.8630
Validation Loss decreased (0.655180 --> 0.650919). Saving best model...
Epoch   6/50 | Train Loss: 0.6562 Acc: 0.5968 F1: 0.5966 | Val Loss: 0.6483 Acc: 0.5592 F1: 0.5349 | Train Meta: Scaleμ:0.9792, Signal|S|μ:4.4493, Delta|S|μ:3.3786, Delta/Signal:75.94%, Gateμ:-0.3217, Gate0%:0.0, MetaNormμ:8.8630 | Val Meta: Scaleμ:0.9792, Signal|S|μ:4.1993, Delta|S|μ:3.1875, Delta/Signal:75.91%, Gateμ:-0.3217, Gate0%:0.0, MetaNormμ:8.8630
Validation Loss decreased (0.650919 --> 0.648291). Saving best model...
Epoch   7/50 | Train Loss: 0.6492 Acc: 0.6032 F1: 0.6030 | Val Loss: 0.6405 Acc: 0.6033 F1: 0.5933 | Train Meta: Scaleμ:0.9792, Signal|S|μ:4.0450, Delta|S|μ:3.0696, Delta/Signal:75.89%, Gateμ:-0.3217, Gate0%:0.0, MetaNormμ:8.8630 | Val Meta: Scaleμ:0.9792, Signal|S|μ:4.1993, Delta|S|μ:3.1875, Delta/Signal:75.91%, Gateμ:-0.3217, Gate0%:0.0, MetaNormμ:8.8630
Validation Loss decreased (0.648291 --> 0.640533). Saving best model...
Epoch   8/50 | Train Loss: 0.6470 Acc: 0.6060 F1: 0.6056 | Val Loss: 0.6362 Acc: 0.5978 F1: 0.5845 | Train Meta: Scaleμ:0.9792, Signal|S|μ:4.2146, Delta|S|μ:3.2025, Delta/Signal:75.98%, Gateμ:-0.3217, Gate0%:0.0, MetaNormμ:8.8630 | Val Meta: Scaleμ:0.9792, Signal|S|μ:4.1993, Delta|S|μ:3.1875, Delta/Signal:75.91%, Gateμ:-0.3217, Gate0%:0.0, MetaNormμ:8.8630
Validation Loss decreased (0.640533 --> 0.636161). Saving best model...
Epoch   9/50 | Train Loss: 0.6415 Acc: 0.6244 F1: 0.6243 | Val Loss: 0.6272 Acc: 0.6501 F1: 0.6499 | Train Meta: Scaleμ:0.9792, Signal|S|μ:4.1507, Delta|S|μ:3.1481, Delta/Signal:75.84%, Gateμ:-0.3217, Gate0%:0.0, MetaNormμ:8.8630 | Val Meta: Scaleμ:0.9792, Signal|S|μ:4.1993, Delta|S|μ:3.1875, Delta/Signal:75.91%, Gateμ:-0.3217, Gate0%:0.0, MetaNormμ:8.8630
Validation Loss decreased (0.636161 --> 0.627209). Saving best model...
Epoch  10/50 | Train Loss: 0.6438 Acc: 0.6134 F1: 0.6132 | Val Loss: 0.6511 Acc: 0.5289 F1: 0.4546 | Train Meta: Scaleμ:0.9792, Signal|S|μ:4.2913, Delta|S|μ:3.2608, Delta/Signal:75.99%, Gateμ:-0.3217, Gate0%:0.0, MetaNormμ:8.8630 | Val Meta: Scaleμ:0.9792, Signal|S|μ:4.1993, Delta|S|μ:3.1875, Delta/Signal:75.91%, Gateμ:-0.3217, Gate0%:0.0, MetaNormμ:8.8630
Epoch  11/50 | Train Loss: 0.6393 Acc: 0.6265 F1: 0.6265 | Val Loss: 0.6192 Acc: 0.6694 F1: 0.6694 | Train Meta: Scaleμ:0.9792, Signal|S|μ:4.2610, Delta|S|μ:3.2420, Delta/Signal:76.08%, Gateμ:-0.3217, Gate0%:0.0, MetaNormμ:8.8630 | Val Meta: Scaleμ:0.9792, Signal|S|μ:4.1993, Delta|S|μ:3.1875, Delta/Signal:75.91%, Gateμ:-0.3217, Gate0%:0.0, MetaNormμ:8.8630
Validation Loss decreased (0.627209 --> 0.619219). Saving best model...
Epoch  12/50 | Train Loss: 0.6373 Acc: 0.6207 F1: 0.6205 | Val Loss: 0.6166 Acc: 0.6529 F1: 0.6515 | Train Meta: Scaleμ:0.9792, Signal|S|μ:4.4492, Delta|S|μ:3.3768, Delta/Signal:75.90%, Gateμ:-0.3217, Gate0%:0.0, MetaNormμ:8.8630 | Val Meta: Scaleμ:0.9792, Signal|S|μ:4.1993, Delta|S|μ:3.1875, Delta/Signal:75.91%, Gateμ:-0.3217, Gate0%:0.0, MetaNormμ:8.8630
Validation Loss decreased (0.619219 --> 0.616626). Saving best model...
Epoch  13/50 | Train Loss: 0.6310 Acc: 0.6308 F1: 0.6308 | Val Loss: 0.6291 Acc: 0.6887 F1: 0.6711 | Train Meta: Scaleμ:0.9792, Signal|S|μ:4.0607, Delta|S|μ:3.0871, Delta/Signal:76.02%, Gateμ:-0.3217, Gate0%:0.0, MetaNormμ:8.8630 | Val Meta: Scaleμ:0.9792, Signal|S|μ:4.1993, Delta|S|μ:3.1875, Delta/Signal:75.91%, Gateμ:-0.3217, Gate0%:0.0, MetaNormμ:8.8630
Epoch  14/50 | Train Loss: 0.6273 Acc: 0.6284 F1: 0.6284 | Val Loss: 0.6161 Acc: 0.7135 F1: 0.7040 | Train Meta: Scaleμ:0.9792, Signal|S|μ:4.1026, Delta|S|μ:3.1179, Delta/Signal:76.00%, Gateμ:-0.3217, Gate0%:0.0, MetaNormμ:8.8630 | Val Meta: Scaleμ:0.9792, Signal|S|μ:4.1993, Delta|S|μ:3.1875, Delta/Signal:75.91%, Gateμ:-0.3217, Gate0%:0.0, MetaNormμ:8.8630
Validation Loss decreased (0.616626 --> 0.616128). Saving best model...
Epoch  15/50 | Train Loss: 0.6252 Acc: 0.6419 F1: 0.6417 | Val Loss: 0.6726 Acc: 0.6226 F1: 0.5690 | Train Meta: Scaleμ:0.9792, Signal|S|μ:4.1843, Delta|S|μ:3.1680, Delta/Signal:75.71%, Gateμ:-0.3217, Gate0%:0.0, MetaNormμ:8.8630 | Val Meta: Scaleμ:0.9792, Signal|S|μ:4.1993, Delta|S|μ:3.1875, Delta/Signal:75.91%, Gateμ:-0.3217, Gate0%:0.0, MetaNormμ:8.8630
Epoch  16/50 | Train Loss: 0.6306 Acc: 0.6293 F1: 0.6292 | Val Loss: 0.6045 Acc: 0.7107 F1: 0.7068 | Train Meta: Scaleμ:0.9792, Signal|S|μ:4.2019, Delta|S|μ:3.1955, Delta/Signal:76.05%, Gateμ:-0.3217, Gate0%:0.0, MetaNormμ:8.8630 | Val Meta: Scaleμ:0.9792, Signal|S|μ:4.1993, Delta|S|μ:3.1875, Delta/Signal:75.91%, Gateμ:-0.3217, Gate0%:0.0, MetaNormμ:8.8630
Validation Loss decreased (0.616128 --> 0.604491). Saving best model...
Epoch  17/50 | Train Loss: 0.6301 Acc: 0.6336 F1: 0.6334 | Val Loss: 0.6067 Acc: 0.7273 F1: 0.7196 | Train Meta: Scaleμ:0.9792, Signal|S|μ:4.0472, Delta|S|μ:3.0712, Delta/Signal:75.88%, Gateμ:-0.3217, Gate0%:0.0, MetaNormμ:8.8630 | Val Meta: Scaleμ:0.9792, Signal|S|μ:4.1993, Delta|S|μ:3.1875, Delta/Signal:75.91%, Gateμ:-0.3217, Gate0%:0.0, MetaNormμ:8.8630
Epoch  18/50 | Train Loss: 0.6206 Acc: 0.6513 F1: 0.6513 | Val Loss: 0.5976 Acc: 0.6915 F1: 0.6911 | Train Meta: Scaleμ:0.9792, Signal|S|μ:4.2823, Delta|S|μ:3.2462, Delta/Signal:75.80%, Gateμ:-0.3217, Gate0%:0.0, MetaNormμ:8.8630 | Val Meta: Scaleμ:0.9792, Signal|S|μ:4.1993, Delta|S|μ:3.1875, Delta/Signal:75.91%, Gateμ:-0.3217, Gate0%:0.0, MetaNormμ:8.8630
Validation Loss decreased (0.604491 --> 0.597643). Saving best model...
Epoch  19/50 | Train Loss: 0.6225 Acc: 0.6385 F1: 0.6385 | Val Loss: 0.6368 Acc: 0.6639 F1: 0.6345 | Train Meta: Scaleμ:0.9792, Signal|S|μ:4.3703, Delta|S|μ:3.3085, Delta/Signal:75.71%, Gateμ:-0.3217, Gate0%:0.0, MetaNormμ:8.8630 | Val Meta: Scaleμ:0.9792, Signal|S|μ:4.1993, Delta|S|μ:3.1875, Delta/Signal:75.91%, Gateμ:-0.3217, Gate0%:0.0, MetaNormμ:8.8630
Epoch  20/50 | Train Loss: 0.6202 Acc: 0.6480 F1: 0.6479 | Val Loss: 0.6110 Acc: 0.6006 F1: 0.5756 | Train Meta: Scaleμ:0.9792, Signal|S|μ:4.1121, Delta|S|μ:3.1290, Delta/Signal:76.09%, Gateμ:-0.3217, Gate0%:0.0, MetaNormμ:8.8630 | Val Meta: Scaleμ:0.9792, Signal|S|μ:4.1993, Delta|S|μ:3.1875, Delta/Signal:75.91%, Gateμ:-0.3217, Gate0%:0.0, MetaNormμ:8.8630
Epoch  21/50 | Train Loss: 0.6210 Acc: 0.6468 F1: 0.6467 | Val Loss: 0.6037 Acc: 0.7245 F1: 0.7154 | Train Meta: Scaleμ:0.9792, Signal|S|μ:4.4473, Delta|S|μ:3.3719, Delta/Signal:75.82%, Gateμ:-0.3217, Gate0%:0.0, MetaNormμ:8.8630 | Val Meta: Scaleμ:0.9792, Signal|S|μ:4.1993, Delta|S|μ:3.1875, Delta/Signal:75.91%, Gateμ:-0.3217, Gate0%:0.0, MetaNormμ:8.8630
Epoch  22/50 | Train Loss: 0.6140 Acc: 0.6501 F1: 0.6501 | Val Loss: 0.5890 Acc: 0.6942 F1: 0.6939 | Train Meta: Scaleμ:0.9792, Signal|S|μ:4.2919, Delta|S|μ:3.2642, Delta/Signal:76.06%, Gateμ:-0.3217, Gate0%:0.0, MetaNormμ:8.8630 | Val Meta: Scaleμ:0.9792, Signal|S|μ:4.1993, Delta|S|μ:3.1875, Delta/Signal:75.91%, Gateμ:-0.3217, Gate0%:0.0, MetaNormμ:8.8630
Validation Loss decreased (0.597643 --> 0.588972). Saving best model...
Epoch  23/50 | Train Loss: 0.6151 Acc: 0.6480 F1: 0.6479 | Val Loss: 0.5897 Acc: 0.6667 F1: 0.6647 | Train Meta: Scaleμ:0.9792, Signal|S|μ:4.1395, Delta|S|μ:3.1368, Delta/Signal:75.78%, Gateμ:-0.3217, Gate0%:0.0, MetaNormμ:8.8630 | Val Meta: Scaleμ:0.9792, Signal|S|μ:4.1993, Delta|S|μ:3.1875, Delta/Signal:75.91%, Gateμ:-0.3217, Gate0%:0.0, MetaNormμ:8.8630
Epoch  24/50 | Train Loss: 0.6158 Acc: 0.6504 F1: 0.6504 | Val Loss: 0.5958 Acc: 0.7300 F1: 0.7216 | Train Meta: Scaleμ:0.9792, Signal|S|μ:3.9537, Delta|S|μ:3.0086, Delta/Signal:76.10%, Gateμ:-0.3217, Gate0%:0.0, MetaNormμ:8.8630 | Val Meta: Scaleμ:0.9792, Signal|S|μ:4.1993, Delta|S|μ:3.1875, Delta/Signal:75.91%, Gateμ:-0.3217, Gate0%:0.0, MetaNormμ:8.8630
Epoch  25/50 | Train Loss: 0.6177 Acc: 0.6440 F1: 0.6440 | Val Loss: 0.6318 Acc: 0.6667 F1: 0.6356 | Train Meta: Scaleμ:0.9792, Signal|S|μ:4.2054, Delta|S|μ:3.1918, Delta/Signal:75.90%, Gateμ:-0.3217, Gate0%:0.0, MetaNormμ:8.8630 | Val Meta: Scaleμ:0.9792, Signal|S|μ:4.1993, Delta|S|μ:3.1875, Delta/Signal:75.91%, Gateμ:-0.3217, Gate0%:0.0, MetaNormμ:8.8630
Epoch  26/50 | Train Loss: 0.6138 Acc: 0.6434 F1: 0.6434 | Val Loss: 0.5823 Acc: 0.7245 F1: 0.7234 | Train Meta: Scaleμ:0.9792, Signal|S|μ:4.1117, Delta|S|μ:3.1214, Delta/Signal:75.92%, Gateμ:-0.3217, Gate0%:0.0, MetaNormμ:8.8630 | Val Meta: Scaleμ:0.9792, Signal|S|μ:4.1993, Delta|S|μ:3.1875, Delta/Signal:75.91%, Gateμ:-0.3217, Gate0%:0.0, MetaNormμ:8.8630
Validation Loss decreased (0.588972 --> 0.582312). Saving best model...
Epoch  27/50 | Train Loss: 0.6092 Acc: 0.6636 F1: 0.6636 | Val Loss: 0.5836 Acc: 0.7328 F1: 0.7288 | Train Meta: Scaleμ:0.9792, Signal|S|μ:4.1815, Delta|S|μ:3.1832, Delta/Signal:76.12%, Gateμ:-0.3217, Gate0%:0.0, MetaNormμ:8.8630 | Val Meta: Scaleμ:0.9792, Signal|S|μ:4.1993, Delta|S|μ:3.1875, Delta/Signal:75.91%, Gateμ:-0.3217, Gate0%:0.0, MetaNormμ:8.8630
Epoch  28/50 | Train Loss: 0.6113 Acc: 0.6602 F1: 0.6601 | Val Loss: 0.5851 Acc: 0.6639 F1: 0.6600 | Train Meta: Scaleμ:0.9792, Signal|S|μ:4.3139, Delta|S|μ:3.2736, Delta/Signal:75.88%, Gateμ:-0.3217, Gate0%:0.0, MetaNormμ:8.8630 | Val Meta: Scaleμ:0.9792, Signal|S|μ:4.1993, Delta|S|μ:3.1875, Delta/Signal:75.91%, Gateμ:-0.3217, Gate0%:0.0, MetaNormμ:8.8630
Epoch  29/50 | Train Loss: 0.6084 Acc: 0.6575 F1: 0.6574 | Val Loss: 0.5774 Acc: 0.7245 F1: 0.7238 | Train Meta: Scaleμ:0.9792, Signal|S|μ:4.1370, Delta|S|μ:3.1466, Delta/Signal:76.06%, Gateμ:-0.3217, Gate0%:0.0, MetaNormμ:8.8630 | Val Meta: Scaleμ:0.9792, Signal|S|μ:4.1993, Delta|S|μ:3.1875, Delta/Signal:75.91%, Gateμ:-0.3217, Gate0%:0.0, MetaNormμ:8.8630
Validation Loss decreased (0.582312 --> 0.577414). Saving best model...
Epoch  30/50 | Train Loss: 0.6071 Acc: 0.6624 F1: 0.6624 | Val Loss: 0.5762 Acc: 0.7107 F1: 0.7104 | Train Meta: Scaleμ:0.9792, Signal|S|μ:4.3234, Delta|S|μ:3.2781, Delta/Signal:75.82%, Gateμ:-0.3217, Gate0%:0.0, MetaNormμ:8.8630 | Val Meta: Scaleμ:0.9792, Signal|S|μ:4.1993, Delta|S|μ:3.1875, Delta/Signal:75.91%, Gateμ:-0.3217, Gate0%:0.0, MetaNormμ:8.8630
Validation Loss decreased (0.577414 --> 0.576195). Saving best model...
Epoch  31/50 | Train Loss: 0.6081 Acc: 0.6529 F1: 0.6529 | Val Loss: 0.5758 Acc: 0.6915 F1: 0.6912 | Train Meta: Scaleμ:0.9792, Signal|S|μ:4.3646, Delta|S|μ:3.3121, Delta/Signal:75.89%, Gateμ:-0.3217, Gate0%:0.0, MetaNormμ:8.8630 | Val Meta: Scaleμ:0.9792, Signal|S|μ:4.1993, Delta|S|μ:3.1875, Delta/Signal:75.91%, Gateμ:-0.3217, Gate0%:0.0, MetaNormμ:8.8630
Validation Loss decreased (0.576195 --> 0.575807). Saving best model...
Epoch  32/50 | Train Loss: 0.6085 Acc: 0.6544 F1: 0.6543 | Val Loss: 0.6137 Acc: 0.6804 F1: 0.6548 | Train Meta: Scaleμ:0.9792, Signal|S|μ:3.9766, Delta|S|μ:3.0191, Delta/Signal:75.92%, Gateμ:-0.3217, Gate0%:0.0, MetaNormμ:8.8630 | Val Meta: Scaleμ:0.9792, Signal|S|μ:4.1993, Delta|S|μ:3.1875, Delta/Signal:75.91%, Gateμ:-0.3217, Gate0%:0.0, MetaNormμ:8.8630
Epoch  33/50 | Train Loss: 0.6065 Acc: 0.6581 F1: 0.6580 | Val Loss: 0.5755 Acc: 0.6722 F1: 0.6702 | Train Meta: Scaleμ:0.9792, Signal|S|μ:4.1846, Delta|S|μ:3.1759, Delta/Signal:75.89%, Gateμ:-0.3217, Gate0%:0.0, MetaNormμ:8.8630 | Val Meta: Scaleμ:0.9792, Signal|S|μ:4.1993, Delta|S|μ:3.1875, Delta/Signal:75.91%, Gateμ:-0.3217, Gate0%:0.0, MetaNormμ:8.8630
Validation Loss decreased (0.575807 --> 0.575532). Saving best model...
Epoch  34/50 | Train Loss: 0.6041 Acc: 0.6559 F1: 0.6559 | Val Loss: 0.5892 Acc: 0.7190 F1: 0.7085 | Train Meta: Scaleμ:0.9792, Signal|S|μ:4.0677, Delta|S|μ:3.0806, Delta/Signal:75.73%, Gateμ:-0.3217, Gate0%:0.0, MetaNormμ:8.8630 | Val Meta: Scaleμ:0.9792, Signal|S|μ:4.1993, Delta|S|μ:3.1875, Delta/Signal:75.91%, Gateμ:-0.3217, Gate0%:0.0, MetaNormμ:8.8630
Epoch  35/50 | Train Loss: 0.6067 Acc: 0.6544 F1: 0.6544 | Val Loss: 0.5728 Acc: 0.7355 F1: 0.7324 | Train Meta: Scaleμ:0.9792, Signal|S|μ:4.1904, Delta|S|μ:3.1777, Delta/Signal:75.83%, Gateμ:-0.3217, Gate0%:0.0, MetaNormμ:8.8630 | Val Meta: Scaleμ:0.9792, Signal|S|μ:4.1993, Delta|S|μ:3.1875, Delta/Signal:75.91%, Gateμ:-0.3217, Gate0%:0.0, MetaNormμ:8.8630
Validation Loss decreased (0.575532 --> 0.572808). Saving best model...
Epoch  36/50 | Train Loss: 0.6051 Acc: 0.6599 F1: 0.6599 | Val Loss: 0.5688 Acc: 0.7328 F1: 0.7323 | Train Meta: Scaleμ:0.9792, Signal|S|μ:4.3030, Delta|S|μ:3.2738, Delta/Signal:76.08%, Gateμ:-0.3217, Gate0%:0.0, MetaNormμ:8.8630 | Val Meta: Scaleμ:0.9792, Signal|S|μ:4.1993, Delta|S|μ:3.1875, Delta/Signal:75.91%, Gateμ:-0.3217, Gate0%:0.0, MetaNormμ:8.8630
Validation Loss decreased (0.572808 --> 0.568828). Saving best model...
Epoch  37/50 | Train Loss: 0.6036 Acc: 0.6633 F1: 0.6633 | Val Loss: 0.5681 Acc: 0.7328 F1: 0.7323 | Train Meta: Scaleμ:0.9792, Signal|S|μ:4.4038, Delta|S|μ:3.3347, Delta/Signal:75.72%, Gateμ:-0.3217, Gate0%:0.0, MetaNormμ:8.8630 | Val Meta: Scaleμ:0.9792, Signal|S|μ:4.1993, Delta|S|μ:3.1875, Delta/Signal:75.91%, Gateμ:-0.3217, Gate0%:0.0, MetaNormμ:8.8630
Validation Loss decreased (0.568828 --> 0.568123). Saving best model...
Epoch  38/50 | Train Loss: 0.6038 Acc: 0.6651 F1: 0.6651 | Val Loss: 0.5678 Acc: 0.7493 F1: 0.7480 | Train Meta: Scaleμ:0.9792, Signal|S|μ:4.2001, Delta|S|μ:3.1894, Delta/Signal:75.94%, Gateμ:-0.3217, Gate0%:0.0, MetaNormμ:8.8630 | Val Meta: Scaleμ:0.9792, Signal|S|μ:4.1993, Delta|S|μ:3.1875, Delta/Signal:75.91%, Gateμ:-0.3217, Gate0%:0.0, MetaNormμ:8.8630
Validation Loss decreased (0.568123 --> 0.567836). Saving best model...
Epoch  39/50 | Train Loss: 0.5968 Acc: 0.6752 F1: 0.6751 | Val Loss: 0.5743 Acc: 0.6612 F1: 0.6556 | Train Meta: Scaleμ:0.9792, Signal|S|μ:4.2356, Delta|S|μ:3.2172, Delta/Signal:75.95%, Gateμ:-0.3217, Gate0%:0.0, MetaNormμ:8.8630 | Val Meta: Scaleμ:0.9792, Signal|S|μ:4.1993, Delta|S|μ:3.1875, Delta/Signal:75.91%, Gateμ:-0.3217, Gate0%:0.0, MetaNormμ:8.8630
Epoch  40/50 | Train Loss: 0.5970 Acc: 0.6722 F1: 0.6721 | Val Loss: 0.5708 Acc: 0.7383 F1: 0.7336 | Train Meta: Scaleμ:0.9792, Signal|S|μ:4.0629, Delta|S|μ:3.0866, Delta/Signal:75.97%, Gateμ:-0.3217, Gate0%:0.0, MetaNormμ:8.8630 | Val Meta: Scaleμ:0.9792, Signal|S|μ:4.1993, Delta|S|μ:3.1875, Delta/Signal:75.91%, Gateμ:-0.3217, Gate0%:0.0, MetaNormμ:8.8630
Epoch  41/50 | Train Loss: 0.5972 Acc: 0.6719 F1: 0.6718 | Val Loss: 0.5670 Acc: 0.6777 F1: 0.6765 | Train Meta: Scaleμ:0.9792, Signal|S|μ:4.1479, Delta|S|μ:3.1470, Delta/Signal:75.87%, Gateμ:-0.3217, Gate0%:0.0, MetaNormμ:8.8630 | Val Meta: Scaleμ:0.9792, Signal|S|μ:4.1993, Delta|S|μ:3.1875, Delta/Signal:75.91%, Gateμ:-0.3217, Gate0%:0.0, MetaNormμ:8.8630
Validation Loss decreased (0.567836 --> 0.566974). Saving best model...
Epoch  42/50 | Train Loss: 0.5938 Acc: 0.6722 F1: 0.6721 | Val Loss: 0.5953 Acc: 0.7052 F1: 0.6877 | Train Meta: Scaleμ:0.9792, Signal|S|μ:4.0757, Delta|S|μ:3.0882, Delta/Signal:75.77%, Gateμ:-0.3217, Gate0%:0.0, MetaNormμ:8.8630 | Val Meta: Scaleμ:0.9792, Signal|S|μ:4.1993, Delta|S|μ:3.1875, Delta/Signal:75.91%, Gateμ:-0.3217, Gate0%:0.0, MetaNormμ:8.8630
Epoch  43/50 | Train Loss: 0.5968 Acc: 0.6740 F1: 0.6739 | Val Loss: 0.5621 Acc: 0.7438 F1: 0.7432 | Train Meta: Scaleμ:0.9792, Signal|S|μ:4.5197, Delta|S|μ:3.4343, Delta/Signal:75.99%, Gateμ:-0.3217, Gate0%:0.0, MetaNormμ:8.8630 | Val Meta: Scaleμ:0.9792, Signal|S|μ:4.1993, Delta|S|μ:3.1875, Delta/Signal:75.91%, Gateμ:-0.3217, Gate0%:0.0, MetaNormμ:8.8630
Validation Loss decreased (0.566974 --> 0.562131). Saving best model...
Epoch  44/50 | Train Loss: 0.5987 Acc: 0.6651 F1: 0.6651 | Val Loss: 0.5649 Acc: 0.7466 F1: 0.7429 | Train Meta: Scaleμ:0.9792, Signal|S|μ:4.1945, Delta|S|μ:3.1909, Delta/Signal:76.07%, Gateμ:-0.3217, Gate0%:0.0, MetaNormμ:8.8630 | Val Meta: Scaleμ:0.9792, Signal|S|μ:4.1993, Delta|S|μ:3.1875, Delta/Signal:75.91%, Gateμ:-0.3217, Gate0%:0.0, MetaNormμ:8.8630
Epoch  45/50 | Train Loss: 0.6002 Acc: 0.6700 F1: 0.6700 | Val Loss: 0.5660 Acc: 0.6749 F1: 0.6725 | Train Meta: Scaleμ:0.9792, Signal|S|μ:4.1237, Delta|S|μ:3.1358, Delta/Signal:76.04%, Gateμ:-0.3217, Gate0%:0.0, MetaNormμ:8.8630 | Val Meta: Scaleμ:0.9792, Signal|S|μ:4.1993, Delta|S|μ:3.1875, Delta/Signal:75.91%, Gateμ:-0.3217, Gate0%:0.0, MetaNormμ:8.8630
Epoch  46/50 | Train Loss: 0.5979 Acc: 0.6559 F1: 0.6559 | Val Loss: 0.5600 Acc: 0.7383 F1: 0.7379 | Train Meta: Scaleμ:0.9792, Signal|S|μ:3.9860, Delta|S|μ:3.0276, Delta/Signal:75.96%, Gateμ:-0.3217, Gate0%:0.0, MetaNormμ:8.8630 | Val Meta: Scaleμ:0.9792, Signal|S|μ:4.1993, Delta|S|μ:3.1875, Delta/Signal:75.91%, Gateμ:-0.3217, Gate0%:0.0, MetaNormμ:8.8630
Validation Loss decreased (0.562131 --> 0.559974). Saving best model...
Epoch  47/50 | Train Loss: 0.5941 Acc: 0.6737 F1: 0.6737 | Val Loss: 0.5642 Acc: 0.7438 F1: 0.7396 | Train Meta: Scaleμ:0.9792, Signal|S|μ:4.1780, Delta|S|μ:3.1809, Delta/Signal:76.14%, Gateμ:-0.3217, Gate0%:0.0, MetaNormμ:8.8630 | Val Meta: Scaleμ:0.9792, Signal|S|μ:4.1993, Delta|S|μ:3.1875, Delta/Signal:75.91%, Gateμ:-0.3217, Gate0%:0.0, MetaNormμ:8.8630
Epoch  48/50 | Train Loss: 0.5915 Acc: 0.6805 F1: 0.6804 | Val Loss: 0.5584 Acc: 0.7355 F1: 0.7352 | Train Meta: Scaleμ:0.9792, Signal|S|μ:3.8363, Delta|S|μ:2.9162, Delta/Signal:76.02%, Gateμ:-0.3217, Gate0%:0.0, MetaNormμ:8.8630 | Val Meta: Scaleμ:0.9792, Signal|S|μ:4.1993, Delta|S|μ:3.1875, Delta/Signal:75.91%, Gateμ:-0.3217, Gate0%:0.0, MetaNormμ:8.8630
Validation Loss decreased (0.559974 --> 0.558382). Saving best model...
Epoch  49/50 | Train Loss: 0.5955 Acc: 0.6697 F1: 0.6697 | Val Loss: 0.5610 Acc: 0.6832 F1: 0.6824 | Train Meta: Scaleμ:0.9792, Signal|S|μ:4.3392, Delta|S|μ:3.3012, Delta/Signal:76.08%, Gateμ:-0.3217, Gate0%:0.0, MetaNormμ:8.8630 | Val Meta: Scaleμ:0.9792, Signal|S|μ:4.1993, Delta|S|μ:3.1875, Delta/Signal:75.91%, Gateμ:-0.3217, Gate0%:0.0, MetaNormμ:8.8630
Epoch  50/50 | Train Loss: 0.5907 Acc: 0.6756 F1: 0.6755 | Val Loss: 0.5700 Acc: 0.7466 F1: 0.7401 | Train Meta: Scaleμ:0.9792, Signal|S|μ:4.4777, Delta|S|μ:3.3930, Delta/Signal:75.78%, Gateμ:-0.3217, Gate0%:0.0, MetaNormμ:8.8630 | Val Meta: Scaleμ:0.9792, Signal|S|μ:4.1993, Delta|S|μ:3.1875, Delta/Signal:75.91%, Gateμ:-0.3217, Gate0%:0.0, MetaNormμ:8.8630

Classification Test Result (FordB)
Accuracy : 0.556790
F1 (macro): 0.520442
Saved attention maps for 3 sample(s) under ./runs/classification_electricity_to_FordB_laya_metadata_query_gate_text_stats_joint/attention_maps
