nohup: ignoring input
Text metadata preview | dataset=EthanolConcentration | domain=UEA | channels=3
   - channel_1: In the UEA domain, this channel belongs to the EthanolConcentration dataset and represents the feature channel 1.
   - channel_2: In the UEA domain, this channel belongs to the EthanolConcentration dataset and represents the feature channel 2.
   - ... (1 more channel descriptions)
Stats metadata preview | dataset=EthanolConcentration | domain=UEA | channels=3
   - channel_1: Channel statistics over the training split: mean value is 9857.234, standard deviation is 10630.394, minimum value is -111.450, maximum value is 64384.000, median value is 4746.000, and mean absolute value is 9857.249.
==================================================
🚀 Architecture: LAYA
📊 Target Dataset: EthanolConcentration (Channels: 3)
📊 Pretrain Info: electricity
📊 Classes: 4 | Sequence Length: 1751
==================================================
✅ Loaded pretrained encoder from ./checkpoints/electricity_laya_mixer_concat_text_stats_avg/laya_ts_electricity_s_best.pt
   - 77/77 keys matched.
✅ Encoder is FROZEN (Linear Probing mode).
📝 metadata: mode=text_stats_avg, fusion=concat_kv, relation=none
ℹ️  Metadata Fusion Mode: concat_kv
ℹ️  Channel Mixer Relation Mode: none
ℹ️  Encoder Variant: default
ℹ️  Channel Adapter: disabled for Laya downstream (mixer)
ℹ️  Channel Relation Block: disabled
✅ ClassificationHead: [B, 128] → [B, 4]
Epoch   1/50 | Train Loss: 1.3706 Acc: 0.2054 F1: 0.1742 | Val Loss: 1.4617 Acc: 0.1154 F1: 0.0517
Validation Loss decreased (inf --> 1.461698). Saving best model...
Epoch   2/50 | Train Loss: 1.3335 Acc: 0.2321 F1: 0.1520 | Val Loss: 1.3954 Acc: 0.1538 F1: 0.1107
Validation Loss decreased (1.461698 --> 1.395421). Saving best model...
Epoch   3/50 | Train Loss: 1.3311 Acc: 0.2634 F1: 0.1274 | Val Loss: 1.3900 Acc: 0.1538 F1: 0.1010
Validation Loss decreased (1.395421 --> 1.389958). Saving best model...
Epoch   4/50 | Train Loss: 1.3245 Acc: 0.2634 F1: 0.1692 | Val Loss: 1.4152 Acc: 0.1923 F1: 0.0806
Epoch   5/50 | Train Loss: 1.3256 Acc: 0.2232 F1: 0.1344 | Val Loss: 1.3951 Acc: 0.1538 F1: 0.1107
Epoch   6/50 | Train Loss: 1.3236 Acc: 0.2634 F1: 0.1122 | Val Loss: 1.3936 Acc: 0.1538 F1: 0.1107
Epoch   7/50 | Train Loss: 1.3233 Acc: 0.2054 F1: 0.1933 | Val Loss: 1.3831 Acc: 0.2692 F1: 0.1842
Validation Loss decreased (1.389958 --> 1.383149). Saving best model...
Epoch   8/50 | Train Loss: 1.3240 Acc: 0.2589 F1: 0.1554 | Val Loss: 1.4021 Acc: 0.1538 F1: 0.1036
Epoch   9/50 | Train Loss: 1.3287 Acc: 0.2634 F1: 0.1411 | Val Loss: 1.3888 Acc: 0.1923 F1: 0.0806
Epoch  10/50 | Train Loss: 1.3340 Acc: 0.2188 F1: 0.1218 | Val Loss: 1.4033 Acc: 0.1923 F1: 0.0806
Epoch  11/50 | Train Loss: 1.3271 Acc: 0.2277 F1: 0.1487 | Val Loss: 1.3915 Acc: 0.2692 F1: 0.2607
Epoch  12/50 | Train Loss: 1.3236 Acc: 0.2500 F1: 0.1354 | Val Loss: 1.4135 Acc: 0.1538 F1: 0.1107
Epoch  13/50 | Train Loss: 1.3228 Acc: 0.2679 F1: 0.1056 | Val Loss: 1.4154 Acc: 0.1154 F1: 0.0517
Epoch  14/50 | Train Loss: 1.3306 Acc: 0.1920 F1: 0.1083 | Val Loss: 1.3987 Acc: 0.3462 F1: 0.1406
Epoch  15/50 | Train Loss: 1.3243 Acc: 0.2500 F1: 0.1609 | Val Loss: 1.3855 Acc: 0.1923 F1: 0.1306
Epoch  16/50 | Train Loss: 1.3235 Acc: 0.2411 F1: 0.2107 | Val Loss: 1.4082 Acc: 0.1923 F1: 0.0806
Epoch  17/50 | Train Loss: 1.3286 Acc: 0.2232 F1: 0.1710 | Val Loss: 1.4196 Acc: 0.3462 F1: 0.1406
Epoch  18/50 | Train Loss: 1.3261 Acc: 0.2366 F1: 0.1818 | Val Loss: 1.4239 Acc: 0.1154 F1: 0.0536
Epoch  19/50 | Train Loss: 1.3242 Acc: 0.1964 F1: 0.1431 | Val Loss: 1.3804 Acc: 0.2308 F1: 0.1465
Validation Loss decreased (1.383149 --> 1.380360). Saving best model...
Epoch  20/50 | Train Loss: 1.3271 Acc: 0.2634 F1: 0.1978 | Val Loss: 1.4189 Acc: 0.1154 F1: 0.0517
Epoch  21/50 | Train Loss: 1.3236 Acc: 0.2232 F1: 0.1410 | Val Loss: 1.3918 Acc: 0.2692 F1: 0.1752
Epoch  22/50 | Train Loss: 1.3219 Acc: 0.2411 F1: 0.1116 | Val Loss: 1.4210 Acc: 0.1538 F1: 0.1099
Epoch  23/50 | Train Loss: 1.3244 Acc: 0.2723 F1: 0.1419 | Val Loss: 1.4110 Acc: 0.1154 F1: 0.0517
Epoch  24/50 | Train Loss: 1.3276 Acc: 0.2277 F1: 0.1367 | Val Loss: 1.4188 Acc: 0.1923 F1: 0.0806
Epoch  25/50 | Train Loss: 1.3184 Acc: 0.2768 F1: 0.1984 | Val Loss: 1.4051 Acc: 0.1154 F1: 0.0517
Epoch  26/50 | Train Loss: 1.3207 Acc: 0.2589 F1: 0.1895 | Val Loss: 1.3854 Acc: 0.3077 F1: 0.2524
Epoch  27/50 | Train Loss: 1.3201 Acc: 0.2589 F1: 0.1336 | Val Loss: 1.4226 Acc: 0.2308 F1: 0.1640
Epoch  28/50 | Train Loss: 1.3220 Acc: 0.2679 F1: 0.1132 | Val Loss: 1.4302 Acc: 0.1923 F1: 0.0806
Epoch  29/50 | Train Loss: 1.3185 Acc: 0.2545 F1: 0.1847 | Val Loss: 1.3724 Acc: 0.3846 F1: 0.2046
Validation Loss decreased (1.380360 --> 1.372440). Saving best model...
Epoch  30/50 | Train Loss: 1.3284 Acc: 0.2411 F1: 0.2038 | Val Loss: 1.4240 Acc: 0.1154 F1: 0.0536
Epoch  31/50 | Train Loss: 1.3221 Acc: 0.2277 F1: 0.1511 | Val Loss: 1.3852 Acc: 0.2692 F1: 0.1742
Epoch  32/50 | Train Loss: 1.3323 Acc: 0.2455 F1: 0.2368 | Val Loss: 1.3991 Acc: 0.1154 F1: 0.0517
Epoch  33/50 | Train Loss: 1.3210 Acc: 0.2723 F1: 0.1214 | Val Loss: 1.4243 Acc: 0.1538 F1: 0.1181
Epoch  34/50 | Train Loss: 1.3302 Acc: 0.2411 F1: 0.1102 | Val Loss: 1.4122 Acc: 0.1923 F1: 0.1356
Epoch  35/50 | Train Loss: 1.3205 Acc: 0.2634 F1: 0.1712 | Val Loss: 1.3896 Acc: 0.2308 F1: 0.2006
Epoch  36/50 | Train Loss: 1.3358 Acc: 0.2232 F1: 0.1609 | Val Loss: 1.4166 Acc: 0.1923 F1: 0.0806
Epoch  37/50 | Train Loss: 1.3142 Acc: 0.2812 F1: 0.1791 | Val Loss: 1.4219 Acc: 0.1154 F1: 0.0517
Epoch  38/50 | Train Loss: 1.3265 Acc: 0.2991 F1: 0.1841 | Val Loss: 1.3737 Acc: 0.2692 F1: 0.1630
Epoch  39/50 | Train Loss: 1.3286 Acc: 0.2321 F1: 0.1428 | Val Loss: 1.3987 Acc: 0.2308 F1: 0.1333
Epoch  40/50 | Train Loss: 1.3122 Acc: 0.2946 F1: 0.2074 | Val Loss: 1.4239 Acc: 0.1154 F1: 0.0536
Epoch  41/50 | Train Loss: 1.3204 Acc: 0.2589 F1: 0.1108 | Val Loss: 1.4088 Acc: 0.1154 F1: 0.0801
Epoch  42/50 | Train Loss: 1.3226 Acc: 0.2723 F1: 0.1418 | Val Loss: 1.3841 Acc: 0.2308 F1: 0.1625
Epoch  43/50 | Train Loss: 1.3186 Acc: 0.2812 F1: 0.2336 | Val Loss: 1.3789 Acc: 0.3077 F1: 0.2410
Epoch  44/50 | Train Loss: 1.3169 Acc: 0.2902 F1: 0.1924 | Val Loss: 1.4125 Acc: 0.1923 F1: 0.1154
Epoch  45/50 | Train Loss: 1.3217 Acc: 0.2366 F1: 0.1596 | Val Loss: 1.4353 Acc: 0.1154 F1: 0.0536
Epoch  46/50 | Train Loss: 1.3265 Acc: 0.2098 F1: 0.1677 | Val Loss: 1.3749 Acc: 0.4231 F1: 0.2221
Epoch  47/50 | Train Loss: 1.3269 Acc: 0.2634 F1: 0.2014 | Val Loss: 1.4290 Acc: 0.1923 F1: 0.0806
Epoch  48/50 | Train Loss: 1.3190 Acc: 0.2634 F1: 0.1643 | Val Loss: 1.4077 Acc: 0.1538 F1: 0.1036
Epoch  49/50 | Train Loss: 1.3224 Acc: 0.2946 F1: 0.2380 | Val Loss: 1.3823 Acc: 0.2308 F1: 0.1385
Epoch  50/50 | Train Loss: 1.3228 Acc: 0.2321 F1: 0.1899 | Val Loss: 1.4234 Acc: 0.1923 F1: 0.0806

Classification Test Result (EthanolConcentration)
Accuracy : 0.296578
F1 (macro): 0.190791
Saved attention maps for 3 sample(s) under ./runs/classification_electricity_to_EthanolConcentration_laya_mixer_concat_text_stats_avg/attention_maps
Text metadata preview | dataset=FaceDetection | domain=UEA | channels=144
   - channel_1: In the UEA domain, this channel belongs to the FaceDetection dataset and represents the feature channel 1.
   - channel_2: In the UEA domain, this channel belongs to the FaceDetection dataset and represents the feature channel 2.
   - ... (142 more channel descriptions)
Stats metadata preview | dataset=FaceDetection | domain=UEA | channels=144
   - channel_1: Channel statistics over the training split: mean value is 0.001, standard deviation is 0.968, minimum value is -12.542, maximum value is 17.217, median value is -0.001, and mean absolute value is 0.736.
==================================================
🚀 Architecture: LAYA
📊 Target Dataset: FaceDetection (Channels: 144)
📊 Pretrain Info: electricity
📊 Classes: 2 | Sequence Length: 62
==================================================
✅ Loaded pretrained encoder from ./checkpoints/electricity_laya_mixer_concat_text_stats_avg/laya_ts_electricity_s_best.pt
   - 77/77 keys matched.
✅ Encoder is FROZEN (Linear Probing mode).
📝 metadata: mode=text_stats_avg, fusion=concat_kv, relation=none
ℹ️  Metadata Fusion Mode: concat_kv
ℹ️  Channel Mixer Relation Mode: none
ℹ️  Encoder Variant: default
ℹ️  Channel Adapter: disabled for Laya downstream (mixer)
ℹ️  Channel Relation Block: disabled
✅ ClassificationHead: [B, 128] → [B, 2]
Epoch   1/50 | Train Loss: 0.7027 Acc: 0.4907 F1: 0.4899 | Val Loss: 0.6945 Acc: 0.5246 F1: 0.3793
Validation Loss decreased (inf --> 0.694482). Saving best model...
Epoch   2/50 | Train Loss: 0.6984 Acc: 0.4994 F1: 0.4986 | Val Loss: 0.7015 Acc: 0.4873 F1: 0.4270
Epoch   3/50 | Train Loss: 0.6975 Acc: 0.5045 F1: 0.5011 | Val Loss: 0.6955 Acc: 0.4975 F1: 0.4678
Epoch   4/50 | Train Loss: 0.6980 Acc: 0.5062 F1: 0.5055 | Val Loss: 0.6974 Acc: 0.4788 F1: 0.4277
Epoch   5/50 | Train Loss: 0.6968 Acc: 0.5036 F1: 0.5036 | Val Loss: 0.7032 Acc: 0.5127 F1: 0.4448
Epoch   6/50 | Train Loss: 0.6987 Acc: 0.5051 F1: 0.5046 | Val Loss: 0.6966 Acc: 0.5246 F1: 0.4085
Epoch   7/50 | Train Loss: 0.7003 Acc: 0.5102 F1: 0.5087 | Val Loss: 0.7051 Acc: 0.4975 F1: 0.4463
Epoch   8/50 | Train Loss: 0.6973 Acc: 0.5117 F1: 0.5116 | Val Loss: 0.6998 Acc: 0.5178 F1: 0.3783
Epoch   9/50 | Train Loss: 0.6955 Acc: 0.5070 F1: 0.5052 | Val Loss: 0.7053 Acc: 0.5127 F1: 0.4433
Epoch  10/50 | Train Loss: 0.6940 Acc: 0.5130 F1: 0.5130 | Val Loss: 0.6970 Acc: 0.5212 F1: 0.3950
Epoch  11/50 | Train Loss: 0.6950 Acc: 0.5087 F1: 0.5033 | Val Loss: 0.6973 Acc: 0.5212 F1: 0.3775
Epoch  12/50 | Train Loss: 0.6940 Acc: 0.5110 F1: 0.5087 | Val Loss: 0.7014 Acc: 0.5093 F1: 0.4298
Epoch  13/50 | Train Loss: 0.6939 Acc: 0.5172 F1: 0.5171 | Val Loss: 0.6954 Acc: 0.5127 F1: 0.4448
Epoch  14/50 | Train Loss: 0.6948 Acc: 0.5138 F1: 0.5137 | Val Loss: 0.7005 Acc: 0.4737 F1: 0.4300
Epoch  15/50 | Train Loss: 0.6943 Acc: 0.5100 F1: 0.5088 | Val Loss: 0.6977 Acc: 0.4856 F1: 0.4185
Epoch  16/50 | Train Loss: 0.6938 Acc: 0.5196 F1: 0.5194 | Val Loss: 0.6960 Acc: 0.4686 F1: 0.4328
Epoch  17/50 | Train Loss: 0.6948 Acc: 0.5130 F1: 0.5126 | Val Loss: 0.7038 Acc: 0.4788 F1: 0.4338
Epoch  18/50 | Train Loss: 0.6964 Acc: 0.5094 F1: 0.5082 | Val Loss: 0.7009 Acc: 0.4907 F1: 0.4189
Epoch  19/50 | Train Loss: 0.6935 Acc: 0.5191 F1: 0.5185 | Val Loss: 0.7057 Acc: 0.4873 F1: 0.3997
Epoch  20/50 | Train Loss: 0.6927 Acc: 0.5179 F1: 0.5170 | Val Loss: 0.7136 Acc: 0.4907 F1: 0.3942
Epoch  21/50 | Train Loss: 0.6926 Acc: 0.5144 F1: 0.5143 | Val Loss: 0.6997 Acc: 0.5246 F1: 0.4150
Epoch  22/50 | Train Loss: 0.6936 Acc: 0.5106 F1: 0.5098 | Val Loss: 0.6995 Acc: 0.4907 F1: 0.4905
Epoch  23/50 | Train Loss: 0.6951 Acc: 0.5072 F1: 0.5068 | Val Loss: 0.7010 Acc: 0.4924 F1: 0.3851
Epoch  24/50 | Train Loss: 0.6925 Acc: 0.5091 F1: 0.5084 | Val Loss: 0.6956 Acc: 0.4941 F1: 0.4360
Epoch  25/50 | Train Loss: 0.6939 Acc: 0.5042 F1: 0.5038 | Val Loss: 0.6962 Acc: 0.5195 F1: 0.4555
Epoch  26/50 | Train Loss: 0.6918 Acc: 0.5236 F1: 0.5230 | Val Loss: 0.7159 Acc: 0.4788 F1: 0.4512
Epoch  27/50 | Train Loss: 0.6932 Acc: 0.5057 F1: 0.5032 | Val Loss: 0.7050 Acc: 0.4958 F1: 0.4157
Epoch  28/50 | Train Loss: 0.6926 Acc: 0.5204 F1: 0.5202 | Val Loss: 0.7003 Acc: 0.4805 F1: 0.4606
Epoch  29/50 | Train Loss: 0.6926 Acc: 0.5177 F1: 0.5163 | Val Loss: 0.6975 Acc: 0.5212 F1: 0.3827
Epoch  30/50 | Train Loss: 0.6934 Acc: 0.5096 F1: 0.5096 | Val Loss: 0.6971 Acc: 0.5127 F1: 0.4036
Epoch  31/50 | Train Loss: 0.6928 Acc: 0.5147 F1: 0.5147 | Val Loss: 0.7054 Acc: 0.5161 F1: 0.4236
Epoch  32/50 | Train Loss: 0.6917 Acc: 0.5166 F1: 0.5161 | Val Loss: 0.6987 Acc: 0.4703 F1: 0.4620
Epoch  33/50 | Train Loss: 0.6926 Acc: 0.5204 F1: 0.5204 | Val Loss: 0.7040 Acc: 0.4822 F1: 0.3964
Epoch  34/50 | Train Loss: 0.6916 Acc: 0.5174 F1: 0.5171 | Val Loss: 0.6995 Acc: 0.5127 F1: 0.4214
Epoch  35/50 | Train Loss: 0.6919 Acc: 0.5127 F1: 0.5126 | Val Loss: 0.6994 Acc: 0.4771 F1: 0.4171
Epoch  36/50 | Train Loss: 0.6908 Acc: 0.5157 F1: 0.5154 | Val Loss: 0.7052 Acc: 0.5076 F1: 0.4852
Epoch  37/50 | Train Loss: 0.6926 Acc: 0.5251 F1: 0.5251 | Val Loss: 0.7042 Acc: 0.4788 F1: 0.4197
Epoch  38/50 | Train Loss: 0.6930 Acc: 0.5183 F1: 0.5178 | Val Loss: 0.7014 Acc: 0.5025 F1: 0.4671
Epoch  39/50 | Train Loss: 0.6927 Acc: 0.5147 F1: 0.5147 | Val Loss: 0.6985 Acc: 0.5161 F1: 0.4559
Epoch  40/50 | Train Loss: 0.6922 Acc: 0.5093 F1: 0.5083 | Val Loss: 0.6993 Acc: 0.4686 F1: 0.4596
Epoch  41/50 | Train Loss: 0.6904 Acc: 0.5228 F1: 0.5212 | Val Loss: 0.7009 Acc: 0.4924 F1: 0.4638
Epoch  42/50 | Train Loss: 0.6917 Acc: 0.5206 F1: 0.5206 | Val Loss: 0.7050 Acc: 0.4788 F1: 0.4224
Epoch  43/50 | Train Loss: 0.6914 Acc: 0.5191 F1: 0.5178 | Val Loss: 0.7053 Acc: 0.4907 F1: 0.3754
Epoch  44/50 | Train Loss: 0.6930 Acc: 0.5136 F1: 0.5129 | Val Loss: 0.7004 Acc: 0.4890 F1: 0.4208
Epoch  45/50 | Train Loss: 0.6916 Acc: 0.5187 F1: 0.5186 | Val Loss: 0.6984 Acc: 0.4652 F1: 0.4428
Epoch  46/50 | Train Loss: 0.6911 Acc: 0.5249 F1: 0.5243 | Val Loss: 0.6992 Acc: 0.4771 F1: 0.4728
Epoch  47/50 | Train Loss: 0.6906 Acc: 0.5157 F1: 0.5156 | Val Loss: 0.7001 Acc: 0.4720 F1: 0.3951
Epoch  48/50 | Train Loss: 0.6915 Acc: 0.5183 F1: 0.5164 | Val Loss: 0.7026 Acc: 0.4992 F1: 0.4654
Epoch  49/50 | Train Loss: 0.6912 Acc: 0.5191 F1: 0.5183 | Val Loss: 0.6981 Acc: 0.4771 F1: 0.4714
Epoch  50/50 | Train Loss: 0.6908 Acc: 0.5172 F1: 0.5171 | Val Loss: 0.6993 Acc: 0.4669 F1: 0.4215

Classification Test Result (FaceDetection)
Accuracy : 0.496027
F1 (macro): 0.370828
Saved attention maps for 3 sample(s) under ./runs/classification_electricity_to_FaceDetection_laya_mixer_concat_text_stats_avg/attention_maps
Text metadata preview | dataset=Handwriting | domain=UEA | channels=3
   - channel_1: In the UEA domain, this channel belongs to the Handwriting dataset and represents the feature channel 1.
   - channel_2: In the UEA domain, this channel belongs to the Handwriting dataset and represents the feature channel 2.
   - ... (1 more channel descriptions)
Stats metadata preview | dataset=Handwriting | domain=UEA | channels=3
   - channel_1: Channel statistics over the training split: mean value is 0.000, standard deviation is 0.997, minimum value is -5.802, maximum value is 9.106, median value is 0.004, and mean absolute value is 0.538.
==================================================
🚀 Architecture: LAYA
📊 Target Dataset: Handwriting (Channels: 3)
📊 Pretrain Info: electricity
📊 Classes: 26 | Sequence Length: 152
==================================================
✅ Loaded pretrained encoder from ./checkpoints/electricity_laya_mixer_concat_text_stats_avg/laya_ts_electricity_s_best.pt
   - 77/77 keys matched.
✅ Encoder is FROZEN (Linear Probing mode).
📝 metadata: mode=text_stats_avg, fusion=concat_kv, relation=none
ℹ️  Metadata Fusion Mode: concat_kv
ℹ️  Channel Mixer Relation Mode: none
ℹ️  Encoder Variant: default
ℹ️  Channel Adapter: disabled for Laya downstream (mixer)
ℹ️  Channel Relation Block: disabled
✅ ClassificationHead: [B, 128] → [B, 26]
Epoch   1/50 | Train Loss: 3.2516 Acc: 0.0703 F1: 0.0051 | Val Loss: 3.4612 Acc: 0.0667 F1: 0.0104
Validation Loss decreased (inf --> 3.461219). Saving best model...
Epoch   2/50 | Train Loss: 3.0675 Acc: 0.0625 F1: 0.0060 | Val Loss: 3.4601 Acc: 0.0000 F1: 0.0000
Validation Loss decreased (3.461219 --> 3.460063). Saving best model...
Epoch   3/50 | Train Loss: 3.0482 Acc: 0.0781 F1: 0.0118 | Val Loss: 3.4638 Acc: 0.0667 F1: 0.0140
Epoch   4/50 | Train Loss: 3.0186 Acc: 0.0625 F1: 0.0108 | Val Loss: 3.4115 Acc: 0.0667 F1: 0.0104
Validation Loss decreased (3.460063 --> 3.411452). Saving best model...
Epoch   5/50 | Train Loss: 3.0082 Acc: 0.0703 F1: 0.0106 | Val Loss: 3.3790 Acc: 0.0667 F1: 0.0104
Validation Loss decreased (3.411452 --> 3.378959). Saving best model...
Epoch   6/50 | Train Loss: 3.0061 Acc: 0.0469 F1: 0.0117 | Val Loss: 3.3624 Acc: 0.0000 F1: 0.0000
Validation Loss decreased (3.378959 --> 3.362420). Saving best model...
Epoch   7/50 | Train Loss: 3.0079 Acc: 0.0703 F1: 0.0117 | Val Loss: 3.3513 Acc: 0.0667 F1: 0.0104
Validation Loss decreased (3.362420 --> 3.351279). Saving best model...
Epoch   8/50 | Train Loss: 3.0003 Acc: 0.0703 F1: 0.0052 | Val Loss: 3.3341 Acc: 0.0667 F1: 0.0104
Validation Loss decreased (3.351279 --> 3.334149). Saving best model...
Epoch   9/50 | Train Loss: 2.9964 Acc: 0.0781 F1: 0.0138 | Val Loss: 3.3265 Acc: 0.0667 F1: 0.0104
Validation Loss decreased (3.334149 --> 3.326459). Saving best model...
Epoch  10/50 | Train Loss: 2.9745 Acc: 0.0859 F1: 0.0197 | Val Loss: 3.3510 Acc: 0.0667 F1: 0.0154
Epoch  11/50 | Train Loss: 2.9933 Acc: 0.0703 F1: 0.0187 | Val Loss: 3.3524 Acc: 0.0000 F1: 0.0000
Epoch  12/50 | Train Loss: 2.9816 Acc: 0.0781 F1: 0.0093 | Val Loss: 3.3507 Acc: 0.0667 F1: 0.0110
Epoch  13/50 | Train Loss: 2.9925 Acc: 0.0859 F1: 0.0126 | Val Loss: 3.3640 Acc: 0.0000 F1: 0.0000
Epoch  14/50 | Train Loss: 2.9702 Acc: 0.0625 F1: 0.0186 | Val Loss: 3.3619 Acc: 0.0000 F1: 0.0000
Epoch  15/50 | Train Loss: 2.9754 Acc: 0.0625 F1: 0.0230 | Val Loss: 3.3301 Acc: 0.1333 F1: 0.0448
Epoch  16/50 | Train Loss: 2.9579 Acc: 0.0781 F1: 0.0215 | Val Loss: 3.3305 Acc: 0.1333 F1: 0.0405
Epoch  17/50 | Train Loss: 2.9677 Acc: 0.0859 F1: 0.0186 | Val Loss: 3.3327 Acc: 0.1333 F1: 0.0405
Epoch  18/50 | Train Loss: 2.9604 Acc: 0.0859 F1: 0.0187 | Val Loss: 3.3400 Acc: 0.0667 F1: 0.0104
Epoch  19/50 | Train Loss: 2.9537 Acc: 0.0781 F1: 0.0057 | Val Loss: 3.3363 Acc: 0.0667 F1: 0.0104
Epoch  20/50 | Train Loss: 2.9670 Acc: 0.0859 F1: 0.0153 | Val Loss: 3.3496 Acc: 0.0667 F1: 0.0104
Epoch  21/50 | Train Loss: 2.9681 Acc: 0.0781 F1: 0.0056 | Val Loss: 3.3496 Acc: 0.0667 F1: 0.0104
Epoch  22/50 | Train Loss: 2.9502 Acc: 0.0859 F1: 0.0110 | Val Loss: 3.3096 Acc: 0.0000 F1: 0.0000
Validation Loss decreased (3.326459 --> 3.309584). Saving best model...
Epoch  23/50 | Train Loss: 2.9607 Acc: 0.0938 F1: 0.0206 | Val Loss: 3.3124 Acc: 0.0000 F1: 0.0000
Epoch  24/50 | Train Loss: 2.9323 Acc: 0.1172 F1: 0.0360 | Val Loss: 3.3106 Acc: 0.0000 F1: 0.0000
Epoch  25/50 | Train Loss: 2.9548 Acc: 0.1250 F1: 0.0410 | Val Loss: 3.2929 Acc: 0.0000 F1: 0.0000
Validation Loss decreased (3.309584 --> 3.292876). Saving best model...
Epoch  26/50 | Train Loss: 2.9373 Acc: 0.0859 F1: 0.0327 | Val Loss: 3.3125 Acc: 0.0000 F1: 0.0000
Epoch  27/50 | Train Loss: 2.9538 Acc: 0.0938 F1: 0.0374 | Val Loss: 3.3135 Acc: 0.0000 F1: 0.0000
Epoch  28/50 | Train Loss: 2.9486 Acc: 0.0859 F1: 0.0214 | Val Loss: 3.3220 Acc: 0.0000 F1: 0.0000
Epoch  29/50 | Train Loss: 2.9434 Acc: 0.0547 F1: 0.0130 | Val Loss: 3.2803 Acc: 0.0667 F1: 0.0152
Validation Loss decreased (3.292876 --> 3.280310). Saving best model...
Epoch  30/50 | Train Loss: 2.9324 Acc: 0.0938 F1: 0.0304 | Val Loss: 3.2955 Acc: 0.0667 F1: 0.0103
Epoch  31/50 | Train Loss: 2.9326 Acc: 0.0938 F1: 0.0361 | Val Loss: 3.2843 Acc: 0.0000 F1: 0.0000
Epoch  32/50 | Train Loss: 2.9245 Acc: 0.1406 F1: 0.0566 | Val Loss: 3.3262 Acc: 0.0000 F1: 0.0000
Epoch  33/50 | Train Loss: 2.9166 Acc: 0.1094 F1: 0.0528 | Val Loss: 3.3300 Acc: 0.0000 F1: 0.0000
Epoch  34/50 | Train Loss: 2.9273 Acc: 0.1172 F1: 0.0531 | Val Loss: 3.3246 Acc: 0.0667 F1: 0.0171
Epoch  35/50 | Train Loss: 2.9380 Acc: 0.0781 F1: 0.0219 | Val Loss: 3.2801 Acc: 0.0000 F1: 0.0000
Validation Loss decreased (3.280310 --> 3.280126). Saving best model...
Epoch  36/50 | Train Loss: 2.9006 Acc: 0.1094 F1: 0.0483 | Val Loss: 3.2926 Acc: 0.0000 F1: 0.0000
Epoch  37/50 | Train Loss: 2.9043 Acc: 0.1172 F1: 0.0369 | Val Loss: 3.3170 Acc: 0.0667 F1: 0.0154
Epoch  38/50 | Train Loss: 2.9179 Acc: 0.0859 F1: 0.0373 | Val Loss: 3.3266 Acc: 0.0667 F1: 0.0140
Epoch  39/50 | Train Loss: 2.9135 Acc: 0.0938 F1: 0.0292 | Val Loss: 3.3247 Acc: 0.0667 F1: 0.0140
Epoch  40/50 | Train Loss: 2.8969 Acc: 0.1094 F1: 0.0505 | Val Loss: 3.3147 Acc: 0.0000 F1: 0.0000
Epoch  41/50 | Train Loss: 2.9049 Acc: 0.1172 F1: 0.0341 | Val Loss: 3.3150 Acc: 0.0667 F1: 0.0110
Epoch  42/50 | Train Loss: 2.8851 Acc: 0.1094 F1: 0.0273 | Val Loss: 3.3359 Acc: 0.0667 F1: 0.0119
Epoch  43/50 | Train Loss: 2.9060 Acc: 0.1016 F1: 0.0433 | Val Loss: 3.3250 Acc: 0.0000 F1: 0.0000
Epoch  44/50 | Train Loss: 2.8906 Acc: 0.1094 F1: 0.0440 | Val Loss: 3.3077 Acc: 0.0000 F1: 0.0000
Epoch  45/50 | Train Loss: 2.8937 Acc: 0.1094 F1: 0.0414 | Val Loss: 3.3148 Acc: 0.0000 F1: 0.0000
Epoch  46/50 | Train Loss: 2.9093 Acc: 0.0938 F1: 0.0281 | Val Loss: 3.3288 Acc: 0.0000 F1: 0.0000
Epoch  47/50 | Train Loss: 2.9018 Acc: 0.1094 F1: 0.0476 | Val Loss: 3.3203 Acc: 0.0000 F1: 0.0000
Epoch  48/50 | Train Loss: 2.8894 Acc: 0.1328 F1: 0.0550 | Val Loss: 3.2800 Acc: 0.0667 F1: 0.0154
Validation Loss decreased (3.280126 --> 3.280019). Saving best model...
Epoch  49/50 | Train Loss: 2.8931 Acc: 0.1250 F1: 0.0369 | Val Loss: 3.2638 Acc: 0.0667 F1: 0.0119
Validation Loss decreased (3.280019 --> 3.263806). Saving best model...
Epoch  50/50 | Train Loss: 2.8700 Acc: 0.1250 F1: 0.0514 | Val Loss: 3.2491 Acc: 0.0667 F1: 0.0102
Validation Loss decreased (3.263806 --> 3.249079). Saving best model...

Classification Test Result (Handwriting)
Accuracy : 0.038824
F1 (macro): 0.008312
Saved attention maps for 3 sample(s) under ./runs/classification_electricity_to_Handwriting_laya_mixer_concat_text_stats_avg/attention_maps
Text metadata preview | dataset=Heartbeat | domain=UEA | channels=61
   - channel_1: In the UEA domain, this channel belongs to the Heartbeat dataset and represents the feature channel 1.
   - channel_2: In the UEA domain, this channel belongs to the Heartbeat dataset and represents the feature channel 2.
   - ... (59 more channel descriptions)
Stats metadata preview | dataset=Heartbeat | domain=UEA | channels=61
   - channel_1: Channel statistics over the training split: mean value is 0.006, standard deviation is 0.019, minimum value is 0.000, maximum value is 0.889, median value is 0.003, and mean absolute value is 0.006.
==================================================
🚀 Architecture: LAYA
📊 Target Dataset: Heartbeat (Channels: 61)
📊 Pretrain Info: electricity
📊 Classes: 2 | Sequence Length: 405
==================================================
✅ Loaded pretrained encoder from ./checkpoints/electricity_laya_mixer_concat_text_stats_avg/laya_ts_electricity_s_best.pt
   - 77/77 keys matched.
✅ Encoder is FROZEN (Linear Probing mode).
📝 metadata: mode=text_stats_avg, fusion=concat_kv, relation=none
ℹ️  Metadata Fusion Mode: concat_kv
ℹ️  Channel Mixer Relation Mode: none
ℹ️  Encoder Variant: default
ℹ️  Channel Adapter: disabled for Laya downstream (mixer)
ℹ️  Channel Relation Block: disabled
✅ ClassificationHead: [B, 128] → [B, 2]
Epoch   1/50 | Train Loss: 0.5542 Acc: 0.7045 F1: 0.5935 | Val Loss: 0.4938 Acc: 0.7000 F1: 0.4118
Validation Loss decreased (inf --> 0.493778). Saving best model...
Epoch   2/50 | Train Loss: 0.5217 Acc: 0.7273 F1: 0.4903 | Val Loss: 0.4974 Acc: 0.7000 F1: 0.4118
Epoch   3/50 | Train Loss: 0.5292 Acc: 0.7216 F1: 0.4191 | Val Loss: 0.4869 Acc: 0.7000 F1: 0.4118
Validation Loss decreased (0.493778 --> 0.486874). Saving best model...
Epoch   4/50 | Train Loss: 0.5386 Acc: 0.6534 F1: 0.4502 | Val Loss: 0.4562 Acc: 0.6500 F1: 0.5611
Validation Loss decreased (0.486874 --> 0.456212). Saving best model...
Epoch   5/50 | Train Loss: 0.5342 Acc: 0.6989 F1: 0.5420 | Val Loss: 0.4726 Acc: 0.7000 F1: 0.4118
Epoch   6/50 | Train Loss: 0.5224 Acc: 0.7273 F1: 0.4211 | Val Loss: 0.4910 Acc: 0.7000 F1: 0.4118
Epoch   7/50 | Train Loss: 0.5188 Acc: 0.7216 F1: 0.4191 | Val Loss: 0.4598 Acc: 0.7000 F1: 0.4118
Epoch   8/50 | Train Loss: 0.5084 Acc: 0.7330 F1: 0.4429 | Val Loss: 0.4526 Acc: 0.7000 F1: 0.4118
Validation Loss decreased (0.456212 --> 0.452554). Saving best model...
Epoch   9/50 | Train Loss: 0.5245 Acc: 0.7045 F1: 0.5152 | Val Loss: 0.4443 Acc: 0.7000 F1: 0.4118
Validation Loss decreased (0.452554 --> 0.444322). Saving best model...
Epoch  10/50 | Train Loss: 0.5160 Acc: 0.7273 F1: 0.4585 | Val Loss: 0.4624 Acc: 0.7000 F1: 0.4118
Epoch  11/50 | Train Loss: 0.5105 Acc: 0.7330 F1: 0.4429 | Val Loss: 0.4600 Acc: 0.7000 F1: 0.4118
Epoch  12/50 | Train Loss: 0.5155 Acc: 0.7273 F1: 0.4405 | Val Loss: 0.4470 Acc: 0.7000 F1: 0.4118
Epoch  13/50 | Train Loss: 0.5091 Acc: 0.7330 F1: 0.4429 | Val Loss: 0.4515 Acc: 0.7000 F1: 0.4118
Epoch  14/50 | Train Loss: 0.5129 Acc: 0.7159 F1: 0.4359 | Val Loss: 0.4261 Acc: 0.7500 F1: 0.5671
Validation Loss decreased (0.444322 --> 0.426139). Saving best model...
Epoch  15/50 | Train Loss: 0.5086 Acc: 0.7386 F1: 0.5116 | Val Loss: 0.4350 Acc: 0.7000 F1: 0.4118
Epoch  16/50 | Train Loss: 0.5050 Acc: 0.7386 F1: 0.4810 | Val Loss: 0.4345 Acc: 0.7000 F1: 0.4118
Epoch  17/50 | Train Loss: 0.5030 Acc: 0.7330 F1: 0.4936 | Val Loss: 0.4248 Acc: 0.7500 F1: 0.5671
Validation Loss decreased (0.426139 --> 0.424816). Saving best model...
Epoch  18/50 | Train Loss: 0.4989 Acc: 0.7443 F1: 0.5152 | Val Loss: 0.4252 Acc: 0.7500 F1: 0.5671
Epoch  19/50 | Train Loss: 0.5123 Acc: 0.7216 F1: 0.4721 | Val Loss: 0.4351 Acc: 0.7000 F1: 0.4118
Epoch  20/50 | Train Loss: 0.5080 Acc: 0.7216 F1: 0.5011 | Val Loss: 0.4121 Acc: 0.8000 F1: 0.6875
Validation Loss decreased (0.424816 --> 0.412150). Saving best model...
Epoch  21/50 | Train Loss: 0.4951 Acc: 0.7330 F1: 0.5215 | Val Loss: 0.4188 Acc: 0.7500 F1: 0.5671
Epoch  22/50 | Train Loss: 0.5119 Acc: 0.7273 F1: 0.4903 | Val Loss: 0.4357 Acc: 0.7000 F1: 0.4118
Epoch  23/50 | Train Loss: 0.4935 Acc: 0.7443 F1: 0.5002 | Val Loss: 0.4277 Acc: 0.7000 F1: 0.4118
Epoch  24/50 | Train Loss: 0.5000 Acc: 0.7386 F1: 0.5116 | Val Loss: 0.4198 Acc: 0.7500 F1: 0.5671
Epoch  25/50 | Train Loss: 0.5045 Acc: 0.7443 F1: 0.5152 | Val Loss: 0.4217 Acc: 0.7500 F1: 0.5671
Epoch  26/50 | Train Loss: 0.5024 Acc: 0.7443 F1: 0.5152 | Val Loss: 0.4263 Acc: 0.7000 F1: 0.4118
Epoch  27/50 | Train Loss: 0.4855 Acc: 0.7443 F1: 0.5002 | Val Loss: 0.4224 Acc: 0.7500 F1: 0.5671
Epoch  28/50 | Train Loss: 0.4975 Acc: 0.7330 F1: 0.4936 | Val Loss: 0.4247 Acc: 0.7000 F1: 0.4118
Epoch  29/50 | Train Loss: 0.5121 Acc: 0.7216 F1: 0.5011 | Val Loss: 0.4063 Acc: 0.8000 F1: 0.6875
Validation Loss decreased (0.412150 --> 0.406252). Saving best model...
Epoch  30/50 | Train Loss: 0.5056 Acc: 0.7386 F1: 0.4969 | Val Loss: 0.4391 Acc: 0.7000 F1: 0.4118
Epoch  31/50 | Train Loss: 0.5141 Acc: 0.7216 F1: 0.4871 | Val Loss: 0.4191 Acc: 0.7500 F1: 0.5671
Epoch  32/50 | Train Loss: 0.4950 Acc: 0.7330 F1: 0.5457 | Val Loss: 0.4065 Acc: 0.8000 F1: 0.6875
Epoch  33/50 | Train Loss: 0.5113 Acc: 0.7386 F1: 0.5252 | Val Loss: 0.4251 Acc: 0.7000 F1: 0.4118
Epoch  34/50 | Train Loss: 0.4952 Acc: 0.7443 F1: 0.5152 | Val Loss: 0.4073 Acc: 0.7500 F1: 0.5671
Epoch  35/50 | Train Loss: 0.5026 Acc: 0.7273 F1: 0.5046 | Val Loss: 0.4193 Acc: 0.7500 F1: 0.5671
Epoch  36/50 | Train Loss: 0.4959 Acc: 0.7443 F1: 0.5002 | Val Loss: 0.4243 Acc: 0.7500 F1: 0.5671
Epoch  37/50 | Train Loss: 0.5143 Acc: 0.7045 F1: 0.5152 | Val Loss: 0.4025 Acc: 0.8000 F1: 0.6875
Validation Loss decreased (0.406252 --> 0.402516). Saving best model...
Epoch  38/50 | Train Loss: 0.4973 Acc: 0.7273 F1: 0.5178 | Val Loss: 0.4138 Acc: 0.7500 F1: 0.5671
Epoch  39/50 | Train Loss: 0.4997 Acc: 0.7330 F1: 0.5081 | Val Loss: 0.4220 Acc: 0.7500 F1: 0.5671
Epoch  40/50 | Train Loss: 0.4975 Acc: 0.7386 F1: 0.4969 | Val Loss: 0.4328 Acc: 0.7000 F1: 0.4118
Epoch  41/50 | Train Loss: 0.4910 Acc: 0.7500 F1: 0.5328 | Val Loss: 0.4147 Acc: 0.7500 F1: 0.5671
Epoch  42/50 | Train Loss: 0.4913 Acc: 0.7330 F1: 0.4936 | Val Loss: 0.4308 Acc: 0.7000 F1: 0.4118
Epoch  43/50 | Train Loss: 0.4936 Acc: 0.7330 F1: 0.5081 | Val Loss: 0.4106 Acc: 0.7500 F1: 0.5671
Epoch  44/50 | Train Loss: 0.4925 Acc: 0.7386 F1: 0.5116 | Val Loss: 0.4072 Acc: 0.7500 F1: 0.5671
Epoch  45/50 | Train Loss: 0.4991 Acc: 0.7273 F1: 0.5178 | Val Loss: 0.4131 Acc: 0.7500 F1: 0.5671
Epoch  46/50 | Train Loss: 0.4854 Acc: 0.7273 F1: 0.4903 | Val Loss: 0.4160 Acc: 0.7500 F1: 0.5671
Epoch  47/50 | Train Loss: 0.4921 Acc: 0.7386 F1: 0.5116 | Val Loss: 0.4185 Acc: 0.7500 F1: 0.5671
Epoch  48/50 | Train Loss: 0.4986 Acc: 0.7443 F1: 0.5002 | Val Loss: 0.4281 Acc: 0.7000 F1: 0.4118
Epoch  49/50 | Train Loss: 0.5002 Acc: 0.7330 F1: 0.4936 | Val Loss: 0.4099 Acc: 0.7500 F1: 0.5671
Epoch  50/50 | Train Loss: 0.4992 Acc: 0.7216 F1: 0.5377 | Val Loss: 0.4082 Acc: 0.8000 F1: 0.6875

Classification Test Result (Heartbeat)
Accuracy : 0.721951
F1 (macro): 0.544285
Saved attention maps for 3 sample(s) under ./runs/classification_electricity_to_Heartbeat_laya_mixer_concat_text_stats_avg/attention_maps
Text metadata preview | dataset=JapaneseVowels | domain=UEA | channels=12
   - channel_1: In the UEA domain, this channel belongs to the JapaneseVowels dataset and represents the feature channel 1.
   - channel_2: In the UEA domain, this channel belongs to the JapaneseVowels dataset and represents the feature channel 2.
   - ... (10 more channel descriptions)
Stats metadata preview | dataset=JapaneseVowels | domain=UEA | channels=12
   - channel_1: Channel statistics over the training split: mean value is 0.532, standard deviation is 0.572, minimum value is -0.784, maximum value is 2.203, median value is 0.371, and mean absolute value is 0.539.
==================================================
🚀 Architecture: LAYA
📊 Target Dataset: JapaneseVowels (Channels: 12)
📊 Pretrain Info: electricity
📊 Classes: 9 | Sequence Length: 26
==================================================
✅ Loaded pretrained encoder from ./checkpoints/electricity_laya_mixer_concat_text_stats_avg/laya_ts_electricity_s_best.pt
   - 77/77 keys matched.
✅ Encoder is FROZEN (Linear Probing mode).
📝 metadata: mode=text_stats_avg, fusion=concat_kv, relation=none
ℹ️  Metadata Fusion Mode: concat_kv
ℹ️  Channel Mixer Relation Mode: none
ℹ️  Encoder Variant: default
ℹ️  Channel Adapter: disabled for Laya downstream (mixer)
ℹ️  Channel Relation Block: disabled
✅ ClassificationHead: [B, 128] → [B, 9]
Epoch   1/50 | Train Loss: 2.1948 Acc: 0.1417 F1: 0.0913 | Val Loss: 2.2511 Acc: 0.1852 F1: 0.1206
Validation Loss decreased (inf --> 2.251061). Saving best model...
Epoch   2/50 | Train Loss: 2.0240 Acc: 0.2125 F1: 0.1378 | Val Loss: 2.1741 Acc: 0.1481 F1: 0.0706
Validation Loss decreased (2.251061 --> 2.174096). Saving best model...
Epoch   3/50 | Train Loss: 2.0067 Acc: 0.2375 F1: 0.1386 | Val Loss: 2.1548 Acc: 0.1852 F1: 0.1503
Validation Loss decreased (2.174096 --> 2.154814). Saving best model...
Epoch   4/50 | Train Loss: 1.9794 Acc: 0.2208 F1: 0.1179 | Val Loss: 2.1550 Acc: 0.1852 F1: 0.1256
Epoch   5/50 | Train Loss: 1.9640 Acc: 0.2375 F1: 0.1799 | Val Loss: 2.1726 Acc: 0.1481 F1: 0.1062
Epoch   6/50 | Train Loss: 1.9449 Acc: 0.2625 F1: 0.1971 | Val Loss: 2.1293 Acc: 0.1852 F1: 0.1280
Validation Loss decreased (2.154814 --> 2.129254). Saving best model...
Epoch   7/50 | Train Loss: 1.9319 Acc: 0.2833 F1: 0.2044 | Val Loss: 2.1392 Acc: 0.1852 F1: 0.1256
Epoch   8/50 | Train Loss: 1.9140 Acc: 0.2917 F1: 0.2196 | Val Loss: 2.1218 Acc: 0.1852 F1: 0.1280
Validation Loss decreased (2.129254 --> 2.121844). Saving best model...
Epoch   9/50 | Train Loss: 1.9026 Acc: 0.3167 F1: 0.2583 | Val Loss: 2.0954 Acc: 0.1852 F1: 0.1370
Validation Loss decreased (2.121844 --> 2.095401). Saving best model...
Epoch  10/50 | Train Loss: 1.8929 Acc: 0.3417 F1: 0.2940 | Val Loss: 2.0925 Acc: 0.2222 F1: 0.1767
Validation Loss decreased (2.095401 --> 2.092468). Saving best model...
Epoch  11/50 | Train Loss: 1.8884 Acc: 0.3083 F1: 0.2553 | Val Loss: 2.0604 Acc: 0.2222 F1: 0.1841
Validation Loss decreased (2.092468 --> 2.060446). Saving best model...
Epoch  12/50 | Train Loss: 1.8724 Acc: 0.2958 F1: 0.2593 | Val Loss: 2.0859 Acc: 0.2222 F1: 0.2092
Epoch  13/50 | Train Loss: 1.8481 Acc: 0.3375 F1: 0.2973 | Val Loss: 2.0666 Acc: 0.2593 F1: 0.2481
Epoch  14/50 | Train Loss: 1.8397 Acc: 0.3292 F1: 0.2677 | Val Loss: 2.0576 Acc: 0.2593 F1: 0.2286
Validation Loss decreased (2.060446 --> 2.057561). Saving best model...
Epoch  15/50 | Train Loss: 1.8313 Acc: 0.3292 F1: 0.2884 | Val Loss: 2.0924 Acc: 0.2593 F1: 0.2494
Epoch  16/50 | Train Loss: 1.8297 Acc: 0.3375 F1: 0.3043 | Val Loss: 2.0383 Acc: 0.2593 F1: 0.2413
Validation Loss decreased (2.057561 --> 2.038284). Saving best model...
Epoch  17/50 | Train Loss: 1.8078 Acc: 0.3750 F1: 0.3235 | Val Loss: 2.0432 Acc: 0.2593 F1: 0.2416
Epoch  18/50 | Train Loss: 1.7944 Acc: 0.3750 F1: 0.3328 | Val Loss: 2.0414 Acc: 0.2593 F1: 0.2370
Epoch  19/50 | Train Loss: 1.7970 Acc: 0.3625 F1: 0.3221 | Val Loss: 2.0280 Acc: 0.2593 F1: 0.2679
Validation Loss decreased (2.038284 --> 2.028035). Saving best model...
Epoch  20/50 | Train Loss: 1.7887 Acc: 0.3833 F1: 0.3335 | Val Loss: 2.0389 Acc: 0.2963 F1: 0.2648
Epoch  21/50 | Train Loss: 1.7730 Acc: 0.3667 F1: 0.3241 | Val Loss: 2.0275 Acc: 0.2593 F1: 0.2416
Validation Loss decreased (2.028035 --> 2.027496). Saving best model...
Epoch  22/50 | Train Loss: 1.7615 Acc: 0.4042 F1: 0.3616 | Val Loss: 2.0442 Acc: 0.2593 F1: 0.2370
Epoch  23/50 | Train Loss: 1.7630 Acc: 0.3750 F1: 0.3245 | Val Loss: 1.9856 Acc: 0.2593 F1: 0.2278
Validation Loss decreased (2.027496 --> 1.985553). Saving best model...
Epoch  24/50 | Train Loss: 1.7421 Acc: 0.3708 F1: 0.3326 | Val Loss: 2.0280 Acc: 0.2593 F1: 0.2444
Epoch  25/50 | Train Loss: 1.7398 Acc: 0.3750 F1: 0.3443 | Val Loss: 1.9955 Acc: 0.2963 F1: 0.2648
Epoch  26/50 | Train Loss: 1.7393 Acc: 0.4083 F1: 0.3639 | Val Loss: 2.0036 Acc: 0.2963 F1: 0.2768
Epoch  27/50 | Train Loss: 1.7124 Acc: 0.3625 F1: 0.3246 | Val Loss: 1.9872 Acc: 0.2963 F1: 0.2648
Epoch  28/50 | Train Loss: 1.7270 Acc: 0.3792 F1: 0.3493 | Val Loss: 1.9834 Acc: 0.2593 F1: 0.2483
Validation Loss decreased (1.985553 --> 1.983401). Saving best model...
Epoch  29/50 | Train Loss: 1.7037 Acc: 0.3917 F1: 0.3663 | Val Loss: 1.9915 Acc: 0.2963 F1: 0.2722
Epoch  30/50 | Train Loss: 1.7004 Acc: 0.4125 F1: 0.3805 | Val Loss: 1.9839 Acc: 0.3333 F1: 0.3167
Epoch  31/50 | Train Loss: 1.6969 Acc: 0.4333 F1: 0.3891 | Val Loss: 1.9968 Acc: 0.2593 F1: 0.2370
Epoch  32/50 | Train Loss: 1.6896 Acc: 0.4375 F1: 0.4102 | Val Loss: 1.9657 Acc: 0.2963 F1: 0.2796
Validation Loss decreased (1.983401 --> 1.965742). Saving best model...
Epoch  33/50 | Train Loss: 1.6831 Acc: 0.4083 F1: 0.3790 | Val Loss: 1.9528 Acc: 0.3333 F1: 0.3114
Validation Loss decreased (1.965742 --> 1.952837). Saving best model...
Epoch  34/50 | Train Loss: 1.6734 Acc: 0.4292 F1: 0.3854 | Val Loss: 1.9875 Acc: 0.2963 F1: 0.2669
Epoch  35/50 | Train Loss: 1.6620 Acc: 0.4208 F1: 0.3826 | Val Loss: 1.9769 Acc: 0.3333 F1: 0.3114
Epoch  36/50 | Train Loss: 1.6581 Acc: 0.4250 F1: 0.3940 | Val Loss: 1.9694 Acc: 0.3333 F1: 0.3188
Epoch  37/50 | Train Loss: 1.6557 Acc: 0.4542 F1: 0.4338 | Val Loss: 1.9235 Acc: 0.3333 F1: 0.3200
Validation Loss decreased (1.952837 --> 1.923481). Saving best model...
Epoch  38/50 | Train Loss: 1.6457 Acc: 0.4667 F1: 0.4253 | Val Loss: 1.9743 Acc: 0.3333 F1: 0.3138
Epoch  39/50 | Train Loss: 1.6418 Acc: 0.4333 F1: 0.4036 | Val Loss: 1.9493 Acc: 0.2963 F1: 0.2743
Epoch  40/50 | Train Loss: 1.6376 Acc: 0.4375 F1: 0.4209 | Val Loss: 1.9464 Acc: 0.3333 F1: 0.3212
Epoch  41/50 | Train Loss: 1.6324 Acc: 0.4625 F1: 0.4234 | Val Loss: 1.9327 Acc: 0.3704 F1: 0.3645
Epoch  42/50 | Train Loss: 1.6310 Acc: 0.4625 F1: 0.4292 | Val Loss: 1.9473 Acc: 0.3704 F1: 0.3484
Epoch  43/50 | Train Loss: 1.6155 Acc: 0.4250 F1: 0.3985 | Val Loss: 1.9572 Acc: 0.3333 F1: 0.3188
Epoch  44/50 | Train Loss: 1.6139 Acc: 0.4625 F1: 0.4312 | Val Loss: 1.9496 Acc: 0.3333 F1: 0.3188
Epoch  45/50 | Train Loss: 1.6082 Acc: 0.4833 F1: 0.4467 | Val Loss: 1.9369 Acc: 0.3704 F1: 0.3722
Epoch  46/50 | Train Loss: 1.6041 Acc: 0.4708 F1: 0.4409 | Val Loss: 1.9365 Acc: 0.3704 F1: 0.3620
Epoch  47/50 | Train Loss: 1.6101 Acc: 0.4625 F1: 0.4223 | Val Loss: 1.9360 Acc: 0.3704 F1: 0.3645
Epoch  48/50 | Train Loss: 1.5895 Acc: 0.4500 F1: 0.4231 | Val Loss: 1.9302 Acc: 0.3333 F1: 0.3167
Epoch  49/50 | Train Loss: 1.5873 Acc: 0.4500 F1: 0.4226 | Val Loss: 1.9093 Acc: 0.4074 F1: 0.3860
Validation Loss decreased (1.923481 --> 1.909277). Saving best model...
Epoch  50/50 | Train Loss: 1.5693 Acc: 0.5000 F1: 0.4668 | Val Loss: 1.9486 Acc: 0.3333 F1: 0.3595

Classification Test Result (JapaneseVowels)
Accuracy : 0.264865
F1 (macro): 0.241529
Saved attention maps for 3 sample(s) under ./runs/classification_electricity_to_JapaneseVowels_laya_mixer_concat_text_stats_avg/attention_maps
Text metadata preview | dataset=PEMS-SF | domain=UEA | channels=963
   - channel_1: In the UEA domain, this channel belongs to the PEMS-SF dataset and represents the feature channel 1.
   - channel_2: In the UEA domain, this channel belongs to the PEMS-SF dataset and represents the feature channel 2.
   - ... (961 more channel descriptions)
Stats metadata preview | dataset=PEMS-SF | domain=UEA | channels=963
   - channel_1: Channel statistics over the training split: mean value is 0.049, standard deviation is 0.031, minimum value is 0.003, maximum value is 0.444, median value is 0.053, and mean absolute value is 0.049.
==================================================
🚀 Architecture: LAYA
📊 Target Dataset: PEMS-SF (Channels: 963)
📊 Pretrain Info: electricity
📊 Classes: 7 | Sequence Length: 144
==================================================
✅ Loaded pretrained encoder from ./checkpoints/electricity_laya_mixer_concat_text_stats_avg/laya_ts_electricity_s_best.pt
   - 77/77 keys matched.
✅ Encoder is FROZEN (Linear Probing mode).
📝 metadata: mode=text_stats_avg, fusion=concat_kv, relation=none
ℹ️  Metadata Fusion Mode: concat_kv
ℹ️  Channel Mixer Relation Mode: none
ℹ️  Encoder Variant: default
ℹ️  Channel Adapter: disabled for Laya downstream (mixer)
ℹ️  Channel Relation Block: disabled
✅ ClassificationHead: [B, 128] → [B, 7]
Epoch   1/50 | Train Loss: 2.0104 Acc: 0.1458 F1: 0.0818 | Val Loss: 1.9929 Acc: 0.0385 F1: 0.0106
Validation Loss decreased (inf --> 1.992941). Saving best model...
Epoch   2/50 | Train Loss: 1.9366 Acc: 0.1458 F1: 0.0597 | Val Loss: 1.9282 Acc: 0.1923 F1: 0.0680
Validation Loss decreased (1.992941 --> 1.928199). Saving best model...
Epoch   3/50 | Train Loss: 1.9156 Acc: 0.1958 F1: 0.0891 | Val Loss: 1.9597 Acc: 0.1538 F1: 0.1111
Epoch   4/50 | Train Loss: 1.8989 Acc: 0.1833 F1: 0.0989 | Val Loss: 1.9415 Acc: 0.1154 F1: 0.0931
Epoch   5/50 | Train Loss: 1.8887 Acc: 0.2208 F1: 0.1311 | Val Loss: 1.8932 Acc: 0.1538 F1: 0.0930
Validation Loss decreased (1.928199 --> 1.893171). Saving best model...
Epoch   6/50 | Train Loss: 1.8840 Acc: 0.2333 F1: 0.1268 | Val Loss: 1.8999 Acc: 0.1538 F1: 0.0827
Epoch   7/50 | Train Loss: 1.8632 Acc: 0.2583 F1: 0.1388 | Val Loss: 1.8987 Acc: 0.1538 F1: 0.1077
Epoch   8/50 | Train Loss: 1.8642 Acc: 0.2458 F1: 0.1203 | Val Loss: 1.9004 Acc: 0.1538 F1: 0.1082
Epoch   9/50 | Train Loss: 1.8583 Acc: 0.2500 F1: 0.1186 | Val Loss: 1.8860 Acc: 0.1538 F1: 0.1077
Validation Loss decreased (1.893171 --> 1.885976). Saving best model...
Epoch  10/50 | Train Loss: 1.8532 Acc: 0.1833 F1: 0.1263 | Val Loss: 1.8518 Acc: 0.3846 F1: 0.1786
Validation Loss decreased (1.885976 --> 1.851834). Saving best model...
Epoch  11/50 | Train Loss: 1.8419 Acc: 0.2375 F1: 0.1457 | Val Loss: 1.8565 Acc: 0.1538 F1: 0.1077
Epoch  12/50 | Train Loss: 1.8378 Acc: 0.2458 F1: 0.1215 | Val Loss: 1.8808 Acc: 0.1538 F1: 0.0915
Epoch  13/50 | Train Loss: 1.8354 Acc: 0.2625 F1: 0.1595 | Val Loss: 1.8800 Acc: 0.1538 F1: 0.1077
Epoch  14/50 | Train Loss: 1.8350 Acc: 0.2458 F1: 0.1645 | Val Loss: 1.8510 Acc: 0.1538 F1: 0.1077
Validation Loss decreased (1.851834 --> 1.851010). Saving best model...
Epoch  15/50 | Train Loss: 1.8285 Acc: 0.2417 F1: 0.1655 | Val Loss: 1.9029 Acc: 0.1538 F1: 0.1008
Epoch  16/50 | Train Loss: 1.8249 Acc: 0.2792 F1: 0.1693 | Val Loss: 1.8375 Acc: 0.1538 F1: 0.0987
Validation Loss decreased (1.851010 --> 1.837491). Saving best model...
Epoch  17/50 | Train Loss: 1.8204 Acc: 0.2250 F1: 0.1189 | Val Loss: 1.8531 Acc: 0.1538 F1: 0.0987
Epoch  18/50 | Train Loss: 1.8158 Acc: 0.2500 F1: 0.1539 | Val Loss: 1.8254 Acc: 0.1538 F1: 0.0999
Validation Loss decreased (1.837491 --> 1.825391). Saving best model...
Epoch  19/50 | Train Loss: 1.8088 Acc: 0.2583 F1: 0.1304 | Val Loss: 1.8588 Acc: 0.1538 F1: 0.1077
Epoch  20/50 | Train Loss: 1.8087 Acc: 0.2292 F1: 0.1485 | Val Loss: 1.8856 Acc: 0.1154 F1: 0.0857
Epoch  21/50 | Train Loss: 1.8117 Acc: 0.2667 F1: 0.1543 | Val Loss: 1.8307 Acc: 0.1538 F1: 0.1077
Epoch  22/50 | Train Loss: 1.8099 Acc: 0.2458 F1: 0.1705 | Val Loss: 1.8053 Acc: 0.1923 F1: 0.1214
Validation Loss decreased (1.825391 --> 1.805330). Saving best model...
Epoch  23/50 | Train Loss: 1.7917 Acc: 0.2750 F1: 0.1617 | Val Loss: 1.8744 Acc: 0.1538 F1: 0.1077
Epoch  24/50 | Train Loss: 1.7919 Acc: 0.2333 F1: 0.1510 | Val Loss: 1.8482 Acc: 0.1538 F1: 0.0993
Epoch  25/50 | Train Loss: 1.7877 Acc: 0.2625 F1: 0.1565 | Val Loss: 1.8236 Acc: 0.1538 F1: 0.0922
Epoch  26/50 | Train Loss: 1.7922 Acc: 0.2708 F1: 0.1689 | Val Loss: 1.8282 Acc: 0.1538 F1: 0.0915
Epoch  27/50 | Train Loss: 1.7794 Acc: 0.2833 F1: 0.1621 | Val Loss: 1.8349 Acc: 0.1538 F1: 0.0987
Epoch  28/50 | Train Loss: 1.7777 Acc: 0.2625 F1: 0.1345 | Val Loss: 1.8269 Acc: 0.1538 F1: 0.0993
Epoch  29/50 | Train Loss: 1.7755 Acc: 0.2833 F1: 0.1888 | Val Loss: 1.8367 Acc: 0.1538 F1: 0.0993
Epoch  30/50 | Train Loss: 1.7736 Acc: 0.2917 F1: 0.1892 | Val Loss: 1.8150 Acc: 0.1538 F1: 0.0922
Epoch  31/50 | Train Loss: 1.7767 Acc: 0.2833 F1: 0.1392 | Val Loss: 1.8342 Acc: 0.1538 F1: 0.0987
Epoch  32/50 | Train Loss: 1.7711 Acc: 0.2417 F1: 0.1584 | Val Loss: 1.8227 Acc: 0.1538 F1: 0.1143
Epoch  33/50 | Train Loss: 1.7677 Acc: 0.2333 F1: 0.1666 | Val Loss: 1.8438 Acc: 0.1538 F1: 0.1036
Epoch  34/50 | Train Loss: 1.7675 Acc: 0.2583 F1: 0.1648 | Val Loss: 1.8206 Acc: 0.1538 F1: 0.0922
Epoch  35/50 | Train Loss: 1.7626 Acc: 0.2833 F1: 0.1373 | Val Loss: 1.8322 Acc: 0.1538 F1: 0.1000
Epoch  36/50 | Train Loss: 1.7634 Acc: 0.2875 F1: 0.1452 | Val Loss: 1.8224 Acc: 0.1538 F1: 0.1000
Epoch  37/50 | Train Loss: 1.7594 Acc: 0.2542 F1: 0.1629 | Val Loss: 1.8483 Acc: 0.1538 F1: 0.0993
Epoch  38/50 | Train Loss: 1.7481 Acc: 0.2833 F1: 0.1396 | Val Loss: 1.8153 Acc: 0.1538 F1: 0.1000
Epoch  39/50 | Train Loss: 1.7580 Acc: 0.2625 F1: 0.1749 | Val Loss: 1.8166 Acc: 0.1538 F1: 0.1095
Epoch  40/50 | Train Loss: 1.7534 Acc: 0.2750 F1: 0.1785 | Val Loss: 1.8531 Acc: 0.1538 F1: 0.1061
Epoch  41/50 | Train Loss: 1.7454 Acc: 0.2875 F1: 0.1555 | Val Loss: 1.8144 Acc: 0.1538 F1: 0.0915
Epoch  42/50 | Train Loss: 1.7604 Acc: 0.2875 F1: 0.1590 | Val Loss: 1.7999 Acc: 0.1538 F1: 0.1095
Validation Loss decreased (1.805330 --> 1.799920). Saving best model...
Epoch  43/50 | Train Loss: 1.7483 Acc: 0.2708 F1: 0.1953 | Val Loss: 1.8024 Acc: 0.1538 F1: 0.1016
Epoch  44/50 | Train Loss: 1.7483 Acc: 0.2542 F1: 0.1643 | Val Loss: 1.8602 Acc: 0.1538 F1: 0.0993
Epoch  45/50 | Train Loss: 1.7489 Acc: 0.2625 F1: 0.1961 | Val Loss: 1.7957 Acc: 0.1923 F1: 0.1214
Validation Loss decreased (1.799920 --> 1.795719). Saving best model...
Epoch  46/50 | Train Loss: 1.7401 Acc: 0.2833 F1: 0.2245 | Val Loss: 1.8150 Acc: 0.1154 F1: 0.0857
Epoch  47/50 | Train Loss: 1.7412 Acc: 0.2917 F1: 0.1519 | Val Loss: 1.8632 Acc: 0.1538 F1: 0.0987
Epoch  48/50 | Train Loss: 1.7426 Acc: 0.2167 F1: 0.1703 | Val Loss: 1.7955 Acc: 0.1923 F1: 0.1238
Validation Loss decreased (1.795719 --> 1.795549). Saving best model...
Epoch  49/50 | Train Loss: 1.7376 Acc: 0.2667 F1: 0.2059 | Val Loss: 1.8432 Acc: 0.1538 F1: 0.0993
Epoch  50/50 | Train Loss: 1.7283 Acc: 0.2875 F1: 0.1395 | Val Loss: 1.8251 Acc: 0.1538 F1: 0.1008

Classification Test Result (PEMS-SF)
Accuracy : 0.213873
F1 (macro): 0.167456
Saved attention maps for 3 sample(s) under ./runs/classification_electricity_to_PEMS-SF_laya_mixer_concat_text_stats_avg/attention_maps
Text metadata preview | dataset=SelfRegulationSCP1 | domain=UEA | channels=6
   - channel_1: In the UEA domain, this channel belongs to the SelfRegulationSCP1 dataset and represents the feature channel 1.
   - channel_2: In the UEA domain, this channel belongs to the SelfRegulationSCP1 dataset and represents the feature channel 2.
   - ... (4 more channel descriptions)
Stats metadata preview | dataset=SelfRegulationSCP1 | domain=UEA | channels=6
   - channel_1: Channel statistics over the training split: mean value is 26.773, standard deviation is 23.157, minimum value is -55.470, maximum value is 125.840, median value is 24.880, and mean absolute value is 28.804.
==================================================
🚀 Architecture: LAYA
📊 Target Dataset: SelfRegulationSCP1 (Channels: 6)
📊 Pretrain Info: electricity
📊 Classes: 2 | Sequence Length: 896
==================================================
✅ Loaded pretrained encoder from ./checkpoints/electricity_laya_mixer_concat_text_stats_avg/laya_ts_electricity_s_best.pt
   - 77/77 keys matched.
✅ Encoder is FROZEN (Linear Probing mode).
📝 metadata: mode=text_stats_avg, fusion=concat_kv, relation=none
ℹ️  Metadata Fusion Mode: concat_kv
ℹ️  Channel Mixer Relation Mode: none
ℹ️  Encoder Variant: default
ℹ️  Channel Adapter: disabled for Laya downstream (mixer)
ℹ️  Channel Relation Block: disabled
✅ ClassificationHead: [B, 128] → [B, 2]
Epoch   1/50 | Train Loss: 0.7045 Acc: 0.5333 F1: 0.5333 | Val Loss: 0.7080 Acc: 0.5385 F1: 0.3500
Validation Loss decreased (inf --> 0.708012). Saving best model...
Epoch   2/50 | Train Loss: 0.6863 Acc: 0.5000 F1: 0.4991 | Val Loss: 0.6797 Acc: 0.5385 F1: 0.4902
Validation Loss decreased (0.708012 --> 0.679731). Saving best model...
Epoch   3/50 | Train Loss: 0.6662 Acc: 0.5458 F1: 0.5293 | Val Loss: 0.6691 Acc: 0.5000 F1: 0.3910
Validation Loss decreased (0.679731 --> 0.669062). Saving best model...
Epoch   4/50 | Train Loss: 0.6573 Acc: 0.5625 F1: 0.5560 | Val Loss: 0.6588 Acc: 0.5769 F1: 0.5439
Validation Loss decreased (0.669062 --> 0.658776). Saving best model...
Epoch   5/50 | Train Loss: 0.6501 Acc: 0.6833 F1: 0.6819 | Val Loss: 0.6455 Acc: 0.6154 F1: 0.5486
Validation Loss decreased (0.658776 --> 0.645452). Saving best model...
Epoch   6/50 | Train Loss: 0.6470 Acc: 0.6125 F1: 0.5680 | Val Loss: 0.6420 Acc: 0.8077 F1: 0.8003
Validation Loss decreased (0.645452 --> 0.641983). Saving best model...
Epoch   7/50 | Train Loss: 0.6435 Acc: 0.6208 F1: 0.6105 | Val Loss: 0.6410 Acc: 0.5769 F1: 0.5439
Validation Loss decreased (0.641983 --> 0.641046). Saving best model...
Epoch   8/50 | Train Loss: 0.6396 Acc: 0.6458 F1: 0.6262 | Val Loss: 0.6273 Acc: 0.6538 F1: 0.6067
Validation Loss decreased (0.641046 --> 0.627302). Saving best model...
Epoch   9/50 | Train Loss: 0.6336 Acc: 0.7000 F1: 0.6979 | Val Loss: 0.6267 Acc: 0.8462 F1: 0.8462
Validation Loss decreased (0.627302 --> 0.626725). Saving best model...
Epoch  10/50 | Train Loss: 0.6336 Acc: 0.6833 F1: 0.6760 | Val Loss: 0.6226 Acc: 0.8077 F1: 0.8074
Validation Loss decreased (0.626725 --> 0.622584). Saving best model...
Epoch  11/50 | Train Loss: 0.6283 Acc: 0.6750 F1: 0.6748 | Val Loss: 0.6180 Acc: 0.8462 F1: 0.8462
Validation Loss decreased (0.622584 --> 0.617961). Saving best model...
Epoch  12/50 | Train Loss: 0.6271 Acc: 0.6792 F1: 0.6675 | Val Loss: 0.6139 Acc: 0.8846 F1: 0.8844
Validation Loss decreased (0.617961 --> 0.613857). Saving best model...
Epoch  13/50 | Train Loss: 0.6260 Acc: 0.6833 F1: 0.6664 | Val Loss: 0.6025 Acc: 0.8462 F1: 0.8462
Validation Loss decreased (0.613857 --> 0.602543). Saving best model...
Epoch  14/50 | Train Loss: 0.6242 Acc: 0.6750 F1: 0.6742 | Val Loss: 0.6038 Acc: 0.8462 F1: 0.8462
Epoch  15/50 | Train Loss: 0.6237 Acc: 0.6792 F1: 0.6730 | Val Loss: 0.6021 Acc: 0.8462 F1: 0.8462
Validation Loss decreased (0.602543 --> 0.602120). Saving best model...
Epoch  16/50 | Train Loss: 0.6258 Acc: 0.6667 F1: 0.6665 | Val Loss: 0.5910 Acc: 0.8077 F1: 0.8074
Validation Loss decreased (0.602120 --> 0.590963). Saving best model...
Epoch  17/50 | Train Loss: 0.6225 Acc: 0.6792 F1: 0.6751 | Val Loss: 0.5942 Acc: 0.8462 F1: 0.8462
Epoch  18/50 | Train Loss: 0.6180 Acc: 0.6833 F1: 0.6783 | Val Loss: 0.5930 Acc: 0.8462 F1: 0.8452
Epoch  19/50 | Train Loss: 0.6168 Acc: 0.6833 F1: 0.6776 | Val Loss: 0.5936 Acc: 0.8077 F1: 0.8074
Epoch  20/50 | Train Loss: 0.6198 Acc: 0.6750 F1: 0.6750 | Val Loss: 0.5847 Acc: 0.8462 F1: 0.8462
Validation Loss decreased (0.590963 --> 0.584716). Saving best model...
Epoch  21/50 | Train Loss: 0.6158 Acc: 0.6958 F1: 0.6876 | Val Loss: 0.5846 Acc: 0.8462 F1: 0.8462
Validation Loss decreased (0.584716 --> 0.584620). Saving best model...
Epoch  22/50 | Train Loss: 0.6187 Acc: 0.6333 F1: 0.6317 | Val Loss: 0.5849 Acc: 0.8077 F1: 0.8074
Epoch  23/50 | Train Loss: 0.6188 Acc: 0.6542 F1: 0.6350 | Val Loss: 0.5812 Acc: 0.8462 F1: 0.8452
Validation Loss decreased (0.584620 --> 0.581193). Saving best model...
Epoch  24/50 | Train Loss: 0.6155 Acc: 0.6875 F1: 0.6875 | Val Loss: 0.5873 Acc: 0.6538 F1: 0.6406
Epoch  25/50 | Train Loss: 0.6233 Acc: 0.6750 F1: 0.6683 | Val Loss: 0.5746 Acc: 0.8462 F1: 0.8462
Validation Loss decreased (0.581193 --> 0.574628). Saving best model...
Epoch  26/50 | Train Loss: 0.6167 Acc: 0.6583 F1: 0.6583 | Val Loss: 0.5835 Acc: 0.6923 F1: 0.6848
Epoch  27/50 | Train Loss: 0.6154 Acc: 0.6792 F1: 0.6737 | Val Loss: 0.5757 Acc: 0.8077 F1: 0.8003
Epoch  28/50 | Train Loss: 0.6135 Acc: 0.6875 F1: 0.6863 | Val Loss: 0.5788 Acc: 0.8077 F1: 0.8074
Epoch  29/50 | Train Loss: 0.6134 Acc: 0.6875 F1: 0.6866 | Val Loss: 0.5785 Acc: 0.8077 F1: 0.8074
Epoch  30/50 | Train Loss: 0.6169 Acc: 0.6875 F1: 0.6859 | Val Loss: 0.5642 Acc: 0.8462 F1: 0.8452
Validation Loss decreased (0.574628 --> 0.564163). Saving best model...
Epoch  31/50 | Train Loss: 0.6131 Acc: 0.6833 F1: 0.6743 | Val Loss: 0.5784 Acc: 0.7308 F1: 0.7271
Epoch  32/50 | Train Loss: 0.6172 Acc: 0.6333 F1: 0.6267 | Val Loss: 0.5713 Acc: 0.8077 F1: 0.8074
Epoch  33/50 | Train Loss: 0.6196 Acc: 0.6792 F1: 0.6664 | Val Loss: 0.5693 Acc: 0.8462 F1: 0.8462
Epoch  34/50 | Train Loss: 0.6188 Acc: 0.6250 F1: 0.6182 | Val Loss: 0.5779 Acc: 0.7308 F1: 0.7271
Epoch  35/50 | Train Loss: 0.6196 Acc: 0.6708 F1: 0.6577 | Val Loss: 0.5630 Acc: 0.8462 F1: 0.8462
Validation Loss decreased (0.564163 --> 0.563012). Saving best model...
Epoch  36/50 | Train Loss: 0.6221 Acc: 0.6167 F1: 0.6114 | Val Loss: 0.5645 Acc: 0.8462 F1: 0.8462
Epoch  37/50 | Train Loss: 0.6108 Acc: 0.6958 F1: 0.6913 | Val Loss: 0.5645 Acc: 0.8462 F1: 0.8462
Epoch  38/50 | Train Loss: 0.6104 Acc: 0.6875 F1: 0.6846 | Val Loss: 0.5662 Acc: 0.8462 F1: 0.8462
Epoch  39/50 | Train Loss: 0.6119 Acc: 0.6917 F1: 0.6886 | Val Loss: 0.5690 Acc: 0.8077 F1: 0.8074
Epoch  40/50 | Train Loss: 0.6093 Acc: 0.6875 F1: 0.6871 | Val Loss: 0.5693 Acc: 0.8077 F1: 0.8074
Epoch  41/50 | Train Loss: 0.6126 Acc: 0.6875 F1: 0.6872 | Val Loss: 0.5682 Acc: 0.8077 F1: 0.8074
Epoch  42/50 | Train Loss: 0.6089 Acc: 0.6917 F1: 0.6899 | Val Loss: 0.5581 Acc: 0.8462 F1: 0.8462
Validation Loss decreased (0.563012 --> 0.558139). Saving best model...
Epoch  43/50 | Train Loss: 0.6126 Acc: 0.6708 F1: 0.6707 | Val Loss: 0.5645 Acc: 0.8077 F1: 0.8074
Epoch  44/50 | Train Loss: 0.6125 Acc: 0.6917 F1: 0.6886 | Val Loss: 0.5635 Acc: 0.8077 F1: 0.8074
Epoch  45/50 | Train Loss: 0.6107 Acc: 0.6833 F1: 0.6830 | Val Loss: 0.5590 Acc: 0.8462 F1: 0.8452
Epoch  46/50 | Train Loss: 0.6103 Acc: 0.6917 F1: 0.6846 | Val Loss: 0.5672 Acc: 0.8077 F1: 0.8074
Epoch  47/50 | Train Loss: 0.6104 Acc: 0.6708 F1: 0.6708 | Val Loss: 0.5558 Acc: 0.8462 F1: 0.8462
Validation Loss decreased (0.558139 --> 0.555789). Saving best model...
Epoch  48/50 | Train Loss: 0.6104 Acc: 0.6833 F1: 0.6776 | Val Loss: 0.5573 Acc: 0.8462 F1: 0.8462
Epoch  49/50 | Train Loss: 0.6112 Acc: 0.6625 F1: 0.6624 | Val Loss: 0.5570 Acc: 0.8462 F1: 0.8462
Epoch  50/50 | Train Loss: 0.6114 Acc: 0.6875 F1: 0.6790 | Val Loss: 0.5542 Acc: 0.8462 F1: 0.8462
Validation Loss decreased (0.555789 --> 0.554234). Saving best model...

Classification Test Result (SelfRegulationSCP1)
Accuracy : 0.723549
F1 (macro): 0.705783
Saved attention maps for 3 sample(s) under ./runs/classification_electricity_to_SelfRegulationSCP1_laya_mixer_concat_text_stats_avg/attention_maps
Text metadata preview | dataset=SelfRegulationSCP2 | domain=UEA | channels=7
   - channel_1: In the UEA domain, this channel belongs to the SelfRegulationSCP2 dataset and represents the feature channel 1.
   - channel_2: In the UEA domain, this channel belongs to the SelfRegulationSCP2 dataset and represents the feature channel 2.
   - ... (5 more channel descriptions)
Stats metadata preview | dataset=SelfRegulationSCP2 | domain=UEA | channels=7
   - channel_1: Channel statistics over the training split: mean value is 16.727, standard deviation is 13.436, minimum value is -45.720, maximum value is 91.690, median value is 16.810, and mean absolute value is 18.238.
==================================================
🚀 Architecture: LAYA
📊 Target Dataset: SelfRegulationSCP2 (Channels: 7)
📊 Pretrain Info: electricity
📊 Classes: 2 | Sequence Length: 1152
==================================================
✅ Loaded pretrained encoder from ./checkpoints/electricity_laya_mixer_concat_text_stats_avg/laya_ts_electricity_s_best.pt
   - 77/77 keys matched.
✅ Encoder is FROZEN (Linear Probing mode).
📝 metadata: mode=text_stats_avg, fusion=concat_kv, relation=none
ℹ️  Metadata Fusion Mode: concat_kv
ℹ️  Channel Mixer Relation Mode: none
ℹ️  Encoder Variant: default
ℹ️  Channel Adapter: disabled for Laya downstream (mixer)
ℹ️  Channel Relation Block: disabled
✅ ClassificationHead: [B, 128] → [B, 2]
Epoch   1/50 | Train Loss: 0.6872 Acc: 0.4205 F1: 0.4205 | Val Loss: 0.6907 Acc: 0.5000 F1: 0.5000
Validation Loss decreased (inf --> 0.690652). Saving best model...
Epoch   2/50 | Train Loss: 0.6801 Acc: 0.4830 F1: 0.3682 | Val Loss: 0.6928 Acc: 0.5000 F1: 0.4949
Epoch   3/50 | Train Loss: 0.6881 Acc: 0.5057 F1: 0.3887 | Val Loss: 0.7061 Acc: 0.4000 F1: 0.2857
Epoch   4/50 | Train Loss: 0.6799 Acc: 0.5057 F1: 0.4877 | Val Loss: 0.6931 Acc: 0.5500 F1: 0.3548
Epoch   5/50 | Train Loss: 0.6793 Acc: 0.5284 F1: 0.5284 | Val Loss: 0.7015 Acc: 0.4000 F1: 0.2857
Epoch   6/50 | Train Loss: 0.6803 Acc: 0.4943 F1: 0.4303 | Val Loss: 0.7108 Acc: 0.4000 F1: 0.2857
Epoch   7/50 | Train Loss: 0.6788 Acc: 0.4659 F1: 0.4104 | Val Loss: 0.6958 Acc: 0.6000 F1: 0.5960
Epoch   8/50 | Train Loss: 0.6781 Acc: 0.4886 F1: 0.4819 | Val Loss: 0.7004 Acc: 0.4000 F1: 0.2857
Epoch   9/50 | Train Loss: 0.6797 Acc: 0.5284 F1: 0.3664 | Val Loss: 0.7211 Acc: 0.4000 F1: 0.2857
Epoch  10/50 | Train Loss: 0.6778 Acc: 0.5455 F1: 0.5089 | Val Loss: 0.6957 Acc: 0.6000 F1: 0.5960
Epoch  11/50 | Train Loss: 0.6786 Acc: 0.5227 F1: 0.4500 | Val Loss: 0.7049 Acc: 0.4000 F1: 0.2857
Epoch  12/50 | Train Loss: 0.6771 Acc: 0.5000 F1: 0.4561 | Val Loss: 0.6940 Acc: 0.6000 F1: 0.5238
Epoch  13/50 | Train Loss: 0.6794 Acc: 0.5114 F1: 0.4256 | Val Loss: 0.6934 Acc: 0.6000 F1: 0.4667
Epoch  14/50 | Train Loss: 0.6769 Acc: 0.5284 F1: 0.4922 | Val Loss: 0.7029 Acc: 0.4000 F1: 0.2857
Epoch  15/50 | Train Loss: 0.6778 Acc: 0.5170 F1: 0.3511 | Val Loss: 0.7100 Acc: 0.4000 F1: 0.2857
Epoch  16/50 | Train Loss: 0.6821 Acc: 0.4886 F1: 0.4870 | Val Loss: 0.7007 Acc: 0.3500 F1: 0.2593
Epoch  17/50 | Train Loss: 0.6881 Acc: 0.5114 F1: 0.3672 | Val Loss: 0.7157 Acc: 0.4000 F1: 0.2857
Epoch  18/50 | Train Loss: 0.6831 Acc: 0.4773 F1: 0.4488 | Val Loss: 0.6861 Acc: 0.5500 F1: 0.3548
Validation Loss decreased (0.690652 --> 0.686122). Saving best model...
Epoch  19/50 | Train Loss: 0.6790 Acc: 0.5227 F1: 0.5225 | Val Loss: 0.7187 Acc: 0.4000 F1: 0.2857
Epoch  20/50 | Train Loss: 0.6786 Acc: 0.5114 F1: 0.3919 | Val Loss: 0.6955 Acc: 0.6000 F1: 0.4667
Epoch  21/50 | Train Loss: 0.6775 Acc: 0.4659 F1: 0.4589 | Val Loss: 0.7030 Acc: 0.4000 F1: 0.2857
Epoch  22/50 | Train Loss: 0.6743 Acc: 0.5455 F1: 0.5152 | Val Loss: 0.6920 Acc: 0.5500 F1: 0.3548
Epoch  23/50 | Train Loss: 0.6776 Acc: 0.5057 F1: 0.4382 | Val Loss: 0.7001 Acc: 0.3500 F1: 0.3067
Epoch  24/50 | Train Loss: 0.6751 Acc: 0.5170 F1: 0.4027 | Val Loss: 0.7162 Acc: 0.4000 F1: 0.2857
Epoch  25/50 | Train Loss: 0.6800 Acc: 0.5000 F1: 0.4782 | Val Loss: 0.6890 Acc: 0.5500 F1: 0.3548
Epoch  26/50 | Train Loss: 0.6818 Acc: 0.4886 F1: 0.4886 | Val Loss: 0.7152 Acc: 0.4000 F1: 0.2857
Epoch  27/50 | Train Loss: 0.6776 Acc: 0.5057 F1: 0.5030 | Val Loss: 0.6912 Acc: 0.5500 F1: 0.3548
Epoch  28/50 | Train Loss: 0.6765 Acc: 0.5568 F1: 0.5498 | Val Loss: 0.7004 Acc: 0.4000 F1: 0.2857
Epoch  29/50 | Train Loss: 0.6782 Acc: 0.4602 F1: 0.4107 | Val Loss: 0.6953 Acc: 0.6500 F1: 0.6491
Epoch  30/50 | Train Loss: 0.6779 Acc: 0.5341 F1: 0.4273 | Val Loss: 0.7114 Acc: 0.4000 F1: 0.2857
Epoch  31/50 | Train Loss: 0.6754 Acc: 0.5057 F1: 0.3458 | Val Loss: 0.6996 Acc: 0.4000 F1: 0.3407
Epoch  32/50 | Train Loss: 0.6752 Acc: 0.4886 F1: 0.4475 | Val Loss: 0.6911 Acc: 0.5500 F1: 0.3548
Epoch  33/50 | Train Loss: 0.6806 Acc: 0.4602 F1: 0.4472 | Val Loss: 0.7131 Acc: 0.4000 F1: 0.2857
Epoch  34/50 | Train Loss: 0.6771 Acc: 0.5170 F1: 0.3511 | Val Loss: 0.7142 Acc: 0.4000 F1: 0.2857
Epoch  35/50 | Train Loss: 0.6802 Acc: 0.5000 F1: 0.4888 | Val Loss: 0.6854 Acc: 0.5500 F1: 0.3548
Validation Loss decreased (0.686122 --> 0.685424). Saving best model...
Epoch  36/50 | Train Loss: 0.6764 Acc: 0.4886 F1: 0.4789 | Val Loss: 0.7163 Acc: 0.4000 F1: 0.2857
Epoch  37/50 | Train Loss: 0.6769 Acc: 0.4943 F1: 0.4821 | Val Loss: 0.6976 Acc: 0.5500 F1: 0.5489
Epoch  38/50 | Train Loss: 0.6726 Acc: 0.5455 F1: 0.4811 | Val Loss: 0.7090 Acc: 0.4000 F1: 0.2857
Epoch  39/50 | Train Loss: 0.6757 Acc: 0.5284 F1: 0.4814 | Val Loss: 0.6935 Acc: 0.5500 F1: 0.5396
Epoch  40/50 | Train Loss: 0.6743 Acc: 0.5398 F1: 0.5394 | Val Loss: 0.7077 Acc: 0.4000 F1: 0.2857
Epoch  41/50 | Train Loss: 0.6802 Acc: 0.4602 F1: 0.4563 | Val Loss: 0.6968 Acc: 0.6000 F1: 0.5604
Epoch  42/50 | Train Loss: 0.6762 Acc: 0.5114 F1: 0.4369 | Val Loss: 0.7125 Acc: 0.4000 F1: 0.2857
Epoch  43/50 | Train Loss: 0.6759 Acc: 0.5170 F1: 0.3609 | Val Loss: 0.7081 Acc: 0.4000 F1: 0.2857
Epoch  44/50 | Train Loss: 0.6790 Acc: 0.5114 F1: 0.5005 | Val Loss: 0.6932 Acc: 0.6000 F1: 0.6000
Epoch  45/50 | Train Loss: 0.6770 Acc: 0.5511 F1: 0.5167 | Val Loss: 0.7093 Acc: 0.4000 F1: 0.2857
Epoch  46/50 | Train Loss: 0.6927 Acc: 0.4261 F1: 0.3860 | Val Loss: 0.6878 Acc: 0.5500 F1: 0.3548
Epoch  47/50 | Train Loss: 0.6893 Acc: 0.4773 F1: 0.4085 | Val Loss: 0.7138 Acc: 0.4000 F1: 0.2857
Epoch  48/50 | Train Loss: 0.6783 Acc: 0.5284 F1: 0.5216 | Val Loss: 0.6950 Acc: 0.6500 F1: 0.6491
Epoch  49/50 | Train Loss: 0.6749 Acc: 0.5284 F1: 0.4485 | Val Loss: 0.7050 Acc: 0.4000 F1: 0.2857
Epoch  50/50 | Train Loss: 0.6762 Acc: 0.5114 F1: 0.5104 | Val Loss: 0.6874 Acc: 0.5500 F1: 0.3548

Classification Test Result (SelfRegulationSCP2)
Accuracy : 0.505556
F1 (macro): 0.394809
Saved attention maps for 3 sample(s) under ./runs/classification_electricity_to_SelfRegulationSCP2_laya_mixer_concat_text_stats_avg/attention_maps
Text metadata preview | dataset=SpokenArabicDigits | domain=UEA | channels=13
   - channel_1: In the UEA domain, this channel belongs to the SpokenArabicDigits dataset and represents the feature channel 1.
   - channel_2: In the UEA domain, this channel belongs to the SpokenArabicDigits dataset and represents the feature channel 2.
   - ... (11 more channel descriptions)
Stats metadata preview | dataset=SpokenArabicDigits | domain=UEA | channels=13
   - channel_1: Channel statistics over the training split: mean value is 0.846, standard deviation is 2.054, minimum value is -10.435, maximum value is 9.060, median value is 0.000, and mean absolute value is 1.245.
==================================================
🚀 Architecture: LAYA
📊 Target Dataset: SpokenArabicDigits (Channels: 13)
📊 Pretrain Info: electricity
📊 Classes: 10 | Sequence Length: 93
==================================================
✅ Loaded pretrained encoder from ./checkpoints/electricity_laya_mixer_concat_text_stats_avg/laya_ts_electricity_s_best.pt
   - 77/77 keys matched.
✅ Encoder is FROZEN (Linear Probing mode).
📝 metadata: mode=text_stats_avg, fusion=concat_kv, relation=none
ℹ️  Metadata Fusion Mode: concat_kv
ℹ️  Channel Mixer Relation Mode: none
ℹ️  Encoder Variant: default
ℹ️  Channel Adapter: disabled for Laya downstream (mixer)
ℹ️  Channel Relation Block: disabled
✅ ClassificationHead: [B, 128] → [B, 10]
Epoch   1/50 | Train Loss: 2.2821 Acc: 0.1302 F1: 0.1276 | Val Loss: 2.2658 Acc: 0.1472 F1: 0.0767
Validation Loss decreased (inf --> 2.265836). Saving best model...
Epoch   2/50 | Train Loss: 2.2346 Acc: 0.1713 F1: 0.1575 | Val Loss: 2.2161 Acc: 0.2200 F1: 0.1581
Validation Loss decreased (2.265836 --> 2.216099). Saving best model...
Epoch   3/50 | Train Loss: 2.2017 Acc: 0.1862 F1: 0.1750 | Val Loss: 2.2050 Acc: 0.1745 F1: 0.1275
Validation Loss decreased (2.216099 --> 2.205013). Saving best model...
Epoch   4/50 | Train Loss: 2.1753 Acc: 0.1990 F1: 0.1898 | Val Loss: 2.2108 Acc: 0.1669 F1: 0.1282
Epoch   5/50 | Train Loss: 2.1543 Acc: 0.2107 F1: 0.2042 | Val Loss: 2.1431 Acc: 0.2413 F1: 0.2152
Validation Loss decreased (2.205013 --> 2.143070). Saving best model...
Epoch   6/50 | Train Loss: 2.1359 Acc: 0.2259 F1: 0.2172 | Val Loss: 2.1516 Acc: 0.2064 F1: 0.1560
Epoch   7/50 | Train Loss: 2.1208 Acc: 0.2311 F1: 0.2198 | Val Loss: 2.1309 Acc: 0.2428 F1: 0.2120
Validation Loss decreased (2.143070 --> 2.130882). Saving best model...
Epoch   8/50 | Train Loss: 2.1052 Acc: 0.2364 F1: 0.2222 | Val Loss: 2.1232 Acc: 0.2140 F1: 0.1599
Validation Loss decreased (2.130882 --> 2.123165). Saving best model...
Epoch   9/50 | Train Loss: 2.0980 Acc: 0.2428 F1: 0.2351 | Val Loss: 2.1041 Acc: 0.2580 F1: 0.2316
Validation Loss decreased (2.123165 --> 2.104064). Saving best model...
Epoch  10/50 | Train Loss: 2.0846 Acc: 0.2513 F1: 0.2387 | Val Loss: 2.1032 Acc: 0.2413 F1: 0.2030
Validation Loss decreased (2.104064 --> 2.103154). Saving best model...
Epoch  11/50 | Train Loss: 2.0767 Acc: 0.2583 F1: 0.2479 | Val Loss: 2.0924 Acc: 0.2398 F1: 0.2179
Validation Loss decreased (2.103154 --> 2.092368). Saving best model...
Epoch  12/50 | Train Loss: 2.0696 Acc: 0.2623 F1: 0.2525 | Val Loss: 2.0816 Acc: 0.2625 F1: 0.2434
Validation Loss decreased (2.092368 --> 2.081624). Saving best model...
Epoch  13/50 | Train Loss: 2.0641 Acc: 0.2623 F1: 0.2523 | Val Loss: 2.1005 Acc: 0.2337 F1: 0.2054
Epoch  14/50 | Train Loss: 2.0558 Acc: 0.2672 F1: 0.2548 | Val Loss: 2.0916 Acc: 0.2367 F1: 0.2192
Epoch  15/50 | Train Loss: 2.0517 Acc: 0.2685 F1: 0.2565 | Val Loss: 2.0745 Acc: 0.2610 F1: 0.2427
Validation Loss decreased (2.081624 --> 2.074487). Saving best model...
Epoch  16/50 | Train Loss: 2.0461 Acc: 0.2707 F1: 0.2599 | Val Loss: 2.0653 Acc: 0.2762 F1: 0.2472
Validation Loss decreased (2.074487 --> 2.065341). Saving best model...
Epoch  17/50 | Train Loss: 2.0427 Acc: 0.2687 F1: 0.2574 | Val Loss: 2.0563 Acc: 0.2944 F1: 0.2994
Validation Loss decreased (2.065341 --> 2.056313). Saving best model...
Epoch  18/50 | Train Loss: 2.0365 Acc: 0.2738 F1: 0.2628 | Val Loss: 2.0565 Acc: 0.2686 F1: 0.2402
Epoch  19/50 | Train Loss: 2.0346 Acc: 0.2734 F1: 0.2647 | Val Loss: 2.0694 Acc: 0.2382 F1: 0.2056
Epoch  20/50 | Train Loss: 2.0289 Acc: 0.2763 F1: 0.2677 | Val Loss: 2.0492 Acc: 0.2914 F1: 0.2706
Validation Loss decreased (2.056313 --> 2.049184). Saving best model...
Epoch  21/50 | Train Loss: 2.0260 Acc: 0.2859 F1: 0.2749 | Val Loss: 2.0511 Acc: 0.2959 F1: 0.2675
Epoch  22/50 | Train Loss: 2.0230 Acc: 0.2822 F1: 0.2710 | Val Loss: 2.0460 Acc: 0.2944 F1: 0.2664
Validation Loss decreased (2.049184 --> 2.046012). Saving best model...
Epoch  23/50 | Train Loss: 2.0191 Acc: 0.2884 F1: 0.2795 | Val Loss: 2.0612 Acc: 0.2883 F1: 0.2618
Epoch  24/50 | Train Loss: 2.0165 Acc: 0.2844 F1: 0.2758 | Val Loss: 2.0429 Acc: 0.2792 F1: 0.2581
Validation Loss decreased (2.046012 --> 2.042923). Saving best model...
Epoch  25/50 | Train Loss: 2.0125 Acc: 0.2823 F1: 0.2702 | Val Loss: 2.0512 Acc: 0.2625 F1: 0.2454
Epoch  26/50 | Train Loss: 2.0101 Acc: 0.2818 F1: 0.2720 | Val Loss: 2.0521 Acc: 0.2640 F1: 0.2361
Epoch  27/50 | Train Loss: 2.0053 Acc: 0.2978 F1: 0.2896 | Val Loss: 2.0437 Acc: 0.2989 F1: 0.2730
Epoch  28/50 | Train Loss: 2.0026 Acc: 0.2899 F1: 0.2785 | Val Loss: 2.0389 Acc: 0.2914 F1: 0.2610
Validation Loss decreased (2.042923 --> 2.038896). Saving best model...
Epoch  29/50 | Train Loss: 2.0012 Acc: 0.2973 F1: 0.2869 | Val Loss: 2.0398 Acc: 0.2853 F1: 0.2675
Epoch  30/50 | Train Loss: 1.9963 Acc: 0.2955 F1: 0.2855 | Val Loss: 2.0475 Acc: 0.2792 F1: 0.2676
Epoch  31/50 | Train Loss: 1.9970 Acc: 0.2931 F1: 0.2828 | Val Loss: 2.0313 Acc: 0.3096 F1: 0.2950
Validation Loss decreased (2.038896 --> 2.031273). Saving best model...
Epoch  32/50 | Train Loss: 1.9941 Acc: 0.2941 F1: 0.2844 | Val Loss: 2.0260 Acc: 0.2914 F1: 0.2801
Validation Loss decreased (2.031273 --> 2.026040). Saving best model...
Epoch  33/50 | Train Loss: 1.9917 Acc: 0.2951 F1: 0.2846 | Val Loss: 2.0382 Acc: 0.2701 F1: 0.2530
Epoch  34/50 | Train Loss: 1.9918 Acc: 0.2962 F1: 0.2882 | Val Loss: 2.0190 Acc: 0.3171 F1: 0.3046
Validation Loss decreased (2.026040 --> 2.019026). Saving best model...
Epoch  35/50 | Train Loss: 1.9893 Acc: 0.3061 F1: 0.2953 | Val Loss: 2.0216 Acc: 0.2914 F1: 0.2680
Epoch  36/50 | Train Loss: 1.9864 Acc: 0.2967 F1: 0.2860 | Val Loss: 2.0284 Acc: 0.2944 F1: 0.2815
Epoch  37/50 | Train Loss: 1.9831 Acc: 0.2968 F1: 0.2874 | Val Loss: 2.0189 Acc: 0.2914 F1: 0.2814
Validation Loss decreased (2.019026 --> 2.018891). Saving best model...
Epoch  38/50 | Train Loss: 1.9825 Acc: 0.3066 F1: 0.2964 | Val Loss: 2.0347 Acc: 0.2929 F1: 0.2690
Epoch  39/50 | Train Loss: 1.9774 Acc: 0.3091 F1: 0.2983 | Val Loss: 2.0164 Acc: 0.3080 F1: 0.2844
Validation Loss decreased (2.018891 --> 2.016405). Saving best model...
Epoch  40/50 | Train Loss: 1.9769 Acc: 0.3007 F1: 0.2904 | Val Loss: 2.0106 Acc: 0.3141 F1: 0.3021
Validation Loss decreased (2.016405 --> 2.010590). Saving best model...
Epoch  41/50 | Train Loss: 1.9769 Acc: 0.3058 F1: 0.2966 | Val Loss: 2.0255 Acc: 0.2974 F1: 0.2621
Epoch  42/50 | Train Loss: 1.9744 Acc: 0.3069 F1: 0.2937 | Val Loss: 2.0333 Acc: 0.3080 F1: 0.2974
Epoch  43/50 | Train Loss: 1.9742 Acc: 0.3149 F1: 0.3053 | Val Loss: 2.0185 Acc: 0.2898 F1: 0.2782
Epoch  44/50 | Train Loss: 1.9716 Acc: 0.3083 F1: 0.2994 | Val Loss: 2.0180 Acc: 0.2944 F1: 0.2742
Epoch  45/50 | Train Loss: 1.9695 Acc: 0.3056 F1: 0.2955 | Val Loss: 2.0161 Acc: 0.3202 F1: 0.3061
Epoch  46/50 | Train Loss: 1.9690 Acc: 0.3123 F1: 0.3039 | Val Loss: 2.0294 Acc: 0.2914 F1: 0.2677
Epoch  47/50 | Train Loss: 1.9680 Acc: 0.3122 F1: 0.3035 | Val Loss: 2.0072 Acc: 0.2914 F1: 0.2748
Validation Loss decreased (2.010590 --> 2.007163). Saving best model...
Epoch  48/50 | Train Loss: 1.9660 Acc: 0.3120 F1: 0.3021 | Val Loss: 2.0138 Acc: 0.2807 F1: 0.2692
Epoch  49/50 | Train Loss: 1.9632 Acc: 0.3135 F1: 0.3041 | Val Loss: 2.0177 Acc: 0.2929 F1: 0.2679
Epoch  50/50 | Train Loss: 1.9636 Acc: 0.3125 F1: 0.3032 | Val Loss: 2.0096 Acc: 0.2868 F1: 0.2641

Classification Test Result (SpokenArabicDigits)
Accuracy : 0.236471
F1 (macro): 0.196588
Saved attention maps for 3 sample(s) under ./runs/classification_electricity_to_SpokenArabicDigits_laya_mixer_concat_text_stats_avg/attention_maps
Text metadata preview | dataset=UWaveGestureLibrary | domain=UEA | channels=3
   - channel_1: In the UEA domain, this channel belongs to the UWaveGestureLibrary dataset and represents the feature channel 1.
   - channel_2: In the UEA domain, this channel belongs to the UWaveGestureLibrary dataset and represents the feature channel 2.
   - ... (1 more channel descriptions)
Stats metadata preview | dataset=UWaveGestureLibrary | domain=UEA | channels=3
   - channel_1: Channel statistics over the training split: mean value is -0.000, standard deviation is 0.998, minimum value is -3.287, maximum value is 3.153, median value is 0.006, and mean absolute value is 0.833.
==================================================
🚀 Architecture: LAYA
📊 Target Dataset: UWaveGestureLibrary (Channels: 3)
📊 Pretrain Info: electricity
📊 Classes: 8 | Sequence Length: 315
==================================================
✅ Loaded pretrained encoder from ./checkpoints/electricity_laya_mixer_concat_text_stats_avg/laya_ts_electricity_s_best.pt
   - 77/77 keys matched.
✅ Encoder is FROZEN (Linear Probing mode).
📝 metadata: mode=text_stats_avg, fusion=concat_kv, relation=none
ℹ️  Metadata Fusion Mode: concat_kv
ℹ️  Channel Mixer Relation Mode: none
ℹ️  Encoder Variant: default
ℹ️  Channel Adapter: disabled for Laya downstream (mixer)
ℹ️  Channel Relation Block: disabled
✅ ClassificationHead: [B, 128] → [B, 8]
Epoch   1/50 | Train Loss: 1.8638 Acc: 0.1875 F1: 0.1221 | Val Loss: 2.1989 Acc: 0.0833 F1: 0.0286
Validation Loss decreased (inf --> 2.198928). Saving best model...
Epoch   2/50 | Train Loss: 1.7584 Acc: 0.2396 F1: 0.1306 | Val Loss: 2.2063 Acc: 0.0833 F1: 0.0476
Epoch   3/50 | Train Loss: 1.7102 Acc: 0.2188 F1: 0.0917 | Val Loss: 2.2420 Acc: 0.0833 F1: 0.0317
Epoch   4/50 | Train Loss: 1.6978 Acc: 0.2292 F1: 0.0932 | Val Loss: 2.2498 Acc: 0.0833 F1: 0.0286
Epoch   5/50 | Train Loss: 1.7078 Acc: 0.1979 F1: 0.1003 | Val Loss: 2.2708 Acc: 0.0833 F1: 0.0286
Epoch   6/50 | Train Loss: 1.6797 Acc: 0.2083 F1: 0.1344 | Val Loss: 2.2766 Acc: 0.2500 F1: 0.1224
Epoch   7/50 | Train Loss: 1.6959 Acc: 0.2292 F1: 0.1415 | Val Loss: 2.2677 Acc: 0.1667 F1: 0.0833
Epoch   8/50 | Train Loss: 1.6769 Acc: 0.2396 F1: 0.1888 | Val Loss: 2.2692 Acc: 0.2500 F1: 0.1293
Epoch   9/50 | Train Loss: 1.6794 Acc: 0.3021 F1: 0.2358 | Val Loss: 2.2795 Acc: 0.0833 F1: 0.0357
Epoch  10/50 | Train Loss: 1.6805 Acc: 0.2604 F1: 0.1962 | Val Loss: 2.2894 Acc: 0.0833 F1: 0.0357
Epoch  11/50 | Train Loss: 1.6675 Acc: 0.2812 F1: 0.1873 | Val Loss: 2.2788 Acc: 0.1667 F1: 0.1270
Epoch  12/50 | Train Loss: 1.6594 Acc: 0.2708 F1: 0.1935 | Val Loss: 2.2655 Acc: 0.0833 F1: 0.0286
Epoch  13/50 | Train Loss: 1.6737 Acc: 0.2396 F1: 0.1465 | Val Loss: 2.2556 Acc: 0.0833 F1: 0.0286
Epoch  14/50 | Train Loss: 1.6621 Acc: 0.2604 F1: 0.1669 | Val Loss: 2.2689 Acc: 0.1667 F1: 0.1270
Epoch  15/50 | Train Loss: 1.6420 Acc: 0.3021 F1: 0.2306 | Val Loss: 2.2765 Acc: 0.1667 F1: 0.1270
Epoch  16/50 | Train Loss: 1.6278 Acc: 0.3125 F1: 0.2383 | Val Loss: 2.2859 Acc: 0.1667 F1: 0.1270
Epoch  17/50 | Train Loss: 1.6236 Acc: 0.3125 F1: 0.2464 | Val Loss: 2.2770 Acc: 0.1667 F1: 0.1270
Epoch  18/50 | Train Loss: 1.6225 Acc: 0.3333 F1: 0.2522 | Val Loss: 2.2872 Acc: 0.2500 F1: 0.1646
Epoch  19/50 | Train Loss: 1.6537 Acc: 0.3125 F1: 0.2700 | Val Loss: 2.2727 Acc: 0.2500 F1: 0.1769
Epoch  20/50 | Train Loss: 1.6247 Acc: 0.3333 F1: 0.2609 | Val Loss: 2.2610 Acc: 0.3333 F1: 0.2245
Epoch  21/50 | Train Loss: 1.6122 Acc: 0.3646 F1: 0.2816 | Val Loss: 2.2512 Acc: 0.2500 F1: 0.1361
Epoch  22/50 | Train Loss: 1.6122 Acc: 0.3333 F1: 0.2622 | Val Loss: 2.2389 Acc: 0.2500 F1: 0.1361
Epoch  23/50 | Train Loss: 1.6093 Acc: 0.3333 F1: 0.2477 | Val Loss: 2.2521 Acc: 0.2500 F1: 0.1361
Epoch  24/50 | Train Loss: 1.6198 Acc: 0.3333 F1: 0.2681 | Val Loss: 2.2436 Acc: 0.2500 F1: 0.1429
Epoch  25/50 | Train Loss: 1.5807 Acc: 0.3750 F1: 0.2936 | Val Loss: 2.2469 Acc: 0.2500 F1: 0.1667
Epoch  26/50 | Train Loss: 1.6063 Acc: 0.3750 F1: 0.2979 | Val Loss: 2.2434 Acc: 0.3333 F1: 0.2245
Epoch  27/50 | Train Loss: 1.6054 Acc: 0.3542 F1: 0.2754 | Val Loss: 2.2298 Acc: 0.3333 F1: 0.2245
Epoch  28/50 | Train Loss: 1.6083 Acc: 0.3438 F1: 0.2739 | Val Loss: 2.2029 Acc: 0.3333 F1: 0.2245
Epoch  29/50 | Train Loss: 1.6018 Acc: 0.3438 F1: 0.2672 | Val Loss: 2.1966 Acc: 0.3333 F1: 0.1964
Validation Loss decreased (2.198928 --> 2.196615). Saving best model...
Epoch  30/50 | Train Loss: 1.5595 Acc: 0.4062 F1: 0.3103 | Val Loss: 2.2035 Acc: 0.2500 F1: 0.1388
Epoch  31/50 | Train Loss: 1.5863 Acc: 0.3646 F1: 0.2754 | Val Loss: 2.2215 Acc: 0.2500 F1: 0.1531
Epoch  32/50 | Train Loss: 1.5823 Acc: 0.3646 F1: 0.2913 | Val Loss: 2.2555 Acc: 0.1667 F1: 0.1048
Epoch  33/50 | Train Loss: 1.5909 Acc: 0.3854 F1: 0.3147 | Val Loss: 2.2553 Acc: 0.1667 F1: 0.1524
Epoch  34/50 | Train Loss: 1.5644 Acc: 0.3646 F1: 0.3010 | Val Loss: 2.2402 Acc: 0.2500 F1: 0.1769
Epoch  35/50 | Train Loss: 1.5574 Acc: 0.3438 F1: 0.2710 | Val Loss: 2.2288 Acc: 0.2500 F1: 0.1531
Epoch  36/50 | Train Loss: 1.5846 Acc: 0.3229 F1: 0.2492 | Val Loss: 2.2262 Acc: 0.2500 F1: 0.1214
Epoch  37/50 | Train Loss: 1.5544 Acc: 0.3854 F1: 0.2944 | Val Loss: 2.2224 Acc: 0.2500 F1: 0.1214
Epoch  38/50 | Train Loss: 1.5391 Acc: 0.4062 F1: 0.3110 | Val Loss: 2.2165 Acc: 0.2500 F1: 0.1388
Epoch  39/50 | Train Loss: 1.5475 Acc: 0.3958 F1: 0.3090 | Val Loss: 2.2082 Acc: 0.2500 F1: 0.1388
Epoch  40/50 | Train Loss: 1.5545 Acc: 0.3646 F1: 0.2834 | Val Loss: 2.2097 Acc: 0.2500 F1: 0.1531
Epoch  41/50 | Train Loss: 1.5767 Acc: 0.3333 F1: 0.2577 | Val Loss: 2.2216 Acc: 0.1667 F1: 0.1190
Epoch  42/50 | Train Loss: 1.5439 Acc: 0.3542 F1: 0.2919 | Val Loss: 2.2298 Acc: 0.1667 F1: 0.1524
Epoch  43/50 | Train Loss: 1.5148 Acc: 0.3750 F1: 0.2993 | Val Loss: 2.2121 Acc: 0.2500 F1: 0.1388
Epoch  44/50 | Train Loss: 1.5659 Acc: 0.3438 F1: 0.2875 | Val Loss: 2.1890 Acc: 0.2500 F1: 0.1667
Validation Loss decreased (2.196615 --> 2.189040). Saving best model...
Epoch  45/50 | Train Loss: 1.5592 Acc: 0.3750 F1: 0.3193 | Val Loss: 2.1854 Acc: 0.2500 F1: 0.1388
Validation Loss decreased (2.189040 --> 2.185432). Saving best model...
Epoch  46/50 | Train Loss: 1.5291 Acc: 0.4167 F1: 0.3530 | Val Loss: 2.1778 Acc: 0.2500 F1: 0.1531
Validation Loss decreased (2.185432 --> 2.177833). Saving best model...
Epoch  47/50 | Train Loss: 1.5296 Acc: 0.3958 F1: 0.3248 | Val Loss: 2.1691 Acc: 0.2500 F1: 0.1531
Validation Loss decreased (2.177833 --> 2.169068). Saving best model...
Epoch  48/50 | Train Loss: 1.5192 Acc: 0.3750 F1: 0.3192 | Val Loss: 2.1796 Acc: 0.2500 F1: 0.1769
Epoch  49/50 | Train Loss: 1.5198 Acc: 0.3854 F1: 0.3177 | Val Loss: 2.1926 Acc: 0.2500 F1: 0.1769
Epoch  50/50 | Train Loss: 1.5258 Acc: 0.3958 F1: 0.3023 | Val Loss: 2.2122 Acc: 0.2500 F1: 0.1388

Classification Test Result (UWaveGestureLibrary)
Accuracy : 0.306250
F1 (macro): 0.244769
Saved attention maps for 3 sample(s) under ./runs/classification_electricity_to_UWaveGestureLibrary_laya_mixer_concat_text_stats_avg/attention_maps
Text metadata preview | dataset=ECG200 | domain=UCR | channels=1
   - channel_1: In the UCR domain, this channel belongs to the ECG200 dataset and represents the feature channel 1.
Stats metadata preview | dataset=ECG200 | domain=UCR | channels=1
   - channel_1: Channel statistics over the training split: mean value is 0.000, standard deviation is 0.995, minimum value is -2.617, maximum value is 4.199, median value is 0.225, and mean absolute value is 0.781.
==================================================
🚀 Architecture: LAYA
📊 Target Dataset: ECG200 (Channels: 1)
📊 Pretrain Info: electricity
📊 Classes: 2 | Sequence Length: 96
==================================================
✅ Loaded pretrained encoder from ./checkpoints/electricity_laya_mixer_concat_text_stats_avg/laya_ts_electricity_s_best.pt
   - 77/77 keys matched.
✅ Encoder is FROZEN (Linear Probing mode).
📝 metadata: mode=text_stats_avg, fusion=concat_kv, relation=none
ℹ️  Metadata Fusion Mode: concat_kv
ℹ️  Channel Mixer Relation Mode: none
ℹ️  Encoder Variant: default
ℹ️  Channel Adapter: disabled for Laya downstream (mixer)
ℹ️  Channel Relation Block: disabled
✅ ClassificationHead: [B, 128] → [B, 2]
Epoch   1/50 | Train Loss: 0.5815 Acc: 0.7000 F1: 0.4118 | Val Loss: 0.6848 Acc: 0.6000 F1: 0.3750
Validation Loss decreased (inf --> 0.684780). Saving best model...
Epoch   2/50 | Train Loss: 0.5501 Acc: 0.6875 F1: 0.4074 | Val Loss: 0.7072 Acc: 0.6000 F1: 0.3750
Epoch   3/50 | Train Loss: 0.5458 Acc: 0.7000 F1: 0.4118 | Val Loss: 0.7140 Acc: 0.6000 F1: 0.3750
Epoch   4/50 | Train Loss: 0.5337 Acc: 0.7125 F1: 0.4161 | Val Loss: 0.7014 Acc: 0.6000 F1: 0.3750
Epoch   5/50 | Train Loss: 0.5435 Acc: 0.7000 F1: 0.4118 | Val Loss: 0.6875 Acc: 0.6000 F1: 0.3750
Epoch   6/50 | Train Loss: 0.5345 Acc: 0.7125 F1: 0.4161 | Val Loss: 0.6948 Acc: 0.6000 F1: 0.3750
Epoch   7/50 | Train Loss: 0.5602 Acc: 0.6750 F1: 0.4030 | Val Loss: 0.6852 Acc: 0.6000 F1: 0.3750
Epoch   8/50 | Train Loss: 0.5421 Acc: 0.7000 F1: 0.4118 | Val Loss: 0.6885 Acc: 0.6000 F1: 0.3750
Epoch   9/50 | Train Loss: 0.5320 Acc: 0.7125 F1: 0.4161 | Val Loss: 0.6932 Acc: 0.6000 F1: 0.3750
Epoch  10/50 | Train Loss: 0.5496 Acc: 0.6875 F1: 0.4074 | Val Loss: 0.6895 Acc: 0.6000 F1: 0.3750
Epoch  11/50 | Train Loss: 0.5349 Acc: 0.7125 F1: 0.4161 | Val Loss: 0.6846 Acc: 0.6000 F1: 0.3750
Validation Loss decreased (0.684780 --> 0.684626). Saving best model...
Epoch  12/50 | Train Loss: 0.5319 Acc: 0.7125 F1: 0.4161 | Val Loss: 0.7041 Acc: 0.6000 F1: 0.3750
Epoch  13/50 | Train Loss: 0.5302 Acc: 0.7125 F1: 0.4161 | Val Loss: 0.7110 Acc: 0.6000 F1: 0.3750
Epoch  14/50 | Train Loss: 0.5402 Acc: 0.7000 F1: 0.4118 | Val Loss: 0.7033 Acc: 0.6000 F1: 0.3750
Epoch  15/50 | Train Loss: 0.5205 Acc: 0.7250 F1: 0.4203 | Val Loss: 0.6941 Acc: 0.6000 F1: 0.3750
Epoch  16/50 | Train Loss: 0.5282 Acc: 0.7125 F1: 0.4161 | Val Loss: 0.7002 Acc: 0.6000 F1: 0.3750
Epoch  17/50 | Train Loss: 0.5283 Acc: 0.7125 F1: 0.4161 | Val Loss: 0.7051 Acc: 0.6000 F1: 0.3750
Epoch  18/50 | Train Loss: 0.5276 Acc: 0.7125 F1: 0.4161 | Val Loss: 0.7011 Acc: 0.6000 F1: 0.3750
Epoch  19/50 | Train Loss: 0.5359 Acc: 0.7000 F1: 0.4118 | Val Loss: 0.6974 Acc: 0.6000 F1: 0.3750
Epoch  20/50 | Train Loss: 0.5460 Acc: 0.6875 F1: 0.4074 | Val Loss: 0.6880 Acc: 0.6000 F1: 0.3750
Epoch  21/50 | Train Loss: 0.5297 Acc: 0.7125 F1: 0.4161 | Val Loss: 0.6838 Acc: 0.6000 F1: 0.3750
Validation Loss decreased (0.684626 --> 0.683820). Saving best model...
Epoch  22/50 | Train Loss: 0.5436 Acc: 0.6875 F1: 0.4074 | Val Loss: 0.6924 Acc: 0.6000 F1: 0.3750
Epoch  23/50 | Train Loss: 0.5515 Acc: 0.6750 F1: 0.4030 | Val Loss: 0.6934 Acc: 0.6000 F1: 0.3750
Epoch  24/50 | Train Loss: 0.5271 Acc: 0.7125 F1: 0.4161 | Val Loss: 0.7063 Acc: 0.6000 F1: 0.3750
Epoch  25/50 | Train Loss: 0.5152 Acc: 0.7250 F1: 0.4203 | Val Loss: 0.7129 Acc: 0.6000 F1: 0.3750
Epoch  26/50 | Train Loss: 0.5559 Acc: 0.6750 F1: 0.4030 | Val Loss: 0.6885 Acc: 0.6000 F1: 0.3750
Epoch  27/50 | Train Loss: 0.5336 Acc: 0.7000 F1: 0.4118 | Val Loss: 0.6828 Acc: 0.6000 F1: 0.3750
Validation Loss decreased (0.683820 --> 0.682770). Saving best model...
Epoch  28/50 | Train Loss: 0.5411 Acc: 0.6875 F1: 0.4074 | Val Loss: 0.6854 Acc: 0.6000 F1: 0.3750
Epoch  29/50 | Train Loss: 0.5316 Acc: 0.7000 F1: 0.4118 | Val Loss: 0.6979 Acc: 0.6000 F1: 0.3750
Epoch  30/50 | Train Loss: 0.5515 Acc: 0.6750 F1: 0.4030 | Val Loss: 0.6906 Acc: 0.6000 F1: 0.3750
Epoch  31/50 | Train Loss: 0.5173 Acc: 0.7250 F1: 0.4203 | Val Loss: 0.6976 Acc: 0.6000 F1: 0.3750
Epoch  32/50 | Train Loss: 0.5351 Acc: 0.7000 F1: 0.4118 | Val Loss: 0.7142 Acc: 0.6000 F1: 0.3750
Epoch  33/50 | Train Loss: 0.5327 Acc: 0.7000 F1: 0.4118 | Val Loss: 0.6979 Acc: 0.6000 F1: 0.3750
Epoch  34/50 | Train Loss: 0.5211 Acc: 0.7125 F1: 0.4161 | Val Loss: 0.6961 Acc: 0.6000 F1: 0.3750
Epoch  35/50 | Train Loss: 0.5299 Acc: 0.7000 F1: 0.4118 | Val Loss: 0.6960 Acc: 0.6000 F1: 0.3750
Epoch  36/50 | Train Loss: 0.5318 Acc: 0.7000 F1: 0.4118 | Val Loss: 0.7017 Acc: 0.6000 F1: 0.3750
Epoch  37/50 | Train Loss: 0.5395 Acc: 0.6875 F1: 0.4074 | Val Loss: 0.6895 Acc: 0.6000 F1: 0.3750
Epoch  38/50 | Train Loss: 0.5309 Acc: 0.7000 F1: 0.4118 | Val Loss: 0.6872 Acc: 0.6000 F1: 0.3750
Epoch  39/50 | Train Loss: 0.5283 Acc: 0.7000 F1: 0.4118 | Val Loss: 0.6916 Acc: 0.6000 F1: 0.3750
Epoch  40/50 | Train Loss: 0.5480 Acc: 0.6750 F1: 0.4030 | Val Loss: 0.7016 Acc: 0.6000 F1: 0.3750
Epoch  41/50 | Train Loss: 0.5258 Acc: 0.7000 F1: 0.4118 | Val Loss: 0.7015 Acc: 0.6000 F1: 0.3750
Epoch  42/50 | Train Loss: 0.5273 Acc: 0.7000 F1: 0.4118 | Val Loss: 0.6971 Acc: 0.6000 F1: 0.3750
Epoch  43/50 | Train Loss: 0.5442 Acc: 0.6750 F1: 0.4030 | Val Loss: 0.6931 Acc: 0.6000 F1: 0.3750
Epoch  44/50 | Train Loss: 0.5101 Acc: 0.7250 F1: 0.4203 | Val Loss: 0.6957 Acc: 0.6000 F1: 0.3750
Epoch  45/50 | Train Loss: 0.5358 Acc: 0.6875 F1: 0.4074 | Val Loss: 0.6911 Acc: 0.6000 F1: 0.3750
Epoch  46/50 | Train Loss: 0.5159 Acc: 0.7125 F1: 0.4161 | Val Loss: 0.7061 Acc: 0.6000 F1: 0.3750
Epoch  47/50 | Train Loss: 0.5094 Acc: 0.7250 F1: 0.4203 | Val Loss: 0.7285 Acc: 0.6000 F1: 0.3750
Epoch  48/50 | Train Loss: 0.5280 Acc: 0.7000 F1: 0.4118 | Val Loss: 0.7237 Acc: 0.6000 F1: 0.3750
Epoch  49/50 | Train Loss: 0.5433 Acc: 0.6750 F1: 0.4030 | Val Loss: 0.6865 Acc: 0.6000 F1: 0.3750
Epoch  50/50 | Train Loss: 0.5389 Acc: 0.6750 F1: 0.4030 | Val Loss: 0.6741 Acc: 0.6000 F1: 0.3750
Validation Loss decreased (0.682770 --> 0.674107). Saving best model...

Classification Test Result (ECG200)
Accuracy : 0.640000
F1 (macro): 0.390244
Saved attention maps for 3 sample(s) under ./runs/classification_electricity_to_ECG200_laya_mixer_concat_text_stats_avg/attention_maps
Text metadata preview | dataset=ECG5000 | domain=UCR | channels=1
   - channel_1: In the UCR domain, this channel belongs to the ECG5000 dataset and represents the feature channel 1.
Stats metadata preview | dataset=ECG5000 | domain=UCR | channels=1
   - channel_1: Channel statistics over the training split: mean value is -0.000, standard deviation is 0.996, minimum value is -5.798, maximum value is 4.058, median value is 0.186, and mean absolute value is 0.666.
==================================================
🚀 Architecture: LAYA
📊 Target Dataset: ECG5000 (Channels: 1)
📊 Pretrain Info: electricity
📊 Classes: 5 | Sequence Length: 140
==================================================
✅ Loaded pretrained encoder from ./checkpoints/electricity_laya_mixer_concat_text_stats_avg/laya_ts_electricity_s_best.pt
   - 77/77 keys matched.
✅ Encoder is FROZEN (Linear Probing mode).
📝 metadata: mode=text_stats_avg, fusion=concat_kv, relation=none
ℹ️  Metadata Fusion Mode: concat_kv
ℹ️  Channel Mixer Relation Mode: none
ℹ️  Encoder Variant: default
ℹ️  Channel Adapter: disabled for Laya downstream (mixer)
ℹ️  Channel Relation Block: disabled
✅ ClassificationHead: [B, 128] → [B, 5]
Epoch   1/50 | Train Loss: 1.1623 Acc: 0.4531 F1: 0.1297 | Val Loss: 0.8211 Acc: 0.6400 F1: 0.2602
Validation Loss decreased (inf --> 0.821073). Saving best model...
Epoch   2/50 | Train Loss: 0.9128 Acc: 0.5759 F1: 0.1462 | Val Loss: 0.7838 Acc: 0.6400 F1: 0.2602
Validation Loss decreased (0.821073 --> 0.783842). Saving best model...
Epoch   3/50 | Train Loss: 0.8969 Acc: 0.5871 F1: 0.1885 | Val Loss: 0.7892 Acc: 0.7400 F1: 0.4667
Epoch   4/50 | Train Loss: 0.8721 Acc: 0.5804 F1: 0.1515 | Val Loss: 0.7643 Acc: 0.6600 F1: 0.3026
Validation Loss decreased (0.783842 --> 0.764326). Saving best model...
Epoch   5/50 | Train Loss: 0.8613 Acc: 0.6116 F1: 0.1906 | Val Loss: 0.7543 Acc: 0.7600 F1: 0.4737
Validation Loss decreased (0.764326 --> 0.754316). Saving best model...
Epoch   6/50 | Train Loss: 0.8382 Acc: 0.6496 F1: 0.2313 | Val Loss: 0.7306 Acc: 0.6800 F1: 0.3407
Validation Loss decreased (0.754316 --> 0.730630). Saving best model...
Epoch   7/50 | Train Loss: 0.8318 Acc: 0.6406 F1: 0.2249 | Val Loss: 0.7243 Acc: 0.7600 F1: 0.4737
Validation Loss decreased (0.730630 --> 0.724280). Saving best model...
Epoch   8/50 | Train Loss: 0.8103 Acc: 0.6652 F1: 0.2432 | Val Loss: 0.7034 Acc: 0.6600 F1: 0.3026
Validation Loss decreased (0.724280 --> 0.703353). Saving best model...
Epoch   9/50 | Train Loss: 0.7982 Acc: 0.7232 F1: 0.2813 | Val Loss: 0.7151 Acc: 0.7400 F1: 0.4865
Epoch  10/50 | Train Loss: 0.7915 Acc: 0.7277 F1: 0.2855 | Val Loss: 0.6956 Acc: 0.7800 F1: 0.5065
Validation Loss decreased (0.703353 --> 0.695573). Saving best model...
Epoch  11/50 | Train Loss: 0.7783 Acc: 0.7321 F1: 0.2878 | Val Loss: 0.6886 Acc: 0.7800 F1: 0.5120
Validation Loss decreased (0.695573 --> 0.688610). Saving best model...
Epoch  12/50 | Train Loss: 0.7699 Acc: 0.7522 F1: 0.3042 | Val Loss: 0.6765 Acc: 0.7800 F1: 0.5120
Validation Loss decreased (0.688610 --> 0.676546). Saving best model...
Epoch  13/50 | Train Loss: 0.7570 Acc: 0.7388 F1: 0.2950 | Val Loss: 0.6682 Acc: 0.8200 F1: 0.5429
Validation Loss decreased (0.676546 --> 0.668210). Saving best model...
Epoch  14/50 | Train Loss: 0.7542 Acc: 0.7299 F1: 0.2885 | Val Loss: 0.6606 Acc: 0.8200 F1: 0.5466
Validation Loss decreased (0.668210 --> 0.660617). Saving best model...
Epoch  15/50 | Train Loss: 0.7371 Acc: 0.7567 F1: 0.3048 | Val Loss: 0.6555 Acc: 0.8000 F1: 0.5333
Validation Loss decreased (0.660617 --> 0.655523). Saving best model...
Epoch  16/50 | Train Loss: 0.7292 Acc: 0.7768 F1: 0.3142 | Val Loss: 0.6483 Acc: 0.8200 F1: 0.5466
Validation Loss decreased (0.655523 --> 0.648288). Saving best model...
Epoch  17/50 | Train Loss: 0.7227 Acc: 0.7589 F1: 0.3055 | Val Loss: 0.6414 Acc: 0.8200 F1: 0.5466
Validation Loss decreased (0.648288 --> 0.641449). Saving best model...
Epoch  18/50 | Train Loss: 0.7056 Acc: 0.7701 F1: 0.3130 | Val Loss: 0.6317 Acc: 0.8000 F1: 0.5105
Validation Loss decreased (0.641449 --> 0.631687). Saving best model...
Epoch  19/50 | Train Loss: 0.7041 Acc: 0.7812 F1: 0.3178 | Val Loss: 0.6277 Acc: 0.8200 F1: 0.5466
Validation Loss decreased (0.631687 --> 0.627740). Saving best model...
Epoch  20/50 | Train Loss: 0.6830 Acc: 0.8036 F1: 0.3259 | Val Loss: 0.6179 Acc: 0.8400 F1: 0.5601
Validation Loss decreased (0.627740 --> 0.617897). Saving best model...
Epoch  21/50 | Train Loss: 0.6835 Acc: 0.8036 F1: 0.3271 | Val Loss: 0.6234 Acc: 0.8000 F1: 0.5333
Epoch  22/50 | Train Loss: 0.6772 Acc: 0.8125 F1: 0.3312 | Val Loss: 0.6179 Acc: 0.8000 F1: 0.5333
Validation Loss decreased (0.617897 --> 0.617891). Saving best model...
Epoch  23/50 | Train Loss: 0.6714 Acc: 0.8125 F1: 0.3314 | Val Loss: 0.6063 Acc: 0.8400 F1: 0.5601
Validation Loss decreased (0.617891 --> 0.606325). Saving best model...
Epoch  24/50 | Train Loss: 0.6549 Acc: 0.8237 F1: 0.3368 | Val Loss: 0.5956 Acc: 0.8800 F1: 0.5905
Validation Loss decreased (0.606325 --> 0.595602). Saving best model...
Epoch  25/50 | Train Loss: 0.6532 Acc: 0.8147 F1: 0.3324 | Val Loss: 0.5971 Acc: 0.8400 F1: 0.5601
Epoch  26/50 | Train Loss: 0.6525 Acc: 0.7991 F1: 0.3264 | Val Loss: 0.5889 Acc: 0.8800 F1: 0.5905
Validation Loss decreased (0.595602 --> 0.588892). Saving best model...
Epoch  27/50 | Train Loss: 0.6406 Acc: 0.8214 F1: 0.3361 | Val Loss: 0.5929 Acc: 0.8000 F1: 0.5311
Epoch  28/50 | Train Loss: 0.6354 Acc: 0.8237 F1: 0.3370 | Val Loss: 0.5858 Acc: 0.8000 F1: 0.5333
Validation Loss decreased (0.588892 --> 0.585770). Saving best model...
Epoch  29/50 | Train Loss: 0.6322 Acc: 0.8304 F1: 0.3394 | Val Loss: 0.5746 Acc: 0.8400 F1: 0.5566
Validation Loss decreased (0.585770 --> 0.574599). Saving best model...
Epoch  30/50 | Train Loss: 0.6215 Acc: 0.8371 F1: 0.3422 | Val Loss: 0.5722 Acc: 0.8400 F1: 0.5566
Validation Loss decreased (0.574599 --> 0.572211). Saving best model...
Epoch  31/50 | Train Loss: 0.6205 Acc: 0.8348 F1: 0.3415 | Val Loss: 0.5613 Acc: 0.8200 F1: 0.5429
Validation Loss decreased (0.572211 --> 0.561332). Saving best model...
Epoch  32/50 | Train Loss: 0.6027 Acc: 0.8504 F1: 0.3482 | Val Loss: 0.5664 Acc: 0.8600 F1: 0.5754
Epoch  33/50 | Train Loss: 0.6114 Acc: 0.8281 F1: 0.3386 | Val Loss: 0.5641 Acc: 0.8400 F1: 0.5601
Epoch  34/50 | Train Loss: 0.6099 Acc: 0.8326 F1: 0.3414 | Val Loss: 0.5576 Acc: 0.8400 F1: 0.5566
Validation Loss decreased (0.561332 --> 0.557562). Saving best model...
Epoch  35/50 | Train Loss: 0.6032 Acc: 0.8304 F1: 0.3397 | Val Loss: 0.5497 Acc: 0.8400 F1: 0.5601
Validation Loss decreased (0.557562 --> 0.549743). Saving best model...
Epoch  36/50 | Train Loss: 0.6034 Acc: 0.8259 F1: 0.3384 | Val Loss: 0.5536 Acc: 0.8400 F1: 0.5601
Epoch  37/50 | Train Loss: 0.5868 Acc: 0.8281 F1: 0.3390 | Val Loss: 0.5545 Acc: 0.8400 F1: 0.5570
Epoch  38/50 | Train Loss: 0.5844 Acc: 0.8281 F1: 0.3384 | Val Loss: 0.5521 Acc: 0.8600 F1: 0.5754
Epoch  39/50 | Train Loss: 0.5894 Acc: 0.8259 F1: 0.3374 | Val Loss: 0.5459 Acc: 0.8400 F1: 0.5570
Validation Loss decreased (0.549743 --> 0.545888). Saving best model...
Epoch  40/50 | Train Loss: 0.5870 Acc: 0.8326 F1: 0.3411 | Val Loss: 0.5408 Acc: 0.8400 F1: 0.5570
Validation Loss decreased (0.545888 --> 0.540787). Saving best model...
Epoch  41/50 | Train Loss: 0.5784 Acc: 0.8326 F1: 0.3407 | Val Loss: 0.5429 Acc: 0.8400 F1: 0.5570
Epoch  42/50 | Train Loss: 0.5808 Acc: 0.8438 F1: 0.3460 | Val Loss: 0.5394 Acc: 0.8200 F1: 0.5399
Validation Loss decreased (0.540787 --> 0.539390). Saving best model...
Epoch  43/50 | Train Loss: 0.5747 Acc: 0.8326 F1: 0.3410 | Val Loss: 0.5372 Acc: 0.8600 F1: 0.5754
Validation Loss decreased (0.539390 --> 0.537219). Saving best model...
Epoch  44/50 | Train Loss: 0.5726 Acc: 0.8371 F1: 0.3427 | Val Loss: 0.5326 Acc: 0.8400 F1: 0.5570
Validation Loss decreased (0.537219 --> 0.532603). Saving best model...
Epoch  45/50 | Train Loss: 0.5716 Acc: 0.8371 F1: 0.3430 | Val Loss: 0.5381 Acc: 0.8400 F1: 0.5570
Epoch  46/50 | Train Loss: 0.5611 Acc: 0.8460 F1: 0.3464 | Val Loss: 0.5231 Acc: 0.8400 F1: 0.5530
Validation Loss decreased (0.532603 --> 0.523102). Saving best model...
Epoch  47/50 | Train Loss: 0.5643 Acc: 0.8371 F1: 0.3427 | Val Loss: 0.5318 Acc: 0.8400 F1: 0.5566
Epoch  48/50 | Train Loss: 0.5601 Acc: 0.8438 F1: 0.3463 | Val Loss: 0.5253 Acc: 0.8600 F1: 0.5754
Epoch  49/50 | Train Loss: 0.5627 Acc: 0.8348 F1: 0.3420 | Val Loss: 0.5292 Acc: 0.8400 F1: 0.5566
Epoch  50/50 | Train Loss: 0.5599 Acc: 0.8371 F1: 0.3435 | Val Loss: 0.5250 Acc: 0.8400 F1: 0.5530

Classification Test Result (ECG5000)
Accuracy : 0.856444
F1 (macro): 0.350060
Saved attention maps for 3 sample(s) under ./runs/classification_electricity_to_ECG5000_laya_mixer_concat_text_stats_avg/attention_maps
Text metadata preview | dataset=FordA | domain=UCR | channels=1
   - channel_1: In the UCR domain, this channel belongs to the FordA dataset and represents the feature channel 1.
Stats metadata preview | dataset=FordA | domain=UCR | channels=1
   - channel_1: Channel statistics over the training split: mean value is -0.000, standard deviation is 0.999, minimum value is -4.618, maximum value is 5.059, median value is -0.001, and mean absolute value is 0.800.
==================================================
🚀 Architecture: LAYA
📊 Target Dataset: FordA (Channels: 1)
📊 Pretrain Info: electricity
📊 Classes: 2 | Sequence Length: 500
==================================================
✅ Loaded pretrained encoder from ./checkpoints/electricity_laya_mixer_concat_text_stats_avg/laya_ts_electricity_s_best.pt
   - 77/77 keys matched.
✅ Encoder is FROZEN (Linear Probing mode).
📝 metadata: mode=text_stats_avg, fusion=concat_kv, relation=none
ℹ️  Metadata Fusion Mode: concat_kv
ℹ️  Channel Mixer Relation Mode: none
ℹ️  Encoder Variant: default
ℹ️  Channel Adapter: disabled for Laya downstream (mixer)
ℹ️  Channel Relation Block: disabled
✅ ClassificationHead: [B, 128] → [B, 2]
Epoch   1/50 | Train Loss: 0.6979 Acc: 0.4929 F1: 0.4891 | Val Loss: 0.6944 Acc: 0.5111 F1: 0.3382
Validation Loss decreased (inf --> 0.694388). Saving best model...
Epoch   2/50 | Train Loss: 0.6936 Acc: 0.5167 F1: 0.4987 | Val Loss: 0.6947 Acc: 0.5111 F1: 0.3382
Epoch   3/50 | Train Loss: 0.6948 Acc: 0.5121 F1: 0.5056 | Val Loss: 0.6915 Acc: 0.5111 F1: 0.3382
Validation Loss decreased (0.694388 --> 0.691512). Saving best model...
Epoch   4/50 | Train Loss: 0.6936 Acc: 0.5087 F1: 0.5016 | Val Loss: 0.6899 Acc: 0.5167 F1: 0.3861
Validation Loss decreased (0.691512 --> 0.689920). Saving best model...
Epoch   5/50 | Train Loss: 0.6943 Acc: 0.5133 F1: 0.5037 | Val Loss: 0.6912 Acc: 0.5111 F1: 0.3382
Epoch   6/50 | Train Loss: 0.6940 Acc: 0.5266 F1: 0.5166 | Val Loss: 0.6916 Acc: 0.5111 F1: 0.3382
Epoch   7/50 | Train Loss: 0.6844 Acc: 0.5427 F1: 0.5366 | Val Loss: 0.6854 Acc: 0.5111 F1: 0.3433
Validation Loss decreased (0.689920 --> 0.685358). Saving best model...
Epoch   8/50 | Train Loss: 0.6862 Acc: 0.5291 F1: 0.5184 | Val Loss: 0.6824 Acc: 0.5222 F1: 0.3851
Validation Loss decreased (0.685358 --> 0.682387). Saving best model...
Epoch   9/50 | Train Loss: 0.6872 Acc: 0.5399 F1: 0.5308 | Val Loss: 0.6913 Acc: 0.5111 F1: 0.3382
Epoch  10/50 | Train Loss: 0.6825 Acc: 0.5455 F1: 0.5418 | Val Loss: 0.6917 Acc: 0.5111 F1: 0.3382
Epoch  11/50 | Train Loss: 0.6771 Acc: 0.5665 F1: 0.5595 | Val Loss: 0.6800 Acc: 0.5222 F1: 0.3809
Validation Loss decreased (0.682387 --> 0.679971). Saving best model...
Epoch  12/50 | Train Loss: 0.6771 Acc: 0.5705 F1: 0.5642 | Val Loss: 0.6751 Acc: 0.5528 F1: 0.4542
Validation Loss decreased (0.679971 --> 0.675069). Saving best model...
Epoch  13/50 | Train Loss: 0.6757 Acc: 0.5684 F1: 0.5611 | Val Loss: 0.6967 Acc: 0.4917 F1: 0.3344
Epoch  14/50 | Train Loss: 0.6734 Acc: 0.5804 F1: 0.5764 | Val Loss: 0.6753 Acc: 0.5444 F1: 0.4686
Epoch  15/50 | Train Loss: 0.6705 Acc: 0.5829 F1: 0.5797 | Val Loss: 0.6743 Acc: 0.5333 F1: 0.4073
Validation Loss decreased (0.675069 --> 0.674301). Saving best model...
Epoch  16/50 | Train Loss: 0.6721 Acc: 0.5919 F1: 0.5838 | Val Loss: 0.6676 Acc: 0.6278 F1: 0.6140
Validation Loss decreased (0.674301 --> 0.667554). Saving best model...
Epoch  17/50 | Train Loss: 0.6680 Acc: 0.5907 F1: 0.5887 | Val Loss: 0.6641 Acc: 0.6528 F1: 0.6526
Validation Loss decreased (0.667554 --> 0.664146). Saving best model...
Epoch  18/50 | Train Loss: 0.6656 Acc: 0.5965 F1: 0.5941 | Val Loss: 0.6643 Acc: 0.6333 F1: 0.6229
Epoch  19/50 | Train Loss: 0.6650 Acc: 0.6027 F1: 0.6008 | Val Loss: 0.6614 Acc: 0.6250 F1: 0.5994
Validation Loss decreased (0.664146 --> 0.661378). Saving best model...
Epoch  20/50 | Train Loss: 0.6661 Acc: 0.5972 F1: 0.5918 | Val Loss: 0.6590 Acc: 0.6611 F1: 0.6564
Validation Loss decreased (0.661378 --> 0.659019). Saving best model...
Epoch  21/50 | Train Loss: 0.6607 Acc: 0.6132 F1: 0.6110 | Val Loss: 0.6578 Acc: 0.6583 F1: 0.6579
Validation Loss decreased (0.659019 --> 0.657754). Saving best model...
Epoch  22/50 | Train Loss: 0.6603 Acc: 0.6021 F1: 0.5989 | Val Loss: 0.6618 Acc: 0.5889 F1: 0.5588
Epoch  23/50 | Train Loss: 0.6573 Acc: 0.6173 F1: 0.6146 | Val Loss: 0.6588 Acc: 0.6083 F1: 0.5585
Epoch  24/50 | Train Loss: 0.6563 Acc: 0.6200 F1: 0.6164 | Val Loss: 0.6539 Acc: 0.6500 F1: 0.6362
Validation Loss decreased (0.657754 --> 0.653877). Saving best model...
Epoch  25/50 | Train Loss: 0.6560 Acc: 0.6166 F1: 0.6141 | Val Loss: 0.6528 Acc: 0.6639 F1: 0.6638
Validation Loss decreased (0.653877 --> 0.652786). Saving best model...
Epoch  26/50 | Train Loss: 0.6564 Acc: 0.6166 F1: 0.6130 | Val Loss: 0.7295 Acc: 0.4944 F1: 0.3403
Epoch  27/50 | Train Loss: 0.6505 Acc: 0.6287 F1: 0.6257 | Val Loss: 0.6497 Acc: 0.6583 F1: 0.6534
Validation Loss decreased (0.652786 --> 0.649658). Saving best model...
Epoch  28/50 | Train Loss: 0.6529 Acc: 0.6173 F1: 0.6148 | Val Loss: 0.6512 Acc: 0.6417 F1: 0.6343
Epoch  29/50 | Train Loss: 0.6517 Acc: 0.6238 F1: 0.6225 | Val Loss: 0.6476 Acc: 0.6472 F1: 0.6382
Validation Loss decreased (0.649658 --> 0.647636). Saving best model...
Epoch  30/50 | Train Loss: 0.6520 Acc: 0.6145 F1: 0.6116 | Val Loss: 0.6489 Acc: 0.6389 F1: 0.6324
Epoch  31/50 | Train Loss: 0.6491 Acc: 0.6269 F1: 0.6244 | Val Loss: 0.6480 Acc: 0.6417 F1: 0.6355
Epoch  32/50 | Train Loss: 0.6502 Acc: 0.6219 F1: 0.6205 | Val Loss: 0.6449 Acc: 0.6556 F1: 0.6457
Validation Loss decreased (0.647636 --> 0.644927). Saving best model...
Epoch  33/50 | Train Loss: 0.6446 Acc: 0.6312 F1: 0.6293 | Val Loss: 0.6553 Acc: 0.5833 F1: 0.5470
Epoch  34/50 | Train Loss: 0.6467 Acc: 0.6275 F1: 0.6260 | Val Loss: 0.6436 Acc: 0.6528 F1: 0.6379
Validation Loss decreased (0.644927 --> 0.643587). Saving best model...
Epoch  35/50 | Train Loss: 0.6434 Acc: 0.6352 F1: 0.6337 | Val Loss: 0.6438 Acc: 0.6333 F1: 0.6122
Epoch  36/50 | Train Loss: 0.6411 Acc: 0.6386 F1: 0.6364 | Val Loss: 0.6503 Acc: 0.6167 F1: 0.5669
Epoch  37/50 | Train Loss: 0.6412 Acc: 0.6451 F1: 0.6427 | Val Loss: 0.6449 Acc: 0.6306 F1: 0.6016
Epoch  38/50 | Train Loss: 0.6416 Acc: 0.6389 F1: 0.6373 | Val Loss: 0.6388 Acc: 0.6667 F1: 0.6629
Validation Loss decreased (0.643587 --> 0.638831). Saving best model...
Epoch  39/50 | Train Loss: 0.6413 Acc: 0.6457 F1: 0.6434 | Val Loss: 0.6379 Acc: 0.6611 F1: 0.6593
Validation Loss decreased (0.638831 --> 0.637938). Saving best model...
Epoch  40/50 | Train Loss: 0.6403 Acc: 0.6423 F1: 0.6409 | Val Loss: 0.6459 Acc: 0.6278 F1: 0.5894
Epoch  41/50 | Train Loss: 0.6390 Acc: 0.6457 F1: 0.6443 | Val Loss: 0.6390 Acc: 0.6528 F1: 0.6491
Epoch  42/50 | Train Loss: 0.6379 Acc: 0.6498 F1: 0.6481 | Val Loss: 0.6356 Acc: 0.6639 F1: 0.6631
Validation Loss decreased (0.637938 --> 0.635641). Saving best model...
Epoch  43/50 | Train Loss: 0.6369 Acc: 0.6408 F1: 0.6380 | Val Loss: 0.6438 Acc: 0.6028 F1: 0.5827
Epoch  44/50 | Train Loss: 0.6344 Acc: 0.6494 F1: 0.6476 | Val Loss: 0.6587 Acc: 0.5833 F1: 0.5272
Epoch  45/50 | Train Loss: 0.6350 Acc: 0.6411 F1: 0.6397 | Val Loss: 0.6383 Acc: 0.6361 F1: 0.6101
Epoch  46/50 | Train Loss: 0.6331 Acc: 0.6463 F1: 0.6446 | Val Loss: 0.6337 Acc: 0.6806 F1: 0.6798
Validation Loss decreased (0.635641 --> 0.633681). Saving best model...
Epoch  47/50 | Train Loss: 0.6349 Acc: 0.6392 F1: 0.6375 | Val Loss: 0.6449 Acc: 0.6222 F1: 0.5801
Epoch  48/50 | Train Loss: 0.6323 Acc: 0.6476 F1: 0.6453 | Val Loss: 0.6361 Acc: 0.6444 F1: 0.6363
Epoch  49/50 | Train Loss: 0.6311 Acc: 0.6482 F1: 0.6476 | Val Loss: 0.6357 Acc: 0.6472 F1: 0.6243
Epoch  50/50 | Train Loss: 0.6325 Acc: 0.6414 F1: 0.6392 | Val Loss: 0.6299 Acc: 0.6556 F1: 0.6535
Validation Loss decreased (0.633681 --> 0.629922). Saving best model...

Classification Test Result (FordA)
Accuracy : 0.672727
F1 (macro): 0.671695
Saved attention maps for 3 sample(s) under ./runs/classification_electricity_to_FordA_laya_mixer_concat_text_stats_avg/attention_maps
Text metadata preview | dataset=FordB | domain=UCR | channels=1
   - channel_1: In the UCR domain, this channel belongs to the FordB dataset and represents the feature channel 1.
Stats metadata preview | dataset=FordB | domain=UCR | channels=1
   - channel_1: Channel statistics over the training split: mean value is -0.000, standard deviation is 0.999, minimum value is -5.539, maximum value is 5.090, median value is 0.002, and mean absolute value is 0.791.
==================================================
🚀 Architecture: LAYA
📊 Target Dataset: FordB (Channels: 1)
📊 Pretrain Info: electricity
📊 Classes: 2 | Sequence Length: 500
==================================================
✅ Loaded pretrained encoder from ./checkpoints/electricity_laya_mixer_concat_text_stats_avg/laya_ts_electricity_s_best.pt
   - 77/77 keys matched.
✅ Encoder is FROZEN (Linear Probing mode).
📝 metadata: mode=text_stats_avg, fusion=concat_kv, relation=none
ℹ️  Metadata Fusion Mode: concat_kv
ℹ️  Channel Mixer Relation Mode: none
ℹ️  Encoder Variant: default
ℹ️  Channel Adapter: disabled for Laya downstream (mixer)
ℹ️  Channel Relation Block: disabled
✅ ClassificationHead: [B, 128] → [B, 2]
Epoch   1/50 | Train Loss: 0.6965 Acc: 0.5086 F1: 0.5005 | Val Loss: 0.6928 Acc: 0.4904 F1: 0.3290
Validation Loss decreased (inf --> 0.692833). Saving best model...
Epoch   2/50 | Train Loss: 0.6967 Acc: 0.5135 F1: 0.5133 | Val Loss: 0.6899 Acc: 0.5069 F1: 0.3804
Validation Loss decreased (0.692833 --> 0.689904). Saving best model...
Epoch   3/50 | Train Loss: 0.6916 Acc: 0.5172 F1: 0.5154 | Val Loss: 0.6948 Acc: 0.5096 F1: 0.3376
Epoch   4/50 | Train Loss: 0.6902 Acc: 0.5322 F1: 0.5298 | Val Loss: 0.6849 Acc: 0.5372 F1: 0.4522
Validation Loss decreased (0.689904 --> 0.684931). Saving best model...
Epoch   5/50 | Train Loss: 0.6843 Acc: 0.5444 F1: 0.5419 | Val Loss: 0.6818 Acc: 0.5730 F1: 0.5166
Validation Loss decreased (0.684931 --> 0.681779). Saving best model...
Epoch   6/50 | Train Loss: 0.6801 Acc: 0.5659 F1: 0.5620 | Val Loss: 0.6775 Acc: 0.6474 F1: 0.6433
Validation Loss decreased (0.681779 --> 0.677488). Saving best model...
Epoch   7/50 | Train Loss: 0.6764 Acc: 0.5738 F1: 0.5714 | Val Loss: 0.6784 Acc: 0.5179 F1: 0.3607
Epoch   8/50 | Train Loss: 0.6779 Acc: 0.5744 F1: 0.5666 | Val Loss: 0.6744 Acc: 0.5647 F1: 0.5062
Validation Loss decreased (0.677488 --> 0.674422). Saving best model...
Epoch   9/50 | Train Loss: 0.6688 Acc: 0.5941 F1: 0.5930 | Val Loss: 0.6805 Acc: 0.5096 F1: 0.3426
Epoch  10/50 | Train Loss: 0.6675 Acc: 0.6134 F1: 0.6082 | Val Loss: 0.6642 Acc: 0.6584 F1: 0.6570
Validation Loss decreased (0.674422 --> 0.664200). Saving best model...
Epoch  11/50 | Train Loss: 0.6649 Acc: 0.6011 F1: 0.5998 | Val Loss: 0.6705 Acc: 0.5537 F1: 0.4821
Epoch  12/50 | Train Loss: 0.6635 Acc: 0.6091 F1: 0.6075 | Val Loss: 0.6639 Acc: 0.5840 F1: 0.5452
Validation Loss decreased (0.664200 --> 0.663867). Saving best model...
Epoch  13/50 | Train Loss: 0.6590 Acc: 0.6137 F1: 0.6129 | Val Loss: 0.6597 Acc: 0.6143 F1: 0.5908
Validation Loss decreased (0.663867 --> 0.659683). Saving best model...
Epoch  14/50 | Train Loss: 0.6581 Acc: 0.6302 F1: 0.6276 | Val Loss: 0.6533 Acc: 0.6887 F1: 0.6781
Validation Loss decreased (0.659683 --> 0.653284). Saving best model...
Epoch  15/50 | Train Loss: 0.6515 Acc: 0.6471 F1: 0.6444 | Val Loss: 0.6513 Acc: 0.6556 F1: 0.6536
Validation Loss decreased (0.653284 --> 0.651346). Saving best model...
Epoch  16/50 | Train Loss: 0.6510 Acc: 0.6296 F1: 0.6275 | Val Loss: 0.6487 Acc: 0.6804 F1: 0.6670
Validation Loss decreased (0.651346 --> 0.648677). Saving best model...
Epoch  17/50 | Train Loss: 0.6497 Acc: 0.6379 F1: 0.6355 | Val Loss: 0.6473 Acc: 0.6556 F1: 0.6500
Validation Loss decreased (0.648677 --> 0.647307). Saving best model...
Epoch  18/50 | Train Loss: 0.6511 Acc: 0.6219 F1: 0.6213 | Val Loss: 0.6527 Acc: 0.6116 F1: 0.5544
Epoch  19/50 | Train Loss: 0.6453 Acc: 0.6275 F1: 0.6256 | Val Loss: 0.6507 Acc: 0.6006 F1: 0.5677
Epoch  20/50 | Train Loss: 0.6418 Acc: 0.6397 F1: 0.6383 | Val Loss: 0.6461 Acc: 0.6253 F1: 0.5819
Validation Loss decreased (0.647307 --> 0.646112). Saving best model...
Epoch  21/50 | Train Loss: 0.6419 Acc: 0.6415 F1: 0.6401 | Val Loss: 0.6368 Acc: 0.6639 F1: 0.6635
Validation Loss decreased (0.646112 --> 0.636788). Saving best model...
Epoch  22/50 | Train Loss: 0.6372 Acc: 0.6621 F1: 0.6609 | Val Loss: 0.6336 Acc: 0.6860 F1: 0.6839
Validation Loss decreased (0.636788 --> 0.633639). Saving best model...
Epoch  23/50 | Train Loss: 0.6330 Acc: 0.6682 F1: 0.6666 | Val Loss: 0.6341 Acc: 0.6887 F1: 0.6752
Epoch  24/50 | Train Loss: 0.6320 Acc: 0.6630 F1: 0.6617 | Val Loss: 0.6370 Acc: 0.6253 F1: 0.6086
Epoch  25/50 | Train Loss: 0.6318 Acc: 0.6670 F1: 0.6660 | Val Loss: 0.6279 Acc: 0.6942 F1: 0.6897
Validation Loss decreased (0.633639 --> 0.627878). Saving best model...
Epoch  26/50 | Train Loss: 0.6287 Acc: 0.6553 F1: 0.6547 | Val Loss: 0.6279 Acc: 0.6887 F1: 0.6767
Epoch  27/50 | Train Loss: 0.6292 Acc: 0.6510 F1: 0.6497 | Val Loss: 0.6239 Acc: 0.6887 F1: 0.6873
Validation Loss decreased (0.627878 --> 0.623868). Saving best model...
Epoch  28/50 | Train Loss: 0.6243 Acc: 0.6679 F1: 0.6666 | Val Loss: 0.6222 Acc: 0.6860 F1: 0.6827
Validation Loss decreased (0.623868 --> 0.622174). Saving best model...
Epoch  29/50 | Train Loss: 0.6244 Acc: 0.6688 F1: 0.6672 | Val Loss: 0.6221 Acc: 0.6860 F1: 0.6854
Validation Loss decreased (0.622174 --> 0.622093). Saving best model...
Epoch  30/50 | Train Loss: 0.6214 Acc: 0.6765 F1: 0.6752 | Val Loss: 0.6185 Acc: 0.6915 F1: 0.6906
Validation Loss decreased (0.622093 --> 0.618489). Saving best model...
Epoch  31/50 | Train Loss: 0.6172 Acc: 0.6878 F1: 0.6863 | Val Loss: 0.6317 Acc: 0.6253 F1: 0.5990
Epoch  32/50 | Train Loss: 0.6162 Acc: 0.6924 F1: 0.6917 | Val Loss: 0.6165 Acc: 0.6915 F1: 0.6912
Validation Loss decreased (0.618489 --> 0.616454). Saving best model...
Epoch  33/50 | Train Loss: 0.6146 Acc: 0.6860 F1: 0.6848 | Val Loss: 0.6204 Acc: 0.6887 F1: 0.6720
Epoch  34/50 | Train Loss: 0.6140 Acc: 0.6752 F1: 0.6743 | Val Loss: 0.6120 Acc: 0.6942 F1: 0.6901
Validation Loss decreased (0.616454 --> 0.612031). Saving best model...
Epoch  35/50 | Train Loss: 0.6141 Acc: 0.6734 F1: 0.6726 | Val Loss: 0.6099 Acc: 0.6997 F1: 0.6991
Validation Loss decreased (0.612031 --> 0.609878). Saving best model...
Epoch  36/50 | Train Loss: 0.6103 Acc: 0.6786 F1: 0.6774 | Val Loss: 0.6083 Acc: 0.7025 F1: 0.7020
Validation Loss decreased (0.609878 --> 0.608260). Saving best model...
Epoch  37/50 | Train Loss: 0.6087 Acc: 0.6924 F1: 0.6912 | Val Loss: 0.6202 Acc: 0.6501 F1: 0.6313
Epoch  38/50 | Train Loss: 0.6067 Acc: 0.6967 F1: 0.6958 | Val Loss: 0.6144 Acc: 0.6887 F1: 0.6702
Epoch  39/50 | Train Loss: 0.6053 Acc: 0.6958 F1: 0.6950 | Val Loss: 0.6313 Acc: 0.6309 F1: 0.5794
Epoch  40/50 | Train Loss: 0.6050 Acc: 0.6906 F1: 0.6896 | Val Loss: 0.6019 Acc: 0.7080 F1: 0.7070
Validation Loss decreased (0.608260 --> 0.601881). Saving best model...
Epoch  41/50 | Train Loss: 0.6017 Acc: 0.6985 F1: 0.6979 | Val Loss: 0.6052 Acc: 0.6860 F1: 0.6823
Epoch  42/50 | Train Loss: 0.5976 Acc: 0.7056 F1: 0.7048 | Val Loss: 0.5989 Acc: 0.7107 F1: 0.7095
Validation Loss decreased (0.601881 --> 0.598927). Saving best model...
Epoch  43/50 | Train Loss: 0.5985 Acc: 0.6988 F1: 0.6981 | Val Loss: 0.6004 Acc: 0.7163 F1: 0.7152
Epoch  44/50 | Train Loss: 0.5987 Acc: 0.6945 F1: 0.6938 | Val Loss: 0.6069 Acc: 0.6942 F1: 0.6751
Epoch  45/50 | Train Loss: 0.5963 Acc: 0.6964 F1: 0.6954 | Val Loss: 0.6008 Acc: 0.6915 F1: 0.6871
Epoch  46/50 | Train Loss: 0.5937 Acc: 0.7028 F1: 0.7025 | Val Loss: 0.5941 Acc: 0.7163 F1: 0.7162
Validation Loss decreased (0.598927 --> 0.594086). Saving best model...
Epoch  47/50 | Train Loss: 0.5927 Acc: 0.7062 F1: 0.7054 | Val Loss: 0.5934 Acc: 0.7218 F1: 0.7216
Validation Loss decreased (0.594086 --> 0.593383). Saving best model...
Epoch  48/50 | Train Loss: 0.5921 Acc: 0.6970 F1: 0.6965 | Val Loss: 0.5909 Acc: 0.7080 F1: 0.7056
Validation Loss decreased (0.593383 --> 0.590889). Saving best model...
Epoch  49/50 | Train Loss: 0.5917 Acc: 0.7102 F1: 0.7096 | Val Loss: 0.5893 Acc: 0.7273 F1: 0.7271
Validation Loss decreased (0.590889 --> 0.589318). Saving best model...
Epoch  50/50 | Train Loss: 0.5907 Acc: 0.7016 F1: 0.7009 | Val Loss: 0.5898 Acc: 0.7218 F1: 0.7213

Classification Test Result (FordB)
Accuracy : 0.569136
F1 (macro): 0.565986
Saved attention maps for 3 sample(s) under ./runs/classification_electricity_to_FordB_laya_mixer_concat_text_stats_avg/attention_maps
