nohup: ignoring input
Text metadata preview | dataset=EthanolConcentration | domain=UEA | channels=3
   - channel_1: In the UEA domain, this channel belongs to the EthanolConcentration dataset and represents the feature channel 1.
   - channel_2: In the UEA domain, this channel belongs to the EthanolConcentration dataset and represents the feature channel 2.
   - ... (1 more channel descriptions)
Stats metadata preview | dataset=EthanolConcentration | domain=UEA | channels=3
   - channel_1: Channel statistics over the training split: mean value is 0.000, standard deviation is 1.000, minimum value is -0.938, maximum value is 5.130, median value is -0.481, and mean absolute value is 0.818.
/data/pjh_workspace/ts-env/lib/python3.8/site-packages/torch/nn/modules/transformer.py:307: UserWarning: enable_nested_tensor is True, but self.use_nested_tensor is False because encoder_layer.norm_first was True
  warnings.warn(f"enable_nested_tensor is True, but self.use_nested_tensor is False because {why_not_sparsity_fast_path}")
==================================================
🚀 Architecture: LAYA
📊 Target Dataset: EthanolConcentration (Channels: 3)
📊 Pretrain Info: electricity
📊 Classes: 4 | Sequence Length: 1751
==================================================
✅ Loaded pretrained encoder from ./checkpoints/electricity_laya_metadata_query_gate_text_stats_avg/laya_ts_electricity_s_best.pt
   - 116/116 keys matched.
✅ Encoder is FROZEN (Linear Probing mode).
📝 metadata: mode=text_stats_avg, fusion=none, relation=metadata_query_gate
ℹ️  Metadata Fusion Mode: none
ℹ️  Channel Mixer Relation Mode: metadata_query_gate
ℹ️  Encoder Variant: default
ℹ️  Channel Adapter: disabled for Laya downstream (mixer)
ℹ️  Channel Relation Block: disabled
✅ ClassificationHead: [B, 256] → [B, 4]
Epoch   1/50 | Train Loss: 1.3549 Acc: 0.2902 F1: 0.2737 | Val Loss: 1.3553 Acc: 0.3462 F1: 0.1324 | Train Meta: Scaleμ:0.9749, Signal|S|μ:9.2664, Delta|S|μ:7.9848, Delta/Signal:86.17%, Gateμ:-0.1881, Gate0%:0.0, MetaNormμ:5.4446 | Val Meta: Scaleμ:0.9749, Signal|S|μ:8.6880, Delta|S|μ:7.4680, Delta/Signal:85.96%, Gateμ:-0.1881, Gate0%:0.0, MetaNormμ:5.4446
Validation Loss decreased (inf --> 1.355323). Saving best model...
Epoch   2/50 | Train Loss: 1.3440 Acc: 0.2545 F1: 0.2052 | Val Loss: 1.3827 Acc: 0.1538 F1: 0.0972 | Train Meta: Scaleμ:0.9749, Signal|S|μ:11.2151, Delta|S|μ:9.6477, Delta/Signal:86.02%, Gateμ:-0.1881, Gate0%:0.0, MetaNormμ:5.4446 | Val Meta: Scaleμ:0.9749, Signal|S|μ:8.6880, Delta|S|μ:7.4680, Delta/Signal:85.96%, Gateμ:-0.1881, Gate0%:0.0, MetaNormμ:5.4446
Epoch   3/50 | Train Loss: 1.3318 Acc: 0.2679 F1: 0.2270 | Val Loss: 1.3883 Acc: 0.2308 F1: 0.1968 | Train Meta: Scaleμ:0.9749, Signal|S|μ:10.4692, Delta|S|μ:9.0111, Delta/Signal:86.07%, Gateμ:-0.1881, Gate0%:0.0, MetaNormμ:5.4446 | Val Meta: Scaleμ:0.9749, Signal|S|μ:8.6880, Delta|S|μ:7.4680, Delta/Signal:85.96%, Gateμ:-0.1881, Gate0%:0.0, MetaNormμ:5.4446
Epoch   4/50 | Train Loss: 1.2976 Acc: 0.2857 F1: 0.2384 | Val Loss: 1.3452 Acc: 0.4231 F1: 0.2315 | Train Meta: Scaleμ:0.9749, Signal|S|μ:10.9679, Delta|S|μ:9.4409, Delta/Signal:86.08%, Gateμ:-0.1881, Gate0%:0.0, MetaNormμ:5.4446 | Val Meta: Scaleμ:0.9749, Signal|S|μ:8.6880, Delta|S|μ:7.4680, Delta/Signal:85.96%, Gateμ:-0.1881, Gate0%:0.0, MetaNormμ:5.4446
Validation Loss decreased (1.355323 --> 1.345203). Saving best model...
Epoch   5/50 | Train Loss: 1.2974 Acc: 0.3259 F1: 0.2904 | Val Loss: 1.3935 Acc: 0.2692 F1: 0.1893 | Train Meta: Scaleμ:0.9749, Signal|S|μ:10.0933, Delta|S|μ:8.6718, Delta/Signal:85.92%, Gateμ:-0.1881, Gate0%:0.0, MetaNormμ:5.4446 | Val Meta: Scaleμ:0.9749, Signal|S|μ:8.6880, Delta|S|μ:7.4680, Delta/Signal:85.96%, Gateμ:-0.1881, Gate0%:0.0, MetaNormμ:5.4446
Epoch   6/50 | Train Loss: 1.2947 Acc: 0.2946 F1: 0.2799 | Val Loss: 1.3578 Acc: 0.3462 F1: 0.2917 | Train Meta: Scaleμ:0.9749, Signal|S|μ:7.9907, Delta|S|μ:6.8742, Delta/Signal:86.03%, Gateμ:-0.1881, Gate0%:0.0, MetaNormμ:5.4446 | Val Meta: Scaleμ:0.9749, Signal|S|μ:8.6880, Delta|S|μ:7.4680, Delta/Signal:85.96%, Gateμ:-0.1881, Gate0%:0.0, MetaNormμ:5.4446
Epoch   7/50 | Train Loss: 1.2908 Acc: 0.2857 F1: 0.2600 | Val Loss: 1.3589 Acc: 0.3077 F1: 0.2335 | Train Meta: Scaleμ:0.9749, Signal|S|μ:11.0134, Delta|S|μ:9.4645, Delta/Signal:85.94%, Gateμ:-0.1881, Gate0%:0.0, MetaNormμ:5.4446 | Val Meta: Scaleμ:0.9749, Signal|S|μ:8.6880, Delta|S|μ:7.4680, Delta/Signal:85.96%, Gateμ:-0.1881, Gate0%:0.0, MetaNormμ:5.4446
Epoch   8/50 | Train Loss: 1.2935 Acc: 0.3438 F1: 0.2977 | Val Loss: 1.3694 Acc: 0.2692 F1: 0.2375 | Train Meta: Scaleμ:0.9749, Signal|S|μ:9.8665, Delta|S|μ:8.4802, Delta/Signal:85.95%, Gateμ:-0.1881, Gate0%:0.0, MetaNormμ:5.4446 | Val Meta: Scaleμ:0.9749, Signal|S|μ:8.6880, Delta|S|μ:7.4680, Delta/Signal:85.96%, Gateμ:-0.1881, Gate0%:0.0, MetaNormμ:5.4446
Epoch   9/50 | Train Loss: 1.2906 Acc: 0.3080 F1: 0.2854 | Val Loss: 1.3415 Acc: 0.3077 F1: 0.2335 | Train Meta: Scaleμ:0.9749, Signal|S|μ:9.2306, Delta|S|μ:7.9255, Delta/Signal:85.86%, Gateμ:-0.1881, Gate0%:0.0, MetaNormμ:5.4446 | Val Meta: Scaleμ:0.9749, Signal|S|μ:8.6880, Delta|S|μ:7.4680, Delta/Signal:85.96%, Gateμ:-0.1881, Gate0%:0.0, MetaNormμ:5.4446
Validation Loss decreased (1.345203 --> 1.341466). Saving best model...
Epoch  10/50 | Train Loss: 1.2762 Acc: 0.3304 F1: 0.3120 | Val Loss: 1.3782 Acc: 0.1923 F1: 0.1491 | Train Meta: Scaleμ:0.9749, Signal|S|μ:9.5456, Delta|S|μ:8.2048, Delta/Signal:85.95%, Gateμ:-0.1881, Gate0%:0.0, MetaNormμ:5.4446 | Val Meta: Scaleμ:0.9749, Signal|S|μ:8.6880, Delta|S|μ:7.4680, Delta/Signal:85.96%, Gateμ:-0.1881, Gate0%:0.0, MetaNormμ:5.4446
Epoch  11/50 | Train Loss: 1.2691 Acc: 0.3304 F1: 0.3139 | Val Loss: 1.3587 Acc: 0.2692 F1: 0.1802 | Train Meta: Scaleμ:0.9749, Signal|S|μ:8.8716, Delta|S|μ:7.6361, Delta/Signal:86.07%, Gateμ:-0.1881, Gate0%:0.0, MetaNormμ:5.4446 | Val Meta: Scaleμ:0.9749, Signal|S|μ:8.6880, Delta|S|μ:7.4680, Delta/Signal:85.96%, Gateμ:-0.1881, Gate0%:0.0, MetaNormμ:5.4446
Epoch  12/50 | Train Loss: 1.2811 Acc: 0.3304 F1: 0.3003 | Val Loss: 1.3362 Acc: 0.3077 F1: 0.2313 | Train Meta: Scaleμ:0.9749, Signal|S|μ:8.8931, Delta|S|μ:7.6516, Delta/Signal:86.04%, Gateμ:-0.1881, Gate0%:0.0, MetaNormμ:5.4446 | Val Meta: Scaleμ:0.9749, Signal|S|μ:8.6880, Delta|S|μ:7.4680, Delta/Signal:85.96%, Gateμ:-0.1881, Gate0%:0.0, MetaNormμ:5.4446
Validation Loss decreased (1.341466 --> 1.336202). Saving best model...
Epoch  13/50 | Train Loss: 1.2760 Acc: 0.2946 F1: 0.2280 | Val Loss: 1.3411 Acc: 0.2308 F1: 0.2201 | Train Meta: Scaleμ:0.9749, Signal|S|μ:9.0453, Delta|S|μ:7.7715, Delta/Signal:85.92%, Gateμ:-0.1881, Gate0%:0.0, MetaNormμ:5.4446 | Val Meta: Scaleμ:0.9749, Signal|S|μ:8.6880, Delta|S|μ:7.4680, Delta/Signal:85.96%, Gateμ:-0.1881, Gate0%:0.0, MetaNormμ:5.4446
Epoch  14/50 | Train Loss: 1.2805 Acc: 0.3393 F1: 0.2986 | Val Loss: 1.3511 Acc: 0.3077 F1: 0.2335 | Train Meta: Scaleμ:0.9749, Signal|S|μ:10.7447, Delta|S|μ:9.2505, Delta/Signal:86.09%, Gateμ:-0.1881, Gate0%:0.0, MetaNormμ:5.4446 | Val Meta: Scaleμ:0.9749, Signal|S|μ:8.6880, Delta|S|μ:7.4680, Delta/Signal:85.96%, Gateμ:-0.1881, Gate0%:0.0, MetaNormμ:5.4446
Epoch  15/50 | Train Loss: 1.2560 Acc: 0.3304 F1: 0.3133 | Val Loss: 1.3744 Acc: 0.2308 F1: 0.2083 | Train Meta: Scaleμ:0.9749, Signal|S|μ:9.3506, Delta|S|μ:8.0478, Delta/Signal:86.07%, Gateμ:-0.1881, Gate0%:0.0, MetaNormμ:5.4446 | Val Meta: Scaleμ:0.9749, Signal|S|μ:8.6880, Delta|S|μ:7.4680, Delta/Signal:85.96%, Gateμ:-0.1881, Gate0%:0.0, MetaNormμ:5.4446
Epoch  16/50 | Train Loss: 1.2698 Acc: 0.2946 F1: 0.2922 | Val Loss: 1.3227 Acc: 0.3077 F1: 0.2137 | Train Meta: Scaleμ:0.9749, Signal|S|μ:8.8219, Delta|S|μ:7.5840, Delta/Signal:85.97%, Gateμ:-0.1881, Gate0%:0.0, MetaNormμ:5.4446 | Val Meta: Scaleμ:0.9749, Signal|S|μ:8.6880, Delta|S|μ:7.4680, Delta/Signal:85.96%, Gateμ:-0.1881, Gate0%:0.0, MetaNormμ:5.4446
Validation Loss decreased (1.336202 --> 1.322652). Saving best model...
Epoch  17/50 | Train Loss: 1.2594 Acc: 0.2991 F1: 0.2713 | Val Loss: 1.3443 Acc: 0.2308 F1: 0.2205 | Train Meta: Scaleμ:0.9749, Signal|S|μ:8.9204, Delta|S|μ:7.6788, Delta/Signal:86.08%, Gateμ:-0.1881, Gate0%:0.0, MetaNormμ:5.4446 | Val Meta: Scaleμ:0.9749, Signal|S|μ:8.6880, Delta|S|μ:7.4680, Delta/Signal:85.96%, Gateμ:-0.1881, Gate0%:0.0, MetaNormμ:5.4446
Epoch  18/50 | Train Loss: 1.2539 Acc: 0.3080 F1: 0.3092 | Val Loss: 1.4306 Acc: 0.2692 F1: 0.1802 | Train Meta: Scaleμ:0.9749, Signal|S|μ:11.6063, Delta|S|μ:9.9937, Delta/Signal:86.11%, Gateμ:-0.1881, Gate0%:0.0, MetaNormμ:5.4446 | Val Meta: Scaleμ:0.9749, Signal|S|μ:8.6880, Delta|S|μ:7.4680, Delta/Signal:85.96%, Gateμ:-0.1881, Gate0%:0.0, MetaNormμ:5.4446
Epoch  19/50 | Train Loss: 1.2539 Acc: 0.3214 F1: 0.3130 | Val Loss: 1.3121 Acc: 0.3077 F1: 0.2136 | Train Meta: Scaleμ:0.9749, Signal|S|μ:9.7805, Delta|S|μ:8.4134, Delta/Signal:86.02%, Gateμ:-0.1881, Gate0%:0.0, MetaNormμ:5.4446 | Val Meta: Scaleμ:0.9749, Signal|S|μ:8.6880, Delta|S|μ:7.4680, Delta/Signal:85.96%, Gateμ:-0.1881, Gate0%:0.0, MetaNormμ:5.4446
Validation Loss decreased (1.322652 --> 1.312109). Saving best model...
Epoch  20/50 | Train Loss: 1.2614 Acc: 0.3393 F1: 0.3180 | Val Loss: 1.3638 Acc: 0.3077 F1: 0.2548 | Train Meta: Scaleμ:0.9749, Signal|S|μ:10.6391, Delta|S|μ:9.1411, Delta/Signal:85.92%, Gateμ:-0.1881, Gate0%:0.0, MetaNormμ:5.4446 | Val Meta: Scaleμ:0.9749, Signal|S|μ:8.6880, Delta|S|μ:7.4680, Delta/Signal:85.96%, Gateμ:-0.1881, Gate0%:0.0, MetaNormμ:5.4446
Epoch  21/50 | Train Loss: 1.2626 Acc: 0.3259 F1: 0.2801 | Val Loss: 1.3583 Acc: 0.3462 F1: 0.2742 | Train Meta: Scaleμ:0.9749, Signal|S|μ:10.5382, Delta|S|μ:9.0808, Delta/Signal:86.17%, Gateμ:-0.1881, Gate0%:0.0, MetaNormμ:5.4446 | Val Meta: Scaleμ:0.9749, Signal|S|μ:8.6880, Delta|S|μ:7.4680, Delta/Signal:85.96%, Gateμ:-0.1881, Gate0%:0.0, MetaNormμ:5.4446
Epoch  22/50 | Train Loss: 1.2677 Acc: 0.3259 F1: 0.2852 | Val Loss: 1.3319 Acc: 0.3077 F1: 0.2658 | Train Meta: Scaleμ:0.9749, Signal|S|μ:9.2766, Delta|S|μ:7.9945, Delta/Signal:86.18%, Gateμ:-0.1881, Gate0%:0.0, MetaNormμ:5.4446 | Val Meta: Scaleμ:0.9749, Signal|S|μ:8.6880, Delta|S|μ:7.4680, Delta/Signal:85.96%, Gateμ:-0.1881, Gate0%:0.0, MetaNormμ:5.4446
Epoch  23/50 | Train Loss: 1.2763 Acc: 0.3214 F1: 0.2383 | Val Loss: 1.3250 Acc: 0.2692 F1: 0.1932 | Train Meta: Scaleμ:0.9749, Signal|S|μ:11.0271, Delta|S|μ:9.4793, Delta/Signal:85.96%, Gateμ:-0.1881, Gate0%:0.0, MetaNormμ:5.4446 | Val Meta: Scaleμ:0.9749, Signal|S|μ:8.6880, Delta|S|μ:7.4680, Delta/Signal:85.96%, Gateμ:-0.1881, Gate0%:0.0, MetaNormμ:5.4446
Epoch  24/50 | Train Loss: 1.2724 Acc: 0.2991 F1: 0.2711 | Val Loss: 1.3555 Acc: 0.3077 F1: 0.2295 | Train Meta: Scaleμ:0.9749, Signal|S|μ:8.9533, Delta|S|μ:7.7062, Delta/Signal:86.07%, Gateμ:-0.1881, Gate0%:0.0, MetaNormμ:5.4446 | Val Meta: Scaleμ:0.9749, Signal|S|μ:8.6880, Delta|S|μ:7.4680, Delta/Signal:85.96%, Gateμ:-0.1881, Gate0%:0.0, MetaNormμ:5.4446
Epoch  25/50 | Train Loss: 1.2593 Acc: 0.3348 F1: 0.3171 | Val Loss: 1.3340 Acc: 0.3077 F1: 0.2279 | Train Meta: Scaleμ:0.9749, Signal|S|μ:8.2415, Delta|S|μ:7.0907, Delta/Signal:86.04%, Gateμ:-0.1881, Gate0%:0.0, MetaNormμ:5.4446 | Val Meta: Scaleμ:0.9749, Signal|S|μ:8.6880, Delta|S|μ:7.4680, Delta/Signal:85.96%, Gateμ:-0.1881, Gate0%:0.0, MetaNormμ:5.4446
Epoch  26/50 | Train Loss: 1.2545 Acc: 0.3393 F1: 0.3027 | Val Loss: 1.3289 Acc: 0.2692 F1: 0.2103 | Train Meta: Scaleμ:0.9749, Signal|S|μ:9.3452, Delta|S|μ:8.0238, Delta/Signal:85.86%, Gateμ:-0.1881, Gate0%:0.0, MetaNormμ:5.4446 | Val Meta: Scaleμ:0.9749, Signal|S|μ:8.6880, Delta|S|μ:7.4680, Delta/Signal:85.96%, Gateμ:-0.1881, Gate0%:0.0, MetaNormμ:5.4446
Epoch  27/50 | Train Loss: 1.2503 Acc: 0.3438 F1: 0.3330 | Val Loss: 1.3433 Acc: 0.3462 F1: 0.2654 | Train Meta: Scaleμ:0.9749, Signal|S|μ:9.2589, Delta|S|μ:7.9692, Delta/Signal:86.07%, Gateμ:-0.1881, Gate0%:0.0, MetaNormμ:5.4446 | Val Meta: Scaleμ:0.9749, Signal|S|μ:8.6880, Delta|S|μ:7.4680, Delta/Signal:85.96%, Gateμ:-0.1881, Gate0%:0.0, MetaNormμ:5.4446
Epoch  28/50 | Train Loss: 1.2627 Acc: 0.3125 F1: 0.3068 | Val Loss: 1.3482 Acc: 0.2692 F1: 0.2205 | Train Meta: Scaleμ:0.9749, Signal|S|μ:8.0201, Delta|S|μ:6.9023, Delta/Signal:86.06%, Gateμ:-0.1881, Gate0%:0.0, MetaNormμ:5.4446 | Val Meta: Scaleμ:0.9749, Signal|S|μ:8.6880, Delta|S|μ:7.4680, Delta/Signal:85.96%, Gateμ:-0.1881, Gate0%:0.0, MetaNormμ:5.4446
Epoch  29/50 | Train Loss: 1.2582 Acc: 0.3438 F1: 0.3012 | Val Loss: 1.3599 Acc: 0.3462 F1: 0.2654 | Train Meta: Scaleμ:0.9749, Signal|S|μ:8.7376, Delta|S|μ:7.5084, Delta/Signal:85.93%, Gateμ:-0.1881, Gate0%:0.0, MetaNormμ:5.4446 | Val Meta: Scaleμ:0.9749, Signal|S|μ:8.6880, Delta|S|μ:7.4680, Delta/Signal:85.96%, Gateμ:-0.1881, Gate0%:0.0, MetaNormμ:5.4446
Epoch  30/50 | Train Loss: 1.2580 Acc: 0.3170 F1: 0.3137 | Val Loss: 1.3454 Acc: 0.3462 F1: 0.2654 | Train Meta: Scaleμ:0.9749, Signal|S|μ:9.2992, Delta|S|μ:8.0019, Delta/Signal:86.05%, Gateμ:-0.1881, Gate0%:0.0, MetaNormμ:5.4446 | Val Meta: Scaleμ:0.9749, Signal|S|μ:8.6880, Delta|S|μ:7.4680, Delta/Signal:85.96%, Gateμ:-0.1881, Gate0%:0.0, MetaNormμ:5.4446
Epoch  31/50 | Train Loss: 1.2612 Acc: 0.3080 F1: 0.2922 | Val Loss: 1.2853 Acc: 0.2692 F1: 0.1756 | Train Meta: Scaleμ:0.9749, Signal|S|μ:9.1471, Delta|S|μ:7.8688, Delta/Signal:86.03%, Gateμ:-0.1881, Gate0%:0.0, MetaNormμ:5.4446 | Val Meta: Scaleμ:0.9749, Signal|S|μ:8.6880, Delta|S|μ:7.4680, Delta/Signal:85.96%, Gateμ:-0.1881, Gate0%:0.0, MetaNormμ:5.4446
Validation Loss decreased (1.312109 --> 1.285286). Saving best model...
Epoch  32/50 | Train Loss: 1.2655 Acc: 0.3214 F1: 0.2851 | Val Loss: 1.3574 Acc: 0.3077 F1: 0.2103 | Train Meta: Scaleμ:0.9749, Signal|S|μ:11.0991, Delta|S|μ:9.5440, Delta/Signal:85.99%, Gateμ:-0.1881, Gate0%:0.0, MetaNormμ:5.4446 | Val Meta: Scaleμ:0.9749, Signal|S|μ:8.6880, Delta|S|μ:7.4680, Delta/Signal:85.96%, Gateμ:-0.1881, Gate0%:0.0, MetaNormμ:5.4446
Epoch  33/50 | Train Loss: 1.2485 Acc: 0.3214 F1: 0.3043 | Val Loss: 1.3176 Acc: 0.3077 F1: 0.2419 | Train Meta: Scaleμ:0.9749, Signal|S|μ:7.8867, Delta|S|μ:6.7814, Delta/Signal:85.99%, Gateμ:-0.1881, Gate0%:0.0, MetaNormμ:5.4446 | Val Meta: Scaleμ:0.9749, Signal|S|μ:8.6880, Delta|S|μ:7.4680, Delta/Signal:85.96%, Gateμ:-0.1881, Gate0%:0.0, MetaNormμ:5.4446
Epoch  34/50 | Train Loss: 1.2418 Acc: 0.3170 F1: 0.2779 | Val Loss: 1.3181 Acc: 0.3077 F1: 0.2321 | Train Meta: Scaleμ:0.9749, Signal|S|μ:9.7477, Delta|S|μ:8.3838, Delta/Signal:86.01%, Gateμ:-0.1881, Gate0%:0.0, MetaNormμ:5.4446 | Val Meta: Scaleμ:0.9749, Signal|S|μ:8.6880, Delta|S|μ:7.4680, Delta/Signal:85.96%, Gateμ:-0.1881, Gate0%:0.0, MetaNormμ:5.4446
Epoch  35/50 | Train Loss: 1.2308 Acc: 0.3036 F1: 0.2920 | Val Loss: 1.3672 Acc: 0.3462 F1: 0.2654 | Train Meta: Scaleμ:0.9749, Signal|S|μ:10.2007, Delta|S|μ:8.7871, Delta/Signal:86.14%, Gateμ:-0.1881, Gate0%:0.0, MetaNormμ:5.4446 | Val Meta: Scaleμ:0.9749, Signal|S|μ:8.6880, Delta|S|μ:7.4680, Delta/Signal:85.96%, Gateμ:-0.1881, Gate0%:0.0, MetaNormμ:5.4446
Epoch  36/50 | Train Loss: 1.2626 Acc: 0.3214 F1: 0.2759 | Val Loss: 1.3236 Acc: 0.3077 F1: 0.2370 | Train Meta: Scaleμ:0.9749, Signal|S|μ:9.5558, Delta|S|μ:8.2187, Delta/Signal:86.01%, Gateμ:-0.1881, Gate0%:0.0, MetaNormμ:5.4446 | Val Meta: Scaleμ:0.9749, Signal|S|μ:8.6880, Delta|S|μ:7.4680, Delta/Signal:85.96%, Gateμ:-0.1881, Gate0%:0.0, MetaNormμ:5.4446
Epoch  37/50 | Train Loss: 1.2575 Acc: 0.3170 F1: 0.2991 | Val Loss: 1.3256 Acc: 0.3462 F1: 0.2605 | Train Meta: Scaleμ:0.9749, Signal|S|μ:9.0679, Delta|S|μ:7.8027, Delta/Signal:86.05%, Gateμ:-0.1881, Gate0%:0.0, MetaNormμ:5.4446 | Val Meta: Scaleμ:0.9749, Signal|S|μ:8.6880, Delta|S|μ:7.4680, Delta/Signal:85.96%, Gateμ:-0.1881, Gate0%:0.0, MetaNormμ:5.4446
Epoch  38/50 | Train Loss: 1.2472 Acc: 0.3482 F1: 0.3399 | Val Loss: 1.3522 Acc: 0.2308 F1: 0.2280 | Train Meta: Scaleμ:0.9749, Signal|S|μ:9.0440, Delta|S|μ:7.7818, Delta/Signal:86.04%, Gateμ:-0.1881, Gate0%:0.0, MetaNormμ:5.4446 | Val Meta: Scaleμ:0.9749, Signal|S|μ:8.6880, Delta|S|μ:7.4680, Delta/Signal:85.96%, Gateμ:-0.1881, Gate0%:0.0, MetaNormμ:5.4446
Epoch  39/50 | Train Loss: 1.2452 Acc: 0.3036 F1: 0.2719 | Val Loss: 1.2916 Acc: 0.3077 F1: 0.2321 | Train Meta: Scaleμ:0.9749, Signal|S|μ:10.6721, Delta|S|μ:9.1696, Delta/Signal:85.92%, Gateμ:-0.1881, Gate0%:0.0, MetaNormμ:5.4446 | Val Meta: Scaleμ:0.9749, Signal|S|μ:8.6880, Delta|S|μ:7.4680, Delta/Signal:85.96%, Gateμ:-0.1881, Gate0%:0.0, MetaNormμ:5.4446
Epoch  40/50 | Train Loss: 1.2555 Acc: 0.3348 F1: 0.3213 | Val Loss: 1.3717 Acc: 0.2692 F1: 0.2133 | Train Meta: Scaleμ:0.9749, Signal|S|μ:10.0634, Delta|S|μ:8.6544, Delta/Signal:86.00%, Gateμ:-0.1881, Gate0%:0.0, MetaNormμ:5.4446 | Val Meta: Scaleμ:0.9749, Signal|S|μ:8.6880, Delta|S|μ:7.4680, Delta/Signal:85.96%, Gateμ:-0.1881, Gate0%:0.0, MetaNormμ:5.4446
Epoch  41/50 | Train Loss: 1.2575 Acc: 0.3348 F1: 0.3086 | Val Loss: 1.3287 Acc: 0.3077 F1: 0.2442 | Train Meta: Scaleμ:0.9749, Signal|S|μ:10.9719, Delta|S|μ:9.4579, Delta/Signal:86.20%, Gateμ:-0.1881, Gate0%:0.0, MetaNormμ:5.4446 | Val Meta: Scaleμ:0.9749, Signal|S|μ:8.6880, Delta|S|μ:7.4680, Delta/Signal:85.96%, Gateμ:-0.1881, Gate0%:0.0, MetaNormμ:5.4446
Epoch  42/50 | Train Loss: 1.2343 Acc: 0.3348 F1: 0.2865 | Val Loss: 1.3003 Acc: 0.3077 F1: 0.2321 | Train Meta: Scaleμ:0.9749, Signal|S|μ:8.9526, Delta|S|μ:7.7108, Delta/Signal:86.13%, Gateμ:-0.1881, Gate0%:0.0, MetaNormμ:5.4446 | Val Meta: Scaleμ:0.9749, Signal|S|μ:8.6880, Delta|S|μ:7.4680, Delta/Signal:85.96%, Gateμ:-0.1881, Gate0%:0.0, MetaNormμ:5.4446
Epoch  43/50 | Train Loss: 1.2393 Acc: 0.3616 F1: 0.3604 | Val Loss: 1.3343 Acc: 0.3462 F1: 0.2832 | Train Meta: Scaleμ:0.9749, Signal|S|μ:9.1792, Delta|S|μ:7.8926, Delta/Signal:85.98%, Gateμ:-0.1881, Gate0%:0.0, MetaNormμ:5.4446 | Val Meta: Scaleμ:0.9749, Signal|S|μ:8.6880, Delta|S|μ:7.4680, Delta/Signal:85.96%, Gateμ:-0.1881, Gate0%:0.0, MetaNormμ:5.4446
Epoch  44/50 | Train Loss: 1.2275 Acc: 0.3527 F1: 0.3192 | Val Loss: 1.3326 Acc: 0.3462 F1: 0.2489 | Train Meta: Scaleμ:0.9749, Signal|S|μ:10.2229, Delta|S|μ:8.8037, Delta/Signal:86.12%, Gateμ:-0.1881, Gate0%:0.0, MetaNormμ:5.4446 | Val Meta: Scaleμ:0.9749, Signal|S|μ:8.6880, Delta|S|μ:7.4680, Delta/Signal:85.96%, Gateμ:-0.1881, Gate0%:0.0, MetaNormμ:5.4446
Epoch  45/50 | Train Loss: 1.2370 Acc: 0.3304 F1: 0.3146 | Val Loss: 1.3303 Acc: 0.3462 F1: 0.2821 | Train Meta: Scaleμ:0.9749, Signal|S|μ:9.1400, Delta|S|μ:7.8821, Delta/Signal:86.24%, Gateμ:-0.1881, Gate0%:0.0, MetaNormμ:5.4446 | Val Meta: Scaleμ:0.9749, Signal|S|μ:8.6880, Delta|S|μ:7.4680, Delta/Signal:85.96%, Gateμ:-0.1881, Gate0%:0.0, MetaNormμ:5.4446
Epoch  46/50 | Train Loss: 1.2436 Acc: 0.3214 F1: 0.3049 | Val Loss: 1.3302 Acc: 0.2692 F1: 0.1611 | Train Meta: Scaleμ:0.9749, Signal|S|μ:9.0289, Delta|S|μ:7.7670, Delta/Signal:86.02%, Gateμ:-0.1881, Gate0%:0.0, MetaNormμ:5.4446 | Val Meta: Scaleμ:0.9749, Signal|S|μ:8.6880, Delta|S|μ:7.4680, Delta/Signal:85.96%, Gateμ:-0.1881, Gate0%:0.0, MetaNormμ:5.4446
Epoch  47/50 | Train Loss: 1.2494 Acc: 0.3080 F1: 0.2848 | Val Loss: 1.3493 Acc: 0.3077 F1: 0.2295 | Train Meta: Scaleμ:0.9749, Signal|S|μ:8.6410, Delta|S|μ:7.4175, Delta/Signal:85.84%, Gateμ:-0.1881, Gate0%:0.0, MetaNormμ:5.4446 | Val Meta: Scaleμ:0.9749, Signal|S|μ:8.6880, Delta|S|μ:7.4680, Delta/Signal:85.96%, Gateμ:-0.1881, Gate0%:0.0, MetaNormμ:5.4446
Epoch  48/50 | Train Loss: 1.2431 Acc: 0.3304 F1: 0.3194 | Val Loss: 1.3387 Acc: 0.3077 F1: 0.2370 | Train Meta: Scaleμ:0.9749, Signal|S|μ:9.6057, Delta|S|μ:8.2645, Delta/Signal:86.04%, Gateμ:-0.1881, Gate0%:0.0, MetaNormμ:5.4446 | Val Meta: Scaleμ:0.9749, Signal|S|μ:8.6880, Delta|S|μ:7.4680, Delta/Signal:85.96%, Gateμ:-0.1881, Gate0%:0.0, MetaNormμ:5.4446
Epoch  49/50 | Train Loss: 1.2448 Acc: 0.3393 F1: 0.3297 | Val Loss: 1.3066 Acc: 0.2308 F1: 0.1385 | Train Meta: Scaleμ:0.9749, Signal|S|μ:8.5157, Delta|S|μ:7.3468, Delta/Signal:86.27%, Gateμ:-0.1881, Gate0%:0.0, MetaNormμ:5.4446 | Val Meta: Scaleμ:0.9749, Signal|S|μ:8.6880, Delta|S|μ:7.4680, Delta/Signal:85.96%, Gateμ:-0.1881, Gate0%:0.0, MetaNormμ:5.4446
Epoch  50/50 | Train Loss: 1.2434 Acc: 0.3571 F1: 0.3061 | Val Loss: 1.3412 Acc: 0.3077 F1: 0.2500 | Train Meta: Scaleμ:0.9749, Signal|S|μ:9.3413, Delta|S|μ:8.0441, Delta/Signal:86.11%, Gateμ:-0.1881, Gate0%:0.0, MetaNormμ:5.4446 | Val Meta: Scaleμ:0.9749, Signal|S|μ:8.6880, Delta|S|μ:7.4680, Delta/Signal:85.96%, Gateμ:-0.1881, Gate0%:0.0, MetaNormμ:5.4446

Classification Test Result (EthanolConcentration)
Accuracy : 0.311787
F1 (macro): 0.243575
Saved attention maps for 3 sample(s) under ./runs/classification_electricity_to_EthanolConcentration_laya_metadata_query_gate_text_stats_avg/attention_maps
Text metadata preview | dataset=FaceDetection | domain=UEA | channels=144
   - channel_1: In the UEA domain, this channel belongs to the FaceDetection dataset and represents the feature channel 1.
   - channel_2: In the UEA domain, this channel belongs to the FaceDetection dataset and represents the feature channel 2.
   - ... (142 more channel descriptions)
Stats metadata preview | dataset=FaceDetection | domain=UEA | channels=144
   - channel_1: Channel statistics over the training split: mean value is -0.000, standard deviation is 1.000, minimum value is -12.951, maximum value is 17.778, median value is -0.001, and mean absolute value is 0.760.
/data/pjh_workspace/ts-env/lib/python3.8/site-packages/torch/nn/modules/transformer.py:307: UserWarning: enable_nested_tensor is True, but self.use_nested_tensor is False because encoder_layer.norm_first was True
  warnings.warn(f"enable_nested_tensor is True, but self.use_nested_tensor is False because {why_not_sparsity_fast_path}")
==================================================
🚀 Architecture: LAYA
📊 Target Dataset: FaceDetection (Channels: 144)
📊 Pretrain Info: electricity
📊 Classes: 2 | Sequence Length: 62
==================================================
✅ Loaded pretrained encoder from ./checkpoints/electricity_laya_metadata_query_gate_text_stats_avg/laya_ts_electricity_s_best.pt
   - 116/116 keys matched.
✅ Encoder is FROZEN (Linear Probing mode).
📝 metadata: mode=text_stats_avg, fusion=none, relation=metadata_query_gate
ℹ️  Metadata Fusion Mode: none
ℹ️  Channel Mixer Relation Mode: metadata_query_gate
ℹ️  Encoder Variant: default
ℹ️  Channel Adapter: disabled for Laya downstream (mixer)
ℹ️  Channel Relation Block: disabled
✅ ClassificationHead: [B, 256] → [B, 2]
Epoch   1/50 | Train Loss: 0.7067 Acc: 0.5053 F1: 0.5052 | Val Loss: 0.7426 Acc: 0.4805 F1: 0.3302 | Train Meta: Scaleμ:0.9749, Signal|S|μ:4.4765, Delta|S|μ:4.0028, Delta/Signal:89.42%, Gateμ:-0.3204, Gate0%:0.0, MetaNormμ:6.6952 | Val Meta: Scaleμ:0.9749, Signal|S|μ:4.3514, Delta|S|μ:3.8905, Delta/Signal:89.41%, Gateμ:-0.3204, Gate0%:0.0, MetaNormμ:6.6952
Validation Loss decreased (inf --> 0.742637). Saving best model...
Epoch   2/50 | Train Loss: 0.7042 Acc: 0.4955 F1: 0.4949 | Val Loss: 0.6987 Acc: 0.4873 F1: 0.4552 | Train Meta: Scaleμ:0.9749, Signal|S|μ:4.3358, Delta|S|μ:3.8805, Delta/Signal:89.50%, Gateμ:-0.3204, Gate0%:0.0, MetaNormμ:6.6952 | Val Meta: Scaleμ:0.9749, Signal|S|μ:4.3514, Delta|S|μ:3.8905, Delta/Signal:89.41%, Gateμ:-0.3204, Gate0%:0.0, MetaNormμ:6.6952
Validation Loss decreased (0.742637 --> 0.698730). Saving best model...
Epoch   3/50 | Train Loss: 0.7003 Acc: 0.5106 F1: 0.5105 | Val Loss: 0.7012 Acc: 0.5161 F1: 0.3968 | Train Meta: Scaleμ:0.9749, Signal|S|μ:4.3907, Delta|S|μ:3.9255, Delta/Signal:89.40%, Gateμ:-0.3204, Gate0%:0.0, MetaNormμ:6.6952 | Val Meta: Scaleμ:0.9749, Signal|S|μ:4.3514, Delta|S|μ:3.8905, Delta/Signal:89.41%, Gateμ:-0.3204, Gate0%:0.0, MetaNormμ:6.6952
Epoch   4/50 | Train Loss: 0.7052 Acc: 0.4989 F1: 0.4985 | Val Loss: 0.7173 Acc: 0.4839 F1: 0.3346 | Train Meta: Scaleμ:0.9749, Signal|S|μ:4.4178, Delta|S|μ:3.9499, Delta/Signal:89.41%, Gateμ:-0.3204, Gate0%:0.0, MetaNormμ:6.6952 | Val Meta: Scaleμ:0.9749, Signal|S|μ:4.3514, Delta|S|μ:3.8905, Delta/Signal:89.41%, Gateμ:-0.3204, Gate0%:0.0, MetaNormμ:6.6952
Epoch   5/50 | Train Loss: 0.6993 Acc: 0.5085 F1: 0.5085 | Val Loss: 0.7150 Acc: 0.4873 F1: 0.4033 | Train Meta: Scaleμ:0.9749, Signal|S|μ:4.3659, Delta|S|μ:3.9054, Delta/Signal:89.45%, Gateμ:-0.3204, Gate0%:0.0, MetaNormμ:6.6952 | Val Meta: Scaleμ:0.9749, Signal|S|μ:4.3514, Delta|S|μ:3.8905, Delta/Signal:89.41%, Gateμ:-0.3204, Gate0%:0.0, MetaNormμ:6.6952
Epoch   6/50 | Train Loss: 0.6956 Acc: 0.5208 F1: 0.5207 | Val Loss: 0.6986 Acc: 0.5008 F1: 0.4549 | Train Meta: Scaleμ:0.9749, Signal|S|μ:4.2283, Delta|S|μ:3.7818, Delta/Signal:89.44%, Gateμ:-0.3204, Gate0%:0.0, MetaNormμ:6.6952 | Val Meta: Scaleμ:0.9749, Signal|S|μ:4.3514, Delta|S|μ:3.8905, Delta/Signal:89.41%, Gateμ:-0.3204, Gate0%:0.0, MetaNormμ:6.6952
Validation Loss decreased (0.698730 --> 0.698555). Saving best model...
Epoch   7/50 | Train Loss: 0.6991 Acc: 0.5023 F1: 0.5022 | Val Loss: 0.7476 Acc: 0.4788 F1: 0.3266 | Train Meta: Scaleμ:0.9749, Signal|S|μ:7.2987, Delta|S|μ:6.5185, Delta/Signal:89.31%, Gateμ:-0.3204, Gate0%:0.0, MetaNormμ:6.6952 | Val Meta: Scaleμ:0.9749, Signal|S|μ:4.3514, Delta|S|μ:3.8905, Delta/Signal:89.41%, Gateμ:-0.3204, Gate0%:0.0, MetaNormμ:6.6952
Epoch   8/50 | Train Loss: 0.7000 Acc: 0.5093 F1: 0.5092 | Val Loss: 0.7007 Acc: 0.4890 F1: 0.4460 | Train Meta: Scaleμ:0.9749, Signal|S|μ:4.4749, Delta|S|μ:4.0031, Delta/Signal:89.46%, Gateμ:-0.3204, Gate0%:0.0, MetaNormμ:6.6952 | Val Meta: Scaleμ:0.9749, Signal|S|μ:4.3514, Delta|S|μ:3.8905, Delta/Signal:89.41%, Gateμ:-0.3204, Gate0%:0.0, MetaNormμ:6.6952
Epoch   9/50 | Train Loss: 0.6990 Acc: 0.5187 F1: 0.5185 | Val Loss: 0.6970 Acc: 0.4992 F1: 0.4989 | Train Meta: Scaleμ:0.9749, Signal|S|μ:4.4214, Delta|S|μ:3.9531, Delta/Signal:89.41%, Gateμ:-0.3204, Gate0%:0.0, MetaNormμ:6.6952 | Val Meta: Scaleμ:0.9749, Signal|S|μ:4.3514, Delta|S|μ:3.8905, Delta/Signal:89.41%, Gateμ:-0.3204, Gate0%:0.0, MetaNormμ:6.6952
Validation Loss decreased (0.698555 --> 0.697014). Saving best model...
Epoch  10/50 | Train Loss: 0.6997 Acc: 0.5093 F1: 0.5091 | Val Loss: 0.7036 Acc: 0.5229 F1: 0.3558 | Train Meta: Scaleμ:0.9749, Signal|S|μ:4.3511, Delta|S|μ:3.8901, Delta/Signal:89.41%, Gateμ:-0.3204, Gate0%:0.0, MetaNormμ:6.6952 | Val Meta: Scaleμ:0.9749, Signal|S|μ:4.3514, Delta|S|μ:3.8905, Delta/Signal:89.41%, Gateμ:-0.3204, Gate0%:0.0, MetaNormμ:6.6952
Epoch  11/50 | Train Loss: 0.6978 Acc: 0.5145 F1: 0.5145 | Val Loss: 0.7142 Acc: 0.4567 F1: 0.4092 | Train Meta: Scaleμ:0.9749, Signal|S|μ:4.4354, Delta|S|μ:3.9675, Delta/Signal:89.45%, Gateμ:-0.3204, Gate0%:0.0, MetaNormμ:6.6952 | Val Meta: Scaleμ:0.9749, Signal|S|μ:4.3514, Delta|S|μ:3.8905, Delta/Signal:89.41%, Gateμ:-0.3204, Gate0%:0.0, MetaNormμ:6.6952
Epoch  12/50 | Train Loss: 0.6985 Acc: 0.5128 F1: 0.5124 | Val Loss: 0.7048 Acc: 0.4958 F1: 0.4487 | Train Meta: Scaleμ:0.9749, Signal|S|μ:4.5072, Delta|S|μ:4.0325, Delta/Signal:89.47%, Gateμ:-0.3204, Gate0%:0.0, MetaNormμ:6.6952 | Val Meta: Scaleμ:0.9749, Signal|S|μ:4.3514, Delta|S|μ:3.8905, Delta/Signal:89.41%, Gateμ:-0.3204, Gate0%:0.0, MetaNormμ:6.6952
Epoch  13/50 | Train Loss: 0.6943 Acc: 0.5253 F1: 0.5253 | Val Loss: 0.6957 Acc: 0.4839 F1: 0.4754 | Train Meta: Scaleμ:0.9749, Signal|S|μ:5.2078, Delta|S|μ:4.6593, Delta/Signal:89.47%, Gateμ:-0.3204, Gate0%:0.0, MetaNormμ:6.6952 | Val Meta: Scaleμ:0.9749, Signal|S|μ:4.3514, Delta|S|μ:3.8905, Delta/Signal:89.41%, Gateμ:-0.3204, Gate0%:0.0, MetaNormμ:6.6952
Validation Loss decreased (0.697014 --> 0.695699). Saving best model...
Epoch  14/50 | Train Loss: 0.6950 Acc: 0.5162 F1: 0.5161 | Val Loss: 0.6991 Acc: 0.4856 F1: 0.4468 | Train Meta: Scaleμ:0.9749, Signal|S|μ:4.3453, Delta|S|μ:3.8863, Delta/Signal:89.44%, Gateμ:-0.3204, Gate0%:0.0, MetaNormμ:6.6952 | Val Meta: Scaleμ:0.9749, Signal|S|μ:4.3514, Delta|S|μ:3.8905, Delta/Signal:89.41%, Gateμ:-0.3204, Gate0%:0.0, MetaNormμ:6.6952
Epoch  15/50 | Train Loss: 0.6955 Acc: 0.5140 F1: 0.5140 | Val Loss: 0.6960 Acc: 0.5093 F1: 0.4909 | Train Meta: Scaleμ:0.9749, Signal|S|μ:4.3673, Delta|S|μ:3.9065, Delta/Signal:89.45%, Gateμ:-0.3204, Gate0%:0.0, MetaNormμ:6.6952 | Val Meta: Scaleμ:0.9749, Signal|S|μ:4.3514, Delta|S|μ:3.8905, Delta/Signal:89.41%, Gateμ:-0.3204, Gate0%:0.0, MetaNormμ:6.6952
Epoch  16/50 | Train Loss: 0.6966 Acc: 0.5247 F1: 0.5247 | Val Loss: 0.7005 Acc: 0.5178 F1: 0.5171 | Train Meta: Scaleμ:0.9749, Signal|S|μ:4.2683, Delta|S|μ:3.8158, Delta/Signal:89.40%, Gateμ:-0.3204, Gate0%:0.0, MetaNormμ:6.6952 | Val Meta: Scaleμ:0.9749, Signal|S|μ:4.3514, Delta|S|μ:3.8905, Delta/Signal:89.41%, Gateμ:-0.3204, Gate0%:0.0, MetaNormμ:6.6952
Epoch  17/50 | Train Loss: 0.6966 Acc: 0.5147 F1: 0.5147 | Val Loss: 0.7028 Acc: 0.4907 F1: 0.4588 | Train Meta: Scaleμ:0.9749, Signal|S|μ:4.4471, Delta|S|μ:3.9765, Delta/Signal:89.42%, Gateμ:-0.3204, Gate0%:0.0, MetaNormμ:6.6952 | Val Meta: Scaleμ:0.9749, Signal|S|μ:4.3514, Delta|S|μ:3.8905, Delta/Signal:89.41%, Gateμ:-0.3204, Gate0%:0.0, MetaNormμ:6.6952
Epoch  18/50 | Train Loss: 0.6929 Acc: 0.5293 F1: 0.5292 | Val Loss: 0.7277 Acc: 0.4771 F1: 0.3258 | Train Meta: Scaleμ:0.9749, Signal|S|μ:4.5731, Delta|S|μ:4.0867, Delta/Signal:89.36%, Gateμ:-0.3204, Gate0%:0.0, MetaNormμ:6.6952 | Val Meta: Scaleμ:0.9749, Signal|S|μ:4.3514, Delta|S|μ:3.8905, Delta/Signal:89.41%, Gateμ:-0.3204, Gate0%:0.0, MetaNormμ:6.6952
Epoch  19/50 | Train Loss: 0.6954 Acc: 0.5172 F1: 0.5172 | Val Loss: 0.6974 Acc: 0.5093 F1: 0.4192 | Train Meta: Scaleμ:0.9749, Signal|S|μ:4.1517, Delta|S|μ:3.7111, Delta/Signal:89.39%, Gateμ:-0.3204, Gate0%:0.0, MetaNormμ:6.6952 | Val Meta: Scaleμ:0.9749, Signal|S|μ:4.3514, Delta|S|μ:3.8905, Delta/Signal:89.41%, Gateμ:-0.3204, Gate0%:0.0, MetaNormμ:6.6952
Epoch  20/50 | Train Loss: 0.6937 Acc: 0.5193 F1: 0.5193 | Val Loss: 0.7026 Acc: 0.4907 F1: 0.4450 | Train Meta: Scaleμ:0.9749, Signal|S|μ:4.6312, Delta|S|μ:4.1425, Delta/Signal:89.45%, Gateμ:-0.3204, Gate0%:0.0, MetaNormμ:6.6952 | Val Meta: Scaleμ:0.9749, Signal|S|μ:4.3514, Delta|S|μ:3.8905, Delta/Signal:89.41%, Gateμ:-0.3204, Gate0%:0.0, MetaNormμ:6.6952
Epoch  21/50 | Train Loss: 0.6942 Acc: 0.5274 F1: 0.5274 | Val Loss: 0.7016 Acc: 0.5161 F1: 0.3774 | Train Meta: Scaleμ:0.9749, Signal|S|μ:4.2937, Delta|S|μ:3.8412, Delta/Signal:89.46%, Gateμ:-0.3204, Gate0%:0.0, MetaNormμ:6.6952 | Val Meta: Scaleμ:0.9749, Signal|S|μ:4.3514, Delta|S|μ:3.8905, Delta/Signal:89.41%, Gateμ:-0.3204, Gate0%:0.0, MetaNormμ:6.6952
Epoch  22/50 | Train Loss: 0.6940 Acc: 0.5240 F1: 0.5239 | Val Loss: 0.7050 Acc: 0.4720 F1: 0.3750 | Train Meta: Scaleμ:0.9749, Signal|S|μ:4.2734, Delta|S|μ:3.8214, Delta/Signal:89.42%, Gateμ:-0.3204, Gate0%:0.0, MetaNormμ:6.6952 | Val Meta: Scaleμ:0.9749, Signal|S|μ:4.3514, Delta|S|μ:3.8905, Delta/Signal:89.41%, Gateμ:-0.3204, Gate0%:0.0, MetaNormμ:6.6952
Epoch  23/50 | Train Loss: 0.6950 Acc: 0.5232 F1: 0.5227 | Val Loss: 0.6994 Acc: 0.5042 F1: 0.4846 | Train Meta: Scaleμ:0.9749, Signal|S|μ:4.3976, Delta|S|μ:3.9339, Delta/Signal:89.45%, Gateμ:-0.3204, Gate0%:0.0, MetaNormμ:6.6952 | Val Meta: Scaleμ:0.9749, Signal|S|μ:4.3514, Delta|S|μ:3.8905, Delta/Signal:89.41%, Gateμ:-0.3204, Gate0%:0.0, MetaNormμ:6.6952
Epoch  24/50 | Train Loss: 0.6943 Acc: 0.5245 F1: 0.5243 | Val Loss: 0.7028 Acc: 0.4686 F1: 0.3962 | Train Meta: Scaleμ:0.9749, Signal|S|μ:4.6452, Delta|S|μ:4.1528, Delta/Signal:89.40%, Gateμ:-0.3204, Gate0%:0.0, MetaNormμ:6.6952 | Val Meta: Scaleμ:0.9749, Signal|S|μ:4.3514, Delta|S|μ:3.8905, Delta/Signal:89.41%, Gateμ:-0.3204, Gate0%:0.0, MetaNormμ:6.6952
Epoch  25/50 | Train Loss: 0.6940 Acc: 0.5208 F1: 0.5199 | Val Loss: 0.7064 Acc: 0.5127 F1: 0.3596 | Train Meta: Scaleμ:0.9749, Signal|S|μ:4.2062, Delta|S|μ:3.7617, Delta/Signal:89.43%, Gateμ:-0.3204, Gate0%:0.0, MetaNormμ:6.6952 | Val Meta: Scaleμ:0.9749, Signal|S|μ:4.3514, Delta|S|μ:3.8905, Delta/Signal:89.41%, Gateμ:-0.3204, Gate0%:0.0, MetaNormμ:6.6952
Epoch  26/50 | Train Loss: 0.6913 Acc: 0.5238 F1: 0.5238 | Val Loss: 0.7069 Acc: 0.4720 F1: 0.3934 | Train Meta: Scaleμ:0.9749, Signal|S|μ:4.1766, Delta|S|μ:3.7348, Delta/Signal:89.42%, Gateμ:-0.3204, Gate0%:0.0, MetaNormμ:6.6952 | Val Meta: Scaleμ:0.9749, Signal|S|μ:4.3514, Delta|S|μ:3.8905, Delta/Signal:89.41%, Gateμ:-0.3204, Gate0%:0.0, MetaNormμ:6.6952
Epoch  27/50 | Train Loss: 0.6919 Acc: 0.5287 F1: 0.5286 | Val Loss: 0.6961 Acc: 0.5195 F1: 0.5064 | Train Meta: Scaleμ:0.9749, Signal|S|μ:8.7419, Delta|S|μ:7.8334, Delta/Signal:89.61%, Gateμ:-0.3204, Gate0%:0.0, MetaNormμ:6.6952 | Val Meta: Scaleμ:0.9749, Signal|S|μ:4.3514, Delta|S|μ:3.8905, Delta/Signal:89.41%, Gateμ:-0.3204, Gate0%:0.0, MetaNormμ:6.6952
Epoch  28/50 | Train Loss: 0.6920 Acc: 0.5176 F1: 0.5174 | Val Loss: 0.7003 Acc: 0.5093 F1: 0.3738 | Train Meta: Scaleμ:0.9749, Signal|S|μ:6.5463, Delta|S|μ:5.8589, Delta/Signal:89.50%, Gateμ:-0.3204, Gate0%:0.0, MetaNormμ:6.6952 | Val Meta: Scaleμ:0.9749, Signal|S|μ:4.3514, Delta|S|μ:3.8905, Delta/Signal:89.41%, Gateμ:-0.3204, Gate0%:0.0, MetaNormμ:6.6952
Epoch  29/50 | Train Loss: 0.6895 Acc: 0.5361 F1: 0.5348 | Val Loss: 0.7287 Acc: 0.5178 F1: 0.3443 | Train Meta: Scaleμ:0.9749, Signal|S|μ:4.4052, Delta|S|μ:3.9384, Delta/Signal:89.40%, Gateμ:-0.3204, Gate0%:0.0, MetaNormμ:6.6952 | Val Meta: Scaleμ:0.9749, Signal|S|μ:4.3514, Delta|S|μ:3.8905, Delta/Signal:89.41%, Gateμ:-0.3204, Gate0%:0.0, MetaNormμ:6.6952
Epoch  30/50 | Train Loss: 0.6930 Acc: 0.5240 F1: 0.5239 | Val Loss: 0.6994 Acc: 0.5161 F1: 0.5120 | Train Meta: Scaleμ:0.9749, Signal|S|μ:4.9156, Delta|S|μ:4.3995, Delta/Signal:89.50%, Gateμ:-0.3204, Gate0%:0.0, MetaNormμ:6.6952 | Val Meta: Scaleμ:0.9749, Signal|S|μ:4.3514, Delta|S|μ:3.8905, Delta/Signal:89.41%, Gateμ:-0.3204, Gate0%:0.0, MetaNormμ:6.6952
Epoch  31/50 | Train Loss: 0.6913 Acc: 0.5240 F1: 0.5240 | Val Loss: 0.6989 Acc: 0.5042 F1: 0.4880 | Train Meta: Scaleμ:0.9749, Signal|S|μ:4.3129, Delta|S|μ:3.8567, Delta/Signal:89.42%, Gateμ:-0.3204, Gate0%:0.0, MetaNormμ:6.6952 | Val Meta: Scaleμ:0.9749, Signal|S|μ:4.3514, Delta|S|μ:3.8905, Delta/Signal:89.41%, Gateμ:-0.3204, Gate0%:0.0, MetaNormμ:6.6952
Epoch  32/50 | Train Loss: 0.6909 Acc: 0.5291 F1: 0.5290 | Val Loss: 0.7114 Acc: 0.4771 F1: 0.3896 | Train Meta: Scaleμ:0.9749, Signal|S|μ:4.8195, Delta|S|μ:4.3072, Delta/Signal:89.37%, Gateμ:-0.3204, Gate0%:0.0, MetaNormμ:6.6952 | Val Meta: Scaleμ:0.9749, Signal|S|μ:4.3514, Delta|S|μ:3.8905, Delta/Signal:89.41%, Gateμ:-0.3204, Gate0%:0.0, MetaNormμ:6.6952
Epoch  33/50 | Train Loss: 0.6909 Acc: 0.5370 F1: 0.5368 | Val Loss: 0.7000 Acc: 0.5008 F1: 0.4757 | Train Meta: Scaleμ:0.9749, Signal|S|μ:4.1930, Delta|S|μ:3.7507, Delta/Signal:89.45%, Gateμ:-0.3204, Gate0%:0.0, MetaNormμ:6.6952 | Val Meta: Scaleμ:0.9749, Signal|S|μ:4.3514, Delta|S|μ:3.8905, Delta/Signal:89.41%, Gateμ:-0.3204, Gate0%:0.0, MetaNormμ:6.6952
Epoch  34/50 | Train Loss: 0.6938 Acc: 0.5240 F1: 0.5231 | Val Loss: 0.7163 Acc: 0.4771 F1: 0.3588 | Train Meta: Scaleμ:0.9749, Signal|S|μ:4.2671, Delta|S|μ:3.8166, Delta/Signal:89.44%, Gateμ:-0.3204, Gate0%:0.0, MetaNormμ:6.6952 | Val Meta: Scaleμ:0.9749, Signal|S|μ:4.3514, Delta|S|μ:3.8905, Delta/Signal:89.41%, Gateμ:-0.3204, Gate0%:0.0, MetaNormμ:6.6952
Epoch  35/50 | Train Loss: 0.6906 Acc: 0.5291 F1: 0.5290 | Val Loss: 0.6950 Acc: 0.5161 F1: 0.4457 | Train Meta: Scaleμ:0.9749, Signal|S|μ:4.3264, Delta|S|μ:3.8706, Delta/Signal:89.46%, Gateμ:-0.3204, Gate0%:0.0, MetaNormμ:6.6952 | Val Meta: Scaleμ:0.9749, Signal|S|μ:4.3514, Delta|S|μ:3.8905, Delta/Signal:89.41%, Gateμ:-0.3204, Gate0%:0.0, MetaNormμ:6.6952
Validation Loss decreased (0.695699 --> 0.695007). Saving best model...
Epoch  36/50 | Train Loss: 0.6901 Acc: 0.5283 F1: 0.5283 | Val Loss: 0.6979 Acc: 0.5263 F1: 0.5247 | Train Meta: Scaleμ:0.9749, Signal|S|μ:4.4640, Delta|S|μ:3.9913, Delta/Signal:89.41%, Gateμ:-0.3204, Gate0%:0.0, MetaNormμ:6.6952 | Val Meta: Scaleμ:0.9749, Signal|S|μ:4.3514, Delta|S|μ:3.8905, Delta/Signal:89.41%, Gateμ:-0.3204, Gate0%:0.0, MetaNormμ:6.6952
Epoch  37/50 | Train Loss: 0.6925 Acc: 0.5144 F1: 0.5144 | Val Loss: 0.7169 Acc: 0.4788 F1: 0.3597 | Train Meta: Scaleμ:0.9749, Signal|S|μ:4.5717, Delta|S|μ:4.0906, Delta/Signal:89.48%, Gateμ:-0.3204, Gate0%:0.0, MetaNormμ:6.6952 | Val Meta: Scaleμ:0.9749, Signal|S|μ:4.3514, Delta|S|μ:3.8905, Delta/Signal:89.41%, Gateμ:-0.3204, Gate0%:0.0, MetaNormμ:6.6952
Epoch  38/50 | Train Loss: 0.6923 Acc: 0.5268 F1: 0.5268 | Val Loss: 0.7028 Acc: 0.4958 F1: 0.4761 | Train Meta: Scaleμ:0.9749, Signal|S|μ:4.3859, Delta|S|μ:3.9204, Delta/Signal:89.38%, Gateμ:-0.3204, Gate0%:0.0, MetaNormμ:6.6952 | Val Meta: Scaleμ:0.9749, Signal|S|μ:4.3514, Delta|S|μ:3.8905, Delta/Signal:89.41%, Gateμ:-0.3204, Gate0%:0.0, MetaNormμ:6.6952
Epoch  39/50 | Train Loss: 0.6888 Acc: 0.5368 F1: 0.5368 | Val Loss: 0.6973 Acc: 0.5263 F1: 0.5263 | Train Meta: Scaleμ:0.9749, Signal|S|μ:4.4749, Delta|S|μ:3.9998, Delta/Signal:89.38%, Gateμ:-0.3204, Gate0%:0.0, MetaNormμ:6.6952 | Val Meta: Scaleμ:0.9749, Signal|S|μ:4.3514, Delta|S|μ:3.8905, Delta/Signal:89.41%, Gateμ:-0.3204, Gate0%:0.0, MetaNormμ:6.6952
Epoch  40/50 | Train Loss: 0.6878 Acc: 0.5465 F1: 0.5459 | Val Loss: 0.6975 Acc: 0.5195 F1: 0.4383 | Train Meta: Scaleμ:0.9749, Signal|S|μ:4.4016, Delta|S|μ:3.9352, Delta/Signal:89.40%, Gateμ:-0.3204, Gate0%:0.0, MetaNormμ:6.6952 | Val Meta: Scaleμ:0.9749, Signal|S|μ:4.3514, Delta|S|μ:3.8905, Delta/Signal:89.41%, Gateμ:-0.3204, Gate0%:0.0, MetaNormμ:6.6952
Epoch  41/50 | Train Loss: 0.6907 Acc: 0.5317 F1: 0.5316 | Val Loss: 0.7093 Acc: 0.5161 F1: 0.3436 | Train Meta: Scaleμ:0.9749, Signal|S|μ:4.3097, Delta|S|μ:3.8525, Delta/Signal:89.39%, Gateμ:-0.3204, Gate0%:0.0, MetaNormμ:6.6952 | Val Meta: Scaleμ:0.9749, Signal|S|μ:4.3514, Delta|S|μ:3.8905, Delta/Signal:89.41%, Gateμ:-0.3204, Gate0%:0.0, MetaNormμ:6.6952
Epoch  42/50 | Train Loss: 0.6911 Acc: 0.5240 F1: 0.5237 | Val Loss: 0.7031 Acc: 0.4737 F1: 0.4680 | Train Meta: Scaleμ:0.9749, Signal|S|μ:4.2402, Delta|S|μ:3.7921, Delta/Signal:89.43%, Gateμ:-0.3204, Gate0%:0.0, MetaNormμ:6.6952 | Val Meta: Scaleμ:0.9749, Signal|S|μ:4.3514, Delta|S|μ:3.8905, Delta/Signal:89.41%, Gateμ:-0.3204, Gate0%:0.0, MetaNormμ:6.6952
Epoch  43/50 | Train Loss: 0.6895 Acc: 0.5296 F1: 0.5294 | Val Loss: 0.7016 Acc: 0.4788 F1: 0.4782 | Train Meta: Scaleμ:0.9749, Signal|S|μ:4.5194, Delta|S|μ:4.0402, Delta/Signal:89.40%, Gateμ:-0.3204, Gate0%:0.0, MetaNormμ:6.6952 | Val Meta: Scaleμ:0.9749, Signal|S|μ:4.3514, Delta|S|μ:3.8905, Delta/Signal:89.41%, Gateμ:-0.3204, Gate0%:0.0, MetaNormμ:6.6952
Epoch  44/50 | Train Loss: 0.6907 Acc: 0.5274 F1: 0.5273 | Val Loss: 0.7028 Acc: 0.4720 F1: 0.4717 | Train Meta: Scaleμ:0.9749, Signal|S|μ:4.2936, Delta|S|μ:3.8422, Delta/Signal:89.49%, Gateμ:-0.3204, Gate0%:0.0, MetaNormμ:6.6952 | Val Meta: Scaleμ:0.9749, Signal|S|μ:4.3514, Delta|S|μ:3.8905, Delta/Signal:89.41%, Gateμ:-0.3204, Gate0%:0.0, MetaNormμ:6.6952
Epoch  45/50 | Train Loss: 0.6877 Acc: 0.5357 F1: 0.5356 | Val Loss: 0.7136 Acc: 0.4822 F1: 0.3495 | Train Meta: Scaleμ:0.9749, Signal|S|μ:4.4210, Delta|S|μ:3.9545, Delta/Signal:89.45%, Gateμ:-0.3204, Gate0%:0.0, MetaNormμ:6.6952 | Val Meta: Scaleμ:0.9749, Signal|S|μ:4.3514, Delta|S|μ:3.8905, Delta/Signal:89.41%, Gateμ:-0.3204, Gate0%:0.0, MetaNormμ:6.6952
Epoch  46/50 | Train Loss: 0.6890 Acc: 0.5338 F1: 0.5337 | Val Loss: 0.7082 Acc: 0.4856 F1: 0.4230 | Train Meta: Scaleμ:0.9749, Signal|S|μ:4.3471, Delta|S|μ:3.8878, Delta/Signal:89.43%, Gateμ:-0.3204, Gate0%:0.0, MetaNormμ:6.6952 | Val Meta: Scaleμ:0.9749, Signal|S|μ:4.3514, Delta|S|μ:3.8905, Delta/Signal:89.41%, Gateμ:-0.3204, Gate0%:0.0, MetaNormμ:6.6952
Epoch  47/50 | Train Loss: 0.6881 Acc: 0.5359 F1: 0.5358 | Val Loss: 0.6982 Acc: 0.4941 F1: 0.4933 | Train Meta: Scaleμ:0.9749, Signal|S|μ:4.1414, Delta|S|μ:3.7041, Delta/Signal:89.44%, Gateμ:-0.3204, Gate0%:0.0, MetaNormμ:6.6952 | Val Meta: Scaleμ:0.9749, Signal|S|μ:4.3514, Delta|S|μ:3.8905, Delta/Signal:89.41%, Gateμ:-0.3204, Gate0%:0.0, MetaNormμ:6.6952
Epoch  48/50 | Train Loss: 0.6881 Acc: 0.5444 F1: 0.5440 | Val Loss: 0.6970 Acc: 0.5110 F1: 0.4747 | Train Meta: Scaleμ:0.9749, Signal|S|μ:4.4707, Delta|S|μ:3.9995, Delta/Signal:89.46%, Gateμ:-0.3204, Gate0%:0.0, MetaNormμ:6.6952 | Val Meta: Scaleμ:0.9749, Signal|S|μ:4.3514, Delta|S|μ:3.8905, Delta/Signal:89.41%, Gateμ:-0.3204, Gate0%:0.0, MetaNormμ:6.6952
Epoch  49/50 | Train Loss: 0.6897 Acc: 0.5281 F1: 0.5281 | Val Loss: 0.6963 Acc: 0.5076 F1: 0.4927 | Train Meta: Scaleμ:0.9749, Signal|S|μ:4.3734, Delta|S|μ:3.9130, Delta/Signal:89.47%, Gateμ:-0.3204, Gate0%:0.0, MetaNormμ:6.6952 | Val Meta: Scaleμ:0.9749, Signal|S|μ:4.3514, Delta|S|μ:3.8905, Delta/Signal:89.41%, Gateμ:-0.3204, Gate0%:0.0, MetaNormμ:6.6952
Epoch  50/50 | Train Loss: 0.6877 Acc: 0.5391 F1: 0.5388 | Val Loss: 0.6948 Acc: 0.5195 F1: 0.5194 | Train Meta: Scaleμ:0.9749, Signal|S|μ:4.5125, Delta|S|μ:4.0361, Delta/Signal:89.44%, Gateμ:-0.3204, Gate0%:0.0, MetaNormμ:6.6952 | Val Meta: Scaleμ:0.9749, Signal|S|μ:4.3514, Delta|S|μ:3.8905, Delta/Signal:89.41%, Gateμ:-0.3204, Gate0%:0.0, MetaNormμ:6.6952
Validation Loss decreased (0.695007 --> 0.694768). Saving best model...

Classification Test Result (FaceDetection)
Accuracy : 0.520431
F1 (macro): 0.519465
Saved attention maps for 3 sample(s) under ./runs/classification_electricity_to_FaceDetection_laya_metadata_query_gate_text_stats_avg/attention_maps
Text metadata preview | dataset=Handwriting | domain=UEA | channels=3
   - channel_1: In the UEA domain, this channel belongs to the Handwriting dataset and represents the feature channel 1.
   - channel_2: In the UEA domain, this channel belongs to the Handwriting dataset and represents the feature channel 2.
   - ... (1 more channel descriptions)
Stats metadata preview | dataset=Handwriting | domain=UEA | channels=3
   - channel_1: Channel statistics over the training split: mean value is 0.000, standard deviation is 1.000, minimum value is -5.822, maximum value is 9.137, median value is 0.004, and mean absolute value is 0.540.
/data/pjh_workspace/ts-env/lib/python3.8/site-packages/torch/nn/modules/transformer.py:307: UserWarning: enable_nested_tensor is True, but self.use_nested_tensor is False because encoder_layer.norm_first was True
  warnings.warn(f"enable_nested_tensor is True, but self.use_nested_tensor is False because {why_not_sparsity_fast_path}")
==================================================
🚀 Architecture: LAYA
📊 Target Dataset: Handwriting (Channels: 3)
📊 Pretrain Info: electricity
📊 Classes: 26 | Sequence Length: 152
==================================================
✅ Loaded pretrained encoder from ./checkpoints/electricity_laya_metadata_query_gate_text_stats_avg/laya_ts_electricity_s_best.pt
   - 116/116 keys matched.
✅ Encoder is FROZEN (Linear Probing mode).
📝 metadata: mode=text_stats_avg, fusion=none, relation=metadata_query_gate
ℹ️  Metadata Fusion Mode: none
ℹ️  Channel Mixer Relation Mode: metadata_query_gate
ℹ️  Encoder Variant: default
ℹ️  Channel Adapter: disabled for Laya downstream (mixer)
ℹ️  Channel Relation Block: disabled
✅ ClassificationHead: [B, 256] → [B, 26]
Epoch   1/50 | Train Loss: 3.2045 Acc: 0.0625 F1: 0.0265 | Val Loss: 3.4234 Acc: 0.0000 F1: 0.0000 | Train Meta: Scaleμ:0.9749, Signal|S|μ:3.9236, Delta|S|μ:3.4174, Delta/Signal:87.10%, Gateμ:-0.3032, Gate0%:0.0, MetaNormμ:6.6990 | Val Meta: Scaleμ:0.9749, Signal|S|μ:4.0284, Delta|S|μ:3.5046, Delta/Signal:87.00%, Gateμ:-0.3032, Gate0%:0.0, MetaNormμ:6.6990
Validation Loss decreased (inf --> 3.423364). Saving best model...
Epoch   2/50 | Train Loss: 2.9692 Acc: 0.1094 F1: 0.0264 | Val Loss: 3.3764 Acc: 0.0667 F1: 0.0357 | Train Meta: Scaleμ:0.9749, Signal|S|μ:4.0987, Delta|S|μ:3.5629, Delta/Signal:86.93%, Gateμ:-0.3032, Gate0%:0.0, MetaNormμ:6.6990 | Val Meta: Scaleμ:0.9749, Signal|S|μ:4.0284, Delta|S|μ:3.5046, Delta/Signal:87.00%, Gateμ:-0.3032, Gate0%:0.0, MetaNormμ:6.6990
Validation Loss decreased (3.423364 --> 3.376359). Saving best model...
Epoch   3/50 | Train Loss: 2.8920 Acc: 0.1250 F1: 0.0312 | Val Loss: 3.3858 Acc: 0.1333 F1: 0.0561 | Train Meta: Scaleμ:0.9749, Signal|S|μ:3.7395, Delta|S|μ:3.2625, Delta/Signal:87.25%, Gateμ:-0.3032, Gate0%:0.0, MetaNormμ:6.6990 | Val Meta: Scaleμ:0.9749, Signal|S|μ:4.0284, Delta|S|μ:3.5046, Delta/Signal:87.00%, Gateμ:-0.3032, Gate0%:0.0, MetaNormμ:6.6990
Epoch   4/50 | Train Loss: 2.8187 Acc: 0.1328 F1: 0.0404 | Val Loss: 3.4431 Acc: 0.0667 F1: 0.0667 | Train Meta: Scaleμ:0.9749, Signal|S|μ:3.7846, Delta|S|μ:3.2946, Delta/Signal:87.05%, Gateμ:-0.3032, Gate0%:0.0, MetaNormμ:6.6990 | Val Meta: Scaleμ:0.9749, Signal|S|μ:4.0284, Delta|S|μ:3.5046, Delta/Signal:87.00%, Gateμ:-0.3032, Gate0%:0.0, MetaNormμ:6.6990
Epoch   5/50 | Train Loss: 2.7716 Acc: 0.1562 F1: 0.0656 | Val Loss: 3.4447 Acc: 0.0667 F1: 0.0250 | Train Meta: Scaleμ:0.9749, Signal|S|μ:4.1720, Delta|S|μ:3.6321, Delta/Signal:87.06%, Gateμ:-0.3032, Gate0%:0.0, MetaNormμ:6.6990 | Val Meta: Scaleμ:0.9749, Signal|S|μ:4.0284, Delta|S|μ:3.5046, Delta/Signal:87.00%, Gateμ:-0.3032, Gate0%:0.0, MetaNormμ:6.6990
Epoch   6/50 | Train Loss: 2.6828 Acc: 0.2109 F1: 0.1077 | Val Loss: 3.3779 Acc: 0.0667 F1: 0.0267 | Train Meta: Scaleμ:0.9749, Signal|S|μ:3.9742, Delta|S|μ:3.4655, Delta/Signal:87.20%, Gateμ:-0.3032, Gate0%:0.0, MetaNormμ:6.6990 | Val Meta: Scaleμ:0.9749, Signal|S|μ:4.0284, Delta|S|μ:3.5046, Delta/Signal:87.00%, Gateμ:-0.3032, Gate0%:0.0, MetaNormμ:6.6990
Epoch   7/50 | Train Loss: 2.6554 Acc: 0.2031 F1: 0.0950 | Val Loss: 3.3664 Acc: 0.0667 F1: 0.0286 | Train Meta: Scaleμ:0.9749, Signal|S|μ:4.0734, Delta|S|μ:3.5535, Delta/Signal:87.24%, Gateμ:-0.3032, Gate0%:0.0, MetaNormμ:6.6990 | Val Meta: Scaleμ:0.9749, Signal|S|μ:4.0284, Delta|S|μ:3.5046, Delta/Signal:87.00%, Gateμ:-0.3032, Gate0%:0.0, MetaNormμ:6.6990
Validation Loss decreased (3.376359 --> 3.366381). Saving best model...
Epoch   8/50 | Train Loss: 2.6089 Acc: 0.1953 F1: 0.0925 | Val Loss: 3.4168 Acc: 0.0667 F1: 0.0667 | Train Meta: Scaleμ:0.9749, Signal|S|μ:3.8118, Delta|S|μ:3.3268, Delta/Signal:87.28%, Gateμ:-0.3032, Gate0%:0.0, MetaNormμ:6.6990 | Val Meta: Scaleμ:0.9749, Signal|S|μ:4.0284, Delta|S|μ:3.5046, Delta/Signal:87.00%, Gateμ:-0.3032, Gate0%:0.0, MetaNormμ:6.6990
Epoch   9/50 | Train Loss: 2.5942 Acc: 0.2109 F1: 0.1252 | Val Loss: 3.4071 Acc: 0.0667 F1: 0.0667 | Train Meta: Scaleμ:0.9749, Signal|S|μ:3.9498, Delta|S|μ:3.4537, Delta/Signal:87.44%, Gateμ:-0.3032, Gate0%:0.0, MetaNormμ:6.6990 | Val Meta: Scaleμ:0.9749, Signal|S|μ:4.0284, Delta|S|μ:3.5046, Delta/Signal:87.00%, Gateμ:-0.3032, Gate0%:0.0, MetaNormμ:6.6990
Epoch  10/50 | Train Loss: 2.5492 Acc: 0.2266 F1: 0.1268 | Val Loss: 3.4457 Acc: 0.1333 F1: 0.1000 | Train Meta: Scaleμ:0.9749, Signal|S|μ:3.9824, Delta|S|μ:3.4831, Delta/Signal:87.46%, Gateμ:-0.3032, Gate0%:0.0, MetaNormμ:6.6990 | Val Meta: Scaleμ:0.9749, Signal|S|μ:4.0284, Delta|S|μ:3.5046, Delta/Signal:87.00%, Gateμ:-0.3032, Gate0%:0.0, MetaNormμ:6.6990
Epoch  11/50 | Train Loss: 2.5120 Acc: 0.2344 F1: 0.1552 | Val Loss: 3.4704 Acc: 0.1333 F1: 0.0938 | Train Meta: Scaleμ:0.9749, Signal|S|μ:3.9315, Delta|S|μ:3.4360, Delta/Signal:87.40%, Gateμ:-0.3032, Gate0%:0.0, MetaNormμ:6.6990 | Val Meta: Scaleμ:0.9749, Signal|S|μ:4.0284, Delta|S|μ:3.5046, Delta/Signal:87.00%, Gateμ:-0.3032, Gate0%:0.0, MetaNormμ:6.6990
Epoch  12/50 | Train Loss: 2.4701 Acc: 0.2422 F1: 0.1621 | Val Loss: 3.5347 Acc: 0.1333 F1: 0.0938 | Train Meta: Scaleμ:0.9749, Signal|S|μ:3.7567, Delta|S|μ:3.2766, Delta/Signal:87.22%, Gateμ:-0.3032, Gate0%:0.0, MetaNormμ:6.6990 | Val Meta: Scaleμ:0.9749, Signal|S|μ:4.0284, Delta|S|μ:3.5046, Delta/Signal:87.00%, Gateμ:-0.3032, Gate0%:0.0, MetaNormμ:6.6990
Epoch  13/50 | Train Loss: 2.4576 Acc: 0.2500 F1: 0.1589 | Val Loss: 3.5088 Acc: 0.1333 F1: 0.0938 | Train Meta: Scaleμ:0.9749, Signal|S|μ:3.9193, Delta|S|μ:3.4313, Delta/Signal:87.55%, Gateμ:-0.3032, Gate0%:0.0, MetaNormμ:6.6990 | Val Meta: Scaleμ:0.9749, Signal|S|μ:4.0284, Delta|S|μ:3.5046, Delta/Signal:87.00%, Gateμ:-0.3032, Gate0%:0.0, MetaNormμ:6.6990
Epoch  14/50 | Train Loss: 2.4276 Acc: 0.2578 F1: 0.1740 | Val Loss: 3.5406 Acc: 0.1333 F1: 0.1176 | Train Meta: Scaleμ:0.9749, Signal|S|μ:4.1097, Delta|S|μ:3.5811, Delta/Signal:87.14%, Gateμ:-0.3032, Gate0%:0.0, MetaNormμ:6.6990 | Val Meta: Scaleμ:0.9749, Signal|S|μ:4.0284, Delta|S|μ:3.5046, Delta/Signal:87.00%, Gateμ:-0.3032, Gate0%:0.0, MetaNormμ:6.6990
Epoch  15/50 | Train Loss: 2.4089 Acc: 0.2578 F1: 0.1640 | Val Loss: 3.5681 Acc: 0.1333 F1: 0.0938 | Train Meta: Scaleμ:0.9749, Signal|S|μ:3.8871, Delta|S|μ:3.4118, Delta/Signal:87.77%, Gateμ:-0.3032, Gate0%:0.0, MetaNormμ:6.6990 | Val Meta: Scaleμ:0.9749, Signal|S|μ:4.0284, Delta|S|μ:3.5046, Delta/Signal:87.00%, Gateμ:-0.3032, Gate0%:0.0, MetaNormμ:6.6990
Epoch  16/50 | Train Loss: 2.3855 Acc: 0.2734 F1: 0.1721 | Val Loss: 3.5246 Acc: 0.1333 F1: 0.1000 | Train Meta: Scaleμ:0.9749, Signal|S|μ:4.0621, Delta|S|μ:3.5342, Delta/Signal:87.01%, Gateμ:-0.3032, Gate0%:0.0, MetaNormμ:6.6990 | Val Meta: Scaleμ:0.9749, Signal|S|μ:4.0284, Delta|S|μ:3.5046, Delta/Signal:87.00%, Gateμ:-0.3032, Gate0%:0.0, MetaNormμ:6.6990
Epoch  17/50 | Train Loss: 2.3364 Acc: 0.2891 F1: 0.2120 | Val Loss: 3.5478 Acc: 0.1333 F1: 0.1000 | Train Meta: Scaleμ:0.9749, Signal|S|μ:3.7364, Delta|S|μ:3.2527, Delta/Signal:87.05%, Gateμ:-0.3032, Gate0%:0.0, MetaNormμ:6.6990 | Val Meta: Scaleμ:0.9749, Signal|S|μ:4.0284, Delta|S|μ:3.5046, Delta/Signal:87.00%, Gateμ:-0.3032, Gate0%:0.0, MetaNormμ:6.6990
Epoch  18/50 | Train Loss: 2.3563 Acc: 0.2578 F1: 0.1923 | Val Loss: 3.5406 Acc: 0.0667 F1: 0.0333 | Train Meta: Scaleμ:0.9749, Signal|S|μ:3.7825, Delta|S|μ:3.2983, Delta/Signal:87.20%, Gateμ:-0.3032, Gate0%:0.0, MetaNormμ:6.6990 | Val Meta: Scaleμ:0.9749, Signal|S|μ:4.0284, Delta|S|μ:3.5046, Delta/Signal:87.00%, Gateμ:-0.3032, Gate0%:0.0, MetaNormμ:6.6990
Epoch  19/50 | Train Loss: 2.3032 Acc: 0.3203 F1: 0.2591 | Val Loss: 3.5605 Acc: 0.1333 F1: 0.1071 | Train Meta: Scaleμ:0.9749, Signal|S|μ:4.1215, Delta|S|μ:3.6013, Delta/Signal:87.38%, Gateμ:-0.3032, Gate0%:0.0, MetaNormμ:6.6990 | Val Meta: Scaleμ:0.9749, Signal|S|μ:4.0284, Delta|S|μ:3.5046, Delta/Signal:87.00%, Gateμ:-0.3032, Gate0%:0.0, MetaNormμ:6.6990
Epoch  20/50 | Train Loss: 2.2966 Acc: 0.3047 F1: 0.2486 | Val Loss: 3.6094 Acc: 0.1333 F1: 0.0980 | Train Meta: Scaleμ:0.9749, Signal|S|μ:3.8725, Delta|S|μ:3.3899, Delta/Signal:87.54%, Gateμ:-0.3032, Gate0%:0.0, MetaNormμ:6.6990 | Val Meta: Scaleμ:0.9749, Signal|S|μ:4.0284, Delta|S|μ:3.5046, Delta/Signal:87.00%, Gateμ:-0.3032, Gate0%:0.0, MetaNormμ:6.6990
Epoch  21/50 | Train Loss: 2.2667 Acc: 0.3047 F1: 0.2226 | Val Loss: 3.6055 Acc: 0.1333 F1: 0.0938 | Train Meta: Scaleμ:0.9749, Signal|S|μ:3.8150, Delta|S|μ:3.3205, Delta/Signal:87.04%, Gateμ:-0.3032, Gate0%:0.0, MetaNormμ:6.6990 | Val Meta: Scaleμ:0.9749, Signal|S|μ:4.0284, Delta|S|μ:3.5046, Delta/Signal:87.00%, Gateμ:-0.3032, Gate0%:0.0, MetaNormμ:6.6990
Epoch  22/50 | Train Loss: 2.2449 Acc: 0.2891 F1: 0.2189 | Val Loss: 3.6023 Acc: 0.0667 F1: 0.0417 | Train Meta: Scaleμ:0.9749, Signal|S|μ:3.8001, Delta|S|μ:3.3042, Delta/Signal:86.95%, Gateμ:-0.3032, Gate0%:0.0, MetaNormμ:6.6990 | Val Meta: Scaleμ:0.9749, Signal|S|μ:4.0284, Delta|S|μ:3.5046, Delta/Signal:87.00%, Gateμ:-0.3032, Gate0%:0.0, MetaNormμ:6.6990
Epoch  23/50 | Train Loss: 2.2263 Acc: 0.2969 F1: 0.2247 | Val Loss: 3.6233 Acc: 0.0667 F1: 0.0333 | Train Meta: Scaleμ:0.9749, Signal|S|μ:3.6292, Delta|S|μ:3.1678, Delta/Signal:87.29%, Gateμ:-0.3032, Gate0%:0.0, MetaNormμ:6.6990 | Val Meta: Scaleμ:0.9749, Signal|S|μ:4.0284, Delta|S|μ:3.5046, Delta/Signal:87.00%, Gateμ:-0.3032, Gate0%:0.0, MetaNormμ:6.6990
Epoch  24/50 | Train Loss: 2.2117 Acc: 0.3047 F1: 0.2574 | Val Loss: 3.6230 Acc: 0.0667 F1: 0.0444 | Train Meta: Scaleμ:0.9749, Signal|S|μ:4.0135, Delta|S|μ:3.5003, Delta/Signal:87.21%, Gateμ:-0.3032, Gate0%:0.0, MetaNormμ:6.6990 | Val Meta: Scaleμ:0.9749, Signal|S|μ:4.0284, Delta|S|μ:3.5046, Delta/Signal:87.00%, Gateμ:-0.3032, Gate0%:0.0, MetaNormμ:6.6990
Epoch  25/50 | Train Loss: 2.1960 Acc: 0.3281 F1: 0.2819 | Val Loss: 3.6506 Acc: 0.0667 F1: 0.0625 | Train Meta: Scaleμ:0.9749, Signal|S|μ:4.2748, Delta|S|μ:3.7442, Delta/Signal:87.59%, Gateμ:-0.3032, Gate0%:0.0, MetaNormμ:6.6990 | Val Meta: Scaleμ:0.9749, Signal|S|μ:4.0284, Delta|S|μ:3.5046, Delta/Signal:87.00%, Gateμ:-0.3032, Gate0%:0.0, MetaNormμ:6.6990
Epoch  26/50 | Train Loss: 2.1479 Acc: 0.3359 F1: 0.2854 | Val Loss: 3.6574 Acc: 0.0667 F1: 0.0588 | Train Meta: Scaleμ:0.9749, Signal|S|μ:3.7772, Delta|S|μ:3.2916, Delta/Signal:87.14%, Gateμ:-0.3032, Gate0%:0.0, MetaNormμ:6.6990 | Val Meta: Scaleμ:0.9749, Signal|S|μ:4.0284, Delta|S|μ:3.5046, Delta/Signal:87.00%, Gateμ:-0.3032, Gate0%:0.0, MetaNormμ:6.6990
Epoch  27/50 | Train Loss: 2.1386 Acc: 0.3203 F1: 0.2620 | Val Loss: 3.6805 Acc: 0.0000 F1: 0.0000 | Train Meta: Scaleμ:0.9749, Signal|S|μ:3.8685, Delta|S|μ:3.3792, Delta/Signal:87.35%, Gateμ:-0.3032, Gate0%:0.0, MetaNormμ:6.6990 | Val Meta: Scaleμ:0.9749, Signal|S|μ:4.0284, Delta|S|μ:3.5046, Delta/Signal:87.00%, Gateμ:-0.3032, Gate0%:0.0, MetaNormμ:6.6990
Epoch  28/50 | Train Loss: 2.1482 Acc: 0.3125 F1: 0.2599 | Val Loss: 3.7058 Acc: 0.0000 F1: 0.0000 | Train Meta: Scaleμ:0.9749, Signal|S|μ:3.7975, Delta|S|μ:3.3211, Delta/Signal:87.46%, Gateμ:-0.3032, Gate0%:0.0, MetaNormμ:6.6990 | Val Meta: Scaleμ:0.9749, Signal|S|μ:4.0284, Delta|S|μ:3.5046, Delta/Signal:87.00%, Gateμ:-0.3032, Gate0%:0.0, MetaNormμ:6.6990
Epoch  29/50 | Train Loss: 2.1227 Acc: 0.3438 F1: 0.2988 | Val Loss: 3.7475 Acc: 0.1333 F1: 0.1250 | Train Meta: Scaleμ:0.9749, Signal|S|μ:3.9484, Delta|S|μ:3.4531, Delta/Signal:87.45%, Gateμ:-0.3032, Gate0%:0.0, MetaNormμ:6.6990 | Val Meta: Scaleμ:0.9749, Signal|S|μ:4.0284, Delta|S|μ:3.5046, Delta/Signal:87.00%, Gateμ:-0.3032, Gate0%:0.0, MetaNormμ:6.6990
Epoch  30/50 | Train Loss: 2.1075 Acc: 0.3359 F1: 0.2732 | Val Loss: 3.7170 Acc: 0.0667 F1: 0.0267 | Train Meta: Scaleμ:0.9749, Signal|S|μ:3.7010, Delta|S|μ:3.2137, Delta/Signal:86.83%, Gateμ:-0.3032, Gate0%:0.0, MetaNormμ:6.6990 | Val Meta: Scaleμ:0.9749, Signal|S|μ:4.0284, Delta|S|μ:3.5046, Delta/Signal:87.00%, Gateμ:-0.3032, Gate0%:0.0, MetaNormμ:6.6990
Epoch  31/50 | Train Loss: 2.1008 Acc: 0.3359 F1: 0.2797 | Val Loss: 3.6639 Acc: 0.0667 F1: 0.0625 | Train Meta: Scaleμ:0.9749, Signal|S|μ:3.9446, Delta|S|μ:3.4386, Delta/Signal:87.17%, Gateμ:-0.3032, Gate0%:0.0, MetaNormμ:6.6990 | Val Meta: Scaleμ:0.9749, Signal|S|μ:4.0284, Delta|S|μ:3.5046, Delta/Signal:87.00%, Gateμ:-0.3032, Gate0%:0.0, MetaNormμ:6.6990
Epoch  32/50 | Train Loss: 2.0467 Acc: 0.3672 F1: 0.3039 | Val Loss: 3.7562 Acc: 0.0000 F1: 0.0000 | Train Meta: Scaleμ:0.9749, Signal|S|μ:3.8642, Delta|S|μ:3.3580, Delta/Signal:86.90%, Gateμ:-0.3032, Gate0%:0.0, MetaNormμ:6.6990 | Val Meta: Scaleμ:0.9749, Signal|S|μ:4.0284, Delta|S|μ:3.5046, Delta/Signal:87.00%, Gateμ:-0.3032, Gate0%:0.0, MetaNormμ:6.6990
Epoch  33/50 | Train Loss: 2.0550 Acc: 0.3438 F1: 0.2922 | Val Loss: 3.8390 Acc: 0.0000 F1: 0.0000 | Train Meta: Scaleμ:0.9749, Signal|S|μ:3.7915, Delta|S|μ:3.2989, Delta/Signal:87.01%, Gateμ:-0.3032, Gate0%:0.0, MetaNormμ:6.6990 | Val Meta: Scaleμ:0.9749, Signal|S|μ:4.0284, Delta|S|μ:3.5046, Delta/Signal:87.00%, Gateμ:-0.3032, Gate0%:0.0, MetaNormμ:6.6990
Epoch  34/50 | Train Loss: 2.0615 Acc: 0.3359 F1: 0.2756 | Val Loss: 3.8516 Acc: 0.0000 F1: 0.0000 | Train Meta: Scaleμ:0.9749, Signal|S|μ:3.9453, Delta|S|μ:3.4406, Delta/Signal:87.21%, Gateμ:-0.3032, Gate0%:0.0, MetaNormμ:6.6990 | Val Meta: Scaleμ:0.9749, Signal|S|μ:4.0284, Delta|S|μ:3.5046, Delta/Signal:87.00%, Gateμ:-0.3032, Gate0%:0.0, MetaNormμ:6.6990
Epoch  35/50 | Train Loss: 2.0186 Acc: 0.3672 F1: 0.3402 | Val Loss: 3.8322 Acc: 0.0000 F1: 0.0000 | Train Meta: Scaleμ:0.9749, Signal|S|μ:4.0005, Delta|S|μ:3.4816, Delta/Signal:87.03%, Gateμ:-0.3032, Gate0%:0.0, MetaNormμ:6.6990 | Val Meta: Scaleμ:0.9749, Signal|S|μ:4.0284, Delta|S|μ:3.5046, Delta/Signal:87.00%, Gateμ:-0.3032, Gate0%:0.0, MetaNormμ:6.6990
Epoch  36/50 | Train Loss: 2.0337 Acc: 0.3750 F1: 0.3455 | Val Loss: 3.8364 Acc: 0.0000 F1: 0.0000 | Train Meta: Scaleμ:0.9749, Signal|S|μ:3.7524, Delta|S|μ:3.2976, Delta/Signal:87.88%, Gateμ:-0.3032, Gate0%:0.0, MetaNormμ:6.6990 | Val Meta: Scaleμ:0.9749, Signal|S|μ:4.0284, Delta|S|μ:3.5046, Delta/Signal:87.00%, Gateμ:-0.3032, Gate0%:0.0, MetaNormμ:6.6990
Epoch  37/50 | Train Loss: 2.0163 Acc: 0.3672 F1: 0.3288 | Val Loss: 3.8963 Acc: 0.0000 F1: 0.0000 | Train Meta: Scaleμ:0.9749, Signal|S|μ:4.0351, Delta|S|μ:3.5119, Delta/Signal:87.03%, Gateμ:-0.3032, Gate0%:0.0, MetaNormμ:6.6990 | Val Meta: Scaleμ:0.9749, Signal|S|μ:4.0284, Delta|S|μ:3.5046, Delta/Signal:87.00%, Gateμ:-0.3032, Gate0%:0.0, MetaNormμ:6.6990
Epoch  38/50 | Train Loss: 2.0130 Acc: 0.3672 F1: 0.3064 | Val Loss: 3.9020 Acc: 0.0000 F1: 0.0000 | Train Meta: Scaleμ:0.9749, Signal|S|μ:4.0728, Delta|S|μ:3.5572, Delta/Signal:87.34%, Gateμ:-0.3032, Gate0%:0.0, MetaNormμ:6.6990 | Val Meta: Scaleμ:0.9749, Signal|S|μ:4.0284, Delta|S|μ:3.5046, Delta/Signal:87.00%, Gateμ:-0.3032, Gate0%:0.0, MetaNormμ:6.6990
Epoch  39/50 | Train Loss: 2.0004 Acc: 0.3828 F1: 0.3237 | Val Loss: 3.8743 Acc: 0.0000 F1: 0.0000 | Train Meta: Scaleμ:0.9749, Signal|S|μ:3.8918, Delta|S|μ:3.3951, Delta/Signal:87.24%, Gateμ:-0.3032, Gate0%:0.0, MetaNormμ:6.6990 | Val Meta: Scaleμ:0.9749, Signal|S|μ:4.0284, Delta|S|μ:3.5046, Delta/Signal:87.00%, Gateμ:-0.3032, Gate0%:0.0, MetaNormμ:6.6990
Epoch  40/50 | Train Loss: 1.9490 Acc: 0.3828 F1: 0.3333 | Val Loss: 3.8961 Acc: 0.0000 F1: 0.0000 | Train Meta: Scaleμ:0.9749, Signal|S|μ:4.0717, Delta|S|μ:3.5417, Delta/Signal:86.98%, Gateμ:-0.3032, Gate0%:0.0, MetaNormμ:6.6990 | Val Meta: Scaleμ:0.9749, Signal|S|μ:4.0284, Delta|S|μ:3.5046, Delta/Signal:87.00%, Gateμ:-0.3032, Gate0%:0.0, MetaNormμ:6.6990
Epoch  41/50 | Train Loss: 1.9422 Acc: 0.3750 F1: 0.3297 | Val Loss: 3.9061 Acc: 0.0000 F1: 0.0000 | Train Meta: Scaleμ:0.9749, Signal|S|μ:4.1988, Delta|S|μ:3.6629, Delta/Signal:87.24%, Gateμ:-0.3032, Gate0%:0.0, MetaNormμ:6.6990 | Val Meta: Scaleμ:0.9749, Signal|S|μ:4.0284, Delta|S|μ:3.5046, Delta/Signal:87.00%, Gateμ:-0.3032, Gate0%:0.0, MetaNormμ:6.6990
Epoch  42/50 | Train Loss: 1.9213 Acc: 0.4141 F1: 0.3953 | Val Loss: 3.9015 Acc: 0.0000 F1: 0.0000 | Train Meta: Scaleμ:0.9749, Signal|S|μ:3.8931, Delta|S|μ:3.3873, Delta/Signal:87.01%, Gateμ:-0.3032, Gate0%:0.0, MetaNormμ:6.6990 | Val Meta: Scaleμ:0.9749, Signal|S|μ:4.0284, Delta|S|μ:3.5046, Delta/Signal:87.00%, Gateμ:-0.3032, Gate0%:0.0, MetaNormμ:6.6990
Epoch  43/50 | Train Loss: 1.9283 Acc: 0.4062 F1: 0.3820 | Val Loss: 3.8863 Acc: 0.0000 F1: 0.0000 | Train Meta: Scaleμ:0.9749, Signal|S|μ:4.1217, Delta|S|μ:3.5931, Delta/Signal:87.18%, Gateμ:-0.3032, Gate0%:0.0, MetaNormμ:6.6990 | Val Meta: Scaleμ:0.9749, Signal|S|μ:4.0284, Delta|S|μ:3.5046, Delta/Signal:87.00%, Gateμ:-0.3032, Gate0%:0.0, MetaNormμ:6.6990
Epoch  44/50 | Train Loss: 1.9056 Acc: 0.4141 F1: 0.4129 | Val Loss: 3.8910 Acc: 0.0000 F1: 0.0000 | Train Meta: Scaleμ:0.9749, Signal|S|μ:3.9059, Delta|S|μ:3.4067, Delta/Signal:87.22%, Gateμ:-0.3032, Gate0%:0.0, MetaNormμ:6.6990 | Val Meta: Scaleμ:0.9749, Signal|S|μ:4.0284, Delta|S|μ:3.5046, Delta/Signal:87.00%, Gateμ:-0.3032, Gate0%:0.0, MetaNormμ:6.6990
Epoch  45/50 | Train Loss: 1.9068 Acc: 0.3906 F1: 0.3049 | Val Loss: 3.9334 Acc: 0.0000 F1: 0.0000 | Train Meta: Scaleμ:0.9749, Signal|S|μ:3.7776, Delta|S|μ:3.2975, Delta/Signal:87.29%, Gateμ:-0.3032, Gate0%:0.0, MetaNormμ:6.6990 | Val Meta: Scaleμ:0.9749, Signal|S|μ:4.0284, Delta|S|μ:3.5046, Delta/Signal:87.00%, Gateμ:-0.3032, Gate0%:0.0, MetaNormμ:6.6990
Epoch  46/50 | Train Loss: 1.8861 Acc: 0.4297 F1: 0.4166 | Val Loss: 3.9700 Acc: 0.0000 F1: 0.0000 | Train Meta: Scaleμ:0.9749, Signal|S|μ:3.6839, Delta|S|μ:3.2047, Delta/Signal:86.99%, Gateμ:-0.3032, Gate0%:0.0, MetaNormμ:6.6990 | Val Meta: Scaleμ:0.9749, Signal|S|μ:4.0284, Delta|S|μ:3.5046, Delta/Signal:87.00%, Gateμ:-0.3032, Gate0%:0.0, MetaNormμ:6.6990
Epoch  47/50 | Train Loss: 1.8639 Acc: 0.4375 F1: 0.4184 | Val Loss: 3.9911 Acc: 0.0000 F1: 0.0000 | Train Meta: Scaleμ:0.9749, Signal|S|μ:4.0228, Delta|S|μ:3.5059, Delta/Signal:87.15%, Gateμ:-0.3032, Gate0%:0.0, MetaNormμ:6.6990 | Val Meta: Scaleμ:0.9749, Signal|S|μ:4.0284, Delta|S|μ:3.5046, Delta/Signal:87.00%, Gateμ:-0.3032, Gate0%:0.0, MetaNormμ:6.6990
Epoch  48/50 | Train Loss: 1.8387 Acc: 0.4609 F1: 0.4510 | Val Loss: 4.0396 Acc: 0.0000 F1: 0.0000 | Train Meta: Scaleμ:0.9749, Signal|S|μ:4.0310, Delta|S|μ:3.5132, Delta/Signal:87.16%, Gateμ:-0.3032, Gate0%:0.0, MetaNormμ:6.6990 | Val Meta: Scaleμ:0.9749, Signal|S|μ:4.0284, Delta|S|μ:3.5046, Delta/Signal:87.00%, Gateμ:-0.3032, Gate0%:0.0, MetaNormμ:6.6990
Epoch  49/50 | Train Loss: 1.8487 Acc: 0.4375 F1: 0.4245 | Val Loss: 4.0181 Acc: 0.0000 F1: 0.0000 | Train Meta: Scaleμ:0.9749, Signal|S|μ:3.9175, Delta|S|μ:3.4130, Delta/Signal:87.12%, Gateμ:-0.3032, Gate0%:0.0, MetaNormμ:6.6990 | Val Meta: Scaleμ:0.9749, Signal|S|μ:4.0284, Delta|S|μ:3.5046, Delta/Signal:87.00%, Gateμ:-0.3032, Gate0%:0.0, MetaNormμ:6.6990
Epoch  50/50 | Train Loss: 1.8265 Acc: 0.4297 F1: 0.4081 | Val Loss: 4.0394 Acc: 0.0000 F1: 0.0000 | Train Meta: Scaleμ:0.9749, Signal|S|μ:3.7227, Delta|S|μ:3.2627, Delta/Signal:87.64%, Gateμ:-0.3032, Gate0%:0.0, MetaNormμ:6.6990 | Val Meta: Scaleμ:0.9749, Signal|S|μ:4.0284, Delta|S|μ:3.5046, Delta/Signal:87.00%, Gateμ:-0.3032, Gate0%:0.0, MetaNormμ:6.6990

Classification Test Result (Handwriting)
Accuracy : 0.038824
F1 (macro): 0.015021
Saved attention maps for 3 sample(s) under ./runs/classification_electricity_to_Handwriting_laya_metadata_query_gate_text_stats_avg/attention_maps
Text metadata preview | dataset=Heartbeat | domain=UEA | channels=61
   - channel_1: In the UEA domain, this channel belongs to the Heartbeat dataset and represents the feature channel 1.
   - channel_2: In the UEA domain, this channel belongs to the Heartbeat dataset and represents the feature channel 2.
   - ... (59 more channel descriptions)
Stats metadata preview | dataset=Heartbeat | domain=UEA | channels=61
   - channel_1: Channel statistics over the training split: mean value is 0.000, standard deviation is 1.000, minimum value is -0.307, maximum value is 47.531, median value is -0.149, and mean absolute value is 0.269.
/data/pjh_workspace/ts-env/lib/python3.8/site-packages/torch/nn/modules/transformer.py:307: UserWarning: enable_nested_tensor is True, but self.use_nested_tensor is False because encoder_layer.norm_first was True
  warnings.warn(f"enable_nested_tensor is True, but self.use_nested_tensor is False because {why_not_sparsity_fast_path}")
==================================================
🚀 Architecture: LAYA
📊 Target Dataset: Heartbeat (Channels: 61)
📊 Pretrain Info: electricity
📊 Classes: 2 | Sequence Length: 405
==================================================
✅ Loaded pretrained encoder from ./checkpoints/electricity_laya_metadata_query_gate_text_stats_avg/laya_ts_electricity_s_best.pt
   - 116/116 keys matched.
✅ Encoder is FROZEN (Linear Probing mode).
📝 metadata: mode=text_stats_avg, fusion=none, relation=metadata_query_gate
ℹ️  Metadata Fusion Mode: none
ℹ️  Channel Mixer Relation Mode: metadata_query_gate
ℹ️  Encoder Variant: default
ℹ️  Channel Adapter: disabled for Laya downstream (mixer)
ℹ️  Channel Relation Block: disabled
✅ ClassificationHead: [B, 256] → [B, 2]
Epoch   1/50 | Train Loss: 0.7742 Acc: 0.5455 F1: 0.4901 | Val Loss: 0.7695 Acc: 0.7000 F1: 0.4118 | Train Meta: Scaleμ:0.9749, Signal|S|μ:1.9211, Delta|S|μ:1.6891, Delta/Signal:87.92%, Gateμ:-0.2625, Gate0%:0.0, MetaNormμ:6.5495 | Val Meta: Scaleμ:0.9749, Signal|S|μ:2.3613, Delta|S|μ:2.0823, Delta/Signal:88.19%, Gateμ:-0.2625, Gate0%:0.0, MetaNormμ:6.5495
Validation Loss decreased (inf --> 0.769495). Saving best model...
Epoch   2/50 | Train Loss: 0.6446 Acc: 0.7273 F1: 0.4211 | Val Loss: 0.7177 Acc: 0.7000 F1: 0.4118 | Train Meta: Scaleμ:0.9749, Signal|S|μ:2.0606, Delta|S|μ:1.8089, Delta/Signal:87.79%, Gateμ:-0.2625, Gate0%:0.0, MetaNormμ:6.5495 | Val Meta: Scaleμ:0.9749, Signal|S|μ:2.3613, Delta|S|μ:2.0823, Delta/Signal:88.19%, Gateμ:-0.2625, Gate0%:0.0, MetaNormμ:6.5495
Validation Loss decreased (0.769495 --> 0.717706). Saving best model...
Epoch   3/50 | Train Loss: 0.5642 Acc: 0.7273 F1: 0.4405 | Val Loss: 0.6496 Acc: 0.7000 F1: 0.4118 | Train Meta: Scaleμ:0.9749, Signal|S|μ:5.2946, Delta|S|μ:4.7258, Delta/Signal:89.26%, Gateμ:-0.2625, Gate0%:0.0, MetaNormμ:6.5495 | Val Meta: Scaleμ:0.9749, Signal|S|μ:2.3613, Delta|S|μ:2.0823, Delta/Signal:88.19%, Gateμ:-0.2625, Gate0%:0.0, MetaNormμ:6.5495
Validation Loss decreased (0.717706 --> 0.649586). Saving best model...
Epoch   4/50 | Train Loss: 0.5434 Acc: 0.7216 F1: 0.5263 | Val Loss: 0.6467 Acc: 0.7000 F1: 0.4118 | Train Meta: Scaleμ:0.9749, Signal|S|μ:1.8227, Delta|S|μ:1.6006, Delta/Signal:87.81%, Gateμ:-0.2625, Gate0%:0.0, MetaNormμ:6.5495 | Val Meta: Scaleμ:0.9749, Signal|S|μ:2.3613, Delta|S|μ:2.0823, Delta/Signal:88.19%, Gateμ:-0.2625, Gate0%:0.0, MetaNormμ:6.5495
Validation Loss decreased (0.649586 --> 0.646669). Saving best model...
Epoch   5/50 | Train Loss: 0.5248 Acc: 0.7159 F1: 0.5226 | Val Loss: 0.6407 Acc: 0.7000 F1: 0.4118 | Train Meta: Scaleμ:0.9749, Signal|S|μ:2.2273, Delta|S|μ:1.9556, Delta/Signal:87.80%, Gateμ:-0.2625, Gate0%:0.0, MetaNormμ:6.5495 | Val Meta: Scaleμ:0.9749, Signal|S|μ:2.3613, Delta|S|μ:2.0823, Delta/Signal:88.19%, Gateμ:-0.2625, Gate0%:0.0, MetaNormμ:6.5495
Validation Loss decreased (0.646669 --> 0.640744). Saving best model...
Epoch   6/50 | Train Loss: 0.5163 Acc: 0.7159 F1: 0.5338 | Val Loss: 0.6229 Acc: 0.6500 F1: 0.3939 | Train Meta: Scaleμ:0.9749, Signal|S|μ:5.7042, Delta|S|μ:5.0922, Delta/Signal:89.27%, Gateμ:-0.2625, Gate0%:0.0, MetaNormμ:6.5495 | Val Meta: Scaleμ:0.9749, Signal|S|μ:2.3613, Delta|S|μ:2.0823, Delta/Signal:88.19%, Gateμ:-0.2625, Gate0%:0.0, MetaNormμ:6.5495
Validation Loss decreased (0.640744 --> 0.622929). Saving best model...
Epoch   7/50 | Train Loss: 0.5215 Acc: 0.7159 F1: 0.5635 | Val Loss: 0.6166 Acc: 0.6500 F1: 0.3939 | Train Meta: Scaleμ:0.9749, Signal|S|μ:1.5907, Delta|S|μ:1.3908, Delta/Signal:87.44%, Gateμ:-0.2625, Gate0%:0.0, MetaNormμ:6.5495 | Val Meta: Scaleμ:0.9749, Signal|S|μ:2.3613, Delta|S|μ:2.0823, Delta/Signal:88.19%, Gateμ:-0.2625, Gate0%:0.0, MetaNormμ:6.5495
Validation Loss decreased (0.622929 --> 0.616582). Saving best model...
Epoch   8/50 | Train Loss: 0.5071 Acc: 0.7273 F1: 0.5810 | Val Loss: 0.6314 Acc: 0.7000 F1: 0.4118 | Train Meta: Scaleμ:0.9749, Signal|S|μ:1.6806, Delta|S|μ:1.4702, Delta/Signal:87.48%, Gateμ:-0.2625, Gate0%:0.0, MetaNormμ:6.5495 | Val Meta: Scaleμ:0.9749, Signal|S|μ:2.3613, Delta|S|μ:2.0823, Delta/Signal:88.19%, Gateμ:-0.2625, Gate0%:0.0, MetaNormμ:6.5495
Epoch   9/50 | Train Loss: 0.5240 Acc: 0.7386 F1: 0.5379 | Val Loss: 0.6211 Acc: 0.7000 F1: 0.4118 | Train Meta: Scaleμ:0.9749, Signal|S|μ:5.2480, Delta|S|μ:4.6821, Delta/Signal:89.22%, Gateμ:-0.2625, Gate0%:0.0, MetaNormμ:6.5495 | Val Meta: Scaleμ:0.9749, Signal|S|μ:2.3613, Delta|S|μ:2.0823, Delta/Signal:88.19%, Gateμ:-0.2625, Gate0%:0.0, MetaNormμ:6.5495
Epoch  10/50 | Train Loss: 0.5084 Acc: 0.7216 F1: 0.5584 | Val Loss: 0.6069 Acc: 0.6500 F1: 0.3939 | Train Meta: Scaleμ:0.9749, Signal|S|μ:1.6482, Delta|S|μ:1.4402, Delta/Signal:87.38%, Gateμ:-0.2625, Gate0%:0.0, MetaNormμ:6.5495 | Val Meta: Scaleμ:0.9749, Signal|S|μ:2.3613, Delta|S|μ:2.0823, Delta/Signal:88.19%, Gateμ:-0.2625, Gate0%:0.0, MetaNormμ:6.5495
Validation Loss decreased (0.616582 --> 0.606851). Saving best model...
Epoch  11/50 | Train Loss: 0.5115 Acc: 0.7330 F1: 0.5854 | Val Loss: 0.6213 Acc: 0.7000 F1: 0.4118 | Train Meta: Scaleμ:0.9749, Signal|S|μ:2.3606, Delta|S|μ:2.0725, Delta/Signal:87.80%, Gateμ:-0.2625, Gate0%:0.0, MetaNormμ:6.5495 | Val Meta: Scaleμ:0.9749, Signal|S|μ:2.3613, Delta|S|μ:2.0823, Delta/Signal:88.19%, Gateμ:-0.2625, Gate0%:0.0, MetaNormμ:6.5495
Epoch  12/50 | Train Loss: 0.4996 Acc: 0.7386 F1: 0.5711 | Val Loss: 0.6121 Acc: 0.7000 F1: 0.4118 | Train Meta: Scaleμ:0.9749, Signal|S|μ:1.8848, Delta|S|μ:1.6532, Delta/Signal:87.71%, Gateμ:-0.2625, Gate0%:0.0, MetaNormμ:6.5495 | Val Meta: Scaleμ:0.9749, Signal|S|μ:2.3613, Delta|S|μ:2.0823, Delta/Signal:88.19%, Gateμ:-0.2625, Gate0%:0.0, MetaNormμ:6.5495
Epoch  13/50 | Train Loss: 0.5068 Acc: 0.7330 F1: 0.5854 | Val Loss: 0.6172 Acc: 0.7000 F1: 0.4118 | Train Meta: Scaleμ:0.9749, Signal|S|μ:1.9953, Delta|S|μ:1.7541, Delta/Signal:87.92%, Gateμ:-0.2625, Gate0%:0.0, MetaNormμ:6.5495 | Val Meta: Scaleμ:0.9749, Signal|S|μ:2.3613, Delta|S|μ:2.0823, Delta/Signal:88.19%, Gateμ:-0.2625, Gate0%:0.0, MetaNormμ:6.5495
Epoch  14/50 | Train Loss: 0.4994 Acc: 0.7330 F1: 0.5566 | Val Loss: 0.6087 Acc: 0.7000 F1: 0.4118 | Train Meta: Scaleμ:0.9749, Signal|S|μ:4.5291, Delta|S|μ:4.0077, Delta/Signal:88.49%, Gateμ:-0.2625, Gate0%:0.0, MetaNormμ:6.5495 | Val Meta: Scaleμ:0.9749, Signal|S|μ:2.3613, Delta|S|μ:2.0823, Delta/Signal:88.19%, Gateμ:-0.2625, Gate0%:0.0, MetaNormμ:6.5495
Epoch  15/50 | Train Loss: 0.4959 Acc: 0.7330 F1: 0.5854 | Val Loss: 0.6068 Acc: 0.7000 F1: 0.4118 | Train Meta: Scaleμ:0.9749, Signal|S|μ:2.3094, Delta|S|μ:2.0386, Delta/Signal:88.27%, Gateμ:-0.2625, Gate0%:0.0, MetaNormμ:6.5495 | Val Meta: Scaleμ:0.9749, Signal|S|μ:2.3613, Delta|S|μ:2.0823, Delta/Signal:88.19%, Gateμ:-0.2625, Gate0%:0.0, MetaNormμ:6.5495
Validation Loss decreased (0.606851 --> 0.606810). Saving best model...
Epoch  16/50 | Train Loss: 0.5025 Acc: 0.7330 F1: 0.5939 | Val Loss: 0.6004 Acc: 0.6500 F1: 0.3939 | Train Meta: Scaleμ:0.9749, Signal|S|μ:2.1542, Delta|S|μ:1.8911, Delta/Signal:87.79%, Gateμ:-0.2625, Gate0%:0.0, MetaNormμ:6.5495 | Val Meta: Scaleμ:0.9749, Signal|S|μ:2.3613, Delta|S|μ:2.0823, Delta/Signal:88.19%, Gateμ:-0.2625, Gate0%:0.0, MetaNormμ:6.5495
Validation Loss decreased (0.606810 --> 0.600351). Saving best model...
Epoch  17/50 | Train Loss: 0.4920 Acc: 0.7386 F1: 0.5899 | Val Loss: 0.6051 Acc: 0.7000 F1: 0.4118 | Train Meta: Scaleμ:0.9749, Signal|S|μ:5.3578, Delta|S|μ:4.7808, Delta/Signal:89.23%, Gateμ:-0.2625, Gate0%:0.0, MetaNormμ:6.5495 | Val Meta: Scaleμ:0.9749, Signal|S|μ:2.3613, Delta|S|μ:2.0823, Delta/Signal:88.19%, Gateμ:-0.2625, Gate0%:0.0, MetaNormμ:6.5495
Epoch  18/50 | Train Loss: 0.5189 Acc: 0.7273 F1: 0.5417 | Val Loss: 0.6105 Acc: 0.7000 F1: 0.4118 | Train Meta: Scaleμ:0.9749, Signal|S|μ:2.1948, Delta|S|μ:1.9285, Delta/Signal:87.86%, Gateμ:-0.2625, Gate0%:0.0, MetaNormμ:6.5495 | Val Meta: Scaleμ:0.9749, Signal|S|μ:2.3613, Delta|S|μ:2.0823, Delta/Signal:88.19%, Gateμ:-0.2625, Gate0%:0.0, MetaNormμ:6.5495
Epoch  19/50 | Train Loss: 0.4951 Acc: 0.7557 F1: 0.6284 | Val Loss: 0.5936 Acc: 0.6500 F1: 0.3939 | Train Meta: Scaleμ:0.9749, Signal|S|μ:2.1736, Delta|S|μ:1.9103, Delta/Signal:87.89%, Gateμ:-0.2625, Gate0%:0.0, MetaNormμ:6.5495 | Val Meta: Scaleμ:0.9749, Signal|S|μ:2.3613, Delta|S|μ:2.0823, Delta/Signal:88.19%, Gateμ:-0.2625, Gate0%:0.0, MetaNormμ:6.5495
Validation Loss decreased (0.600351 --> 0.593551). Saving best model...
Epoch  20/50 | Train Loss: 0.4939 Acc: 0.7386 F1: 0.5899 | Val Loss: 0.5969 Acc: 0.7000 F1: 0.4118 | Train Meta: Scaleμ:0.9749, Signal|S|μ:1.7798, Delta|S|μ:1.5644, Delta/Signal:87.90%, Gateμ:-0.2625, Gate0%:0.0, MetaNormμ:6.5495 | Val Meta: Scaleμ:0.9749, Signal|S|μ:2.3613, Delta|S|μ:2.0823, Delta/Signal:88.19%, Gateμ:-0.2625, Gate0%:0.0, MetaNormμ:6.5495
Epoch  21/50 | Train Loss: 0.4974 Acc: 0.7443 F1: 0.6188 | Val Loss: 0.5877 Acc: 0.6500 F1: 0.3939 | Train Meta: Scaleμ:0.9749, Signal|S|μ:1.7494, Delta|S|μ:1.5335, Delta/Signal:87.66%, Gateμ:-0.2625, Gate0%:0.0, MetaNormμ:6.5495 | Val Meta: Scaleμ:0.9749, Signal|S|μ:2.3613, Delta|S|μ:2.0823, Delta/Signal:88.19%, Gateμ:-0.2625, Gate0%:0.0, MetaNormμ:6.5495
Validation Loss decreased (0.593551 --> 0.587716). Saving best model...
Epoch  22/50 | Train Loss: 0.4844 Acc: 0.7500 F1: 0.6236 | Val Loss: 0.5941 Acc: 0.7000 F1: 0.4118 | Train Meta: Scaleμ:0.9749, Signal|S|μ:1.9745, Delta|S|μ:1.7369, Delta/Signal:87.97%, Gateμ:-0.2625, Gate0%:0.0, MetaNormμ:6.5495 | Val Meta: Scaleμ:0.9749, Signal|S|μ:2.3613, Delta|S|μ:2.0823, Delta/Signal:88.19%, Gateμ:-0.2625, Gate0%:0.0, MetaNormμ:6.5495
Epoch  23/50 | Train Loss: 0.4952 Acc: 0.7443 F1: 0.5944 | Val Loss: 0.5926 Acc: 0.7000 F1: 0.4118 | Train Meta: Scaleμ:0.9749, Signal|S|μ:2.4314, Delta|S|μ:2.1376, Delta/Signal:87.91%, Gateμ:-0.2625, Gate0%:0.0, MetaNormμ:6.5495 | Val Meta: Scaleμ:0.9749, Signal|S|μ:2.3613, Delta|S|μ:2.0823, Delta/Signal:88.19%, Gateμ:-0.2625, Gate0%:0.0, MetaNormμ:6.5495
Epoch  24/50 | Train Loss: 0.4778 Acc: 0.7557 F1: 0.6207 | Val Loss: 0.5817 Acc: 0.6500 F1: 0.3939 | Train Meta: Scaleμ:0.9749, Signal|S|μ:1.7483, Delta|S|μ:1.5386, Delta/Signal:88.01%, Gateμ:-0.2625, Gate0%:0.0, MetaNormμ:6.5495 | Val Meta: Scaleμ:0.9749, Signal|S|μ:2.3613, Delta|S|μ:2.0823, Delta/Signal:88.19%, Gateμ:-0.2625, Gate0%:0.0, MetaNormμ:6.5495
Validation Loss decreased (0.587716 --> 0.581712). Saving best model...
Epoch  25/50 | Train Loss: 0.4859 Acc: 0.7500 F1: 0.6077 | Val Loss: 0.5920 Acc: 0.7000 F1: 0.4118 | Train Meta: Scaleμ:0.9749, Signal|S|μ:1.7982, Delta|S|μ:1.5744, Delta/Signal:87.55%, Gateμ:-0.2625, Gate0%:0.0, MetaNormμ:6.5495 | Val Meta: Scaleμ:0.9749, Signal|S|μ:2.3613, Delta|S|μ:2.0823, Delta/Signal:88.19%, Gateμ:-0.2625, Gate0%:0.0, MetaNormμ:6.5495
Epoch  26/50 | Train Loss: 0.4899 Acc: 0.7443 F1: 0.6030 | Val Loss: 0.5829 Acc: 0.6000 F1: 0.3750 | Train Meta: Scaleμ:0.9749, Signal|S|μ:2.3553, Delta|S|μ:2.0675, Delta/Signal:87.78%, Gateμ:-0.2625, Gate0%:0.0, MetaNormμ:6.5495 | Val Meta: Scaleμ:0.9749, Signal|S|μ:2.3613, Delta|S|μ:2.0823, Delta/Signal:88.19%, Gateμ:-0.2625, Gate0%:0.0, MetaNormμ:6.5495
Epoch  27/50 | Train Loss: 0.4828 Acc: 0.7500 F1: 0.6377 | Val Loss: 0.5838 Acc: 0.6500 F1: 0.3939 | Train Meta: Scaleμ:0.9749, Signal|S|μ:5.0506, Delta|S|μ:4.4674, Delta/Signal:88.45%, Gateμ:-0.2625, Gate0%:0.0, MetaNormμ:6.5495 | Val Meta: Scaleμ:0.9749, Signal|S|μ:2.3613, Delta|S|μ:2.0823, Delta/Signal:88.19%, Gateμ:-0.2625, Gate0%:0.0, MetaNormμ:6.5495
Epoch  28/50 | Train Loss: 0.4645 Acc: 0.7727 F1: 0.6434 | Val Loss: 0.5890 Acc: 0.7000 F1: 0.4118 | Train Meta: Scaleμ:0.9749, Signal|S|μ:1.4826, Delta|S|μ:1.3008, Delta/Signal:87.74%, Gateμ:-0.2625, Gate0%:0.0, MetaNormμ:6.5495 | Val Meta: Scaleμ:0.9749, Signal|S|μ:2.3613, Delta|S|μ:2.0823, Delta/Signal:88.19%, Gateμ:-0.2625, Gate0%:0.0, MetaNormμ:6.5495
Epoch  29/50 | Train Loss: 0.4953 Acc: 0.7500 F1: 0.5990 | Val Loss: 0.5819 Acc: 0.7000 F1: 0.4118 | Train Meta: Scaleμ:0.9749, Signal|S|μ:2.3827, Delta|S|μ:2.1054, Delta/Signal:88.36%, Gateμ:-0.2625, Gate0%:0.0, MetaNormμ:6.5495 | Val Meta: Scaleμ:0.9749, Signal|S|μ:2.3613, Delta|S|μ:2.0823, Delta/Signal:88.19%, Gateμ:-0.2625, Gate0%:0.0, MetaNormμ:6.5495
Epoch  30/50 | Train Loss: 0.4729 Acc: 0.7614 F1: 0.6769 | Val Loss: 0.5816 Acc: 0.7000 F1: 0.4118 | Train Meta: Scaleμ:0.9749, Signal|S|μ:1.8944, Delta|S|μ:1.6647, Delta/Signal:87.87%, Gateμ:-0.2625, Gate0%:0.0, MetaNormμ:6.5495 | Val Meta: Scaleμ:0.9749, Signal|S|μ:2.3613, Delta|S|μ:2.0823, Delta/Signal:88.19%, Gateμ:-0.2625, Gate0%:0.0, MetaNormμ:6.5495
Validation Loss decreased (0.581712 --> 0.581630). Saving best model...
Epoch  31/50 | Train Loss: 0.5009 Acc: 0.7443 F1: 0.6111 | Val Loss: 0.5798 Acc: 0.7000 F1: 0.4118 | Train Meta: Scaleμ:0.9749, Signal|S|μ:1.8258, Delta|S|μ:1.6054, Delta/Signal:87.93%, Gateμ:-0.2625, Gate0%:0.0, MetaNormμ:6.5495 | Val Meta: Scaleμ:0.9749, Signal|S|μ:2.3613, Delta|S|μ:2.0823, Delta/Signal:88.19%, Gateμ:-0.2625, Gate0%:0.0, MetaNormμ:6.5495
Validation Loss decreased (0.581630 --> 0.579846). Saving best model...
Epoch  32/50 | Train Loss: 0.4740 Acc: 0.7670 F1: 0.6592 | Val Loss: 0.5780 Acc: 0.6000 F1: 0.3750 | Train Meta: Scaleμ:0.9749, Signal|S|μ:1.8033, Delta|S|μ:1.5818, Delta/Signal:87.72%, Gateμ:-0.2625, Gate0%:0.0, MetaNormμ:6.5495 | Val Meta: Scaleμ:0.9749, Signal|S|μ:2.3613, Delta|S|μ:2.0823, Delta/Signal:88.19%, Gateμ:-0.2625, Gate0%:0.0, MetaNormμ:6.5495
Validation Loss decreased (0.579846 --> 0.578036). Saving best model...
Epoch  33/50 | Train Loss: 0.4739 Acc: 0.7727 F1: 0.6355 | Val Loss: 0.6187 Acc: 0.7000 F1: 0.4118 | Train Meta: Scaleμ:0.9749, Signal|S|μ:1.8953, Delta|S|μ:1.6639, Delta/Signal:87.79%, Gateμ:-0.2625, Gate0%:0.0, MetaNormμ:6.5495 | Val Meta: Scaleμ:0.9749, Signal|S|μ:2.3613, Delta|S|μ:2.0823, Delta/Signal:88.19%, Gateμ:-0.2625, Gate0%:0.0, MetaNormμ:6.5495
Epoch  34/50 | Train Loss: 0.4932 Acc: 0.7330 F1: 0.6018 | Val Loss: 0.5829 Acc: 0.6000 F1: 0.4667 | Train Meta: Scaleμ:0.9749, Signal|S|μ:5.6454, Delta|S|μ:5.0424, Delta/Signal:89.32%, Gateμ:-0.2625, Gate0%:0.0, MetaNormμ:6.5495 | Val Meta: Scaleμ:0.9749, Signal|S|μ:2.3613, Delta|S|μ:2.0823, Delta/Signal:88.19%, Gateμ:-0.2625, Gate0%:0.0, MetaNormμ:6.5495
Epoch  35/50 | Train Loss: 0.4812 Acc: 0.7727 F1: 0.6508 | Val Loss: 0.6073 Acc: 0.7000 F1: 0.4118 | Train Meta: Scaleμ:0.9749, Signal|S|μ:4.8200, Delta|S|μ:4.2474, Delta/Signal:88.12%, Gateμ:-0.2625, Gate0%:0.0, MetaNormμ:6.5495 | Val Meta: Scaleμ:0.9749, Signal|S|μ:2.3613, Delta|S|μ:2.0823, Delta/Signal:88.19%, Gateμ:-0.2625, Gate0%:0.0, MetaNormμ:6.5495
Epoch  36/50 | Train Loss: 0.4975 Acc: 0.7443 F1: 0.6188 | Val Loss: 0.5739 Acc: 0.6000 F1: 0.3750 | Train Meta: Scaleμ:0.9749, Signal|S|μ:2.2659, Delta|S|μ:1.9852, Delta/Signal:87.61%, Gateμ:-0.2625, Gate0%:0.0, MetaNormμ:6.5495 | Val Meta: Scaleμ:0.9749, Signal|S|μ:2.3613, Delta|S|μ:2.0823, Delta/Signal:88.19%, Gateμ:-0.2625, Gate0%:0.0, MetaNormμ:6.5495
Validation Loss decreased (0.578036 --> 0.573865). Saving best model...
Epoch  37/50 | Train Loss: 0.4865 Acc: 0.7330 F1: 0.6094 | Val Loss: 0.5750 Acc: 0.6500 F1: 0.3939 | Train Meta: Scaleμ:0.9749, Signal|S|μ:3.0154, Delta|S|μ:2.6580, Delta/Signal:88.15%, Gateμ:-0.2625, Gate0%:0.0, MetaNormμ:6.5495 | Val Meta: Scaleμ:0.9749, Signal|S|μ:2.3613, Delta|S|μ:2.0823, Delta/Signal:88.19%, Gateμ:-0.2625, Gate0%:0.0, MetaNormμ:6.5495
Epoch  38/50 | Train Loss: 0.4786 Acc: 0.7557 F1: 0.6552 | Val Loss: 0.5754 Acc: 0.6500 F1: 0.3939 | Train Meta: Scaleμ:0.9749, Signal|S|μ:4.3585, Delta|S|μ:3.8563, Delta/Signal:88.48%, Gateμ:-0.2625, Gate0%:0.0, MetaNormμ:6.5495 | Val Meta: Scaleμ:0.9749, Signal|S|μ:2.3613, Delta|S|μ:2.0823, Delta/Signal:88.19%, Gateμ:-0.2625, Gate0%:0.0, MetaNormμ:6.5495
Epoch  39/50 | Train Loss: 0.4556 Acc: 0.7557 F1: 0.6284 | Val Loss: 0.5903 Acc: 0.7000 F1: 0.4118 | Train Meta: Scaleμ:0.9749, Signal|S|μ:1.8928, Delta|S|μ:1.6628, Delta/Signal:87.85%, Gateμ:-0.2625, Gate0%:0.0, MetaNormμ:6.5495 | Val Meta: Scaleμ:0.9749, Signal|S|μ:2.3613, Delta|S|μ:2.0823, Delta/Signal:88.19%, Gateμ:-0.2625, Gate0%:0.0, MetaNormμ:6.5495
Epoch  40/50 | Train Loss: 0.4631 Acc: 0.7614 F1: 0.6333 | Val Loss: 0.5789 Acc: 0.6500 F1: 0.3939 | Train Meta: Scaleμ:0.9749, Signal|S|μ:1.6913, Delta|S|μ:1.4815, Delta/Signal:87.60%, Gateμ:-0.2625, Gate0%:0.0, MetaNormμ:6.5495 | Val Meta: Scaleμ:0.9749, Signal|S|μ:2.3613, Delta|S|μ:2.0823, Delta/Signal:88.19%, Gateμ:-0.2625, Gate0%:0.0, MetaNormμ:6.5495
Epoch  41/50 | Train Loss: 0.4791 Acc: 0.7557 F1: 0.6491 | Val Loss: 0.5773 Acc: 0.6500 F1: 0.3939 | Train Meta: Scaleμ:0.9749, Signal|S|μ:1.8225, Delta|S|μ:1.6054, Delta/Signal:88.09%, Gateμ:-0.2625, Gate0%:0.0, MetaNormμ:6.5495 | Val Meta: Scaleμ:0.9749, Signal|S|μ:2.3613, Delta|S|μ:2.0823, Delta/Signal:88.19%, Gateμ:-0.2625, Gate0%:0.0, MetaNormμ:6.5495
Epoch  42/50 | Train Loss: 0.4681 Acc: 0.7670 F1: 0.6592 | Val Loss: 0.5868 Acc: 0.6500 F1: 0.3939 | Train Meta: Scaleμ:0.9749, Signal|S|μ:1.7143, Delta|S|μ:1.5012, Delta/Signal:87.57%, Gateμ:-0.2625, Gate0%:0.0, MetaNormμ:6.5495 | Val Meta: Scaleμ:0.9749, Signal|S|μ:2.3613, Delta|S|μ:2.0823, Delta/Signal:88.19%, Gateμ:-0.2625, Gate0%:0.0, MetaNormμ:6.5495
Epoch  43/50 | Train Loss: 0.4646 Acc: 0.7557 F1: 0.6207 | Val Loss: 0.5786 Acc: 0.6500 F1: 0.3939 | Train Meta: Scaleμ:0.9749, Signal|S|μ:1.9058, Delta|S|μ:1.6750, Delta/Signal:87.89%, Gateμ:-0.2625, Gate0%:0.0, MetaNormμ:6.5495 | Val Meta: Scaleμ:0.9749, Signal|S|μ:2.3613, Delta|S|μ:2.0823, Delta/Signal:88.19%, Gateμ:-0.2625, Gate0%:0.0, MetaNormμ:6.5495
Epoch  44/50 | Train Loss: 0.4707 Acc: 0.7670 F1: 0.6592 | Val Loss: 0.5814 Acc: 0.6500 F1: 0.3939 | Train Meta: Scaleμ:0.9749, Signal|S|μ:2.3219, Delta|S|μ:2.0375, Delta/Signal:87.75%, Gateμ:-0.2625, Gate0%:0.0, MetaNormμ:6.5495 | Val Meta: Scaleμ:0.9749, Signal|S|μ:2.3613, Delta|S|μ:2.0823, Delta/Signal:88.19%, Gateμ:-0.2625, Gate0%:0.0, MetaNormμ:6.5495
Epoch  45/50 | Train Loss: 0.4683 Acc: 0.7670 F1: 0.6713 | Val Loss: 0.5813 Acc: 0.6500 F1: 0.3939 | Train Meta: Scaleμ:0.9749, Signal|S|μ:1.8133, Delta|S|μ:1.5916, Delta/Signal:87.77%, Gateμ:-0.2625, Gate0%:0.0, MetaNormμ:6.5495 | Val Meta: Scaleμ:0.9749, Signal|S|μ:2.3613, Delta|S|μ:2.0823, Delta/Signal:88.19%, Gateμ:-0.2625, Gate0%:0.0, MetaNormμ:6.5495
Epoch  46/50 | Train Loss: 0.4728 Acc: 0.7500 F1: 0.6377 | Val Loss: 0.5771 Acc: 0.6500 F1: 0.3939 | Train Meta: Scaleμ:0.9749, Signal|S|μ:2.2122, Delta|S|μ:1.9512, Delta/Signal:88.20%, Gateμ:-0.2625, Gate0%:0.0, MetaNormμ:6.5495 | Val Meta: Scaleμ:0.9749, Signal|S|μ:2.3613, Delta|S|μ:2.0823, Delta/Signal:88.19%, Gateμ:-0.2625, Gate0%:0.0, MetaNormμ:6.5495
Epoch  47/50 | Train Loss: 0.4570 Acc: 0.7784 F1: 0.6817 | Val Loss: 0.5814 Acc: 0.6500 F1: 0.3939 | Train Meta: Scaleμ:0.9749, Signal|S|μ:1.9590, Delta|S|μ:1.7151, Delta/Signal:87.55%, Gateμ:-0.2625, Gate0%:0.0, MetaNormμ:6.5495 | Val Meta: Scaleμ:0.9749, Signal|S|μ:2.3613, Delta|S|μ:2.0823, Delta/Signal:88.19%, Gateμ:-0.2625, Gate0%:0.0, MetaNormμ:6.5495
Epoch  48/50 | Train Loss: 0.4644 Acc: 0.7727 F1: 0.6765 | Val Loss: 0.5822 Acc: 0.6500 F1: 0.3939 | Train Meta: Scaleμ:0.9749, Signal|S|μ:5.5670, Delta|S|μ:4.9613, Delta/Signal:89.12%, Gateμ:-0.2625, Gate0%:0.0, MetaNormμ:6.5495 | Val Meta: Scaleμ:0.9749, Signal|S|μ:2.3613, Delta|S|μ:2.0823, Delta/Signal:88.19%, Gateμ:-0.2625, Gate0%:0.0, MetaNormμ:6.5495
Epoch  49/50 | Train Loss: 0.4696 Acc: 0.7557 F1: 0.6284 | Val Loss: 0.5821 Acc: 0.6500 F1: 0.3939 | Train Meta: Scaleμ:0.9749, Signal|S|μ:5.5894, Delta|S|μ:4.9852, Delta/Signal:89.19%, Gateμ:-0.2625, Gate0%:0.0, MetaNormμ:6.5495 | Val Meta: Scaleμ:0.9749, Signal|S|μ:2.3613, Delta|S|μ:2.0823, Delta/Signal:88.19%, Gateμ:-0.2625, Gate0%:0.0, MetaNormμ:6.5495
Epoch  50/50 | Train Loss: 0.4645 Acc: 0.7727 F1: 0.6706 | Val Loss: 0.5812 Acc: 0.6500 F1: 0.3939 | Train Meta: Scaleμ:0.9749, Signal|S|μ:1.7632, Delta|S|μ:1.5451, Delta/Signal:87.63%, Gateμ:-0.2625, Gate0%:0.0, MetaNormμ:6.5495 | Val Meta: Scaleμ:0.9749, Signal|S|μ:2.3613, Delta|S|μ:2.0823, Delta/Signal:88.19%, Gateμ:-0.2625, Gate0%:0.0, MetaNormμ:6.5495

Classification Test Result (Heartbeat)
Accuracy : 0.736585
F1 (macro): 0.621616
Saved attention maps for 3 sample(s) under ./runs/classification_electricity_to_Heartbeat_laya_metadata_query_gate_text_stats_avg/attention_maps
Text metadata preview | dataset=JapaneseVowels | domain=UEA | channels=12
   - channel_1: In the UEA domain, this channel belongs to the JapaneseVowels dataset and represents the feature channel 1.
   - channel_2: In the UEA domain, this channel belongs to the JapaneseVowels dataset and represents the feature channel 2.
   - ... (10 more channel descriptions)
Stats metadata preview | dataset=JapaneseVowels | domain=UEA | channels=12
   - channel_1: Channel statistics over the training split: mean value is 0.000, standard deviation is 1.000, minimum value is -2.301, maximum value is 2.921, median value is -0.282, and mean absolute value is 0.896.
/data/pjh_workspace/ts-env/lib/python3.8/site-packages/torch/nn/modules/transformer.py:307: UserWarning: enable_nested_tensor is True, but self.use_nested_tensor is False because encoder_layer.norm_first was True
  warnings.warn(f"enable_nested_tensor is True, but self.use_nested_tensor is False because {why_not_sparsity_fast_path}")
==================================================
🚀 Architecture: LAYA
📊 Target Dataset: JapaneseVowels (Channels: 12)
📊 Pretrain Info: electricity
📊 Classes: 9 | Sequence Length: 26
==================================================
✅ Loaded pretrained encoder from ./checkpoints/electricity_laya_metadata_query_gate_text_stats_avg/laya_ts_electricity_s_best.pt
   - 116/116 keys matched.
✅ Encoder is FROZEN (Linear Probing mode).
📝 metadata: mode=text_stats_avg, fusion=none, relation=metadata_query_gate
ℹ️  Metadata Fusion Mode: none
ℹ️  Channel Mixer Relation Mode: metadata_query_gate
ℹ️  Encoder Variant: default
ℹ️  Channel Adapter: disabled for Laya downstream (mixer)
ℹ️  Channel Relation Block: disabled
✅ ClassificationHead: [B, 256] → [B, 9]
Epoch   1/50 | Train Loss: 2.0920 Acc: 0.2042 F1: 0.1877 | Val Loss: 1.9775 Acc: 0.3704 F1: 0.3000 | Train Meta: Scaleμ:0.9749, Signal|S|μ:6.2242, Delta|S|μ:5.6476, Delta/Signal:90.74%, Gateμ:-0.2708, Gate0%:0.0, MetaNormμ:6.9699 | Val Meta: Scaleμ:0.9749, Signal|S|μ:6.3441, Delta|S|μ:5.7390, Delta/Signal:90.46%, Gateμ:-0.2708, Gate0%:0.0, MetaNormμ:6.9699
Validation Loss decreased (inf --> 1.977544). Saving best model...
Epoch   2/50 | Train Loss: 1.8742 Acc: 0.3458 F1: 0.2661 | Val Loss: 1.8178 Acc: 0.4074 F1: 0.3841 | Train Meta: Scaleμ:0.9749, Signal|S|μ:6.6047, Delta|S|μ:5.9879, Delta/Signal:90.66%, Gateμ:-0.2708, Gate0%:0.0, MetaNormμ:6.9699 | Val Meta: Scaleμ:0.9749, Signal|S|μ:6.3441, Delta|S|μ:5.7390, Delta/Signal:90.46%, Gateμ:-0.2708, Gate0%:0.0, MetaNormμ:6.9699
Validation Loss decreased (1.977544 --> 1.817844). Saving best model...
Epoch   3/50 | Train Loss: 1.7519 Acc: 0.3958 F1: 0.3348 | Val Loss: 1.6552 Acc: 0.3333 F1: 0.3192 | Train Meta: Scaleμ:0.9749, Signal|S|μ:6.7064, Delta|S|μ:6.0800, Delta/Signal:90.66%, Gateμ:-0.2708, Gate0%:0.0, MetaNormμ:6.9699 | Val Meta: Scaleμ:0.9749, Signal|S|μ:6.3441, Delta|S|μ:5.7390, Delta/Signal:90.46%, Gateμ:-0.2708, Gate0%:0.0, MetaNormμ:6.9699
Validation Loss decreased (1.817844 --> 1.655213). Saving best model...
Epoch   4/50 | Train Loss: 1.6652 Acc: 0.4250 F1: 0.4122 | Val Loss: 1.5799 Acc: 0.4074 F1: 0.4240 | Train Meta: Scaleμ:0.9749, Signal|S|μ:6.3434, Delta|S|μ:5.7397, Delta/Signal:90.48%, Gateμ:-0.2708, Gate0%:0.0, MetaNormμ:6.9699 | Val Meta: Scaleμ:0.9749, Signal|S|μ:6.3441, Delta|S|μ:5.7390, Delta/Signal:90.46%, Gateμ:-0.2708, Gate0%:0.0, MetaNormμ:6.9699
Validation Loss decreased (1.655213 --> 1.579865). Saving best model...
Epoch   5/50 | Train Loss: 1.6039 Acc: 0.4625 F1: 0.4099 | Val Loss: 1.5162 Acc: 0.4444 F1: 0.3939 | Train Meta: Scaleμ:0.9749, Signal|S|μ:6.6645, Delta|S|μ:6.0382, Delta/Signal:90.60%, Gateμ:-0.2708, Gate0%:0.0, MetaNormμ:6.9699 | Val Meta: Scaleμ:0.9749, Signal|S|μ:6.3441, Delta|S|μ:5.7390, Delta/Signal:90.46%, Gateμ:-0.2708, Gate0%:0.0, MetaNormμ:6.9699
Validation Loss decreased (1.579865 --> 1.516166). Saving best model...
Epoch   6/50 | Train Loss: 1.5772 Acc: 0.4333 F1: 0.3767 | Val Loss: 1.4821 Acc: 0.4074 F1: 0.4190 | Train Meta: Scaleμ:0.9749, Signal|S|μ:6.2669, Delta|S|μ:5.6745, Delta/Signal:90.55%, Gateμ:-0.2708, Gate0%:0.0, MetaNormμ:6.9699 | Val Meta: Scaleμ:0.9749, Signal|S|μ:6.3441, Delta|S|μ:5.7390, Delta/Signal:90.46%, Gateμ:-0.2708, Gate0%:0.0, MetaNormμ:6.9699
Validation Loss decreased (1.516166 --> 1.482056). Saving best model...
Epoch   7/50 | Train Loss: 1.5155 Acc: 0.5083 F1: 0.5000 | Val Loss: 1.4387 Acc: 0.4444 F1: 0.4989 | Train Meta: Scaleμ:0.9749, Signal|S|μ:6.1642, Delta|S|μ:5.5845, Delta/Signal:90.60%, Gateμ:-0.2708, Gate0%:0.0, MetaNormμ:6.9699 | Val Meta: Scaleμ:0.9749, Signal|S|μ:6.3441, Delta|S|μ:5.7390, Delta/Signal:90.46%, Gateμ:-0.2708, Gate0%:0.0, MetaNormμ:6.9699
Validation Loss decreased (1.482056 --> 1.438743). Saving best model...
Epoch   8/50 | Train Loss: 1.5017 Acc: 0.5042 F1: 0.4736 | Val Loss: 1.3988 Acc: 0.4815 F1: 0.4450 | Train Meta: Scaleμ:0.9749, Signal|S|μ:6.5119, Delta|S|μ:5.8981, Delta/Signal:90.57%, Gateμ:-0.2708, Gate0%:0.0, MetaNormμ:6.9699 | Val Meta: Scaleμ:0.9749, Signal|S|μ:6.3441, Delta|S|μ:5.7390, Delta/Signal:90.46%, Gateμ:-0.2708, Gate0%:0.0, MetaNormμ:6.9699
Validation Loss decreased (1.438743 --> 1.398791). Saving best model...
Epoch   9/50 | Train Loss: 1.4707 Acc: 0.5083 F1: 0.4715 | Val Loss: 1.3837 Acc: 0.4815 F1: 0.5228 | Train Meta: Scaleμ:0.9749, Signal|S|μ:5.9263, Delta|S|μ:5.3613, Delta/Signal:90.47%, Gateμ:-0.2708, Gate0%:0.0, MetaNormμ:6.9699 | Val Meta: Scaleμ:0.9749, Signal|S|μ:6.3441, Delta|S|μ:5.7390, Delta/Signal:90.46%, Gateμ:-0.2708, Gate0%:0.0, MetaNormμ:6.9699
Validation Loss decreased (1.398791 --> 1.383668). Saving best model...
Epoch  10/50 | Train Loss: 1.4474 Acc: 0.5458 F1: 0.5318 | Val Loss: 1.3786 Acc: 0.3704 F1: 0.3580 | Train Meta: Scaleμ:0.9749, Signal|S|μ:6.6980, Delta|S|μ:6.0713, Delta/Signal:90.64%, Gateμ:-0.2708, Gate0%:0.0, MetaNormμ:6.9699 | Val Meta: Scaleμ:0.9749, Signal|S|μ:6.3441, Delta|S|μ:5.7390, Delta/Signal:90.46%, Gateμ:-0.2708, Gate0%:0.0, MetaNormμ:6.9699
Validation Loss decreased (1.383668 --> 1.378635). Saving best model...
Epoch  11/50 | Train Loss: 1.4175 Acc: 0.5583 F1: 0.5557 | Val Loss: 1.3427 Acc: 0.4444 F1: 0.4935 | Train Meta: Scaleμ:0.9749, Signal|S|μ:6.2469, Delta|S|μ:5.6660, Delta/Signal:90.70%, Gateμ:-0.2708, Gate0%:0.0, MetaNormμ:6.9699 | Val Meta: Scaleμ:0.9749, Signal|S|μ:6.3441, Delta|S|μ:5.7390, Delta/Signal:90.46%, Gateμ:-0.2708, Gate0%:0.0, MetaNormμ:6.9699
Validation Loss decreased (1.378635 --> 1.342740). Saving best model...
Epoch  12/50 | Train Loss: 1.3983 Acc: 0.5625 F1: 0.5489 | Val Loss: 1.3414 Acc: 0.4444 F1: 0.4966 | Train Meta: Scaleμ:0.9749, Signal|S|μ:6.2729, Delta|S|μ:5.6747, Delta/Signal:90.46%, Gateμ:-0.2708, Gate0%:0.0, MetaNormμ:6.9699 | Val Meta: Scaleμ:0.9749, Signal|S|μ:6.3441, Delta|S|μ:5.7390, Delta/Signal:90.46%, Gateμ:-0.2708, Gate0%:0.0, MetaNormμ:6.9699
Validation Loss decreased (1.342740 --> 1.341434). Saving best model...
Epoch  13/50 | Train Loss: 1.3815 Acc: 0.5583 F1: 0.5371 | Val Loss: 1.2988 Acc: 0.4815 F1: 0.4972 | Train Meta: Scaleμ:0.9749, Signal|S|μ:6.6662, Delta|S|μ:6.0400, Delta/Signal:90.61%, Gateμ:-0.2708, Gate0%:0.0, MetaNormμ:6.9699 | Val Meta: Scaleμ:0.9749, Signal|S|μ:6.3441, Delta|S|μ:5.7390, Delta/Signal:90.46%, Gateμ:-0.2708, Gate0%:0.0, MetaNormμ:6.9699
Validation Loss decreased (1.341434 --> 1.298785). Saving best model...
Epoch  14/50 | Train Loss: 1.3673 Acc: 0.5375 F1: 0.5233 | Val Loss: 1.2820 Acc: 0.4444 F1: 0.4667 | Train Meta: Scaleμ:0.9749, Signal|S|μ:6.2918, Delta|S|μ:5.7044, Delta/Signal:90.66%, Gateμ:-0.2708, Gate0%:0.0, MetaNormμ:6.9699 | Val Meta: Scaleμ:0.9749, Signal|S|μ:6.3441, Delta|S|μ:5.7390, Delta/Signal:90.46%, Gateμ:-0.2708, Gate0%:0.0, MetaNormμ:6.9699
Validation Loss decreased (1.298785 --> 1.282031). Saving best model...
Epoch  15/50 | Train Loss: 1.3562 Acc: 0.5500 F1: 0.5284 | Val Loss: 1.2818 Acc: 0.5185 F1: 0.5704 | Train Meta: Scaleμ:0.9749, Signal|S|μ:5.9711, Delta|S|μ:5.4179, Delta/Signal:90.74%, Gateμ:-0.2708, Gate0%:0.0, MetaNormμ:6.9699 | Val Meta: Scaleμ:0.9749, Signal|S|μ:6.3441, Delta|S|μ:5.7390, Delta/Signal:90.46%, Gateμ:-0.2708, Gate0%:0.0, MetaNormμ:6.9699
Validation Loss decreased (1.282031 --> 1.281821). Saving best model...
Epoch  16/50 | Train Loss: 1.3322 Acc: 0.5917 F1: 0.5769 | Val Loss: 1.3123 Acc: 0.4074 F1: 0.4296 | Train Meta: Scaleμ:0.9749, Signal|S|μ:6.5980, Delta|S|μ:5.9610, Delta/Signal:90.35%, Gateμ:-0.2708, Gate0%:0.0, MetaNormμ:6.9699 | Val Meta: Scaleμ:0.9749, Signal|S|μ:6.3441, Delta|S|μ:5.7390, Delta/Signal:90.46%, Gateμ:-0.2708, Gate0%:0.0, MetaNormμ:6.9699
Epoch  17/50 | Train Loss: 1.3271 Acc: 0.5958 F1: 0.5974 | Val Loss: 1.2298 Acc: 0.5185 F1: 0.5607 | Train Meta: Scaleμ:0.9749, Signal|S|μ:6.0130, Delta|S|μ:5.4475, Delta/Signal:90.60%, Gateμ:-0.2708, Gate0%:0.0, MetaNormμ:6.9699 | Val Meta: Scaleμ:0.9749, Signal|S|μ:6.3441, Delta|S|μ:5.7390, Delta/Signal:90.46%, Gateμ:-0.2708, Gate0%:0.0, MetaNormμ:6.9699
Validation Loss decreased (1.281821 --> 1.229759). Saving best model...
Epoch  18/50 | Train Loss: 1.3019 Acc: 0.5875 F1: 0.5787 | Val Loss: 1.2569 Acc: 0.5185 F1: 0.5495 | Train Meta: Scaleμ:0.9749, Signal|S|μ:6.3840, Delta|S|μ:5.7838, Delta/Signal:90.60%, Gateμ:-0.2708, Gate0%:0.0, MetaNormμ:6.9699 | Val Meta: Scaleμ:0.9749, Signal|S|μ:6.3441, Delta|S|μ:5.7390, Delta/Signal:90.46%, Gateμ:-0.2708, Gate0%:0.0, MetaNormμ:6.9699
Epoch  19/50 | Train Loss: 1.3047 Acc: 0.6042 F1: 0.5999 | Val Loss: 1.2517 Acc: 0.4815 F1: 0.5012 | Train Meta: Scaleμ:0.9749, Signal|S|μ:6.4712, Delta|S|μ:5.8678, Delta/Signal:90.68%, Gateμ:-0.2708, Gate0%:0.0, MetaNormμ:6.9699 | Val Meta: Scaleμ:0.9749, Signal|S|μ:6.3441, Delta|S|μ:5.7390, Delta/Signal:90.46%, Gateμ:-0.2708, Gate0%:0.0, MetaNormμ:6.9699
Epoch  20/50 | Train Loss: 1.2642 Acc: 0.5875 F1: 0.5700 | Val Loss: 1.2469 Acc: 0.5185 F1: 0.5236 | Train Meta: Scaleμ:0.9749, Signal|S|μ:6.5294, Delta|S|μ:5.9094, Delta/Signal:90.50%, Gateμ:-0.2708, Gate0%:0.0, MetaNormμ:6.9699 | Val Meta: Scaleμ:0.9749, Signal|S|μ:6.3441, Delta|S|μ:5.7390, Delta/Signal:90.46%, Gateμ:-0.2708, Gate0%:0.0, MetaNormμ:6.9699
Epoch  21/50 | Train Loss: 1.2725 Acc: 0.6167 F1: 0.6148 | Val Loss: 1.2594 Acc: 0.4444 F1: 0.4935 | Train Meta: Scaleμ:0.9749, Signal|S|μ:5.7730, Delta|S|μ:5.2298, Delta/Signal:90.59%, Gateμ:-0.2708, Gate0%:0.0, MetaNormμ:6.9699 | Val Meta: Scaleμ:0.9749, Signal|S|μ:6.3441, Delta|S|μ:5.7390, Delta/Signal:90.46%, Gateμ:-0.2708, Gate0%:0.0, MetaNormμ:6.9699
Epoch  22/50 | Train Loss: 1.2527 Acc: 0.6250 F1: 0.6152 | Val Loss: 1.2448 Acc: 0.4815 F1: 0.5198 | Train Meta: Scaleμ:0.9749, Signal|S|μ:6.7612, Delta|S|μ:6.1245, Delta/Signal:90.58%, Gateμ:-0.2708, Gate0%:0.0, MetaNormμ:6.9699 | Val Meta: Scaleμ:0.9749, Signal|S|μ:6.3441, Delta|S|μ:5.7390, Delta/Signal:90.46%, Gateμ:-0.2708, Gate0%:0.0, MetaNormμ:6.9699
Epoch  23/50 | Train Loss: 1.2433 Acc: 0.6167 F1: 0.6089 | Val Loss: 1.2509 Acc: 0.4815 F1: 0.5333 | Train Meta: Scaleμ:0.9749, Signal|S|μ:6.1434, Delta|S|μ:5.5574, Delta/Signal:90.46%, Gateμ:-0.2708, Gate0%:0.0, MetaNormμ:6.9699 | Val Meta: Scaleμ:0.9749, Signal|S|μ:6.3441, Delta|S|μ:5.7390, Delta/Signal:90.46%, Gateμ:-0.2708, Gate0%:0.0, MetaNormμ:6.9699
Epoch  24/50 | Train Loss: 1.2392 Acc: 0.6250 F1: 0.6198 | Val Loss: 1.1917 Acc: 0.5185 F1: 0.5309 | Train Meta: Scaleμ:0.9749, Signal|S|μ:6.6073, Delta|S|μ:5.9818, Delta/Signal:90.53%, Gateμ:-0.2708, Gate0%:0.0, MetaNormμ:6.9699 | Val Meta: Scaleμ:0.9749, Signal|S|μ:6.3441, Delta|S|μ:5.7390, Delta/Signal:90.46%, Gateμ:-0.2708, Gate0%:0.0, MetaNormμ:6.9699
Validation Loss decreased (1.229759 --> 1.191697). Saving best model...
Epoch  25/50 | Train Loss: 1.2158 Acc: 0.6167 F1: 0.6133 | Val Loss: 1.2631 Acc: 0.5185 F1: 0.5568 | Train Meta: Scaleμ:0.9749, Signal|S|μ:6.1315, Delta|S|μ:5.5555, Delta/Signal:90.61%, Gateμ:-0.2708, Gate0%:0.0, MetaNormμ:6.9699 | Val Meta: Scaleμ:0.9749, Signal|S|μ:6.3441, Delta|S|μ:5.7390, Delta/Signal:90.46%, Gateμ:-0.2708, Gate0%:0.0, MetaNormμ:6.9699
Epoch  26/50 | Train Loss: 1.2174 Acc: 0.6250 F1: 0.6198 | Val Loss: 1.1938 Acc: 0.5185 F1: 0.5444 | Train Meta: Scaleμ:0.9749, Signal|S|μ:6.3433, Delta|S|μ:5.7336, Delta/Signal:90.39%, Gateμ:-0.2708, Gate0%:0.0, MetaNormμ:6.9699 | Val Meta: Scaleμ:0.9749, Signal|S|μ:6.3441, Delta|S|μ:5.7390, Delta/Signal:90.46%, Gateμ:-0.2708, Gate0%:0.0, MetaNormμ:6.9699
Epoch  27/50 | Train Loss: 1.2000 Acc: 0.6583 F1: 0.6569 | Val Loss: 1.2047 Acc: 0.4815 F1: 0.5198 | Train Meta: Scaleμ:0.9749, Signal|S|μ:6.7282, Delta|S|μ:6.0949, Delta/Signal:90.59%, Gateμ:-0.2708, Gate0%:0.0, MetaNormμ:6.9699 | Val Meta: Scaleμ:0.9749, Signal|S|μ:6.3441, Delta|S|μ:5.7390, Delta/Signal:90.46%, Gateμ:-0.2708, Gate0%:0.0, MetaNormμ:6.9699
Epoch  28/50 | Train Loss: 1.2020 Acc: 0.6250 F1: 0.6197 | Val Loss: 1.2186 Acc: 0.5185 F1: 0.5524 | Train Meta: Scaleμ:0.9749, Signal|S|μ:6.7900, Delta|S|μ:6.1537, Delta/Signal:90.63%, Gateμ:-0.2708, Gate0%:0.0, MetaNormμ:6.9699 | Val Meta: Scaleμ:0.9749, Signal|S|μ:6.3441, Delta|S|μ:5.7390, Delta/Signal:90.46%, Gateμ:-0.2708, Gate0%:0.0, MetaNormμ:6.9699
Epoch  29/50 | Train Loss: 1.1958 Acc: 0.6333 F1: 0.6377 | Val Loss: 1.2086 Acc: 0.5185 F1: 0.5568 | Train Meta: Scaleμ:0.9749, Signal|S|μ:6.4940, Delta|S|μ:5.8844, Delta/Signal:90.61%, Gateμ:-0.2708, Gate0%:0.0, MetaNormμ:6.9699 | Val Meta: Scaleμ:0.9749, Signal|S|μ:6.3441, Delta|S|μ:5.7390, Delta/Signal:90.46%, Gateμ:-0.2708, Gate0%:0.0, MetaNormμ:6.9699
Epoch  30/50 | Train Loss: 1.1805 Acc: 0.6292 F1: 0.6235 | Val Loss: 1.1987 Acc: 0.4815 F1: 0.5198 | Train Meta: Scaleμ:0.9749, Signal|S|μ:6.8843, Delta|S|μ:6.2375, Delta/Signal:90.60%, Gateμ:-0.2708, Gate0%:0.0, MetaNormμ:6.9699 | Val Meta: Scaleμ:0.9749, Signal|S|μ:6.3441, Delta|S|μ:5.7390, Delta/Signal:90.46%, Gateμ:-0.2708, Gate0%:0.0, MetaNormμ:6.9699
Epoch  31/50 | Train Loss: 1.1785 Acc: 0.6292 F1: 0.6300 | Val Loss: 1.2012 Acc: 0.5556 F1: 0.5926 | Train Meta: Scaleμ:0.9749, Signal|S|μ:6.3746, Delta|S|μ:5.7677, Delta/Signal:90.48%, Gateμ:-0.2708, Gate0%:0.0, MetaNormμ:6.9699 | Val Meta: Scaleμ:0.9749, Signal|S|μ:6.3441, Delta|S|μ:5.7390, Delta/Signal:90.46%, Gateμ:-0.2708, Gate0%:0.0, MetaNormμ:6.9699
Epoch  32/50 | Train Loss: 1.1663 Acc: 0.6458 F1: 0.6451 | Val Loss: 1.2034 Acc: 0.5185 F1: 0.5370 | Train Meta: Scaleμ:0.9749, Signal|S|μ:6.2416, Delta|S|μ:5.6413, Delta/Signal:90.38%, Gateμ:-0.2708, Gate0%:0.0, MetaNormμ:6.9699 | Val Meta: Scaleμ:0.9749, Signal|S|μ:6.3441, Delta|S|μ:5.7390, Delta/Signal:90.46%, Gateμ:-0.2708, Gate0%:0.0, MetaNormμ:6.9699
Epoch  33/50 | Train Loss: 1.1630 Acc: 0.6208 F1: 0.6154 | Val Loss: 1.2102 Acc: 0.5926 F1: 0.6339 | Train Meta: Scaleμ:0.9749, Signal|S|μ:6.1344, Delta|S|μ:5.5388, Delta/Signal:90.29%, Gateμ:-0.2708, Gate0%:0.0, MetaNormμ:6.9699 | Val Meta: Scaleμ:0.9749, Signal|S|μ:6.3441, Delta|S|μ:5.7390, Delta/Signal:90.46%, Gateμ:-0.2708, Gate0%:0.0, MetaNormμ:6.9699
Epoch  34/50 | Train Loss: 1.1473 Acc: 0.6458 F1: 0.6378 | Val Loss: 1.1496 Acc: 0.5185 F1: 0.5568 | Train Meta: Scaleμ:0.9749, Signal|S|μ:6.7976, Delta|S|μ:6.1674, Delta/Signal:90.73%, Gateμ:-0.2708, Gate0%:0.0, MetaNormμ:6.9699 | Val Meta: Scaleμ:0.9749, Signal|S|μ:6.3441, Delta|S|μ:5.7390, Delta/Signal:90.46%, Gateμ:-0.2708, Gate0%:0.0, MetaNormμ:6.9699
Validation Loss decreased (1.191697 --> 1.149566). Saving best model...
Epoch  35/50 | Train Loss: 1.1322 Acc: 0.6583 F1: 0.6611 | Val Loss: 1.2147 Acc: 0.5185 F1: 0.5568 | Train Meta: Scaleμ:0.9749, Signal|S|μ:6.5401, Delta|S|μ:5.9232, Delta/Signal:90.57%, Gateμ:-0.2708, Gate0%:0.0, MetaNormμ:6.9699 | Val Meta: Scaleμ:0.9749, Signal|S|μ:6.3441, Delta|S|μ:5.7390, Delta/Signal:90.46%, Gateμ:-0.2708, Gate0%:0.0, MetaNormμ:6.9699
Epoch  36/50 | Train Loss: 1.1437 Acc: 0.6375 F1: 0.6255 | Val Loss: 1.2009 Acc: 0.5185 F1: 0.5265 | Train Meta: Scaleμ:0.9749, Signal|S|μ:6.4268, Delta|S|μ:5.8300, Delta/Signal:90.71%, Gateμ:-0.2708, Gate0%:0.0, MetaNormμ:6.9699 | Val Meta: Scaleμ:0.9749, Signal|S|μ:6.3441, Delta|S|μ:5.7390, Delta/Signal:90.46%, Gateμ:-0.2708, Gate0%:0.0, MetaNormμ:6.9699
Epoch  37/50 | Train Loss: 1.1336 Acc: 0.6375 F1: 0.6312 | Val Loss: 1.1689 Acc: 0.5556 F1: 0.5741 | Train Meta: Scaleμ:0.9749, Signal|S|μ:6.3897, Delta|S|μ:5.7908, Delta/Signal:90.63%, Gateμ:-0.2708, Gate0%:0.0, MetaNormμ:6.9699 | Val Meta: Scaleμ:0.9749, Signal|S|μ:6.3441, Delta|S|μ:5.7390, Delta/Signal:90.46%, Gateμ:-0.2708, Gate0%:0.0, MetaNormμ:6.9699
Epoch  38/50 | Train Loss: 1.1227 Acc: 0.6500 F1: 0.6463 | Val Loss: 1.2268 Acc: 0.5185 F1: 0.5012 | Train Meta: Scaleμ:0.9749, Signal|S|μ:6.4432, Delta|S|μ:5.8335, Delta/Signal:90.54%, Gateμ:-0.2708, Gate0%:0.0, MetaNormμ:6.9699 | Val Meta: Scaleμ:0.9749, Signal|S|μ:6.3441, Delta|S|μ:5.7390, Delta/Signal:90.46%, Gateμ:-0.2708, Gate0%:0.0, MetaNormμ:6.9699
Epoch  39/50 | Train Loss: 1.1119 Acc: 0.6292 F1: 0.6253 | Val Loss: 1.1765 Acc: 0.5926 F1: 0.6339 | Train Meta: Scaleμ:0.9749, Signal|S|μ:6.3951, Delta|S|μ:5.8023, Delta/Signal:90.73%, Gateμ:-0.2708, Gate0%:0.0, MetaNormμ:6.9699 | Val Meta: Scaleμ:0.9749, Signal|S|μ:6.3441, Delta|S|μ:5.7390, Delta/Signal:90.46%, Gateμ:-0.2708, Gate0%:0.0, MetaNormμ:6.9699
Epoch  40/50 | Train Loss: 1.1115 Acc: 0.6500 F1: 0.6514 | Val Loss: 1.1979 Acc: 0.5185 F1: 0.5524 | Train Meta: Scaleμ:0.9749, Signal|S|μ:6.7504, Delta|S|μ:6.1253, Delta/Signal:90.74%, Gateμ:-0.2708, Gate0%:0.0, MetaNormμ:6.9699 | Val Meta: Scaleμ:0.9749, Signal|S|μ:6.3441, Delta|S|μ:5.7390, Delta/Signal:90.46%, Gateμ:-0.2708, Gate0%:0.0, MetaNormμ:6.9699
Epoch  41/50 | Train Loss: 1.1024 Acc: 0.6792 F1: 0.6837 | Val Loss: 1.1627 Acc: 0.5926 F1: 0.6167 | Train Meta: Scaleμ:0.9749, Signal|S|μ:6.4376, Delta|S|μ:5.8306, Delta/Signal:90.57%, Gateμ:-0.2708, Gate0%:0.0, MetaNormμ:6.9699 | Val Meta: Scaleμ:0.9749, Signal|S|μ:6.3441, Delta|S|μ:5.7390, Delta/Signal:90.46%, Gateμ:-0.2708, Gate0%:0.0, MetaNormμ:6.9699
Epoch  42/50 | Train Loss: 1.1005 Acc: 0.6458 F1: 0.6413 | Val Loss: 1.1724 Acc: 0.5185 F1: 0.5462 | Train Meta: Scaleμ:0.9749, Signal|S|μ:6.0102, Delta|S|μ:5.4317, Delta/Signal:90.37%, Gateμ:-0.2708, Gate0%:0.0, MetaNormμ:6.9699 | Val Meta: Scaleμ:0.9749, Signal|S|μ:6.3441, Delta|S|μ:5.7390, Delta/Signal:90.46%, Gateμ:-0.2708, Gate0%:0.0, MetaNormμ:6.9699
Epoch  43/50 | Train Loss: 1.0943 Acc: 0.6500 F1: 0.6496 | Val Loss: 1.1978 Acc: 0.5926 F1: 0.6166 | Train Meta: Scaleμ:0.9749, Signal|S|μ:6.5029, Delta|S|μ:5.8991, Delta/Signal:90.72%, Gateμ:-0.2708, Gate0%:0.0, MetaNormμ:6.9699 | Val Meta: Scaleμ:0.9749, Signal|S|μ:6.3441, Delta|S|μ:5.7390, Delta/Signal:90.46%, Gateμ:-0.2708, Gate0%:0.0, MetaNormμ:6.9699
Epoch  44/50 | Train Loss: 1.1000 Acc: 0.6458 F1: 0.6365 | Val Loss: 1.1639 Acc: 0.5185 F1: 0.5568 | Train Meta: Scaleμ:0.9749, Signal|S|μ:6.3295, Delta|S|μ:5.7224, Delta/Signal:90.41%, Gateμ:-0.2708, Gate0%:0.0, MetaNormμ:6.9699 | Val Meta: Scaleμ:0.9749, Signal|S|μ:6.3441, Delta|S|μ:5.7390, Delta/Signal:90.46%, Gateμ:-0.2708, Gate0%:0.0, MetaNormμ:6.9699
Epoch  45/50 | Train Loss: 1.0743 Acc: 0.6625 F1: 0.6625 | Val Loss: 1.2019 Acc: 0.5185 F1: 0.5320 | Train Meta: Scaleμ:0.9749, Signal|S|μ:6.7635, Delta|S|μ:6.1405, Delta/Signal:90.79%, Gateμ:-0.2708, Gate0%:0.0, MetaNormμ:6.9699 | Val Meta: Scaleμ:0.9749, Signal|S|μ:6.3441, Delta|S|μ:5.7390, Delta/Signal:90.46%, Gateμ:-0.2708, Gate0%:0.0, MetaNormμ:6.9699
Epoch  46/50 | Train Loss: 1.0871 Acc: 0.6583 F1: 0.6563 | Val Loss: 1.1491 Acc: 0.5185 F1: 0.5603 | Train Meta: Scaleμ:0.9749, Signal|S|μ:6.5732, Delta|S|μ:5.9574, Delta/Signal:90.63%, Gateμ:-0.2708, Gate0%:0.0, MetaNormμ:6.9699 | Val Meta: Scaleμ:0.9749, Signal|S|μ:6.3441, Delta|S|μ:5.7390, Delta/Signal:90.46%, Gateμ:-0.2708, Gate0%:0.0, MetaNormμ:6.9699
Validation Loss decreased (1.149566 --> 1.149085). Saving best model...
Epoch  47/50 | Train Loss: 1.0674 Acc: 0.6750 F1: 0.6724 | Val Loss: 1.2031 Acc: 0.5926 F1: 0.6086 | Train Meta: Scaleμ:0.9749, Signal|S|μ:6.5717, Delta|S|μ:5.9534, Delta/Signal:90.59%, Gateμ:-0.2708, Gate0%:0.0, MetaNormμ:6.9699 | Val Meta: Scaleμ:0.9749, Signal|S|μ:6.3441, Delta|S|μ:5.7390, Delta/Signal:90.46%, Gateμ:-0.2708, Gate0%:0.0, MetaNormμ:6.9699
Epoch  48/50 | Train Loss: 1.0679 Acc: 0.6583 F1: 0.6585 | Val Loss: 1.1648 Acc: 0.5926 F1: 0.6444 | Train Meta: Scaleμ:0.9749, Signal|S|μ:7.0017, Delta|S|μ:6.3331, Delta/Signal:90.45%, Gateμ:-0.2708, Gate0%:0.0, MetaNormμ:6.9699 | Val Meta: Scaleμ:0.9749, Signal|S|μ:6.3441, Delta|S|μ:5.7390, Delta/Signal:90.46%, Gateμ:-0.2708, Gate0%:0.0, MetaNormμ:6.9699
Epoch  49/50 | Train Loss: 1.0470 Acc: 0.6875 F1: 0.6884 | Val Loss: 1.1653 Acc: 0.5556 F1: 0.5647 | Train Meta: Scaleμ:0.9749, Signal|S|μ:6.7111, Delta|S|μ:6.0770, Delta/Signal:90.55%, Gateμ:-0.2708, Gate0%:0.0, MetaNormμ:6.9699 | Val Meta: Scaleμ:0.9749, Signal|S|μ:6.3441, Delta|S|μ:5.7390, Delta/Signal:90.46%, Gateμ:-0.2708, Gate0%:0.0, MetaNormμ:6.9699
Epoch  50/50 | Train Loss: 1.0560 Acc: 0.6667 F1: 0.6665 | Val Loss: 1.1544 Acc: 0.5185 F1: 0.5289 | Train Meta: Scaleμ:0.9749, Signal|S|μ:6.1321, Delta|S|μ:5.5396, Delta/Signal:90.34%, Gateμ:-0.2708, Gate0%:0.0, MetaNormμ:6.9699 | Val Meta: Scaleμ:0.9749, Signal|S|μ:6.3441, Delta|S|μ:5.7390, Delta/Signal:90.46%, Gateμ:-0.2708, Gate0%:0.0, MetaNormμ:6.9699

Classification Test Result (JapaneseVowels)
Accuracy : 0.410811
F1 (macro): 0.401986
Saved attention maps for 3 sample(s) under ./runs/classification_electricity_to_JapaneseVowels_laya_metadata_query_gate_text_stats_avg/attention_maps
Text metadata preview | dataset=PEMS-SF | domain=UEA | channels=963
   - channel_1: In the UEA domain, this channel belongs to the PEMS-SF dataset and represents the feature channel 1.
   - channel_2: In the UEA domain, this channel belongs to the PEMS-SF dataset and represents the feature channel 2.
   - ... (961 more channel descriptions)
Stats metadata preview | dataset=PEMS-SF | domain=UEA | channels=963
   - channel_1: Channel statistics over the training split: mean value is -0.000, standard deviation is 1.000, minimum value is -1.458, maximum value is 12.589, median value is 0.136, and mean absolute value is 0.674.
/data/pjh_workspace/ts-env/lib/python3.8/site-packages/torch/nn/modules/transformer.py:307: UserWarning: enable_nested_tensor is True, but self.use_nested_tensor is False because encoder_layer.norm_first was True
  warnings.warn(f"enable_nested_tensor is True, but self.use_nested_tensor is False because {why_not_sparsity_fast_path}")
==================================================
🚀 Architecture: LAYA
📊 Target Dataset: PEMS-SF (Channels: 963)
📊 Pretrain Info: electricity
📊 Classes: 7 | Sequence Length: 144
==================================================
✅ Loaded pretrained encoder from ./checkpoints/electricity_laya_metadata_query_gate_text_stats_avg/laya_ts_electricity_s_best.pt
   - 116/116 keys matched.
✅ Encoder is FROZEN (Linear Probing mode).
📝 metadata: mode=text_stats_avg, fusion=none, relation=metadata_query_gate
ℹ️  Metadata Fusion Mode: none
ℹ️  Channel Mixer Relation Mode: metadata_query_gate
ℹ️  Encoder Variant: default
ℹ️  Channel Adapter: disabled for Laya downstream (mixer)
ℹ️  Channel Relation Block: disabled
✅ ClassificationHead: [B, 256] → [B, 7]
Epoch   1/50 | Train Loss: 1.9230 Acc: 0.2042 F1: 0.1634 | Val Loss: 1.9796 Acc: 0.1538 F1: 0.1375 | Train Meta: Scaleμ:0.9749, Signal|S|μ:8.6768, Delta|S|μ:7.4977, Delta/Signal:86.41%, Gateμ:-0.2020, Gate0%:0.0, MetaNormμ:5.9106 | Val Meta: Scaleμ:0.9749, Signal|S|μ:8.0618, Delta|S|μ:6.9655, Delta/Signal:86.40%, Gateμ:-0.2020, Gate0%:0.0, MetaNormμ:5.9106
Validation Loss decreased (inf --> 1.979646). Saving best model...
Epoch   2/50 | Train Loss: 1.8098 Acc: 0.2417 F1: 0.1775 | Val Loss: 1.8442 Acc: 0.2308 F1: 0.1588 | Train Meta: Scaleμ:0.9749, Signal|S|μ:9.2872, Delta|S|μ:8.0269, Delta/Signal:86.43%, Gateμ:-0.2020, Gate0%:0.0, MetaNormμ:5.9106 | Val Meta: Scaleμ:0.9749, Signal|S|μ:8.0618, Delta|S|μ:6.9655, Delta/Signal:86.40%, Gateμ:-0.2020, Gate0%:0.0, MetaNormμ:5.9106
Validation Loss decreased (1.979646 --> 1.844242). Saving best model...
Epoch   3/50 | Train Loss: 1.7275 Acc: 0.3000 F1: 0.2477 | Val Loss: 1.8042 Acc: 0.1923 F1: 0.1440 | Train Meta: Scaleμ:0.9749, Signal|S|μ:8.0897, Delta|S|μ:6.9895, Delta/Signal:86.40%, Gateμ:-0.2020, Gate0%:0.0, MetaNormμ:5.9106 | Val Meta: Scaleμ:0.9749, Signal|S|μ:8.0618, Delta|S|μ:6.9655, Delta/Signal:86.40%, Gateμ:-0.2020, Gate0%:0.0, MetaNormμ:5.9106
Validation Loss decreased (1.844242 --> 1.804167). Saving best model...
Epoch   4/50 | Train Loss: 1.6805 Acc: 0.2917 F1: 0.2633 | Val Loss: 1.7556 Acc: 0.2692 F1: 0.1868 | Train Meta: Scaleμ:0.9749, Signal|S|μ:8.5442, Delta|S|μ:7.3846, Delta/Signal:86.43%, Gateμ:-0.2020, Gate0%:0.0, MetaNormμ:5.9106 | Val Meta: Scaleμ:0.9749, Signal|S|μ:8.0618, Delta|S|μ:6.9655, Delta/Signal:86.40%, Gateμ:-0.2020, Gate0%:0.0, MetaNormμ:5.9106
Validation Loss decreased (1.804167 --> 1.755579). Saving best model...
Epoch   5/50 | Train Loss: 1.6342 Acc: 0.3833 F1: 0.3420 | Val Loss: 1.7712 Acc: 0.2692 F1: 0.1934 | Train Meta: Scaleμ:0.9749, Signal|S|μ:8.7457, Delta|S|μ:7.5584, Delta/Signal:86.42%, Gateμ:-0.2020, Gate0%:0.0, MetaNormμ:5.9106 | Val Meta: Scaleμ:0.9749, Signal|S|μ:8.0618, Delta|S|μ:6.9655, Delta/Signal:86.40%, Gateμ:-0.2020, Gate0%:0.0, MetaNormμ:5.9106
Epoch   6/50 | Train Loss: 1.6150 Acc: 0.3750 F1: 0.3273 | Val Loss: 1.8081 Acc: 0.2308 F1: 0.1827 | Train Meta: Scaleμ:0.9749, Signal|S|μ:7.9116, Delta|S|μ:6.8357, Delta/Signal:86.40%, Gateμ:-0.2020, Gate0%:0.0, MetaNormμ:5.9106 | Val Meta: Scaleμ:0.9749, Signal|S|μ:8.0618, Delta|S|μ:6.9655, Delta/Signal:86.40%, Gateμ:-0.2020, Gate0%:0.0, MetaNormμ:5.9106
Epoch   7/50 | Train Loss: 1.5822 Acc: 0.3750 F1: 0.3409 | Val Loss: 1.7120 Acc: 0.3462 F1: 0.2881 | Train Meta: Scaleμ:0.9749, Signal|S|μ:8.6423, Delta|S|μ:7.4666, Delta/Signal:86.40%, Gateμ:-0.2020, Gate0%:0.0, MetaNormμ:5.9106 | Val Meta: Scaleμ:0.9749, Signal|S|μ:8.0618, Delta|S|μ:6.9655, Delta/Signal:86.40%, Gateμ:-0.2020, Gate0%:0.0, MetaNormμ:5.9106
Validation Loss decreased (1.755579 --> 1.712050). Saving best model...
Epoch   8/50 | Train Loss: 1.5789 Acc: 0.3750 F1: 0.3455 | Val Loss: 1.7635 Acc: 0.3846 F1: 0.3124 | Train Meta: Scaleμ:0.9749, Signal|S|μ:7.4574, Delta|S|μ:6.4420, Delta/Signal:86.38%, Gateμ:-0.2020, Gate0%:0.0, MetaNormμ:5.9106 | Val Meta: Scaleμ:0.9749, Signal|S|μ:8.0618, Delta|S|μ:6.9655, Delta/Signal:86.40%, Gateμ:-0.2020, Gate0%:0.0, MetaNormμ:5.9106
Epoch   9/50 | Train Loss: 1.5422 Acc: 0.3917 F1: 0.3696 | Val Loss: 1.7141 Acc: 0.3462 F1: 0.2864 | Train Meta: Scaleμ:0.9749, Signal|S|μ:7.9612, Delta|S|μ:6.8796, Delta/Signal:86.41%, Gateμ:-0.2020, Gate0%:0.0, MetaNormμ:5.9106 | Val Meta: Scaleμ:0.9749, Signal|S|μ:8.0618, Delta|S|μ:6.9655, Delta/Signal:86.40%, Gateμ:-0.2020, Gate0%:0.0, MetaNormμ:5.9106
Epoch  10/50 | Train Loss: 1.5199 Acc: 0.4208 F1: 0.3778 | Val Loss: 1.7723 Acc: 0.1923 F1: 0.1571 | Train Meta: Scaleμ:0.9749, Signal|S|μ:8.1203, Delta|S|μ:7.0157, Delta/Signal:86.40%, Gateμ:-0.2020, Gate0%:0.0, MetaNormμ:5.9106 | Val Meta: Scaleμ:0.9749, Signal|S|μ:8.0618, Delta|S|μ:6.9655, Delta/Signal:86.40%, Gateμ:-0.2020, Gate0%:0.0, MetaNormμ:5.9106
Epoch  11/50 | Train Loss: 1.5031 Acc: 0.4333 F1: 0.4016 | Val Loss: 1.7166 Acc: 0.3846 F1: 0.3262 | Train Meta: Scaleμ:0.9749, Signal|S|μ:8.8247, Delta|S|μ:7.6243, Delta/Signal:86.40%, Gateμ:-0.2020, Gate0%:0.0, MetaNormμ:5.9106 | Val Meta: Scaleμ:0.9749, Signal|S|μ:8.0618, Delta|S|μ:6.9655, Delta/Signal:86.40%, Gateμ:-0.2020, Gate0%:0.0, MetaNormμ:5.9106
Epoch  12/50 | Train Loss: 1.4779 Acc: 0.4500 F1: 0.4155 | Val Loss: 1.7045 Acc: 0.2692 F1: 0.2186 | Train Meta: Scaleμ:0.9749, Signal|S|μ:8.3963, Delta|S|μ:7.2544, Delta/Signal:86.40%, Gateμ:-0.2020, Gate0%:0.0, MetaNormμ:5.9106 | Val Meta: Scaleμ:0.9749, Signal|S|μ:8.0618, Delta|S|μ:6.9655, Delta/Signal:86.40%, Gateμ:-0.2020, Gate0%:0.0, MetaNormμ:5.9106
Validation Loss decreased (1.712050 --> 1.704475). Saving best model...
Epoch  13/50 | Train Loss: 1.4599 Acc: 0.4417 F1: 0.3958 | Val Loss: 1.7285 Acc: 0.3077 F1: 0.2816 | Train Meta: Scaleμ:0.9749, Signal|S|μ:7.4021, Delta|S|μ:6.3952, Delta/Signal:86.40%, Gateμ:-0.2020, Gate0%:0.0, MetaNormμ:5.9106 | Val Meta: Scaleμ:0.9749, Signal|S|μ:8.0618, Delta|S|μ:6.9655, Delta/Signal:86.40%, Gateμ:-0.2020, Gate0%:0.0, MetaNormμ:5.9106
Epoch  14/50 | Train Loss: 1.4485 Acc: 0.4417 F1: 0.4101 | Val Loss: 1.6903 Acc: 0.3077 F1: 0.2666 | Train Meta: Scaleμ:0.9749, Signal|S|μ:7.4805, Delta|S|μ:6.4636, Delta/Signal:86.41%, Gateμ:-0.2020, Gate0%:0.0, MetaNormμ:5.9106 | Val Meta: Scaleμ:0.9749, Signal|S|μ:8.0618, Delta|S|μ:6.9655, Delta/Signal:86.40%, Gateμ:-0.2020, Gate0%:0.0, MetaNormμ:5.9106
Validation Loss decreased (1.704475 --> 1.690317). Saving best model...
Epoch  15/50 | Train Loss: 1.4317 Acc: 0.4625 F1: 0.4259 | Val Loss: 1.6678 Acc: 0.3462 F1: 0.2959 | Train Meta: Scaleμ:0.9749, Signal|S|μ:8.2164, Delta|S|μ:7.1009, Delta/Signal:86.42%, Gateμ:-0.2020, Gate0%:0.0, MetaNormμ:5.9106 | Val Meta: Scaleμ:0.9749, Signal|S|μ:8.0618, Delta|S|μ:6.9655, Delta/Signal:86.40%, Gateμ:-0.2020, Gate0%:0.0, MetaNormμ:5.9106
Validation Loss decreased (1.690317 --> 1.667812). Saving best model...
Epoch  16/50 | Train Loss: 1.4157 Acc: 0.4500 F1: 0.4219 | Val Loss: 1.7242 Acc: 0.2308 F1: 0.1948 | Train Meta: Scaleμ:0.9749, Signal|S|μ:8.1503, Delta|S|μ:7.0414, Delta/Signal:86.39%, Gateμ:-0.2020, Gate0%:0.0, MetaNormμ:5.9106 | Val Meta: Scaleμ:0.9749, Signal|S|μ:8.0618, Delta|S|μ:6.9655, Delta/Signal:86.40%, Gateμ:-0.2020, Gate0%:0.0, MetaNormμ:5.9106
Epoch  17/50 | Train Loss: 1.3972 Acc: 0.5250 F1: 0.4900 | Val Loss: 1.6403 Acc: 0.2692 F1: 0.2186 | Train Meta: Scaleμ:0.9749, Signal|S|μ:7.6468, Delta|S|μ:6.6078, Delta/Signal:86.41%, Gateμ:-0.2020, Gate0%:0.0, MetaNormμ:5.9106 | Val Meta: Scaleμ:0.9749, Signal|S|μ:8.0618, Delta|S|μ:6.9655, Delta/Signal:86.40%, Gateμ:-0.2020, Gate0%:0.0, MetaNormμ:5.9106
Validation Loss decreased (1.667812 --> 1.640298). Saving best model...
Epoch  18/50 | Train Loss: 1.3746 Acc: 0.5125 F1: 0.4949 | Val Loss: 1.6836 Acc: 0.3077 F1: 0.2823 | Train Meta: Scaleμ:0.9749, Signal|S|μ:8.3519, Delta|S|μ:7.2172, Delta/Signal:86.41%, Gateμ:-0.2020, Gate0%:0.0, MetaNormμ:5.9106 | Val Meta: Scaleμ:0.9749, Signal|S|μ:8.0618, Delta|S|μ:6.9655, Delta/Signal:86.40%, Gateμ:-0.2020, Gate0%:0.0, MetaNormμ:5.9106
Epoch  19/50 | Train Loss: 1.3696 Acc: 0.5000 F1: 0.4724 | Val Loss: 1.6542 Acc: 0.2308 F1: 0.1905 | Train Meta: Scaleμ:0.9749, Signal|S|μ:8.6015, Delta|S|μ:7.4320, Delta/Signal:86.40%, Gateμ:-0.2020, Gate0%:0.0, MetaNormμ:5.9106 | Val Meta: Scaleμ:0.9749, Signal|S|μ:8.0618, Delta|S|μ:6.9655, Delta/Signal:86.40%, Gateμ:-0.2020, Gate0%:0.0, MetaNormμ:5.9106
Epoch  20/50 | Train Loss: 1.3460 Acc: 0.5250 F1: 0.5023 | Val Loss: 1.6743 Acc: 0.3077 F1: 0.2816 | Train Meta: Scaleμ:0.9749, Signal|S|μ:8.2018, Delta|S|μ:7.0857, Delta/Signal:86.39%, Gateμ:-0.2020, Gate0%:0.0, MetaNormμ:5.9106 | Val Meta: Scaleμ:0.9749, Signal|S|μ:8.0618, Delta|S|μ:6.9655, Delta/Signal:86.40%, Gateμ:-0.2020, Gate0%:0.0, MetaNormμ:5.9106
Epoch  21/50 | Train Loss: 1.3443 Acc: 0.5042 F1: 0.4752 | Val Loss: 1.6541 Acc: 0.3077 F1: 0.2823 | Train Meta: Scaleμ:0.9749, Signal|S|μ:7.5335, Delta|S|μ:6.5088, Delta/Signal:86.40%, Gateμ:-0.2020, Gate0%:0.0, MetaNormμ:5.9106 | Val Meta: Scaleμ:0.9749, Signal|S|μ:8.0618, Delta|S|μ:6.9655, Delta/Signal:86.40%, Gateμ:-0.2020, Gate0%:0.0, MetaNormμ:5.9106
Epoch  22/50 | Train Loss: 1.3367 Acc: 0.5208 F1: 0.5117 | Val Loss: 1.6499 Acc: 0.3077 F1: 0.2823 | Train Meta: Scaleμ:0.9749, Signal|S|μ:7.8160, Delta|S|μ:6.7548, Delta/Signal:86.42%, Gateμ:-0.2020, Gate0%:0.0, MetaNormμ:5.9106 | Val Meta: Scaleμ:0.9749, Signal|S|μ:8.0618, Delta|S|μ:6.9655, Delta/Signal:86.40%, Gateμ:-0.2020, Gate0%:0.0, MetaNormμ:5.9106
Epoch  23/50 | Train Loss: 1.3397 Acc: 0.5125 F1: 0.4706 | Val Loss: 1.6653 Acc: 0.2692 F1: 0.2483 | Train Meta: Scaleμ:0.9749, Signal|S|μ:7.3448, Delta|S|μ:6.3463, Delta/Signal:86.41%, Gateμ:-0.2020, Gate0%:0.0, MetaNormμ:5.9106 | Val Meta: Scaleμ:0.9749, Signal|S|μ:8.0618, Delta|S|μ:6.9655, Delta/Signal:86.40%, Gateμ:-0.2020, Gate0%:0.0, MetaNormμ:5.9106
Epoch  24/50 | Train Loss: 1.3303 Acc: 0.5042 F1: 0.5007 | Val Loss: 1.6490 Acc: 0.3077 F1: 0.2866 | Train Meta: Scaleμ:0.9749, Signal|S|μ:8.2676, Delta|S|μ:7.1442, Delta/Signal:86.41%, Gateμ:-0.2020, Gate0%:0.0, MetaNormμ:5.9106 | Val Meta: Scaleμ:0.9749, Signal|S|μ:8.0618, Delta|S|μ:6.9655, Delta/Signal:86.40%, Gateμ:-0.2020, Gate0%:0.0, MetaNormμ:5.9106
Epoch  25/50 | Train Loss: 1.3141 Acc: 0.5083 F1: 0.4568 | Val Loss: 1.6511 Acc: 0.3077 F1: 0.2823 | Train Meta: Scaleμ:0.9749, Signal|S|μ:7.9029, Delta|S|μ:6.8284, Delta/Signal:86.40%, Gateμ:-0.2020, Gate0%:0.0, MetaNormμ:5.9106 | Val Meta: Scaleμ:0.9749, Signal|S|μ:8.0618, Delta|S|μ:6.9655, Delta/Signal:86.40%, Gateμ:-0.2020, Gate0%:0.0, MetaNormμ:5.9106
Epoch  26/50 | Train Loss: 1.2883 Acc: 0.5667 F1: 0.5515 | Val Loss: 1.5968 Acc: 0.3462 F1: 0.3299 | Train Meta: Scaleμ:0.9749, Signal|S|μ:7.5874, Delta|S|μ:6.5555, Delta/Signal:86.40%, Gateμ:-0.2020, Gate0%:0.0, MetaNormμ:5.9106 | Val Meta: Scaleμ:0.9749, Signal|S|μ:8.0618, Delta|S|μ:6.9655, Delta/Signal:86.40%, Gateμ:-0.2020, Gate0%:0.0, MetaNormμ:5.9106
Validation Loss decreased (1.640298 --> 1.596801). Saving best model...
Epoch  27/50 | Train Loss: 1.2844 Acc: 0.5583 F1: 0.5335 | Val Loss: 1.6266 Acc: 0.2308 F1: 0.1869 | Train Meta: Scaleμ:0.9749, Signal|S|μ:8.1372, Delta|S|μ:7.0319, Delta/Signal:86.42%, Gateμ:-0.2020, Gate0%:0.0, MetaNormμ:5.9106 | Val Meta: Scaleμ:0.9749, Signal|S|μ:8.0618, Delta|S|μ:6.9655, Delta/Signal:86.40%, Gateμ:-0.2020, Gate0%:0.0, MetaNormμ:5.9106
Epoch  28/50 | Train Loss: 1.2726 Acc: 0.5625 F1: 0.5522 | Val Loss: 1.6450 Acc: 0.3462 F1: 0.3395 | Train Meta: Scaleμ:0.9749, Signal|S|μ:8.6697, Delta|S|μ:7.4911, Delta/Signal:86.40%, Gateμ:-0.2020, Gate0%:0.0, MetaNormμ:5.9106 | Val Meta: Scaleμ:0.9749, Signal|S|μ:8.0618, Delta|S|μ:6.9655, Delta/Signal:86.40%, Gateμ:-0.2020, Gate0%:0.0, MetaNormμ:5.9106
Epoch  29/50 | Train Loss: 1.2627 Acc: 0.5708 F1: 0.5490 | Val Loss: 1.6271 Acc: 0.2692 F1: 0.2397 | Train Meta: Scaleμ:0.9749, Signal|S|μ:8.5901, Delta|S|μ:7.4231, Delta/Signal:86.41%, Gateμ:-0.2020, Gate0%:0.0, MetaNormμ:5.9106 | Val Meta: Scaleμ:0.9749, Signal|S|μ:8.0618, Delta|S|μ:6.9655, Delta/Signal:86.40%, Gateμ:-0.2020, Gate0%:0.0, MetaNormμ:5.9106
Epoch  30/50 | Train Loss: 1.2648 Acc: 0.5667 F1: 0.5562 | Val Loss: 1.6109 Acc: 0.3077 F1: 0.2866 | Train Meta: Scaleμ:0.9749, Signal|S|μ:9.0441, Delta|S|μ:7.8200, Delta/Signal:86.47%, Gateμ:-0.2020, Gate0%:0.0, MetaNormμ:5.9106 | Val Meta: Scaleμ:0.9749, Signal|S|μ:8.0618, Delta|S|μ:6.9655, Delta/Signal:86.40%, Gateμ:-0.2020, Gate0%:0.0, MetaNormμ:5.9106
Epoch  31/50 | Train Loss: 1.2331 Acc: 0.5708 F1: 0.5571 | Val Loss: 1.6141 Acc: 0.3077 F1: 0.2823 | Train Meta: Scaleμ:0.9749, Signal|S|μ:7.6620, Delta|S|μ:6.6216, Delta/Signal:86.42%, Gateμ:-0.2020, Gate0%:0.0, MetaNormμ:5.9106 | Val Meta: Scaleμ:0.9749, Signal|S|μ:8.0618, Delta|S|μ:6.9655, Delta/Signal:86.40%, Gateμ:-0.2020, Gate0%:0.0, MetaNormμ:5.9106
Epoch  32/50 | Train Loss: 1.2352 Acc: 0.5875 F1: 0.5690 | Val Loss: 1.6072 Acc: 0.3462 F1: 0.3343 | Train Meta: Scaleμ:0.9749, Signal|S|μ:8.2238, Delta|S|μ:7.1045, Delta/Signal:86.39%, Gateμ:-0.2020, Gate0%:0.0, MetaNormμ:5.9106 | Val Meta: Scaleμ:0.9749, Signal|S|μ:8.0618, Delta|S|μ:6.9655, Delta/Signal:86.40%, Gateμ:-0.2020, Gate0%:0.0, MetaNormμ:5.9106
Epoch  33/50 | Train Loss: 1.2357 Acc: 0.5667 F1: 0.5521 | Val Loss: 1.6152 Acc: 0.2692 F1: 0.2440 | Train Meta: Scaleμ:0.9749, Signal|S|μ:8.4906, Delta|S|μ:7.3378, Delta/Signal:86.42%, Gateμ:-0.2020, Gate0%:0.0, MetaNormμ:5.9106 | Val Meta: Scaleμ:0.9749, Signal|S|μ:8.0618, Delta|S|μ:6.9655, Delta/Signal:86.40%, Gateμ:-0.2020, Gate0%:0.0, MetaNormμ:5.9106
Epoch  34/50 | Train Loss: 1.2169 Acc: 0.5750 F1: 0.5636 | Val Loss: 1.5675 Acc: 0.3462 F1: 0.3299 | Train Meta: Scaleμ:0.9749, Signal|S|μ:8.2454, Delta|S|μ:7.1230, Delta/Signal:86.39%, Gateμ:-0.2020, Gate0%:0.0, MetaNormμ:5.9106 | Val Meta: Scaleμ:0.9749, Signal|S|μ:8.0618, Delta|S|μ:6.9655, Delta/Signal:86.40%, Gateμ:-0.2020, Gate0%:0.0, MetaNormμ:5.9106
Validation Loss decreased (1.596801 --> 1.567520). Saving best model...
Epoch  35/50 | Train Loss: 1.2101 Acc: 0.5833 F1: 0.5649 | Val Loss: 1.5994 Acc: 0.3077 F1: 0.2866 | Train Meta: Scaleμ:0.9749, Signal|S|μ:7.8670, Delta|S|μ:6.7975, Delta/Signal:86.40%, Gateμ:-0.2020, Gate0%:0.0, MetaNormμ:5.9106 | Val Meta: Scaleμ:0.9749, Signal|S|μ:8.0618, Delta|S|μ:6.9655, Delta/Signal:86.40%, Gateμ:-0.2020, Gate0%:0.0, MetaNormμ:5.9106
Epoch  36/50 | Train Loss: 1.2008 Acc: 0.5792 F1: 0.5724 | Val Loss: 1.5613 Acc: 0.3846 F1: 0.3482 | Train Meta: Scaleμ:0.9749, Signal|S|μ:8.1116, Delta|S|μ:7.0093, Delta/Signal:86.41%, Gateμ:-0.2020, Gate0%:0.0, MetaNormμ:5.9106 | Val Meta: Scaleμ:0.9749, Signal|S|μ:8.0618, Delta|S|μ:6.9655, Delta/Signal:86.40%, Gateμ:-0.2020, Gate0%:0.0, MetaNormμ:5.9106
Validation Loss decreased (1.567520 --> 1.561271). Saving best model...
Epoch  37/50 | Train Loss: 1.1871 Acc: 0.5833 F1: 0.5731 | Val Loss: 1.6023 Acc: 0.3077 F1: 0.2900 | Train Meta: Scaleμ:0.9749, Signal|S|μ:7.8253, Delta|S|μ:6.7604, Delta/Signal:86.39%, Gateμ:-0.2020, Gate0%:0.0, MetaNormμ:5.9106 | Val Meta: Scaleμ:0.9749, Signal|S|μ:8.0618, Delta|S|μ:6.9655, Delta/Signal:86.40%, Gateμ:-0.2020, Gate0%:0.0, MetaNormμ:5.9106
Epoch  38/50 | Train Loss: 1.2016 Acc: 0.5750 F1: 0.5571 | Val Loss: 1.5685 Acc: 0.3077 F1: 0.2873 | Train Meta: Scaleμ:0.9749, Signal|S|μ:8.0683, Delta|S|μ:6.9696, Delta/Signal:86.38%, Gateμ:-0.2020, Gate0%:0.0, MetaNormμ:5.9106 | Val Meta: Scaleμ:0.9749, Signal|S|μ:8.0618, Delta|S|μ:6.9655, Delta/Signal:86.40%, Gateμ:-0.2020, Gate0%:0.0, MetaNormμ:5.9106
Epoch  39/50 | Train Loss: 1.1839 Acc: 0.5917 F1: 0.5809 | Val Loss: 1.5986 Acc: 0.3462 F1: 0.3343 | Train Meta: Scaleμ:0.9749, Signal|S|μ:8.1671, Delta|S|μ:7.0575, Delta/Signal:86.41%, Gateμ:-0.2020, Gate0%:0.0, MetaNormμ:5.9106 | Val Meta: Scaleμ:0.9749, Signal|S|μ:8.0618, Delta|S|μ:6.9655, Delta/Signal:86.40%, Gateμ:-0.2020, Gate0%:0.0, MetaNormμ:5.9106
Epoch  40/50 | Train Loss: 1.1750 Acc: 0.5750 F1: 0.5737 | Val Loss: 1.5478 Acc: 0.3462 F1: 0.3377 | Train Meta: Scaleμ:0.9749, Signal|S|μ:8.4630, Delta|S|μ:7.3132, Delta/Signal:86.41%, Gateμ:-0.2020, Gate0%:0.0, MetaNormμ:5.9106 | Val Meta: Scaleμ:0.9749, Signal|S|μ:8.0618, Delta|S|μ:6.9655, Delta/Signal:86.40%, Gateμ:-0.2020, Gate0%:0.0, MetaNormμ:5.9106
Validation Loss decreased (1.561271 --> 1.547780). Saving best model...
Epoch  41/50 | Train Loss: 1.1689 Acc: 0.5875 F1: 0.5755 | Val Loss: 1.5753 Acc: 0.3462 F1: 0.3061 | Train Meta: Scaleμ:0.9749, Signal|S|μ:8.2506, Delta|S|μ:7.1287, Delta/Signal:86.40%, Gateμ:-0.2020, Gate0%:0.0, MetaNormμ:5.9106 | Val Meta: Scaleμ:0.9749, Signal|S|μ:8.0618, Delta|S|μ:6.9655, Delta/Signal:86.40%, Gateμ:-0.2020, Gate0%:0.0, MetaNormμ:5.9106
Epoch  42/50 | Train Loss: 1.1609 Acc: 0.5917 F1: 0.5841 | Val Loss: 1.5451 Acc: 0.3462 F1: 0.3377 | Train Meta: Scaleμ:0.9749, Signal|S|μ:8.7267, Delta|S|μ:7.5410, Delta/Signal:86.41%, Gateμ:-0.2020, Gate0%:0.0, MetaNormμ:5.9106 | Val Meta: Scaleμ:0.9749, Signal|S|μ:8.0618, Delta|S|μ:6.9655, Delta/Signal:86.40%, Gateμ:-0.2020, Gate0%:0.0, MetaNormμ:5.9106
Validation Loss decreased (1.547780 --> 1.545148). Saving best model...
Epoch  43/50 | Train Loss: 1.1682 Acc: 0.5708 F1: 0.5577 | Val Loss: 1.5852 Acc: 0.3846 F1: 0.3734 | Train Meta: Scaleμ:0.9749, Signal|S|μ:8.5508, Delta|S|μ:7.3893, Delta/Signal:86.42%, Gateμ:-0.2020, Gate0%:0.0, MetaNormμ:5.9106 | Val Meta: Scaleμ:0.9749, Signal|S|μ:8.0618, Delta|S|μ:6.9655, Delta/Signal:86.40%, Gateμ:-0.2020, Gate0%:0.0, MetaNormμ:5.9106
Epoch  44/50 | Train Loss: 1.1487 Acc: 0.6167 F1: 0.6050 | Val Loss: 1.5288 Acc: 0.4231 F1: 0.3364 | Train Meta: Scaleμ:0.9749, Signal|S|μ:7.8330, Delta|S|μ:6.7682, Delta/Signal:86.41%, Gateμ:-0.2020, Gate0%:0.0, MetaNormμ:5.9106 | Val Meta: Scaleμ:0.9749, Signal|S|μ:8.0618, Delta|S|μ:6.9655, Delta/Signal:86.40%, Gateμ:-0.2020, Gate0%:0.0, MetaNormμ:5.9106
Validation Loss decreased (1.545148 --> 1.528805). Saving best model...
Epoch  45/50 | Train Loss: 1.1456 Acc: 0.6375 F1: 0.6236 | Val Loss: 1.5684 Acc: 0.3846 F1: 0.3734 | Train Meta: Scaleμ:0.9749, Signal|S|μ:8.4632, Delta|S|μ:7.3128, Delta/Signal:86.41%, Gateμ:-0.2020, Gate0%:0.0, MetaNormμ:5.9106 | Val Meta: Scaleμ:0.9749, Signal|S|μ:8.0618, Delta|S|μ:6.9655, Delta/Signal:86.40%, Gateμ:-0.2020, Gate0%:0.0, MetaNormμ:5.9106
Epoch  46/50 | Train Loss: 1.1288 Acc: 0.6167 F1: 0.6133 | Val Loss: 1.5230 Acc: 0.5000 F1: 0.4381 | Train Meta: Scaleμ:0.9749, Signal|S|μ:8.7243, Delta|S|μ:7.5380, Delta/Signal:86.40%, Gateμ:-0.2020, Gate0%:0.0, MetaNormμ:5.9106 | Val Meta: Scaleμ:0.9749, Signal|S|μ:8.0618, Delta|S|μ:6.9655, Delta/Signal:86.40%, Gateμ:-0.2020, Gate0%:0.0, MetaNormμ:5.9106
Validation Loss decreased (1.528805 --> 1.523048). Saving best model...
Epoch  47/50 | Train Loss: 1.1283 Acc: 0.6250 F1: 0.6198 | Val Loss: 1.5327 Acc: 0.3462 F1: 0.3343 | Train Meta: Scaleμ:0.9749, Signal|S|μ:7.4444, Delta|S|μ:6.4311, Delta/Signal:86.39%, Gateμ:-0.2020, Gate0%:0.0, MetaNormμ:5.9106 | Val Meta: Scaleμ:0.9749, Signal|S|μ:8.0618, Delta|S|μ:6.9655, Delta/Signal:86.40%, Gateμ:-0.2020, Gate0%:0.0, MetaNormμ:5.9106
Epoch  48/50 | Train Loss: 1.1231 Acc: 0.6208 F1: 0.6126 | Val Loss: 1.5567 Acc: 0.3846 F1: 0.3598 | Train Meta: Scaleμ:0.9749, Signal|S|μ:8.2097, Delta|S|μ:7.0947, Delta/Signal:86.42%, Gateμ:-0.2020, Gate0%:0.0, MetaNormμ:5.9106 | Val Meta: Scaleμ:0.9749, Signal|S|μ:8.0618, Delta|S|μ:6.9655, Delta/Signal:86.40%, Gateμ:-0.2020, Gate0%:0.0, MetaNormμ:5.9106
Epoch  49/50 | Train Loss: 1.1152 Acc: 0.6208 F1: 0.6163 | Val Loss: 1.5053 Acc: 0.4231 F1: 0.3874 | Train Meta: Scaleμ:0.9749, Signal|S|μ:8.4393, Delta|S|μ:7.2928, Delta/Signal:86.41%, Gateμ:-0.2020, Gate0%:0.0, MetaNormμ:5.9106 | Val Meta: Scaleμ:0.9749, Signal|S|μ:8.0618, Delta|S|μ:6.9655, Delta/Signal:86.40%, Gateμ:-0.2020, Gate0%:0.0, MetaNormμ:5.9106
Validation Loss decreased (1.523048 --> 1.505337). Saving best model...
Epoch  50/50 | Train Loss: 1.1051 Acc: 0.6250 F1: 0.6185 | Val Loss: 1.5543 Acc: 0.3846 F1: 0.3316 | Train Meta: Scaleμ:0.9749, Signal|S|μ:7.9787, Delta|S|μ:6.8957, Delta/Signal:86.43%, Gateμ:-0.2020, Gate0%:0.0, MetaNormμ:5.9106 | Val Meta: Scaleμ:0.9749, Signal|S|μ:8.0618, Delta|S|μ:6.9655, Delta/Signal:86.40%, Gateμ:-0.2020, Gate0%:0.0, MetaNormμ:5.9106

Classification Test Result (PEMS-SF)
Accuracy : 0.450867
F1 (macro): 0.430586
Saved attention maps for 3 sample(s) under ./runs/classification_electricity_to_PEMS-SF_laya_metadata_query_gate_text_stats_avg/attention_maps
Text metadata preview | dataset=SelfRegulationSCP1 | domain=UEA | channels=6
   - channel_1: In the UEA domain, this channel belongs to the SelfRegulationSCP1 dataset and represents the feature channel 1.
   - channel_2: In the UEA domain, this channel belongs to the SelfRegulationSCP1 dataset and represents the feature channel 2.
   - ... (4 more channel descriptions)
Stats metadata preview | dataset=SelfRegulationSCP1 | domain=UEA | channels=6
   - channel_1: Channel statistics over the training split: mean value is 0.000, standard deviation is 1.000, minimum value is -3.551, maximum value is 4.278, median value is -0.082, and mean absolute value is 0.761.
/data/pjh_workspace/ts-env/lib/python3.8/site-packages/torch/nn/modules/transformer.py:307: UserWarning: enable_nested_tensor is True, but self.use_nested_tensor is False because encoder_layer.norm_first was True
  warnings.warn(f"enable_nested_tensor is True, but self.use_nested_tensor is False because {why_not_sparsity_fast_path}")
==================================================
🚀 Architecture: LAYA
📊 Target Dataset: SelfRegulationSCP1 (Channels: 6)
📊 Pretrain Info: electricity
📊 Classes: 2 | Sequence Length: 896
==================================================
✅ Loaded pretrained encoder from ./checkpoints/electricity_laya_metadata_query_gate_text_stats_avg/laya_ts_electricity_s_best.pt
   - 116/116 keys matched.
✅ Encoder is FROZEN (Linear Probing mode).
📝 metadata: mode=text_stats_avg, fusion=none, relation=metadata_query_gate
ℹ️  Metadata Fusion Mode: none
ℹ️  Channel Mixer Relation Mode: metadata_query_gate
ℹ️  Encoder Variant: default
ℹ️  Channel Adapter: disabled for Laya downstream (mixer)
ℹ️  Channel Relation Block: disabled
✅ ClassificationHead: [B, 256] → [B, 2]
Epoch   1/50 | Train Loss: 0.6870 Acc: 0.5500 F1: 0.5455 | Val Loss: 0.5759 Acc: 0.6923 F1: 0.6848 | Train Meta: Scaleμ:0.9749, Signal|S|μ:10.0086, Delta|S|μ:9.2925, Delta/Signal:92.84%, Gateμ:-0.2296, Gate0%:0.0, MetaNormμ:6.6160 | Val Meta: Scaleμ:0.9749, Signal|S|μ:11.6728, Delta|S|μ:10.8412, Delta/Signal:92.88%, Gateμ:-0.2296, Gate0%:0.0, MetaNormμ:6.6160
Validation Loss decreased (inf --> 0.575889). Saving best model...
Epoch   2/50 | Train Loss: 0.5751 Acc: 0.6833 F1: 0.6832 | Val Loss: 0.4492 Acc: 0.8462 F1: 0.8424 | Train Meta: Scaleμ:0.9749, Signal|S|μ:7.9551, Delta|S|μ:7.3815, Delta/Signal:92.79%, Gateμ:-0.2296, Gate0%:0.0, MetaNormμ:6.6160 | Val Meta: Scaleμ:0.9749, Signal|S|μ:11.6728, Delta|S|μ:10.8412, Delta/Signal:92.88%, Gateμ:-0.2296, Gate0%:0.0, MetaNormμ:6.6160
Validation Loss decreased (0.575889 --> 0.449213). Saving best model...
Epoch   3/50 | Train Loss: 0.5812 Acc: 0.6875 F1: 0.6829 | Val Loss: 0.5425 Acc: 0.6923 F1: 0.6750 | Train Meta: Scaleμ:0.9749, Signal|S|μ:7.9357, Delta|S|μ:7.3617, Delta/Signal:92.77%, Gateμ:-0.2296, Gate0%:0.0, MetaNormμ:6.6160 | Val Meta: Scaleμ:0.9749, Signal|S|μ:11.6728, Delta|S|μ:10.8412, Delta/Signal:92.88%, Gateμ:-0.2296, Gate0%:0.0, MetaNormμ:6.6160
Epoch   4/50 | Train Loss: 0.5662 Acc: 0.7042 F1: 0.7004 | Val Loss: 0.4367 Acc: 0.8846 F1: 0.8844 | Train Meta: Scaleμ:0.9749, Signal|S|μ:9.8848, Delta|S|μ:9.1754, Delta/Signal:92.82%, Gateμ:-0.2296, Gate0%:0.0, MetaNormμ:6.6160 | Val Meta: Scaleμ:0.9749, Signal|S|μ:11.6728, Delta|S|μ:10.8412, Delta/Signal:92.88%, Gateμ:-0.2296, Gate0%:0.0, MetaNormμ:6.6160
Validation Loss decreased (0.449213 --> 0.436726). Saving best model...
Epoch   5/50 | Train Loss: 0.5472 Acc: 0.7208 F1: 0.7187 | Val Loss: 0.4830 Acc: 0.7308 F1: 0.7271 | Train Meta: Scaleμ:0.9749, Signal|S|μ:10.3878, Delta|S|μ:9.6432, Delta/Signal:92.83%, Gateμ:-0.2296, Gate0%:0.0, MetaNormμ:6.6160 | Val Meta: Scaleμ:0.9749, Signal|S|μ:11.6728, Delta|S|μ:10.8412, Delta/Signal:92.88%, Gateμ:-0.2296, Gate0%:0.0, MetaNormμ:6.6160
Epoch   6/50 | Train Loss: 0.5490 Acc: 0.7000 F1: 0.6995 | Val Loss: 0.4026 Acc: 0.8846 F1: 0.8844 | Train Meta: Scaleμ:0.9749, Signal|S|μ:9.7940, Delta|S|μ:9.0886, Delta/Signal:92.80%, Gateμ:-0.2296, Gate0%:0.0, MetaNormμ:6.6160 | Val Meta: Scaleμ:0.9749, Signal|S|μ:11.6728, Delta|S|μ:10.8412, Delta/Signal:92.88%, Gateμ:-0.2296, Gate0%:0.0, MetaNormμ:6.6160
Validation Loss decreased (0.436726 --> 0.402598). Saving best model...
Epoch   7/50 | Train Loss: 0.5502 Acc: 0.6875 F1: 0.6835 | Val Loss: 0.4785 Acc: 0.7308 F1: 0.7271 | Train Meta: Scaleμ:0.9749, Signal|S|μ:9.9834, Delta|S|μ:9.2686, Delta/Signal:92.84%, Gateμ:-0.2296, Gate0%:0.0, MetaNormμ:6.6160 | Val Meta: Scaleμ:0.9749, Signal|S|μ:11.6728, Delta|S|μ:10.8412, Delta/Signal:92.88%, Gateμ:-0.2296, Gate0%:0.0, MetaNormμ:6.6160
Epoch   8/50 | Train Loss: 0.5489 Acc: 0.6917 F1: 0.6916 | Val Loss: 0.4234 Acc: 0.9231 F1: 0.9226 | Train Meta: Scaleμ:0.9749, Signal|S|μ:9.3275, Delta|S|μ:8.6594, Delta/Signal:92.84%, Gateμ:-0.2296, Gate0%:0.0, MetaNormμ:6.6160 | Val Meta: Scaleμ:0.9749, Signal|S|μ:11.6728, Delta|S|μ:10.8412, Delta/Signal:92.88%, Gateμ:-0.2296, Gate0%:0.0, MetaNormμ:6.6160
Epoch   9/50 | Train Loss: 0.5483 Acc: 0.7208 F1: 0.7140 | Val Loss: 0.4468 Acc: 0.8462 F1: 0.8462 | Train Meta: Scaleμ:0.9749, Signal|S|μ:6.9056, Delta|S|μ:6.4026, Delta/Signal:92.72%, Gateμ:-0.2296, Gate0%:0.0, MetaNormμ:6.6160 | Val Meta: Scaleμ:0.9749, Signal|S|μ:11.6728, Delta|S|μ:10.8412, Delta/Signal:92.88%, Gateμ:-0.2296, Gate0%:0.0, MetaNormμ:6.6160
Epoch  10/50 | Train Loss: 0.5356 Acc: 0.7250 F1: 0.7234 | Val Loss: 0.4177 Acc: 0.8462 F1: 0.8462 | Train Meta: Scaleμ:0.9749, Signal|S|μ:8.9710, Delta|S|μ:8.3270, Delta/Signal:92.82%, Gateμ:-0.2296, Gate0%:0.0, MetaNormμ:6.6160 | Val Meta: Scaleμ:0.9749, Signal|S|μ:11.6728, Delta|S|μ:10.8412, Delta/Signal:92.88%, Gateμ:-0.2296, Gate0%:0.0, MetaNormμ:6.6160
Epoch  11/50 | Train Loss: 0.5452 Acc: 0.7000 F1: 0.6952 | Val Loss: 0.4593 Acc: 0.8077 F1: 0.8074 | Train Meta: Scaleμ:0.9749, Signal|S|μ:11.4952, Delta|S|μ:10.6741, Delta/Signal:92.86%, Gateμ:-0.2296, Gate0%:0.0, MetaNormμ:6.6160 | Val Meta: Scaleμ:0.9749, Signal|S|μ:11.6728, Delta|S|μ:10.8412, Delta/Signal:92.88%, Gateμ:-0.2296, Gate0%:0.0, MetaNormμ:6.6160
Epoch  12/50 | Train Loss: 0.5443 Acc: 0.7292 F1: 0.7218 | Val Loss: 0.4229 Acc: 0.8462 F1: 0.8462 | Train Meta: Scaleμ:0.9749, Signal|S|μ:11.8498, Delta|S|μ:11.0050, Delta/Signal:92.87%, Gateμ:-0.2296, Gate0%:0.0, MetaNormμ:6.6160 | Val Meta: Scaleμ:0.9749, Signal|S|μ:11.6728, Delta|S|μ:10.8412, Delta/Signal:92.88%, Gateμ:-0.2296, Gate0%:0.0, MetaNormμ:6.6160
Epoch  13/50 | Train Loss: 0.5328 Acc: 0.7208 F1: 0.7197 | Val Loss: 0.4407 Acc: 0.8077 F1: 0.8074 | Train Meta: Scaleμ:0.9749, Signal|S|μ:8.5109, Delta|S|μ:7.8989, Delta/Signal:92.81%, Gateμ:-0.2296, Gate0%:0.0, MetaNormμ:6.6160 | Val Meta: Scaleμ:0.9749, Signal|S|μ:11.6728, Delta|S|μ:10.8412, Delta/Signal:92.88%, Gateμ:-0.2296, Gate0%:0.0, MetaNormμ:6.6160
Epoch  14/50 | Train Loss: 0.5387 Acc: 0.7208 F1: 0.7173 | Val Loss: 0.4455 Acc: 0.8462 F1: 0.8462 | Train Meta: Scaleμ:0.9749, Signal|S|μ:9.8904, Delta|S|μ:9.1816, Delta/Signal:92.83%, Gateμ:-0.2296, Gate0%:0.0, MetaNormμ:6.6160 | Val Meta: Scaleμ:0.9749, Signal|S|μ:11.6728, Delta|S|μ:10.8412, Delta/Signal:92.88%, Gateμ:-0.2296, Gate0%:0.0, MetaNormμ:6.6160
Epoch  15/50 | Train Loss: 0.5326 Acc: 0.7250 F1: 0.7187 | Val Loss: 0.4429 Acc: 0.8462 F1: 0.8462 | Train Meta: Scaleμ:0.9749, Signal|S|μ:12.1030, Delta|S|μ:11.2387, Delta/Signal:92.86%, Gateμ:-0.2296, Gate0%:0.0, MetaNormμ:6.6160 | Val Meta: Scaleμ:0.9749, Signal|S|μ:11.6728, Delta|S|μ:10.8412, Delta/Signal:92.88%, Gateμ:-0.2296, Gate0%:0.0, MetaNormμ:6.6160
Epoch  16/50 | Train Loss: 0.5325 Acc: 0.7167 F1: 0.7133 | Val Loss: 0.4227 Acc: 0.8462 F1: 0.8462 | Train Meta: Scaleμ:0.9749, Signal|S|μ:9.0317, Delta|S|μ:8.3822, Delta/Signal:92.81%, Gateμ:-0.2296, Gate0%:0.0, MetaNormμ:6.6160 | Val Meta: Scaleμ:0.9749, Signal|S|μ:11.6728, Delta|S|μ:10.8412, Delta/Signal:92.88%, Gateμ:-0.2296, Gate0%:0.0, MetaNormμ:6.6160
Epoch  17/50 | Train Loss: 0.5286 Acc: 0.7208 F1: 0.7167 | Val Loss: 0.4288 Acc: 0.8462 F1: 0.8462 | Train Meta: Scaleμ:0.9749, Signal|S|μ:9.1221, Delta|S|μ:8.4682, Delta/Signal:92.83%, Gateμ:-0.2296, Gate0%:0.0, MetaNormμ:6.6160 | Val Meta: Scaleμ:0.9749, Signal|S|μ:11.6728, Delta|S|μ:10.8412, Delta/Signal:92.88%, Gateμ:-0.2296, Gate0%:0.0, MetaNormμ:6.6160
Epoch  18/50 | Train Loss: 0.5280 Acc: 0.7292 F1: 0.7267 | Val Loss: 0.4383 Acc: 0.8462 F1: 0.8462 | Train Meta: Scaleμ:0.9749, Signal|S|μ:6.6269, Delta|S|μ:6.1497, Delta/Signal:92.80%, Gateμ:-0.2296, Gate0%:0.0, MetaNormμ:6.6160 | Val Meta: Scaleμ:0.9749, Signal|S|μ:11.6728, Delta|S|μ:10.8412, Delta/Signal:92.88%, Gateμ:-0.2296, Gate0%:0.0, MetaNormμ:6.6160
Epoch  19/50 | Train Loss: 0.5300 Acc: 0.7167 F1: 0.7094 | Val Loss: 0.4095 Acc: 0.8462 F1: 0.8462 | Train Meta: Scaleμ:0.9749, Signal|S|μ:10.4859, Delta|S|μ:9.7354, Delta/Signal:92.84%, Gateμ:-0.2296, Gate0%:0.0, MetaNormμ:6.6160 | Val Meta: Scaleμ:0.9749, Signal|S|μ:11.6728, Delta|S|μ:10.8412, Delta/Signal:92.88%, Gateμ:-0.2296, Gate0%:0.0, MetaNormμ:6.6160
Epoch  20/50 | Train Loss: 0.5265 Acc: 0.7042 F1: 0.6998 | Val Loss: 0.4305 Acc: 0.8462 F1: 0.8462 | Train Meta: Scaleμ:0.9749, Signal|S|μ:10.5242, Delta|S|μ:9.7691, Delta/Signal:92.83%, Gateμ:-0.2296, Gate0%:0.0, MetaNormμ:6.6160 | Val Meta: Scaleμ:0.9749, Signal|S|μ:11.6728, Delta|S|μ:10.8412, Delta/Signal:92.88%, Gateμ:-0.2296, Gate0%:0.0, MetaNormμ:6.6160
Epoch  21/50 | Train Loss: 0.5336 Acc: 0.7083 F1: 0.7037 | Val Loss: 0.4378 Acc: 0.8077 F1: 0.8074 | Train Meta: Scaleμ:0.9749, Signal|S|μ:8.7142, Delta|S|μ:8.0911, Delta/Signal:92.85%, Gateμ:-0.2296, Gate0%:0.0, MetaNormμ:6.6160 | Val Meta: Scaleμ:0.9749, Signal|S|μ:11.6728, Delta|S|μ:10.8412, Delta/Signal:92.88%, Gateμ:-0.2296, Gate0%:0.0, MetaNormμ:6.6160
Epoch  22/50 | Train Loss: 0.5287 Acc: 0.7167 F1: 0.7157 | Val Loss: 0.4137 Acc: 0.8462 F1: 0.8462 | Train Meta: Scaleμ:0.9749, Signal|S|μ:9.6525, Delta|S|μ:8.9584, Delta/Signal:92.81%, Gateμ:-0.2296, Gate0%:0.0, MetaNormμ:6.6160 | Val Meta: Scaleμ:0.9749, Signal|S|μ:11.6728, Delta|S|μ:10.8412, Delta/Signal:92.88%, Gateμ:-0.2296, Gate0%:0.0, MetaNormμ:6.6160
Epoch  23/50 | Train Loss: 0.5333 Acc: 0.7292 F1: 0.7184 | Val Loss: 0.4566 Acc: 0.8077 F1: 0.8074 | Train Meta: Scaleμ:0.9749, Signal|S|μ:9.1421, Delta|S|μ:8.4858, Delta/Signal:92.82%, Gateμ:-0.2296, Gate0%:0.0, MetaNormμ:6.6160 | Val Meta: Scaleμ:0.9749, Signal|S|μ:11.6728, Delta|S|μ:10.8412, Delta/Signal:92.88%, Gateμ:-0.2296, Gate0%:0.0, MetaNormμ:6.6160
Epoch  24/50 | Train Loss: 0.5283 Acc: 0.7125 F1: 0.7119 | Val Loss: 0.3977 Acc: 0.9231 F1: 0.9226 | Train Meta: Scaleμ:0.9749, Signal|S|μ:7.4423, Delta|S|μ:6.9036, Delta/Signal:92.76%, Gateμ:-0.2296, Gate0%:0.0, MetaNormμ:6.6160 | Val Meta: Scaleμ:0.9749, Signal|S|μ:11.6728, Delta|S|μ:10.8412, Delta/Signal:92.88%, Gateμ:-0.2296, Gate0%:0.0, MetaNormμ:6.6160
Validation Loss decreased (0.402598 --> 0.397667). Saving best model...
Epoch  25/50 | Train Loss: 0.5277 Acc: 0.7292 F1: 0.7233 | Val Loss: 0.4436 Acc: 0.8462 F1: 0.8462 | Train Meta: Scaleμ:0.9749, Signal|S|μ:9.9569, Delta|S|μ:9.2428, Delta/Signal:92.83%, Gateμ:-0.2296, Gate0%:0.0, MetaNormμ:6.6160 | Val Meta: Scaleμ:0.9749, Signal|S|μ:11.6728, Delta|S|μ:10.8412, Delta/Signal:92.88%, Gateμ:-0.2296, Gate0%:0.0, MetaNormμ:6.6160
Epoch  26/50 | Train Loss: 0.5267 Acc: 0.7167 F1: 0.7138 | Val Loss: 0.4231 Acc: 0.8462 F1: 0.8462 | Train Meta: Scaleμ:0.9749, Signal|S|μ:10.0179, Delta|S|μ:9.3022, Delta/Signal:92.86%, Gateμ:-0.2296, Gate0%:0.0, MetaNormμ:6.6160 | Val Meta: Scaleμ:0.9749, Signal|S|μ:11.6728, Delta|S|μ:10.8412, Delta/Signal:92.88%, Gateμ:-0.2296, Gate0%:0.0, MetaNormμ:6.6160
Epoch  27/50 | Train Loss: 0.5276 Acc: 0.7333 F1: 0.7279 | Val Loss: 0.4388 Acc: 0.8462 F1: 0.8462 | Train Meta: Scaleμ:0.9749, Signal|S|μ:8.8141, Delta|S|μ:8.1810, Delta/Signal:92.82%, Gateμ:-0.2296, Gate0%:0.0, MetaNormμ:6.6160 | Val Meta: Scaleμ:0.9749, Signal|S|μ:11.6728, Delta|S|μ:10.8412, Delta/Signal:92.88%, Gateμ:-0.2296, Gate0%:0.0, MetaNormμ:6.6160
Epoch  28/50 | Train Loss: 0.5185 Acc: 0.7292 F1: 0.7252 | Val Loss: 0.4146 Acc: 0.8462 F1: 0.8462 | Train Meta: Scaleμ:0.9749, Signal|S|μ:6.8021, Delta|S|μ:6.3100, Delta/Signal:92.77%, Gateμ:-0.2296, Gate0%:0.0, MetaNormμ:6.6160 | Val Meta: Scaleμ:0.9749, Signal|S|μ:11.6728, Delta|S|μ:10.8412, Delta/Signal:92.88%, Gateμ:-0.2296, Gate0%:0.0, MetaNormμ:6.6160
Epoch  29/50 | Train Loss: 0.5216 Acc: 0.7250 F1: 0.7227 | Val Loss: 0.4135 Acc: 0.8462 F1: 0.8462 | Train Meta: Scaleμ:0.9749, Signal|S|μ:12.7253, Delta|S|μ:11.8190, Delta/Signal:92.88%, Gateμ:-0.2296, Gate0%:0.0, MetaNormμ:6.6160 | Val Meta: Scaleμ:0.9749, Signal|S|μ:11.6728, Delta|S|μ:10.8412, Delta/Signal:92.88%, Gateμ:-0.2296, Gate0%:0.0, MetaNormμ:6.6160
Epoch  30/50 | Train Loss: 0.5208 Acc: 0.7208 F1: 0.7148 | Val Loss: 0.4179 Acc: 0.8462 F1: 0.8462 | Train Meta: Scaleμ:0.9749, Signal|S|μ:9.0345, Delta|S|μ:8.3871, Delta/Signal:92.83%, Gateμ:-0.2296, Gate0%:0.0, MetaNormμ:6.6160 | Val Meta: Scaleμ:0.9749, Signal|S|μ:11.6728, Delta|S|μ:10.8412, Delta/Signal:92.88%, Gateμ:-0.2296, Gate0%:0.0, MetaNormμ:6.6160
Epoch  31/50 | Train Loss: 0.5185 Acc: 0.7250 F1: 0.7227 | Val Loss: 0.4160 Acc: 0.8462 F1: 0.8462 | Train Meta: Scaleμ:0.9749, Signal|S|μ:11.1093, Delta|S|μ:10.3157, Delta/Signal:92.86%, Gateμ:-0.2296, Gate0%:0.0, MetaNormμ:6.6160 | Val Meta: Scaleμ:0.9749, Signal|S|μ:11.6728, Delta|S|μ:10.8412, Delta/Signal:92.88%, Gateμ:-0.2296, Gate0%:0.0, MetaNormμ:6.6160
Epoch  32/50 | Train Loss: 0.5207 Acc: 0.7292 F1: 0.7218 | Val Loss: 0.4057 Acc: 0.8462 F1: 0.8462 | Train Meta: Scaleμ:0.9749, Signal|S|μ:10.1034, Delta|S|μ:9.3817, Delta/Signal:92.86%, Gateμ:-0.2296, Gate0%:0.0, MetaNormμ:6.6160 | Val Meta: Scaleμ:0.9749, Signal|S|μ:11.6728, Delta|S|μ:10.8412, Delta/Signal:92.88%, Gateμ:-0.2296, Gate0%:0.0, MetaNormμ:6.6160
Epoch  33/50 | Train Loss: 0.5168 Acc: 0.7250 F1: 0.7194 | Val Loss: 0.4423 Acc: 0.8077 F1: 0.8074 | Train Meta: Scaleμ:0.9749, Signal|S|μ:8.6993, Delta|S|μ:8.0730, Delta/Signal:92.80%, Gateμ:-0.2296, Gate0%:0.0, MetaNormμ:6.6160 | Val Meta: Scaleμ:0.9749, Signal|S|μ:11.6728, Delta|S|μ:10.8412, Delta/Signal:92.88%, Gateμ:-0.2296, Gate0%:0.0, MetaNormμ:6.6160
Epoch  34/50 | Train Loss: 0.5217 Acc: 0.7083 F1: 0.7031 | Val Loss: 0.4290 Acc: 0.8462 F1: 0.8462 | Train Meta: Scaleμ:0.9749, Signal|S|μ:7.8220, Delta|S|μ:7.2560, Delta/Signal:92.76%, Gateμ:-0.2296, Gate0%:0.0, MetaNormμ:6.6160 | Val Meta: Scaleμ:0.9749, Signal|S|μ:11.6728, Delta|S|μ:10.8412, Delta/Signal:92.88%, Gateμ:-0.2296, Gate0%:0.0, MetaNormμ:6.6160
Epoch  35/50 | Train Loss: 0.5195 Acc: 0.7208 F1: 0.7202 | Val Loss: 0.4103 Acc: 0.8462 F1: 0.8462 | Train Meta: Scaleμ:0.9749, Signal|S|μ:6.0768, Delta|S|μ:5.6362, Delta/Signal:92.75%, Gateμ:-0.2296, Gate0%:0.0, MetaNormμ:6.6160 | Val Meta: Scaleμ:0.9749, Signal|S|μ:11.6728, Delta|S|μ:10.8412, Delta/Signal:92.88%, Gateμ:-0.2296, Gate0%:0.0, MetaNormμ:6.6160
Epoch  36/50 | Train Loss: 0.5201 Acc: 0.7375 F1: 0.7324 | Val Loss: 0.4160 Acc: 0.8462 F1: 0.8462 | Train Meta: Scaleμ:0.9749, Signal|S|μ:8.6193, Delta|S|μ:8.0006, Delta/Signal:92.82%, Gateμ:-0.2296, Gate0%:0.0, MetaNormμ:6.6160 | Val Meta: Scaleμ:0.9749, Signal|S|μ:11.6728, Delta|S|μ:10.8412, Delta/Signal:92.88%, Gateμ:-0.2296, Gate0%:0.0, MetaNormμ:6.6160
Epoch  37/50 | Train Loss: 0.5249 Acc: 0.7375 F1: 0.7324 | Val Loss: 0.4158 Acc: 0.8462 F1: 0.8462 | Train Meta: Scaleμ:0.9749, Signal|S|μ:10.5859, Delta|S|μ:9.8293, Delta/Signal:92.85%, Gateμ:-0.2296, Gate0%:0.0, MetaNormμ:6.6160 | Val Meta: Scaleμ:0.9749, Signal|S|μ:11.6728, Delta|S|μ:10.8412, Delta/Signal:92.88%, Gateμ:-0.2296, Gate0%:0.0, MetaNormμ:6.6160
Epoch  38/50 | Train Loss: 0.5155 Acc: 0.7292 F1: 0.7239 | Val Loss: 0.3936 Acc: 0.8846 F1: 0.8844 | Train Meta: Scaleμ:0.9749, Signal|S|μ:8.5257, Delta|S|μ:7.9111, Delta/Signal:92.79%, Gateμ:-0.2296, Gate0%:0.0, MetaNormμ:6.6160 | Val Meta: Scaleμ:0.9749, Signal|S|μ:11.6728, Delta|S|μ:10.8412, Delta/Signal:92.88%, Gateμ:-0.2296, Gate0%:0.0, MetaNormμ:6.6160
Validation Loss decreased (0.397667 --> 0.393609). Saving best model...
Epoch  39/50 | Train Loss: 0.5103 Acc: 0.7292 F1: 0.7257 | Val Loss: 0.4077 Acc: 0.8462 F1: 0.8462 | Train Meta: Scaleμ:0.9749, Signal|S|μ:10.7597, Delta|S|μ:9.9888, Delta/Signal:92.84%, Gateμ:-0.2296, Gate0%:0.0, MetaNormμ:6.6160 | Val Meta: Scaleμ:0.9749, Signal|S|μ:11.6728, Delta|S|μ:10.8412, Delta/Signal:92.88%, Gateμ:-0.2296, Gate0%:0.0, MetaNormμ:6.6160
Epoch  40/50 | Train Loss: 0.5121 Acc: 0.7375 F1: 0.7304 | Val Loss: 0.4100 Acc: 0.8462 F1: 0.8462 | Train Meta: Scaleμ:0.9749, Signal|S|μ:10.3006, Delta|S|μ:9.5642, Delta/Signal:92.85%, Gateμ:-0.2296, Gate0%:0.0, MetaNormμ:6.6160 | Val Meta: Scaleμ:0.9749, Signal|S|μ:11.6728, Delta|S|μ:10.8412, Delta/Signal:92.88%, Gateμ:-0.2296, Gate0%:0.0, MetaNormμ:6.6160
Epoch  41/50 | Train Loss: 0.5230 Acc: 0.7208 F1: 0.7197 | Val Loss: 0.3816 Acc: 0.9231 F1: 0.9226 | Train Meta: Scaleμ:0.9749, Signal|S|μ:11.3909, Delta|S|μ:10.5752, Delta/Signal:92.84%, Gateμ:-0.2296, Gate0%:0.0, MetaNormμ:6.6160 | Val Meta: Scaleμ:0.9749, Signal|S|μ:11.6728, Delta|S|μ:10.8412, Delta/Signal:92.88%, Gateμ:-0.2296, Gate0%:0.0, MetaNormμ:6.6160
Validation Loss decreased (0.393609 --> 0.381568). Saving best model...
Epoch  42/50 | Train Loss: 0.5120 Acc: 0.7375 F1: 0.7330 | Val Loss: 0.4025 Acc: 0.8462 F1: 0.8462 | Train Meta: Scaleμ:0.9749, Signal|S|μ:8.1861, Delta|S|μ:7.5960, Delta/Signal:92.79%, Gateμ:-0.2296, Gate0%:0.0, MetaNormμ:6.6160 | Val Meta: Scaleμ:0.9749, Signal|S|μ:11.6728, Delta|S|μ:10.8412, Delta/Signal:92.88%, Gateμ:-0.2296, Gate0%:0.0, MetaNormμ:6.6160
Epoch  43/50 | Train Loss: 0.5352 Acc: 0.7083 F1: 0.7067 | Val Loss: 0.4403 Acc: 0.8462 F1: 0.8462 | Train Meta: Scaleμ:0.9749, Signal|S|μ:7.1357, Delta|S|μ:6.6231, Delta/Signal:92.82%, Gateμ:-0.2296, Gate0%:0.0, MetaNormμ:6.6160 | Val Meta: Scaleμ:0.9749, Signal|S|μ:11.6728, Delta|S|μ:10.8412, Delta/Signal:92.88%, Gateμ:-0.2296, Gate0%:0.0, MetaNormμ:6.6160
Epoch  44/50 | Train Loss: 0.5098 Acc: 0.7250 F1: 0.7200 | Val Loss: 0.3863 Acc: 0.8462 F1: 0.8462 | Train Meta: Scaleμ:0.9749, Signal|S|μ:11.5267, Delta|S|μ:10.7034, Delta/Signal:92.86%, Gateμ:-0.2296, Gate0%:0.0, MetaNormμ:6.6160 | Val Meta: Scaleμ:0.9749, Signal|S|μ:11.6728, Delta|S|μ:10.8412, Delta/Signal:92.88%, Gateμ:-0.2296, Gate0%:0.0, MetaNormμ:6.6160
Epoch  45/50 | Train Loss: 0.5181 Acc: 0.7208 F1: 0.7178 | Val Loss: 0.3852 Acc: 0.9231 F1: 0.9226 | Train Meta: Scaleμ:0.9749, Signal|S|μ:10.8635, Delta|S|μ:10.0860, Delta/Signal:92.84%, Gateμ:-0.2296, Gate0%:0.0, MetaNormμ:6.6160 | Val Meta: Scaleμ:0.9749, Signal|S|μ:11.6728, Delta|S|μ:10.8412, Delta/Signal:92.88%, Gateμ:-0.2296, Gate0%:0.0, MetaNormμ:6.6160
Epoch  46/50 | Train Loss: 0.5098 Acc: 0.7250 F1: 0.7171 | Val Loss: 0.4722 Acc: 0.7692 F1: 0.7679 | Train Meta: Scaleμ:0.9749, Signal|S|μ:6.9088, Delta|S|μ:6.4071, Delta/Signal:92.74%, Gateμ:-0.2296, Gate0%:0.0, MetaNormμ:6.6160 | Val Meta: Scaleμ:0.9749, Signal|S|μ:11.6728, Delta|S|μ:10.8412, Delta/Signal:92.88%, Gateμ:-0.2296, Gate0%:0.0, MetaNormμ:6.6160
Epoch  47/50 | Train Loss: 0.5193 Acc: 0.6917 F1: 0.6916 | Val Loss: 0.3816 Acc: 0.9231 F1: 0.9226 | Train Meta: Scaleμ:0.9749, Signal|S|μ:10.7264, Delta|S|μ:9.9573, Delta/Signal:92.83%, Gateμ:-0.2296, Gate0%:0.0, MetaNormμ:6.6160 | Val Meta: Scaleμ:0.9749, Signal|S|μ:11.6728, Delta|S|μ:10.8412, Delta/Signal:92.88%, Gateμ:-0.2296, Gate0%:0.0, MetaNormμ:6.6160
Epoch  48/50 | Train Loss: 0.5085 Acc: 0.7542 F1: 0.7505 | Val Loss: 0.3940 Acc: 0.8462 F1: 0.8462 | Train Meta: Scaleμ:0.9749, Signal|S|μ:8.0564, Delta|S|μ:7.4779, Delta/Signal:92.82%, Gateμ:-0.2296, Gate0%:0.0, MetaNormμ:6.6160 | Val Meta: Scaleμ:0.9749, Signal|S|μ:11.6728, Delta|S|μ:10.8412, Delta/Signal:92.88%, Gateμ:-0.2296, Gate0%:0.0, MetaNormμ:6.6160
Epoch  49/50 | Train Loss: 0.4999 Acc: 0.7333 F1: 0.7265 | Val Loss: 0.4004 Acc: 0.8462 F1: 0.8462 | Train Meta: Scaleμ:0.9749, Signal|S|μ:13.4402, Delta|S|μ:12.4807, Delta/Signal:92.86%, Gateμ:-0.2296, Gate0%:0.0, MetaNormμ:6.6160 | Val Meta: Scaleμ:0.9749, Signal|S|μ:11.6728, Delta|S|μ:10.8412, Delta/Signal:92.88%, Gateμ:-0.2296, Gate0%:0.0, MetaNormμ:6.6160
Epoch  50/50 | Train Loss: 0.5113 Acc: 0.7292 F1: 0.7246 | Val Loss: 0.3962 Acc: 0.8462 F1: 0.8462 | Train Meta: Scaleμ:0.9749, Signal|S|μ:10.0081, Delta|S|μ:9.2924, Delta/Signal:92.85%, Gateμ:-0.2296, Gate0%:0.0, MetaNormμ:6.6160 | Val Meta: Scaleμ:0.9749, Signal|S|μ:11.6728, Delta|S|μ:10.8412, Delta/Signal:92.88%, Gateμ:-0.2296, Gate0%:0.0, MetaNormμ:6.6160

Classification Test Result (SelfRegulationSCP1)
Accuracy : 0.798635
F1 (macro): 0.793546
Saved attention maps for 3 sample(s) under ./runs/classification_electricity_to_SelfRegulationSCP1_laya_metadata_query_gate_text_stats_avg/attention_maps
Text metadata preview | dataset=SelfRegulationSCP2 | domain=UEA | channels=7
   - channel_1: In the UEA domain, this channel belongs to the SelfRegulationSCP2 dataset and represents the feature channel 1.
   - channel_2: In the UEA domain, this channel belongs to the SelfRegulationSCP2 dataset and represents the feature channel 2.
   - ... (5 more channel descriptions)
Stats metadata preview | dataset=SelfRegulationSCP2 | domain=UEA | channels=7
   - channel_1: Channel statistics over the training split: mean value is -0.000, standard deviation is 1.000, minimum value is -4.648, maximum value is 5.579, median value is 0.006, and mean absolute value is 0.774.
/data/pjh_workspace/ts-env/lib/python3.8/site-packages/torch/nn/modules/transformer.py:307: UserWarning: enable_nested_tensor is True, but self.use_nested_tensor is False because encoder_layer.norm_first was True
  warnings.warn(f"enable_nested_tensor is True, but self.use_nested_tensor is False because {why_not_sparsity_fast_path}")
==================================================
🚀 Architecture: LAYA
📊 Target Dataset: SelfRegulationSCP2 (Channels: 7)
📊 Pretrain Info: electricity
📊 Classes: 2 | Sequence Length: 1152
==================================================
✅ Loaded pretrained encoder from ./checkpoints/electricity_laya_metadata_query_gate_text_stats_avg/laya_ts_electricity_s_best.pt
   - 116/116 keys matched.
✅ Encoder is FROZEN (Linear Probing mode).
📝 metadata: mode=text_stats_avg, fusion=none, relation=metadata_query_gate
ℹ️  Metadata Fusion Mode: none
ℹ️  Channel Mixer Relation Mode: metadata_query_gate
ℹ️  Encoder Variant: default
ℹ️  Channel Adapter: disabled for Laya downstream (mixer)
ℹ️  Channel Relation Block: disabled
✅ ClassificationHead: [B, 256] → [B, 2]
Epoch   1/50 | Train Loss: 0.6970 Acc: 0.5000 F1: 0.4905 | Val Loss: 0.7409 Acc: 0.4500 F1: 0.4133 | Train Meta: Scaleμ:0.9749, Signal|S|μ:7.5500, Delta|S|μ:6.8385, Delta/Signal:90.58%, Gateμ:-0.2752, Gate0%:0.0, MetaNormμ:7.0614 | Val Meta: Scaleμ:0.9749, Signal|S|μ:9.8667, Delta|S|μ:8.9371, Delta/Signal:90.58%, Gateμ:-0.2752, Gate0%:0.0, MetaNormμ:7.0614
Validation Loss decreased (inf --> 0.740934). Saving best model...
Epoch   2/50 | Train Loss: 0.6896 Acc: 0.5455 F1: 0.5337 | Val Loss: 0.7407 Acc: 0.4500 F1: 0.4486 | Train Meta: Scaleμ:0.9749, Signal|S|μ:9.5354, Delta|S|μ:8.6449, Delta/Signal:90.66%, Gateμ:-0.2752, Gate0%:0.0, MetaNormμ:7.0614 | Val Meta: Scaleμ:0.9749, Signal|S|μ:9.8667, Delta|S|μ:8.9371, Delta/Signal:90.58%, Gateμ:-0.2752, Gate0%:0.0, MetaNormμ:7.0614
Validation Loss decreased (0.740934 --> 0.740713). Saving best model...
Epoch   3/50 | Train Loss: 0.6893 Acc: 0.5455 F1: 0.4762 | Val Loss: 0.7096 Acc: 0.4500 F1: 0.4486 | Train Meta: Scaleμ:0.9749, Signal|S|μ:8.9169, Delta|S|μ:8.0803, Delta/Signal:90.62%, Gateμ:-0.2752, Gate0%:0.0, MetaNormμ:7.0614 | Val Meta: Scaleμ:0.9749, Signal|S|μ:9.8667, Delta|S|μ:8.9371, Delta/Signal:90.58%, Gateμ:-0.2752, Gate0%:0.0, MetaNormμ:7.0614
Validation Loss decreased (0.740713 --> 0.709618). Saving best model...
Epoch   4/50 | Train Loss: 0.6910 Acc: 0.5170 F1: 0.4864 | Val Loss: 0.6885 Acc: 0.5000 F1: 0.4505 | Train Meta: Scaleμ:0.9749, Signal|S|μ:9.7301, Delta|S|μ:8.8212, Delta/Signal:90.66%, Gateμ:-0.2752, Gate0%:0.0, MetaNormμ:7.0614 | Val Meta: Scaleμ:0.9749, Signal|S|μ:9.8667, Delta|S|μ:8.9371, Delta/Signal:90.58%, Gateμ:-0.2752, Gate0%:0.0, MetaNormμ:7.0614
Validation Loss decreased (0.709618 --> 0.688525). Saving best model...
Epoch   5/50 | Train Loss: 0.6894 Acc: 0.5057 F1: 0.4711 | Val Loss: 0.7446 Acc: 0.4500 F1: 0.4486 | Train Meta: Scaleμ:0.9749, Signal|S|μ:9.4446, Delta|S|μ:8.5555, Delta/Signal:90.59%, Gateμ:-0.2752, Gate0%:0.0, MetaNormμ:7.0614 | Val Meta: Scaleμ:0.9749, Signal|S|μ:9.8667, Delta|S|μ:8.9371, Delta/Signal:90.58%, Gateμ:-0.2752, Gate0%:0.0, MetaNormμ:7.0614
Epoch   6/50 | Train Loss: 0.6720 Acc: 0.5114 F1: 0.5098 | Val Loss: 0.7121 Acc: 0.4000 F1: 0.3750 | Train Meta: Scaleμ:0.9749, Signal|S|μ:8.8827, Delta|S|μ:8.0580, Delta/Signal:90.72%, Gateμ:-0.2752, Gate0%:0.0, MetaNormμ:7.0614 | Val Meta: Scaleμ:0.9749, Signal|S|μ:9.8667, Delta|S|μ:8.9371, Delta/Signal:90.58%, Gateμ:-0.2752, Gate0%:0.0, MetaNormμ:7.0614
Epoch   7/50 | Train Loss: 0.6731 Acc: 0.5568 F1: 0.5559 | Val Loss: 0.7289 Acc: 0.4000 F1: 0.3750 | Train Meta: Scaleμ:0.9749, Signal|S|μ:8.7205, Delta|S|μ:7.9042, Delta/Signal:90.64%, Gateμ:-0.2752, Gate0%:0.0, MetaNormμ:7.0614 | Val Meta: Scaleμ:0.9749, Signal|S|μ:9.8667, Delta|S|μ:8.9371, Delta/Signal:90.58%, Gateμ:-0.2752, Gate0%:0.0, MetaNormμ:7.0614
Epoch   8/50 | Train Loss: 0.6657 Acc: 0.5284 F1: 0.4985 | Val Loss: 0.7295 Acc: 0.4000 F1: 0.3939 | Train Meta: Scaleμ:0.9749, Signal|S|μ:10.3907, Delta|S|μ:9.4165, Delta/Signal:90.62%, Gateμ:-0.2752, Gate0%:0.0, MetaNormμ:7.0614 | Val Meta: Scaleμ:0.9749, Signal|S|μ:9.8667, Delta|S|μ:8.9371, Delta/Signal:90.58%, Gateμ:-0.2752, Gate0%:0.0, MetaNormμ:7.0614
Epoch   9/50 | Train Loss: 0.6696 Acc: 0.5568 F1: 0.5540 | Val Loss: 0.7152 Acc: 0.5000 F1: 0.4505 | Train Meta: Scaleμ:0.9749, Signal|S|μ:9.1204, Delta|S|μ:8.2646, Delta/Signal:90.62%, Gateμ:-0.2752, Gate0%:0.0, MetaNormμ:7.0614 | Val Meta: Scaleμ:0.9749, Signal|S|μ:9.8667, Delta|S|μ:8.9371, Delta/Signal:90.58%, Gateμ:-0.2752, Gate0%:0.0, MetaNormμ:7.0614
Epoch  10/50 | Train Loss: 0.6703 Acc: 0.5455 F1: 0.5449 | Val Loss: 0.7207 Acc: 0.4500 F1: 0.4486 | Train Meta: Scaleμ:0.9749, Signal|S|μ:7.6171, Delta|S|μ:6.8947, Delta/Signal:90.52%, Gateμ:-0.2752, Gate0%:0.0, MetaNormμ:7.0614 | Val Meta: Scaleμ:0.9749, Signal|S|μ:9.8667, Delta|S|μ:8.9371, Delta/Signal:90.58%, Gateμ:-0.2752, Gate0%:0.0, MetaNormμ:7.0614
Epoch  11/50 | Train Loss: 0.6677 Acc: 0.5398 F1: 0.5398 | Val Loss: 0.6950 Acc: 0.5500 F1: 0.4872 | Train Meta: Scaleμ:0.9749, Signal|S|μ:8.2821, Delta|S|μ:7.4962, Delta/Signal:90.51%, Gateμ:-0.2752, Gate0%:0.0, MetaNormμ:7.0614 | Val Meta: Scaleμ:0.9749, Signal|S|μ:9.8667, Delta|S|μ:8.9371, Delta/Signal:90.58%, Gateμ:-0.2752, Gate0%:0.0, MetaNormμ:7.0614
Epoch  12/50 | Train Loss: 0.6721 Acc: 0.5227 F1: 0.5212 | Val Loss: 0.7274 Acc: 0.4500 F1: 0.4486 | Train Meta: Scaleμ:0.9749, Signal|S|μ:9.3929, Delta|S|μ:8.5082, Delta/Signal:90.58%, Gateμ:-0.2752, Gate0%:0.0, MetaNormμ:7.0614 | Val Meta: Scaleμ:0.9749, Signal|S|μ:9.8667, Delta|S|μ:8.9371, Delta/Signal:90.58%, Gateμ:-0.2752, Gate0%:0.0, MetaNormμ:7.0614
Epoch  13/50 | Train Loss: 0.6755 Acc: 0.5227 F1: 0.5103 | Val Loss: 0.6994 Acc: 0.4000 F1: 0.3750 | Train Meta: Scaleμ:0.9749, Signal|S|μ:8.9998, Delta|S|μ:8.1557, Delta/Signal:90.62%, Gateμ:-0.2752, Gate0%:0.0, MetaNormμ:7.0614 | Val Meta: Scaleμ:0.9749, Signal|S|μ:9.8667, Delta|S|μ:8.9371, Delta/Signal:90.58%, Gateμ:-0.2752, Gate0%:0.0, MetaNormμ:7.0614
Epoch  14/50 | Train Loss: 0.6690 Acc: 0.5455 F1: 0.5449 | Val Loss: 0.7135 Acc: 0.3500 F1: 0.3484 | Train Meta: Scaleμ:0.9749, Signal|S|μ:10.5059, Delta|S|μ:9.5225, Delta/Signal:90.64%, Gateμ:-0.2752, Gate0%:0.0, MetaNormμ:7.0614 | Val Meta: Scaleμ:0.9749, Signal|S|μ:9.8667, Delta|S|μ:8.9371, Delta/Signal:90.58%, Gateμ:-0.2752, Gate0%:0.0, MetaNormμ:7.0614
Epoch  15/50 | Train Loss: 0.6642 Acc: 0.5511 F1: 0.5511 | Val Loss: 0.7354 Acc: 0.3500 F1: 0.3484 | Train Meta: Scaleμ:0.9749, Signal|S|μ:8.9790, Delta|S|μ:8.1400, Delta/Signal:90.66%, Gateμ:-0.2752, Gate0%:0.0, MetaNormμ:7.0614 | Val Meta: Scaleμ:0.9749, Signal|S|μ:9.8667, Delta|S|μ:8.9371, Delta/Signal:90.58%, Gateμ:-0.2752, Gate0%:0.0, MetaNormμ:7.0614
Epoch  16/50 | Train Loss: 0.6685 Acc: 0.5568 F1: 0.5559 | Val Loss: 0.7232 Acc: 0.5000 F1: 0.4949 | Train Meta: Scaleμ:0.9749, Signal|S|μ:9.7227, Delta|S|μ:8.8065, Delta/Signal:90.58%, Gateμ:-0.2752, Gate0%:0.0, MetaNormμ:7.0614 | Val Meta: Scaleμ:0.9749, Signal|S|μ:9.8667, Delta|S|μ:8.9371, Delta/Signal:90.58%, Gateμ:-0.2752, Gate0%:0.0, MetaNormμ:7.0614
Epoch  17/50 | Train Loss: 0.6841 Acc: 0.4943 F1: 0.4351 | Val Loss: 0.7096 Acc: 0.4500 F1: 0.4133 | Train Meta: Scaleμ:0.9749, Signal|S|μ:7.6033, Delta|S|μ:6.8834, Delta/Signal:90.53%, Gateμ:-0.2752, Gate0%:0.0, MetaNormμ:7.0614 | Val Meta: Scaleμ:0.9749, Signal|S|μ:9.8667, Delta|S|μ:8.9371, Delta/Signal:90.58%, Gateμ:-0.2752, Gate0%:0.0, MetaNormμ:7.0614
Epoch  18/50 | Train Loss: 0.6911 Acc: 0.5511 F1: 0.5134 | Val Loss: 0.7130 Acc: 0.5500 F1: 0.4872 | Train Meta: Scaleμ:0.9749, Signal|S|μ:8.3329, Delta|S|μ:7.5473, Delta/Signal:90.57%, Gateμ:-0.2752, Gate0%:0.0, MetaNormμ:7.0614 | Val Meta: Scaleμ:0.9749, Signal|S|μ:9.8667, Delta|S|μ:8.9371, Delta/Signal:90.58%, Gateμ:-0.2752, Gate0%:0.0, MetaNormμ:7.0614
Epoch  19/50 | Train Loss: 0.7112 Acc: 0.5114 F1: 0.4369 | Val Loss: 0.7587 Acc: 0.4000 F1: 0.3407 | Train Meta: Scaleμ:0.9749, Signal|S|μ:9.3683, Delta|S|μ:8.4850, Delta/Signal:90.57%, Gateμ:-0.2752, Gate0%:0.0, MetaNormμ:7.0614 | Val Meta: Scaleμ:0.9749, Signal|S|μ:9.8667, Delta|S|μ:8.9371, Delta/Signal:90.58%, Gateμ:-0.2752, Gate0%:0.0, MetaNormμ:7.0614
Epoch  20/50 | Train Loss: 0.6858 Acc: 0.5227 F1: 0.5121 | Val Loss: 0.7082 Acc: 0.5000 F1: 0.4505 | Train Meta: Scaleμ:0.9749, Signal|S|μ:8.5112, Delta|S|μ:7.7115, Delta/Signal:90.60%, Gateμ:-0.2752, Gate0%:0.0, MetaNormμ:7.0614 | Val Meta: Scaleμ:0.9749, Signal|S|μ:9.8667, Delta|S|μ:8.9371, Delta/Signal:90.58%, Gateμ:-0.2752, Gate0%:0.0, MetaNormμ:7.0614
Epoch  21/50 | Train Loss: 0.6774 Acc: 0.4602 F1: 0.4406 | Val Loss: 0.7292 Acc: 0.3500 F1: 0.3350 | Train Meta: Scaleμ:0.9749, Signal|S|μ:8.8947, Delta|S|μ:8.0630, Delta/Signal:90.65%, Gateμ:-0.2752, Gate0%:0.0, MetaNormμ:7.0614 | Val Meta: Scaleμ:0.9749, Signal|S|μ:9.8667, Delta|S|μ:8.9371, Delta/Signal:90.58%, Gateμ:-0.2752, Gate0%:0.0, MetaNormμ:7.0614
Epoch  22/50 | Train Loss: 0.6677 Acc: 0.5455 F1: 0.5440 | Val Loss: 0.7001 Acc: 0.5500 F1: 0.4872 | Train Meta: Scaleμ:0.9749, Signal|S|μ:7.9348, Delta|S|μ:7.1815, Delta/Signal:90.51%, Gateμ:-0.2752, Gate0%:0.0, MetaNormμ:7.0614 | Val Meta: Scaleμ:0.9749, Signal|S|μ:9.8667, Delta|S|μ:8.9371, Delta/Signal:90.58%, Gateμ:-0.2752, Gate0%:0.0, MetaNormμ:7.0614
Epoch  23/50 | Train Loss: 0.6662 Acc: 0.5568 F1: 0.5568 | Val Loss: 0.7287 Acc: 0.4500 F1: 0.4486 | Train Meta: Scaleμ:0.9749, Signal|S|μ:10.4827, Delta|S|μ:9.4983, Delta/Signal:90.61%, Gateμ:-0.2752, Gate0%:0.0, MetaNormμ:7.0614 | Val Meta: Scaleμ:0.9749, Signal|S|μ:9.8667, Delta|S|μ:8.9371, Delta/Signal:90.58%, Gateμ:-0.2752, Gate0%:0.0, MetaNormμ:7.0614
Epoch  24/50 | Train Loss: 0.6715 Acc: 0.5568 F1: 0.5559 | Val Loss: 0.7027 Acc: 0.5000 F1: 0.4505 | Train Meta: Scaleμ:0.9749, Signal|S|μ:8.6700, Delta|S|μ:7.8548, Delta/Signal:90.60%, Gateμ:-0.2752, Gate0%:0.0, MetaNormμ:7.0614 | Val Meta: Scaleμ:0.9749, Signal|S|μ:9.8667, Delta|S|μ:8.9371, Delta/Signal:90.58%, Gateμ:-0.2752, Gate0%:0.0, MetaNormμ:7.0614
Epoch  25/50 | Train Loss: 0.6668 Acc: 0.5341 F1: 0.5292 | Val Loss: 0.7294 Acc: 0.4500 F1: 0.4486 | Train Meta: Scaleμ:0.9749, Signal|S|μ:7.9195, Delta|S|μ:7.1802, Delta/Signal:90.67%, Gateμ:-0.2752, Gate0%:0.0, MetaNormμ:7.0614 | Val Meta: Scaleμ:0.9749, Signal|S|μ:9.8667, Delta|S|μ:8.9371, Delta/Signal:90.58%, Gateμ:-0.2752, Gate0%:0.0, MetaNormμ:7.0614
Epoch  26/50 | Train Loss: 0.6744 Acc: 0.5227 F1: 0.5121 | Val Loss: 0.7071 Acc: 0.5500 F1: 0.4872 | Train Meta: Scaleμ:0.9749, Signal|S|μ:13.8499, Delta|S|μ:12.5591, Delta/Signal:90.68%, Gateμ:-0.2752, Gate0%:0.0, MetaNormμ:7.0614 | Val Meta: Scaleμ:0.9749, Signal|S|μ:9.8667, Delta|S|μ:8.9371, Delta/Signal:90.58%, Gateμ:-0.2752, Gate0%:0.0, MetaNormμ:7.0614
Epoch  27/50 | Train Loss: 0.6674 Acc: 0.5455 F1: 0.5337 | Val Loss: 0.7203 Acc: 0.4500 F1: 0.4373 | Train Meta: Scaleμ:0.9749, Signal|S|μ:8.1676, Delta|S|μ:7.3968, Delta/Signal:90.56%, Gateμ:-0.2752, Gate0%:0.0, MetaNormμ:7.0614 | Val Meta: Scaleμ:0.9749, Signal|S|μ:9.8667, Delta|S|μ:8.9371, Delta/Signal:90.58%, Gateμ:-0.2752, Gate0%:0.0, MetaNormμ:7.0614
Epoch  28/50 | Train Loss: 0.6567 Acc: 0.5739 F1: 0.5688 | Val Loss: 0.7134 Acc: 0.4000 F1: 0.3750 | Train Meta: Scaleμ:0.9749, Signal|S|μ:10.5342, Delta|S|μ:9.5470, Delta/Signal:90.63%, Gateμ:-0.2752, Gate0%:0.0, MetaNormμ:7.0614 | Val Meta: Scaleμ:0.9749, Signal|S|μ:9.8667, Delta|S|μ:8.9371, Delta/Signal:90.58%, Gateμ:-0.2752, Gate0%:0.0, MetaNormμ:7.0614
Epoch  29/50 | Train Loss: 0.6638 Acc: 0.5739 F1: 0.5636 | Val Loss: 0.7279 Acc: 0.3500 F1: 0.3350 | Train Meta: Scaleμ:0.9749, Signal|S|μ:10.3070, Delta|S|μ:9.3426, Delta/Signal:90.64%, Gateμ:-0.2752, Gate0%:0.0, MetaNormμ:7.0614 | Val Meta: Scaleμ:0.9749, Signal|S|μ:9.8667, Delta|S|μ:8.9371, Delta/Signal:90.58%, Gateμ:-0.2752, Gate0%:0.0, MetaNormμ:7.0614
Epoch  30/50 | Train Loss: 0.6708 Acc: 0.5227 F1: 0.5152 | Val Loss: 0.7289 Acc: 0.3500 F1: 0.3350 | Train Meta: Scaleμ:0.9749, Signal|S|μ:7.9416, Delta|S|μ:7.1922, Delta/Signal:90.56%, Gateμ:-0.2752, Gate0%:0.0, MetaNormμ:7.0614 | Val Meta: Scaleμ:0.9749, Signal|S|μ:9.8667, Delta|S|μ:8.9371, Delta/Signal:90.58%, Gateμ:-0.2752, Gate0%:0.0, MetaNormμ:7.0614
Epoch  31/50 | Train Loss: 0.6591 Acc: 0.5568 F1: 0.5554 | Val Loss: 0.7238 Acc: 0.3500 F1: 0.3350 | Train Meta: Scaleμ:0.9749, Signal|S|μ:9.5981, Delta|S|μ:8.6985, Delta/Signal:90.63%, Gateμ:-0.2752, Gate0%:0.0, MetaNormμ:7.0614 | Val Meta: Scaleμ:0.9749, Signal|S|μ:9.8667, Delta|S|μ:8.9371, Delta/Signal:90.58%, Gateμ:-0.2752, Gate0%:0.0, MetaNormμ:7.0614
Epoch  32/50 | Train Loss: 0.6600 Acc: 0.5739 F1: 0.5665 | Val Loss: 0.7231 Acc: 0.3500 F1: 0.3350 | Train Meta: Scaleμ:0.9749, Signal|S|μ:9.1160, Delta|S|μ:8.2544, Delta/Signal:90.55%, Gateμ:-0.2752, Gate0%:0.0, MetaNormμ:7.0614 | Val Meta: Scaleμ:0.9749, Signal|S|μ:9.8667, Delta|S|μ:8.9371, Delta/Signal:90.58%, Gateμ:-0.2752, Gate0%:0.0, MetaNormμ:7.0614
Epoch  33/50 | Train Loss: 0.6614 Acc: 0.5682 F1: 0.5613 | Val Loss: 0.7075 Acc: 0.4500 F1: 0.4133 | Train Meta: Scaleμ:0.9749, Signal|S|μ:8.3141, Delta|S|μ:7.5329, Delta/Signal:90.60%, Gateμ:-0.2752, Gate0%:0.0, MetaNormμ:7.0614 | Val Meta: Scaleμ:0.9749, Signal|S|μ:9.8667, Delta|S|μ:8.9371, Delta/Signal:90.58%, Gateμ:-0.2752, Gate0%:0.0, MetaNormμ:7.0614
Epoch  34/50 | Train Loss: 0.6770 Acc: 0.5284 F1: 0.4922 | Val Loss: 0.7173 Acc: 0.5000 F1: 0.4792 | Train Meta: Scaleμ:0.9749, Signal|S|μ:11.1094, Delta|S|μ:10.0627, Delta/Signal:90.58%, Gateμ:-0.2752, Gate0%:0.0, MetaNormμ:7.0614 | Val Meta: Scaleμ:0.9749, Signal|S|μ:9.8667, Delta|S|μ:8.9371, Delta/Signal:90.58%, Gateμ:-0.2752, Gate0%:0.0, MetaNormμ:7.0614
Epoch  35/50 | Train Loss: 0.6550 Acc: 0.5852 F1: 0.5822 | Val Loss: 0.7026 Acc: 0.5500 F1: 0.4872 | Train Meta: Scaleμ:0.9749, Signal|S|μ:7.3640, Delta|S|μ:6.6683, Delta/Signal:90.55%, Gateμ:-0.2752, Gate0%:0.0, MetaNormμ:7.0614 | Val Meta: Scaleμ:0.9749, Signal|S|μ:9.8667, Delta|S|μ:8.9371, Delta/Signal:90.58%, Gateμ:-0.2752, Gate0%:0.0, MetaNormμ:7.0614
Epoch  36/50 | Train Loss: 0.6659 Acc: 0.5511 F1: 0.5447 | Val Loss: 0.7269 Acc: 0.4500 F1: 0.4486 | Train Meta: Scaleμ:0.9749, Signal|S|μ:9.9266, Delta|S|μ:8.9933, Delta/Signal:90.60%, Gateμ:-0.2752, Gate0%:0.0, MetaNormμ:7.0614 | Val Meta: Scaleμ:0.9749, Signal|S|μ:9.8667, Delta|S|μ:8.9371, Delta/Signal:90.58%, Gateμ:-0.2752, Gate0%:0.0, MetaNormμ:7.0614
Epoch  37/50 | Train Loss: 0.6686 Acc: 0.5455 F1: 0.5449 | Val Loss: 0.7035 Acc: 0.5500 F1: 0.4872 | Train Meta: Scaleμ:0.9749, Signal|S|μ:8.3764, Delta|S|μ:7.5925, Delta/Signal:90.64%, Gateμ:-0.2752, Gate0%:0.0, MetaNormμ:7.0614 | Val Meta: Scaleμ:0.9749, Signal|S|μ:9.8667, Delta|S|μ:8.9371, Delta/Signal:90.58%, Gateμ:-0.2752, Gate0%:0.0, MetaNormμ:7.0614
Epoch  38/50 | Train Loss: 0.6525 Acc: 0.5795 F1: 0.5795 | Val Loss: 0.7418 Acc: 0.4500 F1: 0.4486 | Train Meta: Scaleμ:0.9749, Signal|S|μ:7.8216, Delta|S|μ:7.0842, Delta/Signal:90.57%, Gateμ:-0.2752, Gate0%:0.0, MetaNormμ:7.0614 | Val Meta: Scaleμ:0.9749, Signal|S|μ:9.8667, Delta|S|μ:8.9371, Delta/Signal:90.58%, Gateμ:-0.2752, Gate0%:0.0, MetaNormμ:7.0614
Epoch  39/50 | Train Loss: 0.6569 Acc: 0.5795 F1: 0.5612 | Val Loss: 0.7101 Acc: 0.4500 F1: 0.4133 | Train Meta: Scaleμ:0.9749, Signal|S|μ:7.9048, Delta|S|μ:7.1592, Delta/Signal:90.57%, Gateμ:-0.2752, Gate0%:0.0, MetaNormμ:7.0614 | Val Meta: Scaleμ:0.9749, Signal|S|μ:9.8667, Delta|S|μ:8.9371, Delta/Signal:90.58%, Gateμ:-0.2752, Gate0%:0.0, MetaNormμ:7.0614
Epoch  40/50 | Train Loss: 0.6717 Acc: 0.5398 F1: 0.5390 | Val Loss: 0.7312 Acc: 0.3500 F1: 0.3350 | Train Meta: Scaleμ:0.9749, Signal|S|μ:12.4348, Delta|S|μ:11.2627, Delta/Signal:90.57%, Gateμ:-0.2752, Gate0%:0.0, MetaNormμ:7.0614 | Val Meta: Scaleμ:0.9749, Signal|S|μ:9.8667, Delta|S|μ:8.9371, Delta/Signal:90.58%, Gateμ:-0.2752, Gate0%:0.0, MetaNormμ:7.0614
Epoch  41/50 | Train Loss: 0.6625 Acc: 0.5682 F1: 0.5600 | Val Loss: 0.7115 Acc: 0.5500 F1: 0.4872 | Train Meta: Scaleμ:0.9749, Signal|S|μ:9.5405, Delta|S|μ:8.6477, Delta/Signal:90.64%, Gateμ:-0.2752, Gate0%:0.0, MetaNormμ:7.0614 | Val Meta: Scaleμ:0.9749, Signal|S|μ:9.8667, Delta|S|μ:8.9371, Delta/Signal:90.58%, Gateμ:-0.2752, Gate0%:0.0, MetaNormμ:7.0614
Epoch  42/50 | Train Loss: 0.6631 Acc: 0.5625 F1: 0.5423 | Val Loss: 0.7176 Acc: 0.4500 F1: 0.4133 | Train Meta: Scaleμ:0.9749, Signal|S|μ:7.2999, Delta|S|μ:6.6161, Delta/Signal:90.63%, Gateμ:-0.2752, Gate0%:0.0, MetaNormμ:7.0614 | Val Meta: Scaleμ:0.9749, Signal|S|μ:9.8667, Delta|S|μ:8.9371, Delta/Signal:90.58%, Gateμ:-0.2752, Gate0%:0.0, MetaNormμ:7.0614
Epoch  43/50 | Train Loss: 0.6606 Acc: 0.5511 F1: 0.5511 | Val Loss: 0.7349 Acc: 0.4000 F1: 0.3939 | Train Meta: Scaleμ:0.9749, Signal|S|μ:7.9027, Delta|S|μ:7.1560, Delta/Signal:90.55%, Gateμ:-0.2752, Gate0%:0.0, MetaNormμ:7.0614 | Val Meta: Scaleμ:0.9749, Signal|S|μ:9.8667, Delta|S|μ:8.9371, Delta/Signal:90.58%, Gateμ:-0.2752, Gate0%:0.0, MetaNormμ:7.0614
Epoch  44/50 | Train Loss: 0.6712 Acc: 0.5511 F1: 0.5494 | Val Loss: 0.7128 Acc: 0.4500 F1: 0.4133 | Train Meta: Scaleμ:0.9749, Signal|S|μ:8.5611, Delta|S|μ:7.7602, Delta/Signal:90.64%, Gateμ:-0.2752, Gate0%:0.0, MetaNormμ:7.0614 | Val Meta: Scaleμ:0.9749, Signal|S|μ:9.8667, Delta|S|μ:8.9371, Delta/Signal:90.58%, Gateμ:-0.2752, Gate0%:0.0, MetaNormμ:7.0614
Epoch  45/50 | Train Loss: 0.6582 Acc: 0.5795 F1: 0.5776 | Val Loss: 0.7211 Acc: 0.5000 F1: 0.4505 | Train Meta: Scaleμ:0.9749, Signal|S|μ:8.0091, Delta|S|μ:7.2558, Delta/Signal:90.59%, Gateμ:-0.2752, Gate0%:0.0, MetaNormμ:7.0614 | Val Meta: Scaleμ:0.9749, Signal|S|μ:9.8667, Delta|S|μ:8.9371, Delta/Signal:90.58%, Gateμ:-0.2752, Gate0%:0.0, MetaNormμ:7.0614
Epoch  46/50 | Train Loss: 0.6757 Acc: 0.5398 F1: 0.5106 | Val Loss: 0.7215 Acc: 0.3500 F1: 0.3350 | Train Meta: Scaleμ:0.9749, Signal|S|μ:9.8893, Delta|S|μ:8.9618, Delta/Signal:90.62%, Gateμ:-0.2752, Gate0%:0.0, MetaNormμ:7.0614 | Val Meta: Scaleμ:0.9749, Signal|S|μ:9.8667, Delta|S|μ:8.9371, Delta/Signal:90.58%, Gateμ:-0.2752, Gate0%:0.0, MetaNormμ:7.0614
Epoch  47/50 | Train Loss: 0.6588 Acc: 0.5511 F1: 0.5433 | Val Loss: 0.6946 Acc: 0.5000 F1: 0.4505 | Train Meta: Scaleμ:0.9749, Signal|S|μ:8.8907, Delta|S|μ:8.0520, Delta/Signal:90.57%, Gateμ:-0.2752, Gate0%:0.0, MetaNormμ:7.0614 | Val Meta: Scaleμ:0.9749, Signal|S|μ:9.8667, Delta|S|μ:8.9371, Delta/Signal:90.58%, Gateμ:-0.2752, Gate0%:0.0, MetaNormμ:7.0614
Epoch  48/50 | Train Loss: 0.6697 Acc: 0.5455 F1: 0.5368 | Val Loss: 0.7205 Acc: 0.4000 F1: 0.3750 | Train Meta: Scaleμ:0.9749, Signal|S|μ:11.3888, Delta|S|μ:10.3217, Delta/Signal:90.63%, Gateμ:-0.2752, Gate0%:0.0, MetaNormμ:7.0614 | Val Meta: Scaleμ:0.9749, Signal|S|μ:9.8667, Delta|S|μ:8.9371, Delta/Signal:90.58%, Gateμ:-0.2752, Gate0%:0.0, MetaNormμ:7.0614
Epoch  49/50 | Train Loss: 0.6609 Acc: 0.5795 F1: 0.5686 | Val Loss: 0.7177 Acc: 0.4500 F1: 0.4133 | Train Meta: Scaleμ:0.9749, Signal|S|μ:12.2304, Delta|S|μ:11.0948, Delta/Signal:90.71%, Gateμ:-0.2752, Gate0%:0.0, MetaNormμ:7.0614 | Val Meta: Scaleμ:0.9749, Signal|S|μ:9.8667, Delta|S|μ:8.9371, Delta/Signal:90.58%, Gateμ:-0.2752, Gate0%:0.0, MetaNormμ:7.0614
Epoch  50/50 | Train Loss: 0.6609 Acc: 0.5852 F1: 0.5752 | Val Loss: 0.7428 Acc: 0.3500 F1: 0.3350 | Train Meta: Scaleμ:0.9749, Signal|S|μ:9.1364, Delta|S|μ:8.2741, Delta/Signal:90.56%, Gateμ:-0.2752, Gate0%:0.0, MetaNormμ:7.0614 | Val Meta: Scaleμ:0.9749, Signal|S|μ:9.8667, Delta|S|μ:8.9371, Delta/Signal:90.58%, Gateμ:-0.2752, Gate0%:0.0, MetaNormμ:7.0614

Classification Test Result (SelfRegulationSCP2)
Accuracy : 0.550000
F1 (macro): 0.499846
Saved attention maps for 3 sample(s) under ./runs/classification_electricity_to_SelfRegulationSCP2_laya_metadata_query_gate_text_stats_avg/attention_maps
Text metadata preview | dataset=SpokenArabicDigits | domain=UEA | channels=13
   - channel_1: In the UEA domain, this channel belongs to the SpokenArabicDigits dataset and represents the feature channel 1.
   - channel_2: In the UEA domain, this channel belongs to the SpokenArabicDigits dataset and represents the feature channel 2.
   - ... (11 more channel descriptions)
Stats metadata preview | dataset=SpokenArabicDigits | domain=UEA | channels=13
   - channel_1: Channel statistics over the training split: mean value is -0.000, standard deviation is 0.999, minimum value is -5.497, maximum value is 4.002, median value is -0.412, and mean absolute value is 0.748.
/data/pjh_workspace/ts-env/lib/python3.8/site-packages/torch/nn/modules/transformer.py:307: UserWarning: enable_nested_tensor is True, but self.use_nested_tensor is False because encoder_layer.norm_first was True
  warnings.warn(f"enable_nested_tensor is True, but self.use_nested_tensor is False because {why_not_sparsity_fast_path}")
==================================================
🚀 Architecture: LAYA
📊 Target Dataset: SpokenArabicDigits (Channels: 13)
📊 Pretrain Info: electricity
📊 Classes: 10 | Sequence Length: 93
==================================================
✅ Loaded pretrained encoder from ./checkpoints/electricity_laya_metadata_query_gate_text_stats_avg/laya_ts_electricity_s_best.pt
   - 116/116 keys matched.
✅ Encoder is FROZEN (Linear Probing mode).
📝 metadata: mode=text_stats_avg, fusion=none, relation=metadata_query_gate
ℹ️  Metadata Fusion Mode: none
ℹ️  Channel Mixer Relation Mode: metadata_query_gate
ℹ️  Encoder Variant: default
ℹ️  Channel Adapter: disabled for Laya downstream (mixer)
ℹ️  Channel Relation Block: disabled
✅ ClassificationHead: [B, 256] → [B, 10]
Epoch   1/50 | Train Loss: 2.1137 Acc: 0.2310 F1: 0.2235 | Val Loss: 1.9774 Acc: 0.2929 F1: 0.2783 | Train Meta: Scaleμ:0.9749, Signal|S|μ:7.4847, Delta|S|μ:6.8873, Delta/Signal:92.02%, Gateμ:-0.2038, Gate0%:0.0, MetaNormμ:7.4886 | Val Meta: Scaleμ:0.9749, Signal|S|μ:7.1500, Delta|S|μ:6.5782, Delta/Signal:92.00%, Gateμ:-0.2038, Gate0%:0.0, MetaNormμ:7.4886
Validation Loss decreased (inf --> 1.977434). Saving best model...
Epoch   2/50 | Train Loss: 1.9327 Acc: 0.3194 F1: 0.3128 | Val Loss: 1.8688 Acc: 0.3551 F1: 0.3443 | Train Meta: Scaleμ:0.9749, Signal|S|μ:7.5550, Delta|S|μ:6.9559, Delta/Signal:92.07%, Gateμ:-0.2038, Gate0%:0.0, MetaNormμ:7.4886 | Val Meta: Scaleμ:0.9749, Signal|S|μ:7.1500, Delta|S|μ:6.5782, Delta/Signal:92.00%, Gateμ:-0.2038, Gate0%:0.0, MetaNormμ:7.4886
Validation Loss decreased (1.977434 --> 1.868822). Saving best model...
Epoch   3/50 | Train Loss: 1.8453 Acc: 0.3470 F1: 0.3395 | Val Loss: 1.8205 Acc: 0.3581 F1: 0.3400 | Train Meta: Scaleμ:0.9749, Signal|S|μ:7.0403, Delta|S|μ:6.4775, Delta/Signal:92.01%, Gateμ:-0.2038, Gate0%:0.0, MetaNormμ:7.4886 | Val Meta: Scaleμ:0.9749, Signal|S|μ:7.1500, Delta|S|μ:6.5782, Delta/Signal:92.00%, Gateμ:-0.2038, Gate0%:0.0, MetaNormμ:7.4886
Validation Loss decreased (1.868822 --> 1.820460). Saving best model...
Epoch   4/50 | Train Loss: 1.7862 Acc: 0.3696 F1: 0.3634 | Val Loss: 1.7604 Acc: 0.3748 F1: 0.3610 | Train Meta: Scaleμ:0.9749, Signal|S|μ:7.1848, Delta|S|μ:6.6104, Delta/Signal:92.00%, Gateμ:-0.2038, Gate0%:0.0, MetaNormμ:7.4886 | Val Meta: Scaleμ:0.9749, Signal|S|μ:7.1500, Delta|S|μ:6.5782, Delta/Signal:92.00%, Gateμ:-0.2038, Gate0%:0.0, MetaNormμ:7.4886
Validation Loss decreased (1.820460 --> 1.760392). Saving best model...
Epoch   5/50 | Train Loss: 1.7401 Acc: 0.3880 F1: 0.3817 | Val Loss: 1.7410 Acc: 0.3854 F1: 0.3746 | Train Meta: Scaleμ:0.9749, Signal|S|μ:7.0628, Delta|S|μ:6.5030, Delta/Signal:92.07%, Gateμ:-0.2038, Gate0%:0.0, MetaNormμ:7.4886 | Val Meta: Scaleμ:0.9749, Signal|S|μ:7.1500, Delta|S|μ:6.5782, Delta/Signal:92.00%, Gateμ:-0.2038, Gate0%:0.0, MetaNormμ:7.4886
Validation Loss decreased (1.760392 --> 1.740975). Saving best model...
Epoch   6/50 | Train Loss: 1.6985 Acc: 0.3998 F1: 0.3937 | Val Loss: 1.7161 Acc: 0.3809 F1: 0.3742 | Train Meta: Scaleμ:0.9749, Signal|S|μ:7.0002, Delta|S|μ:6.4386, Delta/Signal:91.98%, Gateμ:-0.2038, Gate0%:0.0, MetaNormμ:7.4886 | Val Meta: Scaleμ:0.9749, Signal|S|μ:7.1500, Delta|S|μ:6.5782, Delta/Signal:92.00%, Gateμ:-0.2038, Gate0%:0.0, MetaNormμ:7.4886
Validation Loss decreased (1.740975 --> 1.716127). Saving best model...
Epoch   7/50 | Train Loss: 1.6747 Acc: 0.4080 F1: 0.4013 | Val Loss: 1.6820 Acc: 0.3900 F1: 0.3807 | Train Meta: Scaleμ:0.9749, Signal|S|μ:6.6406, Delta|S|μ:6.1110, Delta/Signal:92.03%, Gateμ:-0.2038, Gate0%:0.0, MetaNormμ:7.4886 | Val Meta: Scaleμ:0.9749, Signal|S|μ:7.1500, Delta|S|μ:6.5782, Delta/Signal:92.00%, Gateμ:-0.2038, Gate0%:0.0, MetaNormμ:7.4886
Validation Loss decreased (1.716127 --> 1.681960). Saving best model...
Epoch   8/50 | Train Loss: 1.6411 Acc: 0.4235 F1: 0.4176 | Val Loss: 1.6758 Acc: 0.3869 F1: 0.3689 | Train Meta: Scaleμ:0.9749, Signal|S|μ:7.6173, Delta|S|μ:7.0067, Delta/Signal:91.98%, Gateμ:-0.2038, Gate0%:0.0, MetaNormμ:7.4886 | Val Meta: Scaleμ:0.9749, Signal|S|μ:7.1500, Delta|S|μ:6.5782, Delta/Signal:92.00%, Gateμ:-0.2038, Gate0%:0.0, MetaNormμ:7.4886
Validation Loss decreased (1.681960 --> 1.675827). Saving best model...
Epoch   9/50 | Train Loss: 1.6166 Acc: 0.4358 F1: 0.4290 | Val Loss: 1.6367 Acc: 0.3733 F1: 0.3586 | Train Meta: Scaleμ:0.9749, Signal|S|μ:7.4483, Delta|S|μ:6.8572, Delta/Signal:92.06%, Gateμ:-0.2038, Gate0%:0.0, MetaNormμ:7.4886 | Val Meta: Scaleμ:0.9749, Signal|S|μ:7.1500, Delta|S|μ:6.5782, Delta/Signal:92.00%, Gateμ:-0.2038, Gate0%:0.0, MetaNormμ:7.4886
Validation Loss decreased (1.675827 --> 1.636663). Saving best model...
Epoch  10/50 | Train Loss: 1.5945 Acc: 0.4429 F1: 0.4377 | Val Loss: 1.6295 Acc: 0.4067 F1: 0.3943 | Train Meta: Scaleμ:0.9749, Signal|S|μ:6.8869, Delta|S|μ:6.3388, Delta/Signal:92.04%, Gateμ:-0.2038, Gate0%:0.0, MetaNormμ:7.4886 | Val Meta: Scaleμ:0.9749, Signal|S|μ:7.1500, Delta|S|μ:6.5782, Delta/Signal:92.00%, Gateμ:-0.2038, Gate0%:0.0, MetaNormμ:7.4886
Validation Loss decreased (1.636663 --> 1.629487). Saving best model...
Epoch  11/50 | Train Loss: 1.5723 Acc: 0.4535 F1: 0.4482 | Val Loss: 1.6381 Acc: 0.4143 F1: 0.4055 | Train Meta: Scaleμ:0.9749, Signal|S|μ:7.4417, Delta|S|μ:6.8504, Delta/Signal:92.05%, Gateμ:-0.2038, Gate0%:0.0, MetaNormμ:7.4886 | Val Meta: Scaleμ:0.9749, Signal|S|μ:7.1500, Delta|S|μ:6.5782, Delta/Signal:92.00%, Gateμ:-0.2038, Gate0%:0.0, MetaNormμ:7.4886
Epoch  12/50 | Train Loss: 1.5539 Acc: 0.4602 F1: 0.4541 | Val Loss: 1.5896 Acc: 0.4416 F1: 0.4344 | Train Meta: Scaleμ:0.9749, Signal|S|μ:6.7805, Delta|S|μ:6.2426, Delta/Signal:92.07%, Gateμ:-0.2038, Gate0%:0.0, MetaNormμ:7.4886 | Val Meta: Scaleμ:0.9749, Signal|S|μ:7.1500, Delta|S|μ:6.5782, Delta/Signal:92.00%, Gateμ:-0.2038, Gate0%:0.0, MetaNormμ:7.4886
Validation Loss decreased (1.629487 --> 1.589647). Saving best model...
Epoch  13/50 | Train Loss: 1.5350 Acc: 0.4688 F1: 0.4630 | Val Loss: 1.5700 Acc: 0.4310 F1: 0.4190 | Train Meta: Scaleμ:0.9749, Signal|S|μ:7.0643, Delta|S|μ:6.5064, Delta/Signal:92.10%, Gateμ:-0.2038, Gate0%:0.0, MetaNormμ:7.4886 | Val Meta: Scaleμ:0.9749, Signal|S|μ:7.1500, Delta|S|μ:6.5782, Delta/Signal:92.00%, Gateμ:-0.2038, Gate0%:0.0, MetaNormμ:7.4886
Validation Loss decreased (1.589647 --> 1.569994). Saving best model...
Epoch  14/50 | Train Loss: 1.5190 Acc: 0.4742 F1: 0.4690 | Val Loss: 1.5673 Acc: 0.4537 F1: 0.4325 | Train Meta: Scaleμ:0.9749, Signal|S|μ:7.7052, Delta|S|μ:7.0869, Delta/Signal:91.98%, Gateμ:-0.2038, Gate0%:0.0, MetaNormμ:7.4886 | Val Meta: Scaleμ:0.9749, Signal|S|μ:7.1500, Delta|S|μ:6.5782, Delta/Signal:92.00%, Gateμ:-0.2038, Gate0%:0.0, MetaNormμ:7.4886
Validation Loss decreased (1.569994 --> 1.567301). Saving best model...
Epoch  15/50 | Train Loss: 1.4995 Acc: 0.4850 F1: 0.4804 | Val Loss: 1.5678 Acc: 0.4431 F1: 0.4274 | Train Meta: Scaleμ:0.9749, Signal|S|μ:7.3451, Delta|S|μ:6.7553, Delta/Signal:91.97%, Gateμ:-0.2038, Gate0%:0.0, MetaNormμ:7.4886 | Val Meta: Scaleμ:0.9749, Signal|S|μ:7.1500, Delta|S|μ:6.5782, Delta/Signal:92.00%, Gateμ:-0.2038, Gate0%:0.0, MetaNormμ:7.4886
Epoch  16/50 | Train Loss: 1.4876 Acc: 0.4906 F1: 0.4856 | Val Loss: 1.5298 Acc: 0.4583 F1: 0.4499 | Train Meta: Scaleμ:0.9749, Signal|S|μ:6.9286, Delta|S|μ:6.3735, Delta/Signal:91.99%, Gateμ:-0.2038, Gate0%:0.0, MetaNormμ:7.4886 | Val Meta: Scaleμ:0.9749, Signal|S|μ:7.1500, Delta|S|μ:6.5782, Delta/Signal:92.00%, Gateμ:-0.2038, Gate0%:0.0, MetaNormμ:7.4886
Validation Loss decreased (1.567301 --> 1.529813). Saving best model...
Epoch  17/50 | Train Loss: 1.4728 Acc: 0.4948 F1: 0.4893 | Val Loss: 1.5331 Acc: 0.4704 F1: 0.4679 | Train Meta: Scaleμ:0.9749, Signal|S|μ:6.6371, Delta|S|μ:6.1113, Delta/Signal:92.08%, Gateμ:-0.2038, Gate0%:0.0, MetaNormμ:7.4886 | Val Meta: Scaleμ:0.9749, Signal|S|μ:7.1500, Delta|S|μ:6.5782, Delta/Signal:92.00%, Gateμ:-0.2038, Gate0%:0.0, MetaNormμ:7.4886
Epoch  18/50 | Train Loss: 1.4607 Acc: 0.4993 F1: 0.4946 | Val Loss: 1.4994 Acc: 0.4765 F1: 0.4747 | Train Meta: Scaleμ:0.9749, Signal|S|μ:7.1830, Delta|S|μ:6.6153, Delta/Signal:92.10%, Gateμ:-0.2038, Gate0%:0.0, MetaNormμ:7.4886 | Val Meta: Scaleμ:0.9749, Signal|S|μ:7.1500, Delta|S|μ:6.5782, Delta/Signal:92.00%, Gateμ:-0.2038, Gate0%:0.0, MetaNormμ:7.4886
Validation Loss decreased (1.529813 --> 1.499368). Saving best model...
Epoch  19/50 | Train Loss: 1.4529 Acc: 0.5072 F1: 0.5030 | Val Loss: 1.4843 Acc: 0.4901 F1: 0.4773 | Train Meta: Scaleμ:0.9749, Signal|S|μ:7.3028, Delta|S|μ:6.7199, Delta/Signal:92.02%, Gateμ:-0.2038, Gate0%:0.0, MetaNormμ:7.4886 | Val Meta: Scaleμ:0.9749, Signal|S|μ:7.1500, Delta|S|μ:6.5782, Delta/Signal:92.00%, Gateμ:-0.2038, Gate0%:0.0, MetaNormμ:7.4886
Validation Loss decreased (1.499368 --> 1.484329). Saving best model...
Epoch  20/50 | Train Loss: 1.4354 Acc: 0.5170 F1: 0.5124 | Val Loss: 1.4916 Acc: 0.4886 F1: 0.4772 | Train Meta: Scaleμ:0.9749, Signal|S|μ:7.3870, Delta|S|μ:6.7986, Delta/Signal:92.04%, Gateμ:-0.2038, Gate0%:0.0, MetaNormμ:7.4886 | Val Meta: Scaleμ:0.9749, Signal|S|μ:7.1500, Delta|S|μ:6.5782, Delta/Signal:92.00%, Gateμ:-0.2038, Gate0%:0.0, MetaNormμ:7.4886
Epoch  21/50 | Train Loss: 1.4249 Acc: 0.5192 F1: 0.5141 | Val Loss: 1.4622 Acc: 0.4932 F1: 0.4895 | Train Meta: Scaleμ:0.9749, Signal|S|μ:7.3018, Delta|S|μ:6.7226, Delta/Signal:92.07%, Gateμ:-0.2038, Gate0%:0.0, MetaNormμ:7.4886 | Val Meta: Scaleμ:0.9749, Signal|S|μ:7.1500, Delta|S|μ:6.5782, Delta/Signal:92.00%, Gateμ:-0.2038, Gate0%:0.0, MetaNormμ:7.4886
Validation Loss decreased (1.484329 --> 1.462185). Saving best model...
Epoch  22/50 | Train Loss: 1.4153 Acc: 0.5155 F1: 0.5113 | Val Loss: 1.4841 Acc: 0.4598 F1: 0.4496 | Train Meta: Scaleμ:0.9749, Signal|S|μ:7.3241, Delta|S|μ:6.7362, Delta/Signal:91.97%, Gateμ:-0.2038, Gate0%:0.0, MetaNormμ:7.4886 | Val Meta: Scaleμ:0.9749, Signal|S|μ:7.1500, Delta|S|μ:6.5782, Delta/Signal:92.00%, Gateμ:-0.2038, Gate0%:0.0, MetaNormμ:7.4886
Epoch  23/50 | Train Loss: 1.4048 Acc: 0.5256 F1: 0.5205 | Val Loss: 1.4538 Acc: 0.5114 F1: 0.5044 | Train Meta: Scaleμ:0.9749, Signal|S|μ:7.3335, Delta|S|μ:6.7548, Delta/Signal:92.11%, Gateμ:-0.2038, Gate0%:0.0, MetaNormμ:7.4886 | Val Meta: Scaleμ:0.9749, Signal|S|μ:7.1500, Delta|S|μ:6.5782, Delta/Signal:92.00%, Gateμ:-0.2038, Gate0%:0.0, MetaNormμ:7.4886
Validation Loss decreased (1.462185 --> 1.453828). Saving best model...
Epoch  24/50 | Train Loss: 1.3987 Acc: 0.5330 F1: 0.5294 | Val Loss: 1.4639 Acc: 0.4932 F1: 0.4883 | Train Meta: Scaleμ:0.9749, Signal|S|μ:7.1109, Delta|S|μ:6.5449, Delta/Signal:92.04%, Gateμ:-0.2038, Gate0%:0.0, MetaNormμ:7.4886 | Val Meta: Scaleμ:0.9749, Signal|S|μ:7.1500, Delta|S|μ:6.5782, Delta/Signal:92.00%, Gateμ:-0.2038, Gate0%:0.0, MetaNormμ:7.4886
Epoch  25/50 | Train Loss: 1.3838 Acc: 0.5340 F1: 0.5294 | Val Loss: 1.4495 Acc: 0.4886 F1: 0.4799 | Train Meta: Scaleμ:0.9749, Signal|S|μ:7.1256, Delta|S|μ:6.5564, Delta/Signal:92.01%, Gateμ:-0.2038, Gate0%:0.0, MetaNormμ:7.4886 | Val Meta: Scaleμ:0.9749, Signal|S|μ:7.1500, Delta|S|μ:6.5782, Delta/Signal:92.00%, Gateμ:-0.2038, Gate0%:0.0, MetaNormμ:7.4886
Validation Loss decreased (1.453828 --> 1.449465). Saving best model...
Epoch  26/50 | Train Loss: 1.3721 Acc: 0.5376 F1: 0.5340 | Val Loss: 1.4364 Acc: 0.5114 F1: 0.5077 | Train Meta: Scaleμ:0.9749, Signal|S|μ:6.9798, Delta|S|μ:6.4317, Delta/Signal:92.15%, Gateμ:-0.2038, Gate0%:0.0, MetaNormμ:7.4886 | Val Meta: Scaleμ:0.9749, Signal|S|μ:7.1500, Delta|S|μ:6.5782, Delta/Signal:92.00%, Gateμ:-0.2038, Gate0%:0.0, MetaNormμ:7.4886
Validation Loss decreased (1.449465 --> 1.436389). Saving best model...
Epoch  27/50 | Train Loss: 1.3646 Acc: 0.5423 F1: 0.5385 | Val Loss: 1.4061 Acc: 0.5311 F1: 0.5268 | Train Meta: Scaleμ:0.9749, Signal|S|μ:7.7059, Delta|S|μ:7.0940, Delta/Signal:92.06%, Gateμ:-0.2038, Gate0%:0.0, MetaNormμ:7.4886 | Val Meta: Scaleμ:0.9749, Signal|S|μ:7.1500, Delta|S|μ:6.5782, Delta/Signal:92.00%, Gateμ:-0.2038, Gate0%:0.0, MetaNormμ:7.4886
Validation Loss decreased (1.436389 --> 1.406066). Saving best model...
Epoch  28/50 | Train Loss: 1.3592 Acc: 0.5394 F1: 0.5352 | Val Loss: 1.4068 Acc: 0.5053 F1: 0.4948 | Train Meta: Scaleμ:0.9749, Signal|S|μ:7.2617, Delta|S|μ:6.6838, Delta/Signal:92.04%, Gateμ:-0.2038, Gate0%:0.0, MetaNormμ:7.4886 | Val Meta: Scaleμ:0.9749, Signal|S|μ:7.1500, Delta|S|μ:6.5782, Delta/Signal:92.00%, Gateμ:-0.2038, Gate0%:0.0, MetaNormμ:7.4886
Epoch  29/50 | Train Loss: 1.3508 Acc: 0.5460 F1: 0.5429 | Val Loss: 1.4091 Acc: 0.5008 F1: 0.4993 | Train Meta: Scaleμ:0.9749, Signal|S|μ:7.3002, Delta|S|μ:6.7185, Delta/Signal:92.03%, Gateμ:-0.2038, Gate0%:0.0, MetaNormμ:7.4886 | Val Meta: Scaleμ:0.9749, Signal|S|μ:7.1500, Delta|S|μ:6.5782, Delta/Signal:92.00%, Gateμ:-0.2038, Gate0%:0.0, MetaNormμ:7.4886
Epoch  30/50 | Train Loss: 1.3447 Acc: 0.5554 F1: 0.5513 | Val Loss: 1.3777 Acc: 0.5357 F1: 0.5351 | Train Meta: Scaleμ:0.9749, Signal|S|μ:7.2094, Delta|S|μ:6.6340, Delta/Signal:92.02%, Gateμ:-0.2038, Gate0%:0.0, MetaNormμ:7.4886 | Val Meta: Scaleμ:0.9749, Signal|S|μ:7.1500, Delta|S|μ:6.5782, Delta/Signal:92.00%, Gateμ:-0.2038, Gate0%:0.0, MetaNormμ:7.4886
Validation Loss decreased (1.406066 --> 1.377737). Saving best model...
Epoch  31/50 | Train Loss: 1.3350 Acc: 0.5576 F1: 0.5541 | Val Loss: 1.3858 Acc: 0.5266 F1: 0.5215 | Train Meta: Scaleμ:0.9749, Signal|S|μ:7.2783, Delta|S|μ:6.6950, Delta/Signal:91.99%, Gateμ:-0.2038, Gate0%:0.0, MetaNormμ:7.4886 | Val Meta: Scaleμ:0.9749, Signal|S|μ:7.1500, Delta|S|μ:6.5782, Delta/Signal:92.00%, Gateμ:-0.2038, Gate0%:0.0, MetaNormμ:7.4886
Epoch  32/50 | Train Loss: 1.3303 Acc: 0.5524 F1: 0.5488 | Val Loss: 1.3825 Acc: 0.5281 F1: 0.5210 | Train Meta: Scaleμ:0.9749, Signal|S|μ:7.1037, Delta|S|μ:6.5352, Delta/Signal:92.00%, Gateμ:-0.2038, Gate0%:0.0, MetaNormμ:7.4886 | Val Meta: Scaleμ:0.9749, Signal|S|μ:7.1500, Delta|S|μ:6.5782, Delta/Signal:92.00%, Gateμ:-0.2038, Gate0%:0.0, MetaNormμ:7.4886
Epoch  33/50 | Train Loss: 1.3193 Acc: 0.5615 F1: 0.5581 | Val Loss: 1.3851 Acc: 0.5235 F1: 0.5096 | Train Meta: Scaleμ:0.9749, Signal|S|μ:7.1452, Delta|S|μ:6.5740, Delta/Signal:92.01%, Gateμ:-0.2038, Gate0%:0.0, MetaNormμ:7.4886 | Val Meta: Scaleμ:0.9749, Signal|S|μ:7.1500, Delta|S|μ:6.5782, Delta/Signal:92.00%, Gateμ:-0.2038, Gate0%:0.0, MetaNormμ:7.4886
Epoch  34/50 | Train Loss: 1.3134 Acc: 0.5612 F1: 0.5582 | Val Loss: 1.3930 Acc: 0.5281 F1: 0.5237 | Train Meta: Scaleμ:0.9749, Signal|S|μ:6.9744, Delta|S|μ:6.4214, Delta/Signal:92.07%, Gateμ:-0.2038, Gate0%:0.0, MetaNormμ:7.4886 | Val Meta: Scaleμ:0.9749, Signal|S|μ:7.1500, Delta|S|μ:6.5782, Delta/Signal:92.00%, Gateμ:-0.2038, Gate0%:0.0, MetaNormμ:7.4886
Epoch  35/50 | Train Loss: 1.3092 Acc: 0.5635 F1: 0.5601 | Val Loss: 1.3647 Acc: 0.5508 F1: 0.5472 | Train Meta: Scaleμ:0.9749, Signal|S|μ:6.8855, Delta|S|μ:6.3354, Delta/Signal:92.01%, Gateμ:-0.2038, Gate0%:0.0, MetaNormμ:7.4886 | Val Meta: Scaleμ:0.9749, Signal|S|μ:7.1500, Delta|S|μ:6.5782, Delta/Signal:92.00%, Gateμ:-0.2038, Gate0%:0.0, MetaNormμ:7.4886
Validation Loss decreased (1.377737 --> 1.364690). Saving best model...
Epoch  36/50 | Train Loss: 1.3024 Acc: 0.5667 F1: 0.5634 | Val Loss: 1.3325 Acc: 0.5706 F1: 0.5683 | Train Meta: Scaleμ:0.9749, Signal|S|μ:7.0248, Delta|S|μ:6.4654, Delta/Signal:92.04%, Gateμ:-0.2038, Gate0%:0.0, MetaNormμ:7.4886 | Val Meta: Scaleμ:0.9749, Signal|S|μ:7.1500, Delta|S|μ:6.5782, Delta/Signal:92.00%, Gateμ:-0.2038, Gate0%:0.0, MetaNormμ:7.4886
Validation Loss decreased (1.364690 --> 1.332528). Saving best model...
Epoch  37/50 | Train Loss: 1.2953 Acc: 0.5704 F1: 0.5671 | Val Loss: 1.3559 Acc: 0.5539 F1: 0.5420 | Train Meta: Scaleμ:0.9749, Signal|S|μ:7.2029, Delta|S|μ:6.6290, Delta/Signal:92.03%, Gateμ:-0.2038, Gate0%:0.0, MetaNormμ:7.4886 | Val Meta: Scaleμ:0.9749, Signal|S|μ:7.1500, Delta|S|μ:6.5782, Delta/Signal:92.00%, Gateμ:-0.2038, Gate0%:0.0, MetaNormμ:7.4886
Epoch  38/50 | Train Loss: 1.2907 Acc: 0.5687 F1: 0.5652 | Val Loss: 1.3558 Acc: 0.5402 F1: 0.5357 | Train Meta: Scaleμ:0.9749, Signal|S|μ:7.2291, Delta|S|μ:6.6576, Delta/Signal:92.09%, Gateμ:-0.2038, Gate0%:0.0, MetaNormμ:7.4886 | Val Meta: Scaleμ:0.9749, Signal|S|μ:7.1500, Delta|S|μ:6.5782, Delta/Signal:92.00%, Gateμ:-0.2038, Gate0%:0.0, MetaNormμ:7.4886
Epoch  39/50 | Train Loss: 1.2847 Acc: 0.5740 F1: 0.5703 | Val Loss: 1.3571 Acc: 0.5417 F1: 0.5423 | Train Meta: Scaleμ:0.9749, Signal|S|μ:7.0493, Delta|S|μ:6.4851, Delta/Signal:92.00%, Gateμ:-0.2038, Gate0%:0.0, MetaNormμ:7.4886 | Val Meta: Scaleμ:0.9749, Signal|S|μ:7.1500, Delta|S|μ:6.5782, Delta/Signal:92.00%, Gateμ:-0.2038, Gate0%:0.0, MetaNormμ:7.4886
Epoch  40/50 | Train Loss: 1.2784 Acc: 0.5760 F1: 0.5732 | Val Loss: 1.3825 Acc: 0.5205 F1: 0.5078 | Train Meta: Scaleμ:0.9749, Signal|S|μ:7.0275, Delta|S|μ:6.4643, Delta/Signal:91.99%, Gateμ:-0.2038, Gate0%:0.0, MetaNormμ:7.4886 | Val Meta: Scaleμ:0.9749, Signal|S|μ:7.1500, Delta|S|μ:6.5782, Delta/Signal:92.00%, Gateμ:-0.2038, Gate0%:0.0, MetaNormμ:7.4886
Epoch  41/50 | Train Loss: 1.2735 Acc: 0.5783 F1: 0.5753 | Val Loss: 1.3441 Acc: 0.5584 F1: 0.5514 | Train Meta: Scaleμ:0.9749, Signal|S|μ:7.4752, Delta|S|μ:6.8834, Delta/Signal:92.08%, Gateμ:-0.2038, Gate0%:0.0, MetaNormμ:7.4886 | Val Meta: Scaleμ:0.9749, Signal|S|μ:7.1500, Delta|S|μ:6.5782, Delta/Signal:92.00%, Gateμ:-0.2038, Gate0%:0.0, MetaNormμ:7.4886
Epoch  42/50 | Train Loss: 1.2696 Acc: 0.5841 F1: 0.5808 | Val Loss: 1.3284 Acc: 0.5554 F1: 0.5519 | Train Meta: Scaleμ:0.9749, Signal|S|μ:6.9447, Delta|S|μ:6.3924, Delta/Signal:92.05%, Gateμ:-0.2038, Gate0%:0.0, MetaNormμ:7.4886 | Val Meta: Scaleμ:0.9749, Signal|S|μ:7.1500, Delta|S|μ:6.5782, Delta/Signal:92.00%, Gateμ:-0.2038, Gate0%:0.0, MetaNormμ:7.4886
Validation Loss decreased (1.332528 --> 1.328394). Saving best model...
Epoch  43/50 | Train Loss: 1.2592 Acc: 0.5871 F1: 0.5842 | Val Loss: 1.3299 Acc: 0.5630 F1: 0.5569 | Train Meta: Scaleμ:0.9749, Signal|S|μ:7.3590, Delta|S|μ:6.7646, Delta/Signal:91.92%, Gateμ:-0.2038, Gate0%:0.0, MetaNormμ:7.4886 | Val Meta: Scaleμ:0.9749, Signal|S|μ:7.1500, Delta|S|μ:6.5782, Delta/Signal:92.00%, Gateμ:-0.2038, Gate0%:0.0, MetaNormμ:7.4886
Epoch  44/50 | Train Loss: 1.2604 Acc: 0.5876 F1: 0.5845 | Val Loss: 1.3374 Acc: 0.5524 F1: 0.5427 | Train Meta: Scaleμ:0.9749, Signal|S|μ:7.1205, Delta|S|μ:6.5507, Delta/Signal:92.00%, Gateμ:-0.2038, Gate0%:0.0, MetaNormμ:7.4886 | Val Meta: Scaleμ:0.9749, Signal|S|μ:7.1500, Delta|S|μ:6.5782, Delta/Signal:92.00%, Gateμ:-0.2038, Gate0%:0.0, MetaNormμ:7.4886
Epoch  45/50 | Train Loss: 1.2525 Acc: 0.5868 F1: 0.5837 | Val Loss: 1.3309 Acc: 0.5645 F1: 0.5572 | Train Meta: Scaleμ:0.9749, Signal|S|μ:7.1414, Delta|S|μ:6.5804, Delta/Signal:92.14%, Gateμ:-0.2038, Gate0%:0.0, MetaNormμ:7.4886 | Val Meta: Scaleμ:0.9749, Signal|S|μ:7.1500, Delta|S|μ:6.5782, Delta/Signal:92.00%, Gateμ:-0.2038, Gate0%:0.0, MetaNormμ:7.4886
Epoch  46/50 | Train Loss: 1.2506 Acc: 0.5920 F1: 0.5894 | Val Loss: 1.2966 Acc: 0.5888 F1: 0.5858 | Train Meta: Scaleμ:0.9749, Signal|S|μ:7.0603, Delta|S|μ:6.4983, Delta/Signal:92.04%, Gateμ:-0.2038, Gate0%:0.0, MetaNormμ:7.4886 | Val Meta: Scaleμ:0.9749, Signal|S|μ:7.1500, Delta|S|μ:6.5782, Delta/Signal:92.00%, Gateμ:-0.2038, Gate0%:0.0, MetaNormμ:7.4886
Validation Loss decreased (1.328394 --> 1.296576). Saving best model...
Epoch  47/50 | Train Loss: 1.2488 Acc: 0.5928 F1: 0.5903 | Val Loss: 1.3048 Acc: 0.5690 F1: 0.5574 | Train Meta: Scaleμ:0.9749, Signal|S|μ:6.9245, Delta|S|μ:6.3797, Delta/Signal:92.13%, Gateμ:-0.2038, Gate0%:0.0, MetaNormμ:7.4886 | Val Meta: Scaleμ:0.9749, Signal|S|μ:7.1500, Delta|S|μ:6.5782, Delta/Signal:92.00%, Gateμ:-0.2038, Gate0%:0.0, MetaNormμ:7.4886
Epoch  48/50 | Train Loss: 1.2407 Acc: 0.5964 F1: 0.5935 | Val Loss: 1.3084 Acc: 0.5584 F1: 0.5530 | Train Meta: Scaleμ:0.9749, Signal|S|μ:7.3068, Delta|S|μ:6.7281, Delta/Signal:92.08%, Gateμ:-0.2038, Gate0%:0.0, MetaNormμ:7.4886 | Val Meta: Scaleμ:0.9749, Signal|S|μ:7.1500, Delta|S|μ:6.5782, Delta/Signal:92.00%, Gateμ:-0.2038, Gate0%:0.0, MetaNormμ:7.4886
Epoch  49/50 | Train Loss: 1.2348 Acc: 0.5979 F1: 0.5953 | Val Loss: 1.2996 Acc: 0.5736 F1: 0.5629 | Train Meta: Scaleμ:0.9749, Signal|S|μ:7.2622, Delta|S|μ:6.6840, Delta/Signal:92.04%, Gateμ:-0.2038, Gate0%:0.0, MetaNormμ:7.4886 | Val Meta: Scaleμ:0.9749, Signal|S|μ:7.1500, Delta|S|μ:6.5782, Delta/Signal:92.00%, Gateμ:-0.2038, Gate0%:0.0, MetaNormμ:7.4886
Epoch  50/50 | Train Loss: 1.2305 Acc: 0.5927 F1: 0.5895 | Val Loss: 1.3071 Acc: 0.5281 F1: 0.5253 | Train Meta: Scaleμ:0.9749, Signal|S|μ:7.2555, Delta|S|μ:6.6809, Delta/Signal:92.08%, Gateμ:-0.2038, Gate0%:0.0, MetaNormμ:7.4886 | Val Meta: Scaleμ:0.9749, Signal|S|μ:7.1500, Delta|S|μ:6.5782, Delta/Signal:92.00%, Gateμ:-0.2038, Gate0%:0.0, MetaNormμ:7.4886

Classification Test Result (SpokenArabicDigits)
Accuracy : 0.260573
F1 (macro): 0.246236
Saved attention maps for 3 sample(s) under ./runs/classification_electricity_to_SpokenArabicDigits_laya_metadata_query_gate_text_stats_avg/attention_maps
Text metadata preview | dataset=UWaveGestureLibrary | domain=UEA | channels=3
   - channel_1: In the UEA domain, this channel belongs to the UWaveGestureLibrary dataset and represents the feature channel 1.
   - channel_2: In the UEA domain, this channel belongs to the UWaveGestureLibrary dataset and represents the feature channel 2.
   - ... (1 more channel descriptions)
Stats metadata preview | dataset=UWaveGestureLibrary | domain=UEA | channels=3
   - channel_1: Channel statistics over the training split: mean value is 0.000, standard deviation is 1.000, minimum value is -3.292, maximum value is 3.158, median value is 0.006, and mean absolute value is 0.835.
/data/pjh_workspace/ts-env/lib/python3.8/site-packages/torch/nn/modules/transformer.py:307: UserWarning: enable_nested_tensor is True, but self.use_nested_tensor is False because encoder_layer.norm_first was True
  warnings.warn(f"enable_nested_tensor is True, but self.use_nested_tensor is False because {why_not_sparsity_fast_path}")
==================================================
🚀 Architecture: LAYA
📊 Target Dataset: UWaveGestureLibrary (Channels: 3)
📊 Pretrain Info: electricity
📊 Classes: 8 | Sequence Length: 315
==================================================
✅ Loaded pretrained encoder from ./checkpoints/electricity_laya_metadata_query_gate_text_stats_avg/laya_ts_electricity_s_best.pt
   - 116/116 keys matched.
✅ Encoder is FROZEN (Linear Probing mode).
📝 metadata: mode=text_stats_avg, fusion=none, relation=metadata_query_gate
ℹ️  Metadata Fusion Mode: none
ℹ️  Channel Mixer Relation Mode: metadata_query_gate
ℹ️  Encoder Variant: default
ℹ️  Channel Adapter: disabled for Laya downstream (mixer)
ℹ️  Channel Relation Block: disabled
✅ ClassificationHead: [B, 256] → [B, 8]
Epoch   1/50 | Train Loss: 1.9267 Acc: 0.2083 F1: 0.1530 | Val Loss: 2.3003 Acc: 0.0833 F1: 0.0278 | Train Meta: Scaleμ:0.9749, Signal|S|μ:10.1015, Delta|S|μ:8.9463, Delta/Signal:88.56%, Gateμ:-0.3477, Gate0%:0.0, MetaNormμ:5.7322 | Val Meta: Scaleμ:0.9749, Signal|S|μ:10.1485, Delta|S|μ:9.0048, Delta/Signal:88.73%, Gateμ:-0.3477, Gate0%:0.0, MetaNormμ:5.7322
Validation Loss decreased (inf --> 2.300257). Saving best model...
Epoch   2/50 | Train Loss: 1.8090 Acc: 0.2396 F1: 0.1807 | Val Loss: 2.1840 Acc: 0.1667 F1: 0.0774 | Train Meta: Scaleμ:0.9749, Signal|S|μ:10.1658, Delta|S|μ:9.0088, Delta/Signal:88.62%, Gateμ:-0.3477, Gate0%:0.0, MetaNormμ:5.7322 | Val Meta: Scaleμ:0.9749, Signal|S|μ:10.1485, Delta|S|μ:9.0048, Delta/Signal:88.73%, Gateμ:-0.3477, Gate0%:0.0, MetaNormμ:5.7322
Validation Loss decreased (2.300257 --> 2.184036). Saving best model...
Epoch   3/50 | Train Loss: 1.7660 Acc: 0.2292 F1: 0.1971 | Val Loss: 2.0831 Acc: 0.0833 F1: 0.0357 | Train Meta: Scaleμ:0.9749, Signal|S|μ:9.9357, Delta|S|μ:8.8066, Delta/Signal:88.64%, Gateμ:-0.3477, Gate0%:0.0, MetaNormμ:5.7322 | Val Meta: Scaleμ:0.9749, Signal|S|μ:10.1485, Delta|S|μ:9.0048, Delta/Signal:88.73%, Gateμ:-0.3477, Gate0%:0.0, MetaNormμ:5.7322
Validation Loss decreased (2.184036 --> 2.083114). Saving best model...
Epoch   4/50 | Train Loss: 1.6758 Acc: 0.3229 F1: 0.2750 | Val Loss: 2.0575 Acc: 0.0000 F1: 0.0000 | Train Meta: Scaleμ:0.9749, Signal|S|μ:10.0580, Delta|S|μ:8.9091, Delta/Signal:88.58%, Gateμ:-0.3477, Gate0%:0.0, MetaNormμ:5.7322 | Val Meta: Scaleμ:0.9749, Signal|S|μ:10.1485, Delta|S|μ:9.0048, Delta/Signal:88.73%, Gateμ:-0.3477, Gate0%:0.0, MetaNormμ:5.7322
Validation Loss decreased (2.083114 --> 2.057548). Saving best model...
Epoch   5/50 | Train Loss: 1.6459 Acc: 0.3438 F1: 0.2932 | Val Loss: 2.0835 Acc: 0.0000 F1: 0.0000 | Train Meta: Scaleμ:0.9749, Signal|S|μ:10.1334, Delta|S|μ:8.9769, Delta/Signal:88.59%, Gateμ:-0.3477, Gate0%:0.0, MetaNormμ:5.7322 | Val Meta: Scaleμ:0.9749, Signal|S|μ:10.1485, Delta|S|μ:9.0048, Delta/Signal:88.73%, Gateμ:-0.3477, Gate0%:0.0, MetaNormμ:5.7322
Epoch   6/50 | Train Loss: 1.6255 Acc: 0.2917 F1: 0.2437 | Val Loss: 2.0290 Acc: 0.0000 F1: 0.0000 | Train Meta: Scaleμ:0.9749, Signal|S|μ:10.2904, Delta|S|μ:9.1160, Delta/Signal:88.59%, Gateμ:-0.3477, Gate0%:0.0, MetaNormμ:5.7322 | Val Meta: Scaleμ:0.9749, Signal|S|μ:10.1485, Delta|S|μ:9.0048, Delta/Signal:88.73%, Gateμ:-0.3477, Gate0%:0.0, MetaNormμ:5.7322
Validation Loss decreased (2.057548 --> 2.029039). Saving best model...
Epoch   7/50 | Train Loss: 1.5284 Acc: 0.3854 F1: 0.3614 | Val Loss: 1.9796 Acc: 0.0833 F1: 0.0312 | Train Meta: Scaleμ:0.9749, Signal|S|μ:9.9949, Delta|S|μ:8.8587, Delta/Signal:88.63%, Gateμ:-0.3477, Gate0%:0.0, MetaNormμ:5.7322 | Val Meta: Scaleμ:0.9749, Signal|S|μ:10.1485, Delta|S|μ:9.0048, Delta/Signal:88.73%, Gateμ:-0.3477, Gate0%:0.0, MetaNormμ:5.7322
Validation Loss decreased (2.029039 --> 1.979644). Saving best model...
Epoch   8/50 | Train Loss: 1.5686 Acc: 0.3021 F1: 0.2910 | Val Loss: 1.9508 Acc: 0.1667 F1: 0.1125 | Train Meta: Scaleμ:0.9749, Signal|S|μ:10.1370, Delta|S|μ:8.9863, Delta/Signal:88.65%, Gateμ:-0.3477, Gate0%:0.0, MetaNormμ:5.7322 | Val Meta: Scaleμ:0.9749, Signal|S|μ:10.1485, Delta|S|μ:9.0048, Delta/Signal:88.73%, Gateμ:-0.3477, Gate0%:0.0, MetaNormμ:5.7322
Validation Loss decreased (1.979644 --> 1.950763). Saving best model...
Epoch   9/50 | Train Loss: 1.5430 Acc: 0.3438 F1: 0.3398 | Val Loss: 1.9342 Acc: 0.2500 F1: 0.1357 | Train Meta: Scaleμ:0.9749, Signal|S|μ:10.1168, Delta|S|μ:8.9611, Delta/Signal:88.58%, Gateμ:-0.3477, Gate0%:0.0, MetaNormμ:5.7322 | Val Meta: Scaleμ:0.9749, Signal|S|μ:10.1485, Delta|S|μ:9.0048, Delta/Signal:88.73%, Gateμ:-0.3477, Gate0%:0.0, MetaNormμ:5.7322
Validation Loss decreased (1.950763 --> 1.934233). Saving best model...
Epoch  10/50 | Train Loss: 1.4902 Acc: 0.4271 F1: 0.4023 | Val Loss: 1.9400 Acc: 0.0833 F1: 0.0625 | Train Meta: Scaleμ:0.9749, Signal|S|μ:10.1029, Delta|S|μ:8.9535, Delta/Signal:88.62%, Gateμ:-0.3477, Gate0%:0.0, MetaNormμ:5.7322 | Val Meta: Scaleμ:0.9749, Signal|S|μ:10.1485, Delta|S|μ:9.0048, Delta/Signal:88.73%, Gateμ:-0.3477, Gate0%:0.0, MetaNormμ:5.7322
Epoch  11/50 | Train Loss: 1.4747 Acc: 0.3958 F1: 0.3516 | Val Loss: 1.8971 Acc: 0.0833 F1: 0.0833 | Train Meta: Scaleμ:0.9749, Signal|S|μ:9.9826, Delta|S|μ:8.8541, Delta/Signal:88.70%, Gateμ:-0.3477, Gate0%:0.0, MetaNormμ:5.7322 | Val Meta: Scaleμ:0.9749, Signal|S|μ:10.1485, Delta|S|μ:9.0048, Delta/Signal:88.73%, Gateμ:-0.3477, Gate0%:0.0, MetaNormμ:5.7322
Validation Loss decreased (1.934233 --> 1.897079). Saving best model...
Epoch  12/50 | Train Loss: 1.4577 Acc: 0.3958 F1: 0.3518 | Val Loss: 1.8559 Acc: 0.0833 F1: 0.0833 | Train Meta: Scaleμ:0.9749, Signal|S|μ:10.1022, Delta|S|μ:8.9543, Delta/Signal:88.64%, Gateμ:-0.3477, Gate0%:0.0, MetaNormμ:5.7322 | Val Meta: Scaleμ:0.9749, Signal|S|μ:10.1485, Delta|S|μ:9.0048, Delta/Signal:88.73%, Gateμ:-0.3477, Gate0%:0.0, MetaNormμ:5.7322
Validation Loss decreased (1.897079 --> 1.855907). Saving best model...
Epoch  13/50 | Train Loss: 1.4406 Acc: 0.3958 F1: 0.3712 | Val Loss: 1.8270 Acc: 0.1667 F1: 0.1458 | Train Meta: Scaleμ:0.9749, Signal|S|μ:9.9671, Delta|S|μ:8.8285, Delta/Signal:88.58%, Gateμ:-0.3477, Gate0%:0.0, MetaNormμ:5.7322 | Val Meta: Scaleμ:0.9749, Signal|S|μ:10.1485, Delta|S|μ:9.0048, Delta/Signal:88.73%, Gateμ:-0.3477, Gate0%:0.0, MetaNormμ:5.7322
Validation Loss decreased (1.855907 --> 1.827000). Saving best model...
Epoch  14/50 | Train Loss: 1.4255 Acc: 0.4479 F1: 0.4326 | Val Loss: 1.8167 Acc: 0.1667 F1: 0.1458 | Train Meta: Scaleμ:0.9749, Signal|S|μ:10.1104, Delta|S|μ:8.9544, Delta/Signal:88.57%, Gateμ:-0.3477, Gate0%:0.0, MetaNormμ:5.7322 | Val Meta: Scaleμ:0.9749, Signal|S|μ:10.1485, Delta|S|μ:9.0048, Delta/Signal:88.73%, Gateμ:-0.3477, Gate0%:0.0, MetaNormμ:5.7322
Validation Loss decreased (1.827000 --> 1.816711). Saving best model...
Epoch  15/50 | Train Loss: 1.3789 Acc: 0.4688 F1: 0.4550 | Val Loss: 1.8436 Acc: 0.2500 F1: 0.1958 | Train Meta: Scaleμ:0.9749, Signal|S|μ:10.0315, Delta|S|μ:8.8914, Delta/Signal:88.63%, Gateμ:-0.3477, Gate0%:0.0, MetaNormμ:5.7322 | Val Meta: Scaleμ:0.9749, Signal|S|μ:10.1485, Delta|S|μ:9.0048, Delta/Signal:88.73%, Gateμ:-0.3477, Gate0%:0.0, MetaNormμ:5.7322
Epoch  16/50 | Train Loss: 1.4092 Acc: 0.4583 F1: 0.4452 | Val Loss: 1.7864 Acc: 0.0833 F1: 0.0833 | Train Meta: Scaleμ:0.9749, Signal|S|μ:10.3046, Delta|S|μ:9.1329, Delta/Signal:88.63%, Gateμ:-0.3477, Gate0%:0.0, MetaNormμ:5.7322 | Val Meta: Scaleμ:0.9749, Signal|S|μ:10.1485, Delta|S|μ:9.0048, Delta/Signal:88.73%, Gateμ:-0.3477, Gate0%:0.0, MetaNormμ:5.7322
Validation Loss decreased (1.816711 --> 1.786395). Saving best model...
Epoch  17/50 | Train Loss: 1.3345 Acc: 0.4688 F1: 0.4458 | Val Loss: 1.7824 Acc: 0.0833 F1: 0.0833 | Train Meta: Scaleμ:0.9749, Signal|S|μ:10.1369, Delta|S|μ:8.9857, Delta/Signal:88.64%, Gateμ:-0.3477, Gate0%:0.0, MetaNormμ:5.7322 | Val Meta: Scaleμ:0.9749, Signal|S|μ:10.1485, Delta|S|μ:9.0048, Delta/Signal:88.73%, Gateμ:-0.3477, Gate0%:0.0, MetaNormμ:5.7322
Validation Loss decreased (1.786395 --> 1.782350). Saving best model...
Epoch  18/50 | Train Loss: 1.3587 Acc: 0.5208 F1: 0.4868 | Val Loss: 1.7792 Acc: 0.1667 F1: 0.1458 | Train Meta: Scaleμ:0.9749, Signal|S|μ:10.0095, Delta|S|μ:8.8604, Delta/Signal:88.52%, Gateμ:-0.3477, Gate0%:0.0, MetaNormμ:5.7322 | Val Meta: Scaleμ:0.9749, Signal|S|μ:10.1485, Delta|S|μ:9.0048, Delta/Signal:88.73%, Gateμ:-0.3477, Gate0%:0.0, MetaNormμ:5.7322
Validation Loss decreased (1.782350 --> 1.779176). Saving best model...
Epoch  19/50 | Train Loss: 1.3831 Acc: 0.4583 F1: 0.4230 | Val Loss: 1.7736 Acc: 0.1667 F1: 0.1458 | Train Meta: Scaleμ:0.9749, Signal|S|μ:9.9540, Delta|S|μ:8.8172, Delta/Signal:88.58%, Gateμ:-0.3477, Gate0%:0.0, MetaNormμ:5.7322 | Val Meta: Scaleμ:0.9749, Signal|S|μ:10.1485, Delta|S|μ:9.0048, Delta/Signal:88.73%, Gateμ:-0.3477, Gate0%:0.0, MetaNormμ:5.7322
Validation Loss decreased (1.779176 --> 1.773597). Saving best model...
Epoch  20/50 | Train Loss: 1.3162 Acc: 0.5104 F1: 0.4779 | Val Loss: 1.8231 Acc: 0.0833 F1: 0.0833 | Train Meta: Scaleμ:0.9749, Signal|S|μ:10.1752, Delta|S|μ:9.0208, Delta/Signal:88.65%, Gateμ:-0.3477, Gate0%:0.0, MetaNormμ:5.7322 | Val Meta: Scaleμ:0.9749, Signal|S|μ:10.1485, Delta|S|μ:9.0048, Delta/Signal:88.73%, Gateμ:-0.3477, Gate0%:0.0, MetaNormμ:5.7322
Epoch  21/50 | Train Loss: 1.3300 Acc: 0.4896 F1: 0.4709 | Val Loss: 1.8066 Acc: 0.1667 F1: 0.1667 | Train Meta: Scaleμ:0.9749, Signal|S|μ:9.8392, Delta|S|μ:8.7133, Delta/Signal:88.56%, Gateμ:-0.3477, Gate0%:0.0, MetaNormμ:5.7322 | Val Meta: Scaleμ:0.9749, Signal|S|μ:10.1485, Delta|S|μ:9.0048, Delta/Signal:88.73%, Gateμ:-0.3477, Gate0%:0.0, MetaNormμ:5.7322
Epoch  22/50 | Train Loss: 1.3250 Acc: 0.4792 F1: 0.4487 | Val Loss: 1.7834 Acc: 0.0833 F1: 0.0833 | Train Meta: Scaleμ:0.9749, Signal|S|μ:9.9283, Delta|S|μ:8.7979, Delta/Signal:88.61%, Gateμ:-0.3477, Gate0%:0.0, MetaNormμ:5.7322 | Val Meta: Scaleμ:0.9749, Signal|S|μ:10.1485, Delta|S|μ:9.0048, Delta/Signal:88.73%, Gateμ:-0.3477, Gate0%:0.0, MetaNormμ:5.7322
Epoch  23/50 | Train Loss: 1.2869 Acc: 0.5521 F1: 0.5329 | Val Loss: 1.6980 Acc: 0.0833 F1: 0.0833 | Train Meta: Scaleμ:0.9749, Signal|S|μ:10.0853, Delta|S|μ:8.9380, Delta/Signal:88.62%, Gateμ:-0.3477, Gate0%:0.0, MetaNormμ:5.7322 | Val Meta: Scaleμ:0.9749, Signal|S|μ:10.1485, Delta|S|μ:9.0048, Delta/Signal:88.73%, Gateμ:-0.3477, Gate0%:0.0, MetaNormμ:5.7322
Validation Loss decreased (1.773597 --> 1.698020). Saving best model...
Epoch  24/50 | Train Loss: 1.3107 Acc: 0.5104 F1: 0.4854 | Val Loss: 1.6614 Acc: 0.1667 F1: 0.1667 | Train Meta: Scaleμ:0.9749, Signal|S|μ:10.0809, Delta|S|μ:8.9367, Delta/Signal:88.65%, Gateμ:-0.3477, Gate0%:0.0, MetaNormμ:5.7322 | Val Meta: Scaleμ:0.9749, Signal|S|μ:10.1485, Delta|S|μ:9.0048, Delta/Signal:88.73%, Gateμ:-0.3477, Gate0%:0.0, MetaNormμ:5.7322
Validation Loss decreased (1.698020 --> 1.661381). Saving best model...
Epoch  25/50 | Train Loss: 1.2892 Acc: 0.4792 F1: 0.4517 | Val Loss: 1.7056 Acc: 0.1667 F1: 0.1667 | Train Meta: Scaleμ:0.9749, Signal|S|μ:10.1080, Delta|S|μ:8.9546, Delta/Signal:88.59%, Gateμ:-0.3477, Gate0%:0.0, MetaNormμ:5.7322 | Val Meta: Scaleμ:0.9749, Signal|S|μ:10.1485, Delta|S|μ:9.0048, Delta/Signal:88.73%, Gateμ:-0.3477, Gate0%:0.0, MetaNormμ:5.7322
Epoch  26/50 | Train Loss: 1.2807 Acc: 0.5000 F1: 0.4623 | Val Loss: 1.7624 Acc: 0.2500 F1: 0.2292 | Train Meta: Scaleμ:0.9749, Signal|S|μ:10.2060, Delta|S|μ:9.0438, Delta/Signal:88.61%, Gateμ:-0.3477, Gate0%:0.0, MetaNormμ:5.7322 | Val Meta: Scaleμ:0.9749, Signal|S|μ:10.1485, Delta|S|μ:9.0048, Delta/Signal:88.73%, Gateμ:-0.3477, Gate0%:0.0, MetaNormμ:5.7322
Epoch  27/50 | Train Loss: 1.2695 Acc: 0.5208 F1: 0.4962 | Val Loss: 1.7398 Acc: 0.1667 F1: 0.1667 | Train Meta: Scaleμ:0.9749, Signal|S|μ:10.1154, Delta|S|μ:8.9610, Delta/Signal:88.59%, Gateμ:-0.3477, Gate0%:0.0, MetaNormμ:5.7322 | Val Meta: Scaleμ:0.9749, Signal|S|μ:10.1485, Delta|S|μ:9.0048, Delta/Signal:88.73%, Gateμ:-0.3477, Gate0%:0.0, MetaNormμ:5.7322
Epoch  28/50 | Train Loss: 1.2434 Acc: 0.5417 F1: 0.5206 | Val Loss: 1.7426 Acc: 0.1667 F1: 0.1667 | Train Meta: Scaleμ:0.9749, Signal|S|μ:9.8935, Delta|S|μ:8.7683, Delta/Signal:88.63%, Gateμ:-0.3477, Gate0%:0.0, MetaNormμ:5.7322 | Val Meta: Scaleμ:0.9749, Signal|S|μ:10.1485, Delta|S|μ:9.0048, Delta/Signal:88.73%, Gateμ:-0.3477, Gate0%:0.0, MetaNormμ:5.7322
Epoch  29/50 | Train Loss: 1.2208 Acc: 0.5208 F1: 0.4954 | Val Loss: 1.7389 Acc: 0.0833 F1: 0.0833 | Train Meta: Scaleμ:0.9749, Signal|S|μ:10.0244, Delta|S|μ:8.8869, Delta/Signal:88.65%, Gateμ:-0.3477, Gate0%:0.0, MetaNormμ:5.7322 | Val Meta: Scaleμ:0.9749, Signal|S|μ:10.1485, Delta|S|μ:9.0048, Delta/Signal:88.73%, Gateμ:-0.3477, Gate0%:0.0, MetaNormμ:5.7322
Epoch  30/50 | Train Loss: 1.2617 Acc: 0.5312 F1: 0.5001 | Val Loss: 1.7079 Acc: 0.2500 F1: 0.2292 | Train Meta: Scaleμ:0.9749, Signal|S|μ:10.1259, Delta|S|μ:8.9750, Delta/Signal:88.63%, Gateμ:-0.3477, Gate0%:0.0, MetaNormμ:5.7322 | Val Meta: Scaleμ:0.9749, Signal|S|μ:10.1485, Delta|S|μ:9.0048, Delta/Signal:88.73%, Gateμ:-0.3477, Gate0%:0.0, MetaNormμ:5.7322
Epoch  31/50 | Train Loss: 1.2012 Acc: 0.5729 F1: 0.5489 | Val Loss: 1.7378 Acc: 0.1667 F1: 0.1667 | Train Meta: Scaleμ:0.9749, Signal|S|μ:9.9750, Delta|S|μ:8.8418, Delta/Signal:88.64%, Gateμ:-0.3477, Gate0%:0.0, MetaNormμ:5.7322 | Val Meta: Scaleμ:0.9749, Signal|S|μ:10.1485, Delta|S|μ:9.0048, Delta/Signal:88.73%, Gateμ:-0.3477, Gate0%:0.0, MetaNormμ:5.7322
Epoch  32/50 | Train Loss: 1.2624 Acc: 0.4896 F1: 0.4749 | Val Loss: 1.7451 Acc: 0.1667 F1: 0.1667 | Train Meta: Scaleμ:0.9749, Signal|S|μ:10.1576, Delta|S|μ:9.0007, Delta/Signal:88.61%, Gateμ:-0.3477, Gate0%:0.0, MetaNormμ:5.7322 | Val Meta: Scaleμ:0.9749, Signal|S|μ:10.1485, Delta|S|μ:9.0048, Delta/Signal:88.73%, Gateμ:-0.3477, Gate0%:0.0, MetaNormμ:5.7322
Epoch  33/50 | Train Loss: 1.2045 Acc: 0.5625 F1: 0.5479 | Val Loss: 1.7172 Acc: 0.1667 F1: 0.1667 | Train Meta: Scaleμ:0.9749, Signal|S|μ:10.2098, Delta|S|μ:9.0490, Delta/Signal:88.63%, Gateμ:-0.3477, Gate0%:0.0, MetaNormμ:5.7322 | Val Meta: Scaleμ:0.9749, Signal|S|μ:10.1485, Delta|S|μ:9.0048, Delta/Signal:88.73%, Gateμ:-0.3477, Gate0%:0.0, MetaNormμ:5.7322
Epoch  34/50 | Train Loss: 1.2183 Acc: 0.5312 F1: 0.5139 | Val Loss: 1.7449 Acc: 0.1667 F1: 0.1667 | Train Meta: Scaleμ:0.9749, Signal|S|μ:9.9771, Delta|S|μ:8.8474, Delta/Signal:88.68%, Gateμ:-0.3477, Gate0%:0.0, MetaNormμ:5.7322 | Val Meta: Scaleμ:0.9749, Signal|S|μ:10.1485, Delta|S|μ:9.0048, Delta/Signal:88.73%, Gateμ:-0.3477, Gate0%:0.0, MetaNormμ:5.7322
Epoch  35/50 | Train Loss: 1.2244 Acc: 0.5521 F1: 0.5393 | Val Loss: 1.7421 Acc: 0.1667 F1: 0.1667 | Train Meta: Scaleμ:0.9749, Signal|S|μ:9.9747, Delta|S|μ:8.8396, Delta/Signal:88.62%, Gateμ:-0.3477, Gate0%:0.0, MetaNormμ:5.7322 | Val Meta: Scaleμ:0.9749, Signal|S|μ:10.1485, Delta|S|μ:9.0048, Delta/Signal:88.73%, Gateμ:-0.3477, Gate0%:0.0, MetaNormμ:5.7322
Epoch  36/50 | Train Loss: 1.2021 Acc: 0.5104 F1: 0.4928 | Val Loss: 1.7017 Acc: 0.1667 F1: 0.1667 | Train Meta: Scaleμ:0.9749, Signal|S|μ:10.0039, Delta|S|μ:8.8730, Delta/Signal:88.70%, Gateμ:-0.3477, Gate0%:0.0, MetaNormμ:5.7322 | Val Meta: Scaleμ:0.9749, Signal|S|μ:10.1485, Delta|S|μ:9.0048, Delta/Signal:88.73%, Gateμ:-0.3477, Gate0%:0.0, MetaNormμ:5.7322
Epoch  37/50 | Train Loss: 1.1594 Acc: 0.5312 F1: 0.5232 | Val Loss: 1.6792 Acc: 0.1667 F1: 0.1667 | Train Meta: Scaleμ:0.9749, Signal|S|μ:10.1090, Delta|S|μ:8.9678, Delta/Signal:88.71%, Gateμ:-0.3477, Gate0%:0.0, MetaNormμ:5.7322 | Val Meta: Scaleμ:0.9749, Signal|S|μ:10.1485, Delta|S|μ:9.0048, Delta/Signal:88.73%, Gateμ:-0.3477, Gate0%:0.0, MetaNormμ:5.7322
Epoch  38/50 | Train Loss: 1.1768 Acc: 0.5208 F1: 0.5011 | Val Loss: 1.6888 Acc: 0.1667 F1: 0.1667 | Train Meta: Scaleμ:0.9749, Signal|S|μ:9.8734, Delta|S|μ:8.7483, Delta/Signal:88.61%, Gateμ:-0.3477, Gate0%:0.0, MetaNormμ:5.7322 | Val Meta: Scaleμ:0.9749, Signal|S|μ:10.1485, Delta|S|μ:9.0048, Delta/Signal:88.73%, Gateμ:-0.3477, Gate0%:0.0, MetaNormμ:5.7322
Epoch  39/50 | Train Loss: 1.1983 Acc: 0.5417 F1: 0.5327 | Val Loss: 1.7154 Acc: 0.2500 F1: 0.2292 | Train Meta: Scaleμ:0.9749, Signal|S|μ:9.9707, Delta|S|μ:8.8352, Delta/Signal:88.61%, Gateμ:-0.3477, Gate0%:0.0, MetaNormμ:5.7322 | Val Meta: Scaleμ:0.9749, Signal|S|μ:10.1485, Delta|S|μ:9.0048, Delta/Signal:88.73%, Gateμ:-0.3477, Gate0%:0.0, MetaNormμ:5.7322
Epoch  40/50 | Train Loss: 1.1750 Acc: 0.5417 F1: 0.5273 | Val Loss: 1.7326 Acc: 0.2500 F1: 0.2292 | Train Meta: Scaleμ:0.9749, Signal|S|μ:10.3220, Delta|S|μ:9.1509, Delta/Signal:88.65%, Gateμ:-0.3477, Gate0%:0.0, MetaNormμ:5.7322 | Val Meta: Scaleμ:0.9749, Signal|S|μ:10.1485, Delta|S|μ:9.0048, Delta/Signal:88.73%, Gateμ:-0.3477, Gate0%:0.0, MetaNormμ:5.7322
Epoch  41/50 | Train Loss: 1.1621 Acc: 0.5521 F1: 0.5417 | Val Loss: 1.6934 Acc: 0.1667 F1: 0.1667 | Train Meta: Scaleμ:0.9749, Signal|S|μ:10.0839, Delta|S|μ:8.9332, Delta/Signal:88.59%, Gateμ:-0.3477, Gate0%:0.0, MetaNormμ:5.7322 | Val Meta: Scaleμ:0.9749, Signal|S|μ:10.1485, Delta|S|μ:9.0048, Delta/Signal:88.73%, Gateμ:-0.3477, Gate0%:0.0, MetaNormμ:5.7322
Epoch  42/50 | Train Loss: 1.1275 Acc: 0.5729 F1: 0.5621 | Val Loss: 1.6463 Acc: 0.1667 F1: 0.1667 | Train Meta: Scaleμ:0.9749, Signal|S|μ:10.1313, Delta|S|μ:8.9766, Delta/Signal:88.60%, Gateμ:-0.3477, Gate0%:0.0, MetaNormμ:5.7322 | Val Meta: Scaleμ:0.9749, Signal|S|μ:10.1485, Delta|S|μ:9.0048, Delta/Signal:88.73%, Gateμ:-0.3477, Gate0%:0.0, MetaNormμ:5.7322
Validation Loss decreased (1.661381 --> 1.646283). Saving best model...
Epoch  43/50 | Train Loss: 1.1354 Acc: 0.5417 F1: 0.5190 | Val Loss: 1.6884 Acc: 0.1667 F1: 0.1667 | Train Meta: Scaleμ:0.9749, Signal|S|μ:10.1026, Delta|S|μ:8.9555, Delta/Signal:88.65%, Gateμ:-0.3477, Gate0%:0.0, MetaNormμ:5.7322 | Val Meta: Scaleμ:0.9749, Signal|S|μ:10.1485, Delta|S|μ:9.0048, Delta/Signal:88.73%, Gateμ:-0.3477, Gate0%:0.0, MetaNormμ:5.7322
Epoch  44/50 | Train Loss: 1.1496 Acc: 0.5729 F1: 0.5396 | Val Loss: 1.7130 Acc: 0.1667 F1: 0.1667 | Train Meta: Scaleμ:0.9749, Signal|S|μ:9.8566, Delta|S|μ:8.7293, Delta/Signal:88.56%, Gateμ:-0.3477, Gate0%:0.0, MetaNormμ:5.7322 | Val Meta: Scaleμ:0.9749, Signal|S|μ:10.1485, Delta|S|μ:9.0048, Delta/Signal:88.73%, Gateμ:-0.3477, Gate0%:0.0, MetaNormμ:5.7322
Epoch  45/50 | Train Loss: 1.1452 Acc: 0.5417 F1: 0.5132 | Val Loss: 1.7085 Acc: 0.2500 F1: 0.2167 | Train Meta: Scaleμ:0.9749, Signal|S|μ:10.0634, Delta|S|μ:8.9268, Delta/Signal:88.71%, Gateμ:-0.3477, Gate0%:0.0, MetaNormμ:5.7322 | Val Meta: Scaleμ:0.9749, Signal|S|μ:10.1485, Delta|S|μ:9.0048, Delta/Signal:88.73%, Gateμ:-0.3477, Gate0%:0.0, MetaNormμ:5.7322
Epoch  46/50 | Train Loss: 1.1099 Acc: 0.5938 F1: 0.5740 | Val Loss: 1.6980 Acc: 0.2500 F1: 0.2167 | Train Meta: Scaleμ:0.9749, Signal|S|μ:10.0902, Delta|S|μ:8.9347, Delta/Signal:88.55%, Gateμ:-0.3477, Gate0%:0.0, MetaNormμ:5.7322 | Val Meta: Scaleμ:0.9749, Signal|S|μ:10.1485, Delta|S|μ:9.0048, Delta/Signal:88.73%, Gateμ:-0.3477, Gate0%:0.0, MetaNormμ:5.7322
Epoch  47/50 | Train Loss: 1.1174 Acc: 0.5625 F1: 0.5496 | Val Loss: 1.6750 Acc: 0.2500 F1: 0.2167 | Train Meta: Scaleμ:0.9749, Signal|S|μ:10.1529, Delta|S|μ:9.0020, Delta/Signal:88.66%, Gateμ:-0.3477, Gate0%:0.0, MetaNormμ:5.7322 | Val Meta: Scaleμ:0.9749, Signal|S|μ:10.1485, Delta|S|μ:9.0048, Delta/Signal:88.73%, Gateμ:-0.3477, Gate0%:0.0, MetaNormμ:5.7322
Epoch  48/50 | Train Loss: 1.0939 Acc: 0.5521 F1: 0.5400 | Val Loss: 1.6518 Acc: 0.2500 F1: 0.2500 | Train Meta: Scaleμ:0.9749, Signal|S|μ:9.8826, Delta|S|μ:8.7618, Delta/Signal:88.66%, Gateμ:-0.3477, Gate0%:0.0, MetaNormμ:5.7322 | Val Meta: Scaleμ:0.9749, Signal|S|μ:10.1485, Delta|S|μ:9.0048, Delta/Signal:88.73%, Gateμ:-0.3477, Gate0%:0.0, MetaNormμ:5.7322
Epoch  49/50 | Train Loss: 1.1208 Acc: 0.5938 F1: 0.5758 | Val Loss: 1.6877 Acc: 0.1667 F1: 0.1667 | Train Meta: Scaleμ:0.9749, Signal|S|μ:9.6962, Delta|S|μ:8.5997, Delta/Signal:88.69%, Gateμ:-0.3477, Gate0%:0.0, MetaNormμ:5.7322 | Val Meta: Scaleμ:0.9749, Signal|S|μ:10.1485, Delta|S|μ:9.0048, Delta/Signal:88.73%, Gateμ:-0.3477, Gate0%:0.0, MetaNormμ:5.7322
Epoch  50/50 | Train Loss: 1.1109 Acc: 0.5521 F1: 0.5344 | Val Loss: 1.6896 Acc: 0.1667 F1: 0.1667 | Train Meta: Scaleμ:0.9749, Signal|S|μ:9.9824, Delta|S|μ:8.8478, Delta/Signal:88.63%, Gateμ:-0.3477, Gate0%:0.0, MetaNormμ:5.7322 | Val Meta: Scaleμ:0.9749, Signal|S|μ:10.1485, Delta|S|μ:9.0048, Delta/Signal:88.73%, Gateμ:-0.3477, Gate0%:0.0, MetaNormμ:5.7322

Classification Test Result (UWaveGestureLibrary)
Accuracy : 0.303125
F1 (macro): 0.301229
Saved attention maps for 3 sample(s) under ./runs/classification_electricity_to_UWaveGestureLibrary_laya_metadata_query_gate_text_stats_avg/attention_maps
Text metadata preview | dataset=ECG200 | domain=UCR | channels=1
   - channel_1: In the UCR domain, this channel belongs to the ECG200 dataset and represents the feature channel 1.
Stats metadata preview | dataset=ECG200 | domain=UCR | channels=1
   - channel_1: Channel statistics over the training split: mean value is -0.000, standard deviation is 1.000, minimum value is -2.631, maximum value is 4.221, median value is 0.226, and mean absolute value is 0.785.
/data/pjh_workspace/ts-env/lib/python3.8/site-packages/torch/nn/modules/transformer.py:307: UserWarning: enable_nested_tensor is True, but self.use_nested_tensor is False because encoder_layer.norm_first was True
  warnings.warn(f"enable_nested_tensor is True, but self.use_nested_tensor is False because {why_not_sparsity_fast_path}")
==================================================
🚀 Architecture: LAYA
📊 Target Dataset: ECG200 (Channels: 1)
📊 Pretrain Info: electricity
📊 Classes: 2 | Sequence Length: 96
==================================================
✅ Loaded pretrained encoder from ./checkpoints/electricity_laya_metadata_query_gate_text_stats_avg/laya_ts_electricity_s_best.pt
   - 116/116 keys matched.
✅ Encoder is FROZEN (Linear Probing mode).
📝 metadata: mode=text_stats_avg, fusion=none, relation=metadata_query_gate
ℹ️  Metadata Fusion Mode: none
ℹ️  Channel Mixer Relation Mode: metadata_query_gate
ℹ️  Encoder Variant: default
ℹ️  Channel Adapter: disabled for Laya downstream (mixer)
ℹ️  Channel Relation Block: disabled
✅ ClassificationHead: [B, 256] → [B, 2]
Epoch   1/50 | Train Loss: 0.6296 Acc: 0.6750 F1: 0.5667 | Val Loss: 0.7613 Acc: 0.6000 F1: 0.3750 | Train Meta: Scaleμ:0.9749, Signal|S|μ:8.4396, Delta|S|μ:7.7321, Delta/Signal:91.62%, Gateμ:-0.1736, Gate0%:0.0, MetaNormμ:6.7489 | Val Meta: Scaleμ:0.9749, Signal|S|μ:8.9301, Delta|S|μ:8.1849, Delta/Signal:91.66%, Gateμ:-0.1736, Gate0%:0.0, MetaNormμ:6.7489
Validation Loss decreased (inf --> 0.761302). Saving best model...
Epoch   2/50 | Train Loss: 0.5042 Acc: 0.7250 F1: 0.4608 | Val Loss: 0.7166 Acc: 0.6000 F1: 0.3750 | Train Meta: Scaleμ:0.9749, Signal|S|μ:8.2693, Delta|S|μ:7.5748, Delta/Signal:91.60%, Gateμ:-0.1736, Gate0%:0.0, MetaNormμ:6.7489 | Val Meta: Scaleμ:0.9749, Signal|S|μ:8.9301, Delta|S|μ:8.1849, Delta/Signal:91.66%, Gateμ:-0.1736, Gate0%:0.0, MetaNormμ:6.7489
Validation Loss decreased (0.761302 --> 0.716582). Saving best model...
Epoch   3/50 | Train Loss: 0.4629 Acc: 0.7125 F1: 0.4161 | Val Loss: 0.6438 Acc: 0.6000 F1: 0.3750 | Train Meta: Scaleμ:0.9749, Signal|S|μ:8.3773, Delta|S|μ:7.6800, Delta/Signal:91.68%, Gateμ:-0.1736, Gate0%:0.0, MetaNormμ:6.7489 | Val Meta: Scaleμ:0.9749, Signal|S|μ:8.9301, Delta|S|μ:8.1849, Delta/Signal:91.66%, Gateμ:-0.1736, Gate0%:0.0, MetaNormμ:6.7489
Validation Loss decreased (0.716582 --> 0.643770). Saving best model...
Epoch   4/50 | Train Loss: 0.4102 Acc: 0.7250 F1: 0.5487 | Val Loss: 0.6392 Acc: 0.7000 F1: 0.6000 | Train Meta: Scaleμ:0.9749, Signal|S|μ:8.4666, Delta|S|μ:7.7565, Delta/Signal:91.61%, Gateμ:-0.1736, Gate0%:0.0, MetaNormμ:6.7489 | Val Meta: Scaleμ:0.9749, Signal|S|μ:8.9301, Delta|S|μ:8.1849, Delta/Signal:91.66%, Gateμ:-0.1736, Gate0%:0.0, MetaNormμ:6.7489
Validation Loss decreased (0.643770 --> 0.639182). Saving best model...
Epoch   5/50 | Train Loss: 0.4314 Acc: 0.7250 F1: 0.6726 | Val Loss: 0.6615 Acc: 0.5000 F1: 0.4505 | Train Meta: Scaleμ:0.9749, Signal|S|μ:8.5997, Delta|S|μ:7.8786, Delta/Signal:91.61%, Gateμ:-0.1736, Gate0%:0.0, MetaNormμ:6.7489 | Val Meta: Scaleμ:0.9749, Signal|S|μ:8.9301, Delta|S|μ:8.1849, Delta/Signal:91.66%, Gateμ:-0.1736, Gate0%:0.0, MetaNormμ:6.7489
Epoch   6/50 | Train Loss: 0.3875 Acc: 0.7625 F1: 0.6979 | Val Loss: 0.6801 Acc: 0.5000 F1: 0.4505 | Train Meta: Scaleμ:0.9749, Signal|S|μ:8.6073, Delta|S|μ:7.8880, Delta/Signal:91.64%, Gateμ:-0.1736, Gate0%:0.0, MetaNormμ:6.7489 | Val Meta: Scaleμ:0.9749, Signal|S|μ:8.9301, Delta|S|μ:8.1849, Delta/Signal:91.66%, Gateμ:-0.1736, Gate0%:0.0, MetaNormμ:6.7489
Epoch   7/50 | Train Loss: 0.4051 Acc: 0.7750 F1: 0.7382 | Val Loss: 0.6993 Acc: 0.5000 F1: 0.4505 | Train Meta: Scaleμ:0.9749, Signal|S|μ:8.3640, Delta|S|μ:7.6619, Delta/Signal:91.61%, Gateμ:-0.1736, Gate0%:0.0, MetaNormμ:6.7489 | Val Meta: Scaleμ:0.9749, Signal|S|μ:8.9301, Delta|S|μ:8.1849, Delta/Signal:91.66%, Gateμ:-0.1736, Gate0%:0.0, MetaNormμ:6.7489
Epoch   8/50 | Train Loss: 0.3903 Acc: 0.8000 F1: 0.7619 | Val Loss: 0.7213 Acc: 0.5000 F1: 0.4505 | Train Meta: Scaleμ:0.9749, Signal|S|μ:8.5185, Delta|S|μ:7.7986, Delta/Signal:91.55%, Gateμ:-0.1736, Gate0%:0.0, MetaNormμ:6.7489 | Val Meta: Scaleμ:0.9749, Signal|S|μ:8.9301, Delta|S|μ:8.1849, Delta/Signal:91.66%, Gateμ:-0.1736, Gate0%:0.0, MetaNormμ:6.7489
Epoch   9/50 | Train Loss: 0.3549 Acc: 0.8000 F1: 0.7239 | Val Loss: 0.7595 Acc: 0.5000 F1: 0.4505 | Train Meta: Scaleμ:0.9749, Signal|S|μ:8.2922, Delta|S|μ:7.6013, Delta/Signal:91.67%, Gateμ:-0.1736, Gate0%:0.0, MetaNormμ:6.7489 | Val Meta: Scaleμ:0.9749, Signal|S|μ:8.9301, Delta|S|μ:8.1849, Delta/Signal:91.66%, Gateμ:-0.1736, Gate0%:0.0, MetaNormμ:6.7489
Epoch  10/50 | Train Loss: 0.3706 Acc: 0.7625 F1: 0.6526 | Val Loss: 0.7828 Acc: 0.5000 F1: 0.4505 | Train Meta: Scaleμ:0.9749, Signal|S|μ:8.4476, Delta|S|μ:7.7369, Delta/Signal:91.59%, Gateμ:-0.1736, Gate0%:0.0, MetaNormμ:6.7489 | Val Meta: Scaleμ:0.9749, Signal|S|μ:8.9301, Delta|S|μ:8.1849, Delta/Signal:91.66%, Gateμ:-0.1736, Gate0%:0.0, MetaNormμ:6.7489
Epoch  11/50 | Train Loss: 0.3657 Acc: 0.7625 F1: 0.6199 | Val Loss: 0.7802 Acc: 0.5000 F1: 0.4505 | Train Meta: Scaleμ:0.9749, Signal|S|μ:8.1682, Delta|S|μ:7.4826, Delta/Signal:91.61%, Gateμ:-0.1736, Gate0%:0.0, MetaNormμ:6.7489 | Val Meta: Scaleμ:0.9749, Signal|S|μ:8.9301, Delta|S|μ:8.1849, Delta/Signal:91.66%, Gateμ:-0.1736, Gate0%:0.0, MetaNormμ:6.7489
Epoch  12/50 | Train Loss: 0.3795 Acc: 0.7000 F1: 0.6000 | Val Loss: 0.7738 Acc: 0.5000 F1: 0.4505 | Train Meta: Scaleμ:0.9749, Signal|S|μ:8.4572, Delta|S|μ:7.7466, Delta/Signal:91.60%, Gateμ:-0.1736, Gate0%:0.0, MetaNormμ:6.7489 | Val Meta: Scaleμ:0.9749, Signal|S|μ:8.9301, Delta|S|μ:8.1849, Delta/Signal:91.66%, Gateμ:-0.1736, Gate0%:0.0, MetaNormμ:6.7489
Epoch  13/50 | Train Loss: 0.3586 Acc: 0.8125 F1: 0.7681 | Val Loss: 0.7656 Acc: 0.5000 F1: 0.4505 | Train Meta: Scaleμ:0.9749, Signal|S|μ:8.4713, Delta|S|μ:7.7633, Delta/Signal:91.64%, Gateμ:-0.1736, Gate0%:0.0, MetaNormμ:6.7489 | Val Meta: Scaleμ:0.9749, Signal|S|μ:8.9301, Delta|S|μ:8.1849, Delta/Signal:91.66%, Gateμ:-0.1736, Gate0%:0.0, MetaNormμ:6.7489
Epoch  14/50 | Train Loss: 0.3668 Acc: 0.7750 F1: 0.7254 | Val Loss: 0.7802 Acc: 0.5000 F1: 0.4505 | Train Meta: Scaleμ:0.9749, Signal|S|μ:8.4593, Delta|S|μ:7.7496, Delta/Signal:91.61%, Gateμ:-0.1736, Gate0%:0.0, MetaNormμ:6.7489 | Val Meta: Scaleμ:0.9749, Signal|S|μ:8.9301, Delta|S|μ:8.1849, Delta/Signal:91.66%, Gateμ:-0.1736, Gate0%:0.0, MetaNormμ:6.7489
Epoch  15/50 | Train Loss: 0.3801 Acc: 0.7250 F1: 0.6800 | Val Loss: 0.7778 Acc: 0.5000 F1: 0.4505 | Train Meta: Scaleμ:0.9749, Signal|S|μ:8.6370, Delta|S|μ:7.9072, Delta/Signal:91.55%, Gateμ:-0.1736, Gate0%:0.0, MetaNormμ:6.7489 | Val Meta: Scaleμ:0.9749, Signal|S|μ:8.9301, Delta|S|μ:8.1849, Delta/Signal:91.66%, Gateμ:-0.1736, Gate0%:0.0, MetaNormμ:6.7489
Epoch  16/50 | Train Loss: 0.3380 Acc: 0.8125 F1: 0.7841 | Val Loss: 0.7689 Acc: 0.5000 F1: 0.4505 | Train Meta: Scaleμ:0.9749, Signal|S|μ:8.4673, Delta|S|μ:7.7545, Delta/Signal:91.58%, Gateμ:-0.1736, Gate0%:0.0, MetaNormμ:6.7489 | Val Meta: Scaleμ:0.9749, Signal|S|μ:8.9301, Delta|S|μ:8.1849, Delta/Signal:91.66%, Gateμ:-0.1736, Gate0%:0.0, MetaNormμ:6.7489
Epoch  17/50 | Train Loss: 0.3708 Acc: 0.7750 F1: 0.7321 | Val Loss: 0.7881 Acc: 0.5000 F1: 0.4505 | Train Meta: Scaleμ:0.9749, Signal|S|μ:8.5294, Delta|S|μ:7.8137, Delta/Signal:91.61%, Gateμ:-0.1736, Gate0%:0.0, MetaNormμ:6.7489 | Val Meta: Scaleμ:0.9749, Signal|S|μ:8.9301, Delta|S|μ:8.1849, Delta/Signal:91.66%, Gateμ:-0.1736, Gate0%:0.0, MetaNormμ:6.7489
Epoch  18/50 | Train Loss: 0.3419 Acc: 0.8000 F1: 0.7417 | Val Loss: 0.8047 Acc: 0.5000 F1: 0.4505 | Train Meta: Scaleμ:0.9749, Signal|S|μ:8.7412, Delta|S|μ:8.0104, Delta/Signal:91.64%, Gateμ:-0.1736, Gate0%:0.0, MetaNormμ:6.7489 | Val Meta: Scaleμ:0.9749, Signal|S|μ:8.9301, Delta|S|μ:8.1849, Delta/Signal:91.66%, Gateμ:-0.1736, Gate0%:0.0, MetaNormμ:6.7489
Epoch  19/50 | Train Loss: 0.3676 Acc: 0.7500 F1: 0.6667 | Val Loss: 0.8003 Acc: 0.5000 F1: 0.4505 | Train Meta: Scaleμ:0.9749, Signal|S|μ:8.6754, Delta|S|μ:7.9538, Delta/Signal:91.68%, Gateμ:-0.1736, Gate0%:0.0, MetaNormμ:6.7489 | Val Meta: Scaleμ:0.9749, Signal|S|μ:8.9301, Delta|S|μ:8.1849, Delta/Signal:91.66%, Gateμ:-0.1736, Gate0%:0.0, MetaNormμ:6.7489
Epoch  20/50 | Train Loss: 0.3478 Acc: 0.7875 F1: 0.7439 | Val Loss: 0.8029 Acc: 0.5000 F1: 0.4505 | Train Meta: Scaleμ:0.9749, Signal|S|μ:8.2564, Delta|S|μ:7.5605, Delta/Signal:91.57%, Gateμ:-0.1736, Gate0%:0.0, MetaNormμ:6.7489 | Val Meta: Scaleμ:0.9749, Signal|S|μ:8.9301, Delta|S|μ:8.1849, Delta/Signal:91.66%, Gateμ:-0.1736, Gate0%:0.0, MetaNormμ:6.7489
Epoch  21/50 | Train Loss: 0.3320 Acc: 0.7875 F1: 0.7372 | Val Loss: 0.7984 Acc: 0.5000 F1: 0.4505 | Train Meta: Scaleμ:0.9749, Signal|S|μ:9.1114, Delta|S|μ:8.3564, Delta/Signal:91.71%, Gateμ:-0.1736, Gate0%:0.0, MetaNormμ:6.7489 | Val Meta: Scaleμ:0.9749, Signal|S|μ:8.9301, Delta|S|μ:8.1849, Delta/Signal:91.66%, Gateμ:-0.1736, Gate0%:0.0, MetaNormμ:6.7489
Epoch  22/50 | Train Loss: 0.3411 Acc: 0.8125 F1: 0.7681 | Val Loss: 0.8074 Acc: 0.5000 F1: 0.4505 | Train Meta: Scaleμ:0.9749, Signal|S|μ:8.5646, Delta|S|μ:7.8539, Delta/Signal:91.70%, Gateμ:-0.1736, Gate0%:0.0, MetaNormμ:6.7489 | Val Meta: Scaleμ:0.9749, Signal|S|μ:8.9301, Delta|S|μ:8.1849, Delta/Signal:91.66%, Gateμ:-0.1736, Gate0%:0.0, MetaNormμ:6.7489
Epoch  23/50 | Train Loss: 0.3613 Acc: 0.8000 F1: 0.7673 | Val Loss: 0.8073 Acc: 0.5000 F1: 0.4505 | Train Meta: Scaleμ:0.9749, Signal|S|μ:8.5160, Delta|S|μ:7.8045, Delta/Signal:91.64%, Gateμ:-0.1736, Gate0%:0.0, MetaNormμ:6.7489 | Val Meta: Scaleμ:0.9749, Signal|S|μ:8.9301, Delta|S|μ:8.1849, Delta/Signal:91.66%, Gateμ:-0.1736, Gate0%:0.0, MetaNormμ:6.7489
Epoch  24/50 | Train Loss: 0.3363 Acc: 0.8125 F1: 0.7681 | Val Loss: 0.8275 Acc: 0.5000 F1: 0.4505 | Train Meta: Scaleμ:0.9749, Signal|S|μ:8.3620, Delta|S|μ:7.6530, Delta/Signal:91.52%, Gateμ:-0.1736, Gate0%:0.0, MetaNormμ:6.7489 | Val Meta: Scaleμ:0.9749, Signal|S|μ:8.9301, Delta|S|μ:8.1849, Delta/Signal:91.66%, Gateμ:-0.1736, Gate0%:0.0, MetaNormμ:6.7489
Epoch  25/50 | Train Loss: 0.3480 Acc: 0.7750 F1: 0.6894 | Val Loss: 0.8647 Acc: 0.5000 F1: 0.4505 | Train Meta: Scaleμ:0.9749, Signal|S|μ:8.1534, Delta|S|μ:7.4650, Delta/Signal:91.56%, Gateμ:-0.1736, Gate0%:0.0, MetaNormμ:6.7489 | Val Meta: Scaleμ:0.9749, Signal|S|μ:8.9301, Delta|S|μ:8.1849, Delta/Signal:91.66%, Gateμ:-0.1736, Gate0%:0.0, MetaNormμ:6.7489
Epoch  26/50 | Train Loss: 0.3458 Acc: 0.7875 F1: 0.7012 | Val Loss: 0.8381 Acc: 0.5000 F1: 0.4505 | Train Meta: Scaleμ:0.9749, Signal|S|μ:8.3613, Delta|S|μ:7.6554, Delta/Signal:91.56%, Gateμ:-0.1736, Gate0%:0.0, MetaNormμ:6.7489 | Val Meta: Scaleμ:0.9749, Signal|S|μ:8.9301, Delta|S|μ:8.1849, Delta/Signal:91.66%, Gateμ:-0.1736, Gate0%:0.0, MetaNormμ:6.7489
Epoch  27/50 | Train Loss: 0.3289 Acc: 0.8250 F1: 0.7740 | Val Loss: 0.8184 Acc: 0.5000 F1: 0.4505 | Train Meta: Scaleμ:0.9749, Signal|S|μ:8.4846, Delta|S|μ:7.7756, Delta/Signal:91.64%, Gateμ:-0.1736, Gate0%:0.0, MetaNormμ:6.7489 | Val Meta: Scaleμ:0.9749, Signal|S|μ:8.9301, Delta|S|μ:8.1849, Delta/Signal:91.66%, Gateμ:-0.1736, Gate0%:0.0, MetaNormμ:6.7489
Epoch  28/50 | Train Loss: 0.3106 Acc: 0.8375 F1: 0.8088 | Val Loss: 0.8010 Acc: 0.5000 F1: 0.4505 | Train Meta: Scaleμ:0.9749, Signal|S|μ:8.3422, Delta|S|μ:7.6439, Delta/Signal:91.63%, Gateμ:-0.1736, Gate0%:0.0, MetaNormμ:6.7489 | Val Meta: Scaleμ:0.9749, Signal|S|μ:8.9301, Delta|S|μ:8.1849, Delta/Signal:91.66%, Gateμ:-0.1736, Gate0%:0.0, MetaNormμ:6.7489
Epoch  29/50 | Train Loss: 0.3188 Acc: 0.8125 F1: 0.7841 | Val Loss: 0.8139 Acc: 0.5000 F1: 0.4505 | Train Meta: Scaleμ:0.9749, Signal|S|μ:8.2956, Delta|S|μ:7.6029, Delta/Signal:91.65%, Gateμ:-0.1736, Gate0%:0.0, MetaNormμ:6.7489 | Val Meta: Scaleμ:0.9749, Signal|S|μ:8.9301, Delta|S|μ:8.1849, Delta/Signal:91.66%, Gateμ:-0.1736, Gate0%:0.0, MetaNormμ:6.7489
Epoch  30/50 | Train Loss: 0.3271 Acc: 0.8375 F1: 0.8042 | Val Loss: 0.8235 Acc: 0.5000 F1: 0.4505 | Train Meta: Scaleμ:0.9749, Signal|S|μ:8.4394, Delta|S|μ:7.7359, Delta/Signal:91.66%, Gateμ:-0.1736, Gate0%:0.0, MetaNormμ:6.7489 | Val Meta: Scaleμ:0.9749, Signal|S|μ:8.9301, Delta|S|μ:8.1849, Delta/Signal:91.66%, Gateμ:-0.1736, Gate0%:0.0, MetaNormμ:6.7489
Epoch  31/50 | Train Loss: 0.3328 Acc: 0.8250 F1: 0.7917 | Val Loss: 0.8095 Acc: 0.5000 F1: 0.4505 | Train Meta: Scaleμ:0.9749, Signal|S|μ:8.7089, Delta|S|μ:7.9830, Delta/Signal:91.67%, Gateμ:-0.1736, Gate0%:0.0, MetaNormμ:6.7489 | Val Meta: Scaleμ:0.9749, Signal|S|μ:8.9301, Delta|S|μ:8.1849, Delta/Signal:91.66%, Gateμ:-0.1736, Gate0%:0.0, MetaNormμ:6.7489
Epoch  32/50 | Train Loss: 0.3442 Acc: 0.8125 F1: 0.7884 | Val Loss: 0.8332 Acc: 0.5000 F1: 0.4505 | Train Meta: Scaleμ:0.9749, Signal|S|μ:8.5140, Delta|S|μ:7.8028, Delta/Signal:91.65%, Gateμ:-0.1736, Gate0%:0.0, MetaNormμ:6.7489 | Val Meta: Scaleμ:0.9749, Signal|S|μ:8.9301, Delta|S|μ:8.1849, Delta/Signal:91.66%, Gateμ:-0.1736, Gate0%:0.0, MetaNormμ:6.7489
Epoch  33/50 | Train Loss: 0.3158 Acc: 0.8375 F1: 0.7990 | Val Loss: 0.8191 Acc: 0.5000 F1: 0.4505 | Train Meta: Scaleμ:0.9749, Signal|S|μ:8.4394, Delta|S|μ:7.7332, Delta/Signal:91.63%, Gateμ:-0.1736, Gate0%:0.0, MetaNormμ:6.7489 | Val Meta: Scaleμ:0.9749, Signal|S|μ:8.9301, Delta|S|μ:8.1849, Delta/Signal:91.66%, Gateμ:-0.1736, Gate0%:0.0, MetaNormμ:6.7489
Epoch  34/50 | Train Loss: 0.3262 Acc: 0.8250 F1: 0.7864 | Val Loss: 0.8297 Acc: 0.5000 F1: 0.4505 | Train Meta: Scaleμ:0.9749, Signal|S|μ:8.5368, Delta|S|μ:7.8209, Delta/Signal:91.61%, Gateμ:-0.1736, Gate0%:0.0, MetaNormμ:6.7489 | Val Meta: Scaleμ:0.9749, Signal|S|μ:8.9301, Delta|S|μ:8.1849, Delta/Signal:91.66%, Gateμ:-0.1736, Gate0%:0.0, MetaNormμ:6.7489
Epoch  35/50 | Train Loss: 0.3179 Acc: 0.8250 F1: 0.8006 | Val Loss: 0.8148 Acc: 0.5000 F1: 0.4505 | Train Meta: Scaleμ:0.9749, Signal|S|μ:8.5994, Delta|S|μ:7.8799, Delta/Signal:91.63%, Gateμ:-0.1736, Gate0%:0.0, MetaNormμ:6.7489 | Val Meta: Scaleμ:0.9749, Signal|S|μ:8.9301, Delta|S|μ:8.1849, Delta/Signal:91.66%, Gateμ:-0.1736, Gate0%:0.0, MetaNormμ:6.7489
Epoch  36/50 | Train Loss: 0.3291 Acc: 0.8250 F1: 0.8006 | Val Loss: 0.8148 Acc: 0.5000 F1: 0.4505 | Train Meta: Scaleμ:0.9749, Signal|S|μ:8.8375, Delta|S|μ:8.0982, Delta/Signal:91.63%, Gateμ:-0.1736, Gate0%:0.0, MetaNormμ:6.7489 | Val Meta: Scaleμ:0.9749, Signal|S|μ:8.9301, Delta|S|μ:8.1849, Delta/Signal:91.66%, Gateμ:-0.1736, Gate0%:0.0, MetaNormμ:6.7489
Epoch  37/50 | Train Loss: 0.3244 Acc: 0.8500 F1: 0.8255 | Val Loss: 0.8335 Acc: 0.5000 F1: 0.4505 | Train Meta: Scaleμ:0.9749, Signal|S|μ:8.3586, Delta|S|μ:7.6540, Delta/Signal:91.57%, Gateμ:-0.1736, Gate0%:0.0, MetaNormμ:6.7489 | Val Meta: Scaleμ:0.9749, Signal|S|μ:8.9301, Delta|S|μ:8.1849, Delta/Signal:91.66%, Gateμ:-0.1736, Gate0%:0.0, MetaNormμ:6.7489
Epoch  38/50 | Train Loss: 0.3294 Acc: 0.8500 F1: 0.8214 | Val Loss: 0.8419 Acc: 0.5000 F1: 0.4505 | Train Meta: Scaleμ:0.9749, Signal|S|μ:8.7267, Delta|S|μ:8.0006, Delta/Signal:91.68%, Gateμ:-0.1736, Gate0%:0.0, MetaNormμ:6.7489 | Val Meta: Scaleμ:0.9749, Signal|S|μ:8.9301, Delta|S|μ:8.1849, Delta/Signal:91.66%, Gateμ:-0.1736, Gate0%:0.0, MetaNormμ:6.7489
Epoch  39/50 | Train Loss: 0.3339 Acc: 0.8125 F1: 0.7615 | Val Loss: 0.8370 Acc: 0.5000 F1: 0.4505 | Train Meta: Scaleμ:0.9749, Signal|S|μ:8.3611, Delta|S|μ:7.6632, Delta/Signal:91.65%, Gateμ:-0.1736, Gate0%:0.0, MetaNormμ:6.7489 | Val Meta: Scaleμ:0.9749, Signal|S|μ:8.9301, Delta|S|μ:8.1849, Delta/Signal:91.66%, Gateμ:-0.1736, Gate0%:0.0, MetaNormμ:6.7489
Epoch  40/50 | Train Loss: 0.3093 Acc: 0.8500 F1: 0.8214 | Val Loss: 0.8333 Acc: 0.5000 F1: 0.4505 | Train Meta: Scaleμ:0.9749, Signal|S|μ:8.6372, Delta|S|μ:7.9104, Delta/Signal:91.58%, Gateμ:-0.1736, Gate0%:0.0, MetaNormμ:6.7489 | Val Meta: Scaleμ:0.9749, Signal|S|μ:8.9301, Delta|S|μ:8.1849, Delta/Signal:91.66%, Gateμ:-0.1736, Gate0%:0.0, MetaNormμ:6.7489
Epoch  41/50 | Train Loss: 0.3286 Acc: 0.8625 F1: 0.8417 | Val Loss: 0.8160 Acc: 0.5000 F1: 0.4505 | Train Meta: Scaleμ:0.9749, Signal|S|μ:8.5750, Delta|S|μ:7.8564, Delta/Signal:91.62%, Gateμ:-0.1736, Gate0%:0.0, MetaNormμ:6.7489 | Val Meta: Scaleμ:0.9749, Signal|S|μ:8.9301, Delta|S|μ:8.1849, Delta/Signal:91.66%, Gateμ:-0.1736, Gate0%:0.0, MetaNormμ:6.7489
Epoch  42/50 | Train Loss: 0.3281 Acc: 0.8500 F1: 0.8352 | Val Loss: 0.8202 Acc: 0.5000 F1: 0.4505 | Train Meta: Scaleμ:0.9749, Signal|S|μ:8.8543, Delta|S|μ:8.1183, Delta/Signal:91.69%, Gateμ:-0.1736, Gate0%:0.0, MetaNormμ:6.7489 | Val Meta: Scaleμ:0.9749, Signal|S|μ:8.9301, Delta|S|μ:8.1849, Delta/Signal:91.66%, Gateμ:-0.1736, Gate0%:0.0, MetaNormμ:6.7489
Epoch  43/50 | Train Loss: 0.3003 Acc: 0.8375 F1: 0.8166 | Val Loss: 0.8282 Acc: 0.5000 F1: 0.4505 | Train Meta: Scaleμ:0.9749, Signal|S|μ:8.6883, Delta|S|μ:7.9701, Delta/Signal:91.73%, Gateμ:-0.1736, Gate0%:0.0, MetaNormμ:6.7489 | Val Meta: Scaleμ:0.9749, Signal|S|μ:8.9301, Delta|S|μ:8.1849, Delta/Signal:91.66%, Gateμ:-0.1736, Gate0%:0.0, MetaNormμ:6.7489
Epoch  44/50 | Train Loss: 0.3346 Acc: 0.8750 F1: 0.8575 | Val Loss: 0.8344 Acc: 0.5000 F1: 0.4505 | Train Meta: Scaleμ:0.9749, Signal|S|μ:8.3046, Delta|S|μ:7.6059, Delta/Signal:91.59%, Gateμ:-0.1736, Gate0%:0.0, MetaNormμ:6.7489 | Val Meta: Scaleμ:0.9749, Signal|S|μ:8.9301, Delta|S|μ:8.1849, Delta/Signal:91.66%, Gateμ:-0.1736, Gate0%:0.0, MetaNormμ:6.7489
Epoch  45/50 | Train Loss: 0.3305 Acc: 0.8250 F1: 0.8077 | Val Loss: 0.8295 Acc: 0.5000 F1: 0.4505 | Train Meta: Scaleμ:0.9749, Signal|S|μ:8.6303, Delta|S|μ:7.9122, Delta/Signal:91.68%, Gateμ:-0.1736, Gate0%:0.0, MetaNormμ:6.7489 | Val Meta: Scaleμ:0.9749, Signal|S|μ:8.9301, Delta|S|μ:8.1849, Delta/Signal:91.66%, Gateμ:-0.1736, Gate0%:0.0, MetaNormμ:6.7489
Epoch  46/50 | Train Loss: 0.3146 Acc: 0.8750 F1: 0.8575 | Val Loss: 0.8333 Acc: 0.5000 F1: 0.4505 | Train Meta: Scaleμ:0.9749, Signal|S|μ:8.2830, Delta|S|μ:7.5862, Delta/Signal:91.59%, Gateμ:-0.1736, Gate0%:0.0, MetaNormμ:6.7489 | Val Meta: Scaleμ:0.9749, Signal|S|μ:8.9301, Delta|S|μ:8.1849, Delta/Signal:91.66%, Gateμ:-0.1736, Gate0%:0.0, MetaNormμ:6.7489
Epoch  47/50 | Train Loss: 0.3220 Acc: 0.8500 F1: 0.8214 | Val Loss: 0.8379 Acc: 0.5000 F1: 0.4505 | Train Meta: Scaleμ:0.9749, Signal|S|μ:8.6041, Delta|S|μ:7.8861, Delta/Signal:91.66%, Gateμ:-0.1736, Gate0%:0.0, MetaNormμ:6.7489 | Val Meta: Scaleμ:0.9749, Signal|S|μ:8.9301, Delta|S|μ:8.1849, Delta/Signal:91.66%, Gateμ:-0.1736, Gate0%:0.0, MetaNormμ:6.7489
Epoch  48/50 | Train Loss: 0.3287 Acc: 0.8500 F1: 0.8255 | Val Loss: 0.8311 Acc: 0.5000 F1: 0.4505 | Train Meta: Scaleμ:0.9749, Signal|S|μ:8.6014, Delta|S|μ:7.8802, Delta/Signal:91.61%, Gateμ:-0.1736, Gate0%:0.0, MetaNormμ:6.7489 | Val Meta: Scaleμ:0.9749, Signal|S|μ:8.9301, Delta|S|μ:8.1849, Delta/Signal:91.66%, Gateμ:-0.1736, Gate0%:0.0, MetaNormμ:6.7489
Epoch  49/50 | Train Loss: 0.3001 Acc: 0.8625 F1: 0.8382 | Val Loss: 0.8208 Acc: 0.5000 F1: 0.4505 | Train Meta: Scaleμ:0.9749, Signal|S|μ:8.5247, Delta|S|μ:7.8092, Delta/Signal:91.61%, Gateμ:-0.1736, Gate0%:0.0, MetaNormμ:6.7489 | Val Meta: Scaleμ:0.9749, Signal|S|μ:8.9301, Delta|S|μ:8.1849, Delta/Signal:91.66%, Gateμ:-0.1736, Gate0%:0.0, MetaNormμ:6.7489
Epoch  50/50 | Train Loss: 0.3258 Acc: 0.8375 F1: 0.8229 | Val Loss: 0.8212 Acc: 0.5000 F1: 0.4505 | Train Meta: Scaleμ:0.9749, Signal|S|μ:8.8209, Delta|S|μ:8.0932, Delta/Signal:91.75%, Gateμ:-0.1736, Gate0%:0.0, MetaNormμ:6.7489 | Val Meta: Scaleμ:0.9749, Signal|S|μ:8.9301, Delta|S|μ:8.1849, Delta/Signal:91.66%, Gateμ:-0.1736, Gate0%:0.0, MetaNormμ:6.7489

Classification Test Result (ECG200)
Accuracy : 0.700000
F1 (macro): 0.642857
Saved attention maps for 3 sample(s) under ./runs/classification_electricity_to_ECG200_laya_metadata_query_gate_text_stats_avg/attention_maps
Text metadata preview | dataset=ECG5000 | domain=UCR | channels=1
   - channel_1: In the UCR domain, this channel belongs to the ECG5000 dataset and represents the feature channel 1.
Stats metadata preview | dataset=ECG5000 | domain=UCR | channels=1
   - channel_1: Channel statistics over the training split: mean value is 0.000, standard deviation is 1.000, minimum value is -5.818, maximum value is 4.073, median value is 0.187, and mean absolute value is 0.668.
/data/pjh_workspace/ts-env/lib/python3.8/site-packages/torch/nn/modules/transformer.py:307: UserWarning: enable_nested_tensor is True, but self.use_nested_tensor is False because encoder_layer.norm_first was True
  warnings.warn(f"enable_nested_tensor is True, but self.use_nested_tensor is False because {why_not_sparsity_fast_path}")
==================================================
🚀 Architecture: LAYA
📊 Target Dataset: ECG5000 (Channels: 1)
📊 Pretrain Info: electricity
📊 Classes: 5 | Sequence Length: 140
==================================================
✅ Loaded pretrained encoder from ./checkpoints/electricity_laya_metadata_query_gate_text_stats_avg/laya_ts_electricity_s_best.pt
   - 116/116 keys matched.
✅ Encoder is FROZEN (Linear Probing mode).
📝 metadata: mode=text_stats_avg, fusion=none, relation=metadata_query_gate
ℹ️  Metadata Fusion Mode: none
ℹ️  Channel Mixer Relation Mode: metadata_query_gate
ℹ️  Encoder Variant: default
ℹ️  Channel Adapter: disabled for Laya downstream (mixer)
ℹ️  Channel Relation Block: disabled
✅ ClassificationHead: [B, 256] → [B, 5]
Epoch   1/50 | Train Loss: 0.8725 Acc: 0.6652 F1: 0.2773 | Val Loss: 0.4596 Acc: 0.8800 F1: 0.5905 | Train Meta: Scaleμ:0.9749, Signal|S|μ:7.8551, Delta|S|μ:7.1495, Delta/Signal:91.02%, Gateμ:-0.1960, Gate0%:0.0, MetaNormμ:6.8351 | Val Meta: Scaleμ:0.9749, Signal|S|μ:7.6445, Delta|S|μ:6.9582, Delta/Signal:91.02%, Gateμ:-0.1960, Gate0%:0.0, MetaNormμ:6.8351
Validation Loss decreased (inf --> 0.459608). Saving best model...
Epoch   2/50 | Train Loss: 0.4870 Acc: 0.8638 F1: 0.3527 | Val Loss: 0.3886 Acc: 0.8800 F1: 0.5905 | Train Meta: Scaleμ:0.9749, Signal|S|μ:7.5747, Delta|S|μ:6.8942, Delta/Signal:91.02%, Gateμ:-0.1960, Gate0%:0.0, MetaNormμ:6.8351 | Val Meta: Scaleμ:0.9749, Signal|S|μ:7.6445, Delta|S|μ:6.9582, Delta/Signal:91.02%, Gateμ:-0.1960, Gate0%:0.0, MetaNormμ:6.8351
Validation Loss decreased (0.459608 --> 0.388581). Saving best model...
Epoch   3/50 | Train Loss: 0.4323 Acc: 0.8772 F1: 0.3587 | Val Loss: 0.3823 Acc: 0.9000 F1: 0.6066 | Train Meta: Scaleμ:0.9749, Signal|S|μ:8.0164, Delta|S|μ:7.2960, Delta/Signal:91.01%, Gateμ:-0.1960, Gate0%:0.0, MetaNormμ:6.8351 | Val Meta: Scaleμ:0.9749, Signal|S|μ:7.6445, Delta|S|μ:6.9582, Delta/Signal:91.02%, Gateμ:-0.1960, Gate0%:0.0, MetaNormμ:6.8351
Validation Loss decreased (0.388581 --> 0.382333). Saving best model...
Epoch   4/50 | Train Loss: 0.4128 Acc: 0.8728 F1: 0.3568 | Val Loss: 0.3785 Acc: 0.9000 F1: 0.6066 | Train Meta: Scaleμ:0.9749, Signal|S|μ:7.8105, Delta|S|μ:7.1095, Delta/Signal:91.03%, Gateμ:-0.1960, Gate0%:0.0, MetaNormμ:6.8351 | Val Meta: Scaleμ:0.9749, Signal|S|μ:7.6445, Delta|S|μ:6.9582, Delta/Signal:91.02%, Gateμ:-0.1960, Gate0%:0.0, MetaNormμ:6.8351
Validation Loss decreased (0.382333 --> 0.378491). Saving best model...
Epoch   5/50 | Train Loss: 0.3984 Acc: 0.8750 F1: 0.3580 | Val Loss: 0.3853 Acc: 0.9000 F1: 0.6066 | Train Meta: Scaleμ:0.9749, Signal|S|μ:7.8391, Delta|S|μ:7.1361, Delta/Signal:91.03%, Gateμ:-0.1960, Gate0%:0.0, MetaNormμ:6.8351 | Val Meta: Scaleμ:0.9749, Signal|S|μ:7.6445, Delta|S|μ:6.9582, Delta/Signal:91.02%, Gateμ:-0.1960, Gate0%:0.0, MetaNormμ:6.8351
Epoch   6/50 | Train Loss: 0.3858 Acc: 0.8705 F1: 0.4216 | Val Loss: 0.3852 Acc: 0.9000 F1: 0.6066 | Train Meta: Scaleμ:0.9749, Signal|S|μ:8.0514, Delta|S|μ:7.3287, Delta/Signal:91.02%, Gateμ:-0.1960, Gate0%:0.0, MetaNormμ:6.8351 | Val Meta: Scaleμ:0.9749, Signal|S|μ:7.6445, Delta|S|μ:6.9582, Delta/Signal:91.02%, Gateμ:-0.1960, Gate0%:0.0, MetaNormμ:6.8351
Epoch   7/50 | Train Loss: 0.3823 Acc: 0.8772 F1: 0.3591 | Val Loss: 0.3752 Acc: 0.9000 F1: 0.6066 | Train Meta: Scaleμ:0.9749, Signal|S|μ:8.0052, Delta|S|μ:7.2854, Delta/Signal:91.01%, Gateμ:-0.1960, Gate0%:0.0, MetaNormμ:6.8351 | Val Meta: Scaleμ:0.9749, Signal|S|μ:7.6445, Delta|S|μ:6.9582, Delta/Signal:91.02%, Gateμ:-0.1960, Gate0%:0.0, MetaNormμ:6.8351
Validation Loss decreased (0.378491 --> 0.375193). Saving best model...
Epoch   8/50 | Train Loss: 0.3611 Acc: 0.8906 F1: 0.4009 | Val Loss: 0.3831 Acc: 0.9000 F1: 0.6066 | Train Meta: Scaleμ:0.9749, Signal|S|μ:8.1761, Delta|S|μ:7.4420, Delta/Signal:91.02%, Gateμ:-0.1960, Gate0%:0.0, MetaNormμ:6.8351 | Val Meta: Scaleμ:0.9749, Signal|S|μ:7.6445, Delta|S|μ:6.9582, Delta/Signal:91.02%, Gateμ:-0.1960, Gate0%:0.0, MetaNormμ:6.8351
Epoch   9/50 | Train Loss: 0.3601 Acc: 0.8772 F1: 0.3592 | Val Loss: 0.3857 Acc: 0.9000 F1: 0.6066 | Train Meta: Scaleμ:0.9749, Signal|S|μ:7.7921, Delta|S|μ:7.0919, Delta/Signal:91.01%, Gateμ:-0.1960, Gate0%:0.0, MetaNormμ:6.8351 | Val Meta: Scaleμ:0.9749, Signal|S|μ:7.6445, Delta|S|μ:6.9582, Delta/Signal:91.02%, Gateμ:-0.1960, Gate0%:0.0, MetaNormμ:6.8351
Epoch  10/50 | Train Loss: 0.3571 Acc: 0.8750 F1: 0.4239 | Val Loss: 0.3759 Acc: 0.9000 F1: 0.6066 | Train Meta: Scaleμ:0.9749, Signal|S|μ:7.7126, Delta|S|μ:7.0210, Delta/Signal:91.03%, Gateμ:-0.1960, Gate0%:0.0, MetaNormμ:6.8351 | Val Meta: Scaleμ:0.9749, Signal|S|μ:7.6445, Delta|S|μ:6.9582, Delta/Signal:91.02%, Gateμ:-0.1960, Gate0%:0.0, MetaNormμ:6.8351
Epoch  11/50 | Train Loss: 0.3476 Acc: 0.8839 F1: 0.3953 | Val Loss: 0.3744 Acc: 0.9000 F1: 0.6066 | Train Meta: Scaleμ:0.9749, Signal|S|μ:7.7011, Delta|S|μ:7.0087, Delta/Signal:91.01%, Gateμ:-0.1960, Gate0%:0.0, MetaNormμ:6.8351 | Val Meta: Scaleμ:0.9749, Signal|S|μ:7.6445, Delta|S|μ:6.9582, Delta/Signal:91.02%, Gateμ:-0.1960, Gate0%:0.0, MetaNormμ:6.8351
Validation Loss decreased (0.375193 --> 0.374353). Saving best model...
Epoch  12/50 | Train Loss: 0.3407 Acc: 0.8862 F1: 0.4515 | Val Loss: 0.3758 Acc: 0.9000 F1: 0.6066 | Train Meta: Scaleμ:0.9749, Signal|S|μ:7.8763, Delta|S|μ:7.1708, Delta/Signal:91.04%, Gateμ:-0.1960, Gate0%:0.0, MetaNormμ:6.8351 | Val Meta: Scaleμ:0.9749, Signal|S|μ:7.6445, Delta|S|μ:6.9582, Delta/Signal:91.02%, Gateμ:-0.1960, Gate0%:0.0, MetaNormμ:6.8351
Epoch  13/50 | Train Loss: 0.3368 Acc: 0.8951 F1: 0.4328 | Val Loss: 0.3694 Acc: 0.9200 F1: 0.6210 | Train Meta: Scaleμ:0.9749, Signal|S|μ:7.5721, Delta|S|μ:6.8927, Delta/Signal:91.03%, Gateμ:-0.1960, Gate0%:0.0, MetaNormμ:6.8351 | Val Meta: Scaleμ:0.9749, Signal|S|μ:7.6445, Delta|S|μ:6.9582, Delta/Signal:91.02%, Gateμ:-0.1960, Gate0%:0.0, MetaNormμ:6.8351
Validation Loss decreased (0.374353 --> 0.369429). Saving best model...
Epoch  14/50 | Train Loss: 0.3298 Acc: 0.8951 F1: 0.4577 | Val Loss: 0.3775 Acc: 0.9200 F1: 0.6210 | Train Meta: Scaleμ:0.9749, Signal|S|μ:8.0500, Delta|S|μ:7.3232, Delta/Signal:90.97%, Gateμ:-0.1960, Gate0%:0.0, MetaNormμ:6.8351 | Val Meta: Scaleμ:0.9749, Signal|S|μ:7.6445, Delta|S|μ:6.9582, Delta/Signal:91.02%, Gateμ:-0.1960, Gate0%:0.0, MetaNormμ:6.8351
Epoch  15/50 | Train Loss: 0.3253 Acc: 0.8996 F1: 0.4810 | Val Loss: 0.3793 Acc: 0.9000 F1: 0.6066 | Train Meta: Scaleμ:0.9749, Signal|S|μ:8.0022, Delta|S|μ:7.2838, Delta/Signal:91.02%, Gateμ:-0.1960, Gate0%:0.0, MetaNormμ:6.8351 | Val Meta: Scaleμ:0.9749, Signal|S|μ:7.6445, Delta|S|μ:6.9582, Delta/Signal:91.02%, Gateμ:-0.1960, Gate0%:0.0, MetaNormμ:6.8351
Epoch  16/50 | Train Loss: 0.3253 Acc: 0.8951 F1: 0.5190 | Val Loss: 0.3791 Acc: 0.9200 F1: 0.6210 | Train Meta: Scaleμ:0.9749, Signal|S|μ:7.6690, Delta|S|μ:6.9811, Delta/Signal:91.03%, Gateμ:-0.1960, Gate0%:0.0, MetaNormμ:6.8351 | Val Meta: Scaleμ:0.9749, Signal|S|μ:7.6445, Delta|S|μ:6.9582, Delta/Signal:91.02%, Gateμ:-0.1960, Gate0%:0.0, MetaNormμ:6.8351
Epoch  17/50 | Train Loss: 0.3172 Acc: 0.8929 F1: 0.4507 | Val Loss: 0.3641 Acc: 0.9200 F1: 0.6210 | Train Meta: Scaleμ:0.9749, Signal|S|μ:7.6221, Delta|S|μ:6.9375, Delta/Signal:91.02%, Gateμ:-0.1960, Gate0%:0.0, MetaNormμ:6.8351 | Val Meta: Scaleμ:0.9749, Signal|S|μ:7.6445, Delta|S|μ:6.9582, Delta/Signal:91.02%, Gateμ:-0.1960, Gate0%:0.0, MetaNormμ:6.8351
Validation Loss decreased (0.369429 --> 0.364146). Saving best model...
Epoch  18/50 | Train Loss: 0.3124 Acc: 0.9018 F1: 0.4607 | Val Loss: 0.3733 Acc: 0.9200 F1: 0.6210 | Train Meta: Scaleμ:0.9749, Signal|S|μ:7.6217, Delta|S|μ:6.9355, Delta/Signal:91.00%, Gateμ:-0.1960, Gate0%:0.0, MetaNormμ:6.8351 | Val Meta: Scaleμ:0.9749, Signal|S|μ:7.6445, Delta|S|μ:6.9582, Delta/Signal:91.02%, Gateμ:-0.1960, Gate0%:0.0, MetaNormμ:6.8351
Epoch  19/50 | Train Loss: 0.3052 Acc: 0.9018 F1: 0.4765 | Val Loss: 0.3718 Acc: 0.9400 F1: 0.6366 | Train Meta: Scaleμ:0.9749, Signal|S|μ:7.7998, Delta|S|μ:7.1000, Delta/Signal:91.03%, Gateμ:-0.1960, Gate0%:0.0, MetaNormμ:6.8351 | Val Meta: Scaleμ:0.9749, Signal|S|μ:7.6445, Delta|S|μ:6.9582, Delta/Signal:91.02%, Gateμ:-0.1960, Gate0%:0.0, MetaNormμ:6.8351
Epoch  20/50 | Train Loss: 0.3075 Acc: 0.9062 F1: 0.5025 | Val Loss: 0.3593 Acc: 0.9200 F1: 0.6210 | Train Meta: Scaleμ:0.9749, Signal|S|μ:7.7651, Delta|S|μ:7.0682, Delta/Signal:91.03%, Gateμ:-0.1960, Gate0%:0.0, MetaNormμ:6.8351 | Val Meta: Scaleμ:0.9749, Signal|S|μ:7.6445, Delta|S|μ:6.9582, Delta/Signal:91.02%, Gateμ:-0.1960, Gate0%:0.0, MetaNormμ:6.8351
Validation Loss decreased (0.364146 --> 0.359313). Saving best model...
Epoch  21/50 | Train Loss: 0.3043 Acc: 0.9018 F1: 0.5004 | Val Loss: 0.3759 Acc: 0.9000 F1: 0.6096 | Train Meta: Scaleμ:0.9749, Signal|S|μ:7.8876, Delta|S|μ:7.1798, Delta/Signal:91.03%, Gateμ:-0.1960, Gate0%:0.0, MetaNormμ:6.8351 | Val Meta: Scaleμ:0.9749, Signal|S|μ:7.6445, Delta|S|μ:6.9582, Delta/Signal:91.02%, Gateμ:-0.1960, Gate0%:0.0, MetaNormμ:6.8351
Epoch  22/50 | Train Loss: 0.2948 Acc: 0.9062 F1: 0.4977 | Val Loss: 0.3679 Acc: 0.9400 F1: 0.6366 | Train Meta: Scaleμ:0.9749, Signal|S|μ:7.6311, Delta|S|μ:6.9464, Delta/Signal:91.03%, Gateμ:-0.1960, Gate0%:0.0, MetaNormμ:6.8351 | Val Meta: Scaleμ:0.9749, Signal|S|μ:7.6445, Delta|S|μ:6.9582, Delta/Signal:91.02%, Gateμ:-0.1960, Gate0%:0.0, MetaNormμ:6.8351
Epoch  23/50 | Train Loss: 0.2939 Acc: 0.9085 F1: 0.4973 | Val Loss: 0.3629 Acc: 0.9200 F1: 0.6210 | Train Meta: Scaleμ:0.9749, Signal|S|μ:7.6818, Delta|S|μ:6.9910, Delta/Signal:91.01%, Gateμ:-0.1960, Gate0%:0.0, MetaNormμ:6.8351 | Val Meta: Scaleμ:0.9749, Signal|S|μ:7.6445, Delta|S|μ:6.9582, Delta/Signal:91.02%, Gateμ:-0.1960, Gate0%:0.0, MetaNormμ:6.8351
Epoch  24/50 | Train Loss: 0.2955 Acc: 0.9062 F1: 0.5151 | Val Loss: 0.3667 Acc: 0.9000 F1: 0.6096 | Train Meta: Scaleμ:0.9749, Signal|S|μ:7.8625, Delta|S|μ:7.1559, Delta/Signal:91.01%, Gateμ:-0.1960, Gate0%:0.0, MetaNormμ:6.8351 | Val Meta: Scaleμ:0.9749, Signal|S|μ:7.6445, Delta|S|μ:6.9582, Delta/Signal:91.02%, Gateμ:-0.1960, Gate0%:0.0, MetaNormμ:6.8351
Epoch  25/50 | Train Loss: 0.2837 Acc: 0.9174 F1: 0.5410 | Val Loss: 0.3670 Acc: 0.9400 F1: 0.6366 | Train Meta: Scaleμ:0.9749, Signal|S|μ:7.3945, Delta|S|μ:6.7304, Delta/Signal:91.02%, Gateμ:-0.1960, Gate0%:0.0, MetaNormμ:6.8351 | Val Meta: Scaleμ:0.9749, Signal|S|μ:7.6445, Delta|S|μ:6.9582, Delta/Signal:91.02%, Gateμ:-0.1960, Gate0%:0.0, MetaNormμ:6.8351
Epoch  26/50 | Train Loss: 0.2826 Acc: 0.9129 F1: 0.5024 | Val Loss: 0.3559 Acc: 0.9400 F1: 0.6366 | Train Meta: Scaleμ:0.9749, Signal|S|μ:8.1105, Delta|S|μ:7.3830, Delta/Signal:91.03%, Gateμ:-0.1960, Gate0%:0.0, MetaNormμ:6.8351 | Val Meta: Scaleμ:0.9749, Signal|S|μ:7.6445, Delta|S|μ:6.9582, Delta/Signal:91.02%, Gateμ:-0.1960, Gate0%:0.0, MetaNormμ:6.8351
Validation Loss decreased (0.359313 --> 0.355902). Saving best model...
Epoch  27/50 | Train Loss: 0.2829 Acc: 0.9129 F1: 0.5344 | Val Loss: 0.3742 Acc: 0.9200 F1: 0.6259 | Train Meta: Scaleμ:0.9749, Signal|S|μ:8.0447, Delta|S|μ:7.3222, Delta/Signal:91.02%, Gateμ:-0.1960, Gate0%:0.0, MetaNormμ:6.8351 | Val Meta: Scaleμ:0.9749, Signal|S|μ:7.6445, Delta|S|μ:6.9582, Delta/Signal:91.02%, Gateμ:-0.1960, Gate0%:0.0, MetaNormμ:6.8351
Epoch  28/50 | Train Loss: 0.2845 Acc: 0.9129 F1: 0.5214 | Val Loss: 0.3654 Acc: 0.9000 F1: 0.6096 | Train Meta: Scaleμ:0.9749, Signal|S|μ:7.5889, Delta|S|μ:6.9059, Delta/Signal:91.00%, Gateμ:-0.1960, Gate0%:0.0, MetaNormμ:6.8351 | Val Meta: Scaleμ:0.9749, Signal|S|μ:7.6445, Delta|S|μ:6.9582, Delta/Signal:91.02%, Gateμ:-0.1960, Gate0%:0.0, MetaNormμ:6.8351
Epoch  29/50 | Train Loss: 0.2785 Acc: 0.9219 F1: 0.5634 | Val Loss: 0.3677 Acc: 0.9400 F1: 0.6366 | Train Meta: Scaleμ:0.9749, Signal|S|μ:7.6340, Delta|S|μ:6.9483, Delta/Signal:91.02%, Gateμ:-0.1960, Gate0%:0.0, MetaNormμ:6.8351 | Val Meta: Scaleμ:0.9749, Signal|S|μ:7.6445, Delta|S|μ:6.9582, Delta/Signal:91.02%, Gateμ:-0.1960, Gate0%:0.0, MetaNormμ:6.8351
Epoch  30/50 | Train Loss: 0.2747 Acc: 0.9263 F1: 0.5753 | Val Loss: 0.3625 Acc: 0.9400 F1: 0.6366 | Train Meta: Scaleμ:0.9749, Signal|S|μ:7.7292, Delta|S|μ:7.0340, Delta/Signal:91.01%, Gateμ:-0.1960, Gate0%:0.0, MetaNormμ:6.8351 | Val Meta: Scaleμ:0.9749, Signal|S|μ:7.6445, Delta|S|μ:6.9582, Delta/Signal:91.02%, Gateμ:-0.1960, Gate0%:0.0, MetaNormμ:6.8351
Epoch  31/50 | Train Loss: 0.2717 Acc: 0.9196 F1: 0.5115 | Val Loss: 0.3667 Acc: 0.9200 F1: 0.6259 | Train Meta: Scaleμ:0.9749, Signal|S|μ:7.6933, Delta|S|μ:7.0038, Delta/Signal:91.04%, Gateμ:-0.1960, Gate0%:0.0, MetaNormμ:6.8351 | Val Meta: Scaleμ:0.9749, Signal|S|μ:7.6445, Delta|S|μ:6.9582, Delta/Signal:91.02%, Gateμ:-0.1960, Gate0%:0.0, MetaNormμ:6.8351
Epoch  32/50 | Train Loss: 0.2702 Acc: 0.9219 F1: 0.5769 | Val Loss: 0.3660 Acc: 0.9400 F1: 0.6366 | Train Meta: Scaleμ:0.9749, Signal|S|μ:7.5517, Delta|S|μ:6.8736, Delta/Signal:91.02%, Gateμ:-0.1960, Gate0%:0.0, MetaNormμ:6.8351 | Val Meta: Scaleμ:0.9749, Signal|S|μ:7.6445, Delta|S|μ:6.9582, Delta/Signal:91.02%, Gateμ:-0.1960, Gate0%:0.0, MetaNormμ:6.8351
Epoch  33/50 | Train Loss: 0.2716 Acc: 0.9196 F1: 0.5225 | Val Loss: 0.3645 Acc: 0.9400 F1: 0.6366 | Train Meta: Scaleμ:0.9749, Signal|S|μ:7.8994, Delta|S|μ:7.1883, Delta/Signal:91.00%, Gateμ:-0.1960, Gate0%:0.0, MetaNormμ:6.8351 | Val Meta: Scaleμ:0.9749, Signal|S|μ:7.6445, Delta|S|μ:6.9582, Delta/Signal:91.02%, Gateμ:-0.1960, Gate0%:0.0, MetaNormμ:6.8351
Epoch  34/50 | Train Loss: 0.2720 Acc: 0.9107 F1: 0.5506 | Val Loss: 0.3880 Acc: 0.9400 F1: 0.6366 | Train Meta: Scaleμ:0.9749, Signal|S|μ:7.7810, Delta|S|μ:7.0818, Delta/Signal:91.01%, Gateμ:-0.1960, Gate0%:0.0, MetaNormμ:6.8351 | Val Meta: Scaleμ:0.9749, Signal|S|μ:7.6445, Delta|S|μ:6.9582, Delta/Signal:91.02%, Gateμ:-0.1960, Gate0%:0.0, MetaNormμ:6.8351
Epoch  35/50 | Train Loss: 0.2753 Acc: 0.9152 F1: 0.5292 | Val Loss: 0.3738 Acc: 0.9200 F1: 0.6259 | Train Meta: Scaleμ:0.9749, Signal|S|μ:7.7770, Delta|S|μ:7.0800, Delta/Signal:91.04%, Gateμ:-0.1960, Gate0%:0.0, MetaNormμ:6.8351 | Val Meta: Scaleμ:0.9749, Signal|S|μ:7.6445, Delta|S|μ:6.9582, Delta/Signal:91.02%, Gateμ:-0.1960, Gate0%:0.0, MetaNormμ:6.8351
Epoch  36/50 | Train Loss: 0.2609 Acc: 0.9219 F1: 0.5800 | Val Loss: 0.3770 Acc: 0.9400 F1: 0.6366 | Train Meta: Scaleμ:0.9749, Signal|S|μ:7.8425, Delta|S|μ:7.1387, Delta/Signal:91.03%, Gateμ:-0.1960, Gate0%:0.0, MetaNormμ:6.8351 | Val Meta: Scaleμ:0.9749, Signal|S|μ:7.6445, Delta|S|μ:6.9582, Delta/Signal:91.02%, Gateμ:-0.1960, Gate0%:0.0, MetaNormμ:6.8351
Epoch  37/50 | Train Loss: 0.2597 Acc: 0.9263 F1: 0.5624 | Val Loss: 0.3579 Acc: 0.9400 F1: 0.6366 | Train Meta: Scaleμ:0.9749, Signal|S|μ:7.4826, Delta|S|μ:6.8090, Delta/Signal:91.00%, Gateμ:-0.1960, Gate0%:0.0, MetaNormμ:6.8351 | Val Meta: Scaleμ:0.9749, Signal|S|μ:7.6445, Delta|S|μ:6.9582, Delta/Signal:91.02%, Gateμ:-0.1960, Gate0%:0.0, MetaNormμ:6.8351
Epoch  38/50 | Train Loss: 0.2591 Acc: 0.9241 F1: 0.5322 | Val Loss: 0.3646 Acc: 0.9400 F1: 0.6366 | Train Meta: Scaleμ:0.9749, Signal|S|μ:7.7965, Delta|S|μ:7.0952, Delta/Signal:91.00%, Gateμ:-0.1960, Gate0%:0.0, MetaNormμ:6.8351 | Val Meta: Scaleμ:0.9749, Signal|S|μ:7.6445, Delta|S|μ:6.9582, Delta/Signal:91.02%, Gateμ:-0.1960, Gate0%:0.0, MetaNormμ:6.8351
Epoch  39/50 | Train Loss: 0.2585 Acc: 0.9174 F1: 0.5449 | Val Loss: 0.3731 Acc: 0.9400 F1: 0.6366 | Train Meta: Scaleμ:0.9749, Signal|S|μ:7.3049, Delta|S|μ:6.6463, Delta/Signal:90.98%, Gateμ:-0.1960, Gate0%:0.0, MetaNormμ:6.8351 | Val Meta: Scaleμ:0.9749, Signal|S|μ:7.6445, Delta|S|μ:6.9582, Delta/Signal:91.02%, Gateμ:-0.1960, Gate0%:0.0, MetaNormμ:6.8351
Epoch  40/50 | Train Loss: 0.2564 Acc: 0.9219 F1: 0.5583 | Val Loss: 0.3676 Acc: 0.9200 F1: 0.6259 | Train Meta: Scaleμ:0.9749, Signal|S|μ:7.7768, Delta|S|μ:7.0764, Delta/Signal:90.99%, Gateμ:-0.1960, Gate0%:0.0, MetaNormμ:6.8351 | Val Meta: Scaleμ:0.9749, Signal|S|μ:7.6445, Delta|S|μ:6.9582, Delta/Signal:91.02%, Gateμ:-0.1960, Gate0%:0.0, MetaNormμ:6.8351
Epoch  41/50 | Train Loss: 0.2559 Acc: 0.9241 F1: 0.5808 | Val Loss: 0.3842 Acc: 0.9200 F1: 0.6259 | Train Meta: Scaleμ:0.9749, Signal|S|μ:7.8791, Delta|S|μ:7.1707, Delta/Signal:91.01%, Gateμ:-0.1960, Gate0%:0.0, MetaNormμ:6.8351 | Val Meta: Scaleμ:0.9749, Signal|S|μ:7.6445, Delta|S|μ:6.9582, Delta/Signal:91.02%, Gateμ:-0.1960, Gate0%:0.0, MetaNormμ:6.8351
Epoch  42/50 | Train Loss: 0.2518 Acc: 0.9330 F1: 0.5889 | Val Loss: 0.3693 Acc: 0.9400 F1: 0.6366 | Train Meta: Scaleμ:0.9749, Signal|S|μ:7.6466, Delta|S|μ:6.9594, Delta/Signal:91.01%, Gateμ:-0.1960, Gate0%:0.0, MetaNormμ:6.8351 | Val Meta: Scaleμ:0.9749, Signal|S|μ:7.6445, Delta|S|μ:6.9582, Delta/Signal:91.02%, Gateμ:-0.1960, Gate0%:0.0, MetaNormμ:6.8351
Epoch  43/50 | Train Loss: 0.2552 Acc: 0.9286 F1: 0.5458 | Val Loss: 0.3694 Acc: 0.9200 F1: 0.6259 | Train Meta: Scaleμ:0.9749, Signal|S|μ:7.7628, Delta|S|μ:7.0669, Delta/Signal:91.04%, Gateμ:-0.1960, Gate0%:0.0, MetaNormμ:6.8351 | Val Meta: Scaleμ:0.9749, Signal|S|μ:7.6445, Delta|S|μ:6.9582, Delta/Signal:91.02%, Gateμ:-0.1960, Gate0%:0.0, MetaNormμ:6.8351
Epoch  44/50 | Train Loss: 0.2446 Acc: 0.9330 F1: 0.5996 | Val Loss: 0.3626 Acc: 0.9400 F1: 0.6366 | Train Meta: Scaleμ:0.9749, Signal|S|μ:7.6370, Delta|S|μ:6.9492, Delta/Signal:90.99%, Gateμ:-0.1960, Gate0%:0.0, MetaNormμ:6.8351 | Val Meta: Scaleμ:0.9749, Signal|S|μ:7.6445, Delta|S|μ:6.9582, Delta/Signal:91.02%, Gateμ:-0.1960, Gate0%:0.0, MetaNormμ:6.8351
Epoch  45/50 | Train Loss: 0.2470 Acc: 0.9353 F1: 0.5976 | Val Loss: 0.3804 Acc: 0.9200 F1: 0.6259 | Train Meta: Scaleμ:0.9749, Signal|S|μ:7.6639, Delta|S|μ:6.9758, Delta/Signal:91.02%, Gateμ:-0.1960, Gate0%:0.0, MetaNormμ:6.8351 | Val Meta: Scaleμ:0.9749, Signal|S|μ:7.6445, Delta|S|μ:6.9582, Delta/Signal:91.02%, Gateμ:-0.1960, Gate0%:0.0, MetaNormμ:6.8351
Epoch  46/50 | Train Loss: 0.2547 Acc: 0.9286 F1: 0.5537 | Val Loss: 0.3648 Acc: 0.9400 F1: 0.6366 | Train Meta: Scaleμ:0.9749, Signal|S|μ:7.6813, Delta|S|μ:6.9907, Delta/Signal:91.01%, Gateμ:-0.1960, Gate0%:0.0, MetaNormμ:6.8351 | Val Meta: Scaleμ:0.9749, Signal|S|μ:7.6445, Delta|S|μ:6.9582, Delta/Signal:91.02%, Gateμ:-0.1960, Gate0%:0.0, MetaNormμ:6.8351
Epoch  47/50 | Train Loss: 0.2412 Acc: 0.9375 F1: 0.5972 | Val Loss: 0.3630 Acc: 0.9200 F1: 0.6259 | Train Meta: Scaleμ:0.9749, Signal|S|μ:7.6478, Delta|S|μ:6.9614, Delta/Signal:91.03%, Gateμ:-0.1960, Gate0%:0.0, MetaNormμ:6.8351 | Val Meta: Scaleμ:0.9749, Signal|S|μ:7.6445, Delta|S|μ:6.9582, Delta/Signal:91.02%, Gateμ:-0.1960, Gate0%:0.0, MetaNormμ:6.8351
Epoch  48/50 | Train Loss: 0.2390 Acc: 0.9330 F1: 0.5810 | Val Loss: 0.3783 Acc: 0.9200 F1: 0.6259 | Train Meta: Scaleμ:0.9749, Signal|S|μ:8.0500, Delta|S|μ:7.3278, Delta/Signal:91.03%, Gateμ:-0.1960, Gate0%:0.0, MetaNormμ:6.8351 | Val Meta: Scaleμ:0.9749, Signal|S|μ:7.6445, Delta|S|μ:6.9582, Delta/Signal:91.02%, Gateμ:-0.1960, Gate0%:0.0, MetaNormμ:6.8351
Epoch  49/50 | Train Loss: 0.2440 Acc: 0.9353 F1: 0.5819 | Val Loss: 0.3624 Acc: 0.9200 F1: 0.6259 | Train Meta: Scaleμ:0.9749, Signal|S|μ:7.7248, Delta|S|μ:7.0303, Delta/Signal:91.01%, Gateμ:-0.1960, Gate0%:0.0, MetaNormμ:6.8351 | Val Meta: Scaleμ:0.9749, Signal|S|μ:7.6445, Delta|S|μ:6.9582, Delta/Signal:91.02%, Gateμ:-0.1960, Gate0%:0.0, MetaNormμ:6.8351
Epoch  50/50 | Train Loss: 0.2423 Acc: 0.9308 F1: 0.5851 | Val Loss: 0.3674 Acc: 0.9200 F1: 0.6259 | Train Meta: Scaleμ:0.9749, Signal|S|μ:7.9010, Delta|S|μ:7.1906, Delta/Signal:91.01%, Gateμ:-0.1960, Gate0%:0.0, MetaNormμ:6.8351 | Val Meta: Scaleμ:0.9749, Signal|S|μ:7.6445, Delta|S|μ:6.9582, Delta/Signal:91.02%, Gateμ:-0.1960, Gate0%:0.0, MetaNormμ:6.8351

Classification Test Result (ECG5000)
Accuracy : 0.896667
F1 (macro): 0.422846
Saved attention maps for 3 sample(s) under ./runs/classification_electricity_to_ECG5000_laya_metadata_query_gate_text_stats_avg/attention_maps
Text metadata preview | dataset=FordA | domain=UCR | channels=1
   - channel_1: In the UCR domain, this channel belongs to the FordA dataset and represents the feature channel 1.
Stats metadata preview | dataset=FordA | domain=UCR | channels=1
   - channel_1: Channel statistics over the training split: mean value is 0.000, standard deviation is 1.000, minimum value is -4.622, maximum value is 5.064, median value is -0.001, and mean absolute value is 0.801.
/data/pjh_workspace/ts-env/lib/python3.8/site-packages/torch/nn/modules/transformer.py:307: UserWarning: enable_nested_tensor is True, but self.use_nested_tensor is False because encoder_layer.norm_first was True
  warnings.warn(f"enable_nested_tensor is True, but self.use_nested_tensor is False because {why_not_sparsity_fast_path}")
==================================================
🚀 Architecture: LAYA
📊 Target Dataset: FordA (Channels: 1)
📊 Pretrain Info: electricity
📊 Classes: 2 | Sequence Length: 500
==================================================
✅ Loaded pretrained encoder from ./checkpoints/electricity_laya_metadata_query_gate_text_stats_avg/laya_ts_electricity_s_best.pt
   - 116/116 keys matched.
✅ Encoder is FROZEN (Linear Probing mode).
📝 metadata: mode=text_stats_avg, fusion=none, relation=metadata_query_gate
ℹ️  Metadata Fusion Mode: none
ℹ️  Channel Mixer Relation Mode: metadata_query_gate
ℹ️  Encoder Variant: default
ℹ️  Channel Adapter: disabled for Laya downstream (mixer)
ℹ️  Channel Relation Block: disabled
✅ ClassificationHead: [B, 256] → [B, 2]
Epoch   1/50 | Train Loss: 0.6901 Acc: 0.5514 F1: 0.5500 | Val Loss: 0.6887 Acc: 0.5389 F1: 0.4356 | Train Meta: Scaleμ:0.9749, Signal|S|μ:4.3471, Delta|S|μ:4.1162, Delta/Signal:94.69%, Gateμ:-0.1770, Gate0%:0.0, MetaNormμ:7.3070 | Val Meta: Scaleμ:0.9749, Signal|S|μ:4.4536, Delta|S|μ:4.2174, Delta/Signal:94.70%, Gateμ:-0.1770, Gate0%:0.0, MetaNormμ:7.3070
Validation Loss decreased (inf --> 0.688724). Saving best model...
Epoch   2/50 | Train Loss: 0.6769 Acc: 0.5606 F1: 0.5596 | Val Loss: 0.6825 Acc: 0.5667 F1: 0.5391 | Train Meta: Scaleμ:0.9749, Signal|S|μ:4.6790, Delta|S|μ:4.4316, Delta/Signal:94.71%, Gateμ:-0.1770, Gate0%:0.0, MetaNormμ:7.3070 | Val Meta: Scaleμ:0.9749, Signal|S|μ:4.4536, Delta|S|μ:4.2174, Delta/Signal:94.70%, Gateμ:-0.1770, Gate0%:0.0, MetaNormμ:7.3070
Validation Loss decreased (0.688724 --> 0.682477). Saving best model...
Epoch   3/50 | Train Loss: 0.6645 Acc: 0.5894 F1: 0.5889 | Val Loss: 0.6674 Acc: 0.5972 F1: 0.5914 | Train Meta: Scaleμ:0.9749, Signal|S|μ:4.5196, Delta|S|μ:4.2797, Delta/Signal:94.69%, Gateμ:-0.1770, Gate0%:0.0, MetaNormμ:7.3070 | Val Meta: Scaleμ:0.9749, Signal|S|μ:4.4536, Delta|S|μ:4.2174, Delta/Signal:94.70%, Gateμ:-0.1770, Gate0%:0.0, MetaNormμ:7.3070
Validation Loss decreased (0.682477 --> 0.667426). Saving best model...
Epoch   4/50 | Train Loss: 0.6578 Acc: 0.6012 F1: 0.6001 | Val Loss: 0.6708 Acc: 0.5889 F1: 0.5675 | Train Meta: Scaleμ:0.9749, Signal|S|μ:4.4818, Delta|S|μ:4.2445, Delta/Signal:94.71%, Gateμ:-0.1770, Gate0%:0.0, MetaNormμ:7.3070 | Val Meta: Scaleμ:0.9749, Signal|S|μ:4.4536, Delta|S|μ:4.2174, Delta/Signal:94.70%, Gateμ:-0.1770, Gate0%:0.0, MetaNormμ:7.3070
Epoch   5/50 | Train Loss: 0.6585 Acc: 0.5953 F1: 0.5951 | Val Loss: 0.6611 Acc: 0.5889 F1: 0.5867 | Train Meta: Scaleμ:0.9749, Signal|S|μ:4.4914, Delta|S|μ:4.2535, Delta/Signal:94.70%, Gateμ:-0.1770, Gate0%:0.0, MetaNormμ:7.3070 | Val Meta: Scaleμ:0.9749, Signal|S|μ:4.4536, Delta|S|μ:4.2174, Delta/Signal:94.70%, Gateμ:-0.1770, Gate0%:0.0, MetaNormμ:7.3070
Validation Loss decreased (0.667426 --> 0.661115). Saving best model...
Epoch   6/50 | Train Loss: 0.6535 Acc: 0.6046 F1: 0.6043 | Val Loss: 0.6561 Acc: 0.6028 F1: 0.5998 | Train Meta: Scaleμ:0.9749, Signal|S|μ:4.4636, Delta|S|μ:4.2263, Delta/Signal:94.68%, Gateμ:-0.1770, Gate0%:0.0, MetaNormμ:7.3070 | Val Meta: Scaleμ:0.9749, Signal|S|μ:4.4536, Delta|S|μ:4.2174, Delta/Signal:94.70%, Gateμ:-0.1770, Gate0%:0.0, MetaNormμ:7.3070
Validation Loss decreased (0.661115 --> 0.656070). Saving best model...
Epoch   7/50 | Train Loss: 0.6468 Acc: 0.6055 F1: 0.6051 | Val Loss: 0.6613 Acc: 0.6083 F1: 0.5874 | Train Meta: Scaleμ:0.9749, Signal|S|μ:4.7019, Delta|S|μ:4.4542, Delta/Signal:94.73%, Gateμ:-0.1770, Gate0%:0.0, MetaNormμ:7.3070 | Val Meta: Scaleμ:0.9749, Signal|S|μ:4.4536, Delta|S|μ:4.2174, Delta/Signal:94.70%, Gateμ:-0.1770, Gate0%:0.0, MetaNormμ:7.3070
Epoch   8/50 | Train Loss: 0.6491 Acc: 0.6064 F1: 0.6061 | Val Loss: 0.6538 Acc: 0.5806 F1: 0.5477 | Train Meta: Scaleμ:0.9749, Signal|S|μ:4.4358, Delta|S|μ:4.1998, Delta/Signal:94.68%, Gateμ:-0.1770, Gate0%:0.0, MetaNormμ:7.3070 | Val Meta: Scaleμ:0.9749, Signal|S|μ:4.4536, Delta|S|μ:4.2174, Delta/Signal:94.70%, Gateμ:-0.1770, Gate0%:0.0, MetaNormμ:7.3070
Validation Loss decreased (0.656070 --> 0.653835). Saving best model...
Epoch   9/50 | Train Loss: 0.6416 Acc: 0.6222 F1: 0.6218 | Val Loss: 0.6829 Acc: 0.5944 F1: 0.5437 | Train Meta: Scaleμ:0.9749, Signal|S|μ:4.3363, Delta|S|μ:4.1052, Delta/Signal:94.67%, Gateμ:-0.1770, Gate0%:0.0, MetaNormμ:7.3070 | Val Meta: Scaleμ:0.9749, Signal|S|μ:4.4536, Delta|S|μ:4.2174, Delta/Signal:94.70%, Gateμ:-0.1770, Gate0%:0.0, MetaNormμ:7.3070
Epoch  10/50 | Train Loss: 0.6408 Acc: 0.6126 F1: 0.6124 | Val Loss: 0.6459 Acc: 0.5917 F1: 0.5721 | Train Meta: Scaleμ:0.9749, Signal|S|μ:4.5508, Delta|S|μ:4.3098, Delta/Signal:94.70%, Gateμ:-0.1770, Gate0%:0.0, MetaNormμ:7.3070 | Val Meta: Scaleμ:0.9749, Signal|S|μ:4.4536, Delta|S|μ:4.2174, Delta/Signal:94.70%, Gateμ:-0.1770, Gate0%:0.0, MetaNormμ:7.3070
Validation Loss decreased (0.653835 --> 0.645926). Saving best model...
Epoch  11/50 | Train Loss: 0.6364 Acc: 0.6253 F1: 0.6249 | Val Loss: 0.6372 Acc: 0.5972 F1: 0.5961 | Train Meta: Scaleμ:0.9749, Signal|S|μ:4.4408, Delta|S|μ:4.2051, Delta/Signal:94.69%, Gateμ:-0.1770, Gate0%:0.0, MetaNormμ:7.3070 | Val Meta: Scaleμ:0.9749, Signal|S|μ:4.4536, Delta|S|μ:4.2174, Delta/Signal:94.70%, Gateμ:-0.1770, Gate0%:0.0, MetaNormμ:7.3070
Validation Loss decreased (0.645926 --> 0.637210). Saving best model...
Epoch  12/50 | Train Loss: 0.6354 Acc: 0.6300 F1: 0.6297 | Val Loss: 0.6494 Acc: 0.6472 F1: 0.6264 | Train Meta: Scaleμ:0.9749, Signal|S|μ:4.6259, Delta|S|μ:4.3813, Delta/Signal:94.71%, Gateμ:-0.1770, Gate0%:0.0, MetaNormμ:7.3070 | Val Meta: Scaleμ:0.9749, Signal|S|μ:4.4536, Delta|S|μ:4.2174, Delta/Signal:94.70%, Gateμ:-0.1770, Gate0%:0.0, MetaNormμ:7.3070
Epoch  13/50 | Train Loss: 0.6368 Acc: 0.6238 F1: 0.6236 | Val Loss: 0.6325 Acc: 0.6111 F1: 0.6101 | Train Meta: Scaleμ:0.9749, Signal|S|μ:4.2933, Delta|S|μ:4.0646, Delta/Signal:94.67%, Gateμ:-0.1770, Gate0%:0.0, MetaNormμ:7.3070 | Val Meta: Scaleμ:0.9749, Signal|S|μ:4.4536, Delta|S|μ:4.2174, Delta/Signal:94.70%, Gateμ:-0.1770, Gate0%:0.0, MetaNormμ:7.3070
Validation Loss decreased (0.637210 --> 0.632529). Saving best model...
Epoch  14/50 | Train Loss: 0.6344 Acc: 0.6358 F1: 0.6354 | Val Loss: 0.6309 Acc: 0.5944 F1: 0.5899 | Train Meta: Scaleμ:0.9749, Signal|S|μ:4.5479, Delta|S|μ:4.3070, Delta/Signal:94.70%, Gateμ:-0.1770, Gate0%:0.0, MetaNormμ:7.3070 | Val Meta: Scaleμ:0.9749, Signal|S|μ:4.4536, Delta|S|μ:4.2174, Delta/Signal:94.70%, Gateμ:-0.1770, Gate0%:0.0, MetaNormμ:7.3070
Validation Loss decreased (0.632529 --> 0.630863). Saving best model...
Epoch  15/50 | Train Loss: 0.6266 Acc: 0.6402 F1: 0.6401 | Val Loss: 0.6269 Acc: 0.6306 F1: 0.6303 | Train Meta: Scaleμ:0.9749, Signal|S|μ:4.4223, Delta|S|μ:4.1876, Delta/Signal:94.69%, Gateμ:-0.1770, Gate0%:0.0, MetaNormμ:7.3070 | Val Meta: Scaleμ:0.9749, Signal|S|μ:4.4536, Delta|S|μ:4.2174, Delta/Signal:94.70%, Gateμ:-0.1770, Gate0%:0.0, MetaNormμ:7.3070
Validation Loss decreased (0.630863 --> 0.626911). Saving best model...
Epoch  16/50 | Train Loss: 0.6244 Acc: 0.6423 F1: 0.6422 | Val Loss: 0.6252 Acc: 0.6028 F1: 0.6019 | Train Meta: Scaleμ:0.9749, Signal|S|μ:4.7857, Delta|S|μ:4.5340, Delta/Signal:94.74%, Gateμ:-0.1770, Gate0%:0.0, MetaNormμ:7.3070 | Val Meta: Scaleμ:0.9749, Signal|S|μ:4.4536, Delta|S|μ:4.2174, Delta/Signal:94.70%, Gateμ:-0.1770, Gate0%:0.0, MetaNormμ:7.3070
Validation Loss decreased (0.626911 --> 0.625206). Saving best model...
Epoch  17/50 | Train Loss: 0.6288 Acc: 0.6402 F1: 0.6400 | Val Loss: 0.6272 Acc: 0.6528 F1: 0.6478 | Train Meta: Scaleμ:0.9749, Signal|S|μ:4.7229, Delta|S|μ:4.4739, Delta/Signal:94.73%, Gateμ:-0.1770, Gate0%:0.0, MetaNormμ:7.3070 | Val Meta: Scaleμ:0.9749, Signal|S|μ:4.4536, Delta|S|μ:4.2174, Delta/Signal:94.70%, Gateμ:-0.1770, Gate0%:0.0, MetaNormμ:7.3070
Epoch  18/50 | Train Loss: 0.6239 Acc: 0.6507 F1: 0.6504 | Val Loss: 0.6404 Acc: 0.6444 F1: 0.6218 | Train Meta: Scaleμ:0.9749, Signal|S|μ:4.4669, Delta|S|μ:4.2298, Delta/Signal:94.69%, Gateμ:-0.1770, Gate0%:0.0, MetaNormμ:7.3070 | Val Meta: Scaleμ:0.9749, Signal|S|μ:4.4536, Delta|S|μ:4.2174, Delta/Signal:94.70%, Gateμ:-0.1770, Gate0%:0.0, MetaNormμ:7.3070
Epoch  19/50 | Train Loss: 0.6218 Acc: 0.6516 F1: 0.6515 | Val Loss: 0.6350 Acc: 0.5944 F1: 0.5559 | Train Meta: Scaleμ:0.9749, Signal|S|μ:4.4826, Delta|S|μ:4.2450, Delta/Signal:94.70%, Gateμ:-0.1770, Gate0%:0.0, MetaNormμ:7.3070 | Val Meta: Scaleμ:0.9749, Signal|S|μ:4.4536, Delta|S|μ:4.2174, Delta/Signal:94.70%, Gateμ:-0.1770, Gate0%:0.0, MetaNormμ:7.3070
Epoch  20/50 | Train Loss: 0.6277 Acc: 0.6392 F1: 0.6388 | Val Loss: 0.6342 Acc: 0.6417 F1: 0.6226 | Train Meta: Scaleμ:0.9749, Signal|S|μ:4.7988, Delta|S|μ:4.5459, Delta/Signal:94.73%, Gateμ:-0.1770, Gate0%:0.0, MetaNormμ:7.3070 | Val Meta: Scaleμ:0.9749, Signal|S|μ:4.4536, Delta|S|μ:4.2174, Delta/Signal:94.70%, Gateμ:-0.1770, Gate0%:0.0, MetaNormμ:7.3070
Epoch  21/50 | Train Loss: 0.6196 Acc: 0.6510 F1: 0.6510 | Val Loss: 0.6201 Acc: 0.6556 F1: 0.6521 | Train Meta: Scaleμ:0.9749, Signal|S|μ:4.5903, Delta|S|μ:4.3473, Delta/Signal:94.71%, Gateμ:-0.1770, Gate0%:0.0, MetaNormμ:7.3070 | Val Meta: Scaleμ:0.9749, Signal|S|μ:4.4536, Delta|S|μ:4.2174, Delta/Signal:94.70%, Gateμ:-0.1770, Gate0%:0.0, MetaNormμ:7.3070
Validation Loss decreased (0.625206 --> 0.620062). Saving best model...
Epoch  22/50 | Train Loss: 0.6158 Acc: 0.6603 F1: 0.6603 | Val Loss: 0.6176 Acc: 0.6556 F1: 0.6537 | Train Meta: Scaleμ:0.9749, Signal|S|μ:4.4881, Delta|S|μ:4.2502, Delta/Signal:94.70%, Gateμ:-0.1770, Gate0%:0.0, MetaNormμ:7.3070 | Val Meta: Scaleμ:0.9749, Signal|S|μ:4.4536, Delta|S|μ:4.2174, Delta/Signal:94.70%, Gateμ:-0.1770, Gate0%:0.0, MetaNormμ:7.3070
Validation Loss decreased (0.620062 --> 0.617630). Saving best model...
Epoch  23/50 | Train Loss: 0.6169 Acc: 0.6448 F1: 0.6447 | Val Loss: 0.6151 Acc: 0.6528 F1: 0.6525 | Train Meta: Scaleμ:0.9749, Signal|S|μ:4.5081, Delta|S|μ:4.2682, Delta/Signal:94.68%, Gateμ:-0.1770, Gate0%:0.0, MetaNormμ:7.3070 | Val Meta: Scaleμ:0.9749, Signal|S|μ:4.4536, Delta|S|μ:4.2174, Delta/Signal:94.70%, Gateμ:-0.1770, Gate0%:0.0, MetaNormμ:7.3070
Validation Loss decreased (0.617630 --> 0.615100). Saving best model...
Epoch  24/50 | Train Loss: 0.6174 Acc: 0.6463 F1: 0.6462 | Val Loss: 0.6160 Acc: 0.6278 F1: 0.6171 | Train Meta: Scaleμ:0.9749, Signal|S|μ:4.5431, Delta|S|μ:4.3021, Delta/Signal:94.70%, Gateμ:-0.1770, Gate0%:0.0, MetaNormμ:7.3070 | Val Meta: Scaleμ:0.9749, Signal|S|μ:4.4536, Delta|S|μ:4.2174, Delta/Signal:94.70%, Gateμ:-0.1770, Gate0%:0.0, MetaNormμ:7.3070
Epoch  25/50 | Train Loss: 0.6082 Acc: 0.6640 F1: 0.6640 | Val Loss: 0.6289 Acc: 0.6306 F1: 0.6053 | Train Meta: Scaleμ:0.9749, Signal|S|μ:4.5530, Delta|S|μ:4.3125, Delta/Signal:94.72%, Gateμ:-0.1770, Gate0%:0.0, MetaNormμ:7.3070 | Val Meta: Scaleμ:0.9749, Signal|S|μ:4.4536, Delta|S|μ:4.2174, Delta/Signal:94.70%, Gateμ:-0.1770, Gate0%:0.0, MetaNormμ:7.3070
Epoch  26/50 | Train Loss: 0.6090 Acc: 0.6658 F1: 0.6657 | Val Loss: 0.6094 Acc: 0.6444 F1: 0.6443 | Train Meta: Scaleμ:0.9749, Signal|S|μ:4.4890, Delta|S|μ:4.2512, Delta/Signal:94.70%, Gateμ:-0.1770, Gate0%:0.0, MetaNormμ:7.3070 | Val Meta: Scaleμ:0.9749, Signal|S|μ:4.4536, Delta|S|μ:4.2174, Delta/Signal:94.70%, Gateμ:-0.1770, Gate0%:0.0, MetaNormμ:7.3070
Validation Loss decreased (0.615100 --> 0.609448). Saving best model...
Epoch  27/50 | Train Loss: 0.6084 Acc: 0.6634 F1: 0.6632 | Val Loss: 0.6101 Acc: 0.6361 F1: 0.6313 | Train Meta: Scaleμ:0.9749, Signal|S|μ:4.4911, Delta|S|μ:4.2528, Delta/Signal:94.69%, Gateμ:-0.1770, Gate0%:0.0, MetaNormμ:7.3070 | Val Meta: Scaleμ:0.9749, Signal|S|μ:4.4536, Delta|S|μ:4.2174, Delta/Signal:94.70%, Gateμ:-0.1770, Gate0%:0.0, MetaNormμ:7.3070
Epoch  28/50 | Train Loss: 0.6097 Acc: 0.6572 F1: 0.6571 | Val Loss: 0.6093 Acc: 0.6472 F1: 0.6458 | Train Meta: Scaleμ:0.9749, Signal|S|μ:4.4384, Delta|S|μ:4.2023, Delta/Signal:94.68%, Gateμ:-0.1770, Gate0%:0.0, MetaNormμ:7.3070 | Val Meta: Scaleμ:0.9749, Signal|S|μ:4.4536, Delta|S|μ:4.2174, Delta/Signal:94.70%, Gateμ:-0.1770, Gate0%:0.0, MetaNormμ:7.3070
Validation Loss decreased (0.609448 --> 0.609284). Saving best model...
Epoch  29/50 | Train Loss: 0.6126 Acc: 0.6532 F1: 0.6531 | Val Loss: 0.6611 Acc: 0.5972 F1: 0.5459 | Train Meta: Scaleμ:0.9749, Signal|S|μ:4.5010, Delta|S|μ:4.2627, Delta/Signal:94.71%, Gateμ:-0.1770, Gate0%:0.0, MetaNormμ:7.3070 | Val Meta: Scaleμ:0.9749, Signal|S|μ:4.4536, Delta|S|μ:4.2174, Delta/Signal:94.70%, Gateμ:-0.1770, Gate0%:0.0, MetaNormμ:7.3070
Epoch  30/50 | Train Loss: 0.6145 Acc: 0.6513 F1: 0.6513 | Val Loss: 0.6234 Acc: 0.6278 F1: 0.5939 | Train Meta: Scaleμ:0.9749, Signal|S|μ:4.5499, Delta|S|μ:4.3091, Delta/Signal:94.71%, Gateμ:-0.1770, Gate0%:0.0, MetaNormμ:7.3070 | Val Meta: Scaleμ:0.9749, Signal|S|μ:4.4536, Delta|S|μ:4.2174, Delta/Signal:94.70%, Gateμ:-0.1770, Gate0%:0.0, MetaNormμ:7.3070
Epoch  31/50 | Train Loss: 0.6076 Acc: 0.6575 F1: 0.6574 | Val Loss: 0.6090 Acc: 0.6611 F1: 0.6527 | Train Meta: Scaleμ:0.9749, Signal|S|μ:4.4894, Delta|S|μ:4.2514, Delta/Signal:94.70%, Gateμ:-0.1770, Gate0%:0.0, MetaNormμ:7.3070 | Val Meta: Scaleμ:0.9749, Signal|S|μ:4.4536, Delta|S|μ:4.2174, Delta/Signal:94.70%, Gateμ:-0.1770, Gate0%:0.0, MetaNormμ:7.3070
Validation Loss decreased (0.609284 --> 0.608966). Saving best model...
Epoch  32/50 | Train Loss: 0.6087 Acc: 0.6541 F1: 0.6540 | Val Loss: 0.6060 Acc: 0.6528 F1: 0.6468 | Train Meta: Scaleμ:0.9749, Signal|S|μ:4.7025, Delta|S|μ:4.4543, Delta/Signal:94.72%, Gateμ:-0.1770, Gate0%:0.0, MetaNormμ:7.3070 | Val Meta: Scaleμ:0.9749, Signal|S|μ:4.4536, Delta|S|μ:4.2174, Delta/Signal:94.70%, Gateμ:-0.1770, Gate0%:0.0, MetaNormμ:7.3070
Validation Loss decreased (0.608966 --> 0.606036). Saving best model...
Epoch  33/50 | Train Loss: 0.6047 Acc: 0.6717 F1: 0.6717 | Val Loss: 0.6098 Acc: 0.6333 F1: 0.6198 | Train Meta: Scaleμ:0.9749, Signal|S|μ:4.4522, Delta|S|μ:4.2157, Delta/Signal:94.69%, Gateμ:-0.1770, Gate0%:0.0, MetaNormμ:7.3070 | Val Meta: Scaleμ:0.9749, Signal|S|μ:4.4536, Delta|S|μ:4.2174, Delta/Signal:94.70%, Gateμ:-0.1770, Gate0%:0.0, MetaNormμ:7.3070
Epoch  34/50 | Train Loss: 0.5995 Acc: 0.6627 F1: 0.6627 | Val Loss: 0.6317 Acc: 0.6389 F1: 0.6125 | Train Meta: Scaleμ:0.9749, Signal|S|μ:4.3695, Delta|S|μ:4.1368, Delta/Signal:94.68%, Gateμ:-0.1770, Gate0%:0.0, MetaNormμ:7.3070 | Val Meta: Scaleμ:0.9749, Signal|S|μ:4.4536, Delta|S|μ:4.2174, Delta/Signal:94.70%, Gateμ:-0.1770, Gate0%:0.0, MetaNormμ:7.3070
Epoch  35/50 | Train Loss: 0.6009 Acc: 0.6751 F1: 0.6750 | Val Loss: 0.6068 Acc: 0.6417 F1: 0.6318 | Train Meta: Scaleμ:0.9749, Signal|S|μ:4.4291, Delta|S|μ:4.1938, Delta/Signal:94.69%, Gateμ:-0.1770, Gate0%:0.0, MetaNormμ:7.3070 | Val Meta: Scaleμ:0.9749, Signal|S|μ:4.4536, Delta|S|μ:4.2174, Delta/Signal:94.70%, Gateμ:-0.1770, Gate0%:0.0, MetaNormμ:7.3070
Epoch  36/50 | Train Loss: 0.6007 Acc: 0.6723 F1: 0.6723 | Val Loss: 0.6304 Acc: 0.6306 F1: 0.5917 | Train Meta: Scaleμ:0.9749, Signal|S|μ:4.6937, Delta|S|μ:4.4453, Delta/Signal:94.71%, Gateμ:-0.1770, Gate0%:0.0, MetaNormμ:7.3070 | Val Meta: Scaleμ:0.9749, Signal|S|μ:4.4536, Delta|S|μ:4.2174, Delta/Signal:94.70%, Gateμ:-0.1770, Gate0%:0.0, MetaNormμ:7.3070
Epoch  37/50 | Train Loss: 0.5977 Acc: 0.6726 F1: 0.6724 | Val Loss: 0.6140 Acc: 0.6694 F1: 0.6583 | Train Meta: Scaleμ:0.9749, Signal|S|μ:4.7827, Delta|S|μ:4.5305, Delta/Signal:94.73%, Gateμ:-0.1770, Gate0%:0.0, MetaNormμ:7.3070 | Val Meta: Scaleμ:0.9749, Signal|S|μ:4.4536, Delta|S|μ:4.2174, Delta/Signal:94.70%, Gateμ:-0.1770, Gate0%:0.0, MetaNormμ:7.3070
Epoch  38/50 | Train Loss: 0.6014 Acc: 0.6726 F1: 0.6726 | Val Loss: 0.6023 Acc: 0.6694 F1: 0.6681 | Train Meta: Scaleμ:0.9749, Signal|S|μ:4.6025, Delta|S|μ:4.3582, Delta/Signal:94.69%, Gateμ:-0.1770, Gate0%:0.0, MetaNormμ:7.3070 | Val Meta: Scaleμ:0.9749, Signal|S|μ:4.4536, Delta|S|μ:4.2174, Delta/Signal:94.70%, Gateμ:-0.1770, Gate0%:0.0, MetaNormμ:7.3070
Validation Loss decreased (0.606036 --> 0.602273). Saving best model...
Epoch  39/50 | Train Loss: 0.6025 Acc: 0.6692 F1: 0.6691 | Val Loss: 0.5981 Acc: 0.6667 F1: 0.6667 | Train Meta: Scaleμ:0.9749, Signal|S|μ:4.5930, Delta|S|μ:4.3503, Delta/Signal:94.72%, Gateμ:-0.1770, Gate0%:0.0, MetaNormμ:7.3070 | Val Meta: Scaleμ:0.9749, Signal|S|μ:4.4536, Delta|S|μ:4.2174, Delta/Signal:94.70%, Gateμ:-0.1770, Gate0%:0.0, MetaNormμ:7.3070
Validation Loss decreased (0.602273 --> 0.598064). Saving best model...
Epoch  40/50 | Train Loss: 0.5971 Acc: 0.6742 F1: 0.6742 | Val Loss: 0.5981 Acc: 0.6694 F1: 0.6690 | Train Meta: Scaleμ:0.9749, Signal|S|μ:4.6733, Delta|S|μ:4.4269, Delta/Signal:94.73%, Gateμ:-0.1770, Gate0%:0.0, MetaNormμ:7.3070 | Val Meta: Scaleμ:0.9749, Signal|S|μ:4.4536, Delta|S|μ:4.2174, Delta/Signal:94.70%, Gateμ:-0.1770, Gate0%:0.0, MetaNormμ:7.3070
Epoch  41/50 | Train Loss: 0.6022 Acc: 0.6668 F1: 0.6668 | Val Loss: 0.5977 Acc: 0.6778 F1: 0.6758 | Train Meta: Scaleμ:0.9749, Signal|S|μ:4.3277, Delta|S|μ:4.0969, Delta/Signal:94.67%, Gateμ:-0.1770, Gate0%:0.0, MetaNormμ:7.3070 | Val Meta: Scaleμ:0.9749, Signal|S|μ:4.4536, Delta|S|μ:4.2174, Delta/Signal:94.70%, Gateμ:-0.1770, Gate0%:0.0, MetaNormμ:7.3070
Validation Loss decreased (0.598064 --> 0.597713). Saving best model...
Epoch  42/50 | Train Loss: 0.5933 Acc: 0.6822 F1: 0.6821 | Val Loss: 0.5967 Acc: 0.6611 F1: 0.6598 | Train Meta: Scaleμ:0.9749, Signal|S|μ:4.4303, Delta|S|μ:4.1948, Delta/Signal:94.68%, Gateμ:-0.1770, Gate0%:0.0, MetaNormμ:7.3070 | Val Meta: Scaleμ:0.9749, Signal|S|μ:4.4536, Delta|S|μ:4.2174, Delta/Signal:94.70%, Gateμ:-0.1770, Gate0%:0.0, MetaNormμ:7.3070
Validation Loss decreased (0.597713 --> 0.596654). Saving best model...
Epoch  43/50 | Train Loss: 0.5979 Acc: 0.6751 F1: 0.6751 | Val Loss: 0.5960 Acc: 0.6611 F1: 0.6609 | Train Meta: Scaleμ:0.9749, Signal|S|μ:4.6869, Delta|S|μ:4.4391, Delta/Signal:94.71%, Gateμ:-0.1770, Gate0%:0.0, MetaNormμ:7.3070 | Val Meta: Scaleμ:0.9749, Signal|S|μ:4.4536, Delta|S|μ:4.2174, Delta/Signal:94.70%, Gateμ:-0.1770, Gate0%:0.0, MetaNormμ:7.3070
Validation Loss decreased (0.596654 --> 0.596042). Saving best model...
Epoch  44/50 | Train Loss: 0.5952 Acc: 0.6714 F1: 0.6714 | Val Loss: 0.6043 Acc: 0.6750 F1: 0.6694 | Train Meta: Scaleμ:0.9749, Signal|S|μ:4.5547, Delta|S|μ:4.3130, Delta/Signal:94.69%, Gateμ:-0.1770, Gate0%:0.0, MetaNormμ:7.3070 | Val Meta: Scaleμ:0.9749, Signal|S|μ:4.4536, Delta|S|μ:4.2174, Delta/Signal:94.70%, Gateμ:-0.1770, Gate0%:0.0, MetaNormμ:7.3070
Epoch  45/50 | Train Loss: 0.5937 Acc: 0.6730 F1: 0.6729 | Val Loss: 0.5985 Acc: 0.6444 F1: 0.6404 | Train Meta: Scaleμ:0.9749, Signal|S|μ:4.6079, Delta|S|μ:4.3642, Delta/Signal:94.71%, Gateμ:-0.1770, Gate0%:0.0, MetaNormμ:7.3070 | Val Meta: Scaleμ:0.9749, Signal|S|μ:4.4536, Delta|S|μ:4.2174, Delta/Signal:94.70%, Gateμ:-0.1770, Gate0%:0.0, MetaNormμ:7.3070
Epoch  46/50 | Train Loss: 0.5928 Acc: 0.6770 F1: 0.6770 | Val Loss: 0.6166 Acc: 0.6583 F1: 0.6410 | Train Meta: Scaleμ:0.9749, Signal|S|μ:4.5915, Delta|S|μ:4.3485, Delta/Signal:94.71%, Gateμ:-0.1770, Gate0%:0.0, MetaNormμ:7.3070 | Val Meta: Scaleμ:0.9749, Signal|S|μ:4.4536, Delta|S|μ:4.2174, Delta/Signal:94.70%, Gateμ:-0.1770, Gate0%:0.0, MetaNormμ:7.3070
Epoch  47/50 | Train Loss: 0.5931 Acc: 0.6788 F1: 0.6788 | Val Loss: 0.5936 Acc: 0.6694 F1: 0.6692 | Train Meta: Scaleμ:0.9749, Signal|S|μ:4.6348, Delta|S|μ:4.3891, Delta/Signal:94.70%, Gateμ:-0.1770, Gate0%:0.0, MetaNormμ:7.3070 | Val Meta: Scaleμ:0.9749, Signal|S|μ:4.4536, Delta|S|μ:4.2174, Delta/Signal:94.70%, Gateμ:-0.1770, Gate0%:0.0, MetaNormμ:7.3070
Validation Loss decreased (0.596042 --> 0.593563). Saving best model...
Epoch  48/50 | Train Loss: 0.5906 Acc: 0.6767 F1: 0.6766 | Val Loss: 0.5925 Acc: 0.6639 F1: 0.6636 | Train Meta: Scaleμ:0.9749, Signal|S|μ:4.4289, Delta|S|μ:4.1939, Delta/Signal:94.69%, Gateμ:-0.1770, Gate0%:0.0, MetaNormμ:7.3070 | Val Meta: Scaleμ:0.9749, Signal|S|μ:4.4536, Delta|S|μ:4.2174, Delta/Signal:94.70%, Gateμ:-0.1770, Gate0%:0.0, MetaNormμ:7.3070
Validation Loss decreased (0.593563 --> 0.592461). Saving best model...
Epoch  49/50 | Train Loss: 0.5947 Acc: 0.6733 F1: 0.6732 | Val Loss: 0.5955 Acc: 0.6750 F1: 0.6732 | Train Meta: Scaleμ:0.9749, Signal|S|μ:4.7108, Delta|S|μ:4.4619, Delta/Signal:94.72%, Gateμ:-0.1770, Gate0%:0.0, MetaNormμ:7.3070 | Val Meta: Scaleμ:0.9749, Signal|S|μ:4.4536, Delta|S|μ:4.2174, Delta/Signal:94.70%, Gateμ:-0.1770, Gate0%:0.0, MetaNormμ:7.3070
Epoch  50/50 | Train Loss: 0.5916 Acc: 0.6878 F1: 0.6878 | Val Loss: 0.5924 Acc: 0.6583 F1: 0.6551 | Train Meta: Scaleμ:0.9749, Signal|S|μ:4.4253, Delta|S|μ:4.1896, Delta/Signal:94.67%, Gateμ:-0.1770, Gate0%:0.0, MetaNormμ:7.3070 | Val Meta: Scaleμ:0.9749, Signal|S|μ:4.4536, Delta|S|μ:4.2174, Delta/Signal:94.70%, Gateμ:-0.1770, Gate0%:0.0, MetaNormμ:7.3070
Validation Loss decreased (0.592461 --> 0.592387). Saving best model...

Classification Test Result (FordA)
Accuracy : 0.653030
F1 (macro): 0.649526
Saved attention maps for 3 sample(s) under ./runs/classification_electricity_to_FordA_laya_metadata_query_gate_text_stats_avg/attention_maps
Text metadata preview | dataset=FordB | domain=UCR | channels=1
   - channel_1: In the UCR domain, this channel belongs to the FordB dataset and represents the feature channel 1.
Stats metadata preview | dataset=FordB | domain=UCR | channels=1
   - channel_1: Channel statistics over the training split: mean value is 0.000, standard deviation is 1.000, minimum value is -5.545, maximum value is 5.095, median value is 0.002, and mean absolute value is 0.792.
/data/pjh_workspace/ts-env/lib/python3.8/site-packages/torch/nn/modules/transformer.py:307: UserWarning: enable_nested_tensor is True, but self.use_nested_tensor is False because encoder_layer.norm_first was True
  warnings.warn(f"enable_nested_tensor is True, but self.use_nested_tensor is False because {why_not_sparsity_fast_path}")
==================================================
🚀 Architecture: LAYA
📊 Target Dataset: FordB (Channels: 1)
📊 Pretrain Info: electricity
📊 Classes: 2 | Sequence Length: 500
==================================================
✅ Loaded pretrained encoder from ./checkpoints/electricity_laya_metadata_query_gate_text_stats_avg/laya_ts_electricity_s_best.pt
   - 116/116 keys matched.
✅ Encoder is FROZEN (Linear Probing mode).
📝 metadata: mode=text_stats_avg, fusion=none, relation=metadata_query_gate
ℹ️  Metadata Fusion Mode: none
ℹ️  Channel Mixer Relation Mode: metadata_query_gate
ℹ️  Encoder Variant: default
ℹ️  Channel Adapter: disabled for Laya downstream (mixer)
ℹ️  Channel Relation Block: disabled
✅ ClassificationHead: [B, 256] → [B, 2]
Epoch   1/50 | Train Loss: 0.6834 Acc: 0.5493 F1: 0.5475 | Val Loss: 0.6521 Acc: 0.6667 F1: 0.6649 | Train Meta: Scaleμ:0.9749, Signal|S|μ:4.1964, Delta|S|μ:3.9334, Delta/Signal:93.73%, Gateμ:-0.1684, Gate0%:0.0, MetaNormμ:7.0737 | Val Meta: Scaleμ:0.9749, Signal|S|μ:4.1480, Delta|S|μ:3.8867, Delta/Signal:93.70%, Gateμ:-0.1684, Gate0%:0.0, MetaNormμ:7.0737
Validation Loss decreased (inf --> 0.652092). Saving best model...
Epoch   2/50 | Train Loss: 0.6560 Acc: 0.6072 F1: 0.6065 | Val Loss: 0.6382 Acc: 0.6116 F1: 0.5966 | Train Meta: Scaleμ:0.9749, Signal|S|μ:4.4323, Delta|S|μ:4.1548, Delta/Signal:93.74%, Gateμ:-0.1684, Gate0%:0.0, MetaNormμ:7.0737 | Val Meta: Scaleμ:0.9749, Signal|S|μ:4.1480, Delta|S|μ:3.8867, Delta/Signal:93.70%, Gateμ:-0.1684, Gate0%:0.0, MetaNormμ:7.0737
Validation Loss decreased (0.652092 --> 0.638151). Saving best model...
Epoch   3/50 | Train Loss: 0.6493 Acc: 0.6180 F1: 0.6170 | Val Loss: 0.6435 Acc: 0.6033 F1: 0.5590 | Train Meta: Scaleμ:0.9749, Signal|S|μ:4.2182, Delta|S|μ:3.9522, Delta/Signal:93.69%, Gateμ:-0.1684, Gate0%:0.0, MetaNormμ:7.0737 | Val Meta: Scaleμ:0.9749, Signal|S|μ:4.1480, Delta|S|μ:3.8867, Delta/Signal:93.70%, Gateμ:-0.1684, Gate0%:0.0, MetaNormμ:7.0737
Epoch   4/50 | Train Loss: 0.6288 Acc: 0.6385 F1: 0.6379 | Val Loss: 0.6129 Acc: 0.6667 F1: 0.6667 | Train Meta: Scaleμ:0.9749, Signal|S|μ:4.1920, Delta|S|μ:3.9290, Delta/Signal:93.73%, Gateμ:-0.1684, Gate0%:0.0, MetaNormμ:7.0737 | Val Meta: Scaleμ:0.9749, Signal|S|μ:4.1480, Delta|S|μ:3.8867, Delta/Signal:93.70%, Gateμ:-0.1684, Gate0%:0.0, MetaNormμ:7.0737
Validation Loss decreased (0.638151 --> 0.612904). Saving best model...
Epoch   5/50 | Train Loss: 0.6165 Acc: 0.6544 F1: 0.6542 | Val Loss: 0.6213 Acc: 0.6584 F1: 0.6456 | Train Meta: Scaleμ:0.9749, Signal|S|μ:4.0514, Delta|S|μ:3.7950, Delta/Signal:93.67%, Gateμ:-0.1684, Gate0%:0.0, MetaNormμ:7.0737 | Val Meta: Scaleμ:0.9749, Signal|S|μ:4.1480, Delta|S|μ:3.8867, Delta/Signal:93.70%, Gateμ:-0.1684, Gate0%:0.0, MetaNormμ:7.0737
Epoch   6/50 | Train Loss: 0.6158 Acc: 0.6599 F1: 0.6597 | Val Loss: 0.6047 Acc: 0.6584 F1: 0.6531 | Train Meta: Scaleμ:0.9749, Signal|S|μ:4.0393, Delta|S|μ:3.7842, Delta/Signal:93.68%, Gateμ:-0.1684, Gate0%:0.0, MetaNormμ:7.0737 | Val Meta: Scaleμ:0.9749, Signal|S|μ:4.1480, Delta|S|μ:3.8867, Delta/Signal:93.70%, Gateμ:-0.1684, Gate0%:0.0, MetaNormμ:7.0737
Validation Loss decreased (0.612904 --> 0.604673). Saving best model...
Epoch   7/50 | Train Loss: 0.6102 Acc: 0.6578 F1: 0.6576 | Val Loss: 0.6138 Acc: 0.6474 F1: 0.6215 | Train Meta: Scaleμ:0.9749, Signal|S|μ:4.1368, Delta|S|μ:3.8766, Delta/Signal:93.71%, Gateμ:-0.1684, Gate0%:0.0, MetaNormμ:7.0737 | Val Meta: Scaleμ:0.9749, Signal|S|μ:4.1480, Delta|S|μ:3.8867, Delta/Signal:93.70%, Gateμ:-0.1684, Gate0%:0.0, MetaNormμ:7.0737
Epoch   8/50 | Train Loss: 0.6007 Acc: 0.6703 F1: 0.6700 | Val Loss: 0.5937 Acc: 0.6639 F1: 0.6582 | Train Meta: Scaleμ:0.9749, Signal|S|μ:4.1339, Delta|S|μ:3.8742, Delta/Signal:93.72%, Gateμ:-0.1684, Gate0%:0.0, MetaNormμ:7.0737 | Val Meta: Scaleμ:0.9749, Signal|S|μ:4.1480, Delta|S|μ:3.8867, Delta/Signal:93.70%, Gateμ:-0.1684, Gate0%:0.0, MetaNormμ:7.0737
Validation Loss decreased (0.604673 --> 0.593707). Saving best model...
Epoch   9/50 | Train Loss: 0.5997 Acc: 0.6780 F1: 0.6778 | Val Loss: 0.5836 Acc: 0.6860 F1: 0.6858 | Train Meta: Scaleμ:0.9749, Signal|S|μ:4.0635, Delta|S|μ:3.8065, Delta/Signal:93.67%, Gateμ:-0.1684, Gate0%:0.0, MetaNormμ:7.0737 | Val Meta: Scaleμ:0.9749, Signal|S|μ:4.1480, Delta|S|μ:3.8867, Delta/Signal:93.70%, Gateμ:-0.1684, Gate0%:0.0, MetaNormμ:7.0737
Validation Loss decreased (0.593707 --> 0.583643). Saving best model...
Epoch  10/50 | Train Loss: 0.5950 Acc: 0.6826 F1: 0.6826 | Val Loss: 0.5808 Acc: 0.6832 F1: 0.6797 | Train Meta: Scaleμ:0.9749, Signal|S|μ:4.1835, Delta|S|μ:3.9218, Delta/Signal:93.74%, Gateμ:-0.1684, Gate0%:0.0, MetaNormμ:7.0737 | Val Meta: Scaleμ:0.9749, Signal|S|μ:4.1480, Delta|S|μ:3.8867, Delta/Signal:93.70%, Gateμ:-0.1684, Gate0%:0.0, MetaNormμ:7.0737
Validation Loss decreased (0.583643 --> 0.580771). Saving best model...
Epoch  11/50 | Train Loss: 0.5847 Acc: 0.6906 F1: 0.6904 | Val Loss: 0.6087 Acc: 0.6749 F1: 0.6521 | Train Meta: Scaleμ:0.9749, Signal|S|μ:3.9699, Delta|S|μ:3.7187, Delta/Signal:93.67%, Gateμ:-0.1684, Gate0%:0.0, MetaNormμ:7.0737 | Val Meta: Scaleμ:0.9749, Signal|S|μ:4.1480, Delta|S|μ:3.8867, Delta/Signal:93.70%, Gateμ:-0.1684, Gate0%:0.0, MetaNormμ:7.0737
Epoch  12/50 | Train Loss: 0.5826 Acc: 0.6955 F1: 0.6954 | Val Loss: 0.5732 Acc: 0.7135 F1: 0.7114 | Train Meta: Scaleμ:0.9749, Signal|S|μ:4.3660, Delta|S|μ:4.0947, Delta/Signal:93.79%, Gateμ:-0.1684, Gate0%:0.0, MetaNormμ:7.0737 | Val Meta: Scaleμ:0.9749, Signal|S|μ:4.1480, Delta|S|μ:3.8867, Delta/Signal:93.70%, Gateμ:-0.1684, Gate0%:0.0, MetaNormμ:7.0737
Validation Loss decreased (0.580771 --> 0.573220). Saving best model...
Epoch  13/50 | Train Loss: 0.5767 Acc: 0.7022 F1: 0.7022 | Val Loss: 0.5667 Acc: 0.6915 F1: 0.6913 | Train Meta: Scaleμ:0.9749, Signal|S|μ:4.2364, Delta|S|μ:3.9707, Delta/Signal:93.73%, Gateμ:-0.1684, Gate0%:0.0, MetaNormμ:7.0737 | Val Meta: Scaleμ:0.9749, Signal|S|μ:4.1480, Delta|S|μ:3.8867, Delta/Signal:93.70%, Gateμ:-0.1684, Gate0%:0.0, MetaNormμ:7.0737
Validation Loss decreased (0.573220 --> 0.566670). Saving best model...
Epoch  14/50 | Train Loss: 0.5819 Acc: 0.6838 F1: 0.6837 | Val Loss: 0.5844 Acc: 0.6639 F1: 0.6444 | Train Meta: Scaleμ:0.9749, Signal|S|μ:4.0720, Delta|S|μ:3.8150, Delta/Signal:93.69%, Gateμ:-0.1684, Gate0%:0.0, MetaNormμ:7.0737 | Val Meta: Scaleμ:0.9749, Signal|S|μ:4.1480, Delta|S|μ:3.8867, Delta/Signal:93.70%, Gateμ:-0.1684, Gate0%:0.0, MetaNormμ:7.0737
Epoch  15/50 | Train Loss: 0.5745 Acc: 0.6976 F1: 0.6975 | Val Loss: 0.5610 Acc: 0.7245 F1: 0.7234 | Train Meta: Scaleμ:0.9749, Signal|S|μ:4.3776, Delta|S|μ:4.1031, Delta/Signal:93.73%, Gateμ:-0.1684, Gate0%:0.0, MetaNormμ:7.0737 | Val Meta: Scaleμ:0.9749, Signal|S|μ:4.1480, Delta|S|μ:3.8867, Delta/Signal:93.70%, Gateμ:-0.1684, Gate0%:0.0, MetaNormμ:7.0737
Validation Loss decreased (0.566670 --> 0.561027). Saving best model...
Epoch  16/50 | Train Loss: 0.5702 Acc: 0.7056 F1: 0.7056 | Val Loss: 0.5762 Acc: 0.6777 F1: 0.6621 | Train Meta: Scaleμ:0.9749, Signal|S|μ:4.2357, Delta|S|μ:3.9700, Delta/Signal:93.73%, Gateμ:-0.1684, Gate0%:0.0, MetaNormμ:7.0737 | Val Meta: Scaleμ:0.9749, Signal|S|μ:4.1480, Delta|S|μ:3.8867, Delta/Signal:93.70%, Gateμ:-0.1684, Gate0%:0.0, MetaNormμ:7.0737
Epoch  17/50 | Train Loss: 0.5700 Acc: 0.7068 F1: 0.7067 | Val Loss: 0.5739 Acc: 0.7190 F1: 0.7085 | Train Meta: Scaleμ:0.9749, Signal|S|μ:4.3229, Delta|S|μ:4.0523, Delta/Signal:93.74%, Gateμ:-0.1684, Gate0%:0.0, MetaNormμ:7.0737 | Val Meta: Scaleμ:0.9749, Signal|S|μ:4.1480, Delta|S|μ:3.8867, Delta/Signal:93.70%, Gateμ:-0.1684, Gate0%:0.0, MetaNormμ:7.0737
Epoch  18/50 | Train Loss: 0.5621 Acc: 0.7129 F1: 0.7129 | Val Loss: 0.5644 Acc: 0.7300 F1: 0.7241 | Train Meta: Scaleμ:0.9749, Signal|S|μ:4.2606, Delta|S|μ:3.9920, Delta/Signal:93.70%, Gateμ:-0.1684, Gate0%:0.0, MetaNormμ:7.0737 | Val Meta: Scaleμ:0.9749, Signal|S|μ:4.1480, Delta|S|μ:3.8867, Delta/Signal:93.70%, Gateμ:-0.1684, Gate0%:0.0, MetaNormμ:7.0737
Epoch  19/50 | Train Loss: 0.5632 Acc: 0.7065 F1: 0.7064 | Val Loss: 0.5509 Acc: 0.7300 F1: 0.7289 | Train Meta: Scaleμ:0.9749, Signal|S|μ:4.4055, Delta|S|μ:4.1304, Delta/Signal:93.76%, Gateμ:-0.1684, Gate0%:0.0, MetaNormμ:7.0737 | Val Meta: Scaleμ:0.9749, Signal|S|μ:4.1480, Delta|S|μ:3.8867, Delta/Signal:93.70%, Gateμ:-0.1684, Gate0%:0.0, MetaNormμ:7.0737
Validation Loss decreased (0.561027 --> 0.550876). Saving best model...
Epoch  20/50 | Train Loss: 0.5602 Acc: 0.7108 F1: 0.7108 | Val Loss: 0.5499 Acc: 0.7218 F1: 0.7201 | Train Meta: Scaleμ:0.9749, Signal|S|μ:4.2520, Delta|S|μ:3.9853, Delta/Signal:93.73%, Gateμ:-0.1684, Gate0%:0.0, MetaNormμ:7.0737 | Val Meta: Scaleμ:0.9749, Signal|S|μ:4.1480, Delta|S|μ:3.8867, Delta/Signal:93.70%, Gateμ:-0.1684, Gate0%:0.0, MetaNormμ:7.0737
Validation Loss decreased (0.550876 --> 0.549931). Saving best model...
Epoch  21/50 | Train Loss: 0.5584 Acc: 0.7117 F1: 0.7117 | Val Loss: 0.6069 Acc: 0.6556 F1: 0.6194 | Train Meta: Scaleμ:0.9749, Signal|S|μ:4.3917, Delta|S|μ:4.1177, Delta/Signal:93.76%, Gateμ:-0.1684, Gate0%:0.0, MetaNormμ:7.0737 | Val Meta: Scaleμ:0.9749, Signal|S|μ:4.1480, Delta|S|μ:3.8867, Delta/Signal:93.70%, Gateμ:-0.1684, Gate0%:0.0, MetaNormμ:7.0737
Epoch  22/50 | Train Loss: 0.5608 Acc: 0.7083 F1: 0.7083 | Val Loss: 0.5440 Acc: 0.7135 F1: 0.7123 | Train Meta: Scaleμ:0.9749, Signal|S|μ:4.1950, Delta|S|μ:3.9320, Delta/Signal:93.73%, Gateμ:-0.1684, Gate0%:0.0, MetaNormμ:7.0737 | Val Meta: Scaleμ:0.9749, Signal|S|μ:4.1480, Delta|S|μ:3.8867, Delta/Signal:93.70%, Gateμ:-0.1684, Gate0%:0.0, MetaNormμ:7.0737
Validation Loss decreased (0.549931 --> 0.544036). Saving best model...
Epoch  23/50 | Train Loss: 0.5536 Acc: 0.7172 F1: 0.7172 | Val Loss: 0.5427 Acc: 0.7163 F1: 0.7162 | Train Meta: Scaleμ:0.9749, Signal|S|μ:4.1556, Delta|S|μ:3.8940, Delta/Signal:93.71%, Gateμ:-0.1684, Gate0%:0.0, MetaNormμ:7.0737 | Val Meta: Scaleμ:0.9749, Signal|S|μ:4.1480, Delta|S|μ:3.8867, Delta/Signal:93.70%, Gateμ:-0.1684, Gate0%:0.0, MetaNormμ:7.0737
Validation Loss decreased (0.544036 --> 0.542658). Saving best model...
Epoch  24/50 | Train Loss: 0.5514 Acc: 0.7237 F1: 0.7236 | Val Loss: 0.5487 Acc: 0.7218 F1: 0.7159 | Train Meta: Scaleμ:0.9749, Signal|S|μ:4.3297, Delta|S|μ:4.0584, Delta/Signal:93.73%, Gateμ:-0.1684, Gate0%:0.0, MetaNormμ:7.0737 | Val Meta: Scaleμ:0.9749, Signal|S|μ:4.1480, Delta|S|μ:3.8867, Delta/Signal:93.70%, Gateμ:-0.1684, Gate0%:0.0, MetaNormμ:7.0737
Epoch  25/50 | Train Loss: 0.5518 Acc: 0.7246 F1: 0.7246 | Val Loss: 0.5386 Acc: 0.7218 F1: 0.7211 | Train Meta: Scaleμ:0.9749, Signal|S|μ:4.0635, Delta|S|μ:3.8069, Delta/Signal:93.68%, Gateμ:-0.1684, Gate0%:0.0, MetaNormμ:7.0737 | Val Meta: Scaleμ:0.9749, Signal|S|μ:4.1480, Delta|S|μ:3.8867, Delta/Signal:93.70%, Gateμ:-0.1684, Gate0%:0.0, MetaNormμ:7.0737
Validation Loss decreased (0.542658 --> 0.538613). Saving best model...
Epoch  26/50 | Train Loss: 0.5433 Acc: 0.7371 F1: 0.7371 | Val Loss: 0.5516 Acc: 0.6915 F1: 0.6812 | Train Meta: Scaleμ:0.9749, Signal|S|μ:3.9561, Delta|S|μ:3.7042, Delta/Signal:93.63%, Gateμ:-0.1684, Gate0%:0.0, MetaNormμ:7.0737 | Val Meta: Scaleμ:0.9749, Signal|S|μ:4.1480, Delta|S|μ:3.8867, Delta/Signal:93.70%, Gateμ:-0.1684, Gate0%:0.0, MetaNormμ:7.0737
Epoch  27/50 | Train Loss: 0.5426 Acc: 0.7264 F1: 0.7264 | Val Loss: 0.5375 Acc: 0.7135 F1: 0.7133 | Train Meta: Scaleμ:0.9749, Signal|S|μ:4.0967, Delta|S|μ:3.8402, Delta/Signal:93.74%, Gateμ:-0.1684, Gate0%:0.0, MetaNormμ:7.0737 | Val Meta: Scaleμ:0.9749, Signal|S|μ:4.1480, Delta|S|μ:3.8867, Delta/Signal:93.70%, Gateμ:-0.1684, Gate0%:0.0, MetaNormμ:7.0737
Validation Loss decreased (0.538613 --> 0.537468). Saving best model...
Epoch  28/50 | Train Loss: 0.5429 Acc: 0.7230 F1: 0.7230 | Val Loss: 0.5396 Acc: 0.7466 F1: 0.7433 | Train Meta: Scaleμ:0.9749, Signal|S|μ:3.8396, Delta|S|μ:3.5942, Delta/Signal:93.61%, Gateμ:-0.1684, Gate0%:0.0, MetaNormμ:7.0737 | Val Meta: Scaleμ:0.9749, Signal|S|μ:4.1480, Delta|S|μ:3.8867, Delta/Signal:93.70%, Gateμ:-0.1684, Gate0%:0.0, MetaNormμ:7.0737
Epoch  29/50 | Train Loss: 0.5431 Acc: 0.7230 F1: 0.7230 | Val Loss: 0.5312 Acc: 0.7300 F1: 0.7300 | Train Meta: Scaleμ:0.9749, Signal|S|μ:4.0512, Delta|S|μ:3.7945, Delta/Signal:93.66%, Gateμ:-0.1684, Gate0%:0.0, MetaNormμ:7.0737 | Val Meta: Scaleμ:0.9749, Signal|S|μ:4.1480, Delta|S|μ:3.8867, Delta/Signal:93.70%, Gateμ:-0.1684, Gate0%:0.0, MetaNormμ:7.0737
Validation Loss decreased (0.537468 --> 0.531220). Saving best model...
Epoch  30/50 | Train Loss: 0.5431 Acc: 0.7304 F1: 0.7303 | Val Loss: 0.5445 Acc: 0.7080 F1: 0.7011 | Train Meta: Scaleμ:0.9749, Signal|S|μ:4.2515, Delta|S|μ:3.9842, Delta/Signal:93.71%, Gateμ:-0.1684, Gate0%:0.0, MetaNormμ:7.0737 | Val Meta: Scaleμ:0.9749, Signal|S|μ:4.1480, Delta|S|μ:3.8867, Delta/Signal:93.70%, Gateμ:-0.1684, Gate0%:0.0, MetaNormμ:7.0737
Epoch  31/50 | Train Loss: 0.5404 Acc: 0.7267 F1: 0.7267 | Val Loss: 0.5464 Acc: 0.6887 F1: 0.6787 | Train Meta: Scaleμ:0.9749, Signal|S|μ:3.9823, Delta|S|μ:3.7302, Delta/Signal:93.67%, Gateμ:-0.1684, Gate0%:0.0, MetaNormμ:7.0737 | Val Meta: Scaleμ:0.9749, Signal|S|μ:4.1480, Delta|S|μ:3.8867, Delta/Signal:93.70%, Gateμ:-0.1684, Gate0%:0.0, MetaNormμ:7.0737
Epoch  32/50 | Train Loss: 0.5428 Acc: 0.7227 F1: 0.7227 | Val Loss: 0.5301 Acc: 0.7383 F1: 0.7381 | Train Meta: Scaleμ:0.9749, Signal|S|μ:4.1109, Delta|S|μ:3.8504, Delta/Signal:93.66%, Gateμ:-0.1684, Gate0%:0.0, MetaNormμ:7.0737 | Val Meta: Scaleμ:0.9749, Signal|S|μ:4.1480, Delta|S|μ:3.8867, Delta/Signal:93.70%, Gateμ:-0.1684, Gate0%:0.0, MetaNormμ:7.0737
Validation Loss decreased (0.531220 --> 0.530132). Saving best model...
Epoch  33/50 | Train Loss: 0.5379 Acc: 0.7347 F1: 0.7347 | Val Loss: 0.5334 Acc: 0.7218 F1: 0.7183 | Train Meta: Scaleμ:0.9749, Signal|S|μ:4.1967, Delta|S|μ:3.9327, Delta/Signal:93.71%, Gateμ:-0.1684, Gate0%:0.0, MetaNormμ:7.0737 | Val Meta: Scaleμ:0.9749, Signal|S|μ:4.1480, Delta|S|μ:3.8867, Delta/Signal:93.70%, Gateμ:-0.1684, Gate0%:0.0, MetaNormμ:7.0737
Epoch  34/50 | Train Loss: 0.5361 Acc: 0.7322 F1: 0.7322 | Val Loss: 0.5327 Acc: 0.7163 F1: 0.7134 | Train Meta: Scaleμ:0.9749, Signal|S|μ:4.2570, Delta|S|μ:3.9892, Delta/Signal:93.71%, Gateμ:-0.1684, Gate0%:0.0, MetaNormμ:7.0737 | Val Meta: Scaleμ:0.9749, Signal|S|μ:4.1480, Delta|S|μ:3.8867, Delta/Signal:93.70%, Gateμ:-0.1684, Gate0%:0.0, MetaNormμ:7.0737
Epoch  35/50 | Train Loss: 0.5327 Acc: 0.7325 F1: 0.7325 | Val Loss: 0.5319 Acc: 0.7466 F1: 0.7447 | Train Meta: Scaleμ:0.9749, Signal|S|μ:4.0251, Delta|S|μ:3.7728, Delta/Signal:93.73%, Gateμ:-0.1684, Gate0%:0.0, MetaNormμ:7.0737 | Val Meta: Scaleμ:0.9749, Signal|S|μ:4.1480, Delta|S|μ:3.8867, Delta/Signal:93.70%, Gateμ:-0.1684, Gate0%:0.0, MetaNormμ:7.0737
Epoch  36/50 | Train Loss: 0.5345 Acc: 0.7298 F1: 0.7298 | Val Loss: 0.5269 Acc: 0.7438 F1: 0.7430 | Train Meta: Scaleμ:0.9749, Signal|S|μ:4.3873, Delta|S|μ:4.1133, Delta/Signal:93.75%, Gateμ:-0.1684, Gate0%:0.0, MetaNormμ:7.0737 | Val Meta: Scaleμ:0.9749, Signal|S|μ:4.1480, Delta|S|μ:3.8867, Delta/Signal:93.70%, Gateμ:-0.1684, Gate0%:0.0, MetaNormμ:7.0737
Validation Loss decreased (0.530132 --> 0.526881). Saving best model...
Epoch  37/50 | Train Loss: 0.5328 Acc: 0.7328 F1: 0.7328 | Val Loss: 0.5324 Acc: 0.7025 F1: 0.6982 | Train Meta: Scaleμ:0.9749, Signal|S|μ:4.0424, Delta|S|μ:3.7868, Delta/Signal:93.67%, Gateμ:-0.1684, Gate0%:0.0, MetaNormμ:7.0737 | Val Meta: Scaleμ:0.9749, Signal|S|μ:4.1480, Delta|S|μ:3.8867, Delta/Signal:93.70%, Gateμ:-0.1684, Gate0%:0.0, MetaNormμ:7.0737
Epoch  38/50 | Train Loss: 0.5309 Acc: 0.7390 F1: 0.7390 | Val Loss: 0.5231 Acc: 0.7438 F1: 0.7434 | Train Meta: Scaleμ:0.9749, Signal|S|μ:4.0852, Delta|S|μ:3.8268, Delta/Signal:93.67%, Gateμ:-0.1684, Gate0%:0.0, MetaNormμ:7.0737 | Val Meta: Scaleμ:0.9749, Signal|S|μ:4.1480, Delta|S|μ:3.8867, Delta/Signal:93.70%, Gateμ:-0.1684, Gate0%:0.0, MetaNormμ:7.0737
Validation Loss decreased (0.526881 --> 0.523100). Saving best model...
Epoch  39/50 | Train Loss: 0.5258 Acc: 0.7439 F1: 0.7438 | Val Loss: 0.5240 Acc: 0.7300 F1: 0.7285 | Train Meta: Scaleμ:0.9749, Signal|S|μ:4.1912, Delta|S|μ:3.9276, Delta/Signal:93.71%, Gateμ:-0.1684, Gate0%:0.0, MetaNormμ:7.0737 | Val Meta: Scaleμ:0.9749, Signal|S|μ:4.1480, Delta|S|μ:3.8867, Delta/Signal:93.70%, Gateμ:-0.1684, Gate0%:0.0, MetaNormμ:7.0737
Epoch  40/50 | Train Loss: 0.5332 Acc: 0.7390 F1: 0.7390 | Val Loss: 0.5258 Acc: 0.7107 F1: 0.7100 | Train Meta: Scaleμ:0.9749, Signal|S|μ:4.0597, Delta|S|μ:3.8024, Delta/Signal:93.66%, Gateμ:-0.1684, Gate0%:0.0, MetaNormμ:7.0737 | Val Meta: Scaleμ:0.9749, Signal|S|μ:4.1480, Delta|S|μ:3.8867, Delta/Signal:93.70%, Gateμ:-0.1684, Gate0%:0.0, MetaNormμ:7.0737
Epoch  41/50 | Train Loss: 0.5280 Acc: 0.7362 F1: 0.7361 | Val Loss: 0.5256 Acc: 0.7355 F1: 0.7333 | Train Meta: Scaleμ:0.9749, Signal|S|μ:4.2834, Delta|S|μ:4.0142, Delta/Signal:93.72%, Gateμ:-0.1684, Gate0%:0.0, MetaNormμ:7.0737 | Val Meta: Scaleμ:0.9749, Signal|S|μ:4.1480, Delta|S|μ:3.8867, Delta/Signal:93.70%, Gateμ:-0.1684, Gate0%:0.0, MetaNormμ:7.0737
Epoch  42/50 | Train Loss: 0.5270 Acc: 0.7362 F1: 0.7362 | Val Loss: 0.5201 Acc: 0.7493 F1: 0.7490 | Train Meta: Scaleμ:0.9749, Signal|S|μ:4.5624, Delta|S|μ:4.2787, Delta/Signal:93.78%, Gateμ:-0.1684, Gate0%:0.0, MetaNormμ:7.0737 | Val Meta: Scaleμ:0.9749, Signal|S|μ:4.1480, Delta|S|μ:3.8867, Delta/Signal:93.70%, Gateμ:-0.1684, Gate0%:0.0, MetaNormμ:7.0737
Validation Loss decreased (0.523100 --> 0.520100). Saving best model...
Epoch  43/50 | Train Loss: 0.5265 Acc: 0.7377 F1: 0.7377 | Val Loss: 0.5268 Acc: 0.7135 F1: 0.7114 | Train Meta: Scaleμ:0.9749, Signal|S|μ:4.2104, Delta|S|μ:3.9462, Delta/Signal:93.73%, Gateμ:-0.1684, Gate0%:0.0, MetaNormμ:7.0737 | Val Meta: Scaleμ:0.9749, Signal|S|μ:4.1480, Delta|S|μ:3.8867, Delta/Signal:93.70%, Gateμ:-0.1684, Gate0%:0.0, MetaNormμ:7.0737
Epoch  44/50 | Train Loss: 0.5251 Acc: 0.7371 F1: 0.7371 | Val Loss: 0.5359 Acc: 0.7548 F1: 0.7497 | Train Meta: Scaleμ:0.9749, Signal|S|μ:3.9655, Delta|S|μ:3.7148, Delta/Signal:93.68%, Gateμ:-0.1684, Gate0%:0.0, MetaNormμ:7.0737 | Val Meta: Scaleμ:0.9749, Signal|S|μ:4.1480, Delta|S|μ:3.8867, Delta/Signal:93.70%, Gateμ:-0.1684, Gate0%:0.0, MetaNormμ:7.0737
Epoch  45/50 | Train Loss: 0.5261 Acc: 0.7359 F1: 0.7359 | Val Loss: 0.5246 Acc: 0.7245 F1: 0.7216 | Train Meta: Scaleμ:0.9749, Signal|S|μ:4.3796, Delta|S|μ:4.1055, Delta/Signal:93.74%, Gateμ:-0.1684, Gate0%:0.0, MetaNormμ:7.0737 | Val Meta: Scaleμ:0.9749, Signal|S|μ:4.1480, Delta|S|μ:3.8867, Delta/Signal:93.70%, Gateμ:-0.1684, Gate0%:0.0, MetaNormμ:7.0737
Epoch  46/50 | Train Loss: 0.5217 Acc: 0.7384 F1: 0.7383 | Val Loss: 0.5216 Acc: 0.7493 F1: 0.7478 | Train Meta: Scaleμ:0.9749, Signal|S|μ:4.3887, Delta|S|μ:4.1145, Delta/Signal:93.75%, Gateμ:-0.1684, Gate0%:0.0, MetaNormμ:7.0737 | Val Meta: Scaleμ:0.9749, Signal|S|μ:4.1480, Delta|S|μ:3.8867, Delta/Signal:93.70%, Gateμ:-0.1684, Gate0%:0.0, MetaNormμ:7.0737
Epoch  47/50 | Train Loss: 0.5253 Acc: 0.7381 F1: 0.7380 | Val Loss: 0.5165 Acc: 0.7438 F1: 0.7434 | Train Meta: Scaleμ:0.9749, Signal|S|μ:4.1756, Delta|S|μ:3.9137, Delta/Signal:93.73%, Gateμ:-0.1684, Gate0%:0.0, MetaNormμ:7.0737 | Val Meta: Scaleμ:0.9749, Signal|S|μ:4.1480, Delta|S|μ:3.8867, Delta/Signal:93.70%, Gateμ:-0.1684, Gate0%:0.0, MetaNormμ:7.0737
Validation Loss decreased (0.520100 --> 0.516550). Saving best model...
Epoch  48/50 | Train Loss: 0.5272 Acc: 0.7371 F1: 0.7371 | Val Loss: 0.5153 Acc: 0.7466 F1: 0.7463 | Train Meta: Scaleμ:0.9749, Signal|S|μ:4.1872, Delta|S|μ:3.9244, Delta/Signal:93.72%, Gateμ:-0.1684, Gate0%:0.0, MetaNormμ:7.0737 | Val Meta: Scaleμ:0.9749, Signal|S|μ:4.1480, Delta|S|μ:3.8867, Delta/Signal:93.70%, Gateμ:-0.1684, Gate0%:0.0, MetaNormμ:7.0737
Validation Loss decreased (0.516550 --> 0.515252). Saving best model...
Epoch  49/50 | Train Loss: 0.5203 Acc: 0.7457 F1: 0.7457 | Val Loss: 0.5156 Acc: 0.7410 F1: 0.7410 | Train Meta: Scaleμ:0.9749, Signal|S|μ:4.0865, Delta|S|μ:3.8290, Delta/Signal:93.70%, Gateμ:-0.1684, Gate0%:0.0, MetaNormμ:7.0737 | Val Meta: Scaleμ:0.9749, Signal|S|μ:4.1480, Delta|S|μ:3.8867, Delta/Signal:93.70%, Gateμ:-0.1684, Gate0%:0.0, MetaNormμ:7.0737
Epoch  50/50 | Train Loss: 0.5189 Acc: 0.7512 F1: 0.7512 | Val Loss: 0.5237 Acc: 0.7576 F1: 0.7560 | Train Meta: Scaleμ:0.9749, Signal|S|μ:4.1204, Delta|S|μ:3.8607, Delta/Signal:93.70%, Gateμ:-0.1684, Gate0%:0.0, MetaNormμ:7.0737 | Val Meta: Scaleμ:0.9749, Signal|S|μ:4.1480, Delta|S|μ:3.8867, Delta/Signal:93.70%, Gateμ:-0.1684, Gate0%:0.0, MetaNormμ:7.0737

Classification Test Result (FordB)
Accuracy : 0.576543
F1 (macro): 0.535416
Saved attention maps for 3 sample(s) under ./runs/classification_electricity_to_FordB_laya_metadata_query_gate_text_stats_avg/attention_maps
