nohup: ignoring input
Text metadata preview | dataset=EthanolConcentration | domain=UEA | channels=3
   - channel_1: In the UEA domain, this channel belongs to the EthanolConcentration dataset and represents the feature channel 1.
   - channel_2: In the UEA domain, this channel belongs to the EthanolConcentration dataset and represents the feature channel 2.
   - ... (1 more channel descriptions)
==================================================
🚀 Architecture: LAYA
📊 Target Dataset: EthanolConcentration (Channels: 3)
📊 Pretrain Info: electricity
📊 Classes: 4 | Sequence Length: 1751
==================================================
✅ Loaded pretrained encoder from ./checkpoints/electricity_laya_mixer_concat_text/laya_ts_electricity_s_best.pt
   - 65/65 keys matched.
✅ Encoder is FROZEN (Linear Probing mode).
📝 metadata: mode=text, fusion=concat_kv, relation=none
ℹ️  Metadata Fusion Mode: concat_kv
ℹ️  Channel Mixer Relation Mode: none
ℹ️  Encoder Variant: default
ℹ️  Channel Adapter: disabled for Laya downstream (mixer)
ℹ️  Channel Relation Block: disabled
✅ ClassificationHead: [B, 128] → [B, 4]
Epoch   1/50 | Train Loss: 1.3612 Acc: 0.2411 F1: 0.1797 | Val Loss: 1.4541 Acc: 0.1923 F1: 0.0806
Validation Loss decreased (inf --> 1.454108). Saving best model...
Epoch   2/50 | Train Loss: 1.3552 Acc: 0.2634 F1: 0.1180 | Val Loss: 1.4575 Acc: 0.1538 F1: 0.1181
Epoch   3/50 | Train Loss: 1.3251 Acc: 0.1964 F1: 0.1669 | Val Loss: 1.3673 Acc: 0.3846 F1: 0.1824
Validation Loss decreased (1.454108 --> 1.367252). Saving best model...
Epoch   4/50 | Train Loss: 1.3244 Acc: 0.2634 F1: 0.1676 | Val Loss: 1.3752 Acc: 0.3462 F1: 0.2042
Epoch   5/50 | Train Loss: 1.3296 Acc: 0.2277 F1: 0.1327 | Val Loss: 1.4045 Acc: 0.1923 F1: 0.1792
Epoch   6/50 | Train Loss: 1.3141 Acc: 0.2589 F1: 0.1398 | Val Loss: 1.4191 Acc: 0.2308 F1: 0.1333
Epoch   7/50 | Train Loss: 1.3158 Acc: 0.2455 F1: 0.2054 | Val Loss: 1.3652 Acc: 0.3462 F1: 0.2039
Validation Loss decreased (1.367252 --> 1.365209). Saving best model...
Epoch   8/50 | Train Loss: 1.3144 Acc: 0.2500 F1: 0.1961 | Val Loss: 1.3920 Acc: 0.1538 F1: 0.1518
Epoch   9/50 | Train Loss: 1.3099 Acc: 0.2054 F1: 0.1620 | Val Loss: 1.4012 Acc: 0.3077 F1: 0.2295
Epoch  10/50 | Train Loss: 1.3082 Acc: 0.2455 F1: 0.2317 | Val Loss: 1.3930 Acc: 0.2692 F1: 0.2088
Epoch  11/50 | Train Loss: 1.3129 Acc: 0.2679 F1: 0.2567 | Val Loss: 1.3768 Acc: 0.3462 F1: 0.2722
Epoch  12/50 | Train Loss: 1.3073 Acc: 0.2545 F1: 0.2172 | Val Loss: 1.4162 Acc: 0.2308 F1: 0.1866
Epoch  13/50 | Train Loss: 1.3095 Acc: 0.2455 F1: 0.2054 | Val Loss: 1.3705 Acc: 0.3462 F1: 0.2786
Epoch  14/50 | Train Loss: 1.3071 Acc: 0.2411 F1: 0.2210 | Val Loss: 1.3726 Acc: 0.3462 F1: 0.2742
Epoch  15/50 | Train Loss: 1.3029 Acc: 0.2768 F1: 0.2393 | Val Loss: 1.3790 Acc: 0.3462 F1: 0.2786
Epoch  16/50 | Train Loss: 1.3015 Acc: 0.2545 F1: 0.2376 | Val Loss: 1.3685 Acc: 0.3462 F1: 0.2586
Epoch  17/50 | Train Loss: 1.3053 Acc: 0.2679 F1: 0.2383 | Val Loss: 1.4000 Acc: 0.3077 F1: 0.2874
Epoch  18/50 | Train Loss: 1.3043 Acc: 0.2723 F1: 0.2274 | Val Loss: 1.3820 Acc: 0.2692 F1: 0.2126
Epoch  19/50 | Train Loss: 1.3068 Acc: 0.2188 F1: 0.2205 | Val Loss: 1.4051 Acc: 0.3462 F1: 0.2714
Epoch  20/50 | Train Loss: 1.3051 Acc: 0.2723 F1: 0.2134 | Val Loss: 1.4249 Acc: 0.2692 F1: 0.2305
Epoch  21/50 | Train Loss: 1.3045 Acc: 0.2500 F1: 0.2112 | Val Loss: 1.3626 Acc: 0.3462 F1: 0.2042
Validation Loss decreased (1.365209 --> 1.362615). Saving best model...
Epoch  22/50 | Train Loss: 1.3009 Acc: 0.2634 F1: 0.2140 | Val Loss: 1.3996 Acc: 0.2692 F1: 0.2167
Epoch  23/50 | Train Loss: 1.3079 Acc: 0.2232 F1: 0.1663 | Val Loss: 1.3869 Acc: 0.3462 F1: 0.2707
Epoch  24/50 | Train Loss: 1.3070 Acc: 0.2366 F1: 0.1944 | Val Loss: 1.3582 Acc: 0.3462 F1: 0.2583
Validation Loss decreased (1.362615 --> 1.358220). Saving best model...
Epoch  25/50 | Train Loss: 1.2962 Acc: 0.2545 F1: 0.2476 | Val Loss: 1.4237 Acc: 0.2692 F1: 0.2607
Epoch  26/50 | Train Loss: 1.3119 Acc: 0.2679 F1: 0.1589 | Val Loss: 1.4200 Acc: 0.2692 F1: 0.2088
Epoch  27/50 | Train Loss: 1.3085 Acc: 0.2679 F1: 0.2054 | Val Loss: 1.3591 Acc: 0.3462 F1: 0.2556
Epoch  28/50 | Train Loss: 1.3087 Acc: 0.2411 F1: 0.2198 | Val Loss: 1.4084 Acc: 0.2308 F1: 0.1915
Epoch  29/50 | Train Loss: 1.3011 Acc: 0.2723 F1: 0.1992 | Val Loss: 1.3977 Acc: 0.2692 F1: 0.1920
Epoch  30/50 | Train Loss: 1.3049 Acc: 0.3125 F1: 0.2284 | Val Loss: 1.3660 Acc: 0.3077 F1: 0.2381
Epoch  31/50 | Train Loss: 1.3011 Acc: 0.2679 F1: 0.2488 | Val Loss: 1.3989 Acc: 0.2692 F1: 0.2126
Epoch  32/50 | Train Loss: 1.3011 Acc: 0.2679 F1: 0.2634 | Val Loss: 1.3737 Acc: 0.3462 F1: 0.2198
Epoch  33/50 | Train Loss: 1.2970 Acc: 0.3125 F1: 0.2376 | Val Loss: 1.3922 Acc: 0.2692 F1: 0.2224
Epoch  34/50 | Train Loss: 1.3152 Acc: 0.2232 F1: 0.1986 | Val Loss: 1.4203 Acc: 0.3462 F1: 0.2719
Epoch  35/50 | Train Loss: 1.3107 Acc: 0.2812 F1: 0.2260 | Val Loss: 1.3565 Acc: 0.4231 F1: 0.2457
Validation Loss decreased (1.358220 --> 1.356483). Saving best model...
Epoch  36/50 | Train Loss: 1.2945 Acc: 0.2812 F1: 0.2489 | Val Loss: 1.4087 Acc: 0.2308 F1: 0.1769
Epoch  37/50 | Train Loss: 1.3041 Acc: 0.2500 F1: 0.2423 | Val Loss: 1.3714 Acc: 0.3462 F1: 0.2750
Epoch  38/50 | Train Loss: 1.3014 Acc: 0.3170 F1: 0.2778 | Val Loss: 1.3784 Acc: 0.2692 F1: 0.1909
Epoch  39/50 | Train Loss: 1.2991 Acc: 0.2857 F1: 0.2281 | Val Loss: 1.3871 Acc: 0.3462 F1: 0.2714
Epoch  40/50 | Train Loss: 1.3109 Acc: 0.2545 F1: 0.2488 | Val Loss: 1.4097 Acc: 0.3462 F1: 0.2707
Epoch  41/50 | Train Loss: 1.2962 Acc: 0.2946 F1: 0.2852 | Val Loss: 1.3934 Acc: 0.2692 F1: 0.2126
Epoch  42/50 | Train Loss: 1.3017 Acc: 0.2232 F1: 0.2100 | Val Loss: 1.4101 Acc: 0.3462 F1: 0.2707
Epoch  43/50 | Train Loss: 1.2982 Acc: 0.2679 F1: 0.2175 | Val Loss: 1.3804 Acc: 0.3077 F1: 0.2301
Epoch  44/50 | Train Loss: 1.2933 Acc: 0.3170 F1: 0.2736 | Val Loss: 1.3930 Acc: 0.3462 F1: 0.2707
Epoch  45/50 | Train Loss: 1.3040 Acc: 0.2589 F1: 0.2448 | Val Loss: 1.3920 Acc: 0.2692 F1: 0.2126
Epoch  46/50 | Train Loss: 1.3028 Acc: 0.2946 F1: 0.2779 | Val Loss: 1.3765 Acc: 0.3462 F1: 0.2714
Epoch  47/50 | Train Loss: 1.2899 Acc: 0.2455 F1: 0.2418 | Val Loss: 1.4046 Acc: 0.2692 F1: 0.2154
Epoch  48/50 | Train Loss: 1.2940 Acc: 0.2679 F1: 0.2373 | Val Loss: 1.3990 Acc: 0.2692 F1: 0.2126
Epoch  49/50 | Train Loss: 1.2920 Acc: 0.2545 F1: 0.2516 | Val Loss: 1.4166 Acc: 0.3462 F1: 0.2707
Epoch  50/50 | Train Loss: 1.2918 Acc: 0.3036 F1: 0.2611 | Val Loss: 1.3926 Acc: 0.3462 F1: 0.2750

Classification Test Result (EthanolConcentration)
Accuracy : 0.281369
F1 (macro): 0.185173
Saved attention maps for 3 sample(s) under ./runs/classification_electricity_to_EthanolConcentration_laya_mixer_concat_text/attention_maps
Text metadata preview | dataset=FaceDetection | domain=UEA | channels=144
   - channel_1: In the UEA domain, this channel belongs to the FaceDetection dataset and represents the feature channel 1.
   - channel_2: In the UEA domain, this channel belongs to the FaceDetection dataset and represents the feature channel 2.
   - ... (142 more channel descriptions)
==================================================
🚀 Architecture: LAYA
📊 Target Dataset: FaceDetection (Channels: 144)
📊 Pretrain Info: electricity
📊 Classes: 2 | Sequence Length: 62
==================================================
✅ Loaded pretrained encoder from ./checkpoints/electricity_laya_mixer_concat_text/laya_ts_electricity_s_best.pt
   - 65/65 keys matched.
✅ Encoder is FROZEN (Linear Probing mode).
📝 metadata: mode=text, fusion=concat_kv, relation=none
ℹ️  Metadata Fusion Mode: concat_kv
ℹ️  Channel Mixer Relation Mode: none
ℹ️  Encoder Variant: default
ℹ️  Channel Adapter: disabled for Laya downstream (mixer)
ℹ️  Channel Relation Block: disabled
✅ ClassificationHead: [B, 128] → [B, 2]
Epoch   1/50 | Train Loss: 0.7005 Acc: 0.4991 F1: 0.4985 | Val Loss: 0.6923 Acc: 0.5195 F1: 0.3419
Validation Loss decreased (inf --> 0.692343). Saving best model...
Epoch   2/50 | Train Loss: 0.6993 Acc: 0.4987 F1: 0.4987 | Val Loss: 0.6986 Acc: 0.5195 F1: 0.3419
Epoch   3/50 | Train Loss: 0.6986 Acc: 0.5026 F1: 0.5024 | Val Loss: 0.6964 Acc: 0.4805 F1: 0.3245
Epoch   4/50 | Train Loss: 0.6951 Acc: 0.5074 F1: 0.5046 | Val Loss: 0.6916 Acc: 0.5195 F1: 0.3419
Validation Loss decreased (0.692343 --> 0.691604). Saving best model...
Epoch   5/50 | Train Loss: 0.6987 Acc: 0.4991 F1: 0.4982 | Val Loss: 0.6946 Acc: 0.4805 F1: 0.3245
Epoch   6/50 | Train Loss: 0.6970 Acc: 0.5091 F1: 0.5091 | Val Loss: 0.6983 Acc: 0.4805 F1: 0.3245
Epoch   7/50 | Train Loss: 0.6964 Acc: 0.5098 F1: 0.5094 | Val Loss: 0.6916 Acc: 0.5586 F1: 0.5547
Validation Loss decreased (0.691604 --> 0.691601). Saving best model...
Epoch   8/50 | Train Loss: 0.6958 Acc: 0.5060 F1: 0.5060 | Val Loss: 0.6915 Acc: 0.5212 F1: 0.3458
Validation Loss decreased (0.691601 --> 0.691526). Saving best model...
Epoch   9/50 | Train Loss: 0.6957 Acc: 0.5074 F1: 0.5074 | Val Loss: 0.6903 Acc: 0.5229 F1: 0.3588
Validation Loss decreased (0.691526 --> 0.690310). Saving best model...
Epoch  10/50 | Train Loss: 0.6964 Acc: 0.5098 F1: 0.5089 | Val Loss: 0.6926 Acc: 0.5212 F1: 0.3458
Epoch  11/50 | Train Loss: 0.6954 Acc: 0.5072 F1: 0.5062 | Val Loss: 0.7023 Acc: 0.4805 F1: 0.3245
Epoch  12/50 | Train Loss: 0.6958 Acc: 0.4998 F1: 0.4997 | Val Loss: 0.6907 Acc: 0.5229 F1: 0.3497
Epoch  13/50 | Train Loss: 0.6955 Acc: 0.5043 F1: 0.5031 | Val Loss: 0.6899 Acc: 0.5263 F1: 0.3663
Validation Loss decreased (0.690310 --> 0.689925). Saving best model...
Epoch  14/50 | Train Loss: 0.6946 Acc: 0.5011 F1: 0.5010 | Val Loss: 0.7013 Acc: 0.4805 F1: 0.3245
Epoch  15/50 | Train Loss: 0.6941 Acc: 0.5134 F1: 0.5116 | Val Loss: 0.6897 Acc: 0.5280 F1: 0.3700
Validation Loss decreased (0.689925 --> 0.689731). Saving best model...
Epoch  16/50 | Train Loss: 0.6954 Acc: 0.5049 F1: 0.5045 | Val Loss: 0.6988 Acc: 0.5195 F1: 0.3419
Epoch  17/50 | Train Loss: 0.6948 Acc: 0.5087 F1: 0.5086 | Val Loss: 0.6892 Acc: 0.5365 F1: 0.4326
Validation Loss decreased (0.689731 --> 0.689193). Saving best model...
Epoch  18/50 | Train Loss: 0.6951 Acc: 0.5043 F1: 0.5043 | Val Loss: 0.6893 Acc: 0.5212 F1: 0.3722
Epoch  19/50 | Train Loss: 0.6967 Acc: 0.5194 F1: 0.5194 | Val Loss: 0.6958 Acc: 0.4805 F1: 0.3245
Epoch  20/50 | Train Loss: 0.6941 Acc: 0.5091 F1: 0.5073 | Val Loss: 0.6891 Acc: 0.5229 F1: 0.3862
Validation Loss decreased (0.689193 --> 0.689065). Saving best model...
Epoch  21/50 | Train Loss: 0.6936 Acc: 0.5128 F1: 0.5112 | Val Loss: 0.6893 Acc: 0.5467 F1: 0.5348
Epoch  22/50 | Train Loss: 0.6940 Acc: 0.5200 F1: 0.5199 | Val Loss: 0.6966 Acc: 0.4805 F1: 0.3245
Epoch  23/50 | Train Loss: 0.6933 Acc: 0.5062 F1: 0.5048 | Val Loss: 0.6940 Acc: 0.4788 F1: 0.3348
Epoch  24/50 | Train Loss: 0.6942 Acc: 0.5098 F1: 0.5094 | Val Loss: 0.6917 Acc: 0.5212 F1: 0.3458
Epoch  25/50 | Train Loss: 0.6937 Acc: 0.5094 F1: 0.5090 | Val Loss: 0.6890 Acc: 0.5416 F1: 0.5221
Validation Loss decreased (0.689065 --> 0.688986). Saving best model...
Epoch  26/50 | Train Loss: 0.6940 Acc: 0.5104 F1: 0.5088 | Val Loss: 0.6894 Acc: 0.5484 F1: 0.5479
Epoch  27/50 | Train Loss: 0.6941 Acc: 0.5138 F1: 0.5134 | Val Loss: 0.6911 Acc: 0.5263 F1: 0.4726
Epoch  28/50 | Train Loss: 0.6930 Acc: 0.5068 F1: 0.5062 | Val Loss: 0.6895 Acc: 0.5501 F1: 0.5498
Epoch  29/50 | Train Loss: 0.6935 Acc: 0.5155 F1: 0.5146 | Val Loss: 0.6949 Acc: 0.4788 F1: 0.3321
Epoch  30/50 | Train Loss: 0.6923 Acc: 0.5202 F1: 0.5193 | Val Loss: 0.6899 Acc: 0.5246 F1: 0.3596
Epoch  31/50 | Train Loss: 0.6937 Acc: 0.5232 F1: 0.5203 | Val Loss: 0.6970 Acc: 0.4805 F1: 0.3245
Epoch  32/50 | Train Loss: 0.6928 Acc: 0.5132 F1: 0.5125 | Val Loss: 0.6890 Acc: 0.5552 F1: 0.5539
Epoch  33/50 | Train Loss: 0.6929 Acc: 0.5098 F1: 0.5093 | Val Loss: 0.6882 Acc: 0.5467 F1: 0.4564
Validation Loss decreased (0.688986 --> 0.688198). Saving best model...
Epoch  34/50 | Train Loss: 0.6936 Acc: 0.5159 F1: 0.5158 | Val Loss: 0.7006 Acc: 0.4805 F1: 0.3245
Epoch  35/50 | Train Loss: 0.6936 Acc: 0.5113 F1: 0.5112 | Val Loss: 0.6900 Acc: 0.5552 F1: 0.5356
Epoch  36/50 | Train Loss: 0.6926 Acc: 0.5113 F1: 0.5104 | Val Loss: 0.6913 Acc: 0.5246 F1: 0.3566
Epoch  37/50 | Train Loss: 0.6929 Acc: 0.5174 F1: 0.5173 | Val Loss: 0.6881 Acc: 0.5501 F1: 0.4874
Validation Loss decreased (0.688198 --> 0.688052). Saving best model...
Epoch  38/50 | Train Loss: 0.6924 Acc: 0.5123 F1: 0.5120 | Val Loss: 0.6883 Acc: 0.5501 F1: 0.5285
Epoch  39/50 | Train Loss: 0.6924 Acc: 0.5123 F1: 0.5122 | Val Loss: 0.6887 Acc: 0.5212 F1: 0.3801
Epoch  40/50 | Train Loss: 0.6922 Acc: 0.5127 F1: 0.5123 | Val Loss: 0.6908 Acc: 0.5229 F1: 0.4773
Epoch  41/50 | Train Loss: 0.6927 Acc: 0.5127 F1: 0.5119 | Val Loss: 0.6886 Acc: 0.5416 F1: 0.5366
Epoch  42/50 | Train Loss: 0.6930 Acc: 0.5094 F1: 0.5093 | Val Loss: 0.6884 Acc: 0.5399 F1: 0.5308
Epoch  43/50 | Train Loss: 0.6913 Acc: 0.5228 F1: 0.5227 | Val Loss: 0.6920 Acc: 0.4941 F1: 0.3943
Epoch  44/50 | Train Loss: 0.6920 Acc: 0.5142 F1: 0.5140 | Val Loss: 0.6879 Acc: 0.5450 F1: 0.4928
Validation Loss decreased (0.688052 --> 0.687860). Saving best model...
Epoch  45/50 | Train Loss: 0.6912 Acc: 0.5159 F1: 0.5155 | Val Loss: 0.7026 Acc: 0.4805 F1: 0.3245
Epoch  46/50 | Train Loss: 0.6924 Acc: 0.5183 F1: 0.5167 | Val Loss: 0.6877 Acc: 0.5535 F1: 0.4811
Validation Loss decreased (0.687860 --> 0.687744). Saving best model...
Epoch  47/50 | Train Loss: 0.6913 Acc: 0.5164 F1: 0.5164 | Val Loss: 0.6879 Acc: 0.5484 F1: 0.5241
Epoch  48/50 | Train Loss: 0.6916 Acc: 0.5179 F1: 0.5167 | Val Loss: 0.6879 Acc: 0.5535 F1: 0.4628
Epoch  49/50 | Train Loss: 0.6915 Acc: 0.5264 F1: 0.5247 | Val Loss: 0.6880 Acc: 0.5433 F1: 0.4390
Epoch  50/50 | Train Loss: 0.6916 Acc: 0.5119 F1: 0.5092 | Val Loss: 0.6911 Acc: 0.5195 F1: 0.4597

Classification Test Result (FaceDetection)
Accuracy : 0.506810
F1 (macro): 0.443814
Saved attention maps for 3 sample(s) under ./runs/classification_electricity_to_FaceDetection_laya_mixer_concat_text/attention_maps
Text metadata preview | dataset=Handwriting | domain=UEA | channels=3
   - channel_1: In the UEA domain, this channel belongs to the Handwriting dataset and represents the feature channel 1.
   - channel_2: In the UEA domain, this channel belongs to the Handwriting dataset and represents the feature channel 2.
   - ... (1 more channel descriptions)
==================================================
🚀 Architecture: LAYA
📊 Target Dataset: Handwriting (Channels: 3)
📊 Pretrain Info: electricity
📊 Classes: 26 | Sequence Length: 152
==================================================
✅ Loaded pretrained encoder from ./checkpoints/electricity_laya_mixer_concat_text/laya_ts_electricity_s_best.pt
   - 65/65 keys matched.
✅ Encoder is FROZEN (Linear Probing mode).
📝 metadata: mode=text, fusion=concat_kv, relation=none
ℹ️  Metadata Fusion Mode: concat_kv
ℹ️  Channel Mixer Relation Mode: none
ℹ️  Encoder Variant: default
ℹ️  Channel Adapter: disabled for Laya downstream (mixer)
ℹ️  Channel Relation Block: disabled
✅ ClassificationHead: [B, 128] → [B, 26]
Epoch   1/50 | Train Loss: 3.1890 Acc: 0.0156 F1: 0.0016 | Val Loss: 3.6405 Acc: 0.0000 F1: 0.0000
Validation Loss decreased (inf --> 3.640521). Saving best model...
Epoch   2/50 | Train Loss: 3.0727 Acc: 0.0547 F1: 0.0045 | Val Loss: 3.4916 Acc: 0.0667 F1: 0.0104
Validation Loss decreased (3.640521 --> 3.491582). Saving best model...
Epoch   3/50 | Train Loss: 3.0328 Acc: 0.0781 F1: 0.0056 | Val Loss: 3.3926 Acc: 0.0667 F1: 0.0104
Validation Loss decreased (3.491582 --> 3.392627). Saving best model...
Epoch   4/50 | Train Loss: 3.0191 Acc: 0.0547 F1: 0.0062 | Val Loss: 3.3261 Acc: 0.0667 F1: 0.0238
Validation Loss decreased (3.392627 --> 3.326146). Saving best model...
Epoch   5/50 | Train Loss: 3.0019 Acc: 0.0703 F1: 0.0054 | Val Loss: 3.3115 Acc: 0.0667 F1: 0.0104
Validation Loss decreased (3.326146 --> 3.311480). Saving best model...
Epoch   6/50 | Train Loss: 3.0185 Acc: 0.0781 F1: 0.0056 | Val Loss: 3.3339 Acc: 0.0667 F1: 0.0104
Epoch   7/50 | Train Loss: 3.0126 Acc: 0.0781 F1: 0.0056 | Val Loss: 3.3543 Acc: 0.0667 F1: 0.0104
Epoch   8/50 | Train Loss: 3.0185 Acc: 0.0781 F1: 0.0056 | Val Loss: 3.3862 Acc: 0.0667 F1: 0.0104
Epoch   9/50 | Train Loss: 3.0123 Acc: 0.0703 F1: 0.0052 | Val Loss: 3.3746 Acc: 0.0667 F1: 0.0154
Epoch  10/50 | Train Loss: 3.0169 Acc: 0.0781 F1: 0.0152 | Val Loss: 3.3700 Acc: 0.0667 F1: 0.0220
Epoch  11/50 | Train Loss: 3.0117 Acc: 0.0703 F1: 0.0142 | Val Loss: 3.3715 Acc: 0.0667 F1: 0.0104
Epoch  12/50 | Train Loss: 3.0116 Acc: 0.0703 F1: 0.0089 | Val Loss: 3.3773 Acc: 0.0667 F1: 0.0104
Epoch  13/50 | Train Loss: 3.0158 Acc: 0.0625 F1: 0.0045 | Val Loss: 3.3736 Acc: 0.0667 F1: 0.0104
Epoch  14/50 | Train Loss: 3.0167 Acc: 0.0312 F1: 0.0045 | Val Loss: 3.3566 Acc: 0.0667 F1: 0.0118
Epoch  15/50 | Train Loss: 3.0064 Acc: 0.0781 F1: 0.0102 | Val Loss: 3.3392 Acc: 0.0000 F1: 0.0000
Epoch  16/50 | Train Loss: 3.0173 Acc: 0.0469 F1: 0.0055 | Val Loss: 3.3435 Acc: 0.0667 F1: 0.0104
Epoch  17/50 | Train Loss: 3.0141 Acc: 0.0781 F1: 0.0056 | Val Loss: 3.3646 Acc: 0.0667 F1: 0.0104
Epoch  18/50 | Train Loss: 3.0105 Acc: 0.0781 F1: 0.0056 | Val Loss: 3.3646 Acc: 0.0667 F1: 0.0104
Epoch  19/50 | Train Loss: 3.0013 Acc: 0.0781 F1: 0.0056 | Val Loss: 3.3723 Acc: 0.0667 F1: 0.0104
Epoch  20/50 | Train Loss: 3.0135 Acc: 0.0781 F1: 0.0056 | Val Loss: 3.3565 Acc: 0.0667 F1: 0.0104
Epoch  21/50 | Train Loss: 3.0095 Acc: 0.0781 F1: 0.0056 | Val Loss: 3.3697 Acc: 0.0667 F1: 0.0104
Epoch  22/50 | Train Loss: 3.0153 Acc: 0.0781 F1: 0.0056 | Val Loss: 3.3376 Acc: 0.0667 F1: 0.0104
Epoch  23/50 | Train Loss: 3.0238 Acc: 0.0625 F1: 0.0045 | Val Loss: 3.3519 Acc: 0.0667 F1: 0.0104
Epoch  24/50 | Train Loss: 3.0111 Acc: 0.0625 F1: 0.0051 | Val Loss: 3.3728 Acc: 0.0667 F1: 0.0171
Epoch  25/50 | Train Loss: 3.0053 Acc: 0.1094 F1: 0.0221 | Val Loss: 3.3927 Acc: 0.0667 F1: 0.0128
Epoch  26/50 | Train Loss: 2.9997 Acc: 0.0625 F1: 0.0078 | Val Loss: 3.3979 Acc: 0.0000 F1: 0.0000
Epoch  27/50 | Train Loss: 3.0039 Acc: 0.0391 F1: 0.0049 | Val Loss: 3.3982 Acc: 0.0667 F1: 0.0104
Epoch  28/50 | Train Loss: 3.0102 Acc: 0.0781 F1: 0.0057 | Val Loss: 3.3769 Acc: 0.0667 F1: 0.0110
Epoch  29/50 | Train Loss: 3.0110 Acc: 0.0781 F1: 0.0056 | Val Loss: 3.3636 Acc: 0.0667 F1: 0.0104
Epoch  30/50 | Train Loss: 2.9969 Acc: 0.0781 F1: 0.0056 | Val Loss: 3.3722 Acc: 0.0667 F1: 0.0104
Epoch  31/50 | Train Loss: 2.9862 Acc: 0.0781 F1: 0.0056 | Val Loss: 3.3872 Acc: 0.0667 F1: 0.0104
Epoch  32/50 | Train Loss: 3.0085 Acc: 0.0781 F1: 0.0058 | Val Loss: 3.4107 Acc: 0.0667 F1: 0.0104
Epoch  33/50 | Train Loss: 3.0082 Acc: 0.0625 F1: 0.0093 | Val Loss: 3.4101 Acc: 0.0000 F1: 0.0000
Epoch  34/50 | Train Loss: 3.0093 Acc: 0.0938 F1: 0.0127 | Val Loss: 3.3767 Acc: 0.0667 F1: 0.0104
Epoch  35/50 | Train Loss: 2.9972 Acc: 0.0781 F1: 0.0056 | Val Loss: 3.3835 Acc: 0.0667 F1: 0.0104
Epoch  36/50 | Train Loss: 3.0003 Acc: 0.0781 F1: 0.0056 | Val Loss: 3.3484 Acc: 0.0667 F1: 0.0104
Epoch  37/50 | Train Loss: 2.9961 Acc: 0.0781 F1: 0.0056 | Val Loss: 3.3484 Acc: 0.0667 F1: 0.0104
Epoch  38/50 | Train Loss: 2.9984 Acc: 0.0625 F1: 0.0050 | Val Loss: 3.3405 Acc: 0.0667 F1: 0.0119
Epoch  39/50 | Train Loss: 2.9916 Acc: 0.0547 F1: 0.0070 | Val Loss: 3.3780 Acc: 0.0667 F1: 0.0104
Epoch  40/50 | Train Loss: 2.9824 Acc: 0.0781 F1: 0.0056 | Val Loss: 3.3924 Acc: 0.0667 F1: 0.0104
Epoch  41/50 | Train Loss: 3.0112 Acc: 0.0625 F1: 0.0046 | Val Loss: 3.3920 Acc: 0.0667 F1: 0.0104
Epoch  42/50 | Train Loss: 2.9836 Acc: 0.0859 F1: 0.0126 | Val Loss: 3.3682 Acc: 0.0667 F1: 0.0104
Epoch  43/50 | Train Loss: 2.9944 Acc: 0.0781 F1: 0.0056 | Val Loss: 3.3585 Acc: 0.0667 F1: 0.0104
Epoch  44/50 | Train Loss: 2.9887 Acc: 0.0781 F1: 0.0056 | Val Loss: 3.3847 Acc: 0.0667 F1: 0.0104
Epoch  45/50 | Train Loss: 2.9908 Acc: 0.0625 F1: 0.0047 | Val Loss: 3.4260 Acc: 0.0667 F1: 0.0128
Epoch  46/50 | Train Loss: 2.9957 Acc: 0.0703 F1: 0.0052 | Val Loss: 3.4101 Acc: 0.0667 F1: 0.0104
Epoch  47/50 | Train Loss: 2.9695 Acc: 0.0781 F1: 0.0120 | Val Loss: 3.4059 Acc: 0.0667 F1: 0.0308
Epoch  48/50 | Train Loss: 2.9909 Acc: 0.1094 F1: 0.0181 | Val Loss: 3.4129 Acc: 0.0000 F1: 0.0000
Epoch  49/50 | Train Loss: 2.9823 Acc: 0.0703 F1: 0.0096 | Val Loss: 3.3923 Acc: 0.0000 F1: 0.0000
Epoch  50/50 | Train Loss: 2.9893 Acc: 0.0938 F1: 0.0126 | Val Loss: 3.3560 Acc: 0.0000 F1: 0.0000

Classification Test Result (Handwriting)
Accuracy : 0.037647
F1 (macro): 0.002791
Saved attention maps for 3 sample(s) under ./runs/classification_electricity_to_Handwriting_laya_mixer_concat_text/attention_maps
Text metadata preview | dataset=Heartbeat | domain=UEA | channels=61
   - channel_1: In the UEA domain, this channel belongs to the Heartbeat dataset and represents the feature channel 1.
   - channel_2: In the UEA domain, this channel belongs to the Heartbeat dataset and represents the feature channel 2.
   - ... (59 more channel descriptions)
==================================================
🚀 Architecture: LAYA
📊 Target Dataset: Heartbeat (Channels: 61)
📊 Pretrain Info: electricity
📊 Classes: 2 | Sequence Length: 405
==================================================
✅ Loaded pretrained encoder from ./checkpoints/electricity_laya_mixer_concat_text/laya_ts_electricity_s_best.pt
   - 65/65 keys matched.
✅ Encoder is FROZEN (Linear Probing mode).
📝 metadata: mode=text, fusion=concat_kv, relation=none
ℹ️  Metadata Fusion Mode: concat_kv
ℹ️  Channel Mixer Relation Mode: none
ℹ️  Encoder Variant: default
ℹ️  Channel Adapter: disabled for Laya downstream (mixer)
ℹ️  Channel Relation Block: disabled
✅ ClassificationHead: [B, 128] → [B, 2]
Epoch   1/50 | Train Loss: 0.5781 Acc: 0.7216 F1: 0.4191 | Val Loss: 0.6157 Acc: 0.7000 F1: 0.4118
Validation Loss decreased (inf --> 0.615662). Saving best model...
Epoch   2/50 | Train Loss: 0.5639 Acc: 0.7330 F1: 0.4230 | Val Loss: 0.6330 Acc: 0.7000 F1: 0.4118
Epoch   3/50 | Train Loss: 0.5882 Acc: 0.7102 F1: 0.4153 | Val Loss: 0.6131 Acc: 0.7000 F1: 0.4118
Validation Loss decreased (0.615662 --> 0.613142). Saving best model...
Epoch   4/50 | Train Loss: 0.5757 Acc: 0.7216 F1: 0.4191 | Val Loss: 0.6121 Acc: 0.7000 F1: 0.4118
Validation Loss decreased (0.613142 --> 0.612131). Saving best model...
Epoch   5/50 | Train Loss: 0.5713 Acc: 0.7273 F1: 0.4211 | Val Loss: 0.6256 Acc: 0.7000 F1: 0.4118
Epoch   6/50 | Train Loss: 0.5540 Acc: 0.7330 F1: 0.4230 | Val Loss: 0.6096 Acc: 0.7000 F1: 0.4118
Validation Loss decreased (0.612131 --> 0.609594). Saving best model...
Epoch   7/50 | Train Loss: 0.5799 Acc: 0.7102 F1: 0.4153 | Val Loss: 0.6100 Acc: 0.7000 F1: 0.4118
Epoch   8/50 | Train Loss: 0.5632 Acc: 0.7273 F1: 0.4211 | Val Loss: 0.6125 Acc: 0.7000 F1: 0.4118
Epoch   9/50 | Train Loss: 0.5625 Acc: 0.7273 F1: 0.4211 | Val Loss: 0.6061 Acc: 0.7000 F1: 0.4118
Validation Loss decreased (0.609594 --> 0.606119). Saving best model...
Epoch  10/50 | Train Loss: 0.5717 Acc: 0.7159 F1: 0.4172 | Val Loss: 0.6087 Acc: 0.7000 F1: 0.4118
Epoch  11/50 | Train Loss: 0.5673 Acc: 0.7216 F1: 0.4191 | Val Loss: 0.6032 Acc: 0.7000 F1: 0.4118
Validation Loss decreased (0.606119 --> 0.603216). Saving best model...
Epoch  12/50 | Train Loss: 0.5624 Acc: 0.7216 F1: 0.4191 | Val Loss: 0.6056 Acc: 0.7000 F1: 0.4118
Epoch  13/50 | Train Loss: 0.5707 Acc: 0.7159 F1: 0.4172 | Val Loss: 0.6026 Acc: 0.7000 F1: 0.4118
Validation Loss decreased (0.603216 --> 0.602570). Saving best model...
Epoch  14/50 | Train Loss: 0.5628 Acc: 0.7216 F1: 0.4191 | Val Loss: 0.5984 Acc: 0.7000 F1: 0.4118
Validation Loss decreased (0.602570 --> 0.598448). Saving best model...
Epoch  15/50 | Train Loss: 0.5608 Acc: 0.7216 F1: 0.4191 | Val Loss: 0.5986 Acc: 0.7000 F1: 0.4118
Epoch  16/50 | Train Loss: 0.5607 Acc: 0.7216 F1: 0.4191 | Val Loss: 0.5987 Acc: 0.7000 F1: 0.4118
Epoch  17/50 | Train Loss: 0.5596 Acc: 0.7216 F1: 0.4191 | Val Loss: 0.5952 Acc: 0.7000 F1: 0.4118
Validation Loss decreased (0.598448 --> 0.595189). Saving best model...
Epoch  18/50 | Train Loss: 0.5483 Acc: 0.7330 F1: 0.4230 | Val Loss: 0.5987 Acc: 0.7000 F1: 0.4118
Epoch  19/50 | Train Loss: 0.5669 Acc: 0.7159 F1: 0.4172 | Val Loss: 0.5924 Acc: 0.7000 F1: 0.4118
Validation Loss decreased (0.595189 --> 0.592418). Saving best model...
Epoch  20/50 | Train Loss: 0.5768 Acc: 0.7102 F1: 0.4153 | Val Loss: 0.5954 Acc: 0.7000 F1: 0.4118
Epoch  21/50 | Train Loss: 0.5489 Acc: 0.7273 F1: 0.4211 | Val Loss: 0.5900 Acc: 0.7000 F1: 0.4118
Validation Loss decreased (0.592418 --> 0.590050). Saving best model...
Epoch  22/50 | Train Loss: 0.5595 Acc: 0.7216 F1: 0.4191 | Val Loss: 0.5885 Acc: 0.7000 F1: 0.4118
Validation Loss decreased (0.590050 --> 0.588516). Saving best model...
Epoch  23/50 | Train Loss: 0.5476 Acc: 0.7273 F1: 0.4211 | Val Loss: 0.5927 Acc: 0.7000 F1: 0.4118
Epoch  24/50 | Train Loss: 0.5734 Acc: 0.7159 F1: 0.4172 | Val Loss: 0.5859 Acc: 0.7000 F1: 0.4118
Validation Loss decreased (0.588516 --> 0.585907). Saving best model...
Epoch  25/50 | Train Loss: 0.5484 Acc: 0.7273 F1: 0.4211 | Val Loss: 0.5877 Acc: 0.7000 F1: 0.4118
Epoch  26/50 | Train Loss: 0.5556 Acc: 0.7216 F1: 0.4191 | Val Loss: 0.5897 Acc: 0.7000 F1: 0.4118
Epoch  27/50 | Train Loss: 0.5619 Acc: 0.7159 F1: 0.4172 | Val Loss: 0.5838 Acc: 0.7000 F1: 0.4118
Validation Loss decreased (0.585907 --> 0.583789). Saving best model...
Epoch  28/50 | Train Loss: 0.5468 Acc: 0.7273 F1: 0.4211 | Val Loss: 0.5854 Acc: 0.7000 F1: 0.4118
Epoch  29/50 | Train Loss: 0.5517 Acc: 0.7330 F1: 0.4230 | Val Loss: 0.5929 Acc: 0.7000 F1: 0.4118
Epoch  30/50 | Train Loss: 0.5547 Acc: 0.7273 F1: 0.4211 | Val Loss: 0.5781 Acc: 0.7000 F1: 0.4118
Validation Loss decreased (0.583789 --> 0.578061). Saving best model...
Epoch  31/50 | Train Loss: 0.5461 Acc: 0.7273 F1: 0.4211 | Val Loss: 0.5797 Acc: 0.7000 F1: 0.4118
Epoch  32/50 | Train Loss: 0.5482 Acc: 0.7273 F1: 0.4211 | Val Loss: 0.5791 Acc: 0.7000 F1: 0.4118
Epoch  33/50 | Train Loss: 0.5558 Acc: 0.7159 F1: 0.4172 | Val Loss: 0.5743 Acc: 0.7000 F1: 0.4118
Validation Loss decreased (0.578061 --> 0.574263). Saving best model...
Epoch  34/50 | Train Loss: 0.5389 Acc: 0.7330 F1: 0.4230 | Val Loss: 0.5746 Acc: 0.7000 F1: 0.4118
Epoch  35/50 | Train Loss: 0.5606 Acc: 0.7102 F1: 0.4153 | Val Loss: 0.5731 Acc: 0.7000 F1: 0.4118
Validation Loss decreased (0.574263 --> 0.573111). Saving best model...
Epoch  36/50 | Train Loss: 0.5499 Acc: 0.7386 F1: 0.4248 | Val Loss: 0.5716 Acc: 0.7000 F1: 0.4118
Validation Loss decreased (0.573111 --> 0.571584). Saving best model...
Epoch  37/50 | Train Loss: 0.5477 Acc: 0.7216 F1: 0.4191 | Val Loss: 0.5806 Acc: 0.7000 F1: 0.4118
Epoch  38/50 | Train Loss: 0.5570 Acc: 0.7159 F1: 0.4172 | Val Loss: 0.5689 Acc: 0.7000 F1: 0.4118
Validation Loss decreased (0.571584 --> 0.568940). Saving best model...
Epoch  39/50 | Train Loss: 0.5515 Acc: 0.7159 F1: 0.4172 | Val Loss: 0.5671 Acc: 0.7000 F1: 0.4118
Validation Loss decreased (0.568940 --> 0.567069). Saving best model...
Epoch  40/50 | Train Loss: 0.5490 Acc: 0.7159 F1: 0.4172 | Val Loss: 0.5668 Acc: 0.7000 F1: 0.4118
Validation Loss decreased (0.567069 --> 0.566759). Saving best model...
Epoch  41/50 | Train Loss: 0.5471 Acc: 0.7159 F1: 0.4172 | Val Loss: 0.5646 Acc: 0.7000 F1: 0.4118
Validation Loss decreased (0.566759 --> 0.564608). Saving best model...
Epoch  42/50 | Train Loss: 0.5391 Acc: 0.7273 F1: 0.4211 | Val Loss: 0.5677 Acc: 0.7000 F1: 0.4118
Epoch  43/50 | Train Loss: 0.5506 Acc: 0.7159 F1: 0.4172 | Val Loss: 0.5619 Acc: 0.7000 F1: 0.4118
Validation Loss decreased (0.564608 --> 0.561942). Saving best model...
Epoch  44/50 | Train Loss: 0.5524 Acc: 0.7159 F1: 0.4359 | Val Loss: 0.5606 Acc: 0.7000 F1: 0.4118
Validation Loss decreased (0.561942 --> 0.560605). Saving best model...
Epoch  45/50 | Train Loss: 0.5470 Acc: 0.7216 F1: 0.4191 | Val Loss: 0.5723 Acc: 0.7000 F1: 0.4118
Epoch  46/50 | Train Loss: 0.5367 Acc: 0.7273 F1: 0.4211 | Val Loss: 0.5595 Acc: 0.7000 F1: 0.4118
Validation Loss decreased (0.560605 --> 0.559458). Saving best model...
Epoch  47/50 | Train Loss: 0.5442 Acc: 0.7159 F1: 0.4172 | Val Loss: 0.5580 Acc: 0.7000 F1: 0.4118
Validation Loss decreased (0.559458 --> 0.557972). Saving best model...
Epoch  48/50 | Train Loss: 0.5372 Acc: 0.7273 F1: 0.4211 | Val Loss: 0.5577 Acc: 0.7000 F1: 0.4118
Validation Loss decreased (0.557972 --> 0.557742). Saving best model...
Epoch  49/50 | Train Loss: 0.5390 Acc: 0.7273 F1: 0.4405 | Val Loss: 0.5557 Acc: 0.7000 F1: 0.4118
Validation Loss decreased (0.557742 --> 0.555717). Saving best model...
Epoch  50/50 | Train Loss: 0.5597 Acc: 0.7102 F1: 0.4153 | Val Loss: 0.5558 Acc: 0.7000 F1: 0.4118

Classification Test Result (Heartbeat)
Accuracy : 0.721951
F1 (macro): 0.419263
Saved attention maps for 3 sample(s) under ./runs/classification_electricity_to_Heartbeat_laya_mixer_concat_text/attention_maps
Text metadata preview | dataset=JapaneseVowels | domain=UEA | channels=12
   - channel_1: In the UEA domain, this channel belongs to the JapaneseVowels dataset and represents the feature channel 1.
   - channel_2: In the UEA domain, this channel belongs to the JapaneseVowels dataset and represents the feature channel 2.
   - ... (10 more channel descriptions)
==================================================
🚀 Architecture: LAYA
📊 Target Dataset: JapaneseVowels (Channels: 12)
📊 Pretrain Info: electricity
📊 Classes: 9 | Sequence Length: 26
==================================================
✅ Loaded pretrained encoder from ./checkpoints/electricity_laya_mixer_concat_text/laya_ts_electricity_s_best.pt
   - 65/65 keys matched.
✅ Encoder is FROZEN (Linear Probing mode).
📝 metadata: mode=text, fusion=concat_kv, relation=none
ℹ️  Metadata Fusion Mode: concat_kv
ℹ️  Channel Mixer Relation Mode: none
ℹ️  Encoder Variant: default
ℹ️  Channel Adapter: disabled for Laya downstream (mixer)
ℹ️  Channel Relation Block: disabled
✅ ClassificationHead: [B, 128] → [B, 9]
Epoch   1/50 | Train Loss: 2.2003 Acc: 0.0792 F1: 0.0407 | Val Loss: 2.1795 Acc: 0.1111 F1: 0.0603
Validation Loss decreased (inf --> 2.179530). Saving best model...
Epoch   2/50 | Train Loss: 2.1593 Acc: 0.1292 F1: 0.0924 | Val Loss: 2.2076 Acc: 0.1481 F1: 0.1350
Epoch   3/50 | Train Loss: 2.1408 Acc: 0.1250 F1: 0.0732 | Val Loss: 2.1672 Acc: 0.2222 F1: 0.1846
Validation Loss decreased (2.179530 --> 2.167186). Saving best model...
Epoch   4/50 | Train Loss: 2.1292 Acc: 0.1792 F1: 0.1349 | Val Loss: 2.1645 Acc: 0.1852 F1: 0.1139
Validation Loss decreased (2.167186 --> 2.164454). Saving best model...
Epoch   5/50 | Train Loss: 2.1076 Acc: 0.3000 F1: 0.2383 | Val Loss: 2.1380 Acc: 0.3333 F1: 0.2416
Validation Loss decreased (2.164454 --> 2.137970). Saving best model...
Epoch   6/50 | Train Loss: 2.0979 Acc: 0.2125 F1: 0.1400 | Val Loss: 2.1559 Acc: 0.1852 F1: 0.1111
Epoch   7/50 | Train Loss: 2.0772 Acc: 0.2667 F1: 0.1902 | Val Loss: 2.1139 Acc: 0.2593 F1: 0.1811
Validation Loss decreased (2.137970 --> 2.113896). Saving best model...
Epoch   8/50 | Train Loss: 2.0643 Acc: 0.3875 F1: 0.3189 | Val Loss: 2.1123 Acc: 0.2222 F1: 0.2111
Validation Loss decreased (2.113896 --> 2.112255). Saving best model...
Epoch   9/50 | Train Loss: 2.0545 Acc: 0.3292 F1: 0.2674 | Val Loss: 2.1430 Acc: 0.2593 F1: 0.2350
Epoch  10/50 | Train Loss: 2.0291 Acc: 0.4125 F1: 0.3501 | Val Loss: 2.0843 Acc: 0.2963 F1: 0.2235
Validation Loss decreased (2.112255 --> 2.084288). Saving best model...
Epoch  11/50 | Train Loss: 2.0268 Acc: 0.3708 F1: 0.3048 | Val Loss: 2.0654 Acc: 0.2593 F1: 0.1837
Validation Loss decreased (2.084288 --> 2.065357). Saving best model...
Epoch  12/50 | Train Loss: 2.0141 Acc: 0.3625 F1: 0.3102 | Val Loss: 2.0638 Acc: 0.2222 F1: 0.2068
Validation Loss decreased (2.065357 --> 2.063830). Saving best model...
Epoch  13/50 | Train Loss: 1.9995 Acc: 0.3958 F1: 0.3279 | Val Loss: 2.0629 Acc: 0.2963 F1: 0.2302
Validation Loss decreased (2.063830 --> 2.062946). Saving best model...
Epoch  14/50 | Train Loss: 1.9901 Acc: 0.4000 F1: 0.3180 | Val Loss: 2.0468 Acc: 0.3333 F1: 0.2630
Validation Loss decreased (2.062946 --> 2.046844). Saving best model...
Epoch  15/50 | Train Loss: 1.9825 Acc: 0.4167 F1: 0.3763 | Val Loss: 2.0369 Acc: 0.2593 F1: 0.2531
Validation Loss decreased (2.046844 --> 2.036941). Saving best model...
Epoch  16/50 | Train Loss: 1.9579 Acc: 0.4542 F1: 0.4111 | Val Loss: 2.0207 Acc: 0.3333 F1: 0.2328
Validation Loss decreased (2.036941 --> 2.020735). Saving best model...
Epoch  17/50 | Train Loss: 1.9576 Acc: 0.4167 F1: 0.3427 | Val Loss: 2.0356 Acc: 0.3333 F1: 0.2519
Epoch  18/50 | Train Loss: 1.9529 Acc: 0.4042 F1: 0.3262 | Val Loss: 2.0085 Acc: 0.4074 F1: 0.3249
Validation Loss decreased (2.020735 --> 2.008514). Saving best model...
Epoch  19/50 | Train Loss: 1.9317 Acc: 0.4583 F1: 0.4196 | Val Loss: 2.0274 Acc: 0.2593 F1: 0.2254
Epoch  20/50 | Train Loss: 1.9216 Acc: 0.4458 F1: 0.3880 | Val Loss: 1.9513 Acc: 0.3704 F1: 0.2561
Validation Loss decreased (2.008514 --> 1.951261). Saving best model...
Epoch  21/50 | Train Loss: 1.9012 Acc: 0.4500 F1: 0.3856 | Val Loss: 1.9725 Acc: 0.3333 F1: 0.2111
Epoch  22/50 | Train Loss: 1.8984 Acc: 0.4833 F1: 0.4242 | Val Loss: 1.9541 Acc: 0.3704 F1: 0.3127
Epoch  23/50 | Train Loss: 1.8878 Acc: 0.4750 F1: 0.3959 | Val Loss: 1.9612 Acc: 0.4074 F1: 0.3069
Epoch  24/50 | Train Loss: 1.8865 Acc: 0.4208 F1: 0.3370 | Val Loss: 1.9213 Acc: 0.3704 F1: 0.2883
Validation Loss decreased (1.951261 --> 1.921308). Saving best model...
Epoch  25/50 | Train Loss: 1.8619 Acc: 0.4917 F1: 0.4388 | Val Loss: 1.9646 Acc: 0.2963 F1: 0.2741
Epoch  26/50 | Train Loss: 1.8579 Acc: 0.4667 F1: 0.4159 | Val Loss: 1.9088 Acc: 0.3704 F1: 0.2519
Validation Loss decreased (1.921308 --> 1.908768). Saving best model...
Epoch  27/50 | Train Loss: 1.8426 Acc: 0.5292 F1: 0.4791 | Val Loss: 1.8858 Acc: 0.4074 F1: 0.3852
Validation Loss decreased (1.908768 --> 1.885817). Saving best model...
Epoch  28/50 | Train Loss: 1.8372 Acc: 0.4875 F1: 0.4220 | Val Loss: 1.9132 Acc: 0.3704 F1: 0.2593
Epoch  29/50 | Train Loss: 1.8250 Acc: 0.4875 F1: 0.4208 | Val Loss: 1.8924 Acc: 0.4074 F1: 0.3365
Epoch  30/50 | Train Loss: 1.8034 Acc: 0.4958 F1: 0.4400 | Val Loss: 1.8717 Acc: 0.4074 F1: 0.3740
Validation Loss decreased (1.885817 --> 1.871672). Saving best model...
Epoch  31/50 | Train Loss: 1.8057 Acc: 0.4958 F1: 0.4384 | Val Loss: 1.8811 Acc: 0.4074 F1: 0.3296
Epoch  32/50 | Train Loss: 1.7928 Acc: 0.5125 F1: 0.4523 | Val Loss: 1.8563 Acc: 0.4074 F1: 0.3841
Validation Loss decreased (1.871672 --> 1.856314). Saving best model...
Epoch  33/50 | Train Loss: 1.7745 Acc: 0.5292 F1: 0.4863 | Val Loss: 1.8641 Acc: 0.3704 F1: 0.3476
Epoch  34/50 | Train Loss: 1.7634 Acc: 0.5167 F1: 0.4585 | Val Loss: 1.8511 Acc: 0.3704 F1: 0.2741
Validation Loss decreased (1.856314 --> 1.851051). Saving best model...
Epoch  35/50 | Train Loss: 1.7539 Acc: 0.5042 F1: 0.4260 | Val Loss: 1.8439 Acc: 0.3704 F1: 0.2593
Validation Loss decreased (1.851051 --> 1.843927). Saving best model...
Epoch  36/50 | Train Loss: 1.7518 Acc: 0.5375 F1: 0.4734 | Val Loss: 1.8085 Acc: 0.4074 F1: 0.3433
Validation Loss decreased (1.843927 --> 1.808533). Saving best model...
Epoch  37/50 | Train Loss: 1.7323 Acc: 0.5250 F1: 0.4737 | Val Loss: 1.8159 Acc: 0.3704 F1: 0.2904
Epoch  38/50 | Train Loss: 1.7288 Acc: 0.4875 F1: 0.4278 | Val Loss: 1.8065 Acc: 0.3704 F1: 0.2593
Validation Loss decreased (1.808533 --> 1.806541). Saving best model...
Epoch  39/50 | Train Loss: 1.7106 Acc: 0.5375 F1: 0.4702 | Val Loss: 1.8409 Acc: 0.4074 F1: 0.3730
Epoch  40/50 | Train Loss: 1.7008 Acc: 0.5417 F1: 0.4802 | Val Loss: 1.8029 Acc: 0.4444 F1: 0.4494
Validation Loss decreased (1.806541 --> 1.802909). Saving best model...
Epoch  41/50 | Train Loss: 1.7042 Acc: 0.5417 F1: 0.4825 | Val Loss: 1.7576 Acc: 0.4815 F1: 0.4346
Validation Loss decreased (1.802909 --> 1.757648). Saving best model...
Epoch  42/50 | Train Loss: 1.6823 Acc: 0.4917 F1: 0.4313 | Val Loss: 1.7854 Acc: 0.4444 F1: 0.4531
Epoch  43/50 | Train Loss: 1.6748 Acc: 0.5042 F1: 0.4407 | Val Loss: 1.7696 Acc: 0.4444 F1: 0.4587
Epoch  44/50 | Train Loss: 1.6716 Acc: 0.5500 F1: 0.4940 | Val Loss: 1.7590 Acc: 0.5185 F1: 0.4836
Epoch  45/50 | Train Loss: 1.6495 Acc: 0.5542 F1: 0.4893 | Val Loss: 1.7827 Acc: 0.4444 F1: 0.4679
Epoch  46/50 | Train Loss: 1.6463 Acc: 0.5375 F1: 0.4833 | Val Loss: 1.7307 Acc: 0.4815 F1: 0.4772
Validation Loss decreased (1.757648 --> 1.730691). Saving best model...
Epoch  47/50 | Train Loss: 1.6446 Acc: 0.5458 F1: 0.4953 | Val Loss: 1.7446 Acc: 0.4074 F1: 0.3476
Epoch  48/50 | Train Loss: 1.6352 Acc: 0.5375 F1: 0.4905 | Val Loss: 1.7178 Acc: 0.5185 F1: 0.4621
Validation Loss decreased (1.730691 --> 1.717768). Saving best model...
Epoch  49/50 | Train Loss: 1.6244 Acc: 0.5625 F1: 0.5083 | Val Loss: 1.7185 Acc: 0.4444 F1: 0.4630
Epoch  50/50 | Train Loss: 1.6052 Acc: 0.5750 F1: 0.5202 | Val Loss: 1.7237 Acc: 0.4444 F1: 0.3976

Classification Test Result (JapaneseVowels)
Accuracy : 0.443243
F1 (macro): 0.420984
Saved attention maps for 3 sample(s) under ./runs/classification_electricity_to_JapaneseVowels_laya_mixer_concat_text/attention_maps
Text metadata preview | dataset=PEMS-SF | domain=UEA | channels=963
   - channel_1: In the UEA domain, this channel belongs to the PEMS-SF dataset and represents the feature channel 1.
   - channel_2: In the UEA domain, this channel belongs to the PEMS-SF dataset and represents the feature channel 2.
   - ... (961 more channel descriptions)
==================================================
🚀 Architecture: LAYA
📊 Target Dataset: PEMS-SF (Channels: 963)
📊 Pretrain Info: electricity
📊 Classes: 7 | Sequence Length: 144
==================================================
✅ Loaded pretrained encoder from ./checkpoints/electricity_laya_mixer_concat_text/laya_ts_electricity_s_best.pt
   - 65/65 keys matched.
✅ Encoder is FROZEN (Linear Probing mode).
📝 metadata: mode=text, fusion=concat_kv, relation=none
ℹ️  Metadata Fusion Mode: concat_kv
ℹ️  Channel Mixer Relation Mode: none
ℹ️  Encoder Variant: default
ℹ️  Channel Adapter: disabled for Laya downstream (mixer)
ℹ️  Channel Relation Block: disabled
✅ ClassificationHead: [B, 128] → [B, 7]
Epoch   1/50 | Train Loss: 1.9767 Acc: 0.1333 F1: 0.0875 | Val Loss: 1.9903 Acc: 0.1923 F1: 0.0461
Validation Loss decreased (inf --> 1.990263). Saving best model...
Epoch   2/50 | Train Loss: 1.9523 Acc: 0.1583 F1: 0.0391 | Val Loss: 1.9584 Acc: 0.1923 F1: 0.0461
Validation Loss decreased (1.990263 --> 1.958410). Saving best model...
Epoch   3/50 | Train Loss: 1.9456 Acc: 0.1583 F1: 0.0932 | Val Loss: 1.9779 Acc: 0.0385 F1: 0.0143
Epoch   4/50 | Train Loss: 1.9376 Acc: 0.1250 F1: 0.0631 | Val Loss: 2.0091 Acc: 0.0385 F1: 0.0150
Epoch   5/50 | Train Loss: 1.9408 Acc: 0.1667 F1: 0.0474 | Val Loss: 1.9623 Acc: 0.0385 F1: 0.0106
Epoch   6/50 | Train Loss: 1.9356 Acc: 0.1583 F1: 0.0639 | Val Loss: 1.9793 Acc: 0.1923 F1: 0.0461
Epoch   7/50 | Train Loss: 1.9403 Acc: 0.1625 F1: 0.0560 | Val Loss: 1.9796 Acc: 0.0385 F1: 0.0106
Epoch   8/50 | Train Loss: 1.9325 Acc: 0.1750 F1: 0.0990 | Val Loss: 1.9855 Acc: 0.1154 F1: 0.0390
Epoch   9/50 | Train Loss: 1.9256 Acc: 0.1917 F1: 0.0930 | Val Loss: 1.9672 Acc: 0.0385 F1: 0.0106
Epoch  10/50 | Train Loss: 1.9446 Acc: 0.1750 F1: 0.0490 | Val Loss: 2.0003 Acc: 0.0385 F1: 0.0106
Epoch  11/50 | Train Loss: 1.9270 Acc: 0.1875 F1: 0.0793 | Val Loss: 1.9551 Acc: 0.1154 F1: 0.0536
Validation Loss decreased (1.958410 --> 1.955122). Saving best model...
Epoch  12/50 | Train Loss: 1.9259 Acc: 0.2000 F1: 0.0980 | Val Loss: 1.9903 Acc: 0.0385 F1: 0.0190
Epoch  13/50 | Train Loss: 1.9244 Acc: 0.1917 F1: 0.0897 | Val Loss: 1.9478 Acc: 0.1154 F1: 0.0373
Validation Loss decreased (1.955122 --> 1.947813). Saving best model...
Epoch  14/50 | Train Loss: 1.9247 Acc: 0.2167 F1: 0.1206 | Val Loss: 2.0026 Acc: 0.0385 F1: 0.0106
Epoch  15/50 | Train Loss: 1.9246 Acc: 0.1792 F1: 0.0556 | Val Loss: 1.9600 Acc: 0.0385 F1: 0.0106
Epoch  16/50 | Train Loss: 1.9317 Acc: 0.1500 F1: 0.0997 | Val Loss: 1.9622 Acc: 0.1538 F1: 0.0696
Epoch  17/50 | Train Loss: 1.9156 Acc: 0.2667 F1: 0.1393 | Val Loss: 1.9750 Acc: 0.0385 F1: 0.0110
Epoch  18/50 | Train Loss: 1.9247 Acc: 0.1708 F1: 0.0417 | Val Loss: 2.0062 Acc: 0.0385 F1: 0.0106
Epoch  19/50 | Train Loss: 1.9211 Acc: 0.1667 F1: 0.1015 | Val Loss: 1.9336 Acc: 0.2692 F1: 0.1048
Validation Loss decreased (1.947813 --> 1.933615). Saving best model...
Epoch  20/50 | Train Loss: 1.9155 Acc: 0.2167 F1: 0.1197 | Val Loss: 1.9818 Acc: 0.0385 F1: 0.0190
Epoch  21/50 | Train Loss: 1.9150 Acc: 0.2083 F1: 0.1075 | Val Loss: 1.9963 Acc: 0.0385 F1: 0.0110
Epoch  22/50 | Train Loss: 1.9191 Acc: 0.2042 F1: 0.1281 | Val Loss: 1.9356 Acc: 0.0769 F1: 0.0381
Epoch  23/50 | Train Loss: 1.9089 Acc: 0.2500 F1: 0.1204 | Val Loss: 1.9492 Acc: 0.0769 F1: 0.0370
Epoch  24/50 | Train Loss: 1.9107 Acc: 0.2292 F1: 0.1273 | Val Loss: 1.9620 Acc: 0.1154 F1: 0.0527
Epoch  25/50 | Train Loss: 1.9100 Acc: 0.1708 F1: 0.0987 | Val Loss: 1.9840 Acc: 0.0385 F1: 0.0168
Epoch  26/50 | Train Loss: 1.9075 Acc: 0.2458 F1: 0.1263 | Val Loss: 1.9519 Acc: 0.1538 F1: 0.0671
Epoch  27/50 | Train Loss: 1.9090 Acc: 0.2375 F1: 0.1034 | Val Loss: 1.9607 Acc: 0.1154 F1: 0.0536
Epoch  28/50 | Train Loss: 1.9031 Acc: 0.2333 F1: 0.1209 | Val Loss: 1.9423 Acc: 0.0769 F1: 0.0440
Epoch  29/50 | Train Loss: 1.9030 Acc: 0.2625 F1: 0.1727 | Val Loss: 1.9479 Acc: 0.0385 F1: 0.0119
Epoch  30/50 | Train Loss: 1.9069 Acc: 0.2292 F1: 0.1140 | Val Loss: 1.9855 Acc: 0.0385 F1: 0.0124
Epoch  31/50 | Train Loss: 1.8987 Acc: 0.2375 F1: 0.1206 | Val Loss: 1.9410 Acc: 0.2308 F1: 0.0929
Epoch  32/50 | Train Loss: 1.8999 Acc: 0.2542 F1: 0.1199 | Val Loss: 1.9636 Acc: 0.1154 F1: 0.0560
Epoch  33/50 | Train Loss: 1.9037 Acc: 0.2125 F1: 0.0958 | Val Loss: 1.9448 Acc: 0.1154 F1: 0.0549
Epoch  34/50 | Train Loss: 1.8915 Acc: 0.2875 F1: 0.1541 | Val Loss: 1.9816 Acc: 0.0000 F1: 0.0000
Epoch  35/50 | Train Loss: 1.9006 Acc: 0.2208 F1: 0.1202 | Val Loss: 1.9253 Acc: 0.1923 F1: 0.0857
Validation Loss decreased (1.933615 --> 1.925321). Saving best model...
Epoch  36/50 | Train Loss: 1.8946 Acc: 0.2167 F1: 0.1183 | Val Loss: 1.9821 Acc: 0.0385 F1: 0.0110
Epoch  37/50 | Train Loss: 1.8971 Acc: 0.2042 F1: 0.1060 | Val Loss: 1.9288 Acc: 0.0769 F1: 0.0336
Epoch  38/50 | Train Loss: 1.8892 Acc: 0.2708 F1: 0.1478 | Val Loss: 1.9605 Acc: 0.0385 F1: 0.0168
Epoch  39/50 | Train Loss: 1.8872 Acc: 0.2333 F1: 0.1161 | Val Loss: 1.9671 Acc: 0.0385 F1: 0.0124
Epoch  40/50 | Train Loss: 1.8809 Acc: 0.2875 F1: 0.1562 | Val Loss: 1.9393 Acc: 0.0769 F1: 0.0336
Epoch  41/50 | Train Loss: 1.8878 Acc: 0.2375 F1: 0.1504 | Val Loss: 1.9301 Acc: 0.0769 F1: 0.0381
Epoch  42/50 | Train Loss: 1.8877 Acc: 0.2167 F1: 0.1139 | Val Loss: 1.9771 Acc: 0.0769 F1: 0.0357
Epoch  43/50 | Train Loss: 1.8841 Acc: 0.2292 F1: 0.1143 | Val Loss: 1.9594 Acc: 0.0385 F1: 0.0119
Epoch  44/50 | Train Loss: 1.8774 Acc: 0.2917 F1: 0.1707 | Val Loss: 1.9490 Acc: 0.1154 F1: 0.0549
Epoch  45/50 | Train Loss: 1.8874 Acc: 0.2083 F1: 0.1087 | Val Loss: 1.9155 Acc: 0.1538 F1: 0.0765
Validation Loss decreased (1.925321 --> 1.915494). Saving best model...
Epoch  46/50 | Train Loss: 1.8823 Acc: 0.2625 F1: 0.1510 | Val Loss: 1.9754 Acc: 0.0385 F1: 0.0143
Epoch  47/50 | Train Loss: 1.8802 Acc: 0.2750 F1: 0.1284 | Val Loss: 1.9482 Acc: 0.1154 F1: 0.0556
Epoch  48/50 | Train Loss: 1.8745 Acc: 0.2542 F1: 0.1373 | Val Loss: 1.9519 Acc: 0.0000 F1: 0.0000
Epoch  49/50 | Train Loss: 1.8726 Acc: 0.2583 F1: 0.1425 | Val Loss: 1.9370 Acc: 0.0769 F1: 0.0381
Epoch  50/50 | Train Loss: 1.8774 Acc: 0.2250 F1: 0.1233 | Val Loss: 1.9188 Acc: 0.0769 F1: 0.0381

Classification Test Result (PEMS-SF)
Accuracy : 0.161850
F1 (macro): 0.105968
Saved attention maps for 3 sample(s) under ./runs/classification_electricity_to_PEMS-SF_laya_mixer_concat_text/attention_maps
Text metadata preview | dataset=SelfRegulationSCP1 | domain=UEA | channels=6
   - channel_1: In the UEA domain, this channel belongs to the SelfRegulationSCP1 dataset and represents the feature channel 1.
   - channel_2: In the UEA domain, this channel belongs to the SelfRegulationSCP1 dataset and represents the feature channel 2.
   - ... (4 more channel descriptions)
==================================================
🚀 Architecture: LAYA
📊 Target Dataset: SelfRegulationSCP1 (Channels: 6)
📊 Pretrain Info: electricity
📊 Classes: 2 | Sequence Length: 896
==================================================
✅ Loaded pretrained encoder from ./checkpoints/electricity_laya_mixer_concat_text/laya_ts_electricity_s_best.pt
   - 65/65 keys matched.
✅ Encoder is FROZEN (Linear Probing mode).
📝 metadata: mode=text, fusion=concat_kv, relation=none
ℹ️  Metadata Fusion Mode: concat_kv
ℹ️  Channel Mixer Relation Mode: none
ℹ️  Encoder Variant: default
ℹ️  Channel Adapter: disabled for Laya downstream (mixer)
ℹ️  Channel Relation Block: disabled
✅ ClassificationHead: [B, 128] → [B, 2]
Epoch   1/50 | Train Loss: 0.7073 Acc: 0.5000 F1: 0.4941 | Val Loss: 0.7030 Acc: 0.4615 F1: 0.3158
Validation Loss decreased (inf --> 0.702983). Saving best model...
Epoch   2/50 | Train Loss: 0.6830 Acc: 0.5292 F1: 0.5189 | Val Loss: 0.6380 Acc: 0.8462 F1: 0.8452
Validation Loss decreased (0.702983 --> 0.638015). Saving best model...
Epoch   3/50 | Train Loss: 0.6546 Acc: 0.5833 F1: 0.5628 | Val Loss: 0.6314 Acc: 0.6923 F1: 0.6848
Validation Loss decreased (0.638015 --> 0.631399). Saving best model...
Epoch   4/50 | Train Loss: 0.6457 Acc: 0.6042 F1: 0.5897 | Val Loss: 0.6137 Acc: 0.8077 F1: 0.8074
Validation Loss decreased (0.631399 --> 0.613712). Saving best model...
Epoch   5/50 | Train Loss: 0.6410 Acc: 0.6542 F1: 0.6531 | Val Loss: 0.6078 Acc: 0.6923 F1: 0.6848
Validation Loss decreased (0.613712 --> 0.607822). Saving best model...
Epoch   6/50 | Train Loss: 0.6424 Acc: 0.6208 F1: 0.6070 | Val Loss: 0.5998 Acc: 0.7308 F1: 0.7271
Validation Loss decreased (0.607822 --> 0.599797). Saving best model...
Epoch   7/50 | Train Loss: 0.6403 Acc: 0.6750 F1: 0.6750 | Val Loss: 0.5996 Acc: 0.6923 F1: 0.6848
Validation Loss decreased (0.599797 --> 0.599621). Saving best model...
Epoch   8/50 | Train Loss: 0.6316 Acc: 0.6042 F1: 0.5884 | Val Loss: 0.5937 Acc: 0.6923 F1: 0.6848
Validation Loss decreased (0.599621 --> 0.593704). Saving best model...
Epoch   9/50 | Train Loss: 0.6361 Acc: 0.6292 F1: 0.6211 | Val Loss: 0.5872 Acc: 0.6923 F1: 0.6848
Validation Loss decreased (0.593704 --> 0.587220). Saving best model...
Epoch  10/50 | Train Loss: 0.6300 Acc: 0.6292 F1: 0.6180 | Val Loss: 0.5834 Acc: 0.8077 F1: 0.8074
Validation Loss decreased (0.587220 --> 0.583350). Saving best model...
Epoch  11/50 | Train Loss: 0.6310 Acc: 0.6708 F1: 0.6701 | Val Loss: 0.5792 Acc: 0.7692 F1: 0.7679
Validation Loss decreased (0.583350 --> 0.579166). Saving best model...
Epoch  12/50 | Train Loss: 0.6319 Acc: 0.6292 F1: 0.6211 | Val Loss: 0.5859 Acc: 0.6923 F1: 0.6848
Epoch  13/50 | Train Loss: 0.6391 Acc: 0.6792 F1: 0.6790 | Val Loss: 0.5767 Acc: 0.7308 F1: 0.7271
Validation Loss decreased (0.579166 --> 0.576703). Saving best model...
Epoch  14/50 | Train Loss: 0.6321 Acc: 0.6167 F1: 0.6020 | Val Loss: 0.5748 Acc: 0.7692 F1: 0.7679
Validation Loss decreased (0.576703 --> 0.574824). Saving best model...
Epoch  15/50 | Train Loss: 0.6307 Acc: 0.6250 F1: 0.6173 | Val Loss: 0.5717 Acc: 0.8077 F1: 0.8074
Validation Loss decreased (0.574824 --> 0.571667). Saving best model...
Epoch  16/50 | Train Loss: 0.6322 Acc: 0.6417 F1: 0.6380 | Val Loss: 0.5731 Acc: 0.7308 F1: 0.7271
Epoch  17/50 | Train Loss: 0.6312 Acc: 0.6708 F1: 0.6708 | Val Loss: 0.5746 Acc: 0.6923 F1: 0.6848
Epoch  18/50 | Train Loss: 0.6358 Acc: 0.5875 F1: 0.5680 | Val Loss: 0.5704 Acc: 0.7692 F1: 0.7679
Validation Loss decreased (0.571667 --> 0.570353). Saving best model...
Epoch  19/50 | Train Loss: 0.6322 Acc: 0.6708 F1: 0.6704 | Val Loss: 0.5692 Acc: 0.7692 F1: 0.7679
Validation Loss decreased (0.570353 --> 0.569245). Saving best model...
Epoch  20/50 | Train Loss: 0.6263 Acc: 0.6125 F1: 0.6020 | Val Loss: 0.5707 Acc: 0.7308 F1: 0.7271
Epoch  21/50 | Train Loss: 0.6294 Acc: 0.6417 F1: 0.6401 | Val Loss: 0.5627 Acc: 0.8077 F1: 0.8074
Validation Loss decreased (0.569245 --> 0.562702). Saving best model...
Epoch  22/50 | Train Loss: 0.6231 Acc: 0.6667 F1: 0.6633 | Val Loss: 0.5748 Acc: 0.6923 F1: 0.6848
Epoch  23/50 | Train Loss: 0.6273 Acc: 0.6417 F1: 0.6352 | Val Loss: 0.5674 Acc: 0.6923 F1: 0.6848
Epoch  24/50 | Train Loss: 0.6240 Acc: 0.6375 F1: 0.6335 | Val Loss: 0.5619 Acc: 0.8077 F1: 0.8074
Validation Loss decreased (0.562702 --> 0.561921). Saving best model...
Epoch  25/50 | Train Loss: 0.6229 Acc: 0.6583 F1: 0.6583 | Val Loss: 0.5715 Acc: 0.6923 F1: 0.6848
Epoch  26/50 | Train Loss: 0.6257 Acc: 0.6167 F1: 0.6088 | Val Loss: 0.5575 Acc: 0.8077 F1: 0.8074
Validation Loss decreased (0.561921 --> 0.557498). Saving best model...
Epoch  27/50 | Train Loss: 0.6264 Acc: 0.6333 F1: 0.6296 | Val Loss: 0.5636 Acc: 0.7308 F1: 0.7271
Epoch  28/50 | Train Loss: 0.6249 Acc: 0.6333 F1: 0.6249 | Val Loss: 0.5584 Acc: 0.8077 F1: 0.8074
Epoch  29/50 | Train Loss: 0.6296 Acc: 0.7000 F1: 0.6995 | Val Loss: 0.5644 Acc: 0.6923 F1: 0.6848
Epoch  30/50 | Train Loss: 0.6238 Acc: 0.6333 F1: 0.6258 | Val Loss: 0.5532 Acc: 0.8077 F1: 0.8074
Validation Loss decreased (0.557498 --> 0.553188). Saving best model...
Epoch  31/50 | Train Loss: 0.6183 Acc: 0.6458 F1: 0.6457 | Val Loss: 0.5705 Acc: 0.6923 F1: 0.6848
Epoch  32/50 | Train Loss: 0.6358 Acc: 0.5750 F1: 0.5402 | Val Loss: 0.5551 Acc: 0.8077 F1: 0.8074
Epoch  33/50 | Train Loss: 0.6276 Acc: 0.7000 F1: 0.6931 | Val Loss: 0.5496 Acc: 0.8077 F1: 0.8074
Validation Loss decreased (0.553188 --> 0.549638). Saving best model...
Epoch  34/50 | Train Loss: 0.6213 Acc: 0.6500 F1: 0.6444 | Val Loss: 0.5717 Acc: 0.6923 F1: 0.6848
Epoch  35/50 | Train Loss: 0.6201 Acc: 0.6792 F1: 0.6791 | Val Loss: 0.5487 Acc: 0.8077 F1: 0.8074
Validation Loss decreased (0.549638 --> 0.548696). Saving best model...
Epoch  36/50 | Train Loss: 0.6253 Acc: 0.6208 F1: 0.6135 | Val Loss: 0.5668 Acc: 0.6923 F1: 0.6848
Epoch  37/50 | Train Loss: 0.6244 Acc: 0.6625 F1: 0.6620 | Val Loss: 0.5480 Acc: 0.8077 F1: 0.8074
Validation Loss decreased (0.548696 --> 0.547979). Saving best model...
Epoch  38/50 | Train Loss: 0.6298 Acc: 0.5875 F1: 0.5725 | Val Loss: 0.5571 Acc: 0.6923 F1: 0.6848
Epoch  39/50 | Train Loss: 0.6260 Acc: 0.6875 F1: 0.6846 | Val Loss: 0.5445 Acc: 0.8077 F1: 0.8074
Validation Loss decreased (0.547979 --> 0.544529). Saving best model...
Epoch  40/50 | Train Loss: 0.6164 Acc: 0.6292 F1: 0.6244 | Val Loss: 0.5584 Acc: 0.6923 F1: 0.6848
Epoch  41/50 | Train Loss: 0.6141 Acc: 0.6542 F1: 0.6510 | Val Loss: 0.5478 Acc: 0.8077 F1: 0.8074
Epoch  42/50 | Train Loss: 0.6169 Acc: 0.6333 F1: 0.6333 | Val Loss: 0.5542 Acc: 0.7308 F1: 0.7271
Epoch  43/50 | Train Loss: 0.6100 Acc: 0.6417 F1: 0.6343 | Val Loss: 0.5502 Acc: 0.7692 F1: 0.7679
Epoch  44/50 | Train Loss: 0.6122 Acc: 0.6542 F1: 0.6510 | Val Loss: 0.5412 Acc: 0.8077 F1: 0.8074
Validation Loss decreased (0.544529 --> 0.541249). Saving best model...
Epoch  45/50 | Train Loss: 0.6173 Acc: 0.6792 F1: 0.6790 | Val Loss: 0.5466 Acc: 0.8077 F1: 0.8074
Epoch  46/50 | Train Loss: 0.6152 Acc: 0.6542 F1: 0.6524 | Val Loss: 0.5610 Acc: 0.6923 F1: 0.6848
Epoch  47/50 | Train Loss: 0.6150 Acc: 0.6167 F1: 0.6046 | Val Loss: 0.5366 Acc: 0.8462 F1: 0.8462
Validation Loss decreased (0.541249 --> 0.536594). Saving best model...
Epoch  48/50 | Train Loss: 0.6293 Acc: 0.6458 F1: 0.6436 | Val Loss: 0.5559 Acc: 0.6923 F1: 0.6848
Epoch  49/50 | Train Loss: 0.6176 Acc: 0.6542 F1: 0.6537 | Val Loss: 0.5384 Acc: 0.8077 F1: 0.8074
Epoch  50/50 | Train Loss: 0.6185 Acc: 0.6500 F1: 0.6465 | Val Loss: 0.5423 Acc: 0.8077 F1: 0.8074

Classification Test Result (SelfRegulationSCP1)
Accuracy : 0.747440
F1 (macro): 0.735997
Saved attention maps for 3 sample(s) under ./runs/classification_electricity_to_SelfRegulationSCP1_laya_mixer_concat_text/attention_maps
Text metadata preview | dataset=SelfRegulationSCP2 | domain=UEA | channels=7
   - channel_1: In the UEA domain, this channel belongs to the SelfRegulationSCP2 dataset and represents the feature channel 1.
   - channel_2: In the UEA domain, this channel belongs to the SelfRegulationSCP2 dataset and represents the feature channel 2.
   - ... (5 more channel descriptions)
==================================================
🚀 Architecture: LAYA
📊 Target Dataset: SelfRegulationSCP2 (Channels: 7)
📊 Pretrain Info: electricity
📊 Classes: 2 | Sequence Length: 1152
==================================================
✅ Loaded pretrained encoder from ./checkpoints/electricity_laya_mixer_concat_text/laya_ts_electricity_s_best.pt
   - 65/65 keys matched.
✅ Encoder is FROZEN (Linear Probing mode).
📝 metadata: mode=text, fusion=concat_kv, relation=none
ℹ️  Metadata Fusion Mode: concat_kv
ℹ️  Channel Mixer Relation Mode: none
ℹ️  Encoder Variant: default
ℹ️  Channel Adapter: disabled for Laya downstream (mixer)
ℹ️  Channel Relation Block: disabled
✅ ClassificationHead: [B, 128] → [B, 2]
Epoch   1/50 | Train Loss: 0.7114 Acc: 0.4943 F1: 0.4906 | Val Loss: 0.6775 Acc: 0.6000 F1: 0.3750
Validation Loss decreased (inf --> 0.677535). Saving best model...
Epoch   2/50 | Train Loss: 0.6821 Acc: 0.4773 F1: 0.3855 | Val Loss: 0.7104 Acc: 0.4000 F1: 0.2857
Epoch   3/50 | Train Loss: 0.6792 Acc: 0.5114 F1: 0.3383 | Val Loss: 0.7229 Acc: 0.4000 F1: 0.2857
Epoch   4/50 | Train Loss: 0.6798 Acc: 0.5000 F1: 0.3432 | Val Loss: 0.6993 Acc: 0.4500 F1: 0.4133
Epoch   5/50 | Train Loss: 0.6889 Acc: 0.5227 F1: 0.4390 | Val Loss: 0.6924 Acc: 0.5000 F1: 0.3333
Epoch   6/50 | Train Loss: 0.6741 Acc: 0.5057 F1: 0.4773 | Val Loss: 0.7313 Acc: 0.4000 F1: 0.2857
Epoch   7/50 | Train Loss: 0.6794 Acc: 0.5114 F1: 0.4314 | Val Loss: 0.6999 Acc: 0.4500 F1: 0.4133
Epoch   8/50 | Train Loss: 0.6768 Acc: 0.5284 F1: 0.4922 | Val Loss: 0.7000 Acc: 0.5000 F1: 0.4505
Epoch   9/50 | Train Loss: 0.6778 Acc: 0.5284 F1: 0.4774 | Val Loss: 0.7146 Acc: 0.4500 F1: 0.4373
Epoch  10/50 | Train Loss: 0.6763 Acc: 0.4943 F1: 0.4906 | Val Loss: 0.7024 Acc: 0.4500 F1: 0.4133
Epoch  11/50 | Train Loss: 0.6774 Acc: 0.5114 F1: 0.4924 | Val Loss: 0.6960 Acc: 0.5000 F1: 0.3333
Epoch  12/50 | Train Loss: 0.6794 Acc: 0.5170 F1: 0.4689 | Val Loss: 0.7045 Acc: 0.4500 F1: 0.4133
Epoch  13/50 | Train Loss: 0.6808 Acc: 0.5000 F1: 0.3778 | Val Loss: 0.7138 Acc: 0.4000 F1: 0.3939
Epoch  14/50 | Train Loss: 0.6815 Acc: 0.4886 F1: 0.4733 | Val Loss: 0.7028 Acc: 0.4500 F1: 0.4133
Epoch  15/50 | Train Loss: 0.6783 Acc: 0.4830 F1: 0.4468 | Val Loss: 0.7083 Acc: 0.4500 F1: 0.4373
Epoch  16/50 | Train Loss: 0.6784 Acc: 0.4773 F1: 0.4773 | Val Loss: 0.6975 Acc: 0.5000 F1: 0.3333
Epoch  17/50 | Train Loss: 0.6783 Acc: 0.4716 F1: 0.4677 | Val Loss: 0.7169 Acc: 0.5000 F1: 0.4792
Epoch  18/50 | Train Loss: 0.6791 Acc: 0.4773 F1: 0.4032 | Val Loss: 0.6963 Acc: 0.5000 F1: 0.3333
Epoch  19/50 | Train Loss: 0.6806 Acc: 0.5000 F1: 0.4561 | Val Loss: 0.7135 Acc: 0.3500 F1: 0.3484
Epoch  20/50 | Train Loss: 0.6784 Acc: 0.5000 F1: 0.4182 | Val Loss: 0.7065 Acc: 0.4500 F1: 0.4133
Epoch  21/50 | Train Loss: 0.6776 Acc: 0.5057 F1: 0.5057 | Val Loss: 0.7034 Acc: 0.4500 F1: 0.4133
Epoch  22/50 | Train Loss: 0.6776 Acc: 0.4830 F1: 0.3953 | Val Loss: 0.7109 Acc: 0.4000 F1: 0.3939
Epoch  23/50 | Train Loss: 0.6807 Acc: 0.5398 F1: 0.5230 | Val Loss: 0.6979 Acc: 0.5000 F1: 0.3333
Epoch  24/50 | Train Loss: 0.6736 Acc: 0.5114 F1: 0.4924 | Val Loss: 0.7337 Acc: 0.4000 F1: 0.2857
Epoch  25/50 | Train Loss: 0.6844 Acc: 0.4602 F1: 0.3809 | Val Loss: 0.6967 Acc: 0.5000 F1: 0.3333
Epoch  26/50 | Train Loss: 0.6777 Acc: 0.5057 F1: 0.4802 | Val Loss: 0.7076 Acc: 0.4500 F1: 0.4133
Epoch  27/50 | Train Loss: 0.6761 Acc: 0.4830 F1: 0.4821 | Val Loss: 0.7099 Acc: 0.4500 F1: 0.4373
Epoch  28/50 | Train Loss: 0.6763 Acc: 0.5000 F1: 0.4994 | Val Loss: 0.7040 Acc: 0.4500 F1: 0.4133
Epoch  29/50 | Train Loss: 0.6784 Acc: 0.5227 F1: 0.5177 | Val Loss: 0.7180 Acc: 0.5000 F1: 0.4792
Epoch  30/50 | Train Loss: 0.6734 Acc: 0.4886 F1: 0.3714 | Val Loss: 0.7125 Acc: 0.4000 F1: 0.4000
Epoch  31/50 | Train Loss: 0.6814 Acc: 0.4886 F1: 0.3788 | Val Loss: 0.7053 Acc: 0.4500 F1: 0.4133
Epoch  32/50 | Train Loss: 0.6821 Acc: 0.4205 F1: 0.4054 | Val Loss: 0.7018 Acc: 0.4500 F1: 0.3732
Epoch  33/50 | Train Loss: 0.6794 Acc: 0.5057 F1: 0.4276 | Val Loss: 0.6945 Acc: 0.5000 F1: 0.3333
Epoch  34/50 | Train Loss: 0.6801 Acc: 0.5341 F1: 0.5087 | Val Loss: 0.7347 Acc: 0.4000 F1: 0.2857
Epoch  35/50 | Train Loss: 0.6768 Acc: 0.4886 F1: 0.4355 | Val Loss: 0.7037 Acc: 0.4500 F1: 0.4133
Epoch  36/50 | Train Loss: 0.6800 Acc: 0.4659 F1: 0.4558 | Val Loss: 0.7146 Acc: 0.5500 F1: 0.5200
Epoch  37/50 | Train Loss: 0.6889 Acc: 0.4773 F1: 0.4616 | Val Loss: 0.6960 Acc: 0.5000 F1: 0.3333
Epoch  38/50 | Train Loss: 0.6758 Acc: 0.5057 F1: 0.4330 | Val Loss: 0.7230 Acc: 0.4000 F1: 0.2857
Epoch  39/50 | Train Loss: 0.6765 Acc: 0.5000 F1: 0.3333 | Val Loss: 0.7122 Acc: 0.4500 F1: 0.4373
Epoch  40/50 | Train Loss: 0.6793 Acc: 0.4659 F1: 0.4267 | Val Loss: 0.6946 Acc: 0.5000 F1: 0.3333
Epoch  41/50 | Train Loss: 0.6870 Acc: 0.4602 F1: 0.4018 | Val Loss: 0.7228 Acc: 0.4000 F1: 0.2857
Epoch  42/50 | Train Loss: 0.6866 Acc: 0.4830 F1: 0.4563 | Val Loss: 0.6924 Acc: 0.5000 F1: 0.3333
Epoch  43/50 | Train Loss: 0.6767 Acc: 0.5000 F1: 0.4806 | Val Loss: 0.7357 Acc: 0.4000 F1: 0.2857
Epoch  44/50 | Train Loss: 0.6852 Acc: 0.4830 F1: 0.4781 | Val Loss: 0.6996 Acc: 0.4500 F1: 0.3103
Epoch  45/50 | Train Loss: 0.6792 Acc: 0.5000 F1: 0.4522 | Val Loss: 0.7196 Acc: 0.4000 F1: 0.2857
Epoch  46/50 | Train Loss: 0.6739 Acc: 0.5398 F1: 0.5390 | Val Loss: 0.6982 Acc: 0.5000 F1: 0.3333
Epoch  47/50 | Train Loss: 0.6793 Acc: 0.4602 F1: 0.4324 | Val Loss: 0.7131 Acc: 0.4500 F1: 0.4373
Epoch  48/50 | Train Loss: 0.6784 Acc: 0.4886 F1: 0.4876 | Val Loss: 0.7093 Acc: 0.4500 F1: 0.4373
Epoch  49/50 | Train Loss: 0.6766 Acc: 0.5000 F1: 0.3614 | Val Loss: 0.7167 Acc: 0.4500 F1: 0.3732
Epoch  50/50 | Train Loss: 0.6793 Acc: 0.4943 F1: 0.4781 | Val Loss: 0.6987 Acc: 0.5000 F1: 0.3333

Classification Test Result (SelfRegulationSCP2)
Accuracy : 0.500000
F1 (macro): 0.333333
Saved attention maps for 3 sample(s) under ./runs/classification_electricity_to_SelfRegulationSCP2_laya_mixer_concat_text/attention_maps
Text metadata preview | dataset=SpokenArabicDigits | domain=UEA | channels=13
   - channel_1: In the UEA domain, this channel belongs to the SpokenArabicDigits dataset and represents the feature channel 1.
   - channel_2: In the UEA domain, this channel belongs to the SpokenArabicDigits dataset and represents the feature channel 2.
   - ... (11 more channel descriptions)
==================================================
🚀 Architecture: LAYA
📊 Target Dataset: SpokenArabicDigits (Channels: 13)
📊 Pretrain Info: electricity
📊 Classes: 10 | Sequence Length: 93
==================================================
✅ Loaded pretrained encoder from ./checkpoints/electricity_laya_mixer_concat_text/laya_ts_electricity_s_best.pt
   - 65/65 keys matched.
✅ Encoder is FROZEN (Linear Probing mode).
📝 metadata: mode=text, fusion=concat_kv, relation=none
ℹ️  Metadata Fusion Mode: concat_kv
ℹ️  Channel Mixer Relation Mode: none
ℹ️  Encoder Variant: default
ℹ️  Channel Adapter: disabled for Laya downstream (mixer)
ℹ️  Channel Relation Block: disabled
✅ ClassificationHead: [B, 128] → [B, 10]
Epoch   1/50 | Train Loss: 2.2813 Acc: 0.1397 F1: 0.1356 | Val Loss: 2.2525 Acc: 0.1593 F1: 0.0652
Validation Loss decreased (inf --> 2.252473). Saving best model...
Epoch   2/50 | Train Loss: 2.1998 Acc: 0.1851 F1: 0.1713 | Val Loss: 2.1756 Acc: 0.2140 F1: 0.1478
Validation Loss decreased (2.252473 --> 2.175551). Saving best model...
Epoch   3/50 | Train Loss: 2.1348 Acc: 0.2293 F1: 0.2077 | Val Loss: 2.1232 Acc: 0.2367 F1: 0.1767
Validation Loss decreased (2.175551 --> 2.123204). Saving best model...
Epoch   4/50 | Train Loss: 2.0824 Acc: 0.2576 F1: 0.2378 | Val Loss: 2.0776 Acc: 0.2322 F1: 0.1596
Validation Loss decreased (2.123204 --> 2.077551). Saving best model...
Epoch   5/50 | Train Loss: 2.0333 Acc: 0.2847 F1: 0.2648 | Val Loss: 2.0608 Acc: 0.2580 F1: 0.2203
Validation Loss decreased (2.077551 --> 2.060784). Saving best model...
Epoch   6/50 | Train Loss: 1.9924 Acc: 0.3017 F1: 0.2852 | Val Loss: 1.9972 Acc: 0.2974 F1: 0.2639
Validation Loss decreased (2.060784 --> 1.997190). Saving best model...
Epoch   7/50 | Train Loss: 1.9577 Acc: 0.3248 F1: 0.3051 | Val Loss: 1.9875 Acc: 0.2838 F1: 0.2432
Validation Loss decreased (1.997190 --> 1.987459). Saving best model...
Epoch   8/50 | Train Loss: 1.9173 Acc: 0.3472 F1: 0.3296 | Val Loss: 1.9297 Acc: 0.3520 F1: 0.3310
Validation Loss decreased (1.987459 --> 1.929654). Saving best model...
Epoch   9/50 | Train Loss: 1.8888 Acc: 0.3543 F1: 0.3350 | Val Loss: 1.8906 Acc: 0.3293 F1: 0.2833
Validation Loss decreased (1.929654 --> 1.890553). Saving best model...
Epoch  10/50 | Train Loss: 1.8568 Acc: 0.3737 F1: 0.3552 | Val Loss: 1.8853 Acc: 0.3187 F1: 0.2662
Validation Loss decreased (1.890553 --> 1.885291). Saving best model...
Epoch  11/50 | Train Loss: 1.8309 Acc: 0.3794 F1: 0.3618 | Val Loss: 1.8395 Acc: 0.3778 F1: 0.3568
Validation Loss decreased (1.885291 --> 1.839535). Saving best model...
Epoch  12/50 | Train Loss: 1.8067 Acc: 0.3871 F1: 0.3704 | Val Loss: 1.8280 Acc: 0.3566 F1: 0.3326
Validation Loss decreased (1.839535 --> 1.827997). Saving best model...
Epoch  13/50 | Train Loss: 1.7855 Acc: 0.3954 F1: 0.3788 | Val Loss: 1.8035 Acc: 0.3809 F1: 0.3597
Validation Loss decreased (1.827997 --> 1.803517). Saving best model...
Epoch  14/50 | Train Loss: 1.7680 Acc: 0.4068 F1: 0.3901 | Val Loss: 1.7868 Acc: 0.4067 F1: 0.3786
Validation Loss decreased (1.803517 --> 1.786810). Saving best model...
Epoch  15/50 | Train Loss: 1.7464 Acc: 0.4087 F1: 0.3896 | Val Loss: 1.7747 Acc: 0.3915 F1: 0.3691
Validation Loss decreased (1.786810 --> 1.774734). Saving best model...
Epoch  16/50 | Train Loss: 1.7330 Acc: 0.4156 F1: 0.3983 | Val Loss: 1.7531 Acc: 0.4203 F1: 0.4071
Validation Loss decreased (1.774734 --> 1.753101). Saving best model...
Epoch  17/50 | Train Loss: 1.7156 Acc: 0.4282 F1: 0.4126 | Val Loss: 1.7280 Acc: 0.4052 F1: 0.3931
Validation Loss decreased (1.753101 --> 1.727991). Saving best model...
Epoch  18/50 | Train Loss: 1.7006 Acc: 0.4294 F1: 0.4138 | Val Loss: 1.7204 Acc: 0.4279 F1: 0.4026
Validation Loss decreased (1.727991 --> 1.720448). Saving best model...
Epoch  19/50 | Train Loss: 1.6868 Acc: 0.4333 F1: 0.4174 | Val Loss: 1.6942 Acc: 0.4234 F1: 0.4077
Validation Loss decreased (1.720448 --> 1.694181). Saving best model...
Epoch  20/50 | Train Loss: 1.6734 Acc: 0.4436 F1: 0.4288 | Val Loss: 1.6932 Acc: 0.4325 F1: 0.4275
Validation Loss decreased (1.694181 --> 1.693208). Saving best model...
Epoch  21/50 | Train Loss: 1.6619 Acc: 0.4446 F1: 0.4289 | Val Loss: 1.6820 Acc: 0.4294 F1: 0.4111
Validation Loss decreased (1.693208 --> 1.681997). Saving best model...
Epoch  22/50 | Train Loss: 1.6503 Acc: 0.4501 F1: 0.4372 | Val Loss: 1.7059 Acc: 0.4643 F1: 0.4573
Epoch  23/50 | Train Loss: 1.6392 Acc: 0.4522 F1: 0.4388 | Val Loss: 1.6633 Acc: 0.4446 F1: 0.4333
Validation Loss decreased (1.681997 --> 1.663269). Saving best model...
Epoch  24/50 | Train Loss: 1.6296 Acc: 0.4579 F1: 0.4438 | Val Loss: 1.6444 Acc: 0.4613 F1: 0.4504
Validation Loss decreased (1.663269 --> 1.644428). Saving best model...
Epoch  25/50 | Train Loss: 1.6201 Acc: 0.4643 F1: 0.4520 | Val Loss: 1.6354 Acc: 0.4537 F1: 0.4329
Validation Loss decreased (1.644428 --> 1.635354). Saving best model...
Epoch  26/50 | Train Loss: 1.6102 Acc: 0.4618 F1: 0.4475 | Val Loss: 1.6402 Acc: 0.4689 F1: 0.4619
Epoch  27/50 | Train Loss: 1.6035 Acc: 0.4614 F1: 0.4474 | Val Loss: 1.6259 Acc: 0.4552 F1: 0.4433
Validation Loss decreased (1.635354 --> 1.625923). Saving best model...
Epoch  28/50 | Train Loss: 1.5938 Acc: 0.4707 F1: 0.4586 | Val Loss: 1.6194 Acc: 0.4552 F1: 0.4361
Validation Loss decreased (1.625923 --> 1.619427). Saving best model...
Epoch  29/50 | Train Loss: 1.5877 Acc: 0.4719 F1: 0.4582 | Val Loss: 1.6129 Acc: 0.4734 F1: 0.4686
Validation Loss decreased (1.619427 --> 1.612913). Saving best model...
Epoch  30/50 | Train Loss: 1.5768 Acc: 0.4815 F1: 0.4687 | Val Loss: 1.5920 Acc: 0.4856 F1: 0.4806
Validation Loss decreased (1.612913 --> 1.592007). Saving best model...
Epoch  31/50 | Train Loss: 1.5703 Acc: 0.4830 F1: 0.4707 | Val Loss: 1.5921 Acc: 0.4719 F1: 0.4580
Epoch  32/50 | Train Loss: 1.5620 Acc: 0.4815 F1: 0.4699 | Val Loss: 1.5847 Acc: 0.4780 F1: 0.4640
Validation Loss decreased (1.592007 --> 1.584667). Saving best model...
Epoch  33/50 | Train Loss: 1.5588 Acc: 0.4781 F1: 0.4671 | Val Loss: 1.5857 Acc: 0.4734 F1: 0.4576
Epoch  34/50 | Train Loss: 1.5512 Acc: 0.4901 F1: 0.4773 | Val Loss: 1.5691 Acc: 0.4917 F1: 0.4825
Validation Loss decreased (1.584667 --> 1.569106). Saving best model...
Epoch  35/50 | Train Loss: 1.5399 Acc: 0.4971 F1: 0.4866 | Val Loss: 1.5638 Acc: 0.4917 F1: 0.4766
Validation Loss decreased (1.569106 --> 1.563808). Saving best model...
Epoch  36/50 | Train Loss: 1.5369 Acc: 0.4944 F1: 0.4838 | Val Loss: 1.5546 Acc: 0.4901 F1: 0.4733
Validation Loss decreased (1.563808 --> 1.554622). Saving best model...
Epoch  37/50 | Train Loss: 1.5342 Acc: 0.4923 F1: 0.4814 | Val Loss: 1.5507 Acc: 0.4871 F1: 0.4709
Validation Loss decreased (1.554622 --> 1.550702). Saving best model...
Epoch  38/50 | Train Loss: 1.5233 Acc: 0.4975 F1: 0.4880 | Val Loss: 1.5432 Acc: 0.5023 F1: 0.4952
Validation Loss decreased (1.550702 --> 1.543242). Saving best model...
Epoch  39/50 | Train Loss: 1.5192 Acc: 0.4983 F1: 0.4874 | Val Loss: 1.5439 Acc: 0.4886 F1: 0.4759
Epoch  40/50 | Train Loss: 1.5136 Acc: 0.5029 F1: 0.4923 | Val Loss: 1.5280 Acc: 0.5038 F1: 0.4970
Validation Loss decreased (1.543242 --> 1.528048). Saving best model...
Epoch  41/50 | Train Loss: 1.5095 Acc: 0.5076 F1: 0.4981 | Val Loss: 1.5294 Acc: 0.4901 F1: 0.4808
Epoch  42/50 | Train Loss: 1.5014 Acc: 0.5091 F1: 0.4999 | Val Loss: 1.5174 Acc: 0.4886 F1: 0.4739
Validation Loss decreased (1.528048 --> 1.517395). Saving best model...
Epoch  43/50 | Train Loss: 1.4961 Acc: 0.5104 F1: 0.5007 | Val Loss: 1.5133 Acc: 0.5068 F1: 0.4981
Validation Loss decreased (1.517395 --> 1.513332). Saving best model...
Epoch  44/50 | Train Loss: 1.4929 Acc: 0.5106 F1: 0.5002 | Val Loss: 1.5066 Acc: 0.5053 F1: 0.4983
Validation Loss decreased (1.513332 --> 1.506608). Saving best model...
Epoch  45/50 | Train Loss: 1.4875 Acc: 0.5123 F1: 0.5024 | Val Loss: 1.5107 Acc: 0.5053 F1: 0.4995
Epoch  46/50 | Train Loss: 1.4816 Acc: 0.5182 F1: 0.5093 | Val Loss: 1.5019 Acc: 0.5053 F1: 0.4939
Validation Loss decreased (1.506608 --> 1.501896). Saving best model...
Epoch  47/50 | Train Loss: 1.4768 Acc: 0.5179 F1: 0.5082 | Val Loss: 1.4981 Acc: 0.5068 F1: 0.4951
Validation Loss decreased (1.501896 --> 1.498141). Saving best model...
Epoch  48/50 | Train Loss: 1.4751 Acc: 0.5194 F1: 0.5106 | Val Loss: 1.4887 Acc: 0.5235 F1: 0.5168
Validation Loss decreased (1.498141 --> 1.488654). Saving best model...
Epoch  49/50 | Train Loss: 1.4707 Acc: 0.5189 F1: 0.5092 | Val Loss: 1.5048 Acc: 0.5023 F1: 0.4960
Epoch  50/50 | Train Loss: 1.4671 Acc: 0.5150 F1: 0.5059 | Val Loss: 1.5004 Acc: 0.5266 F1: 0.5220

Classification Test Result (SpokenArabicDigits)
Accuracy : 0.314234
F1 (macro): 0.285208
Saved attention maps for 3 sample(s) under ./runs/classification_electricity_to_SpokenArabicDigits_laya_mixer_concat_text/attention_maps
Text metadata preview | dataset=UWaveGestureLibrary | domain=UEA | channels=3
   - channel_1: In the UEA domain, this channel belongs to the UWaveGestureLibrary dataset and represents the feature channel 1.
   - channel_2: In the UEA domain, this channel belongs to the UWaveGestureLibrary dataset and represents the feature channel 2.
   - ... (1 more channel descriptions)
==================================================
🚀 Architecture: LAYA
📊 Target Dataset: UWaveGestureLibrary (Channels: 3)
📊 Pretrain Info: electricity
📊 Classes: 8 | Sequence Length: 315
==================================================
✅ Loaded pretrained encoder from ./checkpoints/electricity_laya_mixer_concat_text/laya_ts_electricity_s_best.pt
   - 65/65 keys matched.
✅ Encoder is FROZEN (Linear Probing mode).
📝 metadata: mode=text, fusion=concat_kv, relation=none
ℹ️  Metadata Fusion Mode: concat_kv
ℹ️  Channel Mixer Relation Mode: none
ℹ️  Encoder Variant: default
ℹ️  Channel Adapter: disabled for Laya downstream (mixer)
ℹ️  Channel Relation Block: disabled
✅ ClassificationHead: [B, 128] → [B, 8]
Epoch   1/50 | Train Loss: 1.9269 Acc: 0.0729 F1: 0.0303 | Val Loss: 2.0480 Acc: 0.0833 F1: 0.0220
Validation Loss decreased (inf --> 2.047994). Saving best model...
Epoch   2/50 | Train Loss: 1.8499 Acc: 0.1250 F1: 0.0280 | Val Loss: 2.1899 Acc: 0.0000 F1: 0.0000
Epoch   3/50 | Train Loss: 1.8662 Acc: 0.1458 F1: 0.0588 | Val Loss: 2.2211 Acc: 0.0000 F1: 0.0000
Epoch   4/50 | Train Loss: 1.8676 Acc: 0.1146 F1: 0.0257 | Val Loss: 2.1815 Acc: 0.0833 F1: 0.0227
Epoch   5/50 | Train Loss: 1.8484 Acc: 0.1042 F1: 0.0332 | Val Loss: 2.1457 Acc: 0.0833 F1: 0.0220
Epoch   6/50 | Train Loss: 1.8525 Acc: 0.1250 F1: 0.0670 | Val Loss: 2.1087 Acc: 0.2500 F1: 0.1173
Epoch   7/50 | Train Loss: 1.8446 Acc: 0.1458 F1: 0.0551 | Val Loss: 2.1430 Acc: 0.0833 F1: 0.0357
Epoch   8/50 | Train Loss: 1.8474 Acc: 0.1562 F1: 0.0549 | Val Loss: 2.1614 Acc: 0.0000 F1: 0.0000
Epoch   9/50 | Train Loss: 1.8542 Acc: 0.1250 F1: 0.0389 | Val Loss: 2.1558 Acc: 0.0833 F1: 0.0220
Epoch  10/50 | Train Loss: 1.8506 Acc: 0.1146 F1: 0.0457 | Val Loss: 2.1152 Acc: 0.0000 F1: 0.0000
Epoch  11/50 | Train Loss: 1.8428 Acc: 0.1562 F1: 0.0338 | Val Loss: 2.1509 Acc: 0.0000 F1: 0.0000
Epoch  12/50 | Train Loss: 1.8463 Acc: 0.1354 F1: 0.0298 | Val Loss: 2.1626 Acc: 0.0000 F1: 0.0000
Epoch  13/50 | Train Loss: 1.8453 Acc: 0.1146 F1: 0.0435 | Val Loss: 2.1612 Acc: 0.0833 F1: 0.0220
Epoch  14/50 | Train Loss: 1.8433 Acc: 0.1354 F1: 0.0298 | Val Loss: 2.1938 Acc: 0.0833 F1: 0.0220
Epoch  15/50 | Train Loss: 1.8434 Acc: 0.1146 F1: 0.0431 | Val Loss: 2.2061 Acc: 0.0000 F1: 0.0000
Epoch  16/50 | Train Loss: 1.8422 Acc: 0.1562 F1: 0.0338 | Val Loss: 2.1899 Acc: 0.0000 F1: 0.0000
Epoch  17/50 | Train Loss: 1.8556 Acc: 0.0833 F1: 0.0215 | Val Loss: 2.1594 Acc: 0.0833 F1: 0.0220
Epoch  18/50 | Train Loss: 1.8533 Acc: 0.1354 F1: 0.0444 | Val Loss: 2.1209 Acc: 0.1667 F1: 0.1143
Epoch  19/50 | Train Loss: 1.8472 Acc: 0.1146 F1: 0.0642 | Val Loss: 2.0980 Acc: 0.0833 F1: 0.0220
Epoch  20/50 | Train Loss: 1.8509 Acc: 0.1146 F1: 0.0477 | Val Loss: 2.0832 Acc: 0.0833 F1: 0.0220
Epoch  21/50 | Train Loss: 1.8543 Acc: 0.1146 F1: 0.0412 | Val Loss: 2.1236 Acc: 0.0833 F1: 0.0357
Epoch  22/50 | Train Loss: 1.8499 Acc: 0.1458 F1: 0.0450 | Val Loss: 2.1516 Acc: 0.0833 F1: 0.0260
Epoch  23/50 | Train Loss: 1.8422 Acc: 0.1458 F1: 0.0458 | Val Loss: 2.1428 Acc: 0.0833 F1: 0.0220
Epoch  24/50 | Train Loss: 1.8501 Acc: 0.1250 F1: 0.0392 | Val Loss: 2.1199 Acc: 0.0833 F1: 0.0357
Epoch  25/50 | Train Loss: 1.8434 Acc: 0.1562 F1: 0.0465 | Val Loss: 2.1421 Acc: 0.0000 F1: 0.0000
Epoch  26/50 | Train Loss: 1.8485 Acc: 0.1250 F1: 0.0278 | Val Loss: 2.1326 Acc: 0.0000 F1: 0.0000
Epoch  27/50 | Train Loss: 1.8427 Acc: 0.0938 F1: 0.0356 | Val Loss: 2.1148 Acc: 0.0833 F1: 0.0220
Epoch  28/50 | Train Loss: 1.8507 Acc: 0.1042 F1: 0.0369 | Val Loss: 2.1171 Acc: 0.0000 F1: 0.0000
Epoch  29/50 | Train Loss: 1.8414 Acc: 0.1354 F1: 0.0301 | Val Loss: 2.1080 Acc: 0.0000 F1: 0.0000
Epoch  30/50 | Train Loss: 1.8389 Acc: 0.1458 F1: 0.0318 | Val Loss: 2.1092 Acc: 0.1667 F1: 0.0833
Epoch  31/50 | Train Loss: 1.8414 Acc: 0.1458 F1: 0.0327 | Val Loss: 2.1137 Acc: 0.0000 F1: 0.0000
Epoch  32/50 | Train Loss: 1.8416 Acc: 0.1354 F1: 0.0298 | Val Loss: 2.1497 Acc: 0.1667 F1: 0.1250
Epoch  33/50 | Train Loss: 1.8429 Acc: 0.1771 F1: 0.1010 | Val Loss: 2.2057 Acc: 0.0833 F1: 0.0220
Epoch  34/50 | Train Loss: 1.8505 Acc: 0.1250 F1: 0.0278 | Val Loss: 2.1578 Acc: 0.0833 F1: 0.0220
Epoch  35/50 | Train Loss: 1.8296 Acc: 0.1354 F1: 0.0298 | Val Loss: 2.1550 Acc: 0.0833 F1: 0.0220
Epoch  36/50 | Train Loss: 1.8416 Acc: 0.1667 F1: 0.0670 | Val Loss: 2.1496 Acc: 0.0000 F1: 0.0000
Epoch  37/50 | Train Loss: 1.8417 Acc: 0.1042 F1: 0.0367 | Val Loss: 2.1466 Acc: 0.0833 F1: 0.0220
Epoch  38/50 | Train Loss: 1.8421 Acc: 0.1458 F1: 0.0321 | Val Loss: 2.1409 Acc: 0.0833 F1: 0.0220
Epoch  39/50 | Train Loss: 1.8411 Acc: 0.1354 F1: 0.0473 | Val Loss: 2.1353 Acc: 0.0833 F1: 0.0220
Epoch  40/50 | Train Loss: 1.8452 Acc: 0.1562 F1: 0.0751 | Val Loss: 2.1528 Acc: 0.0833 F1: 0.0357
Epoch  41/50 | Train Loss: 1.8454 Acc: 0.1771 F1: 0.0795 | Val Loss: 2.1668 Acc: 0.0833 F1: 0.0317
Epoch  42/50 | Train Loss: 1.8437 Acc: 0.0625 F1: 0.0342 | Val Loss: 2.1353 Acc: 0.0833 F1: 0.0417
Epoch  43/50 | Train Loss: 1.8344 Acc: 0.1562 F1: 0.0341 | Val Loss: 2.1411 Acc: 0.0000 F1: 0.0000
Epoch  44/50 | Train Loss: 1.8422 Acc: 0.1458 F1: 0.0318 | Val Loss: 2.1341 Acc: 0.0000 F1: 0.0000
Epoch  45/50 | Train Loss: 1.8446 Acc: 0.1458 F1: 0.0318 | Val Loss: 2.1125 Acc: 0.0000 F1: 0.0000
Epoch  46/50 | Train Loss: 1.8432 Acc: 0.1354 F1: 0.0298 | Val Loss: 2.1049 Acc: 0.0000 F1: 0.0000
Epoch  47/50 | Train Loss: 1.8375 Acc: 0.1458 F1: 0.0324 | Val Loss: 2.1052 Acc: 0.0000 F1: 0.0000
Epoch  48/50 | Train Loss: 1.8432 Acc: 0.1146 F1: 0.0692 | Val Loss: 2.1121 Acc: 0.2500 F1: 0.1551
Epoch  49/50 | Train Loss: 1.8370 Acc: 0.1979 F1: 0.1173 | Val Loss: 2.1445 Acc: 0.0833 F1: 0.0260
Epoch  50/50 | Train Loss: 1.8434 Acc: 0.1562 F1: 0.1000 | Val Loss: 2.1575 Acc: 0.1667 F1: 0.1250

Classification Test Result (UWaveGestureLibrary)
Accuracy : 0.128125
F1 (macro): 0.033953
Saved attention maps for 3 sample(s) under ./runs/classification_electricity_to_UWaveGestureLibrary_laya_mixer_concat_text/attention_maps
Text metadata preview | dataset=ECG200 | domain=UCR | channels=1
   - channel_1: In the UCR domain, this channel belongs to the ECG200 dataset and represents the feature channel 1.
==================================================
🚀 Architecture: LAYA
📊 Target Dataset: ECG200 (Channels: 1)
📊 Pretrain Info: electricity
📊 Classes: 2 | Sequence Length: 96
==================================================
✅ Loaded pretrained encoder from ./checkpoints/electricity_laya_mixer_concat_text/laya_ts_electricity_s_best.pt
   - 65/65 keys matched.
✅ Encoder is FROZEN (Linear Probing mode).
📝 metadata: mode=text, fusion=concat_kv, relation=none
ℹ️  Metadata Fusion Mode: concat_kv
ℹ️  Channel Mixer Relation Mode: none
ℹ️  Encoder Variant: default
ℹ️  Channel Adapter: disabled for Laya downstream (mixer)
ℹ️  Channel Relation Block: disabled
✅ ClassificationHead: [B, 128] → [B, 2]
Epoch   1/50 | Train Loss: 0.7754 Acc: 0.2750 F1: 0.2157 | Val Loss: 0.6844 Acc: 0.6000 F1: 0.3750
Validation Loss decreased (inf --> 0.684385). Saving best model...
Epoch   2/50 | Train Loss: 0.5593 Acc: 0.6875 F1: 0.4074 | Val Loss: 0.6970 Acc: 0.6000 F1: 0.3750
Epoch   3/50 | Train Loss: 0.5312 Acc: 0.7250 F1: 0.4203 | Val Loss: 0.7774 Acc: 0.6000 F1: 0.3750
Epoch   4/50 | Train Loss: 0.5531 Acc: 0.7125 F1: 0.4161 | Val Loss: 0.7906 Acc: 0.6000 F1: 0.3750
Epoch   5/50 | Train Loss: 0.5657 Acc: 0.7000 F1: 0.4118 | Val Loss: 0.7602 Acc: 0.6000 F1: 0.3750
Epoch   6/50 | Train Loss: 0.5276 Acc: 0.7250 F1: 0.4203 | Val Loss: 0.7123 Acc: 0.6000 F1: 0.3750
Epoch   7/50 | Train Loss: 0.5320 Acc: 0.7125 F1: 0.4161 | Val Loss: 0.6911 Acc: 0.6000 F1: 0.3750
Epoch   8/50 | Train Loss: 0.5242 Acc: 0.7250 F1: 0.4203 | Val Loss: 0.6934 Acc: 0.6000 F1: 0.3750
Epoch   9/50 | Train Loss: 0.5486 Acc: 0.6875 F1: 0.4074 | Val Loss: 0.6924 Acc: 0.6000 F1: 0.3750
Epoch  10/50 | Train Loss: 0.5406 Acc: 0.7000 F1: 0.4118 | Val Loss: 0.6880 Acc: 0.6000 F1: 0.3750
Epoch  11/50 | Train Loss: 0.5485 Acc: 0.6875 F1: 0.4074 | Val Loss: 0.6913 Acc: 0.6000 F1: 0.3750
Epoch  12/50 | Train Loss: 0.5481 Acc: 0.6875 F1: 0.4074 | Val Loss: 0.6883 Acc: 0.6000 F1: 0.3750
Epoch  13/50 | Train Loss: 0.5639 Acc: 0.6625 F1: 0.3985 | Val Loss: 0.6861 Acc: 0.6000 F1: 0.3750
Epoch  14/50 | Train Loss: 0.5225 Acc: 0.7250 F1: 0.4203 | Val Loss: 0.6953 Acc: 0.6000 F1: 0.3750
Epoch  15/50 | Train Loss: 0.5194 Acc: 0.7250 F1: 0.4203 | Val Loss: 0.7017 Acc: 0.6000 F1: 0.3750
Epoch  16/50 | Train Loss: 0.5627 Acc: 0.6750 F1: 0.4030 | Val Loss: 0.7122 Acc: 0.6000 F1: 0.3750
Epoch  17/50 | Train Loss: 0.5568 Acc: 0.6750 F1: 0.4030 | Val Loss: 0.6954 Acc: 0.6000 F1: 0.3750
Epoch  18/50 | Train Loss: 0.5351 Acc: 0.7125 F1: 0.4161 | Val Loss: 0.6814 Acc: 0.6000 F1: 0.3750
Validation Loss decreased (0.684385 --> 0.681355). Saving best model...
Epoch  19/50 | Train Loss: 0.5403 Acc: 0.7000 F1: 0.4118 | Val Loss: 0.6831 Acc: 0.6000 F1: 0.3750
Epoch  20/50 | Train Loss: 0.5375 Acc: 0.7000 F1: 0.4118 | Val Loss: 0.6991 Acc: 0.6000 F1: 0.3750
Epoch  21/50 | Train Loss: 0.5349 Acc: 0.7000 F1: 0.4118 | Val Loss: 0.7032 Acc: 0.6000 F1: 0.3750
Epoch  22/50 | Train Loss: 0.5559 Acc: 0.6750 F1: 0.4030 | Val Loss: 0.7003 Acc: 0.6000 F1: 0.3750
Epoch  23/50 | Train Loss: 0.5444 Acc: 0.6875 F1: 0.4074 | Val Loss: 0.6916 Acc: 0.6000 F1: 0.3750
Epoch  24/50 | Train Loss: 0.5086 Acc: 0.7375 F1: 0.4245 | Val Loss: 0.6957 Acc: 0.6000 F1: 0.3750
Epoch  25/50 | Train Loss: 0.5267 Acc: 0.7125 F1: 0.4161 | Val Loss: 0.7084 Acc: 0.6000 F1: 0.3750
Epoch  26/50 | Train Loss: 0.5336 Acc: 0.7000 F1: 0.4118 | Val Loss: 0.7073 Acc: 0.6000 F1: 0.3750
Epoch  27/50 | Train Loss: 0.5438 Acc: 0.6875 F1: 0.4074 | Val Loss: 0.6963 Acc: 0.6000 F1: 0.3750
Epoch  28/50 | Train Loss: 0.5346 Acc: 0.7000 F1: 0.4118 | Val Loss: 0.6870 Acc: 0.6000 F1: 0.3750
Epoch  29/50 | Train Loss: 0.5337 Acc: 0.7000 F1: 0.4118 | Val Loss: 0.6951 Acc: 0.6000 F1: 0.3750
Epoch  30/50 | Train Loss: 0.5402 Acc: 0.6875 F1: 0.4074 | Val Loss: 0.6949 Acc: 0.6000 F1: 0.3750
Epoch  31/50 | Train Loss: 0.5575 Acc: 0.6625 F1: 0.3985 | Val Loss: 0.6875 Acc: 0.6000 F1: 0.3750
Epoch  32/50 | Train Loss: 0.5399 Acc: 0.6875 F1: 0.4074 | Val Loss: 0.6845 Acc: 0.6000 F1: 0.3750
Epoch  33/50 | Train Loss: 0.5086 Acc: 0.7375 F1: 0.4245 | Val Loss: 0.6882 Acc: 0.6000 F1: 0.3750
Epoch  34/50 | Train Loss: 0.5204 Acc: 0.7125 F1: 0.4161 | Val Loss: 0.7053 Acc: 0.6000 F1: 0.3750
Epoch  35/50 | Train Loss: 0.5618 Acc: 0.6625 F1: 0.3985 | Val Loss: 0.6943 Acc: 0.6000 F1: 0.3750
Epoch  36/50 | Train Loss: 0.5122 Acc: 0.7250 F1: 0.4203 | Val Loss: 0.7063 Acc: 0.6000 F1: 0.3750
Epoch  37/50 | Train Loss: 0.5322 Acc: 0.7000 F1: 0.4118 | Val Loss: 0.7119 Acc: 0.6000 F1: 0.3750
Epoch  38/50 | Train Loss: 0.5319 Acc: 0.7000 F1: 0.4118 | Val Loss: 0.6910 Acc: 0.6000 F1: 0.3750
Epoch  39/50 | Train Loss: 0.5295 Acc: 0.7000 F1: 0.4118 | Val Loss: 0.6862 Acc: 0.6000 F1: 0.3750
Epoch  40/50 | Train Loss: 0.5206 Acc: 0.7125 F1: 0.4161 | Val Loss: 0.6989 Acc: 0.6000 F1: 0.3750
Epoch  41/50 | Train Loss: 0.5400 Acc: 0.6875 F1: 0.4074 | Val Loss: 0.7116 Acc: 0.6000 F1: 0.3750
Epoch  42/50 | Train Loss: 0.5186 Acc: 0.7125 F1: 0.4161 | Val Loss: 0.6965 Acc: 0.6000 F1: 0.3750
Epoch  43/50 | Train Loss: 0.5428 Acc: 0.6750 F1: 0.4030 | Val Loss: 0.6942 Acc: 0.6000 F1: 0.3750
Epoch  44/50 | Train Loss: 0.5332 Acc: 0.6875 F1: 0.4074 | Val Loss: 0.6876 Acc: 0.6000 F1: 0.3750
Epoch  45/50 | Train Loss: 0.5406 Acc: 0.6875 F1: 0.4074 | Val Loss: 0.6764 Acc: 0.6000 F1: 0.3750
Validation Loss decreased (0.681355 --> 0.676390). Saving best model...
Epoch  46/50 | Train Loss: 0.5200 Acc: 0.7125 F1: 0.4161 | Val Loss: 0.6940 Acc: 0.6000 F1: 0.3750
Epoch  47/50 | Train Loss: 0.5151 Acc: 0.7125 F1: 0.4161 | Val Loss: 0.7162 Acc: 0.6000 F1: 0.3750
Epoch  48/50 | Train Loss: 0.5468 Acc: 0.6750 F1: 0.4030 | Val Loss: 0.7015 Acc: 0.6000 F1: 0.3750
Epoch  49/50 | Train Loss: 0.5226 Acc: 0.7000 F1: 0.4118 | Val Loss: 0.6951 Acc: 0.6000 F1: 0.3750
Epoch  50/50 | Train Loss: 0.5233 Acc: 0.7000 F1: 0.4118 | Val Loss: 0.6861 Acc: 0.6000 F1: 0.3750

Classification Test Result (ECG200)
Accuracy : 0.640000
F1 (macro): 0.390244
Saved attention maps for 3 sample(s) under ./runs/classification_electricity_to_ECG200_laya_mixer_concat_text/attention_maps
Text metadata preview | dataset=ECG5000 | domain=UCR | channels=1
   - channel_1: In the UCR domain, this channel belongs to the ECG5000 dataset and represents the feature channel 1.
==================================================
🚀 Architecture: LAYA
📊 Target Dataset: ECG5000 (Channels: 1)
📊 Pretrain Info: electricity
📊 Classes: 5 | Sequence Length: 140
==================================================
✅ Loaded pretrained encoder from ./checkpoints/electricity_laya_mixer_concat_text/laya_ts_electricity_s_best.pt
   - 65/65 keys matched.
✅ Encoder is FROZEN (Linear Probing mode).
📝 metadata: mode=text, fusion=concat_kv, relation=none
ℹ️  Metadata Fusion Mode: concat_kv
ℹ️  Channel Mixer Relation Mode: none
ℹ️  Encoder Variant: default
ℹ️  Channel Adapter: disabled for Laya downstream (mixer)
ℹ️  Channel Relation Block: disabled
✅ ClassificationHead: [B, 128] → [B, 5]
Epoch   1/50 | Train Loss: 1.0508 Acc: 0.5804 F1: 0.1469 | Val Loss: 0.8184 Acc: 0.6400 F1: 0.2602
Validation Loss decreased (inf --> 0.818444). Saving best model...
Epoch   2/50 | Train Loss: 0.9160 Acc: 0.5781 F1: 0.1465 | Val Loss: 0.7999 Acc: 0.6400 F1: 0.2602
Validation Loss decreased (0.818444 --> 0.799863). Saving best model...
Epoch   3/50 | Train Loss: 0.9116 Acc: 0.5759 F1: 0.1462 | Val Loss: 0.7964 Acc: 0.6400 F1: 0.2602
Validation Loss decreased (0.799863 --> 0.796354). Saving best model...
Epoch   4/50 | Train Loss: 0.8979 Acc: 0.5759 F1: 0.1462 | Val Loss: 0.8041 Acc: 0.6400 F1: 0.2602
Epoch   5/50 | Train Loss: 0.8944 Acc: 0.5759 F1: 0.1462 | Val Loss: 0.7813 Acc: 0.6400 F1: 0.2602
Validation Loss decreased (0.796354 --> 0.781320). Saving best model...
Epoch   6/50 | Train Loss: 0.8897 Acc: 0.6473 F1: 0.2227 | Val Loss: 0.7777 Acc: 0.6400 F1: 0.2602
Validation Loss decreased (0.781320 --> 0.777669). Saving best model...
Epoch   7/50 | Train Loss: 0.8858 Acc: 0.5826 F1: 0.1519 | Val Loss: 0.7715 Acc: 0.6400 F1: 0.2602
Validation Loss decreased (0.777669 --> 0.771540). Saving best model...
Epoch   8/50 | Train Loss: 0.8630 Acc: 0.6205 F1: 0.1912 | Val Loss: 0.8068 Acc: 0.8600 F1: 0.5706
Epoch   9/50 | Train Loss: 0.8672 Acc: 0.6384 F1: 0.2111 | Val Loss: 0.7556 Acc: 0.6400 F1: 0.2602
Validation Loss decreased (0.771540 --> 0.755605). Saving best model...
Epoch  10/50 | Train Loss: 0.8513 Acc: 0.5848 F1: 0.1522 | Val Loss: 0.7568 Acc: 0.6400 F1: 0.2602
Epoch  11/50 | Train Loss: 0.8481 Acc: 0.5826 F1: 0.1541 | Val Loss: 0.7623 Acc: 0.8000 F1: 0.5105
Epoch  12/50 | Train Loss: 0.8542 Acc: 0.6763 F1: 0.2428 | Val Loss: 0.7372 Acc: 0.6400 F1: 0.2602
Validation Loss decreased (0.755605 --> 0.737180). Saving best model...
Epoch  13/50 | Train Loss: 0.8267 Acc: 0.6272 F1: 0.1993 | Val Loss: 0.7639 Acc: 0.8800 F1: 0.5850
Epoch  14/50 | Train Loss: 0.8300 Acc: 0.6987 F1: 0.2587 | Val Loss: 0.7157 Acc: 0.6400 F1: 0.2602
Validation Loss decreased (0.737180 --> 0.715748). Saving best model...
Epoch  15/50 | Train Loss: 0.8181 Acc: 0.6629 F1: 0.2323 | Val Loss: 0.7168 Acc: 0.7000 F1: 0.3753
Epoch  16/50 | Train Loss: 0.8103 Acc: 0.6652 F1: 0.2329 | Val Loss: 0.7041 Acc: 0.6400 F1: 0.2602
Validation Loss decreased (0.715748 --> 0.704088). Saving best model...
Epoch  17/50 | Train Loss: 0.8005 Acc: 0.6719 F1: 0.2396 | Val Loss: 0.7145 Acc: 0.8400 F1: 0.5474
Epoch  18/50 | Train Loss: 0.7951 Acc: 0.6897 F1: 0.2514 | Val Loss: 0.6868 Acc: 0.7000 F1: 0.3753
Validation Loss decreased (0.704088 --> 0.686764). Saving best model...
Epoch  19/50 | Train Loss: 0.7858 Acc: 0.6786 F1: 0.2449 | Val Loss: 0.6934 Acc: 0.8200 F1: 0.5271
Epoch  20/50 | Train Loss: 0.7782 Acc: 0.7277 F1: 0.2788 | Val Loss: 0.6922 Acc: 0.8400 F1: 0.5474
Epoch  21/50 | Train Loss: 0.7716 Acc: 0.7098 F1: 0.2668 | Val Loss: 0.6833 Acc: 0.8400 F1: 0.5474
Validation Loss decreased (0.686764 --> 0.683305). Saving best model...
Epoch  22/50 | Train Loss: 0.7736 Acc: 0.7277 F1: 0.2817 | Val Loss: 0.7089 Acc: 0.9200 F1: 0.6222
Epoch  23/50 | Train Loss: 0.7615 Acc: 0.7478 F1: 0.2957 | Val Loss: 0.6478 Acc: 0.7400 F1: 0.4358
Validation Loss decreased (0.683305 --> 0.647753). Saving best model...
Epoch  24/50 | Train Loss: 0.7450 Acc: 0.7835 F1: 0.3122 | Val Loss: 0.6569 Acc: 0.8600 F1: 0.5667
Epoch  25/50 | Train Loss: 0.7363 Acc: 0.7455 F1: 0.2898 | Val Loss: 0.6434 Acc: 0.8400 F1: 0.5474
Validation Loss decreased (0.647753 --> 0.643352). Saving best model...
Epoch  26/50 | Train Loss: 0.7272 Acc: 0.8036 F1: 0.3227 | Val Loss: 0.6317 Acc: 0.7600 F1: 0.4625
Validation Loss decreased (0.643352 --> 0.631705). Saving best model...
Epoch  27/50 | Train Loss: 0.7188 Acc: 0.7790 F1: 0.3091 | Val Loss: 0.6269 Acc: 0.8400 F1: 0.5474
Validation Loss decreased (0.631705 --> 0.626939). Saving best model...
Epoch  28/50 | Train Loss: 0.7042 Acc: 0.7701 F1: 0.3040 | Val Loss: 0.6534 Acc: 0.9000 F1: 0.6066
Epoch  29/50 | Train Loss: 0.7068 Acc: 0.8058 F1: 0.3247 | Val Loss: 0.6089 Acc: 0.8400 F1: 0.5474
Validation Loss decreased (0.626939 --> 0.608945). Saving best model...
Epoch  30/50 | Train Loss: 0.7031 Acc: 0.8058 F1: 0.3240 | Val Loss: 0.6181 Acc: 0.8800 F1: 0.5850
Epoch  31/50 | Train Loss: 0.6921 Acc: 0.8259 F1: 0.3349 | Val Loss: 0.6072 Acc: 0.8800 F1: 0.5850
Validation Loss decreased (0.608945 --> 0.607154). Saving best model...
Epoch  32/50 | Train Loss: 0.6890 Acc: 0.7924 F1: 0.3158 | Val Loss: 0.6073 Acc: 0.8800 F1: 0.5850
Epoch  33/50 | Train Loss: 0.6807 Acc: 0.8371 F1: 0.3406 | Val Loss: 0.5756 Acc: 0.8400 F1: 0.5474
Validation Loss decreased (0.607154 --> 0.575625). Saving best model...
Epoch  34/50 | Train Loss: 0.6679 Acc: 0.8147 F1: 0.3287 | Val Loss: 0.5845 Acc: 0.8600 F1: 0.5667
Epoch  35/50 | Train Loss: 0.6619 Acc: 0.8147 F1: 0.3284 | Val Loss: 0.5825 Acc: 0.8800 F1: 0.5850
Epoch  36/50 | Train Loss: 0.6484 Acc: 0.8348 F1: 0.3389 | Val Loss: 0.5732 Acc: 0.8800 F1: 0.5850
Validation Loss decreased (0.575625 --> 0.573223). Saving best model...
Epoch  37/50 | Train Loss: 0.6471 Acc: 0.8438 F1: 0.3431 | Val Loss: 0.5606 Acc: 0.8600 F1: 0.5667
Validation Loss decreased (0.573223 --> 0.560564). Saving best model...
Epoch  38/50 | Train Loss: 0.6447 Acc: 0.8326 F1: 0.3379 | Val Loss: 0.5928 Acc: 0.9200 F1: 0.6222
Epoch  39/50 | Train Loss: 0.6381 Acc: 0.8415 F1: 0.3431 | Val Loss: 0.5478 Acc: 0.8600 F1: 0.5667
Validation Loss decreased (0.560564 --> 0.547833). Saving best model...
Epoch  40/50 | Train Loss: 0.6310 Acc: 0.8371 F1: 0.3406 | Val Loss: 0.5383 Acc: 0.8600 F1: 0.5667
Validation Loss decreased (0.547833 --> 0.538304). Saving best model...
Epoch  41/50 | Train Loss: 0.6275 Acc: 0.8281 F1: 0.3354 | Val Loss: 0.5512 Acc: 0.9200 F1: 0.6195
Epoch  42/50 | Train Loss: 0.6200 Acc: 0.8438 F1: 0.3433 | Val Loss: 0.5310 Acc: 0.8800 F1: 0.5850
Validation Loss decreased (0.538304 --> 0.530966). Saving best model...
Epoch  43/50 | Train Loss: 0.6120 Acc: 0.8594 F1: 0.3510 | Val Loss: 0.5241 Acc: 0.8600 F1: 0.5667
Validation Loss decreased (0.530966 --> 0.524121). Saving best model...
Epoch  44/50 | Train Loss: 0.5960 Acc: 0.8594 F1: 0.3502 | Val Loss: 0.5254 Acc: 0.8800 F1: 0.5850
Epoch  45/50 | Train Loss: 0.6008 Acc: 0.8504 F1: 0.3463 | Val Loss: 0.5348 Acc: 0.9200 F1: 0.6195
Epoch  46/50 | Train Loss: 0.5980 Acc: 0.8638 F1: 0.3531 | Val Loss: 0.5090 Acc: 0.8600 F1: 0.5667
Validation Loss decreased (0.524121 --> 0.509043). Saving best model...
Epoch  47/50 | Train Loss: 0.5912 Acc: 0.8638 F1: 0.3530 | Val Loss: 0.5064 Acc: 0.8600 F1: 0.5667
Validation Loss decreased (0.509043 --> 0.506431). Saving best model...
Epoch  48/50 | Train Loss: 0.5932 Acc: 0.8504 F1: 0.3472 | Val Loss: 0.4965 Acc: 0.8800 F1: 0.5850
Validation Loss decreased (0.506431 --> 0.496459). Saving best model...
Epoch  49/50 | Train Loss: 0.5851 Acc: 0.8683 F1: 0.3545 | Val Loss: 0.5023 Acc: 0.8800 F1: 0.5850
Epoch  50/50 | Train Loss: 0.5805 Acc: 0.8527 F1: 0.3477 | Val Loss: 0.4916 Acc: 0.8600 F1: 0.5667
Validation Loss decreased (0.496459 --> 0.491600). Saving best model...

Classification Test Result (ECG5000)
Accuracy : 0.812667
F1 (macro): 0.327176
Saved attention maps for 3 sample(s) under ./runs/classification_electricity_to_ECG5000_laya_mixer_concat_text/attention_maps
Text metadata preview | dataset=FordA | domain=UCR | channels=1
   - channel_1: In the UCR domain, this channel belongs to the FordA dataset and represents the feature channel 1.
==================================================
🚀 Architecture: LAYA
📊 Target Dataset: FordA (Channels: 1)
📊 Pretrain Info: electricity
📊 Classes: 2 | Sequence Length: 500
==================================================
✅ Loaded pretrained encoder from ./checkpoints/electricity_laya_mixer_concat_text/laya_ts_electricity_s_best.pt
   - 65/65 keys matched.
✅ Encoder is FROZEN (Linear Probing mode).
📝 metadata: mode=text, fusion=concat_kv, relation=none
ℹ️  Metadata Fusion Mode: concat_kv
ℹ️  Channel Mixer Relation Mode: none
ℹ️  Encoder Variant: default
ℹ️  Channel Adapter: disabled for Laya downstream (mixer)
ℹ️  Channel Relation Block: disabled
✅ ClassificationHead: [B, 128] → [B, 2]
Epoch   1/50 | Train Loss: 0.6973 Acc: 0.4978 F1: 0.4890 | Val Loss: 0.6939 Acc: 0.5111 F1: 0.3382
Validation Loss decreased (inf --> 0.693886). Saving best model...
Epoch   2/50 | Train Loss: 0.6978 Acc: 0.4975 F1: 0.4876 | Val Loss: 0.6984 Acc: 0.4889 F1: 0.3284
Epoch   3/50 | Train Loss: 0.6988 Acc: 0.5130 F1: 0.5115 | Val Loss: 0.7027 Acc: 0.4889 F1: 0.3284
Epoch   4/50 | Train Loss: 0.6948 Acc: 0.5108 F1: 0.5056 | Val Loss: 0.6900 Acc: 0.5333 F1: 0.4353
Validation Loss decreased (0.693886 --> 0.689994). Saving best model...
Epoch   5/50 | Train Loss: 0.6942 Acc: 0.5056 F1: 0.5029 | Val Loss: 0.6909 Acc: 0.4917 F1: 0.3344
Epoch   6/50 | Train Loss: 0.6909 Acc: 0.5263 F1: 0.5151 | Val Loss: 0.6883 Acc: 0.6167 F1: 0.6114
Validation Loss decreased (0.689994 --> 0.688332). Saving best model...
Epoch   7/50 | Train Loss: 0.6886 Acc: 0.5377 F1: 0.5335 | Val Loss: 0.6907 Acc: 0.5111 F1: 0.3382
Epoch   8/50 | Train Loss: 0.6874 Acc: 0.5328 F1: 0.5309 | Val Loss: 0.6905 Acc: 0.5111 F1: 0.3382
Epoch   9/50 | Train Loss: 0.6886 Acc: 0.5241 F1: 0.5187 | Val Loss: 0.6853 Acc: 0.6028 F1: 0.5867
Validation Loss decreased (0.688332 --> 0.685269). Saving best model...
Epoch  10/50 | Train Loss: 0.6869 Acc: 0.5322 F1: 0.5287 | Val Loss: 0.6850 Acc: 0.5722 F1: 0.5103
Validation Loss decreased (0.685269 --> 0.685002). Saving best model...
Epoch  11/50 | Train Loss: 0.6865 Acc: 0.5350 F1: 0.5336 | Val Loss: 0.6825 Acc: 0.5972 F1: 0.5963
Validation Loss decreased (0.685002 --> 0.682492). Saving best model...
Epoch  12/50 | Train Loss: 0.6861 Acc: 0.5377 F1: 0.5274 | Val Loss: 0.6816 Acc: 0.5583 F1: 0.4513
Validation Loss decreased (0.682492 --> 0.681645). Saving best model...
Epoch  13/50 | Train Loss: 0.6854 Acc: 0.5396 F1: 0.5371 | Val Loss: 0.6833 Acc: 0.5361 F1: 0.4433
Epoch  14/50 | Train Loss: 0.6843 Acc: 0.5412 F1: 0.5351 | Val Loss: 0.6886 Acc: 0.5139 F1: 0.3445
Epoch  15/50 | Train Loss: 0.6816 Acc: 0.5517 F1: 0.5444 | Val Loss: 0.6812 Acc: 0.5444 F1: 0.4577
Validation Loss decreased (0.681645 --> 0.681204). Saving best model...
Epoch  16/50 | Train Loss: 0.6816 Acc: 0.5603 F1: 0.5593 | Val Loss: 0.6769 Acc: 0.5972 F1: 0.5313
Validation Loss decreased (0.681204 --> 0.676911). Saving best model...
Epoch  17/50 | Train Loss: 0.6783 Acc: 0.5681 F1: 0.5632 | Val Loss: 0.6755 Acc: 0.6000 F1: 0.5519
Validation Loss decreased (0.676911 --> 0.675489). Saving best model...
Epoch  18/50 | Train Loss: 0.6783 Acc: 0.5637 F1: 0.5547 | Val Loss: 0.6771 Acc: 0.6083 F1: 0.5655
Epoch  19/50 | Train Loss: 0.6785 Acc: 0.5606 F1: 0.5534 | Val Loss: 0.6944 Acc: 0.4917 F1: 0.3344
Epoch  20/50 | Train Loss: 0.6798 Acc: 0.5613 F1: 0.5602 | Val Loss: 0.7022 Acc: 0.5111 F1: 0.3382
Epoch  21/50 | Train Loss: 0.6775 Acc: 0.5811 F1: 0.5774 | Val Loss: 0.6806 Acc: 0.5417 F1: 0.4406
Epoch  22/50 | Train Loss: 0.6794 Acc: 0.5585 F1: 0.5568 | Val Loss: 0.6695 Acc: 0.6333 F1: 0.6172
Validation Loss decreased (0.675489 --> 0.669491). Saving best model...
Epoch  23/50 | Train Loss: 0.6730 Acc: 0.5733 F1: 0.5680 | Val Loss: 0.6731 Acc: 0.5528 F1: 0.4338
Epoch  24/50 | Train Loss: 0.6741 Acc: 0.5832 F1: 0.5784 | Val Loss: 0.6673 Acc: 0.6361 F1: 0.6205
Validation Loss decreased (0.669491 --> 0.667329). Saving best model...
Epoch  25/50 | Train Loss: 0.6732 Acc: 0.5838 F1: 0.5797 | Val Loss: 0.6663 Acc: 0.6389 F1: 0.6220
Validation Loss decreased (0.667329 --> 0.666304). Saving best model...
Epoch  26/50 | Train Loss: 0.6694 Acc: 0.5931 F1: 0.5861 | Val Loss: 0.6668 Acc: 0.6028 F1: 0.5422
Epoch  27/50 | Train Loss: 0.6689 Acc: 0.5922 F1: 0.5879 | Val Loss: 0.6660 Acc: 0.6000 F1: 0.5379
Validation Loss decreased (0.666304 --> 0.666014). Saving best model...
Epoch  28/50 | Train Loss: 0.6662 Acc: 0.5903 F1: 0.5848 | Val Loss: 0.6729 Acc: 0.5389 F1: 0.4025
Epoch  29/50 | Train Loss: 0.6696 Acc: 0.5795 F1: 0.5747 | Val Loss: 0.6620 Acc: 0.6389 F1: 0.6238
Validation Loss decreased (0.666014 --> 0.662025). Saving best model...
Epoch  30/50 | Train Loss: 0.6647 Acc: 0.5993 F1: 0.5949 | Val Loss: 0.6658 Acc: 0.6250 F1: 0.5872
Epoch  31/50 | Train Loss: 0.6674 Acc: 0.5863 F1: 0.5840 | Val Loss: 0.6607 Acc: 0.6333 F1: 0.5999
Validation Loss decreased (0.662025 --> 0.660680). Saving best model...
Epoch  32/50 | Train Loss: 0.6637 Acc: 0.5947 F1: 0.5930 | Val Loss: 0.6590 Acc: 0.6361 F1: 0.6205
Validation Loss decreased (0.660680 --> 0.658968). Saving best model...
Epoch  33/50 | Train Loss: 0.6634 Acc: 0.5990 F1: 0.5962 | Val Loss: 0.6576 Acc: 0.6139 F1: 0.6123
Validation Loss decreased (0.658968 --> 0.657578). Saving best model...
Epoch  34/50 | Train Loss: 0.6616 Acc: 0.6037 F1: 0.6019 | Val Loss: 0.6678 Acc: 0.5917 F1: 0.5293
Epoch  35/50 | Train Loss: 0.6613 Acc: 0.6139 F1: 0.6116 | Val Loss: 0.6579 Acc: 0.6278 F1: 0.5863
Epoch  36/50 | Train Loss: 0.6587 Acc: 0.6108 F1: 0.6080 | Val Loss: 0.6545 Acc: 0.6111 F1: 0.6072
Validation Loss decreased (0.657578 --> 0.654502). Saving best model...
Epoch  37/50 | Train Loss: 0.6595 Acc: 0.6077 F1: 0.6052 | Val Loss: 0.6539 Acc: 0.6222 F1: 0.6099
Validation Loss decreased (0.654502 --> 0.653854). Saving best model...
Epoch  38/50 | Train Loss: 0.6599 Acc: 0.6089 F1: 0.6044 | Val Loss: 0.6555 Acc: 0.6278 F1: 0.5863
Epoch  39/50 | Train Loss: 0.6597 Acc: 0.5990 F1: 0.5966 | Val Loss: 0.6522 Acc: 0.6389 F1: 0.6211
Validation Loss decreased (0.653854 --> 0.652189). Saving best model...
Epoch  40/50 | Train Loss: 0.6582 Acc: 0.6058 F1: 0.6030 | Val Loss: 0.6520 Acc: 0.6444 F1: 0.6160
Validation Loss decreased (0.652189 --> 0.651966). Saving best model...
Epoch  41/50 | Train Loss: 0.6556 Acc: 0.6052 F1: 0.6045 | Val Loss: 0.6497 Acc: 0.6167 F1: 0.6150
Validation Loss decreased (0.651966 --> 0.649687). Saving best model...
Epoch  42/50 | Train Loss: 0.6543 Acc: 0.6204 F1: 0.6174 | Val Loss: 0.6523 Acc: 0.6278 F1: 0.5863
Epoch  43/50 | Train Loss: 0.6536 Acc: 0.6204 F1: 0.6185 | Val Loss: 0.6485 Acc: 0.6139 F1: 0.6123
Validation Loss decreased (0.649687 --> 0.648487). Saving best model...
Epoch  44/50 | Train Loss: 0.6545 Acc: 0.6126 F1: 0.6114 | Val Loss: 0.6472 Acc: 0.6111 F1: 0.6110
Validation Loss decreased (0.648487 --> 0.647160). Saving best model...
Epoch  45/50 | Train Loss: 0.6533 Acc: 0.6244 F1: 0.6237 | Val Loss: 0.6477 Acc: 0.6444 F1: 0.6184
Epoch  46/50 | Train Loss: 0.6516 Acc: 0.6262 F1: 0.6237 | Val Loss: 0.6479 Acc: 0.6250 F1: 0.6154
Epoch  47/50 | Train Loss: 0.6512 Acc: 0.6188 F1: 0.6188 | Val Loss: 0.6442 Acc: 0.6222 F1: 0.6213
Validation Loss decreased (0.647160 --> 0.644229). Saving best model...
Epoch  48/50 | Train Loss: 0.6511 Acc: 0.6040 F1: 0.6017 | Val Loss: 0.6439 Acc: 0.6333 F1: 0.6236
Validation Loss decreased (0.644229 --> 0.643931). Saving best model...
Epoch  49/50 | Train Loss: 0.6492 Acc: 0.6207 F1: 0.6187 | Val Loss: 0.6434 Acc: 0.6194 F1: 0.6166
Validation Loss decreased (0.643931 --> 0.643440). Saving best model...
Epoch  50/50 | Train Loss: 0.6471 Acc: 0.6281 F1: 0.6275 | Val Loss: 0.6485 Acc: 0.6139 F1: 0.5610

Classification Test Result (FordA)
Accuracy : 0.644697
F1 (macro): 0.643546
Saved attention maps for 3 sample(s) under ./runs/classification_electricity_to_FordA_laya_mixer_concat_text/attention_maps
Text metadata preview | dataset=FordB | domain=UCR | channels=1
   - channel_1: In the UCR domain, this channel belongs to the FordB dataset and represents the feature channel 1.
==================================================
🚀 Architecture: LAYA
📊 Target Dataset: FordB (Channels: 1)
📊 Pretrain Info: electricity
📊 Classes: 2 | Sequence Length: 500
==================================================
✅ Loaded pretrained encoder from ./checkpoints/electricity_laya_mixer_concat_text/laya_ts_electricity_s_best.pt
   - 65/65 keys matched.
✅ Encoder is FROZEN (Linear Probing mode).
📝 metadata: mode=text, fusion=concat_kv, relation=none
ℹ️  Metadata Fusion Mode: concat_kv
ℹ️  Channel Mixer Relation Mode: none
ℹ️  Encoder Variant: default
ℹ️  Channel Adapter: disabled for Laya downstream (mixer)
ℹ️  Channel Relation Block: disabled
✅ ClassificationHead: [B, 128] → [B, 2]
Epoch   1/50 | Train Loss: 0.6971 Acc: 0.5031 F1: 0.5001 | Val Loss: 0.7096 Acc: 0.4904 F1: 0.3290
Validation Loss decreased (inf --> 0.709623). Saving best model...
Epoch   2/50 | Train Loss: 0.6958 Acc: 0.4942 F1: 0.4777 | Val Loss: 0.6907 Acc: 0.5317 F1: 0.3899
Validation Loss decreased (0.709623 --> 0.690708). Saving best model...
Epoch   3/50 | Train Loss: 0.6936 Acc: 0.5159 F1: 0.5029 | Val Loss: 0.6912 Acc: 0.4904 F1: 0.3290
Epoch   4/50 | Train Loss: 0.6943 Acc: 0.5043 F1: 0.4995 | Val Loss: 0.6926 Acc: 0.4904 F1: 0.3290
Epoch   5/50 | Train Loss: 0.6925 Acc: 0.5113 F1: 0.5062 | Val Loss: 0.6875 Acc: 0.5510 F1: 0.4460
Validation Loss decreased (0.690708 --> 0.687456). Saving best model...
Epoch   6/50 | Train Loss: 0.6904 Acc: 0.5270 F1: 0.5210 | Val Loss: 0.6887 Acc: 0.4876 F1: 0.3278
Epoch   7/50 | Train Loss: 0.6877 Acc: 0.5346 F1: 0.5269 | Val Loss: 0.6970 Acc: 0.4904 F1: 0.3290
Epoch   8/50 | Train Loss: 0.6881 Acc: 0.5331 F1: 0.5330 | Val Loss: 0.6849 Acc: 0.5207 F1: 0.3667
Validation Loss decreased (0.687456 --> 0.684890). Saving best model...
Epoch   9/50 | Train Loss: 0.6842 Acc: 0.5576 F1: 0.5506 | Val Loss: 0.6844 Acc: 0.5179 F1: 0.3607
Validation Loss decreased (0.684890 --> 0.684377). Saving best model...
Epoch  10/50 | Train Loss: 0.6827 Acc: 0.5570 F1: 0.5467 | Val Loss: 0.6807 Acc: 0.6474 F1: 0.6454
Validation Loss decreased (0.684377 --> 0.680750). Saving best model...
Epoch  11/50 | Train Loss: 0.6788 Acc: 0.5659 F1: 0.5649 | Val Loss: 0.6837 Acc: 0.5152 F1: 0.3547
Epoch  12/50 | Train Loss: 0.6805 Acc: 0.5616 F1: 0.5539 | Val Loss: 0.6893 Acc: 0.4876 F1: 0.3278
Epoch  13/50 | Train Loss: 0.6773 Acc: 0.5695 F1: 0.5660 | Val Loss: 0.6760 Acc: 0.6391 F1: 0.6316
Validation Loss decreased (0.680750 --> 0.676047). Saving best model...
Epoch  14/50 | Train Loss: 0.6737 Acc: 0.5800 F1: 0.5767 | Val Loss: 0.6870 Acc: 0.4904 F1: 0.3337
Epoch  15/50 | Train Loss: 0.6722 Acc: 0.5830 F1: 0.5771 | Val Loss: 0.6727 Acc: 0.6364 F1: 0.6302
Validation Loss decreased (0.676047 --> 0.672722). Saving best model...
Epoch  16/50 | Train Loss: 0.6731 Acc: 0.5855 F1: 0.5838 | Val Loss: 0.6756 Acc: 0.5592 F1: 0.4546
Epoch  17/50 | Train Loss: 0.6700 Acc: 0.5993 F1: 0.5955 | Val Loss: 0.6694 Acc: 0.6446 F1: 0.6407
Validation Loss decreased (0.672722 --> 0.669430). Saving best model...
Epoch  18/50 | Train Loss: 0.6670 Acc: 0.6204 F1: 0.6179 | Val Loss: 0.6728 Acc: 0.5565 F1: 0.4528
Epoch  19/50 | Train Loss: 0.6649 Acc: 0.6198 F1: 0.6171 | Val Loss: 0.6712 Acc: 0.5565 F1: 0.4560
Epoch  20/50 | Train Loss: 0.6635 Acc: 0.6225 F1: 0.6177 | Val Loss: 0.6711 Acc: 0.5565 F1: 0.4528
Epoch  21/50 | Train Loss: 0.6639 Acc: 0.6045 F1: 0.6006 | Val Loss: 0.6680 Acc: 0.5702 F1: 0.4803
Validation Loss decreased (0.669430 --> 0.667984). Saving best model...
Epoch  22/50 | Train Loss: 0.6595 Acc: 0.6225 F1: 0.6206 | Val Loss: 0.6624 Acc: 0.6226 F1: 0.5813
Validation Loss decreased (0.667984 --> 0.662414). Saving best model...
Epoch  23/50 | Train Loss: 0.6608 Acc: 0.6106 F1: 0.6081 | Val Loss: 0.6595 Acc: 0.6391 F1: 0.6260
Validation Loss decreased (0.662414 --> 0.659483). Saving best model...
Epoch  24/50 | Train Loss: 0.6552 Acc: 0.6256 F1: 0.6215 | Val Loss: 0.6642 Acc: 0.5978 F1: 0.5563
Epoch  25/50 | Train Loss: 0.6545 Acc: 0.6305 F1: 0.6287 | Val Loss: 0.6566 Acc: 0.6584 F1: 0.6570
Validation Loss decreased (0.659483 --> 0.656618). Saving best model...
Epoch  26/50 | Train Loss: 0.6518 Acc: 0.6489 F1: 0.6459 | Val Loss: 0.6543 Acc: 0.6804 F1: 0.6802
Validation Loss decreased (0.656618 --> 0.654268). Saving best model...
Epoch  27/50 | Train Loss: 0.6520 Acc: 0.6302 F1: 0.6286 | Val Loss: 0.6533 Acc: 0.6364 F1: 0.6192
Validation Loss decreased (0.654268 --> 0.653298). Saving best model...
Epoch  28/50 | Train Loss: 0.6500 Acc: 0.6434 F1: 0.6405 | Val Loss: 0.6521 Acc: 0.6336 F1: 0.6107
Validation Loss decreased (0.653298 --> 0.652070). Saving best model...
Epoch  29/50 | Train Loss: 0.6473 Acc: 0.6391 F1: 0.6375 | Val Loss: 0.6509 Acc: 0.6501 F1: 0.6238
Validation Loss decreased (0.652070 --> 0.650911). Saving best model...
Epoch  30/50 | Train Loss: 0.6489 Acc: 0.6348 F1: 0.6325 | Val Loss: 0.6518 Acc: 0.6171 F1: 0.5665
Epoch  31/50 | Train Loss: 0.6470 Acc: 0.6373 F1: 0.6347 | Val Loss: 0.6464 Acc: 0.6556 F1: 0.6446
Validation Loss decreased (0.650911 --> 0.646353). Saving best model...
Epoch  32/50 | Train Loss: 0.6424 Acc: 0.6590 F1: 0.6570 | Val Loss: 0.6438 Acc: 0.6612 F1: 0.6585
Validation Loss decreased (0.646353 --> 0.643808). Saving best model...
Epoch  33/50 | Train Loss: 0.6423 Acc: 0.6553 F1: 0.6537 | Val Loss: 0.6437 Acc: 0.6529 F1: 0.6374
Validation Loss decreased (0.643808 --> 0.643704). Saving best model...
Epoch  34/50 | Train Loss: 0.6383 Acc: 0.6731 F1: 0.6714 | Val Loss: 0.6457 Acc: 0.6556 F1: 0.6460
Epoch  35/50 | Train Loss: 0.6373 Acc: 0.6615 F1: 0.6598 | Val Loss: 0.6388 Acc: 0.6639 F1: 0.6620
Validation Loss decreased (0.643704 --> 0.638809). Saving best model...
Epoch  36/50 | Train Loss: 0.6395 Acc: 0.6507 F1: 0.6486 | Val Loss: 0.6456 Acc: 0.6474 F1: 0.6269
Epoch  37/50 | Train Loss: 0.6340 Acc: 0.6657 F1: 0.6650 | Val Loss: 0.6363 Acc: 0.6556 F1: 0.6490
Validation Loss decreased (0.638809 --> 0.636331). Saving best model...
Epoch  38/50 | Train Loss: 0.6327 Acc: 0.6559 F1: 0.6543 | Val Loss: 0.6391 Acc: 0.6612 F1: 0.6529
Epoch  39/50 | Train Loss: 0.6310 Acc: 0.6780 F1: 0.6764 | Val Loss: 0.6357 Acc: 0.6584 F1: 0.6526
Validation Loss decreased (0.636331 --> 0.635674). Saving best model...
Epoch  40/50 | Train Loss: 0.6322 Acc: 0.6633 F1: 0.6623 | Val Loss: 0.6505 Acc: 0.6143 F1: 0.5643
Epoch  41/50 | Train Loss: 0.6298 Acc: 0.6584 F1: 0.6572 | Val Loss: 0.6316 Acc: 0.6667 F1: 0.6530
Validation Loss decreased (0.635674 --> 0.631610). Saving best model...
Epoch  42/50 | Train Loss: 0.6253 Acc: 0.6798 F1: 0.6789 | Val Loss: 0.6283 Acc: 0.6584 F1: 0.6548
Validation Loss decreased (0.631610 --> 0.628324). Saving best model...
Epoch  43/50 | Train Loss: 0.6262 Acc: 0.6765 F1: 0.6748 | Val Loss: 0.6269 Acc: 0.6612 F1: 0.6556
Validation Loss decreased (0.628324 --> 0.626906). Saving best model...
Epoch  44/50 | Train Loss: 0.6261 Acc: 0.6765 F1: 0.6756 | Val Loss: 0.6256 Acc: 0.6970 F1: 0.6969
Validation Loss decreased (0.626906 --> 0.625628). Saving best model...
Epoch  45/50 | Train Loss: 0.6239 Acc: 0.6765 F1: 0.6755 | Val Loss: 0.6240 Acc: 0.6887 F1: 0.6887
Validation Loss decreased (0.625628 --> 0.623967). Saving best model...
Epoch  46/50 | Train Loss: 0.6222 Acc: 0.6811 F1: 0.6802 | Val Loss: 0.6262 Acc: 0.6612 F1: 0.6420
Epoch  47/50 | Train Loss: 0.6220 Acc: 0.6789 F1: 0.6776 | Val Loss: 0.6206 Acc: 0.6667 F1: 0.6649
Validation Loss decreased (0.623967 --> 0.620552). Saving best model...
Epoch  48/50 | Train Loss: 0.6217 Acc: 0.6768 F1: 0.6762 | Val Loss: 0.6221 Acc: 0.6749 F1: 0.6620
Epoch  49/50 | Train Loss: 0.6178 Acc: 0.6823 F1: 0.6818 | Val Loss: 0.6178 Acc: 0.6749 F1: 0.6740
Validation Loss decreased (0.620552 --> 0.617815). Saving best model...
Epoch  50/50 | Train Loss: 0.6165 Acc: 0.6826 F1: 0.6819 | Val Loss: 0.6170 Acc: 0.6915 F1: 0.6913
Validation Loss decreased (0.617815 --> 0.617043). Saving best model...

Classification Test Result (FordB)
Accuracy : 0.546914
F1 (macro): 0.525257
Saved attention maps for 3 sample(s) under ./runs/classification_electricity_to_FordB_laya_mixer_concat_text/attention_maps
