nohup: ignoring input
/data/pjh_workspace/ts-env/lib/python3.8/site-packages/torch/nn/modules/transformer.py:307: UserWarning: enable_nested_tensor is True, but self.use_nested_tensor is False because encoder_layer.norm_first was True
  warnings.warn(f"enable_nested_tensor is True, but self.use_nested_tensor is False because {why_not_sparsity_fast_path}")
==================================================
🚀 Architecture: LAYA
📊 Target Dataset: EthanolConcentration (Channels: 3)
📊 Pretrain Info: electricity
📊 Classes: 4 | Sequence Length: 1751
==================================================
✅ Loaded pretrained encoder from ./checkpoints/electricity_laya_mixer_concat_stats/laya_ts_electricity_s_best.pt
   - 107/107 keys matched.
✅ Encoder is FROZEN (Linear Probing mode).
📝 metadata: mode=stats, fusion=concat_kv, relation=none
ℹ️  Metadata Fusion Mode: concat_kv
ℹ️  Channel Mixer Relation Mode: none
ℹ️  Encoder Variant: default
ℹ️  Channel Adapter: disabled for Laya downstream (mixer)
ℹ️  Channel Relation Block: disabled
✅ ClassificationHead: [B, 256] → [B, 4]
Epoch   1/50 | Train Loss: 1.4095 Acc: 0.2098 F1: 0.1884 | Val Loss: 1.5679 Acc: 0.1154 F1: 0.0556 | Train Meta: MetaNormμ:2.2178 | Val Meta: MetaNormμ:2.2178
Validation Loss decreased (inf --> 1.567869). Saving best model...
Epoch   2/50 | Train Loss: 1.3781 Acc: 0.2188 F1: 0.1742 | Val Loss: 1.3583 Acc: 0.3077 F1: 0.1250 | Train Meta: MetaNormμ:2.2178 | Val Meta: MetaNormμ:2.2178
Validation Loss decreased (1.567869 --> 1.358340). Saving best model...
Epoch   3/50 | Train Loss: 1.3251 Acc: 0.2768 F1: 0.1965 | Val Loss: 1.4382 Acc: 0.2308 F1: 0.1556 | Train Meta: MetaNormμ:2.2178 | Val Meta: MetaNormμ:2.2178
Epoch   4/50 | Train Loss: 1.3433 Acc: 0.1875 F1: 0.1733 | Val Loss: 1.3940 Acc: 0.2308 F1: 0.1583 | Train Meta: MetaNormμ:2.2178 | Val Meta: MetaNormμ:2.2178
Epoch   5/50 | Train Loss: 1.3200 Acc: 0.2634 F1: 0.1689 | Val Loss: 1.4275 Acc: 0.2692 F1: 0.1754 | Train Meta: MetaNormμ:2.2178 | Val Meta: MetaNormμ:2.2178
Epoch   6/50 | Train Loss: 1.3284 Acc: 0.2411 F1: 0.2358 | Val Loss: 1.4131 Acc: 0.2308 F1: 0.1458 | Train Meta: MetaNormμ:2.2178 | Val Meta: MetaNormμ:2.2178
Epoch   7/50 | Train Loss: 1.3279 Acc: 0.2589 F1: 0.2106 | Val Loss: 1.4154 Acc: 0.2692 F1: 0.1754 | Train Meta: MetaNormμ:2.2178 | Val Meta: MetaNormμ:2.2178
Epoch   8/50 | Train Loss: 1.3242 Acc: 0.2545 F1: 0.2258 | Val Loss: 1.4013 Acc: 0.2308 F1: 0.2011 | Train Meta: MetaNormμ:2.2178 | Val Meta: MetaNormμ:2.2178
Epoch   9/50 | Train Loss: 1.3275 Acc: 0.1875 F1: 0.1651 | Val Loss: 1.3890 Acc: 0.2692 F1: 0.1976 | Train Meta: MetaNormμ:2.2178 | Val Meta: MetaNormμ:2.2178
Epoch  10/50 | Train Loss: 1.3188 Acc: 0.2634 F1: 0.1681 | Val Loss: 1.4206 Acc: 0.2308 F1: 0.1588 | Train Meta: MetaNormμ:2.2178 | Val Meta: MetaNormμ:2.2178
Epoch  11/50 | Train Loss: 1.3263 Acc: 0.2455 F1: 0.2398 | Val Loss: 1.4056 Acc: 0.2692 F1: 0.1851 | Train Meta: MetaNormμ:2.2178 | Val Meta: MetaNormμ:2.2178
Epoch  12/50 | Train Loss: 1.3153 Acc: 0.2500 F1: 0.2061 | Val Loss: 1.4263 Acc: 0.2692 F1: 0.1761 | Train Meta: MetaNormμ:2.2178 | Val Meta: MetaNormμ:2.2178
Epoch  13/50 | Train Loss: 1.3071 Acc: 0.2634 F1: 0.1987 | Val Loss: 1.3676 Acc: 0.3462 F1: 0.2045 | Train Meta: MetaNormμ:2.2178 | Val Meta: MetaNormμ:2.2178
Epoch  14/50 | Train Loss: 1.3110 Acc: 0.2946 F1: 0.2781 | Val Loss: 1.4356 Acc: 0.2692 F1: 0.1761 | Train Meta: MetaNormμ:2.2178 | Val Meta: MetaNormμ:2.2178
Epoch  15/50 | Train Loss: 1.3055 Acc: 0.2634 F1: 0.1870 | Val Loss: 1.3692 Acc: 0.3077 F1: 0.1837 | Train Meta: MetaNormμ:2.2178 | Val Meta: MetaNormμ:2.2178
Epoch  16/50 | Train Loss: 1.3186 Acc: 0.2634 F1: 0.2346 | Val Loss: 1.4422 Acc: 0.0769 F1: 0.0705 | Train Meta: MetaNormμ:2.2178 | Val Meta: MetaNormμ:2.2178
Epoch  17/50 | Train Loss: 1.3043 Acc: 0.2812 F1: 0.2199 | Val Loss: 1.4089 Acc: 0.2692 F1: 0.1761 | Train Meta: MetaNormμ:2.2178 | Val Meta: MetaNormμ:2.2178
Epoch  18/50 | Train Loss: 1.3004 Acc: 0.2902 F1: 0.1935 | Val Loss: 1.4208 Acc: 0.1923 F1: 0.1345 | Train Meta: MetaNormμ:2.2178 | Val Meta: MetaNormμ:2.2178
Epoch  19/50 | Train Loss: 1.3098 Acc: 0.2946 F1: 0.2806 | Val Loss: 1.3860 Acc: 0.1923 F1: 0.1324 | Train Meta: MetaNormμ:2.2178 | Val Meta: MetaNormμ:2.2178
Epoch  20/50 | Train Loss: 1.3026 Acc: 0.3259 F1: 0.2920 | Val Loss: 1.4090 Acc: 0.1154 F1: 0.1103 | Train Meta: MetaNormμ:2.2178 | Val Meta: MetaNormμ:2.2178
Epoch  21/50 | Train Loss: 1.3083 Acc: 0.2991 F1: 0.2369 | Val Loss: 1.4404 Acc: 0.1923 F1: 0.1414 | Train Meta: MetaNormμ:2.2178 | Val Meta: MetaNormμ:2.2178
Epoch  22/50 | Train Loss: 1.3084 Acc: 0.3214 F1: 0.2711 | Val Loss: 1.4134 Acc: 0.3462 F1: 0.2188 | Train Meta: MetaNormμ:2.2178 | Val Meta: MetaNormμ:2.2178
Epoch  23/50 | Train Loss: 1.2947 Acc: 0.3080 F1: 0.2948 | Val Loss: 1.4177 Acc: 0.1154 F1: 0.0985 | Train Meta: MetaNormμ:2.2178 | Val Meta: MetaNormμ:2.2178
Epoch  24/50 | Train Loss: 1.3099 Acc: 0.2991 F1: 0.2624 | Val Loss: 1.4310 Acc: 0.3077 F1: 0.1970 | Train Meta: MetaNormμ:2.2178 | Val Meta: MetaNormμ:2.2178
Epoch  25/50 | Train Loss: 1.3020 Acc: 0.2812 F1: 0.2086 | Val Loss: 1.4556 Acc: 0.1538 F1: 0.1213 | Train Meta: MetaNormμ:2.2178 | Val Meta: MetaNormμ:2.2178
Epoch  26/50 | Train Loss: 1.2976 Acc: 0.2679 F1: 0.1898 | Val Loss: 1.4196 Acc: 0.2692 F1: 0.1761 | Train Meta: MetaNormμ:2.2178 | Val Meta: MetaNormμ:2.2178
Epoch  27/50 | Train Loss: 1.3095 Acc: 0.2857 F1: 0.2148 | Val Loss: 1.4273 Acc: 0.1538 F1: 0.1562 | Train Meta: MetaNormμ:2.2178 | Val Meta: MetaNormμ:2.2178
Epoch  28/50 | Train Loss: 1.3221 Acc: 0.2902 F1: 0.2289 | Val Loss: 1.4097 Acc: 0.1923 F1: 0.1588 | Train Meta: MetaNormμ:2.2178 | Val Meta: MetaNormμ:2.2178
Epoch  29/50 | Train Loss: 1.2896 Acc: 0.3482 F1: 0.3251 | Val Loss: 1.4404 Acc: 0.1154 F1: 0.0889 | Train Meta: MetaNormμ:2.2178 | Val Meta: MetaNormμ:2.2178
Epoch  30/50 | Train Loss: 1.2972 Acc: 0.2902 F1: 0.2744 | Val Loss: 1.4186 Acc: 0.1538 F1: 0.1505 | Train Meta: MetaNormμ:2.2178 | Val Meta: MetaNormμ:2.2178
Epoch  31/50 | Train Loss: 1.3059 Acc: 0.3036 F1: 0.2321 | Val Loss: 1.4555 Acc: 0.1154 F1: 0.0889 | Train Meta: MetaNormμ:2.2178 | Val Meta: MetaNormμ:2.2178
Epoch  32/50 | Train Loss: 1.2944 Acc: 0.3527 F1: 0.3321 | Val Loss: 1.3902 Acc: 0.2308 F1: 0.1838 | Train Meta: MetaNormμ:2.2178 | Val Meta: MetaNormμ:2.2178
Epoch  33/50 | Train Loss: 1.2959 Acc: 0.3616 F1: 0.3345 | Val Loss: 1.4448 Acc: 0.1923 F1: 0.1414 | Train Meta: MetaNormμ:2.2178 | Val Meta: MetaNormμ:2.2178
Epoch  34/50 | Train Loss: 1.2931 Acc: 0.3438 F1: 0.3174 | Val Loss: 1.4217 Acc: 0.1538 F1: 0.1362 | Train Meta: MetaNormμ:2.2178 | Val Meta: MetaNormμ:2.2178
Epoch  35/50 | Train Loss: 1.3019 Acc: 0.3304 F1: 0.2910 | Val Loss: 1.4278 Acc: 0.1923 F1: 0.1660 | Train Meta: MetaNormμ:2.2178 | Val Meta: MetaNormμ:2.2178
Epoch  36/50 | Train Loss: 1.2905 Acc: 0.3527 F1: 0.3343 | Val Loss: 1.4057 Acc: 0.1923 F1: 0.1769 | Train Meta: MetaNormμ:2.2178 | Val Meta: MetaNormμ:2.2178
Epoch  37/50 | Train Loss: 1.3095 Acc: 0.2902 F1: 0.2469 | Val Loss: 1.4427 Acc: 0.1538 F1: 0.1667 | Train Meta: MetaNormμ:2.2178 | Val Meta: MetaNormμ:2.2178
Epoch  38/50 | Train Loss: 1.3042 Acc: 0.3170 F1: 0.3036 | Val Loss: 1.4099 Acc: 0.2692 F1: 0.2120 | Train Meta: MetaNormμ:2.2178 | Val Meta: MetaNormμ:2.2178
Epoch  39/50 | Train Loss: 1.2971 Acc: 0.2946 F1: 0.2784 | Val Loss: 1.4534 Acc: 0.1154 F1: 0.0911 | Train Meta: MetaNormμ:2.2178 | Val Meta: MetaNormμ:2.2178
Epoch  40/50 | Train Loss: 1.2988 Acc: 0.3036 F1: 0.3021 | Val Loss: 1.4281 Acc: 0.2692 F1: 0.2083 | Train Meta: MetaNormμ:2.2178 | Val Meta: MetaNormμ:2.2178
Epoch  41/50 | Train Loss: 1.2887 Acc: 0.3170 F1: 0.2955 | Val Loss: 1.4347 Acc: 0.2308 F1: 0.1873 | Train Meta: MetaNormμ:2.2178 | Val Meta: MetaNormμ:2.2178
Epoch  42/50 | Train Loss: 1.2902 Acc: 0.3304 F1: 0.2966 | Val Loss: 1.4182 Acc: 0.1538 F1: 0.1390 | Train Meta: MetaNormμ:2.2178 | Val Meta: MetaNormμ:2.2178
Epoch  43/50 | Train Loss: 1.2964 Acc: 0.3259 F1: 0.3052 | Val Loss: 1.4174 Acc: 0.1538 F1: 0.1317 | Train Meta: MetaNormμ:2.2178 | Val Meta: MetaNormμ:2.2178
Epoch  44/50 | Train Loss: 1.2896 Acc: 0.3125 F1: 0.2541 | Val Loss: 1.4247 Acc: 0.1923 F1: 0.1531 | Train Meta: MetaNormμ:2.2178 | Val Meta: MetaNormμ:2.2178
Epoch  45/50 | Train Loss: 1.2931 Acc: 0.3571 F1: 0.3292 | Val Loss: 1.4316 Acc: 0.2692 F1: 0.2060 | Train Meta: MetaNormμ:2.2178 | Val Meta: MetaNormμ:2.2178
Epoch  46/50 | Train Loss: 1.2929 Acc: 0.3304 F1: 0.2865 | Val Loss: 1.4195 Acc: 0.1538 F1: 0.1274 | Train Meta: MetaNormμ:2.2178 | Val Meta: MetaNormμ:2.2178
Epoch  47/50 | Train Loss: 1.2963 Acc: 0.3259 F1: 0.3277 | Val Loss: 1.4262 Acc: 0.1923 F1: 0.1858 | Train Meta: MetaNormμ:2.2178 | Val Meta: MetaNormμ:2.2178
Epoch  48/50 | Train Loss: 1.2824 Acc: 0.3348 F1: 0.2962 | Val Loss: 1.4459 Acc: 0.2308 F1: 0.2004 | Train Meta: MetaNormμ:2.2178 | Val Meta: MetaNormμ:2.2178
Epoch  49/50 | Train Loss: 1.2877 Acc: 0.3438 F1: 0.2911 | Val Loss: 1.4419 Acc: 0.1538 F1: 0.1382 | Train Meta: MetaNormμ:2.2178 | Val Meta: MetaNormμ:2.2178
Epoch  50/50 | Train Loss: 1.3150 Acc: 0.3125 F1: 0.2774 | Val Loss: 1.4005 Acc: 0.2692 F1: 0.1667 | Train Meta: MetaNormμ:2.2178 | Val Meta: MetaNormμ:2.2178

Classification Test Result (EthanolConcentration)
Accuracy : 0.250951
F1 (macro): 0.143637
Saved attention maps for 3 sample(s) under ./runs/classification_electricity_to_EthanolConcentration_laya_mixer_concat_stats/attention_maps
/data/pjh_workspace/ts-env/lib/python3.8/site-packages/torch/nn/modules/transformer.py:307: UserWarning: enable_nested_tensor is True, but self.use_nested_tensor is False because encoder_layer.norm_first was True
  warnings.warn(f"enable_nested_tensor is True, but self.use_nested_tensor is False because {why_not_sparsity_fast_path}")
==================================================
🚀 Architecture: LAYA
📊 Target Dataset: FaceDetection (Channels: 144)
📊 Pretrain Info: electricity
📊 Classes: 2 | Sequence Length: 62
==================================================
✅ Loaded pretrained encoder from ./checkpoints/electricity_laya_mixer_concat_stats/laya_ts_electricity_s_best.pt
   - 107/107 keys matched.
✅ Encoder is FROZEN (Linear Probing mode).
📝 metadata: mode=stats, fusion=concat_kv, relation=none
ℹ️  Metadata Fusion Mode: concat_kv
ℹ️  Channel Mixer Relation Mode: none
ℹ️  Encoder Variant: default
ℹ️  Channel Adapter: disabled for Laya downstream (mixer)
ℹ️  Channel Relation Block: disabled
✅ ClassificationHead: [B, 256] → [B, 2]
Epoch   1/50 | Train Loss: 0.7047 Acc: 0.4964 F1: 0.4960 | Val Loss: 0.7002 Acc: 0.4805 F1: 0.3410 | Train Meta: MetaNormμ:2.4913 | Val Meta: MetaNormμ:2.4913
Validation Loss decreased (inf --> 0.700206). Saving best model...
Epoch   2/50 | Train Loss: 0.7039 Acc: 0.5043 F1: 0.5040 | Val Loss: 0.7232 Acc: 0.4788 F1: 0.3266 | Train Meta: MetaNormμ:2.4913 | Val Meta: MetaNormμ:2.4913
Epoch   3/50 | Train Loss: 0.7045 Acc: 0.5032 F1: 0.5032 | Val Loss: 0.6929 Acc: 0.5161 F1: 0.5123 | Train Meta: MetaNormμ:2.4913 | Val Meta: MetaNormμ:2.4913
Validation Loss decreased (0.700206 --> 0.692927). Saving best model...
Epoch   4/50 | Train Loss: 0.6988 Acc: 0.5087 F1: 0.5087 | Val Loss: 0.7012 Acc: 0.5178 F1: 0.3412 | Train Meta: MetaNormμ:2.4913 | Val Meta: MetaNormμ:2.4913
Epoch   5/50 | Train Loss: 0.6997 Acc: 0.5026 F1: 0.5026 | Val Loss: 0.6929 Acc: 0.5059 F1: 0.5037 | Train Meta: MetaNormμ:2.4913 | Val Meta: MetaNormμ:2.4913
Validation Loss decreased (0.692927 --> 0.692873). Saving best model...
Epoch   6/50 | Train Loss: 0.6991 Acc: 0.5159 F1: 0.5158 | Val Loss: 0.6906 Acc: 0.5246 F1: 0.5135 | Train Meta: MetaNormμ:2.4913 | Val Meta: MetaNormμ:2.4913
Validation Loss decreased (0.692873 --> 0.690569). Saving best model...
Epoch   7/50 | Train Loss: 0.7032 Acc: 0.5162 F1: 0.5158 | Val Loss: 0.6894 Acc: 0.5484 F1: 0.5298 | Train Meta: MetaNormμ:2.4913 | Val Meta: MetaNormμ:2.4913
Validation Loss decreased (0.690569 --> 0.689408). Saving best model...
Epoch   8/50 | Train Loss: 0.6979 Acc: 0.4991 F1: 0.4990 | Val Loss: 0.7025 Acc: 0.5195 F1: 0.3419 | Train Meta: MetaNormμ:2.4913 | Val Meta: MetaNormμ:2.4913
Epoch   9/50 | Train Loss: 0.6988 Acc: 0.5153 F1: 0.5152 | Val Loss: 0.7201 Acc: 0.4805 F1: 0.3245 | Train Meta: MetaNormμ:2.4913 | Val Meta: MetaNormμ:2.4913
Epoch  10/50 | Train Loss: 0.6968 Acc: 0.5094 F1: 0.5085 | Val Loss: 0.6910 Acc: 0.5178 F1: 0.5129 | Train Meta: MetaNormμ:2.4913 | Val Meta: MetaNormμ:2.4913
Epoch  11/50 | Train Loss: 0.7011 Acc: 0.5040 F1: 0.5040 | Val Loss: 0.6951 Acc: 0.5195 F1: 0.4994 | Train Meta: MetaNormμ:2.4913 | Val Meta: MetaNormμ:2.4913
Epoch  12/50 | Train Loss: 0.6986 Acc: 0.5115 F1: 0.5114 | Val Loss: 0.6919 Acc: 0.5212 F1: 0.5170 | Train Meta: MetaNormμ:2.4913 | Val Meta: MetaNormμ:2.4913
Epoch  13/50 | Train Loss: 0.6973 Acc: 0.5028 F1: 0.5024 | Val Loss: 0.6918 Acc: 0.5229 F1: 0.5076 | Train Meta: MetaNormμ:2.4913 | Val Meta: MetaNormμ:2.4913
Epoch  14/50 | Train Loss: 0.6956 Acc: 0.5228 F1: 0.5223 | Val Loss: 0.6891 Acc: 0.5552 F1: 0.5438 | Train Meta: MetaNormμ:2.4913 | Val Meta: MetaNormμ:2.4913
Validation Loss decreased (0.689408 --> 0.689116). Saving best model...
Epoch  15/50 | Train Loss: 0.6985 Acc: 0.5125 F1: 0.5117 | Val Loss: 0.7008 Acc: 0.4975 F1: 0.3815 | Train Meta: MetaNormμ:2.4913 | Val Meta: MetaNormμ:2.4913
Epoch  16/50 | Train Loss: 0.6971 Acc: 0.5149 F1: 0.5149 | Val Loss: 0.7035 Acc: 0.4788 F1: 0.3321 | Train Meta: MetaNormμ:2.4913 | Val Meta: MetaNormμ:2.4913
Epoch  17/50 | Train Loss: 0.6966 Acc: 0.5038 F1: 0.5037 | Val Loss: 0.6899 Acc: 0.5110 F1: 0.4257 | Train Meta: MetaNormμ:2.4913 | Val Meta: MetaNormμ:2.4913
Epoch  18/50 | Train Loss: 0.6958 Acc: 0.5168 F1: 0.5160 | Val Loss: 0.6914 Acc: 0.5127 F1: 0.4575 | Train Meta: MetaNormμ:2.4913 | Val Meta: MetaNormμ:2.4913
Epoch  19/50 | Train Loss: 0.6970 Acc: 0.5125 F1: 0.5122 | Val Loss: 0.6963 Acc: 0.5025 F1: 0.4269 | Train Meta: MetaNormμ:2.4913 | Val Meta: MetaNormμ:2.4913
Epoch  20/50 | Train Loss: 0.6966 Acc: 0.5132 F1: 0.5131 | Val Loss: 0.6984 Acc: 0.5161 F1: 0.4343 | Train Meta: MetaNormμ:2.4913 | Val Meta: MetaNormμ:2.4913
Epoch  21/50 | Train Loss: 0.6968 Acc: 0.5134 F1: 0.5129 | Val Loss: 0.6958 Acc: 0.5246 F1: 0.5150 | Train Meta: MetaNormμ:2.4913 | Val Meta: MetaNormμ:2.4913
Epoch  22/50 | Train Loss: 0.6973 Acc: 0.5115 F1: 0.5115 | Val Loss: 0.7249 Acc: 0.4805 F1: 0.3245 | Train Meta: MetaNormμ:2.4913 | Val Meta: MetaNormμ:2.4913
Epoch  23/50 | Train Loss: 0.6981 Acc: 0.5106 F1: 0.5091 | Val Loss: 0.6927 Acc: 0.5059 F1: 0.3952 | Train Meta: MetaNormμ:2.4913 | Val Meta: MetaNormμ:2.4913
Epoch  24/50 | Train Loss: 0.6949 Acc: 0.5117 F1: 0.5117 | Val Loss: 0.6948 Acc: 0.5076 F1: 0.4972 | Train Meta: MetaNormμ:2.4913 | Val Meta: MetaNormμ:2.4913
Epoch  25/50 | Train Loss: 0.6955 Acc: 0.5219 F1: 0.5214 | Val Loss: 0.6961 Acc: 0.5093 F1: 0.4394 | Train Meta: MetaNormμ:2.4913 | Val Meta: MetaNormμ:2.4913
Epoch  26/50 | Train Loss: 0.6947 Acc: 0.5172 F1: 0.5163 | Val Loss: 0.6942 Acc: 0.5076 F1: 0.4383 | Train Meta: MetaNormμ:2.4913 | Val Meta: MetaNormμ:2.4913
Epoch  27/50 | Train Loss: 0.6951 Acc: 0.5160 F1: 0.5159 | Val Loss: 0.6920 Acc: 0.5008 F1: 0.4513 | Train Meta: MetaNormμ:2.4913 | Val Meta: MetaNormμ:2.4913
Epoch  28/50 | Train Loss: 0.6960 Acc: 0.5145 F1: 0.5144 | Val Loss: 0.6937 Acc: 0.5178 F1: 0.3443 | Train Meta: MetaNormμ:2.4913 | Val Meta: MetaNormμ:2.4913
Epoch  29/50 | Train Loss: 0.6945 Acc: 0.5123 F1: 0.5118 | Val Loss: 0.7027 Acc: 0.4890 F1: 0.3699 | Train Meta: MetaNormμ:2.4913 | Val Meta: MetaNormμ:2.4913
Epoch  30/50 | Train Loss: 0.6964 Acc: 0.5100 F1: 0.5098 | Val Loss: 0.6960 Acc: 0.5144 F1: 0.3935 | Train Meta: MetaNormμ:2.4913 | Val Meta: MetaNormμ:2.4913
Epoch  31/50 | Train Loss: 0.6930 Acc: 0.5185 F1: 0.5180 | Val Loss: 0.7024 Acc: 0.5076 F1: 0.4218 | Train Meta: MetaNormμ:2.4913 | Val Meta: MetaNormμ:2.4913
Epoch  32/50 | Train Loss: 0.6932 Acc: 0.5102 F1: 0.5090 | Val Loss: 0.6935 Acc: 0.5246 F1: 0.5236 | Train Meta: MetaNormμ:2.4913 | Val Meta: MetaNormμ:2.4913
Epoch  33/50 | Train Loss: 0.6954 Acc: 0.5104 F1: 0.5103 | Val Loss: 0.6971 Acc: 0.5093 F1: 0.4174 | Train Meta: MetaNormμ:2.4913 | Val Meta: MetaNormμ:2.4913
Epoch  34/50 | Train Loss: 0.6940 Acc: 0.5140 F1: 0.5120 | Val Loss: 0.7002 Acc: 0.5144 F1: 0.3765 | Train Meta: MetaNormμ:2.4913 | Val Meta: MetaNormμ:2.4913
Epoch  35/50 | Train Loss: 0.6935 Acc: 0.5077 F1: 0.5073 | Val Loss: 0.6888 Acc: 0.5450 F1: 0.5073 | Train Meta: MetaNormμ:2.4913 | Val Meta: MetaNormμ:2.4913
Validation Loss decreased (0.689116 --> 0.688786). Saving best model...
Epoch  36/50 | Train Loss: 0.6938 Acc: 0.5104 F1: 0.5104 | Val Loss: 0.6993 Acc: 0.4924 F1: 0.3830 | Train Meta: MetaNormμ:2.4913 | Val Meta: MetaNormμ:2.4913
Epoch  37/50 | Train Loss: 0.6948 Acc: 0.5140 F1: 0.5131 | Val Loss: 0.6933 Acc: 0.5161 F1: 0.5126 | Train Meta: MetaNormμ:2.4913 | Val Meta: MetaNormμ:2.4913
Epoch  38/50 | Train Loss: 0.6933 Acc: 0.5236 F1: 0.5235 | Val Loss: 0.6897 Acc: 0.5399 F1: 0.4743 | Train Meta: MetaNormμ:2.4913 | Val Meta: MetaNormμ:2.4913
Epoch  39/50 | Train Loss: 0.6922 Acc: 0.5202 F1: 0.5201 | Val Loss: 0.7041 Acc: 0.4873 F1: 0.3644 | Train Meta: MetaNormμ:2.4913 | Val Meta: MetaNormμ:2.4913
Epoch  40/50 | Train Loss: 0.6928 Acc: 0.5257 F1: 0.5256 | Val Loss: 0.6921 Acc: 0.5263 F1: 0.5051 | Train Meta: MetaNormμ:2.4913 | Val Meta: MetaNormμ:2.4913
Epoch  41/50 | Train Loss: 0.6925 Acc: 0.5208 F1: 0.5205 | Val Loss: 0.6937 Acc: 0.5144 F1: 0.4243 | Train Meta: MetaNormμ:2.4913 | Val Meta: MetaNormμ:2.4913
Epoch  42/50 | Train Loss: 0.6935 Acc: 0.5210 F1: 0.5210 | Val Loss: 0.6887 Acc: 0.5484 F1: 0.5388 | Train Meta: MetaNormμ:2.4913 | Val Meta: MetaNormμ:2.4913
Validation Loss decreased (0.688786 --> 0.688743). Saving best model...
Epoch  43/50 | Train Loss: 0.6931 Acc: 0.5168 F1: 0.5168 | Val Loss: 0.6935 Acc: 0.5348 F1: 0.5291 | Train Meta: MetaNormμ:2.4913 | Val Meta: MetaNormμ:2.4913
Epoch  44/50 | Train Loss: 0.6920 Acc: 0.5225 F1: 0.5223 | Val Loss: 0.6968 Acc: 0.5212 F1: 0.4688 | Train Meta: MetaNormμ:2.4913 | Val Meta: MetaNormμ:2.4913
Epoch  45/50 | Train Loss: 0.6939 Acc: 0.5179 F1: 0.5178 | Val Loss: 0.6924 Acc: 0.5178 F1: 0.5026 | Train Meta: MetaNormμ:2.4913 | Val Meta: MetaNormμ:2.4913
Epoch  46/50 | Train Loss: 0.6935 Acc: 0.5115 F1: 0.5113 | Val Loss: 0.6918 Acc: 0.5263 F1: 0.5203 | Train Meta: MetaNormμ:2.4913 | Val Meta: MetaNormμ:2.4913
Epoch  47/50 | Train Loss: 0.6946 Acc: 0.5089 F1: 0.5087 | Val Loss: 0.7046 Acc: 0.4839 F1: 0.3801 | Train Meta: MetaNormμ:2.4913 | Val Meta: MetaNormμ:2.4913
Epoch  48/50 | Train Loss: 0.6924 Acc: 0.5217 F1: 0.5213 | Val Loss: 0.6999 Acc: 0.5042 F1: 0.4005 | Train Meta: MetaNormμ:2.4913 | Val Meta: MetaNormμ:2.4913
Epoch  49/50 | Train Loss: 0.6913 Acc: 0.5174 F1: 0.5166 | Val Loss: 0.6968 Acc: 0.5093 F1: 0.5035 | Train Meta: MetaNormμ:2.4913 | Val Meta: MetaNormμ:2.4913
Epoch  50/50 | Train Loss: 0.6928 Acc: 0.5225 F1: 0.5224 | Val Loss: 0.6945 Acc: 0.5263 F1: 0.4844 | Train Meta: MetaNormμ:2.4913 | Val Meta: MetaNormμ:2.4913

Classification Test Result (FaceDetection)
Accuracy : 0.478434
F1 (macro): 0.464522
Saved attention maps for 3 sample(s) under ./runs/classification_electricity_to_FaceDetection_laya_mixer_concat_stats/attention_maps
/data/pjh_workspace/ts-env/lib/python3.8/site-packages/torch/nn/modules/transformer.py:307: UserWarning: enable_nested_tensor is True, but self.use_nested_tensor is False because encoder_layer.norm_first was True
  warnings.warn(f"enable_nested_tensor is True, but self.use_nested_tensor is False because {why_not_sparsity_fast_path}")
==================================================
🚀 Architecture: LAYA
📊 Target Dataset: Handwriting (Channels: 3)
📊 Pretrain Info: electricity
📊 Classes: 26 | Sequence Length: 152
==================================================
✅ Loaded pretrained encoder from ./checkpoints/electricity_laya_mixer_concat_stats/laya_ts_electricity_s_best.pt
   - 107/107 keys matched.
✅ Encoder is FROZEN (Linear Probing mode).
📝 metadata: mode=stats, fusion=concat_kv, relation=none
ℹ️  Metadata Fusion Mode: concat_kv
ℹ️  Channel Mixer Relation Mode: none
ℹ️  Encoder Variant: default
ℹ️  Channel Adapter: disabled for Laya downstream (mixer)
ℹ️  Channel Relation Block: disabled
✅ ClassificationHead: [B, 256] → [B, 26]
Epoch   1/50 | Train Loss: 3.2387 Acc: 0.0312 F1: 0.0085 | Val Loss: 3.2692 Acc: 0.2000 F1: 0.0564 | Train Meta: MetaNormμ:3.1049 | Val Meta: MetaNormμ:3.1049
Validation Loss decreased (inf --> 3.269237). Saving best model...
Epoch   2/50 | Train Loss: 3.0339 Acc: 0.1172 F1: 0.0273 | Val Loss: 3.3346 Acc: 0.2000 F1: 0.0962 | Train Meta: MetaNormμ:3.1049 | Val Meta: MetaNormμ:3.1049
Epoch   3/50 | Train Loss: 2.9942 Acc: 0.1016 F1: 0.0334 | Val Loss: 3.4101 Acc: 0.0667 F1: 0.0148 | Train Meta: MetaNormμ:3.1049 | Val Meta: MetaNormμ:3.1049
Epoch   4/50 | Train Loss: 2.9524 Acc: 0.0547 F1: 0.0107 | Val Loss: 3.3522 Acc: 0.1333 F1: 0.0680 | Train Meta: MetaNormμ:3.1049 | Val Meta: MetaNormμ:3.1049
Epoch   5/50 | Train Loss: 2.9430 Acc: 0.0703 F1: 0.0194 | Val Loss: 3.3181 Acc: 0.1333 F1: 0.0653 | Train Meta: MetaNormμ:3.1049 | Val Meta: MetaNormμ:3.1049
Epoch   6/50 | Train Loss: 2.9097 Acc: 0.1094 F1: 0.0405 | Val Loss: 3.2538 Acc: 0.1333 F1: 0.0561 | Train Meta: MetaNormμ:3.1049 | Val Meta: MetaNormμ:3.1049
Validation Loss decreased (3.269237 --> 3.253760). Saving best model...
Epoch   7/50 | Train Loss: 2.8690 Acc: 0.1172 F1: 0.0464 | Val Loss: 3.2450 Acc: 0.0667 F1: 0.0333 | Train Meta: MetaNormμ:3.1049 | Val Meta: MetaNormμ:3.1049
Validation Loss decreased (3.253760 --> 3.245043). Saving best model...
Epoch   8/50 | Train Loss: 2.8743 Acc: 0.1172 F1: 0.0508 | Val Loss: 3.2817 Acc: 0.1333 F1: 0.0619 | Train Meta: MetaNormμ:3.1049 | Val Meta: MetaNormμ:3.1049
Epoch   9/50 | Train Loss: 2.8292 Acc: 0.1484 F1: 0.0625 | Val Loss: 3.3044 Acc: 0.1333 F1: 0.0619 | Train Meta: MetaNormμ:3.1049 | Val Meta: MetaNormμ:3.1049
Epoch  10/50 | Train Loss: 2.8075 Acc: 0.1562 F1: 0.0662 | Val Loss: 3.3088 Acc: 0.0667 F1: 0.0267 | Train Meta: MetaNormμ:3.1049 | Val Meta: MetaNormμ:3.1049
Epoch  11/50 | Train Loss: 2.8112 Acc: 0.1328 F1: 0.0520 | Val Loss: 3.2931 Acc: 0.0667 F1: 0.0333 | Train Meta: MetaNormμ:3.1049 | Val Meta: MetaNormμ:3.1049
Epoch  12/50 | Train Loss: 2.7797 Acc: 0.1172 F1: 0.0540 | Val Loss: 3.3080 Acc: 0.0667 F1: 0.0238 | Train Meta: MetaNormμ:3.1049 | Val Meta: MetaNormμ:3.1049
Epoch  13/50 | Train Loss: 2.7793 Acc: 0.1250 F1: 0.0578 | Val Loss: 3.2864 Acc: 0.0667 F1: 0.0222 | Train Meta: MetaNormμ:3.1049 | Val Meta: MetaNormμ:3.1049
Epoch  14/50 | Train Loss: 2.7629 Acc: 0.1406 F1: 0.0685 | Val Loss: 3.2722 Acc: 0.0667 F1: 0.0222 | Train Meta: MetaNormμ:3.1049 | Val Meta: MetaNormμ:3.1049
Epoch  15/50 | Train Loss: 2.7371 Acc: 0.1641 F1: 0.0963 | Val Loss: 3.3192 Acc: 0.0667 F1: 0.0392 | Train Meta: MetaNormμ:3.1049 | Val Meta: MetaNormμ:3.1049
Epoch  16/50 | Train Loss: 2.7267 Acc: 0.1406 F1: 0.0645 | Val Loss: 3.3374 Acc: 0.0667 F1: 0.0286 | Train Meta: MetaNormμ:3.1049 | Val Meta: MetaNormμ:3.1049
Epoch  17/50 | Train Loss: 2.7071 Acc: 0.1641 F1: 0.0769 | Val Loss: 3.3355 Acc: 0.0667 F1: 0.0222 | Train Meta: MetaNormμ:3.1049 | Val Meta: MetaNormμ:3.1049
Epoch  18/50 | Train Loss: 2.6920 Acc: 0.1406 F1: 0.0702 | Val Loss: 3.3520 Acc: 0.0667 F1: 0.0250 | Train Meta: MetaNormμ:3.1049 | Val Meta: MetaNormμ:3.1049
Epoch  19/50 | Train Loss: 2.6845 Acc: 0.1484 F1: 0.0852 | Val Loss: 3.3595 Acc: 0.0667 F1: 0.0312 | Train Meta: MetaNormμ:3.1049 | Val Meta: MetaNormμ:3.1049
Epoch  20/50 | Train Loss: 2.6831 Acc: 0.1484 F1: 0.1031 | Val Loss: 3.3674 Acc: 0.0667 F1: 0.0278 | Train Meta: MetaNormμ:3.1049 | Val Meta: MetaNormμ:3.1049
Epoch  21/50 | Train Loss: 2.6475 Acc: 0.1719 F1: 0.1139 | Val Loss: 3.4253 Acc: 0.0667 F1: 0.0278 | Train Meta: MetaNormμ:3.1049 | Val Meta: MetaNormμ:3.1049
Epoch  22/50 | Train Loss: 2.6261 Acc: 0.1797 F1: 0.1030 | Val Loss: 3.4362 Acc: 0.0667 F1: 0.0312 | Train Meta: MetaNormμ:3.1049 | Val Meta: MetaNormμ:3.1049
Epoch  23/50 | Train Loss: 2.6434 Acc: 0.1562 F1: 0.0944 | Val Loss: 3.4388 Acc: 0.0000 F1: 0.0000 | Train Meta: MetaNormμ:3.1049 | Val Meta: MetaNormμ:3.1049
Epoch  24/50 | Train Loss: 2.6330 Acc: 0.1562 F1: 0.1397 | Val Loss: 3.3819 Acc: 0.0667 F1: 0.0294 | Train Meta: MetaNormμ:3.1049 | Val Meta: MetaNormμ:3.1049
Epoch  25/50 | Train Loss: 2.5998 Acc: 0.1562 F1: 0.1109 | Val Loss: 3.3984 Acc: 0.0667 F1: 0.0312 | Train Meta: MetaNormμ:3.1049 | Val Meta: MetaNormμ:3.1049
Epoch  26/50 | Train Loss: 2.6013 Acc: 0.1719 F1: 0.0904 | Val Loss: 3.4235 Acc: 0.0667 F1: 0.0312 | Train Meta: MetaNormμ:3.1049 | Val Meta: MetaNormμ:3.1049
Epoch  27/50 | Train Loss: 2.5954 Acc: 0.1875 F1: 0.1178 | Val Loss: 3.4217 Acc: 0.0667 F1: 0.0250 | Train Meta: MetaNormμ:3.1049 | Val Meta: MetaNormμ:3.1049
Epoch  28/50 | Train Loss: 2.5622 Acc: 0.1875 F1: 0.1564 | Val Loss: 3.4222 Acc: 0.0667 F1: 0.0278 | Train Meta: MetaNormμ:3.1049 | Val Meta: MetaNormμ:3.1049
Epoch  29/50 | Train Loss: 2.5877 Acc: 0.1797 F1: 0.1461 | Val Loss: 3.4224 Acc: 0.0667 F1: 0.0294 | Train Meta: MetaNormμ:3.1049 | Val Meta: MetaNormμ:3.1049
Epoch  30/50 | Train Loss: 2.5567 Acc: 0.2031 F1: 0.1672 | Val Loss: 3.4174 Acc: 0.0000 F1: 0.0000 | Train Meta: MetaNormμ:3.1049 | Val Meta: MetaNormμ:3.1049
Epoch  31/50 | Train Loss: 2.5430 Acc: 0.2031 F1: 0.1728 | Val Loss: 3.4476 Acc: 0.0000 F1: 0.0000 | Train Meta: MetaNormμ:3.1049 | Val Meta: MetaNormμ:3.1049
Epoch  32/50 | Train Loss: 2.5311 Acc: 0.2031 F1: 0.1519 | Val Loss: 3.4721 Acc: 0.0000 F1: 0.0000 | Train Meta: MetaNormμ:3.1049 | Val Meta: MetaNormμ:3.1049
Epoch  33/50 | Train Loss: 2.5183 Acc: 0.2109 F1: 0.1610 | Val Loss: 3.4679 Acc: 0.0000 F1: 0.0000 | Train Meta: MetaNormμ:3.1049 | Val Meta: MetaNormμ:3.1049
Epoch  34/50 | Train Loss: 2.5003 Acc: 0.2109 F1: 0.1625 | Val Loss: 3.4802 Acc: 0.0667 F1: 0.0278 | Train Meta: MetaNormμ:3.1049 | Val Meta: MetaNormμ:3.1049
Epoch  35/50 | Train Loss: 2.5114 Acc: 0.1797 F1: 0.1299 | Val Loss: 3.4943 Acc: 0.0667 F1: 0.0294 | Train Meta: MetaNormμ:3.1049 | Val Meta: MetaNormμ:3.1049
Epoch  36/50 | Train Loss: 2.5239 Acc: 0.1797 F1: 0.1414 | Val Loss: 3.5154 Acc: 0.0667 F1: 0.0263 | Train Meta: MetaNormμ:3.1049 | Val Meta: MetaNormμ:3.1049
Epoch  37/50 | Train Loss: 2.4979 Acc: 0.2109 F1: 0.1788 | Val Loss: 3.4800 Acc: 0.0000 F1: 0.0000 | Train Meta: MetaNormμ:3.1049 | Val Meta: MetaNormμ:3.1049
Epoch  38/50 | Train Loss: 2.4989 Acc: 0.2344 F1: 0.1982 | Val Loss: 3.4962 Acc: 0.0000 F1: 0.0000 | Train Meta: MetaNormμ:3.1049 | Val Meta: MetaNormμ:3.1049
Epoch  39/50 | Train Loss: 2.4706 Acc: 0.2344 F1: 0.2033 | Val Loss: 3.5027 Acc: 0.0000 F1: 0.0000 | Train Meta: MetaNormμ:3.1049 | Val Meta: MetaNormμ:3.1049
Epoch  40/50 | Train Loss: 2.4680 Acc: 0.2266 F1: 0.1808 | Val Loss: 3.5259 Acc: 0.0667 F1: 0.0278 | Train Meta: MetaNormμ:3.1049 | Val Meta: MetaNormμ:3.1049
Epoch  41/50 | Train Loss: 2.4768 Acc: 0.2266 F1: 0.1662 | Val Loss: 3.5585 Acc: 0.0667 F1: 0.0351 | Train Meta: MetaNormμ:3.1049 | Val Meta: MetaNormμ:3.1049
Epoch  42/50 | Train Loss: 2.4564 Acc: 0.2188 F1: 0.1860 | Val Loss: 3.5657 Acc: 0.0000 F1: 0.0000 | Train Meta: MetaNormμ:3.1049 | Val Meta: MetaNormμ:3.1049
Epoch  43/50 | Train Loss: 2.4396 Acc: 0.2344 F1: 0.1957 | Val Loss: 3.5924 Acc: 0.0000 F1: 0.0000 | Train Meta: MetaNormμ:3.1049 | Val Meta: MetaNormμ:3.1049
Epoch  44/50 | Train Loss: 2.4538 Acc: 0.2188 F1: 0.1768 | Val Loss: 3.5354 Acc: 0.0667 F1: 0.0278 | Train Meta: MetaNormμ:3.1049 | Val Meta: MetaNormμ:3.1049
Epoch  45/50 | Train Loss: 2.4293 Acc: 0.2266 F1: 0.1898 | Val Loss: 3.5763 Acc: 0.0000 F1: 0.0000 | Train Meta: MetaNormμ:3.1049 | Val Meta: MetaNormμ:3.1049
Epoch  46/50 | Train Loss: 2.4153 Acc: 0.2031 F1: 0.1588 | Val Loss: 3.5794 Acc: 0.0667 F1: 0.0278 | Train Meta: MetaNormμ:3.1049 | Val Meta: MetaNormμ:3.1049
Epoch  47/50 | Train Loss: 2.4238 Acc: 0.2188 F1: 0.1831 | Val Loss: 3.5302 Acc: 0.1333 F1: 0.0614 | Train Meta: MetaNormμ:3.1049 | Val Meta: MetaNormμ:3.1049
Epoch  48/50 | Train Loss: 2.4236 Acc: 0.2031 F1: 0.1734 | Val Loss: 3.5353 Acc: 0.0000 F1: 0.0000 | Train Meta: MetaNormμ:3.1049 | Val Meta: MetaNormμ:3.1049
Epoch  49/50 | Train Loss: 2.3979 Acc: 0.2344 F1: 0.2232 | Val Loss: 3.5369 Acc: 0.0000 F1: 0.0000 | Train Meta: MetaNormμ:3.1049 | Val Meta: MetaNormμ:3.1049
Epoch  50/50 | Train Loss: 2.3996 Acc: 0.2344 F1: 0.2184 | Val Loss: 3.5397 Acc: 0.0667 F1: 0.0263 | Train Meta: MetaNormμ:3.1049 | Val Meta: MetaNormμ:3.1049

Classification Test Result (Handwriting)
Accuracy : 0.045882
F1 (macro): 0.020859
Saved attention maps for 3 sample(s) under ./runs/classification_electricity_to_Handwriting_laya_mixer_concat_stats/attention_maps
/data/pjh_workspace/ts-env/lib/python3.8/site-packages/torch/nn/modules/transformer.py:307: UserWarning: enable_nested_tensor is True, but self.use_nested_tensor is False because encoder_layer.norm_first was True
  warnings.warn(f"enable_nested_tensor is True, but self.use_nested_tensor is False because {why_not_sparsity_fast_path}")
==================================================
🚀 Architecture: LAYA
📊 Target Dataset: Heartbeat (Channels: 61)
📊 Pretrain Info: electricity
📊 Classes: 2 | Sequence Length: 405
==================================================
✅ Loaded pretrained encoder from ./checkpoints/electricity_laya_mixer_concat_stats/laya_ts_electricity_s_best.pt
   - 107/107 keys matched.
✅ Encoder is FROZEN (Linear Probing mode).
📝 metadata: mode=stats, fusion=concat_kv, relation=none
ℹ️  Metadata Fusion Mode: concat_kv
ℹ️  Channel Mixer Relation Mode: none
ℹ️  Encoder Variant: default
ℹ️  Channel Adapter: disabled for Laya downstream (mixer)
ℹ️  Channel Relation Block: disabled
✅ ClassificationHead: [B, 256] → [B, 2]
Epoch   1/50 | Train Loss: 0.5864 Acc: 0.7045 F1: 0.4133 | Val Loss: 0.5676 Acc: 0.7000 F1: 0.4118 | Train Meta: MetaNormμ:2.7462 | Val Meta: MetaNormμ:2.7462
Validation Loss decreased (inf --> 0.567616). Saving best model...
Epoch   2/50 | Train Loss: 0.5802 Acc: 0.7102 F1: 0.4336 | Val Loss: 0.5639 Acc: 0.7000 F1: 0.4118 | Train Meta: MetaNormμ:2.7462 | Val Meta: MetaNormμ:2.7462
Validation Loss decreased (0.567616 --> 0.563913). Saving best model...
Epoch   3/50 | Train Loss: 0.5765 Acc: 0.7045 F1: 0.4133 | Val Loss: 0.5529 Acc: 0.7000 F1: 0.4118 | Train Meta: MetaNormμ:2.7462 | Val Meta: MetaNormμ:2.7462
Validation Loss decreased (0.563913 --> 0.552879). Saving best model...
Epoch   4/50 | Train Loss: 0.5661 Acc: 0.6932 F1: 0.4094 | Val Loss: 0.5498 Acc: 0.7500 F1: 0.5671 | Train Meta: MetaNormμ:2.7462 | Val Meta: MetaNormμ:2.7462
Validation Loss decreased (0.552879 --> 0.549786). Saving best model...
Epoch   5/50 | Train Loss: 0.5774 Acc: 0.6932 F1: 0.4266 | Val Loss: 0.5558 Acc: 0.7000 F1: 0.4118 | Train Meta: MetaNormμ:2.7462 | Val Meta: MetaNormμ:2.7462
Epoch   6/50 | Train Loss: 0.5494 Acc: 0.7102 F1: 0.4153 | Val Loss: 0.5420 Acc: 0.7000 F1: 0.4118 | Train Meta: MetaNormμ:2.7462 | Val Meta: MetaNormμ:2.7462
Validation Loss decreased (0.549786 --> 0.542044). Saving best model...
Epoch   7/50 | Train Loss: 0.5559 Acc: 0.6989 F1: 0.4290 | Val Loss: 0.5352 Acc: 0.7000 F1: 0.4118 | Train Meta: MetaNormμ:2.7462 | Val Meta: MetaNormμ:2.7462
Validation Loss decreased (0.542044 --> 0.535168). Saving best model...
Epoch   8/50 | Train Loss: 0.5581 Acc: 0.7216 F1: 0.5263 | Val Loss: 0.5331 Acc: 0.7000 F1: 0.4118 | Train Meta: MetaNormμ:2.7462 | Val Meta: MetaNormμ:2.7462
Validation Loss decreased (0.535168 --> 0.533114). Saving best model...
Epoch   9/50 | Train Loss: 0.5710 Acc: 0.7045 F1: 0.4133 | Val Loss: 0.5408 Acc: 0.7000 F1: 0.4118 | Train Meta: MetaNormμ:2.7462 | Val Meta: MetaNormμ:2.7462
Epoch  10/50 | Train Loss: 0.5844 Acc: 0.7159 F1: 0.5882 | Val Loss: 0.5329 Acc: 0.7500 F1: 0.5671 | Train Meta: MetaNormμ:2.7462 | Val Meta: MetaNormμ:2.7462
Validation Loss decreased (0.533114 --> 0.532855). Saving best model...
Epoch  11/50 | Train Loss: 0.5562 Acc: 0.7159 F1: 0.4172 | Val Loss: 0.5499 Acc: 0.7000 F1: 0.4118 | Train Meta: MetaNormμ:2.7462 | Val Meta: MetaNormμ:2.7462
Epoch  12/50 | Train Loss: 0.5461 Acc: 0.7273 F1: 0.4903 | Val Loss: 0.5229 Acc: 0.7500 F1: 0.5671 | Train Meta: MetaNormμ:2.7462 | Val Meta: MetaNormμ:2.7462
Validation Loss decreased (0.532855 --> 0.522924). Saving best model...
Epoch  13/50 | Train Loss: 0.5535 Acc: 0.7159 F1: 0.4531 | Val Loss: 0.5235 Acc: 0.7000 F1: 0.4118 | Train Meta: MetaNormμ:2.7462 | Val Meta: MetaNormμ:2.7462
Epoch  14/50 | Train Loss: 0.5471 Acc: 0.7330 F1: 0.5457 | Val Loss: 0.5175 Acc: 0.7500 F1: 0.5671 | Train Meta: MetaNormμ:2.7462 | Val Meta: MetaNormμ:2.7462
Validation Loss decreased (0.522924 --> 0.517487). Saving best model...
Epoch  15/50 | Train Loss: 0.5333 Acc: 0.7443 F1: 0.5002 | Val Loss: 0.5233 Acc: 0.7000 F1: 0.4118 | Train Meta: MetaNormμ:2.7462 | Val Meta: MetaNormμ:2.7462
Epoch  16/50 | Train Loss: 0.5459 Acc: 0.7273 F1: 0.4750 | Val Loss: 0.5239 Acc: 0.7500 F1: 0.5671 | Train Meta: MetaNormμ:2.7462 | Val Meta: MetaNormμ:2.7462
Epoch  17/50 | Train Loss: 0.5350 Acc: 0.7386 F1: 0.4969 | Val Loss: 0.5257 Acc: 0.7000 F1: 0.4118 | Train Meta: MetaNormμ:2.7462 | Val Meta: MetaNormμ:2.7462
Epoch  18/50 | Train Loss: 0.5240 Acc: 0.7557 F1: 0.5224 | Val Loss: 0.5207 Acc: 0.7500 F1: 0.5671 | Train Meta: MetaNormμ:2.7462 | Val Meta: MetaNormμ:2.7462
Epoch  19/50 | Train Loss: 0.5373 Acc: 0.7330 F1: 0.4780 | Val Loss: 0.5217 Acc: 0.7500 F1: 0.5671 | Train Meta: MetaNormμ:2.7462 | Val Meta: MetaNormμ:2.7462
Epoch  20/50 | Train Loss: 0.5569 Acc: 0.7216 F1: 0.5377 | Val Loss: 0.5232 Acc: 0.7500 F1: 0.5671 | Train Meta: MetaNormμ:2.7462 | Val Meta: MetaNormμ:2.7462
Epoch  21/50 | Train Loss: 0.5652 Acc: 0.7102 F1: 0.4336 | Val Loss: 0.5233 Acc: 0.7500 F1: 0.5671 | Train Meta: MetaNormμ:2.7462 | Val Meta: MetaNormμ:2.7462
Epoch  22/50 | Train Loss: 0.5375 Acc: 0.7614 F1: 0.5889 | Val Loss: 0.5162 Acc: 0.7500 F1: 0.5671 | Train Meta: MetaNormμ:2.7462 | Val Meta: MetaNormμ:2.7462
Validation Loss decreased (0.517487 --> 0.516161). Saving best model...
Epoch  23/50 | Train Loss: 0.5269 Acc: 0.7330 F1: 0.4780 | Val Loss: 0.5296 Acc: 0.7000 F1: 0.4118 | Train Meta: MetaNormμ:2.7462 | Val Meta: MetaNormμ:2.7462
Epoch  24/50 | Train Loss: 0.5306 Acc: 0.7614 F1: 0.5781 | Val Loss: 0.5113 Acc: 0.7500 F1: 0.5671 | Train Meta: MetaNormμ:2.7462 | Val Meta: MetaNormμ:2.7462
Validation Loss decreased (0.516161 --> 0.511331). Saving best model...
Epoch  25/50 | Train Loss: 0.5262 Acc: 0.7443 F1: 0.5290 | Val Loss: 0.5143 Acc: 0.7500 F1: 0.5671 | Train Meta: MetaNormμ:2.7462 | Val Meta: MetaNormμ:2.7462
Epoch  26/50 | Train Loss: 0.5197 Acc: 0.7614 F1: 0.5665 | Val Loss: 0.5158 Acc: 0.7500 F1: 0.5671 | Train Meta: MetaNormμ:2.7462 | Val Meta: MetaNormμ:2.7462
Epoch  27/50 | Train Loss: 0.5233 Acc: 0.7443 F1: 0.5152 | Val Loss: 0.5134 Acc: 0.7500 F1: 0.5671 | Train Meta: MetaNormμ:2.7462 | Val Meta: MetaNormμ:2.7462
Epoch  28/50 | Train Loss: 0.5198 Acc: 0.7670 F1: 0.6037 | Val Loss: 0.5106 Acc: 0.7500 F1: 0.5671 | Train Meta: MetaNormμ:2.7462 | Val Meta: MetaNormμ:2.7462
Validation Loss decreased (0.511331 --> 0.510638). Saving best model...
Epoch  29/50 | Train Loss: 0.5304 Acc: 0.7443 F1: 0.5002 | Val Loss: 0.5072 Acc: 0.7500 F1: 0.5671 | Train Meta: MetaNormμ:2.7462 | Val Meta: MetaNormμ:2.7462
Validation Loss decreased (0.510638 --> 0.507212). Saving best model...
Epoch  30/50 | Train Loss: 0.5258 Acc: 0.7443 F1: 0.5290 | Val Loss: 0.5058 Acc: 0.7500 F1: 0.5671 | Train Meta: MetaNormμ:2.7462 | Val Meta: MetaNormμ:2.7462
Validation Loss decreased (0.507212 --> 0.505794). Saving best model...
Epoch  31/50 | Train Loss: 0.5238 Acc: 0.7784 F1: 0.6560 | Val Loss: 0.5089 Acc: 0.7500 F1: 0.5671 | Train Meta: MetaNormμ:2.7462 | Val Meta: MetaNormμ:2.7462
Epoch  32/50 | Train Loss: 0.5419 Acc: 0.7443 F1: 0.5419 | Val Loss: 0.5101 Acc: 0.7500 F1: 0.5671 | Train Meta: MetaNormμ:2.7462 | Val Meta: MetaNormμ:2.7462
Epoch  33/50 | Train Loss: 0.5411 Acc: 0.7386 F1: 0.6140 | Val Loss: 0.5071 Acc: 0.7500 F1: 0.5671 | Train Meta: MetaNormμ:2.7462 | Val Meta: MetaNormμ:2.7462
Epoch  34/50 | Train Loss: 0.5225 Acc: 0.7500 F1: 0.5580 | Val Loss: 0.5116 Acc: 0.7500 F1: 0.5671 | Train Meta: MetaNormμ:2.7462 | Val Meta: MetaNormμ:2.7462
Epoch  35/50 | Train Loss: 0.5283 Acc: 0.7557 F1: 0.5737 | Val Loss: 0.5085 Acc: 0.7500 F1: 0.5671 | Train Meta: MetaNormμ:2.7462 | Val Meta: MetaNormμ:2.7462
Epoch  36/50 | Train Loss: 0.5051 Acc: 0.7670 F1: 0.6132 | Val Loss: 0.5052 Acc: 0.7500 F1: 0.5671 | Train Meta: MetaNormμ:2.7462 | Val Meta: MetaNormμ:2.7462
Validation Loss decreased (0.505794 --> 0.505158). Saving best model...
Epoch  37/50 | Train Loss: 0.5240 Acc: 0.7614 F1: 0.5406 | Val Loss: 0.5058 Acc: 0.7500 F1: 0.5671 | Train Meta: MetaNormμ:2.7462 | Val Meta: MetaNormμ:2.7462
Epoch  38/50 | Train Loss: 0.5341 Acc: 0.7557 F1: 0.5843 | Val Loss: 0.5087 Acc: 0.7500 F1: 0.5671 | Train Meta: MetaNormμ:2.7462 | Val Meta: MetaNormμ:2.7462
Epoch  39/50 | Train Loss: 0.5219 Acc: 0.7500 F1: 0.5799 | Val Loss: 0.5140 Acc: 0.7500 F1: 0.5671 | Train Meta: MetaNormμ:2.7462 | Val Meta: MetaNormμ:2.7462
Epoch  40/50 | Train Loss: 0.5280 Acc: 0.7557 F1: 0.5622 | Val Loss: 0.5045 Acc: 0.7500 F1: 0.5671 | Train Meta: MetaNormμ:2.7462 | Val Meta: MetaNormμ:2.7462
Validation Loss decreased (0.505158 --> 0.504506). Saving best model...
Epoch  41/50 | Train Loss: 0.5319 Acc: 0.7557 F1: 0.6037 | Val Loss: 0.5132 Acc: 0.7500 F1: 0.5671 | Train Meta: MetaNormμ:2.7462 | Val Meta: MetaNormμ:2.7462
Epoch  42/50 | Train Loss: 0.5159 Acc: 0.7670 F1: 0.5446 | Val Loss: 0.5066 Acc: 0.7500 F1: 0.5671 | Train Meta: MetaNormμ:2.7462 | Val Meta: MetaNormμ:2.7462
Epoch  43/50 | Train Loss: 0.5045 Acc: 0.7727 F1: 0.5487 | Val Loss: 0.5049 Acc: 0.7500 F1: 0.5671 | Train Meta: MetaNormμ:2.7462 | Val Meta: MetaNormμ:2.7462
Epoch  44/50 | Train Loss: 0.5188 Acc: 0.7557 F1: 0.5737 | Val Loss: 0.5020 Acc: 0.7500 F1: 0.5671 | Train Meta: MetaNormμ:2.7462 | Val Meta: MetaNormμ:2.7462
Validation Loss decreased (0.504506 --> 0.501954). Saving best model...
Epoch  45/50 | Train Loss: 0.5165 Acc: 0.7670 F1: 0.6037 | Val Loss: 0.5008 Acc: 0.7500 F1: 0.5671 | Train Meta: MetaNormμ:2.7462 | Val Meta: MetaNormμ:2.7462
Validation Loss decreased (0.501954 --> 0.500802). Saving best model...
Epoch  46/50 | Train Loss: 0.5213 Acc: 0.7727 F1: 0.5753 | Val Loss: 0.4972 Acc: 0.7500 F1: 0.5671 | Train Meta: MetaNormμ:2.7462 | Val Meta: MetaNormμ:2.7462
Validation Loss decreased (0.500802 --> 0.497186). Saving best model...
Epoch  47/50 | Train Loss: 0.5220 Acc: 0.7557 F1: 0.6124 | Val Loss: 0.4973 Acc: 0.7500 F1: 0.5671 | Train Meta: MetaNormμ:2.7462 | Val Meta: MetaNormμ:2.7462
Epoch  48/50 | Train Loss: 0.5114 Acc: 0.7614 F1: 0.6084 | Val Loss: 0.5113 Acc: 0.7500 F1: 0.5671 | Train Meta: MetaNormμ:2.7462 | Val Meta: MetaNormμ:2.7462
Epoch  49/50 | Train Loss: 0.5247 Acc: 0.7500 F1: 0.5188 | Val Loss: 0.4938 Acc: 0.7500 F1: 0.5671 | Train Meta: MetaNormμ:2.7462 | Val Meta: MetaNormμ:2.7462
Validation Loss decreased (0.497186 --> 0.493809). Saving best model...
Epoch  50/50 | Train Loss: 0.5226 Acc: 0.7443 F1: 0.6030 | Val Loss: 0.4965 Acc: 0.7500 F1: 0.5671 | Train Meta: MetaNormμ:2.7462 | Val Meta: MetaNormμ:2.7462

Classification Test Result (Heartbeat)
Accuracy : 0.717073
F1 (macro): 0.531595
Saved attention maps for 3 sample(s) under ./runs/classification_electricity_to_Heartbeat_laya_mixer_concat_stats/attention_maps
/data/pjh_workspace/ts-env/lib/python3.8/site-packages/torch/nn/modules/transformer.py:307: UserWarning: enable_nested_tensor is True, but self.use_nested_tensor is False because encoder_layer.norm_first was True
  warnings.warn(f"enable_nested_tensor is True, but self.use_nested_tensor is False because {why_not_sparsity_fast_path}")
==================================================
🚀 Architecture: LAYA
📊 Target Dataset: JapaneseVowels (Channels: 12)
📊 Pretrain Info: electricity
📊 Classes: 9 | Sequence Length: 26
==================================================
✅ Loaded pretrained encoder from ./checkpoints/electricity_laya_mixer_concat_stats/laya_ts_electricity_s_best.pt
   - 107/107 keys matched.
✅ Encoder is FROZEN (Linear Probing mode).
📝 metadata: mode=stats, fusion=concat_kv, relation=none
ℹ️  Metadata Fusion Mode: concat_kv
ℹ️  Channel Mixer Relation Mode: none
ℹ️  Encoder Variant: default
ℹ️  Channel Adapter: disabled for Laya downstream (mixer)
ℹ️  Channel Relation Block: disabled
✅ ClassificationHead: [B, 256] → [B, 9]
Epoch   1/50 | Train Loss: 2.1896 Acc: 0.1125 F1: 0.0941 | Val Loss: 2.1313 Acc: 0.2222 F1: 0.1956 | Train Meta: MetaNormμ:2.4410 | Val Meta: MetaNormμ:2.4410
Validation Loss decreased (inf --> 2.131272). Saving best model...
Epoch   2/50 | Train Loss: 2.0545 Acc: 0.1792 F1: 0.1614 | Val Loss: 2.0148 Acc: 0.2963 F1: 0.2296 | Train Meta: MetaNormμ:2.4410 | Val Meta: MetaNormμ:2.4410
Validation Loss decreased (2.131272 --> 2.014840). Saving best model...
Epoch   3/50 | Train Loss: 1.9734 Acc: 0.2458 F1: 0.2266 | Val Loss: 2.0178 Acc: 0.2963 F1: 0.2571 | Train Meta: MetaNormμ:2.4410 | Val Meta: MetaNormμ:2.4410
Epoch   4/50 | Train Loss: 1.9136 Acc: 0.2625 F1: 0.1948 | Val Loss: 1.9638 Acc: 0.2963 F1: 0.2540 | Train Meta: MetaNormμ:2.4410 | Val Meta: MetaNormμ:2.4410
Validation Loss decreased (2.014840 --> 1.963844). Saving best model...
Epoch   5/50 | Train Loss: 1.8802 Acc: 0.2667 F1: 0.2309 | Val Loss: 1.9407 Acc: 0.1852 F1: 0.1503 | Train Meta: MetaNormμ:2.4410 | Val Meta: MetaNormμ:2.4410
Validation Loss decreased (1.963844 --> 1.940723). Saving best model...
Epoch   6/50 | Train Loss: 1.8513 Acc: 0.3208 F1: 0.2502 | Val Loss: 1.8777 Acc: 0.2963 F1: 0.2336 | Train Meta: MetaNormμ:2.4410 | Val Meta: MetaNormμ:2.4410
Validation Loss decreased (1.940723 --> 1.877723). Saving best model...
Epoch   7/50 | Train Loss: 1.8149 Acc: 0.3125 F1: 0.2641 | Val Loss: 1.9215 Acc: 0.2963 F1: 0.2529 | Train Meta: MetaNormμ:2.4410 | Val Meta: MetaNormμ:2.4410
Epoch   8/50 | Train Loss: 1.7882 Acc: 0.3292 F1: 0.3151 | Val Loss: 1.9098 Acc: 0.3333 F1: 0.3716 | Train Meta: MetaNormμ:2.4410 | Val Meta: MetaNormμ:2.4410
Epoch   9/50 | Train Loss: 1.7696 Acc: 0.2958 F1: 0.2545 | Val Loss: 1.8622 Acc: 0.2963 F1: 0.2765 | Train Meta: MetaNormμ:2.4410 | Val Meta: MetaNormμ:2.4410
Validation Loss decreased (1.877723 --> 1.862186). Saving best model...
Epoch  10/50 | Train Loss: 1.7507 Acc: 0.3167 F1: 0.2939 | Val Loss: 1.8947 Acc: 0.2222 F1: 0.1907 | Train Meta: MetaNormμ:2.4410 | Val Meta: MetaNormμ:2.4410
Epoch  11/50 | Train Loss: 1.7349 Acc: 0.3333 F1: 0.3088 | Val Loss: 1.8472 Acc: 0.3704 F1: 0.3388 | Train Meta: MetaNormμ:2.4410 | Val Meta: MetaNormμ:2.4410
Validation Loss decreased (1.862186 --> 1.847181). Saving best model...
Epoch  12/50 | Train Loss: 1.7249 Acc: 0.3417 F1: 0.3322 | Val Loss: 1.8834 Acc: 0.2593 F1: 0.2840 | Train Meta: MetaNormμ:2.4410 | Val Meta: MetaNormμ:2.4410
Epoch  13/50 | Train Loss: 1.7207 Acc: 0.3583 F1: 0.3332 | Val Loss: 1.8815 Acc: 0.2963 F1: 0.2681 | Train Meta: MetaNormμ:2.4410 | Val Meta: MetaNormμ:2.4410
Epoch  14/50 | Train Loss: 1.6976 Acc: 0.3667 F1: 0.3466 | Val Loss: 1.8330 Acc: 0.3704 F1: 0.3481 | Train Meta: MetaNormμ:2.4410 | Val Meta: MetaNormμ:2.4410
Validation Loss decreased (1.847181 --> 1.833004). Saving best model...
Epoch  15/50 | Train Loss: 1.6950 Acc: 0.3583 F1: 0.3340 | Val Loss: 1.8639 Acc: 0.2963 F1: 0.3130 | Train Meta: MetaNormμ:2.4410 | Val Meta: MetaNormμ:2.4410
Epoch  16/50 | Train Loss: 1.6881 Acc: 0.3750 F1: 0.3534 | Val Loss: 1.8632 Acc: 0.2963 F1: 0.2910 | Train Meta: MetaNormμ:2.4410 | Val Meta: MetaNormμ:2.4410
Epoch  17/50 | Train Loss: 1.6794 Acc: 0.3375 F1: 0.3201 | Val Loss: 1.8376 Acc: 0.2222 F1: 0.1774 | Train Meta: MetaNormμ:2.4410 | Val Meta: MetaNormμ:2.4410
Epoch  18/50 | Train Loss: 1.6699 Acc: 0.3708 F1: 0.3558 | Val Loss: 1.9025 Acc: 0.2963 F1: 0.2963 | Train Meta: MetaNormμ:2.4410 | Val Meta: MetaNormμ:2.4410
Epoch  19/50 | Train Loss: 1.6523 Acc: 0.3750 F1: 0.3664 | Val Loss: 1.8275 Acc: 0.3333 F1: 0.3194 | Train Meta: MetaNormμ:2.4410 | Val Meta: MetaNormμ:2.4410
Validation Loss decreased (1.833004 --> 1.827495). Saving best model...
Epoch  20/50 | Train Loss: 1.6294 Acc: 0.3792 F1: 0.3630 | Val Loss: 1.8159 Acc: 0.3704 F1: 0.3556 | Train Meta: MetaNormμ:2.4410 | Val Meta: MetaNormμ:2.4410
Validation Loss decreased (1.827495 --> 1.815929). Saving best model...
Epoch  21/50 | Train Loss: 1.6481 Acc: 0.3958 F1: 0.3727 | Val Loss: 1.8422 Acc: 0.3333 F1: 0.3273 | Train Meta: MetaNormμ:2.4410 | Val Meta: MetaNormμ:2.4410
Epoch  22/50 | Train Loss: 1.6259 Acc: 0.3625 F1: 0.3469 | Val Loss: 1.8242 Acc: 0.4074 F1: 0.3653 | Train Meta: MetaNormμ:2.4410 | Val Meta: MetaNormμ:2.4410
Epoch  23/50 | Train Loss: 1.6181 Acc: 0.4000 F1: 0.3874 | Val Loss: 1.8391 Acc: 0.2963 F1: 0.3235 | Train Meta: MetaNormμ:2.4410 | Val Meta: MetaNormμ:2.4410
Epoch  24/50 | Train Loss: 1.6194 Acc: 0.4417 F1: 0.4211 | Val Loss: 1.8694 Acc: 0.3333 F1: 0.3228 | Train Meta: MetaNormμ:2.4410 | Val Meta: MetaNormμ:2.4410
Epoch  25/50 | Train Loss: 1.6029 Acc: 0.4042 F1: 0.3829 | Val Loss: 1.8447 Acc: 0.3704 F1: 0.3132 | Train Meta: MetaNormμ:2.4410 | Val Meta: MetaNormμ:2.4410
Epoch  26/50 | Train Loss: 1.5993 Acc: 0.4042 F1: 0.3834 | Val Loss: 1.8595 Acc: 0.3333 F1: 0.3326 | Train Meta: MetaNormμ:2.4410 | Val Meta: MetaNormμ:2.4410
Epoch  27/50 | Train Loss: 1.5975 Acc: 0.4042 F1: 0.3983 | Val Loss: 1.8023 Acc: 0.3704 F1: 0.3287 | Train Meta: MetaNormμ:2.4410 | Val Meta: MetaNormμ:2.4410
Validation Loss decreased (1.815929 --> 1.802283). Saving best model...
Epoch  28/50 | Train Loss: 1.5755 Acc: 0.4250 F1: 0.4169 | Val Loss: 1.8671 Acc: 0.2963 F1: 0.2975 | Train Meta: MetaNormμ:2.4410 | Val Meta: MetaNormμ:2.4410
Epoch  29/50 | Train Loss: 1.5774 Acc: 0.4000 F1: 0.3809 | Val Loss: 1.8035 Acc: 0.3704 F1: 0.3370 | Train Meta: MetaNormμ:2.4410 | Val Meta: MetaNormμ:2.4410
Epoch  30/50 | Train Loss: 1.5796 Acc: 0.4250 F1: 0.4132 | Val Loss: 1.8264 Acc: 0.4074 F1: 0.3577 | Train Meta: MetaNormμ:2.4410 | Val Meta: MetaNormμ:2.4410
Epoch  31/50 | Train Loss: 1.5591 Acc: 0.4208 F1: 0.4110 | Val Loss: 1.8638 Acc: 0.3333 F1: 0.3247 | Train Meta: MetaNormμ:2.4410 | Val Meta: MetaNormμ:2.4410
Epoch  32/50 | Train Loss: 1.5726 Acc: 0.4292 F1: 0.4191 | Val Loss: 1.8227 Acc: 0.4074 F1: 0.3746 | Train Meta: MetaNormμ:2.4410 | Val Meta: MetaNormμ:2.4410
Epoch  33/50 | Train Loss: 1.5618 Acc: 0.4375 F1: 0.4253 | Val Loss: 1.8739 Acc: 0.2963 F1: 0.2654 | Train Meta: MetaNormμ:2.4410 | Val Meta: MetaNormμ:2.4410
Epoch  34/50 | Train Loss: 1.5545 Acc: 0.4167 F1: 0.3969 | Val Loss: 1.8324 Acc: 0.3704 F1: 0.3623 | Train Meta: MetaNormμ:2.4410 | Val Meta: MetaNormμ:2.4410
Epoch  35/50 | Train Loss: 1.5667 Acc: 0.4167 F1: 0.4008 | Val Loss: 1.8087 Acc: 0.3704 F1: 0.3392 | Train Meta: MetaNormμ:2.4410 | Val Meta: MetaNormμ:2.4410
Epoch  36/50 | Train Loss: 1.5421 Acc: 0.4042 F1: 0.3939 | Val Loss: 1.8412 Acc: 0.3704 F1: 0.3429 | Train Meta: MetaNormμ:2.4410 | Val Meta: MetaNormμ:2.4410
Epoch  37/50 | Train Loss: 1.5395 Acc: 0.4458 F1: 0.4320 | Val Loss: 1.8386 Acc: 0.3333 F1: 0.3265 | Train Meta: MetaNormμ:2.4410 | Val Meta: MetaNormμ:2.4410
Epoch  38/50 | Train Loss: 1.5420 Acc: 0.4125 F1: 0.4015 | Val Loss: 1.8256 Acc: 0.3704 F1: 0.3630 | Train Meta: MetaNormμ:2.4410 | Val Meta: MetaNormμ:2.4410
Epoch  39/50 | Train Loss: 1.5380 Acc: 0.4333 F1: 0.4129 | Val Loss: 1.8212 Acc: 0.4074 F1: 0.3546 | Train Meta: MetaNormμ:2.4410 | Val Meta: MetaNormμ:2.4410
Epoch  40/50 | Train Loss: 1.5203 Acc: 0.4250 F1: 0.4188 | Val Loss: 1.9057 Acc: 0.2963 F1: 0.3151 | Train Meta: MetaNormμ:2.4410 | Val Meta: MetaNormμ:2.4410
Epoch  41/50 | Train Loss: 1.5485 Acc: 0.4250 F1: 0.4091 | Val Loss: 1.8561 Acc: 0.3704 F1: 0.3558 | Train Meta: MetaNormμ:2.4410 | Val Meta: MetaNormμ:2.4410
Epoch  42/50 | Train Loss: 1.5129 Acc: 0.4417 F1: 0.4319 | Val Loss: 1.8192 Acc: 0.3704 F1: 0.3459 | Train Meta: MetaNormμ:2.4410 | Val Meta: MetaNormμ:2.4410
Epoch  43/50 | Train Loss: 1.5159 Acc: 0.4208 F1: 0.4146 | Val Loss: 1.8535 Acc: 0.3333 F1: 0.3278 | Train Meta: MetaNormμ:2.4410 | Val Meta: MetaNormμ:2.4410
Epoch  44/50 | Train Loss: 1.5063 Acc: 0.4375 F1: 0.4181 | Val Loss: 1.8364 Acc: 0.3704 F1: 0.3630 | Train Meta: MetaNormμ:2.4410 | Val Meta: MetaNormμ:2.4410
Epoch  45/50 | Train Loss: 1.5059 Acc: 0.4625 F1: 0.4596 | Val Loss: 1.7965 Acc: 0.3704 F1: 0.3654 | Train Meta: MetaNormμ:2.4410 | Val Meta: MetaNormμ:2.4410
Validation Loss decreased (1.802283 --> 1.796489). Saving best model...
Epoch  46/50 | Train Loss: 1.5024 Acc: 0.4500 F1: 0.4337 | Val Loss: 1.8610 Acc: 0.3704 F1: 0.3370 | Train Meta: MetaNormμ:2.4410 | Val Meta: MetaNormμ:2.4410
Epoch  47/50 | Train Loss: 1.4996 Acc: 0.4500 F1: 0.4260 | Val Loss: 1.8335 Acc: 0.3333 F1: 0.3484 | Train Meta: MetaNormμ:2.4410 | Val Meta: MetaNormμ:2.4410
Epoch  48/50 | Train Loss: 1.4885 Acc: 0.4750 F1: 0.4690 | Val Loss: 1.8685 Acc: 0.3333 F1: 0.3352 | Train Meta: MetaNormμ:2.4410 | Val Meta: MetaNormμ:2.4410
Epoch  49/50 | Train Loss: 1.4868 Acc: 0.4292 F1: 0.4117 | Val Loss: 1.8645 Acc: 0.4074 F1: 0.3827 | Train Meta: MetaNormμ:2.4410 | Val Meta: MetaNormμ:2.4410
Epoch  50/50 | Train Loss: 1.4777 Acc: 0.4458 F1: 0.4226 | Val Loss: 1.8374 Acc: 0.3704 F1: 0.3629 | Train Meta: MetaNormμ:2.4410 | Val Meta: MetaNormμ:2.4410

Classification Test Result (JapaneseVowels)
Accuracy : 0.297297
F1 (macro): 0.275905
Saved attention maps for 3 sample(s) under ./runs/classification_electricity_to_JapaneseVowels_laya_mixer_concat_stats/attention_maps
/data/pjh_workspace/ts-env/lib/python3.8/site-packages/torch/nn/modules/transformer.py:307: UserWarning: enable_nested_tensor is True, but self.use_nested_tensor is False because encoder_layer.norm_first was True
  warnings.warn(f"enable_nested_tensor is True, but self.use_nested_tensor is False because {why_not_sparsity_fast_path}")
==================================================
🚀 Architecture: LAYA
📊 Target Dataset: PEMS-SF (Channels: 963)
📊 Pretrain Info: electricity
📊 Classes: 7 | Sequence Length: 144
==================================================
✅ Loaded pretrained encoder from ./checkpoints/electricity_laya_mixer_concat_stats/laya_ts_electricity_s_best.pt
   - 107/107 keys matched.
✅ Encoder is FROZEN (Linear Probing mode).
📝 metadata: mode=stats, fusion=concat_kv, relation=none
ℹ️  Metadata Fusion Mode: concat_kv
ℹ️  Channel Mixer Relation Mode: none
ℹ️  Encoder Variant: default
ℹ️  Channel Adapter: disabled for Laya downstream (mixer)
ℹ️  Channel Relation Block: disabled
✅ ClassificationHead: [B, 256] → [B, 7]
Epoch   1/50 | Train Loss: 1.9941 Acc: 0.1333 F1: 0.1063 | Val Loss: 1.9773 Acc: 0.2308 F1: 0.1525 | Train Meta: MetaNormμ:2.5764 | Val Meta: MetaNormμ:2.5764
Validation Loss decreased (inf --> 1.977278). Saving best model...
Epoch   2/50 | Train Loss: 1.9177 Acc: 0.2042 F1: 0.1007 | Val Loss: 1.8846 Acc: 0.1923 F1: 0.0595 | Train Meta: MetaNormμ:2.5764 | Val Meta: MetaNormμ:2.5764
Validation Loss decreased (1.977278 --> 1.884573). Saving best model...
Epoch   3/50 | Train Loss: 1.8688 Acc: 0.2500 F1: 0.1681 | Val Loss: 1.8848 Acc: 0.1923 F1: 0.0952 | Train Meta: MetaNormμ:2.5764 | Val Meta: MetaNormμ:2.5764
Epoch   4/50 | Train Loss: 1.8392 Acc: 0.2542 F1: 0.2127 | Val Loss: 1.8365 Acc: 0.3077 F1: 0.2313 | Train Meta: MetaNormμ:2.5764 | Val Meta: MetaNormμ:2.5764
Validation Loss decreased (1.884573 --> 1.836499). Saving best model...
Epoch   5/50 | Train Loss: 1.8222 Acc: 0.2667 F1: 0.1785 | Val Loss: 1.7986 Acc: 0.2308 F1: 0.1476 | Train Meta: MetaNormμ:2.5764 | Val Meta: MetaNormμ:2.5764
Validation Loss decreased (1.836499 --> 1.798558). Saving best model...
Epoch   6/50 | Train Loss: 1.7968 Acc: 0.2875 F1: 0.1950 | Val Loss: 1.7920 Acc: 0.1923 F1: 0.0873 | Train Meta: MetaNormμ:2.5764 | Val Meta: MetaNormμ:2.5764
Validation Loss decreased (1.798558 --> 1.791989). Saving best model...
Epoch   7/50 | Train Loss: 1.7821 Acc: 0.2708 F1: 0.2006 | Val Loss: 1.7843 Acc: 0.2692 F1: 0.1655 | Train Meta: MetaNormμ:2.5764 | Val Meta: MetaNormμ:2.5764
Validation Loss decreased (1.791989 --> 1.784283). Saving best model...
Epoch   8/50 | Train Loss: 1.7686 Acc: 0.3292 F1: 0.2426 | Val Loss: 1.7054 Acc: 0.3077 F1: 0.2214 | Train Meta: MetaNormμ:2.5764 | Val Meta: MetaNormμ:2.5764
Validation Loss decreased (1.784283 --> 1.705395). Saving best model...
Epoch   9/50 | Train Loss: 1.7570 Acc: 0.2708 F1: 0.2279 | Val Loss: 1.7256 Acc: 0.2692 F1: 0.1936 | Train Meta: MetaNormμ:2.5764 | Val Meta: MetaNormμ:2.5764
Epoch  10/50 | Train Loss: 1.7294 Acc: 0.3458 F1: 0.3004 | Val Loss: 1.7326 Acc: 0.2692 F1: 0.1852 | Train Meta: MetaNormμ:2.5764 | Val Meta: MetaNormμ:2.5764
Epoch  11/50 | Train Loss: 1.7484 Acc: 0.3000 F1: 0.2154 | Val Loss: 1.6984 Acc: 0.3462 F1: 0.2449 | Train Meta: MetaNormμ:2.5764 | Val Meta: MetaNormμ:2.5764
Validation Loss decreased (1.705395 --> 1.698367). Saving best model...
Epoch  12/50 | Train Loss: 1.7103 Acc: 0.3542 F1: 0.2699 | Val Loss: 1.6744 Acc: 0.3077 F1: 0.2469 | Train Meta: MetaNormμ:2.5764 | Val Meta: MetaNormμ:2.5764
Validation Loss decreased (1.698367 --> 1.674410). Saving best model...
Epoch  13/50 | Train Loss: 1.6958 Acc: 0.3875 F1: 0.3800 | Val Loss: 1.6853 Acc: 0.3462 F1: 0.2527 | Train Meta: MetaNormμ:2.5764 | Val Meta: MetaNormμ:2.5764
Epoch  14/50 | Train Loss: 1.6849 Acc: 0.3458 F1: 0.2560 | Val Loss: 1.6524 Acc: 0.3462 F1: 0.2216 | Train Meta: MetaNormμ:2.5764 | Val Meta: MetaNormμ:2.5764
Validation Loss decreased (1.674410 --> 1.652419). Saving best model...
Epoch  15/50 | Train Loss: 1.6737 Acc: 0.3792 F1: 0.3179 | Val Loss: 1.6498 Acc: 0.4231 F1: 0.3368 | Train Meta: MetaNormμ:2.5764 | Val Meta: MetaNormμ:2.5764
Validation Loss decreased (1.652419 --> 1.649788). Saving best model...
Epoch  16/50 | Train Loss: 1.6656 Acc: 0.3833 F1: 0.3118 | Val Loss: 1.6342 Acc: 0.3077 F1: 0.2684 | Train Meta: MetaNormμ:2.5764 | Val Meta: MetaNormμ:2.5764
Validation Loss decreased (1.649788 --> 1.634157). Saving best model...
Epoch  17/50 | Train Loss: 1.6535 Acc: 0.3917 F1: 0.3659 | Val Loss: 1.6026 Acc: 0.3462 F1: 0.2442 | Train Meta: MetaNormμ:2.5764 | Val Meta: MetaNormμ:2.5764
Validation Loss decreased (1.634157 --> 1.602618). Saving best model...
Epoch  18/50 | Train Loss: 1.6469 Acc: 0.3875 F1: 0.3441 | Val Loss: 1.6109 Acc: 0.3846 F1: 0.3108 | Train Meta: MetaNormμ:2.5764 | Val Meta: MetaNormμ:2.5764
Epoch  19/50 | Train Loss: 1.6453 Acc: 0.3875 F1: 0.3519 | Val Loss: 1.5947 Acc: 0.3077 F1: 0.2142 | Train Meta: MetaNormμ:2.5764 | Val Meta: MetaNormμ:2.5764
Validation Loss decreased (1.602618 --> 1.594716). Saving best model...
Epoch  20/50 | Train Loss: 1.6300 Acc: 0.3750 F1: 0.3138 | Val Loss: 1.5919 Acc: 0.3462 F1: 0.2750 | Train Meta: MetaNormμ:2.5764 | Val Meta: MetaNormμ:2.5764
Validation Loss decreased (1.594716 --> 1.591889). Saving best model...
Epoch  21/50 | Train Loss: 1.6265 Acc: 0.3750 F1: 0.3293 | Val Loss: 1.5804 Acc: 0.4231 F1: 0.3632 | Train Meta: MetaNormμ:2.5764 | Val Meta: MetaNormμ:2.5764
Validation Loss decreased (1.591889 --> 1.580369). Saving best model...
Epoch  22/50 | Train Loss: 1.6213 Acc: 0.3583 F1: 0.2892 | Val Loss: 1.5932 Acc: 0.3077 F1: 0.2160 | Train Meta: MetaNormμ:2.5764 | Val Meta: MetaNormμ:2.5764
Epoch  23/50 | Train Loss: 1.5908 Acc: 0.4083 F1: 0.3763 | Val Loss: 1.5362 Acc: 0.4615 F1: 0.3918 | Train Meta: MetaNormμ:2.5764 | Val Meta: MetaNormμ:2.5764
Validation Loss decreased (1.580369 --> 1.536211). Saving best model...
Epoch  24/50 | Train Loss: 1.6036 Acc: 0.4042 F1: 0.3752 | Val Loss: 1.5467 Acc: 0.4231 F1: 0.3537 | Train Meta: MetaNormμ:2.5764 | Val Meta: MetaNormμ:2.5764
Epoch  25/50 | Train Loss: 1.5857 Acc: 0.3875 F1: 0.3444 | Val Loss: 1.4850 Acc: 0.4231 F1: 0.2934 | Train Meta: MetaNormμ:2.5764 | Val Meta: MetaNormμ:2.5764
Validation Loss decreased (1.536211 --> 1.484980). Saving best model...
Epoch  26/50 | Train Loss: 1.5975 Acc: 0.3792 F1: 0.3535 | Val Loss: 1.6263 Acc: 0.3462 F1: 0.2840 | Train Meta: MetaNormμ:2.5764 | Val Meta: MetaNormμ:2.5764
Epoch  27/50 | Train Loss: 1.6078 Acc: 0.3292 F1: 0.3114 | Val Loss: 1.4846 Acc: 0.5769 F1: 0.4897 | Train Meta: MetaNormμ:2.5764 | Val Meta: MetaNormμ:2.5764
Validation Loss decreased (1.484980 --> 1.484599). Saving best model...
Epoch  28/50 | Train Loss: 1.5879 Acc: 0.3583 F1: 0.2907 | Val Loss: 1.5621 Acc: 0.3846 F1: 0.3346 | Train Meta: MetaNormμ:2.5764 | Val Meta: MetaNormμ:2.5764
Epoch  29/50 | Train Loss: 1.5774 Acc: 0.3917 F1: 0.3503 | Val Loss: 1.4746 Acc: 0.4231 F1: 0.2921 | Train Meta: MetaNormμ:2.5764 | Val Meta: MetaNormμ:2.5764
Validation Loss decreased (1.484599 --> 1.474627). Saving best model...
Epoch  30/50 | Train Loss: 1.5626 Acc: 0.4417 F1: 0.4006 | Val Loss: 1.5060 Acc: 0.5000 F1: 0.4061 | Train Meta: MetaNormμ:2.5764 | Val Meta: MetaNormμ:2.5764
Epoch  31/50 | Train Loss: 1.5514 Acc: 0.3833 F1: 0.3450 | Val Loss: 1.5101 Acc: 0.3462 F1: 0.2360 | Train Meta: MetaNormμ:2.5764 | Val Meta: MetaNormμ:2.5764
Epoch  32/50 | Train Loss: 1.5522 Acc: 0.3750 F1: 0.3372 | Val Loss: 1.4830 Acc: 0.3462 F1: 0.2823 | Train Meta: MetaNormμ:2.5764 | Val Meta: MetaNormμ:2.5764
Epoch  33/50 | Train Loss: 1.5355 Acc: 0.4167 F1: 0.3794 | Val Loss: 1.4830 Acc: 0.3846 F1: 0.3283 | Train Meta: MetaNormμ:2.5764 | Val Meta: MetaNormμ:2.5764
Epoch  34/50 | Train Loss: 1.5339 Acc: 0.3792 F1: 0.3141 | Val Loss: 1.4554 Acc: 0.3846 F1: 0.2965 | Train Meta: MetaNormμ:2.5764 | Val Meta: MetaNormμ:2.5764
Validation Loss decreased (1.474627 --> 1.455428). Saving best model...
Epoch  35/50 | Train Loss: 1.5432 Acc: 0.3875 F1: 0.3612 | Val Loss: 1.4445 Acc: 0.4615 F1: 0.3997 | Train Meta: MetaNormμ:2.5764 | Val Meta: MetaNormμ:2.5764
Validation Loss decreased (1.455428 --> 1.444532). Saving best model...
Epoch  36/50 | Train Loss: 1.5298 Acc: 0.3958 F1: 0.3653 | Val Loss: 1.5069 Acc: 0.4615 F1: 0.4442 | Train Meta: MetaNormμ:2.5764 | Val Meta: MetaNormμ:2.5764
Epoch  37/50 | Train Loss: 1.5135 Acc: 0.4292 F1: 0.3889 | Val Loss: 1.4359 Acc: 0.4615 F1: 0.3918 | Train Meta: MetaNormμ:2.5764 | Val Meta: MetaNormμ:2.5764
Validation Loss decreased (1.444532 --> 1.435903). Saving best model...
Epoch  38/50 | Train Loss: 1.5187 Acc: 0.3833 F1: 0.3380 | Val Loss: 1.4514 Acc: 0.3462 F1: 0.2786 | Train Meta: MetaNormμ:2.5764 | Val Meta: MetaNormμ:2.5764
Epoch  39/50 | Train Loss: 1.5170 Acc: 0.4208 F1: 0.3975 | Val Loss: 1.4480 Acc: 0.5000 F1: 0.4394 | Train Meta: MetaNormμ:2.5764 | Val Meta: MetaNormμ:2.5764
Epoch  40/50 | Train Loss: 1.5119 Acc: 0.4083 F1: 0.3757 | Val Loss: 1.4112 Acc: 0.3846 F1: 0.3203 | Train Meta: MetaNormμ:2.5764 | Val Meta: MetaNormμ:2.5764
Validation Loss decreased (1.435903 --> 1.411151). Saving best model...
Epoch  41/50 | Train Loss: 1.4902 Acc: 0.4250 F1: 0.4107 | Val Loss: 1.4875 Acc: 0.3846 F1: 0.3042 | Train Meta: MetaNormμ:2.5764 | Val Meta: MetaNormμ:2.5764
Epoch  42/50 | Train Loss: 1.5009 Acc: 0.4000 F1: 0.3549 | Val Loss: 1.4031 Acc: 0.4231 F1: 0.3423 | Train Meta: MetaNormμ:2.5764 | Val Meta: MetaNormμ:2.5764
Validation Loss decreased (1.411151 --> 1.403054). Saving best model...
Epoch  43/50 | Train Loss: 1.4919 Acc: 0.4333 F1: 0.4210 | Val Loss: 1.4216 Acc: 0.4615 F1: 0.4037 | Train Meta: MetaNormμ:2.5764 | Val Meta: MetaNormμ:2.5764
Epoch  44/50 | Train Loss: 1.4840 Acc: 0.4333 F1: 0.3965 | Val Loss: 1.4235 Acc: 0.4231 F1: 0.3442 | Train Meta: MetaNormμ:2.5764 | Val Meta: MetaNormμ:2.5764
Epoch  45/50 | Train Loss: 1.4743 Acc: 0.4083 F1: 0.3930 | Val Loss: 1.4150 Acc: 0.5000 F1: 0.4513 | Train Meta: MetaNormμ:2.5764 | Val Meta: MetaNormμ:2.5764
Epoch  46/50 | Train Loss: 1.4692 Acc: 0.4458 F1: 0.3973 | Val Loss: 1.4222 Acc: 0.3846 F1: 0.3203 | Train Meta: MetaNormμ:2.5764 | Val Meta: MetaNormμ:2.5764
Epoch  47/50 | Train Loss: 1.4709 Acc: 0.4167 F1: 0.4050 | Val Loss: 1.4069 Acc: 0.4231 F1: 0.3680 | Train Meta: MetaNormμ:2.5764 | Val Meta: MetaNormμ:2.5764
Epoch  48/50 | Train Loss: 1.4657 Acc: 0.4250 F1: 0.4083 | Val Loss: 1.4013 Acc: 0.4615 F1: 0.3780 | Train Meta: MetaNormμ:2.5764 | Val Meta: MetaNormμ:2.5764
Validation Loss decreased (1.403054 --> 1.401291). Saving best model...
Epoch  49/50 | Train Loss: 1.4544 Acc: 0.4458 F1: 0.4164 | Val Loss: 1.4385 Acc: 0.5000 F1: 0.4513 | Train Meta: MetaNormμ:2.5764 | Val Meta: MetaNormμ:2.5764
Epoch  50/50 | Train Loss: 1.4730 Acc: 0.4042 F1: 0.3707 | Val Loss: 1.4092 Acc: 0.4615 F1: 0.3918 | Train Meta: MetaNormμ:2.5764 | Val Meta: MetaNormμ:2.5764

Classification Test Result (PEMS-SF)
Accuracy : 0.398844
F1 (macro): 0.387440
Saved attention maps for 3 sample(s) under ./runs/classification_electricity_to_PEMS-SF_laya_mixer_concat_stats/attention_maps
/data/pjh_workspace/ts-env/lib/python3.8/site-packages/torch/nn/modules/transformer.py:307: UserWarning: enable_nested_tensor is True, but self.use_nested_tensor is False because encoder_layer.norm_first was True
  warnings.warn(f"enable_nested_tensor is True, but self.use_nested_tensor is False because {why_not_sparsity_fast_path}")
==================================================
🚀 Architecture: LAYA
📊 Target Dataset: SelfRegulationSCP1 (Channels: 6)
📊 Pretrain Info: electricity
📊 Classes: 2 | Sequence Length: 896
==================================================
✅ Loaded pretrained encoder from ./checkpoints/electricity_laya_mixer_concat_stats/laya_ts_electricity_s_best.pt
   - 107/107 keys matched.
✅ Encoder is FROZEN (Linear Probing mode).
📝 metadata: mode=stats, fusion=concat_kv, relation=none
ℹ️  Metadata Fusion Mode: concat_kv
ℹ️  Channel Mixer Relation Mode: none
ℹ️  Encoder Variant: default
ℹ️  Channel Adapter: disabled for Laya downstream (mixer)
ℹ️  Channel Relation Block: disabled
✅ ClassificationHead: [B, 256] → [B, 2]
Epoch   1/50 | Train Loss: 0.7088 Acc: 0.5125 F1: 0.4931 | Val Loss: 0.6096 Acc: 0.8077 F1: 0.8074 | Train Meta: MetaNormμ:2.5446 | Val Meta: MetaNormμ:2.5446
Validation Loss decreased (inf --> 0.609591). Saving best model...
Epoch   2/50 | Train Loss: 0.6327 Acc: 0.6708 F1: 0.6688 | Val Loss: 0.5871 Acc: 0.7692 F1: 0.7679 | Train Meta: MetaNormμ:2.5446 | Val Meta: MetaNormμ:2.5446
Validation Loss decreased (0.609591 --> 0.587112). Saving best model...
Epoch   3/50 | Train Loss: 0.6188 Acc: 0.6708 F1: 0.6699 | Val Loss: 0.5516 Acc: 0.8462 F1: 0.8462 | Train Meta: MetaNormμ:2.5446 | Val Meta: MetaNormμ:2.5446
Validation Loss decreased (0.587112 --> 0.551605). Saving best model...
Epoch   4/50 | Train Loss: 0.6054 Acc: 0.6375 F1: 0.6329 | Val Loss: 0.5287 Acc: 0.8077 F1: 0.8051 | Train Meta: MetaNormμ:2.5446 | Val Meta: MetaNormμ:2.5446
Validation Loss decreased (0.551605 --> 0.528691). Saving best model...
Epoch   5/50 | Train Loss: 0.5808 Acc: 0.7083 F1: 0.7016 | Val Loss: 0.5184 Acc: 0.8462 F1: 0.8462 | Train Meta: MetaNormμ:2.5446 | Val Meta: MetaNormμ:2.5446
Validation Loss decreased (0.528691 --> 0.518449). Saving best model...
Epoch   6/50 | Train Loss: 0.5767 Acc: 0.7042 F1: 0.7033 | Val Loss: 0.4915 Acc: 0.8462 F1: 0.8462 | Train Meta: MetaNormμ:2.5446 | Val Meta: MetaNormμ:2.5446
Validation Loss decreased (0.518449 --> 0.491483). Saving best model...
Epoch   7/50 | Train Loss: 0.5621 Acc: 0.7083 F1: 0.7073 | Val Loss: 0.4894 Acc: 0.8077 F1: 0.8074 | Train Meta: MetaNormμ:2.5446 | Val Meta: MetaNormμ:2.5446
Validation Loss decreased (0.491483 --> 0.489380). Saving best model...
Epoch   8/50 | Train Loss: 0.5693 Acc: 0.6958 F1: 0.6913 | Val Loss: 0.5269 Acc: 0.6538 F1: 0.6406 | Train Meta: MetaNormμ:2.5446 | Val Meta: MetaNormμ:2.5446
Epoch   9/50 | Train Loss: 0.5739 Acc: 0.6792 F1: 0.6789 | Val Loss: 0.4581 Acc: 0.8462 F1: 0.8452 | Train Meta: MetaNormμ:2.5446 | Val Meta: MetaNormμ:2.5446
Validation Loss decreased (0.489380 --> 0.458070). Saving best model...
Epoch  10/50 | Train Loss: 0.5575 Acc: 0.7042 F1: 0.7030 | Val Loss: 0.4647 Acc: 0.8077 F1: 0.8074 | Train Meta: MetaNormμ:2.5446 | Val Meta: MetaNormμ:2.5446
Epoch  11/50 | Train Loss: 0.5500 Acc: 0.7208 F1: 0.7178 | Val Loss: 0.4699 Acc: 0.8077 F1: 0.8074 | Train Meta: MetaNormμ:2.5446 | Val Meta: MetaNormμ:2.5446
Epoch  12/50 | Train Loss: 0.5541 Acc: 0.7125 F1: 0.7125 | Val Loss: 0.4644 Acc: 0.8077 F1: 0.8074 | Train Meta: MetaNormμ:2.5446 | Val Meta: MetaNormμ:2.5446
Epoch  13/50 | Train Loss: 0.5405 Acc: 0.7375 F1: 0.7355 | Val Loss: 0.4407 Acc: 0.8077 F1: 0.8074 | Train Meta: MetaNormμ:2.5446 | Val Meta: MetaNormμ:2.5446
Validation Loss decreased (0.458070 --> 0.440674). Saving best model...
Epoch  14/50 | Train Loss: 0.5382 Acc: 0.7333 F1: 0.7324 | Val Loss: 0.4373 Acc: 0.8077 F1: 0.8074 | Train Meta: MetaNormμ:2.5446 | Val Meta: MetaNormμ:2.5446
Validation Loss decreased (0.440674 --> 0.437267). Saving best model...
Epoch  15/50 | Train Loss: 0.5361 Acc: 0.7500 F1: 0.7491 | Val Loss: 0.4470 Acc: 0.7692 F1: 0.7679 | Train Meta: MetaNormμ:2.5446 | Val Meta: MetaNormμ:2.5446
Epoch  16/50 | Train Loss: 0.5398 Acc: 0.7292 F1: 0.7262 | Val Loss: 0.4392 Acc: 0.7692 F1: 0.7679 | Train Meta: MetaNormμ:2.5446 | Val Meta: MetaNormμ:2.5446
Epoch  17/50 | Train Loss: 0.5384 Acc: 0.7208 F1: 0.7207 | Val Loss: 0.4303 Acc: 0.8077 F1: 0.8074 | Train Meta: MetaNormμ:2.5446 | Val Meta: MetaNormμ:2.5446
Validation Loss decreased (0.437267 --> 0.430338). Saving best model...
Epoch  18/50 | Train Loss: 0.5335 Acc: 0.7500 F1: 0.7489 | Val Loss: 0.4641 Acc: 0.7308 F1: 0.7271 | Train Meta: MetaNormμ:2.5446 | Val Meta: MetaNormμ:2.5446
Epoch  19/50 | Train Loss: 0.5571 Acc: 0.7333 F1: 0.7318 | Val Loss: 0.4096 Acc: 0.8077 F1: 0.8074 | Train Meta: MetaNormμ:2.5446 | Val Meta: MetaNormμ:2.5446
Validation Loss decreased (0.430338 --> 0.409647). Saving best model...
Epoch  20/50 | Train Loss: 0.5468 Acc: 0.7167 F1: 0.7151 | Val Loss: 0.4291 Acc: 0.7692 F1: 0.7679 | Train Meta: MetaNormμ:2.5446 | Val Meta: MetaNormμ:2.5446
Epoch  21/50 | Train Loss: 0.5332 Acc: 0.7208 F1: 0.7204 | Val Loss: 0.4196 Acc: 0.8077 F1: 0.8074 | Train Meta: MetaNormμ:2.5446 | Val Meta: MetaNormμ:2.5446
Epoch  22/50 | Train Loss: 0.5310 Acc: 0.7375 F1: 0.7374 | Val Loss: 0.4177 Acc: 0.7692 F1: 0.7679 | Train Meta: MetaNormμ:2.5446 | Val Meta: MetaNormμ:2.5446
Epoch  23/50 | Train Loss: 0.5296 Acc: 0.7333 F1: 0.7306 | Val Loss: 0.4307 Acc: 0.7692 F1: 0.7679 | Train Meta: MetaNormμ:2.5446 | Val Meta: MetaNormμ:2.5446
Epoch  24/50 | Train Loss: 0.5234 Acc: 0.7333 F1: 0.7333 | Val Loss: 0.4035 Acc: 0.8462 F1: 0.8462 | Train Meta: MetaNormμ:2.5446 | Val Meta: MetaNormμ:2.5446
Validation Loss decreased (0.409647 --> 0.403482). Saving best model...
Epoch  25/50 | Train Loss: 0.5266 Acc: 0.7250 F1: 0.7227 | Val Loss: 0.4161 Acc: 0.7692 F1: 0.7679 | Train Meta: MetaNormμ:2.5446 | Val Meta: MetaNormμ:2.5446
Epoch  26/50 | Train Loss: 0.5297 Acc: 0.7375 F1: 0.7362 | Val Loss: 0.4327 Acc: 0.7692 F1: 0.7679 | Train Meta: MetaNormμ:2.5446 | Val Meta: MetaNormμ:2.5446
Epoch  27/50 | Train Loss: 0.5317 Acc: 0.7167 F1: 0.7166 | Val Loss: 0.3967 Acc: 0.8462 F1: 0.8462 | Train Meta: MetaNormμ:2.5446 | Val Meta: MetaNormμ:2.5446
Validation Loss decreased (0.403482 --> 0.396662). Saving best model...
Epoch  28/50 | Train Loss: 0.5224 Acc: 0.7500 F1: 0.7498 | Val Loss: 0.4137 Acc: 0.7692 F1: 0.7679 | Train Meta: MetaNormμ:2.5446 | Val Meta: MetaNormμ:2.5446
Epoch  29/50 | Train Loss: 0.5189 Acc: 0.7375 F1: 0.7367 | Val Loss: 0.4076 Acc: 0.7692 F1: 0.7679 | Train Meta: MetaNormμ:2.5446 | Val Meta: MetaNormμ:2.5446
Epoch  30/50 | Train Loss: 0.5281 Acc: 0.7333 F1: 0.7330 | Val Loss: 0.3956 Acc: 0.7692 F1: 0.7692 | Train Meta: MetaNormμ:2.5446 | Val Meta: MetaNormμ:2.5446
Validation Loss decreased (0.396662 --> 0.395605). Saving best model...
Epoch  31/50 | Train Loss: 0.5249 Acc: 0.7250 F1: 0.7245 | Val Loss: 0.4308 Acc: 0.7692 F1: 0.7679 | Train Meta: MetaNormμ:2.5446 | Val Meta: MetaNormμ:2.5446
Epoch  32/50 | Train Loss: 0.5152 Acc: 0.7458 F1: 0.7456 | Val Loss: 0.3912 Acc: 0.8077 F1: 0.8074 | Train Meta: MetaNormμ:2.5446 | Val Meta: MetaNormμ:2.5446
Validation Loss decreased (0.395605 --> 0.391235). Saving best model...
Epoch  33/50 | Train Loss: 0.5300 Acc: 0.7292 F1: 0.7291 | Val Loss: 0.3882 Acc: 0.7692 F1: 0.7679 | Train Meta: MetaNormμ:2.5446 | Val Meta: MetaNormμ:2.5446
Validation Loss decreased (0.391235 --> 0.388206). Saving best model...
Epoch  34/50 | Train Loss: 0.5296 Acc: 0.7250 F1: 0.7212 | Val Loss: 0.3882 Acc: 0.8077 F1: 0.8074 | Train Meta: MetaNormμ:2.5446 | Val Meta: MetaNormμ:2.5446
Validation Loss decreased (0.388206 --> 0.388169). Saving best model...
Epoch  35/50 | Train Loss: 0.5160 Acc: 0.7417 F1: 0.7416 | Val Loss: 0.4037 Acc: 0.7692 F1: 0.7679 | Train Meta: MetaNormμ:2.5446 | Val Meta: MetaNormμ:2.5446
Epoch  36/50 | Train Loss: 0.5213 Acc: 0.7333 F1: 0.7324 | Val Loss: 0.4170 Acc: 0.7692 F1: 0.7679 | Train Meta: MetaNormμ:2.5446 | Val Meta: MetaNormμ:2.5446
Epoch  37/50 | Train Loss: 0.5150 Acc: 0.7333 F1: 0.7333 | Val Loss: 0.3941 Acc: 0.7692 F1: 0.7679 | Train Meta: MetaNormμ:2.5446 | Val Meta: MetaNormμ:2.5446
Epoch  38/50 | Train Loss: 0.5163 Acc: 0.7500 F1: 0.7497 | Val Loss: 0.4036 Acc: 0.7692 F1: 0.7679 | Train Meta: MetaNormμ:2.5446 | Val Meta: MetaNormμ:2.5446
Epoch  39/50 | Train Loss: 0.5117 Acc: 0.7417 F1: 0.7416 | Val Loss: 0.3896 Acc: 0.7692 F1: 0.7679 | Train Meta: MetaNormμ:2.5446 | Val Meta: MetaNormμ:2.5446
Epoch  40/50 | Train Loss: 0.5189 Acc: 0.7500 F1: 0.7499 | Val Loss: 0.3760 Acc: 0.8077 F1: 0.8074 | Train Meta: MetaNormμ:2.5446 | Val Meta: MetaNormμ:2.5446
Validation Loss decreased (0.388169 --> 0.376036). Saving best model...
Epoch  41/50 | Train Loss: 0.5148 Acc: 0.7542 F1: 0.7500 | Val Loss: 0.4270 Acc: 0.7308 F1: 0.7271 | Train Meta: MetaNormμ:2.5446 | Val Meta: MetaNormμ:2.5446
Epoch  42/50 | Train Loss: 0.5254 Acc: 0.7333 F1: 0.7330 | Val Loss: 0.3933 Acc: 0.7692 F1: 0.7679 | Train Meta: MetaNormμ:2.5446 | Val Meta: MetaNormμ:2.5446
Epoch  43/50 | Train Loss: 0.5135 Acc: 0.7542 F1: 0.7526 | Val Loss: 0.4163 Acc: 0.7692 F1: 0.7679 | Train Meta: MetaNormμ:2.5446 | Val Meta: MetaNormμ:2.5446
Epoch  44/50 | Train Loss: 0.5351 Acc: 0.7250 F1: 0.7248 | Val Loss: 0.3908 Acc: 0.7692 F1: 0.7679 | Train Meta: MetaNormμ:2.5446 | Val Meta: MetaNormμ:2.5446
Epoch  45/50 | Train Loss: 0.5161 Acc: 0.7292 F1: 0.7289 | Val Loss: 0.3732 Acc: 0.7692 F1: 0.7679 | Train Meta: MetaNormμ:2.5446 | Val Meta: MetaNormμ:2.5446
Validation Loss decreased (0.376036 --> 0.373245). Saving best model...
Epoch  46/50 | Train Loss: 0.5161 Acc: 0.7458 F1: 0.7430 | Val Loss: 0.3947 Acc: 0.7692 F1: 0.7679 | Train Meta: MetaNormμ:2.5446 | Val Meta: MetaNormμ:2.5446
Epoch  47/50 | Train Loss: 0.5183 Acc: 0.7333 F1: 0.7329 | Val Loss: 0.3818 Acc: 0.7692 F1: 0.7679 | Train Meta: MetaNormμ:2.5446 | Val Meta: MetaNormμ:2.5446
Epoch  48/50 | Train Loss: 0.5131 Acc: 0.7333 F1: 0.7333 | Val Loss: 0.3726 Acc: 0.8077 F1: 0.8074 | Train Meta: MetaNormμ:2.5446 | Val Meta: MetaNormμ:2.5446
Validation Loss decreased (0.373245 --> 0.372590). Saving best model...
Epoch  49/50 | Train Loss: 0.5101 Acc: 0.7542 F1: 0.7523 | Val Loss: 0.3882 Acc: 0.7692 F1: 0.7679 | Train Meta: MetaNormμ:2.5446 | Val Meta: MetaNormμ:2.5446
Epoch  50/50 | Train Loss: 0.5066 Acc: 0.7542 F1: 0.7541 | Val Loss: 0.3852 Acc: 0.7692 F1: 0.7679 | Train Meta: MetaNormμ:2.5446 | Val Meta: MetaNormμ:2.5446

Classification Test Result (SelfRegulationSCP1)
Accuracy : 0.740614
F1 (macro): 0.728041
Saved attention maps for 3 sample(s) under ./runs/classification_electricity_to_SelfRegulationSCP1_laya_mixer_concat_stats/attention_maps
/data/pjh_workspace/ts-env/lib/python3.8/site-packages/torch/nn/modules/transformer.py:307: UserWarning: enable_nested_tensor is True, but self.use_nested_tensor is False because encoder_layer.norm_first was True
  warnings.warn(f"enable_nested_tensor is True, but self.use_nested_tensor is False because {why_not_sparsity_fast_path}")
==================================================
🚀 Architecture: LAYA
📊 Target Dataset: SelfRegulationSCP2 (Channels: 7)
📊 Pretrain Info: electricity
📊 Classes: 2 | Sequence Length: 1152
==================================================
✅ Loaded pretrained encoder from ./checkpoints/electricity_laya_mixer_concat_stats/laya_ts_electricity_s_best.pt
   - 107/107 keys matched.
✅ Encoder is FROZEN (Linear Probing mode).
📝 metadata: mode=stats, fusion=concat_kv, relation=none
ℹ️  Metadata Fusion Mode: concat_kv
ℹ️  Channel Mixer Relation Mode: none
ℹ️  Encoder Variant: default
ℹ️  Channel Adapter: disabled for Laya downstream (mixer)
ℹ️  Channel Relation Block: disabled
✅ ClassificationHead: [B, 256] → [B, 2]
Epoch   1/50 | Train Loss: 0.7711 Acc: 0.4830 F1: 0.4809 | Val Loss: 0.6855 Acc: 0.6000 F1: 0.3750 | Train Meta: MetaNormμ:2.4071 | Val Meta: MetaNormμ:2.4071
Validation Loss decreased (inf --> 0.685533). Saving best model...
Epoch   2/50 | Train Loss: 0.6933 Acc: 0.5057 F1: 0.4877 | Val Loss: 0.7716 Acc: 0.4000 F1: 0.2857 | Train Meta: MetaNormμ:2.4071 | Val Meta: MetaNormμ:2.4071
Epoch   3/50 | Train Loss: 0.6899 Acc: 0.4943 F1: 0.4622 | Val Loss: 0.7255 Acc: 0.5000 F1: 0.4505 | Train Meta: MetaNormμ:2.4071 | Val Meta: MetaNormμ:2.4071
Epoch   4/50 | Train Loss: 0.6689 Acc: 0.5625 F1: 0.5445 | Val Loss: 0.7278 Acc: 0.4500 F1: 0.4133 | Train Meta: MetaNormμ:2.4071 | Val Meta: MetaNormμ:2.4071
Epoch   5/50 | Train Loss: 0.6691 Acc: 0.4716 F1: 0.4589 | Val Loss: 0.7067 Acc: 0.6000 F1: 0.5238 | Train Meta: MetaNormμ:2.4071 | Val Meta: MetaNormμ:2.4071
Epoch   6/50 | Train Loss: 0.6628 Acc: 0.5568 F1: 0.5510 | Val Loss: 0.7060 Acc: 0.6000 F1: 0.5238 | Train Meta: MetaNormμ:2.4071 | Val Meta: MetaNormμ:2.4071
Epoch   7/50 | Train Loss: 0.6610 Acc: 0.5568 F1: 0.5351 | Val Loss: 0.7112 Acc: 0.6000 F1: 0.5960 | Train Meta: MetaNormμ:2.4071 | Val Meta: MetaNormμ:2.4071
Epoch   8/50 | Train Loss: 0.6550 Acc: 0.5909 F1: 0.5787 | Val Loss: 0.6926 Acc: 0.7500 F1: 0.7151 | Train Meta: MetaNormμ:2.4071 | Val Meta: MetaNormμ:2.4071
Epoch   9/50 | Train Loss: 0.6543 Acc: 0.5739 F1: 0.5468 | Val Loss: 0.7072 Acc: 0.6500 F1: 0.6267 | Train Meta: MetaNormμ:2.4071 | Val Meta: MetaNormμ:2.4071
Epoch  10/50 | Train Loss: 0.6473 Acc: 0.5682 F1: 0.5600 | Val Loss: 0.7140 Acc: 0.7000 F1: 0.6875 | Train Meta: MetaNormμ:2.4071 | Val Meta: MetaNormμ:2.4071
Epoch  11/50 | Train Loss: 0.6561 Acc: 0.5909 F1: 0.5550 | Val Loss: 0.7087 Acc: 0.6000 F1: 0.5238 | Train Meta: MetaNormμ:2.4071 | Val Meta: MetaNormμ:2.4071
Epoch  12/50 | Train Loss: 0.6517 Acc: 0.5625 F1: 0.5347 | Val Loss: 0.7234 Acc: 0.5000 F1: 0.4792 | Train Meta: MetaNormμ:2.4071 | Val Meta: MetaNormμ:2.4071
Epoch  13/50 | Train Loss: 0.6450 Acc: 0.5852 F1: 0.5830 | Val Loss: 0.6953 Acc: 0.7500 F1: 0.7442 | Train Meta: MetaNormμ:2.4071 | Val Meta: MetaNormμ:2.4071
Epoch  14/50 | Train Loss: 0.6432 Acc: 0.5795 F1: 0.5760 | Val Loss: 0.7021 Acc: 0.7000 F1: 0.6970 | Train Meta: MetaNormμ:2.4071 | Val Meta: MetaNormμ:2.4071
Epoch  15/50 | Train Loss: 0.6441 Acc: 0.6193 F1: 0.6172 | Val Loss: 0.6878 Acc: 0.8000 F1: 0.7917 | Train Meta: MetaNormμ:2.4071 | Val Meta: MetaNormμ:2.4071
Epoch  16/50 | Train Loss: 0.6502 Acc: 0.5511 F1: 0.5479 | Val Loss: 0.7136 Acc: 0.5500 F1: 0.5489 | Train Meta: MetaNormμ:2.4071 | Val Meta: MetaNormμ:2.4071
Epoch  17/50 | Train Loss: 0.6388 Acc: 0.6250 F1: 0.6248 | Val Loss: 0.6957 Acc: 0.8000 F1: 0.7917 | Train Meta: MetaNormμ:2.4071 | Val Meta: MetaNormμ:2.4071
Epoch  18/50 | Train Loss: 0.6478 Acc: 0.5966 F1: 0.5853 | Val Loss: 0.7037 Acc: 0.6000 F1: 0.6000 | Train Meta: MetaNormμ:2.4071 | Val Meta: MetaNormμ:2.4071
Epoch  19/50 | Train Loss: 0.6411 Acc: 0.6250 F1: 0.6238 | Val Loss: 0.6836 Acc: 0.8000 F1: 0.7917 | Train Meta: MetaNormμ:2.4071 | Val Meta: MetaNormμ:2.4071
Validation Loss decreased (0.685533 --> 0.683564). Saving best model...
Epoch  20/50 | Train Loss: 0.6355 Acc: 0.5966 F1: 0.5853 | Val Loss: 0.7152 Acc: 0.6000 F1: 0.6000 | Train Meta: MetaNormμ:2.4071 | Val Meta: MetaNormμ:2.4071
Epoch  21/50 | Train Loss: 0.6442 Acc: 0.5909 F1: 0.5904 | Val Loss: 0.7157 Acc: 0.7000 F1: 0.6970 | Train Meta: MetaNormμ:2.4071 | Val Meta: MetaNormμ:2.4071
Epoch  22/50 | Train Loss: 0.6399 Acc: 0.5852 F1: 0.5852 | Val Loss: 0.7047 Acc: 0.7500 F1: 0.7442 | Train Meta: MetaNormμ:2.4071 | Val Meta: MetaNormμ:2.4071
Epoch  23/50 | Train Loss: 0.6442 Acc: 0.6193 F1: 0.6187 | Val Loss: 0.6774 Acc: 0.7000 F1: 0.6970 | Train Meta: MetaNormμ:2.4071 | Val Meta: MetaNormμ:2.4071
Validation Loss decreased (0.683564 --> 0.677392). Saving best model...
Epoch  24/50 | Train Loss: 0.6440 Acc: 0.5909 F1: 0.5818 | Val Loss: 0.7167 Acc: 0.6000 F1: 0.6000 | Train Meta: MetaNormμ:2.4071 | Val Meta: MetaNormμ:2.4071
Epoch  25/50 | Train Loss: 0.6393 Acc: 0.6193 F1: 0.6115 | Val Loss: 0.6986 Acc: 0.7000 F1: 0.6970 | Train Meta: MetaNormμ:2.4071 | Val Meta: MetaNormμ:2.4071
Epoch  26/50 | Train Loss: 0.6393 Acc: 0.5909 F1: 0.5751 | Val Loss: 0.7032 Acc: 0.7500 F1: 0.7442 | Train Meta: MetaNormμ:2.4071 | Val Meta: MetaNormμ:2.4071
Epoch  27/50 | Train Loss: 0.6475 Acc: 0.5909 F1: 0.5709 | Val Loss: 0.6965 Acc: 0.7000 F1: 0.6970 | Train Meta: MetaNormμ:2.4071 | Val Meta: MetaNormμ:2.4071
Epoch  28/50 | Train Loss: 0.6883 Acc: 0.5398 F1: 0.5160 | Val Loss: 0.7336 Acc: 0.5000 F1: 0.4505 | Train Meta: MetaNormμ:2.4071 | Val Meta: MetaNormμ:2.4071
Epoch  29/50 | Train Loss: 0.6527 Acc: 0.5966 F1: 0.5373 | Val Loss: 0.7033 Acc: 0.7000 F1: 0.6970 | Train Meta: MetaNormμ:2.4071 | Val Meta: MetaNormμ:2.4071
Epoch  30/50 | Train Loss: 0.6391 Acc: 0.5852 F1: 0.5701 | Val Loss: 0.6672 Acc: 0.6500 F1: 0.5611 | Train Meta: MetaNormμ:2.4071 | Val Meta: MetaNormμ:2.4071
Validation Loss decreased (0.677392 --> 0.667249). Saving best model...
Epoch  31/50 | Train Loss: 0.6426 Acc: 0.5795 F1: 0.5751 | Val Loss: 0.7325 Acc: 0.5000 F1: 0.4792 | Train Meta: MetaNormμ:2.4071 | Val Meta: MetaNormμ:2.4071
Epoch  32/50 | Train Loss: 0.6495 Acc: 0.5795 F1: 0.5769 | Val Loss: 0.6847 Acc: 0.8000 F1: 0.7917 | Train Meta: MetaNormμ:2.4071 | Val Meta: MetaNormμ:2.4071
Epoch  33/50 | Train Loss: 0.6421 Acc: 0.5909 F1: 0.5856 | Val Loss: 0.7346 Acc: 0.4500 F1: 0.4133 | Train Meta: MetaNormμ:2.4071 | Val Meta: MetaNormμ:2.4071
Epoch  34/50 | Train Loss: 0.6256 Acc: 0.6193 F1: 0.6187 | Val Loss: 0.6763 Acc: 0.8000 F1: 0.7917 | Train Meta: MetaNormμ:2.4071 | Val Meta: MetaNormμ:2.4071
Epoch  35/50 | Train Loss: 0.6381 Acc: 0.6136 F1: 0.6104 | Val Loss: 0.6976 Acc: 0.6500 F1: 0.6491 | Train Meta: MetaNormμ:2.4071 | Val Meta: MetaNormμ:2.4071
Epoch  36/50 | Train Loss: 0.6408 Acc: 0.6080 F1: 0.6033 | Val Loss: 0.6914 Acc: 0.7000 F1: 0.6970 | Train Meta: MetaNormμ:2.4071 | Val Meta: MetaNormμ:2.4071
Epoch  37/50 | Train Loss: 0.6352 Acc: 0.6250 F1: 0.6232 | Val Loss: 0.7059 Acc: 0.6000 F1: 0.6000 | Train Meta: MetaNormμ:2.4071 | Val Meta: MetaNormμ:2.4071
Epoch  38/50 | Train Loss: 0.6585 Acc: 0.5341 F1: 0.5201 | Val Loss: 0.6812 Acc: 0.7500 F1: 0.7442 | Train Meta: MetaNormμ:2.4071 | Val Meta: MetaNormμ:2.4071
Epoch  39/50 | Train Loss: 0.6469 Acc: 0.6080 F1: 0.5877 | Val Loss: 0.7270 Acc: 0.5500 F1: 0.5489 | Train Meta: MetaNormμ:2.4071 | Val Meta: MetaNormμ:2.4071
Epoch  40/50 | Train Loss: 0.6419 Acc: 0.6136 F1: 0.6063 | Val Loss: 0.6756 Acc: 0.8000 F1: 0.7917 | Train Meta: MetaNormμ:2.4071 | Val Meta: MetaNormμ:2.4071
Epoch  41/50 | Train Loss: 0.6345 Acc: 0.5966 F1: 0.5966 | Val Loss: 0.7229 Acc: 0.5500 F1: 0.5396 | Train Meta: MetaNormμ:2.4071 | Val Meta: MetaNormμ:2.4071
Epoch  42/50 | Train Loss: 0.6409 Acc: 0.5795 F1: 0.5751 | Val Loss: 0.6810 Acc: 0.7000 F1: 0.6970 | Train Meta: MetaNormμ:2.4071 | Val Meta: MetaNormμ:2.4071
Epoch  43/50 | Train Loss: 0.6388 Acc: 0.6193 F1: 0.6183 | Val Loss: 0.6999 Acc: 0.6000 F1: 0.6000 | Train Meta: MetaNormμ:2.4071 | Val Meta: MetaNormμ:2.4071
Epoch  44/50 | Train Loss: 0.6497 Acc: 0.5909 F1: 0.5787 | Val Loss: 0.6772 Acc: 0.7000 F1: 0.6970 | Train Meta: MetaNormμ:2.4071 | Val Meta: MetaNormμ:2.4071
Epoch  45/50 | Train Loss: 0.6462 Acc: 0.5909 F1: 0.5730 | Val Loss: 0.7158 Acc: 0.5500 F1: 0.5396 | Train Meta: MetaNormμ:2.4071 | Val Meta: MetaNormμ:2.4071
Epoch  46/50 | Train Loss: 0.6393 Acc: 0.5909 F1: 0.5866 | Val Loss: 0.6881 Acc: 0.7500 F1: 0.7442 | Train Meta: MetaNormμ:2.4071 | Val Meta: MetaNormμ:2.4071
Epoch  47/50 | Train Loss: 0.6404 Acc: 0.5909 F1: 0.5803 | Val Loss: 0.6985 Acc: 0.6000 F1: 0.6000 | Train Meta: MetaNormμ:2.4071 | Val Meta: MetaNormμ:2.4071
Epoch  48/50 | Train Loss: 0.6504 Acc: 0.6193 F1: 0.5844 | Val Loss: 0.6939 Acc: 0.7000 F1: 0.6970 | Train Meta: MetaNormμ:2.4071 | Val Meta: MetaNormμ:2.4071
Epoch  49/50 | Train Loss: 0.6406 Acc: 0.5909 F1: 0.5709 | Val Loss: 0.6805 Acc: 0.7500 F1: 0.7442 | Train Meta: MetaNormμ:2.4071 | Val Meta: MetaNormμ:2.4071
Epoch  50/50 | Train Loss: 0.6239 Acc: 0.6307 F1: 0.6297 | Val Loss: 0.7015 Acc: 0.6000 F1: 0.6000 | Train Meta: MetaNormμ:2.4071 | Val Meta: MetaNormμ:2.4071

Classification Test Result (SelfRegulationSCP2)
Accuracy : 0.544444
F1 (macro): 0.520779
Saved attention maps for 3 sample(s) under ./runs/classification_electricity_to_SelfRegulationSCP2_laya_mixer_concat_stats/attention_maps
/data/pjh_workspace/ts-env/lib/python3.8/site-packages/torch/nn/modules/transformer.py:307: UserWarning: enable_nested_tensor is True, but self.use_nested_tensor is False because encoder_layer.norm_first was True
  warnings.warn(f"enable_nested_tensor is True, but self.use_nested_tensor is False because {why_not_sparsity_fast_path}")
==================================================
🚀 Architecture: LAYA
📊 Target Dataset: SpokenArabicDigits (Channels: 13)
📊 Pretrain Info: electricity
📊 Classes: 10 | Sequence Length: 93
==================================================
✅ Loaded pretrained encoder from ./checkpoints/electricity_laya_mixer_concat_stats/laya_ts_electricity_s_best.pt
   - 107/107 keys matched.
✅ Encoder is FROZEN (Linear Probing mode).
📝 metadata: mode=stats, fusion=concat_kv, relation=none
ℹ️  Metadata Fusion Mode: concat_kv
ℹ️  Channel Mixer Relation Mode: none
ℹ️  Encoder Variant: default
ℹ️  Channel Adapter: disabled for Laya downstream (mixer)
ℹ️  Channel Relation Block: disabled
✅ ClassificationHead: [B, 256] → [B, 10]
Epoch   1/50 | Train Loss: 2.1929 Acc: 0.1983 F1: 0.1862 | Val Loss: 2.1171 Acc: 0.2413 F1: 0.2218 | Train Meta: MetaNormμ:2.2046 | Val Meta: MetaNormμ:2.2046
Validation Loss decreased (inf --> 2.117122). Saving best model...
Epoch   2/50 | Train Loss: 2.0904 Acc: 0.2470 F1: 0.2401 | Val Loss: 2.0345 Acc: 0.2671 F1: 0.2564 | Train Meta: MetaNormμ:2.2046 | Val Meta: MetaNormμ:2.2046
Validation Loss decreased (2.117122 --> 2.034462). Saving best model...
Epoch   3/50 | Train Loss: 2.0416 Acc: 0.2711 F1: 0.2606 | Val Loss: 1.9903 Acc: 0.3111 F1: 0.2886 | Train Meta: MetaNormμ:2.2046 | Val Meta: MetaNormμ:2.2046
Validation Loss decreased (2.034462 --> 1.990323). Saving best model...
Epoch   4/50 | Train Loss: 1.9941 Acc: 0.2951 F1: 0.2845 | Val Loss: 1.9635 Acc: 0.3354 F1: 0.2953 | Train Meta: MetaNormμ:2.2046 | Val Meta: MetaNormμ:2.2046
Validation Loss decreased (1.990323 --> 1.963534). Saving best model...
Epoch   5/50 | Train Loss: 1.9552 Acc: 0.3061 F1: 0.2938 | Val Loss: 1.9245 Acc: 0.3217 F1: 0.3023 | Train Meta: MetaNormμ:2.2046 | Val Meta: MetaNormμ:2.2046
Validation Loss decreased (1.963534 --> 1.924475). Saving best model...
Epoch   6/50 | Train Loss: 1.9206 Acc: 0.3192 F1: 0.3083 | Val Loss: 1.9179 Acc: 0.3126 F1: 0.2924 | Train Meta: MetaNormμ:2.2046 | Val Meta: MetaNormμ:2.2046
Validation Loss decreased (1.924475 --> 1.917905). Saving best model...
Epoch   7/50 | Train Loss: 1.8981 Acc: 0.3339 F1: 0.3225 | Val Loss: 1.8832 Acc: 0.3551 F1: 0.3171 | Train Meta: MetaNormμ:2.2046 | Val Meta: MetaNormμ:2.2046
Validation Loss decreased (1.917905 --> 1.883211). Saving best model...
Epoch   8/50 | Train Loss: 1.8733 Acc: 0.3374 F1: 0.3258 | Val Loss: 1.8665 Acc: 0.3520 F1: 0.3357 | Train Meta: MetaNormμ:2.2046 | Val Meta: MetaNormμ:2.2046
Validation Loss decreased (1.883211 --> 1.866526). Saving best model...
Epoch   9/50 | Train Loss: 1.8578 Acc: 0.3363 F1: 0.3251 | Val Loss: 1.8620 Acc: 0.3429 F1: 0.3404 | Train Meta: MetaNormμ:2.2046 | Val Meta: MetaNormμ:2.2046
Validation Loss decreased (1.866526 --> 1.862027). Saving best model...
Epoch  10/50 | Train Loss: 1.8370 Acc: 0.3531 F1: 0.3427 | Val Loss: 1.8324 Acc: 0.3794 F1: 0.3816 | Train Meta: MetaNormμ:2.2046 | Val Meta: MetaNormμ:2.2046
Validation Loss decreased (1.862027 --> 1.832395). Saving best model...
Epoch  11/50 | Train Loss: 1.8199 Acc: 0.3632 F1: 0.3520 | Val Loss: 1.8350 Acc: 0.3520 F1: 0.3188 | Train Meta: MetaNormμ:2.2046 | Val Meta: MetaNormμ:2.2046
Epoch  12/50 | Train Loss: 1.8017 Acc: 0.3639 F1: 0.3521 | Val Loss: 1.8127 Acc: 0.3763 F1: 0.3733 | Train Meta: MetaNormμ:2.2046 | Val Meta: MetaNormμ:2.2046
Validation Loss decreased (1.832395 --> 1.812740). Saving best model...
Epoch  13/50 | Train Loss: 1.7855 Acc: 0.3831 F1: 0.3729 | Val Loss: 1.8224 Acc: 0.3612 F1: 0.3359 | Train Meta: MetaNormμ:2.2046 | Val Meta: MetaNormμ:2.2046
Epoch  14/50 | Train Loss: 1.7749 Acc: 0.3790 F1: 0.3680 | Val Loss: 1.7981 Acc: 0.3748 F1: 0.3656 | Train Meta: MetaNormμ:2.2046 | Val Meta: MetaNormμ:2.2046
Validation Loss decreased (1.812740 --> 1.798123). Saving best model...
Epoch  15/50 | Train Loss: 1.7598 Acc: 0.3873 F1: 0.3777 | Val Loss: 1.7877 Acc: 0.4036 F1: 0.3660 | Train Meta: MetaNormμ:2.2046 | Val Meta: MetaNormμ:2.2046
Validation Loss decreased (1.798123 --> 1.787733). Saving best model...
Epoch  16/50 | Train Loss: 1.7456 Acc: 0.3956 F1: 0.3856 | Val Loss: 1.7928 Acc: 0.3869 F1: 0.3326 | Train Meta: MetaNormμ:2.2046 | Val Meta: MetaNormμ:2.2046
Epoch  17/50 | Train Loss: 1.7361 Acc: 0.3886 F1: 0.3788 | Val Loss: 1.7546 Acc: 0.4173 F1: 0.3799 | Train Meta: MetaNormμ:2.2046 | Val Meta: MetaNormμ:2.2046
Validation Loss decreased (1.787733 --> 1.754564). Saving best model...
Epoch  18/50 | Train Loss: 1.7264 Acc: 0.3994 F1: 0.3895 | Val Loss: 1.7573 Acc: 0.4097 F1: 0.3942 | Train Meta: MetaNormμ:2.2046 | Val Meta: MetaNormμ:2.2046
Epoch  19/50 | Train Loss: 1.7154 Acc: 0.4070 F1: 0.3959 | Val Loss: 1.7444 Acc: 0.4082 F1: 0.3907 | Train Meta: MetaNormμ:2.2046 | Val Meta: MetaNormμ:2.2046
Validation Loss decreased (1.754564 --> 1.744423). Saving best model...
Epoch  20/50 | Train Loss: 1.7089 Acc: 0.4058 F1: 0.3963 | Val Loss: 1.7366 Acc: 0.4052 F1: 0.4073 | Train Meta: MetaNormμ:2.2046 | Val Meta: MetaNormμ:2.2046
Validation Loss decreased (1.744423 --> 1.736575). Saving best model...
Epoch  21/50 | Train Loss: 1.6981 Acc: 0.4102 F1: 0.4014 | Val Loss: 1.7289 Acc: 0.4203 F1: 0.4108 | Train Meta: MetaNormμ:2.2046 | Val Meta: MetaNormμ:2.2046
Validation Loss decreased (1.736575 --> 1.728939). Saving best model...
Epoch  22/50 | Train Loss: 1.6890 Acc: 0.4105 F1: 0.4009 | Val Loss: 1.7369 Acc: 0.4036 F1: 0.4036 | Train Meta: MetaNormμ:2.2046 | Val Meta: MetaNormμ:2.2046
Epoch  23/50 | Train Loss: 1.6813 Acc: 0.4175 F1: 0.4087 | Val Loss: 1.7285 Acc: 0.4067 F1: 0.3782 | Train Meta: MetaNormμ:2.2046 | Val Meta: MetaNormμ:2.2046
Validation Loss decreased (1.728939 --> 1.728531). Saving best model...
Epoch  24/50 | Train Loss: 1.6688 Acc: 0.4159 F1: 0.4055 | Val Loss: 1.7262 Acc: 0.4158 F1: 0.3923 | Train Meta: MetaNormμ:2.2046 | Val Meta: MetaNormμ:2.2046
Validation Loss decreased (1.728531 --> 1.726160). Saving best model...
Epoch  25/50 | Train Loss: 1.6660 Acc: 0.4213 F1: 0.4123 | Val Loss: 1.6998 Acc: 0.4370 F1: 0.4289 | Train Meta: MetaNormμ:2.2046 | Val Meta: MetaNormμ:2.2046
Validation Loss decreased (1.726160 --> 1.699808). Saving best model...
Epoch  26/50 | Train Loss: 1.6571 Acc: 0.4265 F1: 0.4182 | Val Loss: 1.7049 Acc: 0.4385 F1: 0.4197 | Train Meta: MetaNormμ:2.2046 | Val Meta: MetaNormμ:2.2046
Epoch  27/50 | Train Loss: 1.6440 Acc: 0.4301 F1: 0.4220 | Val Loss: 1.6922 Acc: 0.4325 F1: 0.4219 | Train Meta: MetaNormμ:2.2046 | Val Meta: MetaNormμ:2.2046
Validation Loss decreased (1.699808 --> 1.692162). Saving best model...
Epoch  28/50 | Train Loss: 1.6408 Acc: 0.4377 F1: 0.4299 | Val Loss: 1.6971 Acc: 0.4310 F1: 0.4118 | Train Meta: MetaNormμ:2.2046 | Val Meta: MetaNormμ:2.2046
Epoch  29/50 | Train Loss: 1.6357 Acc: 0.4326 F1: 0.4233 | Val Loss: 1.6832 Acc: 0.4446 F1: 0.4208 | Train Meta: MetaNormμ:2.2046 | Val Meta: MetaNormμ:2.2046
Validation Loss decreased (1.692162 --> 1.683183). Saving best model...
Epoch  30/50 | Train Loss: 1.6287 Acc: 0.4372 F1: 0.4281 | Val Loss: 1.6650 Acc: 0.4522 F1: 0.4355 | Train Meta: MetaNormμ:2.2046 | Val Meta: MetaNormμ:2.2046
Validation Loss decreased (1.683183 --> 1.664991). Saving best model...
Epoch  31/50 | Train Loss: 1.6222 Acc: 0.4388 F1: 0.4295 | Val Loss: 1.6641 Acc: 0.4385 F1: 0.4203 | Train Meta: MetaNormμ:2.2046 | Val Meta: MetaNormμ:2.2046
Validation Loss decreased (1.664991 --> 1.664134). Saving best model...
Epoch  32/50 | Train Loss: 1.6142 Acc: 0.4478 F1: 0.4395 | Val Loss: 1.6556 Acc: 0.4507 F1: 0.4350 | Train Meta: MetaNormμ:2.2046 | Val Meta: MetaNormμ:2.2046
Validation Loss decreased (1.664134 --> 1.655562). Saving best model...
Epoch  33/50 | Train Loss: 1.6130 Acc: 0.4392 F1: 0.4318 | Val Loss: 1.6609 Acc: 0.4431 F1: 0.4203 | Train Meta: MetaNormμ:2.2046 | Val Meta: MetaNormμ:2.2046
Epoch  34/50 | Train Loss: 1.6065 Acc: 0.4459 F1: 0.4383 | Val Loss: 1.6507 Acc: 0.4461 F1: 0.4271 | Train Meta: MetaNormμ:2.2046 | Val Meta: MetaNormμ:2.2046
Validation Loss decreased (1.655562 --> 1.650656). Saving best model...
Epoch  35/50 | Train Loss: 1.5980 Acc: 0.4478 F1: 0.4393 | Val Loss: 1.6769 Acc: 0.4446 F1: 0.4205 | Train Meta: MetaNormμ:2.2046 | Val Meta: MetaNormμ:2.2046
Epoch  36/50 | Train Loss: 1.5917 Acc: 0.4554 F1: 0.4472 | Val Loss: 1.6466 Acc: 0.4537 F1: 0.4367 | Train Meta: MetaNormμ:2.2046 | Val Meta: MetaNormμ:2.2046
Validation Loss decreased (1.650656 --> 1.646631). Saving best model...
Epoch  37/50 | Train Loss: 1.5877 Acc: 0.4488 F1: 0.4418 | Val Loss: 1.6401 Acc: 0.4446 F1: 0.4282 | Train Meta: MetaNormμ:2.2046 | Val Meta: MetaNormμ:2.2046
Validation Loss decreased (1.646631 --> 1.640074). Saving best model...
Epoch  38/50 | Train Loss: 1.5823 Acc: 0.4616 F1: 0.4542 | Val Loss: 1.6485 Acc: 0.4659 F1: 0.4465 | Train Meta: MetaNormμ:2.2046 | Val Meta: MetaNormμ:2.2046
Epoch  39/50 | Train Loss: 1.5789 Acc: 0.4601 F1: 0.4521 | Val Loss: 1.6300 Acc: 0.4568 F1: 0.4532 | Train Meta: MetaNormμ:2.2046 | Val Meta: MetaNormμ:2.2046
Validation Loss decreased (1.640074 --> 1.630002). Saving best model...
Epoch  40/50 | Train Loss: 1.5771 Acc: 0.4584 F1: 0.4518 | Val Loss: 1.6414 Acc: 0.4552 F1: 0.4335 | Train Meta: MetaNormμ:2.2046 | Val Meta: MetaNormμ:2.2046
Epoch  41/50 | Train Loss: 1.5700 Acc: 0.4564 F1: 0.4493 | Val Loss: 1.6198 Acc: 0.4765 F1: 0.4719 | Train Meta: MetaNormμ:2.2046 | Val Meta: MetaNormμ:2.2046
Validation Loss decreased (1.630002 --> 1.619770). Saving best model...
Epoch  42/50 | Train Loss: 1.5627 Acc: 0.4648 F1: 0.4576 | Val Loss: 1.6142 Acc: 0.4476 F1: 0.4483 | Train Meta: MetaNormμ:2.2046 | Val Meta: MetaNormμ:2.2046
Validation Loss decreased (1.619770 --> 1.614160). Saving best model...
Epoch  43/50 | Train Loss: 1.5614 Acc: 0.4707 F1: 0.4628 | Val Loss: 1.6120 Acc: 0.4719 F1: 0.4681 | Train Meta: MetaNormμ:2.2046 | Val Meta: MetaNormμ:2.2046
Validation Loss decreased (1.614160 --> 1.611994). Saving best model...
Epoch  44/50 | Train Loss: 1.5548 Acc: 0.4683 F1: 0.4620 | Val Loss: 1.6513 Acc: 0.4476 F1: 0.4155 | Train Meta: MetaNormμ:2.2046 | Val Meta: MetaNormμ:2.2046
Epoch  45/50 | Train Loss: 1.5500 Acc: 0.4707 F1: 0.4634 | Val Loss: 1.6071 Acc: 0.4643 F1: 0.4458 | Train Meta: MetaNormμ:2.2046 | Val Meta: MetaNormμ:2.2046
Validation Loss decreased (1.611994 --> 1.607086). Saving best model...
Epoch  46/50 | Train Loss: 1.5489 Acc: 0.4749 F1: 0.4675 | Val Loss: 1.6022 Acc: 0.4765 F1: 0.4487 | Train Meta: MetaNormμ:2.2046 | Val Meta: MetaNormμ:2.2046
Validation Loss decreased (1.607086 --> 1.602244). Saving best model...
Epoch  47/50 | Train Loss: 1.5415 Acc: 0.4670 F1: 0.4598 | Val Loss: 1.6011 Acc: 0.4628 F1: 0.4493 | Train Meta: MetaNormμ:2.2046 | Val Meta: MetaNormμ:2.2046
Validation Loss decreased (1.602244 --> 1.601137). Saving best model...
Epoch  48/50 | Train Loss: 1.5397 Acc: 0.4771 F1: 0.4701 | Val Loss: 1.6058 Acc: 0.4461 F1: 0.4219 | Train Meta: MetaNormμ:2.2046 | Val Meta: MetaNormμ:2.2046
Epoch  49/50 | Train Loss: 1.5309 Acc: 0.4835 F1: 0.4769 | Val Loss: 1.6019 Acc: 0.4659 F1: 0.4574 | Train Meta: MetaNormμ:2.2046 | Val Meta: MetaNormμ:2.2046
Epoch  50/50 | Train Loss: 1.5315 Acc: 0.4761 F1: 0.4691 | Val Loss: 1.5917 Acc: 0.4719 F1: 0.4576 | Train Meta: MetaNormμ:2.2046 | Val Meta: MetaNormμ:2.2046
Validation Loss decreased (1.601137 --> 1.591675). Saving best model...

Classification Test Result (SpokenArabicDigits)
Accuracy : 0.261482
F1 (macro): 0.241391
Saved attention maps for 3 sample(s) under ./runs/classification_electricity_to_SpokenArabicDigits_laya_mixer_concat_stats/attention_maps
/data/pjh_workspace/ts-env/lib/python3.8/site-packages/torch/nn/modules/transformer.py:307: UserWarning: enable_nested_tensor is True, but self.use_nested_tensor is False because encoder_layer.norm_first was True
  warnings.warn(f"enable_nested_tensor is True, but self.use_nested_tensor is False because {why_not_sparsity_fast_path}")
==================================================
🚀 Architecture: LAYA
📊 Target Dataset: UWaveGestureLibrary (Channels: 3)
📊 Pretrain Info: electricity
📊 Classes: 8 | Sequence Length: 315
==================================================
✅ Loaded pretrained encoder from ./checkpoints/electricity_laya_mixer_concat_stats/laya_ts_electricity_s_best.pt
   - 107/107 keys matched.
✅ Encoder is FROZEN (Linear Probing mode).
📝 metadata: mode=stats, fusion=concat_kv, relation=none
ℹ️  Metadata Fusion Mode: concat_kv
ℹ️  Channel Mixer Relation Mode: none
ℹ️  Encoder Variant: default
ℹ️  Channel Adapter: disabled for Laya downstream (mixer)
ℹ️  Channel Relation Block: disabled
✅ ClassificationHead: [B, 256] → [B, 8]
Epoch   1/50 | Train Loss: 1.9201 Acc: 0.1146 F1: 0.0539 | Val Loss: 2.1021 Acc: 0.0000 F1: 0.0000 | Train Meta: MetaNormμ:2.7939 | Val Meta: MetaNormμ:2.7939
Validation Loss decreased (inf --> 2.102068). Saving best model...
Epoch   2/50 | Train Loss: 1.8261 Acc: 0.1458 F1: 0.0989 | Val Loss: 2.1405 Acc: 0.0000 F1: 0.0000 | Train Meta: MetaNormμ:2.7939 | Val Meta: MetaNormμ:2.7939
Epoch   3/50 | Train Loss: 1.8175 Acc: 0.1354 F1: 0.0762 | Val Loss: 2.1302 Acc: 0.0000 F1: 0.0000 | Train Meta: MetaNormμ:2.7939 | Val Meta: MetaNormμ:2.7939
Epoch   4/50 | Train Loss: 1.7736 Acc: 0.2083 F1: 0.1848 | Val Loss: 2.0138 Acc: 0.0833 F1: 0.0625 | Train Meta: MetaNormμ:2.7939 | Val Meta: MetaNormμ:2.7939
Validation Loss decreased (2.102068 --> 2.013830). Saving best model...
Epoch   5/50 | Train Loss: 1.7412 Acc: 0.2500 F1: 0.2332 | Val Loss: 1.9807 Acc: 0.2500 F1: 0.1339 | Train Meta: MetaNormμ:2.7939 | Val Meta: MetaNormμ:2.7939
Validation Loss decreased (2.013830 --> 1.980699). Saving best model...
Epoch   6/50 | Train Loss: 1.7185 Acc: 0.3542 F1: 0.3363 | Val Loss: 1.9527 Acc: 0.2500 F1: 0.1881 | Train Meta: MetaNormμ:2.7939 | Val Meta: MetaNormμ:2.7939
Validation Loss decreased (1.980699 --> 1.952683). Saving best model...
Epoch   7/50 | Train Loss: 1.6914 Acc: 0.2500 F1: 0.2144 | Val Loss: 1.9216 Acc: 0.1667 F1: 0.1125 | Train Meta: MetaNormμ:2.7939 | Val Meta: MetaNormμ:2.7939
Validation Loss decreased (1.952683 --> 1.921618). Saving best model...
Epoch   8/50 | Train Loss: 1.6751 Acc: 0.3542 F1: 0.3258 | Val Loss: 1.9260 Acc: 0.2500 F1: 0.1333 | Train Meta: MetaNormμ:2.7939 | Val Meta: MetaNormμ:2.7939
Epoch   9/50 | Train Loss: 1.6573 Acc: 0.3646 F1: 0.3378 | Val Loss: 1.9313 Acc: 0.1667 F1: 0.1000 | Train Meta: MetaNormμ:2.7939 | Val Meta: MetaNormμ:2.7939
Epoch  10/50 | Train Loss: 1.6327 Acc: 0.3229 F1: 0.2900 | Val Loss: 1.9235 Acc: 0.2500 F1: 0.1333 | Train Meta: MetaNormμ:2.7939 | Val Meta: MetaNormμ:2.7939
Epoch  11/50 | Train Loss: 1.6252 Acc: 0.3438 F1: 0.3102 | Val Loss: 1.9325 Acc: 0.2500 F1: 0.1333 | Train Meta: MetaNormμ:2.7939 | Val Meta: MetaNormμ:2.7939
Epoch  12/50 | Train Loss: 1.5952 Acc: 0.3854 F1: 0.3777 | Val Loss: 1.9291 Acc: 0.2500 F1: 0.1458 | Train Meta: MetaNormμ:2.7939 | Val Meta: MetaNormμ:2.7939
Epoch  13/50 | Train Loss: 1.5747 Acc: 0.4167 F1: 0.3958 | Val Loss: 1.9205 Acc: 0.2500 F1: 0.1388 | Train Meta: MetaNormμ:2.7939 | Val Meta: MetaNormμ:2.7939
Validation Loss decreased (1.921618 --> 1.920517). Saving best model...
Epoch  14/50 | Train Loss: 1.5954 Acc: 0.3542 F1: 0.3492 | Val Loss: 1.8664 Acc: 0.2500 F1: 0.1458 | Train Meta: MetaNormμ:2.7939 | Val Meta: MetaNormμ:2.7939
Validation Loss decreased (1.920517 --> 1.866403). Saving best model...
Epoch  15/50 | Train Loss: 1.5776 Acc: 0.4167 F1: 0.3967 | Val Loss: 1.9088 Acc: 0.2500 F1: 0.1333 | Train Meta: MetaNormμ:2.7939 | Val Meta: MetaNormμ:2.7939
Epoch  16/50 | Train Loss: 1.5711 Acc: 0.4479 F1: 0.4293 | Val Loss: 1.8739 Acc: 0.2500 F1: 0.1625 | Train Meta: MetaNormμ:2.7939 | Val Meta: MetaNormμ:2.7939
Epoch  17/50 | Train Loss: 1.5799 Acc: 0.3750 F1: 0.3683 | Val Loss: 1.8775 Acc: 0.2500 F1: 0.1333 | Train Meta: MetaNormμ:2.7939 | Val Meta: MetaNormμ:2.7939
Epoch  18/50 | Train Loss: 1.5651 Acc: 0.3854 F1: 0.3674 | Val Loss: 1.8517 Acc: 0.3333 F1: 0.1958 | Train Meta: MetaNormμ:2.7939 | Val Meta: MetaNormμ:2.7939
Validation Loss decreased (1.866403 --> 1.851687). Saving best model...
Epoch  19/50 | Train Loss: 1.5645 Acc: 0.4062 F1: 0.3875 | Val Loss: 1.8741 Acc: 0.2500 F1: 0.1458 | Train Meta: MetaNormμ:2.7939 | Val Meta: MetaNormμ:2.7939
Epoch  20/50 | Train Loss: 1.5393 Acc: 0.3958 F1: 0.3834 | Val Loss: 1.8666 Acc: 0.2500 F1: 0.1458 | Train Meta: MetaNormμ:2.7939 | Val Meta: MetaNormμ:2.7939
Epoch  21/50 | Train Loss: 1.5325 Acc: 0.3854 F1: 0.3672 | Val Loss: 1.8634 Acc: 0.1667 F1: 0.1000 | Train Meta: MetaNormμ:2.7939 | Val Meta: MetaNormμ:2.7939
Epoch  22/50 | Train Loss: 1.5107 Acc: 0.4167 F1: 0.4072 | Val Loss: 1.8427 Acc: 0.2500 F1: 0.1458 | Train Meta: MetaNormμ:2.7939 | Val Meta: MetaNormμ:2.7939
Validation Loss decreased (1.851687 --> 1.842742). Saving best model...
Epoch  23/50 | Train Loss: 1.4904 Acc: 0.3958 F1: 0.3818 | Val Loss: 1.8520 Acc: 0.2500 F1: 0.1458 | Train Meta: MetaNormμ:2.7939 | Val Meta: MetaNormμ:2.7939
Epoch  24/50 | Train Loss: 1.4984 Acc: 0.4688 F1: 0.4319 | Val Loss: 1.8866 Acc: 0.2500 F1: 0.1625 | Train Meta: MetaNormμ:2.7939 | Val Meta: MetaNormμ:2.7939
Epoch  25/50 | Train Loss: 1.4853 Acc: 0.4792 F1: 0.4663 | Val Loss: 1.8536 Acc: 0.2500 F1: 0.1625 | Train Meta: MetaNormμ:2.7939 | Val Meta: MetaNormμ:2.7939
Epoch  26/50 | Train Loss: 1.4584 Acc: 0.4688 F1: 0.4606 | Val Loss: 1.8435 Acc: 0.3333 F1: 0.1958 | Train Meta: MetaNormμ:2.7939 | Val Meta: MetaNormμ:2.7939
Epoch  27/50 | Train Loss: 1.4891 Acc: 0.4167 F1: 0.4024 | Val Loss: 1.8900 Acc: 0.1667 F1: 0.1125 | Train Meta: MetaNormμ:2.7939 | Val Meta: MetaNormμ:2.7939
Epoch  28/50 | Train Loss: 1.4847 Acc: 0.4062 F1: 0.3835 | Val Loss: 1.8512 Acc: 0.2500 F1: 0.1458 | Train Meta: MetaNormμ:2.7939 | Val Meta: MetaNormμ:2.7939
Epoch  29/50 | Train Loss: 1.4691 Acc: 0.4375 F1: 0.3962 | Val Loss: 1.8261 Acc: 0.3333 F1: 0.1958 | Train Meta: MetaNormμ:2.7939 | Val Meta: MetaNormμ:2.7939
Validation Loss decreased (1.842742 --> 1.826062). Saving best model...
Epoch  30/50 | Train Loss: 1.4640 Acc: 0.4375 F1: 0.4210 | Val Loss: 1.8186 Acc: 0.2500 F1: 0.1750 | Train Meta: MetaNormμ:2.7939 | Val Meta: MetaNormμ:2.7939
Validation Loss decreased (1.826062 --> 1.818642). Saving best model...
Epoch  31/50 | Train Loss: 1.4618 Acc: 0.4271 F1: 0.4209 | Val Loss: 1.8426 Acc: 0.2500 F1: 0.1750 | Train Meta: MetaNormμ:2.7939 | Val Meta: MetaNormμ:2.7939
Epoch  32/50 | Train Loss: 1.4524 Acc: 0.4271 F1: 0.4091 | Val Loss: 1.8792 Acc: 0.1667 F1: 0.1125 | Train Meta: MetaNormμ:2.7939 | Val Meta: MetaNormμ:2.7939
Epoch  33/50 | Train Loss: 1.4228 Acc: 0.4688 F1: 0.4414 | Val Loss: 1.8565 Acc: 0.2500 F1: 0.1625 | Train Meta: MetaNormμ:2.7939 | Val Meta: MetaNormμ:2.7939
Epoch  34/50 | Train Loss: 1.4286 Acc: 0.4688 F1: 0.4389 | Val Loss: 1.8729 Acc: 0.3333 F1: 0.1958 | Train Meta: MetaNormμ:2.7939 | Val Meta: MetaNormμ:2.7939
Epoch  35/50 | Train Loss: 1.4270 Acc: 0.4688 F1: 0.4561 | Val Loss: 1.8577 Acc: 0.2500 F1: 0.1625 | Train Meta: MetaNormμ:2.7939 | Val Meta: MetaNormμ:2.7939
Epoch  36/50 | Train Loss: 1.4279 Acc: 0.4583 F1: 0.4423 | Val Loss: 1.8064 Acc: 0.2500 F1: 0.1750 | Train Meta: MetaNormμ:2.7939 | Val Meta: MetaNormμ:2.7939
Validation Loss decreased (1.818642 --> 1.806424). Saving best model...
Epoch  37/50 | Train Loss: 1.3930 Acc: 0.4688 F1: 0.4509 | Val Loss: 1.8348 Acc: 0.2500 F1: 0.1625 | Train Meta: MetaNormμ:2.7939 | Val Meta: MetaNormμ:2.7939
Epoch  38/50 | Train Loss: 1.4089 Acc: 0.5000 F1: 0.4678 | Val Loss: 1.8309 Acc: 0.2500 F1: 0.1625 | Train Meta: MetaNormμ:2.7939 | Val Meta: MetaNormμ:2.7939
Epoch  39/50 | Train Loss: 1.4206 Acc: 0.4688 F1: 0.4398 | Val Loss: 1.8520 Acc: 0.2500 F1: 0.1625 | Train Meta: MetaNormμ:2.7939 | Val Meta: MetaNormμ:2.7939
Epoch  40/50 | Train Loss: 1.4041 Acc: 0.4688 F1: 0.4568 | Val Loss: 1.9041 Acc: 0.2500 F1: 0.1625 | Train Meta: MetaNormμ:2.7939 | Val Meta: MetaNormμ:2.7939
Epoch  41/50 | Train Loss: 1.4022 Acc: 0.4479 F1: 0.4504 | Val Loss: 1.8874 Acc: 0.2500 F1: 0.1625 | Train Meta: MetaNormμ:2.7939 | Val Meta: MetaNormμ:2.7939
Epoch  42/50 | Train Loss: 1.3823 Acc: 0.5312 F1: 0.5162 | Val Loss: 1.8416 Acc: 0.2500 F1: 0.1625 | Train Meta: MetaNormμ:2.7939 | Val Meta: MetaNormμ:2.7939
Epoch  43/50 | Train Loss: 1.3739 Acc: 0.4792 F1: 0.4458 | Val Loss: 1.8408 Acc: 0.2500 F1: 0.1625 | Train Meta: MetaNormμ:2.7939 | Val Meta: MetaNormμ:2.7939
Epoch  44/50 | Train Loss: 1.3832 Acc: 0.4896 F1: 0.4552 | Val Loss: 1.8672 Acc: 0.2500 F1: 0.1625 | Train Meta: MetaNormμ:2.7939 | Val Meta: MetaNormμ:2.7939
Epoch  45/50 | Train Loss: 1.3782 Acc: 0.5000 F1: 0.4834 | Val Loss: 1.8969 Acc: 0.2500 F1: 0.1750 | Train Meta: MetaNormμ:2.7939 | Val Meta: MetaNormμ:2.7939
Epoch  46/50 | Train Loss: 1.3783 Acc: 0.4896 F1: 0.4806 | Val Loss: 1.8977 Acc: 0.2500 F1: 0.1750 | Train Meta: MetaNormμ:2.7939 | Val Meta: MetaNormμ:2.7939
Epoch  47/50 | Train Loss: 1.3936 Acc: 0.5000 F1: 0.4693 | Val Loss: 1.8780 Acc: 0.2500 F1: 0.1750 | Train Meta: MetaNormμ:2.7939 | Val Meta: MetaNormμ:2.7939
Epoch  48/50 | Train Loss: 1.3633 Acc: 0.4792 F1: 0.4632 | Val Loss: 1.8676 Acc: 0.2500 F1: 0.1750 | Train Meta: MetaNormμ:2.7939 | Val Meta: MetaNormμ:2.7939
Epoch  49/50 | Train Loss: 1.3471 Acc: 0.5417 F1: 0.5338 | Val Loss: 1.8544 Acc: 0.1667 F1: 0.1125 | Train Meta: MetaNormμ:2.7939 | Val Meta: MetaNormμ:2.7939
Epoch  50/50 | Train Loss: 1.3621 Acc: 0.5000 F1: 0.4977 | Val Loss: 1.8595 Acc: 0.3333 F1: 0.1839 | Train Meta: MetaNormμ:2.7939 | Val Meta: MetaNormμ:2.7939

Classification Test Result (UWaveGestureLibrary)
Accuracy : 0.306250
F1 (macro): 0.289109
Saved attention maps for 3 sample(s) under ./runs/classification_electricity_to_UWaveGestureLibrary_laya_mixer_concat_stats/attention_maps
/data/pjh_workspace/ts-env/lib/python3.8/site-packages/torch/nn/modules/transformer.py:307: UserWarning: enable_nested_tensor is True, but self.use_nested_tensor is False because encoder_layer.norm_first was True
  warnings.warn(f"enable_nested_tensor is True, but self.use_nested_tensor is False because {why_not_sparsity_fast_path}")
==================================================
🚀 Architecture: LAYA
📊 Target Dataset: ECG200 (Channels: 1)
📊 Pretrain Info: electricity
📊 Classes: 2 | Sequence Length: 96
==================================================
✅ Loaded pretrained encoder from ./checkpoints/electricity_laya_mixer_concat_stats/laya_ts_electricity_s_best.pt
   - 107/107 keys matched.
✅ Encoder is FROZEN (Linear Probing mode).
📝 metadata: mode=stats, fusion=concat_kv, relation=none
ℹ️  Metadata Fusion Mode: concat_kv
ℹ️  Channel Mixer Relation Mode: none
ℹ️  Encoder Variant: default
ℹ️  Channel Adapter: disabled for Laya downstream (mixer)
ℹ️  Channel Relation Block: disabled
✅ ClassificationHead: [B, 256] → [B, 2]
Epoch   1/50 | Train Loss: 0.6322 Acc: 0.6250 F1: 0.6000 | Val Loss: 0.7654 Acc: 0.6000 F1: 0.3750 | Train Meta: MetaNormμ:1.4705 | Val Meta: MetaNormμ:1.4705
Validation Loss decreased (inf --> 0.765428). Saving best model...
Epoch   2/50 | Train Loss: 0.5265 Acc: 0.7000 F1: 0.4118 | Val Loss: 0.7947 Acc: 0.6000 F1: 0.3750 | Train Meta: MetaNormμ:1.4705 | Val Meta: MetaNormμ:1.4705
Epoch   3/50 | Train Loss: 0.5011 Acc: 0.7125 F1: 0.4161 | Val Loss: 0.7618 Acc: 0.6000 F1: 0.3750 | Train Meta: MetaNormμ:1.4705 | Val Meta: MetaNormμ:1.4705
Validation Loss decreased (0.765428 --> 0.761812). Saving best model...
Epoch   4/50 | Train Loss: 0.4632 Acc: 0.7125 F1: 0.4161 | Val Loss: 0.6509 Acc: 0.6000 F1: 0.3750 | Train Meta: MetaNormμ:1.4705 | Val Meta: MetaNormμ:1.4705
Validation Loss decreased (0.761812 --> 0.650904). Saving best model...
Epoch   5/50 | Train Loss: 0.4284 Acc: 0.7250 F1: 0.5487 | Val Loss: 0.6192 Acc: 0.6000 F1: 0.3750 | Train Meta: MetaNormμ:1.4705 | Val Meta: MetaNormμ:1.4705
Validation Loss decreased (0.650904 --> 0.619242). Saving best model...
Epoch   6/50 | Train Loss: 0.4044 Acc: 0.7375 F1: 0.6440 | Val Loss: 0.6125 Acc: 0.6000 F1: 0.3750 | Train Meta: MetaNormμ:1.4705 | Val Meta: MetaNormμ:1.4705
Validation Loss decreased (0.619242 --> 0.612535). Saving best model...
Epoch   7/50 | Train Loss: 0.3865 Acc: 0.7500 F1: 0.6549 | Val Loss: 0.6263 Acc: 0.6000 F1: 0.3750 | Train Meta: MetaNormμ:1.4705 | Val Meta: MetaNormμ:1.4705
Epoch   8/50 | Train Loss: 0.3734 Acc: 0.7250 F1: 0.6057 | Val Loss: 0.6387 Acc: 0.6000 F1: 0.3750 | Train Meta: MetaNormμ:1.4705 | Val Meta: MetaNormμ:1.4705
Epoch   9/50 | Train Loss: 0.3487 Acc: 0.7500 F1: 0.6549 | Val Loss: 0.6218 Acc: 0.6000 F1: 0.3750 | Train Meta: MetaNormμ:1.4705 | Val Meta: MetaNormμ:1.4705
Epoch  10/50 | Train Loss: 0.3484 Acc: 0.7875 F1: 0.7372 | Val Loss: 0.6031 Acc: 0.5000 F1: 0.3333 | Train Meta: MetaNormμ:1.4705 | Val Meta: MetaNormμ:1.4705
Validation Loss decreased (0.612535 --> 0.603090). Saving best model...
Epoch  11/50 | Train Loss: 0.3573 Acc: 0.7750 F1: 0.7382 | Val Loss: 0.5996 Acc: 0.5000 F1: 0.3333 | Train Meta: MetaNormμ:1.4705 | Val Meta: MetaNormμ:1.4705
Validation Loss decreased (0.603090 --> 0.599650). Saving best model...
Epoch  12/50 | Train Loss: 0.3274 Acc: 0.8500 F1: 0.8255 | Val Loss: 0.6169 Acc: 0.5000 F1: 0.3333 | Train Meta: MetaNormμ:1.4705 | Val Meta: MetaNormμ:1.4705
Epoch  13/50 | Train Loss: 0.3304 Acc: 0.7875 F1: 0.7554 | Val Loss: 0.5969 Acc: 0.6000 F1: 0.5238 | Train Meta: MetaNormμ:1.4705 | Val Meta: MetaNormμ:1.4705
Validation Loss decreased (0.599650 --> 0.596915). Saving best model...
Epoch  14/50 | Train Loss: 0.3110 Acc: 0.8375 F1: 0.7990 | Val Loss: 0.6312 Acc: 0.5000 F1: 0.3333 | Train Meta: MetaNormμ:1.4705 | Val Meta: MetaNormμ:1.4705
Epoch  15/50 | Train Loss: 0.3244 Acc: 0.8000 F1: 0.7559 | Val Loss: 0.6672 Acc: 0.5000 F1: 0.3333 | Train Meta: MetaNormμ:1.4705 | Val Meta: MetaNormμ:1.4705
Epoch  16/50 | Train Loss: 0.2988 Acc: 0.8125 F1: 0.7615 | Val Loss: 0.6616 Acc: 0.5000 F1: 0.3333 | Train Meta: MetaNormμ:1.4705 | Val Meta: MetaNormμ:1.4705
Epoch  17/50 | Train Loss: 0.3159 Acc: 0.8125 F1: 0.7681 | Val Loss: 0.6640 Acc: 0.5000 F1: 0.3333 | Train Meta: MetaNormμ:1.4705 | Val Meta: MetaNormμ:1.4705
Epoch  18/50 | Train Loss: 0.3279 Acc: 0.8000 F1: 0.7764 | Val Loss: 0.6687 Acc: 0.5000 F1: 0.3333 | Train Meta: MetaNormμ:1.4705 | Val Meta: MetaNormμ:1.4705
Epoch  19/50 | Train Loss: 0.3070 Acc: 0.8125 F1: 0.7741 | Val Loss: 0.6556 Acc: 0.5000 F1: 0.3333 | Train Meta: MetaNormμ:1.4705 | Val Meta: MetaNormμ:1.4705
Epoch  20/50 | Train Loss: 0.2866 Acc: 0.8250 F1: 0.7964 | Val Loss: 0.6576 Acc: 0.5000 F1: 0.3333 | Train Meta: MetaNormμ:1.4705 | Val Meta: MetaNormμ:1.4705
Epoch  21/50 | Train Loss: 0.3183 Acc: 0.7875 F1: 0.7500 | Val Loss: 0.6616 Acc: 0.5000 F1: 0.3333 | Train Meta: MetaNormμ:1.4705 | Val Meta: MetaNormμ:1.4705
Epoch  22/50 | Train Loss: 0.3002 Acc: 0.8000 F1: 0.7619 | Val Loss: 0.6987 Acc: 0.5000 F1: 0.3333 | Train Meta: MetaNormμ:1.4705 | Val Meta: MetaNormμ:1.4705
Epoch  23/50 | Train Loss: 0.3010 Acc: 0.8000 F1: 0.7619 | Val Loss: 0.7064 Acc: 0.5000 F1: 0.3333 | Train Meta: MetaNormμ:1.4705 | Val Meta: MetaNormμ:1.4705
Epoch  24/50 | Train Loss: 0.2985 Acc: 0.8250 F1: 0.8006 | Val Loss: 0.6482 Acc: 0.5000 F1: 0.3333 | Train Meta: MetaNormμ:1.4705 | Val Meta: MetaNormμ:1.4705
Epoch  25/50 | Train Loss: 0.2984 Acc: 0.8375 F1: 0.8166 | Val Loss: 0.6416 Acc: 0.5000 F1: 0.3333 | Train Meta: MetaNormμ:1.4705 | Val Meta: MetaNormμ:1.4705
Epoch  26/50 | Train Loss: 0.2940 Acc: 0.8125 F1: 0.7841 | Val Loss: 0.7046 Acc: 0.5000 F1: 0.3333 | Train Meta: MetaNormμ:1.4705 | Val Meta: MetaNormμ:1.4705
Epoch  27/50 | Train Loss: 0.3042 Acc: 0.8000 F1: 0.7673 | Val Loss: 0.7391 Acc: 0.5000 F1: 0.3333 | Train Meta: MetaNormμ:1.4705 | Val Meta: MetaNormμ:1.4705
Epoch  28/50 | Train Loss: 0.2955 Acc: 0.8375 F1: 0.8088 | Val Loss: 0.7335 Acc: 0.5000 F1: 0.3333 | Train Meta: MetaNormμ:1.4705 | Val Meta: MetaNormμ:1.4705
Epoch  29/50 | Train Loss: 0.3013 Acc: 0.8000 F1: 0.7673 | Val Loss: 0.6973 Acc: 0.5000 F1: 0.3333 | Train Meta: MetaNormμ:1.4705 | Val Meta: MetaNormμ:1.4705
Epoch  30/50 | Train Loss: 0.2885 Acc: 0.8250 F1: 0.8006 | Val Loss: 0.6873 Acc: 0.5000 F1: 0.3333 | Train Meta: MetaNormμ:1.4705 | Val Meta: MetaNormμ:1.4705
Epoch  31/50 | Train Loss: 0.3131 Acc: 0.8000 F1: 0.7802 | Val Loss: 0.7016 Acc: 0.5000 F1: 0.3333 | Train Meta: MetaNormμ:1.4705 | Val Meta: MetaNormμ:1.4705
Epoch  32/50 | Train Loss: 0.3037 Acc: 0.7625 F1: 0.7138 | Val Loss: 0.7515 Acc: 0.5000 F1: 0.3333 | Train Meta: MetaNormμ:1.4705 | Val Meta: MetaNormμ:1.4705
Epoch  33/50 | Train Loss: 0.2880 Acc: 0.7875 F1: 0.7439 | Val Loss: 0.7058 Acc: 0.5000 F1: 0.3333 | Train Meta: MetaNormμ:1.4705 | Val Meta: MetaNormμ:1.4705
Epoch  34/50 | Train Loss: 0.2841 Acc: 0.8500 F1: 0.8323 | Val Loss: 0.6955 Acc: 0.5000 F1: 0.3333 | Train Meta: MetaNormμ:1.4705 | Val Meta: MetaNormμ:1.4705
Epoch  35/50 | Train Loss: 0.2738 Acc: 0.8500 F1: 0.8169 | Val Loss: 0.7481 Acc: 0.5000 F1: 0.3333 | Train Meta: MetaNormμ:1.4705 | Val Meta: MetaNormμ:1.4705
Epoch  36/50 | Train Loss: 0.2824 Acc: 0.8250 F1: 0.7964 | Val Loss: 0.7482 Acc: 0.5000 F1: 0.3333 | Train Meta: MetaNormμ:1.4705 | Val Meta: MetaNormμ:1.4705
Epoch  37/50 | Train Loss: 0.2977 Acc: 0.8125 F1: 0.7922 | Val Loss: 0.7049 Acc: 0.5000 F1: 0.3333 | Train Meta: MetaNormμ:1.4705 | Val Meta: MetaNormμ:1.4705
Epoch  38/50 | Train Loss: 0.2733 Acc: 0.8375 F1: 0.8199 | Val Loss: 0.6897 Acc: 0.5000 F1: 0.3333 | Train Meta: MetaNormμ:1.4705 | Val Meta: MetaNormμ:1.4705
Epoch  39/50 | Train Loss: 0.2996 Acc: 0.8250 F1: 0.8107 | Val Loss: 0.7061 Acc: 0.5000 F1: 0.3333 | Train Meta: MetaNormμ:1.4705 | Val Meta: MetaNormμ:1.4705
Epoch  40/50 | Train Loss: 0.2763 Acc: 0.8375 F1: 0.8166 | Val Loss: 0.7536 Acc: 0.5000 F1: 0.3333 | Train Meta: MetaNormμ:1.4705 | Val Meta: MetaNormμ:1.4705
Epoch  41/50 | Train Loss: 0.2949 Acc: 0.8125 F1: 0.7841 | Val Loss: 0.7656 Acc: 0.5000 F1: 0.3333 | Train Meta: MetaNormμ:1.4705 | Val Meta: MetaNormμ:1.4705
Epoch  42/50 | Train Loss: 0.2803 Acc: 0.8500 F1: 0.8255 | Val Loss: 0.7406 Acc: 0.5000 F1: 0.3333 | Train Meta: MetaNormμ:1.4705 | Val Meta: MetaNormμ:1.4705
Epoch  43/50 | Train Loss: 0.2916 Acc: 0.8500 F1: 0.8323 | Val Loss: 0.7479 Acc: 0.5000 F1: 0.3333 | Train Meta: MetaNormμ:1.4705 | Val Meta: MetaNormμ:1.4705
Epoch  44/50 | Train Loss: 0.2921 Acc: 0.8250 F1: 0.8043 | Val Loss: 0.7397 Acc: 0.5000 F1: 0.3333 | Train Meta: MetaNormμ:1.4705 | Val Meta: MetaNormμ:1.4705
Epoch  45/50 | Train Loss: 0.2695 Acc: 0.8625 F1: 0.8501 | Val Loss: 0.7153 Acc: 0.5000 F1: 0.3333 | Train Meta: MetaNormμ:1.4705 | Val Meta: MetaNormμ:1.4705
Epoch  46/50 | Train Loss: 0.2859 Acc: 0.8375 F1: 0.8229 | Val Loss: 0.7542 Acc: 0.5000 F1: 0.3333 | Train Meta: MetaNormμ:1.4705 | Val Meta: MetaNormμ:1.4705
Epoch  47/50 | Train Loss: 0.2829 Acc: 0.8500 F1: 0.8291 | Val Loss: 0.7966 Acc: 0.5000 F1: 0.3333 | Train Meta: MetaNormμ:1.4705 | Val Meta: MetaNormμ:1.4705
Epoch  48/50 | Train Loss: 0.2406 Acc: 0.8875 F1: 0.8609 | Val Loss: 0.7787 Acc: 0.5000 F1: 0.3333 | Train Meta: MetaNormμ:1.4705 | Val Meta: MetaNormμ:1.4705
Epoch  49/50 | Train Loss: 0.2676 Acc: 0.8625 F1: 0.8448 | Val Loss: 0.7594 Acc: 0.5000 F1: 0.3333 | Train Meta: MetaNormμ:1.4705 | Val Meta: MetaNormμ:1.4705
Epoch  50/50 | Train Loss: 0.2645 Acc: 0.8500 F1: 0.8352 | Val Loss: 0.7378 Acc: 0.5000 F1: 0.3333 | Train Meta: MetaNormμ:1.4705 | Val Meta: MetaNormμ:1.4705

Classification Test Result (ECG200)
Accuracy : 0.650000
F1 (macro): 0.587215
Saved attention maps for 3 sample(s) under ./runs/classification_electricity_to_ECG200_laya_mixer_concat_stats/attention_maps
/data/pjh_workspace/ts-env/lib/python3.8/site-packages/torch/nn/modules/transformer.py:307: UserWarning: enable_nested_tensor is True, but self.use_nested_tensor is False because encoder_layer.norm_first was True
  warnings.warn(f"enable_nested_tensor is True, but self.use_nested_tensor is False because {why_not_sparsity_fast_path}")
==================================================
🚀 Architecture: LAYA
📊 Target Dataset: ECG5000 (Channels: 1)
📊 Pretrain Info: electricity
📊 Classes: 5 | Sequence Length: 140
==================================================
✅ Loaded pretrained encoder from ./checkpoints/electricity_laya_mixer_concat_stats/laya_ts_electricity_s_best.pt
   - 107/107 keys matched.
✅ Encoder is FROZEN (Linear Probing mode).
📝 metadata: mode=stats, fusion=concat_kv, relation=none
ℹ️  Metadata Fusion Mode: concat_kv
ℹ️  Channel Mixer Relation Mode: none
ℹ️  Encoder Variant: default
ℹ️  Channel Adapter: disabled for Laya downstream (mixer)
ℹ️  Channel Relation Block: disabled
✅ ClassificationHead: [B, 256] → [B, 5]
Epoch   1/50 | Train Loss: 0.9521 Acc: 0.6116 F1: 0.2262 | Val Loss: 0.7324 Acc: 0.7000 F1: 0.4092 | Train Meta: MetaNormμ:3.7688 | Val Meta: MetaNormμ:3.7688
Validation Loss decreased (inf --> 0.732421). Saving best model...
Epoch   2/50 | Train Loss: 0.8004 Acc: 0.6875 F1: 0.2684 | Val Loss: 0.6834 Acc: 0.7200 F1: 0.4451 | Train Meta: MetaNormμ:3.7688 | Val Meta: MetaNormμ:3.7688
Validation Loss decreased (0.732421 --> 0.683416). Saving best model...
Epoch   3/50 | Train Loss: 0.7432 Acc: 0.7031 F1: 0.2781 | Val Loss: 0.6520 Acc: 0.7400 F1: 0.4667 | Train Meta: MetaNormμ:3.7688 | Val Meta: MetaNormμ:3.7688
Validation Loss decreased (0.683416 --> 0.652046). Saving best model...
Epoch   4/50 | Train Loss: 0.7118 Acc: 0.7433 F1: 0.2969 | Val Loss: 0.6317 Acc: 0.7400 F1: 0.4667 | Train Meta: MetaNormμ:3.7688 | Val Meta: MetaNormμ:3.7688
Validation Loss decreased (0.652046 --> 0.631653). Saving best model...
Epoch   5/50 | Train Loss: 0.6955 Acc: 0.7500 F1: 0.3022 | Val Loss: 0.6080 Acc: 0.7600 F1: 0.4792 | Train Meta: MetaNormμ:3.7688 | Val Meta: MetaNormμ:3.7688
Validation Loss decreased (0.631653 --> 0.607965). Saving best model...
Epoch   6/50 | Train Loss: 0.6765 Acc: 0.7656 F1: 0.3090 | Val Loss: 0.6039 Acc: 0.7800 F1: 0.5000 | Train Meta: MetaNormμ:3.7688 | Val Meta: MetaNormμ:3.7688
Validation Loss decreased (0.607965 --> 0.603949). Saving best model...
Epoch   7/50 | Train Loss: 0.6526 Acc: 0.7723 F1: 0.3135 | Val Loss: 0.5870 Acc: 0.7800 F1: 0.5120 | Train Meta: MetaNormμ:3.7688 | Val Meta: MetaNormμ:3.7688
Validation Loss decreased (0.603949 --> 0.586977). Saving best model...
Epoch   8/50 | Train Loss: 0.6449 Acc: 0.7723 F1: 0.3111 | Val Loss: 0.5670 Acc: 0.7800 F1: 0.5120 | Train Meta: MetaNormμ:3.7688 | Val Meta: MetaNormμ:3.7688
Validation Loss decreased (0.586977 --> 0.567047). Saving best model...
Epoch   9/50 | Train Loss: 0.6158 Acc: 0.7835 F1: 0.3171 | Val Loss: 0.5627 Acc: 0.8000 F1: 0.5197 | Train Meta: MetaNormμ:3.7688 | Val Meta: MetaNormμ:3.7688
Validation Loss decreased (0.567047 --> 0.562661). Saving best model...
Epoch  10/50 | Train Loss: 0.6151 Acc: 0.7857 F1: 0.3186 | Val Loss: 0.5578 Acc: 0.8000 F1: 0.5133 | Train Meta: MetaNormμ:3.7688 | Val Meta: MetaNormμ:3.7688
Validation Loss decreased (0.562661 --> 0.557811). Saving best model...
Epoch  11/50 | Train Loss: 0.6076 Acc: 0.7969 F1: 0.3229 | Val Loss: 0.5604 Acc: 0.7600 F1: 0.5075 | Train Meta: MetaNormμ:3.7688 | Val Meta: MetaNormμ:3.7688
Epoch  12/50 | Train Loss: 0.5992 Acc: 0.7969 F1: 0.3234 | Val Loss: 0.5542 Acc: 0.7600 F1: 0.5075 | Train Meta: MetaNormμ:3.7688 | Val Meta: MetaNormμ:3.7688
Validation Loss decreased (0.557811 --> 0.554197). Saving best model...
Epoch  13/50 | Train Loss: 0.6079 Acc: 0.7946 F1: 0.3233 | Val Loss: 0.5291 Acc: 0.8000 F1: 0.5333 | Train Meta: MetaNormμ:3.7688 | Val Meta: MetaNormμ:3.7688
Validation Loss decreased (0.554197 --> 0.529116). Saving best model...
Epoch  14/50 | Train Loss: 0.5802 Acc: 0.8036 F1: 0.3262 | Val Loss: 0.5242 Acc: 0.8200 F1: 0.5429 | Train Meta: MetaNormμ:3.7688 | Val Meta: MetaNormμ:3.7688
Validation Loss decreased (0.529116 --> 0.524156). Saving best model...
Epoch  15/50 | Train Loss: 0.5686 Acc: 0.8080 F1: 0.3280 | Val Loss: 0.5133 Acc: 0.8400 F1: 0.5524 | Train Meta: MetaNormμ:3.7688 | Val Meta: MetaNormμ:3.7688
Validation Loss decreased (0.524156 --> 0.513312). Saving best model...
Epoch  16/50 | Train Loss: 0.5726 Acc: 0.8058 F1: 0.3271 | Val Loss: 0.5147 Acc: 0.8000 F1: 0.5333 | Train Meta: MetaNormμ:3.7688 | Val Meta: MetaNormμ:3.7688
Epoch  17/50 | Train Loss: 0.5567 Acc: 0.8103 F1: 0.3293 | Val Loss: 0.5028 Acc: 0.8000 F1: 0.5296 | Train Meta: MetaNormμ:3.7688 | Val Meta: MetaNormμ:3.7688
Validation Loss decreased (0.513312 --> 0.502849). Saving best model...
Epoch  18/50 | Train Loss: 0.5475 Acc: 0.8259 F1: 0.3365 | Val Loss: 0.4954 Acc: 0.8200 F1: 0.5466 | Train Meta: MetaNormμ:3.7688 | Val Meta: MetaNormμ:3.7688
Validation Loss decreased (0.502849 --> 0.495434). Saving best model...
Epoch  19/50 | Train Loss: 0.5412 Acc: 0.8214 F1: 0.3340 | Val Loss: 0.4973 Acc: 0.7800 F1: 0.5203 | Train Meta: MetaNormμ:3.7688 | Val Meta: MetaNormμ:3.7688
Epoch  20/50 | Train Loss: 0.5372 Acc: 0.8214 F1: 0.3353 | Val Loss: 0.4963 Acc: 0.8000 F1: 0.5364 | Train Meta: MetaNormμ:3.7688 | Val Meta: MetaNormμ:3.7688
Epoch  21/50 | Train Loss: 0.5318 Acc: 0.8304 F1: 0.3392 | Val Loss: 0.4699 Acc: 0.8600 F1: 0.5706 | Train Meta: MetaNormμ:3.7688 | Val Meta: MetaNormμ:3.7688
Validation Loss decreased (0.495434 --> 0.469902). Saving best model...
Epoch  22/50 | Train Loss: 0.5194 Acc: 0.8371 F1: 0.3411 | Val Loss: 0.4703 Acc: 0.8600 F1: 0.5706 | Train Meta: MetaNormμ:3.7688 | Val Meta: MetaNormμ:3.7688
Epoch  23/50 | Train Loss: 0.5179 Acc: 0.8348 F1: 0.3411 | Val Loss: 0.4630 Acc: 0.8600 F1: 0.5706 | Train Meta: MetaNormμ:3.7688 | Val Meta: MetaNormμ:3.7688
Validation Loss decreased (0.469902 --> 0.463009). Saving best model...
Epoch  24/50 | Train Loss: 0.5189 Acc: 0.8326 F1: 0.3397 | Val Loss: 0.4599 Acc: 0.8600 F1: 0.5706 | Train Meta: MetaNormμ:3.7688 | Val Meta: MetaNormμ:3.7688
Validation Loss decreased (0.463009 --> 0.459946). Saving best model...
Epoch  25/50 | Train Loss: 0.5085 Acc: 0.8348 F1: 0.3409 | Val Loss: 0.4537 Acc: 0.8600 F1: 0.5706 | Train Meta: MetaNormμ:3.7688 | Val Meta: MetaNormμ:3.7688
Validation Loss decreased (0.459946 --> 0.453744). Saving best model...
Epoch  26/50 | Train Loss: 0.5001 Acc: 0.8415 F1: 0.3440 | Val Loss: 0.4550 Acc: 0.8600 F1: 0.5706 | Train Meta: MetaNormμ:3.7688 | Val Meta: MetaNormμ:3.7688
Epoch  27/50 | Train Loss: 0.4959 Acc: 0.8460 F1: 0.3459 | Val Loss: 0.4408 Acc: 0.8600 F1: 0.5706 | Train Meta: MetaNormμ:3.7688 | Val Meta: MetaNormμ:3.7688
Validation Loss decreased (0.453744 --> 0.440757). Saving best model...
Epoch  28/50 | Train Loss: 0.4939 Acc: 0.8438 F1: 0.3451 | Val Loss: 0.4432 Acc: 0.8600 F1: 0.5706 | Train Meta: MetaNormμ:3.7688 | Val Meta: MetaNormμ:3.7688
Epoch  29/50 | Train Loss: 0.4871 Acc: 0.8571 F1: 0.3508 | Val Loss: 0.4362 Acc: 0.8600 F1: 0.5706 | Train Meta: MetaNormμ:3.7688 | Val Meta: MetaNormμ:3.7688
Validation Loss decreased (0.440757 --> 0.436206). Saving best model...
Epoch  30/50 | Train Loss: 0.4881 Acc: 0.8482 F1: 0.3474 | Val Loss: 0.4228 Acc: 0.8600 F1: 0.5706 | Train Meta: MetaNormμ:3.7688 | Val Meta: MetaNormμ:3.7688
Validation Loss decreased (0.436206 --> 0.422796). Saving best model...
Epoch  31/50 | Train Loss: 0.4830 Acc: 0.8527 F1: 0.3489 | Val Loss: 0.4217 Acc: 0.8600 F1: 0.5739 | Train Meta: MetaNormμ:3.7688 | Val Meta: MetaNormμ:3.7688
Validation Loss decreased (0.422796 --> 0.421705). Saving best model...
Epoch  32/50 | Train Loss: 0.4807 Acc: 0.8393 F1: 0.3432 | Val Loss: 0.4391 Acc: 0.8400 F1: 0.5630 | Train Meta: MetaNormμ:3.7688 | Val Meta: MetaNormμ:3.7688
Epoch  33/50 | Train Loss: 0.4745 Acc: 0.8527 F1: 0.4821 | Val Loss: 0.4222 Acc: 0.8600 F1: 0.5706 | Train Meta: MetaNormμ:3.7688 | Val Meta: MetaNormμ:3.7688
Epoch  34/50 | Train Loss: 0.4629 Acc: 0.8594 F1: 0.3522 | Val Loss: 0.4115 Acc: 0.8600 F1: 0.5706 | Train Meta: MetaNormμ:3.7688 | Val Meta: MetaNormμ:3.7688
Validation Loss decreased (0.421705 --> 0.411535). Saving best model...
Epoch  35/50 | Train Loss: 0.4634 Acc: 0.8661 F1: 0.3553 | Val Loss: 0.4105 Acc: 0.8600 F1: 0.5706 | Train Meta: MetaNormμ:3.7688 | Val Meta: MetaNormμ:3.7688
Validation Loss decreased (0.411535 --> 0.410492). Saving best model...
Epoch  36/50 | Train Loss: 0.4579 Acc: 0.8527 F1: 0.4811 | Val Loss: 0.4082 Acc: 0.8800 F1: 0.5905 | Train Meta: MetaNormμ:3.7688 | Val Meta: MetaNormμ:3.7688
Validation Loss decreased (0.410492 --> 0.408202). Saving best model...
Epoch  37/50 | Train Loss: 0.4635 Acc: 0.8571 F1: 0.3511 | Val Loss: 0.4038 Acc: 0.8800 F1: 0.5905 | Train Meta: MetaNormμ:3.7688 | Val Meta: MetaNormμ:3.7688
Validation Loss decreased (0.408202 --> 0.403780). Saving best model...
Epoch  38/50 | Train Loss: 0.4507 Acc: 0.8661 F1: 0.3555 | Val Loss: 0.4020 Acc: 0.8800 F1: 0.5850 | Train Meta: MetaNormμ:3.7688 | Val Meta: MetaNormμ:3.7688
Validation Loss decreased (0.403780 --> 0.402043). Saving best model...
Epoch  39/50 | Train Loss: 0.4461 Acc: 0.8750 F1: 0.3591 | Val Loss: 0.4007 Acc: 0.8800 F1: 0.5850 | Train Meta: MetaNormμ:3.7688 | Val Meta: MetaNormμ:3.7688
Validation Loss decreased (0.402043 --> 0.400727). Saving best model...
Epoch  40/50 | Train Loss: 0.4546 Acc: 0.8638 F1: 0.4864 | Val Loss: 0.4007 Acc: 0.8800 F1: 0.5850 | Train Meta: MetaNormμ:3.7688 | Val Meta: MetaNormμ:3.7688
Validation Loss decreased (0.400727 --> 0.400659). Saving best model...
Epoch  41/50 | Train Loss: 0.4479 Acc: 0.8750 F1: 0.3591 | Val Loss: 0.3984 Acc: 0.8800 F1: 0.5850 | Train Meta: MetaNormμ:3.7688 | Val Meta: MetaNormμ:3.7688
Validation Loss decreased (0.400659 --> 0.398405). Saving best model...
Epoch  42/50 | Train Loss: 0.4484 Acc: 0.8594 F1: 0.3519 | Val Loss: 0.3905 Acc: 0.8800 F1: 0.5850 | Train Meta: MetaNormμ:3.7688 | Val Meta: MetaNormμ:3.7688
Validation Loss decreased (0.398405 --> 0.390492). Saving best model...
Epoch  43/50 | Train Loss: 0.4418 Acc: 0.8616 F1: 0.4861 | Val Loss: 0.3821 Acc: 0.8800 F1: 0.5880 | Train Meta: MetaNormμ:3.7688 | Val Meta: MetaNormμ:3.7688
Validation Loss decreased (0.390492 --> 0.382088). Saving best model...
Epoch  44/50 | Train Loss: 0.4350 Acc: 0.8683 F1: 0.4888 | Val Loss: 0.3799 Acc: 0.8800 F1: 0.5850 | Train Meta: MetaNormμ:3.7688 | Val Meta: MetaNormμ:3.7688
Validation Loss decreased (0.382088 --> 0.379896). Saving best model...
Epoch  45/50 | Train Loss: 0.4287 Acc: 0.8772 F1: 0.4929 | Val Loss: 0.3789 Acc: 0.8800 F1: 0.5850 | Train Meta: MetaNormμ:3.7688 | Val Meta: MetaNormμ:3.7688
Validation Loss decreased (0.379896 --> 0.378863). Saving best model...
Epoch  46/50 | Train Loss: 0.4350 Acc: 0.8728 F1: 0.4907 | Val Loss: 0.3755 Acc: 0.8800 F1: 0.5905 | Train Meta: MetaNormμ:3.7688 | Val Meta: MetaNormμ:3.7688
Validation Loss decreased (0.378863 --> 0.375506). Saving best model...
Epoch  47/50 | Train Loss: 0.4383 Acc: 0.8661 F1: 0.5209 | Val Loss: 0.3681 Acc: 0.9000 F1: 0.6048 | Train Meta: MetaNormμ:3.7688 | Val Meta: MetaNormμ:3.7688
Validation Loss decreased (0.375506 --> 0.368093). Saving best model...
Epoch  48/50 | Train Loss: 0.4193 Acc: 0.8661 F1: 0.4874 | Val Loss: 0.3656 Acc: 0.8600 F1: 0.5739 | Train Meta: MetaNormμ:3.7688 | Val Meta: MetaNormμ:3.7688
Validation Loss decreased (0.368093 --> 0.365607). Saving best model...
Epoch  49/50 | Train Loss: 0.4255 Acc: 0.8728 F1: 0.4907 | Val Loss: 0.3768 Acc: 0.8800 F1: 0.5850 | Train Meta: MetaNormμ:3.7688 | Val Meta: MetaNormμ:3.7688
Epoch  50/50 | Train Loss: 0.4262 Acc: 0.8728 F1: 0.4907 | Val Loss: 0.3812 Acc: 0.8800 F1: 0.5850 | Train Meta: MetaNormμ:3.7688 | Val Meta: MetaNormμ:3.7688

Classification Test Result (ECG5000)
Accuracy : 0.871778
F1 (macro): 0.362000
Saved attention maps for 3 sample(s) under ./runs/classification_electricity_to_ECG5000_laya_mixer_concat_stats/attention_maps
/data/pjh_workspace/ts-env/lib/python3.8/site-packages/torch/nn/modules/transformer.py:307: UserWarning: enable_nested_tensor is True, but self.use_nested_tensor is False because encoder_layer.norm_first was True
  warnings.warn(f"enable_nested_tensor is True, but self.use_nested_tensor is False because {why_not_sparsity_fast_path}")
==================================================
🚀 Architecture: LAYA
📊 Target Dataset: FordA (Channels: 1)
📊 Pretrain Info: electricity
📊 Classes: 2 | Sequence Length: 500
==================================================
✅ Loaded pretrained encoder from ./checkpoints/electricity_laya_mixer_concat_stats/laya_ts_electricity_s_best.pt
   - 107/107 keys matched.
✅ Encoder is FROZEN (Linear Probing mode).
📝 metadata: mode=stats, fusion=concat_kv, relation=none
ℹ️  Metadata Fusion Mode: concat_kv
ℹ️  Channel Mixer Relation Mode: none
ℹ️  Encoder Variant: default
ℹ️  Channel Adapter: disabled for Laya downstream (mixer)
ℹ️  Channel Relation Block: disabled
✅ ClassificationHead: [B, 256] → [B, 2]
Epoch   1/50 | Train Loss: 0.6877 Acc: 0.5334 F1: 0.5317 | Val Loss: 0.6801 Acc: 0.5583 F1: 0.5405 | Train Meta: MetaNormμ:2.6185 | Val Meta: MetaNormμ:2.6185
Validation Loss decreased (inf --> 0.680083). Saving best model...
Epoch   2/50 | Train Loss: 0.6684 Acc: 0.5733 F1: 0.5720 | Val Loss: 0.6678 Acc: 0.5361 F1: 0.5266 | Train Meta: MetaNormμ:2.6185 | Val Meta: MetaNormμ:2.6185
Validation Loss decreased (0.680083 --> 0.667765). Saving best model...
Epoch   3/50 | Train Loss: 0.6586 Acc: 0.5885 F1: 0.5879 | Val Loss: 0.6705 Acc: 0.5972 F1: 0.5697 | Train Meta: MetaNormμ:2.6185 | Val Meta: MetaNormμ:2.6185
Epoch   4/50 | Train Loss: 0.6529 Acc: 0.5987 F1: 0.5984 | Val Loss: 0.6588 Acc: 0.5417 F1: 0.5159 | Train Meta: MetaNormμ:2.6185 | Val Meta: MetaNormμ:2.6185
Validation Loss decreased (0.667765 --> 0.658809). Saving best model...
Epoch   5/50 | Train Loss: 0.6480 Acc: 0.6098 F1: 0.6090 | Val Loss: 0.6518 Acc: 0.6000 F1: 0.5964 | Train Meta: MetaNormμ:2.6185 | Val Meta: MetaNormμ:2.6185
Validation Loss decreased (0.658809 --> 0.651778). Saving best model...
Epoch   6/50 | Train Loss: 0.6417 Acc: 0.6179 F1: 0.6172 | Val Loss: 0.6536 Acc: 0.6139 F1: 0.6009 | Train Meta: MetaNormμ:2.6185 | Val Meta: MetaNormμ:2.6185
Epoch   7/50 | Train Loss: 0.6412 Acc: 0.6166 F1: 0.6158 | Val Loss: 0.6465 Acc: 0.5972 F1: 0.5914 | Train Meta: MetaNormμ:2.6185 | Val Meta: MetaNormμ:2.6185
Validation Loss decreased (0.651778 --> 0.646548). Saving best model...
Epoch   8/50 | Train Loss: 0.6335 Acc: 0.6272 F1: 0.6265 | Val Loss: 0.6513 Acc: 0.6056 F1: 0.5918 | Train Meta: MetaNormμ:2.6185 | Val Meta: MetaNormμ:2.6185
Epoch   9/50 | Train Loss: 0.6323 Acc: 0.6315 F1: 0.6310 | Val Loss: 0.6398 Acc: 0.6361 F1: 0.6349 | Train Meta: MetaNormμ:2.6185 | Val Meta: MetaNormμ:2.6185
Validation Loss decreased (0.646548 --> 0.639825). Saving best model...
Epoch  10/50 | Train Loss: 0.6292 Acc: 0.6312 F1: 0.6307 | Val Loss: 0.6593 Acc: 0.6056 F1: 0.5767 | Train Meta: MetaNormμ:2.6185 | Val Meta: MetaNormμ:2.6185
Epoch  11/50 | Train Loss: 0.6308 Acc: 0.6293 F1: 0.6290 | Val Loss: 0.6454 Acc: 0.5917 F1: 0.5751 | Train Meta: MetaNormμ:2.6185 | Val Meta: MetaNormμ:2.6185
Epoch  12/50 | Train Loss: 0.6271 Acc: 0.6380 F1: 0.6376 | Val Loss: 0.6356 Acc: 0.6306 F1: 0.6295 | Train Meta: MetaNormμ:2.6185 | Val Meta: MetaNormμ:2.6185
Validation Loss decreased (0.639825 --> 0.635582). Saving best model...
Epoch  13/50 | Train Loss: 0.6198 Acc: 0.6470 F1: 0.6466 | Val Loss: 0.6350 Acc: 0.6222 F1: 0.6205 | Train Meta: MetaNormμ:2.6185 | Val Meta: MetaNormμ:2.6185
Validation Loss decreased (0.635582 --> 0.634967). Saving best model...
Epoch  14/50 | Train Loss: 0.6252 Acc: 0.6383 F1: 0.6381 | Val Loss: 0.6559 Acc: 0.6139 F1: 0.5899 | Train Meta: MetaNormμ:2.6185 | Val Meta: MetaNormμ:2.6185
Epoch  15/50 | Train Loss: 0.6229 Acc: 0.6414 F1: 0.6411 | Val Loss: 0.6314 Acc: 0.6222 F1: 0.6213 | Train Meta: MetaNormμ:2.6185 | Val Meta: MetaNormμ:2.6185
Validation Loss decreased (0.634967 --> 0.631449). Saving best model...
Epoch  16/50 | Train Loss: 0.6179 Acc: 0.6448 F1: 0.6445 | Val Loss: 0.6341 Acc: 0.6306 F1: 0.6270 | Train Meta: MetaNormμ:2.6185 | Val Meta: MetaNormμ:2.6185
Epoch  17/50 | Train Loss: 0.6202 Acc: 0.6463 F1: 0.6461 | Val Loss: 0.6411 Acc: 0.6083 F1: 0.5896 | Train Meta: MetaNormμ:2.6185 | Val Meta: MetaNormμ:2.6185
Epoch  18/50 | Train Loss: 0.6161 Acc: 0.6414 F1: 0.6413 | Val Loss: 0.6273 Acc: 0.6306 F1: 0.6305 | Train Meta: MetaNormμ:2.6185 | Val Meta: MetaNormμ:2.6185
Validation Loss decreased (0.631449 --> 0.627276). Saving best model...
Epoch  19/50 | Train Loss: 0.6110 Acc: 0.6612 F1: 0.6608 | Val Loss: 0.6257 Acc: 0.6361 F1: 0.6361 | Train Meta: MetaNormμ:2.6185 | Val Meta: MetaNormμ:2.6185
Validation Loss decreased (0.627276 --> 0.625722). Saving best model...
Epoch  20/50 | Train Loss: 0.6111 Acc: 0.6528 F1: 0.6526 | Val Loss: 0.6294 Acc: 0.6278 F1: 0.6248 | Train Meta: MetaNormμ:2.6185 | Val Meta: MetaNormμ:2.6185
Epoch  21/50 | Train Loss: 0.6122 Acc: 0.6559 F1: 0.6558 | Val Loss: 0.6397 Acc: 0.6306 F1: 0.6156 | Train Meta: MetaNormμ:2.6185 | Val Meta: MetaNormμ:2.6185
Epoch  22/50 | Train Loss: 0.6112 Acc: 0.6584 F1: 0.6582 | Val Loss: 0.6236 Acc: 0.6472 F1: 0.6460 | Train Meta: MetaNormμ:2.6185 | Val Meta: MetaNormμ:2.6185
Validation Loss decreased (0.625722 --> 0.623623). Saving best model...
Epoch  23/50 | Train Loss: 0.6088 Acc: 0.6590 F1: 0.6589 | Val Loss: 0.6529 Acc: 0.5944 F1: 0.5559 | Train Meta: MetaNormμ:2.6185 | Val Meta: MetaNormμ:2.6185
Epoch  24/50 | Train Loss: 0.6084 Acc: 0.6662 F1: 0.6659 | Val Loss: 0.6286 Acc: 0.6278 F1: 0.6156 | Train Meta: MetaNormμ:2.6185 | Val Meta: MetaNormμ:2.6185
Epoch  25/50 | Train Loss: 0.6045 Acc: 0.6652 F1: 0.6651 | Val Loss: 0.6207 Acc: 0.6417 F1: 0.6404 | Train Meta: MetaNormμ:2.6185 | Val Meta: MetaNormμ:2.6185
Validation Loss decreased (0.623623 --> 0.620685). Saving best model...
Epoch  26/50 | Train Loss: 0.6026 Acc: 0.6600 F1: 0.6595 | Val Loss: 0.6226 Acc: 0.6278 F1: 0.6236 | Train Meta: MetaNormμ:2.6185 | Val Meta: MetaNormμ:2.6185
Epoch  27/50 | Train Loss: 0.5990 Acc: 0.6627 F1: 0.6626 | Val Loss: 0.6198 Acc: 0.6472 F1: 0.6439 | Train Meta: MetaNormμ:2.6185 | Val Meta: MetaNormμ:2.6185
Validation Loss decreased (0.620685 --> 0.619844). Saving best model...
Epoch  28/50 | Train Loss: 0.6001 Acc: 0.6544 F1: 0.6541 | Val Loss: 0.6211 Acc: 0.6278 F1: 0.6248 | Train Meta: MetaNormμ:2.6185 | Val Meta: MetaNormμ:2.6185
Epoch  29/50 | Train Loss: 0.5992 Acc: 0.6631 F1: 0.6629 | Val Loss: 0.6168 Acc: 0.6389 F1: 0.6383 | Train Meta: MetaNormμ:2.6185 | Val Meta: MetaNormμ:2.6185
Validation Loss decreased (0.619844 --> 0.616810). Saving best model...
Epoch  30/50 | Train Loss: 0.6036 Acc: 0.6593 F1: 0.6592 | Val Loss: 0.6158 Acc: 0.6361 F1: 0.6351 | Train Meta: MetaNormμ:2.6185 | Val Meta: MetaNormμ:2.6185
Validation Loss decreased (0.616810 --> 0.615791). Saving best model...
Epoch  31/50 | Train Loss: 0.6016 Acc: 0.6671 F1: 0.6667 | Val Loss: 0.6169 Acc: 0.6528 F1: 0.6495 | Train Meta: MetaNormμ:2.6185 | Val Meta: MetaNormμ:2.6185
Epoch  32/50 | Train Loss: 0.6038 Acc: 0.6615 F1: 0.6613 | Val Loss: 0.6137 Acc: 0.6472 F1: 0.6468 | Train Meta: MetaNormμ:2.6185 | Val Meta: MetaNormμ:2.6185
Validation Loss decreased (0.615791 --> 0.613694). Saving best model...
Epoch  33/50 | Train Loss: 0.5944 Acc: 0.6627 F1: 0.6627 | Val Loss: 0.6212 Acc: 0.6278 F1: 0.6185 | Train Meta: MetaNormμ:2.6185 | Val Meta: MetaNormμ:2.6185
Epoch  34/50 | Train Loss: 0.6053 Acc: 0.6590 F1: 0.6586 | Val Loss: 0.6348 Acc: 0.6139 F1: 0.5922 | Train Meta: MetaNormμ:2.6185 | Val Meta: MetaNormμ:2.6185
Epoch  35/50 | Train Loss: 0.5948 Acc: 0.6723 F1: 0.6720 | Val Loss: 0.6317 Acc: 0.6278 F1: 0.6018 | Train Meta: MetaNormμ:2.6185 | Val Meta: MetaNormμ:2.6185
Epoch  36/50 | Train Loss: 0.5977 Acc: 0.6683 F1: 0.6682 | Val Loss: 0.6406 Acc: 0.6278 F1: 0.6074 | Train Meta: MetaNormμ:2.6185 | Val Meta: MetaNormμ:2.6185
Epoch  37/50 | Train Loss: 0.5880 Acc: 0.6754 F1: 0.6753 | Val Loss: 0.6097 Acc: 0.6528 F1: 0.6527 | Train Meta: MetaNormμ:2.6185 | Val Meta: MetaNormμ:2.6185
Validation Loss decreased (0.613694 --> 0.609750). Saving best model...
Epoch  38/50 | Train Loss: 0.5900 Acc: 0.6782 F1: 0.6780 | Val Loss: 0.6205 Acc: 0.6500 F1: 0.6442 | Train Meta: MetaNormμ:2.6185 | Val Meta: MetaNormμ:2.6185
Epoch  39/50 | Train Loss: 0.5924 Acc: 0.6662 F1: 0.6661 | Val Loss: 0.6110 Acc: 0.6528 F1: 0.6523 | Train Meta: MetaNormμ:2.6185 | Val Meta: MetaNormμ:2.6185
Epoch  40/50 | Train Loss: 0.5919 Acc: 0.6788 F1: 0.6787 | Val Loss: 0.6094 Acc: 0.6556 F1: 0.6540 | Train Meta: MetaNormμ:2.6185 | Val Meta: MetaNormμ:2.6185
Validation Loss decreased (0.609750 --> 0.609385). Saving best model...
Epoch  41/50 | Train Loss: 0.5860 Acc: 0.6841 F1: 0.6840 | Val Loss: 0.6110 Acc: 0.6556 F1: 0.6525 | Train Meta: MetaNormμ:2.6185 | Val Meta: MetaNormμ:2.6185
Epoch  42/50 | Train Loss: 0.5885 Acc: 0.6801 F1: 0.6798 | Val Loss: 0.6119 Acc: 0.6556 F1: 0.6503 | Train Meta: MetaNormμ:2.6185 | Val Meta: MetaNormμ:2.6185
Epoch  43/50 | Train Loss: 0.5901 Acc: 0.6748 F1: 0.6747 | Val Loss: 0.6063 Acc: 0.6500 F1: 0.6499 | Train Meta: MetaNormμ:2.6185 | Val Meta: MetaNormμ:2.6185
Validation Loss decreased (0.609385 --> 0.606339). Saving best model...
Epoch  44/50 | Train Loss: 0.5846 Acc: 0.6788 F1: 0.6787 | Val Loss: 0.6078 Acc: 0.6667 F1: 0.6649 | Train Meta: MetaNormμ:2.6185 | Val Meta: MetaNormμ:2.6185
Epoch  45/50 | Train Loss: 0.5889 Acc: 0.6770 F1: 0.6766 | Val Loss: 0.6056 Acc: 0.6667 F1: 0.6664 | Train Meta: MetaNormμ:2.6185 | Val Meta: MetaNormμ:2.6185
Validation Loss decreased (0.606339 --> 0.605614). Saving best model...
Epoch  46/50 | Train Loss: 0.5858 Acc: 0.6822 F1: 0.6822 | Val Loss: 0.6118 Acc: 0.6500 F1: 0.6431 | Train Meta: MetaNormμ:2.6185 | Val Meta: MetaNormμ:2.6185
Epoch  47/50 | Train Loss: 0.5826 Acc: 0.6838 F1: 0.6838 | Val Loss: 0.6040 Acc: 0.6694 F1: 0.6693 | Train Meta: MetaNormμ:2.6185 | Val Meta: MetaNormμ:2.6185
Validation Loss decreased (0.605614 --> 0.603971). Saving best model...
Epoch  48/50 | Train Loss: 0.5820 Acc: 0.6841 F1: 0.6839 | Val Loss: 0.6212 Acc: 0.6528 F1: 0.6418 | Train Meta: MetaNormμ:2.6185 | Val Meta: MetaNormμ:2.6185
Epoch  49/50 | Train Loss: 0.5825 Acc: 0.6863 F1: 0.6861 | Val Loss: 0.6060 Acc: 0.6528 F1: 0.6495 | Train Meta: MetaNormμ:2.6185 | Val Meta: MetaNormμ:2.6185
Epoch  50/50 | Train Loss: 0.5854 Acc: 0.6822 F1: 0.6821 | Val Loss: 0.6012 Acc: 0.6472 F1: 0.6472 | Train Meta: MetaNormμ:2.6185 | Val Meta: MetaNormμ:2.6185
Validation Loss decreased (0.603971 --> 0.601173). Saving best model...

Classification Test Result (FordA)
Accuracy : 0.696212
F1 (macro): 0.696120
Saved attention maps for 3 sample(s) under ./runs/classification_electricity_to_FordA_laya_mixer_concat_stats/attention_maps
/data/pjh_workspace/ts-env/lib/python3.8/site-packages/torch/nn/modules/transformer.py:307: UserWarning: enable_nested_tensor is True, but self.use_nested_tensor is False because encoder_layer.norm_first was True
  warnings.warn(f"enable_nested_tensor is True, but self.use_nested_tensor is False because {why_not_sparsity_fast_path}")
==================================================
🚀 Architecture: LAYA
📊 Target Dataset: FordB (Channels: 1)
📊 Pretrain Info: electricity
📊 Classes: 2 | Sequence Length: 500
==================================================
✅ Loaded pretrained encoder from ./checkpoints/electricity_laya_mixer_concat_stats/laya_ts_electricity_s_best.pt
   - 107/107 keys matched.
✅ Encoder is FROZEN (Linear Probing mode).
📝 metadata: mode=stats, fusion=concat_kv, relation=none
ℹ️  Metadata Fusion Mode: concat_kv
ℹ️  Channel Mixer Relation Mode: none
ℹ️  Encoder Variant: default
ℹ️  Channel Adapter: disabled for Laya downstream (mixer)
ℹ️  Channel Relation Block: disabled
✅ ClassificationHead: [B, 256] → [B, 2]
Epoch   1/50 | Train Loss: 0.6658 Acc: 0.5702 F1: 0.5686 | Val Loss: 0.6524 Acc: 0.6309 F1: 0.6304 | Train Meta: MetaNormμ:3.4873 | Val Meta: MetaNormμ:3.4873
Validation Loss decreased (inf --> 0.652447). Saving best model...
Epoch   2/50 | Train Loss: 0.6388 Acc: 0.6256 F1: 0.6256 | Val Loss: 0.6794 Acc: 0.5372 F1: 0.4493 | Train Meta: MetaNormμ:3.4873 | Val Meta: MetaNormμ:3.4873
Epoch   3/50 | Train Loss: 0.6258 Acc: 0.6440 F1: 0.6438 | Val Loss: 0.6317 Acc: 0.6116 F1: 0.6068 | Train Meta: MetaNormμ:3.4873 | Val Meta: MetaNormμ:3.4873
Validation Loss decreased (0.652447 --> 0.631745). Saving best model...
Epoch   4/50 | Train Loss: 0.6151 Acc: 0.6510 F1: 0.6508 | Val Loss: 0.6285 Acc: 0.6694 F1: 0.6585 | Train Meta: MetaNormμ:3.4873 | Val Meta: MetaNormμ:3.4873
Validation Loss decreased (0.631745 --> 0.628546). Saving best model...
Epoch   5/50 | Train Loss: 0.6159 Acc: 0.6468 F1: 0.6467 | Val Loss: 0.6097 Acc: 0.6529 F1: 0.6519 | Train Meta: MetaNormμ:3.4873 | Val Meta: MetaNormμ:3.4873
Validation Loss decreased (0.628546 --> 0.609693). Saving best model...
Epoch   6/50 | Train Loss: 0.6012 Acc: 0.6752 F1: 0.6752 | Val Loss: 0.6015 Acc: 0.6804 F1: 0.6801 | Train Meta: MetaNormμ:3.4873 | Val Meta: MetaNormμ:3.4873
Validation Loss decreased (0.609693 --> 0.601465). Saving best model...
Epoch   7/50 | Train Loss: 0.5973 Acc: 0.6752 F1: 0.6752 | Val Loss: 0.5985 Acc: 0.6777 F1: 0.6752 | Train Meta: MetaNormμ:3.4873 | Val Meta: MetaNormμ:3.4873
Validation Loss decreased (0.601465 --> 0.598547). Saving best model...
Epoch   8/50 | Train Loss: 0.5984 Acc: 0.6703 F1: 0.6702 | Val Loss: 0.5937 Acc: 0.6915 F1: 0.6897 | Train Meta: MetaNormμ:3.4873 | Val Meta: MetaNormμ:3.4873
Validation Loss decreased (0.598547 --> 0.593679). Saving best model...
Epoch   9/50 | Train Loss: 0.6017 Acc: 0.6682 F1: 0.6682 | Val Loss: 0.5881 Acc: 0.6942 F1: 0.6942 | Train Meta: MetaNormμ:3.4873 | Val Meta: MetaNormμ:3.4873
Validation Loss decreased (0.593679 --> 0.588114). Saving best model...
Epoch  10/50 | Train Loss: 0.5853 Acc: 0.6854 F1: 0.6853 | Val Loss: 0.5932 Acc: 0.6584 F1: 0.6526 | Train Meta: MetaNormμ:3.4873 | Val Meta: MetaNormμ:3.4873
Epoch  11/50 | Train Loss: 0.5870 Acc: 0.6850 F1: 0.6850 | Val Loss: 0.5849 Acc: 0.6804 F1: 0.6797 | Train Meta: MetaNormμ:3.4873 | Val Meta: MetaNormμ:3.4873
Validation Loss decreased (0.588114 --> 0.584913). Saving best model...
Epoch  12/50 | Train Loss: 0.5869 Acc: 0.6826 F1: 0.6826 | Val Loss: 0.5811 Acc: 0.6887 F1: 0.6878 | Train Meta: MetaNormμ:3.4873 | Val Meta: MetaNormμ:3.4873
Validation Loss decreased (0.584913 --> 0.581108). Saving best model...
Epoch  13/50 | Train Loss: 0.5843 Acc: 0.6893 F1: 0.6893 | Val Loss: 0.6099 Acc: 0.6584 F1: 0.6396 | Train Meta: MetaNormμ:3.4873 | Val Meta: MetaNormμ:3.4873
Epoch  14/50 | Train Loss: 0.5782 Acc: 0.6890 F1: 0.6890 | Val Loss: 0.5743 Acc: 0.6942 F1: 0.6941 | Train Meta: MetaNormμ:3.4873 | Val Meta: MetaNormμ:3.4873
Validation Loss decreased (0.581108 --> 0.574254). Saving best model...
Epoch  15/50 | Train Loss: 0.5749 Acc: 0.6869 F1: 0.6868 | Val Loss: 0.5975 Acc: 0.6667 F1: 0.6505 | Train Meta: MetaNormμ:3.4873 | Val Meta: MetaNormμ:3.4873
Epoch  16/50 | Train Loss: 0.5742 Acc: 0.6942 F1: 0.6942 | Val Loss: 0.5721 Acc: 0.7135 F1: 0.7105 | Train Meta: MetaNormμ:3.4873 | Val Meta: MetaNormμ:3.4873
Validation Loss decreased (0.574254 --> 0.572076). Saving best model...
Epoch  17/50 | Train Loss: 0.5660 Acc: 0.7120 F1: 0.7120 | Val Loss: 0.5635 Acc: 0.7163 F1: 0.7158 | Train Meta: MetaNormμ:3.4873 | Val Meta: MetaNormμ:3.4873
Validation Loss decreased (0.572076 --> 0.563537). Saving best model...
Epoch  18/50 | Train Loss: 0.5682 Acc: 0.7050 F1: 0.7050 | Val Loss: 0.5731 Acc: 0.6942 F1: 0.6878 | Train Meta: MetaNormμ:3.4873 | Val Meta: MetaNormμ:3.4873
Epoch  19/50 | Train Loss: 0.5649 Acc: 0.7154 F1: 0.7153 | Val Loss: 0.5706 Acc: 0.7190 F1: 0.7161 | Train Meta: MetaNormμ:3.4873 | Val Meta: MetaNormμ:3.4873
Epoch  20/50 | Train Loss: 0.5645 Acc: 0.7016 F1: 0.7016 | Val Loss: 0.5601 Acc: 0.7218 F1: 0.7216 | Train Meta: MetaNormμ:3.4873 | Val Meta: MetaNormμ:3.4873
Validation Loss decreased (0.563537 --> 0.560146). Saving best model...
Epoch  21/50 | Train Loss: 0.5610 Acc: 0.7065 F1: 0.7065 | Val Loss: 0.5596 Acc: 0.7135 F1: 0.7129 | Train Meta: MetaNormμ:3.4873 | Val Meta: MetaNormμ:3.4873
Validation Loss decreased (0.560146 --> 0.559593). Saving best model...
Epoch  22/50 | Train Loss: 0.5594 Acc: 0.7047 F1: 0.7047 | Val Loss: 0.5532 Acc: 0.7163 F1: 0.7162 | Train Meta: MetaNormμ:3.4873 | Val Meta: MetaNormμ:3.4873
Validation Loss decreased (0.559593 --> 0.553207). Saving best model...
Epoch  23/50 | Train Loss: 0.5583 Acc: 0.7154 F1: 0.7153 | Val Loss: 0.5555 Acc: 0.7328 F1: 0.7323 | Train Meta: MetaNormμ:3.4873 | Val Meta: MetaNormμ:3.4873
Epoch  24/50 | Train Loss: 0.5598 Acc: 0.7111 F1: 0.7111 | Val Loss: 0.5487 Acc: 0.7190 F1: 0.7184 | Train Meta: MetaNormμ:3.4873 | Val Meta: MetaNormμ:3.4873
Validation Loss decreased (0.553207 --> 0.548693). Saving best model...
Epoch  25/50 | Train Loss: 0.5573 Acc: 0.7068 F1: 0.7068 | Val Loss: 0.5525 Acc: 0.7107 F1: 0.7075 | Train Meta: MetaNormμ:3.4873 | Val Meta: MetaNormμ:3.4873
Epoch  26/50 | Train Loss: 0.5498 Acc: 0.7178 F1: 0.7178 | Val Loss: 0.5476 Acc: 0.7300 F1: 0.7300 | Train Meta: MetaNormμ:3.4873 | Val Meta: MetaNormμ:3.4873
Validation Loss decreased (0.548693 --> 0.547558). Saving best model...
Epoch  27/50 | Train Loss: 0.5498 Acc: 0.7212 F1: 0.7212 | Val Loss: 0.5480 Acc: 0.7328 F1: 0.7325 | Train Meta: MetaNormμ:3.4873 | Val Meta: MetaNormμ:3.4873
Epoch  28/50 | Train Loss: 0.5508 Acc: 0.7209 F1: 0.7209 | Val Loss: 0.5502 Acc: 0.7245 F1: 0.7230 | Train Meta: MetaNormμ:3.4873 | Val Meta: MetaNormμ:3.4873
Epoch  29/50 | Train Loss: 0.5487 Acc: 0.7178 F1: 0.7178 | Val Loss: 0.5455 Acc: 0.7190 F1: 0.7174 | Train Meta: MetaNormμ:3.4873 | Val Meta: MetaNormμ:3.4873
Validation Loss decreased (0.547558 --> 0.545539). Saving best model...
Epoch  30/50 | Train Loss: 0.5450 Acc: 0.7215 F1: 0.7215 | Val Loss: 0.5600 Acc: 0.6997 F1: 0.6901 | Train Meta: MetaNormμ:3.4873 | Val Meta: MetaNormμ:3.4873
Epoch  31/50 | Train Loss: 0.5447 Acc: 0.7237 F1: 0.7236 | Val Loss: 0.5391 Acc: 0.7273 F1: 0.7272 | Train Meta: MetaNormμ:3.4873 | Val Meta: MetaNormμ:3.4873
Validation Loss decreased (0.545539 --> 0.539079). Saving best model...
Epoch  32/50 | Train Loss: 0.5462 Acc: 0.7197 F1: 0.7197 | Val Loss: 0.5379 Acc: 0.7273 F1: 0.7266 | Train Meta: MetaNormμ:3.4873 | Val Meta: MetaNormμ:3.4873
Validation Loss decreased (0.539079 --> 0.537910). Saving best model...
Epoch  33/50 | Train Loss: 0.5479 Acc: 0.7209 F1: 0.7209 | Val Loss: 0.5389 Acc: 0.7245 F1: 0.7243 | Train Meta: MetaNormμ:3.4873 | Val Meta: MetaNormμ:3.4873
Epoch  34/50 | Train Loss: 0.5448 Acc: 0.7209 F1: 0.7209 | Val Loss: 0.5575 Acc: 0.7080 F1: 0.7006 | Train Meta: MetaNormμ:3.4873 | Val Meta: MetaNormμ:3.4873
Epoch  35/50 | Train Loss: 0.5428 Acc: 0.7203 F1: 0.7203 | Val Loss: 0.5453 Acc: 0.7107 F1: 0.7047 | Train Meta: MetaNormμ:3.4873 | Val Meta: MetaNormμ:3.4873
Epoch  36/50 | Train Loss: 0.5370 Acc: 0.7304 F1: 0.7304 | Val Loss: 0.5355 Acc: 0.7218 F1: 0.7201 | Train Meta: MetaNormμ:3.4873 | Val Meta: MetaNormμ:3.4873
Validation Loss decreased (0.537910 --> 0.535499). Saving best model...
Epoch  37/50 | Train Loss: 0.5432 Acc: 0.7237 F1: 0.7237 | Val Loss: 0.5368 Acc: 0.7328 F1: 0.7320 | Train Meta: MetaNormμ:3.4873 | Val Meta: MetaNormμ:3.4873
Epoch  38/50 | Train Loss: 0.5364 Acc: 0.7396 F1: 0.7396 | Val Loss: 0.5539 Acc: 0.6970 F1: 0.6863 | Train Meta: MetaNormμ:3.4873 | Val Meta: MetaNormμ:3.4873
Epoch  39/50 | Train Loss: 0.5418 Acc: 0.7249 F1: 0.7248 | Val Loss: 0.5370 Acc: 0.7273 F1: 0.7239 | Train Meta: MetaNormμ:3.4873 | Val Meta: MetaNormμ:3.4873
Epoch  40/50 | Train Loss: 0.5335 Acc: 0.7365 F1: 0.7365 | Val Loss: 0.5419 Acc: 0.7218 F1: 0.7168 | Train Meta: MetaNormμ:3.4873 | Val Meta: MetaNormμ:3.4873
Epoch  41/50 | Train Loss: 0.5360 Acc: 0.7301 F1: 0.7301 | Val Loss: 0.5299 Acc: 0.7355 F1: 0.7346 | Train Meta: MetaNormμ:3.4873 | Val Meta: MetaNormμ:3.4873
Validation Loss decreased (0.535499 --> 0.529926). Saving best model...
Epoch  42/50 | Train Loss: 0.5322 Acc: 0.7390 F1: 0.7390 | Val Loss: 0.5257 Acc: 0.7410 F1: 0.7410 | Train Meta: MetaNormμ:3.4873 | Val Meta: MetaNormμ:3.4873
Validation Loss decreased (0.529926 --> 0.525651). Saving best model...
Epoch  43/50 | Train Loss: 0.5317 Acc: 0.7325 F1: 0.7325 | Val Loss: 0.5464 Acc: 0.7135 F1: 0.7052 | Train Meta: MetaNormμ:3.4873 | Val Meta: MetaNormμ:3.4873
Epoch  44/50 | Train Loss: 0.5286 Acc: 0.7350 F1: 0.7349 | Val Loss: 0.5504 Acc: 0.7190 F1: 0.7108 | Train Meta: MetaNormμ:3.4873 | Val Meta: MetaNormμ:3.4873
Epoch  45/50 | Train Loss: 0.5332 Acc: 0.7307 F1: 0.7307 | Val Loss: 0.5292 Acc: 0.7328 F1: 0.7309 | Train Meta: MetaNormμ:3.4873 | Val Meta: MetaNormμ:3.4873
Epoch  46/50 | Train Loss: 0.5301 Acc: 0.7356 F1: 0.7356 | Val Loss: 0.5214 Acc: 0.7438 F1: 0.7433 | Train Meta: MetaNormμ:3.4873 | Val Meta: MetaNormμ:3.4873
Validation Loss decreased (0.525651 --> 0.521410). Saving best model...
Epoch  47/50 | Train Loss: 0.5273 Acc: 0.7341 F1: 0.7341 | Val Loss: 0.5364 Acc: 0.7273 F1: 0.7228 | Train Meta: MetaNormμ:3.4873 | Val Meta: MetaNormμ:3.4873
Epoch  48/50 | Train Loss: 0.5249 Acc: 0.7420 F1: 0.7420 | Val Loss: 0.5246 Acc: 0.7355 F1: 0.7345 | Train Meta: MetaNormμ:3.4873 | Val Meta: MetaNormμ:3.4873
Epoch  49/50 | Train Loss: 0.5262 Acc: 0.7420 F1: 0.7420 | Val Loss: 0.5198 Acc: 0.7466 F1: 0.7465 | Train Meta: MetaNormμ:3.4873 | Val Meta: MetaNormμ:3.4873
Validation Loss decreased (0.521410 --> 0.519785). Saving best model...
Epoch  50/50 | Train Loss: 0.5261 Acc: 0.7371 F1: 0.7371 | Val Loss: 0.5298 Acc: 0.7300 F1: 0.7258 | Train Meta: MetaNormμ:3.4873 | Val Meta: MetaNormμ:3.4873

Classification Test Result (FordB)
Accuracy : 0.593827
F1 (macro): 0.575341
Saved attention maps for 3 sample(s) under ./runs/classification_electricity_to_FordB_laya_mixer_concat_stats/attention_maps
