nohup: ignoring input
Joint metadata preview | dataset=EthanolConcentration | domain=UEA | channels=3
   - channel_1: In the UEA domain, this channel belongs to the EthanolConcentration dataset and represents the feature channel 1. Channel statistics over the training split: mean value is 0.000, standard deviation is 1.000, minimum value is -0.938, maximum value is 5.130, median value is -0.481, and mean absolute value is 0.818.
/data/pjh_workspace/ts-env/lib/python3.8/site-packages/torch/nn/modules/transformer.py:307: UserWarning: enable_nested_tensor is True, but self.use_nested_tensor is False because encoder_layer.norm_first was True
  warnings.warn(f"enable_nested_tensor is True, but self.use_nested_tensor is False because {why_not_sparsity_fast_path}")
==================================================
🚀 Architecture: LAYA
📊 Target Dataset: EthanolConcentration (Channels: 3)
📊 Pretrain Info: electricity
📊 Classes: 4 | Sequence Length: 1751
==================================================
✅ Loaded pretrained encoder from ./checkpoints/electricity_laya_mixer_concat_text_stats_joint/laya_ts_electricity_s_best.pt
   - 107/107 keys matched.
✅ Encoder is FROZEN (Linear Probing mode).
📝 metadata: mode=text_stats_joint, fusion=concat_kv, relation=none
ℹ️  Metadata Fusion Mode: concat_kv
ℹ️  Channel Mixer Relation Mode: none
ℹ️  Encoder Variant: default
ℹ️  Channel Adapter: disabled for Laya downstream (mixer)
ℹ️  Channel Relation Block: disabled
✅ ClassificationHead: [B, 256] → [B, 4]
Epoch   1/50 | Train Loss: 1.3692 Acc: 0.2098 F1: 0.1440 | Val Loss: 1.4552 Acc: 0.2308 F1: 0.1653 | Train Meta: MetaNormμ:5.9236 | Val Meta: MetaNormμ:5.9236
Validation Loss decreased (inf --> 1.455167). Saving best model...
Epoch   2/50 | Train Loss: 1.3625 Acc: 0.2277 F1: 0.1763 | Val Loss: 1.4239 Acc: 0.2692 F1: 0.2077 | Train Meta: MetaNormμ:5.9236 | Val Meta: MetaNormμ:5.9236
Validation Loss decreased (1.455167 --> 1.423876). Saving best model...
Epoch   3/50 | Train Loss: 1.3304 Acc: 0.2634 F1: 0.2219 | Val Loss: 1.4356 Acc: 0.2308 F1: 0.1892 | Train Meta: MetaNormμ:5.9236 | Val Meta: MetaNormμ:5.9236
Epoch   4/50 | Train Loss: 1.3389 Acc: 0.2232 F1: 0.1938 | Val Loss: 1.4135 Acc: 0.3846 F1: 0.2253 | Train Meta: MetaNormμ:5.9236 | Val Meta: MetaNormμ:5.9236
Validation Loss decreased (1.423876 --> 1.413529). Saving best model...
Epoch   5/50 | Train Loss: 1.3216 Acc: 0.2545 F1: 0.1695 | Val Loss: 1.4383 Acc: 0.2308 F1: 0.1420 | Train Meta: MetaNormμ:5.9236 | Val Meta: MetaNormμ:5.9236
Epoch   6/50 | Train Loss: 1.3262 Acc: 0.2500 F1: 0.2370 | Val Loss: 1.4216 Acc: 0.3846 F1: 0.2978 | Train Meta: MetaNormμ:5.9236 | Val Meta: MetaNormμ:5.9236
Epoch   7/50 | Train Loss: 1.3239 Acc: 0.2634 F1: 0.2274 | Val Loss: 1.4285 Acc: 0.2308 F1: 0.1420 | Train Meta: MetaNormμ:5.9236 | Val Meta: MetaNormμ:5.9236
Epoch   8/50 | Train Loss: 1.3242 Acc: 0.2902 F1: 0.2801 | Val Loss: 1.4160 Acc: 0.2308 F1: 0.1915 | Train Meta: MetaNormμ:5.9236 | Val Meta: MetaNormμ:5.9236
Epoch   9/50 | Train Loss: 1.3307 Acc: 0.2098 F1: 0.1859 | Val Loss: 1.3967 Acc: 0.3462 F1: 0.2045 | Train Meta: MetaNormμ:5.9236 | Val Meta: MetaNormμ:5.9236
Validation Loss decreased (1.413529 --> 1.396673). Saving best model...
Epoch  10/50 | Train Loss: 1.3185 Acc: 0.2634 F1: 0.1947 | Val Loss: 1.4346 Acc: 0.1538 F1: 0.1146 | Train Meta: MetaNormμ:5.9236 | Val Meta: MetaNormμ:5.9236
Epoch  11/50 | Train Loss: 1.3266 Acc: 0.2455 F1: 0.2231 | Val Loss: 1.4122 Acc: 0.2692 F1: 0.2266 | Train Meta: MetaNormμ:5.9236 | Val Meta: MetaNormμ:5.9236
Epoch  12/50 | Train Loss: 1.3160 Acc: 0.2500 F1: 0.2250 | Val Loss: 1.4332 Acc: 0.3077 F1: 0.2405 | Train Meta: MetaNormμ:5.9236 | Val Meta: MetaNormμ:5.9236
Epoch  13/50 | Train Loss: 1.3089 Acc: 0.2991 F1: 0.2533 | Val Loss: 1.3709 Acc: 0.3846 F1: 0.2253 | Train Meta: MetaNormμ:5.9236 | Val Meta: MetaNormμ:5.9236
Validation Loss decreased (1.396673 --> 1.370868). Saving best model...
Epoch  14/50 | Train Loss: 1.3119 Acc: 0.3125 F1: 0.2982 | Val Loss: 1.4453 Acc: 0.2308 F1: 0.1667 | Train Meta: MetaNormμ:5.9236 | Val Meta: MetaNormμ:5.9236
Epoch  15/50 | Train Loss: 1.3074 Acc: 0.2857 F1: 0.2202 | Val Loss: 1.3733 Acc: 0.3462 F1: 0.2045 | Train Meta: MetaNormμ:5.9236 | Val Meta: MetaNormμ:5.9236
Epoch  16/50 | Train Loss: 1.3204 Acc: 0.2589 F1: 0.2228 | Val Loss: 1.4514 Acc: 0.1154 F1: 0.0600 | Train Meta: MetaNormμ:5.9236 | Val Meta: MetaNormμ:5.9236
Epoch  17/50 | Train Loss: 1.3060 Acc: 0.2812 F1: 0.2300 | Val Loss: 1.4096 Acc: 0.3077 F1: 0.2354 | Train Meta: MetaNormμ:5.9236 | Val Meta: MetaNormμ:5.9236
Epoch  18/50 | Train Loss: 1.3024 Acc: 0.3214 F1: 0.2390 | Val Loss: 1.4240 Acc: 0.2308 F1: 0.2051 | Train Meta: MetaNormμ:5.9236 | Val Meta: MetaNormμ:5.9236
Epoch  19/50 | Train Loss: 1.3103 Acc: 0.2634 F1: 0.2638 | Val Loss: 1.3865 Acc: 0.3077 F1: 0.2074 | Train Meta: MetaNormμ:5.9236 | Val Meta: MetaNormμ:5.9236
Epoch  20/50 | Train Loss: 1.3054 Acc: 0.2857 F1: 0.2389 | Val Loss: 1.4098 Acc: 0.2692 F1: 0.2583 | Train Meta: MetaNormμ:5.9236 | Val Meta: MetaNormμ:5.9236
Epoch  21/50 | Train Loss: 1.3095 Acc: 0.3036 F1: 0.2416 | Val Loss: 1.4409 Acc: 0.1538 F1: 0.1239 | Train Meta: MetaNormμ:5.9236 | Val Meta: MetaNormμ:5.9236
Epoch  22/50 | Train Loss: 1.3104 Acc: 0.2946 F1: 0.2539 | Val Loss: 1.4087 Acc: 0.3846 F1: 0.2996 | Train Meta: MetaNormμ:5.9236 | Val Meta: MetaNormμ:5.9236
Epoch  23/50 | Train Loss: 1.2964 Acc: 0.3080 F1: 0.3026 | Val Loss: 1.4118 Acc: 0.2308 F1: 0.1818 | Train Meta: MetaNormμ:5.9236 | Val Meta: MetaNormμ:5.9236
Epoch  24/50 | Train Loss: 1.3100 Acc: 0.3080 F1: 0.2653 | Val Loss: 1.4217 Acc: 0.3462 F1: 0.2742 | Train Meta: MetaNormμ:5.9236 | Val Meta: MetaNormμ:5.9236
Epoch  25/50 | Train Loss: 1.3041 Acc: 0.2634 F1: 0.1876 | Val Loss: 1.4497 Acc: 0.1923 F1: 0.1409 | Train Meta: MetaNormμ:5.9236 | Val Meta: MetaNormμ:5.9236
Epoch  26/50 | Train Loss: 1.2968 Acc: 0.3214 F1: 0.2909 | Val Loss: 1.4115 Acc: 0.2692 F1: 0.2250 | Train Meta: MetaNormμ:5.9236 | Val Meta: MetaNormμ:5.9236
Epoch  27/50 | Train Loss: 1.3115 Acc: 0.2679 F1: 0.2091 | Val Loss: 1.4179 Acc: 0.3077 F1: 0.2822 | Train Meta: MetaNormμ:5.9236 | Val Meta: MetaNormμ:5.9236
Epoch  28/50 | Train Loss: 1.3245 Acc: 0.2679 F1: 0.2013 | Val Loss: 1.4039 Acc: 0.3077 F1: 0.2532 | Train Meta: MetaNormμ:5.9236 | Val Meta: MetaNormμ:5.9236
Epoch  29/50 | Train Loss: 1.2898 Acc: 0.3125 F1: 0.3112 | Val Loss: 1.4327 Acc: 0.1538 F1: 0.1530 | Train Meta: MetaNormμ:5.9236 | Val Meta: MetaNormμ:5.9236
Epoch  30/50 | Train Loss: 1.2986 Acc: 0.2857 F1: 0.2781 | Val Loss: 1.4061 Acc: 0.3077 F1: 0.3047 | Train Meta: MetaNormμ:5.9236 | Val Meta: MetaNormμ:5.9236
Epoch  31/50 | Train Loss: 1.3093 Acc: 0.2946 F1: 0.2486 | Val Loss: 1.4431 Acc: 0.2308 F1: 0.2315 | Train Meta: MetaNormμ:5.9236 | Val Meta: MetaNormμ:5.9236
Epoch  32/50 | Train Loss: 1.2985 Acc: 0.3214 F1: 0.3004 | Val Loss: 1.3788 Acc: 0.2692 F1: 0.2207 | Train Meta: MetaNormμ:5.9236 | Val Meta: MetaNormμ:5.9236
Epoch  33/50 | Train Loss: 1.2999 Acc: 0.2902 F1: 0.2577 | Val Loss: 1.4274 Acc: 0.2308 F1: 0.1841 | Train Meta: MetaNormμ:5.9236 | Val Meta: MetaNormμ:5.9236
Epoch  34/50 | Train Loss: 1.2943 Acc: 0.2723 F1: 0.2588 | Val Loss: 1.4088 Acc: 0.2692 F1: 0.2722 | Train Meta: MetaNormμ:5.9236 | Val Meta: MetaNormμ:5.9236
Epoch  35/50 | Train Loss: 1.3010 Acc: 0.3080 F1: 0.2858 | Val Loss: 1.4137 Acc: 0.3077 F1: 0.2978 | Train Meta: MetaNormμ:5.9236 | Val Meta: MetaNormμ:5.9236
Epoch  36/50 | Train Loss: 1.2912 Acc: 0.2723 F1: 0.2425 | Val Loss: 1.3930 Acc: 0.3077 F1: 0.2993 | Train Meta: MetaNormμ:5.9236 | Val Meta: MetaNormμ:5.9236
Epoch  37/50 | Train Loss: 1.3110 Acc: 0.2768 F1: 0.2541 | Val Loss: 1.4236 Acc: 0.3077 F1: 0.2409 | Train Meta: MetaNormμ:5.9236 | Val Meta: MetaNormμ:5.9236
Epoch  38/50 | Train Loss: 1.3044 Acc: 0.2857 F1: 0.2694 | Val Loss: 1.3895 Acc: 0.3462 F1: 0.2847 | Train Meta: MetaNormμ:5.9236 | Val Meta: MetaNormμ:5.9236
Epoch  39/50 | Train Loss: 1.2989 Acc: 0.2679 F1: 0.2623 | Val Loss: 1.4334 Acc: 0.2308 F1: 0.2153 | Train Meta: MetaNormμ:5.9236 | Val Meta: MetaNormμ:5.9236
Epoch  40/50 | Train Loss: 1.2992 Acc: 0.3036 F1: 0.3090 | Val Loss: 1.4101 Acc: 0.3077 F1: 0.2548 | Train Meta: MetaNormμ:5.9236 | Val Meta: MetaNormμ:5.9236
Epoch  41/50 | Train Loss: 1.2872 Acc: 0.3259 F1: 0.3258 | Val Loss: 1.4127 Acc: 0.2692 F1: 0.2321 | Train Meta: MetaNormμ:5.9236 | Val Meta: MetaNormμ:5.9236
Epoch  42/50 | Train Loss: 1.2898 Acc: 0.3170 F1: 0.2966 | Val Loss: 1.3939 Acc: 0.2692 F1: 0.2714 | Train Meta: MetaNormμ:5.9236 | Val Meta: MetaNormμ:5.9236
Epoch  43/50 | Train Loss: 1.2913 Acc: 0.3527 F1: 0.3454 | Val Loss: 1.3887 Acc: 0.2692 F1: 0.2610 | Train Meta: MetaNormμ:5.9236 | Val Meta: MetaNormμ:5.9236
Epoch  44/50 | Train Loss: 1.2920 Acc: 0.3259 F1: 0.2805 | Val Loss: 1.3945 Acc: 0.3077 F1: 0.2604 | Train Meta: MetaNormμ:5.9236 | Val Meta: MetaNormμ:5.9236
Epoch  45/50 | Train Loss: 1.2915 Acc: 0.3170 F1: 0.2901 | Val Loss: 1.4066 Acc: 0.3077 F1: 0.2371 | Train Meta: MetaNormμ:5.9236 | Val Meta: MetaNormμ:5.9236
Epoch  46/50 | Train Loss: 1.2961 Acc: 0.2946 F1: 0.2546 | Val Loss: 1.3863 Acc: 0.2692 F1: 0.2260 | Train Meta: MetaNormμ:5.9236 | Val Meta: MetaNormμ:5.9236
Epoch  47/50 | Train Loss: 1.2977 Acc: 0.3080 F1: 0.3036 | Val Loss: 1.3999 Acc: 0.3077 F1: 0.2576 | Train Meta: MetaNormμ:5.9236 | Val Meta: MetaNormμ:5.9236
Epoch  48/50 | Train Loss: 1.2798 Acc: 0.3304 F1: 0.2948 | Val Loss: 1.4166 Acc: 0.2692 F1: 0.2683 | Train Meta: MetaNormμ:5.9236 | Val Meta: MetaNormμ:5.9236
Epoch  49/50 | Train Loss: 1.2828 Acc: 0.3393 F1: 0.2898 | Val Loss: 1.4149 Acc: 0.2692 F1: 0.2424 | Train Meta: MetaNormμ:5.9236 | Val Meta: MetaNormμ:5.9236
Epoch  50/50 | Train Loss: 1.3140 Acc: 0.2946 F1: 0.2697 | Val Loss: 1.3635 Acc: 0.2692 F1: 0.1742 | Train Meta: MetaNormμ:5.9236 | Val Meta: MetaNormμ:5.9236
Validation Loss decreased (1.370868 --> 1.363509). Saving best model...

Classification Test Result (EthanolConcentration)
Accuracy : 0.273764
F1 (macro): 0.229366
Saved attention maps for 3 sample(s) under ./runs/classification_electricity_to_EthanolConcentration_laya_mixer_concat_text_stats_joint/attention_maps
Joint metadata preview | dataset=FaceDetection | domain=UEA | channels=144
   - channel_1: In the UEA domain, this channel belongs to the FaceDetection dataset and represents the feature channel 1. Channel statistics over the training split: mean value is -0.000, standard deviation is 1.000, minimum value is -12.951, maximum value is 17.778, median value is -0.001, and mean absolute value is 0.760.
/data/pjh_workspace/ts-env/lib/python3.8/site-packages/torch/nn/modules/transformer.py:307: UserWarning: enable_nested_tensor is True, but self.use_nested_tensor is False because encoder_layer.norm_first was True
  warnings.warn(f"enable_nested_tensor is True, but self.use_nested_tensor is False because {why_not_sparsity_fast_path}")
==================================================
🚀 Architecture: LAYA
📊 Target Dataset: FaceDetection (Channels: 144)
📊 Pretrain Info: electricity
📊 Classes: 2 | Sequence Length: 62
==================================================
✅ Loaded pretrained encoder from ./checkpoints/electricity_laya_mixer_concat_text_stats_joint/laya_ts_electricity_s_best.pt
   - 107/107 keys matched.
✅ Encoder is FROZEN (Linear Probing mode).
📝 metadata: mode=text_stats_joint, fusion=concat_kv, relation=none
ℹ️  Metadata Fusion Mode: concat_kv
ℹ️  Channel Mixer Relation Mode: none
ℹ️  Encoder Variant: default
ℹ️  Channel Adapter: disabled for Laya downstream (mixer)
ℹ️  Channel Relation Block: disabled
✅ ClassificationHead: [B, 256] → [B, 2]
Epoch   1/50 | Train Loss: 0.7024 Acc: 0.4938 F1: 0.4935 | Val Loss: 0.7003 Acc: 0.4839 F1: 0.3346 | Train Meta: MetaNormμ:6.1757 | Val Meta: MetaNormμ:6.1757
Validation Loss decreased (inf --> 0.700310). Saving best model...
Epoch   2/50 | Train Loss: 0.7041 Acc: 0.4994 F1: 0.4985 | Val Loss: 0.7220 Acc: 0.4805 F1: 0.3245 | Train Meta: MetaNormμ:6.1757 | Val Meta: MetaNormμ:6.1757
Epoch   3/50 | Train Loss: 0.7045 Acc: 0.4962 F1: 0.4962 | Val Loss: 0.6933 Acc: 0.5280 F1: 0.5065 | Train Meta: MetaNormμ:6.1757 | Val Meta: MetaNormμ:6.1757
Validation Loss decreased (0.700310 --> 0.693310). Saving best model...
Epoch   4/50 | Train Loss: 0.6996 Acc: 0.5034 F1: 0.5030 | Val Loss: 0.7024 Acc: 0.5195 F1: 0.3451 | Train Meta: MetaNormμ:6.1757 | Val Meta: MetaNormμ:6.1757
Epoch   5/50 | Train Loss: 0.7004 Acc: 0.4985 F1: 0.4985 | Val Loss: 0.6943 Acc: 0.5025 F1: 0.4771 | Train Meta: MetaNormμ:6.1757 | Val Meta: MetaNormμ:6.1757
Epoch   6/50 | Train Loss: 0.6995 Acc: 0.5028 F1: 0.5028 | Val Loss: 0.6930 Acc: 0.5110 F1: 0.4895 | Train Meta: MetaNormμ:6.1757 | Val Meta: MetaNormμ:6.1757
Validation Loss decreased (0.693310 --> 0.692970). Saving best model...
Epoch   7/50 | Train Loss: 0.7041 Acc: 0.5115 F1: 0.5109 | Val Loss: 0.6928 Acc: 0.5178 F1: 0.4663 | Train Meta: MetaNormμ:6.1757 | Val Meta: MetaNormμ:6.1757
Validation Loss decreased (0.692970 --> 0.692790). Saving best model...
Epoch   8/50 | Train Loss: 0.6989 Acc: 0.4981 F1: 0.4981 | Val Loss: 0.7109 Acc: 0.5195 F1: 0.3451 | Train Meta: MetaNormμ:6.1757 | Val Meta: MetaNormμ:6.1757
Epoch   9/50 | Train Loss: 0.6993 Acc: 0.5187 F1: 0.5186 | Val Loss: 0.7182 Acc: 0.4805 F1: 0.3274 | Train Meta: MetaNormμ:6.1757 | Val Meta: MetaNormμ:6.1757
Epoch  10/50 | Train Loss: 0.6976 Acc: 0.5042 F1: 0.5028 | Val Loss: 0.6950 Acc: 0.4873 F1: 0.4351 | Train Meta: MetaNormμ:6.1757 | Val Meta: MetaNormμ:6.1757
Epoch  11/50 | Train Loss: 0.7016 Acc: 0.4883 F1: 0.4883 | Val Loss: 0.6927 Acc: 0.5042 F1: 0.4562 | Train Meta: MetaNormμ:6.1757 | Val Meta: MetaNormμ:6.1757
Validation Loss decreased (0.692790 --> 0.692719). Saving best model...
Epoch  12/50 | Train Loss: 0.6992 Acc: 0.5034 F1: 0.5033 | Val Loss: 0.6938 Acc: 0.5127 F1: 0.4938 | Train Meta: MetaNormμ:6.1757 | Val Meta: MetaNormμ:6.1757
Epoch  13/50 | Train Loss: 0.6978 Acc: 0.4991 F1: 0.4986 | Val Loss: 0.6937 Acc: 0.5314 F1: 0.5273 | Train Meta: MetaNormμ:6.1757 | Val Meta: MetaNormμ:6.1757
Epoch  14/50 | Train Loss: 0.6960 Acc: 0.5191 F1: 0.5171 | Val Loss: 0.6930 Acc: 0.5144 F1: 0.4587 | Train Meta: MetaNormμ:6.1757 | Val Meta: MetaNormμ:6.1757
Epoch  15/50 | Train Loss: 0.7001 Acc: 0.5015 F1: 0.5002 | Val Loss: 0.7023 Acc: 0.4788 F1: 0.3348 | Train Meta: MetaNormμ:6.1757 | Val Meta: MetaNormμ:6.1757
Epoch  16/50 | Train Loss: 0.6983 Acc: 0.5076 F1: 0.5075 | Val Loss: 0.7054 Acc: 0.4805 F1: 0.3302 | Train Meta: MetaNormμ:6.1757 | Val Meta: MetaNormμ:6.1757
Epoch  17/50 | Train Loss: 0.6978 Acc: 0.5009 F1: 0.5008 | Val Loss: 0.6936 Acc: 0.5178 F1: 0.4044 | Train Meta: MetaNormμ:6.1757 | Val Meta: MetaNormμ:6.1757
Epoch  18/50 | Train Loss: 0.6971 Acc: 0.5057 F1: 0.5050 | Val Loss: 0.6933 Acc: 0.5076 F1: 0.4367 | Train Meta: MetaNormμ:6.1757 | Val Meta: MetaNormμ:6.1757
Epoch  19/50 | Train Loss: 0.6973 Acc: 0.5004 F1: 0.4997 | Val Loss: 0.7011 Acc: 0.4771 F1: 0.3367 | Train Meta: MetaNormμ:6.1757 | Val Meta: MetaNormμ:6.1757
Epoch  20/50 | Train Loss: 0.6979 Acc: 0.5079 F1: 0.5077 | Val Loss: 0.7026 Acc: 0.4805 F1: 0.3383 | Train Meta: MetaNormμ:6.1757 | Val Meta: MetaNormμ:6.1757
Epoch  21/50 | Train Loss: 0.6979 Acc: 0.5111 F1: 0.5105 | Val Loss: 0.6952 Acc: 0.4992 F1: 0.4797 | Train Meta: MetaNormμ:6.1757 | Val Meta: MetaNormμ:6.1757
Epoch  22/50 | Train Loss: 0.6985 Acc: 0.5017 F1: 0.5017 | Val Loss: 0.7222 Acc: 0.4805 F1: 0.3245 | Train Meta: MetaNormμ:6.1757 | Val Meta: MetaNormμ:6.1757
Epoch  23/50 | Train Loss: 0.6990 Acc: 0.5034 F1: 0.5022 | Val Loss: 0.6954 Acc: 0.5280 F1: 0.3811 | Train Meta: MetaNormμ:6.1757 | Val Meta: MetaNormμ:6.1757
Epoch  24/50 | Train Loss: 0.6967 Acc: 0.5034 F1: 0.5032 | Val Loss: 0.6940 Acc: 0.5110 F1: 0.5050 | Train Meta: MetaNormμ:6.1757 | Val Meta: MetaNormμ:6.1757
Epoch  25/50 | Train Loss: 0.6969 Acc: 0.5087 F1: 0.5076 | Val Loss: 0.6988 Acc: 0.4839 F1: 0.3975 | Train Meta: MetaNormμ:6.1757 | Val Meta: MetaNormμ:6.1757
Epoch  26/50 | Train Loss: 0.6958 Acc: 0.5110 F1: 0.5100 | Val Loss: 0.6994 Acc: 0.4890 F1: 0.3810 | Train Meta: MetaNormμ:6.1757 | Val Meta: MetaNormμ:6.1757
Epoch  27/50 | Train Loss: 0.6963 Acc: 0.5074 F1: 0.5072 | Val Loss: 0.6942 Acc: 0.5093 F1: 0.4015 | Train Meta: MetaNormμ:6.1757 | Val Meta: MetaNormμ:6.1757
Epoch  28/50 | Train Loss: 0.6967 Acc: 0.5068 F1: 0.5068 | Val Loss: 0.6959 Acc: 0.5212 F1: 0.3749 | Train Meta: MetaNormμ:6.1757 | Val Meta: MetaNormμ:6.1757
Epoch  29/50 | Train Loss: 0.6953 Acc: 0.5100 F1: 0.5094 | Val Loss: 0.7021 Acc: 0.4788 F1: 0.3321 | Train Meta: MetaNormμ:6.1757 | Val Meta: MetaNormμ:6.1757
Epoch  30/50 | Train Loss: 0.6972 Acc: 0.5017 F1: 0.5013 | Val Loss: 0.6957 Acc: 0.5229 F1: 0.3617 | Train Meta: MetaNormμ:6.1757 | Val Meta: MetaNormμ:6.1757
Epoch  31/50 | Train Loss: 0.6943 Acc: 0.5128 F1: 0.5116 | Val Loss: 0.7028 Acc: 0.4805 F1: 0.3302 | Train Meta: MetaNormμ:6.1757 | Val Meta: MetaNormμ:6.1757
Epoch  32/50 | Train Loss: 0.6941 Acc: 0.5096 F1: 0.5080 | Val Loss: 0.6946 Acc: 0.4754 F1: 0.4750 | Train Meta: MetaNormμ:6.1757 | Val Meta: MetaNormμ:6.1757
Epoch  33/50 | Train Loss: 0.6968 Acc: 0.5074 F1: 0.5071 | Val Loss: 0.6981 Acc: 0.4992 F1: 0.4145 | Train Meta: MetaNormμ:6.1757 | Val Meta: MetaNormμ:6.1757
Epoch  34/50 | Train Loss: 0.6950 Acc: 0.5115 F1: 0.5084 | Val Loss: 0.6966 Acc: 0.5229 F1: 0.3646 | Train Meta: MetaNormμ:6.1757 | Val Meta: MetaNormμ:6.1757
Epoch  35/50 | Train Loss: 0.6945 Acc: 0.5053 F1: 0.5051 | Val Loss: 0.6932 Acc: 0.5076 F1: 0.3827 | Train Meta: MetaNormμ:6.1757 | Val Meta: MetaNormμ:6.1757
Epoch  36/50 | Train Loss: 0.6950 Acc: 0.5021 F1: 0.5020 | Val Loss: 0.6996 Acc: 0.4873 F1: 0.3547 | Train Meta: MetaNormμ:6.1757 | Val Meta: MetaNormμ:6.1757
Epoch  37/50 | Train Loss: 0.6958 Acc: 0.4962 F1: 0.4954 | Val Loss: 0.6943 Acc: 0.4856 F1: 0.4847 | Train Meta: MetaNormμ:6.1757 | Val Meta: MetaNormμ:6.1757
Epoch  38/50 | Train Loss: 0.6945 Acc: 0.5072 F1: 0.5064 | Val Loss: 0.6928 Acc: 0.5059 F1: 0.3864 | Train Meta: MetaNormμ:6.1757 | Val Meta: MetaNormμ:6.1757
Epoch  39/50 | Train Loss: 0.6933 Acc: 0.5157 F1: 0.5153 | Val Loss: 0.7095 Acc: 0.4805 F1: 0.3274 | Train Meta: MetaNormμ:6.1757 | Val Meta: MetaNormμ:6.1757
Epoch  40/50 | Train Loss: 0.6934 Acc: 0.5142 F1: 0.5141 | Val Loss: 0.6931 Acc: 0.5042 F1: 0.4160 | Train Meta: MetaNormμ:6.1757 | Val Meta: MetaNormμ:6.1757
Epoch  41/50 | Train Loss: 0.6938 Acc: 0.5153 F1: 0.5145 | Val Loss: 0.6970 Acc: 0.5229 F1: 0.3528 | Train Meta: MetaNormμ:6.1757 | Val Meta: MetaNormμ:6.1757
Epoch  42/50 | Train Loss: 0.6948 Acc: 0.5130 F1: 0.5130 | Val Loss: 0.6929 Acc: 0.4992 F1: 0.4423 | Train Meta: MetaNormμ:6.1757 | Val Meta: MetaNormμ:6.1757
Epoch  43/50 | Train Loss: 0.6943 Acc: 0.5076 F1: 0.5074 | Val Loss: 0.6957 Acc: 0.4924 F1: 0.4779 | Train Meta: MetaNormμ:6.1757 | Val Meta: MetaNormμ:6.1757
Epoch  44/50 | Train Loss: 0.6935 Acc: 0.5111 F1: 0.5110 | Val Loss: 0.6966 Acc: 0.4941 F1: 0.4040 | Train Meta: MetaNormμ:6.1757 | Val Meta: MetaNormμ:6.1757
Epoch  45/50 | Train Loss: 0.6941 Acc: 0.5093 F1: 0.5081 | Val Loss: 0.6939 Acc: 0.5144 F1: 0.5138 | Train Meta: MetaNormμ:6.1757 | Val Meta: MetaNormμ:6.1757
Epoch  46/50 | Train Loss: 0.6943 Acc: 0.5113 F1: 0.5101 | Val Loss: 0.6932 Acc: 0.5229 F1: 0.5099 | Train Meta: MetaNormμ:6.1757 | Val Meta: MetaNormμ:6.1757
Epoch  47/50 | Train Loss: 0.6951 Acc: 0.4919 F1: 0.4914 | Val Loss: 0.7012 Acc: 0.4822 F1: 0.3544 | Train Meta: MetaNormμ:6.1757 | Val Meta: MetaNormμ:6.1757
Epoch  48/50 | Train Loss: 0.6937 Acc: 0.5130 F1: 0.5125 | Val Loss: 0.6999 Acc: 0.4890 F1: 0.3629 | Train Meta: MetaNormμ:6.1757 | Val Meta: MetaNormμ:6.1757
Epoch  49/50 | Train Loss: 0.6927 Acc: 0.5134 F1: 0.5114 | Val Loss: 0.6959 Acc: 0.5008 F1: 0.4740 | Train Meta: MetaNormμ:6.1757 | Val Meta: MetaNormμ:6.1757
Epoch  50/50 | Train Loss: 0.6930 Acc: 0.5134 F1: 0.5130 | Val Loss: 0.6967 Acc: 0.4856 F1: 0.4548 | Train Meta: MetaNormμ:6.1757 | Val Meta: MetaNormμ:6.1757

Classification Test Result (FaceDetection)
Accuracy : 0.495176
F1 (macro): 0.464842
Saved attention maps for 3 sample(s) under ./runs/classification_electricity_to_FaceDetection_laya_mixer_concat_text_stats_joint/attention_maps
Joint metadata preview | dataset=Handwriting | domain=UEA | channels=3
   - channel_1: In the UEA domain, this channel belongs to the Handwriting dataset and represents the feature channel 1. Channel statistics over the training split: mean value is 0.000, standard deviation is 1.000, minimum value is -5.822, maximum value is 9.137, median value is 0.004, and mean absolute value is 0.540.
/data/pjh_workspace/ts-env/lib/python3.8/site-packages/torch/nn/modules/transformer.py:307: UserWarning: enable_nested_tensor is True, but self.use_nested_tensor is False because encoder_layer.norm_first was True
  warnings.warn(f"enable_nested_tensor is True, but self.use_nested_tensor is False because {why_not_sparsity_fast_path}")
==================================================
🚀 Architecture: LAYA
📊 Target Dataset: Handwriting (Channels: 3)
📊 Pretrain Info: electricity
📊 Classes: 26 | Sequence Length: 152
==================================================
✅ Loaded pretrained encoder from ./checkpoints/electricity_laya_mixer_concat_text_stats_joint/laya_ts_electricity_s_best.pt
   - 107/107 keys matched.
✅ Encoder is FROZEN (Linear Probing mode).
📝 metadata: mode=text_stats_joint, fusion=concat_kv, relation=none
ℹ️  Metadata Fusion Mode: concat_kv
ℹ️  Channel Mixer Relation Mode: none
ℹ️  Encoder Variant: default
ℹ️  Channel Adapter: disabled for Laya downstream (mixer)
ℹ️  Channel Relation Block: disabled
✅ ClassificationHead: [B, 256] → [B, 26]
Epoch   1/50 | Train Loss: 3.2483 Acc: 0.0078 F1: 0.0020 | Val Loss: 3.2903 Acc: 0.0000 F1: 0.0000 | Train Meta: MetaNormμ:6.1359 | Val Meta: MetaNormμ:6.1359
Validation Loss decreased (inf --> 3.290255). Saving best model...
Epoch   2/50 | Train Loss: 3.0341 Acc: 0.0625 F1: 0.0230 | Val Loss: 3.3554 Acc: 0.1333 F1: 0.0449 | Train Meta: MetaNormμ:6.1359 | Val Meta: MetaNormμ:6.1359
Epoch   3/50 | Train Loss: 2.9868 Acc: 0.0859 F1: 0.0188 | Val Loss: 3.4323 Acc: 0.0667 F1: 0.0179 | Train Meta: MetaNormμ:6.1359 | Val Meta: MetaNormμ:6.1359
Epoch   4/50 | Train Loss: 2.9446 Acc: 0.0938 F1: 0.0197 | Val Loss: 3.3438 Acc: 0.1333 F1: 0.0643 | Train Meta: MetaNormμ:6.1359 | Val Meta: MetaNormμ:6.1359
Epoch   5/50 | Train Loss: 2.9260 Acc: 0.0859 F1: 0.0195 | Val Loss: 3.2986 Acc: 0.0667 F1: 0.0143 | Train Meta: MetaNormμ:6.1359 | Val Meta: MetaNormμ:6.1359
Epoch   6/50 | Train Loss: 2.8942 Acc: 0.0781 F1: 0.0227 | Val Loss: 3.2240 Acc: 0.1333 F1: 0.0489 | Train Meta: MetaNormμ:6.1359 | Val Meta: MetaNormμ:6.1359
Validation Loss decreased (3.290255 --> 3.224001). Saving best model...
Epoch   7/50 | Train Loss: 2.8585 Acc: 0.1250 F1: 0.0361 | Val Loss: 3.2105 Acc: 0.1333 F1: 0.0595 | Train Meta: MetaNormμ:6.1359 | Val Meta: MetaNormμ:6.1359
Validation Loss decreased (3.224001 --> 3.210487). Saving best model...
Epoch   8/50 | Train Loss: 2.8493 Acc: 0.1250 F1: 0.0324 | Val Loss: 3.2428 Acc: 0.1333 F1: 0.0524 | Train Meta: MetaNormμ:6.1359 | Val Meta: MetaNormμ:6.1359
Epoch   9/50 | Train Loss: 2.8211 Acc: 0.1016 F1: 0.0357 | Val Loss: 3.2510 Acc: 0.1333 F1: 0.0500 | Train Meta: MetaNormμ:6.1359 | Val Meta: MetaNormμ:6.1359
Epoch  10/50 | Train Loss: 2.7907 Acc: 0.1328 F1: 0.0573 | Val Loss: 3.2334 Acc: 0.1333 F1: 0.0556 | Train Meta: MetaNormμ:6.1359 | Val Meta: MetaNormμ:6.1359
Epoch  11/50 | Train Loss: 2.7897 Acc: 0.1016 F1: 0.0422 | Val Loss: 3.1985 Acc: 0.0667 F1: 0.0154 | Train Meta: MetaNormμ:6.1359 | Val Meta: MetaNormμ:6.1359
Validation Loss decreased (3.210487 --> 3.198549). Saving best model...
Epoch  12/50 | Train Loss: 2.7534 Acc: 0.1250 F1: 0.0512 | Val Loss: 3.1967 Acc: 0.1333 F1: 0.0600 | Train Meta: MetaNormμ:6.1359 | Val Meta: MetaNormμ:6.1359
Validation Loss decreased (3.198549 --> 3.196690). Saving best model...
Epoch  13/50 | Train Loss: 2.7521 Acc: 0.1094 F1: 0.0503 | Val Loss: 3.1681 Acc: 0.1333 F1: 0.0600 | Train Meta: MetaNormμ:6.1359 | Val Meta: MetaNormμ:6.1359
Validation Loss decreased (3.196690 --> 3.168106). Saving best model...
Epoch  14/50 | Train Loss: 2.7364 Acc: 0.1562 F1: 0.0811 | Val Loss: 3.1545 Acc: 0.0667 F1: 0.0333 | Train Meta: MetaNormμ:6.1359 | Val Meta: MetaNormμ:6.1359
Validation Loss decreased (3.168106 --> 3.154498). Saving best model...
Epoch  15/50 | Train Loss: 2.7131 Acc: 0.1719 F1: 0.0811 | Val Loss: 3.1883 Acc: 0.1333 F1: 0.0563 | Train Meta: MetaNormμ:6.1359 | Val Meta: MetaNormμ:6.1359
Epoch  16/50 | Train Loss: 2.6874 Acc: 0.1484 F1: 0.0792 | Val Loss: 3.1867 Acc: 0.1333 F1: 0.0561 | Train Meta: MetaNormμ:6.1359 | Val Meta: MetaNormμ:6.1359
Epoch  17/50 | Train Loss: 2.6655 Acc: 0.1406 F1: 0.0722 | Val Loss: 3.1728 Acc: 0.1333 F1: 0.0595 | Train Meta: MetaNormμ:6.1359 | Val Meta: MetaNormμ:6.1359
Epoch  18/50 | Train Loss: 2.6573 Acc: 0.1328 F1: 0.0609 | Val Loss: 3.1737 Acc: 0.1333 F1: 0.0667 | Train Meta: MetaNormμ:6.1359 | Val Meta: MetaNormμ:6.1359
Epoch  19/50 | Train Loss: 2.6424 Acc: 0.1328 F1: 0.0663 | Val Loss: 3.1758 Acc: 0.1333 F1: 0.0595 | Train Meta: MetaNormμ:6.1359 | Val Meta: MetaNormμ:6.1359
Epoch  20/50 | Train Loss: 2.6133 Acc: 0.1719 F1: 0.0829 | Val Loss: 3.1765 Acc: 0.1333 F1: 0.0600 | Train Meta: MetaNormμ:6.1359 | Val Meta: MetaNormμ:6.1359
Epoch  21/50 | Train Loss: 2.5872 Acc: 0.1797 F1: 0.1140 | Val Loss: 3.2212 Acc: 0.1333 F1: 0.0625 | Train Meta: MetaNormμ:6.1359 | Val Meta: MetaNormμ:6.1359
Epoch  22/50 | Train Loss: 2.5835 Acc: 0.1562 F1: 0.0946 | Val Loss: 3.2116 Acc: 0.1333 F1: 0.0625 | Train Meta: MetaNormμ:6.1359 | Val Meta: MetaNormμ:6.1359
Epoch  23/50 | Train Loss: 2.5835 Acc: 0.1641 F1: 0.0709 | Val Loss: 3.2088 Acc: 0.0667 F1: 0.0222 | Train Meta: MetaNormμ:6.1359 | Val Meta: MetaNormμ:6.1359
Epoch  24/50 | Train Loss: 2.5603 Acc: 0.1797 F1: 0.1124 | Val Loss: 3.1456 Acc: 0.0667 F1: 0.0357 | Train Meta: MetaNormμ:6.1359 | Val Meta: MetaNormμ:6.1359
Validation Loss decreased (3.154498 --> 3.145634). Saving best model...
Epoch  25/50 | Train Loss: 2.5428 Acc: 0.1953 F1: 0.1240 | Val Loss: 3.1579 Acc: 0.1333 F1: 0.0667 | Train Meta: MetaNormμ:6.1359 | Val Meta: MetaNormμ:6.1359
Epoch  26/50 | Train Loss: 2.5318 Acc: 0.2031 F1: 0.1603 | Val Loss: 3.1860 Acc: 0.1333 F1: 0.0600 | Train Meta: MetaNormμ:6.1359 | Val Meta: MetaNormμ:6.1359
Epoch  27/50 | Train Loss: 2.5240 Acc: 0.1719 F1: 0.1153 | Val Loss: 3.1628 Acc: 0.1333 F1: 0.0643 | Train Meta: MetaNormμ:6.1359 | Val Meta: MetaNormμ:6.1359
Epoch  28/50 | Train Loss: 2.5121 Acc: 0.1875 F1: 0.1343 | Val Loss: 3.1568 Acc: 0.0667 F1: 0.0333 | Train Meta: MetaNormμ:6.1359 | Val Meta: MetaNormμ:6.1359
Epoch  29/50 | Train Loss: 2.5271 Acc: 0.1797 F1: 0.1527 | Val Loss: 3.1311 Acc: 0.0667 F1: 0.0312 | Train Meta: MetaNormμ:6.1359 | Val Meta: MetaNormμ:6.1359
Validation Loss decreased (3.145634 --> 3.131135). Saving best model...
Epoch  30/50 | Train Loss: 2.4794 Acc: 0.2031 F1: 0.1532 | Val Loss: 3.1342 Acc: 0.1333 F1: 0.0625 | Train Meta: MetaNormμ:6.1359 | Val Meta: MetaNormμ:6.1359
Epoch  31/50 | Train Loss: 2.4827 Acc: 0.1953 F1: 0.1512 | Val Loss: 3.1586 Acc: 0.0667 F1: 0.0294 | Train Meta: MetaNormμ:6.1359 | Val Meta: MetaNormμ:6.1359
Epoch  32/50 | Train Loss: 2.4597 Acc: 0.2109 F1: 0.1326 | Val Loss: 3.1804 Acc: 0.0667 F1: 0.0333 | Train Meta: MetaNormμ:6.1359 | Val Meta: MetaNormμ:6.1359
Epoch  33/50 | Train Loss: 2.4513 Acc: 0.2188 F1: 0.1600 | Val Loss: 3.1629 Acc: 0.0667 F1: 0.0333 | Train Meta: MetaNormμ:6.1359 | Val Meta: MetaNormμ:6.1359
Epoch  34/50 | Train Loss: 2.4386 Acc: 0.2031 F1: 0.1603 | Val Loss: 3.1574 Acc: 0.0667 F1: 0.0357 | Train Meta: MetaNormμ:6.1359 | Val Meta: MetaNormμ:6.1359
Epoch  35/50 | Train Loss: 2.4597 Acc: 0.1875 F1: 0.1385 | Val Loss: 3.1698 Acc: 0.1333 F1: 0.1111 | Train Meta: MetaNormμ:6.1359 | Val Meta: MetaNormμ:6.1359
Epoch  36/50 | Train Loss: 2.4530 Acc: 0.2266 F1: 0.1881 | Val Loss: 3.1842 Acc: 0.1333 F1: 0.0667 | Train Meta: MetaNormμ:6.1359 | Val Meta: MetaNormμ:6.1359
Epoch  37/50 | Train Loss: 2.4076 Acc: 0.1953 F1: 0.1871 | Val Loss: 3.1297 Acc: 0.0667 F1: 0.0333 | Train Meta: MetaNormμ:6.1359 | Val Meta: MetaNormμ:6.1359
Validation Loss decreased (3.131135 --> 3.129735). Saving best model...
Epoch  38/50 | Train Loss: 2.4134 Acc: 0.2188 F1: 0.1918 | Val Loss: 3.1467 Acc: 0.1333 F1: 0.0625 | Train Meta: MetaNormμ:6.1359 | Val Meta: MetaNormμ:6.1359
Epoch  39/50 | Train Loss: 2.4109 Acc: 0.2422 F1: 0.2014 | Val Loss: 3.1505 Acc: 0.0667 F1: 0.0333 | Train Meta: MetaNormμ:6.1359 | Val Meta: MetaNormμ:6.1359
Epoch  40/50 | Train Loss: 2.3947 Acc: 0.2109 F1: 0.1734 | Val Loss: 3.1640 Acc: 0.0667 F1: 0.0294 | Train Meta: MetaNormμ:6.1359 | Val Meta: MetaNormμ:6.1359
Epoch  41/50 | Train Loss: 2.3864 Acc: 0.2344 F1: 0.2022 | Val Loss: 3.2047 Acc: 0.0667 F1: 0.0294 | Train Meta: MetaNormμ:6.1359 | Val Meta: MetaNormμ:6.1359
Epoch  42/50 | Train Loss: 2.3820 Acc: 0.2188 F1: 0.1801 | Val Loss: 3.2082 Acc: 0.1333 F1: 0.0714 | Train Meta: MetaNormμ:6.1359 | Val Meta: MetaNormμ:6.1359
Epoch  43/50 | Train Loss: 2.3614 Acc: 0.2578 F1: 0.2148 | Val Loss: 3.2253 Acc: 0.1333 F1: 0.0625 | Train Meta: MetaNormμ:6.1359 | Val Meta: MetaNormμ:6.1359
Epoch  44/50 | Train Loss: 2.3697 Acc: 0.2734 F1: 0.2385 | Val Loss: 3.1618 Acc: 0.1333 F1: 0.0729 | Train Meta: MetaNormμ:6.1359 | Val Meta: MetaNormμ:6.1359
Epoch  45/50 | Train Loss: 2.3585 Acc: 0.2656 F1: 0.2249 | Val Loss: 3.2029 Acc: 0.0667 F1: 0.0312 | Train Meta: MetaNormμ:6.1359 | Val Meta: MetaNormμ:6.1359
Epoch  46/50 | Train Loss: 2.3367 Acc: 0.2969 F1: 0.2645 | Val Loss: 3.2175 Acc: 0.0667 F1: 0.0312 | Train Meta: MetaNormμ:6.1359 | Val Meta: MetaNormμ:6.1359
Epoch  47/50 | Train Loss: 2.3283 Acc: 0.2969 F1: 0.2557 | Val Loss: 3.1752 Acc: 0.1333 F1: 0.0889 | Train Meta: MetaNormμ:6.1359 | Val Meta: MetaNormμ:6.1359
Epoch  48/50 | Train Loss: 2.3364 Acc: 0.2578 F1: 0.2273 | Val Loss: 3.1783 Acc: 0.1333 F1: 0.0778 | Train Meta: MetaNormμ:6.1359 | Val Meta: MetaNormμ:6.1359
Epoch  49/50 | Train Loss: 2.3262 Acc: 0.2656 F1: 0.2455 | Val Loss: 3.1669 Acc: 0.0667 F1: 0.0312 | Train Meta: MetaNormμ:6.1359 | Val Meta: MetaNormμ:6.1359
Epoch  50/50 | Train Loss: 2.3047 Acc: 0.2734 F1: 0.2341 | Val Loss: 3.1621 Acc: 0.1333 F1: 0.0729 | Train Meta: MetaNormμ:6.1359 | Val Meta: MetaNormμ:6.1359

Classification Test Result (Handwriting)
Accuracy : 0.049412
F1 (macro): 0.035358
Saved attention maps for 3 sample(s) under ./runs/classification_electricity_to_Handwriting_laya_mixer_concat_text_stats_joint/attention_maps
Joint metadata preview | dataset=Heartbeat | domain=UEA | channels=61
   - channel_1: In the UEA domain, this channel belongs to the Heartbeat dataset and represents the feature channel 1. Channel statistics over the training split: mean value is 0.000, standard deviation is 1.000, minimum value is -0.307, maximum value is 47.531, median value is -0.149, and mean absolute value is 0.269.
/data/pjh_workspace/ts-env/lib/python3.8/site-packages/torch/nn/modules/transformer.py:307: UserWarning: enable_nested_tensor is True, but self.use_nested_tensor is False because encoder_layer.norm_first was True
  warnings.warn(f"enable_nested_tensor is True, but self.use_nested_tensor is False because {why_not_sparsity_fast_path}")
==================================================
🚀 Architecture: LAYA
📊 Target Dataset: Heartbeat (Channels: 61)
📊 Pretrain Info: electricity
📊 Classes: 2 | Sequence Length: 405
==================================================
✅ Loaded pretrained encoder from ./checkpoints/electricity_laya_mixer_concat_text_stats_joint/laya_ts_electricity_s_best.pt
   - 107/107 keys matched.
✅ Encoder is FROZEN (Linear Probing mode).
📝 metadata: mode=text_stats_joint, fusion=concat_kv, relation=none
ℹ️  Metadata Fusion Mode: concat_kv
ℹ️  Channel Mixer Relation Mode: none
ℹ️  Encoder Variant: default
ℹ️  Channel Adapter: disabled for Laya downstream (mixer)
ℹ️  Channel Relation Block: disabled
✅ ClassificationHead: [B, 256] → [B, 2]
Epoch   1/50 | Train Loss: 0.6819 Acc: 0.6080 F1: 0.5026 | Val Loss: 0.6847 Acc: 0.7000 F1: 0.4118 | Train Meta: MetaNormμ:6.0588 | Val Meta: MetaNormμ:6.0588
Validation Loss decreased (inf --> 0.684723). Saving best model...
Epoch   2/50 | Train Loss: 0.5871 Acc: 0.7273 F1: 0.4211 | Val Loss: 0.5654 Acc: 0.6500 F1: 0.3939 | Train Meta: MetaNormμ:6.0588 | Val Meta: MetaNormμ:6.0588
Validation Loss decreased (0.684723 --> 0.565370). Saving best model...
Epoch   3/50 | Train Loss: 0.5425 Acc: 0.6989 F1: 0.4745 | Val Loss: 0.5499 Acc: 0.6500 F1: 0.3939 | Train Meta: MetaNormμ:6.0588 | Val Meta: MetaNormμ:6.0588
Validation Loss decreased (0.565370 --> 0.549888). Saving best model...
Epoch   4/50 | Train Loss: 0.5595 Acc: 0.7045 F1: 0.4479 | Val Loss: 0.5456 Acc: 0.7000 F1: 0.5312 | Train Meta: MetaNormμ:6.0588 | Val Meta: MetaNormμ:6.0588
Validation Loss decreased (0.549888 --> 0.545573). Saving best model...
Epoch   5/50 | Train Loss: 0.5474 Acc: 0.6989 F1: 0.5420 | Val Loss: 0.5432 Acc: 0.7000 F1: 0.5312 | Train Meta: MetaNormμ:6.0588 | Val Meta: MetaNormμ:6.0588
Validation Loss decreased (0.545573 --> 0.543215). Saving best model...
Epoch   6/50 | Train Loss: 0.5324 Acc: 0.7102 F1: 0.4943 | Val Loss: 0.5499 Acc: 0.6500 F1: 0.3939 | Train Meta: MetaNormμ:6.0588 | Val Meta: MetaNormμ:6.0588
Epoch   7/50 | Train Loss: 0.5362 Acc: 0.7045 F1: 0.5035 | Val Loss: 0.5411 Acc: 0.6500 F1: 0.4982 | Train Meta: MetaNormμ:6.0588 | Val Meta: MetaNormμ:6.0588
Validation Loss decreased (0.543215 --> 0.541121). Saving best model...
Epoch   8/50 | Train Loss: 0.5426 Acc: 0.6989 F1: 0.5595 | Val Loss: 0.5434 Acc: 0.7000 F1: 0.5312 | Train Meta: MetaNormμ:6.0588 | Val Meta: MetaNormμ:6.0588
Epoch   9/50 | Train Loss: 0.5505 Acc: 0.7216 F1: 0.4558 | Val Loss: 0.5582 Acc: 0.6500 F1: 0.3939 | Train Meta: MetaNormμ:6.0588 | Val Meta: MetaNormμ:6.0588
Epoch  10/50 | Train Loss: 0.5522 Acc: 0.7045 F1: 0.5718 | Val Loss: 0.5494 Acc: 0.7000 F1: 0.6000 | Train Meta: MetaNormμ:6.0588 | Val Meta: MetaNormμ:6.0588
Epoch  11/50 | Train Loss: 0.5235 Acc: 0.7159 F1: 0.5106 | Val Loss: 0.5680 Acc: 0.6500 F1: 0.3939 | Train Meta: MetaNormμ:6.0588 | Val Meta: MetaNormμ:6.0588
Epoch  12/50 | Train Loss: 0.5262 Acc: 0.7045 F1: 0.5035 | Val Loss: 0.5359 Acc: 0.7000 F1: 0.6000 | Train Meta: MetaNormμ:6.0588 | Val Meta: MetaNormμ:6.0588
Validation Loss decreased (0.541121 --> 0.535853). Saving best model...
Epoch  13/50 | Train Loss: 0.5366 Acc: 0.6932 F1: 0.5079 | Val Loss: 0.5412 Acc: 0.6500 F1: 0.3939 | Train Meta: MetaNormμ:6.0588 | Val Meta: MetaNormμ:6.0588
Epoch  14/50 | Train Loss: 0.5261 Acc: 0.7216 F1: 0.5927 | Val Loss: 0.5391 Acc: 0.6500 F1: 0.4982 | Train Meta: MetaNormμ:6.0588 | Val Meta: MetaNormμ:6.0588
Epoch  15/50 | Train Loss: 0.5192 Acc: 0.7216 F1: 0.4871 | Val Loss: 0.5415 Acc: 0.6000 F1: 0.3750 | Train Meta: MetaNormμ:6.0588 | Val Meta: MetaNormμ:6.0588
Epoch  16/50 | Train Loss: 0.5345 Acc: 0.7045 F1: 0.4776 | Val Loss: 0.5413 Acc: 0.6000 F1: 0.3750 | Train Meta: MetaNormμ:6.0588 | Val Meta: MetaNormμ:6.0588
Epoch  17/50 | Train Loss: 0.5224 Acc: 0.7216 F1: 0.5142 | Val Loss: 0.5422 Acc: 0.6000 F1: 0.3750 | Train Meta: MetaNormμ:6.0588 | Val Meta: MetaNormμ:6.0588
Epoch  18/50 | Train Loss: 0.5110 Acc: 0.7386 F1: 0.5252 | Val Loss: 0.5431 Acc: 0.6500 F1: 0.3939 | Train Meta: MetaNormμ:6.0588 | Val Meta: MetaNormμ:6.0588
Epoch  19/50 | Train Loss: 0.5157 Acc: 0.7273 F1: 0.5046 | Val Loss: 0.5427 Acc: 0.6000 F1: 0.3750 | Train Meta: MetaNormμ:6.0588 | Val Meta: MetaNormμ:6.0588
Epoch  20/50 | Train Loss: 0.5431 Acc: 0.6875 F1: 0.5429 | Val Loss: 0.5427 Acc: 0.7000 F1: 0.6000 | Train Meta: MetaNormμ:6.0588 | Val Meta: MetaNormμ:6.0588
Epoch  21/50 | Train Loss: 0.5567 Acc: 0.7273 F1: 0.5178 | Val Loss: 0.5482 Acc: 0.6500 F1: 0.3939 | Train Meta: MetaNormμ:6.0588 | Val Meta: MetaNormμ:6.0588
Epoch  22/50 | Train Loss: 0.5271 Acc: 0.7273 F1: 0.5893 | Val Loss: 0.5386 Acc: 0.6500 F1: 0.4982 | Train Meta: MetaNormμ:6.0588 | Val Meta: MetaNormμ:6.0588
Epoch  23/50 | Train Loss: 0.5144 Acc: 0.7330 F1: 0.5215 | Val Loss: 0.5605 Acc: 0.6500 F1: 0.3939 | Train Meta: MetaNormμ:6.0588 | Val Meta: MetaNormμ:6.0588
Epoch  24/50 | Train Loss: 0.5132 Acc: 0.7330 F1: 0.5939 | Val Loss: 0.5370 Acc: 0.7000 F1: 0.6000 | Train Meta: MetaNormμ:6.0588 | Val Meta: MetaNormμ:6.0588
Epoch  25/50 | Train Loss: 0.5197 Acc: 0.7102 F1: 0.5299 | Val Loss: 0.5402 Acc: 0.6000 F1: 0.3750 | Train Meta: MetaNormμ:6.0588 | Val Meta: MetaNormμ:6.0588
Epoch  26/50 | Train Loss: 0.5024 Acc: 0.7443 F1: 0.5419 | Val Loss: 0.5400 Acc: 0.6000 F1: 0.3750 | Train Meta: MetaNormμ:6.0588 | Val Meta: MetaNormμ:6.0588
Epoch  27/50 | Train Loss: 0.5045 Acc: 0.7386 F1: 0.5497 | Val Loss: 0.5368 Acc: 0.6000 F1: 0.3750 | Train Meta: MetaNormμ:6.0588 | Val Meta: MetaNormμ:6.0588
Epoch  28/50 | Train Loss: 0.5182 Acc: 0.7443 F1: 0.6111 | Val Loss: 0.5400 Acc: 0.6000 F1: 0.3750 | Train Meta: MetaNormμ:6.0588 | Val Meta: MetaNormμ:6.0588
Epoch  29/50 | Train Loss: 0.5099 Acc: 0.7386 F1: 0.5252 | Val Loss: 0.5401 Acc: 0.6000 F1: 0.3750 | Train Meta: MetaNormμ:6.0588 | Val Meta: MetaNormμ:6.0588
Epoch  30/50 | Train Loss: 0.5111 Acc: 0.7386 F1: 0.5379 | Val Loss: 0.5375 Acc: 0.6000 F1: 0.3750 | Train Meta: MetaNormμ:6.0588 | Val Meta: MetaNormμ:6.0588
Epoch  31/50 | Train Loss: 0.5191 Acc: 0.7443 F1: 0.6392 | Val Loss: 0.5392 Acc: 0.6500 F1: 0.4982 | Train Meta: MetaNormμ:6.0588 | Val Meta: MetaNormμ:6.0588
Epoch  32/50 | Train Loss: 0.5323 Acc: 0.7557 F1: 0.5843 | Val Loss: 0.5446 Acc: 0.6000 F1: 0.3750 | Train Meta: MetaNormμ:6.0588 | Val Meta: MetaNormμ:6.0588
Epoch  33/50 | Train Loss: 0.5215 Acc: 0.7784 F1: 0.6758 | Val Loss: 0.5424 Acc: 0.7000 F1: 0.6000 | Train Meta: MetaNormμ:6.0588 | Val Meta: MetaNormμ:6.0588
Epoch  34/50 | Train Loss: 0.5069 Acc: 0.7500 F1: 0.6236 | Val Loss: 0.5481 Acc: 0.6000 F1: 0.3750 | Train Meta: MetaNormμ:6.0588 | Val Meta: MetaNormμ:6.0588
Epoch  35/50 | Train Loss: 0.5256 Acc: 0.7386 F1: 0.5711 | Val Loss: 0.5392 Acc: 0.7000 F1: 0.6000 | Train Meta: MetaNormμ:6.0588 | Val Meta: MetaNormμ:6.0588
Epoch  36/50 | Train Loss: 0.4935 Acc: 0.7670 F1: 0.6457 | Val Loss: 0.5395 Acc: 0.6000 F1: 0.3750 | Train Meta: MetaNormμ:6.0588 | Val Meta: MetaNormμ:6.0588
Epoch  37/50 | Train Loss: 0.5074 Acc: 0.7500 F1: 0.5580 | Val Loss: 0.5444 Acc: 0.6000 F1: 0.3750 | Train Meta: MetaNormμ:6.0588 | Val Meta: MetaNormμ:6.0588
Epoch  38/50 | Train Loss: 0.5290 Acc: 0.7386 F1: 0.5711 | Val Loss: 0.5443 Acc: 0.6500 F1: 0.4982 | Train Meta: MetaNormμ:6.0588 | Val Meta: MetaNormμ:6.0588
Epoch  39/50 | Train Loss: 0.5150 Acc: 0.7386 F1: 0.6140 | Val Loss: 0.5477 Acc: 0.6000 F1: 0.3750 | Train Meta: MetaNormμ:6.0588 | Val Meta: MetaNormμ:6.0588
Epoch  40/50 | Train Loss: 0.5219 Acc: 0.7500 F1: 0.5799 | Val Loss: 0.5422 Acc: 0.6000 F1: 0.3750 | Train Meta: MetaNormμ:6.0588 | Val Meta: MetaNormμ:6.0588
Epoch  41/50 | Train Loss: 0.5226 Acc: 0.7500 F1: 0.6159 | Val Loss: 0.5469 Acc: 0.6000 F1: 0.3750 | Train Meta: MetaNormμ:6.0588 | Val Meta: MetaNormμ:6.0588
Epoch  42/50 | Train Loss: 0.5019 Acc: 0.7500 F1: 0.5459 | Val Loss: 0.5474 Acc: 0.6000 F1: 0.3750 | Train Meta: MetaNormμ:6.0588 | Val Meta: MetaNormμ:6.0588
Epoch  43/50 | Train Loss: 0.4903 Acc: 0.7500 F1: 0.5328 | Val Loss: 0.5428 Acc: 0.6000 F1: 0.3750 | Train Meta: MetaNormμ:6.0588 | Val Meta: MetaNormμ:6.0588
Epoch  44/50 | Train Loss: 0.5062 Acc: 0.7670 F1: 0.6383 | Val Loss: 0.5423 Acc: 0.7000 F1: 0.6000 | Train Meta: MetaNormμ:6.0588 | Val Meta: MetaNormμ:6.0588
Epoch  45/50 | Train Loss: 0.5070 Acc: 0.7727 F1: 0.6644 | Val Loss: 0.5452 Acc: 0.6000 F1: 0.3750 | Train Meta: MetaNormμ:6.0588 | Val Meta: MetaNormμ:6.0588
Epoch  46/50 | Train Loss: 0.4972 Acc: 0.7557 F1: 0.5843 | Val Loss: 0.5424 Acc: 0.6000 F1: 0.3750 | Train Meta: MetaNormμ:6.0588 | Val Meta: MetaNormμ:6.0588
Epoch  47/50 | Train Loss: 0.5149 Acc: 0.7500 F1: 0.6159 | Val Loss: 0.5456 Acc: 0.6500 F1: 0.4982 | Train Meta: MetaNormμ:6.0588 | Val Meta: MetaNormμ:6.0588
Epoch  48/50 | Train Loss: 0.5053 Acc: 0.7500 F1: 0.6077 | Val Loss: 0.5547 Acc: 0.6000 F1: 0.3750 | Train Meta: MetaNormμ:6.0588 | Val Meta: MetaNormμ:6.0588
Epoch  49/50 | Train Loss: 0.5167 Acc: 0.7330 F1: 0.5457 | Val Loss: 0.5430 Acc: 0.6000 F1: 0.3750 | Train Meta: MetaNormμ:6.0588 | Val Meta: MetaNormμ:6.0588
Epoch  50/50 | Train Loss: 0.5155 Acc: 0.7443 F1: 0.6111 | Val Loss: 0.5463 Acc: 0.6000 F1: 0.3750 | Train Meta: MetaNormμ:6.0588 | Val Meta: MetaNormμ:6.0588

Classification Test Result (Heartbeat)
Accuracy : 0.721951
F1 (macro): 0.577014
Saved attention maps for 3 sample(s) under ./runs/classification_electricity_to_Heartbeat_laya_mixer_concat_text_stats_joint/attention_maps
Joint metadata preview | dataset=JapaneseVowels | domain=UEA | channels=12
   - channel_1: In the UEA domain, this channel belongs to the JapaneseVowels dataset and represents the feature channel 1. Channel statistics over the training split: mean value is 0.000, standard deviation is 1.000, minimum value is -2.301, maximum value is 2.921, median value is -0.282, and mean absolute value is 0.896.
/data/pjh_workspace/ts-env/lib/python3.8/site-packages/torch/nn/modules/transformer.py:307: UserWarning: enable_nested_tensor is True, but self.use_nested_tensor is False because encoder_layer.norm_first was True
  warnings.warn(f"enable_nested_tensor is True, but self.use_nested_tensor is False because {why_not_sparsity_fast_path}")
==================================================
🚀 Architecture: LAYA
📊 Target Dataset: JapaneseVowels (Channels: 12)
📊 Pretrain Info: electricity
📊 Classes: 9 | Sequence Length: 26
==================================================
✅ Loaded pretrained encoder from ./checkpoints/electricity_laya_mixer_concat_text_stats_joint/laya_ts_electricity_s_best.pt
   - 107/107 keys matched.
✅ Encoder is FROZEN (Linear Probing mode).
📝 metadata: mode=text_stats_joint, fusion=concat_kv, relation=none
ℹ️  Metadata Fusion Mode: concat_kv
ℹ️  Channel Mixer Relation Mode: none
ℹ️  Encoder Variant: default
ℹ️  Channel Adapter: disabled for Laya downstream (mixer)
ℹ️  Channel Relation Block: disabled
✅ ClassificationHead: [B, 256] → [B, 9]
Epoch   1/50 | Train Loss: 2.1779 Acc: 0.1583 F1: 0.1503 | Val Loss: 2.1667 Acc: 0.1481 F1: 0.0943 | Train Meta: MetaNormμ:6.0510 | Val Meta: MetaNormμ:6.0510
Validation Loss decreased (inf --> 2.166725). Saving best model...
Epoch   2/50 | Train Loss: 2.0454 Acc: 0.2125 F1: 0.1308 | Val Loss: 2.0115 Acc: 0.2963 F1: 0.1713 | Train Meta: MetaNormμ:6.0510 | Val Meta: MetaNormμ:6.0510
Validation Loss decreased (2.166725 --> 2.011535). Saving best model...
Epoch   3/50 | Train Loss: 1.9840 Acc: 0.3125 F1: 0.2495 | Val Loss: 2.0279 Acc: 0.2593 F1: 0.1762 | Train Meta: MetaNormμ:6.0510 | Val Meta: MetaNormμ:6.0510
Epoch   4/50 | Train Loss: 1.9343 Acc: 0.2208 F1: 0.1489 | Val Loss: 1.9455 Acc: 0.1852 F1: 0.1852 | Train Meta: MetaNormμ:6.0510 | Val Meta: MetaNormμ:6.0510
Validation Loss decreased (2.011535 --> 1.945461). Saving best model...
Epoch   5/50 | Train Loss: 1.9039 Acc: 0.2667 F1: 0.2314 | Val Loss: 1.9260 Acc: 0.3333 F1: 0.2256 | Train Meta: MetaNormμ:6.0510 | Val Meta: MetaNormμ:6.0510
Validation Loss decreased (1.945461 --> 1.926043). Saving best model...
Epoch   6/50 | Train Loss: 1.8808 Acc: 0.3208 F1: 0.2547 | Val Loss: 1.8563 Acc: 0.2963 F1: 0.2746 | Train Meta: MetaNormμ:6.0510 | Val Meta: MetaNormμ:6.0510
Validation Loss decreased (1.926043 --> 1.856312). Saving best model...
Epoch   7/50 | Train Loss: 1.8442 Acc: 0.3167 F1: 0.2796 | Val Loss: 1.8951 Acc: 0.2593 F1: 0.2434 | Train Meta: MetaNormμ:6.0510 | Val Meta: MetaNormμ:6.0510
Epoch   8/50 | Train Loss: 1.8243 Acc: 0.3125 F1: 0.2694 | Val Loss: 1.8720 Acc: 0.3333 F1: 0.2857 | Train Meta: MetaNormμ:6.0510 | Val Meta: MetaNormμ:6.0510
Epoch   9/50 | Train Loss: 1.8007 Acc: 0.3250 F1: 0.2577 | Val Loss: 1.8151 Acc: 0.2963 F1: 0.2150 | Train Meta: MetaNormμ:6.0510 | Val Meta: MetaNormμ:6.0510
Validation Loss decreased (1.856312 --> 1.815072). Saving best model...
Epoch  10/50 | Train Loss: 1.7797 Acc: 0.3708 F1: 0.3391 | Val Loss: 1.8367 Acc: 0.2593 F1: 0.2063 | Train Meta: MetaNormμ:6.0510 | Val Meta: MetaNormμ:6.0510
Epoch  11/50 | Train Loss: 1.7669 Acc: 0.3917 F1: 0.3517 | Val Loss: 1.8091 Acc: 0.2222 F1: 0.2153 | Train Meta: MetaNormμ:6.0510 | Val Meta: MetaNormμ:6.0510
Validation Loss decreased (1.815072 --> 1.809129). Saving best model...
Epoch  12/50 | Train Loss: 1.7707 Acc: 0.3667 F1: 0.3408 | Val Loss: 1.8197 Acc: 0.2593 F1: 0.2441 | Train Meta: MetaNormμ:6.0510 | Val Meta: MetaNormμ:6.0510
Epoch  13/50 | Train Loss: 1.7499 Acc: 0.3333 F1: 0.2620 | Val Loss: 1.8201 Acc: 0.2963 F1: 0.2233 | Train Meta: MetaNormμ:6.0510 | Val Meta: MetaNormμ:6.0510
Epoch  14/50 | Train Loss: 1.7291 Acc: 0.3875 F1: 0.3534 | Val Loss: 1.7649 Acc: 0.2222 F1: 0.1926 | Train Meta: MetaNormμ:6.0510 | Val Meta: MetaNormμ:6.0510
Validation Loss decreased (1.809129 --> 1.764894). Saving best model...
Epoch  15/50 | Train Loss: 1.7343 Acc: 0.3583 F1: 0.3089 | Val Loss: 1.7912 Acc: 0.3333 F1: 0.2767 | Train Meta: MetaNormμ:6.0510 | Val Meta: MetaNormμ:6.0510
Epoch  16/50 | Train Loss: 1.7360 Acc: 0.3583 F1: 0.3400 | Val Loss: 1.7958 Acc: 0.1481 F1: 0.1243 | Train Meta: MetaNormμ:6.0510 | Val Meta: MetaNormμ:6.0510
Epoch  17/50 | Train Loss: 1.7209 Acc: 0.3625 F1: 0.3144 | Val Loss: 1.7734 Acc: 0.2593 F1: 0.1872 | Train Meta: MetaNormμ:6.0510 | Val Meta: MetaNormμ:6.0510
Epoch  18/50 | Train Loss: 1.7098 Acc: 0.3667 F1: 0.3105 | Val Loss: 1.8156 Acc: 0.2593 F1: 0.2363 | Train Meta: MetaNormμ:6.0510 | Val Meta: MetaNormμ:6.0510
Epoch  19/50 | Train Loss: 1.6899 Acc: 0.3833 F1: 0.3697 | Val Loss: 1.7631 Acc: 0.2222 F1: 0.1952 | Train Meta: MetaNormμ:6.0510 | Val Meta: MetaNormμ:6.0510
Validation Loss decreased (1.764894 --> 1.763075). Saving best model...
Epoch  20/50 | Train Loss: 1.6650 Acc: 0.4083 F1: 0.3771 | Val Loss: 1.7497 Acc: 0.2222 F1: 0.1857 | Train Meta: MetaNormμ:6.0510 | Val Meta: MetaNormμ:6.0510
Validation Loss decreased (1.763075 --> 1.749695). Saving best model...
Epoch  21/50 | Train Loss: 1.6835 Acc: 0.3667 F1: 0.3242 | Val Loss: 1.7629 Acc: 0.2963 F1: 0.2706 | Train Meta: MetaNormμ:6.0510 | Val Meta: MetaNormμ:6.0510
Epoch  22/50 | Train Loss: 1.6747 Acc: 0.3833 F1: 0.3411 | Val Loss: 1.7712 Acc: 0.2963 F1: 0.2919 | Train Meta: MetaNormμ:6.0510 | Val Meta: MetaNormμ:6.0510
Epoch  23/50 | Train Loss: 1.6495 Acc: 0.4250 F1: 0.3930 | Val Loss: 1.7531 Acc: 0.1481 F1: 0.1543 | Train Meta: MetaNormμ:6.0510 | Val Meta: MetaNormμ:6.0510
Epoch  24/50 | Train Loss: 1.6446 Acc: 0.3750 F1: 0.3353 | Val Loss: 1.7816 Acc: 0.2222 F1: 0.1595 | Train Meta: MetaNormμ:6.0510 | Val Meta: MetaNormμ:6.0510
Epoch  25/50 | Train Loss: 1.6496 Acc: 0.4042 F1: 0.3663 | Val Loss: 1.7626 Acc: 0.2222 F1: 0.1783 | Train Meta: MetaNormμ:6.0510 | Val Meta: MetaNormμ:6.0510
Epoch  26/50 | Train Loss: 1.6362 Acc: 0.4000 F1: 0.3466 | Val Loss: 1.7707 Acc: 0.2963 F1: 0.2706 | Train Meta: MetaNormμ:6.0510 | Val Meta: MetaNormμ:6.0510
Epoch  27/50 | Train Loss: 1.6236 Acc: 0.4000 F1: 0.3724 | Val Loss: 1.7344 Acc: 0.1852 F1: 0.1988 | Train Meta: MetaNormμ:6.0510 | Val Meta: MetaNormμ:6.0510
Validation Loss decreased (1.749695 --> 1.734396). Saving best model...
Epoch  28/50 | Train Loss: 1.6119 Acc: 0.4208 F1: 0.4037 | Val Loss: 1.7899 Acc: 0.2222 F1: 0.2063 | Train Meta: MetaNormμ:6.0510 | Val Meta: MetaNormμ:6.0510
Epoch  29/50 | Train Loss: 1.6013 Acc: 0.4000 F1: 0.3680 | Val Loss: 1.7244 Acc: 0.2222 F1: 0.1914 | Train Meta: MetaNormμ:6.0510 | Val Meta: MetaNormμ:6.0510
Validation Loss decreased (1.734396 --> 1.724388). Saving best model...
Epoch  30/50 | Train Loss: 1.6208 Acc: 0.4250 F1: 0.3914 | Val Loss: 1.7420 Acc: 0.2222 F1: 0.2136 | Train Meta: MetaNormμ:6.0510 | Val Meta: MetaNormμ:6.0510
Epoch  31/50 | Train Loss: 1.6048 Acc: 0.4250 F1: 0.3944 | Val Loss: 1.7509 Acc: 0.2593 F1: 0.2136 | Train Meta: MetaNormμ:6.0510 | Val Meta: MetaNormμ:6.0510
Epoch  32/50 | Train Loss: 1.5996 Acc: 0.4292 F1: 0.4058 | Val Loss: 1.7708 Acc: 0.2222 F1: 0.2153 | Train Meta: MetaNormμ:6.0510 | Val Meta: MetaNormμ:6.0510
Epoch  33/50 | Train Loss: 1.5968 Acc: 0.4000 F1: 0.3636 | Val Loss: 1.7671 Acc: 0.2222 F1: 0.1759 | Train Meta: MetaNormμ:6.0510 | Val Meta: MetaNormμ:6.0510
Epoch  34/50 | Train Loss: 1.5928 Acc: 0.4333 F1: 0.3879 | Val Loss: 1.7439 Acc: 0.2222 F1: 0.2259 | Train Meta: MetaNormμ:6.0510 | Val Meta: MetaNormμ:6.0510
Epoch  35/50 | Train Loss: 1.6017 Acc: 0.3958 F1: 0.3852 | Val Loss: 1.7084 Acc: 0.2593 F1: 0.2882 | Train Meta: MetaNormμ:6.0510 | Val Meta: MetaNormμ:6.0510
Validation Loss decreased (1.724388 --> 1.708442). Saving best model...
Epoch  36/50 | Train Loss: 1.5713 Acc: 0.4250 F1: 0.3792 | Val Loss: 1.7528 Acc: 0.3333 F1: 0.3104 | Train Meta: MetaNormμ:6.0510 | Val Meta: MetaNormμ:6.0510
Epoch  37/50 | Train Loss: 1.5825 Acc: 0.4292 F1: 0.4057 | Val Loss: 1.7368 Acc: 0.2222 F1: 0.2286 | Train Meta: MetaNormμ:6.0510 | Val Meta: MetaNormμ:6.0510
Epoch  38/50 | Train Loss: 1.5776 Acc: 0.4333 F1: 0.4218 | Val Loss: 1.7460 Acc: 0.2963 F1: 0.3011 | Train Meta: MetaNormμ:6.0510 | Val Meta: MetaNormμ:6.0510
Epoch  39/50 | Train Loss: 1.5915 Acc: 0.3833 F1: 0.3411 | Val Loss: 1.7290 Acc: 0.1852 F1: 0.1988 | Train Meta: MetaNormμ:6.0510 | Val Meta: MetaNormμ:6.0510
Epoch  40/50 | Train Loss: 1.5624 Acc: 0.4250 F1: 0.3953 | Val Loss: 1.7972 Acc: 0.2593 F1: 0.2579 | Train Meta: MetaNormμ:6.0510 | Val Meta: MetaNormμ:6.0510
Epoch  41/50 | Train Loss: 1.5691 Acc: 0.4250 F1: 0.4077 | Val Loss: 1.7589 Acc: 0.2593 F1: 0.2786 | Train Meta: MetaNormμ:6.0510 | Val Meta: MetaNormμ:6.0510
Epoch  42/50 | Train Loss: 1.5630 Acc: 0.4292 F1: 0.3963 | Val Loss: 1.7062 Acc: 0.2963 F1: 0.3160 | Train Meta: MetaNormμ:6.0510 | Val Meta: MetaNormμ:6.0510
Validation Loss decreased (1.708442 --> 1.706155). Saving best model...
Epoch  43/50 | Train Loss: 1.5615 Acc: 0.4167 F1: 0.3971 | Val Loss: 1.7682 Acc: 0.2963 F1: 0.3116 | Train Meta: MetaNormμ:6.0510 | Val Meta: MetaNormμ:6.0510
Epoch  44/50 | Train Loss: 1.5465 Acc: 0.4542 F1: 0.4305 | Val Loss: 1.7457 Acc: 0.2593 F1: 0.2715 | Train Meta: MetaNormμ:6.0510 | Val Meta: MetaNormμ:6.0510
Epoch  45/50 | Train Loss: 1.5365 Acc: 0.4458 F1: 0.4220 | Val Loss: 1.7022 Acc: 0.2593 F1: 0.2715 | Train Meta: MetaNormμ:6.0510 | Val Meta: MetaNormμ:6.0510
Validation Loss decreased (1.706155 --> 1.702199). Saving best model...
Epoch  46/50 | Train Loss: 1.5465 Acc: 0.4417 F1: 0.4093 | Val Loss: 1.7726 Acc: 0.3333 F1: 0.2833 | Train Meta: MetaNormμ:6.0510 | Val Meta: MetaNormμ:6.0510
Epoch  47/50 | Train Loss: 1.5501 Acc: 0.3958 F1: 0.3643 | Val Loss: 1.7276 Acc: 0.2963 F1: 0.3033 | Train Meta: MetaNormμ:6.0510 | Val Meta: MetaNormμ:6.0510
Epoch  48/50 | Train Loss: 1.5411 Acc: 0.4125 F1: 0.3984 | Val Loss: 1.7948 Acc: 0.2593 F1: 0.2786 | Train Meta: MetaNormμ:6.0510 | Val Meta: MetaNormμ:6.0510
Epoch  49/50 | Train Loss: 1.5306 Acc: 0.4375 F1: 0.4105 | Val Loss: 1.7504 Acc: 0.3333 F1: 0.3125 | Train Meta: MetaNormμ:6.0510 | Val Meta: MetaNormμ:6.0510
Epoch  50/50 | Train Loss: 1.5218 Acc: 0.4292 F1: 0.3955 | Val Loss: 1.7454 Acc: 0.3333 F1: 0.3357 | Train Meta: MetaNormμ:6.0510 | Val Meta: MetaNormμ:6.0510

Classification Test Result (JapaneseVowels)
Accuracy : 0.248649
F1 (macro): 0.240138
Saved attention maps for 3 sample(s) under ./runs/classification_electricity_to_JapaneseVowels_laya_mixer_concat_text_stats_joint/attention_maps
Joint metadata preview | dataset=PEMS-SF | domain=UEA | channels=963
   - channel_1: In the UEA domain, this channel belongs to the PEMS-SF dataset and represents the feature channel 1. Channel statistics over the training split: mean value is -0.000, standard deviation is 1.000, minimum value is -1.458, maximum value is 12.589, median value is 0.136, and mean absolute value is 0.674.
/data/pjh_workspace/ts-env/lib/python3.8/site-packages/torch/nn/modules/transformer.py:307: UserWarning: enable_nested_tensor is True, but self.use_nested_tensor is False because encoder_layer.norm_first was True
  warnings.warn(f"enable_nested_tensor is True, but self.use_nested_tensor is False because {why_not_sparsity_fast_path}")
==================================================
🚀 Architecture: LAYA
📊 Target Dataset: PEMS-SF (Channels: 963)
📊 Pretrain Info: electricity
📊 Classes: 7 | Sequence Length: 144
==================================================
✅ Loaded pretrained encoder from ./checkpoints/electricity_laya_mixer_concat_text_stats_joint/laya_ts_electricity_s_best.pt
   - 107/107 keys matched.
✅ Encoder is FROZEN (Linear Probing mode).
📝 metadata: mode=text_stats_joint, fusion=concat_kv, relation=none
ℹ️  Metadata Fusion Mode: concat_kv
ℹ️  Channel Mixer Relation Mode: none
ℹ️  Encoder Variant: default
ℹ️  Channel Adapter: disabled for Laya downstream (mixer)
ℹ️  Channel Relation Block: disabled
✅ ClassificationHead: [B, 256] → [B, 7]
Epoch   1/50 | Train Loss: 1.9698 Acc: 0.1917 F1: 0.1340 | Val Loss: 1.9451 Acc: 0.1538 F1: 0.0810 | Train Meta: MetaNormμ:6.0666 | Val Meta: MetaNormμ:6.0666
Validation Loss decreased (inf --> 1.945109). Saving best model...
Epoch   2/50 | Train Loss: 1.8781 Acc: 0.2500 F1: 0.1487 | Val Loss: 1.9027 Acc: 0.1154 F1: 0.0667 | Train Meta: MetaNormμ:6.0666 | Val Meta: MetaNormμ:6.0666
Validation Loss decreased (1.945109 --> 1.902716). Saving best model...
Epoch   3/50 | Train Loss: 1.7948 Acc: 0.2958 F1: 0.2081 | Val Loss: 1.8583 Acc: 0.1154 F1: 0.0618 | Train Meta: MetaNormμ:6.0666 | Val Meta: MetaNormμ:6.0666
Validation Loss decreased (1.902716 --> 1.858332). Saving best model...
Epoch   4/50 | Train Loss: 1.7394 Acc: 0.3292 F1: 0.2670 | Val Loss: 1.8200 Acc: 0.1154 F1: 0.0762 | Train Meta: MetaNormμ:6.0666 | Val Meta: MetaNormμ:6.0666
Validation Loss decreased (1.858332 --> 1.819989). Saving best model...
Epoch   5/50 | Train Loss: 1.7076 Acc: 0.3292 F1: 0.2777 | Val Loss: 1.7736 Acc: 0.2692 F1: 0.1484 | Train Meta: MetaNormμ:6.0666 | Val Meta: MetaNormμ:6.0666
Validation Loss decreased (1.819989 --> 1.773586). Saving best model...
Epoch   6/50 | Train Loss: 1.6694 Acc: 0.3667 F1: 0.2705 | Val Loss: 1.7768 Acc: 0.3077 F1: 0.1741 | Train Meta: MetaNormμ:6.0666 | Val Meta: MetaNormμ:6.0666
Epoch   7/50 | Train Loss: 1.6420 Acc: 0.3417 F1: 0.2836 | Val Loss: 1.7700 Acc: 0.2308 F1: 0.1810 | Train Meta: MetaNormμ:6.0666 | Val Meta: MetaNormμ:6.0666
Validation Loss decreased (1.773586 --> 1.770018). Saving best model...
Epoch   8/50 | Train Loss: 1.6186 Acc: 0.3833 F1: 0.3243 | Val Loss: 1.6852 Acc: 0.2692 F1: 0.1488 | Train Meta: MetaNormμ:6.0666 | Val Meta: MetaNormμ:6.0666
Validation Loss decreased (1.770018 --> 1.685192). Saving best model...
Epoch   9/50 | Train Loss: 1.6000 Acc: 0.3667 F1: 0.3385 | Val Loss: 1.7126 Acc: 0.3077 F1: 0.2204 | Train Meta: MetaNormμ:6.0666 | Val Meta: MetaNormμ:6.0666
Epoch  10/50 | Train Loss: 1.5729 Acc: 0.4292 F1: 0.3943 | Val Loss: 1.7234 Acc: 0.2308 F1: 0.2403 | Train Meta: MetaNormμ:6.0666 | Val Meta: MetaNormμ:6.0666
Epoch  11/50 | Train Loss: 1.5799 Acc: 0.3542 F1: 0.3275 | Val Loss: 1.7179 Acc: 0.2308 F1: 0.1926 | Train Meta: MetaNormμ:6.0666 | Val Meta: MetaNormμ:6.0666
Epoch  12/50 | Train Loss: 1.5488 Acc: 0.3833 F1: 0.3349 | Val Loss: 1.6731 Acc: 0.3077 F1: 0.2291 | Train Meta: MetaNormμ:6.0666 | Val Meta: MetaNormμ:6.0666
Validation Loss decreased (1.685192 --> 1.673148). Saving best model...
Epoch  13/50 | Train Loss: 1.5342 Acc: 0.4333 F1: 0.4196 | Val Loss: 1.7235 Acc: 0.2308 F1: 0.1752 | Train Meta: MetaNormμ:6.0666 | Val Meta: MetaNormμ:6.0666
Epoch  14/50 | Train Loss: 1.5240 Acc: 0.4042 F1: 0.3559 | Val Loss: 1.6741 Acc: 0.2692 F1: 0.2069 | Train Meta: MetaNormμ:6.0666 | Val Meta: MetaNormμ:6.0666
Epoch  15/50 | Train Loss: 1.5097 Acc: 0.4250 F1: 0.3976 | Val Loss: 1.6890 Acc: 0.2308 F1: 0.1803 | Train Meta: MetaNormμ:6.0666 | Val Meta: MetaNormμ:6.0666
Epoch  16/50 | Train Loss: 1.5114 Acc: 0.4292 F1: 0.3902 | Val Loss: 1.6792 Acc: 0.2692 F1: 0.2429 | Train Meta: MetaNormμ:6.0666 | Val Meta: MetaNormμ:6.0666
Epoch  17/50 | Train Loss: 1.4933 Acc: 0.4583 F1: 0.4387 | Val Loss: 1.6593 Acc: 0.2692 F1: 0.1815 | Train Meta: MetaNormμ:6.0666 | Val Meta: MetaNormμ:6.0666
Validation Loss decreased (1.673148 --> 1.659322). Saving best model...
Epoch  18/50 | Train Loss: 1.4912 Acc: 0.4000 F1: 0.3545 | Val Loss: 1.6745 Acc: 0.2692 F1: 0.2403 | Train Meta: MetaNormμ:6.0666 | Val Meta: MetaNormμ:6.0666
Epoch  19/50 | Train Loss: 1.4859 Acc: 0.4500 F1: 0.4351 | Val Loss: 1.6699 Acc: 0.3077 F1: 0.2204 | Train Meta: MetaNormμ:6.0666 | Val Meta: MetaNormμ:6.0666
Epoch  20/50 | Train Loss: 1.4796 Acc: 0.4417 F1: 0.3953 | Val Loss: 1.6671 Acc: 0.2692 F1: 0.2403 | Train Meta: MetaNormμ:6.0666 | Val Meta: MetaNormμ:6.0666
Epoch  21/50 | Train Loss: 1.4795 Acc: 0.4417 F1: 0.4311 | Val Loss: 1.6682 Acc: 0.3077 F1: 0.2276 | Train Meta: MetaNormμ:6.0666 | Val Meta: MetaNormμ:6.0666
Epoch  22/50 | Train Loss: 1.4705 Acc: 0.4292 F1: 0.3834 | Val Loss: 1.6751 Acc: 0.3077 F1: 0.2181 | Train Meta: MetaNormμ:6.0666 | Val Meta: MetaNormμ:6.0666
Epoch  23/50 | Train Loss: 1.4467 Acc: 0.4500 F1: 0.4401 | Val Loss: 1.6489 Acc: 0.2692 F1: 0.2286 | Train Meta: MetaNormμ:6.0666 | Val Meta: MetaNormμ:6.0666
Validation Loss decreased (1.659322 --> 1.648881). Saving best model...
Epoch  24/50 | Train Loss: 1.4565 Acc: 0.4708 F1: 0.4534 | Val Loss: 1.6677 Acc: 0.3077 F1: 0.2816 | Train Meta: MetaNormμ:6.0666 | Val Meta: MetaNormμ:6.0666
Epoch  25/50 | Train Loss: 1.4380 Acc: 0.4292 F1: 0.4090 | Val Loss: 1.6031 Acc: 0.3077 F1: 0.1896 | Train Meta: MetaNormμ:6.0666 | Val Meta: MetaNormμ:6.0666
Validation Loss decreased (1.648881 --> 1.603057). Saving best model...
Epoch  26/50 | Train Loss: 1.4545 Acc: 0.4292 F1: 0.4119 | Val Loss: 1.7343 Acc: 0.2308 F1: 0.2388 | Train Meta: MetaNormμ:6.0666 | Val Meta: MetaNormμ:6.0666
Epoch  27/50 | Train Loss: 1.4602 Acc: 0.4583 F1: 0.4560 | Val Loss: 1.6268 Acc: 0.3077 F1: 0.2531 | Train Meta: MetaNormμ:6.0666 | Val Meta: MetaNormμ:6.0666
Epoch  28/50 | Train Loss: 1.4486 Acc: 0.4333 F1: 0.4122 | Val Loss: 1.6858 Acc: 0.3077 F1: 0.2327 | Train Meta: MetaNormμ:6.0666 | Val Meta: MetaNormμ:6.0666
Epoch  29/50 | Train Loss: 1.4370 Acc: 0.4417 F1: 0.4072 | Val Loss: 1.6427 Acc: 0.3077 F1: 0.2531 | Train Meta: MetaNormμ:6.0666 | Val Meta: MetaNormμ:6.0666
Epoch  30/50 | Train Loss: 1.4282 Acc: 0.4542 F1: 0.4403 | Val Loss: 1.6399 Acc: 0.3462 F1: 0.3039 | Train Meta: MetaNormμ:6.0666 | Val Meta: MetaNormμ:6.0666
Epoch  31/50 | Train Loss: 1.4126 Acc: 0.5083 F1: 0.5015 | Val Loss: 1.6822 Acc: 0.3077 F1: 0.2178 | Train Meta: MetaNormμ:6.0666 | Val Meta: MetaNormμ:6.0666
Epoch  32/50 | Train Loss: 1.4369 Acc: 0.4000 F1: 0.3692 | Val Loss: 1.6405 Acc: 0.3462 F1: 0.2947 | Train Meta: MetaNormμ:6.0666 | Val Meta: MetaNormμ:6.0666
Epoch  33/50 | Train Loss: 1.4162 Acc: 0.5208 F1: 0.5153 | Val Loss: 1.6507 Acc: 0.2692 F1: 0.2286 | Train Meta: MetaNormμ:6.0666 | Val Meta: MetaNormμ:6.0666
Epoch  34/50 | Train Loss: 1.4188 Acc: 0.4333 F1: 0.4086 | Val Loss: 1.6110 Acc: 0.3077 F1: 0.2531 | Train Meta: MetaNormμ:6.0666 | Val Meta: MetaNormμ:6.0666
Epoch  35/50 | Train Loss: 1.4159 Acc: 0.4833 F1: 0.4758 | Val Loss: 1.6468 Acc: 0.2692 F1: 0.2317 | Train Meta: MetaNormμ:6.0666 | Val Meta: MetaNormμ:6.0666
Epoch  36/50 | Train Loss: 1.4095 Acc: 0.4792 F1: 0.4589 | Val Loss: 1.6641 Acc: 0.3077 F1: 0.2286 | Train Meta: MetaNormμ:6.0666 | Val Meta: MetaNormμ:6.0666
Epoch  37/50 | Train Loss: 1.4025 Acc: 0.4708 F1: 0.4564 | Val Loss: 1.6355 Acc: 0.3077 F1: 0.2467 | Train Meta: MetaNormμ:6.0666 | Val Meta: MetaNormμ:6.0666
Epoch  38/50 | Train Loss: 1.3989 Acc: 0.5000 F1: 0.4868 | Val Loss: 1.6347 Acc: 0.3077 F1: 0.2340 | Train Meta: MetaNormμ:6.0666 | Val Meta: MetaNormμ:6.0666
Epoch  39/50 | Train Loss: 1.3969 Acc: 0.4875 F1: 0.4718 | Val Loss: 1.6393 Acc: 0.3077 F1: 0.2889 | Train Meta: MetaNormμ:6.0666 | Val Meta: MetaNormμ:6.0666
Epoch  40/50 | Train Loss: 1.4015 Acc: 0.4458 F1: 0.4273 | Val Loss: 1.6222 Acc: 0.3077 F1: 0.2531 | Train Meta: MetaNormμ:6.0666 | Val Meta: MetaNormμ:6.0666
Epoch  41/50 | Train Loss: 1.3762 Acc: 0.5250 F1: 0.5140 | Val Loss: 1.6616 Acc: 0.3077 F1: 0.2204 | Train Meta: MetaNormμ:6.0666 | Val Meta: MetaNormμ:6.0666
Epoch  42/50 | Train Loss: 1.3803 Acc: 0.5125 F1: 0.4961 | Val Loss: 1.6391 Acc: 0.3077 F1: 0.2524 | Train Meta: MetaNormμ:6.0666 | Val Meta: MetaNormμ:6.0666
Epoch  43/50 | Train Loss: 1.3809 Acc: 0.4750 F1: 0.4610 | Val Loss: 1.6359 Acc: 0.3077 F1: 0.2467 | Train Meta: MetaNormμ:6.0666 | Val Meta: MetaNormμ:6.0666
Epoch  44/50 | Train Loss: 1.3857 Acc: 0.5083 F1: 0.5026 | Val Loss: 1.6219 Acc: 0.3077 F1: 0.2340 | Train Meta: MetaNormμ:6.0666 | Val Meta: MetaNormμ:6.0666
Epoch  45/50 | Train Loss: 1.3696 Acc: 0.5042 F1: 0.4865 | Val Loss: 1.6372 Acc: 0.3077 F1: 0.2578 | Train Meta: MetaNormμ:6.0666 | Val Meta: MetaNormμ:6.0666
Epoch  46/50 | Train Loss: 1.3757 Acc: 0.4958 F1: 0.4776 | Val Loss: 1.6418 Acc: 0.3077 F1: 0.2578 | Train Meta: MetaNormμ:6.0666 | Val Meta: MetaNormμ:6.0666
Epoch  47/50 | Train Loss: 1.3732 Acc: 0.5125 F1: 0.5060 | Val Loss: 1.6239 Acc: 0.3077 F1: 0.2578 | Train Meta: MetaNormμ:6.0666 | Val Meta: MetaNormμ:6.0666
Epoch  48/50 | Train Loss: 1.3647 Acc: 0.5000 F1: 0.4929 | Val Loss: 1.6261 Acc: 0.3077 F1: 0.2531 | Train Meta: MetaNormμ:6.0666 | Val Meta: MetaNormμ:6.0666
Epoch  49/50 | Train Loss: 1.3597 Acc: 0.4958 F1: 0.4861 | Val Loss: 1.6495 Acc: 0.3077 F1: 0.2435 | Train Meta: MetaNormμ:6.0666 | Val Meta: MetaNormμ:6.0666
Epoch  50/50 | Train Loss: 1.3792 Acc: 0.4875 F1: 0.4640 | Val Loss: 1.6404 Acc: 0.2692 F1: 0.2460 | Train Meta: MetaNormμ:6.0666 | Val Meta: MetaNormμ:6.0666

Classification Test Result (PEMS-SF)
Accuracy : 0.323699
F1 (macro): 0.305915
Saved attention maps for 3 sample(s) under ./runs/classification_electricity_to_PEMS-SF_laya_mixer_concat_text_stats_joint/attention_maps
Joint metadata preview | dataset=SelfRegulationSCP1 | domain=UEA | channels=6
   - channel_1: In the UEA domain, this channel belongs to the SelfRegulationSCP1 dataset and represents the feature channel 1. Channel statistics over the training split: mean value is 0.000, standard deviation is 1.000, minimum value is -3.551, maximum value is 4.278, median value is -0.082, and mean absolute value is 0.761.
/data/pjh_workspace/ts-env/lib/python3.8/site-packages/torch/nn/modules/transformer.py:307: UserWarning: enable_nested_tensor is True, but self.use_nested_tensor is False because encoder_layer.norm_first was True
  warnings.warn(f"enable_nested_tensor is True, but self.use_nested_tensor is False because {why_not_sparsity_fast_path}")
==================================================
🚀 Architecture: LAYA
📊 Target Dataset: SelfRegulationSCP1 (Channels: 6)
📊 Pretrain Info: electricity
📊 Classes: 2 | Sequence Length: 896
==================================================
✅ Loaded pretrained encoder from ./checkpoints/electricity_laya_mixer_concat_text_stats_joint/laya_ts_electricity_s_best.pt
   - 107/107 keys matched.
✅ Encoder is FROZEN (Linear Probing mode).
📝 metadata: mode=text_stats_joint, fusion=concat_kv, relation=none
ℹ️  Metadata Fusion Mode: concat_kv
ℹ️  Channel Mixer Relation Mode: none
ℹ️  Encoder Variant: default
ℹ️  Channel Adapter: disabled for Laya downstream (mixer)
ℹ️  Channel Relation Block: disabled
✅ ClassificationHead: [B, 256] → [B, 2]
Epoch   1/50 | Train Loss: 0.6794 Acc: 0.5375 F1: 0.5373 | Val Loss: 0.6035 Acc: 0.7308 F1: 0.7271 | Train Meta: MetaNormμ:6.1242 | Val Meta: MetaNormμ:6.1242
Validation Loss decreased (inf --> 0.603495). Saving best model...
Epoch   2/50 | Train Loss: 0.6396 Acc: 0.6292 F1: 0.6290 | Val Loss: 0.5862 Acc: 0.7692 F1: 0.7692 | Train Meta: MetaNormμ:6.1242 | Val Meta: MetaNormμ:6.1242
Validation Loss decreased (0.603495 --> 0.586189). Saving best model...
Epoch   3/50 | Train Loss: 0.6365 Acc: 0.6333 F1: 0.6267 | Val Loss: 0.5872 Acc: 0.7308 F1: 0.7271 | Train Meta: MetaNormμ:6.1242 | Val Meta: MetaNormμ:6.1242
Epoch   4/50 | Train Loss: 0.6398 Acc: 0.5792 F1: 0.5700 | Val Loss: 0.5646 Acc: 0.6923 F1: 0.6601 | Train Meta: MetaNormμ:6.1242 | Val Meta: MetaNormμ:6.1242
Validation Loss decreased (0.586189 --> 0.564625). Saving best model...
Epoch   5/50 | Train Loss: 0.6197 Acc: 0.6375 F1: 0.6329 | Val Loss: 0.5654 Acc: 0.8077 F1: 0.8074 | Train Meta: MetaNormμ:6.1242 | Val Meta: MetaNormμ:6.1242
Epoch   6/50 | Train Loss: 0.6131 Acc: 0.6708 F1: 0.6672 | Val Loss: 0.5466 Acc: 0.8462 F1: 0.8452 | Train Meta: MetaNormμ:6.1242 | Val Meta: MetaNormμ:6.1242
Validation Loss decreased (0.564625 --> 0.546580). Saving best model...
Epoch   7/50 | Train Loss: 0.6018 Acc: 0.6833 F1: 0.6832 | Val Loss: 0.5422 Acc: 0.8077 F1: 0.8003 | Train Meta: MetaNormμ:6.1242 | Val Meta: MetaNormμ:6.1242
Validation Loss decreased (0.546580 --> 0.542247). Saving best model...
Epoch   8/50 | Train Loss: 0.6003 Acc: 0.6958 F1: 0.6892 | Val Loss: 0.6002 Acc: 0.5769 F1: 0.5193 | Train Meta: MetaNormμ:6.1242 | Val Meta: MetaNormμ:6.1242
Epoch   9/50 | Train Loss: 0.6130 Acc: 0.6500 F1: 0.6498 | Val Loss: 0.5324 Acc: 0.6923 F1: 0.6389 | Train Meta: MetaNormμ:6.1242 | Val Meta: MetaNormμ:6.1242
Validation Loss decreased (0.542247 --> 0.532367). Saving best model...
Epoch  10/50 | Train Loss: 0.6043 Acc: 0.6625 F1: 0.6624 | Val Loss: 0.5235 Acc: 0.8077 F1: 0.8003 | Train Meta: MetaNormμ:6.1242 | Val Meta: MetaNormμ:6.1242
Validation Loss decreased (0.532367 --> 0.523486). Saving best model...
Epoch  11/50 | Train Loss: 0.5846 Acc: 0.7250 F1: 0.7171 | Val Loss: 0.5360 Acc: 0.8077 F1: 0.8051 | Train Meta: MetaNormμ:6.1242 | Val Meta: MetaNormμ:6.1242
Epoch  12/50 | Train Loss: 0.5808 Acc: 0.7000 F1: 0.6997 | Val Loss: 0.5140 Acc: 0.8846 F1: 0.8844 | Train Meta: MetaNormμ:6.1242 | Val Meta: MetaNormμ:6.1242
Validation Loss decreased (0.523486 --> 0.513958). Saving best model...
Epoch  13/50 | Train Loss: 0.5759 Acc: 0.7000 F1: 0.6939 | Val Loss: 0.5085 Acc: 0.9231 F1: 0.9231 | Train Meta: MetaNormμ:6.1242 | Val Meta: MetaNormμ:6.1242
Validation Loss decreased (0.513958 --> 0.508493). Saving best model...
Epoch  14/50 | Train Loss: 0.5706 Acc: 0.6958 F1: 0.6949 | Val Loss: 0.4959 Acc: 0.8462 F1: 0.8452 | Train Meta: MetaNormμ:6.1242 | Val Meta: MetaNormμ:6.1242
Validation Loss decreased (0.508493 --> 0.495890). Saving best model...
Epoch  15/50 | Train Loss: 0.5678 Acc: 0.7208 F1: 0.7191 | Val Loss: 0.5081 Acc: 0.8846 F1: 0.8844 | Train Meta: MetaNormμ:6.1242 | Val Meta: MetaNormμ:6.1242
Epoch  16/50 | Train Loss: 0.5690 Acc: 0.7125 F1: 0.7070 | Val Loss: 0.5032 Acc: 0.8462 F1: 0.8452 | Train Meta: MetaNormμ:6.1242 | Val Meta: MetaNormμ:6.1242
Epoch  17/50 | Train Loss: 0.5713 Acc: 0.7250 F1: 0.7250 | Val Loss: 0.4999 Acc: 0.8077 F1: 0.8074 | Train Meta: MetaNormμ:6.1242 | Val Meta: MetaNormμ:6.1242
Epoch  18/50 | Train Loss: 0.5622 Acc: 0.7208 F1: 0.7194 | Val Loss: 0.5356 Acc: 0.6923 F1: 0.6750 | Train Meta: MetaNormμ:6.1242 | Val Meta: MetaNormμ:6.1242
Epoch  19/50 | Train Loss: 0.5944 Acc: 0.6792 F1: 0.6779 | Val Loss: 0.4729 Acc: 0.8462 F1: 0.8452 | Train Meta: MetaNormμ:6.1242 | Val Meta: MetaNormμ:6.1242
Validation Loss decreased (0.495890 --> 0.472901). Saving best model...
Epoch  20/50 | Train Loss: 0.5813 Acc: 0.6917 F1: 0.6913 | Val Loss: 0.4878 Acc: 0.8462 F1: 0.8452 | Train Meta: MetaNormμ:6.1242 | Val Meta: MetaNormμ:6.1242
Epoch  21/50 | Train Loss: 0.5627 Acc: 0.6917 F1: 0.6913 | Val Loss: 0.4755 Acc: 0.8846 F1: 0.8831 | Train Meta: MetaNormμ:6.1242 | Val Meta: MetaNormμ:6.1242
Epoch  22/50 | Train Loss: 0.5532 Acc: 0.7250 F1: 0.7248 | Val Loss: 0.4842 Acc: 0.8462 F1: 0.8452 | Train Meta: MetaNormμ:6.1242 | Val Meta: MetaNormμ:6.1242
Epoch  23/50 | Train Loss: 0.5447 Acc: 0.7375 F1: 0.7336 | Val Loss: 0.4847 Acc: 0.8462 F1: 0.8452 | Train Meta: MetaNormμ:6.1242 | Val Meta: MetaNormμ:6.1242
Epoch  24/50 | Train Loss: 0.5467 Acc: 0.7292 F1: 0.7291 | Val Loss: 0.4661 Acc: 0.8846 F1: 0.8831 | Train Meta: MetaNormμ:6.1242 | Val Meta: MetaNormμ:6.1242
Validation Loss decreased (0.472901 --> 0.466066). Saving best model...
Epoch  25/50 | Train Loss: 0.5463 Acc: 0.7458 F1: 0.7430 | Val Loss: 0.4741 Acc: 0.8462 F1: 0.8452 | Train Meta: MetaNormμ:6.1242 | Val Meta: MetaNormμ:6.1242
Epoch  26/50 | Train Loss: 0.5452 Acc: 0.7333 F1: 0.7318 | Val Loss: 0.4862 Acc: 0.7692 F1: 0.7636 | Train Meta: MetaNormμ:6.1242 | Val Meta: MetaNormμ:6.1242
Epoch  27/50 | Train Loss: 0.5465 Acc: 0.7333 F1: 0.7333 | Val Loss: 0.4598 Acc: 0.8462 F1: 0.8462 | Train Meta: MetaNormμ:6.1242 | Val Meta: MetaNormμ:6.1242
Validation Loss decreased (0.466066 --> 0.459845). Saving best model...
Epoch  28/50 | Train Loss: 0.5345 Acc: 0.7292 F1: 0.7289 | Val Loss: 0.4672 Acc: 0.8846 F1: 0.8844 | Train Meta: MetaNormμ:6.1242 | Val Meta: MetaNormμ:6.1242
Epoch  29/50 | Train Loss: 0.5338 Acc: 0.7250 F1: 0.7238 | Val Loss: 0.4600 Acc: 0.8846 F1: 0.8844 | Train Meta: MetaNormμ:6.1242 | Val Meta: MetaNormμ:6.1242
Epoch  30/50 | Train Loss: 0.5387 Acc: 0.7333 F1: 0.7318 | Val Loss: 0.4455 Acc: 0.8846 F1: 0.8831 | Train Meta: MetaNormμ:6.1242 | Val Meta: MetaNormμ:6.1242
Validation Loss decreased (0.459845 --> 0.445471). Saving best model...
Epoch  31/50 | Train Loss: 0.5336 Acc: 0.7292 F1: 0.7291 | Val Loss: 0.4810 Acc: 0.7692 F1: 0.7636 | Train Meta: MetaNormμ:6.1242 | Val Meta: MetaNormμ:6.1242
Epoch  32/50 | Train Loss: 0.5256 Acc: 0.7500 F1: 0.7486 | Val Loss: 0.4482 Acc: 0.8462 F1: 0.8462 | Train Meta: MetaNormμ:6.1242 | Val Meta: MetaNormμ:6.1242
Epoch  33/50 | Train Loss: 0.5408 Acc: 0.7458 F1: 0.7458 | Val Loss: 0.4375 Acc: 0.8462 F1: 0.8452 | Train Meta: MetaNormμ:6.1242 | Val Meta: MetaNormμ:6.1242
Validation Loss decreased (0.445471 --> 0.437518). Saving best model...
Epoch  34/50 | Train Loss: 0.5442 Acc: 0.7167 F1: 0.7109 | Val Loss: 0.4538 Acc: 0.8462 F1: 0.8452 | Train Meta: MetaNormμ:6.1242 | Val Meta: MetaNormμ:6.1242
Epoch  35/50 | Train Loss: 0.5198 Acc: 0.7375 F1: 0.7373 | Val Loss: 0.4405 Acc: 0.8462 F1: 0.8462 | Train Meta: MetaNormμ:6.1242 | Val Meta: MetaNormμ:6.1242
Epoch  36/50 | Train Loss: 0.5265 Acc: 0.7333 F1: 0.7315 | Val Loss: 0.4693 Acc: 0.7692 F1: 0.7636 | Train Meta: MetaNormμ:6.1242 | Val Meta: MetaNormμ:6.1242
Epoch  37/50 | Train Loss: 0.5166 Acc: 0.7375 F1: 0.7362 | Val Loss: 0.4427 Acc: 0.8462 F1: 0.8462 | Train Meta: MetaNormμ:6.1242 | Val Meta: MetaNormμ:6.1242
Epoch  38/50 | Train Loss: 0.5193 Acc: 0.7542 F1: 0.7523 | Val Loss: 0.4646 Acc: 0.7692 F1: 0.7636 | Train Meta: MetaNormμ:6.1242 | Val Meta: MetaNormμ:6.1242
Epoch  39/50 | Train Loss: 0.5166 Acc: 0.7333 F1: 0.7327 | Val Loss: 0.4419 Acc: 0.8462 F1: 0.8452 | Train Meta: MetaNormμ:6.1242 | Val Meta: MetaNormμ:6.1242
Epoch  40/50 | Train Loss: 0.5142 Acc: 0.7500 F1: 0.7498 | Val Loss: 0.4245 Acc: 0.8462 F1: 0.8452 | Train Meta: MetaNormμ:6.1242 | Val Meta: MetaNormμ:6.1242
Validation Loss decreased (0.437518 --> 0.424508). Saving best model...
Epoch  41/50 | Train Loss: 0.5103 Acc: 0.7792 F1: 0.7749 | Val Loss: 0.4760 Acc: 0.7692 F1: 0.7636 | Train Meta: MetaNormμ:6.1242 | Val Meta: MetaNormμ:6.1242
Epoch  42/50 | Train Loss: 0.5253 Acc: 0.7208 F1: 0.7197 | Val Loss: 0.4313 Acc: 0.8462 F1: 0.8462 | Train Meta: MetaNormμ:6.1242 | Val Meta: MetaNormμ:6.1242
Epoch  43/50 | Train Loss: 0.5169 Acc: 0.7458 F1: 0.7435 | Val Loss: 0.4937 Acc: 0.6923 F1: 0.6750 | Train Meta: MetaNormμ:6.1242 | Val Meta: MetaNormμ:6.1242
Epoch  44/50 | Train Loss: 0.5413 Acc: 0.7292 F1: 0.7284 | Val Loss: 0.4339 Acc: 0.8846 F1: 0.8844 | Train Meta: MetaNormμ:6.1242 | Val Meta: MetaNormμ:6.1242
Epoch  45/50 | Train Loss: 0.5235 Acc: 0.7208 F1: 0.7208 | Val Loss: 0.4115 Acc: 0.8462 F1: 0.8452 | Train Meta: MetaNormμ:6.1242 | Val Meta: MetaNormμ:6.1242
Validation Loss decreased (0.424508 --> 0.411538). Saving best model...
Epoch  46/50 | Train Loss: 0.5070 Acc: 0.7708 F1: 0.7679 | Val Loss: 0.4480 Acc: 0.8077 F1: 0.8051 | Train Meta: MetaNormμ:6.1242 | Val Meta: MetaNormμ:6.1242
Epoch  47/50 | Train Loss: 0.5101 Acc: 0.7708 F1: 0.7708 | Val Loss: 0.4193 Acc: 0.8462 F1: 0.8462 | Train Meta: MetaNormμ:6.1242 | Val Meta: MetaNormμ:6.1242
Epoch  48/50 | Train Loss: 0.5163 Acc: 0.7333 F1: 0.7333 | Val Loss: 0.4149 Acc: 0.8462 F1: 0.8462 | Train Meta: MetaNormμ:6.1242 | Val Meta: MetaNormμ:6.1242
Epoch  49/50 | Train Loss: 0.5179 Acc: 0.7708 F1: 0.7679 | Val Loss: 0.4525 Acc: 0.7692 F1: 0.7636 | Train Meta: MetaNormμ:6.1242 | Val Meta: MetaNormμ:6.1242
Epoch  50/50 | Train Loss: 0.5000 Acc: 0.7583 F1: 0.7577 | Val Loss: 0.4227 Acc: 0.8462 F1: 0.8452 | Train Meta: MetaNormμ:6.1242 | Val Meta: MetaNormμ:6.1242

Classification Test Result (SelfRegulationSCP1)
Accuracy : 0.750853
F1 (macro): 0.739948
Saved attention maps for 3 sample(s) under ./runs/classification_electricity_to_SelfRegulationSCP1_laya_mixer_concat_text_stats_joint/attention_maps
Joint metadata preview | dataset=SelfRegulationSCP2 | domain=UEA | channels=7
   - channel_1: In the UEA domain, this channel belongs to the SelfRegulationSCP2 dataset and represents the feature channel 1. Channel statistics over the training split: mean value is -0.000, standard deviation is 1.000, minimum value is -4.648, maximum value is 5.579, median value is 0.006, and mean absolute value is 0.774.
/data/pjh_workspace/ts-env/lib/python3.8/site-packages/torch/nn/modules/transformer.py:307: UserWarning: enable_nested_tensor is True, but self.use_nested_tensor is False because encoder_layer.norm_first was True
  warnings.warn(f"enable_nested_tensor is True, but self.use_nested_tensor is False because {why_not_sparsity_fast_path}")
==================================================
🚀 Architecture: LAYA
📊 Target Dataset: SelfRegulationSCP2 (Channels: 7)
📊 Pretrain Info: electricity
📊 Classes: 2 | Sequence Length: 1152
==================================================
✅ Loaded pretrained encoder from ./checkpoints/electricity_laya_mixer_concat_text_stats_joint/laya_ts_electricity_s_best.pt
   - 107/107 keys matched.
✅ Encoder is FROZEN (Linear Probing mode).
📝 metadata: mode=text_stats_joint, fusion=concat_kv, relation=none
ℹ️  Metadata Fusion Mode: concat_kv
ℹ️  Channel Mixer Relation Mode: none
ℹ️  Encoder Variant: default
ℹ️  Channel Adapter: disabled for Laya downstream (mixer)
ℹ️  Channel Relation Block: disabled
✅ ClassificationHead: [B, 256] → [B, 2]
Epoch   1/50 | Train Loss: 0.7093 Acc: 0.4716 F1: 0.4640 | Val Loss: 0.7256 Acc: 0.4000 F1: 0.4000 | Train Meta: MetaNormμ:6.1416 | Val Meta: MetaNormμ:6.1416
Validation Loss decreased (inf --> 0.725626). Saving best model...
Epoch   2/50 | Train Loss: 0.6801 Acc: 0.4886 F1: 0.4884 | Val Loss: 0.7236 Acc: 0.3500 F1: 0.3484 | Train Meta: MetaNormμ:6.1416 | Val Meta: MetaNormμ:6.1416
Validation Loss decreased (0.725626 --> 0.723591). Saving best model...
Epoch   3/50 | Train Loss: 0.6745 Acc: 0.5455 F1: 0.5337 | Val Loss: 0.7159 Acc: 0.4000 F1: 0.3939 | Train Meta: MetaNormμ:6.1416 | Val Meta: MetaNormμ:6.1416
Validation Loss decreased (0.723591 --> 0.715878). Saving best model...
Epoch   4/50 | Train Loss: 0.6684 Acc: 0.6023 F1: 0.5575 | Val Loss: 0.7286 Acc: 0.3000 F1: 0.2708 | Train Meta: MetaNormμ:6.1416 | Val Meta: MetaNormμ:6.1416
Epoch   5/50 | Train Loss: 0.6692 Acc: 0.5909 F1: 0.5751 | Val Loss: 0.7077 Acc: 0.6000 F1: 0.4667 | Train Meta: MetaNormμ:6.1416 | Val Meta: MetaNormμ:6.1416
Validation Loss decreased (0.715878 --> 0.707705). Saving best model...
Epoch   6/50 | Train Loss: 0.6775 Acc: 0.5284 F1: 0.5133 | Val Loss: 0.7341 Acc: 0.4000 F1: 0.3750 | Train Meta: MetaNormμ:6.1416 | Val Meta: MetaNormμ:6.1416
Epoch   7/50 | Train Loss: 0.6677 Acc: 0.5341 F1: 0.5292 | Val Loss: 0.7371 Acc: 0.4000 F1: 0.3939 | Train Meta: MetaNormμ:6.1416 | Val Meta: MetaNormμ:6.1416
Epoch   8/50 | Train Loss: 0.6657 Acc: 0.5852 F1: 0.5681 | Val Loss: 0.7289 Acc: 0.4500 F1: 0.4133 | Train Meta: MetaNormμ:6.1416 | Val Meta: MetaNormμ:6.1416
Epoch   9/50 | Train Loss: 0.6601 Acc: 0.5625 F1: 0.5593 | Val Loss: 0.7510 Acc: 0.3500 F1: 0.3350 | Train Meta: MetaNormμ:6.1416 | Val Meta: MetaNormμ:6.1416
Epoch  10/50 | Train Loss: 0.6609 Acc: 0.5966 F1: 0.5564 | Val Loss: 0.7444 Acc: 0.4000 F1: 0.3750 | Train Meta: MetaNormμ:6.1416 | Val Meta: MetaNormμ:6.1416
Epoch  11/50 | Train Loss: 0.6675 Acc: 0.5114 F1: 0.4788 | Val Loss: 0.7538 Acc: 0.4500 F1: 0.4133 | Train Meta: MetaNormμ:6.1416 | Val Meta: MetaNormμ:6.1416
Epoch  12/50 | Train Loss: 0.6668 Acc: 0.5455 F1: 0.4901 | Val Loss: 0.7683 Acc: 0.2500 F1: 0.2481 | Train Meta: MetaNormμ:6.1416 | Val Meta: MetaNormμ:6.1416
Epoch  13/50 | Train Loss: 0.6643 Acc: 0.5682 F1: 0.5662 | Val Loss: 0.7538 Acc: 0.4000 F1: 0.3750 | Train Meta: MetaNormμ:6.1416 | Val Meta: MetaNormμ:6.1416
Epoch  14/50 | Train Loss: 0.6569 Acc: 0.6023 F1: 0.5934 | Val Loss: 0.7600 Acc: 0.4000 F1: 0.3750 | Train Meta: MetaNormμ:6.1416 | Val Meta: MetaNormμ:6.1416
Epoch  15/50 | Train Loss: 0.6588 Acc: 0.6023 F1: 0.5904 | Val Loss: 0.7448 Acc: 0.5000 F1: 0.4048 | Train Meta: MetaNormμ:6.1416 | Val Meta: MetaNormμ:6.1416
Epoch  16/50 | Train Loss: 0.6643 Acc: 0.5568 F1: 0.5563 | Val Loss: 0.7824 Acc: 0.3000 F1: 0.2929 | Train Meta: MetaNormμ:6.1416 | Val Meta: MetaNormμ:6.1416
Epoch  17/50 | Train Loss: 0.6549 Acc: 0.5966 F1: 0.5853 | Val Loss: 0.7525 Acc: 0.4500 F1: 0.3732 | Train Meta: MetaNormμ:6.1416 | Val Meta: MetaNormμ:6.1416
Epoch  18/50 | Train Loss: 0.6607 Acc: 0.5966 F1: 0.5869 | Val Loss: 0.7760 Acc: 0.3500 F1: 0.3350 | Train Meta: MetaNormμ:6.1416 | Val Meta: MetaNormμ:6.1416
Epoch  19/50 | Train Loss: 0.6588 Acc: 0.5852 F1: 0.5534 | Val Loss: 0.7643 Acc: 0.4500 F1: 0.3732 | Train Meta: MetaNormμ:6.1416 | Val Meta: MetaNormμ:6.1416
Epoch  20/50 | Train Loss: 0.6615 Acc: 0.5398 F1: 0.5160 | Val Loss: 0.7788 Acc: 0.3500 F1: 0.3350 | Train Meta: MetaNormμ:6.1416 | Val Meta: MetaNormμ:6.1416
Epoch  21/50 | Train Loss: 0.6541 Acc: 0.6023 F1: 0.5828 | Val Loss: 0.7800 Acc: 0.3500 F1: 0.3350 | Train Meta: MetaNormμ:6.1416 | Val Meta: MetaNormμ:6.1416
Epoch  22/50 | Train Loss: 0.6515 Acc: 0.6420 F1: 0.6255 | Val Loss: 0.7731 Acc: 0.3500 F1: 0.3350 | Train Meta: MetaNormμ:6.1416 | Val Meta: MetaNormμ:6.1416
Epoch  23/50 | Train Loss: 0.6530 Acc: 0.6250 F1: 0.6232 | Val Loss: 0.7740 Acc: 0.3500 F1: 0.3067 | Train Meta: MetaNormμ:6.1416 | Val Meta: MetaNormμ:6.1416
Epoch  24/50 | Train Loss: 0.6506 Acc: 0.5682 F1: 0.5668 | Val Loss: 0.8000 Acc: 0.2500 F1: 0.2481 | Train Meta: MetaNormμ:6.1416 | Val Meta: MetaNormμ:6.1416
Epoch  25/50 | Train Loss: 0.6550 Acc: 0.6023 F1: 0.5887 | Val Loss: 0.7835 Acc: 0.3500 F1: 0.3350 | Train Meta: MetaNormμ:6.1416 | Val Meta: MetaNormμ:6.1416
Epoch  26/50 | Train Loss: 0.6540 Acc: 0.5398 F1: 0.5331 | Val Loss: 0.7918 Acc: 0.3500 F1: 0.3350 | Train Meta: MetaNormμ:6.1416 | Val Meta: MetaNormμ:6.1416
Epoch  27/50 | Train Loss: 0.6646 Acc: 0.6023 F1: 0.5609 | Val Loss: 0.7837 Acc: 0.4500 F1: 0.3732 | Train Meta: MetaNormμ:6.1416 | Val Meta: MetaNormμ:6.1416
Epoch  28/50 | Train Loss: 0.7093 Acc: 0.4943 F1: 0.4351 | Val Loss: 0.8420 Acc: 0.3000 F1: 0.2929 | Train Meta: MetaNormμ:6.1416 | Val Meta: MetaNormμ:6.1416
Epoch  29/50 | Train Loss: 0.6797 Acc: 0.5682 F1: 0.4755 | Val Loss: 0.7970 Acc: 0.3500 F1: 0.3350 | Train Meta: MetaNormμ:6.1416 | Val Meta: MetaNormμ:6.1416
Epoch  30/50 | Train Loss: 0.6534 Acc: 0.5341 F1: 0.5060 | Val Loss: 0.7901 Acc: 0.5000 F1: 0.4048 | Train Meta: MetaNormμ:6.1416 | Val Meta: MetaNormμ:6.1416
Epoch  31/50 | Train Loss: 0.6512 Acc: 0.6193 F1: 0.6054 | Val Loss: 0.8258 Acc: 0.3000 F1: 0.3000 | Train Meta: MetaNormμ:6.1416 | Val Meta: MetaNormμ:6.1416
Epoch  32/50 | Train Loss: 0.6565 Acc: 0.5966 F1: 0.5950 | Val Loss: 0.7959 Acc: 0.3500 F1: 0.3067 | Train Meta: MetaNormμ:6.1416 | Val Meta: MetaNormμ:6.1416
Epoch  33/50 | Train Loss: 0.6521 Acc: 0.6136 F1: 0.5879 | Val Loss: 0.8251 Acc: 0.3000 F1: 0.3000 | Train Meta: MetaNormμ:6.1416 | Val Meta: MetaNormμ:6.1416
Epoch  34/50 | Train Loss: 0.6478 Acc: 0.6080 F1: 0.6079 | Val Loss: 0.7946 Acc: 0.4000 F1: 0.3407 | Train Meta: MetaNormμ:6.1416 | Val Meta: MetaNormμ:6.1416
Epoch  35/50 | Train Loss: 0.6502 Acc: 0.6307 F1: 0.6189 | Val Loss: 0.8172 Acc: 0.3500 F1: 0.3484 | Train Meta: MetaNormμ:6.1416 | Val Meta: MetaNormμ:6.1416
Epoch  36/50 | Train Loss: 0.6583 Acc: 0.5398 F1: 0.5331 | Val Loss: 0.8029 Acc: 0.3000 F1: 0.2708 | Train Meta: MetaNormμ:6.1416 | Val Meta: MetaNormμ:6.1416
Epoch  37/50 | Train Loss: 0.6405 Acc: 0.6250 F1: 0.6086 | Val Loss: 0.8305 Acc: 0.3000 F1: 0.3000 | Train Meta: MetaNormμ:6.1416 | Val Meta: MetaNormμ:6.1416
Epoch  38/50 | Train Loss: 0.6697 Acc: 0.5227 F1: 0.5165 | Val Loss: 0.8090 Acc: 0.3500 F1: 0.3067 | Train Meta: MetaNormμ:6.1416 | Val Meta: MetaNormμ:6.1416
Epoch  39/50 | Train Loss: 0.6677 Acc: 0.5909 F1: 0.5580 | Val Loss: 0.8377 Acc: 0.2500 F1: 0.2481 | Train Meta: MetaNormμ:6.1416 | Val Meta: MetaNormμ:6.1416
Epoch  40/50 | Train Loss: 0.6523 Acc: 0.5625 F1: 0.5520 | Val Loss: 0.8114 Acc: 0.4000 F1: 0.3407 | Train Meta: MetaNormμ:6.1416 | Val Meta: MetaNormμ:6.1416
Epoch  41/50 | Train Loss: 0.6405 Acc: 0.6818 F1: 0.6768 | Val Loss: 0.8384 Acc: 0.3000 F1: 0.3000 | Train Meta: MetaNormμ:6.1416 | Val Meta: MetaNormμ:6.1416
Epoch  42/50 | Train Loss: 0.6456 Acc: 0.6080 F1: 0.5999 | Val Loss: 0.8175 Acc: 0.2500 F1: 0.2327 | Train Meta: MetaNormμ:6.1416 | Val Meta: MetaNormμ:6.1416
Epoch  43/50 | Train Loss: 0.6494 Acc: 0.6307 F1: 0.6136 | Val Loss: 0.8253 Acc: 0.3000 F1: 0.2929 | Train Meta: MetaNormμ:6.1416 | Val Meta: MetaNormμ:6.1416
Epoch  44/50 | Train Loss: 0.6655 Acc: 0.5852 F1: 0.5701 | Val Loss: 0.8204 Acc: 0.2500 F1: 0.2327 | Train Meta: MetaNormμ:6.1416 | Val Meta: MetaNormμ:6.1416
Epoch  45/50 | Train Loss: 0.6581 Acc: 0.6080 F1: 0.5831 | Val Loss: 0.8461 Acc: 0.3500 F1: 0.3484 | Train Meta: MetaNormμ:6.1416 | Val Meta: MetaNormμ:6.1416
Epoch  46/50 | Train Loss: 0.6550 Acc: 0.5739 F1: 0.5665 | Val Loss: 0.8255 Acc: 0.3000 F1: 0.2708 | Train Meta: MetaNormμ:6.1416 | Val Meta: MetaNormμ:6.1416
Epoch  47/50 | Train Loss: 0.6427 Acc: 0.6250 F1: 0.6232 | Val Loss: 0.8323 Acc: 0.2500 F1: 0.2327 | Train Meta: MetaNormμ:6.1416 | Val Meta: MetaNormμ:6.1416
Epoch  48/50 | Train Loss: 0.6516 Acc: 0.6477 F1: 0.6194 | Val Loss: 0.8335 Acc: 0.2500 F1: 0.2327 | Train Meta: MetaNormμ:6.1416 | Val Meta: MetaNormμ:6.1416
Epoch  49/50 | Train Loss: 0.6594 Acc: 0.5682 F1: 0.5493 | Val Loss: 0.8356 Acc: 0.2500 F1: 0.2327 | Train Meta: MetaNormμ:6.1416 | Val Meta: MetaNormμ:6.1416
Epoch  50/50 | Train Loss: 0.6369 Acc: 0.6477 F1: 0.6341 | Val Loss: 0.8459 Acc: 0.3000 F1: 0.2929 | Train Meta: MetaNormμ:6.1416 | Val Meta: MetaNormμ:6.1416

Classification Test Result (SelfRegulationSCP2)
Accuracy : 0.505556
F1 (macro): 0.441403
Saved attention maps for 3 sample(s) under ./runs/classification_electricity_to_SelfRegulationSCP2_laya_mixer_concat_text_stats_joint/attention_maps
Joint metadata preview | dataset=SpokenArabicDigits | domain=UEA | channels=13
   - channel_1: In the UEA domain, this channel belongs to the SpokenArabicDigits dataset and represents the feature channel 1. Channel statistics over the training split: mean value is -0.000, standard deviation is 0.999, minimum value is -5.497, maximum value is 4.002, median value is -0.412, and mean absolute value is 0.748.
/data/pjh_workspace/ts-env/lib/python3.8/site-packages/torch/nn/modules/transformer.py:307: UserWarning: enable_nested_tensor is True, but self.use_nested_tensor is False because encoder_layer.norm_first was True
  warnings.warn(f"enable_nested_tensor is True, but self.use_nested_tensor is False because {why_not_sparsity_fast_path}")
==================================================
🚀 Architecture: LAYA
📊 Target Dataset: SpokenArabicDigits (Channels: 13)
📊 Pretrain Info: electricity
📊 Classes: 10 | Sequence Length: 93
==================================================
✅ Loaded pretrained encoder from ./checkpoints/electricity_laya_mixer_concat_text_stats_joint/laya_ts_electricity_s_best.pt
   - 107/107 keys matched.
✅ Encoder is FROZEN (Linear Probing mode).
📝 metadata: mode=text_stats_joint, fusion=concat_kv, relation=none
ℹ️  Metadata Fusion Mode: concat_kv
ℹ️  Channel Mixer Relation Mode: none
ℹ️  Encoder Variant: default
ℹ️  Channel Adapter: disabled for Laya downstream (mixer)
ℹ️  Channel Relation Block: disabled
✅ ClassificationHead: [B, 256] → [B, 10]
Epoch   1/50 | Train Loss: 2.1982 Acc: 0.1878 F1: 0.1803 | Val Loss: 2.1088 Acc: 0.2489 F1: 0.2253 | Train Meta: MetaNormμ:6.1501 | Val Meta: MetaNormμ:6.1501
Validation Loss decreased (inf --> 2.108754). Saving best model...
Epoch   2/50 | Train Loss: 2.0592 Acc: 0.2556 F1: 0.2468 | Val Loss: 2.0136 Acc: 0.2822 F1: 0.2459 | Train Meta: MetaNormμ:6.1501 | Val Meta: MetaNormμ:6.1501
Validation Loss decreased (2.108754 --> 2.013602). Saving best model...
Epoch   3/50 | Train Loss: 1.9878 Acc: 0.2919 F1: 0.2847 | Val Loss: 1.9433 Acc: 0.3065 F1: 0.2767 | Train Meta: MetaNormμ:6.1501 | Val Meta: MetaNormμ:6.1501
Validation Loss decreased (2.013602 --> 1.943325). Saving best model...
Epoch   4/50 | Train Loss: 1.9253 Acc: 0.3113 F1: 0.3001 | Val Loss: 1.9129 Acc: 0.3156 F1: 0.3031 | Train Meta: MetaNormμ:6.1501 | Val Meta: MetaNormμ:6.1501
Validation Loss decreased (1.943325 --> 1.912876). Saving best model...
Epoch   5/50 | Train Loss: 1.8766 Acc: 0.3287 F1: 0.3190 | Val Loss: 1.8586 Acc: 0.3505 F1: 0.3175 | Train Meta: MetaNormμ:6.1501 | Val Meta: MetaNormμ:6.1501
Validation Loss decreased (1.912876 --> 1.858552). Saving best model...
Epoch   6/50 | Train Loss: 1.8339 Acc: 0.3486 F1: 0.3399 | Val Loss: 1.8323 Acc: 0.3384 F1: 0.2899 | Train Meta: MetaNormμ:6.1501 | Val Meta: MetaNormμ:6.1501
Validation Loss decreased (1.858552 --> 1.832276). Saving best model...
Epoch   7/50 | Train Loss: 1.8015 Acc: 0.3582 F1: 0.3509 | Val Loss: 1.7826 Acc: 0.4097 F1: 0.3982 | Train Meta: MetaNormμ:6.1501 | Val Meta: MetaNormμ:6.1501
Validation Loss decreased (1.832276 --> 1.782586). Saving best model...
Epoch   8/50 | Train Loss: 1.7731 Acc: 0.3689 F1: 0.3606 | Val Loss: 1.7570 Acc: 0.3885 F1: 0.3765 | Train Meta: MetaNormμ:6.1501 | Val Meta: MetaNormμ:6.1501
Validation Loss decreased (1.782586 --> 1.757036). Saving best model...
Epoch   9/50 | Train Loss: 1.7557 Acc: 0.3689 F1: 0.3633 | Val Loss: 1.7741 Acc: 0.3612 F1: 0.3393 | Train Meta: MetaNormμ:6.1501 | Val Meta: MetaNormμ:6.1501
Epoch  10/50 | Train Loss: 1.7310 Acc: 0.3784 F1: 0.3718 | Val Loss: 1.7304 Acc: 0.3733 F1: 0.3665 | Train Meta: MetaNormμ:6.1501 | Val Meta: MetaNormμ:6.1501
Validation Loss decreased (1.757036 --> 1.730431). Saving best model...
Epoch  11/50 | Train Loss: 1.7113 Acc: 0.3878 F1: 0.3813 | Val Loss: 1.7191 Acc: 0.4249 F1: 0.4117 | Train Meta: MetaNormμ:6.1501 | Val Meta: MetaNormμ:6.1501
Validation Loss decreased (1.730431 --> 1.719061). Saving best model...
Epoch  12/50 | Train Loss: 1.6941 Acc: 0.3925 F1: 0.3859 | Val Loss: 1.6886 Acc: 0.3976 F1: 0.3822 | Train Meta: MetaNormμ:6.1501 | Val Meta: MetaNormμ:6.1501
Validation Loss decreased (1.719061 --> 1.688568). Saving best model...
Epoch  13/50 | Train Loss: 1.6802 Acc: 0.4030 F1: 0.3986 | Val Loss: 1.6972 Acc: 0.4234 F1: 0.4075 | Train Meta: MetaNormμ:6.1501 | Val Meta: MetaNormμ:6.1501
Epoch  14/50 | Train Loss: 1.6648 Acc: 0.4092 F1: 0.4044 | Val Loss: 1.6856 Acc: 0.4067 F1: 0.4031 | Train Meta: MetaNormμ:6.1501 | Val Meta: MetaNormμ:6.1501
Validation Loss decreased (1.688568 --> 1.685569). Saving best model...
Epoch  15/50 | Train Loss: 1.6530 Acc: 0.4121 F1: 0.4081 | Val Loss: 1.6601 Acc: 0.4173 F1: 0.3865 | Train Meta: MetaNormμ:6.1501 | Val Meta: MetaNormμ:6.1501
Validation Loss decreased (1.685569 --> 1.660135). Saving best model...
Epoch  16/50 | Train Loss: 1.6407 Acc: 0.4176 F1: 0.4126 | Val Loss: 1.6592 Acc: 0.4492 F1: 0.4354 | Train Meta: MetaNormμ:6.1501 | Val Meta: MetaNormμ:6.1501
Validation Loss decreased (1.660135 --> 1.659250). Saving best model...
Epoch  17/50 | Train Loss: 1.6270 Acc: 0.4235 F1: 0.4187 | Val Loss: 1.6290 Acc: 0.4416 F1: 0.4341 | Train Meta: MetaNormμ:6.1501 | Val Meta: MetaNormμ:6.1501
Validation Loss decreased (1.659250 --> 1.628988). Saving best model...
Epoch  18/50 | Train Loss: 1.6168 Acc: 0.4330 F1: 0.4289 | Val Loss: 1.6357 Acc: 0.4264 F1: 0.4201 | Train Meta: MetaNormμ:6.1501 | Val Meta: MetaNormμ:6.1501
Epoch  19/50 | Train Loss: 1.6106 Acc: 0.4284 F1: 0.4246 | Val Loss: 1.6201 Acc: 0.4279 F1: 0.4181 | Train Meta: MetaNormμ:6.1501 | Val Meta: MetaNormμ:6.1501
Validation Loss decreased (1.628988 --> 1.620141). Saving best model...
Epoch  20/50 | Train Loss: 1.6020 Acc: 0.4301 F1: 0.4255 | Val Loss: 1.6122 Acc: 0.4294 F1: 0.4306 | Train Meta: MetaNormμ:6.1501 | Val Meta: MetaNormμ:6.1501
Validation Loss decreased (1.620141 --> 1.612217). Saving best model...
Epoch  21/50 | Train Loss: 1.5923 Acc: 0.4323 F1: 0.4288 | Val Loss: 1.5939 Acc: 0.4294 F1: 0.4205 | Train Meta: MetaNormμ:6.1501 | Val Meta: MetaNormμ:6.1501
Validation Loss decreased (1.612217 --> 1.593864). Saving best model...
Epoch  22/50 | Train Loss: 1.5822 Acc: 0.4432 F1: 0.4397 | Val Loss: 1.6112 Acc: 0.4310 F1: 0.4177 | Train Meta: MetaNormμ:6.1501 | Val Meta: MetaNormμ:6.1501
Epoch  23/50 | Train Loss: 1.5750 Acc: 0.4410 F1: 0.4379 | Val Loss: 1.5826 Acc: 0.4446 F1: 0.4427 | Train Meta: MetaNormμ:6.1501 | Val Meta: MetaNormμ:6.1501
Validation Loss decreased (1.593864 --> 1.582610). Saving best model...
Epoch  24/50 | Train Loss: 1.5653 Acc: 0.4520 F1: 0.4474 | Val Loss: 1.5772 Acc: 0.4659 F1: 0.4562 | Train Meta: MetaNormμ:6.1501 | Val Meta: MetaNormμ:6.1501
Validation Loss decreased (1.582610 --> 1.577204). Saving best model...
Epoch  25/50 | Train Loss: 1.5610 Acc: 0.4444 F1: 0.4411 | Val Loss: 1.5686 Acc: 0.4522 F1: 0.4484 | Train Meta: MetaNormμ:6.1501 | Val Meta: MetaNormμ:6.1501
Validation Loss decreased (1.577204 --> 1.568571). Saving best model...
Epoch  26/50 | Train Loss: 1.5530 Acc: 0.4552 F1: 0.4526 | Val Loss: 1.5601 Acc: 0.4674 F1: 0.4566 | Train Meta: MetaNormμ:6.1501 | Val Meta: MetaNormμ:6.1501
Validation Loss decreased (1.568571 --> 1.560085). Saving best model...
Epoch  27/50 | Train Loss: 1.5425 Acc: 0.4587 F1: 0.4551 | Val Loss: 1.5498 Acc: 0.4310 F1: 0.4293 | Train Meta: MetaNormμ:6.1501 | Val Meta: MetaNormμ:6.1501
Validation Loss decreased (1.560085 --> 1.549814). Saving best model...
Epoch  28/50 | Train Loss: 1.5354 Acc: 0.4665 F1: 0.4642 | Val Loss: 1.5547 Acc: 0.4234 F1: 0.4018 | Train Meta: MetaNormμ:6.1501 | Val Meta: MetaNormμ:6.1501
Epoch  29/50 | Train Loss: 1.5321 Acc: 0.4599 F1: 0.4568 | Val Loss: 1.5493 Acc: 0.4750 F1: 0.4613 | Train Meta: MetaNormμ:6.1501 | Val Meta: MetaNormμ:6.1501
Validation Loss decreased (1.549814 --> 1.549305). Saving best model...
Epoch  30/50 | Train Loss: 1.5278 Acc: 0.4614 F1: 0.4592 | Val Loss: 1.5269 Acc: 0.4856 F1: 0.4827 | Train Meta: MetaNormμ:6.1501 | Val Meta: MetaNormμ:6.1501
Validation Loss decreased (1.549305 --> 1.526916). Saving best model...
Epoch  31/50 | Train Loss: 1.5189 Acc: 0.4650 F1: 0.4627 | Val Loss: 1.5196 Acc: 0.4841 F1: 0.4806 | Train Meta: MetaNormμ:6.1501 | Val Meta: MetaNormμ:6.1501
Validation Loss decreased (1.526916 --> 1.519591). Saving best model...
Epoch  32/50 | Train Loss: 1.5123 Acc: 0.4656 F1: 0.4632 | Val Loss: 1.5190 Acc: 0.4628 F1: 0.4644 | Train Meta: MetaNormμ:6.1501 | Val Meta: MetaNormμ:6.1501
Validation Loss decreased (1.519591 --> 1.518988). Saving best model...
Epoch  33/50 | Train Loss: 1.5138 Acc: 0.4690 F1: 0.4664 | Val Loss: 1.5221 Acc: 0.4461 F1: 0.4447 | Train Meta: MetaNormμ:6.1501 | Val Meta: MetaNormμ:6.1501
Epoch  34/50 | Train Loss: 1.5060 Acc: 0.4709 F1: 0.4694 | Val Loss: 1.5174 Acc: 0.4750 F1: 0.4716 | Train Meta: MetaNormμ:6.1501 | Val Meta: MetaNormμ:6.1501
Validation Loss decreased (1.518988 --> 1.517392). Saving best model...
Epoch  35/50 | Train Loss: 1.4988 Acc: 0.4736 F1: 0.4703 | Val Loss: 1.5333 Acc: 0.4492 F1: 0.4468 | Train Meta: MetaNormμ:6.1501 | Val Meta: MetaNormμ:6.1501
Epoch  36/50 | Train Loss: 1.4925 Acc: 0.4730 F1: 0.4711 | Val Loss: 1.5088 Acc: 0.4825 F1: 0.4823 | Train Meta: MetaNormμ:6.1501 | Val Meta: MetaNormμ:6.1501
Validation Loss decreased (1.517392 --> 1.508761). Saving best model...
Epoch  37/50 | Train Loss: 1.4879 Acc: 0.4756 F1: 0.4738 | Val Loss: 1.4966 Acc: 0.4780 F1: 0.4702 | Train Meta: MetaNormμ:6.1501 | Val Meta: MetaNormμ:6.1501
Validation Loss decreased (1.508761 --> 1.496648). Saving best model...
Epoch  38/50 | Train Loss: 1.4865 Acc: 0.4826 F1: 0.4806 | Val Loss: 1.4898 Acc: 0.4841 F1: 0.4825 | Train Meta: MetaNormμ:6.1501 | Val Meta: MetaNormμ:6.1501
Validation Loss decreased (1.496648 --> 1.489833). Saving best model...
Epoch  39/50 | Train Loss: 1.4799 Acc: 0.4832 F1: 0.4809 | Val Loss: 1.4875 Acc: 0.4795 F1: 0.4813 | Train Meta: MetaNormμ:6.1501 | Val Meta: MetaNormμ:6.1501
Validation Loss decreased (1.489833 --> 1.487496). Saving best model...
Epoch  40/50 | Train Loss: 1.4762 Acc: 0.4830 F1: 0.4806 | Val Loss: 1.4846 Acc: 0.4886 F1: 0.4816 | Train Meta: MetaNormμ:6.1501 | Val Meta: MetaNormμ:6.1501
Validation Loss decreased (1.487496 --> 1.484552). Saving best model...
Epoch  41/50 | Train Loss: 1.4731 Acc: 0.4894 F1: 0.4878 | Val Loss: 1.4735 Acc: 0.4886 F1: 0.4838 | Train Meta: MetaNormμ:6.1501 | Val Meta: MetaNormμ:6.1501
Validation Loss decreased (1.484552 --> 1.473525). Saving best model...
Epoch  42/50 | Train Loss: 1.4652 Acc: 0.4848 F1: 0.4826 | Val Loss: 1.4802 Acc: 0.4917 F1: 0.4929 | Train Meta: MetaNormμ:6.1501 | Val Meta: MetaNormμ:6.1501
Epoch  43/50 | Train Loss: 1.4628 Acc: 0.4833 F1: 0.4811 | Val Loss: 1.4663 Acc: 0.4947 F1: 0.4975 | Train Meta: MetaNormμ:6.1501 | Val Meta: MetaNormμ:6.1501
Validation Loss decreased (1.473525 --> 1.466349). Saving best model...
Epoch  44/50 | Train Loss: 1.4604 Acc: 0.4865 F1: 0.4846 | Val Loss: 1.4912 Acc: 0.4841 F1: 0.4758 | Train Meta: MetaNormμ:6.1501 | Val Meta: MetaNormμ:6.1501
Epoch  45/50 | Train Loss: 1.4532 Acc: 0.4976 F1: 0.4958 | Val Loss: 1.4597 Acc: 0.4992 F1: 0.4892 | Train Meta: MetaNormμ:6.1501 | Val Meta: MetaNormμ:6.1501
Validation Loss decreased (1.466349 --> 1.459687). Saving best model...
Epoch  46/50 | Train Loss: 1.4511 Acc: 0.4917 F1: 0.4897 | Val Loss: 1.4808 Acc: 0.5053 F1: 0.4920 | Train Meta: MetaNormμ:6.1501 | Val Meta: MetaNormμ:6.1501
Epoch  47/50 | Train Loss: 1.4492 Acc: 0.4916 F1: 0.4897 | Val Loss: 1.4479 Acc: 0.4932 F1: 0.4897 | Train Meta: MetaNormμ:6.1501 | Val Meta: MetaNormμ:6.1501
Validation Loss decreased (1.459687 --> 1.447874). Saving best model...
Epoch  48/50 | Train Loss: 1.4438 Acc: 0.4955 F1: 0.4935 | Val Loss: 1.4697 Acc: 0.5099 F1: 0.5032 | Train Meta: MetaNormμ:6.1501 | Val Meta: MetaNormμ:6.1501
Epoch  49/50 | Train Loss: 1.4390 Acc: 0.5005 F1: 0.4985 | Val Loss: 1.4525 Acc: 0.5008 F1: 0.4992 | Train Meta: MetaNormμ:6.1501 | Val Meta: MetaNormμ:6.1501
Epoch  50/50 | Train Loss: 1.4369 Acc: 0.4987 F1: 0.4972 | Val Loss: 1.4365 Acc: 0.5023 F1: 0.5000 | Train Meta: MetaNormμ:6.1501 | Val Meta: MetaNormμ:6.1501
Validation Loss decreased (1.447874 --> 1.436515). Saving best model...

Classification Test Result (SpokenArabicDigits)
Accuracy : 0.227831
F1 (macro): 0.218195
Saved attention maps for 3 sample(s) under ./runs/classification_electricity_to_SpokenArabicDigits_laya_mixer_concat_text_stats_joint/attention_maps
Joint metadata preview | dataset=UWaveGestureLibrary | domain=UEA | channels=3
   - channel_1: In the UEA domain, this channel belongs to the UWaveGestureLibrary dataset and represents the feature channel 1. Channel statistics over the training split: mean value is 0.000, standard deviation is 1.000, minimum value is -3.292, maximum value is 3.158, median value is 0.006, and mean absolute value is 0.835.
/data/pjh_workspace/ts-env/lib/python3.8/site-packages/torch/nn/modules/transformer.py:307: UserWarning: enable_nested_tensor is True, but self.use_nested_tensor is False because encoder_layer.norm_first was True
  warnings.warn(f"enable_nested_tensor is True, but self.use_nested_tensor is False because {why_not_sparsity_fast_path}")
==================================================
🚀 Architecture: LAYA
📊 Target Dataset: UWaveGestureLibrary (Channels: 3)
📊 Pretrain Info: electricity
📊 Classes: 8 | Sequence Length: 315
==================================================
✅ Loaded pretrained encoder from ./checkpoints/electricity_laya_mixer_concat_text_stats_joint/laya_ts_electricity_s_best.pt
   - 107/107 keys matched.
✅ Encoder is FROZEN (Linear Probing mode).
📝 metadata: mode=text_stats_joint, fusion=concat_kv, relation=none
ℹ️  Metadata Fusion Mode: concat_kv
ℹ️  Channel Mixer Relation Mode: none
ℹ️  Encoder Variant: default
ℹ️  Channel Adapter: disabled for Laya downstream (mixer)
ℹ️  Channel Relation Block: disabled
✅ ClassificationHead: [B, 256] → [B, 8]
Epoch   1/50 | Train Loss: 1.9178 Acc: 0.1042 F1: 0.0530 | Val Loss: 2.1383 Acc: 0.0833 F1: 0.1250 | Train Meta: MetaNormμ:6.1097 | Val Meta: MetaNormμ:6.1097
Validation Loss decreased (inf --> 2.138313). Saving best model...
Epoch   2/50 | Train Loss: 1.8380 Acc: 0.1458 F1: 0.0713 | Val Loss: 2.1832 Acc: 0.0000 F1: 0.0000 | Train Meta: MetaNormμ:6.1097 | Val Meta: MetaNormμ:6.1097
Epoch   3/50 | Train Loss: 1.8365 Acc: 0.1458 F1: 0.0625 | Val Loss: 2.2471 Acc: 0.0000 F1: 0.0000 | Train Meta: MetaNormμ:6.1097 | Val Meta: MetaNormμ:6.1097
Epoch   4/50 | Train Loss: 1.8275 Acc: 0.1771 F1: 0.1089 | Val Loss: 2.1974 Acc: 0.0000 F1: 0.0000 | Train Meta: MetaNormμ:6.1097 | Val Meta: MetaNormμ:6.1097
Epoch   5/50 | Train Loss: 1.8031 Acc: 0.1771 F1: 0.1166 | Val Loss: 2.1978 Acc: 0.0833 F1: 0.0417 | Train Meta: MetaNormμ:6.1097 | Val Meta: MetaNormμ:6.1097
Epoch   6/50 | Train Loss: 1.7877 Acc: 0.1771 F1: 0.1070 | Val Loss: 2.1963 Acc: 0.0833 F1: 0.0357 | Train Meta: MetaNormμ:6.1097 | Val Meta: MetaNormμ:6.1097
Epoch   7/50 | Train Loss: 1.7789 Acc: 0.1875 F1: 0.1520 | Val Loss: 2.1730 Acc: 0.1667 F1: 0.1042 | Train Meta: MetaNormμ:6.1097 | Val Meta: MetaNormμ:6.1097
Epoch   8/50 | Train Loss: 1.7666 Acc: 0.1979 F1: 0.1637 | Val Loss: 2.1886 Acc: 0.1667 F1: 0.0833 | Train Meta: MetaNormμ:6.1097 | Val Meta: MetaNormμ:6.1097
Epoch   9/50 | Train Loss: 1.7542 Acc: 0.2500 F1: 0.2156 | Val Loss: 2.2200 Acc: 0.1667 F1: 0.1250 | Train Meta: MetaNormμ:6.1097 | Val Meta: MetaNormμ:6.1097
Epoch  10/50 | Train Loss: 1.7673 Acc: 0.2083 F1: 0.1847 | Val Loss: 2.2331 Acc: 0.1667 F1: 0.1125 | Train Meta: MetaNormμ:6.1097 | Val Meta: MetaNormμ:6.1097
Epoch  11/50 | Train Loss: 1.7563 Acc: 0.1979 F1: 0.1565 | Val Loss: 2.2674 Acc: 0.1667 F1: 0.1000 | Train Meta: MetaNormμ:6.1097 | Val Meta: MetaNormμ:6.1097
Epoch  12/50 | Train Loss: 1.7372 Acc: 0.2604 F1: 0.2221 | Val Loss: 2.2844 Acc: 0.0833 F1: 0.0500 | Train Meta: MetaNormμ:6.1097 | Val Meta: MetaNormμ:6.1097
Epoch  13/50 | Train Loss: 1.7274 Acc: 0.2396 F1: 0.1840 | Val Loss: 2.2915 Acc: 0.1667 F1: 0.1125 | Train Meta: MetaNormμ:6.1097 | Val Meta: MetaNormμ:6.1097
Epoch  14/50 | Train Loss: 1.7099 Acc: 0.3021 F1: 0.2666 | Val Loss: 2.2595 Acc: 0.1667 F1: 0.1125 | Train Meta: MetaNormμ:6.1097 | Val Meta: MetaNormμ:6.1097
Epoch  15/50 | Train Loss: 1.7384 Acc: 0.2188 F1: 0.1852 | Val Loss: 2.3038 Acc: 0.1667 F1: 0.0917 | Train Meta: MetaNormμ:6.1097 | Val Meta: MetaNormμ:6.1097
Epoch  16/50 | Train Loss: 1.7136 Acc: 0.2812 F1: 0.2425 | Val Loss: 2.2941 Acc: 0.1667 F1: 0.0917 | Train Meta: MetaNormμ:6.1097 | Val Meta: MetaNormμ:6.1097
Epoch  17/50 | Train Loss: 1.7354 Acc: 0.2188 F1: 0.1903 | Val Loss: 2.3092 Acc: 0.1667 F1: 0.1000 | Train Meta: MetaNormμ:6.1097 | Val Meta: MetaNormμ:6.1097
Epoch  18/50 | Train Loss: 1.7035 Acc: 0.2708 F1: 0.2346 | Val Loss: 2.2968 Acc: 0.1667 F1: 0.1125 | Train Meta: MetaNormμ:6.1097 | Val Meta: MetaNormμ:6.1097
Epoch  19/50 | Train Loss: 1.7050 Acc: 0.3229 F1: 0.2569 | Val Loss: 2.3215 Acc: 0.1667 F1: 0.1000 | Train Meta: MetaNormμ:6.1097 | Val Meta: MetaNormμ:6.1097
Epoch  20/50 | Train Loss: 1.6907 Acc: 0.3021 F1: 0.2491 | Val Loss: 2.3108 Acc: 0.1667 F1: 0.1125 | Train Meta: MetaNormμ:6.1097 | Val Meta: MetaNormμ:6.1097
Epoch  21/50 | Train Loss: 1.6834 Acc: 0.2708 F1: 0.2273 | Val Loss: 2.3240 Acc: 0.1667 F1: 0.1048 | Train Meta: MetaNormμ:6.1097 | Val Meta: MetaNormμ:6.1097
Epoch  22/50 | Train Loss: 1.6698 Acc: 0.2812 F1: 0.2601 | Val Loss: 2.3192 Acc: 0.1667 F1: 0.1125 | Train Meta: MetaNormμ:6.1097 | Val Meta: MetaNormμ:6.1097
Epoch  23/50 | Train Loss: 1.6688 Acc: 0.3021 F1: 0.2694 | Val Loss: 2.3290 Acc: 0.2500 F1: 0.1750 | Train Meta: MetaNormμ:6.1097 | Val Meta: MetaNormμ:6.1097
Epoch  24/50 | Train Loss: 1.7157 Acc: 0.2188 F1: 0.1852 | Val Loss: 2.3666 Acc: 0.1667 F1: 0.1000 | Train Meta: MetaNormμ:6.1097 | Val Meta: MetaNormμ:6.1097
Epoch  25/50 | Train Loss: 1.6817 Acc: 0.2500 F1: 0.2249 | Val Loss: 2.3606 Acc: 0.1667 F1: 0.1000 | Train Meta: MetaNormμ:6.1097 | Val Meta: MetaNormμ:6.1097
Epoch  26/50 | Train Loss: 1.6891 Acc: 0.2396 F1: 0.2196 | Val Loss: 2.3480 Acc: 0.1667 F1: 0.1000 | Train Meta: MetaNormμ:6.1097 | Val Meta: MetaNormμ:6.1097
Epoch  27/50 | Train Loss: 1.7011 Acc: 0.2292 F1: 0.2108 | Val Loss: 2.4043 Acc: 0.1667 F1: 0.1125 | Train Meta: MetaNormμ:6.1097 | Val Meta: MetaNormμ:6.1097
Epoch  28/50 | Train Loss: 1.6546 Acc: 0.3542 F1: 0.3078 | Val Loss: 2.3601 Acc: 0.1667 F1: 0.1125 | Train Meta: MetaNormμ:6.1097 | Val Meta: MetaNormμ:6.1097
Epoch  29/50 | Train Loss: 1.6790 Acc: 0.2708 F1: 0.2542 | Val Loss: 2.3386 Acc: 0.1667 F1: 0.1125 | Train Meta: MetaNormμ:6.1097 | Val Meta: MetaNormμ:6.1097
Epoch  30/50 | Train Loss: 1.6795 Acc: 0.2396 F1: 0.2452 | Val Loss: 2.3500 Acc: 0.1667 F1: 0.0917 | Train Meta: MetaNormμ:6.1097 | Val Meta: MetaNormμ:6.1097
Epoch  31/50 | Train Loss: 1.6478 Acc: 0.2812 F1: 0.2758 | Val Loss: 2.3997 Acc: 0.1667 F1: 0.0917 | Train Meta: MetaNormμ:6.1097 | Val Meta: MetaNormμ:6.1097
Epoch  32/50 | Train Loss: 1.6620 Acc: 0.2292 F1: 0.1948 | Val Loss: 2.4435 Acc: 0.2500 F1: 0.1905 | Train Meta: MetaNormμ:6.1097 | Val Meta: MetaNormμ:6.1097
Epoch  33/50 | Train Loss: 1.6416 Acc: 0.2708 F1: 0.2445 | Val Loss: 2.3996 Acc: 0.2500 F1: 0.1833 | Train Meta: MetaNormμ:6.1097 | Val Meta: MetaNormμ:6.1097
Epoch  34/50 | Train Loss: 1.6597 Acc: 0.3125 F1: 0.2895 | Val Loss: 2.4057 Acc: 0.2500 F1: 0.2083 | Train Meta: MetaNormμ:6.1097 | Val Meta: MetaNormμ:6.1097
Epoch  35/50 | Train Loss: 1.6676 Acc: 0.3125 F1: 0.2714 | Val Loss: 2.4119 Acc: 0.2500 F1: 0.2083 | Train Meta: MetaNormμ:6.1097 | Val Meta: MetaNormμ:6.1097
Epoch  36/50 | Train Loss: 1.6432 Acc: 0.2917 F1: 0.2683 | Val Loss: 2.3737 Acc: 0.1667 F1: 0.1042 | Train Meta: MetaNormμ:6.1097 | Val Meta: MetaNormμ:6.1097
Epoch  37/50 | Train Loss: 1.6209 Acc: 0.2708 F1: 0.2635 | Val Loss: 2.3950 Acc: 0.2500 F1: 0.1625 | Train Meta: MetaNormμ:6.1097 | Val Meta: MetaNormμ:6.1097
Epoch  38/50 | Train Loss: 1.6407 Acc: 0.2812 F1: 0.2627 | Val Loss: 2.4109 Acc: 0.2500 F1: 0.1750 | Train Meta: MetaNormμ:6.1097 | Val Meta: MetaNormμ:6.1097
Epoch  39/50 | Train Loss: 1.6262 Acc: 0.2917 F1: 0.2864 | Val Loss: 2.4465 Acc: 0.2500 F1: 0.1833 | Train Meta: MetaNormμ:6.1097 | Val Meta: MetaNormμ:6.1097
Epoch  40/50 | Train Loss: 1.6510 Acc: 0.2812 F1: 0.2496 | Val Loss: 2.5039 Acc: 0.2500 F1: 0.2083 | Train Meta: MetaNormμ:6.1097 | Val Meta: MetaNormμ:6.1097
Epoch  41/50 | Train Loss: 1.6205 Acc: 0.3333 F1: 0.3089 | Val Loss: 2.4482 Acc: 0.2500 F1: 0.1875 | Train Meta: MetaNormμ:6.1097 | Val Meta: MetaNormμ:6.1097
Epoch  42/50 | Train Loss: 1.6156 Acc: 0.3333 F1: 0.3266 | Val Loss: 2.3786 Acc: 0.2500 F1: 0.1750 | Train Meta: MetaNormμ:6.1097 | Val Meta: MetaNormμ:6.1097
Epoch  43/50 | Train Loss: 1.6098 Acc: 0.2917 F1: 0.2859 | Val Loss: 2.4105 Acc: 0.2500 F1: 0.1750 | Train Meta: MetaNormμ:6.1097 | Val Meta: MetaNormμ:6.1097
Epoch  44/50 | Train Loss: 1.6071 Acc: 0.2812 F1: 0.2838 | Val Loss: 2.4469 Acc: 0.2500 F1: 0.1875 | Train Meta: MetaNormμ:6.1097 | Val Meta: MetaNormμ:6.1097
Epoch  45/50 | Train Loss: 1.6082 Acc: 0.3438 F1: 0.3317 | Val Loss: 2.4796 Acc: 0.1667 F1: 0.1750 | Train Meta: MetaNormμ:6.1097 | Val Meta: MetaNormμ:6.1097
Epoch  46/50 | Train Loss: 1.6246 Acc: 0.3021 F1: 0.2710 | Val Loss: 2.4675 Acc: 0.2500 F1: 0.2083 | Train Meta: MetaNormμ:6.1097 | Val Meta: MetaNormμ:6.1097
Epoch  47/50 | Train Loss: 1.6288 Acc: 0.3125 F1: 0.3051 | Val Loss: 2.4470 Acc: 0.2500 F1: 0.1750 | Train Meta: MetaNormμ:6.1097 | Val Meta: MetaNormμ:6.1097
Epoch  48/50 | Train Loss: 1.5962 Acc: 0.3229 F1: 0.3253 | Val Loss: 2.4659 Acc: 0.2500 F1: 0.1625 | Train Meta: MetaNormμ:6.1097 | Val Meta: MetaNormμ:6.1097
Epoch  49/50 | Train Loss: 1.6128 Acc: 0.3333 F1: 0.3186 | Val Loss: 2.4794 Acc: 0.2500 F1: 0.2024 | Train Meta: MetaNormμ:6.1097 | Val Meta: MetaNormμ:6.1097
Epoch  50/50 | Train Loss: 1.6048 Acc: 0.3438 F1: 0.3289 | Val Loss: 2.4536 Acc: 0.2500 F1: 0.2375 | Train Meta: MetaNormμ:6.1097 | Val Meta: MetaNormμ:6.1097

Classification Test Result (UWaveGestureLibrary)
Accuracy : 0.087500
F1 (macro): 0.058444
Saved attention maps for 3 sample(s) under ./runs/classification_electricity_to_UWaveGestureLibrary_laya_mixer_concat_text_stats_joint/attention_maps
Joint metadata preview | dataset=ECG200 | domain=UCR | channels=1
   - channel_1: In the UCR domain, this channel belongs to the ECG200 dataset and represents the feature channel 1. Channel statistics over the training split: mean value is -0.000, standard deviation is 1.000, minimum value is -2.631, maximum value is 4.221, median value is 0.226, and mean absolute value is 0.785.
/data/pjh_workspace/ts-env/lib/python3.8/site-packages/torch/nn/modules/transformer.py:307: UserWarning: enable_nested_tensor is True, but self.use_nested_tensor is False because encoder_layer.norm_first was True
  warnings.warn(f"enable_nested_tensor is True, but self.use_nested_tensor is False because {why_not_sparsity_fast_path}")
==================================================
🚀 Architecture: LAYA
📊 Target Dataset: ECG200 (Channels: 1)
📊 Pretrain Info: electricity
📊 Classes: 2 | Sequence Length: 96
==================================================
✅ Loaded pretrained encoder from ./checkpoints/electricity_laya_mixer_concat_text_stats_joint/laya_ts_electricity_s_best.pt
   - 107/107 keys matched.
✅ Encoder is FROZEN (Linear Probing mode).
📝 metadata: mode=text_stats_joint, fusion=concat_kv, relation=none
ℹ️  Metadata Fusion Mode: concat_kv
ℹ️  Channel Mixer Relation Mode: none
ℹ️  Encoder Variant: default
ℹ️  Channel Adapter: disabled for Laya downstream (mixer)
ℹ️  Channel Relation Block: disabled
✅ ClassificationHead: [B, 256] → [B, 2]
Epoch   1/50 | Train Loss: 0.5711 Acc: 0.6750 F1: 0.4667 | Val Loss: 0.6195 Acc: 0.6000 F1: 0.3750 | Train Meta: MetaNormμ:5.9428 | Val Meta: MetaNormμ:5.9428
Validation Loss decreased (inf --> 0.619457). Saving best model...
Epoch   2/50 | Train Loss: 0.4967 Acc: 0.6875 F1: 0.4431 | Val Loss: 0.5648 Acc: 0.7000 F1: 0.6000 | Train Meta: MetaNormμ:5.9428 | Val Meta: MetaNormμ:5.9428
Validation Loss decreased (0.619457 --> 0.564837). Saving best model...
Epoch   3/50 | Train Loss: 0.4655 Acc: 0.7250 F1: 0.5238 | Val Loss: 0.5400 Acc: 0.8000 F1: 0.7619 | Train Meta: MetaNormμ:5.9428 | Val Meta: MetaNormμ:5.9428
Validation Loss decreased (0.564837 --> 0.539984). Saving best model...
Epoch   4/50 | Train Loss: 0.4517 Acc: 0.7250 F1: 0.5487 | Val Loss: 0.5035 Acc: 0.6000 F1: 0.5833 | Train Meta: MetaNormμ:5.9428 | Val Meta: MetaNormμ:5.9428
Validation Loss decreased (0.539984 --> 0.503530). Saving best model...
Epoch   5/50 | Train Loss: 0.4413 Acc: 0.7375 F1: 0.6661 | Val Loss: 0.5076 Acc: 0.7000 F1: 0.6970 | Train Meta: MetaNormμ:5.9428 | Val Meta: MetaNormμ:5.9428
Epoch   6/50 | Train Loss: 0.4098 Acc: 0.7625 F1: 0.6885 | Val Loss: 0.5153 Acc: 0.7000 F1: 0.6970 | Train Meta: MetaNormμ:5.9428 | Val Meta: MetaNormμ:5.9428
Epoch   7/50 | Train Loss: 0.4517 Acc: 0.7375 F1: 0.6661 | Val Loss: 0.5116 Acc: 0.7000 F1: 0.6970 | Train Meta: MetaNormμ:5.9428 | Val Meta: MetaNormμ:5.9428
Epoch   8/50 | Train Loss: 0.4511 Acc: 0.7375 F1: 0.6557 | Val Loss: 0.4990 Acc: 0.7000 F1: 0.6970 | Train Meta: MetaNormμ:5.9428 | Val Meta: MetaNormμ:5.9428
Validation Loss decreased (0.503530 --> 0.498976). Saving best model...
Epoch   9/50 | Train Loss: 0.4355 Acc: 0.7250 F1: 0.6204 | Val Loss: 0.5032 Acc: 0.7000 F1: 0.6970 | Train Meta: MetaNormμ:5.9428 | Val Meta: MetaNormμ:5.9428
Epoch  10/50 | Train Loss: 0.4276 Acc: 0.7500 F1: 0.6865 | Val Loss: 0.5083 Acc: 0.7000 F1: 0.6970 | Train Meta: MetaNormμ:5.9428 | Val Meta: MetaNormμ:5.9428
Epoch  11/50 | Train Loss: 0.4167 Acc: 0.7500 F1: 0.6865 | Val Loss: 0.5082 Acc: 0.7000 F1: 0.6970 | Train Meta: MetaNormμ:5.9428 | Val Meta: MetaNormμ:5.9428
Epoch  12/50 | Train Loss: 0.4291 Acc: 0.7375 F1: 0.6754 | Val Loss: 0.5027 Acc: 0.6000 F1: 0.5833 | Train Meta: MetaNormμ:5.9428 | Val Meta: MetaNormμ:5.9428
Epoch  13/50 | Train Loss: 0.4456 Acc: 0.7500 F1: 0.6949 | Val Loss: 0.5210 Acc: 0.8000 F1: 0.8000 | Train Meta: MetaNormμ:5.9428 | Val Meta: MetaNormμ:5.9428
Epoch  14/50 | Train Loss: 0.3927 Acc: 0.7875 F1: 0.7012 | Val Loss: 0.5007 Acc: 0.6000 F1: 0.5833 | Train Meta: MetaNormμ:5.9428 | Val Meta: MetaNormμ:5.9428
Epoch  15/50 | Train Loss: 0.4305 Acc: 0.7625 F1: 0.6779 | Val Loss: 0.5005 Acc: 0.6000 F1: 0.5833 | Train Meta: MetaNormμ:5.9428 | Val Meta: MetaNormμ:5.9428
Epoch  16/50 | Train Loss: 0.4355 Acc: 0.7625 F1: 0.6373 | Val Loss: 0.5023 Acc: 0.6000 F1: 0.5833 | Train Meta: MetaNormμ:5.9428 | Val Meta: MetaNormμ:5.9428
Epoch  17/50 | Train Loss: 0.3686 Acc: 0.8125 F1: 0.7363 | Val Loss: 0.5026 Acc: 0.6000 F1: 0.5833 | Train Meta: MetaNormμ:5.9428 | Val Meta: MetaNormμ:5.9428
Epoch  18/50 | Train Loss: 0.4123 Acc: 0.7750 F1: 0.7094 | Val Loss: 0.5005 Acc: 0.7000 F1: 0.6970 | Train Meta: MetaNormμ:5.9428 | Val Meta: MetaNormμ:5.9428
Epoch  19/50 | Train Loss: 0.4009 Acc: 0.8000 F1: 0.7239 | Val Loss: 0.4986 Acc: 0.7000 F1: 0.6970 | Train Meta: MetaNormμ:5.9428 | Val Meta: MetaNormμ:5.9428
Validation Loss decreased (0.498976 --> 0.498616). Saving best model...
Epoch  20/50 | Train Loss: 0.3957 Acc: 0.7750 F1: 0.6894 | Val Loss: 0.4912 Acc: 0.7000 F1: 0.6970 | Train Meta: MetaNormμ:5.9428 | Val Meta: MetaNormμ:5.9428
Validation Loss decreased (0.498616 --> 0.491167). Saving best model...
Epoch  21/50 | Train Loss: 0.4031 Acc: 0.7875 F1: 0.7012 | Val Loss: 0.4848 Acc: 0.7000 F1: 0.6970 | Train Meta: MetaNormμ:5.9428 | Val Meta: MetaNormμ:5.9428
Validation Loss decreased (0.491167 --> 0.484756). Saving best model...
Epoch  22/50 | Train Loss: 0.3688 Acc: 0.8125 F1: 0.7457 | Val Loss: 0.4798 Acc: 0.7000 F1: 0.6970 | Train Meta: MetaNormμ:5.9428 | Val Meta: MetaNormμ:5.9428
Validation Loss decreased (0.484756 --> 0.479771). Saving best model...
Epoch  23/50 | Train Loss: 0.4129 Acc: 0.7875 F1: 0.7213 | Val Loss: 0.4778 Acc: 0.7000 F1: 0.6970 | Train Meta: MetaNormμ:5.9428 | Val Meta: MetaNormμ:5.9428
Validation Loss decreased (0.479771 --> 0.477839). Saving best model...
Epoch  24/50 | Train Loss: 0.4177 Acc: 0.7500 F1: 0.6667 | Val Loss: 0.4867 Acc: 0.7000 F1: 0.6970 | Train Meta: MetaNormμ:5.9428 | Val Meta: MetaNormμ:5.9428
Epoch  25/50 | Train Loss: 0.4194 Acc: 0.8000 F1: 0.7333 | Val Loss: 0.4954 Acc: 0.7000 F1: 0.6970 | Train Meta: MetaNormμ:5.9428 | Val Meta: MetaNormμ:5.9428
Epoch  26/50 | Train Loss: 0.4038 Acc: 0.7875 F1: 0.7213 | Val Loss: 0.4800 Acc: 0.7000 F1: 0.6970 | Train Meta: MetaNormμ:5.9428 | Val Meta: MetaNormμ:5.9428
Epoch  27/50 | Train Loss: 0.4059 Acc: 0.7875 F1: 0.7118 | Val Loss: 0.4804 Acc: 0.7000 F1: 0.6970 | Train Meta: MetaNormμ:5.9428 | Val Meta: MetaNormμ:5.9428
Epoch  28/50 | Train Loss: 0.3927 Acc: 0.8000 F1: 0.7239 | Val Loss: 0.4777 Acc: 0.7000 F1: 0.6970 | Train Meta: MetaNormμ:5.9428 | Val Meta: MetaNormμ:5.9428
Validation Loss decreased (0.477839 --> 0.477714). Saving best model...
Epoch  29/50 | Train Loss: 0.3952 Acc: 0.7750 F1: 0.6894 | Val Loss: 0.4811 Acc: 0.7000 F1: 0.6970 | Train Meta: MetaNormμ:5.9428 | Val Meta: MetaNormμ:5.9428
Epoch  30/50 | Train Loss: 0.4004 Acc: 0.8125 F1: 0.7540 | Val Loss: 0.4832 Acc: 0.7000 F1: 0.6970 | Train Meta: MetaNormμ:5.9428 | Val Meta: MetaNormμ:5.9428
Epoch  31/50 | Train Loss: 0.4145 Acc: 0.8000 F1: 0.7492 | Val Loss: 0.4771 Acc: 0.7000 F1: 0.6970 | Train Meta: MetaNormμ:5.9428 | Val Meta: MetaNormμ:5.9428
Validation Loss decreased (0.477714 --> 0.477073). Saving best model...
Epoch  32/50 | Train Loss: 0.3846 Acc: 0.8375 F1: 0.7796 | Val Loss: 0.4804 Acc: 0.8000 F1: 0.7917 | Train Meta: MetaNormμ:5.9428 | Val Meta: MetaNormμ:5.9428
Epoch  33/50 | Train Loss: 0.3733 Acc: 0.8125 F1: 0.7363 | Val Loss: 0.4747 Acc: 0.7000 F1: 0.6970 | Train Meta: MetaNormμ:5.9428 | Val Meta: MetaNormμ:5.9428
Validation Loss decreased (0.477073 --> 0.474709). Saving best model...
Epoch  34/50 | Train Loss: 0.3946 Acc: 0.7875 F1: 0.7213 | Val Loss: 0.4761 Acc: 0.7000 F1: 0.6970 | Train Meta: MetaNormμ:5.9428 | Val Meta: MetaNormμ:5.9428
Epoch  35/50 | Train Loss: 0.3741 Acc: 0.8125 F1: 0.7257 | Val Loss: 0.4728 Acc: 0.7000 F1: 0.6970 | Train Meta: MetaNormμ:5.9428 | Val Meta: MetaNormμ:5.9428
Validation Loss decreased (0.474709 --> 0.472844). Saving best model...
Epoch  36/50 | Train Loss: 0.3931 Acc: 0.8125 F1: 0.7457 | Val Loss: 0.4711 Acc: 0.7000 F1: 0.6970 | Train Meta: MetaNormμ:5.9428 | Val Meta: MetaNormμ:5.9428
Validation Loss decreased (0.472844 --> 0.471060). Saving best model...
Epoch  37/50 | Train Loss: 0.3966 Acc: 0.8250 F1: 0.7740 | Val Loss: 0.4777 Acc: 0.7000 F1: 0.6970 | Train Meta: MetaNormμ:5.9428 | Val Meta: MetaNormμ:5.9428
Epoch  38/50 | Train Loss: 0.3785 Acc: 0.8250 F1: 0.7806 | Val Loss: 0.4772 Acc: 0.7000 F1: 0.6970 | Train Meta: MetaNormμ:5.9428 | Val Meta: MetaNormμ:5.9428
Epoch  39/50 | Train Loss: 0.3984 Acc: 0.8125 F1: 0.7741 | Val Loss: 0.4764 Acc: 0.7000 F1: 0.6970 | Train Meta: MetaNormμ:5.9428 | Val Meta: MetaNormμ:5.9428
Epoch  40/50 | Train Loss: 0.3738 Acc: 0.8375 F1: 0.7868 | Val Loss: 0.4725 Acc: 0.7000 F1: 0.6970 | Train Meta: MetaNormμ:5.9428 | Val Meta: MetaNormμ:5.9428
Epoch  41/50 | Train Loss: 0.3987 Acc: 0.8000 F1: 0.7417 | Val Loss: 0.4748 Acc: 0.8000 F1: 0.7917 | Train Meta: MetaNormμ:5.9428 | Val Meta: MetaNormμ:5.9428
Epoch  42/50 | Train Loss: 0.4045 Acc: 0.7875 F1: 0.7012 | Val Loss: 0.4816 Acc: 0.7000 F1: 0.6970 | Train Meta: MetaNormμ:5.9428 | Val Meta: MetaNormμ:5.9428
Epoch  43/50 | Train Loss: 0.3891 Acc: 0.8375 F1: 0.7933 | Val Loss: 0.4824 Acc: 0.7000 F1: 0.6970 | Train Meta: MetaNormμ:5.9428 | Val Meta: MetaNormμ:5.9428
Epoch  44/50 | Train Loss: 0.3928 Acc: 0.8250 F1: 0.7806 | Val Loss: 0.4823 Acc: 0.7000 F1: 0.6970 | Train Meta: MetaNormμ:5.9428 | Val Meta: MetaNormμ:5.9428
Epoch  45/50 | Train Loss: 0.3649 Acc: 0.8500 F1: 0.8169 | Val Loss: 0.4809 Acc: 0.7000 F1: 0.6970 | Train Meta: MetaNormμ:5.9428 | Val Meta: MetaNormμ:5.9428
Epoch  46/50 | Train Loss: 0.3889 Acc: 0.8250 F1: 0.7806 | Val Loss: 0.4789 Acc: 0.7000 F1: 0.6970 | Train Meta: MetaNormμ:5.9428 | Val Meta: MetaNormμ:5.9428
Epoch  47/50 | Train Loss: 0.3746 Acc: 0.8000 F1: 0.7417 | Val Loss: 0.4782 Acc: 0.8000 F1: 0.7917 | Train Meta: MetaNormμ:5.9428 | Val Meta: MetaNormμ:5.9428
Epoch  48/50 | Train Loss: 0.3076 Acc: 0.8875 F1: 0.8418 | Val Loss: 0.4704 Acc: 0.8000 F1: 0.7917 | Train Meta: MetaNormμ:5.9428 | Val Meta: MetaNormμ:5.9428
Validation Loss decreased (0.471060 --> 0.470371). Saving best model...
Epoch  49/50 | Train Loss: 0.3886 Acc: 0.8250 F1: 0.7667 | Val Loss: 0.4681 Acc: 0.7000 F1: 0.6970 | Train Meta: MetaNormμ:5.9428 | Val Meta: MetaNormμ:5.9428
Validation Loss decreased (0.470371 --> 0.468071). Saving best model...
Epoch  50/50 | Train Loss: 0.3745 Acc: 0.8125 F1: 0.7681 | Val Loss: 0.4747 Acc: 0.7000 F1: 0.6970 | Train Meta: MetaNormμ:5.9428 | Val Meta: MetaNormμ:5.9428

Classification Test Result (ECG200)
Accuracy : 0.670000
F1 (macro): 0.617657
Saved attention maps for 3 sample(s) under ./runs/classification_electricity_to_ECG200_laya_mixer_concat_text_stats_joint/attention_maps
Joint metadata preview | dataset=ECG5000 | domain=UCR | channels=1
   - channel_1: In the UCR domain, this channel belongs to the ECG5000 dataset and represents the feature channel 1. Channel statistics over the training split: mean value is 0.000, standard deviation is 1.000, minimum value is -5.818, maximum value is 4.073, median value is 0.187, and mean absolute value is 0.668.
/data/pjh_workspace/ts-env/lib/python3.8/site-packages/torch/nn/modules/transformer.py:307: UserWarning: enable_nested_tensor is True, but self.use_nested_tensor is False because encoder_layer.norm_first was True
  warnings.warn(f"enable_nested_tensor is True, but self.use_nested_tensor is False because {why_not_sparsity_fast_path}")
==================================================
🚀 Architecture: LAYA
📊 Target Dataset: ECG5000 (Channels: 1)
📊 Pretrain Info: electricity
📊 Classes: 5 | Sequence Length: 140
==================================================
✅ Loaded pretrained encoder from ./checkpoints/electricity_laya_mixer_concat_text_stats_joint/laya_ts_electricity_s_best.pt
   - 107/107 keys matched.
✅ Encoder is FROZEN (Linear Probing mode).
📝 metadata: mode=text_stats_joint, fusion=concat_kv, relation=none
ℹ️  Metadata Fusion Mode: concat_kv
ℹ️  Channel Mixer Relation Mode: none
ℹ️  Encoder Variant: default
ℹ️  Channel Adapter: disabled for Laya downstream (mixer)
ℹ️  Channel Relation Block: disabled
✅ ClassificationHead: [B, 256] → [B, 5]
Epoch   1/50 | Train Loss: 0.9220 Acc: 0.6786 F1: 0.2799 | Val Loss: 0.5515 Acc: 0.8800 F1: 0.5840 | Train Meta: MetaNormμ:5.9443 | Val Meta: MetaNormμ:5.9443
Validation Loss decreased (inf --> 0.551472). Saving best model...
Epoch   2/50 | Train Loss: 0.6033 Acc: 0.8504 F1: 0.3476 | Val Loss: 0.4658 Acc: 0.9000 F1: 0.6008 | Train Meta: MetaNormμ:5.9443 | Val Meta: MetaNormμ:5.9443
Validation Loss decreased (0.551472 --> 0.465755). Saving best model...
Epoch   3/50 | Train Loss: 0.5284 Acc: 0.8616 F1: 0.3522 | Val Loss: 0.3980 Acc: 0.9000 F1: 0.6008 | Train Meta: MetaNormμ:5.9443 | Val Meta: MetaNormμ:5.9443
Validation Loss decreased (0.465755 --> 0.398030). Saving best model...
Epoch   4/50 | Train Loss: 0.4963 Acc: 0.8705 F1: 0.3561 | Val Loss: 0.3821 Acc: 0.9000 F1: 0.6008 | Train Meta: MetaNormμ:5.9443 | Val Meta: MetaNormμ:5.9443
Validation Loss decreased (0.398030 --> 0.382109). Saving best model...
Epoch   5/50 | Train Loss: 0.4742 Acc: 0.8728 F1: 0.3574 | Val Loss: 0.3504 Acc: 0.9000 F1: 0.6008 | Train Meta: MetaNormμ:5.9443 | Val Meta: MetaNormμ:5.9443
Validation Loss decreased (0.382109 --> 0.350438). Saving best model...
Epoch   6/50 | Train Loss: 0.4524 Acc: 0.8705 F1: 0.3559 | Val Loss: 0.3410 Acc: 0.9000 F1: 0.6008 | Train Meta: MetaNormμ:5.9443 | Val Meta: MetaNormμ:5.9443
Validation Loss decreased (0.350438 --> 0.341020). Saving best model...
Epoch   7/50 | Train Loss: 0.4322 Acc: 0.8817 F1: 0.3611 | Val Loss: 0.3367 Acc: 0.9200 F1: 0.6170 | Train Meta: MetaNormμ:5.9443 | Val Meta: MetaNormμ:5.9443
Validation Loss decreased (0.341020 --> 0.336704). Saving best model...
Epoch   8/50 | Train Loss: 0.4161 Acc: 0.8817 F1: 0.3612 | Val Loss: 0.3175 Acc: 0.9200 F1: 0.6170 | Train Meta: MetaNormμ:5.9443 | Val Meta: MetaNormμ:5.9443
Validation Loss decreased (0.336704 --> 0.317522). Saving best model...
Epoch   9/50 | Train Loss: 0.3869 Acc: 0.8839 F1: 0.3616 | Val Loss: 0.3009 Acc: 0.9000 F1: 0.6008 | Train Meta: MetaNormμ:5.9443 | Val Meta: MetaNormμ:5.9443
Validation Loss decreased (0.317522 --> 0.300870). Saving best model...
Epoch  10/50 | Train Loss: 0.3998 Acc: 0.8728 F1: 0.3571 | Val Loss: 0.2893 Acc: 0.9000 F1: 0.6048 | Train Meta: MetaNormμ:5.9443 | Val Meta: MetaNormμ:5.9443
Validation Loss decreased (0.300870 --> 0.289288). Saving best model...
Epoch  11/50 | Train Loss: 0.3866 Acc: 0.8750 F1: 0.3582 | Val Loss: 0.3276 Acc: 0.9400 F1: 0.6328 | Train Meta: MetaNormμ:5.9443 | Val Meta: MetaNormμ:5.9443
Epoch  12/50 | Train Loss: 0.3917 Acc: 0.8683 F1: 0.3555 | Val Loss: 0.3006 Acc: 0.9200 F1: 0.6170 | Train Meta: MetaNormμ:5.9443 | Val Meta: MetaNormμ:5.9443
Epoch  13/50 | Train Loss: 0.3866 Acc: 0.8772 F1: 0.3804 | Val Loss: 0.2862 Acc: 0.9200 F1: 0.6170 | Train Meta: MetaNormμ:5.9443 | Val Meta: MetaNormμ:5.9443
Validation Loss decreased (0.289288 --> 0.286182). Saving best model...
Epoch  14/50 | Train Loss: 0.3696 Acc: 0.8817 F1: 0.3613 | Val Loss: 0.3011 Acc: 0.9200 F1: 0.6170 | Train Meta: MetaNormμ:5.9443 | Val Meta: MetaNormμ:5.9443
Epoch  15/50 | Train Loss: 0.3616 Acc: 0.8772 F1: 0.3588 | Val Loss: 0.2772 Acc: 0.9200 F1: 0.6170 | Train Meta: MetaNormμ:5.9443 | Val Meta: MetaNormμ:5.9443
Validation Loss decreased (0.286182 --> 0.277195). Saving best model...
Epoch  16/50 | Train Loss: 0.3544 Acc: 0.8862 F1: 0.3847 | Val Loss: 0.2743 Acc: 0.9400 F1: 0.6366 | Train Meta: MetaNormμ:5.9443 | Val Meta: MetaNormμ:5.9443
Validation Loss decreased (0.277195 --> 0.274349). Saving best model...
Epoch  17/50 | Train Loss: 0.3545 Acc: 0.8884 F1: 0.4053 | Val Loss: 0.2823 Acc: 0.9400 F1: 0.6328 | Train Meta: MetaNormμ:5.9443 | Val Meta: MetaNormμ:5.9443
Epoch  18/50 | Train Loss: 0.3463 Acc: 0.8929 F1: 0.3881 | Val Loss: 0.2621 Acc: 0.9400 F1: 0.6328 | Train Meta: MetaNormμ:5.9443 | Val Meta: MetaNormμ:5.9443
Validation Loss decreased (0.274349 --> 0.262105). Saving best model...
Epoch  19/50 | Train Loss: 0.3384 Acc: 0.8906 F1: 0.3876 | Val Loss: 0.2660 Acc: 0.9400 F1: 0.6328 | Train Meta: MetaNormμ:5.9443 | Val Meta: MetaNormμ:5.9443
Epoch  20/50 | Train Loss: 0.3379 Acc: 0.8951 F1: 0.4050 | Val Loss: 0.2630 Acc: 0.9400 F1: 0.6328 | Train Meta: MetaNormμ:5.9443 | Val Meta: MetaNormμ:5.9443
Epoch  21/50 | Train Loss: 0.3356 Acc: 0.8951 F1: 0.4082 | Val Loss: 0.2615 Acc: 0.9400 F1: 0.6328 | Train Meta: MetaNormμ:5.9443 | Val Meta: MetaNormμ:5.9443
Validation Loss decreased (0.262105 --> 0.261504). Saving best model...
Epoch  22/50 | Train Loss: 0.3308 Acc: 0.8951 F1: 0.4082 | Val Loss: 0.2586 Acc: 0.9400 F1: 0.6366 | Train Meta: MetaNormμ:5.9443 | Val Meta: MetaNormμ:5.9443
Validation Loss decreased (0.261504 --> 0.258640). Saving best model...
Epoch  23/50 | Train Loss: 0.3299 Acc: 0.8929 F1: 0.4040 | Val Loss: 0.2496 Acc: 0.9400 F1: 0.6366 | Train Meta: MetaNormμ:5.9443 | Val Meta: MetaNormμ:5.9443
Validation Loss decreased (0.258640 --> 0.249565). Saving best model...
Epoch  24/50 | Train Loss: 0.3272 Acc: 0.8929 F1: 0.4072 | Val Loss: 0.2587 Acc: 0.9400 F1: 0.6366 | Train Meta: MetaNormμ:5.9443 | Val Meta: MetaNormμ:5.9443
Epoch  25/50 | Train Loss: 0.3221 Acc: 0.8951 F1: 0.4065 | Val Loss: 0.2698 Acc: 0.9400 F1: 0.6328 | Train Meta: MetaNormμ:5.9443 | Val Meta: MetaNormμ:5.9443
Epoch  26/50 | Train Loss: 0.3185 Acc: 0.8973 F1: 0.4091 | Val Loss: 0.2537 Acc: 0.9400 F1: 0.6366 | Train Meta: MetaNormμ:5.9443 | Val Meta: MetaNormμ:5.9443
Epoch  27/50 | Train Loss: 0.3178 Acc: 0.9018 F1: 0.4080 | Val Loss: 0.2494 Acc: 0.9400 F1: 0.6366 | Train Meta: MetaNormμ:5.9443 | Val Meta: MetaNormμ:5.9443
Validation Loss decreased (0.249565 --> 0.249356). Saving best model...
Epoch  28/50 | Train Loss: 0.3132 Acc: 0.8929 F1: 0.4070 | Val Loss: 0.2568 Acc: 0.9400 F1: 0.6328 | Train Meta: MetaNormμ:5.9443 | Val Meta: MetaNormμ:5.9443
Epoch  29/50 | Train Loss: 0.3126 Acc: 0.9062 F1: 0.4616 | Val Loss: 0.2450 Acc: 0.9200 F1: 0.6210 | Train Meta: MetaNormμ:5.9443 | Val Meta: MetaNormμ:5.9443
Validation Loss decreased (0.249356 --> 0.245014). Saving best model...
Epoch  30/50 | Train Loss: 0.3167 Acc: 0.9018 F1: 0.4439 | Val Loss: 0.2364 Acc: 0.9400 F1: 0.6366 | Train Meta: MetaNormμ:5.9443 | Val Meta: MetaNormμ:5.9443
Validation Loss decreased (0.245014 --> 0.236366). Saving best model...
Epoch  31/50 | Train Loss: 0.3161 Acc: 0.8929 F1: 0.4051 | Val Loss: 0.2699 Acc: 0.9400 F1: 0.6328 | Train Meta: MetaNormμ:5.9443 | Val Meta: MetaNormμ:5.9443
Epoch  32/50 | Train Loss: 0.3081 Acc: 0.8996 F1: 0.4248 | Val Loss: 0.2530 Acc: 0.9400 F1: 0.6366 | Train Meta: MetaNormμ:5.9443 | Val Meta: MetaNormμ:5.9443
Epoch  33/50 | Train Loss: 0.3026 Acc: 0.9040 F1: 0.4608 | Val Loss: 0.2371 Acc: 0.9400 F1: 0.6366 | Train Meta: MetaNormμ:5.9443 | Val Meta: MetaNormμ:5.9443
Epoch  34/50 | Train Loss: 0.2950 Acc: 0.9062 F1: 0.4618 | Val Loss: 0.2578 Acc: 0.9400 F1: 0.6328 | Train Meta: MetaNormμ:5.9443 | Val Meta: MetaNormμ:5.9443
Epoch  35/50 | Train Loss: 0.3000 Acc: 0.9040 F1: 0.4089 | Val Loss: 0.2376 Acc: 0.9400 F1: 0.6366 | Train Meta: MetaNormμ:5.9443 | Val Meta: MetaNormμ:5.9443
Epoch  36/50 | Train Loss: 0.2918 Acc: 0.9062 F1: 0.4617 | Val Loss: 0.2600 Acc: 0.9400 F1: 0.6328 | Train Meta: MetaNormμ:5.9443 | Val Meta: MetaNormμ:5.9443
Epoch  37/50 | Train Loss: 0.3020 Acc: 0.8996 F1: 0.4071 | Val Loss: 0.2509 Acc: 0.9400 F1: 0.6366 | Train Meta: MetaNormμ:5.9443 | Val Meta: MetaNormμ:5.9443
Epoch  38/50 | Train Loss: 0.2937 Acc: 0.9062 F1: 0.4898 | Val Loss: 0.2338 Acc: 0.9400 F1: 0.6366 | Train Meta: MetaNormμ:5.9443 | Val Meta: MetaNormμ:5.9443
Validation Loss decreased (0.236366 --> 0.233821). Saving best model...
Epoch  39/50 | Train Loss: 0.2888 Acc: 0.9107 F1: 0.4808 | Val Loss: 0.2435 Acc: 0.9400 F1: 0.6366 | Train Meta: MetaNormμ:5.9443 | Val Meta: MetaNormμ:5.9443
Epoch  40/50 | Train Loss: 0.2943 Acc: 0.9062 F1: 0.4616 | Val Loss: 0.2403 Acc: 0.9400 F1: 0.6366 | Train Meta: MetaNormμ:5.9443 | Val Meta: MetaNormμ:5.9443
Epoch  41/50 | Train Loss: 0.2879 Acc: 0.9085 F1: 0.4782 | Val Loss: 0.2457 Acc: 0.9400 F1: 0.6366 | Train Meta: MetaNormμ:5.9443 | Val Meta: MetaNormμ:5.9443
Epoch  42/50 | Train Loss: 0.2897 Acc: 0.9040 F1: 0.4628 | Val Loss: 0.2281 Acc: 0.9200 F1: 0.6210 | Train Meta: MetaNormμ:5.9443 | Val Meta: MetaNormμ:5.9443
Validation Loss decreased (0.233821 --> 0.228124). Saving best model...
Epoch  43/50 | Train Loss: 0.2878 Acc: 0.9107 F1: 0.4934 | Val Loss: 0.2483 Acc: 0.9400 F1: 0.6366 | Train Meta: MetaNormμ:5.9443 | Val Meta: MetaNormμ:5.9443
Epoch  44/50 | Train Loss: 0.2887 Acc: 0.9129 F1: 0.4945 | Val Loss: 0.2252 Acc: 0.9400 F1: 0.6366 | Train Meta: MetaNormμ:5.9443 | Val Meta: MetaNormμ:5.9443
Validation Loss decreased (0.228124 --> 0.225220). Saving best model...
Epoch  45/50 | Train Loss: 0.2743 Acc: 0.9152 F1: 0.4954 | Val Loss: 0.2440 Acc: 0.9400 F1: 0.6366 | Train Meta: MetaNormμ:5.9443 | Val Meta: MetaNormμ:5.9443
Epoch  46/50 | Train Loss: 0.2830 Acc: 0.9085 F1: 0.4770 | Val Loss: 0.2366 Acc: 0.9400 F1: 0.6366 | Train Meta: MetaNormμ:5.9443 | Val Meta: MetaNormμ:5.9443
Epoch  47/50 | Train Loss: 0.2834 Acc: 0.9107 F1: 0.4936 | Val Loss: 0.2336 Acc: 0.9400 F1: 0.6366 | Train Meta: MetaNormμ:5.9443 | Val Meta: MetaNormμ:5.9443
Epoch  48/50 | Train Loss: 0.2786 Acc: 0.9107 F1: 0.4806 | Val Loss: 0.2332 Acc: 0.9400 F1: 0.6366 | Train Meta: MetaNormμ:5.9443 | Val Meta: MetaNormμ:5.9443
Epoch  49/50 | Train Loss: 0.2779 Acc: 0.9107 F1: 0.4936 | Val Loss: 0.2345 Acc: 0.9400 F1: 0.6366 | Train Meta: MetaNormμ:5.9443 | Val Meta: MetaNormμ:5.9443
Epoch  50/50 | Train Loss: 0.2762 Acc: 0.9152 F1: 0.5210 | Val Loss: 0.2365 Acc: 0.9400 F1: 0.6366 | Train Meta: MetaNormμ:5.9443 | Val Meta: MetaNormμ:5.9443

Classification Test Result (ECG5000)
Accuracy : 0.880889
F1 (macro): 0.447502
Saved attention maps for 3 sample(s) under ./runs/classification_electricity_to_ECG5000_laya_mixer_concat_text_stats_joint/attention_maps
Joint metadata preview | dataset=FordA | domain=UCR | channels=1
   - channel_1: In the UCR domain, this channel belongs to the FordA dataset and represents the feature channel 1. Channel statistics over the training split: mean value is 0.000, standard deviation is 1.000, minimum value is -4.622, maximum value is 5.064, median value is -0.001, and mean absolute value is 0.801.
/data/pjh_workspace/ts-env/lib/python3.8/site-packages/torch/nn/modules/transformer.py:307: UserWarning: enable_nested_tensor is True, but self.use_nested_tensor is False because encoder_layer.norm_first was True
  warnings.warn(f"enable_nested_tensor is True, but self.use_nested_tensor is False because {why_not_sparsity_fast_path}")
==================================================
🚀 Architecture: LAYA
📊 Target Dataset: FordA (Channels: 1)
📊 Pretrain Info: electricity
📊 Classes: 2 | Sequence Length: 500
==================================================
✅ Loaded pretrained encoder from ./checkpoints/electricity_laya_mixer_concat_text_stats_joint/laya_ts_electricity_s_best.pt
   - 107/107 keys matched.
✅ Encoder is FROZEN (Linear Probing mode).
📝 metadata: mode=text_stats_joint, fusion=concat_kv, relation=none
ℹ️  Metadata Fusion Mode: concat_kv
ℹ️  Channel Mixer Relation Mode: none
ℹ️  Encoder Variant: default
ℹ️  Channel Adapter: disabled for Laya downstream (mixer)
ℹ️  Channel Relation Block: disabled
✅ ClassificationHead: [B, 256] → [B, 2]
Epoch   1/50 | Train Loss: 0.6899 Acc: 0.5226 F1: 0.5184 | Val Loss: 0.6911 Acc: 0.5306 F1: 0.4751 | Train Meta: MetaNormμ:5.9892 | Val Meta: MetaNormμ:5.9892
Validation Loss decreased (inf --> 0.691115). Saving best model...
Epoch   2/50 | Train Loss: 0.6829 Acc: 0.5476 F1: 0.5460 | Val Loss: 0.6799 Acc: 0.5611 F1: 0.5525 | Train Meta: MetaNormμ:5.9892 | Val Meta: MetaNormμ:5.9892
Validation Loss decreased (0.691115 --> 0.679891). Saving best model...
Epoch   3/50 | Train Loss: 0.6790 Acc: 0.5637 F1: 0.5631 | Val Loss: 0.6836 Acc: 0.5583 F1: 0.5190 | Train Meta: MetaNormμ:5.9892 | Val Meta: MetaNormμ:5.9892
Epoch   4/50 | Train Loss: 0.6738 Acc: 0.5693 F1: 0.5689 | Val Loss: 0.6807 Acc: 0.5556 F1: 0.4681 | Train Meta: MetaNormμ:5.9892 | Val Meta: MetaNormμ:5.9892
Epoch   5/50 | Train Loss: 0.6727 Acc: 0.5808 F1: 0.5793 | Val Loss: 0.6692 Acc: 0.5750 F1: 0.5746 | Train Meta: MetaNormμ:5.9892 | Val Meta: MetaNormμ:5.9892
Validation Loss decreased (0.679891 --> 0.669200). Saving best model...
Epoch   6/50 | Train Loss: 0.6672 Acc: 0.5789 F1: 0.5773 | Val Loss: 0.6658 Acc: 0.5833 F1: 0.5776 | Train Meta: MetaNormμ:5.9892 | Val Meta: MetaNormμ:5.9892
Validation Loss decreased (0.669200 --> 0.665823). Saving best model...
Epoch   7/50 | Train Loss: 0.6672 Acc: 0.5808 F1: 0.5794 | Val Loss: 0.6682 Acc: 0.5778 F1: 0.5409 | Train Meta: MetaNormμ:5.9892 | Val Meta: MetaNormμ:5.9892
Epoch   8/50 | Train Loss: 0.6603 Acc: 0.5823 F1: 0.5814 | Val Loss: 0.6785 Acc: 0.5556 F1: 0.4935 | Train Meta: MetaNormμ:5.9892 | Val Meta: MetaNormμ:5.9892
Epoch   9/50 | Train Loss: 0.6595 Acc: 0.5897 F1: 0.5892 | Val Loss: 0.6570 Acc: 0.6056 F1: 0.6006 | Train Meta: MetaNormμ:5.9892 | Val Meta: MetaNormμ:5.9892
Validation Loss decreased (0.665823 --> 0.656989). Saving best model...
Epoch  10/50 | Train Loss: 0.6572 Acc: 0.5835 F1: 0.5825 | Val Loss: 0.6827 Acc: 0.5472 F1: 0.4757 | Train Meta: MetaNormμ:5.9892 | Val Meta: MetaNormμ:5.9892
Epoch  11/50 | Train Loss: 0.6606 Acc: 0.5984 F1: 0.5980 | Val Loss: 0.6618 Acc: 0.5694 F1: 0.5146 | Train Meta: MetaNormμ:5.9892 | Val Meta: MetaNormμ:5.9892
Epoch  12/50 | Train Loss: 0.6539 Acc: 0.5993 F1: 0.5988 | Val Loss: 0.6528 Acc: 0.6194 F1: 0.6144 | Train Meta: MetaNormμ:5.9892 | Val Meta: MetaNormμ:5.9892
Validation Loss decreased (0.656989 --> 0.652799). Saving best model...
Epoch  13/50 | Train Loss: 0.6503 Acc: 0.6046 F1: 0.6041 | Val Loss: 0.6514 Acc: 0.6056 F1: 0.6006 | Train Meta: MetaNormμ:5.9892 | Val Meta: MetaNormμ:5.9892
Validation Loss decreased (0.652799 --> 0.651381). Saving best model...
Epoch  14/50 | Train Loss: 0.6563 Acc: 0.5876 F1: 0.5871 | Val Loss: 0.6673 Acc: 0.5972 F1: 0.5566 | Train Meta: MetaNormμ:5.9892 | Val Meta: MetaNormμ:5.9892
Epoch  15/50 | Train Loss: 0.6509 Acc: 0.6033 F1: 0.6030 | Val Loss: 0.6461 Acc: 0.5972 F1: 0.5968 | Train Meta: MetaNormμ:5.9892 | Val Meta: MetaNormμ:5.9892
Validation Loss decreased (0.651381 --> 0.646143). Saving best model...
Epoch  16/50 | Train Loss: 0.6475 Acc: 0.6071 F1: 0.6065 | Val Loss: 0.6513 Acc: 0.6056 F1: 0.5918 | Train Meta: MetaNormμ:5.9892 | Val Meta: MetaNormμ:5.9892
Epoch  17/50 | Train Loss: 0.6478 Acc: 0.5981 F1: 0.5978 | Val Loss: 0.6561 Acc: 0.5806 F1: 0.5209 | Train Meta: MetaNormμ:5.9892 | Val Meta: MetaNormμ:5.9892
Epoch  18/50 | Train Loss: 0.6475 Acc: 0.5996 F1: 0.5995 | Val Loss: 0.6437 Acc: 0.6222 F1: 0.6148 | Train Meta: MetaNormμ:5.9892 | Val Meta: MetaNormμ:5.9892
Validation Loss decreased (0.646143 --> 0.643750). Saving best model...
Epoch  19/50 | Train Loss: 0.6414 Acc: 0.6114 F1: 0.6109 | Val Loss: 0.6413 Acc: 0.6056 F1: 0.6054 | Train Meta: MetaNormμ:5.9892 | Val Meta: MetaNormμ:5.9892
Validation Loss decreased (0.643750 --> 0.641257). Saving best model...
Epoch  20/50 | Train Loss: 0.6419 Acc: 0.6092 F1: 0.6085 | Val Loss: 0.6431 Acc: 0.6306 F1: 0.6217 | Train Meta: MetaNormμ:5.9892 | Val Meta: MetaNormμ:5.9892
Epoch  21/50 | Train Loss: 0.6440 Acc: 0.6049 F1: 0.6047 | Val Loss: 0.6555 Acc: 0.5833 F1: 0.5421 | Train Meta: MetaNormμ:5.9892 | Val Meta: MetaNormμ:5.9892
Epoch  22/50 | Train Loss: 0.6414 Acc: 0.6058 F1: 0.6053 | Val Loss: 0.6363 Acc: 0.6361 F1: 0.6343 | Train Meta: MetaNormμ:5.9892 | Val Meta: MetaNormμ:5.9892
Validation Loss decreased (0.641257 --> 0.636260). Saving best model...
Epoch  23/50 | Train Loss: 0.6420 Acc: 0.6151 F1: 0.6150 | Val Loss: 0.6524 Acc: 0.5944 F1: 0.5437 | Train Meta: MetaNormμ:5.9892 | Val Meta: MetaNormμ:5.9892
Epoch  24/50 | Train Loss: 0.6393 Acc: 0.6049 F1: 0.6045 | Val Loss: 0.6381 Acc: 0.6333 F1: 0.6272 | Train Meta: MetaNormμ:5.9892 | Val Meta: MetaNormμ:5.9892
Epoch  25/50 | Train Loss: 0.6343 Acc: 0.6210 F1: 0.6209 | Val Loss: 0.6358 Acc: 0.6444 F1: 0.6380 | Train Meta: MetaNormμ:5.9892 | Val Meta: MetaNormμ:5.9892
Validation Loss decreased (0.636260 --> 0.635827). Saving best model...
Epoch  26/50 | Train Loss: 0.6356 Acc: 0.6151 F1: 0.6146 | Val Loss: 0.6422 Acc: 0.6194 F1: 0.5981 | Train Meta: MetaNormμ:5.9892 | Val Meta: MetaNormμ:5.9892
Epoch  27/50 | Train Loss: 0.6322 Acc: 0.6241 F1: 0.6240 | Val Loss: 0.6307 Acc: 0.6278 F1: 0.6278 | Train Meta: MetaNormμ:5.9892 | Val Meta: MetaNormμ:5.9892
Validation Loss decreased (0.635827 --> 0.630654). Saving best model...
Epoch  28/50 | Train Loss: 0.6306 Acc: 0.6281 F1: 0.6278 | Val Loss: 0.6410 Acc: 0.6083 F1: 0.5874 | Train Meta: MetaNormμ:5.9892 | Val Meta: MetaNormμ:5.9892
Epoch  29/50 | Train Loss: 0.6308 Acc: 0.6244 F1: 0.6243 | Val Loss: 0.6310 Acc: 0.6333 F1: 0.6329 | Train Meta: MetaNormμ:5.9892 | Val Meta: MetaNormμ:5.9892
Epoch  30/50 | Train Loss: 0.6375 Acc: 0.6136 F1: 0.6135 | Val Loss: 0.6346 Acc: 0.6194 F1: 0.6066 | Train Meta: MetaNormμ:5.9892 | Val Meta: MetaNormμ:5.9892
Epoch  31/50 | Train Loss: 0.6354 Acc: 0.6123 F1: 0.6121 | Val Loss: 0.6307 Acc: 0.6500 F1: 0.6407 | Train Meta: MetaNormμ:5.9892 | Val Meta: MetaNormμ:5.9892
Epoch  32/50 | Train Loss: 0.6354 Acc: 0.6151 F1: 0.6149 | Val Loss: 0.6280 Acc: 0.6250 F1: 0.6237 | Train Meta: MetaNormμ:5.9892 | Val Meta: MetaNormμ:5.9892
Validation Loss decreased (0.630654 --> 0.628007). Saving best model...
Epoch  33/50 | Train Loss: 0.6267 Acc: 0.6235 F1: 0.6234 | Val Loss: 0.6301 Acc: 0.6417 F1: 0.6311 | Train Meta: MetaNormμ:5.9892 | Val Meta: MetaNormμ:5.9892
Epoch  34/50 | Train Loss: 0.6364 Acc: 0.6185 F1: 0.6184 | Val Loss: 0.6319 Acc: 0.6194 F1: 0.5958 | Train Meta: MetaNormμ:5.9892 | Val Meta: MetaNormμ:5.9892
Epoch  35/50 | Train Loss: 0.6279 Acc: 0.6262 F1: 0.6260 | Val Loss: 0.6369 Acc: 0.6111 F1: 0.5742 | Train Meta: MetaNormμ:5.9892 | Val Meta: MetaNormμ:5.9892
Epoch  36/50 | Train Loss: 0.6300 Acc: 0.6129 F1: 0.6128 | Val Loss: 0.6571 Acc: 0.5833 F1: 0.5293 | Train Meta: MetaNormμ:5.9892 | Val Meta: MetaNormμ:5.9892
Epoch  37/50 | Train Loss: 0.6233 Acc: 0.6309 F1: 0.6309 | Val Loss: 0.6260 Acc: 0.6222 F1: 0.6160 | Train Meta: MetaNormμ:5.9892 | Val Meta: MetaNormμ:5.9892
Validation Loss decreased (0.628007 --> 0.625959). Saving best model...
Epoch  38/50 | Train Loss: 0.6238 Acc: 0.6250 F1: 0.6249 | Val Loss: 0.6268 Acc: 0.6222 F1: 0.6154 | Train Meta: MetaNormμ:5.9892 | Val Meta: MetaNormμ:5.9892
Epoch  39/50 | Train Loss: 0.6239 Acc: 0.6312 F1: 0.6311 | Val Loss: 0.6234 Acc: 0.6194 F1: 0.6189 | Train Meta: MetaNormμ:5.9892 | Val Meta: MetaNormμ:5.9892
Validation Loss decreased (0.625959 --> 0.623397). Saving best model...
Epoch  40/50 | Train Loss: 0.6278 Acc: 0.6241 F1: 0.6240 | Val Loss: 0.6221 Acc: 0.6306 F1: 0.6274 | Train Meta: MetaNormμ:5.9892 | Val Meta: MetaNormμ:5.9892
Validation Loss decreased (0.623397 --> 0.622110). Saving best model...
Epoch  41/50 | Train Loss: 0.6196 Acc: 0.6361 F1: 0.6361 | Val Loss: 0.6258 Acc: 0.6278 F1: 0.6221 | Train Meta: MetaNormμ:5.9892 | Val Meta: MetaNormμ:5.9892
Epoch  42/50 | Train Loss: 0.6219 Acc: 0.6368 F1: 0.6365 | Val Loss: 0.6199 Acc: 0.6361 F1: 0.6361 | Train Meta: MetaNormμ:5.9892 | Val Meta: MetaNormμ:5.9892
Validation Loss decreased (0.622110 --> 0.619899). Saving best model...
Epoch  43/50 | Train Loss: 0.6255 Acc: 0.6312 F1: 0.6311 | Val Loss: 0.6196 Acc: 0.6222 F1: 0.6215 | Train Meta: MetaNormμ:5.9892 | Val Meta: MetaNormμ:5.9892
Validation Loss decreased (0.619899 --> 0.619614). Saving best model...
Epoch  44/50 | Train Loss: 0.6205 Acc: 0.6337 F1: 0.6336 | Val Loss: 0.6204 Acc: 0.6417 F1: 0.6407 | Train Meta: MetaNormμ:5.9892 | Val Meta: MetaNormμ:5.9892
Epoch  45/50 | Train Loss: 0.6248 Acc: 0.6330 F1: 0.6329 | Val Loss: 0.6192 Acc: 0.6444 F1: 0.6436 | Train Meta: MetaNormμ:5.9892 | Val Meta: MetaNormμ:5.9892
Validation Loss decreased (0.619614 --> 0.619159). Saving best model...
Epoch  46/50 | Train Loss: 0.6198 Acc: 0.6306 F1: 0.6306 | Val Loss: 0.6235 Acc: 0.6389 F1: 0.6230 | Train Meta: MetaNormμ:5.9892 | Val Meta: MetaNormμ:5.9892
Epoch  47/50 | Train Loss: 0.6183 Acc: 0.6334 F1: 0.6333 | Val Loss: 0.6187 Acc: 0.6222 F1: 0.6199 | Train Meta: MetaNormμ:5.9892 | Val Meta: MetaNormμ:5.9892
Validation Loss decreased (0.619159 --> 0.618703). Saving best model...
Epoch  48/50 | Train Loss: 0.6176 Acc: 0.6272 F1: 0.6272 | Val Loss: 0.6330 Acc: 0.6194 F1: 0.5922 | Train Meta: MetaNormμ:5.9892 | Val Meta: MetaNormμ:5.9892
Epoch  49/50 | Train Loss: 0.6181 Acc: 0.6346 F1: 0.6345 | Val Loss: 0.6175 Acc: 0.6472 F1: 0.6471 | Train Meta: MetaNormμ:5.9892 | Val Meta: MetaNormμ:5.9892
Validation Loss decreased (0.618703 --> 0.617473). Saving best model...
Epoch  50/50 | Train Loss: 0.6197 Acc: 0.6296 F1: 0.6296 | Val Loss: 0.6143 Acc: 0.6444 F1: 0.6426 | Train Meta: MetaNormμ:5.9892 | Val Meta: MetaNormμ:5.9892
Validation Loss decreased (0.617473 --> 0.614328). Saving best model...

Classification Test Result (FordA)
Accuracy : 0.626515
F1 (macro): 0.620587
Saved attention maps for 3 sample(s) under ./runs/classification_electricity_to_FordA_laya_mixer_concat_text_stats_joint/attention_maps
Joint metadata preview | dataset=FordB | domain=UCR | channels=1
   - channel_1: In the UCR domain, this channel belongs to the FordB dataset and represents the feature channel 1. Channel statistics over the training split: mean value is 0.000, standard deviation is 1.000, minimum value is -5.545, maximum value is 5.095, median value is 0.002, and mean absolute value is 0.792.
/data/pjh_workspace/ts-env/lib/python3.8/site-packages/torch/nn/modules/transformer.py:307: UserWarning: enable_nested_tensor is True, but self.use_nested_tensor is False because encoder_layer.norm_first was True
  warnings.warn(f"enable_nested_tensor is True, but self.use_nested_tensor is False because {why_not_sparsity_fast_path}")
==================================================
🚀 Architecture: LAYA
📊 Target Dataset: FordB (Channels: 1)
📊 Pretrain Info: electricity
📊 Classes: 2 | Sequence Length: 500
==================================================
✅ Loaded pretrained encoder from ./checkpoints/electricity_laya_mixer_concat_text_stats_joint/laya_ts_electricity_s_best.pt
   - 107/107 keys matched.
✅ Encoder is FROZEN (Linear Probing mode).
📝 metadata: mode=text_stats_joint, fusion=concat_kv, relation=none
ℹ️  Metadata Fusion Mode: concat_kv
ℹ️  Channel Mixer Relation Mode: none
ℹ️  Encoder Variant: default
ℹ️  Channel Adapter: disabled for Laya downstream (mixer)
ℹ️  Channel Relation Block: disabled
✅ ClassificationHead: [B, 256] → [B, 2]
Epoch   1/50 | Train Loss: 0.6837 Acc: 0.5334 F1: 0.5290 | Val Loss: 0.6503 Acc: 0.6529 F1: 0.6528 | Train Meta: MetaNormμ:5.9129 | Val Meta: MetaNormμ:5.9129
Validation Loss decreased (inf --> 0.650304). Saving best model...
Epoch   2/50 | Train Loss: 0.6720 Acc: 0.5705 F1: 0.5697 | Val Loss: 0.6830 Acc: 0.5317 F1: 0.3856 | Train Meta: MetaNormμ:5.9129 | Val Meta: MetaNormμ:5.9129
Epoch   3/50 | Train Loss: 0.6610 Acc: 0.5953 F1: 0.5936 | Val Loss: 0.6274 Acc: 0.6694 F1: 0.6605 | Train Meta: MetaNormμ:5.9129 | Val Meta: MetaNormμ:5.9129
Validation Loss decreased (0.650304 --> 0.627413). Saving best model...
Epoch   4/50 | Train Loss: 0.6490 Acc: 0.6127 F1: 0.6109 | Val Loss: 0.6434 Acc: 0.6061 F1: 0.5577 | Train Meta: MetaNormμ:5.9129 | Val Meta: MetaNormμ:5.9129
Epoch   5/50 | Train Loss: 0.6497 Acc: 0.6078 F1: 0.6072 | Val Loss: 0.6135 Acc: 0.6612 F1: 0.6582 | Train Meta: MetaNormμ:5.9129 | Val Meta: MetaNormμ:5.9129
Validation Loss decreased (0.627413 --> 0.613520). Saving best model...
Epoch   6/50 | Train Loss: 0.6368 Acc: 0.6167 F1: 0.6158 | Val Loss: 0.6149 Acc: 0.6722 F1: 0.6722 | Train Meta: MetaNormμ:5.9129 | Val Meta: MetaNormμ:5.9129
Epoch   7/50 | Train Loss: 0.6338 Acc: 0.6385 F1: 0.6382 | Val Loss: 0.6103 Acc: 0.6501 F1: 0.6470 | Train Meta: MetaNormμ:5.9129 | Val Meta: MetaNormμ:5.9129
Validation Loss decreased (0.613520 --> 0.610301). Saving best model...
Epoch   8/50 | Train Loss: 0.6334 Acc: 0.6259 F1: 0.6251 | Val Loss: 0.6054 Acc: 0.6501 F1: 0.6474 | Train Meta: MetaNormμ:5.9129 | Val Meta: MetaNormμ:5.9129
Validation Loss decreased (0.610301 --> 0.605424). Saving best model...
Epoch   9/50 | Train Loss: 0.6349 Acc: 0.6198 F1: 0.6197 | Val Loss: 0.5996 Acc: 0.6584 F1: 0.6575 | Train Meta: MetaNormμ:5.9129 | Val Meta: MetaNormμ:5.9129
Validation Loss decreased (0.605424 --> 0.599634). Saving best model...
Epoch  10/50 | Train Loss: 0.6220 Acc: 0.6446 F1: 0.6444 | Val Loss: 0.6043 Acc: 0.6722 F1: 0.6588 | Train Meta: MetaNormμ:5.9129 | Val Meta: MetaNormμ:5.9129
Epoch  11/50 | Train Loss: 0.6203 Acc: 0.6471 F1: 0.6468 | Val Loss: 0.5980 Acc: 0.6667 F1: 0.6657 | Train Meta: MetaNormμ:5.9129 | Val Meta: MetaNormμ:5.9129
Validation Loss decreased (0.599634 --> 0.598005). Saving best model...
Epoch  12/50 | Train Loss: 0.6171 Acc: 0.6492 F1: 0.6488 | Val Loss: 0.5882 Acc: 0.6749 F1: 0.6749 | Train Meta: MetaNormμ:5.9129 | Val Meta: MetaNormμ:5.9129
Validation Loss decreased (0.598005 --> 0.588164). Saving best model...
Epoch  13/50 | Train Loss: 0.6156 Acc: 0.6489 F1: 0.6488 | Val Loss: 0.6241 Acc: 0.6033 F1: 0.5590 | Train Meta: MetaNormμ:5.9129 | Val Meta: MetaNormμ:5.9129
Epoch  14/50 | Train Loss: 0.6136 Acc: 0.6541 F1: 0.6540 | Val Loss: 0.5864 Acc: 0.6749 F1: 0.6749 | Train Meta: MetaNormμ:5.9129 | Val Meta: MetaNormμ:5.9129
Validation Loss decreased (0.588164 --> 0.586381). Saving best model...
Epoch  15/50 | Train Loss: 0.6093 Acc: 0.6517 F1: 0.6515 | Val Loss: 0.5963 Acc: 0.6612 F1: 0.6465 | Train Meta: MetaNormμ:5.9129 | Val Meta: MetaNormμ:5.9129
Epoch  16/50 | Train Loss: 0.6098 Acc: 0.6553 F1: 0.6551 | Val Loss: 0.5840 Acc: 0.6915 F1: 0.6895 | Train Meta: MetaNormμ:5.9129 | Val Meta: MetaNormμ:5.9129
Validation Loss decreased (0.586381 --> 0.584029). Saving best model...
Epoch  17/50 | Train Loss: 0.5982 Acc: 0.6786 F1: 0.6786 | Val Loss: 0.5891 Acc: 0.6722 F1: 0.6699 | Train Meta: MetaNormμ:5.9129 | Val Meta: MetaNormμ:5.9129
Epoch  18/50 | Train Loss: 0.6009 Acc: 0.6688 F1: 0.6686 | Val Loss: 0.5903 Acc: 0.6749 F1: 0.6648 | Train Meta: MetaNormμ:5.9129 | Val Meta: MetaNormμ:5.9129
Epoch  19/50 | Train Loss: 0.5955 Acc: 0.6786 F1: 0.6785 | Val Loss: 0.5819 Acc: 0.6722 F1: 0.6705 | Train Meta: MetaNormμ:5.9129 | Val Meta: MetaNormμ:5.9129
Validation Loss decreased (0.584029 --> 0.581885). Saving best model...
Epoch  20/50 | Train Loss: 0.5988 Acc: 0.6734 F1: 0.6733 | Val Loss: 0.5825 Acc: 0.6804 F1: 0.6750 | Train Meta: MetaNormμ:5.9129 | Val Meta: MetaNormμ:5.9129
Epoch  21/50 | Train Loss: 0.5964 Acc: 0.6691 F1: 0.6690 | Val Loss: 0.5773 Acc: 0.6804 F1: 0.6804 | Train Meta: MetaNormμ:5.9129 | Val Meta: MetaNormμ:5.9129
Validation Loss decreased (0.581885 --> 0.577322). Saving best model...
Epoch  22/50 | Train Loss: 0.5903 Acc: 0.6762 F1: 0.6762 | Val Loss: 0.5741 Acc: 0.6832 F1: 0.6828 | Train Meta: MetaNormμ:5.9129 | Val Meta: MetaNormμ:5.9129
Validation Loss decreased (0.577322 --> 0.574071). Saving best model...
Epoch  23/50 | Train Loss: 0.5920 Acc: 0.6817 F1: 0.6816 | Val Loss: 0.5822 Acc: 0.7025 F1: 0.7006 | Train Meta: MetaNormμ:5.9129 | Val Meta: MetaNormμ:5.9129
Epoch  24/50 | Train Loss: 0.5928 Acc: 0.6765 F1: 0.6764 | Val Loss: 0.5725 Acc: 0.6942 F1: 0.6921 | Train Meta: MetaNormμ:5.9129 | Val Meta: MetaNormμ:5.9129
Validation Loss decreased (0.574071 --> 0.572500). Saving best model...
Epoch  25/50 | Train Loss: 0.5892 Acc: 0.6771 F1: 0.6770 | Val Loss: 0.5783 Acc: 0.7107 F1: 0.7068 | Train Meta: MetaNormμ:5.9129 | Val Meta: MetaNormμ:5.9129
Epoch  26/50 | Train Loss: 0.5852 Acc: 0.6805 F1: 0.6804 | Val Loss: 0.5721 Acc: 0.6942 F1: 0.6941 | Train Meta: MetaNormμ:5.9129 | Val Meta: MetaNormμ:5.9129
Validation Loss decreased (0.572500 --> 0.572114). Saving best model...
Epoch  27/50 | Train Loss: 0.5796 Acc: 0.6872 F1: 0.6872 | Val Loss: 0.5663 Acc: 0.6887 F1: 0.6845 | Train Meta: MetaNormμ:5.9129 | Val Meta: MetaNormμ:5.9129
Validation Loss decreased (0.572114 --> 0.566319). Saving best model...
Epoch  28/50 | Train Loss: 0.5865 Acc: 0.6832 F1: 0.6832 | Val Loss: 0.5800 Acc: 0.6722 F1: 0.6663 | Train Meta: MetaNormμ:5.9129 | Val Meta: MetaNormμ:5.9129
Epoch  29/50 | Train Loss: 0.5813 Acc: 0.6900 F1: 0.6899 | Val Loss: 0.5611 Acc: 0.6915 F1: 0.6913 | Train Meta: MetaNormμ:5.9129 | Val Meta: MetaNormμ:5.9129
Validation Loss decreased (0.566319 --> 0.561081). Saving best model...
Epoch  30/50 | Train Loss: 0.5793 Acc: 0.6844 F1: 0.6844 | Val Loss: 0.5779 Acc: 0.6777 F1: 0.6660 | Train Meta: MetaNormμ:5.9129 | Val Meta: MetaNormμ:5.9129
Epoch  31/50 | Train Loss: 0.5808 Acc: 0.6860 F1: 0.6859 | Val Loss: 0.5703 Acc: 0.7135 F1: 0.7094 | Train Meta: MetaNormμ:5.9129 | Val Meta: MetaNormμ:5.9129
Epoch  32/50 | Train Loss: 0.5784 Acc: 0.6875 F1: 0.6875 | Val Loss: 0.5703 Acc: 0.7190 F1: 0.7161 | Train Meta: MetaNormμ:5.9129 | Val Meta: MetaNormμ:5.9129
Epoch  33/50 | Train Loss: 0.5789 Acc: 0.6890 F1: 0.6890 | Val Loss: 0.5619 Acc: 0.6942 F1: 0.6941 | Train Meta: MetaNormμ:5.9129 | Val Meta: MetaNormμ:5.9129
Epoch  34/50 | Train Loss: 0.5822 Acc: 0.6832 F1: 0.6831 | Val Loss: 0.5945 Acc: 0.6639 F1: 0.6434 | Train Meta: MetaNormμ:5.9129 | Val Meta: MetaNormμ:5.9129
Epoch  35/50 | Train Loss: 0.5781 Acc: 0.6844 F1: 0.6844 | Val Loss: 0.5616 Acc: 0.6887 F1: 0.6841 | Train Meta: MetaNormμ:5.9129 | Val Meta: MetaNormμ:5.9129
Epoch  36/50 | Train Loss: 0.5761 Acc: 0.6970 F1: 0.6970 | Val Loss: 0.5718 Acc: 0.7190 F1: 0.7154 | Train Meta: MetaNormμ:5.9129 | Val Meta: MetaNormμ:5.9129
Epoch  37/50 | Train Loss: 0.5764 Acc: 0.6872 F1: 0.6872 | Val Loss: 0.5586 Acc: 0.6942 F1: 0.6942 | Train Meta: MetaNormμ:5.9129 | Val Meta: MetaNormμ:5.9129
Validation Loss decreased (0.561081 --> 0.558551). Saving best model...
Epoch  38/50 | Train Loss: 0.5734 Acc: 0.6921 F1: 0.6921 | Val Loss: 0.5903 Acc: 0.6584 F1: 0.6366 | Train Meta: MetaNormμ:5.9129 | Val Meta: MetaNormμ:5.9129
Epoch  39/50 | Train Loss: 0.5769 Acc: 0.6906 F1: 0.6905 | Val Loss: 0.5540 Acc: 0.6970 F1: 0.6963 | Train Meta: MetaNormμ:5.9129 | Val Meta: MetaNormμ:5.9129
Validation Loss decreased (0.558551 --> 0.554029). Saving best model...
Epoch  40/50 | Train Loss: 0.5701 Acc: 0.6924 F1: 0.6924 | Val Loss: 0.5655 Acc: 0.6832 F1: 0.6776 | Train Meta: MetaNormμ:5.9129 | Val Meta: MetaNormμ:5.9129
Epoch  41/50 | Train Loss: 0.5688 Acc: 0.6973 F1: 0.6973 | Val Loss: 0.5656 Acc: 0.7190 F1: 0.7174 | Train Meta: MetaNormμ:5.9129 | Val Meta: MetaNormμ:5.9129
Epoch  42/50 | Train Loss: 0.5684 Acc: 0.6985 F1: 0.6985 | Val Loss: 0.5589 Acc: 0.7052 F1: 0.7051 | Train Meta: MetaNormμ:5.9129 | Val Meta: MetaNormμ:5.9129
Epoch  43/50 | Train Loss: 0.5680 Acc: 0.7025 F1: 0.7025 | Val Loss: 0.5636 Acc: 0.6887 F1: 0.6832 | Train Meta: MetaNormμ:5.9129 | Val Meta: MetaNormμ:5.9129
Epoch  44/50 | Train Loss: 0.5637 Acc: 0.6964 F1: 0.6964 | Val Loss: 0.6040 Acc: 0.6501 F1: 0.6201 | Train Meta: MetaNormμ:5.9129 | Val Meta: MetaNormμ:5.9129
Epoch  45/50 | Train Loss: 0.5693 Acc: 0.6967 F1: 0.6967 | Val Loss: 0.5493 Acc: 0.7135 F1: 0.7132 | Train Meta: MetaNormμ:5.9129 | Val Meta: MetaNormμ:5.9129
Validation Loss decreased (0.554029 --> 0.549282). Saving best model...
Epoch  46/50 | Train Loss: 0.5666 Acc: 0.6964 F1: 0.6964 | Val Loss: 0.5680 Acc: 0.7190 F1: 0.7134 | Train Meta: MetaNormμ:5.9129 | Val Meta: MetaNormμ:5.9129
Epoch  47/50 | Train Loss: 0.5653 Acc: 0.7034 F1: 0.7034 | Val Loss: 0.5927 Acc: 0.6556 F1: 0.6331 | Train Meta: MetaNormμ:5.9129 | Val Meta: MetaNormμ:5.9129
Epoch  48/50 | Train Loss: 0.5614 Acc: 0.7056 F1: 0.7056 | Val Loss: 0.5557 Acc: 0.6915 F1: 0.6875 | Train Meta: MetaNormμ:5.9129 | Val Meta: MetaNormμ:5.9129
Epoch  49/50 | Train Loss: 0.5653 Acc: 0.6909 F1: 0.6909 | Val Loss: 0.5528 Acc: 0.7052 F1: 0.7052 | Train Meta: MetaNormμ:5.9129 | Val Meta: MetaNormμ:5.9129
Epoch  50/50 | Train Loss: 0.5623 Acc: 0.7025 F1: 0.7025 | Val Loss: 0.5721 Acc: 0.7025 F1: 0.6906 | Train Meta: MetaNormμ:5.9129 | Val Meta: MetaNormμ:5.9129

Classification Test Result (FordB)
Accuracy : 0.561728
F1 (macro): 0.547629
Saved attention maps for 3 sample(s) under ./runs/classification_electricity_to_FordB_laya_mixer_concat_text_stats_joint/attention_maps
