nohup: ignoring input
Text metadata preview | dataset=EthanolConcentration | domain=UEA | channels=3
   - channel_1: In the UEA domain, this channel belongs to the EthanolConcentration dataset and represents the feature channel 1.
   - channel_2: In the UEA domain, this channel belongs to the EthanolConcentration dataset and represents the feature channel 2.
   - ... (1 more channel descriptions)
==================================================
🚀 Architecture: LAYA
📊 Target Dataset: EthanolConcentration (Channels: 3)
📊 Pretrain Info: electricity
📊 Classes: 4 | Sequence Length: 1751
==================================================
✅ Loaded pretrained encoder from ./checkpoints/electricity_laya_metadata_query_gate_text/laya_ts_electricity_s_best.pt
   - 62/62 keys matched.
✅ Encoder is FROZEN (Linear Probing mode).
📝 metadata: mode=text, fusion=none, relation=metadata_query_gate
ℹ️  Metadata Fusion Mode: none
ℹ️  Channel Mixer Relation Mode: metadata_query_gate
ℹ️  Encoder Variant: default
ℹ️  Channel Adapter: disabled for Laya downstream (mixer)
ℹ️  Channel Relation Block: disabled
✅ ClassificationHead: [B, 128] → [B, 4]
Epoch   1/50 | Train Loss: 1.3914 Acc: 0.2589 F1: 0.2191 | Val Loss: 1.3843 Acc: 0.3846 F1: 0.2240 | Train Meta: Scaleμ:0.9047, Signal|S|μ:9.1952, Delta|S|μ:7.1080, Delta/Signal:77.30%, Gateμ:-0.4616, Gate0%:0.0, MetaNormμ:8.5062 | Val Meta: Scaleμ:0.9047, Signal|S|μ:8.4786, Delta|S|μ:6.5620, Delta/Signal:77.39%, Gateμ:-0.4616, Gate0%:0.0, MetaNormμ:8.5062
Validation Loss decreased (inf --> 1.384331). Saving best model...
Epoch   2/50 | Train Loss: 1.3198 Acc: 0.2679 F1: 0.2250 | Val Loss: 1.3917 Acc: 0.2308 F1: 0.1564 | Train Meta: Scaleμ:0.9047, Signal|S|μ:8.9165, Delta|S|μ:6.8976, Delta/Signal:77.36%, Gateμ:-0.4616, Gate0%:0.0, MetaNormμ:8.5062 | Val Meta: Scaleμ:0.9047, Signal|S|μ:8.4786, Delta|S|μ:6.5620, Delta/Signal:77.39%, Gateμ:-0.4616, Gate0%:0.0, MetaNormμ:8.5062
Epoch   3/50 | Train Loss: 1.3056 Acc: 0.3214 F1: 0.3097 | Val Loss: 1.4172 Acc: 0.3077 F1: 0.2105 | Train Meta: Scaleμ:0.9047, Signal|S|μ:9.9304, Delta|S|μ:7.6801, Delta/Signal:77.34%, Gateμ:-0.4616, Gate0%:0.0, MetaNormμ:8.5062 | Val Meta: Scaleμ:0.9047, Signal|S|μ:8.4786, Delta|S|μ:6.5620, Delta/Signal:77.39%, Gateμ:-0.4616, Gate0%:0.0, MetaNormμ:8.5062
Epoch   4/50 | Train Loss: 1.3024 Acc: 0.2768 F1: 0.2687 | Val Loss: 1.4024 Acc: 0.2308 F1: 0.1452 | Train Meta: Scaleμ:0.9047, Signal|S|μ:8.5960, Delta|S|μ:6.6506, Delta/Signal:77.37%, Gateμ:-0.4616, Gate0%:0.0, MetaNormμ:8.5062 | Val Meta: Scaleμ:0.9047, Signal|S|μ:8.4786, Delta|S|μ:6.5620, Delta/Signal:77.39%, Gateμ:-0.4616, Gate0%:0.0, MetaNormμ:8.5062
Epoch   5/50 | Train Loss: 1.3032 Acc: 0.2723 F1: 0.2001 | Val Loss: 1.4251 Acc: 0.2692 F1: 0.1761 | Train Meta: Scaleμ:0.9047, Signal|S|μ:9.2226, Delta|S|μ:7.1353, Delta/Signal:77.37%, Gateμ:-0.4616, Gate0%:0.0, MetaNormμ:8.5062 | Val Meta: Scaleμ:0.9047, Signal|S|μ:8.4786, Delta|S|μ:6.5620, Delta/Signal:77.39%, Gateμ:-0.4616, Gate0%:0.0, MetaNormμ:8.5062
Epoch   6/50 | Train Loss: 1.3031 Acc: 0.2545 F1: 0.2302 | Val Loss: 1.3938 Acc: 0.2692 F1: 0.2004 | Train Meta: Scaleμ:0.9047, Signal|S|μ:9.0233, Delta|S|μ:6.9812, Delta/Signal:77.37%, Gateμ:-0.4616, Gate0%:0.0, MetaNormμ:8.5062 | Val Meta: Scaleμ:0.9047, Signal|S|μ:8.4786, Delta|S|μ:6.5620, Delta/Signal:77.39%, Gateμ:-0.4616, Gate0%:0.0, MetaNormμ:8.5062
Epoch   7/50 | Train Loss: 1.2909 Acc: 0.3125 F1: 0.2985 | Val Loss: 1.4415 Acc: 0.1538 F1: 0.1125 | Train Meta: Scaleμ:0.9047, Signal|S|μ:9.0419, Delta|S|μ:6.9963, Delta/Signal:77.38%, Gateμ:-0.4616, Gate0%:0.0, MetaNormμ:8.5062 | Val Meta: Scaleμ:0.9047, Signal|S|μ:8.4786, Delta|S|μ:6.5620, Delta/Signal:77.39%, Gateμ:-0.4616, Gate0%:0.0, MetaNormμ:8.5062
Epoch   8/50 | Train Loss: 1.2900 Acc: 0.3170 F1: 0.2625 | Val Loss: 1.4095 Acc: 0.2692 F1: 0.1752 | Train Meta: Scaleμ:0.9047, Signal|S|μ:8.9477, Delta|S|μ:6.9212, Delta/Signal:77.35%, Gateμ:-0.4616, Gate0%:0.0, MetaNormμ:8.5062 | Val Meta: Scaleμ:0.9047, Signal|S|μ:8.4786, Delta|S|μ:6.5620, Delta/Signal:77.39%, Gateμ:-0.4616, Gate0%:0.0, MetaNormμ:8.5062
Epoch   9/50 | Train Loss: 1.2929 Acc: 0.3393 F1: 0.3215 | Val Loss: 1.4135 Acc: 0.3846 F1: 0.2970 | Train Meta: Scaleμ:0.9047, Signal|S|μ:8.4899, Delta|S|μ:6.5676, Delta/Signal:77.36%, Gateμ:-0.4616, Gate0%:0.0, MetaNormμ:8.5062 | Val Meta: Scaleμ:0.9047, Signal|S|μ:8.4786, Delta|S|μ:6.5620, Delta/Signal:77.39%, Gateμ:-0.4616, Gate0%:0.0, MetaNormμ:8.5062
Epoch  10/50 | Train Loss: 1.3025 Acc: 0.3080 F1: 0.2916 | Val Loss: 1.4261 Acc: 0.2308 F1: 0.1911 | Train Meta: Scaleμ:0.9047, Signal|S|μ:9.2600, Delta|S|μ:7.1643, Delta/Signal:77.37%, Gateμ:-0.4616, Gate0%:0.0, MetaNormμ:8.5062 | Val Meta: Scaleμ:0.9047, Signal|S|μ:8.4786, Delta|S|μ:6.5620, Delta/Signal:77.39%, Gateμ:-0.4616, Gate0%:0.0, MetaNormμ:8.5062
Epoch  11/50 | Train Loss: 1.2892 Acc: 0.3170 F1: 0.3070 | Val Loss: 1.4062 Acc: 0.3846 F1: 0.2852 | Train Meta: Scaleμ:0.9047, Signal|S|μ:9.7698, Delta|S|μ:7.5542, Delta/Signal:77.32%, Gateμ:-0.4616, Gate0%:0.0, MetaNormμ:8.5062 | Val Meta: Scaleμ:0.9047, Signal|S|μ:8.4786, Delta|S|μ:6.5620, Delta/Signal:77.39%, Gateμ:-0.4616, Gate0%:0.0, MetaNormμ:8.5062
Epoch  12/50 | Train Loss: 1.2843 Acc: 0.3170 F1: 0.2479 | Val Loss: 1.3940 Acc: 0.3846 F1: 0.2304 | Train Meta: Scaleμ:0.9047, Signal|S|μ:9.2926, Delta|S|μ:7.1882, Delta/Signal:77.35%, Gateμ:-0.4616, Gate0%:0.0, MetaNormμ:8.5062 | Val Meta: Scaleμ:0.9047, Signal|S|μ:8.4786, Delta|S|μ:6.5620, Delta/Signal:77.39%, Gateμ:-0.4616, Gate0%:0.0, MetaNormμ:8.5062
Epoch  13/50 | Train Loss: 1.2863 Acc: 0.3125 F1: 0.2768 | Val Loss: 1.4200 Acc: 0.2308 F1: 0.1534 | Train Meta: Scaleμ:0.9047, Signal|S|μ:8.5171, Delta|S|μ:6.5888, Delta/Signal:77.36%, Gateμ:-0.4616, Gate0%:0.0, MetaNormμ:8.5062 | Val Meta: Scaleμ:0.9047, Signal|S|μ:8.4786, Delta|S|μ:6.5620, Delta/Signal:77.39%, Gateμ:-0.4616, Gate0%:0.0, MetaNormμ:8.5062
Epoch  14/50 | Train Loss: 1.2891 Acc: 0.3170 F1: 0.3033 | Val Loss: 1.4033 Acc: 0.3462 F1: 0.2714 | Train Meta: Scaleμ:0.9047, Signal|S|μ:10.2088, Delta|S|μ:7.8962, Delta/Signal:77.35%, Gateμ:-0.4616, Gate0%:0.0, MetaNormμ:8.5062 | Val Meta: Scaleμ:0.9047, Signal|S|μ:8.4786, Delta|S|μ:6.5620, Delta/Signal:77.39%, Gateμ:-0.4616, Gate0%:0.0, MetaNormμ:8.5062
Epoch  15/50 | Train Loss: 1.2763 Acc: 0.2902 F1: 0.2808 | Val Loss: 1.4281 Acc: 0.1538 F1: 0.1267 | Train Meta: Scaleμ:0.9047, Signal|S|μ:9.5476, Delta|S|μ:7.3827, Delta/Signal:77.33%, Gateμ:-0.4616, Gate0%:0.0, MetaNormμ:8.5062 | Val Meta: Scaleμ:0.9047, Signal|S|μ:8.4786, Delta|S|μ:6.5620, Delta/Signal:77.39%, Gateμ:-0.4616, Gate0%:0.0, MetaNormμ:8.5062
Epoch  16/50 | Train Loss: 1.2784 Acc: 0.2946 F1: 0.2586 | Val Loss: 1.3899 Acc: 0.3462 F1: 0.2159 | Train Meta: Scaleμ:0.9047, Signal|S|μ:8.0759, Delta|S|μ:6.2449, Delta/Signal:77.33%, Gateμ:-0.4616, Gate0%:0.0, MetaNormμ:8.5062 | Val Meta: Scaleμ:0.9047, Signal|S|μ:8.4786, Delta|S|μ:6.5620, Delta/Signal:77.39%, Gateμ:-0.4616, Gate0%:0.0, MetaNormμ:8.5062
Epoch  17/50 | Train Loss: 1.2860 Acc: 0.3170 F1: 0.2929 | Val Loss: 1.4413 Acc: 0.2692 F1: 0.2338 | Train Meta: Scaleμ:0.9047, Signal|S|μ:8.9983, Delta|S|μ:6.9611, Delta/Signal:77.36%, Gateμ:-0.4616, Gate0%:0.0, MetaNormμ:8.5062 | Val Meta: Scaleμ:0.9047, Signal|S|μ:8.4786, Delta|S|μ:6.5620, Delta/Signal:77.39%, Gateμ:-0.4616, Gate0%:0.0, MetaNormμ:8.5062
Epoch  18/50 | Train Loss: 1.2755 Acc: 0.2857 F1: 0.2802 | Val Loss: 1.4016 Acc: 0.3077 F1: 0.2019 | Train Meta: Scaleμ:0.9047, Signal|S|μ:8.0784, Delta|S|μ:6.2458, Delta/Signal:77.32%, Gateμ:-0.4616, Gate0%:0.0, MetaNormμ:8.5062 | Val Meta: Scaleμ:0.9047, Signal|S|μ:8.4786, Delta|S|μ:6.5620, Delta/Signal:77.39%, Gateμ:-0.4616, Gate0%:0.0, MetaNormμ:8.5062
Epoch  19/50 | Train Loss: 1.2849 Acc: 0.2991 F1: 0.2395 | Val Loss: 1.3883 Acc: 0.2308 F1: 0.1495 | Train Meta: Scaleμ:0.9047, Signal|S|μ:8.5008, Delta|S|μ:6.5769, Delta/Signal:77.37%, Gateμ:-0.4616, Gate0%:0.0, MetaNormμ:8.5062 | Val Meta: Scaleμ:0.9047, Signal|S|μ:8.4786, Delta|S|μ:6.5620, Delta/Signal:77.39%, Gateμ:-0.4616, Gate0%:0.0, MetaNormμ:8.5062
Epoch  20/50 | Train Loss: 1.2770 Acc: 0.3214 F1: 0.3051 | Val Loss: 1.4391 Acc: 0.2692 F1: 0.2224 | Train Meta: Scaleμ:0.9047, Signal|S|μ:7.3932, Delta|S|μ:5.7197, Delta/Signal:77.36%, Gateμ:-0.4616, Gate0%:0.0, MetaNormμ:8.5062 | Val Meta: Scaleμ:0.9047, Signal|S|μ:8.4786, Delta|S|μ:6.5620, Delta/Signal:77.39%, Gateμ:-0.4616, Gate0%:0.0, MetaNormμ:8.5062
Epoch  21/50 | Train Loss: 1.2701 Acc: 0.3170 F1: 0.3093 | Val Loss: 1.4000 Acc: 0.3462 F1: 0.2635 | Train Meta: Scaleμ:0.9047, Signal|S|μ:9.3619, Delta|S|μ:7.2440, Delta/Signal:77.38%, Gateμ:-0.4616, Gate0%:0.0, MetaNormμ:8.5062 | Val Meta: Scaleμ:0.9047, Signal|S|μ:8.4786, Delta|S|μ:6.5620, Delta/Signal:77.39%, Gateμ:-0.4616, Gate0%:0.0, MetaNormμ:8.5062
Epoch  22/50 | Train Loss: 1.2835 Acc: 0.3080 F1: 0.2628 | Val Loss: 1.3808 Acc: 0.3077 F1: 0.2005 | Train Meta: Scaleμ:0.9047, Signal|S|μ:8.4687, Delta|S|μ:6.5543, Delta/Signal:77.39%, Gateμ:-0.4616, Gate0%:0.0, MetaNormμ:8.5062 | Val Meta: Scaleμ:0.9047, Signal|S|μ:8.4786, Delta|S|μ:6.5620, Delta/Signal:77.39%, Gateμ:-0.4616, Gate0%:0.0, MetaNormμ:8.5062
Validation Loss decreased (1.384331 --> 1.380755). Saving best model...
Epoch  23/50 | Train Loss: 1.2920 Acc: 0.3304 F1: 0.3148 | Val Loss: 1.4402 Acc: 0.3077 F1: 0.2159 | Train Meta: Scaleμ:0.9047, Signal|S|μ:9.5227, Delta|S|μ:7.3626, Delta/Signal:77.32%, Gateμ:-0.4616, Gate0%:0.0, MetaNormμ:8.5062 | Val Meta: Scaleμ:0.9047, Signal|S|μ:8.4786, Delta|S|μ:6.5620, Delta/Signal:77.39%, Gateμ:-0.4616, Gate0%:0.0, MetaNormμ:8.5062
Epoch  24/50 | Train Loss: 1.2817 Acc: 0.2679 F1: 0.2507 | Val Loss: 1.3776 Acc: 0.3077 F1: 0.1962 | Train Meta: Scaleμ:0.9047, Signal|S|μ:8.6192, Delta|S|μ:6.6694, Delta/Signal:77.38%, Gateμ:-0.4616, Gate0%:0.0, MetaNormμ:8.5062 | Val Meta: Scaleμ:0.9047, Signal|S|μ:8.4786, Delta|S|μ:6.5620, Delta/Signal:77.39%, Gateμ:-0.4616, Gate0%:0.0, MetaNormμ:8.5062
Validation Loss decreased (1.380755 --> 1.377577). Saving best model...
Epoch  25/50 | Train Loss: 1.2735 Acc: 0.2768 F1: 0.2651 | Val Loss: 1.4012 Acc: 0.3846 F1: 0.3036 | Train Meta: Scaleμ:0.9047, Signal|S|μ:10.0269, Delta|S|μ:7.7562, Delta/Signal:77.35%, Gateμ:-0.4616, Gate0%:0.0, MetaNormμ:8.5062 | Val Meta: Scaleμ:0.9047, Signal|S|μ:8.4786, Delta|S|μ:6.5620, Delta/Signal:77.39%, Gateμ:-0.4616, Gate0%:0.0, MetaNormμ:8.5062
Epoch  26/50 | Train Loss: 1.2651 Acc: 0.3438 F1: 0.3284 | Val Loss: 1.4060 Acc: 0.2308 F1: 0.1871 | Train Meta: Scaleμ:0.9047, Signal|S|μ:9.0821, Delta|S|μ:7.0309, Delta/Signal:77.42%, Gateμ:-0.4616, Gate0%:0.0, MetaNormμ:8.5062 | Val Meta: Scaleμ:0.9047, Signal|S|μ:8.4786, Delta|S|μ:6.5620, Delta/Signal:77.39%, Gateμ:-0.4616, Gate0%:0.0, MetaNormμ:8.5062
Epoch  27/50 | Train Loss: 1.2607 Acc: 0.3393 F1: 0.3203 | Val Loss: 1.3863 Acc: 0.3846 F1: 0.2967 | Train Meta: Scaleμ:0.9047, Signal|S|μ:7.9514, Delta|S|μ:6.1503, Delta/Signal:77.35%, Gateμ:-0.4616, Gate0%:0.0, MetaNormμ:8.5062 | Val Meta: Scaleμ:0.9047, Signal|S|μ:8.4786, Delta|S|μ:6.5620, Delta/Signal:77.39%, Gateμ:-0.4616, Gate0%:0.0, MetaNormμ:8.5062
Epoch  28/50 | Train Loss: 1.2669 Acc: 0.3259 F1: 0.3169 | Val Loss: 1.4008 Acc: 0.3846 F1: 0.3083 | Train Meta: Scaleμ:0.9047, Signal|S|μ:9.3975, Delta|S|μ:7.2728, Delta/Signal:77.39%, Gateμ:-0.4616, Gate0%:0.0, MetaNormμ:8.5062 | Val Meta: Scaleμ:0.9047, Signal|S|μ:8.4786, Delta|S|μ:6.5620, Delta/Signal:77.39%, Gateμ:-0.4616, Gate0%:0.0, MetaNormμ:8.5062
Epoch  29/50 | Train Loss: 1.2609 Acc: 0.3170 F1: 0.3024 | Val Loss: 1.3869 Acc: 0.3462 F1: 0.2566 | Train Meta: Scaleμ:0.9047, Signal|S|μ:8.3222, Delta|S|μ:6.4394, Delta/Signal:77.38%, Gateμ:-0.4616, Gate0%:0.0, MetaNormμ:8.5062 | Val Meta: Scaleμ:0.9047, Signal|S|μ:8.4786, Delta|S|μ:6.5620, Delta/Signal:77.39%, Gateμ:-0.4616, Gate0%:0.0, MetaNormμ:8.5062
Epoch  30/50 | Train Loss: 1.2608 Acc: 0.3616 F1: 0.3588 | Val Loss: 1.3816 Acc: 0.2692 F1: 0.1882 | Train Meta: Scaleμ:0.9047, Signal|S|μ:9.4868, Delta|S|μ:7.3442, Delta/Signal:77.41%, Gateμ:-0.4616, Gate0%:0.0, MetaNormμ:8.5062 | Val Meta: Scaleμ:0.9047, Signal|S|μ:8.4786, Delta|S|μ:6.5620, Delta/Signal:77.39%, Gateμ:-0.4616, Gate0%:0.0, MetaNormμ:8.5062
Epoch  31/50 | Train Loss: 1.2656 Acc: 0.2991 F1: 0.2537 | Val Loss: 1.3645 Acc: 0.4231 F1: 0.3280 | Train Meta: Scaleμ:0.9047, Signal|S|μ:8.5064, Delta|S|μ:6.5797, Delta/Signal:77.35%, Gateμ:-0.4616, Gate0%:0.0, MetaNormμ:8.5062 | Val Meta: Scaleμ:0.9047, Signal|S|μ:8.4786, Delta|S|μ:6.5620, Delta/Signal:77.39%, Gateμ:-0.4616, Gate0%:0.0, MetaNormμ:8.5062
Validation Loss decreased (1.377577 --> 1.364450). Saving best model...
Epoch  32/50 | Train Loss: 1.2665 Acc: 0.3170 F1: 0.3056 | Val Loss: 1.4031 Acc: 0.1923 F1: 0.1656 | Train Meta: Scaleμ:0.9047, Signal|S|μ:8.2630, Delta|S|μ:6.3947, Delta/Signal:77.39%, Gateμ:-0.4616, Gate0%:0.0, MetaNormμ:8.5062 | Val Meta: Scaleμ:0.9047, Signal|S|μ:8.4786, Delta|S|μ:6.5620, Delta/Signal:77.39%, Gateμ:-0.4616, Gate0%:0.0, MetaNormμ:8.5062
Epoch  33/50 | Train Loss: 1.2694 Acc: 0.3304 F1: 0.3232 | Val Loss: 1.3765 Acc: 0.2692 F1: 0.1791 | Train Meta: Scaleμ:0.9047, Signal|S|μ:8.7485, Delta|S|μ:6.7687, Delta/Signal:77.37%, Gateμ:-0.4616, Gate0%:0.0, MetaNormμ:8.5062 | Val Meta: Scaleμ:0.9047, Signal|S|μ:8.4786, Delta|S|μ:6.5620, Delta/Signal:77.39%, Gateμ:-0.4616, Gate0%:0.0, MetaNormμ:8.5062
Epoch  34/50 | Train Loss: 1.2586 Acc: 0.3304 F1: 0.2746 | Val Loss: 1.3736 Acc: 0.3462 F1: 0.2440 | Train Meta: Scaleμ:0.9047, Signal|S|μ:9.2825, Delta|S|μ:7.1770, Delta/Signal:77.32%, Gateμ:-0.4616, Gate0%:0.0, MetaNormμ:8.5062 | Val Meta: Scaleμ:0.9047, Signal|S|μ:8.4786, Delta|S|μ:6.5620, Delta/Signal:77.39%, Gateμ:-0.4616, Gate0%:0.0, MetaNormμ:8.5062
Epoch  35/50 | Train Loss: 1.2694 Acc: 0.3080 F1: 0.3069 | Val Loss: 1.3964 Acc: 0.3846 F1: 0.3225 | Train Meta: Scaleμ:0.9047, Signal|S|μ:8.7768, Delta|S|μ:6.7929, Delta/Signal:77.40%, Gateμ:-0.4616, Gate0%:0.0, MetaNormμ:8.5062 | Val Meta: Scaleμ:0.9047, Signal|S|μ:8.4786, Delta|S|μ:6.5620, Delta/Signal:77.39%, Gateμ:-0.4616, Gate0%:0.0, MetaNormμ:8.5062
Epoch  36/50 | Train Loss: 1.2623 Acc: 0.3304 F1: 0.2916 | Val Loss: 1.3630 Acc: 0.3846 F1: 0.2614 | Train Meta: Scaleμ:0.9047, Signal|S|μ:8.7011, Delta|S|μ:6.7300, Delta/Signal:77.35%, Gateμ:-0.4616, Gate0%:0.0, MetaNormμ:8.5062 | Val Meta: Scaleμ:0.9047, Signal|S|μ:8.4786, Delta|S|μ:6.5620, Delta/Signal:77.39%, Gateμ:-0.4616, Gate0%:0.0, MetaNormμ:8.5062
Validation Loss decreased (1.364450 --> 1.363023). Saving best model...
Epoch  37/50 | Train Loss: 1.2811 Acc: 0.2946 F1: 0.2869 | Val Loss: 1.3989 Acc: 0.3077 F1: 0.2355 | Train Meta: Scaleμ:0.9047, Signal|S|μ:8.4915, Delta|S|μ:6.5656, Delta/Signal:77.32%, Gateμ:-0.4616, Gate0%:0.0, MetaNormμ:8.5062 | Val Meta: Scaleμ:0.9047, Signal|S|μ:8.4786, Delta|S|μ:6.5620, Delta/Signal:77.39%, Gateμ:-0.4616, Gate0%:0.0, MetaNormμ:8.5062
Epoch  38/50 | Train Loss: 1.2542 Acc: 0.3170 F1: 0.3154 | Val Loss: 1.3805 Acc: 0.2692 F1: 0.1835 | Train Meta: Scaleμ:0.9047, Signal|S|μ:7.9313, Delta|S|μ:6.1378, Delta/Signal:77.39%, Gateμ:-0.4616, Gate0%:0.0, MetaNormμ:8.5062 | Val Meta: Scaleμ:0.9047, Signal|S|μ:8.4786, Delta|S|μ:6.5620, Delta/Signal:77.39%, Gateμ:-0.4616, Gate0%:0.0, MetaNormμ:8.5062
Epoch  39/50 | Train Loss: 1.2560 Acc: 0.2812 F1: 0.2496 | Val Loss: 1.3587 Acc: 0.3077 F1: 0.2020 | Train Meta: Scaleμ:0.9047, Signal|S|μ:9.9657, Delta|S|μ:7.7112, Delta/Signal:77.38%, Gateμ:-0.4616, Gate0%:0.0, MetaNormμ:8.5062 | Val Meta: Scaleμ:0.9047, Signal|S|μ:8.4786, Delta|S|μ:6.5620, Delta/Signal:77.39%, Gateμ:-0.4616, Gate0%:0.0, MetaNormμ:8.5062
Validation Loss decreased (1.363023 --> 1.358714). Saving best model...
Epoch  40/50 | Train Loss: 1.2580 Acc: 0.3170 F1: 0.2855 | Val Loss: 1.3699 Acc: 0.3846 F1: 0.3002 | Train Meta: Scaleμ:0.9047, Signal|S|μ:8.3544, Delta|S|μ:6.4611, Delta/Signal:77.34%, Gateμ:-0.4616, Gate0%:0.0, MetaNormμ:8.5062 | Val Meta: Scaleμ:0.9047, Signal|S|μ:8.4786, Delta|S|μ:6.5620, Delta/Signal:77.39%, Gateμ:-0.4616, Gate0%:0.0, MetaNormμ:8.5062
Epoch  41/50 | Train Loss: 1.2608 Acc: 0.3080 F1: 0.3010 | Val Loss: 1.4078 Acc: 0.2692 F1: 0.1938 | Train Meta: Scaleμ:0.9047, Signal|S|μ:9.1880, Delta|S|μ:7.1028, Delta/Signal:77.31%, Gateμ:-0.4616, Gate0%:0.0, MetaNormμ:8.5062 | Val Meta: Scaleμ:0.9047, Signal|S|μ:8.4786, Delta|S|μ:6.5620, Delta/Signal:77.39%, Gateμ:-0.4616, Gate0%:0.0, MetaNormμ:8.5062
Epoch  42/50 | Train Loss: 1.2579 Acc: 0.3080 F1: 0.2882 | Val Loss: 1.3579 Acc: 0.3846 F1: 0.2917 | Train Meta: Scaleμ:0.9047, Signal|S|μ:9.6844, Delta|S|μ:7.4878, Delta/Signal:77.32%, Gateμ:-0.4616, Gate0%:0.0, MetaNormμ:8.5062 | Val Meta: Scaleμ:0.9047, Signal|S|μ:8.4786, Delta|S|μ:6.5620, Delta/Signal:77.39%, Gateμ:-0.4616, Gate0%:0.0, MetaNormμ:8.5062
Validation Loss decreased (1.358714 --> 1.357894). Saving best model...
Epoch  43/50 | Train Loss: 1.2489 Acc: 0.3259 F1: 0.3174 | Val Loss: 1.3906 Acc: 0.3462 F1: 0.2891 | Train Meta: Scaleμ:0.9047, Signal|S|μ:8.3533, Delta|S|μ:6.4640, Delta/Signal:77.38%, Gateμ:-0.4616, Gate0%:0.0, MetaNormμ:8.5062 | Val Meta: Scaleμ:0.9047, Signal|S|μ:8.4786, Delta|S|μ:6.5620, Delta/Signal:77.39%, Gateμ:-0.4616, Gate0%:0.0, MetaNormμ:8.5062
Epoch  44/50 | Train Loss: 1.2510 Acc: 0.3125 F1: 0.3069 | Val Loss: 1.3736 Acc: 0.3462 F1: 0.2746 | Train Meta: Scaleμ:0.9047, Signal|S|μ:9.9507, Delta|S|μ:7.6962, Delta/Signal:77.34%, Gateμ:-0.4616, Gate0%:0.0, MetaNormμ:8.5062 | Val Meta: Scaleμ:0.9047, Signal|S|μ:8.4786, Delta|S|μ:6.5620, Delta/Signal:77.39%, Gateμ:-0.4616, Gate0%:0.0, MetaNormμ:8.5062
Epoch  45/50 | Train Loss: 1.2518 Acc: 0.3080 F1: 0.2989 | Val Loss: 1.3973 Acc: 0.3077 F1: 0.2631 | Train Meta: Scaleμ:0.9047, Signal|S|μ:10.2562, Delta|S|μ:7.9399, Delta/Signal:77.42%, Gateμ:-0.4616, Gate0%:0.0, MetaNormμ:8.5062 | Val Meta: Scaleμ:0.9047, Signal|S|μ:8.4786, Delta|S|μ:6.5620, Delta/Signal:77.39%, Gateμ:-0.4616, Gate0%:0.0, MetaNormμ:8.5062
Epoch  46/50 | Train Loss: 1.2460 Acc: 0.3348 F1: 0.2935 | Val Loss: 1.3775 Acc: 0.2308 F1: 0.1880 | Train Meta: Scaleμ:0.9047, Signal|S|μ:8.5574, Delta|S|μ:6.6240, Delta/Signal:77.41%, Gateμ:-0.4616, Gate0%:0.0, MetaNormμ:8.5062 | Val Meta: Scaleμ:0.9047, Signal|S|μ:8.4786, Delta|S|μ:6.5620, Delta/Signal:77.39%, Gateμ:-0.4616, Gate0%:0.0, MetaNormμ:8.5062
Epoch  47/50 | Train Loss: 1.2587 Acc: 0.3125 F1: 0.3045 | Val Loss: 1.3556 Acc: 0.4231 F1: 0.3280 | Train Meta: Scaleμ:0.9047, Signal|S|μ:8.4846, Delta|S|μ:6.5628, Delta/Signal:77.35%, Gateμ:-0.4616, Gate0%:0.0, MetaNormμ:8.5062 | Val Meta: Scaleμ:0.9047, Signal|S|μ:8.4786, Delta|S|μ:6.5620, Delta/Signal:77.39%, Gateμ:-0.4616, Gate0%:0.0, MetaNormμ:8.5062
Validation Loss decreased (1.357894 --> 1.355586). Saving best model...
Epoch  48/50 | Train Loss: 1.2406 Acc: 0.3214 F1: 0.3037 | Val Loss: 1.3792 Acc: 0.2308 F1: 0.1880 | Train Meta: Scaleμ:0.9047, Signal|S|μ:9.8726, Delta|S|μ:7.6366, Delta/Signal:77.35%, Gateμ:-0.4616, Gate0%:0.0, MetaNormμ:8.5062 | Val Meta: Scaleμ:0.9047, Signal|S|μ:8.4786, Delta|S|μ:6.5620, Delta/Signal:77.39%, Gateμ:-0.4616, Gate0%:0.0, MetaNormμ:8.5062
Epoch  49/50 | Train Loss: 1.2523 Acc: 0.3170 F1: 0.3039 | Val Loss: 1.3887 Acc: 0.3077 F1: 0.2392 | Train Meta: Scaleμ:0.9047, Signal|S|μ:8.7473, Delta|S|μ:6.7708, Delta/Signal:77.40%, Gateμ:-0.4616, Gate0%:0.0, MetaNormμ:8.5062 | Val Meta: Scaleμ:0.9047, Signal|S|μ:8.4786, Delta|S|μ:6.5620, Delta/Signal:77.39%, Gateμ:-0.4616, Gate0%:0.0, MetaNormμ:8.5062
Epoch  50/50 | Train Loss: 1.2459 Acc: 0.3482 F1: 0.3461 | Val Loss: 1.3690 Acc: 0.3077 F1: 0.2409 | Train Meta: Scaleμ:0.9047, Signal|S|μ:9.1925, Delta|S|μ:7.1078, Delta/Signal:77.32%, Gateμ:-0.4616, Gate0%:0.0, MetaNormμ:8.5062 | Val Meta: Scaleμ:0.9047, Signal|S|μ:8.4786, Delta|S|μ:6.5620, Delta/Signal:77.39%, Gateμ:-0.4616, Gate0%:0.0, MetaNormμ:8.5062

Classification Test Result (EthanolConcentration)
Accuracy : 0.292776
F1 (macro): 0.269393
Saved attention maps for 3 sample(s) under ./runs/classification_electricity_to_EthanolConcentration_laya_metadata_query_gate_text/attention_maps
Text metadata preview | dataset=FaceDetection | domain=UEA | channels=144
   - channel_1: In the UEA domain, this channel belongs to the FaceDetection dataset and represents the feature channel 1.
   - channel_2: In the UEA domain, this channel belongs to the FaceDetection dataset and represents the feature channel 2.
   - ... (142 more channel descriptions)
==================================================
🚀 Architecture: LAYA
📊 Target Dataset: FaceDetection (Channels: 144)
📊 Pretrain Info: electricity
📊 Classes: 2 | Sequence Length: 62
==================================================
✅ Loaded pretrained encoder from ./checkpoints/electricity_laya_metadata_query_gate_text/laya_ts_electricity_s_best.pt
   - 62/62 keys matched.
✅ Encoder is FROZEN (Linear Probing mode).
📝 metadata: mode=text, fusion=none, relation=metadata_query_gate
ℹ️  Metadata Fusion Mode: none
ℹ️  Channel Mixer Relation Mode: metadata_query_gate
ℹ️  Encoder Variant: default
ℹ️  Channel Adapter: disabled for Laya downstream (mixer)
ℹ️  Channel Relation Block: disabled
✅ ClassificationHead: [B, 128] → [B, 2]
Epoch   1/50 | Train Loss: 0.7012 Acc: 0.5072 F1: 0.5072 | Val Loss: 0.6939 Acc: 0.5161 F1: 0.4516 | Train Meta: Scaleμ:0.9047, Signal|S|μ:3.3342, Delta|S|μ:2.6094, Delta/Signal:78.26%, Gateμ:-0.3383, Gate0%:0.0, MetaNormμ:8.6421 | Val Meta: Scaleμ:0.9047, Signal|S|μ:3.3491, Delta|S|μ:2.6225, Delta/Signal:78.31%, Gateμ:-0.3383, Gate0%:0.0, MetaNormμ:8.6421
Validation Loss decreased (inf --> 0.693871). Saving best model...
Epoch   2/50 | Train Loss: 0.7006 Acc: 0.5062 F1: 0.5062 | Val Loss: 0.6926 Acc: 0.5263 F1: 0.5237 | Train Meta: Scaleμ:0.9047, Signal|S|μ:3.7218, Delta|S|μ:2.9136, Delta/Signal:78.28%, Gateμ:-0.3383, Gate0%:0.0, MetaNormμ:8.6421 | Val Meta: Scaleμ:0.9047, Signal|S|μ:3.3491, Delta|S|μ:2.6225, Delta/Signal:78.31%, Gateμ:-0.3383, Gate0%:0.0, MetaNormμ:8.6421
Validation Loss decreased (0.693871 --> 0.692612). Saving best model...
Epoch   3/50 | Train Loss: 0.6925 Acc: 0.5274 F1: 0.5273 | Val Loss: 0.7034 Acc: 0.5093 F1: 0.3494 | Train Meta: Scaleμ:0.9047, Signal|S|μ:4.3323, Delta|S|μ:3.3934, Delta/Signal:78.33%, Gateμ:-0.3383, Gate0%:0.0, MetaNormμ:8.6421 | Val Meta: Scaleμ:0.9047, Signal|S|μ:3.3491, Delta|S|μ:2.6225, Delta/Signal:78.31%, Gateμ:-0.3383, Gate0%:0.0, MetaNormμ:8.6421
Epoch   4/50 | Train Loss: 0.6978 Acc: 0.5132 F1: 0.5131 | Val Loss: 0.6990 Acc: 0.5212 F1: 0.3974 | Train Meta: Scaleμ:0.9047, Signal|S|μ:3.6360, Delta|S|μ:2.8469, Delta/Signal:78.30%, Gateμ:-0.3383, Gate0%:0.0, MetaNormμ:8.6421 | Val Meta: Scaleμ:0.9047, Signal|S|μ:3.3491, Delta|S|μ:2.6225, Delta/Signal:78.31%, Gateμ:-0.3383, Gate0%:0.0, MetaNormμ:8.6421
Epoch   5/50 | Train Loss: 0.6904 Acc: 0.5408 F1: 0.5408 | Val Loss: 0.6955 Acc: 0.5348 F1: 0.5271 | Train Meta: Scaleμ:0.9047, Signal|S|μ:3.2877, Delta|S|μ:2.5772, Delta/Signal:78.39%, Gateμ:-0.3383, Gate0%:0.0, MetaNormμ:8.6421 | Val Meta: Scaleμ:0.9047, Signal|S|μ:3.3491, Delta|S|μ:2.6225, Delta/Signal:78.31%, Gateμ:-0.3383, Gate0%:0.0, MetaNormμ:8.6421
Epoch   6/50 | Train Loss: 0.6898 Acc: 0.5419 F1: 0.5418 | Val Loss: 0.6922 Acc: 0.5161 F1: 0.5129 | Train Meta: Scaleμ:0.9047, Signal|S|μ:3.5792, Delta|S|μ:2.8021, Delta/Signal:78.29%, Gateμ:-0.3383, Gate0%:0.0, MetaNormμ:8.6421 | Val Meta: Scaleμ:0.9047, Signal|S|μ:3.3491, Delta|S|μ:2.6225, Delta/Signal:78.31%, Gateμ:-0.3383, Gate0%:0.0, MetaNormμ:8.6421
Validation Loss decreased (0.692612 --> 0.692176). Saving best model...
Epoch   7/50 | Train Loss: 0.6933 Acc: 0.5344 F1: 0.5343 | Val Loss: 0.6972 Acc: 0.5178 F1: 0.5032 | Train Meta: Scaleμ:0.9047, Signal|S|μ:3.4878, Delta|S|μ:2.7305, Delta/Signal:78.29%, Gateμ:-0.3383, Gate0%:0.0, MetaNormμ:8.6421 | Val Meta: Scaleμ:0.9047, Signal|S|μ:3.3491, Delta|S|μ:2.6225, Delta/Signal:78.31%, Gateμ:-0.3383, Gate0%:0.0, MetaNormμ:8.6421
Epoch   8/50 | Train Loss: 0.6918 Acc: 0.5397 F1: 0.5396 | Val Loss: 0.6977 Acc: 0.5331 F1: 0.5149 | Train Meta: Scaleμ:0.9047, Signal|S|μ:3.2458, Delta|S|μ:2.5410, Delta/Signal:78.29%, Gateμ:-0.3383, Gate0%:0.0, MetaNormμ:8.6421 | Val Meta: Scaleμ:0.9047, Signal|S|μ:3.3491, Delta|S|μ:2.6225, Delta/Signal:78.31%, Gateμ:-0.3383, Gate0%:0.0, MetaNormμ:8.6421
Epoch   9/50 | Train Loss: 0.6897 Acc: 0.5338 F1: 0.5336 | Val Loss: 0.7037 Acc: 0.5195 F1: 0.4833 | Train Meta: Scaleμ:0.9047, Signal|S|μ:3.4785, Delta|S|μ:2.7249, Delta/Signal:78.33%, Gateμ:-0.3383, Gate0%:0.0, MetaNormμ:8.6421 | Val Meta: Scaleμ:0.9047, Signal|S|μ:3.3491, Delta|S|μ:2.6225, Delta/Signal:78.31%, Gateμ:-0.3383, Gate0%:0.0, MetaNormμ:8.6421
Epoch  10/50 | Train Loss: 0.6906 Acc: 0.5363 F1: 0.5359 | Val Loss: 0.6958 Acc: 0.4941 F1: 0.4677 | Train Meta: Scaleμ:0.9047, Signal|S|μ:3.4394, Delta|S|μ:2.6923, Delta/Signal:78.28%, Gateμ:-0.3383, Gate0%:0.0, MetaNormμ:8.6421 | Val Meta: Scaleμ:0.9047, Signal|S|μ:3.3491, Delta|S|μ:2.6225, Delta/Signal:78.31%, Gateμ:-0.3383, Gate0%:0.0, MetaNormμ:8.6421
Epoch  11/50 | Train Loss: 0.6886 Acc: 0.5391 F1: 0.5387 | Val Loss: 0.6980 Acc: 0.4907 F1: 0.4832 | Train Meta: Scaleμ:0.9047, Signal|S|μ:3.4968, Delta|S|μ:2.7393, Delta/Signal:78.34%, Gateμ:-0.3383, Gate0%:0.0, MetaNormμ:8.6421 | Val Meta: Scaleμ:0.9047, Signal|S|μ:3.3491, Delta|S|μ:2.6225, Delta/Signal:78.31%, Gateμ:-0.3383, Gate0%:0.0, MetaNormμ:8.6421
Epoch  12/50 | Train Loss: 0.6898 Acc: 0.5276 F1: 0.5276 | Val Loss: 0.6947 Acc: 0.4975 F1: 0.4916 | Train Meta: Scaleμ:0.9047, Signal|S|μ:3.6375, Delta|S|μ:2.8492, Delta/Signal:78.33%, Gateμ:-0.3383, Gate0%:0.0, MetaNormμ:8.6421 | Val Meta: Scaleμ:0.9047, Signal|S|μ:3.3491, Delta|S|μ:2.6225, Delta/Signal:78.31%, Gateμ:-0.3383, Gate0%:0.0, MetaNormμ:8.6421
Epoch  13/50 | Train Loss: 0.6884 Acc: 0.5376 F1: 0.5376 | Val Loss: 0.6943 Acc: 0.5042 F1: 0.4910 | Train Meta: Scaleμ:0.9047, Signal|S|μ:3.4440, Delta|S|μ:2.6977, Delta/Signal:78.33%, Gateμ:-0.3383, Gate0%:0.0, MetaNormμ:8.6421 | Val Meta: Scaleμ:0.9047, Signal|S|μ:3.3491, Delta|S|μ:2.6225, Delta/Signal:78.31%, Gateμ:-0.3383, Gate0%:0.0, MetaNormμ:8.6421
Epoch  14/50 | Train Loss: 0.6882 Acc: 0.5429 F1: 0.5426 | Val Loss: 0.7037 Acc: 0.5263 F1: 0.4875 | Train Meta: Scaleμ:0.9047, Signal|S|μ:3.2921, Delta|S|μ:2.5784, Delta/Signal:78.32%, Gateμ:-0.3383, Gate0%:0.0, MetaNormμ:8.6421 | Val Meta: Scaleμ:0.9047, Signal|S|μ:3.3491, Delta|S|μ:2.6225, Delta/Signal:78.31%, Gateμ:-0.3383, Gate0%:0.0, MetaNormμ:8.6421
Epoch  15/50 | Train Loss: 0.6885 Acc: 0.5364 F1: 0.5359 | Val Loss: 0.6955 Acc: 0.4822 F1: 0.4756 | Train Meta: Scaleμ:0.9047, Signal|S|μ:3.4874, Delta|S|μ:2.7320, Delta/Signal:78.34%, Gateμ:-0.3383, Gate0%:0.0, MetaNormμ:8.6421 | Val Meta: Scaleμ:0.9047, Signal|S|μ:3.3491, Delta|S|μ:2.6225, Delta/Signal:78.31%, Gateμ:-0.3383, Gate0%:0.0, MetaNormμ:8.6421
Epoch  16/50 | Train Loss: 0.6882 Acc: 0.5370 F1: 0.5370 | Val Loss: 0.6967 Acc: 0.4907 F1: 0.4739 | Train Meta: Scaleμ:0.9047, Signal|S|μ:3.3805, Delta|S|μ:2.6490, Delta/Signal:78.36%, Gateμ:-0.3383, Gate0%:0.0, MetaNormμ:8.6421 | Val Meta: Scaleμ:0.9047, Signal|S|μ:3.3491, Delta|S|μ:2.6225, Delta/Signal:78.31%, Gateμ:-0.3383, Gate0%:0.0, MetaNormμ:8.6421
Epoch  17/50 | Train Loss: 0.6873 Acc: 0.5391 F1: 0.5390 | Val Loss: 0.6980 Acc: 0.5008 F1: 0.4616 | Train Meta: Scaleμ:0.9047, Signal|S|μ:3.6366, Delta|S|μ:2.8483, Delta/Signal:78.32%, Gateμ:-0.3383, Gate0%:0.0, MetaNormμ:8.6421 | Val Meta: Scaleμ:0.9047, Signal|S|μ:3.3491, Delta|S|μ:2.6225, Delta/Signal:78.31%, Gateμ:-0.3383, Gate0%:0.0, MetaNormμ:8.6421
Epoch  18/50 | Train Loss: 0.6897 Acc: 0.5338 F1: 0.5336 | Val Loss: 0.6977 Acc: 0.5161 F1: 0.5114 | Train Meta: Scaleμ:0.9047, Signal|S|μ:3.3531, Delta|S|μ:2.6254, Delta/Signal:78.30%, Gateμ:-0.3383, Gate0%:0.0, MetaNormμ:8.6421 | Val Meta: Scaleμ:0.9047, Signal|S|μ:3.3491, Delta|S|μ:2.6225, Delta/Signal:78.31%, Gateμ:-0.3383, Gate0%:0.0, MetaNormμ:8.6421
Epoch  19/50 | Train Loss: 0.6866 Acc: 0.5523 F1: 0.5522 | Val Loss: 0.7019 Acc: 0.5042 F1: 0.4801 | Train Meta: Scaleμ:0.9047, Signal|S|μ:3.5619, Delta|S|μ:2.7885, Delta/Signal:78.29%, Gateμ:-0.3383, Gate0%:0.0, MetaNormμ:8.6421 | Val Meta: Scaleμ:0.9047, Signal|S|μ:3.3491, Delta|S|μ:2.6225, Delta/Signal:78.31%, Gateμ:-0.3383, Gate0%:0.0, MetaNormμ:8.6421
Epoch  20/50 | Train Loss: 0.6879 Acc: 0.5429 F1: 0.5426 | Val Loss: 0.7019 Acc: 0.5144 F1: 0.4938 | Train Meta: Scaleμ:0.9047, Signal|S|μ:3.3355, Delta|S|μ:2.6138, Delta/Signal:78.36%, Gateμ:-0.3383, Gate0%:0.0, MetaNormμ:8.6421 | Val Meta: Scaleμ:0.9047, Signal|S|μ:3.3491, Delta|S|μ:2.6225, Delta/Signal:78.31%, Gateμ:-0.3383, Gate0%:0.0, MetaNormμ:8.6421
Epoch  21/50 | Train Loss: 0.6886 Acc: 0.5353 F1: 0.5353 | Val Loss: 0.6991 Acc: 0.4992 F1: 0.4961 | Train Meta: Scaleμ:0.9047, Signal|S|μ:3.3614, Delta|S|μ:2.6296, Delta/Signal:78.23%, Gateμ:-0.3383, Gate0%:0.0, MetaNormμ:8.6421 | Val Meta: Scaleμ:0.9047, Signal|S|μ:3.3491, Delta|S|μ:2.6225, Delta/Signal:78.31%, Gateμ:-0.3383, Gate0%:0.0, MetaNormμ:8.6421
Epoch  22/50 | Train Loss: 0.6862 Acc: 0.5487 F1: 0.5487 | Val Loss: 0.6981 Acc: 0.4924 F1: 0.4924 | Train Meta: Scaleμ:0.9047, Signal|S|μ:3.3303, Delta|S|μ:2.6072, Delta/Signal:78.29%, Gateμ:-0.3383, Gate0%:0.0, MetaNormμ:8.6421 | Val Meta: Scaleμ:0.9047, Signal|S|μ:3.3491, Delta|S|μ:2.6225, Delta/Signal:78.31%, Gateμ:-0.3383, Gate0%:0.0, MetaNormμ:8.6421
Epoch  23/50 | Train Loss: 0.6870 Acc: 0.5423 F1: 0.5421 | Val Loss: 0.7006 Acc: 0.5110 F1: 0.4937 | Train Meta: Scaleμ:0.9047, Signal|S|μ:3.6910, Delta|S|μ:2.8895, Delta/Signal:78.28%, Gateμ:-0.3383, Gate0%:0.0, MetaNormμ:8.6421 | Val Meta: Scaleμ:0.9047, Signal|S|μ:3.3491, Delta|S|μ:2.6225, Delta/Signal:78.31%, Gateμ:-0.3383, Gate0%:0.0, MetaNormμ:8.6421
Epoch  24/50 | Train Loss: 0.6871 Acc: 0.5444 F1: 0.5442 | Val Loss: 0.6966 Acc: 0.4992 F1: 0.4861 | Train Meta: Scaleμ:0.9047, Signal|S|μ:3.2355, Delta|S|μ:2.5341, Delta/Signal:78.32%, Gateμ:-0.3383, Gate0%:0.0, MetaNormμ:8.6421 | Val Meta: Scaleμ:0.9047, Signal|S|μ:3.3491, Delta|S|μ:2.6225, Delta/Signal:78.31%, Gateμ:-0.3383, Gate0%:0.0, MetaNormμ:8.6421
Epoch  25/50 | Train Loss: 0.6868 Acc: 0.5478 F1: 0.5475 | Val Loss: 0.6998 Acc: 0.5144 F1: 0.5036 | Train Meta: Scaleμ:0.9047, Signal|S|μ:3.3650, Delta|S|μ:2.6354, Delta/Signal:78.32%, Gateμ:-0.3383, Gate0%:0.0, MetaNormμ:8.6421 | Val Meta: Scaleμ:0.9047, Signal|S|μ:3.3491, Delta|S|μ:2.6225, Delta/Signal:78.31%, Gateμ:-0.3383, Gate0%:0.0, MetaNormμ:8.6421
Epoch  26/50 | Train Loss: 0.6874 Acc: 0.5408 F1: 0.5406 | Val Loss: 0.7004 Acc: 0.5144 F1: 0.5055 | Train Meta: Scaleμ:0.9047, Signal|S|μ:3.6061, Delta|S|μ:2.8249, Delta/Signal:78.34%, Gateμ:-0.3383, Gate0%:0.0, MetaNormμ:8.6421 | Val Meta: Scaleμ:0.9047, Signal|S|μ:3.3491, Delta|S|μ:2.6225, Delta/Signal:78.31%, Gateμ:-0.3383, Gate0%:0.0, MetaNormμ:8.6421
Epoch  27/50 | Train Loss: 0.6849 Acc: 0.5517 F1: 0.5517 | Val Loss: 0.7055 Acc: 0.4941 F1: 0.4651 | Train Meta: Scaleμ:0.9047, Signal|S|μ:3.1882, Delta|S|μ:2.4973, Delta/Signal:78.33%, Gateμ:-0.3383, Gate0%:0.0, MetaNormμ:8.6421 | Val Meta: Scaleμ:0.9047, Signal|S|μ:3.3491, Delta|S|μ:2.6225, Delta/Signal:78.31%, Gateμ:-0.3383, Gate0%:0.0, MetaNormμ:8.6421
Epoch  28/50 | Train Loss: 0.6869 Acc: 0.5455 F1: 0.5454 | Val Loss: 0.6986 Acc: 0.5161 F1: 0.5149 | Train Meta: Scaleμ:0.9047, Signal|S|μ:3.2794, Delta|S|μ:2.5686, Delta/Signal:78.33%, Gateμ:-0.3383, Gate0%:0.0, MetaNormμ:8.6421 | Val Meta: Scaleμ:0.9047, Signal|S|μ:3.3491, Delta|S|μ:2.6225, Delta/Signal:78.31%, Gateμ:-0.3383, Gate0%:0.0, MetaNormμ:8.6421
Epoch  29/50 | Train Loss: 0.6835 Acc: 0.5491 F1: 0.5489 | Val Loss: 0.7028 Acc: 0.5144 F1: 0.4883 | Train Meta: Scaleμ:0.9047, Signal|S|μ:3.3773, Delta|S|μ:2.6438, Delta/Signal:78.28%, Gateμ:-0.3383, Gate0%:0.0, MetaNormμ:8.6421 | Val Meta: Scaleμ:0.9047, Signal|S|μ:3.3491, Delta|S|μ:2.6225, Delta/Signal:78.31%, Gateμ:-0.3383, Gate0%:0.0, MetaNormμ:8.6421
Epoch  30/50 | Train Loss: 0.6859 Acc: 0.5446 F1: 0.5442 | Val Loss: 0.6980 Acc: 0.5161 F1: 0.5159 | Train Meta: Scaleμ:0.9047, Signal|S|μ:3.5482, Delta|S|μ:2.7763, Delta/Signal:78.24%, Gateμ:-0.3383, Gate0%:0.0, MetaNormμ:8.6421 | Val Meta: Scaleμ:0.9047, Signal|S|μ:3.3491, Delta|S|μ:2.6225, Delta/Signal:78.31%, Gateμ:-0.3383, Gate0%:0.0, MetaNormμ:8.6421
Epoch  31/50 | Train Loss: 0.6860 Acc: 0.5455 F1: 0.5454 | Val Loss: 0.6982 Acc: 0.4924 F1: 0.4915 | Train Meta: Scaleμ:0.9047, Signal|S|μ:3.5299, Delta|S|μ:2.7656, Delta/Signal:78.35%, Gateμ:-0.3383, Gate0%:0.0, MetaNormμ:8.6421 | Val Meta: Scaleμ:0.9047, Signal|S|μ:3.3491, Delta|S|μ:2.6225, Delta/Signal:78.31%, Gateμ:-0.3383, Gate0%:0.0, MetaNormμ:8.6421
Epoch  32/50 | Train Loss: 0.6865 Acc: 0.5355 F1: 0.5354 | Val Loss: 0.6975 Acc: 0.4907 F1: 0.4905 | Train Meta: Scaleμ:0.9047, Signal|S|μ:3.2193, Delta|S|μ:2.5213, Delta/Signal:78.32%, Gateμ:-0.3383, Gate0%:0.0, MetaNormμ:8.6421 | Val Meta: Scaleμ:0.9047, Signal|S|μ:3.3491, Delta|S|μ:2.6225, Delta/Signal:78.31%, Gateμ:-0.3383, Gate0%:0.0, MetaNormμ:8.6421
Epoch  33/50 | Train Loss: 0.6855 Acc: 0.5446 F1: 0.5443 | Val Loss: 0.6979 Acc: 0.4924 F1: 0.4923 | Train Meta: Scaleμ:0.9047, Signal|S|μ:3.2835, Delta|S|μ:2.5714, Delta/Signal:78.31%, Gateμ:-0.3383, Gate0%:0.0, MetaNormμ:8.6421 | Val Meta: Scaleμ:0.9047, Signal|S|μ:3.3491, Delta|S|μ:2.6225, Delta/Signal:78.31%, Gateμ:-0.3383, Gate0%:0.0, MetaNormμ:8.6421
Epoch  34/50 | Train Loss: 0.6850 Acc: 0.5489 F1: 0.5484 | Val Loss: 0.6967 Acc: 0.4958 F1: 0.4944 | Train Meta: Scaleμ:0.9047, Signal|S|μ:3.2258, Delta|S|μ:2.5269, Delta/Signal:78.33%, Gateμ:-0.3383, Gate0%:0.0, MetaNormμ:8.6421 | Val Meta: Scaleμ:0.9047, Signal|S|μ:3.3491, Delta|S|μ:2.6225, Delta/Signal:78.31%, Gateμ:-0.3383, Gate0%:0.0, MetaNormμ:8.6421
Epoch  35/50 | Train Loss: 0.6856 Acc: 0.5417 F1: 0.5417 | Val Loss: 0.7001 Acc: 0.5008 F1: 0.4958 | Train Meta: Scaleμ:0.9047, Signal|S|μ:3.7455, Delta|S|μ:2.9323, Delta/Signal:78.29%, Gateμ:-0.3383, Gate0%:0.0, MetaNormμ:8.6421 | Val Meta: Scaleμ:0.9047, Signal|S|μ:3.3491, Delta|S|μ:2.6225, Delta/Signal:78.31%, Gateμ:-0.3383, Gate0%:0.0, MetaNormμ:8.6421
Epoch  36/50 | Train Loss: 0.6842 Acc: 0.5523 F1: 0.5521 | Val Loss: 0.7059 Acc: 0.5144 F1: 0.4812 | Train Meta: Scaleμ:0.9047, Signal|S|μ:3.3807, Delta|S|μ:2.6475, Delta/Signal:78.31%, Gateμ:-0.3383, Gate0%:0.0, MetaNormμ:8.6421 | Val Meta: Scaleμ:0.9047, Signal|S|μ:3.3491, Delta|S|μ:2.6225, Delta/Signal:78.31%, Gateμ:-0.3383, Gate0%:0.0, MetaNormμ:8.6421
Epoch  37/50 | Train Loss: 0.6846 Acc: 0.5468 F1: 0.5462 | Val Loss: 0.6969 Acc: 0.5025 F1: 0.4922 | Train Meta: Scaleμ:0.9047, Signal|S|μ:3.4366, Delta|S|μ:2.6900, Delta/Signal:78.28%, Gateμ:-0.3383, Gate0%:0.0, MetaNormμ:8.6421 | Val Meta: Scaleμ:0.9047, Signal|S|μ:3.3491, Delta|S|μ:2.6225, Delta/Signal:78.31%, Gateμ:-0.3383, Gate0%:0.0, MetaNormμ:8.6421
Epoch  38/50 | Train Loss: 0.6844 Acc: 0.5431 F1: 0.5430 | Val Loss: 0.7092 Acc: 0.5127 F1: 0.4600 | Train Meta: Scaleμ:0.9047, Signal|S|μ:3.4210, Delta|S|μ:2.6783, Delta/Signal:78.29%, Gateμ:-0.3383, Gate0%:0.0, MetaNormμ:8.6421 | Val Meta: Scaleμ:0.9047, Signal|S|μ:3.3491, Delta|S|μ:2.6225, Delta/Signal:78.31%, Gateμ:-0.3383, Gate0%:0.0, MetaNormμ:8.6421
Epoch  39/50 | Train Loss: 0.6842 Acc: 0.5544 F1: 0.5541 | Val Loss: 0.6999 Acc: 0.4924 F1: 0.4902 | Train Meta: Scaleμ:0.9047, Signal|S|μ:3.2531, Delta|S|μ:2.5474, Delta/Signal:78.31%, Gateμ:-0.3383, Gate0%:0.0, MetaNormμ:8.6421 | Val Meta: Scaleμ:0.9047, Signal|S|μ:3.3491, Delta|S|μ:2.6225, Delta/Signal:78.31%, Gateμ:-0.3383, Gate0%:0.0, MetaNormμ:8.6421
Epoch  40/50 | Train Loss: 0.6858 Acc: 0.5431 F1: 0.5430 | Val Loss: 0.6981 Acc: 0.4890 F1: 0.4794 | Train Meta: Scaleμ:0.9047, Signal|S|μ:3.4194, Delta|S|μ:2.6774, Delta/Signal:78.30%, Gateμ:-0.3383, Gate0%:0.0, MetaNormμ:8.6421 | Val Meta: Scaleμ:0.9047, Signal|S|μ:3.3491, Delta|S|μ:2.6225, Delta/Signal:78.31%, Gateμ:-0.3383, Gate0%:0.0, MetaNormμ:8.6421
Epoch  41/50 | Train Loss: 0.6841 Acc: 0.5461 F1: 0.5455 | Val Loss: 0.6987 Acc: 0.4941 F1: 0.4940 | Train Meta: Scaleμ:0.9047, Signal|S|μ:3.3790, Delta|S|μ:2.6447, Delta/Signal:78.27%, Gateμ:-0.3383, Gate0%:0.0, MetaNormμ:8.6421 | Val Meta: Scaleμ:0.9047, Signal|S|μ:3.3491, Delta|S|μ:2.6225, Delta/Signal:78.31%, Gateμ:-0.3383, Gate0%:0.0, MetaNormμ:8.6421
Epoch  42/50 | Train Loss: 0.6840 Acc: 0.5444 F1: 0.5443 | Val Loss: 0.6989 Acc: 0.4839 F1: 0.4739 | Train Meta: Scaleμ:0.9047, Signal|S|μ:3.3220, Delta|S|μ:2.6025, Delta/Signal:78.34%, Gateμ:-0.3383, Gate0%:0.0, MetaNormμ:8.6421 | Val Meta: Scaleμ:0.9047, Signal|S|μ:3.3491, Delta|S|μ:2.6225, Delta/Signal:78.31%, Gateμ:-0.3383, Gate0%:0.0, MetaNormμ:8.6421
Epoch  43/50 | Train Loss: 0.6834 Acc: 0.5548 F1: 0.5547 | Val Loss: 0.7076 Acc: 0.5127 F1: 0.4808 | Train Meta: Scaleμ:0.9047, Signal|S|μ:3.7439, Delta|S|μ:2.9323, Delta/Signal:78.32%, Gateμ:-0.3383, Gate0%:0.0, MetaNormμ:8.6421 | Val Meta: Scaleμ:0.9047, Signal|S|μ:3.3491, Delta|S|μ:2.6225, Delta/Signal:78.31%, Gateμ:-0.3383, Gate0%:0.0, MetaNormμ:8.6421
Epoch  44/50 | Train Loss: 0.6840 Acc: 0.5542 F1: 0.5541 | Val Loss: 0.7071 Acc: 0.4992 F1: 0.4654 | Train Meta: Scaleμ:0.9047, Signal|S|μ:3.3722, Delta|S|μ:2.6433, Delta/Signal:78.38%, Gateμ:-0.3383, Gate0%:0.0, MetaNormμ:8.6421 | Val Meta: Scaleμ:0.9047, Signal|S|μ:3.3491, Delta|S|μ:2.6225, Delta/Signal:78.31%, Gateμ:-0.3383, Gate0%:0.0, MetaNormμ:8.6421
Epoch  45/50 | Train Loss: 0.6842 Acc: 0.5491 F1: 0.5489 | Val Loss: 0.6985 Acc: 0.5025 F1: 0.4983 | Train Meta: Scaleμ:0.9047, Signal|S|μ:3.3922, Delta|S|μ:2.6572, Delta/Signal:78.33%, Gateμ:-0.3383, Gate0%:0.0, MetaNormμ:8.6421 | Val Meta: Scaleμ:0.9047, Signal|S|μ:3.3491, Delta|S|μ:2.6225, Delta/Signal:78.31%, Gateμ:-0.3383, Gate0%:0.0, MetaNormμ:8.6421
Epoch  46/50 | Train Loss: 0.6836 Acc: 0.5527 F1: 0.5522 | Val Loss: 0.6971 Acc: 0.5178 F1: 0.4927 | Train Meta: Scaleμ:0.9047, Signal|S|μ:3.5642, Delta|S|μ:2.7891, Delta/Signal:78.25%, Gateμ:-0.3383, Gate0%:0.0, MetaNormμ:8.6421 | Val Meta: Scaleμ:0.9047, Signal|S|μ:3.3491, Delta|S|μ:2.6225, Delta/Signal:78.31%, Gateμ:-0.3383, Gate0%:0.0, MetaNormμ:8.6421
Epoch  47/50 | Train Loss: 0.6848 Acc: 0.5472 F1: 0.5472 | Val Loss: 0.6969 Acc: 0.4975 F1: 0.4973 | Train Meta: Scaleμ:0.9047, Signal|S|μ:3.4026, Delta|S|μ:2.6659, Delta/Signal:78.35%, Gateμ:-0.3383, Gate0%:0.0, MetaNormμ:8.6421 | Val Meta: Scaleμ:0.9047, Signal|S|μ:3.3491, Delta|S|μ:2.6225, Delta/Signal:78.31%, Gateμ:-0.3383, Gate0%:0.0, MetaNormμ:8.6421
Epoch  48/50 | Train Loss: 0.6827 Acc: 0.5481 F1: 0.5480 | Val Loss: 0.6972 Acc: 0.4958 F1: 0.4957 | Train Meta: Scaleμ:0.9047, Signal|S|μ:3.4677, Delta|S|μ:2.7161, Delta/Signal:78.32%, Gateμ:-0.3383, Gate0%:0.0, MetaNormμ:8.6421 | Val Meta: Scaleμ:0.9047, Signal|S|μ:3.3491, Delta|S|μ:2.6225, Delta/Signal:78.31%, Gateμ:-0.3383, Gate0%:0.0, MetaNormμ:8.6421
Epoch  49/50 | Train Loss: 0.6845 Acc: 0.5553 F1: 0.5552 | Val Loss: 0.7000 Acc: 0.4992 F1: 0.4978 | Train Meta: Scaleμ:0.9047, Signal|S|μ:3.4904, Delta|S|μ:2.7349, Delta/Signal:78.36%, Gateμ:-0.3383, Gate0%:0.0, MetaNormμ:8.6421 | Val Meta: Scaleμ:0.9047, Signal|S|μ:3.3491, Delta|S|μ:2.6225, Delta/Signal:78.31%, Gateμ:-0.3383, Gate0%:0.0, MetaNormμ:8.6421
Epoch  50/50 | Train Loss: 0.6853 Acc: 0.5355 F1: 0.5355 | Val Loss: 0.6985 Acc: 0.5161 F1: 0.5103 | Train Meta: Scaleμ:0.9047, Signal|S|μ:3.3489, Delta|S|μ:2.6229, Delta/Signal:78.32%, Gateμ:-0.3383, Gate0%:0.0, MetaNormμ:8.6421 | Val Meta: Scaleμ:0.9047, Signal|S|μ:3.3491, Delta|S|μ:2.6225, Delta/Signal:78.31%, Gateμ:-0.3383, Gate0%:0.0, MetaNormμ:8.6421

Classification Test Result (FaceDetection)
Accuracy : 0.522134
F1 (macro): 0.521934
Saved attention maps for 3 sample(s) under ./runs/classification_electricity_to_FaceDetection_laya_metadata_query_gate_text/attention_maps
Text metadata preview | dataset=Handwriting | domain=UEA | channels=3
   - channel_1: In the UEA domain, this channel belongs to the Handwriting dataset and represents the feature channel 1.
   - channel_2: In the UEA domain, this channel belongs to the Handwriting dataset and represents the feature channel 2.
   - ... (1 more channel descriptions)
==================================================
🚀 Architecture: LAYA
📊 Target Dataset: Handwriting (Channels: 3)
📊 Pretrain Info: electricity
📊 Classes: 26 | Sequence Length: 152
==================================================
✅ Loaded pretrained encoder from ./checkpoints/electricity_laya_metadata_query_gate_text/laya_ts_electricity_s_best.pt
   - 62/62 keys matched.
✅ Encoder is FROZEN (Linear Probing mode).
📝 metadata: mode=text, fusion=none, relation=metadata_query_gate
ℹ️  Metadata Fusion Mode: none
ℹ️  Channel Mixer Relation Mode: metadata_query_gate
ℹ️  Encoder Variant: default
ℹ️  Channel Adapter: disabled for Laya downstream (mixer)
ℹ️  Channel Relation Block: disabled
✅ ClassificationHead: [B, 128] → [B, 26]
Epoch   1/50 | Train Loss: 3.1900 Acc: 0.0391 F1: 0.0096 | Val Loss: 3.2069 Acc: 0.1333 F1: 0.0684 | Train Meta: Scaleμ:0.9047, Signal|S|μ:2.5641, Delta|S|μ:1.9444, Delta/Signal:75.83%, Gateμ:-0.4548, Gate0%:0.0, MetaNormμ:8.3776 | Val Meta: Scaleμ:0.9047, Signal|S|μ:2.7120, Delta|S|μ:2.0549, Delta/Signal:75.77%, Gateμ:-0.4548, Gate0%:0.0, MetaNormμ:8.3776
Validation Loss decreased (inf --> 3.206949). Saving best model...
Epoch   2/50 | Train Loss: 3.0633 Acc: 0.0547 F1: 0.0046 | Val Loss: 3.2837 Acc: 0.0667 F1: 0.0333 | Train Meta: Scaleμ:0.9047, Signal|S|μ:2.5548, Delta|S|μ:1.9371, Delta/Signal:75.82%, Gateμ:-0.4548, Gate0%:0.0, MetaNormμ:8.3776 | Val Meta: Scaleμ:0.9047, Signal|S|μ:2.7120, Delta|S|μ:2.0549, Delta/Signal:75.77%, Gateμ:-0.4548, Gate0%:0.0, MetaNormμ:8.3776
Epoch   3/50 | Train Loss: 3.0204 Acc: 0.0625 F1: 0.0109 | Val Loss: 3.3445 Acc: 0.0667 F1: 0.0256 | Train Meta: Scaleμ:0.9047, Signal|S|μ:2.7580, Delta|S|μ:2.0918, Delta/Signal:75.84%, Gateμ:-0.4548, Gate0%:0.0, MetaNormμ:8.3776 | Val Meta: Scaleμ:0.9047, Signal|S|μ:2.7120, Delta|S|μ:2.0549, Delta/Signal:75.77%, Gateμ:-0.4548, Gate0%:0.0, MetaNormμ:8.3776
Epoch   4/50 | Train Loss: 3.0147 Acc: 0.0781 F1: 0.0205 | Val Loss: 3.3591 Acc: 0.0667 F1: 0.0513 | Train Meta: Scaleμ:0.9047, Signal|S|μ:3.1618, Delta|S|μ:2.3974, Delta/Signal:75.83%, Gateμ:-0.4548, Gate0%:0.0, MetaNormμ:8.3776 | Val Meta: Scaleμ:0.9047, Signal|S|μ:2.7120, Delta|S|μ:2.0549, Delta/Signal:75.77%, Gateμ:-0.4548, Gate0%:0.0, MetaNormμ:8.3776
Epoch   5/50 | Train Loss: 2.9761 Acc: 0.1016 F1: 0.0277 | Val Loss: 3.3548 Acc: 0.0667 F1: 0.0357 | Train Meta: Scaleμ:0.9047, Signal|S|μ:2.7311, Delta|S|μ:2.0715, Delta/Signal:75.85%, Gateμ:-0.4548, Gate0%:0.0, MetaNormμ:8.3776 | Val Meta: Scaleμ:0.9047, Signal|S|μ:2.7120, Delta|S|μ:2.0549, Delta/Signal:75.77%, Gateμ:-0.4548, Gate0%:0.0, MetaNormμ:8.3776
Epoch   6/50 | Train Loss: 2.9477 Acc: 0.0938 F1: 0.0289 | Val Loss: 3.3859 Acc: 0.0667 F1: 0.0385 | Train Meta: Scaleμ:0.9047, Signal|S|μ:3.0465, Delta|S|μ:2.3090, Delta/Signal:75.79%, Gateμ:-0.4548, Gate0%:0.0, MetaNormμ:8.3776 | Val Meta: Scaleμ:0.9047, Signal|S|μ:2.7120, Delta|S|μ:2.0549, Delta/Signal:75.77%, Gateμ:-0.4548, Gate0%:0.0, MetaNormμ:8.3776
Epoch   7/50 | Train Loss: 2.9505 Acc: 0.1250 F1: 0.0380 | Val Loss: 3.4095 Acc: 0.0667 F1: 0.0385 | Train Meta: Scaleμ:0.9047, Signal|S|μ:2.6629, Delta|S|μ:2.0192, Delta/Signal:75.83%, Gateμ:-0.4548, Gate0%:0.0, MetaNormμ:8.3776 | Val Meta: Scaleμ:0.9047, Signal|S|μ:2.7120, Delta|S|μ:2.0549, Delta/Signal:75.77%, Gateμ:-0.4548, Gate0%:0.0, MetaNormμ:8.3776
Epoch   8/50 | Train Loss: 2.9060 Acc: 0.1172 F1: 0.0291 | Val Loss: 3.3859 Acc: 0.0667 F1: 0.0357 | Train Meta: Scaleμ:0.9047, Signal|S|μ:2.6838, Delta|S|μ:2.0342, Delta/Signal:75.79%, Gateμ:-0.4548, Gate0%:0.0, MetaNormμ:8.3776 | Val Meta: Scaleμ:0.9047, Signal|S|μ:2.7120, Delta|S|μ:2.0549, Delta/Signal:75.77%, Gateμ:-0.4548, Gate0%:0.0, MetaNormμ:8.3776
Epoch   9/50 | Train Loss: 2.9237 Acc: 0.1250 F1: 0.0270 | Val Loss: 3.3611 Acc: 0.0667 F1: 0.0357 | Train Meta: Scaleμ:0.9047, Signal|S|μ:2.8865, Delta|S|μ:2.1870, Delta/Signal:75.77%, Gateμ:-0.4548, Gate0%:0.0, MetaNormμ:8.3776 | Val Meta: Scaleμ:0.9047, Signal|S|μ:2.7120, Delta|S|μ:2.0549, Delta/Signal:75.77%, Gateμ:-0.4548, Gate0%:0.0, MetaNormμ:8.3776
Epoch  10/50 | Train Loss: 2.8871 Acc: 0.1328 F1: 0.0284 | Val Loss: 3.3573 Acc: 0.0667 F1: 0.0513 | Train Meta: Scaleμ:0.9047, Signal|S|μ:2.3972, Delta|S|μ:1.8171, Delta/Signal:75.80%, Gateμ:-0.4548, Gate0%:0.0, MetaNormμ:8.3776 | Val Meta: Scaleμ:0.9047, Signal|S|μ:2.7120, Delta|S|μ:2.0549, Delta/Signal:75.77%, Gateμ:-0.4548, Gate0%:0.0, MetaNormμ:8.3776
Epoch  11/50 | Train Loss: 2.8832 Acc: 0.1406 F1: 0.0313 | Val Loss: 3.3577 Acc: 0.0667 F1: 0.0357 | Train Meta: Scaleμ:0.9047, Signal|S|μ:2.6999, Delta|S|μ:2.0463, Delta/Signal:75.79%, Gateμ:-0.4548, Gate0%:0.0, MetaNormμ:8.3776 | Val Meta: Scaleμ:0.9047, Signal|S|μ:2.7120, Delta|S|μ:2.0549, Delta/Signal:75.77%, Gateμ:-0.4548, Gate0%:0.0, MetaNormμ:8.3776
Epoch  12/50 | Train Loss: 2.8809 Acc: 0.1562 F1: 0.0359 | Val Loss: 3.3708 Acc: 0.0667 F1: 0.0513 | Train Meta: Scaleμ:0.9047, Signal|S|μ:2.8555, Delta|S|μ:2.1657, Delta/Signal:75.84%, Gateμ:-0.4548, Gate0%:0.0, MetaNormμ:8.3776 | Val Meta: Scaleμ:0.9047, Signal|S|μ:2.7120, Delta|S|μ:2.0549, Delta/Signal:75.77%, Gateμ:-0.4548, Gate0%:0.0, MetaNormμ:8.3776
Epoch  13/50 | Train Loss: 2.8647 Acc: 0.1328 F1: 0.0326 | Val Loss: 3.3407 Acc: 0.0667 F1: 0.0267 | Train Meta: Scaleμ:0.9047, Signal|S|μ:2.7701, Delta|S|μ:2.1007, Delta/Signal:75.84%, Gateμ:-0.4548, Gate0%:0.0, MetaNormμ:8.3776 | Val Meta: Scaleμ:0.9047, Signal|S|μ:2.7120, Delta|S|μ:2.0549, Delta/Signal:75.77%, Gateμ:-0.4548, Gate0%:0.0, MetaNormμ:8.3776
Epoch  14/50 | Train Loss: 2.8331 Acc: 0.1562 F1: 0.0394 | Val Loss: 3.3249 Acc: 0.0667 F1: 0.0357 | Train Meta: Scaleμ:0.9047, Signal|S|μ:2.6809, Delta|S|μ:2.0327, Delta/Signal:75.82%, Gateμ:-0.4548, Gate0%:0.0, MetaNormμ:8.3776 | Val Meta: Scaleμ:0.9047, Signal|S|μ:2.7120, Delta|S|μ:2.0549, Delta/Signal:75.77%, Gateμ:-0.4548, Gate0%:0.0, MetaNormμ:8.3776
Epoch  15/50 | Train Loss: 2.8313 Acc: 0.1641 F1: 0.0515 | Val Loss: 3.3282 Acc: 0.0667 F1: 0.0667 | Train Meta: Scaleμ:0.9047, Signal|S|μ:3.1009, Delta|S|μ:2.3510, Delta/Signal:75.82%, Gateμ:-0.4548, Gate0%:0.0, MetaNormμ:8.3776 | Val Meta: Scaleμ:0.9047, Signal|S|μ:2.7120, Delta|S|μ:2.0549, Delta/Signal:75.77%, Gateμ:-0.4548, Gate0%:0.0, MetaNormμ:8.3776
Epoch  16/50 | Train Loss: 2.8242 Acc: 0.1484 F1: 0.0371 | Val Loss: 3.3329 Acc: 0.0667 F1: 0.0714 | Train Meta: Scaleμ:0.9047, Signal|S|μ:3.0530, Delta|S|μ:2.3153, Delta/Signal:75.84%, Gateμ:-0.4548, Gate0%:0.0, MetaNormμ:8.3776 | Val Meta: Scaleμ:0.9047, Signal|S|μ:2.7120, Delta|S|μ:2.0549, Delta/Signal:75.77%, Gateμ:-0.4548, Gate0%:0.0, MetaNormμ:8.3776
Epoch  17/50 | Train Loss: 2.7971 Acc: 0.1641 F1: 0.0441 | Val Loss: 3.3124 Acc: 0.0667 F1: 0.0667 | Train Meta: Scaleμ:0.9047, Signal|S|μ:2.8265, Delta|S|μ:2.1422, Delta/Signal:75.79%, Gateμ:-0.4548, Gate0%:0.0, MetaNormμ:8.3776 | Val Meta: Scaleμ:0.9047, Signal|S|μ:2.7120, Delta|S|μ:2.0549, Delta/Signal:75.77%, Gateμ:-0.4548, Gate0%:0.0, MetaNormμ:8.3776
Epoch  18/50 | Train Loss: 2.7791 Acc: 0.1719 F1: 0.0455 | Val Loss: 3.3372 Acc: 0.0667 F1: 0.0769 | Train Meta: Scaleμ:0.9047, Signal|S|μ:2.7304, Delta|S|μ:2.0720, Delta/Signal:75.89%, Gateμ:-0.4548, Gate0%:0.0, MetaNormμ:8.3776 | Val Meta: Scaleμ:0.9047, Signal|S|μ:2.7120, Delta|S|μ:2.0549, Delta/Signal:75.77%, Gateμ:-0.4548, Gate0%:0.0, MetaNormμ:8.3776
Epoch  19/50 | Train Loss: 2.7634 Acc: 0.1875 F1: 0.0620 | Val Loss: 3.3456 Acc: 0.0667 F1: 0.0667 | Train Meta: Scaleμ:0.9047, Signal|S|μ:2.8415, Delta|S|μ:2.1556, Delta/Signal:75.86%, Gateμ:-0.4548, Gate0%:0.0, MetaNormμ:8.3776 | Val Meta: Scaleμ:0.9047, Signal|S|μ:2.7120, Delta|S|μ:2.0549, Delta/Signal:75.77%, Gateμ:-0.4548, Gate0%:0.0, MetaNormμ:8.3776
Epoch  20/50 | Train Loss: 2.7496 Acc: 0.1953 F1: 0.0602 | Val Loss: 3.3206 Acc: 0.0667 F1: 0.0667 | Train Meta: Scaleμ:0.9047, Signal|S|μ:2.6802, Delta|S|μ:2.0319, Delta/Signal:75.81%, Gateμ:-0.4548, Gate0%:0.0, MetaNormμ:8.3776 | Val Meta: Scaleμ:0.9047, Signal|S|μ:2.7120, Delta|S|μ:2.0549, Delta/Signal:75.77%, Gateμ:-0.4548, Gate0%:0.0, MetaNormμ:8.3776
Epoch  21/50 | Train Loss: 2.7340 Acc: 0.2031 F1: 0.0722 | Val Loss: 3.3148 Acc: 0.1333 F1: 0.1333 | Train Meta: Scaleμ:0.9047, Signal|S|μ:2.7835, Delta|S|μ:2.1109, Delta/Signal:75.84%, Gateμ:-0.4548, Gate0%:0.0, MetaNormμ:8.3776 | Val Meta: Scaleμ:0.9047, Signal|S|μ:2.7120, Delta|S|μ:2.0549, Delta/Signal:75.77%, Gateμ:-0.4548, Gate0%:0.0, MetaNormμ:8.3776
Epoch  22/50 | Train Loss: 2.7236 Acc: 0.1719 F1: 0.0660 | Val Loss: 3.3160 Acc: 0.0667 F1: 0.0667 | Train Meta: Scaleμ:0.9047, Signal|S|μ:2.5721, Delta|S|μ:1.9488, Delta/Signal:75.77%, Gateμ:-0.4548, Gate0%:0.0, MetaNormμ:8.3776 | Val Meta: Scaleμ:0.9047, Signal|S|μ:2.7120, Delta|S|μ:2.0549, Delta/Signal:75.77%, Gateμ:-0.4548, Gate0%:0.0, MetaNormμ:8.3776
Epoch  23/50 | Train Loss: 2.6860 Acc: 0.1875 F1: 0.0474 | Val Loss: 3.3324 Acc: 0.0667 F1: 0.0667 | Train Meta: Scaleμ:0.9047, Signal|S|μ:2.6905, Delta|S|μ:2.0401, Delta/Signal:75.83%, Gateμ:-0.4548, Gate0%:0.0, MetaNormμ:8.3776 | Val Meta: Scaleμ:0.9047, Signal|S|μ:2.7120, Delta|S|μ:2.0549, Delta/Signal:75.77%, Gateμ:-0.4548, Gate0%:0.0, MetaNormμ:8.3776
Epoch  24/50 | Train Loss: 2.6726 Acc: 0.1953 F1: 0.0478 | Val Loss: 3.3308 Acc: 0.0667 F1: 0.0625 | Train Meta: Scaleμ:0.9047, Signal|S|μ:2.8114, Delta|S|μ:2.1311, Delta/Signal:75.80%, Gateμ:-0.4548, Gate0%:0.0, MetaNormμ:8.3776 | Val Meta: Scaleμ:0.9047, Signal|S|μ:2.7120, Delta|S|μ:2.0549, Delta/Signal:75.77%, Gateμ:-0.4548, Gate0%:0.0, MetaNormμ:8.3776
Epoch  25/50 | Train Loss: 2.6675 Acc: 0.1875 F1: 0.0788 | Val Loss: 3.3389 Acc: 0.0667 F1: 0.0625 | Train Meta: Scaleμ:0.9047, Signal|S|μ:2.5198, Delta|S|μ:1.9115, Delta/Signal:75.86%, Gateμ:-0.4548, Gate0%:0.0, MetaNormμ:8.3776 | Val Meta: Scaleμ:0.9047, Signal|S|μ:2.7120, Delta|S|μ:2.0549, Delta/Signal:75.77%, Gateμ:-0.4548, Gate0%:0.0, MetaNormμ:8.3776
Epoch  26/50 | Train Loss: 2.6757 Acc: 0.2109 F1: 0.1011 | Val Loss: 3.3499 Acc: 0.0667 F1: 0.0667 | Train Meta: Scaleμ:0.9047, Signal|S|μ:2.8573, Delta|S|μ:2.1667, Delta/Signal:75.83%, Gateμ:-0.4548, Gate0%:0.0, MetaNormμ:8.3776 | Val Meta: Scaleμ:0.9047, Signal|S|μ:2.7120, Delta|S|μ:2.0549, Delta/Signal:75.77%, Gateμ:-0.4548, Gate0%:0.0, MetaNormμ:8.3776
Epoch  27/50 | Train Loss: 2.6600 Acc: 0.2422 F1: 0.1323 | Val Loss: 3.3243 Acc: 0.0667 F1: 0.0667 | Train Meta: Scaleμ:0.9047, Signal|S|μ:2.7174, Delta|S|μ:2.0605, Delta/Signal:75.83%, Gateμ:-0.4548, Gate0%:0.0, MetaNormμ:8.3776 | Val Meta: Scaleμ:0.9047, Signal|S|μ:2.7120, Delta|S|μ:2.0549, Delta/Signal:75.77%, Gateμ:-0.4548, Gate0%:0.0, MetaNormμ:8.3776
Epoch  28/50 | Train Loss: 2.6329 Acc: 0.2422 F1: 0.1244 | Val Loss: 3.2867 Acc: 0.0667 F1: 0.0625 | Train Meta: Scaleμ:0.9047, Signal|S|μ:2.6971, Delta|S|μ:2.0446, Delta/Signal:75.81%, Gateμ:-0.4548, Gate0%:0.0, MetaNormμ:8.3776 | Val Meta: Scaleμ:0.9047, Signal|S|μ:2.7120, Delta|S|μ:2.0549, Delta/Signal:75.77%, Gateμ:-0.4548, Gate0%:0.0, MetaNormμ:8.3776
Epoch  29/50 | Train Loss: 2.6136 Acc: 0.2266 F1: 0.1142 | Val Loss: 3.2831 Acc: 0.0667 F1: 0.0417 | Train Meta: Scaleμ:0.9047, Signal|S|μ:2.9840, Delta|S|μ:2.2615, Delta/Signal:75.79%, Gateμ:-0.4548, Gate0%:0.0, MetaNormμ:8.3776 | Val Meta: Scaleμ:0.9047, Signal|S|μ:2.7120, Delta|S|μ:2.0549, Delta/Signal:75.77%, Gateμ:-0.4548, Gate0%:0.0, MetaNormμ:8.3776
Epoch  30/50 | Train Loss: 2.6130 Acc: 0.2188 F1: 0.1055 | Val Loss: 3.3180 Acc: 0.0667 F1: 0.0625 | Train Meta: Scaleμ:0.9047, Signal|S|μ:2.7495, Delta|S|μ:2.0852, Delta/Signal:75.84%, Gateμ:-0.4548, Gate0%:0.0, MetaNormμ:8.3776 | Val Meta: Scaleμ:0.9047, Signal|S|μ:2.7120, Delta|S|μ:2.0549, Delta/Signal:75.77%, Gateμ:-0.4548, Gate0%:0.0, MetaNormμ:8.3776
Epoch  31/50 | Train Loss: 2.5900 Acc: 0.2266 F1: 0.1087 | Val Loss: 3.3152 Acc: 0.0667 F1: 0.0625 | Train Meta: Scaleμ:0.9047, Signal|S|μ:2.6221, Delta|S|μ:1.9880, Delta/Signal:75.82%, Gateμ:-0.4548, Gate0%:0.0, MetaNormμ:8.3776 | Val Meta: Scaleμ:0.9047, Signal|S|μ:2.7120, Delta|S|μ:2.0549, Delta/Signal:75.77%, Gateμ:-0.4548, Gate0%:0.0, MetaNormμ:8.3776
Epoch  32/50 | Train Loss: 2.5753 Acc: 0.2422 F1: 0.1377 | Val Loss: 3.3123 Acc: 0.0667 F1: 0.0625 | Train Meta: Scaleμ:0.9047, Signal|S|μ:2.4510, Delta|S|μ:1.8593, Delta/Signal:75.86%, Gateμ:-0.4548, Gate0%:0.0, MetaNormμ:8.3776 | Val Meta: Scaleμ:0.9047, Signal|S|μ:2.7120, Delta|S|μ:2.0549, Delta/Signal:75.77%, Gateμ:-0.4548, Gate0%:0.0, MetaNormμ:8.3776
Epoch  33/50 | Train Loss: 2.5607 Acc: 0.2422 F1: 0.1276 | Val Loss: 3.2985 Acc: 0.0667 F1: 0.0625 | Train Meta: Scaleμ:0.9047, Signal|S|μ:2.7367, Delta|S|μ:2.0754, Delta/Signal:75.84%, Gateμ:-0.4548, Gate0%:0.0, MetaNormμ:8.3776 | Val Meta: Scaleμ:0.9047, Signal|S|μ:2.7120, Delta|S|μ:2.0549, Delta/Signal:75.77%, Gateμ:-0.4548, Gate0%:0.0, MetaNormμ:8.3776
Epoch  34/50 | Train Loss: 2.5560 Acc: 0.2656 F1: 0.1388 | Val Loss: 3.3149 Acc: 0.0667 F1: 0.0625 | Train Meta: Scaleμ:0.9047, Signal|S|μ:2.5970, Delta|S|μ:1.9700, Delta/Signal:75.86%, Gateμ:-0.4548, Gate0%:0.0, MetaNormμ:8.3776 | Val Meta: Scaleμ:0.9047, Signal|S|μ:2.7120, Delta|S|μ:2.0549, Delta/Signal:75.77%, Gateμ:-0.4548, Gate0%:0.0, MetaNormμ:8.3776
Epoch  35/50 | Train Loss: 2.5370 Acc: 0.2344 F1: 0.1138 | Val Loss: 3.3253 Acc: 0.0667 F1: 0.0625 | Train Meta: Scaleμ:0.9047, Signal|S|μ:2.8035, Delta|S|μ:2.1254, Delta/Signal:75.81%, Gateμ:-0.4548, Gate0%:0.0, MetaNormμ:8.3776 | Val Meta: Scaleμ:0.9047, Signal|S|μ:2.7120, Delta|S|μ:2.0549, Delta/Signal:75.77%, Gateμ:-0.4548, Gate0%:0.0, MetaNormμ:8.3776
Epoch  36/50 | Train Loss: 2.5095 Acc: 0.2344 F1: 0.1174 | Val Loss: 3.3375 Acc: 0.0667 F1: 0.0625 | Train Meta: Scaleμ:0.9047, Signal|S|μ:2.5585, Delta|S|μ:1.9401, Delta/Signal:75.83%, Gateμ:-0.4548, Gate0%:0.0, MetaNormμ:8.3776 | Val Meta: Scaleμ:0.9047, Signal|S|μ:2.7120, Delta|S|μ:2.0549, Delta/Signal:75.77%, Gateμ:-0.4548, Gate0%:0.0, MetaNormμ:8.3776
Epoch  37/50 | Train Loss: 2.4987 Acc: 0.2500 F1: 0.1280 | Val Loss: 3.3362 Acc: 0.0667 F1: 0.0625 | Train Meta: Scaleμ:0.9047, Signal|S|μ:2.9183, Delta|S|μ:2.2120, Delta/Signal:75.80%, Gateμ:-0.4548, Gate0%:0.0, MetaNormμ:8.3776 | Val Meta: Scaleμ:0.9047, Signal|S|μ:2.7120, Delta|S|μ:2.0549, Delta/Signal:75.77%, Gateμ:-0.4548, Gate0%:0.0, MetaNormμ:8.3776
Epoch  38/50 | Train Loss: 2.4750 Acc: 0.2812 F1: 0.1470 | Val Loss: 3.3448 Acc: 0.0667 F1: 0.0625 | Train Meta: Scaleμ:0.9047, Signal|S|μ:2.8207, Delta|S|μ:2.1394, Delta/Signal:75.84%, Gateμ:-0.4548, Gate0%:0.0, MetaNormμ:8.3776 | Val Meta: Scaleμ:0.9047, Signal|S|μ:2.7120, Delta|S|μ:2.0549, Delta/Signal:75.77%, Gateμ:-0.4548, Gate0%:0.0, MetaNormμ:8.3776
Epoch  39/50 | Train Loss: 2.4806 Acc: 0.2266 F1: 0.1236 | Val Loss: 3.3607 Acc: 0.0667 F1: 0.0625 | Train Meta: Scaleμ:0.9047, Signal|S|μ:2.7039, Delta|S|μ:2.0507, Delta/Signal:75.84%, Gateμ:-0.4548, Gate0%:0.0, MetaNormμ:8.3776 | Val Meta: Scaleμ:0.9047, Signal|S|μ:2.7120, Delta|S|μ:2.0549, Delta/Signal:75.77%, Gateμ:-0.4548, Gate0%:0.0, MetaNormμ:8.3776
Epoch  40/50 | Train Loss: 2.4729 Acc: 0.2656 F1: 0.1377 | Val Loss: 3.3542 Acc: 0.0667 F1: 0.0625 | Train Meta: Scaleμ:0.9047, Signal|S|μ:2.8148, Delta|S|μ:2.1348, Delta/Signal:75.84%, Gateμ:-0.4548, Gate0%:0.0, MetaNormμ:8.3776 | Val Meta: Scaleμ:0.9047, Signal|S|μ:2.7120, Delta|S|μ:2.0549, Delta/Signal:75.77%, Gateμ:-0.4548, Gate0%:0.0, MetaNormμ:8.3776
Epoch  41/50 | Train Loss: 2.4563 Acc: 0.2734 F1: 0.1710 | Val Loss: 3.3365 Acc: 0.0667 F1: 0.0625 | Train Meta: Scaleμ:0.9047, Signal|S|μ:2.7730, Delta|S|μ:2.1026, Delta/Signal:75.83%, Gateμ:-0.4548, Gate0%:0.0, MetaNormμ:8.3776 | Val Meta: Scaleμ:0.9047, Signal|S|μ:2.7120, Delta|S|μ:2.0549, Delta/Signal:75.77%, Gateμ:-0.4548, Gate0%:0.0, MetaNormμ:8.3776
Epoch  42/50 | Train Loss: 2.4326 Acc: 0.3438 F1: 0.2278 | Val Loss: 3.3423 Acc: 0.0667 F1: 0.0625 | Train Meta: Scaleμ:0.9047, Signal|S|μ:2.3307, Delta|S|μ:1.7679, Delta/Signal:75.85%, Gateμ:-0.4548, Gate0%:0.0, MetaNormμ:8.3776 | Val Meta: Scaleμ:0.9047, Signal|S|μ:2.7120, Delta|S|μ:2.0549, Delta/Signal:75.77%, Gateμ:-0.4548, Gate0%:0.0, MetaNormμ:8.3776
Epoch  43/50 | Train Loss: 2.4189 Acc: 0.3438 F1: 0.2404 | Val Loss: 3.3099 Acc: 0.0667 F1: 0.0667 | Train Meta: Scaleμ:0.9047, Signal|S|μ:2.4840, Delta|S|μ:1.8844, Delta/Signal:75.86%, Gateμ:-0.4548, Gate0%:0.0, MetaNormμ:8.3776 | Val Meta: Scaleμ:0.9047, Signal|S|μ:2.7120, Delta|S|μ:2.0549, Delta/Signal:75.77%, Gateμ:-0.4548, Gate0%:0.0, MetaNormμ:8.3776
Epoch  44/50 | Train Loss: 2.4172 Acc: 0.3359 F1: 0.2296 | Val Loss: 3.3069 Acc: 0.0667 F1: 0.0625 | Train Meta: Scaleμ:0.9047, Signal|S|μ:2.5326, Delta|S|μ:1.9213, Delta/Signal:75.86%, Gateμ:-0.4548, Gate0%:0.0, MetaNormμ:8.3776 | Val Meta: Scaleμ:0.9047, Signal|S|μ:2.7120, Delta|S|μ:2.0549, Delta/Signal:75.77%, Gateμ:-0.4548, Gate0%:0.0, MetaNormμ:8.3776
Epoch  45/50 | Train Loss: 2.3864 Acc: 0.3281 F1: 0.2172 | Val Loss: 3.3165 Acc: 0.1333 F1: 0.1042 | Train Meta: Scaleμ:0.9047, Signal|S|μ:2.6675, Delta|S|μ:2.0219, Delta/Signal:75.80%, Gateμ:-0.4548, Gate0%:0.0, MetaNormμ:8.3776 | Val Meta: Scaleμ:0.9047, Signal|S|μ:2.7120, Delta|S|μ:2.0549, Delta/Signal:75.77%, Gateμ:-0.4548, Gate0%:0.0, MetaNormμ:8.3776
Epoch  46/50 | Train Loss: 2.3929 Acc: 0.3125 F1: 0.2037 | Val Loss: 3.3360 Acc: 0.0667 F1: 0.0625 | Train Meta: Scaleμ:0.9047, Signal|S|μ:2.5504, Delta|S|μ:1.9346, Delta/Signal:75.85%, Gateμ:-0.4548, Gate0%:0.0, MetaNormμ:8.3776 | Val Meta: Scaleμ:0.9047, Signal|S|μ:2.7120, Delta|S|μ:2.0549, Delta/Signal:75.77%, Gateμ:-0.4548, Gate0%:0.0, MetaNormμ:8.3776
Epoch  47/50 | Train Loss: 2.3772 Acc: 0.3203 F1: 0.2126 | Val Loss: 3.3422 Acc: 0.0667 F1: 0.0625 | Train Meta: Scaleμ:0.9047, Signal|S|μ:2.7269, Delta|S|μ:2.0689, Delta/Signal:75.87%, Gateμ:-0.4548, Gate0%:0.0, MetaNormμ:8.3776 | Val Meta: Scaleμ:0.9047, Signal|S|μ:2.7120, Delta|S|μ:2.0549, Delta/Signal:75.77%, Gateμ:-0.4548, Gate0%:0.0, MetaNormμ:8.3776
Epoch  48/50 | Train Loss: 2.3680 Acc: 0.3203 F1: 0.2296 | Val Loss: 3.3783 Acc: 0.0667 F1: 0.0625 | Train Meta: Scaleμ:0.9047, Signal|S|μ:2.6989, Delta|S|μ:2.0463, Delta/Signal:75.82%, Gateμ:-0.4548, Gate0%:0.0, MetaNormμ:8.3776 | Val Meta: Scaleμ:0.9047, Signal|S|μ:2.7120, Delta|S|μ:2.0549, Delta/Signal:75.77%, Gateμ:-0.4548, Gate0%:0.0, MetaNormμ:8.3776
Epoch  49/50 | Train Loss: 2.3497 Acc: 0.3594 F1: 0.2637 | Val Loss: 3.3891 Acc: 0.0667 F1: 0.0625 | Train Meta: Scaleμ:0.9047, Signal|S|μ:2.8151, Delta|S|μ:2.1358, Delta/Signal:75.87%, Gateμ:-0.4548, Gate0%:0.0, MetaNormμ:8.3776 | Val Meta: Scaleμ:0.9047, Signal|S|μ:2.7120, Delta|S|μ:2.0549, Delta/Signal:75.77%, Gateμ:-0.4548, Gate0%:0.0, MetaNormμ:8.3776
Epoch  50/50 | Train Loss: 2.3363 Acc: 0.3594 F1: 0.2590 | Val Loss: 3.3748 Acc: 0.0667 F1: 0.0625 | Train Meta: Scaleμ:0.9047, Signal|S|μ:2.6361, Delta|S|μ:1.9991, Delta/Signal:75.83%, Gateμ:-0.4548, Gate0%:0.0, MetaNormμ:8.3776 | Val Meta: Scaleμ:0.9047, Signal|S|μ:2.7120, Delta|S|μ:2.0549, Delta/Signal:75.77%, Gateμ:-0.4548, Gate0%:0.0, MetaNormμ:8.3776

Classification Test Result (Handwriting)
Accuracy : 0.040000
F1 (macro): 0.007726
Saved attention maps for 3 sample(s) under ./runs/classification_electricity_to_Handwriting_laya_metadata_query_gate_text/attention_maps
Text metadata preview | dataset=Heartbeat | domain=UEA | channels=61
   - channel_1: In the UEA domain, this channel belongs to the Heartbeat dataset and represents the feature channel 1.
   - channel_2: In the UEA domain, this channel belongs to the Heartbeat dataset and represents the feature channel 2.
   - ... (59 more channel descriptions)
==================================================
🚀 Architecture: LAYA
📊 Target Dataset: Heartbeat (Channels: 61)
📊 Pretrain Info: electricity
📊 Classes: 2 | Sequence Length: 405
==================================================
✅ Loaded pretrained encoder from ./checkpoints/electricity_laya_metadata_query_gate_text/laya_ts_electricity_s_best.pt
   - 62/62 keys matched.
✅ Encoder is FROZEN (Linear Probing mode).
📝 metadata: mode=text, fusion=none, relation=metadata_query_gate
ℹ️  Metadata Fusion Mode: none
ℹ️  Channel Mixer Relation Mode: metadata_query_gate
ℹ️  Encoder Variant: default
ℹ️  Channel Adapter: disabled for Laya downstream (mixer)
ℹ️  Channel Relation Block: disabled
✅ ClassificationHead: [B, 128] → [B, 2]
Epoch   1/50 | Train Loss: 1.1006 Acc: 0.2727 F1: 0.2288 | Val Loss: 0.6880 Acc: 0.5000 F1: 0.4505 | Train Meta: Scaleμ:0.9047, Signal|S|μ:2.0785, Delta|S|μ:1.6577, Delta/Signal:79.75%, Gateμ:-0.3896, Gate0%:0.0, MetaNormμ:8.4756 | Val Meta: Scaleμ:0.9047, Signal|S|μ:2.3049, Delta|S|μ:1.8370, Delta/Signal:79.70%, Gateμ:-0.3896, Gate0%:0.0, MetaNormμ:8.4756
Validation Loss decreased (inf --> 0.687982). Saving best model...
Epoch   2/50 | Train Loss: 0.5661 Acc: 0.7045 F1: 0.4133 | Val Loss: 0.6008 Acc: 0.7000 F1: 0.4118 | Train Meta: Scaleμ:0.9047, Signal|S|μ:2.0807, Delta|S|μ:1.6612, Delta/Signal:79.84%, Gateμ:-0.3896, Gate0%:0.0, MetaNormμ:8.4756 | Val Meta: Scaleμ:0.9047, Signal|S|μ:2.3049, Delta|S|μ:1.8370, Delta/Signal:79.70%, Gateμ:-0.3896, Gate0%:0.0, MetaNormμ:8.4756
Validation Loss decreased (0.687982 --> 0.600777). Saving best model...
Epoch   3/50 | Train Loss: 0.5759 Acc: 0.7159 F1: 0.4172 | Val Loss: 0.5884 Acc: 0.7000 F1: 0.4118 | Train Meta: Scaleμ:0.9047, Signal|S|μ:4.2192, Delta|S|μ:3.3559, Delta/Signal:79.54%, Gateμ:-0.3896, Gate0%:0.0, MetaNormμ:8.4756 | Val Meta: Scaleμ:0.9047, Signal|S|μ:2.3049, Delta|S|μ:1.8370, Delta/Signal:79.70%, Gateμ:-0.3896, Gate0%:0.0, MetaNormμ:8.4756
Validation Loss decreased (0.600777 --> 0.588444). Saving best model...
Epoch   4/50 | Train Loss: 0.5531 Acc: 0.7273 F1: 0.4405 | Val Loss: 0.5562 Acc: 0.7000 F1: 0.4118 | Train Meta: Scaleμ:0.9047, Signal|S|μ:2.1011, Delta|S|μ:1.6767, Delta/Signal:79.80%, Gateμ:-0.3896, Gate0%:0.0, MetaNormμ:8.4756 | Val Meta: Scaleμ:0.9047, Signal|S|μ:2.3049, Delta|S|μ:1.8370, Delta/Signal:79.70%, Gateμ:-0.3896, Gate0%:0.0, MetaNormμ:8.4756
Validation Loss decreased (0.588444 --> 0.556231). Saving best model...
Epoch   5/50 | Train Loss: 0.5422 Acc: 0.7273 F1: 0.4585 | Val Loss: 0.5468 Acc: 0.7500 F1: 0.5671 | Train Meta: Scaleμ:0.9047, Signal|S|μ:4.0375, Delta|S|μ:3.2125, Delta/Signal:79.57%, Gateμ:-0.3896, Gate0%:0.0, MetaNormμ:8.4756 | Val Meta: Scaleμ:0.9047, Signal|S|μ:2.3049, Delta|S|μ:1.8370, Delta/Signal:79.70%, Gateμ:-0.3896, Gate0%:0.0, MetaNormμ:8.4756
Validation Loss decreased (0.556231 --> 0.546812). Saving best model...
Epoch   6/50 | Train Loss: 0.5505 Acc: 0.7273 F1: 0.5178 | Val Loss: 0.5438 Acc: 0.7500 F1: 0.5671 | Train Meta: Scaleμ:0.9047, Signal|S|μ:4.3051, Delta|S|μ:3.4259, Delta/Signal:79.58%, Gateμ:-0.3896, Gate0%:0.0, MetaNormμ:8.4756 | Val Meta: Scaleμ:0.9047, Signal|S|μ:2.3049, Delta|S|μ:1.8370, Delta/Signal:79.70%, Gateμ:-0.3896, Gate0%:0.0, MetaNormμ:8.4756
Validation Loss decreased (0.546812 --> 0.543818). Saving best model...
Epoch   7/50 | Train Loss: 0.5312 Acc: 0.7443 F1: 0.5152 | Val Loss: 0.5403 Acc: 0.7500 F1: 0.5671 | Train Meta: Scaleμ:0.9047, Signal|S|μ:2.2652, Delta|S|μ:1.8059, Delta/Signal:79.72%, Gateμ:-0.3896, Gate0%:0.0, MetaNormμ:8.4756 | Val Meta: Scaleμ:0.9047, Signal|S|μ:2.3049, Delta|S|μ:1.8370, Delta/Signal:79.70%, Gateμ:-0.3896, Gate0%:0.0, MetaNormμ:8.4756
Validation Loss decreased (0.543818 --> 0.540299). Saving best model...
Epoch   8/50 | Train Loss: 0.5378 Acc: 0.7443 F1: 0.5419 | Val Loss: 0.5363 Acc: 0.7500 F1: 0.5671 | Train Meta: Scaleμ:0.9047, Signal|S|μ:4.4836, Delta|S|μ:3.5690, Delta/Signal:79.60%, Gateμ:-0.3896, Gate0%:0.0, MetaNormμ:8.4756 | Val Meta: Scaleμ:0.9047, Signal|S|μ:2.3049, Delta|S|μ:1.8370, Delta/Signal:79.70%, Gateμ:-0.3896, Gate0%:0.0, MetaNormμ:8.4756
Validation Loss decreased (0.540299 --> 0.536273). Saving best model...
Epoch   9/50 | Train Loss: 0.5314 Acc: 0.7443 F1: 0.5419 | Val Loss: 0.5351 Acc: 0.7500 F1: 0.5671 | Train Meta: Scaleμ:0.9047, Signal|S|μ:4.2946, Delta|S|μ:3.4169, Delta/Signal:79.56%, Gateμ:-0.3896, Gate0%:0.0, MetaNormμ:8.4756 | Val Meta: Scaleμ:0.9047, Signal|S|μ:2.3049, Delta|S|μ:1.8370, Delta/Signal:79.70%, Gateμ:-0.3896, Gate0%:0.0, MetaNormμ:8.4756
Validation Loss decreased (0.536273 --> 0.535062). Saving best model...
Epoch  10/50 | Train Loss: 0.5410 Acc: 0.7386 F1: 0.5116 | Val Loss: 0.5374 Acc: 0.7500 F1: 0.5671 | Train Meta: Scaleμ:0.9047, Signal|S|μ:1.9271, Delta|S|μ:1.5375, Delta/Signal:79.78%, Gateμ:-0.3896, Gate0%:0.0, MetaNormμ:8.4756 | Val Meta: Scaleμ:0.9047, Signal|S|μ:2.3049, Delta|S|μ:1.8370, Delta/Signal:79.70%, Gateμ:-0.3896, Gate0%:0.0, MetaNormμ:8.4756
Epoch  11/50 | Train Loss: 0.5459 Acc: 0.7330 F1: 0.5340 | Val Loss: 0.5325 Acc: 0.7500 F1: 0.5671 | Train Meta: Scaleμ:0.9047, Signal|S|μ:2.2010, Delta|S|μ:1.7549, Delta/Signal:79.73%, Gateμ:-0.3896, Gate0%:0.0, MetaNormμ:8.4756 | Val Meta: Scaleμ:0.9047, Signal|S|μ:2.3049, Delta|S|μ:1.8370, Delta/Signal:79.70%, Gateμ:-0.3896, Gate0%:0.0, MetaNormμ:8.4756
Validation Loss decreased (0.535062 --> 0.532514). Saving best model...
Epoch  12/50 | Train Loss: 0.5453 Acc: 0.7273 F1: 0.5178 | Val Loss: 0.5365 Acc: 0.7500 F1: 0.5671 | Train Meta: Scaleμ:0.9047, Signal|S|μ:2.0181, Delta|S|μ:1.6103, Delta/Signal:79.79%, Gateμ:-0.3896, Gate0%:0.0, MetaNormμ:8.4756 | Val Meta: Scaleμ:0.9047, Signal|S|μ:2.3049, Delta|S|μ:1.8370, Delta/Signal:79.70%, Gateμ:-0.3896, Gate0%:0.0, MetaNormμ:8.4756
Epoch  13/50 | Train Loss: 0.5414 Acc: 0.7330 F1: 0.5215 | Val Loss: 0.5370 Acc: 0.7500 F1: 0.5671 | Train Meta: Scaleμ:0.9047, Signal|S|μ:2.0047, Delta|S|μ:1.5985, Delta/Signal:79.74%, Gateμ:-0.3896, Gate0%:0.0, MetaNormμ:8.4756 | Val Meta: Scaleμ:0.9047, Signal|S|μ:2.3049, Delta|S|μ:1.8370, Delta/Signal:79.70%, Gateμ:-0.3896, Gate0%:0.0, MetaNormμ:8.4756
Epoch  14/50 | Train Loss: 0.5419 Acc: 0.7330 F1: 0.5340 | Val Loss: 0.5370 Acc: 0.7500 F1: 0.5671 | Train Meta: Scaleμ:0.9047, Signal|S|μ:2.0667, Delta|S|μ:1.6472, Delta/Signal:79.70%, Gateμ:-0.3896, Gate0%:0.0, MetaNormμ:8.4756 | Val Meta: Scaleμ:0.9047, Signal|S|μ:2.3049, Delta|S|μ:1.8370, Delta/Signal:79.70%, Gateμ:-0.3896, Gate0%:0.0, MetaNormμ:8.4756
Epoch  15/50 | Train Loss: 0.5243 Acc: 0.7500 F1: 0.5459 | Val Loss: 0.5323 Acc: 0.7500 F1: 0.5671 | Train Meta: Scaleμ:0.9047, Signal|S|μ:2.2856, Delta|S|μ:1.8209, Delta/Signal:79.67%, Gateμ:-0.3896, Gate0%:0.0, MetaNormμ:8.4756 | Val Meta: Scaleμ:0.9047, Signal|S|μ:2.3049, Delta|S|μ:1.8370, Delta/Signal:79.70%, Gateμ:-0.3896, Gate0%:0.0, MetaNormμ:8.4756
Validation Loss decreased (0.532514 --> 0.532261). Saving best model...
Epoch  16/50 | Train Loss: 0.5235 Acc: 0.7443 F1: 0.5419 | Val Loss: 0.5258 Acc: 0.7500 F1: 0.5671 | Train Meta: Scaleμ:0.9047, Signal|S|μ:2.2450, Delta|S|μ:1.7907, Delta/Signal:79.76%, Gateμ:-0.3896, Gate0%:0.0, MetaNormμ:8.4756 | Val Meta: Scaleμ:0.9047, Signal|S|μ:2.3049, Delta|S|μ:1.8370, Delta/Signal:79.70%, Gateμ:-0.3896, Gate0%:0.0, MetaNormμ:8.4756
Validation Loss decreased (0.532261 --> 0.525795). Saving best model...
Epoch  17/50 | Train Loss: 0.5289 Acc: 0.7386 F1: 0.5379 | Val Loss: 0.5228 Acc: 0.7500 F1: 0.5671 | Train Meta: Scaleμ:0.9047, Signal|S|μ:2.5018, Delta|S|μ:1.9948, Delta/Signal:79.73%, Gateμ:-0.3896, Gate0%:0.0, MetaNormμ:8.4756 | Val Meta: Scaleμ:0.9047, Signal|S|μ:2.3049, Delta|S|μ:1.8370, Delta/Signal:79.70%, Gateμ:-0.3896, Gate0%:0.0, MetaNormμ:8.4756
Validation Loss decreased (0.525795 --> 0.522787). Saving best model...
Epoch  18/50 | Train Loss: 0.5289 Acc: 0.7386 F1: 0.5379 | Val Loss: 0.5248 Acc: 0.7500 F1: 0.5671 | Train Meta: Scaleμ:0.9047, Signal|S|μ:1.9615, Delta|S|μ:1.5644, Delta/Signal:79.75%, Gateμ:-0.3896, Gate0%:0.0, MetaNormμ:8.4756 | Val Meta: Scaleμ:0.9047, Signal|S|μ:2.3049, Delta|S|μ:1.8370, Delta/Signal:79.70%, Gateμ:-0.3896, Gate0%:0.0, MetaNormμ:8.4756
Epoch  19/50 | Train Loss: 0.5324 Acc: 0.7273 F1: 0.5301 | Val Loss: 0.5180 Acc: 0.7500 F1: 0.5671 | Train Meta: Scaleμ:0.9047, Signal|S|μ:5.0390, Delta|S|μ:4.0128, Delta/Signal:79.63%, Gateμ:-0.3896, Gate0%:0.0, MetaNormμ:8.4756 | Val Meta: Scaleμ:0.9047, Signal|S|μ:2.3049, Delta|S|μ:1.8370, Delta/Signal:79.70%, Gateμ:-0.3896, Gate0%:0.0, MetaNormμ:8.4756
Validation Loss decreased (0.522787 --> 0.517994). Saving best model...
Epoch  20/50 | Train Loss: 0.5352 Acc: 0.7102 F1: 0.5070 | Val Loss: 0.5184 Acc: 0.7500 F1: 0.5671 | Train Meta: Scaleμ:0.9047, Signal|S|μ:2.1520, Delta|S|μ:1.7149, Delta/Signal:79.69%, Gateμ:-0.3896, Gate0%:0.0, MetaNormμ:8.4756 | Val Meta: Scaleμ:0.9047, Signal|S|μ:2.3049, Delta|S|μ:1.8370, Delta/Signal:79.70%, Gateμ:-0.3896, Gate0%:0.0, MetaNormμ:8.4756
Epoch  21/50 | Train Loss: 0.5241 Acc: 0.7443 F1: 0.5538 | Val Loss: 0.5248 Acc: 0.7500 F1: 0.5671 | Train Meta: Scaleμ:0.9047, Signal|S|μ:4.2587, Delta|S|μ:3.3888, Delta/Signal:79.57%, Gateμ:-0.3896, Gate0%:0.0, MetaNormμ:8.4756 | Val Meta: Scaleμ:0.9047, Signal|S|μ:2.3049, Delta|S|μ:1.8370, Delta/Signal:79.70%, Gateμ:-0.3896, Gate0%:0.0, MetaNormμ:8.4756
Epoch  22/50 | Train Loss: 0.5296 Acc: 0.7386 F1: 0.5379 | Val Loss: 0.5268 Acc: 0.7500 F1: 0.5671 | Train Meta: Scaleμ:0.9047, Signal|S|μ:2.6900, Delta|S|μ:2.1452, Delta/Signal:79.75%, Gateμ:-0.3896, Gate0%:0.0, MetaNormμ:8.4756 | Val Meta: Scaleμ:0.9047, Signal|S|μ:2.3049, Delta|S|μ:1.8370, Delta/Signal:79.70%, Gateμ:-0.3896, Gate0%:0.0, MetaNormμ:8.4756
Epoch  23/50 | Train Loss: 0.5192 Acc: 0.7330 F1: 0.5340 | Val Loss: 0.5207 Acc: 0.7500 F1: 0.5671 | Train Meta: Scaleμ:0.9047, Signal|S|μ:4.1816, Delta|S|μ:3.3265, Delta/Signal:79.55%, Gateμ:-0.3896, Gate0%:0.0, MetaNormμ:8.4756 | Val Meta: Scaleμ:0.9047, Signal|S|μ:2.3049, Delta|S|μ:1.8370, Delta/Signal:79.70%, Gateμ:-0.3896, Gate0%:0.0, MetaNormμ:8.4756
Epoch  24/50 | Train Loss: 0.5271 Acc: 0.7273 F1: 0.5417 | Val Loss: 0.5204 Acc: 0.7500 F1: 0.5671 | Train Meta: Scaleμ:0.9047, Signal|S|μ:2.1781, Delta|S|μ:1.7383, Delta/Signal:79.81%, Gateμ:-0.3896, Gate0%:0.0, MetaNormμ:8.4756 | Val Meta: Scaleμ:0.9047, Signal|S|μ:2.3049, Delta|S|μ:1.8370, Delta/Signal:79.70%, Gateμ:-0.3896, Gate0%:0.0, MetaNormμ:8.4756
Epoch  25/50 | Train Loss: 0.5234 Acc: 0.7500 F1: 0.5459 | Val Loss: 0.5227 Acc: 0.7500 F1: 0.5671 | Train Meta: Scaleμ:0.9047, Signal|S|μ:4.5652, Delta|S|μ:3.6332, Delta/Signal:79.59%, Gateμ:-0.3896, Gate0%:0.0, MetaNormμ:8.4756 | Val Meta: Scaleμ:0.9047, Signal|S|μ:2.3049, Delta|S|μ:1.8370, Delta/Signal:79.70%, Gateμ:-0.3896, Gate0%:0.0, MetaNormμ:8.4756
Epoch  26/50 | Train Loss: 0.5105 Acc: 0.7330 F1: 0.5215 | Val Loss: 0.5165 Acc: 0.7500 F1: 0.5671 | Train Meta: Scaleμ:0.9047, Signal|S|μ:2.1485, Delta|S|μ:1.7138, Delta/Signal:79.77%, Gateμ:-0.3896, Gate0%:0.0, MetaNormμ:8.4756 | Val Meta: Scaleμ:0.9047, Signal|S|μ:2.3049, Delta|S|μ:1.8370, Delta/Signal:79.70%, Gateμ:-0.3896, Gate0%:0.0, MetaNormμ:8.4756
Validation Loss decreased (0.517994 --> 0.516527). Saving best model...
Epoch  27/50 | Train Loss: 0.5235 Acc: 0.7273 F1: 0.5301 | Val Loss: 0.5174 Acc: 0.7500 F1: 0.5671 | Train Meta: Scaleμ:0.9047, Signal|S|μ:1.8124, Delta|S|μ:1.4461, Delta/Signal:79.79%, Gateμ:-0.3896, Gate0%:0.0, MetaNormμ:8.4756 | Val Meta: Scaleμ:0.9047, Signal|S|μ:2.3049, Delta|S|μ:1.8370, Delta/Signal:79.70%, Gateμ:-0.3896, Gate0%:0.0, MetaNormμ:8.4756
Epoch  28/50 | Train Loss: 0.5264 Acc: 0.7386 F1: 0.5379 | Val Loss: 0.5140 Acc: 0.7500 F1: 0.5671 | Train Meta: Scaleμ:0.9047, Signal|S|μ:4.0677, Delta|S|μ:3.2366, Delta/Signal:79.57%, Gateμ:-0.3896, Gate0%:0.0, MetaNormμ:8.4756 | Val Meta: Scaleμ:0.9047, Signal|S|μ:2.3049, Delta|S|μ:1.8370, Delta/Signal:79.70%, Gateμ:-0.3896, Gate0%:0.0, MetaNormμ:8.4756
Validation Loss decreased (0.516527 --> 0.513961). Saving best model...
Epoch  29/50 | Train Loss: 0.5271 Acc: 0.7273 F1: 0.5417 | Val Loss: 0.5152 Acc: 0.7500 F1: 0.5671 | Train Meta: Scaleμ:0.9047, Signal|S|μ:1.8200, Delta|S|μ:1.4521, Delta/Signal:79.79%, Gateμ:-0.3896, Gate0%:0.0, MetaNormμ:8.4756 | Val Meta: Scaleμ:0.9047, Signal|S|μ:2.3049, Delta|S|μ:1.8370, Delta/Signal:79.70%, Gateμ:-0.3896, Gate0%:0.0, MetaNormμ:8.4756
Epoch  30/50 | Train Loss: 0.5134 Acc: 0.7330 F1: 0.5340 | Val Loss: 0.5140 Acc: 0.7500 F1: 0.5671 | Train Meta: Scaleμ:0.9047, Signal|S|μ:1.8706, Delta|S|μ:1.4929, Delta/Signal:79.81%, Gateμ:-0.3896, Gate0%:0.0, MetaNormμ:8.4756 | Val Meta: Scaleμ:0.9047, Signal|S|μ:2.3049, Delta|S|μ:1.8370, Delta/Signal:79.70%, Gateμ:-0.3896, Gate0%:0.0, MetaNormμ:8.4756
Epoch  31/50 | Train Loss: 0.5067 Acc: 0.7443 F1: 0.5290 | Val Loss: 0.5198 Acc: 0.7500 F1: 0.5671 | Train Meta: Scaleμ:0.9047, Signal|S|μ:4.4450, Delta|S|μ:3.5389, Delta/Signal:79.62%, Gateμ:-0.3896, Gate0%:0.0, MetaNormμ:8.4756 | Val Meta: Scaleμ:0.9047, Signal|S|μ:2.3049, Delta|S|μ:1.8370, Delta/Signal:79.70%, Gateμ:-0.3896, Gate0%:0.0, MetaNormμ:8.4756
Epoch  32/50 | Train Loss: 0.5232 Acc: 0.7330 F1: 0.5215 | Val Loss: 0.5111 Acc: 0.7500 F1: 0.5671 | Train Meta: Scaleμ:0.9047, Signal|S|μ:1.9981, Delta|S|μ:1.5938, Delta/Signal:79.76%, Gateμ:-0.3896, Gate0%:0.0, MetaNormμ:8.4756 | Val Meta: Scaleμ:0.9047, Signal|S|μ:2.3049, Delta|S|μ:1.8370, Delta/Signal:79.70%, Gateμ:-0.3896, Gate0%:0.0, MetaNormμ:8.4756
Validation Loss decreased (0.513961 --> 0.511149). Saving best model...
Epoch  33/50 | Train Loss: 0.5107 Acc: 0.7386 F1: 0.5379 | Val Loss: 0.5147 Acc: 0.7500 F1: 0.5671 | Train Meta: Scaleμ:0.9047, Signal|S|μ:2.2671, Delta|S|μ:1.8070, Delta/Signal:79.70%, Gateμ:-0.3896, Gate0%:0.0, MetaNormμ:8.4756 | Val Meta: Scaleμ:0.9047, Signal|S|μ:2.3049, Delta|S|μ:1.8370, Delta/Signal:79.70%, Gateμ:-0.3896, Gate0%:0.0, MetaNormμ:8.4756
Epoch  34/50 | Train Loss: 0.5213 Acc: 0.7443 F1: 0.5290 | Val Loss: 0.5169 Acc: 0.7500 F1: 0.5671 | Train Meta: Scaleμ:0.9047, Signal|S|μ:2.0177, Delta|S|μ:1.6093, Delta/Signal:79.76%, Gateμ:-0.3896, Gate0%:0.0, MetaNormμ:8.4756 | Val Meta: Scaleμ:0.9047, Signal|S|μ:2.3049, Delta|S|μ:1.8370, Delta/Signal:79.70%, Gateμ:-0.3896, Gate0%:0.0, MetaNormμ:8.4756
Epoch  35/50 | Train Loss: 0.5149 Acc: 0.7330 F1: 0.5340 | Val Loss: 0.5142 Acc: 0.7500 F1: 0.5671 | Train Meta: Scaleμ:0.9047, Signal|S|μ:2.0703, Delta|S|μ:1.6519, Delta/Signal:79.79%, Gateμ:-0.3896, Gate0%:0.0, MetaNormμ:8.4756 | Val Meta: Scaleμ:0.9047, Signal|S|μ:2.3049, Delta|S|μ:1.8370, Delta/Signal:79.70%, Gateμ:-0.3896, Gate0%:0.0, MetaNormμ:8.4756
Epoch  36/50 | Train Loss: 0.5140 Acc: 0.7500 F1: 0.5459 | Val Loss: 0.5116 Acc: 0.7500 F1: 0.5671 | Train Meta: Scaleμ:0.9047, Signal|S|μ:1.9920, Delta|S|μ:1.5896, Delta/Signal:79.80%, Gateμ:-0.3896, Gate0%:0.0, MetaNormμ:8.4756 | Val Meta: Scaleμ:0.9047, Signal|S|μ:2.3049, Delta|S|μ:1.8370, Delta/Signal:79.70%, Gateμ:-0.3896, Gate0%:0.0, MetaNormμ:8.4756
Epoch  37/50 | Train Loss: 0.5060 Acc: 0.7443 F1: 0.5290 | Val Loss: 0.5112 Acc: 0.7500 F1: 0.5671 | Train Meta: Scaleμ:0.9047, Signal|S|μ:1.9589, Delta|S|μ:1.5630, Delta/Signal:79.79%, Gateμ:-0.3896, Gate0%:0.0, MetaNormμ:8.4756 | Val Meta: Scaleμ:0.9047, Signal|S|μ:2.3049, Delta|S|μ:1.8370, Delta/Signal:79.70%, Gateμ:-0.3896, Gate0%:0.0, MetaNormμ:8.4756
Epoch  38/50 | Train Loss: 0.5134 Acc: 0.7330 F1: 0.5340 | Val Loss: 0.5053 Acc: 0.7500 F1: 0.5671 | Train Meta: Scaleμ:0.9047, Signal|S|μ:1.9014, Delta|S|μ:1.5178, Delta/Signal:79.82%, Gateμ:-0.3896, Gate0%:0.0, MetaNormμ:8.4756 | Val Meta: Scaleμ:0.9047, Signal|S|μ:2.3049, Delta|S|μ:1.8370, Delta/Signal:79.70%, Gateμ:-0.3896, Gate0%:0.0, MetaNormμ:8.4756
Validation Loss decreased (0.511149 --> 0.505255). Saving best model...
Epoch  39/50 | Train Loss: 0.4901 Acc: 0.7557 F1: 0.5622 | Val Loss: 0.5091 Acc: 0.7500 F1: 0.5671 | Train Meta: Scaleμ:0.9047, Signal|S|μ:2.2702, Delta|S|μ:1.8095, Delta/Signal:79.71%, Gateμ:-0.3896, Gate0%:0.0, MetaNormμ:8.4756 | Val Meta: Scaleμ:0.9047, Signal|S|μ:2.3049, Delta|S|μ:1.8370, Delta/Signal:79.70%, Gateμ:-0.3896, Gate0%:0.0, MetaNormμ:8.4756
Epoch  40/50 | Train Loss: 0.5112 Acc: 0.7386 F1: 0.5379 | Val Loss: 0.5092 Acc: 0.7500 F1: 0.5671 | Train Meta: Scaleμ:0.9047, Signal|S|μ:1.9247, Delta|S|μ:1.5357, Delta/Signal:79.79%, Gateμ:-0.3896, Gate0%:0.0, MetaNormμ:8.4756 | Val Meta: Scaleμ:0.9047, Signal|S|μ:2.3049, Delta|S|μ:1.8370, Delta/Signal:79.70%, Gateμ:-0.3896, Gate0%:0.0, MetaNormμ:8.4756
Epoch  41/50 | Train Loss: 0.5143 Acc: 0.7330 F1: 0.5215 | Val Loss: 0.5034 Acc: 0.7500 F1: 0.5671 | Train Meta: Scaleμ:0.9047, Signal|S|μ:1.8836, Delta|S|μ:1.5030, Delta/Signal:79.79%, Gateμ:-0.3896, Gate0%:0.0, MetaNormμ:8.4756 | Val Meta: Scaleμ:0.9047, Signal|S|μ:2.3049, Delta|S|μ:1.8370, Delta/Signal:79.70%, Gateμ:-0.3896, Gate0%:0.0, MetaNormμ:8.4756
Validation Loss decreased (0.505255 --> 0.503355). Saving best model...
Epoch  42/50 | Train Loss: 0.5110 Acc: 0.7330 F1: 0.5457 | Val Loss: 0.5000 Acc: 0.7500 F1: 0.5671 | Train Meta: Scaleμ:0.9047, Signal|S|μ:2.3041, Delta|S|μ:1.8362, Delta/Signal:79.70%, Gateμ:-0.3896, Gate0%:0.0, MetaNormμ:8.4756 | Val Meta: Scaleμ:0.9047, Signal|S|μ:2.3049, Delta|S|μ:1.8370, Delta/Signal:79.70%, Gateμ:-0.3896, Gate0%:0.0, MetaNormμ:8.4756
Validation Loss decreased (0.503355 --> 0.500021). Saving best model...
Epoch  43/50 | Train Loss: 0.5120 Acc: 0.7273 F1: 0.5301 | Val Loss: 0.5035 Acc: 0.7500 F1: 0.5671 | Train Meta: Scaleμ:0.9047, Signal|S|μ:1.9364, Delta|S|μ:1.5449, Delta/Signal:79.78%, Gateμ:-0.3896, Gate0%:0.0, MetaNormμ:8.4756 | Val Meta: Scaleμ:0.9047, Signal|S|μ:2.3049, Delta|S|μ:1.8370, Delta/Signal:79.70%, Gateμ:-0.3896, Gate0%:0.0, MetaNormμ:8.4756
Epoch  44/50 | Train Loss: 0.5057 Acc: 0.7386 F1: 0.5608 | Val Loss: 0.5003 Acc: 0.7500 F1: 0.5671 | Train Meta: Scaleμ:0.9047, Signal|S|μ:4.4120, Delta|S|μ:3.5109, Delta/Signal:79.58%, Gateμ:-0.3896, Gate0%:0.0, MetaNormμ:8.4756 | Val Meta: Scaleμ:0.9047, Signal|S|μ:2.3049, Delta|S|μ:1.8370, Delta/Signal:79.70%, Gateμ:-0.3896, Gate0%:0.0, MetaNormμ:8.4756
Epoch  45/50 | Train Loss: 0.5119 Acc: 0.7330 F1: 0.5340 | Val Loss: 0.5006 Acc: 0.7500 F1: 0.5671 | Train Meta: Scaleμ:0.9047, Signal|S|μ:2.1066, Delta|S|μ:1.6802, Delta/Signal:79.76%, Gateμ:-0.3896, Gate0%:0.0, MetaNormμ:8.4756 | Val Meta: Scaleμ:0.9047, Signal|S|μ:2.3049, Delta|S|μ:1.8370, Delta/Signal:79.70%, Gateμ:-0.3896, Gate0%:0.0, MetaNormμ:8.4756
Epoch  46/50 | Train Loss: 0.5024 Acc: 0.7443 F1: 0.5538 | Val Loss: 0.5011 Acc: 0.7500 F1: 0.5671 | Train Meta: Scaleμ:0.9047, Signal|S|μ:2.3233, Delta|S|μ:1.8515, Delta/Signal:79.69%, Gateμ:-0.3896, Gate0%:0.0, MetaNormμ:8.4756 | Val Meta: Scaleμ:0.9047, Signal|S|μ:2.3049, Delta|S|μ:1.8370, Delta/Signal:79.70%, Gateμ:-0.3896, Gate0%:0.0, MetaNormμ:8.4756
Epoch  47/50 | Train Loss: 0.4954 Acc: 0.7443 F1: 0.5419 | Val Loss: 0.4974 Acc: 0.7500 F1: 0.5671 | Train Meta: Scaleμ:0.9047, Signal|S|μ:2.0542, Delta|S|μ:1.6380, Delta/Signal:79.74%, Gateμ:-0.3896, Gate0%:0.0, MetaNormμ:8.4756 | Val Meta: Scaleμ:0.9047, Signal|S|μ:2.3049, Delta|S|μ:1.8370, Delta/Signal:79.70%, Gateμ:-0.3896, Gate0%:0.0, MetaNormμ:8.4756
Validation Loss decreased (0.500021 --> 0.497356). Saving best model...
Epoch  48/50 | Train Loss: 0.5034 Acc: 0.7330 F1: 0.5215 | Val Loss: 0.5040 Acc: 0.7500 F1: 0.5671 | Train Meta: Scaleμ:0.9047, Signal|S|μ:1.8828, Delta|S|μ:1.5033, Delta/Signal:79.84%, Gateμ:-0.3896, Gate0%:0.0, MetaNormμ:8.4756 | Val Meta: Scaleμ:0.9047, Signal|S|μ:2.3049, Delta|S|μ:1.8370, Delta/Signal:79.70%, Gateμ:-0.3896, Gate0%:0.0, MetaNormμ:8.4756
Epoch  49/50 | Train Loss: 0.5051 Acc: 0.7500 F1: 0.5580 | Val Loss: 0.5007 Acc: 0.7500 F1: 0.5671 | Train Meta: Scaleμ:0.9047, Signal|S|μ:2.1360, Delta|S|μ:1.7046, Delta/Signal:79.80%, Gateμ:-0.3896, Gate0%:0.0, MetaNormμ:8.4756 | Val Meta: Scaleμ:0.9047, Signal|S|μ:2.3049, Delta|S|μ:1.8370, Delta/Signal:79.70%, Gateμ:-0.3896, Gate0%:0.0, MetaNormμ:8.4756
Epoch  50/50 | Train Loss: 0.4999 Acc: 0.7386 F1: 0.5497 | Val Loss: 0.5000 Acc: 0.7500 F1: 0.5671 | Train Meta: Scaleμ:0.9047, Signal|S|μ:4.5689, Delta|S|μ:3.6372, Delta/Signal:79.61%, Gateμ:-0.3896, Gate0%:0.0, MetaNormμ:8.4756 | Val Meta: Scaleμ:0.9047, Signal|S|μ:2.3049, Delta|S|μ:1.8370, Delta/Signal:79.70%, Gateμ:-0.3896, Gate0%:0.0, MetaNormμ:8.4756

Classification Test Result (Heartbeat)
Accuracy : 0.756098
F1 (macro): 0.611742
Saved attention maps for 3 sample(s) under ./runs/classification_electricity_to_Heartbeat_laya_metadata_query_gate_text/attention_maps
Text metadata preview | dataset=JapaneseVowels | domain=UEA | channels=12
   - channel_1: In the UEA domain, this channel belongs to the JapaneseVowels dataset and represents the feature channel 1.
   - channel_2: In the UEA domain, this channel belongs to the JapaneseVowels dataset and represents the feature channel 2.
   - ... (10 more channel descriptions)
==================================================
🚀 Architecture: LAYA
📊 Target Dataset: JapaneseVowels (Channels: 12)
📊 Pretrain Info: electricity
📊 Classes: 9 | Sequence Length: 26
==================================================
✅ Loaded pretrained encoder from ./checkpoints/electricity_laya_metadata_query_gate_text/laya_ts_electricity_s_best.pt
   - 62/62 keys matched.
✅ Encoder is FROZEN (Linear Probing mode).
📝 metadata: mode=text, fusion=none, relation=metadata_query_gate
ℹ️  Metadata Fusion Mode: none
ℹ️  Channel Mixer Relation Mode: metadata_query_gate
ℹ️  Encoder Variant: default
ℹ️  Channel Adapter: disabled for Laya downstream (mixer)
ℹ️  Channel Relation Block: disabled
✅ ClassificationHead: [B, 128] → [B, 9]
Epoch   1/50 | Train Loss: 2.2126 Acc: 0.1125 F1: 0.0783 | Val Loss: 2.1454 Acc: 0.1852 F1: 0.1878 | Train Meta: Scaleμ:0.9047, Signal|S|μ:5.1880, Delta|S|μ:4.1574, Delta/Signal:80.14%, Gateμ:-0.4056, Gate0%:0.0, MetaNormμ:8.5592 | Val Meta: Scaleμ:0.9047, Signal|S|μ:5.2904, Delta|S|μ:4.2410, Delta/Signal:80.16%, Gateμ:-0.4056, Gate0%:0.0, MetaNormμ:8.5592
Validation Loss decreased (inf --> 2.145389). Saving best model...
Epoch   2/50 | Train Loss: 2.0201 Acc: 0.2292 F1: 0.2096 | Val Loss: 2.0758 Acc: 0.1852 F1: 0.2019 | Train Meta: Scaleμ:0.9047, Signal|S|μ:5.2985, Delta|S|μ:4.2497, Delta/Signal:80.21%, Gateμ:-0.4056, Gate0%:0.0, MetaNormμ:8.5592 | Val Meta: Scaleμ:0.9047, Signal|S|μ:5.2904, Delta|S|μ:4.2410, Delta/Signal:80.16%, Gateμ:-0.4056, Gate0%:0.0, MetaNormμ:8.5592
Validation Loss decreased (2.145389 --> 2.075843). Saving best model...
Epoch   3/50 | Train Loss: 1.9282 Acc: 0.3583 F1: 0.3213 | Val Loss: 2.0025 Acc: 0.2222 F1: 0.1931 | Train Meta: Scaleμ:0.9047, Signal|S|μ:5.5151, Delta|S|μ:4.4203, Delta/Signal:80.15%, Gateμ:-0.4056, Gate0%:0.0, MetaNormμ:8.5592 | Val Meta: Scaleμ:0.9047, Signal|S|μ:5.2904, Delta|S|μ:4.2410, Delta/Signal:80.16%, Gateμ:-0.4056, Gate0%:0.0, MetaNormμ:8.5592
Validation Loss decreased (2.075843 --> 2.002531). Saving best model...
Epoch   4/50 | Train Loss: 1.8518 Acc: 0.3625 F1: 0.3352 | Val Loss: 1.9234 Acc: 0.2222 F1: 0.1815 | Train Meta: Scaleμ:0.9047, Signal|S|μ:5.6393, Delta|S|μ:4.5269, Delta/Signal:80.27%, Gateμ:-0.4056, Gate0%:0.0, MetaNormμ:8.5592 | Val Meta: Scaleμ:0.9047, Signal|S|μ:5.2904, Delta|S|μ:4.2410, Delta/Signal:80.16%, Gateμ:-0.4056, Gate0%:0.0, MetaNormμ:8.5592
Validation Loss decreased (2.002531 --> 1.923421). Saving best model...
Epoch   5/50 | Train Loss: 1.7809 Acc: 0.4167 F1: 0.3760 | Val Loss: 1.8991 Acc: 0.2222 F1: 0.2577 | Train Meta: Scaleμ:0.9047, Signal|S|μ:5.4869, Delta|S|μ:4.3978, Delta/Signal:80.15%, Gateμ:-0.4056, Gate0%:0.0, MetaNormμ:8.5592 | Val Meta: Scaleμ:0.9047, Signal|S|μ:5.2904, Delta|S|μ:4.2410, Delta/Signal:80.16%, Gateμ:-0.4056, Gate0%:0.0, MetaNormμ:8.5592
Validation Loss decreased (1.923421 --> 1.899062). Saving best model...
Epoch   6/50 | Train Loss: 1.7110 Acc: 0.5042 F1: 0.4643 | Val Loss: 1.8239 Acc: 0.3333 F1: 0.3741 | Train Meta: Scaleμ:0.9047, Signal|S|μ:5.2627, Delta|S|μ:4.2237, Delta/Signal:80.26%, Gateμ:-0.4056, Gate0%:0.0, MetaNormμ:8.5592 | Val Meta: Scaleμ:0.9047, Signal|S|μ:5.2904, Delta|S|μ:4.2410, Delta/Signal:80.16%, Gateμ:-0.4056, Gate0%:0.0, MetaNormμ:8.5592
Validation Loss decreased (1.899062 --> 1.823922). Saving best model...
Epoch   7/50 | Train Loss: 1.6556 Acc: 0.5083 F1: 0.4800 | Val Loss: 1.7829 Acc: 0.2963 F1: 0.3410 | Train Meta: Scaleμ:0.9047, Signal|S|μ:5.1938, Delta|S|μ:4.1661, Delta/Signal:80.21%, Gateμ:-0.4056, Gate0%:0.0, MetaNormμ:8.5592 | Val Meta: Scaleμ:0.9047, Signal|S|μ:5.2904, Delta|S|μ:4.2410, Delta/Signal:80.16%, Gateμ:-0.4056, Gate0%:0.0, MetaNormμ:8.5592
Validation Loss decreased (1.823922 --> 1.782933). Saving best model...
Epoch   8/50 | Train Loss: 1.6148 Acc: 0.5083 F1: 0.4912 | Val Loss: 1.7449 Acc: 0.4444 F1: 0.4299 | Train Meta: Scaleμ:0.9047, Signal|S|μ:4.7211, Delta|S|μ:3.7798, Delta/Signal:80.06%, Gateμ:-0.4056, Gate0%:0.0, MetaNormμ:8.5592 | Val Meta: Scaleμ:0.9047, Signal|S|μ:5.2904, Delta|S|μ:4.2410, Delta/Signal:80.16%, Gateμ:-0.4056, Gate0%:0.0, MetaNormμ:8.5592
Validation Loss decreased (1.782933 --> 1.744852). Saving best model...
Epoch   9/50 | Train Loss: 1.5576 Acc: 0.5375 F1: 0.5203 | Val Loss: 1.7110 Acc: 0.4444 F1: 0.4398 | Train Meta: Scaleμ:0.9047, Signal|S|μ:5.1051, Delta|S|μ:4.0879, Delta/Signal:80.07%, Gateμ:-0.4056, Gate0%:0.0, MetaNormμ:8.5592 | Val Meta: Scaleμ:0.9047, Signal|S|μ:5.2904, Delta|S|μ:4.2410, Delta/Signal:80.16%, Gateμ:-0.4056, Gate0%:0.0, MetaNormμ:8.5592
Validation Loss decreased (1.744852 --> 1.710994). Saving best model...
Epoch  10/50 | Train Loss: 1.5245 Acc: 0.5333 F1: 0.5107 | Val Loss: 1.6699 Acc: 0.4444 F1: 0.4521 | Train Meta: Scaleμ:0.9047, Signal|S|μ:5.3262, Delta|S|μ:4.2727, Delta/Signal:80.22%, Gateμ:-0.4056, Gate0%:0.0, MetaNormμ:8.5592 | Val Meta: Scaleμ:0.9047, Signal|S|μ:5.2904, Delta|S|μ:4.2410, Delta/Signal:80.16%, Gateμ:-0.4056, Gate0%:0.0, MetaNormμ:8.5592
Validation Loss decreased (1.710994 --> 1.669879). Saving best model...
Epoch  11/50 | Train Loss: 1.4829 Acc: 0.5750 F1: 0.5533 | Val Loss: 1.6451 Acc: 0.4815 F1: 0.4728 | Train Meta: Scaleμ:0.9047, Signal|S|μ:5.5253, Delta|S|μ:4.4252, Delta/Signal:80.09%, Gateμ:-0.4056, Gate0%:0.0, MetaNormμ:8.5592 | Val Meta: Scaleμ:0.9047, Signal|S|μ:5.2904, Delta|S|μ:4.2410, Delta/Signal:80.16%, Gateμ:-0.4056, Gate0%:0.0, MetaNormμ:8.5592
Validation Loss decreased (1.669879 --> 1.645123). Saving best model...
Epoch  12/50 | Train Loss: 1.4453 Acc: 0.5667 F1: 0.5546 | Val Loss: 1.5944 Acc: 0.5185 F1: 0.4913 | Train Meta: Scaleμ:0.9047, Signal|S|μ:5.4391, Delta|S|μ:4.3583, Delta/Signal:80.13%, Gateμ:-0.4056, Gate0%:0.0, MetaNormμ:8.5592 | Val Meta: Scaleμ:0.9047, Signal|S|μ:5.2904, Delta|S|μ:4.2410, Delta/Signal:80.16%, Gateμ:-0.4056, Gate0%:0.0, MetaNormμ:8.5592
Validation Loss decreased (1.645123 --> 1.594375). Saving best model...
Epoch  13/50 | Train Loss: 1.4141 Acc: 0.5583 F1: 0.5372 | Val Loss: 1.5892 Acc: 0.4074 F1: 0.3969 | Train Meta: Scaleμ:0.9047, Signal|S|μ:5.3095, Delta|S|μ:4.2621, Delta/Signal:80.27%, Gateμ:-0.4056, Gate0%:0.0, MetaNormμ:8.5592 | Val Meta: Scaleμ:0.9047, Signal|S|μ:5.2904, Delta|S|μ:4.2410, Delta/Signal:80.16%, Gateμ:-0.4056, Gate0%:0.0, MetaNormμ:8.5592
Validation Loss decreased (1.594375 --> 1.589234). Saving best model...
Epoch  14/50 | Train Loss: 1.3744 Acc: 0.5833 F1: 0.5618 | Val Loss: 1.5345 Acc: 0.5185 F1: 0.4944 | Train Meta: Scaleμ:0.9047, Signal|S|μ:5.6431, Delta|S|μ:4.5211, Delta/Signal:80.12%, Gateμ:-0.4056, Gate0%:0.0, MetaNormμ:8.5592 | Val Meta: Scaleμ:0.9047, Signal|S|μ:5.2904, Delta|S|μ:4.2410, Delta/Signal:80.16%, Gateμ:-0.4056, Gate0%:0.0, MetaNormμ:8.5592
Validation Loss decreased (1.589234 --> 1.534467). Saving best model...
Epoch  15/50 | Train Loss: 1.3464 Acc: 0.6083 F1: 0.5977 | Val Loss: 1.5093 Acc: 0.5556 F1: 0.4987 | Train Meta: Scaleμ:0.9047, Signal|S|μ:5.1302, Delta|S|μ:4.1079, Delta/Signal:80.07%, Gateμ:-0.4056, Gate0%:0.0, MetaNormμ:8.5592 | Val Meta: Scaleμ:0.9047, Signal|S|μ:5.2904, Delta|S|μ:4.2410, Delta/Signal:80.16%, Gateμ:-0.4056, Gate0%:0.0, MetaNormμ:8.5592
Validation Loss decreased (1.534467 --> 1.509335). Saving best model...
Epoch  16/50 | Train Loss: 1.3269 Acc: 0.6125 F1: 0.6048 | Val Loss: 1.4694 Acc: 0.6667 F1: 0.6210 | Train Meta: Scaleμ:0.9047, Signal|S|μ:5.1303, Delta|S|μ:4.1118, Delta/Signal:80.15%, Gateμ:-0.4056, Gate0%:0.0, MetaNormμ:8.5592 | Val Meta: Scaleμ:0.9047, Signal|S|μ:5.2904, Delta|S|μ:4.2410, Delta/Signal:80.16%, Gateμ:-0.4056, Gate0%:0.0, MetaNormμ:8.5592
Validation Loss decreased (1.509335 --> 1.469443). Saving best model...
Epoch  17/50 | Train Loss: 1.2979 Acc: 0.6208 F1: 0.6138 | Val Loss: 1.4603 Acc: 0.5556 F1: 0.4930 | Train Meta: Scaleμ:0.9047, Signal|S|μ:5.1602, Delta|S|μ:4.1394, Delta/Signal:80.22%, Gateμ:-0.4056, Gate0%:0.0, MetaNormμ:8.5592 | Val Meta: Scaleμ:0.9047, Signal|S|μ:5.2904, Delta|S|μ:4.2410, Delta/Signal:80.16%, Gateμ:-0.4056, Gate0%:0.0, MetaNormμ:8.5592
Validation Loss decreased (1.469443 --> 1.460280). Saving best model...
Epoch  18/50 | Train Loss: 1.2723 Acc: 0.6125 F1: 0.6032 | Val Loss: 1.4540 Acc: 0.5185 F1: 0.4913 | Train Meta: Scaleμ:0.9047, Signal|S|μ:5.5583, Delta|S|μ:4.4587, Delta/Signal:80.22%, Gateμ:-0.4056, Gate0%:0.0, MetaNormμ:8.5592 | Val Meta: Scaleμ:0.9047, Signal|S|μ:5.2904, Delta|S|μ:4.2410, Delta/Signal:80.16%, Gateμ:-0.4056, Gate0%:0.0, MetaNormμ:8.5592
Validation Loss decreased (1.460280 --> 1.454010). Saving best model...
Epoch  19/50 | Train Loss: 1.2480 Acc: 0.6292 F1: 0.6187 | Val Loss: 1.4292 Acc: 0.5926 F1: 0.5413 | Train Meta: Scaleμ:0.9047, Signal|S|μ:5.1279, Delta|S|μ:4.1125, Delta/Signal:80.20%, Gateμ:-0.4056, Gate0%:0.0, MetaNormμ:8.5592 | Val Meta: Scaleμ:0.9047, Signal|S|μ:5.2904, Delta|S|μ:4.2410, Delta/Signal:80.16%, Gateμ:-0.4056, Gate0%:0.0, MetaNormμ:8.5592
Validation Loss decreased (1.454010 --> 1.429234). Saving best model...
Epoch  20/50 | Train Loss: 1.2163 Acc: 0.6333 F1: 0.6199 | Val Loss: 1.4060 Acc: 0.5556 F1: 0.4930 | Train Meta: Scaleμ:0.9047, Signal|S|μ:5.1218, Delta|S|μ:4.1071, Delta/Signal:80.19%, Gateμ:-0.4056, Gate0%:0.0, MetaNormμ:8.5592 | Val Meta: Scaleμ:0.9047, Signal|S|μ:5.2904, Delta|S|μ:4.2410, Delta/Signal:80.16%, Gateμ:-0.4056, Gate0%:0.0, MetaNormμ:8.5592
Validation Loss decreased (1.429234 --> 1.406007). Saving best model...
Epoch  21/50 | Train Loss: 1.2014 Acc: 0.6333 F1: 0.6238 | Val Loss: 1.3764 Acc: 0.5556 F1: 0.4930 | Train Meta: Scaleμ:0.9047, Signal|S|μ:5.6892, Delta|S|μ:4.5575, Delta/Signal:80.11%, Gateμ:-0.4056, Gate0%:0.0, MetaNormμ:8.5592 | Val Meta: Scaleμ:0.9047, Signal|S|μ:5.2904, Delta|S|μ:4.2410, Delta/Signal:80.16%, Gateμ:-0.4056, Gate0%:0.0, MetaNormμ:8.5592
Validation Loss decreased (1.406007 --> 1.376404). Saving best model...
Epoch  22/50 | Train Loss: 1.1792 Acc: 0.6375 F1: 0.6348 | Val Loss: 1.3629 Acc: 0.5556 F1: 0.5041 | Train Meta: Scaleμ:0.9047, Signal|S|μ:5.3288, Delta|S|μ:4.2748, Delta/Signal:80.22%, Gateμ:-0.4056, Gate0%:0.0, MetaNormμ:8.5592 | Val Meta: Scaleμ:0.9047, Signal|S|μ:5.2904, Delta|S|μ:4.2410, Delta/Signal:80.16%, Gateμ:-0.4056, Gate0%:0.0, MetaNormμ:8.5592
Validation Loss decreased (1.376404 --> 1.362908). Saving best model...
Epoch  23/50 | Train Loss: 1.1683 Acc: 0.6417 F1: 0.6393 | Val Loss: 1.3428 Acc: 0.5926 F1: 0.5448 | Train Meta: Scaleμ:0.9047, Signal|S|μ:5.2483, Delta|S|μ:4.2069, Delta/Signal:80.16%, Gateμ:-0.4056, Gate0%:0.0, MetaNormμ:8.5592 | Val Meta: Scaleμ:0.9047, Signal|S|μ:5.2904, Delta|S|μ:4.2410, Delta/Signal:80.16%, Gateμ:-0.4056, Gate0%:0.0, MetaNormμ:8.5592
Validation Loss decreased (1.362908 --> 1.342811). Saving best model...
Epoch  24/50 | Train Loss: 1.1510 Acc: 0.6500 F1: 0.6456 | Val Loss: 1.3247 Acc: 0.5926 F1: 0.5505 | Train Meta: Scaleμ:0.9047, Signal|S|μ:5.0513, Delta|S|μ:4.0497, Delta/Signal:80.17%, Gateμ:-0.4056, Gate0%:0.0, MetaNormμ:8.5592 | Val Meta: Scaleμ:0.9047, Signal|S|μ:5.2904, Delta|S|μ:4.2410, Delta/Signal:80.16%, Gateμ:-0.4056, Gate0%:0.0, MetaNormμ:8.5592
Validation Loss decreased (1.342811 --> 1.324678). Saving best model...
Epoch  25/50 | Train Loss: 1.1234 Acc: 0.6750 F1: 0.6694 | Val Loss: 1.3229 Acc: 0.5556 F1: 0.4930 | Train Meta: Scaleμ:0.9047, Signal|S|μ:5.6161, Delta|S|μ:4.5046, Delta/Signal:80.21%, Gateμ:-0.4056, Gate0%:0.0, MetaNormμ:8.5592 | Val Meta: Scaleμ:0.9047, Signal|S|μ:5.2904, Delta|S|μ:4.2410, Delta/Signal:80.16%, Gateμ:-0.4056, Gate0%:0.0, MetaNormμ:8.5592
Validation Loss decreased (1.324678 --> 1.322922). Saving best model...
Epoch  26/50 | Train Loss: 1.1018 Acc: 0.6500 F1: 0.6480 | Val Loss: 1.2968 Acc: 0.5556 F1: 0.4930 | Train Meta: Scaleμ:0.9047, Signal|S|μ:5.4330, Delta|S|μ:4.3523, Delta/Signal:80.11%, Gateμ:-0.4056, Gate0%:0.0, MetaNormμ:8.5592 | Val Meta: Scaleμ:0.9047, Signal|S|μ:5.2904, Delta|S|μ:4.2410, Delta/Signal:80.16%, Gateμ:-0.4056, Gate0%:0.0, MetaNormμ:8.5592
Validation Loss decreased (1.322922 --> 1.296848). Saving best model...
Epoch  27/50 | Train Loss: 1.1060 Acc: 0.6875 F1: 0.6817 | Val Loss: 1.2672 Acc: 0.5926 F1: 0.5269 | Train Meta: Scaleμ:0.9047, Signal|S|μ:5.4357, Delta|S|μ:4.3566, Delta/Signal:80.15%, Gateμ:-0.4056, Gate0%:0.0, MetaNormμ:8.5592 | Val Meta: Scaleμ:0.9047, Signal|S|μ:5.2904, Delta|S|μ:4.2410, Delta/Signal:80.16%, Gateμ:-0.4056, Gate0%:0.0, MetaNormμ:8.5592
Validation Loss decreased (1.296848 --> 1.267211). Saving best model...
Epoch  28/50 | Train Loss: 1.0757 Acc: 0.6625 F1: 0.6589 | Val Loss: 1.2621 Acc: 0.5926 F1: 0.5209 | Train Meta: Scaleμ:0.9047, Signal|S|μ:5.3712, Delta|S|μ:4.3080, Delta/Signal:80.21%, Gateμ:-0.4056, Gate0%:0.0, MetaNormμ:8.5592 | Val Meta: Scaleμ:0.9047, Signal|S|μ:5.2904, Delta|S|μ:4.2410, Delta/Signal:80.16%, Gateμ:-0.4056, Gate0%:0.0, MetaNormμ:8.5592
Validation Loss decreased (1.267211 --> 1.262127). Saving best model...
Epoch  29/50 | Train Loss: 1.0621 Acc: 0.6708 F1: 0.6643 | Val Loss: 1.2586 Acc: 0.5556 F1: 0.4987 | Train Meta: Scaleμ:0.9047, Signal|S|μ:5.6342, Delta|S|μ:4.5152, Delta/Signal:80.14%, Gateμ:-0.4056, Gate0%:0.0, MetaNormμ:8.5592 | Val Meta: Scaleμ:0.9047, Signal|S|μ:5.2904, Delta|S|μ:4.2410, Delta/Signal:80.16%, Gateμ:-0.4056, Gate0%:0.0, MetaNormμ:8.5592
Validation Loss decreased (1.262127 --> 1.258583). Saving best model...
Epoch  30/50 | Train Loss: 1.0459 Acc: 0.6750 F1: 0.6698 | Val Loss: 1.2428 Acc: 0.5926 F1: 0.5448 | Train Meta: Scaleμ:0.9047, Signal|S|μ:5.1766, Delta|S|μ:4.1521, Delta/Signal:80.21%, Gateμ:-0.4056, Gate0%:0.0, MetaNormμ:8.5592 | Val Meta: Scaleμ:0.9047, Signal|S|μ:5.2904, Delta|S|μ:4.2410, Delta/Signal:80.16%, Gateμ:-0.4056, Gate0%:0.0, MetaNormμ:8.5592
Validation Loss decreased (1.258583 --> 1.242763). Saving best model...
Epoch  31/50 | Train Loss: 1.0337 Acc: 0.6792 F1: 0.6769 | Val Loss: 1.2253 Acc: 0.5926 F1: 0.5448 | Train Meta: Scaleμ:0.9047, Signal|S|μ:5.8655, Delta|S|μ:4.7033, Delta/Signal:80.19%, Gateμ:-0.4056, Gate0%:0.0, MetaNormμ:8.5592 | Val Meta: Scaleμ:0.9047, Signal|S|μ:5.2904, Delta|S|μ:4.2410, Delta/Signal:80.16%, Gateμ:-0.4056, Gate0%:0.0, MetaNormμ:8.5592
Validation Loss decreased (1.242763 --> 1.225257). Saving best model...
Epoch  32/50 | Train Loss: 1.0223 Acc: 0.6667 F1: 0.6608 | Val Loss: 1.2009 Acc: 0.5926 F1: 0.5269 | Train Meta: Scaleμ:0.9047, Signal|S|μ:5.0707, Delta|S|μ:4.0558, Delta/Signal:79.99%, Gateμ:-0.4056, Gate0%:0.0, MetaNormμ:8.5592 | Val Meta: Scaleμ:0.9047, Signal|S|μ:5.2904, Delta|S|μ:4.2410, Delta/Signal:80.16%, Gateμ:-0.4056, Gate0%:0.0, MetaNormμ:8.5592
Validation Loss decreased (1.225257 --> 1.200947). Saving best model...
Epoch  33/50 | Train Loss: 1.0094 Acc: 0.7042 F1: 0.7003 | Val Loss: 1.2004 Acc: 0.5926 F1: 0.5053 | Train Meta: Scaleμ:0.9047, Signal|S|μ:5.5539, Delta|S|μ:4.4490, Delta/Signal:80.11%, Gateμ:-0.4056, Gate0%:0.0, MetaNormμ:8.5592 | Val Meta: Scaleμ:0.9047, Signal|S|μ:5.2904, Delta|S|μ:4.2410, Delta/Signal:80.16%, Gateμ:-0.4056, Gate0%:0.0, MetaNormμ:8.5592
Validation Loss decreased (1.200947 --> 1.200395). Saving best model...
Epoch  34/50 | Train Loss: 0.9958 Acc: 0.7000 F1: 0.6974 | Val Loss: 1.2008 Acc: 0.5926 F1: 0.5462 | Train Meta: Scaleμ:0.9047, Signal|S|μ:5.3544, Delta|S|μ:4.2918, Delta/Signal:80.15%, Gateμ:-0.4056, Gate0%:0.0, MetaNormμ:8.5592 | Val Meta: Scaleμ:0.9047, Signal|S|μ:5.2904, Delta|S|μ:4.2410, Delta/Signal:80.16%, Gateμ:-0.4056, Gate0%:0.0, MetaNormμ:8.5592
Epoch  35/50 | Train Loss: 0.9782 Acc: 0.7042 F1: 0.7023 | Val Loss: 1.1698 Acc: 0.6296 F1: 0.5558 | Train Meta: Scaleμ:0.9047, Signal|S|μ:5.0322, Delta|S|μ:4.0302, Delta/Signal:80.09%, Gateμ:-0.4056, Gate0%:0.0, MetaNormμ:8.5592 | Val Meta: Scaleμ:0.9047, Signal|S|μ:5.2904, Delta|S|μ:4.2410, Delta/Signal:80.16%, Gateμ:-0.4056, Gate0%:0.0, MetaNormμ:8.5592
Validation Loss decreased (1.200395 --> 1.169785). Saving best model...
Epoch  36/50 | Train Loss: 0.9608 Acc: 0.7208 F1: 0.7210 | Val Loss: 1.1647 Acc: 0.5926 F1: 0.5093 | Train Meta: Scaleμ:0.9047, Signal|S|μ:5.6942, Delta|S|μ:4.5684, Delta/Signal:80.23%, Gateμ:-0.4056, Gate0%:0.0, MetaNormμ:8.5592 | Val Meta: Scaleμ:0.9047, Signal|S|μ:5.2904, Delta|S|μ:4.2410, Delta/Signal:80.16%, Gateμ:-0.4056, Gate0%:0.0, MetaNormμ:8.5592
Validation Loss decreased (1.169785 --> 1.164722). Saving best model...
Epoch  37/50 | Train Loss: 0.9667 Acc: 0.7083 F1: 0.7041 | Val Loss: 1.1712 Acc: 0.5926 F1: 0.5413 | Train Meta: Scaleμ:0.9047, Signal|S|μ:4.9603, Delta|S|μ:3.9770, Delta/Signal:80.18%, Gateμ:-0.4056, Gate0%:0.0, MetaNormμ:8.5592 | Val Meta: Scaleμ:0.9047, Signal|S|μ:5.2904, Delta|S|μ:4.2410, Delta/Signal:80.16%, Gateμ:-0.4056, Gate0%:0.0, MetaNormμ:8.5592
Epoch  38/50 | Train Loss: 0.9516 Acc: 0.6917 F1: 0.6868 | Val Loss: 1.1311 Acc: 0.6296 F1: 0.5611 | Train Meta: Scaleμ:0.9047, Signal|S|μ:5.4647, Delta|S|μ:4.3833, Delta/Signal:80.21%, Gateμ:-0.4056, Gate0%:0.0, MetaNormμ:8.5592 | Val Meta: Scaleμ:0.9047, Signal|S|μ:5.2904, Delta|S|μ:4.2410, Delta/Signal:80.16%, Gateμ:-0.4056, Gate0%:0.0, MetaNormμ:8.5592
Validation Loss decreased (1.164722 --> 1.131087). Saving best model...
Epoch  39/50 | Train Loss: 0.9415 Acc: 0.7208 F1: 0.7188 | Val Loss: 1.1349 Acc: 0.6296 F1: 0.5571 | Train Meta: Scaleμ:0.9047, Signal|S|μ:4.9915, Delta|S|μ:3.9991, Delta/Signal:80.12%, Gateμ:-0.4056, Gate0%:0.0, MetaNormμ:8.5592 | Val Meta: Scaleμ:0.9047, Signal|S|μ:5.2904, Delta|S|μ:4.2410, Delta/Signal:80.16%, Gateμ:-0.4056, Gate0%:0.0, MetaNormμ:8.5592
Epoch  40/50 | Train Loss: 0.9319 Acc: 0.7167 F1: 0.7142 | Val Loss: 1.1322 Acc: 0.6667 F1: 0.6011 | Train Meta: Scaleμ:0.9047, Signal|S|μ:5.3135, Delta|S|μ:4.2555, Delta/Signal:80.09%, Gateμ:-0.4056, Gate0%:0.0, MetaNormμ:8.5592 | Val Meta: Scaleμ:0.9047, Signal|S|μ:5.2904, Delta|S|μ:4.2410, Delta/Signal:80.16%, Gateμ:-0.4056, Gate0%:0.0, MetaNormμ:8.5592
Epoch  41/50 | Train Loss: 0.9267 Acc: 0.7167 F1: 0.7152 | Val Loss: 1.1559 Acc: 0.6296 F1: 0.5800 | Train Meta: Scaleμ:0.9047, Signal|S|μ:5.4845, Delta|S|μ:4.3967, Delta/Signal:80.17%, Gateμ:-0.4056, Gate0%:0.0, MetaNormμ:8.5592 | Val Meta: Scaleμ:0.9047, Signal|S|μ:5.2904, Delta|S|μ:4.2410, Delta/Signal:80.16%, Gateμ:-0.4056, Gate0%:0.0, MetaNormμ:8.5592
Epoch  42/50 | Train Loss: 0.9126 Acc: 0.6958 F1: 0.6937 | Val Loss: 1.0805 Acc: 0.6667 F1: 0.6036 | Train Meta: Scaleμ:0.9047, Signal|S|μ:5.1466, Delta|S|μ:4.1318, Delta/Signal:80.28%, Gateμ:-0.4056, Gate0%:0.0, MetaNormμ:8.5592 | Val Meta: Scaleμ:0.9047, Signal|S|μ:5.2904, Delta|S|μ:4.2410, Delta/Signal:80.16%, Gateμ:-0.4056, Gate0%:0.0, MetaNormμ:8.5592
Validation Loss decreased (1.131087 --> 1.080463). Saving best model...
Epoch  43/50 | Train Loss: 0.9023 Acc: 0.7083 F1: 0.7082 | Val Loss: 1.1194 Acc: 0.5926 F1: 0.5374 | Train Meta: Scaleμ:0.9047, Signal|S|μ:5.1932, Delta|S|μ:4.1665, Delta/Signal:80.23%, Gateμ:-0.4056, Gate0%:0.0, MetaNormμ:8.5592 | Val Meta: Scaleμ:0.9047, Signal|S|μ:5.2904, Delta|S|μ:4.2410, Delta/Signal:80.16%, Gateμ:-0.4056, Gate0%:0.0, MetaNormμ:8.5592
Epoch  44/50 | Train Loss: 0.8875 Acc: 0.7208 F1: 0.7199 | Val Loss: 1.0699 Acc: 0.6296 F1: 0.5721 | Train Meta: Scaleμ:0.9047, Signal|S|μ:4.9256, Delta|S|μ:3.9508, Delta/Signal:80.21%, Gateμ:-0.4056, Gate0%:0.0, MetaNormμ:8.5592 | Val Meta: Scaleμ:0.9047, Signal|S|μ:5.2904, Delta|S|μ:4.2410, Delta/Signal:80.16%, Gateμ:-0.4056, Gate0%:0.0, MetaNormμ:8.5592
Validation Loss decreased (1.080463 --> 1.069879). Saving best model...
Epoch  45/50 | Train Loss: 0.8796 Acc: 0.7375 F1: 0.7355 | Val Loss: 1.0832 Acc: 0.6667 F1: 0.5953 | Train Meta: Scaleμ:0.9047, Signal|S|μ:4.9962, Delta|S|μ:4.0034, Delta/Signal:80.13%, Gateμ:-0.4056, Gate0%:0.0, MetaNormμ:8.5592 | Val Meta: Scaleμ:0.9047, Signal|S|μ:5.2904, Delta|S|μ:4.2410, Delta/Signal:80.16%, Gateμ:-0.4056, Gate0%:0.0, MetaNormμ:8.5592
Epoch  46/50 | Train Loss: 0.8717 Acc: 0.7417 F1: 0.7417 | Val Loss: 1.0864 Acc: 0.6296 F1: 0.5527 | Train Meta: Scaleμ:0.9047, Signal|S|μ:5.5453, Delta|S|μ:4.4497, Delta/Signal:80.24%, Gateμ:-0.4056, Gate0%:0.0, MetaNormμ:8.5592 | Val Meta: Scaleμ:0.9047, Signal|S|μ:5.2904, Delta|S|μ:4.2410, Delta/Signal:80.16%, Gateμ:-0.4056, Gate0%:0.0, MetaNormμ:8.5592
Epoch  47/50 | Train Loss: 0.8637 Acc: 0.7375 F1: 0.7333 | Val Loss: 1.0503 Acc: 0.7037 F1: 0.6488 | Train Meta: Scaleμ:0.9047, Signal|S|μ:5.3250, Delta|S|μ:4.2709, Delta/Signal:80.20%, Gateμ:-0.4056, Gate0%:0.0, MetaNormμ:8.5592 | Val Meta: Scaleμ:0.9047, Signal|S|μ:5.2904, Delta|S|μ:4.2410, Delta/Signal:80.16%, Gateμ:-0.4056, Gate0%:0.0, MetaNormμ:8.5592
Validation Loss decreased (1.069879 --> 1.050294). Saving best model...
Epoch  48/50 | Train Loss: 0.8502 Acc: 0.7292 F1: 0.7254 | Val Loss: 1.0726 Acc: 0.6667 F1: 0.5918 | Train Meta: Scaleμ:0.9047, Signal|S|μ:5.3730, Delta|S|μ:4.3087, Delta/Signal:80.19%, Gateμ:-0.4056, Gate0%:0.0, MetaNormμ:8.5592 | Val Meta: Scaleμ:0.9047, Signal|S|μ:5.2904, Delta|S|μ:4.2410, Delta/Signal:80.16%, Gateμ:-0.4056, Gate0%:0.0, MetaNormμ:8.5592
Epoch  49/50 | Train Loss: 0.8348 Acc: 0.7667 F1: 0.7644 | Val Loss: 1.0716 Acc: 0.6667 F1: 0.5953 | Train Meta: Scaleμ:0.9047, Signal|S|μ:5.9173, Delta|S|μ:4.7450, Delta/Signal:80.19%, Gateμ:-0.4056, Gate0%:0.0, MetaNormμ:8.5592 | Val Meta: Scaleμ:0.9047, Signal|S|μ:5.2904, Delta|S|μ:4.2410, Delta/Signal:80.16%, Gateμ:-0.4056, Gate0%:0.0, MetaNormμ:8.5592
Epoch  50/50 | Train Loss: 0.8470 Acc: 0.7542 F1: 0.7527 | Val Loss: 1.0570 Acc: 0.6667 F1: 0.6241 | Train Meta: Scaleμ:0.9047, Signal|S|μ:5.2787, Delta|S|μ:4.2297, Delta/Signal:80.13%, Gateμ:-0.4056, Gate0%:0.0, MetaNormμ:8.5592 | Val Meta: Scaleμ:0.9047, Signal|S|μ:5.2904, Delta|S|μ:4.2410, Delta/Signal:80.16%, Gateμ:-0.4056, Gate0%:0.0, MetaNormμ:8.5592

Classification Test Result (JapaneseVowels)
Accuracy : 0.435135
F1 (macro): 0.418800
Saved attention maps for 3 sample(s) under ./runs/classification_electricity_to_JapaneseVowels_laya_metadata_query_gate_text/attention_maps
Text metadata preview | dataset=PEMS-SF | domain=UEA | channels=963
   - channel_1: In the UEA domain, this channel belongs to the PEMS-SF dataset and represents the feature channel 1.
   - channel_2: In the UEA domain, this channel belongs to the PEMS-SF dataset and represents the feature channel 2.
   - ... (961 more channel descriptions)
==================================================
🚀 Architecture: LAYA
📊 Target Dataset: PEMS-SF (Channels: 963)
📊 Pretrain Info: electricity
📊 Classes: 7 | Sequence Length: 144
==================================================
✅ Loaded pretrained encoder from ./checkpoints/electricity_laya_metadata_query_gate_text/laya_ts_electricity_s_best.pt
   - 62/62 keys matched.
✅ Encoder is FROZEN (Linear Probing mode).
📝 metadata: mode=text, fusion=none, relation=metadata_query_gate
ℹ️  Metadata Fusion Mode: none
ℹ️  Channel Mixer Relation Mode: metadata_query_gate
ℹ️  Encoder Variant: default
ℹ️  Channel Adapter: disabled for Laya downstream (mixer)
ℹ️  Channel Relation Block: disabled
✅ ClassificationHead: [B, 128] → [B, 7]
Epoch   1/50 | Train Loss: 2.0248 Acc: 0.1083 F1: 0.0809 | Val Loss: 1.9527 Acc: 0.0769 F1: 0.0519 | Train Meta: Scaleμ:0.9047, Signal|S|μ:7.5221, Delta|S|μ:6.0633, Delta/Signal:80.61%, Gateμ:-0.4071, Gate0%:0.0, MetaNormμ:9.0434 | Val Meta: Scaleμ:0.9047, Signal|S|μ:7.2473, Delta|S|μ:5.8412, Delta/Signal:80.60%, Gateμ:-0.4071, Gate0%:0.0, MetaNormμ:9.0434
Validation Loss decreased (inf --> 1.952696). Saving best model...
Epoch   2/50 | Train Loss: 1.9027 Acc: 0.2500 F1: 0.1464 | Val Loss: 1.8491 Acc: 0.3462 F1: 0.2457 | Train Meta: Scaleμ:0.9047, Signal|S|μ:7.1925, Delta|S|μ:5.7967, Delta/Signal:80.59%, Gateμ:-0.4071, Gate0%:0.0, MetaNormμ:9.0434 | Val Meta: Scaleμ:0.9047, Signal|S|μ:7.2473, Delta|S|μ:5.8412, Delta/Signal:80.60%, Gateμ:-0.4071, Gate0%:0.0, MetaNormμ:9.0434
Validation Loss decreased (1.952696 --> 1.849137). Saving best model...
Epoch   3/50 | Train Loss: 1.8529 Acc: 0.2542 F1: 0.1650 | Val Loss: 1.7956 Acc: 0.3462 F1: 0.1673 | Train Meta: Scaleμ:0.9047, Signal|S|μ:7.2361, Delta|S|μ:5.8325, Delta/Signal:80.60%, Gateμ:-0.4071, Gate0%:0.0, MetaNormμ:9.0434 | Val Meta: Scaleμ:0.9047, Signal|S|μ:7.2473, Delta|S|μ:5.8412, Delta/Signal:80.60%, Gateμ:-0.4071, Gate0%:0.0, MetaNormμ:9.0434
Validation Loss decreased (1.849137 --> 1.795560). Saving best model...
Epoch   4/50 | Train Loss: 1.8170 Acc: 0.2792 F1: 0.1786 | Val Loss: 1.8290 Acc: 0.0769 F1: 0.0643 | Train Meta: Scaleμ:0.9047, Signal|S|μ:7.2009, Delta|S|μ:5.8037, Delta/Signal:80.60%, Gateμ:-0.4071, Gate0%:0.0, MetaNormμ:9.0434 | Val Meta: Scaleμ:0.9047, Signal|S|μ:7.2473, Delta|S|μ:5.8412, Delta/Signal:80.60%, Gateμ:-0.4071, Gate0%:0.0, MetaNormμ:9.0434
Epoch   5/50 | Train Loss: 1.7654 Acc: 0.3125 F1: 0.2175 | Val Loss: 1.7517 Acc: 0.2308 F1: 0.1614 | Train Meta: Scaleμ:0.9047, Signal|S|μ:7.6304, Delta|S|μ:6.1504, Delta/Signal:80.60%, Gateμ:-0.4071, Gate0%:0.0, MetaNormμ:9.0434 | Val Meta: Scaleμ:0.9047, Signal|S|μ:7.2473, Delta|S|μ:5.8412, Delta/Signal:80.60%, Gateμ:-0.4071, Gate0%:0.0, MetaNormμ:9.0434
Validation Loss decreased (1.795560 --> 1.751671). Saving best model...
Epoch   6/50 | Train Loss: 1.7412 Acc: 0.3042 F1: 0.2051 | Val Loss: 1.7132 Acc: 0.2692 F1: 0.1712 | Train Meta: Scaleμ:0.9047, Signal|S|μ:7.0573, Delta|S|μ:5.6884, Delta/Signal:80.60%, Gateμ:-0.4071, Gate0%:0.0, MetaNormμ:9.0434 | Val Meta: Scaleμ:0.9047, Signal|S|μ:7.2473, Delta|S|μ:5.8412, Delta/Signal:80.60%, Gateμ:-0.4071, Gate0%:0.0, MetaNormμ:9.0434
Validation Loss decreased (1.751671 --> 1.713221). Saving best model...
Epoch   7/50 | Train Loss: 1.7123 Acc: 0.3167 F1: 0.2305 | Val Loss: 1.7148 Acc: 0.2692 F1: 0.1841 | Train Meta: Scaleμ:0.9047, Signal|S|μ:7.2726, Delta|S|μ:5.8617, Delta/Signal:80.60%, Gateμ:-0.4071, Gate0%:0.0, MetaNormμ:9.0434 | Val Meta: Scaleμ:0.9047, Signal|S|μ:7.2473, Delta|S|μ:5.8412, Delta/Signal:80.60%, Gateμ:-0.4071, Gate0%:0.0, MetaNormμ:9.0434
Epoch   8/50 | Train Loss: 1.6891 Acc: 0.3625 F1: 0.2830 | Val Loss: 1.6913 Acc: 0.2692 F1: 0.1810 | Train Meta: Scaleμ:0.9047, Signal|S|μ:7.4016, Delta|S|μ:5.9659, Delta/Signal:80.60%, Gateμ:-0.4071, Gate0%:0.0, MetaNormμ:9.0434 | Val Meta: Scaleμ:0.9047, Signal|S|μ:7.2473, Delta|S|μ:5.8412, Delta/Signal:80.60%, Gateμ:-0.4071, Gate0%:0.0, MetaNormμ:9.0434
Validation Loss decreased (1.713221 --> 1.691283). Saving best model...
Epoch   9/50 | Train Loss: 1.6709 Acc: 0.3750 F1: 0.2918 | Val Loss: 1.6501 Acc: 0.3077 F1: 0.1969 | Train Meta: Scaleμ:0.9047, Signal|S|μ:7.0499, Delta|S|μ:5.6820, Delta/Signal:80.60%, Gateμ:-0.4071, Gate0%:0.0, MetaNormμ:9.0434 | Val Meta: Scaleμ:0.9047, Signal|S|μ:7.2473, Delta|S|μ:5.8412, Delta/Signal:80.60%, Gateμ:-0.4071, Gate0%:0.0, MetaNormμ:9.0434
Validation Loss decreased (1.691283 --> 1.650137). Saving best model...
Epoch  10/50 | Train Loss: 1.6532 Acc: 0.3708 F1: 0.2930 | Val Loss: 1.6453 Acc: 0.2692 F1: 0.1688 | Train Meta: Scaleμ:0.9047, Signal|S|μ:7.2645, Delta|S|μ:5.8543, Delta/Signal:80.59%, Gateμ:-0.4071, Gate0%:0.0, MetaNormμ:9.0434 | Val Meta: Scaleμ:0.9047, Signal|S|μ:7.2473, Delta|S|μ:5.8412, Delta/Signal:80.60%, Gateμ:-0.4071, Gate0%:0.0, MetaNormμ:9.0434
Validation Loss decreased (1.650137 --> 1.645311). Saving best model...
Epoch  11/50 | Train Loss: 1.6343 Acc: 0.3708 F1: 0.2947 | Val Loss: 1.6371 Acc: 0.2692 F1: 0.2159 | Train Meta: Scaleμ:0.9047, Signal|S|μ:7.3391, Delta|S|μ:5.9154, Delta/Signal:80.60%, Gateμ:-0.4071, Gate0%:0.0, MetaNormμ:9.0434 | Val Meta: Scaleμ:0.9047, Signal|S|μ:7.2473, Delta|S|μ:5.8412, Delta/Signal:80.60%, Gateμ:-0.4071, Gate0%:0.0, MetaNormμ:9.0434
Validation Loss decreased (1.645311 --> 1.637147). Saving best model...
Epoch  12/50 | Train Loss: 1.6208 Acc: 0.3958 F1: 0.3426 | Val Loss: 1.6134 Acc: 0.3462 F1: 0.2763 | Train Meta: Scaleμ:0.9047, Signal|S|μ:7.1123, Delta|S|μ:5.7326, Delta/Signal:80.60%, Gateμ:-0.4071, Gate0%:0.0, MetaNormμ:9.0434 | Val Meta: Scaleμ:0.9047, Signal|S|μ:7.2473, Delta|S|μ:5.8412, Delta/Signal:80.60%, Gateμ:-0.4071, Gate0%:0.0, MetaNormμ:9.0434
Validation Loss decreased (1.637147 --> 1.613387). Saving best model...
Epoch  13/50 | Train Loss: 1.6000 Acc: 0.3958 F1: 0.3488 | Val Loss: 1.6151 Acc: 0.3846 F1: 0.3603 | Train Meta: Scaleμ:0.9047, Signal|S|μ:6.9136, Delta|S|μ:5.5723, Delta/Signal:80.60%, Gateμ:-0.4071, Gate0%:0.0, MetaNormμ:9.0434 | Val Meta: Scaleμ:0.9047, Signal|S|μ:7.2473, Delta|S|μ:5.8412, Delta/Signal:80.60%, Gateμ:-0.4071, Gate0%:0.0, MetaNormμ:9.0434
Epoch  14/50 | Train Loss: 1.5848 Acc: 0.4125 F1: 0.3611 | Val Loss: 1.5752 Acc: 0.3462 F1: 0.2857 | Train Meta: Scaleμ:0.9047, Signal|S|μ:7.0660, Delta|S|μ:5.6954, Delta/Signal:80.60%, Gateμ:-0.4071, Gate0%:0.0, MetaNormμ:9.0434 | Val Meta: Scaleμ:0.9047, Signal|S|μ:7.2473, Delta|S|μ:5.8412, Delta/Signal:80.60%, Gateμ:-0.4071, Gate0%:0.0, MetaNormμ:9.0434
Validation Loss decreased (1.613387 --> 1.575213). Saving best model...
Epoch  15/50 | Train Loss: 1.5779 Acc: 0.3792 F1: 0.3100 | Val Loss: 1.5768 Acc: 0.3462 F1: 0.2964 | Train Meta: Scaleμ:0.9047, Signal|S|μ:7.4462, Delta|S|μ:6.0019, Delta/Signal:80.60%, Gateμ:-0.4071, Gate0%:0.0, MetaNormμ:9.0434 | Val Meta: Scaleμ:0.9047, Signal|S|μ:7.2473, Delta|S|μ:5.8412, Delta/Signal:80.60%, Gateμ:-0.4071, Gate0%:0.0, MetaNormμ:9.0434
Epoch  16/50 | Train Loss: 1.5529 Acc: 0.4333 F1: 0.4131 | Val Loss: 1.5350 Acc: 0.3846 F1: 0.3279 | Train Meta: Scaleμ:0.9047, Signal|S|μ:7.2067, Delta|S|μ:5.8093, Delta/Signal:80.61%, Gateμ:-0.4071, Gate0%:0.0, MetaNormμ:9.0434 | Val Meta: Scaleμ:0.9047, Signal|S|μ:7.2473, Delta|S|μ:5.8412, Delta/Signal:80.60%, Gateμ:-0.4071, Gate0%:0.0, MetaNormμ:9.0434
Validation Loss decreased (1.575213 --> 1.534953). Saving best model...
Epoch  17/50 | Train Loss: 1.5384 Acc: 0.4375 F1: 0.3968 | Val Loss: 1.5491 Acc: 0.3462 F1: 0.2861 | Train Meta: Scaleμ:0.9047, Signal|S|μ:7.5381, Delta|S|μ:6.0762, Delta/Signal:80.61%, Gateμ:-0.4071, Gate0%:0.0, MetaNormμ:9.0434 | Val Meta: Scaleμ:0.9047, Signal|S|μ:7.2473, Delta|S|μ:5.8412, Delta/Signal:80.60%, Gateμ:-0.4071, Gate0%:0.0, MetaNormμ:9.0434
Epoch  18/50 | Train Loss: 1.5233 Acc: 0.4542 F1: 0.4087 | Val Loss: 1.5196 Acc: 0.4615 F1: 0.4605 | Train Meta: Scaleμ:0.9047, Signal|S|μ:7.8483, Delta|S|μ:6.3252, Delta/Signal:80.59%, Gateμ:-0.4071, Gate0%:0.0, MetaNormμ:9.0434 | Val Meta: Scaleμ:0.9047, Signal|S|μ:7.2473, Delta|S|μ:5.8412, Delta/Signal:80.60%, Gateμ:-0.4071, Gate0%:0.0, MetaNormμ:9.0434
Validation Loss decreased (1.534953 --> 1.519578). Saving best model...
Epoch  19/50 | Train Loss: 1.5141 Acc: 0.4500 F1: 0.4174 | Val Loss: 1.5371 Acc: 0.3462 F1: 0.3135 | Train Meta: Scaleμ:0.9047, Signal|S|μ:7.1535, Delta|S|μ:5.7653, Delta/Signal:80.59%, Gateμ:-0.4071, Gate0%:0.0, MetaNormμ:9.0434 | Val Meta: Scaleμ:0.9047, Signal|S|μ:7.2473, Delta|S|μ:5.8412, Delta/Signal:80.60%, Gateμ:-0.4071, Gate0%:0.0, MetaNormμ:9.0434
Epoch  20/50 | Train Loss: 1.5024 Acc: 0.4458 F1: 0.4309 | Val Loss: 1.4727 Acc: 0.4615 F1: 0.4353 | Train Meta: Scaleμ:0.9047, Signal|S|μ:7.2026, Delta|S|μ:5.8052, Delta/Signal:80.60%, Gateμ:-0.4071, Gate0%:0.0, MetaNormμ:9.0434 | Val Meta: Scaleμ:0.9047, Signal|S|μ:7.2473, Delta|S|μ:5.8412, Delta/Signal:80.60%, Gateμ:-0.4071, Gate0%:0.0, MetaNormμ:9.0434
Validation Loss decreased (1.519578 --> 1.472723). Saving best model...
Epoch  21/50 | Train Loss: 1.4895 Acc: 0.4583 F1: 0.4254 | Val Loss: 1.4934 Acc: 0.3846 F1: 0.3091 | Train Meta: Scaleμ:0.9047, Signal|S|μ:7.4843, Delta|S|μ:6.0324, Delta/Signal:80.60%, Gateμ:-0.4071, Gate0%:0.0, MetaNormμ:9.0434 | Val Meta: Scaleμ:0.9047, Signal|S|μ:7.2473, Delta|S|μ:5.8412, Delta/Signal:80.60%, Gateμ:-0.4071, Gate0%:0.0, MetaNormμ:9.0434
Epoch  22/50 | Train Loss: 1.4769 Acc: 0.4292 F1: 0.3820 | Val Loss: 1.4856 Acc: 0.4615 F1: 0.4412 | Train Meta: Scaleμ:0.9047, Signal|S|μ:7.3416, Delta|S|μ:5.9163, Delta/Signal:80.59%, Gateμ:-0.4071, Gate0%:0.0, MetaNormμ:9.0434 | Val Meta: Scaleμ:0.9047, Signal|S|μ:7.2473, Delta|S|μ:5.8412, Delta/Signal:80.60%, Gateμ:-0.4071, Gate0%:0.0, MetaNormμ:9.0434
Epoch  23/50 | Train Loss: 1.4652 Acc: 0.4375 F1: 0.4267 | Val Loss: 1.4481 Acc: 0.5385 F1: 0.4924 | Train Meta: Scaleμ:0.9047, Signal|S|μ:7.4211, Delta|S|μ:5.9812, Delta/Signal:80.60%, Gateμ:-0.4071, Gate0%:0.0, MetaNormμ:9.0434 | Val Meta: Scaleμ:0.9047, Signal|S|μ:7.2473, Delta|S|μ:5.8412, Delta/Signal:80.60%, Gateμ:-0.4071, Gate0%:0.0, MetaNormμ:9.0434
Validation Loss decreased (1.472723 --> 1.448148). Saving best model...
Epoch  24/50 | Train Loss: 1.4595 Acc: 0.4667 F1: 0.4264 | Val Loss: 1.5093 Acc: 0.3462 F1: 0.3341 | Train Meta: Scaleμ:0.9047, Signal|S|μ:7.4794, Delta|S|μ:6.0281, Delta/Signal:80.60%, Gateμ:-0.4071, Gate0%:0.0, MetaNormμ:9.0434 | Val Meta: Scaleμ:0.9047, Signal|S|μ:7.2473, Delta|S|μ:5.8412, Delta/Signal:80.60%, Gateμ:-0.4071, Gate0%:0.0, MetaNormμ:9.0434
Epoch  25/50 | Train Loss: 1.4551 Acc: 0.4292 F1: 0.3991 | Val Loss: 1.4129 Acc: 0.5000 F1: 0.3869 | Train Meta: Scaleμ:0.9047, Signal|S|μ:7.2269, Delta|S|μ:5.8251, Delta/Signal:80.60%, Gateμ:-0.4071, Gate0%:0.0, MetaNormμ:9.0434 | Val Meta: Scaleμ:0.9047, Signal|S|μ:7.2473, Delta|S|μ:5.8412, Delta/Signal:80.60%, Gateμ:-0.4071, Gate0%:0.0, MetaNormμ:9.0434
Validation Loss decreased (1.448148 --> 1.412938). Saving best model...
Epoch  26/50 | Train Loss: 1.4336 Acc: 0.4500 F1: 0.4282 | Val Loss: 1.4766 Acc: 0.4231 F1: 0.3991 | Train Meta: Scaleμ:0.9047, Signal|S|μ:7.3940, Delta|S|μ:5.9590, Delta/Signal:80.59%, Gateμ:-0.4071, Gate0%:0.0, MetaNormμ:9.0434 | Val Meta: Scaleμ:0.9047, Signal|S|μ:7.2473, Delta|S|μ:5.8412, Delta/Signal:80.60%, Gateμ:-0.4071, Gate0%:0.0, MetaNormμ:9.0434
Epoch  27/50 | Train Loss: 1.4248 Acc: 0.4667 F1: 0.4462 | Val Loss: 1.4106 Acc: 0.5000 F1: 0.4628 | Train Meta: Scaleμ:0.9047, Signal|S|μ:7.6819, Delta|S|μ:6.1916, Delta/Signal:80.60%, Gateμ:-0.4071, Gate0%:0.0, MetaNormμ:9.0434 | Val Meta: Scaleμ:0.9047, Signal|S|μ:7.2473, Delta|S|μ:5.8412, Delta/Signal:80.60%, Gateμ:-0.4071, Gate0%:0.0, MetaNormμ:9.0434
Validation Loss decreased (1.412938 --> 1.410639). Saving best model...
Epoch  28/50 | Train Loss: 1.4138 Acc: 0.4500 F1: 0.4152 | Val Loss: 1.4425 Acc: 0.4231 F1: 0.3865 | Train Meta: Scaleμ:0.9047, Signal|S|μ:7.6711, Delta|S|μ:6.1828, Delta/Signal:80.60%, Gateμ:-0.4071, Gate0%:0.0, MetaNormμ:9.0434 | Val Meta: Scaleμ:0.9047, Signal|S|μ:7.2473, Delta|S|μ:5.8412, Delta/Signal:80.60%, Gateμ:-0.4071, Gate0%:0.0, MetaNormμ:9.0434
Epoch  29/50 | Train Loss: 1.4051 Acc: 0.4875 F1: 0.4582 | Val Loss: 1.4069 Acc: 0.4615 F1: 0.4296 | Train Meta: Scaleμ:0.9047, Signal|S|μ:7.5672, Delta|S|μ:6.0989, Delta/Signal:80.60%, Gateμ:-0.4071, Gate0%:0.0, MetaNormμ:9.0434 | Val Meta: Scaleμ:0.9047, Signal|S|μ:7.2473, Delta|S|μ:5.8412, Delta/Signal:80.60%, Gateμ:-0.4071, Gate0%:0.0, MetaNormμ:9.0434
Validation Loss decreased (1.410639 --> 1.406923). Saving best model...
Epoch  30/50 | Train Loss: 1.3930 Acc: 0.4750 F1: 0.4655 | Val Loss: 1.3763 Acc: 0.4615 F1: 0.3874 | Train Meta: Scaleμ:0.9047, Signal|S|μ:7.5436, Delta|S|μ:6.0791, Delta/Signal:80.59%, Gateμ:-0.4071, Gate0%:0.0, MetaNormμ:9.0434 | Val Meta: Scaleμ:0.9047, Signal|S|μ:7.2473, Delta|S|μ:5.8412, Delta/Signal:80.60%, Gateμ:-0.4071, Gate0%:0.0, MetaNormμ:9.0434
Validation Loss decreased (1.406923 --> 1.376299). Saving best model...
Epoch  31/50 | Train Loss: 1.3824 Acc: 0.4833 F1: 0.4679 | Val Loss: 1.4076 Acc: 0.4231 F1: 0.3677 | Train Meta: Scaleμ:0.9047, Signal|S|μ:7.2502, Delta|S|μ:5.8435, Delta/Signal:80.60%, Gateμ:-0.4071, Gate0%:0.0, MetaNormμ:9.0434 | Val Meta: Scaleμ:0.9047, Signal|S|μ:7.2473, Delta|S|μ:5.8412, Delta/Signal:80.60%, Gateμ:-0.4071, Gate0%:0.0, MetaNormμ:9.0434
Epoch  32/50 | Train Loss: 1.3842 Acc: 0.4792 F1: 0.4512 | Val Loss: 1.4394 Acc: 0.3846 F1: 0.3622 | Train Meta: Scaleμ:0.9047, Signal|S|μ:7.2291, Delta|S|μ:5.8265, Delta/Signal:80.60%, Gateμ:-0.4071, Gate0%:0.0, MetaNormμ:9.0434 | Val Meta: Scaleμ:0.9047, Signal|S|μ:7.2473, Delta|S|μ:5.8412, Delta/Signal:80.60%, Gateμ:-0.4071, Gate0%:0.0, MetaNormμ:9.0434
Epoch  33/50 | Train Loss: 1.3572 Acc: 0.4625 F1: 0.4286 | Val Loss: 1.3617 Acc: 0.4231 F1: 0.3520 | Train Meta: Scaleμ:0.9047, Signal|S|μ:7.4701, Delta|S|μ:6.0208, Delta/Signal:80.60%, Gateμ:-0.4071, Gate0%:0.0, MetaNormμ:9.0434 | Val Meta: Scaleμ:0.9047, Signal|S|μ:7.2473, Delta|S|μ:5.8412, Delta/Signal:80.60%, Gateμ:-0.4071, Gate0%:0.0, MetaNormμ:9.0434
Validation Loss decreased (1.376299 --> 1.361697). Saving best model...
Epoch  34/50 | Train Loss: 1.3620 Acc: 0.4875 F1: 0.4772 | Val Loss: 1.3782 Acc: 0.4231 F1: 0.3677 | Train Meta: Scaleμ:0.9047, Signal|S|μ:7.4218, Delta|S|μ:5.9821, Delta/Signal:80.60%, Gateμ:-0.4071, Gate0%:0.0, MetaNormμ:9.0434 | Val Meta: Scaleμ:0.9047, Signal|S|μ:7.2473, Delta|S|μ:5.8412, Delta/Signal:80.60%, Gateμ:-0.4071, Gate0%:0.0, MetaNormμ:9.0434
Epoch  35/50 | Train Loss: 1.3431 Acc: 0.4875 F1: 0.4656 | Val Loss: 1.3577 Acc: 0.4615 F1: 0.4289 | Train Meta: Scaleμ:0.9047, Signal|S|μ:7.3746, Delta|S|μ:5.9442, Delta/Signal:80.60%, Gateμ:-0.4071, Gate0%:0.0, MetaNormμ:9.0434 | Val Meta: Scaleμ:0.9047, Signal|S|μ:7.2473, Delta|S|μ:5.8412, Delta/Signal:80.60%, Gateμ:-0.4071, Gate0%:0.0, MetaNormμ:9.0434
Validation Loss decreased (1.361697 --> 1.357681). Saving best model...
Epoch  36/50 | Train Loss: 1.3391 Acc: 0.5042 F1: 0.4773 | Val Loss: 1.3733 Acc: 0.4615 F1: 0.4341 | Train Meta: Scaleμ:0.9047, Signal|S|μ:7.1250, Delta|S|μ:5.7430, Delta/Signal:80.60%, Gateμ:-0.4071, Gate0%:0.0, MetaNormμ:9.0434 | Val Meta: Scaleμ:0.9047, Signal|S|μ:7.2473, Delta|S|μ:5.8412, Delta/Signal:80.60%, Gateμ:-0.4071, Gate0%:0.0, MetaNormμ:9.0434
Epoch  37/50 | Train Loss: 1.3379 Acc: 0.4833 F1: 0.4681 | Val Loss: 1.3706 Acc: 0.4231 F1: 0.3645 | Train Meta: Scaleμ:0.9047, Signal|S|μ:7.4649, Delta|S|μ:6.0166, Delta/Signal:80.60%, Gateμ:-0.4071, Gate0%:0.0, MetaNormμ:9.0434 | Val Meta: Scaleμ:0.9047, Signal|S|μ:7.2473, Delta|S|μ:5.8412, Delta/Signal:80.60%, Gateμ:-0.4071, Gate0%:0.0, MetaNormμ:9.0434
Epoch  38/50 | Train Loss: 1.3225 Acc: 0.5167 F1: 0.5066 | Val Loss: 1.3153 Acc: 0.5000 F1: 0.4454 | Train Meta: Scaleμ:0.9047, Signal|S|μ:7.2779, Delta|S|μ:5.8662, Delta/Signal:80.60%, Gateμ:-0.4071, Gate0%:0.0, MetaNormμ:9.0434 | Val Meta: Scaleμ:0.9047, Signal|S|μ:7.2473, Delta|S|μ:5.8412, Delta/Signal:80.60%, Gateμ:-0.4071, Gate0%:0.0, MetaNormμ:9.0434
Validation Loss decreased (1.357681 --> 1.315341). Saving best model...
Epoch  39/50 | Train Loss: 1.3182 Acc: 0.4958 F1: 0.4752 | Val Loss: 1.3631 Acc: 0.4615 F1: 0.4364 | Train Meta: Scaleμ:0.9047, Signal|S|μ:7.3175, Delta|S|μ:5.8976, Delta/Signal:80.60%, Gateμ:-0.4071, Gate0%:0.0, MetaNormμ:9.0434 | Val Meta: Scaleμ:0.9047, Signal|S|μ:7.2473, Delta|S|μ:5.8412, Delta/Signal:80.60%, Gateμ:-0.4071, Gate0%:0.0, MetaNormμ:9.0434
Epoch  40/50 | Train Loss: 1.3144 Acc: 0.5083 F1: 0.5023 | Val Loss: 1.3355 Acc: 0.4615 F1: 0.4217 | Train Meta: Scaleμ:0.9047, Signal|S|μ:7.1473, Delta|S|μ:5.7607, Delta/Signal:80.60%, Gateμ:-0.4071, Gate0%:0.0, MetaNormμ:9.0434 | Val Meta: Scaleμ:0.9047, Signal|S|μ:7.2473, Delta|S|μ:5.8412, Delta/Signal:80.60%, Gateμ:-0.4071, Gate0%:0.0, MetaNormμ:9.0434
Epoch  41/50 | Train Loss: 1.3028 Acc: 0.4958 F1: 0.4772 | Val Loss: 1.3570 Acc: 0.4615 F1: 0.4289 | Train Meta: Scaleμ:0.9047, Signal|S|μ:7.7695, Delta|S|μ:6.2618, Delta/Signal:80.59%, Gateμ:-0.4071, Gate0%:0.0, MetaNormμ:9.0434 | Val Meta: Scaleμ:0.9047, Signal|S|μ:7.2473, Delta|S|μ:5.8412, Delta/Signal:80.60%, Gateμ:-0.4071, Gate0%:0.0, MetaNormμ:9.0434
Epoch  42/50 | Train Loss: 1.2929 Acc: 0.5125 F1: 0.4856 | Val Loss: 1.3462 Acc: 0.5000 F1: 0.4595 | Train Meta: Scaleμ:0.9047, Signal|S|μ:7.5540, Delta|S|μ:6.0879, Delta/Signal:80.59%, Gateμ:-0.4071, Gate0%:0.0, MetaNormμ:9.0434 | Val Meta: Scaleμ:0.9047, Signal|S|μ:7.2473, Delta|S|μ:5.8412, Delta/Signal:80.60%, Gateμ:-0.4071, Gate0%:0.0, MetaNormμ:9.0434
Epoch  43/50 | Train Loss: 1.2881 Acc: 0.5167 F1: 0.5066 | Val Loss: 1.3203 Acc: 0.5385 F1: 0.4903 | Train Meta: Scaleμ:0.9047, Signal|S|μ:7.0002, Delta|S|μ:5.6423, Delta/Signal:80.60%, Gateμ:-0.4071, Gate0%:0.0, MetaNormμ:9.0434 | Val Meta: Scaleμ:0.9047, Signal|S|μ:7.2473, Delta|S|μ:5.8412, Delta/Signal:80.60%, Gateμ:-0.4071, Gate0%:0.0, MetaNormμ:9.0434
Epoch  44/50 | Train Loss: 1.2825 Acc: 0.5292 F1: 0.5273 | Val Loss: 1.3075 Acc: 0.5385 F1: 0.4827 | Train Meta: Scaleμ:0.9047, Signal|S|μ:7.5264, Delta|S|μ:6.0653, Delta/Signal:80.59%, Gateμ:-0.4071, Gate0%:0.0, MetaNormμ:9.0434 | Val Meta: Scaleμ:0.9047, Signal|S|μ:7.2473, Delta|S|μ:5.8412, Delta/Signal:80.60%, Gateμ:-0.4071, Gate0%:0.0, MetaNormμ:9.0434
Validation Loss decreased (1.315341 --> 1.307528). Saving best model...
Epoch  45/50 | Train Loss: 1.2744 Acc: 0.5375 F1: 0.5260 | Val Loss: 1.3460 Acc: 0.3462 F1: 0.3024 | Train Meta: Scaleμ:0.9047, Signal|S|μ:7.2620, Delta|S|μ:5.8534, Delta/Signal:80.60%, Gateμ:-0.4071, Gate0%:0.0, MetaNormμ:9.0434 | Val Meta: Scaleμ:0.9047, Signal|S|μ:7.2473, Delta|S|μ:5.8412, Delta/Signal:80.60%, Gateμ:-0.4071, Gate0%:0.0, MetaNormμ:9.0434
Epoch  46/50 | Train Loss: 1.2718 Acc: 0.5042 F1: 0.4823 | Val Loss: 1.3093 Acc: 0.5000 F1: 0.4595 | Train Meta: Scaleμ:0.9047, Signal|S|μ:7.5406, Delta|S|μ:6.0775, Delta/Signal:80.60%, Gateμ:-0.4071, Gate0%:0.0, MetaNormμ:9.0434 | Val Meta: Scaleμ:0.9047, Signal|S|μ:7.2473, Delta|S|μ:5.8412, Delta/Signal:80.60%, Gateμ:-0.4071, Gate0%:0.0, MetaNormμ:9.0434
Epoch  47/50 | Train Loss: 1.2632 Acc: 0.5000 F1: 0.4838 | Val Loss: 1.3235 Acc: 0.5000 F1: 0.4480 | Train Meta: Scaleμ:0.9047, Signal|S|μ:6.5588, Delta|S|μ:5.2873, Delta/Signal:80.61%, Gateμ:-0.4071, Gate0%:0.0, MetaNormμ:9.0434 | Val Meta: Scaleμ:0.9047, Signal|S|μ:7.2473, Delta|S|μ:5.8412, Delta/Signal:80.60%, Gateμ:-0.4071, Gate0%:0.0, MetaNormμ:9.0434
Epoch  48/50 | Train Loss: 1.2573 Acc: 0.5500 F1: 0.5513 | Val Loss: 1.3079 Acc: 0.5769 F1: 0.5374 | Train Meta: Scaleμ:0.9047, Signal|S|μ:7.6636, Delta|S|μ:6.1759, Delta/Signal:80.59%, Gateμ:-0.4071, Gate0%:0.0, MetaNormμ:9.0434 | Val Meta: Scaleμ:0.9047, Signal|S|μ:7.2473, Delta|S|μ:5.8412, Delta/Signal:80.60%, Gateμ:-0.4071, Gate0%:0.0, MetaNormμ:9.0434
Epoch  49/50 | Train Loss: 1.2531 Acc: 0.5167 F1: 0.4930 | Val Loss: 1.3235 Acc: 0.4231 F1: 0.4030 | Train Meta: Scaleμ:0.9047, Signal|S|μ:6.9095, Delta|S|μ:5.5693, Delta/Signal:80.60%, Gateμ:-0.4071, Gate0%:0.0, MetaNormμ:9.0434 | Val Meta: Scaleμ:0.9047, Signal|S|μ:7.2473, Delta|S|μ:5.8412, Delta/Signal:80.60%, Gateμ:-0.4071, Gate0%:0.0, MetaNormμ:9.0434
Epoch  50/50 | Train Loss: 1.2433 Acc: 0.5292 F1: 0.5195 | Val Loss: 1.3051 Acc: 0.5000 F1: 0.4483 | Train Meta: Scaleμ:0.9047, Signal|S|μ:7.8855, Delta|S|μ:6.3544, Delta/Signal:80.58%, Gateμ:-0.4071, Gate0%:0.0, MetaNormμ:9.0434 | Val Meta: Scaleμ:0.9047, Signal|S|μ:7.2473, Delta|S|μ:5.8412, Delta/Signal:80.60%, Gateμ:-0.4071, Gate0%:0.0, MetaNormμ:9.0434
Validation Loss decreased (1.307528 --> 1.305077). Saving best model...

Classification Test Result (PEMS-SF)
Accuracy : 0.387283
F1 (macro): 0.384918
Saved attention maps for 3 sample(s) under ./runs/classification_electricity_to_PEMS-SF_laya_metadata_query_gate_text/attention_maps
Text metadata preview | dataset=SelfRegulationSCP1 | domain=UEA | channels=6
   - channel_1: In the UEA domain, this channel belongs to the SelfRegulationSCP1 dataset and represents the feature channel 1.
   - channel_2: In the UEA domain, this channel belongs to the SelfRegulationSCP1 dataset and represents the feature channel 2.
   - ... (4 more channel descriptions)
==================================================
🚀 Architecture: LAYA
📊 Target Dataset: SelfRegulationSCP1 (Channels: 6)
📊 Pretrain Info: electricity
📊 Classes: 2 | Sequence Length: 896
==================================================
✅ Loaded pretrained encoder from ./checkpoints/electricity_laya_metadata_query_gate_text/laya_ts_electricity_s_best.pt
   - 62/62 keys matched.
✅ Encoder is FROZEN (Linear Probing mode).
📝 metadata: mode=text, fusion=none, relation=metadata_query_gate
ℹ️  Metadata Fusion Mode: none
ℹ️  Channel Mixer Relation Mode: metadata_query_gate
ℹ️  Encoder Variant: default
ℹ️  Channel Adapter: disabled for Laya downstream (mixer)
ℹ️  Channel Relation Block: disabled
✅ ClassificationHead: [B, 128] → [B, 2]
Epoch   1/50 | Train Loss: 0.7905 Acc: 0.5625 F1: 0.4890 | Val Loss: 0.5405 Acc: 0.8077 F1: 0.8074 | Train Meta: Scaleμ:0.9047, Signal|S|μ:8.2673, Delta|S|μ:6.3735, Delta/Signal:77.09%, Gateμ:-0.3439, Gate0%:0.0, MetaNormμ:8.7739 | Val Meta: Scaleμ:0.9047, Signal|S|μ:10.1614, Delta|S|μ:7.8299, Delta/Signal:77.06%, Gateμ:-0.3439, Gate0%:0.0, MetaNormμ:8.7739
Validation Loss decreased (inf --> 0.540465). Saving best model...
Epoch   2/50 | Train Loss: 0.6067 Acc: 0.6958 F1: 0.6939 | Val Loss: 0.4162 Acc: 0.8462 F1: 0.8462 | Train Meta: Scaleμ:0.9047, Signal|S|μ:8.9393, Delta|S|μ:6.8884, Delta/Signal:77.06%, Gateμ:-0.3439, Gate0%:0.0, MetaNormμ:8.7739 | Val Meta: Scaleμ:0.9047, Signal|S|μ:10.1614, Delta|S|μ:7.8299, Delta/Signal:77.06%, Gateμ:-0.3439, Gate0%:0.0, MetaNormμ:8.7739
Validation Loss decreased (0.540465 --> 0.416178). Saving best model...
Epoch   3/50 | Train Loss: 0.5860 Acc: 0.6958 F1: 0.6939 | Val Loss: 0.4344 Acc: 0.8462 F1: 0.8462 | Train Meta: Scaleμ:0.9047, Signal|S|μ:7.6730, Delta|S|μ:5.9140, Delta/Signal:77.08%, Gateμ:-0.3439, Gate0%:0.0, MetaNormμ:8.7739 | Val Meta: Scaleμ:0.9047, Signal|S|μ:10.1614, Delta|S|μ:7.8299, Delta/Signal:77.06%, Gateμ:-0.3439, Gate0%:0.0, MetaNormμ:8.7739
Epoch   4/50 | Train Loss: 0.5750 Acc: 0.6958 F1: 0.6939 | Val Loss: 0.4524 Acc: 0.8462 F1: 0.8462 | Train Meta: Scaleμ:0.9047, Signal|S|μ:6.3631, Delta|S|μ:4.9054, Delta/Signal:77.09%, Gateμ:-0.3439, Gate0%:0.0, MetaNormμ:8.7739 | Val Meta: Scaleμ:0.9047, Signal|S|μ:10.1614, Delta|S|μ:7.8299, Delta/Signal:77.06%, Gateμ:-0.3439, Gate0%:0.0, MetaNormμ:8.7739
Epoch   5/50 | Train Loss: 0.5683 Acc: 0.7167 F1: 0.7128 | Val Loss: 0.4141 Acc: 0.8462 F1: 0.8462 | Train Meta: Scaleμ:0.9047, Signal|S|μ:7.7614, Delta|S|μ:5.9800, Delta/Signal:77.05%, Gateμ:-0.3439, Gate0%:0.0, MetaNormμ:8.7739 | Val Meta: Scaleμ:0.9047, Signal|S|μ:10.1614, Delta|S|μ:7.8299, Delta/Signal:77.06%, Gateμ:-0.3439, Gate0%:0.0, MetaNormμ:8.7739
Validation Loss decreased (0.416178 --> 0.414056). Saving best model...
Epoch   6/50 | Train Loss: 0.5603 Acc: 0.6958 F1: 0.6949 | Val Loss: 0.4432 Acc: 0.8462 F1: 0.8462 | Train Meta: Scaleμ:0.9047, Signal|S|μ:7.7098, Delta|S|μ:5.9412, Delta/Signal:77.06%, Gateμ:-0.3439, Gate0%:0.0, MetaNormμ:8.7739 | Val Meta: Scaleμ:0.9047, Signal|S|μ:10.1614, Delta|S|μ:7.8299, Delta/Signal:77.06%, Gateμ:-0.3439, Gate0%:0.0, MetaNormμ:8.7739
Epoch   7/50 | Train Loss: 0.5530 Acc: 0.7083 F1: 0.7067 | Val Loss: 0.4088 Acc: 0.8462 F1: 0.8462 | Train Meta: Scaleμ:0.9047, Signal|S|μ:9.1910, Delta|S|μ:7.0826, Delta/Signal:77.06%, Gateμ:-0.3439, Gate0%:0.0, MetaNormμ:8.7739 | Val Meta: Scaleμ:0.9047, Signal|S|μ:10.1614, Delta|S|μ:7.8299, Delta/Signal:77.06%, Gateμ:-0.3439, Gate0%:0.0, MetaNormμ:8.7739
Validation Loss decreased (0.414056 --> 0.408804). Saving best model...
Epoch   8/50 | Train Loss: 0.5490 Acc: 0.7083 F1: 0.7024 | Val Loss: 0.4024 Acc: 0.8462 F1: 0.8462 | Train Meta: Scaleμ:0.9047, Signal|S|μ:8.1725, Delta|S|μ:6.2969, Delta/Signal:77.05%, Gateμ:-0.3439, Gate0%:0.0, MetaNormμ:8.7739 | Val Meta: Scaleμ:0.9047, Signal|S|μ:10.1614, Delta|S|μ:7.8299, Delta/Signal:77.06%, Gateμ:-0.3439, Gate0%:0.0, MetaNormμ:8.7739
Validation Loss decreased (0.408804 --> 0.402429). Saving best model...
Epoch   9/50 | Train Loss: 0.5461 Acc: 0.7083 F1: 0.7049 | Val Loss: 0.4200 Acc: 0.8462 F1: 0.8462 | Train Meta: Scaleμ:0.9047, Signal|S|μ:8.6508, Delta|S|μ:6.6668, Delta/Signal:77.07%, Gateμ:-0.3439, Gate0%:0.0, MetaNormμ:8.7739 | Val Meta: Scaleμ:0.9047, Signal|S|μ:10.1614, Delta|S|μ:7.8299, Delta/Signal:77.06%, Gateμ:-0.3439, Gate0%:0.0, MetaNormμ:8.7739
Epoch  10/50 | Train Loss: 0.5404 Acc: 0.7125 F1: 0.7103 | Val Loss: 0.4165 Acc: 0.8462 F1: 0.8462 | Train Meta: Scaleμ:0.9047, Signal|S|μ:7.4730, Delta|S|μ:5.7585, Delta/Signal:77.06%, Gateμ:-0.3439, Gate0%:0.0, MetaNormμ:8.7739 | Val Meta: Scaleμ:0.9047, Signal|S|μ:10.1614, Delta|S|μ:7.8299, Delta/Signal:77.06%, Gateμ:-0.3439, Gate0%:0.0, MetaNormμ:8.7739
Epoch  11/50 | Train Loss: 0.5351 Acc: 0.7292 F1: 0.7257 | Val Loss: 0.4017 Acc: 0.8462 F1: 0.8462 | Train Meta: Scaleμ:0.9047, Signal|S|μ:7.4923, Delta|S|μ:5.7750, Delta/Signal:77.08%, Gateμ:-0.3439, Gate0%:0.0, MetaNormμ:8.7739 | Val Meta: Scaleμ:0.9047, Signal|S|μ:10.1614, Delta|S|μ:7.8299, Delta/Signal:77.06%, Gateμ:-0.3439, Gate0%:0.0, MetaNormμ:8.7739
Validation Loss decreased (0.402429 --> 0.401740). Saving best model...
Epoch  12/50 | Train Loss: 0.5330 Acc: 0.7208 F1: 0.7173 | Val Loss: 0.3966 Acc: 0.8462 F1: 0.8462 | Train Meta: Scaleμ:0.9047, Signal|S|μ:7.2928, Delta|S|μ:5.6203, Delta/Signal:77.07%, Gateμ:-0.3439, Gate0%:0.0, MetaNormμ:8.7739 | Val Meta: Scaleμ:0.9047, Signal|S|μ:10.1614, Delta|S|μ:7.8299, Delta/Signal:77.06%, Gateμ:-0.3439, Gate0%:0.0, MetaNormμ:8.7739
Validation Loss decreased (0.401740 --> 0.396579). Saving best model...
Epoch  13/50 | Train Loss: 0.5377 Acc: 0.7042 F1: 0.6991 | Val Loss: 0.4077 Acc: 0.8462 F1: 0.8462 | Train Meta: Scaleμ:0.9047, Signal|S|μ:8.0117, Delta|S|μ:6.1757, Delta/Signal:77.08%, Gateμ:-0.3439, Gate0%:0.0, MetaNormμ:8.7739 | Val Meta: Scaleμ:0.9047, Signal|S|μ:10.1614, Delta|S|μ:7.8299, Delta/Signal:77.06%, Gateμ:-0.3439, Gate0%:0.0, MetaNormμ:8.7739
Epoch  14/50 | Train Loss: 0.5291 Acc: 0.7250 F1: 0.7200 | Val Loss: 0.3963 Acc: 0.8462 F1: 0.8462 | Train Meta: Scaleμ:0.9047, Signal|S|μ:6.1009, Delta|S|μ:4.7026, Delta/Signal:77.08%, Gateμ:-0.3439, Gate0%:0.0, MetaNormμ:8.7739 | Val Meta: Scaleμ:0.9047, Signal|S|μ:10.1614, Delta|S|μ:7.8299, Delta/Signal:77.06%, Gateμ:-0.3439, Gate0%:0.0, MetaNormμ:8.7739
Validation Loss decreased (0.396579 --> 0.396334). Saving best model...
Epoch  15/50 | Train Loss: 0.5336 Acc: 0.7167 F1: 0.7133 | Val Loss: 0.4127 Acc: 0.8462 F1: 0.8462 | Train Meta: Scaleμ:0.9047, Signal|S|μ:9.7663, Delta|S|μ:7.5265, Delta/Signal:77.07%, Gateμ:-0.3439, Gate0%:0.0, MetaNormμ:8.7739 | Val Meta: Scaleμ:0.9047, Signal|S|μ:10.1614, Delta|S|μ:7.8299, Delta/Signal:77.06%, Gateμ:-0.3439, Gate0%:0.0, MetaNormμ:8.7739
Epoch  16/50 | Train Loss: 0.5320 Acc: 0.7333 F1: 0.7306 | Val Loss: 0.3943 Acc: 0.8462 F1: 0.8462 | Train Meta: Scaleμ:0.9047, Signal|S|μ:8.4516, Delta|S|μ:6.5141, Delta/Signal:77.08%, Gateμ:-0.3439, Gate0%:0.0, MetaNormμ:8.7739 | Val Meta: Scaleμ:0.9047, Signal|S|μ:10.1614, Delta|S|μ:7.8299, Delta/Signal:77.06%, Gateμ:-0.3439, Gate0%:0.0, MetaNormμ:8.7739
Validation Loss decreased (0.396334 --> 0.394323). Saving best model...
Epoch  17/50 | Train Loss: 0.5302 Acc: 0.7167 F1: 0.7133 | Val Loss: 0.3822 Acc: 0.8462 F1: 0.8462 | Train Meta: Scaleμ:0.9047, Signal|S|μ:7.0888, Delta|S|μ:5.4631, Delta/Signal:77.07%, Gateμ:-0.3439, Gate0%:0.0, MetaNormμ:8.7739 | Val Meta: Scaleμ:0.9047, Signal|S|μ:10.1614, Delta|S|μ:7.8299, Delta/Signal:77.06%, Gateμ:-0.3439, Gate0%:0.0, MetaNormμ:8.7739
Validation Loss decreased (0.394323 --> 0.382226). Saving best model...
Epoch  18/50 | Train Loss: 0.5328 Acc: 0.7167 F1: 0.7094 | Val Loss: 0.4074 Acc: 0.8462 F1: 0.8462 | Train Meta: Scaleμ:0.9047, Signal|S|μ:6.8319, Delta|S|μ:5.2648, Delta/Signal:77.06%, Gateμ:-0.3439, Gate0%:0.0, MetaNormμ:8.7739 | Val Meta: Scaleμ:0.9047, Signal|S|μ:10.1614, Delta|S|μ:7.8299, Delta/Signal:77.06%, Gateμ:-0.3439, Gate0%:0.0, MetaNormμ:8.7739
Epoch  19/50 | Train Loss: 0.5269 Acc: 0.7125 F1: 0.7103 | Val Loss: 0.4098 Acc: 0.8462 F1: 0.8462 | Train Meta: Scaleμ:0.9047, Signal|S|μ:8.1844, Delta|S|μ:6.3060, Delta/Signal:77.05%, Gateμ:-0.3439, Gate0%:0.0, MetaNormμ:8.7739 | Val Meta: Scaleμ:0.9047, Signal|S|μ:10.1614, Delta|S|μ:7.8299, Delta/Signal:77.06%, Gateμ:-0.3439, Gate0%:0.0, MetaNormμ:8.7739
Epoch  20/50 | Train Loss: 0.5340 Acc: 0.7167 F1: 0.7109 | Val Loss: 0.3991 Acc: 0.8462 F1: 0.8462 | Train Meta: Scaleμ:0.9047, Signal|S|μ:9.6986, Delta|S|μ:7.4744, Delta/Signal:77.07%, Gateμ:-0.3439, Gate0%:0.0, MetaNormμ:8.7739 | Val Meta: Scaleμ:0.9047, Signal|S|μ:10.1614, Delta|S|μ:7.8299, Delta/Signal:77.06%, Gateμ:-0.3439, Gate0%:0.0, MetaNormμ:8.7739
Epoch  21/50 | Train Loss: 0.5251 Acc: 0.7292 F1: 0.7246 | Val Loss: 0.4082 Acc: 0.8462 F1: 0.8462 | Train Meta: Scaleμ:0.9047, Signal|S|μ:7.1082, Delta|S|μ:5.4774, Delta/Signal:77.06%, Gateμ:-0.3439, Gate0%:0.0, MetaNormμ:8.7739 | Val Meta: Scaleμ:0.9047, Signal|S|μ:10.1614, Delta|S|μ:7.8299, Delta/Signal:77.06%, Gateμ:-0.3439, Gate0%:0.0, MetaNormμ:8.7739
Epoch  22/50 | Train Loss: 0.5229 Acc: 0.7292 F1: 0.7257 | Val Loss: 0.3887 Acc: 0.8462 F1: 0.8462 | Train Meta: Scaleμ:0.9047, Signal|S|μ:8.2692, Delta|S|μ:6.3737, Delta/Signal:77.08%, Gateμ:-0.3439, Gate0%:0.0, MetaNormμ:8.7739 | Val Meta: Scaleμ:0.9047, Signal|S|μ:10.1614, Delta|S|μ:7.8299, Delta/Signal:77.06%, Gateμ:-0.3439, Gate0%:0.0, MetaNormμ:8.7739
Epoch  23/50 | Train Loss: 0.5229 Acc: 0.7125 F1: 0.7070 | Val Loss: 0.3933 Acc: 0.8462 F1: 0.8462 | Train Meta: Scaleμ:0.9047, Signal|S|μ:7.7570, Delta|S|μ:5.9794, Delta/Signal:77.08%, Gateμ:-0.3439, Gate0%:0.0, MetaNormμ:8.7739 | Val Meta: Scaleμ:0.9047, Signal|S|μ:10.1614, Delta|S|μ:7.8299, Delta/Signal:77.06%, Gateμ:-0.3439, Gate0%:0.0, MetaNormμ:8.7739
Epoch  24/50 | Train Loss: 0.5213 Acc: 0.7250 F1: 0.7200 | Val Loss: 0.3923 Acc: 0.8462 F1: 0.8462 | Train Meta: Scaleμ:0.9047, Signal|S|μ:6.1670, Delta|S|μ:4.7533, Delta/Signal:77.08%, Gateμ:-0.3439, Gate0%:0.0, MetaNormμ:8.7739 | Val Meta: Scaleμ:0.9047, Signal|S|μ:10.1614, Delta|S|μ:7.8299, Delta/Signal:77.06%, Gateμ:-0.3439, Gate0%:0.0, MetaNormμ:8.7739
Epoch  25/50 | Train Loss: 0.5238 Acc: 0.7375 F1: 0.7346 | Val Loss: 0.4078 Acc: 0.8462 F1: 0.8462 | Train Meta: Scaleμ:0.9047, Signal|S|μ:7.0126, Delta|S|μ:5.4034, Delta/Signal:77.05%, Gateμ:-0.3439, Gate0%:0.0, MetaNormμ:8.7739 | Val Meta: Scaleμ:0.9047, Signal|S|μ:10.1614, Delta|S|μ:7.8299, Delta/Signal:77.06%, Gateμ:-0.3439, Gate0%:0.0, MetaNormμ:8.7739
Epoch  26/50 | Train Loss: 0.5162 Acc: 0.7250 F1: 0.7212 | Val Loss: 0.3827 Acc: 0.8462 F1: 0.8462 | Train Meta: Scaleμ:0.9047, Signal|S|μ:6.8387, Delta|S|μ:5.2729, Delta/Signal:77.10%, Gateμ:-0.3439, Gate0%:0.0, MetaNormμ:8.7739 | Val Meta: Scaleμ:0.9047, Signal|S|μ:10.1614, Delta|S|μ:7.8299, Delta/Signal:77.06%, Gateμ:-0.3439, Gate0%:0.0, MetaNormμ:8.7739
Epoch  27/50 | Train Loss: 0.5209 Acc: 0.7167 F1: 0.7101 | Val Loss: 0.3819 Acc: 0.8462 F1: 0.8462 | Train Meta: Scaleμ:0.9047, Signal|S|μ:11.4789, Delta|S|μ:8.8447, Delta/Signal:77.05%, Gateμ:-0.3439, Gate0%:0.0, MetaNormμ:8.7739 | Val Meta: Scaleμ:0.9047, Signal|S|μ:10.1614, Delta|S|μ:7.8299, Delta/Signal:77.06%, Gateμ:-0.3439, Gate0%:0.0, MetaNormμ:8.7739
Validation Loss decreased (0.382226 --> 0.381880). Saving best model...
Epoch  28/50 | Train Loss: 0.5249 Acc: 0.7292 F1: 0.7267 | Val Loss: 0.3872 Acc: 0.8462 F1: 0.8462 | Train Meta: Scaleμ:0.9047, Signal|S|μ:8.0561, Delta|S|μ:6.2086, Delta/Signal:77.07%, Gateμ:-0.3439, Gate0%:0.0, MetaNormμ:8.7739 | Val Meta: Scaleμ:0.9047, Signal|S|μ:10.1614, Delta|S|μ:7.8299, Delta/Signal:77.06%, Gateμ:-0.3439, Gate0%:0.0, MetaNormμ:8.7739
Epoch  29/50 | Train Loss: 0.5155 Acc: 0.7375 F1: 0.7324 | Val Loss: 0.3798 Acc: 0.8462 F1: 0.8462 | Train Meta: Scaleμ:0.9047, Signal|S|μ:8.2116, Delta|S|μ:6.3263, Delta/Signal:77.04%, Gateμ:-0.3439, Gate0%:0.0, MetaNormμ:8.7739 | Val Meta: Scaleμ:0.9047, Signal|S|μ:10.1614, Delta|S|μ:7.8299, Delta/Signal:77.06%, Gateμ:-0.3439, Gate0%:0.0, MetaNormμ:8.7739
Validation Loss decreased (0.381880 --> 0.379789). Saving best model...
Epoch  30/50 | Train Loss: 0.5162 Acc: 0.7208 F1: 0.7140 | Val Loss: 0.3787 Acc: 0.8462 F1: 0.8462 | Train Meta: Scaleμ:0.9047, Signal|S|μ:6.5495, Delta|S|μ:5.0490, Delta/Signal:77.09%, Gateμ:-0.3439, Gate0%:0.0, MetaNormμ:8.7739 | Val Meta: Scaleμ:0.9047, Signal|S|μ:10.1614, Delta|S|μ:7.8299, Delta/Signal:77.06%, Gateμ:-0.3439, Gate0%:0.0, MetaNormμ:8.7739
Validation Loss decreased (0.379789 --> 0.378706). Saving best model...
Epoch  31/50 | Train Loss: 0.5206 Acc: 0.7333 F1: 0.7279 | Val Loss: 0.3843 Acc: 0.8462 F1: 0.8462 | Train Meta: Scaleμ:0.9047, Signal|S|μ:7.8769, Delta|S|μ:6.0706, Delta/Signal:77.07%, Gateμ:-0.3439, Gate0%:0.0, MetaNormμ:8.7739 | Val Meta: Scaleμ:0.9047, Signal|S|μ:10.1614, Delta|S|μ:7.8299, Delta/Signal:77.06%, Gateμ:-0.3439, Gate0%:0.0, MetaNormμ:8.7739
Epoch  32/50 | Train Loss: 0.5201 Acc: 0.7500 F1: 0.7489 | Val Loss: 0.4022 Acc: 0.8462 F1: 0.8462 | Train Meta: Scaleμ:0.9047, Signal|S|μ:11.9332, Delta|S|μ:9.1970, Delta/Signal:77.07%, Gateμ:-0.3439, Gate0%:0.0, MetaNormμ:8.7739 | Val Meta: Scaleμ:0.9047, Signal|S|μ:10.1614, Delta|S|μ:7.8299, Delta/Signal:77.06%, Gateμ:-0.3439, Gate0%:0.0, MetaNormμ:8.7739
Epoch  33/50 | Train Loss: 0.5173 Acc: 0.7125 F1: 0.7070 | Val Loss: 0.3703 Acc: 0.8462 F1: 0.8462 | Train Meta: Scaleμ:0.9047, Signal|S|μ:9.0257, Delta|S|μ:6.9553, Delta/Signal:77.06%, Gateμ:-0.3439, Gate0%:0.0, MetaNormμ:8.7739 | Val Meta: Scaleμ:0.9047, Signal|S|μ:10.1614, Delta|S|μ:7.8299, Delta/Signal:77.06%, Gateμ:-0.3439, Gate0%:0.0, MetaNormμ:8.7739
Validation Loss decreased (0.378706 --> 0.370330). Saving best model...
Epoch  34/50 | Train Loss: 0.5205 Acc: 0.7208 F1: 0.7167 | Val Loss: 0.3821 Acc: 0.8462 F1: 0.8462 | Train Meta: Scaleμ:0.9047, Signal|S|μ:7.4521, Delta|S|μ:5.7443, Delta/Signal:77.08%, Gateμ:-0.3439, Gate0%:0.0, MetaNormμ:8.7739 | Val Meta: Scaleμ:0.9047, Signal|S|μ:10.1614, Delta|S|μ:7.8299, Delta/Signal:77.06%, Gateμ:-0.3439, Gate0%:0.0, MetaNormμ:8.7739
Epoch  35/50 | Train Loss: 0.5202 Acc: 0.7458 F1: 0.7442 | Val Loss: 0.3931 Acc: 0.8462 F1: 0.8462 | Train Meta: Scaleμ:0.9047, Signal|S|μ:7.6283, Delta|S|μ:5.8779, Delta/Signal:77.05%, Gateμ:-0.3439, Gate0%:0.0, MetaNormμ:8.7739 | Val Meta: Scaleμ:0.9047, Signal|S|μ:10.1614, Delta|S|μ:7.8299, Delta/Signal:77.06%, Gateμ:-0.3439, Gate0%:0.0, MetaNormμ:8.7739
Epoch  36/50 | Train Loss: 0.5094 Acc: 0.7375 F1: 0.7324 | Val Loss: 0.3779 Acc: 0.8462 F1: 0.8462 | Train Meta: Scaleμ:0.9047, Signal|S|μ:6.4296, Delta|S|μ:4.9545, Delta/Signal:77.06%, Gateμ:-0.3439, Gate0%:0.0, MetaNormμ:8.7739 | Val Meta: Scaleμ:0.9047, Signal|S|μ:10.1614, Delta|S|μ:7.8299, Delta/Signal:77.06%, Gateμ:-0.3439, Gate0%:0.0, MetaNormμ:8.7739
Epoch  37/50 | Train Loss: 0.5153 Acc: 0.7333 F1: 0.7297 | Val Loss: 0.3997 Acc: 0.8462 F1: 0.8462 | Train Meta: Scaleμ:0.9047, Signal|S|μ:8.4922, Delta|S|μ:6.5425, Delta/Signal:77.04%, Gateμ:-0.3439, Gate0%:0.0, MetaNormμ:8.7739 | Val Meta: Scaleμ:0.9047, Signal|S|μ:10.1614, Delta|S|μ:7.8299, Delta/Signal:77.06%, Gateμ:-0.3439, Gate0%:0.0, MetaNormμ:8.7739
Epoch  38/50 | Train Loss: 0.5099 Acc: 0.7417 F1: 0.7376 | Val Loss: 0.3828 Acc: 0.8462 F1: 0.8462 | Train Meta: Scaleμ:0.9047, Signal|S|μ:8.8676, Delta|S|μ:6.8331, Delta/Signal:77.06%, Gateμ:-0.3439, Gate0%:0.0, MetaNormμ:8.7739 | Val Meta: Scaleμ:0.9047, Signal|S|μ:10.1614, Delta|S|μ:7.8299, Delta/Signal:77.06%, Gateμ:-0.3439, Gate0%:0.0, MetaNormμ:8.7739
Epoch  39/50 | Train Loss: 0.5128 Acc: 0.7375 F1: 0.7355 | Val Loss: 0.3912 Acc: 0.8462 F1: 0.8462 | Train Meta: Scaleμ:0.9047, Signal|S|μ:7.0648, Delta|S|μ:5.4445, Delta/Signal:77.07%, Gateμ:-0.3439, Gate0%:0.0, MetaNormμ:8.7739 | Val Meta: Scaleμ:0.9047, Signal|S|μ:10.1614, Delta|S|μ:7.8299, Delta/Signal:77.06%, Gateμ:-0.3439, Gate0%:0.0, MetaNormμ:8.7739
Epoch  40/50 | Train Loss: 0.5061 Acc: 0.7417 F1: 0.7381 | Val Loss: 0.3791 Acc: 0.8462 F1: 0.8462 | Train Meta: Scaleμ:0.9047, Signal|S|μ:7.1607, Delta|S|μ:5.5175, Delta/Signal:77.05%, Gateμ:-0.3439, Gate0%:0.0, MetaNormμ:8.7739 | Val Meta: Scaleμ:0.9047, Signal|S|μ:10.1614, Delta|S|μ:7.8299, Delta/Signal:77.06%, Gateμ:-0.3439, Gate0%:0.0, MetaNormμ:8.7739
Epoch  41/50 | Train Loss: 0.5141 Acc: 0.7333 F1: 0.7279 | Val Loss: 0.3845 Acc: 0.8462 F1: 0.8462 | Train Meta: Scaleμ:0.9047, Signal|S|μ:10.3307, Delta|S|μ:7.9620, Delta/Signal:77.07%, Gateμ:-0.3439, Gate0%:0.0, MetaNormμ:8.7739 | Val Meta: Scaleμ:0.9047, Signal|S|μ:10.1614, Delta|S|μ:7.8299, Delta/Signal:77.06%, Gateμ:-0.3439, Gate0%:0.0, MetaNormμ:8.7739
Epoch  42/50 | Train Loss: 0.5127 Acc: 0.7708 F1: 0.7699 | Val Loss: 0.4083 Acc: 0.7692 F1: 0.7679 | Train Meta: Scaleμ:0.9047, Signal|S|μ:7.1215, Delta|S|μ:5.4884, Delta/Signal:77.07%, Gateμ:-0.3439, Gate0%:0.0, MetaNormμ:8.7739 | Val Meta: Scaleμ:0.9047, Signal|S|μ:10.1614, Delta|S|μ:7.8299, Delta/Signal:77.06%, Gateμ:-0.3439, Gate0%:0.0, MetaNormμ:8.7739
Epoch  43/50 | Train Loss: 0.5107 Acc: 0.7625 F1: 0.7607 | Val Loss: 0.3901 Acc: 0.8077 F1: 0.8074 | Train Meta: Scaleμ:0.9047, Signal|S|μ:8.6656, Delta|S|μ:6.6772, Delta/Signal:77.05%, Gateμ:-0.3439, Gate0%:0.0, MetaNormμ:8.7739 | Val Meta: Scaleμ:0.9047, Signal|S|μ:10.1614, Delta|S|μ:7.8299, Delta/Signal:77.06%, Gateμ:-0.3439, Gate0%:0.0, MetaNormμ:8.7739
Epoch  44/50 | Train Loss: 0.5053 Acc: 0.7500 F1: 0.7466 | Val Loss: 0.3659 Acc: 0.8462 F1: 0.8462 | Train Meta: Scaleμ:0.9047, Signal|S|μ:7.3033, Delta|S|μ:5.6268, Delta/Signal:77.04%, Gateμ:-0.3439, Gate0%:0.0, MetaNormμ:8.7739 | Val Meta: Scaleμ:0.9047, Signal|S|μ:10.1614, Delta|S|μ:7.8299, Delta/Signal:77.06%, Gateμ:-0.3439, Gate0%:0.0, MetaNormμ:8.7739
Validation Loss decreased (0.370330 --> 0.365912). Saving best model...
Epoch  45/50 | Train Loss: 0.5074 Acc: 0.7458 F1: 0.7426 | Val Loss: 0.3921 Acc: 0.8077 F1: 0.8074 | Train Meta: Scaleμ:0.9047, Signal|S|μ:7.9499, Delta|S|μ:6.1244, Delta/Signal:77.04%, Gateμ:-0.3439, Gate0%:0.0, MetaNormμ:8.7739 | Val Meta: Scaleμ:0.9047, Signal|S|μ:10.1614, Delta|S|μ:7.8299, Delta/Signal:77.06%, Gateμ:-0.3439, Gate0%:0.0, MetaNormμ:8.7739
Epoch  46/50 | Train Loss: 0.5094 Acc: 0.7667 F1: 0.7659 | Val Loss: 0.3980 Acc: 0.8077 F1: 0.8074 | Train Meta: Scaleμ:0.9047, Signal|S|μ:8.3255, Delta|S|μ:6.4154, Delta/Signal:77.06%, Gateμ:-0.3439, Gate0%:0.0, MetaNormμ:8.7739 | Val Meta: Scaleμ:0.9047, Signal|S|μ:10.1614, Delta|S|μ:7.8299, Delta/Signal:77.06%, Gateμ:-0.3439, Gate0%:0.0, MetaNormμ:8.7739
Epoch  47/50 | Train Loss: 0.5082 Acc: 0.7292 F1: 0.7239 | Val Loss: 0.3594 Acc: 0.8462 F1: 0.8462 | Train Meta: Scaleμ:0.9047, Signal|S|μ:7.0825, Delta|S|μ:5.4590, Delta/Signal:77.08%, Gateμ:-0.3439, Gate0%:0.0, MetaNormμ:8.7739 | Val Meta: Scaleμ:0.9047, Signal|S|μ:10.1614, Delta|S|μ:7.8299, Delta/Signal:77.06%, Gateμ:-0.3439, Gate0%:0.0, MetaNormμ:8.7739
Validation Loss decreased (0.365912 --> 0.359441). Saving best model...
Epoch  48/50 | Train Loss: 0.5130 Acc: 0.7417 F1: 0.7405 | Val Loss: 0.3993 Acc: 0.8077 F1: 0.8074 | Train Meta: Scaleμ:0.9047, Signal|S|μ:7.9604, Delta|S|μ:6.1335, Delta/Signal:77.05%, Gateμ:-0.3439, Gate0%:0.0, MetaNormμ:8.7739 | Val Meta: Scaleμ:0.9047, Signal|S|μ:10.1614, Delta|S|μ:7.8299, Delta/Signal:77.06%, Gateμ:-0.3439, Gate0%:0.0, MetaNormμ:8.7739
Epoch  49/50 | Train Loss: 0.5060 Acc: 0.7542 F1: 0.7519 | Val Loss: 0.3872 Acc: 0.8077 F1: 0.8074 | Train Meta: Scaleμ:0.9047, Signal|S|μ:9.7232, Delta|S|μ:7.4906, Delta/Signal:77.04%, Gateμ:-0.3439, Gate0%:0.0, MetaNormμ:8.7739 | Val Meta: Scaleμ:0.9047, Signal|S|μ:10.1614, Delta|S|μ:7.8299, Delta/Signal:77.06%, Gateμ:-0.3439, Gate0%:0.0, MetaNormμ:8.7739
Epoch  50/50 | Train Loss: 0.5063 Acc: 0.7458 F1: 0.7430 | Val Loss: 0.3852 Acc: 0.8077 F1: 0.8074 | Train Meta: Scaleμ:0.9047, Signal|S|μ:9.2376, Delta|S|μ:7.1181, Delta/Signal:77.06%, Gateμ:-0.3439, Gate0%:0.0, MetaNormμ:8.7739 | Val Meta: Scaleμ:0.9047, Signal|S|μ:10.1614, Delta|S|μ:7.8299, Delta/Signal:77.06%, Gateμ:-0.3439, Gate0%:0.0, MetaNormμ:8.7739

Classification Test Result (SelfRegulationSCP1)
Accuracy : 0.754266
F1 (macro): 0.742355
Saved attention maps for 3 sample(s) under ./runs/classification_electricity_to_SelfRegulationSCP1_laya_metadata_query_gate_text/attention_maps
Text metadata preview | dataset=SelfRegulationSCP2 | domain=UEA | channels=7
   - channel_1: In the UEA domain, this channel belongs to the SelfRegulationSCP2 dataset and represents the feature channel 1.
   - channel_2: In the UEA domain, this channel belongs to the SelfRegulationSCP2 dataset and represents the feature channel 2.
   - ... (5 more channel descriptions)
==================================================
🚀 Architecture: LAYA
📊 Target Dataset: SelfRegulationSCP2 (Channels: 7)
📊 Pretrain Info: electricity
📊 Classes: 2 | Sequence Length: 1152
==================================================
✅ Loaded pretrained encoder from ./checkpoints/electricity_laya_metadata_query_gate_text/laya_ts_electricity_s_best.pt
   - 62/62 keys matched.
✅ Encoder is FROZEN (Linear Probing mode).
📝 metadata: mode=text, fusion=none, relation=metadata_query_gate
ℹ️  Metadata Fusion Mode: none
ℹ️  Channel Mixer Relation Mode: metadata_query_gate
ℹ️  Encoder Variant: default
ℹ️  Channel Adapter: disabled for Laya downstream (mixer)
ℹ️  Channel Relation Block: disabled
✅ ClassificationHead: [B, 128] → [B, 2]
Epoch   1/50 | Train Loss: 0.8112 Acc: 0.4886 F1: 0.3469 | Val Loss: 0.6802 Acc: 0.5000 F1: 0.4048 | Train Meta: Scaleμ:0.9047, Signal|S|μ:9.2082, Delta|S|μ:6.5580, Delta/Signal:71.22%, Gateμ:-0.2819, Gate0%:0.0, MetaNormμ:8.6717 | Val Meta: Scaleμ:0.9047, Signal|S|μ:8.9107, Delta|S|μ:6.3464, Delta/Signal:71.22%, Gateμ:-0.2819, Gate0%:0.0, MetaNormμ:8.6717
Validation Loss decreased (inf --> 0.680239). Saving best model...
Epoch   2/50 | Train Loss: 0.6888 Acc: 0.4602 F1: 0.4149 | Val Loss: 0.7293 Acc: 0.4000 F1: 0.2857 | Train Meta: Scaleμ:0.9047, Signal|S|μ:7.4947, Delta|S|μ:5.3382, Delta/Signal:71.23%, Gateμ:-0.2819, Gate0%:0.0, MetaNormμ:8.6717 | Val Meta: Scaleμ:0.9047, Signal|S|μ:8.9107, Delta|S|μ:6.3464, Delta/Signal:71.22%, Gateμ:-0.2819, Gate0%:0.0, MetaNormμ:8.6717
Epoch   3/50 | Train Loss: 0.6822 Acc: 0.5170 F1: 0.3511 | Val Loss: 0.7066 Acc: 0.5000 F1: 0.4505 | Train Meta: Scaleμ:0.9047, Signal|S|μ:9.5316, Delta|S|μ:6.7892, Delta/Signal:71.23%, Gateμ:-0.2819, Gate0%:0.0, MetaNormμ:8.6717 | Val Meta: Scaleμ:0.9047, Signal|S|μ:8.9107, Delta|S|μ:6.3464, Delta/Signal:71.22%, Gateμ:-0.2819, Gate0%:0.0, MetaNormμ:8.6717
Epoch   4/50 | Train Loss: 0.6706 Acc: 0.5398 F1: 0.5354 | Val Loss: 0.6996 Acc: 0.3500 F1: 0.3067 | Train Meta: Scaleμ:0.9047, Signal|S|μ:9.2732, Delta|S|μ:6.6041, Delta/Signal:71.22%, Gateμ:-0.2819, Gate0%:0.0, MetaNormμ:8.6717 | Val Meta: Scaleμ:0.9047, Signal|S|μ:8.9107, Delta|S|μ:6.3464, Delta/Signal:71.22%, Gateμ:-0.2819, Gate0%:0.0, MetaNormμ:8.6717
Epoch   5/50 | Train Loss: 0.6746 Acc: 0.5341 F1: 0.5060 | Val Loss: 0.6994 Acc: 0.4500 F1: 0.4373 | Train Meta: Scaleμ:0.9047, Signal|S|μ:6.5872, Delta|S|μ:4.6922, Delta/Signal:71.23%, Gateμ:-0.2819, Gate0%:0.0, MetaNormμ:8.6717 | Val Meta: Scaleμ:0.9047, Signal|S|μ:8.9107, Delta|S|μ:6.3464, Delta/Signal:71.22%, Gateμ:-0.2819, Gate0%:0.0, MetaNormμ:8.6717
Epoch   6/50 | Train Loss: 0.6736 Acc: 0.5170 F1: 0.5101 | Val Loss: 0.7083 Acc: 0.5500 F1: 0.5396 | Train Meta: Scaleμ:0.9047, Signal|S|μ:7.6877, Delta|S|μ:5.4741, Delta/Signal:71.21%, Gateμ:-0.2819, Gate0%:0.0, MetaNormμ:8.6717 | Val Meta: Scaleμ:0.9047, Signal|S|μ:8.9107, Delta|S|μ:6.3464, Delta/Signal:71.22%, Gateμ:-0.2819, Gate0%:0.0, MetaNormμ:8.6717
Epoch   7/50 | Train Loss: 0.6706 Acc: 0.5795 F1: 0.5716 | Val Loss: 0.7067 Acc: 0.5500 F1: 0.5396 | Train Meta: Scaleμ:0.9047, Signal|S|μ:11.2028, Delta|S|μ:7.9777, Delta/Signal:71.21%, Gateμ:-0.2819, Gate0%:0.0, MetaNormμ:8.6717 | Val Meta: Scaleμ:0.9047, Signal|S|μ:8.9107, Delta|S|μ:6.3464, Delta/Signal:71.22%, Gateμ:-0.2819, Gate0%:0.0, MetaNormμ:8.6717
Epoch   8/50 | Train Loss: 0.6669 Acc: 0.5739 F1: 0.5732 | Val Loss: 0.7084 Acc: 0.6000 F1: 0.5960 | Train Meta: Scaleμ:0.9047, Signal|S|μ:7.9553, Delta|S|μ:5.6655, Delta/Signal:71.22%, Gateμ:-0.2819, Gate0%:0.0, MetaNormμ:8.6717 | Val Meta: Scaleμ:0.9047, Signal|S|μ:8.9107, Delta|S|μ:6.3464, Delta/Signal:71.22%, Gateμ:-0.2819, Gate0%:0.0, MetaNormμ:8.6717
Epoch   9/50 | Train Loss: 0.6694 Acc: 0.5568 F1: 0.5566 | Val Loss: 0.7128 Acc: 0.5500 F1: 0.5396 | Train Meta: Scaleμ:0.9047, Signal|S|μ:6.1486, Delta|S|μ:4.3774, Delta/Signal:71.19%, Gateμ:-0.2819, Gate0%:0.0, MetaNormμ:8.6717 | Val Meta: Scaleμ:0.9047, Signal|S|μ:8.9107, Delta|S|μ:6.3464, Delta/Signal:71.22%, Gateμ:-0.2819, Gate0%:0.0, MetaNormμ:8.6717
Epoch  10/50 | Train Loss: 0.6664 Acc: 0.5682 F1: 0.5668 | Val Loss: 0.7035 Acc: 0.5000 F1: 0.4949 | Train Meta: Scaleμ:0.9047, Signal|S|μ:7.5966, Delta|S|μ:5.4096, Delta/Signal:71.21%, Gateμ:-0.2819, Gate0%:0.0, MetaNormμ:8.6717 | Val Meta: Scaleμ:0.9047, Signal|S|μ:8.9107, Delta|S|μ:6.3464, Delta/Signal:71.22%, Gateμ:-0.2819, Gate0%:0.0, MetaNormμ:8.6717
Epoch  11/50 | Train Loss: 0.6696 Acc: 0.5341 F1: 0.5331 | Val Loss: 0.7200 Acc: 0.5500 F1: 0.5489 | Train Meta: Scaleμ:0.9047, Signal|S|μ:7.1187, Delta|S|μ:5.0705, Delta/Signal:71.23%, Gateμ:-0.2819, Gate0%:0.0, MetaNormμ:8.6717 | Val Meta: Scaleμ:0.9047, Signal|S|μ:8.9107, Delta|S|μ:6.3464, Delta/Signal:71.22%, Gateμ:-0.2819, Gate0%:0.0, MetaNormμ:8.6717
Epoch  12/50 | Train Loss: 0.6687 Acc: 0.5398 F1: 0.5331 | Val Loss: 0.7094 Acc: 0.5500 F1: 0.5489 | Train Meta: Scaleμ:0.9047, Signal|S|μ:6.3284, Delta|S|μ:4.5073, Delta/Signal:71.22%, Gateμ:-0.2819, Gate0%:0.0, MetaNormμ:8.6717 | Val Meta: Scaleμ:0.9047, Signal|S|μ:8.9107, Delta|S|μ:6.3464, Delta/Signal:71.22%, Gateμ:-0.2819, Gate0%:0.0, MetaNormμ:8.6717
Epoch  13/50 | Train Loss: 0.6706 Acc: 0.5568 F1: 0.5540 | Val Loss: 0.7292 Acc: 0.4000 F1: 0.3407 | Train Meta: Scaleμ:0.9047, Signal|S|μ:6.7131, Delta|S|μ:4.7805, Delta/Signal:71.21%, Gateμ:-0.2819, Gate0%:0.0, MetaNormμ:8.6717 | Val Meta: Scaleμ:0.9047, Signal|S|μ:8.9107, Delta|S|μ:6.3464, Delta/Signal:71.22%, Gateμ:-0.2819, Gate0%:0.0, MetaNormμ:8.6717
Epoch  14/50 | Train Loss: 0.6660 Acc: 0.5909 F1: 0.5866 | Val Loss: 0.7160 Acc: 0.5500 F1: 0.5489 | Train Meta: Scaleμ:0.9047, Signal|S|μ:8.8366, Delta|S|μ:6.2920, Delta/Signal:71.20%, Gateμ:-0.2819, Gate0%:0.0, MetaNormμ:8.6717 | Val Meta: Scaleμ:0.9047, Signal|S|μ:8.9107, Delta|S|μ:6.3464, Delta/Signal:71.22%, Gateμ:-0.2819, Gate0%:0.0, MetaNormμ:8.6717
Epoch  15/50 | Train Loss: 0.6639 Acc: 0.5682 F1: 0.5646 | Val Loss: 0.7185 Acc: 0.4000 F1: 0.3939 | Train Meta: Scaleμ:0.9047, Signal|S|μ:6.9278, Delta|S|μ:4.9342, Delta/Signal:71.22%, Gateμ:-0.2819, Gate0%:0.0, MetaNormμ:8.6717 | Val Meta: Scaleμ:0.9047, Signal|S|μ:8.9107, Delta|S|μ:6.3464, Delta/Signal:71.22%, Gateμ:-0.2819, Gate0%:0.0, MetaNormμ:8.6717
Epoch  16/50 | Train Loss: 0.6690 Acc: 0.5966 F1: 0.5950 | Val Loss: 0.7095 Acc: 0.4000 F1: 0.3939 | Train Meta: Scaleμ:0.9047, Signal|S|μ:6.1368, Delta|S|μ:4.3705, Delta/Signal:71.22%, Gateμ:-0.2819, Gate0%:0.0, MetaNormμ:8.6717 | Val Meta: Scaleμ:0.9047, Signal|S|μ:8.9107, Delta|S|μ:6.3464, Delta/Signal:71.22%, Gateμ:-0.2819, Gate0%:0.0, MetaNormμ:8.6717
Epoch  17/50 | Train Loss: 0.6678 Acc: 0.5625 F1: 0.5593 | Val Loss: 0.7144 Acc: 0.4000 F1: 0.3939 | Train Meta: Scaleμ:0.9047, Signal|S|μ:8.3509, Delta|S|μ:5.9474, Delta/Signal:71.22%, Gateμ:-0.2819, Gate0%:0.0, MetaNormμ:8.6717 | Val Meta: Scaleμ:0.9047, Signal|S|μ:8.9107, Delta|S|μ:6.3464, Delta/Signal:71.22%, Gateμ:-0.2819, Gate0%:0.0, MetaNormμ:8.6717
Epoch  18/50 | Train Loss: 0.6650 Acc: 0.6023 F1: 0.6014 | Val Loss: 0.7226 Acc: 0.6000 F1: 0.5960 | Train Meta: Scaleμ:0.9047, Signal|S|μ:8.0706, Delta|S|μ:5.7465, Delta/Signal:71.20%, Gateμ:-0.2819, Gate0%:0.0, MetaNormμ:8.6717 | Val Meta: Scaleμ:0.9047, Signal|S|μ:8.9107, Delta|S|μ:6.3464, Delta/Signal:71.22%, Gateμ:-0.2819, Gate0%:0.0, MetaNormμ:8.6717
Epoch  19/50 | Train Loss: 0.6639 Acc: 0.5511 F1: 0.5469 | Val Loss: 0.7153 Acc: 0.5000 F1: 0.4949 | Train Meta: Scaleμ:0.9047, Signal|S|μ:10.9427, Delta|S|μ:7.7924, Delta/Signal:71.21%, Gateμ:-0.2819, Gate0%:0.0, MetaNormμ:8.6717 | Val Meta: Scaleμ:0.9047, Signal|S|μ:8.9107, Delta|S|μ:6.3464, Delta/Signal:71.22%, Gateμ:-0.2819, Gate0%:0.0, MetaNormμ:8.6717
Epoch  20/50 | Train Loss: 0.6713 Acc: 0.5227 F1: 0.5042 | Val Loss: 0.7027 Acc: 0.5000 F1: 0.4949 | Train Meta: Scaleμ:0.9047, Signal|S|μ:5.8307, Delta|S|μ:4.1526, Delta/Signal:71.22%, Gateμ:-0.2819, Gate0%:0.0, MetaNormμ:8.6717 | Val Meta: Scaleμ:0.9047, Signal|S|μ:8.9107, Delta|S|μ:6.3464, Delta/Signal:71.22%, Gateμ:-0.2819, Gate0%:0.0, MetaNormμ:8.6717
Epoch  21/50 | Train Loss: 0.6633 Acc: 0.5852 F1: 0.5851 | Val Loss: 0.7275 Acc: 0.4000 F1: 0.3407 | Train Meta: Scaleμ:0.9047, Signal|S|μ:7.8470, Delta|S|μ:5.5870, Delta/Signal:71.20%, Gateμ:-0.2819, Gate0%:0.0, MetaNormμ:8.6717 | Val Meta: Scaleμ:0.9047, Signal|S|μ:8.9107, Delta|S|μ:6.3464, Delta/Signal:71.22%, Gateμ:-0.2819, Gate0%:0.0, MetaNormμ:8.6717
Epoch  22/50 | Train Loss: 0.6675 Acc: 0.5739 F1: 0.5563 | Val Loss: 0.7120 Acc: 0.4500 F1: 0.4486 | Train Meta: Scaleμ:0.9047, Signal|S|μ:7.3202, Delta|S|μ:5.2129, Delta/Signal:71.21%, Gateμ:-0.2819, Gate0%:0.0, MetaNormμ:8.6717 | Val Meta: Scaleμ:0.9047, Signal|S|μ:8.9107, Delta|S|μ:6.3464, Delta/Signal:71.22%, Gateμ:-0.2819, Gate0%:0.0, MetaNormμ:8.6717
Epoch  23/50 | Train Loss: 0.6656 Acc: 0.5852 F1: 0.5836 | Val Loss: 0.7165 Acc: 0.4500 F1: 0.4486 | Train Meta: Scaleμ:0.9047, Signal|S|μ:7.6969, Delta|S|μ:5.4803, Delta/Signal:71.20%, Gateμ:-0.2819, Gate0%:0.0, MetaNormμ:8.6717 | Val Meta: Scaleμ:0.9047, Signal|S|μ:8.9107, Delta|S|μ:6.3464, Delta/Signal:71.22%, Gateμ:-0.2819, Gate0%:0.0, MetaNormμ:8.6717
Epoch  24/50 | Train Loss: 0.6651 Acc: 0.5682 F1: 0.5673 | Val Loss: 0.7290 Acc: 0.6000 F1: 0.5960 | Train Meta: Scaleμ:0.9047, Signal|S|μ:6.7997, Delta|S|μ:4.8418, Delta/Signal:71.21%, Gateμ:-0.2819, Gate0%:0.0, MetaNormμ:8.6717 | Val Meta: Scaleμ:0.9047, Signal|S|μ:8.9107, Delta|S|μ:6.3464, Delta/Signal:71.22%, Gateμ:-0.2819, Gate0%:0.0, MetaNormμ:8.6717
Epoch  25/50 | Train Loss: 0.6683 Acc: 0.5398 F1: 0.5372 | Val Loss: 0.7122 Acc: 0.5000 F1: 0.4949 | Train Meta: Scaleμ:0.9047, Signal|S|μ:7.6968, Delta|S|μ:5.4821, Delta/Signal:71.22%, Gateμ:-0.2819, Gate0%:0.0, MetaNormμ:8.6717 | Val Meta: Scaleμ:0.9047, Signal|S|μ:8.9107, Delta|S|μ:6.3464, Delta/Signal:71.22%, Gateμ:-0.2819, Gate0%:0.0, MetaNormμ:8.6717
Epoch  26/50 | Train Loss: 0.6619 Acc: 0.6080 F1: 0.6078 | Val Loss: 0.7237 Acc: 0.3500 F1: 0.3350 | Train Meta: Scaleμ:0.9047, Signal|S|μ:9.7561, Delta|S|μ:6.9471, Delta/Signal:71.21%, Gateμ:-0.2819, Gate0%:0.0, MetaNormμ:8.6717 | Val Meta: Scaleμ:0.9047, Signal|S|μ:8.9107, Delta|S|μ:6.3464, Delta/Signal:71.22%, Gateμ:-0.2819, Gate0%:0.0, MetaNormμ:8.6717
Epoch  27/50 | Train Loss: 0.6678 Acc: 0.5966 F1: 0.5955 | Val Loss: 0.7217 Acc: 0.4500 F1: 0.4486 | Train Meta: Scaleμ:0.9047, Signal|S|μ:8.7047, Delta|S|μ:6.1989, Delta/Signal:71.21%, Gateμ:-0.2819, Gate0%:0.0, MetaNormμ:8.6717 | Val Meta: Scaleμ:0.9047, Signal|S|μ:8.9107, Delta|S|μ:6.3464, Delta/Signal:71.22%, Gateμ:-0.2819, Gate0%:0.0, MetaNormμ:8.6717
Epoch  28/50 | Train Loss: 0.6693 Acc: 0.5511 F1: 0.5469 | Val Loss: 0.7137 Acc: 0.4500 F1: 0.4486 | Train Meta: Scaleμ:0.9047, Signal|S|μ:6.8981, Delta|S|μ:4.9126, Delta/Signal:71.22%, Gateμ:-0.2819, Gate0%:0.0, MetaNormμ:8.6717 | Val Meta: Scaleμ:0.9047, Signal|S|μ:8.9107, Delta|S|μ:6.3464, Delta/Signal:71.22%, Gateμ:-0.2819, Gate0%:0.0, MetaNormμ:8.6717
Epoch  29/50 | Train Loss: 0.6675 Acc: 0.5795 F1: 0.5670 | Val Loss: 0.7194 Acc: 0.3500 F1: 0.3350 | Train Meta: Scaleμ:0.9047, Signal|S|μ:9.0246, Delta|S|μ:6.4265, Delta/Signal:71.21%, Gateμ:-0.2819, Gate0%:0.0, MetaNormμ:8.6717 | Val Meta: Scaleμ:0.9047, Signal|S|μ:8.9107, Delta|S|μ:6.3464, Delta/Signal:71.22%, Gateμ:-0.2819, Gate0%:0.0, MetaNormμ:8.6717
Epoch  30/50 | Train Loss: 0.6621 Acc: 0.5852 F1: 0.5849 | Val Loss: 0.7151 Acc: 0.5000 F1: 0.5000 | Train Meta: Scaleμ:0.9047, Signal|S|μ:7.7755, Delta|S|μ:5.5363, Delta/Signal:71.20%, Gateμ:-0.2819, Gate0%:0.0, MetaNormμ:8.6717 | Val Meta: Scaleμ:0.9047, Signal|S|μ:8.9107, Delta|S|μ:6.3464, Delta/Signal:71.22%, Gateμ:-0.2819, Gate0%:0.0, MetaNormμ:8.6717
Epoch  31/50 | Train Loss: 0.6633 Acc: 0.5966 F1: 0.5963 | Val Loss: 0.7163 Acc: 0.5000 F1: 0.5000 | Train Meta: Scaleμ:0.9047, Signal|S|μ:8.0332, Delta|S|μ:5.7197, Delta/Signal:71.20%, Gateμ:-0.2819, Gate0%:0.0, MetaNormμ:8.6717 | Val Meta: Scaleμ:0.9047, Signal|S|μ:8.9107, Delta|S|μ:6.3464, Delta/Signal:71.22%, Gateμ:-0.2819, Gate0%:0.0, MetaNormμ:8.6717
Epoch  32/50 | Train Loss: 0.6609 Acc: 0.5795 F1: 0.5795 | Val Loss: 0.7093 Acc: 0.5500 F1: 0.5489 | Train Meta: Scaleμ:0.9047, Signal|S|μ:7.8369, Delta|S|μ:5.5808, Delta/Signal:71.21%, Gateμ:-0.2819, Gate0%:0.0, MetaNormμ:8.6717 | Val Meta: Scaleμ:0.9047, Signal|S|μ:8.9107, Delta|S|μ:6.3464, Delta/Signal:71.22%, Gateμ:-0.2819, Gate0%:0.0, MetaNormμ:8.6717
Epoch  33/50 | Train Loss: 0.6638 Acc: 0.5795 F1: 0.5787 | Val Loss: 0.7196 Acc: 0.5000 F1: 0.5000 | Train Meta: Scaleμ:0.9047, Signal|S|μ:8.0083, Delta|S|μ:5.7026, Delta/Signal:71.21%, Gateμ:-0.2819, Gate0%:0.0, MetaNormμ:8.6717 | Val Meta: Scaleμ:0.9047, Signal|S|μ:8.9107, Delta|S|μ:6.3464, Delta/Signal:71.22%, Gateμ:-0.2819, Gate0%:0.0, MetaNormμ:8.6717
Epoch  34/50 | Train Loss: 0.6631 Acc: 0.5625 F1: 0.5584 | Val Loss: 0.7091 Acc: 0.5000 F1: 0.4949 | Train Meta: Scaleμ:0.9047, Signal|S|μ:7.9002, Delta|S|μ:5.6246, Delta/Signal:71.20%, Gateμ:-0.2819, Gate0%:0.0, MetaNormμ:8.6717 | Val Meta: Scaleμ:0.9047, Signal|S|μ:8.9107, Delta|S|μ:6.3464, Delta/Signal:71.22%, Gateμ:-0.2819, Gate0%:0.0, MetaNormμ:8.6717
Epoch  35/50 | Train Loss: 0.6628 Acc: 0.5511 F1: 0.5487 | Val Loss: 0.7240 Acc: 0.3500 F1: 0.3350 | Train Meta: Scaleμ:0.9047, Signal|S|μ:9.1734, Delta|S|μ:6.5313, Delta/Signal:71.20%, Gateμ:-0.2819, Gate0%:0.0, MetaNormμ:8.6717 | Val Meta: Scaleμ:0.9047, Signal|S|μ:8.9107, Delta|S|μ:6.3464, Delta/Signal:71.22%, Gateμ:-0.2819, Gate0%:0.0, MetaNormμ:8.6717
Epoch  36/50 | Train Loss: 0.6622 Acc: 0.6080 F1: 0.6051 | Val Loss: 0.7222 Acc: 0.4500 F1: 0.4486 | Train Meta: Scaleμ:0.9047, Signal|S|μ:9.1526, Delta|S|μ:6.5176, Delta/Signal:71.21%, Gateμ:-0.2819, Gate0%:0.0, MetaNormμ:8.6717 | Val Meta: Scaleμ:0.9047, Signal|S|μ:8.9107, Delta|S|μ:6.3464, Delta/Signal:71.22%, Gateμ:-0.2819, Gate0%:0.0, MetaNormμ:8.6717
Epoch  37/50 | Train Loss: 0.6549 Acc: 0.6080 F1: 0.6078 | Val Loss: 0.7149 Acc: 0.5000 F1: 0.5000 | Train Meta: Scaleμ:0.9047, Signal|S|μ:9.6560, Delta|S|μ:6.8767, Delta/Signal:71.22%, Gateμ:-0.2819, Gate0%:0.0, MetaNormμ:8.6717 | Val Meta: Scaleμ:0.9047, Signal|S|μ:8.9107, Delta|S|μ:6.3464, Delta/Signal:71.22%, Gateμ:-0.2819, Gate0%:0.0, MetaNormμ:8.6717
Epoch  38/50 | Train Loss: 0.6602 Acc: 0.5909 F1: 0.5890 | Val Loss: 0.7220 Acc: 0.5000 F1: 0.5000 | Train Meta: Scaleμ:0.9047, Signal|S|μ:8.9814, Delta|S|μ:6.3948, Delta/Signal:71.20%, Gateμ:-0.2819, Gate0%:0.0, MetaNormμ:8.6717 | Val Meta: Scaleμ:0.9047, Signal|S|μ:8.9107, Delta|S|μ:6.3464, Delta/Signal:71.22%, Gateμ:-0.2819, Gate0%:0.0, MetaNormμ:8.6717
Epoch  39/50 | Train Loss: 0.6639 Acc: 0.5739 F1: 0.5732 | Val Loss: 0.7091 Acc: 0.5500 F1: 0.5489 | Train Meta: Scaleμ:0.9047, Signal|S|μ:9.3778, Delta|S|μ:6.6761, Delta/Signal:71.19%, Gateμ:-0.2819, Gate0%:0.0, MetaNormμ:8.6717 | Val Meta: Scaleμ:0.9047, Signal|S|μ:8.9107, Delta|S|μ:6.3464, Delta/Signal:71.22%, Gateμ:-0.2819, Gate0%:0.0, MetaNormμ:8.6717
Epoch  40/50 | Train Loss: 0.6620 Acc: 0.5909 F1: 0.5896 | Val Loss: 0.7211 Acc: 0.5000 F1: 0.5000 | Train Meta: Scaleμ:0.9047, Signal|S|μ:6.2333, Delta|S|μ:4.4379, Delta/Signal:71.20%, Gateμ:-0.2819, Gate0%:0.0, MetaNormμ:8.6717 | Val Meta: Scaleμ:0.9047, Signal|S|μ:8.9107, Delta|S|μ:6.3464, Delta/Signal:71.22%, Gateμ:-0.2819, Gate0%:0.0, MetaNormμ:8.6717
Epoch  41/50 | Train Loss: 0.6663 Acc: 0.5739 F1: 0.5707 | Val Loss: 0.7227 Acc: 0.3500 F1: 0.3350 | Train Meta: Scaleμ:0.9047, Signal|S|μ:6.9001, Delta|S|μ:4.9139, Delta/Signal:71.22%, Gateμ:-0.2819, Gate0%:0.0, MetaNormμ:8.6717 | Val Meta: Scaleμ:0.9047, Signal|S|μ:8.9107, Delta|S|μ:6.3464, Delta/Signal:71.22%, Gateμ:-0.2819, Gate0%:0.0, MetaNormμ:8.6717
Epoch  42/50 | Train Loss: 0.6600 Acc: 0.6023 F1: 0.6023 | Val Loss: 0.7108 Acc: 0.5000 F1: 0.4949 | Train Meta: Scaleμ:0.9047, Signal|S|μ:8.5765, Delta|S|μ:6.1068, Delta/Signal:71.20%, Gateμ:-0.2819, Gate0%:0.0, MetaNormμ:8.6717 | Val Meta: Scaleμ:0.9047, Signal|S|μ:8.9107, Delta|S|μ:6.3464, Delta/Signal:71.22%, Gateμ:-0.2819, Gate0%:0.0, MetaNormμ:8.6717
Epoch  43/50 | Train Loss: 0.6637 Acc: 0.5511 F1: 0.5368 | Val Loss: 0.7113 Acc: 0.5500 F1: 0.5489 | Train Meta: Scaleμ:0.9047, Signal|S|μ:6.1799, Delta|S|μ:4.4011, Delta/Signal:71.22%, Gateμ:-0.2819, Gate0%:0.0, MetaNormμ:8.6717 | Val Meta: Scaleμ:0.9047, Signal|S|μ:8.9107, Delta|S|μ:6.3464, Delta/Signal:71.22%, Gateμ:-0.2819, Gate0%:0.0, MetaNormμ:8.6717
Epoch  44/50 | Train Loss: 0.6626 Acc: 0.5795 F1: 0.5795 | Val Loss: 0.7224 Acc: 0.3500 F1: 0.3350 | Train Meta: Scaleμ:0.9047, Signal|S|μ:7.2610, Delta|S|μ:5.1719, Delta/Signal:71.23%, Gateμ:-0.2819, Gate0%:0.0, MetaNormμ:8.6717 | Val Meta: Scaleμ:0.9047, Signal|S|μ:8.9107, Delta|S|μ:6.3464, Delta/Signal:71.22%, Gateμ:-0.2819, Gate0%:0.0, MetaNormμ:8.6717
Epoch  45/50 | Train Loss: 0.6606 Acc: 0.6136 F1: 0.6134 | Val Loss: 0.7180 Acc: 0.5000 F1: 0.5000 | Train Meta: Scaleμ:0.9047, Signal|S|μ:6.9266, Delta|S|μ:4.9320, Delta/Signal:71.20%, Gateμ:-0.2819, Gate0%:0.0, MetaNormμ:8.6717 | Val Meta: Scaleμ:0.9047, Signal|S|μ:8.9107, Delta|S|μ:6.3464, Delta/Signal:71.22%, Gateμ:-0.2819, Gate0%:0.0, MetaNormμ:8.6717
Epoch  46/50 | Train Loss: 0.6613 Acc: 0.5739 F1: 0.5722 | Val Loss: 0.7194 Acc: 0.5000 F1: 0.5000 | Train Meta: Scaleμ:0.9047, Signal|S|μ:6.5785, Delta|S|μ:4.6847, Delta/Signal:71.21%, Gateμ:-0.2819, Gate0%:0.0, MetaNormμ:8.6717 | Val Meta: Scaleμ:0.9047, Signal|S|μ:8.9107, Delta|S|μ:6.3464, Delta/Signal:71.22%, Gateμ:-0.2819, Gate0%:0.0, MetaNormμ:8.6717
Epoch  47/50 | Train Loss: 0.6636 Acc: 0.6080 F1: 0.6058 | Val Loss: 0.7238 Acc: 0.3500 F1: 0.3350 | Train Meta: Scaleμ:0.9047, Signal|S|μ:6.5445, Delta|S|μ:4.6612, Delta/Signal:71.22%, Gateμ:-0.2819, Gate0%:0.0, MetaNormμ:8.6717 | Val Meta: Scaleμ:0.9047, Signal|S|μ:8.9107, Delta|S|μ:6.3464, Delta/Signal:71.22%, Gateμ:-0.2819, Gate0%:0.0, MetaNormμ:8.6717
Epoch  48/50 | Train Loss: 0.6617 Acc: 0.5682 F1: 0.5677 | Val Loss: 0.7100 Acc: 0.5500 F1: 0.5489 | Train Meta: Scaleμ:0.9047, Signal|S|μ:7.7594, Delta|S|μ:5.5271, Delta/Signal:71.23%, Gateμ:-0.2819, Gate0%:0.0, MetaNormμ:8.6717 | Val Meta: Scaleμ:0.9047, Signal|S|μ:8.9107, Delta|S|μ:6.3464, Delta/Signal:71.22%, Gateμ:-0.2819, Gate0%:0.0, MetaNormμ:8.6717
Epoch  49/50 | Train Loss: 0.6616 Acc: 0.5739 F1: 0.5699 | Val Loss: 0.7190 Acc: 0.5000 F1: 0.5000 | Train Meta: Scaleμ:0.9047, Signal|S|μ:8.1317, Delta|S|μ:5.7908, Delta/Signal:71.21%, Gateμ:-0.2819, Gate0%:0.0, MetaNormμ:8.6717 | Val Meta: Scaleμ:0.9047, Signal|S|μ:8.9107, Delta|S|μ:6.3464, Delta/Signal:71.22%, Gateμ:-0.2819, Gate0%:0.0, MetaNormμ:8.6717
Epoch  50/50 | Train Loss: 0.6568 Acc: 0.6023 F1: 0.6004 | Val Loss: 0.7135 Acc: 0.5000 F1: 0.5000 | Train Meta: Scaleμ:0.9047, Signal|S|μ:8.3934, Delta|S|μ:5.9773, Delta/Signal:71.21%, Gateμ:-0.2819, Gate0%:0.0, MetaNormμ:8.6717 | Val Meta: Scaleμ:0.9047, Signal|S|μ:8.9107, Delta|S|μ:6.3464, Delta/Signal:71.22%, Gateμ:-0.2819, Gate0%:0.0, MetaNormμ:8.6717

Classification Test Result (SelfRegulationSCP2)
Accuracy : 0.527778
F1 (macro): 0.466509
Saved attention maps for 3 sample(s) under ./runs/classification_electricity_to_SelfRegulationSCP2_laya_metadata_query_gate_text/attention_maps
Text metadata preview | dataset=SpokenArabicDigits | domain=UEA | channels=13
   - channel_1: In the UEA domain, this channel belongs to the SpokenArabicDigits dataset and represents the feature channel 1.
   - channel_2: In the UEA domain, this channel belongs to the SpokenArabicDigits dataset and represents the feature channel 2.
   - ... (11 more channel descriptions)
==================================================
🚀 Architecture: LAYA
📊 Target Dataset: SpokenArabicDigits (Channels: 13)
📊 Pretrain Info: electricity
📊 Classes: 10 | Sequence Length: 93
==================================================
✅ Loaded pretrained encoder from ./checkpoints/electricity_laya_metadata_query_gate_text/laya_ts_electricity_s_best.pt
   - 62/62 keys matched.
✅ Encoder is FROZEN (Linear Probing mode).
📝 metadata: mode=text, fusion=none, relation=metadata_query_gate
ℹ️  Metadata Fusion Mode: none
ℹ️  Channel Mixer Relation Mode: metadata_query_gate
ℹ️  Encoder Variant: default
ℹ️  Channel Adapter: disabled for Laya downstream (mixer)
ℹ️  Channel Relation Block: disabled
✅ ClassificationHead: [B, 128] → [B, 10]
Epoch   1/50 | Train Loss: 2.0521 Acc: 0.2906 F1: 0.2780 | Val Loss: 1.8746 Acc: 0.3991 F1: 0.3657 | Train Meta: Scaleμ:0.9047, Signal|S|μ:4.8581, Delta|S|μ:3.7994, Delta/Signal:78.21%, Gateμ:-0.4332, Gate0%:0.0, MetaNormμ:8.7768 | Val Meta: Scaleμ:0.9047, Signal|S|μ:5.4505, Delta|S|μ:4.2630, Delta/Signal:78.21%, Gateμ:-0.4332, Gate0%:0.0, MetaNormμ:8.7768
Validation Loss decreased (inf --> 1.874591). Saving best model...
Epoch   2/50 | Train Loss: 1.7723 Acc: 0.4137 F1: 0.4050 | Val Loss: 1.6881 Acc: 0.4552 F1: 0.4515 | Train Meta: Scaleμ:0.9047, Signal|S|μ:5.6809, Delta|S|μ:4.4276, Delta/Signal:77.94%, Gateμ:-0.4332, Gate0%:0.0, MetaNormμ:8.7768 | Val Meta: Scaleμ:0.9047, Signal|S|μ:5.4505, Delta|S|μ:4.2630, Delta/Signal:78.21%, Gateμ:-0.4332, Gate0%:0.0, MetaNormμ:8.7768
Validation Loss decreased (1.874591 --> 1.688067). Saving best model...
Epoch   3/50 | Train Loss: 1.6399 Acc: 0.4528 F1: 0.4474 | Val Loss: 1.5949 Acc: 0.4659 F1: 0.4621 | Train Meta: Scaleμ:0.9047, Signal|S|μ:5.8787, Delta|S|μ:4.5910, Delta/Signal:78.10%, Gateμ:-0.4332, Gate0%:0.0, MetaNormμ:8.7768 | Val Meta: Scaleμ:0.9047, Signal|S|μ:5.4505, Delta|S|μ:4.2630, Delta/Signal:78.21%, Gateμ:-0.4332, Gate0%:0.0, MetaNormμ:8.7768
Validation Loss decreased (1.688067 --> 1.594869). Saving best model...
Epoch   4/50 | Train Loss: 1.5549 Acc: 0.4879 F1: 0.4838 | Val Loss: 1.5438 Acc: 0.4461 F1: 0.4406 | Train Meta: Scaleμ:0.9047, Signal|S|μ:5.6972, Delta|S|μ:4.4390, Delta/Signal:77.92%, Gateμ:-0.4332, Gate0%:0.0, MetaNormμ:8.7768 | Val Meta: Scaleμ:0.9047, Signal|S|μ:5.4505, Delta|S|μ:4.2630, Delta/Signal:78.21%, Gateμ:-0.4332, Gate0%:0.0, MetaNormμ:8.7768
Validation Loss decreased (1.594869 --> 1.543793). Saving best model...
Epoch   5/50 | Train Loss: 1.4968 Acc: 0.5030 F1: 0.4992 | Val Loss: 1.4797 Acc: 0.4810 F1: 0.4800 | Train Meta: Scaleμ:0.9047, Signal|S|μ:5.8457, Delta|S|μ:4.5640, Delta/Signal:78.07%, Gateμ:-0.4332, Gate0%:0.0, MetaNormμ:8.7768 | Val Meta: Scaleμ:0.9047, Signal|S|μ:5.4505, Delta|S|μ:4.2630, Delta/Signal:78.21%, Gateμ:-0.4332, Gate0%:0.0, MetaNormμ:8.7768
Validation Loss decreased (1.543793 --> 1.479734). Saving best model...
Epoch   6/50 | Train Loss: 1.4450 Acc: 0.5239 F1: 0.5209 | Val Loss: 1.4584 Acc: 0.4947 F1: 0.4876 | Train Meta: Scaleμ:0.9047, Signal|S|μ:5.1281, Delta|S|μ:4.0073, Delta/Signal:78.14%, Gateμ:-0.4332, Gate0%:0.0, MetaNormμ:8.7768 | Val Meta: Scaleμ:0.9047, Signal|S|μ:5.4505, Delta|S|μ:4.2630, Delta/Signal:78.21%, Gateμ:-0.4332, Gate0%:0.0, MetaNormμ:8.7768
Validation Loss decreased (1.479734 --> 1.458359). Saving best model...
Epoch   7/50 | Train Loss: 1.4088 Acc: 0.5349 F1: 0.5322 | Val Loss: 1.4244 Acc: 0.5235 F1: 0.5187 | Train Meta: Scaleμ:0.9047, Signal|S|μ:5.4964, Delta|S|μ:4.2943, Delta/Signal:78.13%, Gateμ:-0.4332, Gate0%:0.0, MetaNormμ:8.7768 | Val Meta: Scaleμ:0.9047, Signal|S|μ:5.4505, Delta|S|μ:4.2630, Delta/Signal:78.21%, Gateμ:-0.4332, Gate0%:0.0, MetaNormμ:8.7768
Validation Loss decreased (1.458359 --> 1.424397). Saving best model...
Epoch   8/50 | Train Loss: 1.3763 Acc: 0.5460 F1: 0.5434 | Val Loss: 1.3935 Acc: 0.5296 F1: 0.5297 | Train Meta: Scaleμ:0.9047, Signal|S|μ:5.9840, Delta|S|μ:4.6602, Delta/Signal:77.88%, Gateμ:-0.4332, Gate0%:0.0, MetaNormμ:8.7768 | Val Meta: Scaleμ:0.9047, Signal|S|μ:5.4505, Delta|S|μ:4.2630, Delta/Signal:78.21%, Gateμ:-0.4332, Gate0%:0.0, MetaNormμ:8.7768
Validation Loss decreased (1.424397 --> 1.393511). Saving best model...
Epoch   9/50 | Train Loss: 1.3437 Acc: 0.5580 F1: 0.5556 | Val Loss: 1.3689 Acc: 0.5539 F1: 0.5528 | Train Meta: Scaleμ:0.9047, Signal|S|μ:5.3282, Delta|S|μ:4.1566, Delta/Signal:78.01%, Gateμ:-0.4332, Gate0%:0.0, MetaNormμ:8.7768 | Val Meta: Scaleμ:0.9047, Signal|S|μ:5.4505, Delta|S|μ:4.2630, Delta/Signal:78.21%, Gateμ:-0.4332, Gate0%:0.0, MetaNormμ:8.7768
Validation Loss decreased (1.393511 --> 1.368897). Saving best model...
Epoch  10/50 | Train Loss: 1.3167 Acc: 0.5660 F1: 0.5640 | Val Loss: 1.3428 Acc: 0.5463 F1: 0.5460 | Train Meta: Scaleμ:0.9047, Signal|S|μ:5.2445, Delta|S|μ:4.0940, Delta/Signal:78.06%, Gateμ:-0.4332, Gate0%:0.0, MetaNormμ:8.7768 | Val Meta: Scaleμ:0.9047, Signal|S|μ:5.4505, Delta|S|μ:4.2630, Delta/Signal:78.21%, Gateμ:-0.4332, Gate0%:0.0, MetaNormμ:8.7768
Validation Loss decreased (1.368897 --> 1.342843). Saving best model...
Epoch  11/50 | Train Loss: 1.2946 Acc: 0.5782 F1: 0.5766 | Val Loss: 1.3300 Acc: 0.5417 F1: 0.5403 | Train Meta: Scaleμ:0.9047, Signal|S|μ:5.9753, Delta|S|μ:4.6551, Delta/Signal:77.91%, Gateμ:-0.4332, Gate0%:0.0, MetaNormμ:8.7768 | Val Meta: Scaleμ:0.9047, Signal|S|μ:5.4505, Delta|S|μ:4.2630, Delta/Signal:78.21%, Gateμ:-0.4332, Gate0%:0.0, MetaNormμ:8.7768
Validation Loss decreased (1.342843 --> 1.329968). Saving best model...
Epoch  12/50 | Train Loss: 1.2717 Acc: 0.5915 F1: 0.5897 | Val Loss: 1.3170 Acc: 0.5721 F1: 0.5715 | Train Meta: Scaleμ:0.9047, Signal|S|μ:5.5662, Delta|S|μ:4.3401, Delta/Signal:77.97%, Gateμ:-0.4332, Gate0%:0.0, MetaNormμ:8.7768 | Val Meta: Scaleμ:0.9047, Signal|S|μ:5.4505, Delta|S|μ:4.2630, Delta/Signal:78.21%, Gateμ:-0.4332, Gate0%:0.0, MetaNormμ:8.7768
Validation Loss decreased (1.329968 --> 1.317034). Saving best model...
Epoch  13/50 | Train Loss: 1.2542 Acc: 0.5948 F1: 0.5931 | Val Loss: 1.3043 Acc: 0.5690 F1: 0.5684 | Train Meta: Scaleμ:0.9047, Signal|S|μ:5.1047, Delta|S|μ:3.9840, Delta/Signal:78.05%, Gateμ:-0.4332, Gate0%:0.0, MetaNormμ:8.7768 | Val Meta: Scaleμ:0.9047, Signal|S|μ:5.4505, Delta|S|μ:4.2630, Delta/Signal:78.21%, Gateμ:-0.4332, Gate0%:0.0, MetaNormμ:8.7768
Validation Loss decreased (1.317034 --> 1.304260). Saving best model...
Epoch  14/50 | Train Loss: 1.2359 Acc: 0.5979 F1: 0.5965 | Val Loss: 1.2863 Acc: 0.5630 F1: 0.5579 | Train Meta: Scaleμ:0.9047, Signal|S|μ:5.1493, Delta|S|μ:4.0237, Delta/Signal:78.14%, Gateμ:-0.4332, Gate0%:0.0, MetaNormμ:8.7768 | Val Meta: Scaleμ:0.9047, Signal|S|μ:5.4505, Delta|S|μ:4.2630, Delta/Signal:78.21%, Gateμ:-0.4332, Gate0%:0.0, MetaNormμ:8.7768
Validation Loss decreased (1.304260 --> 1.286271). Saving best model...
Epoch  15/50 | Train Loss: 1.2177 Acc: 0.6090 F1: 0.6076 | Val Loss: 1.2543 Acc: 0.5766 F1: 0.5736 | Train Meta: Scaleμ:0.9047, Signal|S|μ:5.1722, Delta|S|μ:4.0360, Delta/Signal:78.03%, Gateμ:-0.4332, Gate0%:0.0, MetaNormμ:8.7768 | Val Meta: Scaleμ:0.9047, Signal|S|μ:5.4505, Delta|S|μ:4.2630, Delta/Signal:78.21%, Gateμ:-0.4332, Gate0%:0.0, MetaNormμ:8.7768
Validation Loss decreased (1.286271 --> 1.254250). Saving best model...
Epoch  16/50 | Train Loss: 1.2052 Acc: 0.6031 F1: 0.6015 | Val Loss: 1.2354 Acc: 0.5933 F1: 0.5951 | Train Meta: Scaleμ:0.9047, Signal|S|μ:5.8050, Delta|S|μ:4.5364, Delta/Signal:78.15%, Gateμ:-0.4332, Gate0%:0.0, MetaNormμ:8.7768 | Val Meta: Scaleμ:0.9047, Signal|S|μ:5.4505, Delta|S|μ:4.2630, Delta/Signal:78.21%, Gateμ:-0.4332, Gate0%:0.0, MetaNormμ:8.7768
Validation Loss decreased (1.254250 --> 1.235407). Saving best model...
Epoch  17/50 | Train Loss: 1.1923 Acc: 0.6119 F1: 0.6104 | Val Loss: 1.2324 Acc: 0.6055 F1: 0.6034 | Train Meta: Scaleμ:0.9047, Signal|S|μ:5.6821, Delta|S|μ:4.4386, Delta/Signal:78.12%, Gateμ:-0.4332, Gate0%:0.0, MetaNormμ:8.7768 | Val Meta: Scaleμ:0.9047, Signal|S|μ:5.4505, Delta|S|μ:4.2630, Delta/Signal:78.21%, Gateμ:-0.4332, Gate0%:0.0, MetaNormμ:8.7768
Validation Loss decreased (1.235407 --> 1.232433). Saving best model...
Epoch  18/50 | Train Loss: 1.1778 Acc: 0.6188 F1: 0.6173 | Val Loss: 1.2184 Acc: 0.6115 F1: 0.6086 | Train Meta: Scaleμ:0.9047, Signal|S|μ:6.1649, Delta|S|μ:4.8111, Delta/Signal:78.04%, Gateμ:-0.4332, Gate0%:0.0, MetaNormμ:8.7768 | Val Meta: Scaleμ:0.9047, Signal|S|μ:5.4505, Delta|S|μ:4.2630, Delta/Signal:78.21%, Gateμ:-0.4332, Gate0%:0.0, MetaNormμ:8.7768
Validation Loss decreased (1.232433 --> 1.218426). Saving best model...
Epoch  19/50 | Train Loss: 1.1634 Acc: 0.6267 F1: 0.6253 | Val Loss: 1.2185 Acc: 0.6131 F1: 0.6078 | Train Meta: Scaleμ:0.9047, Signal|S|μ:5.5475, Delta|S|μ:4.3278, Delta/Signal:78.01%, Gateμ:-0.4332, Gate0%:0.0, MetaNormμ:8.7768 | Val Meta: Scaleμ:0.9047, Signal|S|μ:5.4505, Delta|S|μ:4.2630, Delta/Signal:78.21%, Gateμ:-0.4332, Gate0%:0.0, MetaNormμ:8.7768
Epoch  20/50 | Train Loss: 1.1540 Acc: 0.6319 F1: 0.6305 | Val Loss: 1.2174 Acc: 0.5979 F1: 0.5992 | Train Meta: Scaleμ:0.9047, Signal|S|μ:4.9091, Delta|S|μ:3.8311, Delta/Signal:78.04%, Gateμ:-0.4332, Gate0%:0.0, MetaNormμ:8.7768 | Val Meta: Scaleμ:0.9047, Signal|S|μ:5.4505, Delta|S|μ:4.2630, Delta/Signal:78.21%, Gateμ:-0.4332, Gate0%:0.0, MetaNormμ:8.7768
Validation Loss decreased (1.218426 --> 1.217353). Saving best model...
Epoch  21/50 | Train Loss: 1.1431 Acc: 0.6321 F1: 0.6309 | Val Loss: 1.1842 Acc: 0.6176 F1: 0.6183 | Train Meta: Scaleμ:0.9047, Signal|S|μ:5.0574, Delta|S|μ:3.9497, Delta/Signal:78.10%, Gateμ:-0.4332, Gate0%:0.0, MetaNormμ:8.7768 | Val Meta: Scaleμ:0.9047, Signal|S|μ:5.4505, Delta|S|μ:4.2630, Delta/Signal:78.21%, Gateμ:-0.4332, Gate0%:0.0, MetaNormμ:8.7768
Validation Loss decreased (1.217353 --> 1.184197). Saving best model...
Epoch  22/50 | Train Loss: 1.1314 Acc: 0.6341 F1: 0.6330 | Val Loss: 1.1799 Acc: 0.6206 F1: 0.6211 | Train Meta: Scaleμ:0.9047, Signal|S|μ:5.3778, Delta|S|μ:4.1962, Delta/Signal:78.03%, Gateμ:-0.4332, Gate0%:0.0, MetaNormμ:8.7768 | Val Meta: Scaleμ:0.9047, Signal|S|μ:5.4505, Delta|S|μ:4.2630, Delta/Signal:78.21%, Gateμ:-0.4332, Gate0%:0.0, MetaNormμ:8.7768
Validation Loss decreased (1.184197 --> 1.179892). Saving best model...
Epoch  23/50 | Train Loss: 1.1224 Acc: 0.6400 F1: 0.6388 | Val Loss: 1.1884 Acc: 0.6161 F1: 0.6140 | Train Meta: Scaleμ:0.9047, Signal|S|μ:5.5474, Delta|S|μ:4.3250, Delta/Signal:77.96%, Gateμ:-0.4332, Gate0%:0.0, MetaNormμ:8.7768 | Val Meta: Scaleμ:0.9047, Signal|S|μ:5.4505, Delta|S|μ:4.2630, Delta/Signal:78.21%, Gateμ:-0.4332, Gate0%:0.0, MetaNormμ:8.7768
Epoch  24/50 | Train Loss: 1.1122 Acc: 0.6435 F1: 0.6422 | Val Loss: 1.1578 Acc: 0.6328 F1: 0.6334 | Train Meta: Scaleμ:0.9047, Signal|S|μ:5.1812, Delta|S|μ:4.0423, Delta/Signal:78.02%, Gateμ:-0.4332, Gate0%:0.0, MetaNormμ:8.7768 | Val Meta: Scaleμ:0.9047, Signal|S|μ:5.4505, Delta|S|μ:4.2630, Delta/Signal:78.21%, Gateμ:-0.4332, Gate0%:0.0, MetaNormμ:8.7768
Validation Loss decreased (1.179892 --> 1.157792). Saving best model...
Epoch  25/50 | Train Loss: 1.1045 Acc: 0.6491 F1: 0.6479 | Val Loss: 1.1644 Acc: 0.6222 F1: 0.6213 | Train Meta: Scaleμ:0.9047, Signal|S|μ:5.1013, Delta|S|μ:3.9855, Delta/Signal:78.13%, Gateμ:-0.4332, Gate0%:0.0, MetaNormμ:8.7768 | Val Meta: Scaleμ:0.9047, Signal|S|μ:5.4505, Delta|S|μ:4.2630, Delta/Signal:78.21%, Gateμ:-0.4332, Gate0%:0.0, MetaNormμ:8.7768
Epoch  26/50 | Train Loss: 1.0981 Acc: 0.6472 F1: 0.6462 | Val Loss: 1.1463 Acc: 0.6252 F1: 0.6239 | Train Meta: Scaleμ:0.9047, Signal|S|μ:5.2324, Delta|S|μ:4.0843, Delta/Signal:78.06%, Gateμ:-0.4332, Gate0%:0.0, MetaNormμ:8.7768 | Val Meta: Scaleμ:0.9047, Signal|S|μ:5.4505, Delta|S|μ:4.2630, Delta/Signal:78.21%, Gateμ:-0.4332, Gate0%:0.0, MetaNormμ:8.7768
Validation Loss decreased (1.157792 --> 1.146307). Saving best model...
Epoch  27/50 | Train Loss: 1.0903 Acc: 0.6548 F1: 0.6537 | Val Loss: 1.1405 Acc: 0.6358 F1: 0.6388 | Train Meta: Scaleμ:0.9047, Signal|S|μ:5.3859, Delta|S|μ:4.2095, Delta/Signal:78.16%, Gateμ:-0.4332, Gate0%:0.0, MetaNormμ:8.7768 | Val Meta: Scaleμ:0.9047, Signal|S|μ:5.4505, Delta|S|μ:4.2630, Delta/Signal:78.21%, Gateμ:-0.4332, Gate0%:0.0, MetaNormμ:8.7768
Validation Loss decreased (1.146307 --> 1.140532). Saving best model...
Epoch  28/50 | Train Loss: 1.0831 Acc: 0.6521 F1: 0.6510 | Val Loss: 1.1321 Acc: 0.6388 F1: 0.6417 | Train Meta: Scaleμ:0.9047, Signal|S|μ:5.6715, Delta|S|μ:4.4266, Delta/Signal:78.05%, Gateμ:-0.4332, Gate0%:0.0, MetaNormμ:8.7768 | Val Meta: Scaleμ:0.9047, Signal|S|μ:5.4505, Delta|S|μ:4.2630, Delta/Signal:78.21%, Gateμ:-0.4332, Gate0%:0.0, MetaNormμ:8.7768
Validation Loss decreased (1.140532 --> 1.132107). Saving best model...
Epoch  29/50 | Train Loss: 1.0713 Acc: 0.6573 F1: 0.6563 | Val Loss: 1.1417 Acc: 0.6358 F1: 0.6351 | Train Meta: Scaleμ:0.9047, Signal|S|μ:4.6936, Delta|S|μ:3.6622, Delta/Signal:78.03%, Gateμ:-0.4332, Gate0%:0.0, MetaNormμ:8.7768 | Val Meta: Scaleμ:0.9047, Signal|S|μ:5.4505, Delta|S|μ:4.2630, Delta/Signal:78.21%, Gateμ:-0.4332, Gate0%:0.0, MetaNormμ:8.7768
Epoch  30/50 | Train Loss: 1.0637 Acc: 0.6599 F1: 0.6590 | Val Loss: 1.1370 Acc: 0.6191 F1: 0.6192 | Train Meta: Scaleμ:0.9047, Signal|S|μ:5.5231, Delta|S|μ:4.3155, Delta/Signal:78.14%, Gateμ:-0.4332, Gate0%:0.0, MetaNormμ:8.7768 | Val Meta: Scaleμ:0.9047, Signal|S|μ:5.4505, Delta|S|μ:4.2630, Delta/Signal:78.21%, Gateμ:-0.4332, Gate0%:0.0, MetaNormμ:8.7768
Epoch  31/50 | Train Loss: 1.0625 Acc: 0.6639 F1: 0.6626 | Val Loss: 1.1206 Acc: 0.6571 F1: 0.6558 | Train Meta: Scaleμ:0.9047, Signal|S|μ:5.0769, Delta|S|μ:3.9610, Delta/Signal:78.02%, Gateμ:-0.4332, Gate0%:0.0, MetaNormμ:8.7768 | Val Meta: Scaleμ:0.9047, Signal|S|μ:5.4505, Delta|S|μ:4.2630, Delta/Signal:78.21%, Gateμ:-0.4332, Gate0%:0.0, MetaNormμ:8.7768
Validation Loss decreased (1.132107 --> 1.120577). Saving best model...
Epoch  32/50 | Train Loss: 1.0579 Acc: 0.6612 F1: 0.6601 | Val Loss: 1.1146 Acc: 0.6495 F1: 0.6507 | Train Meta: Scaleμ:0.9047, Signal|S|μ:5.8196, Delta|S|μ:4.5423, Delta/Signal:78.05%, Gateμ:-0.4332, Gate0%:0.0, MetaNormμ:8.7768 | Val Meta: Scaleμ:0.9047, Signal|S|μ:5.4505, Delta|S|μ:4.2630, Delta/Signal:78.21%, Gateμ:-0.4332, Gate0%:0.0, MetaNormμ:8.7768
Validation Loss decreased (1.120577 --> 1.114611). Saving best model...
Epoch  33/50 | Train Loss: 1.0474 Acc: 0.6666 F1: 0.6658 | Val Loss: 1.1197 Acc: 0.6328 F1: 0.6297 | Train Meta: Scaleμ:0.9047, Signal|S|μ:4.9667, Delta|S|μ:3.8748, Delta/Signal:78.02%, Gateμ:-0.4332, Gate0%:0.0, MetaNormμ:8.7768 | Val Meta: Scaleμ:0.9047, Signal|S|μ:5.4505, Delta|S|μ:4.2630, Delta/Signal:78.21%, Gateμ:-0.4332, Gate0%:0.0, MetaNormμ:8.7768
Epoch  34/50 | Train Loss: 1.0424 Acc: 0.6675 F1: 0.6666 | Val Loss: 1.0958 Acc: 0.6525 F1: 0.6528 | Train Meta: Scaleμ:0.9047, Signal|S|μ:5.7288, Delta|S|μ:4.4815, Delta/Signal:78.23%, Gateμ:-0.4332, Gate0%:0.0, MetaNormμ:8.7768 | Val Meta: Scaleμ:0.9047, Signal|S|μ:5.4505, Delta|S|μ:4.2630, Delta/Signal:78.21%, Gateμ:-0.4332, Gate0%:0.0, MetaNormμ:8.7768
Validation Loss decreased (1.114611 --> 1.095825). Saving best model...
Epoch  35/50 | Train Loss: 1.0395 Acc: 0.6700 F1: 0.6692 | Val Loss: 1.1047 Acc: 0.6267 F1: 0.6236 | Train Meta: Scaleμ:0.9047, Signal|S|μ:5.3949, Delta|S|μ:4.2182, Delta/Signal:78.19%, Gateμ:-0.4332, Gate0%:0.0, MetaNormμ:8.7768 | Val Meta: Scaleμ:0.9047, Signal|S|μ:5.4505, Delta|S|μ:4.2630, Delta/Signal:78.21%, Gateμ:-0.4332, Gate0%:0.0, MetaNormμ:8.7768
Epoch  36/50 | Train Loss: 1.0344 Acc: 0.6688 F1: 0.6677 | Val Loss: 1.0987 Acc: 0.6480 F1: 0.6474 | Train Meta: Scaleμ:0.9047, Signal|S|μ:5.8640, Delta|S|μ:4.5790, Delta/Signal:78.09%, Gateμ:-0.4332, Gate0%:0.0, MetaNormμ:8.7768 | Val Meta: Scaleμ:0.9047, Signal|S|μ:5.4505, Delta|S|μ:4.2630, Delta/Signal:78.21%, Gateμ:-0.4332, Gate0%:0.0, MetaNormμ:8.7768
Epoch  37/50 | Train Loss: 1.0274 Acc: 0.6776 F1: 0.6767 | Val Loss: 1.0772 Acc: 0.6525 F1: 0.6534 | Train Meta: Scaleμ:0.9047, Signal|S|μ:5.2186, Delta|S|μ:4.0806, Delta/Signal:78.19%, Gateμ:-0.4332, Gate0%:0.0, MetaNormμ:8.7768 | Val Meta: Scaleμ:0.9047, Signal|S|μ:5.4505, Delta|S|μ:4.2630, Delta/Signal:78.21%, Gateμ:-0.4332, Gate0%:0.0, MetaNormμ:8.7768
Validation Loss decreased (1.095825 --> 1.077154). Saving best model...
Epoch  38/50 | Train Loss: 1.0190 Acc: 0.6792 F1: 0.6787 | Val Loss: 1.0700 Acc: 0.6631 F1: 0.6625 | Train Meta: Scaleμ:0.9047, Signal|S|μ:5.4623, Delta|S|μ:4.2637, Delta/Signal:78.06%, Gateμ:-0.4332, Gate0%:0.0, MetaNormμ:8.7768 | Val Meta: Scaleμ:0.9047, Signal|S|μ:5.4505, Delta|S|μ:4.2630, Delta/Signal:78.21%, Gateμ:-0.4332, Gate0%:0.0, MetaNormμ:8.7768
Validation Loss decreased (1.077154 --> 1.069983). Saving best model...
Epoch  39/50 | Train Loss: 1.0145 Acc: 0.6816 F1: 0.6806 | Val Loss: 1.0717 Acc: 0.6555 F1: 0.6561 | Train Meta: Scaleμ:0.9047, Signal|S|μ:5.9438, Delta|S|μ:4.6410, Delta/Signal:78.08%, Gateμ:-0.4332, Gate0%:0.0, MetaNormμ:8.7768 | Val Meta: Scaleμ:0.9047, Signal|S|μ:5.4505, Delta|S|μ:4.2630, Delta/Signal:78.21%, Gateμ:-0.4332, Gate0%:0.0, MetaNormμ:8.7768
Epoch  40/50 | Train Loss: 1.0114 Acc: 0.6804 F1: 0.6796 | Val Loss: 1.0797 Acc: 0.6586 F1: 0.6587 | Train Meta: Scaleμ:0.9047, Signal|S|μ:5.4962, Delta|S|μ:4.2870, Delta/Signal:78.00%, Gateμ:-0.4332, Gate0%:0.0, MetaNormμ:8.7768 | Val Meta: Scaleμ:0.9047, Signal|S|μ:5.4505, Delta|S|μ:4.2630, Delta/Signal:78.21%, Gateμ:-0.4332, Gate0%:0.0, MetaNormμ:8.7768
Epoch  41/50 | Train Loss: 1.0061 Acc: 0.6828 F1: 0.6819 | Val Loss: 1.0732 Acc: 0.6540 F1: 0.6551 | Train Meta: Scaleμ:0.9047, Signal|S|μ:5.7589, Delta|S|μ:4.4973, Delta/Signal:78.09%, Gateμ:-0.4332, Gate0%:0.0, MetaNormμ:8.7768 | Val Meta: Scaleμ:0.9047, Signal|S|μ:5.4505, Delta|S|μ:4.2630, Delta/Signal:78.21%, Gateμ:-0.4332, Gate0%:0.0, MetaNormμ:8.7768
Epoch  42/50 | Train Loss: 1.0026 Acc: 0.6804 F1: 0.6795 | Val Loss: 1.0651 Acc: 0.6510 F1: 0.6515 | Train Meta: Scaleμ:0.9047, Signal|S|μ:5.5689, Delta|S|μ:4.3506, Delta/Signal:78.12%, Gateμ:-0.4332, Gate0%:0.0, MetaNormμ:8.7768 | Val Meta: Scaleμ:0.9047, Signal|S|μ:5.4505, Delta|S|μ:4.2630, Delta/Signal:78.21%, Gateμ:-0.4332, Gate0%:0.0, MetaNormμ:8.7768
Validation Loss decreased (1.069983 --> 1.065124). Saving best model...
Epoch  43/50 | Train Loss: 1.0005 Acc: 0.6836 F1: 0.6828 | Val Loss: 1.0583 Acc: 0.6646 F1: 0.6654 | Train Meta: Scaleμ:0.9047, Signal|S|μ:5.8167, Delta|S|μ:4.5444, Delta/Signal:78.13%, Gateμ:-0.4332, Gate0%:0.0, MetaNormμ:8.7768 | Val Meta: Scaleμ:0.9047, Signal|S|μ:5.4505, Delta|S|μ:4.2630, Delta/Signal:78.21%, Gateμ:-0.4332, Gate0%:0.0, MetaNormμ:8.7768
Validation Loss decreased (1.065124 --> 1.058324). Saving best model...
Epoch  44/50 | Train Loss: 0.9986 Acc: 0.6862 F1: 0.6853 | Val Loss: 1.0560 Acc: 0.6753 F1: 0.6754 | Train Meta: Scaleμ:0.9047, Signal|S|μ:5.2203, Delta|S|μ:4.0669, Delta/Signal:77.91%, Gateμ:-0.4332, Gate0%:0.0, MetaNormμ:8.7768 | Val Meta: Scaleμ:0.9047, Signal|S|μ:5.4505, Delta|S|μ:4.2630, Delta/Signal:78.21%, Gateμ:-0.4332, Gate0%:0.0, MetaNormμ:8.7768
Validation Loss decreased (1.058324 --> 1.056020). Saving best model...
Epoch  45/50 | Train Loss: 0.9911 Acc: 0.6851 F1: 0.6844 | Val Loss: 1.0673 Acc: 0.6495 F1: 0.6478 | Train Meta: Scaleμ:0.9047, Signal|S|μ:5.7804, Delta|S|μ:4.5105, Delta/Signal:78.03%, Gateμ:-0.4332, Gate0%:0.0, MetaNormμ:8.7768 | Val Meta: Scaleμ:0.9047, Signal|S|μ:5.4505, Delta|S|μ:4.2630, Delta/Signal:78.21%, Gateμ:-0.4332, Gate0%:0.0, MetaNormμ:8.7768
Epoch  46/50 | Train Loss: 0.9877 Acc: 0.6902 F1: 0.6893 | Val Loss: 1.0493 Acc: 0.6662 F1: 0.6669 | Train Meta: Scaleμ:0.9047, Signal|S|μ:6.0365, Delta|S|μ:4.7276, Delta/Signal:78.32%, Gateμ:-0.4332, Gate0%:0.0, MetaNormμ:8.7768 | Val Meta: Scaleμ:0.9047, Signal|S|μ:5.4505, Delta|S|μ:4.2630, Delta/Signal:78.21%, Gateμ:-0.4332, Gate0%:0.0, MetaNormμ:8.7768
Validation Loss decreased (1.056020 --> 1.049260). Saving best model...
Epoch  47/50 | Train Loss: 0.9859 Acc: 0.6870 F1: 0.6866 | Val Loss: 1.0577 Acc: 0.6753 F1: 0.6739 | Train Meta: Scaleμ:0.9047, Signal|S|μ:5.0567, Delta|S|μ:3.9514, Delta/Signal:78.14%, Gateμ:-0.4332, Gate0%:0.0, MetaNormμ:8.7768 | Val Meta: Scaleμ:0.9047, Signal|S|μ:5.4505, Delta|S|μ:4.2630, Delta/Signal:78.21%, Gateμ:-0.4332, Gate0%:0.0, MetaNormμ:8.7768
Epoch  48/50 | Train Loss: 0.9827 Acc: 0.6899 F1: 0.6890 | Val Loss: 1.0502 Acc: 0.6601 F1: 0.6607 | Train Meta: Scaleμ:0.9047, Signal|S|μ:5.2973, Delta|S|μ:4.1392, Delta/Signal:78.14%, Gateμ:-0.4332, Gate0%:0.0, MetaNormμ:8.7768 | Val Meta: Scaleμ:0.9047, Signal|S|μ:5.4505, Delta|S|μ:4.2630, Delta/Signal:78.21%, Gateμ:-0.4332, Gate0%:0.0, MetaNormμ:8.7768
Epoch  49/50 | Train Loss: 0.9762 Acc: 0.6969 F1: 0.6960 | Val Loss: 1.0498 Acc: 0.6692 F1: 0.6694 | Train Meta: Scaleμ:0.9047, Signal|S|μ:5.2351, Delta|S|μ:4.0918, Delta/Signal:78.16%, Gateμ:-0.4332, Gate0%:0.0, MetaNormμ:8.7768 | Val Meta: Scaleμ:0.9047, Signal|S|μ:5.4505, Delta|S|μ:4.2630, Delta/Signal:78.21%, Gateμ:-0.4332, Gate0%:0.0, MetaNormμ:8.7768
Epoch  50/50 | Train Loss: 0.9746 Acc: 0.6954 F1: 0.6944 | Val Loss: 1.0441 Acc: 0.6707 F1: 0.6733 | Train Meta: Scaleμ:0.9047, Signal|S|μ:6.0468, Delta|S|μ:4.7269, Delta/Signal:78.17%, Gateμ:-0.4332, Gate0%:0.0, MetaNormμ:8.7768 | Val Meta: Scaleμ:0.9047, Signal|S|μ:5.4505, Delta|S|μ:4.2630, Delta/Signal:78.21%, Gateμ:-0.4332, Gate0%:0.0, MetaNormμ:8.7768
Validation Loss decreased (1.049260 --> 1.044121). Saving best model...

Classification Test Result (SpokenArabicDigits)
Accuracy : 0.294679
F1 (macro): 0.291440
Saved attention maps for 3 sample(s) under ./runs/classification_electricity_to_SpokenArabicDigits_laya_metadata_query_gate_text/attention_maps
Text metadata preview | dataset=UWaveGestureLibrary | domain=UEA | channels=3
   - channel_1: In the UEA domain, this channel belongs to the UWaveGestureLibrary dataset and represents the feature channel 1.
   - channel_2: In the UEA domain, this channel belongs to the UWaveGestureLibrary dataset and represents the feature channel 2.
   - ... (1 more channel descriptions)
==================================================
🚀 Architecture: LAYA
📊 Target Dataset: UWaveGestureLibrary (Channels: 3)
📊 Pretrain Info: electricity
📊 Classes: 8 | Sequence Length: 315
==================================================
✅ Loaded pretrained encoder from ./checkpoints/electricity_laya_metadata_query_gate_text/laya_ts_electricity_s_best.pt
   - 62/62 keys matched.
✅ Encoder is FROZEN (Linear Probing mode).
📝 metadata: mode=text, fusion=none, relation=metadata_query_gate
ℹ️  Metadata Fusion Mode: none
ℹ️  Channel Mixer Relation Mode: metadata_query_gate
ℹ️  Encoder Variant: default
ℹ️  Channel Adapter: disabled for Laya downstream (mixer)
ℹ️  Channel Relation Block: disabled
✅ ClassificationHead: [B, 128] → [B, 8]
Epoch   1/50 | Train Loss: 1.9364 Acc: 0.1042 F1: 0.0589 | Val Loss: 2.3715 Acc: 0.1667 F1: 0.1458 | Train Meta: Scaleμ:0.9047, Signal|S|μ:9.0280, Delta|S|μ:7.1823, Delta/Signal:79.56%, Gateμ:-0.4170, Gate0%:0.0, MetaNormμ:8.6476 | Val Meta: Scaleμ:0.9047, Signal|S|μ:8.7573, Delta|S|μ:6.9667, Delta/Signal:79.55%, Gateμ:-0.4170, Gate0%:0.0, MetaNormμ:8.6476
Validation Loss decreased (inf --> 2.371484). Saving best model...
Epoch   2/50 | Train Loss: 1.8506 Acc: 0.1771 F1: 0.1069 | Val Loss: 2.2115 Acc: 0.1667 F1: 0.1042 | Train Meta: Scaleμ:0.9047, Signal|S|μ:8.5285, Delta|S|μ:6.7856, Delta/Signal:79.56%, Gateμ:-0.4170, Gate0%:0.0, MetaNormμ:8.6476 | Val Meta: Scaleμ:0.9047, Signal|S|μ:8.7573, Delta|S|μ:6.9667, Delta/Signal:79.55%, Gateμ:-0.4170, Gate0%:0.0, MetaNormμ:8.6476
Validation Loss decreased (2.371484 --> 2.211533). Saving best model...
Epoch   3/50 | Train Loss: 1.8163 Acc: 0.1979 F1: 0.1215 | Val Loss: 2.0813 Acc: 0.3333 F1: 0.1833 | Train Meta: Scaleμ:0.9047, Signal|S|μ:8.8311, Delta|S|μ:7.0279, Delta/Signal:79.58%, Gateμ:-0.4170, Gate0%:0.0, MetaNormμ:8.6476 | Val Meta: Scaleμ:0.9047, Signal|S|μ:8.7573, Delta|S|μ:6.9667, Delta/Signal:79.55%, Gateμ:-0.4170, Gate0%:0.0, MetaNormμ:8.6476
Validation Loss decreased (2.211533 --> 2.081254). Saving best model...
Epoch   4/50 | Train Loss: 1.8005 Acc: 0.1979 F1: 0.1508 | Val Loss: 2.0016 Acc: 0.3333 F1: 0.2708 | Train Meta: Scaleμ:0.9047, Signal|S|μ:8.8198, Delta|S|μ:7.0198, Delta/Signal:79.59%, Gateμ:-0.4170, Gate0%:0.0, MetaNormμ:8.6476 | Val Meta: Scaleμ:0.9047, Signal|S|μ:8.7573, Delta|S|μ:6.9667, Delta/Signal:79.55%, Gateμ:-0.4170, Gate0%:0.0, MetaNormμ:8.6476
Validation Loss decreased (2.081254 --> 2.001591). Saving best model...
Epoch   5/50 | Train Loss: 1.7631 Acc: 0.2812 F1: 0.2280 | Val Loss: 1.9769 Acc: 0.3333 F1: 0.2708 | Train Meta: Scaleμ:0.9047, Signal|S|μ:9.0253, Delta|S|μ:7.1833, Delta/Signal:79.59%, Gateμ:-0.4170, Gate0%:0.0, MetaNormμ:8.6476 | Val Meta: Scaleμ:0.9047, Signal|S|μ:8.7573, Delta|S|μ:6.9667, Delta/Signal:79.55%, Gateμ:-0.4170, Gate0%:0.0, MetaNormμ:8.6476
Validation Loss decreased (2.001591 --> 1.976949). Saving best model...
Epoch   6/50 | Train Loss: 1.7427 Acc: 0.3021 F1: 0.2466 | Val Loss: 1.9609 Acc: 0.3333 F1: 0.2708 | Train Meta: Scaleμ:0.9047, Signal|S|μ:8.7215, Delta|S|μ:6.9387, Delta/Signal:79.56%, Gateμ:-0.4170, Gate0%:0.0, MetaNormμ:8.6476 | Val Meta: Scaleμ:0.9047, Signal|S|μ:8.7573, Delta|S|μ:6.9667, Delta/Signal:79.55%, Gateμ:-0.4170, Gate0%:0.0, MetaNormμ:8.6476
Validation Loss decreased (1.976949 --> 1.960940). Saving best model...
Epoch   7/50 | Train Loss: 1.7282 Acc: 0.3333 F1: 0.2543 | Val Loss: 1.9426 Acc: 0.2500 F1: 0.1875 | Train Meta: Scaleμ:0.9047, Signal|S|μ:8.9245, Delta|S|μ:7.1028, Delta/Signal:79.59%, Gateμ:-0.4170, Gate0%:0.0, MetaNormμ:8.6476 | Val Meta: Scaleμ:0.9047, Signal|S|μ:8.7573, Delta|S|μ:6.9667, Delta/Signal:79.55%, Gateμ:-0.4170, Gate0%:0.0, MetaNormμ:8.6476
Validation Loss decreased (1.960940 --> 1.942568). Saving best model...
Epoch   8/50 | Train Loss: 1.7160 Acc: 0.3333 F1: 0.2647 | Val Loss: 1.9172 Acc: 0.3333 F1: 0.2333 | Train Meta: Scaleμ:0.9047, Signal|S|μ:9.0883, Delta|S|μ:7.2316, Delta/Signal:79.57%, Gateμ:-0.4170, Gate0%:0.0, MetaNormμ:8.6476 | Val Meta: Scaleμ:0.9047, Signal|S|μ:8.7573, Delta|S|μ:6.9667, Delta/Signal:79.55%, Gateμ:-0.4170, Gate0%:0.0, MetaNormμ:8.6476
Validation Loss decreased (1.942568 --> 1.917191). Saving best model...
Epoch   9/50 | Train Loss: 1.6909 Acc: 0.4062 F1: 0.3099 | Val Loss: 1.9070 Acc: 0.3333 F1: 0.2458 | Train Meta: Scaleμ:0.9047, Signal|S|μ:8.9286, Delta|S|μ:7.1058, Delta/Signal:79.58%, Gateμ:-0.4170, Gate0%:0.0, MetaNormμ:8.6476 | Val Meta: Scaleμ:0.9047, Signal|S|μ:8.7573, Delta|S|μ:6.9667, Delta/Signal:79.55%, Gateμ:-0.4170, Gate0%:0.0, MetaNormμ:8.6476
Validation Loss decreased (1.917191 --> 1.907026). Saving best model...
Epoch  10/50 | Train Loss: 1.6906 Acc: 0.3750 F1: 0.2946 | Val Loss: 1.8898 Acc: 0.3333 F1: 0.2667 | Train Meta: Scaleμ:0.9047, Signal|S|μ:8.6506, Delta|S|μ:6.8849, Delta/Signal:79.59%, Gateμ:-0.4170, Gate0%:0.0, MetaNormμ:8.6476 | Val Meta: Scaleμ:0.9047, Signal|S|μ:8.7573, Delta|S|μ:6.9667, Delta/Signal:79.55%, Gateμ:-0.4170, Gate0%:0.0, MetaNormμ:8.6476
Validation Loss decreased (1.907026 --> 1.889834). Saving best model...
Epoch  11/50 | Train Loss: 1.6674 Acc: 0.3958 F1: 0.3218 | Val Loss: 1.8740 Acc: 0.3333 F1: 0.2333 | Train Meta: Scaleμ:0.9047, Signal|S|μ:8.9048, Delta|S|μ:7.0847, Delta/Signal:79.56%, Gateμ:-0.4170, Gate0%:0.0, MetaNormμ:8.6476 | Val Meta: Scaleμ:0.9047, Signal|S|μ:8.7573, Delta|S|μ:6.9667, Delta/Signal:79.55%, Gateμ:-0.4170, Gate0%:0.0, MetaNormμ:8.6476
Validation Loss decreased (1.889834 --> 1.874025). Saving best model...
Epoch  12/50 | Train Loss: 1.6550 Acc: 0.4688 F1: 0.4423 | Val Loss: 1.8456 Acc: 0.3333 F1: 0.2571 | Train Meta: Scaleμ:0.9047, Signal|S|μ:8.9361, Delta|S|μ:7.1080, Delta/Signal:79.54%, Gateμ:-0.4170, Gate0%:0.0, MetaNormμ:8.6476 | Val Meta: Scaleμ:0.9047, Signal|S|μ:8.7573, Delta|S|μ:6.9667, Delta/Signal:79.55%, Gateμ:-0.4170, Gate0%:0.0, MetaNormμ:8.6476
Validation Loss decreased (1.874025 --> 1.845582). Saving best model...
Epoch  13/50 | Train Loss: 1.6270 Acc: 0.5104 F1: 0.4875 | Val Loss: 1.8351 Acc: 0.3333 F1: 0.2667 | Train Meta: Scaleμ:0.9047, Signal|S|μ:8.7401, Delta|S|μ:6.9532, Delta/Signal:79.55%, Gateμ:-0.4170, Gate0%:0.0, MetaNormμ:8.6476 | Val Meta: Scaleμ:0.9047, Signal|S|μ:8.7573, Delta|S|μ:6.9667, Delta/Signal:79.55%, Gateμ:-0.4170, Gate0%:0.0, MetaNormμ:8.6476
Validation Loss decreased (1.845582 --> 1.835143). Saving best model...
Epoch  14/50 | Train Loss: 1.6194 Acc: 0.4688 F1: 0.4296 | Val Loss: 1.8313 Acc: 0.3333 F1: 0.2250 | Train Meta: Scaleμ:0.9047, Signal|S|μ:8.8311, Delta|S|μ:7.0280, Delta/Signal:79.58%, Gateμ:-0.4170, Gate0%:0.0, MetaNormμ:8.6476 | Val Meta: Scaleμ:0.9047, Signal|S|μ:8.7573, Delta|S|μ:6.9667, Delta/Signal:79.55%, Gateμ:-0.4170, Gate0%:0.0, MetaNormμ:8.6476
Validation Loss decreased (1.835143 --> 1.831285). Saving best model...
Epoch  15/50 | Train Loss: 1.5948 Acc: 0.5000 F1: 0.4771 | Val Loss: 1.8285 Acc: 0.4167 F1: 0.3167 | Train Meta: Scaleμ:0.9047, Signal|S|μ:8.7980, Delta|S|μ:7.0013, Delta/Signal:79.58%, Gateμ:-0.4170, Gate0%:0.0, MetaNormμ:8.6476 | Val Meta: Scaleμ:0.9047, Signal|S|μ:8.7573, Delta|S|μ:6.9667, Delta/Signal:79.55%, Gateμ:-0.4170, Gate0%:0.0, MetaNormμ:8.6476
Validation Loss decreased (1.831285 --> 1.828524). Saving best model...
Epoch  16/50 | Train Loss: 1.5949 Acc: 0.5312 F1: 0.4996 | Val Loss: 1.7992 Acc: 0.3333 F1: 0.2667 | Train Meta: Scaleμ:0.9047, Signal|S|μ:8.6454, Delta|S|μ:6.8816, Delta/Signal:79.60%, Gateμ:-0.4170, Gate0%:0.0, MetaNormμ:8.6476 | Val Meta: Scaleμ:0.9047, Signal|S|μ:8.7573, Delta|S|μ:6.9667, Delta/Signal:79.55%, Gateμ:-0.4170, Gate0%:0.0, MetaNormμ:8.6476
Validation Loss decreased (1.828524 --> 1.799221). Saving best model...
Epoch  17/50 | Train Loss: 1.5812 Acc: 0.5000 F1: 0.4735 | Val Loss: 1.7699 Acc: 0.3333 F1: 0.2667 | Train Meta: Scaleμ:0.9047, Signal|S|μ:8.6037, Delta|S|μ:6.8464, Delta/Signal:79.58%, Gateμ:-0.4170, Gate0%:0.0, MetaNormμ:8.6476 | Val Meta: Scaleμ:0.9047, Signal|S|μ:8.7573, Delta|S|μ:6.9667, Delta/Signal:79.55%, Gateμ:-0.4170, Gate0%:0.0, MetaNormμ:8.6476
Validation Loss decreased (1.799221 --> 1.769886). Saving best model...
Epoch  18/50 | Train Loss: 1.5573 Acc: 0.5521 F1: 0.5293 | Val Loss: 1.7588 Acc: 0.3333 F1: 0.2571 | Train Meta: Scaleμ:0.9047, Signal|S|μ:8.7353, Delta|S|μ:6.9527, Delta/Signal:79.59%, Gateμ:-0.4170, Gate0%:0.0, MetaNormμ:8.6476 | Val Meta: Scaleμ:0.9047, Signal|S|μ:8.7573, Delta|S|μ:6.9667, Delta/Signal:79.55%, Gateμ:-0.4170, Gate0%:0.0, MetaNormμ:8.6476
Validation Loss decreased (1.769886 --> 1.758757). Saving best model...
Epoch  19/50 | Train Loss: 1.5554 Acc: 0.5208 F1: 0.4973 | Val Loss: 1.7470 Acc: 0.4167 F1: 0.3048 | Train Meta: Scaleμ:0.9047, Signal|S|μ:8.8484, Delta|S|μ:7.0417, Delta/Signal:79.58%, Gateμ:-0.4170, Gate0%:0.0, MetaNormμ:8.6476 | Val Meta: Scaleμ:0.9047, Signal|S|μ:8.7573, Delta|S|μ:6.9667, Delta/Signal:79.55%, Gateμ:-0.4170, Gate0%:0.0, MetaNormμ:8.6476
Validation Loss decreased (1.758757 --> 1.747010). Saving best model...
Epoch  20/50 | Train Loss: 1.5472 Acc: 0.5208 F1: 0.5088 | Val Loss: 1.7314 Acc: 0.4167 F1: 0.3048 | Train Meta: Scaleμ:0.9047, Signal|S|μ:8.8843, Delta|S|μ:7.0715, Delta/Signal:79.60%, Gateμ:-0.4170, Gate0%:0.0, MetaNormμ:8.6476 | Val Meta: Scaleμ:0.9047, Signal|S|μ:8.7573, Delta|S|μ:6.9667, Delta/Signal:79.55%, Gateμ:-0.4170, Gate0%:0.0, MetaNormμ:8.6476
Validation Loss decreased (1.747010 --> 1.731372). Saving best model...
Epoch  21/50 | Train Loss: 1.5240 Acc: 0.5417 F1: 0.5078 | Val Loss: 1.7013 Acc: 0.4167 F1: 0.2667 | Train Meta: Scaleμ:0.9047, Signal|S|μ:8.8323, Delta|S|μ:7.0277, Delta/Signal:79.57%, Gateμ:-0.4170, Gate0%:0.0, MetaNormμ:8.6476 | Val Meta: Scaleμ:0.9047, Signal|S|μ:8.7573, Delta|S|μ:6.9667, Delta/Signal:79.55%, Gateμ:-0.4170, Gate0%:0.0, MetaNormμ:8.6476
Validation Loss decreased (1.731372 --> 1.701292). Saving best model...
Epoch  22/50 | Train Loss: 1.5225 Acc: 0.5625 F1: 0.5390 | Val Loss: 1.6887 Acc: 0.4167 F1: 0.2750 | Train Meta: Scaleμ:0.9047, Signal|S|μ:8.5955, Delta|S|μ:6.8411, Delta/Signal:79.59%, Gateμ:-0.4170, Gate0%:0.0, MetaNormμ:8.6476 | Val Meta: Scaleμ:0.9047, Signal|S|μ:8.7573, Delta|S|μ:6.9667, Delta/Signal:79.55%, Gateμ:-0.4170, Gate0%:0.0, MetaNormμ:8.6476
Validation Loss decreased (1.701292 --> 1.688716). Saving best model...
Epoch  23/50 | Train Loss: 1.4926 Acc: 0.5521 F1: 0.5348 | Val Loss: 1.6535 Acc: 0.4167 F1: 0.2750 | Train Meta: Scaleμ:0.9047, Signal|S|μ:9.0711, Delta|S|μ:7.2189, Delta/Signal:79.58%, Gateμ:-0.4170, Gate0%:0.0, MetaNormμ:8.6476 | Val Meta: Scaleμ:0.9047, Signal|S|μ:8.7573, Delta|S|μ:6.9667, Delta/Signal:79.55%, Gateμ:-0.4170, Gate0%:0.0, MetaNormμ:8.6476
Validation Loss decreased (1.688716 --> 1.653473). Saving best model...
Epoch  24/50 | Train Loss: 1.5005 Acc: 0.5312 F1: 0.4938 | Val Loss: 1.6581 Acc: 0.5000 F1: 0.3551 | Train Meta: Scaleμ:0.9047, Signal|S|μ:8.9347, Delta|S|μ:7.1079, Delta/Signal:79.55%, Gateμ:-0.4170, Gate0%:0.0, MetaNormμ:8.6476 | Val Meta: Scaleμ:0.9047, Signal|S|μ:8.7573, Delta|S|μ:6.9667, Delta/Signal:79.55%, Gateμ:-0.4170, Gate0%:0.0, MetaNormμ:8.6476
Epoch  25/50 | Train Loss: 1.4823 Acc: 0.5417 F1: 0.5253 | Val Loss: 1.6488 Acc: 0.5000 F1: 0.3551 | Train Meta: Scaleμ:0.9047, Signal|S|μ:8.8832, Delta|S|μ:7.0691, Delta/Signal:79.58%, Gateμ:-0.4170, Gate0%:0.0, MetaNormμ:8.6476 | Val Meta: Scaleμ:0.9047, Signal|S|μ:8.7573, Delta|S|μ:6.9667, Delta/Signal:79.55%, Gateμ:-0.4170, Gate0%:0.0, MetaNormμ:8.6476
Validation Loss decreased (1.653473 --> 1.648825). Saving best model...
Epoch  26/50 | Train Loss: 1.4546 Acc: 0.5729 F1: 0.5551 | Val Loss: 1.6346 Acc: 0.5000 F1: 0.3167 | Train Meta: Scaleμ:0.9047, Signal|S|μ:8.9126, Delta|S|μ:7.0919, Delta/Signal:79.57%, Gateμ:-0.4170, Gate0%:0.0, MetaNormμ:8.6476 | Val Meta: Scaleμ:0.9047, Signal|S|μ:8.7573, Delta|S|μ:6.9667, Delta/Signal:79.55%, Gateμ:-0.4170, Gate0%:0.0, MetaNormμ:8.6476
Validation Loss decreased (1.648825 --> 1.634558). Saving best model...
Epoch  27/50 | Train Loss: 1.4468 Acc: 0.5938 F1: 0.5649 | Val Loss: 1.6039 Acc: 0.5000 F1: 0.3714 | Train Meta: Scaleμ:0.9047, Signal|S|μ:8.6906, Delta|S|μ:6.9177, Delta/Signal:79.60%, Gateμ:-0.4170, Gate0%:0.0, MetaNormμ:8.6476 | Val Meta: Scaleμ:0.9047, Signal|S|μ:8.7573, Delta|S|μ:6.9667, Delta/Signal:79.55%, Gateμ:-0.4170, Gate0%:0.0, MetaNormμ:8.6476
Validation Loss decreased (1.634558 --> 1.603944). Saving best model...
Epoch  28/50 | Train Loss: 1.4410 Acc: 0.5625 F1: 0.5305 | Val Loss: 1.5873 Acc: 0.5000 F1: 0.3714 | Train Meta: Scaleμ:0.9047, Signal|S|μ:8.9052, Delta|S|μ:7.0869, Delta/Signal:79.58%, Gateμ:-0.4170, Gate0%:0.0, MetaNormμ:8.6476 | Val Meta: Scaleμ:0.9047, Signal|S|μ:8.7573, Delta|S|μ:6.9667, Delta/Signal:79.55%, Gateμ:-0.4170, Gate0%:0.0, MetaNormμ:8.6476
Validation Loss decreased (1.603944 --> 1.587313). Saving best model...
Epoch  29/50 | Train Loss: 1.4386 Acc: 0.5417 F1: 0.5181 | Val Loss: 1.6010 Acc: 0.5000 F1: 0.3714 | Train Meta: Scaleμ:0.9047, Signal|S|μ:8.8332, Delta|S|μ:7.0307, Delta/Signal:79.59%, Gateμ:-0.4170, Gate0%:0.0, MetaNormμ:8.6476 | Val Meta: Scaleμ:0.9047, Signal|S|μ:8.7573, Delta|S|μ:6.9667, Delta/Signal:79.55%, Gateμ:-0.4170, Gate0%:0.0, MetaNormμ:8.6476
Epoch  30/50 | Train Loss: 1.4326 Acc: 0.5729 F1: 0.5569 | Val Loss: 1.5971 Acc: 0.5000 F1: 0.3619 | Train Meta: Scaleμ:0.9047, Signal|S|μ:8.7615, Delta|S|μ:6.9741, Delta/Signal:79.60%, Gateμ:-0.4170, Gate0%:0.0, MetaNormμ:8.6476 | Val Meta: Scaleμ:0.9047, Signal|S|μ:8.7573, Delta|S|μ:6.9667, Delta/Signal:79.55%, Gateμ:-0.4170, Gate0%:0.0, MetaNormμ:8.6476
Epoch  31/50 | Train Loss: 1.4256 Acc: 0.5208 F1: 0.5057 | Val Loss: 1.6102 Acc: 0.5000 F1: 0.3619 | Train Meta: Scaleμ:0.9047, Signal|S|μ:8.8586, Delta|S|μ:7.0503, Delta/Signal:79.59%, Gateμ:-0.4170, Gate0%:0.0, MetaNormμ:8.6476 | Val Meta: Scaleμ:0.9047, Signal|S|μ:8.7573, Delta|S|μ:6.9667, Delta/Signal:79.55%, Gateμ:-0.4170, Gate0%:0.0, MetaNormμ:8.6476
Epoch  32/50 | Train Loss: 1.4058 Acc: 0.5312 F1: 0.5115 | Val Loss: 1.6041 Acc: 0.5000 F1: 0.3714 | Train Meta: Scaleμ:0.9047, Signal|S|μ:8.8680, Delta|S|μ:7.0564, Delta/Signal:79.57%, Gateμ:-0.4170, Gate0%:0.0, MetaNormμ:8.6476 | Val Meta: Scaleμ:0.9047, Signal|S|μ:8.7573, Delta|S|μ:6.9667, Delta/Signal:79.55%, Gateμ:-0.4170, Gate0%:0.0, MetaNormμ:8.6476
Epoch  33/50 | Train Loss: 1.4019 Acc: 0.5833 F1: 0.5703 | Val Loss: 1.5776 Acc: 0.5000 F1: 0.3714 | Train Meta: Scaleμ:0.9047, Signal|S|μ:8.9775, Delta|S|μ:7.1430, Delta/Signal:79.57%, Gateμ:-0.4170, Gate0%:0.0, MetaNormμ:8.6476 | Val Meta: Scaleμ:0.9047, Signal|S|μ:8.7573, Delta|S|μ:6.9667, Delta/Signal:79.55%, Gateμ:-0.4170, Gate0%:0.0, MetaNormμ:8.6476
Validation Loss decreased (1.587313 --> 1.577609). Saving best model...
Epoch  34/50 | Train Loss: 1.3757 Acc: 0.5625 F1: 0.5390 | Val Loss: 1.5620 Acc: 0.5000 F1: 0.3714 | Train Meta: Scaleμ:0.9047, Signal|S|μ:8.8949, Delta|S|μ:7.0788, Delta/Signal:79.58%, Gateμ:-0.4170, Gate0%:0.0, MetaNormμ:8.6476 | Val Meta: Scaleμ:0.9047, Signal|S|μ:8.7573, Delta|S|μ:6.9667, Delta/Signal:79.55%, Gateμ:-0.4170, Gate0%:0.0, MetaNormμ:8.6476
Validation Loss decreased (1.577609 --> 1.562024). Saving best model...
Epoch  35/50 | Train Loss: 1.3677 Acc: 0.5938 F1: 0.5707 | Val Loss: 1.5372 Acc: 0.5000 F1: 0.3714 | Train Meta: Scaleμ:0.9047, Signal|S|μ:8.9093, Delta|S|μ:7.0909, Delta/Signal:79.59%, Gateμ:-0.4170, Gate0%:0.0, MetaNormμ:8.6476 | Val Meta: Scaleμ:0.9047, Signal|S|μ:8.7573, Delta|S|μ:6.9667, Delta/Signal:79.55%, Gateμ:-0.4170, Gate0%:0.0, MetaNormμ:8.6476
Validation Loss decreased (1.562024 --> 1.537154). Saving best model...
Epoch  36/50 | Train Loss: 1.3550 Acc: 0.5833 F1: 0.5542 | Val Loss: 1.5176 Acc: 0.5000 F1: 0.3714 | Train Meta: Scaleμ:0.9047, Signal|S|μ:8.8181, Delta|S|μ:7.0162, Delta/Signal:79.57%, Gateμ:-0.4170, Gate0%:0.0, MetaNormμ:8.6476 | Val Meta: Scaleμ:0.9047, Signal|S|μ:8.7573, Delta|S|μ:6.9667, Delta/Signal:79.55%, Gateμ:-0.4170, Gate0%:0.0, MetaNormμ:8.6476
Validation Loss decreased (1.537154 --> 1.517634). Saving best model...
Epoch  37/50 | Train Loss: 1.3592 Acc: 0.5729 F1: 0.5476 | Val Loss: 1.5038 Acc: 0.5000 F1: 0.3714 | Train Meta: Scaleμ:0.9047, Signal|S|μ:8.8257, Delta|S|μ:7.0234, Delta/Signal:79.58%, Gateμ:-0.4170, Gate0%:0.0, MetaNormμ:8.6476 | Val Meta: Scaleμ:0.9047, Signal|S|μ:8.7573, Delta|S|μ:6.9667, Delta/Signal:79.55%, Gateμ:-0.4170, Gate0%:0.0, MetaNormμ:8.6476
Validation Loss decreased (1.517634 --> 1.503824). Saving best model...
Epoch  38/50 | Train Loss: 1.3535 Acc: 0.5938 F1: 0.5656 | Val Loss: 1.5043 Acc: 0.5000 F1: 0.3250 | Train Meta: Scaleμ:0.9047, Signal|S|μ:8.7019, Delta|S|μ:6.9243, Delta/Signal:79.57%, Gateμ:-0.4170, Gate0%:0.0, MetaNormμ:8.6476 | Val Meta: Scaleμ:0.9047, Signal|S|μ:8.7573, Delta|S|μ:6.9667, Delta/Signal:79.55%, Gateμ:-0.4170, Gate0%:0.0, MetaNormμ:8.6476
Epoch  39/50 | Train Loss: 1.3333 Acc: 0.5521 F1: 0.5311 | Val Loss: 1.5002 Acc: 0.5000 F1: 0.3714 | Train Meta: Scaleμ:0.9047, Signal|S|μ:8.8979, Delta|S|μ:7.0818, Delta/Signal:79.59%, Gateμ:-0.4170, Gate0%:0.0, MetaNormμ:8.6476 | Val Meta: Scaleμ:0.9047, Signal|S|μ:8.7573, Delta|S|μ:6.9667, Delta/Signal:79.55%, Gateμ:-0.4170, Gate0%:0.0, MetaNormμ:8.6476
Validation Loss decreased (1.503824 --> 1.500167). Saving best model...
Epoch  40/50 | Train Loss: 1.3230 Acc: 0.6146 F1: 0.5971 | Val Loss: 1.5083 Acc: 0.5000 F1: 0.3714 | Train Meta: Scaleμ:0.9047, Signal|S|μ:8.8014, Delta|S|μ:7.0024, Delta/Signal:79.56%, Gateμ:-0.4170, Gate0%:0.0, MetaNormμ:8.6476 | Val Meta: Scaleμ:0.9047, Signal|S|μ:8.7573, Delta|S|μ:6.9667, Delta/Signal:79.55%, Gateμ:-0.4170, Gate0%:0.0, MetaNormμ:8.6476
Epoch  41/50 | Train Loss: 1.3252 Acc: 0.6146 F1: 0.6116 | Val Loss: 1.4739 Acc: 0.5000 F1: 0.3714 | Train Meta: Scaleμ:0.9047, Signal|S|μ:8.7941, Delta|S|μ:6.9976, Delta/Signal:79.57%, Gateμ:-0.4170, Gate0%:0.0, MetaNormμ:8.6476 | Val Meta: Scaleμ:0.9047, Signal|S|μ:8.7573, Delta|S|μ:6.9667, Delta/Signal:79.55%, Gateμ:-0.4170, Gate0%:0.0, MetaNormμ:8.6476
Validation Loss decreased (1.500167 --> 1.473882). Saving best model...
Epoch  42/50 | Train Loss: 1.3065 Acc: 0.5938 F1: 0.5917 | Val Loss: 1.4535 Acc: 0.5000 F1: 0.3619 | Train Meta: Scaleμ:0.9047, Signal|S|μ:8.6439, Delta|S|μ:6.8783, Delta/Signal:79.57%, Gateμ:-0.4170, Gate0%:0.0, MetaNormμ:8.6476 | Val Meta: Scaleμ:0.9047, Signal|S|μ:8.7573, Delta|S|μ:6.9667, Delta/Signal:79.55%, Gateμ:-0.4170, Gate0%:0.0, MetaNormμ:8.6476
Validation Loss decreased (1.473882 --> 1.453509). Saving best model...
Epoch  43/50 | Train Loss: 1.2983 Acc: 0.6354 F1: 0.6156 | Val Loss: 1.4403 Acc: 0.4167 F1: 0.2905 | Train Meta: Scaleμ:0.9047, Signal|S|μ:8.8211, Delta|S|μ:7.0189, Delta/Signal:79.57%, Gateμ:-0.4170, Gate0%:0.0, MetaNormμ:8.6476 | Val Meta: Scaleμ:0.9047, Signal|S|μ:8.7573, Delta|S|μ:6.9667, Delta/Signal:79.55%, Gateμ:-0.4170, Gate0%:0.0, MetaNormμ:8.6476
Validation Loss decreased (1.453509 --> 1.440340). Saving best model...
Epoch  44/50 | Train Loss: 1.3028 Acc: 0.6458 F1: 0.6276 | Val Loss: 1.4379 Acc: 0.4167 F1: 0.3000 | Train Meta: Scaleμ:0.9047, Signal|S|μ:8.8842, Delta|S|μ:7.0698, Delta/Signal:79.58%, Gateμ:-0.4170, Gate0%:0.0, MetaNormμ:8.6476 | Val Meta: Scaleμ:0.9047, Signal|S|μ:8.7573, Delta|S|μ:6.9667, Delta/Signal:79.55%, Gateμ:-0.4170, Gate0%:0.0, MetaNormμ:8.6476
Validation Loss decreased (1.440340 --> 1.437867). Saving best model...
Epoch  45/50 | Train Loss: 1.2694 Acc: 0.6250 F1: 0.6087 | Val Loss: 1.4489 Acc: 0.5000 F1: 0.3714 | Train Meta: Scaleμ:0.9047, Signal|S|μ:8.9170, Delta|S|μ:7.0976, Delta/Signal:79.60%, Gateμ:-0.4170, Gate0%:0.0, MetaNormμ:8.6476 | Val Meta: Scaleμ:0.9047, Signal|S|μ:8.7573, Delta|S|μ:6.9667, Delta/Signal:79.55%, Gateμ:-0.4170, Gate0%:0.0, MetaNormμ:8.6476
Epoch  46/50 | Train Loss: 1.2793 Acc: 0.6042 F1: 0.5734 | Val Loss: 1.4572 Acc: 0.5000 F1: 0.3714 | Train Meta: Scaleμ:0.9047, Signal|S|μ:8.9819, Delta|S|μ:7.1483, Delta/Signal:79.59%, Gateμ:-0.4170, Gate0%:0.0, MetaNormμ:8.6476 | Val Meta: Scaleμ:0.9047, Signal|S|μ:8.7573, Delta|S|μ:6.9667, Delta/Signal:79.55%, Gateμ:-0.4170, Gate0%:0.0, MetaNormμ:8.6476
Epoch  47/50 | Train Loss: 1.2514 Acc: 0.6042 F1: 0.5821 | Val Loss: 1.4535 Acc: 0.5000 F1: 0.3714 | Train Meta: Scaleμ:0.9047, Signal|S|μ:8.8761, Delta|S|μ:7.0626, Delta/Signal:79.57%, Gateμ:-0.4170, Gate0%:0.0, MetaNormμ:8.6476 | Val Meta: Scaleμ:0.9047, Signal|S|μ:8.7573, Delta|S|μ:6.9667, Delta/Signal:79.55%, Gateμ:-0.4170, Gate0%:0.0, MetaNormμ:8.6476
Epoch  48/50 | Train Loss: 1.2485 Acc: 0.5938 F1: 0.5545 | Val Loss: 1.4403 Acc: 0.5000 F1: 0.3250 | Train Meta: Scaleμ:0.9047, Signal|S|μ:8.8759, Delta|S|μ:7.0618, Delta/Signal:79.56%, Gateμ:-0.4170, Gate0%:0.0, MetaNormμ:8.6476 | Val Meta: Scaleμ:0.9047, Signal|S|μ:8.7573, Delta|S|μ:6.9667, Delta/Signal:79.55%, Gateμ:-0.4170, Gate0%:0.0, MetaNormμ:8.6476
Epoch  49/50 | Train Loss: 1.2663 Acc: 0.5729 F1: 0.5453 | Val Loss: 1.4089 Acc: 0.5000 F1: 0.3714 | Train Meta: Scaleμ:0.9047, Signal|S|μ:8.8026, Delta|S|μ:7.0042, Delta/Signal:79.57%, Gateμ:-0.4170, Gate0%:0.0, MetaNormμ:8.6476 | Val Meta: Scaleμ:0.9047, Signal|S|μ:8.7573, Delta|S|μ:6.9667, Delta/Signal:79.55%, Gateμ:-0.4170, Gate0%:0.0, MetaNormμ:8.6476
Validation Loss decreased (1.437867 --> 1.408927). Saving best model...
Epoch  50/50 | Train Loss: 1.2550 Acc: 0.5938 F1: 0.5725 | Val Loss: 1.3934 Acc: 0.4167 F1: 0.2625 | Train Meta: Scaleμ:0.9047, Signal|S|μ:8.9567, Delta|S|μ:7.1268, Delta/Signal:79.57%, Gateμ:-0.4170, Gate0%:0.0, MetaNormμ:8.6476 | Val Meta: Scaleμ:0.9047, Signal|S|μ:8.7573, Delta|S|μ:6.9667, Delta/Signal:79.55%, Gateμ:-0.4170, Gate0%:0.0, MetaNormμ:8.6476
Validation Loss decreased (1.408927 --> 1.393398). Saving best model...

Classification Test Result (UWaveGestureLibrary)
Accuracy : 0.428125
F1 (macro): 0.414979
Saved attention maps for 3 sample(s) under ./runs/classification_electricity_to_UWaveGestureLibrary_laya_metadata_query_gate_text/attention_maps
Text metadata preview | dataset=ECG200 | domain=UCR | channels=1
   - channel_1: In the UCR domain, this channel belongs to the ECG200 dataset and represents the feature channel 1.
==================================================
🚀 Architecture: LAYA
📊 Target Dataset: ECG200 (Channels: 1)
📊 Pretrain Info: electricity
📊 Classes: 2 | Sequence Length: 96
==================================================
✅ Loaded pretrained encoder from ./checkpoints/electricity_laya_metadata_query_gate_text/laya_ts_electricity_s_best.pt
   - 62/62 keys matched.
✅ Encoder is FROZEN (Linear Probing mode).
📝 metadata: mode=text, fusion=none, relation=metadata_query_gate
ℹ️  Metadata Fusion Mode: none
ℹ️  Channel Mixer Relation Mode: metadata_query_gate
ℹ️  Encoder Variant: default
ℹ️  Channel Adapter: disabled for Laya downstream (mixer)
ℹ️  Channel Relation Block: disabled
✅ ClassificationHead: [B, 128] → [B, 2]
Epoch   1/50 | Train Loss: 0.6910 Acc: 0.6750 F1: 0.4030 | Val Loss: 0.7782 Acc: 0.6000 F1: 0.3750 | Train Meta: Scaleμ:0.9047, Signal|S|μ:6.4385, Delta|S|μ:5.0839, Delta/Signal:78.96%, Gateμ:-0.4449, Gate0%:0.0, MetaNormμ:8.8000 | Val Meta: Scaleμ:0.9047, Signal|S|μ:7.3471, Delta|S|μ:5.7997, Delta/Signal:78.94%, Gateμ:-0.4449, Gate0%:0.0, MetaNormμ:8.8000
Validation Loss decreased (inf --> 0.778246). Saving best model...
Epoch   2/50 | Train Loss: 0.5463 Acc: 0.7250 F1: 0.4203 | Val Loss: 0.6932 Acc: 0.6000 F1: 0.3750 | Train Meta: Scaleμ:0.9047, Signal|S|μ:6.6824, Delta|S|μ:5.2769, Delta/Signal:78.97%, Gateμ:-0.4449, Gate0%:0.0, MetaNormμ:8.8000 | Val Meta: Scaleμ:0.9047, Signal|S|μ:7.3471, Delta|S|μ:5.7997, Delta/Signal:78.94%, Gateμ:-0.4449, Gate0%:0.0, MetaNormμ:8.8000
Validation Loss decreased (0.778246 --> 0.693171). Saving best model...
Epoch   3/50 | Train Loss: 0.5337 Acc: 0.7125 F1: 0.4161 | Val Loss: 0.6593 Acc: 0.6000 F1: 0.3750 | Train Meta: Scaleμ:0.9047, Signal|S|μ:7.4659, Delta|S|μ:5.8935, Delta/Signal:78.94%, Gateμ:-0.4449, Gate0%:0.0, MetaNormμ:8.8000 | Val Meta: Scaleμ:0.9047, Signal|S|μ:7.3471, Delta|S|μ:5.7997, Delta/Signal:78.94%, Gateμ:-0.4449, Gate0%:0.0, MetaNormμ:8.8000
Validation Loss decreased (0.693171 --> 0.659269). Saving best model...
Epoch   4/50 | Train Loss: 0.5338 Acc: 0.6875 F1: 0.4074 | Val Loss: 0.6384 Acc: 0.6000 F1: 0.3750 | Train Meta: Scaleμ:0.9047, Signal|S|μ:6.5897, Delta|S|μ:5.2025, Delta/Signal:78.95%, Gateμ:-0.4449, Gate0%:0.0, MetaNormμ:8.8000 | Val Meta: Scaleμ:0.9047, Signal|S|μ:7.3471, Delta|S|μ:5.7997, Delta/Signal:78.94%, Gateμ:-0.4449, Gate0%:0.0, MetaNormμ:8.8000
Validation Loss decreased (0.659269 --> 0.638387). Saving best model...
Epoch   5/50 | Train Loss: 0.5074 Acc: 0.7000 F1: 0.4118 | Val Loss: 0.6182 Acc: 0.6000 F1: 0.3750 | Train Meta: Scaleμ:0.9047, Signal|S|μ:6.6605, Delta|S|μ:5.2585, Delta/Signal:78.95%, Gateμ:-0.4449, Gate0%:0.0, MetaNormμ:8.8000 | Val Meta: Scaleμ:0.9047, Signal|S|μ:7.3471, Delta|S|μ:5.7997, Delta/Signal:78.94%, Gateμ:-0.4449, Gate0%:0.0, MetaNormμ:8.8000
Validation Loss decreased (0.638387 --> 0.618236). Saving best model...
Epoch   6/50 | Train Loss: 0.4901 Acc: 0.7000 F1: 0.4118 | Val Loss: 0.6006 Acc: 0.6000 F1: 0.3750 | Train Meta: Scaleμ:0.9047, Signal|S|μ:6.8358, Delta|S|μ:5.3980, Delta/Signal:78.97%, Gateμ:-0.4449, Gate0%:0.0, MetaNormμ:8.8000 | Val Meta: Scaleμ:0.9047, Signal|S|μ:7.3471, Delta|S|μ:5.7997, Delta/Signal:78.94%, Gateμ:-0.4449, Gate0%:0.0, MetaNormμ:8.8000
Validation Loss decreased (0.618236 --> 0.600615). Saving best model...
Epoch   7/50 | Train Loss: 0.4922 Acc: 0.6750 F1: 0.4030 | Val Loss: 0.5770 Acc: 0.6000 F1: 0.3750 | Train Meta: Scaleμ:0.9047, Signal|S|μ:6.7898, Delta|S|μ:5.3612, Delta/Signal:78.96%, Gateμ:-0.4449, Gate0%:0.0, MetaNormμ:8.8000 | Val Meta: Scaleμ:0.9047, Signal|S|μ:7.3471, Delta|S|μ:5.7997, Delta/Signal:78.94%, Gateμ:-0.4449, Gate0%:0.0, MetaNormμ:8.8000
Validation Loss decreased (0.600615 --> 0.577004). Saving best model...
Epoch   8/50 | Train Loss: 0.4634 Acc: 0.7000 F1: 0.4489 | Val Loss: 0.5484 Acc: 0.7000 F1: 0.6000 | Train Meta: Scaleμ:0.9047, Signal|S|μ:6.8266, Delta|S|μ:5.3900, Delta/Signal:78.96%, Gateμ:-0.4449, Gate0%:0.0, MetaNormμ:8.8000 | Val Meta: Scaleμ:0.9047, Signal|S|μ:7.3471, Delta|S|μ:5.7997, Delta/Signal:78.94%, Gateμ:-0.4449, Gate0%:0.0, MetaNormμ:8.8000
Validation Loss decreased (0.577004 --> 0.548365). Saving best model...
Epoch   9/50 | Train Loss: 0.4490 Acc: 0.6875 F1: 0.4431 | Val Loss: 0.5307 Acc: 0.7000 F1: 0.6000 | Train Meta: Scaleμ:0.9047, Signal|S|μ:6.5858, Delta|S|μ:5.1990, Delta/Signal:78.94%, Gateμ:-0.4449, Gate0%:0.0, MetaNormμ:8.8000 | Val Meta: Scaleμ:0.9047, Signal|S|μ:7.3471, Delta|S|μ:5.7997, Delta/Signal:78.94%, Gateμ:-0.4449, Gate0%:0.0, MetaNormμ:8.8000
Validation Loss decreased (0.548365 --> 0.530670). Saving best model...
Epoch  10/50 | Train Loss: 0.4448 Acc: 0.7000 F1: 0.4805 | Val Loss: 0.5176 Acc: 0.7000 F1: 0.6000 | Train Meta: Scaleμ:0.9047, Signal|S|μ:6.3566, Delta|S|μ:5.0191, Delta/Signal:78.96%, Gateμ:-0.4449, Gate0%:0.0, MetaNormμ:8.8000 | Val Meta: Scaleμ:0.9047, Signal|S|μ:7.3471, Delta|S|μ:5.7997, Delta/Signal:78.94%, Gateμ:-0.4449, Gate0%:0.0, MetaNormμ:8.8000
Validation Loss decreased (0.530670 --> 0.517556). Saving best model...
Epoch  11/50 | Train Loss: 0.4401 Acc: 0.7125 F1: 0.5399 | Val Loss: 0.5123 Acc: 0.7000 F1: 0.6000 | Train Meta: Scaleμ:0.9047, Signal|S|μ:6.8290, Delta|S|μ:5.3922, Delta/Signal:78.96%, Gateμ:-0.4449, Gate0%:0.0, MetaNormμ:8.8000 | Val Meta: Scaleμ:0.9047, Signal|S|μ:7.3471, Delta|S|μ:5.7997, Delta/Signal:78.94%, Gateμ:-0.4449, Gate0%:0.0, MetaNormμ:8.8000
Validation Loss decreased (0.517556 --> 0.512314). Saving best model...
Epoch  12/50 | Train Loss: 0.4203 Acc: 0.7000 F1: 0.4805 | Val Loss: 0.5098 Acc: 0.7000 F1: 0.6000 | Train Meta: Scaleμ:0.9047, Signal|S|μ:6.6717, Delta|S|μ:5.2676, Delta/Signal:78.95%, Gateμ:-0.4449, Gate0%:0.0, MetaNormμ:8.8000 | Val Meta: Scaleμ:0.9047, Signal|S|μ:7.3471, Delta|S|μ:5.7997, Delta/Signal:78.94%, Gateμ:-0.4449, Gate0%:0.0, MetaNormμ:8.8000
Validation Loss decreased (0.512314 --> 0.509836). Saving best model...
Epoch  13/50 | Train Loss: 0.4419 Acc: 0.7000 F1: 0.5518 | Val Loss: 0.4940 Acc: 0.7000 F1: 0.6000 | Train Meta: Scaleμ:0.9047, Signal|S|μ:6.8655, Delta|S|μ:5.4205, Delta/Signal:78.95%, Gateμ:-0.4449, Gate0%:0.0, MetaNormμ:8.8000 | Val Meta: Scaleμ:0.9047, Signal|S|μ:7.3471, Delta|S|μ:5.7997, Delta/Signal:78.94%, Gateμ:-0.4449, Gate0%:0.0, MetaNormμ:8.8000
Validation Loss decreased (0.509836 --> 0.494008). Saving best model...
Epoch  14/50 | Train Loss: 0.4071 Acc: 0.7125 F1: 0.5794 | Val Loss: 0.4839 Acc: 0.8000 F1: 0.7619 | Train Meta: Scaleμ:0.9047, Signal|S|μ:6.3509, Delta|S|μ:5.0134, Delta/Signal:78.94%, Gateμ:-0.4449, Gate0%:0.0, MetaNormμ:8.8000 | Val Meta: Scaleμ:0.9047, Signal|S|μ:7.3471, Delta|S|μ:5.7997, Delta/Signal:78.94%, Gateμ:-0.4449, Gate0%:0.0, MetaNormμ:8.8000
Validation Loss decreased (0.494008 --> 0.483898). Saving best model...
Epoch  15/50 | Train Loss: 0.4178 Acc: 0.7000 F1: 0.6000 | Val Loss: 0.4686 Acc: 0.8000 F1: 0.7619 | Train Meta: Scaleμ:0.9047, Signal|S|μ:6.8246, Delta|S|μ:5.3871, Delta/Signal:78.94%, Gateμ:-0.4449, Gate0%:0.0, MetaNormμ:8.8000 | Val Meta: Scaleμ:0.9047, Signal|S|μ:7.3471, Delta|S|μ:5.7997, Delta/Signal:78.94%, Gateμ:-0.4449, Gate0%:0.0, MetaNormμ:8.8000
Validation Loss decreased (0.483898 --> 0.468631). Saving best model...
Epoch  16/50 | Train Loss: 0.4013 Acc: 0.7375 F1: 0.6440 | Val Loss: 0.4593 Acc: 0.8000 F1: 0.7619 | Train Meta: Scaleμ:0.9047, Signal|S|μ:6.5151, Delta|S|μ:5.1437, Delta/Signal:78.95%, Gateμ:-0.4449, Gate0%:0.0, MetaNormμ:8.8000 | Val Meta: Scaleμ:0.9047, Signal|S|μ:7.3471, Delta|S|μ:5.7997, Delta/Signal:78.94%, Gateμ:-0.4449, Gate0%:0.0, MetaNormμ:8.8000
Validation Loss decreased (0.468631 --> 0.459273). Saving best model...
Epoch  17/50 | Train Loss: 0.4096 Acc: 0.7250 F1: 0.6449 | Val Loss: 0.4574 Acc: 0.8000 F1: 0.7619 | Train Meta: Scaleμ:0.9047, Signal|S|μ:6.8309, Delta|S|μ:5.3941, Delta/Signal:78.97%, Gateμ:-0.4449, Gate0%:0.0, MetaNormμ:8.8000 | Val Meta: Scaleμ:0.9047, Signal|S|μ:7.3471, Delta|S|μ:5.7997, Delta/Signal:78.94%, Gateμ:-0.4449, Gate0%:0.0, MetaNormμ:8.8000
Validation Loss decreased (0.459273 --> 0.457374). Saving best model...
Epoch  18/50 | Train Loss: 0.3872 Acc: 0.7375 F1: 0.6440 | Val Loss: 0.4833 Acc: 0.8000 F1: 0.7619 | Train Meta: Scaleμ:0.9047, Signal|S|μ:6.5757, Delta|S|μ:5.1904, Delta/Signal:78.93%, Gateμ:-0.4449, Gate0%:0.0, MetaNormμ:8.8000 | Val Meta: Scaleμ:0.9047, Signal|S|μ:7.3471, Delta|S|μ:5.7997, Delta/Signal:78.94%, Gateμ:-0.4449, Gate0%:0.0, MetaNormμ:8.8000
Epoch  19/50 | Train Loss: 0.3874 Acc: 0.7000 F1: 0.5858 | Val Loss: 0.4735 Acc: 0.8000 F1: 0.7619 | Train Meta: Scaleμ:0.9047, Signal|S|μ:6.5915, Delta|S|μ:5.2046, Delta/Signal:78.96%, Gateμ:-0.4449, Gate0%:0.0, MetaNormμ:8.8000 | Val Meta: Scaleμ:0.9047, Signal|S|μ:7.3471, Delta|S|μ:5.7997, Delta/Signal:78.94%, Gateμ:-0.4449, Gate0%:0.0, MetaNormμ:8.8000
Epoch  20/50 | Train Loss: 0.3530 Acc: 0.8000 F1: 0.7239 | Val Loss: 0.4552 Acc: 0.8000 F1: 0.7619 | Train Meta: Scaleμ:0.9047, Signal|S|μ:6.9164, Delta|S|μ:5.4615, Delta/Signal:78.97%, Gateμ:-0.4449, Gate0%:0.0, MetaNormμ:8.8000 | Val Meta: Scaleμ:0.9047, Signal|S|μ:7.3471, Delta|S|μ:5.7997, Delta/Signal:78.94%, Gateμ:-0.4449, Gate0%:0.0, MetaNormμ:8.8000
Validation Loss decreased (0.457374 --> 0.455151). Saving best model...
Epoch  21/50 | Train Loss: 0.3702 Acc: 0.7875 F1: 0.7297 | Val Loss: 0.4541 Acc: 0.8000 F1: 0.7619 | Train Meta: Scaleμ:0.9047, Signal|S|μ:6.4206, Delta|S|μ:5.0690, Delta/Signal:78.95%, Gateμ:-0.4449, Gate0%:0.0, MetaNormμ:8.8000 | Val Meta: Scaleμ:0.9047, Signal|S|μ:7.3471, Delta|S|μ:5.7997, Delta/Signal:78.94%, Gateμ:-0.4449, Gate0%:0.0, MetaNormμ:8.8000
Validation Loss decreased (0.455151 --> 0.454075). Saving best model...
Epoch  22/50 | Train Loss: 0.3699 Acc: 0.7875 F1: 0.7213 | Val Loss: 0.4604 Acc: 0.8000 F1: 0.7619 | Train Meta: Scaleμ:0.9047, Signal|S|μ:6.8911, Delta|S|μ:5.4402, Delta/Signal:78.94%, Gateμ:-0.4449, Gate0%:0.0, MetaNormμ:8.8000 | Val Meta: Scaleμ:0.9047, Signal|S|μ:7.3471, Delta|S|μ:5.7997, Delta/Signal:78.94%, Gateμ:-0.4449, Gate0%:0.0, MetaNormμ:8.8000
Epoch  23/50 | Train Loss: 0.3727 Acc: 0.7625 F1: 0.6979 | Val Loss: 0.4477 Acc: 0.8000 F1: 0.7619 | Train Meta: Scaleμ:0.9047, Signal|S|μ:7.3178, Delta|S|μ:5.7778, Delta/Signal:78.95%, Gateμ:-0.4449, Gate0%:0.0, MetaNormμ:8.8000 | Val Meta: Scaleμ:0.9047, Signal|S|μ:7.3471, Delta|S|μ:5.7997, Delta/Signal:78.94%, Gateμ:-0.4449, Gate0%:0.0, MetaNormμ:8.8000
Validation Loss decreased (0.454075 --> 0.447741). Saving best model...
Epoch  24/50 | Train Loss: 0.3558 Acc: 0.7875 F1: 0.7372 | Val Loss: 0.4543 Acc: 0.8000 F1: 0.7619 | Train Meta: Scaleμ:0.9047, Signal|S|μ:7.1087, Delta|S|μ:5.6127, Delta/Signal:78.96%, Gateμ:-0.4449, Gate0%:0.0, MetaNormμ:8.8000 | Val Meta: Scaleμ:0.9047, Signal|S|μ:7.3471, Delta|S|μ:5.7997, Delta/Signal:78.94%, Gateμ:-0.4449, Gate0%:0.0, MetaNormμ:8.8000
Epoch  25/50 | Train Loss: 0.3493 Acc: 0.8000 F1: 0.7559 | Val Loss: 0.4540 Acc: 0.8000 F1: 0.7619 | Train Meta: Scaleμ:0.9047, Signal|S|μ:6.7681, Delta|S|μ:5.3437, Delta/Signal:78.95%, Gateμ:-0.4449, Gate0%:0.0, MetaNormμ:8.8000 | Val Meta: Scaleμ:0.9047, Signal|S|μ:7.3471, Delta|S|μ:5.7997, Delta/Signal:78.94%, Gateμ:-0.4449, Gate0%:0.0, MetaNormμ:8.8000
Epoch  26/50 | Train Loss: 0.3481 Acc: 0.7875 F1: 0.7297 | Val Loss: 0.4495 Acc: 0.8000 F1: 0.7619 | Train Meta: Scaleμ:0.9047, Signal|S|μ:6.9260, Delta|S|μ:5.4681, Delta/Signal:78.95%, Gateμ:-0.4449, Gate0%:0.0, MetaNormμ:8.8000 | Val Meta: Scaleμ:0.9047, Signal|S|μ:7.3471, Delta|S|μ:5.7997, Delta/Signal:78.94%, Gateμ:-0.4449, Gate0%:0.0, MetaNormμ:8.8000
Epoch  27/50 | Train Loss: 0.3718 Acc: 0.7625 F1: 0.7063 | Val Loss: 0.4472 Acc: 0.8000 F1: 0.7619 | Train Meta: Scaleμ:0.9047, Signal|S|μ:6.8309, Delta|S|μ:5.3939, Delta/Signal:78.96%, Gateμ:-0.4449, Gate0%:0.0, MetaNormμ:8.8000 | Val Meta: Scaleμ:0.9047, Signal|S|μ:7.3471, Delta|S|μ:5.7997, Delta/Signal:78.94%, Gateμ:-0.4449, Gate0%:0.0, MetaNormμ:8.8000
Validation Loss decreased (0.447741 --> 0.447196). Saving best model...
Epoch  28/50 | Train Loss: 0.3619 Acc: 0.7750 F1: 0.7382 | Val Loss: 0.4365 Acc: 0.8000 F1: 0.7619 | Train Meta: Scaleμ:0.9047, Signal|S|μ:6.3048, Delta|S|μ:4.9785, Delta/Signal:78.96%, Gateμ:-0.4449, Gate0%:0.0, MetaNormμ:8.8000 | Val Meta: Scaleμ:0.9047, Signal|S|μ:7.3471, Delta|S|μ:5.7997, Delta/Signal:78.94%, Gateμ:-0.4449, Gate0%:0.0, MetaNormμ:8.8000
Validation Loss decreased (0.447196 --> 0.436524). Saving best model...
Epoch  29/50 | Train Loss: 0.3548 Acc: 0.8125 F1: 0.7794 | Val Loss: 0.4405 Acc: 0.8000 F1: 0.7619 | Train Meta: Scaleμ:0.9047, Signal|S|μ:6.4113, Delta|S|μ:5.0616, Delta/Signal:78.95%, Gateμ:-0.4449, Gate0%:0.0, MetaNormμ:8.8000 | Val Meta: Scaleμ:0.9047, Signal|S|μ:7.3471, Delta|S|μ:5.7997, Delta/Signal:78.94%, Gateμ:-0.4449, Gate0%:0.0, MetaNormμ:8.8000
Epoch  30/50 | Train Loss: 0.3404 Acc: 0.8375 F1: 0.8129 | Val Loss: 0.4359 Acc: 0.8000 F1: 0.7619 | Train Meta: Scaleμ:0.9047, Signal|S|μ:6.8688, Delta|S|μ:5.4224, Delta/Signal:78.94%, Gateμ:-0.4449, Gate0%:0.0, MetaNormμ:8.8000 | Val Meta: Scaleμ:0.9047, Signal|S|μ:7.3471, Delta|S|μ:5.7997, Delta/Signal:78.94%, Gateμ:-0.4449, Gate0%:0.0, MetaNormμ:8.8000
Validation Loss decreased (0.436524 --> 0.435862). Saving best model...
Epoch  31/50 | Train Loss: 0.3534 Acc: 0.8125 F1: 0.7841 | Val Loss: 0.4459 Acc: 0.8000 F1: 0.7619 | Train Meta: Scaleμ:0.9047, Signal|S|μ:6.5090, Delta|S|μ:5.1397, Delta/Signal:78.96%, Gateμ:-0.4449, Gate0%:0.0, MetaNormμ:8.8000 | Val Meta: Scaleμ:0.9047, Signal|S|μ:7.3471, Delta|S|μ:5.7997, Delta/Signal:78.94%, Gateμ:-0.4449, Gate0%:0.0, MetaNormμ:8.8000
Epoch  32/50 | Train Loss: 0.3629 Acc: 0.7750 F1: 0.7436 | Val Loss: 0.4359 Acc: 0.8000 F1: 0.7619 | Train Meta: Scaleμ:0.9047, Signal|S|μ:6.9921, Delta|S|μ:5.5200, Delta/Signal:78.95%, Gateμ:-0.4449, Gate0%:0.0, MetaNormμ:8.8000 | Val Meta: Scaleμ:0.9047, Signal|S|μ:7.3471, Delta|S|μ:5.7997, Delta/Signal:78.94%, Gateμ:-0.4449, Gate0%:0.0, MetaNormμ:8.8000
Epoch  33/50 | Train Loss: 0.3447 Acc: 0.8000 F1: 0.7721 | Val Loss: 0.4363 Acc: 0.8000 F1: 0.7619 | Train Meta: Scaleμ:0.9047, Signal|S|μ:6.7270, Delta|S|μ:5.3117, Delta/Signal:78.96%, Gateμ:-0.4449, Gate0%:0.0, MetaNormμ:8.8000 | Val Meta: Scaleμ:0.9047, Signal|S|μ:7.3471, Delta|S|μ:5.7997, Delta/Signal:78.94%, Gateμ:-0.4449, Gate0%:0.0, MetaNormμ:8.8000
Epoch  34/50 | Train Loss: 0.3514 Acc: 0.8000 F1: 0.7619 | Val Loss: 0.4417 Acc: 0.8000 F1: 0.7619 | Train Meta: Scaleμ:0.9047, Signal|S|μ:6.7314, Delta|S|μ:5.3151, Delta/Signal:78.96%, Gateμ:-0.4449, Gate0%:0.0, MetaNormμ:8.8000 | Val Meta: Scaleμ:0.9047, Signal|S|μ:7.3471, Delta|S|μ:5.7997, Delta/Signal:78.94%, Gateμ:-0.4449, Gate0%:0.0, MetaNormμ:8.8000
Epoch  35/50 | Train Loss: 0.3429 Acc: 0.8000 F1: 0.7559 | Val Loss: 0.4468 Acc: 0.8000 F1: 0.7619 | Train Meta: Scaleμ:0.9047, Signal|S|μ:6.8855, Delta|S|μ:5.4367, Delta/Signal:78.96%, Gateμ:-0.4449, Gate0%:0.0, MetaNormμ:8.8000 | Val Meta: Scaleμ:0.9047, Signal|S|μ:7.3471, Delta|S|μ:5.7997, Delta/Signal:78.94%, Gateμ:-0.4449, Gate0%:0.0, MetaNormμ:8.8000
Epoch  36/50 | Train Loss: 0.3504 Acc: 0.7875 F1: 0.7439 | Val Loss: 0.4697 Acc: 0.8000 F1: 0.7619 | Train Meta: Scaleμ:0.9047, Signal|S|μ:6.6878, Delta|S|μ:5.2797, Delta/Signal:78.95%, Gateμ:-0.4449, Gate0%:0.0, MetaNormμ:8.8000 | Val Meta: Scaleμ:0.9047, Signal|S|μ:7.3471, Delta|S|μ:5.7997, Delta/Signal:78.94%, Gateμ:-0.4449, Gate0%:0.0, MetaNormμ:8.8000
Epoch  37/50 | Train Loss: 0.3202 Acc: 0.8125 F1: 0.7615 | Val Loss: 0.4691 Acc: 0.8000 F1: 0.7619 | Train Meta: Scaleμ:0.9047, Signal|S|μ:6.4130, Delta|S|μ:5.0628, Delta/Signal:78.95%, Gateμ:-0.4449, Gate0%:0.0, MetaNormμ:8.8000 | Val Meta: Scaleμ:0.9047, Signal|S|μ:7.3471, Delta|S|μ:5.7997, Delta/Signal:78.94%, Gateμ:-0.4449, Gate0%:0.0, MetaNormμ:8.8000
Epoch  38/50 | Train Loss: 0.3409 Acc: 0.7875 F1: 0.7439 | Val Loss: 0.4638 Acc: 0.8000 F1: 0.7619 | Train Meta: Scaleμ:0.9047, Signal|S|μ:6.3336, Delta|S|μ:5.0006, Delta/Signal:78.95%, Gateμ:-0.4449, Gate0%:0.0, MetaNormμ:8.8000 | Val Meta: Scaleμ:0.9047, Signal|S|μ:7.3471, Delta|S|μ:5.7997, Delta/Signal:78.94%, Gateμ:-0.4449, Gate0%:0.0, MetaNormμ:8.8000
Epoch  39/50 | Train Loss: 0.3248 Acc: 0.8125 F1: 0.7741 | Val Loss: 0.4631 Acc: 0.8000 F1: 0.7619 | Train Meta: Scaleμ:0.9047, Signal|S|μ:6.9315, Delta|S|μ:5.4722, Delta/Signal:78.95%, Gateμ:-0.4449, Gate0%:0.0, MetaNormμ:8.8000 | Val Meta: Scaleμ:0.9047, Signal|S|μ:7.3471, Delta|S|μ:5.7997, Delta/Signal:78.94%, Gateμ:-0.4449, Gate0%:0.0, MetaNormμ:8.8000
Epoch  40/50 | Train Loss: 0.3317 Acc: 0.8000 F1: 0.7492 | Val Loss: 0.4573 Acc: 0.8000 F1: 0.7619 | Train Meta: Scaleμ:0.9047, Signal|S|μ:7.2410, Delta|S|μ:5.7172, Delta/Signal:78.96%, Gateμ:-0.4449, Gate0%:0.0, MetaNormμ:8.8000 | Val Meta: Scaleμ:0.9047, Signal|S|μ:7.3471, Delta|S|μ:5.7997, Delta/Signal:78.94%, Gateμ:-0.4449, Gate0%:0.0, MetaNormμ:8.8000
Epoch  41/50 | Train Loss: 0.3324 Acc: 0.8125 F1: 0.7741 | Val Loss: 0.4511 Acc: 0.8000 F1: 0.7619 | Train Meta: Scaleμ:0.9047, Signal|S|μ:6.5767, Delta|S|μ:5.1923, Delta/Signal:78.95%, Gateμ:-0.4449, Gate0%:0.0, MetaNormμ:8.8000 | Val Meta: Scaleμ:0.9047, Signal|S|μ:7.3471, Delta|S|μ:5.7997, Delta/Signal:78.94%, Gateμ:-0.4449, Gate0%:0.0, MetaNormμ:8.8000
Epoch  42/50 | Train Loss: 0.3387 Acc: 0.8125 F1: 0.7884 | Val Loss: 0.4440 Acc: 0.8000 F1: 0.7619 | Train Meta: Scaleμ:0.9047, Signal|S|μ:6.3740, Delta|S|μ:5.0322, Delta/Signal:78.95%, Gateμ:-0.4449, Gate0%:0.0, MetaNormμ:8.8000 | Val Meta: Scaleμ:0.9047, Signal|S|μ:7.3471, Delta|S|μ:5.7997, Delta/Signal:78.94%, Gateμ:-0.4449, Gate0%:0.0, MetaNormμ:8.8000
Epoch  43/50 | Train Loss: 0.2995 Acc: 0.8500 F1: 0.8214 | Val Loss: 0.4438 Acc: 0.8000 F1: 0.7619 | Train Meta: Scaleμ:0.9047, Signal|S|μ:7.0692, Delta|S|μ:5.5808, Delta/Signal:78.95%, Gateμ:-0.4449, Gate0%:0.0, MetaNormμ:8.8000 | Val Meta: Scaleμ:0.9047, Signal|S|μ:7.3471, Delta|S|μ:5.7997, Delta/Signal:78.94%, Gateμ:-0.4449, Gate0%:0.0, MetaNormμ:8.8000
Epoch  44/50 | Train Loss: 0.3128 Acc: 0.8625 F1: 0.8382 | Val Loss: 0.4564 Acc: 0.8000 F1: 0.7619 | Train Meta: Scaleμ:0.9047, Signal|S|μ:6.7468, Delta|S|μ:5.3274, Delta/Signal:78.96%, Gateμ:-0.4449, Gate0%:0.0, MetaNormμ:8.8000 | Val Meta: Scaleμ:0.9047, Signal|S|μ:7.3471, Delta|S|μ:5.7997, Delta/Signal:78.94%, Gateμ:-0.4449, Gate0%:0.0, MetaNormμ:8.8000
Epoch  45/50 | Train Loss: 0.3185 Acc: 0.8250 F1: 0.7964 | Val Loss: 0.4616 Acc: 0.8000 F1: 0.7619 | Train Meta: Scaleμ:0.9047, Signal|S|μ:6.7560, Delta|S|μ:5.3342, Delta/Signal:78.95%, Gateμ:-0.4449, Gate0%:0.0, MetaNormμ:8.8000 | Val Meta: Scaleμ:0.9047, Signal|S|μ:7.3471, Delta|S|μ:5.7997, Delta/Signal:78.94%, Gateμ:-0.4449, Gate0%:0.0, MetaNormμ:8.8000
Epoch  46/50 | Train Loss: 0.3168 Acc: 0.8125 F1: 0.7615 | Val Loss: 0.4746 Acc: 0.8000 F1: 0.7619 | Train Meta: Scaleμ:0.9047, Signal|S|μ:6.9670, Delta|S|μ:5.5009, Delta/Signal:78.96%, Gateμ:-0.4449, Gate0%:0.0, MetaNormμ:8.8000 | Val Meta: Scaleμ:0.9047, Signal|S|μ:7.3471, Delta|S|μ:5.7997, Delta/Signal:78.94%, Gateμ:-0.4449, Gate0%:0.0, MetaNormμ:8.8000
Epoch  47/50 | Train Loss: 0.3164 Acc: 0.8375 F1: 0.8129 | Val Loss: 0.4578 Acc: 0.8000 F1: 0.7619 | Train Meta: Scaleμ:0.9047, Signal|S|μ:6.7768, Delta|S|μ:5.3508, Delta/Signal:78.96%, Gateμ:-0.4449, Gate0%:0.0, MetaNormμ:8.8000 | Val Meta: Scaleμ:0.9047, Signal|S|μ:7.3471, Delta|S|μ:5.7997, Delta/Signal:78.94%, Gateμ:-0.4449, Gate0%:0.0, MetaNormμ:8.8000
Epoch  48/50 | Train Loss: 0.3356 Acc: 0.8125 F1: 0.7841 | Val Loss: 0.4509 Acc: 0.8000 F1: 0.7619 | Train Meta: Scaleμ:0.9047, Signal|S|μ:6.3451, Delta|S|μ:5.0095, Delta/Signal:78.95%, Gateμ:-0.4449, Gate0%:0.0, MetaNormμ:8.8000 | Val Meta: Scaleμ:0.9047, Signal|S|μ:7.3471, Delta|S|μ:5.7997, Delta/Signal:78.94%, Gateμ:-0.4449, Gate0%:0.0, MetaNormμ:8.8000
Epoch  49/50 | Train Loss: 0.3068 Acc: 0.8375 F1: 0.8042 | Val Loss: 0.4621 Acc: 0.8000 F1: 0.7619 | Train Meta: Scaleμ:0.9047, Signal|S|μ:6.6542, Delta|S|μ:5.2540, Delta/Signal:78.96%, Gateμ:-0.4449, Gate0%:0.0, MetaNormμ:8.8000 | Val Meta: Scaleμ:0.9047, Signal|S|μ:7.3471, Delta|S|μ:5.7997, Delta/Signal:78.94%, Gateμ:-0.4449, Gate0%:0.0, MetaNormμ:8.8000
Epoch  50/50 | Train Loss: 0.3154 Acc: 0.8250 F1: 0.7964 | Val Loss: 0.4736 Acc: 0.8000 F1: 0.7619 | Train Meta: Scaleμ:0.9047, Signal|S|μ:6.9097, Delta|S|μ:5.4552, Delta/Signal:78.95%, Gateμ:-0.4449, Gate0%:0.0, MetaNormμ:8.8000 | Val Meta: Scaleμ:0.9047, Signal|S|μ:7.3471, Delta|S|μ:5.7997, Delta/Signal:78.94%, Gateμ:-0.4449, Gate0%:0.0, MetaNormμ:8.8000

Classification Test Result (ECG200)
Accuracy : 0.810000
F1 (macro): 0.783476
Saved attention maps for 3 sample(s) under ./runs/classification_electricity_to_ECG200_laya_metadata_query_gate_text/attention_maps
Text metadata preview | dataset=ECG5000 | domain=UCR | channels=1
   - channel_1: In the UCR domain, this channel belongs to the ECG5000 dataset and represents the feature channel 1.
==================================================
🚀 Architecture: LAYA
📊 Target Dataset: ECG5000 (Channels: 1)
📊 Pretrain Info: electricity
📊 Classes: 5 | Sequence Length: 140
==================================================
✅ Loaded pretrained encoder from ./checkpoints/electricity_laya_metadata_query_gate_text/laya_ts_electricity_s_best.pt
   - 62/62 keys matched.
✅ Encoder is FROZEN (Linear Probing mode).
📝 metadata: mode=text, fusion=none, relation=metadata_query_gate
ℹ️  Metadata Fusion Mode: none
ℹ️  Channel Mixer Relation Mode: metadata_query_gate
ℹ️  Encoder Variant: default
ℹ️  Channel Adapter: disabled for Laya downstream (mixer)
ℹ️  Channel Relation Block: disabled
✅ ClassificationHead: [B, 128] → [B, 5]
Epoch   1/50 | Train Loss: 1.2657 Acc: 0.4576 F1: 0.1882 | Val Loss: 0.7559 Acc: 0.6400 F1: 0.2602 | Train Meta: Scaleμ:0.9047, Signal|S|μ:6.7097, Delta|S|μ:5.3301, Delta/Signal:79.44%, Gateμ:-0.4436, Gate0%:0.0, MetaNormμ:8.7089 | Val Meta: Scaleμ:0.9047, Signal|S|μ:6.2887, Delta|S|μ:4.9947, Delta/Signal:79.42%, Gateμ:-0.4436, Gate0%:0.0, MetaNormμ:8.7089
Validation Loss decreased (inf --> 0.755920). Saving best model...
Epoch   2/50 | Train Loss: 0.7822 Acc: 0.7277 F1: 0.2798 | Val Loss: 0.6088 Acc: 0.8800 F1: 0.5880 | Train Meta: Scaleμ:0.9047, Signal|S|μ:6.7611, Delta|S|μ:5.3698, Delta/Signal:79.42%, Gateμ:-0.4436, Gate0%:0.0, MetaNormμ:8.7089 | Val Meta: Scaleμ:0.9047, Signal|S|μ:6.2887, Delta|S|μ:4.9947, Delta/Signal:79.42%, Gateμ:-0.4436, Gate0%:0.0, MetaNormμ:8.7089
Validation Loss decreased (0.755920 --> 0.608824). Saving best model...
Epoch   3/50 | Train Loss: 0.6741 Acc: 0.8527 F1: 0.3493 | Val Loss: 0.5308 Acc: 0.9000 F1: 0.6048 | Train Meta: Scaleμ:0.9047, Signal|S|μ:6.3790, Delta|S|μ:5.0664, Delta/Signal:79.42%, Gateμ:-0.4436, Gate0%:0.0, MetaNormμ:8.7089 | Val Meta: Scaleμ:0.9047, Signal|S|μ:6.2887, Delta|S|μ:4.9947, Delta/Signal:79.42%, Gateμ:-0.4436, Gate0%:0.0, MetaNormμ:8.7089
Validation Loss decreased (0.608824 --> 0.530845). Saving best model...
Epoch   4/50 | Train Loss: 0.6118 Acc: 0.8661 F1: 0.3551 | Val Loss: 0.4860 Acc: 0.9000 F1: 0.6048 | Train Meta: Scaleμ:0.9047, Signal|S|μ:6.6400, Delta|S|μ:5.2741, Delta/Signal:79.43%, Gateμ:-0.4436, Gate0%:0.0, MetaNormμ:8.7089 | Val Meta: Scaleμ:0.9047, Signal|S|μ:6.2887, Delta|S|μ:4.9947, Delta/Signal:79.42%, Gateμ:-0.4436, Gate0%:0.0, MetaNormμ:8.7089
Validation Loss decreased (0.530845 --> 0.486048). Saving best model...
Epoch   5/50 | Train Loss: 0.5740 Acc: 0.8683 F1: 0.3558 | Val Loss: 0.4556 Acc: 0.9000 F1: 0.6048 | Train Meta: Scaleμ:0.9047, Signal|S|μ:6.5707, Delta|S|μ:5.2182, Delta/Signal:79.42%, Gateμ:-0.4436, Gate0%:0.0, MetaNormμ:8.7089 | Val Meta: Scaleμ:0.9047, Signal|S|μ:6.2887, Delta|S|μ:4.9947, Delta/Signal:79.42%, Gateμ:-0.4436, Gate0%:0.0, MetaNormμ:8.7089
Validation Loss decreased (0.486048 --> 0.455552). Saving best model...
Epoch   6/50 | Train Loss: 0.5489 Acc: 0.8705 F1: 0.3568 | Val Loss: 0.4359 Acc: 0.9200 F1: 0.6210 | Train Meta: Scaleμ:0.9047, Signal|S|μ:6.1215, Delta|S|μ:4.8621, Delta/Signal:79.43%, Gateμ:-0.4436, Gate0%:0.0, MetaNormμ:8.7089 | Val Meta: Scaleμ:0.9047, Signal|S|μ:6.2887, Delta|S|μ:4.9947, Delta/Signal:79.42%, Gateμ:-0.4436, Gate0%:0.0, MetaNormμ:8.7089
Validation Loss decreased (0.455552 --> 0.435884). Saving best model...
Epoch   7/50 | Train Loss: 0.5346 Acc: 0.8705 F1: 0.3568 | Val Loss: 0.4310 Acc: 0.9200 F1: 0.6210 | Train Meta: Scaleμ:0.9047, Signal|S|μ:6.2364, Delta|S|μ:4.9537, Delta/Signal:79.43%, Gateμ:-0.4436, Gate0%:0.0, MetaNormμ:8.7089 | Val Meta: Scaleμ:0.9047, Signal|S|μ:6.2887, Delta|S|μ:4.9947, Delta/Signal:79.42%, Gateμ:-0.4436, Gate0%:0.0, MetaNormμ:8.7089
Validation Loss decreased (0.435884 --> 0.431046). Saving best model...
Epoch   8/50 | Train Loss: 0.5178 Acc: 0.8705 F1: 0.3569 | Val Loss: 0.4189 Acc: 0.9200 F1: 0.6210 | Train Meta: Scaleμ:0.9047, Signal|S|μ:6.2049, Delta|S|μ:4.9281, Delta/Signal:79.42%, Gateμ:-0.4436, Gate0%:0.0, MetaNormμ:8.7089 | Val Meta: Scaleμ:0.9047, Signal|S|μ:6.2887, Delta|S|μ:4.9947, Delta/Signal:79.42%, Gateμ:-0.4436, Gate0%:0.0, MetaNormμ:8.7089
Validation Loss decreased (0.431046 --> 0.418874). Saving best model...
Epoch   9/50 | Train Loss: 0.5037 Acc: 0.8772 F1: 0.3591 | Val Loss: 0.4104 Acc: 0.9200 F1: 0.6210 | Train Meta: Scaleμ:0.9047, Signal|S|μ:6.5337, Delta|S|μ:5.1887, Delta/Signal:79.42%, Gateμ:-0.4436, Gate0%:0.0, MetaNormμ:8.7089 | Val Meta: Scaleμ:0.9047, Signal|S|μ:6.2887, Delta|S|μ:4.9947, Delta/Signal:79.42%, Gateμ:-0.4436, Gate0%:0.0, MetaNormμ:8.7089
Validation Loss decreased (0.418874 --> 0.410409). Saving best model...
Epoch  10/50 | Train Loss: 0.4974 Acc: 0.8728 F1: 0.3576 | Val Loss: 0.4048 Acc: 0.9200 F1: 0.6210 | Train Meta: Scaleμ:0.9047, Signal|S|μ:6.2316, Delta|S|μ:4.9500, Delta/Signal:79.43%, Gateμ:-0.4436, Gate0%:0.0, MetaNormμ:8.7089 | Val Meta: Scaleμ:0.9047, Signal|S|μ:6.2887, Delta|S|μ:4.9947, Delta/Signal:79.42%, Gateμ:-0.4436, Gate0%:0.0, MetaNormμ:8.7089
Validation Loss decreased (0.410409 --> 0.404809). Saving best model...
Epoch  11/50 | Train Loss: 0.4851 Acc: 0.8750 F1: 0.3583 | Val Loss: 0.4017 Acc: 0.9200 F1: 0.6210 | Train Meta: Scaleμ:0.9047, Signal|S|μ:6.5598, Delta|S|μ:5.2097, Delta/Signal:79.42%, Gateμ:-0.4436, Gate0%:0.0, MetaNormμ:8.7089 | Val Meta: Scaleμ:0.9047, Signal|S|μ:6.2887, Delta|S|μ:4.9947, Delta/Signal:79.42%, Gateμ:-0.4436, Gate0%:0.0, MetaNormμ:8.7089
Validation Loss decreased (0.404809 --> 0.401670). Saving best model...
Epoch  12/50 | Train Loss: 0.4777 Acc: 0.8750 F1: 0.3582 | Val Loss: 0.3928 Acc: 0.9200 F1: 0.6210 | Train Meta: Scaleμ:0.9047, Signal|S|μ:6.3496, Delta|S|μ:5.0442, Delta/Signal:79.44%, Gateμ:-0.4436, Gate0%:0.0, MetaNormμ:8.7089 | Val Meta: Scaleμ:0.9047, Signal|S|μ:6.2887, Delta|S|μ:4.9947, Delta/Signal:79.42%, Gateμ:-0.4436, Gate0%:0.0, MetaNormμ:8.7089
Validation Loss decreased (0.401670 --> 0.392791). Saving best model...
Epoch  13/50 | Train Loss: 0.4718 Acc: 0.8772 F1: 0.3592 | Val Loss: 0.3877 Acc: 0.9200 F1: 0.6210 | Train Meta: Scaleμ:0.9047, Signal|S|μ:6.1905, Delta|S|μ:4.9160, Delta/Signal:79.41%, Gateμ:-0.4436, Gate0%:0.0, MetaNormμ:8.7089 | Val Meta: Scaleμ:0.9047, Signal|S|μ:6.2887, Delta|S|μ:4.9947, Delta/Signal:79.42%, Gateμ:-0.4436, Gate0%:0.0, MetaNormμ:8.7089
Validation Loss decreased (0.392791 --> 0.387670). Saving best model...
Epoch  14/50 | Train Loss: 0.4624 Acc: 0.8795 F1: 0.3605 | Val Loss: 0.3838 Acc: 0.9200 F1: 0.6210 | Train Meta: Scaleμ:0.9047, Signal|S|μ:6.5775, Delta|S|μ:5.2237, Delta/Signal:79.42%, Gateμ:-0.4436, Gate0%:0.0, MetaNormμ:8.7089 | Val Meta: Scaleμ:0.9047, Signal|S|μ:6.2887, Delta|S|μ:4.9947, Delta/Signal:79.42%, Gateμ:-0.4436, Gate0%:0.0, MetaNormμ:8.7089
Validation Loss decreased (0.387670 --> 0.383811). Saving best model...
Epoch  15/50 | Train Loss: 0.4551 Acc: 0.8772 F1: 0.3593 | Val Loss: 0.3795 Acc: 0.9200 F1: 0.6210 | Train Meta: Scaleμ:0.9047, Signal|S|μ:6.8218, Delta|S|μ:5.4178, Delta/Signal:79.42%, Gateμ:-0.4436, Gate0%:0.0, MetaNormμ:8.7089 | Val Meta: Scaleμ:0.9047, Signal|S|μ:6.2887, Delta|S|μ:4.9947, Delta/Signal:79.42%, Gateμ:-0.4436, Gate0%:0.0, MetaNormμ:8.7089
Validation Loss decreased (0.383811 --> 0.379486). Saving best model...
Epoch  16/50 | Train Loss: 0.4497 Acc: 0.8772 F1: 0.3593 | Val Loss: 0.3716 Acc: 0.9200 F1: 0.6210 | Train Meta: Scaleμ:0.9047, Signal|S|μ:6.4466, Delta|S|μ:5.1202, Delta/Signal:79.42%, Gateμ:-0.4436, Gate0%:0.0, MetaNormμ:8.7089 | Val Meta: Scaleμ:0.9047, Signal|S|μ:6.2887, Delta|S|μ:4.9947, Delta/Signal:79.42%, Gateμ:-0.4436, Gate0%:0.0, MetaNormμ:8.7089
Validation Loss decreased (0.379486 --> 0.371646). Saving best model...
Epoch  17/50 | Train Loss: 0.4347 Acc: 0.8817 F1: 0.3608 | Val Loss: 0.3734 Acc: 0.9200 F1: 0.6210 | Train Meta: Scaleμ:0.9047, Signal|S|μ:6.2670, Delta|S|μ:4.9773, Delta/Signal:79.42%, Gateμ:-0.4436, Gate0%:0.0, MetaNormμ:8.7089 | Val Meta: Scaleμ:0.9047, Signal|S|μ:6.2887, Delta|S|μ:4.9947, Delta/Signal:79.42%, Gateμ:-0.4436, Gate0%:0.0, MetaNormμ:8.7089
Epoch  18/50 | Train Loss: 0.4357 Acc: 0.8795 F1: 0.3600 | Val Loss: 0.3648 Acc: 0.9200 F1: 0.6210 | Train Meta: Scaleμ:0.9047, Signal|S|μ:6.3209, Delta|S|μ:5.0197, Delta/Signal:79.41%, Gateμ:-0.4436, Gate0%:0.0, MetaNormμ:8.7089 | Val Meta: Scaleμ:0.9047, Signal|S|μ:6.2887, Delta|S|μ:4.9947, Delta/Signal:79.42%, Gateμ:-0.4436, Gate0%:0.0, MetaNormμ:8.7089
Validation Loss decreased (0.371646 --> 0.364781). Saving best model...
Epoch  19/50 | Train Loss: 0.4320 Acc: 0.8795 F1: 0.3604 | Val Loss: 0.3623 Acc: 0.9200 F1: 0.6210 | Train Meta: Scaleμ:0.9047, Signal|S|μ:6.3527, Delta|S|μ:5.0455, Delta/Signal:79.42%, Gateμ:-0.4436, Gate0%:0.0, MetaNormμ:8.7089 | Val Meta: Scaleμ:0.9047, Signal|S|μ:6.2887, Delta|S|μ:4.9947, Delta/Signal:79.42%, Gateμ:-0.4436, Gate0%:0.0, MetaNormμ:8.7089
Validation Loss decreased (0.364781 --> 0.362311). Saving best model...
Epoch  20/50 | Train Loss: 0.4237 Acc: 0.8817 F1: 0.3609 | Val Loss: 0.3620 Acc: 0.9200 F1: 0.6210 | Train Meta: Scaleμ:0.9047, Signal|S|μ:6.3793, Delta|S|μ:5.0664, Delta/Signal:79.42%, Gateμ:-0.4436, Gate0%:0.0, MetaNormμ:8.7089 | Val Meta: Scaleμ:0.9047, Signal|S|μ:6.2887, Delta|S|μ:4.9947, Delta/Signal:79.42%, Gateμ:-0.4436, Gate0%:0.0, MetaNormμ:8.7089
Validation Loss decreased (0.362311 --> 0.361969). Saving best model...
Epoch  21/50 | Train Loss: 0.4199 Acc: 0.8817 F1: 0.3613 | Val Loss: 0.3561 Acc: 0.9200 F1: 0.6210 | Train Meta: Scaleμ:0.9047, Signal|S|μ:6.6617, Delta|S|μ:5.2907, Delta/Signal:79.42%, Gateμ:-0.4436, Gate0%:0.0, MetaNormμ:8.7089 | Val Meta: Scaleμ:0.9047, Signal|S|μ:6.2887, Delta|S|μ:4.9947, Delta/Signal:79.42%, Gateμ:-0.4436, Gate0%:0.0, MetaNormμ:8.7089
Validation Loss decreased (0.361969 --> 0.356143). Saving best model...
Epoch  22/50 | Train Loss: 0.4137 Acc: 0.8862 F1: 0.3632 | Val Loss: 0.3562 Acc: 0.9200 F1: 0.6210 | Train Meta: Scaleμ:0.9047, Signal|S|μ:6.1258, Delta|S|μ:4.8648, Delta/Signal:79.41%, Gateμ:-0.4436, Gate0%:0.0, MetaNormμ:8.7089 | Val Meta: Scaleμ:0.9047, Signal|S|μ:6.2887, Delta|S|μ:4.9947, Delta/Signal:79.42%, Gateμ:-0.4436, Gate0%:0.0, MetaNormμ:8.7089
Epoch  23/50 | Train Loss: 0.4118 Acc: 0.8884 F1: 0.3642 | Val Loss: 0.3501 Acc: 0.9200 F1: 0.6210 | Train Meta: Scaleμ:0.9047, Signal|S|μ:6.3383, Delta|S|μ:5.0329, Delta/Signal:79.40%, Gateμ:-0.4436, Gate0%:0.0, MetaNormμ:8.7089 | Val Meta: Scaleμ:0.9047, Signal|S|μ:6.2887, Delta|S|μ:4.9947, Delta/Signal:79.42%, Gateμ:-0.4436, Gate0%:0.0, MetaNormμ:8.7089
Validation Loss decreased (0.356143 --> 0.350070). Saving best model...
Epoch  24/50 | Train Loss: 0.3950 Acc: 0.8884 F1: 0.3636 | Val Loss: 0.3477 Acc: 0.9200 F1: 0.6210 | Train Meta: Scaleμ:0.9047, Signal|S|μ:6.2979, Delta|S|μ:5.0016, Delta/Signal:79.42%, Gateμ:-0.4436, Gate0%:0.0, MetaNormμ:8.7089 | Val Meta: Scaleμ:0.9047, Signal|S|μ:6.2887, Delta|S|μ:4.9947, Delta/Signal:79.42%, Gateμ:-0.4436, Gate0%:0.0, MetaNormμ:8.7089
Validation Loss decreased (0.350070 --> 0.347670). Saving best model...
Epoch  25/50 | Train Loss: 0.3979 Acc: 0.8884 F1: 0.3642 | Val Loss: 0.3486 Acc: 0.9200 F1: 0.6210 | Train Meta: Scaleμ:0.9047, Signal|S|μ:6.4665, Delta|S|μ:5.1363, Delta/Signal:79.43%, Gateμ:-0.4436, Gate0%:0.0, MetaNormμ:8.7089 | Val Meta: Scaleμ:0.9047, Signal|S|μ:6.2887, Delta|S|μ:4.9947, Delta/Signal:79.42%, Gateμ:-0.4436, Gate0%:0.0, MetaNormμ:8.7089
Epoch  26/50 | Train Loss: 0.3938 Acc: 0.8884 F1: 0.3643 | Val Loss: 0.3404 Acc: 0.9200 F1: 0.6210 | Train Meta: Scaleμ:0.9047, Signal|S|μ:6.0614, Delta|S|μ:4.8147, Delta/Signal:79.43%, Gateμ:-0.4436, Gate0%:0.0, MetaNormμ:8.7089 | Val Meta: Scaleμ:0.9047, Signal|S|μ:6.2887, Delta|S|μ:4.9947, Delta/Signal:79.42%, Gateμ:-0.4436, Gate0%:0.0, MetaNormμ:8.7089
Validation Loss decreased (0.347670 --> 0.340432). Saving best model...
Epoch  27/50 | Train Loss: 0.3863 Acc: 0.8906 F1: 0.3652 | Val Loss: 0.3461 Acc: 0.9200 F1: 0.6210 | Train Meta: Scaleμ:0.9047, Signal|S|μ:6.3707, Delta|S|μ:5.0596, Delta/Signal:79.42%, Gateμ:-0.4436, Gate0%:0.0, MetaNormμ:8.7089 | Val Meta: Scaleμ:0.9047, Signal|S|μ:6.2887, Delta|S|μ:4.9947, Delta/Signal:79.42%, Gateμ:-0.4436, Gate0%:0.0, MetaNormμ:8.7089
Epoch  28/50 | Train Loss: 0.3854 Acc: 0.8929 F1: 0.3663 | Val Loss: 0.3305 Acc: 0.9200 F1: 0.6210 | Train Meta: Scaleμ:0.9047, Signal|S|μ:6.3338, Delta|S|μ:5.0304, Delta/Signal:79.42%, Gateμ:-0.4436, Gate0%:0.0, MetaNormμ:8.7089 | Val Meta: Scaleμ:0.9047, Signal|S|μ:6.2887, Delta|S|μ:4.9947, Delta/Signal:79.42%, Gateμ:-0.4436, Gate0%:0.0, MetaNormμ:8.7089
Validation Loss decreased (0.340432 --> 0.330524). Saving best model...
Epoch  29/50 | Train Loss: 0.3871 Acc: 0.8929 F1: 0.3663 | Val Loss: 0.3474 Acc: 0.9200 F1: 0.6210 | Train Meta: Scaleμ:0.9047, Signal|S|μ:6.2009, Delta|S|μ:4.9242, Delta/Signal:79.41%, Gateμ:-0.4436, Gate0%:0.0, MetaNormμ:8.7089 | Val Meta: Scaleμ:0.9047, Signal|S|μ:6.2887, Delta|S|μ:4.9947, Delta/Signal:79.42%, Gateμ:-0.4436, Gate0%:0.0, MetaNormμ:8.7089
Epoch  30/50 | Train Loss: 0.3790 Acc: 0.8929 F1: 0.3663 | Val Loss: 0.3247 Acc: 0.9200 F1: 0.6210 | Train Meta: Scaleμ:0.9047, Signal|S|μ:6.2794, Delta|S|μ:4.9863, Delta/Signal:79.41%, Gateμ:-0.4436, Gate0%:0.0, MetaNormμ:8.7089 | Val Meta: Scaleμ:0.9047, Signal|S|μ:6.2887, Delta|S|μ:4.9947, Delta/Signal:79.42%, Gateμ:-0.4436, Gate0%:0.0, MetaNormμ:8.7089
Validation Loss decreased (0.330524 --> 0.324727). Saving best model...
Epoch  31/50 | Train Loss: 0.3750 Acc: 0.8951 F1: 0.3673 | Val Loss: 0.3253 Acc: 0.9200 F1: 0.6210 | Train Meta: Scaleμ:0.9047, Signal|S|μ:6.3949, Delta|S|μ:5.0795, Delta/Signal:79.43%, Gateμ:-0.4436, Gate0%:0.0, MetaNormμ:8.7089 | Val Meta: Scaleμ:0.9047, Signal|S|μ:6.2887, Delta|S|μ:4.9947, Delta/Signal:79.42%, Gateμ:-0.4436, Gate0%:0.0, MetaNormμ:8.7089
Epoch  32/50 | Train Loss: 0.3661 Acc: 0.8996 F1: 0.3692 | Val Loss: 0.3248 Acc: 0.9200 F1: 0.6210 | Train Meta: Scaleμ:0.9047, Signal|S|μ:6.3756, Delta|S|μ:5.0634, Delta/Signal:79.42%, Gateμ:-0.4436, Gate0%:0.0, MetaNormμ:8.7089 | Val Meta: Scaleμ:0.9047, Signal|S|μ:6.2887, Delta|S|μ:4.9947, Delta/Signal:79.42%, Gateμ:-0.4436, Gate0%:0.0, MetaNormμ:8.7089
Epoch  33/50 | Train Loss: 0.3650 Acc: 0.9018 F1: 0.3698 | Val Loss: 0.3196 Acc: 0.9200 F1: 0.6210 | Train Meta: Scaleμ:0.9047, Signal|S|μ:6.6924, Delta|S|μ:5.3158, Delta/Signal:79.43%, Gateμ:-0.4436, Gate0%:0.0, MetaNormμ:8.7089 | Val Meta: Scaleμ:0.9047, Signal|S|μ:6.2887, Delta|S|μ:4.9947, Delta/Signal:79.42%, Gateμ:-0.4436, Gate0%:0.0, MetaNormμ:8.7089
Validation Loss decreased (0.324727 --> 0.319586). Saving best model...
Epoch  34/50 | Train Loss: 0.3615 Acc: 0.9018 F1: 0.3702 | Val Loss: 0.3255 Acc: 0.9200 F1: 0.6210 | Train Meta: Scaleμ:0.9047, Signal|S|μ:6.2748, Delta|S|μ:4.9839, Delta/Signal:79.43%, Gateμ:-0.4436, Gate0%:0.0, MetaNormμ:8.7089 | Val Meta: Scaleμ:0.9047, Signal|S|μ:6.2887, Delta|S|μ:4.9947, Delta/Signal:79.42%, Gateμ:-0.4436, Gate0%:0.0, MetaNormμ:8.7089
Epoch  35/50 | Train Loss: 0.3590 Acc: 0.8973 F1: 0.3682 | Val Loss: 0.3186 Acc: 0.9200 F1: 0.6210 | Train Meta: Scaleμ:0.9047, Signal|S|μ:6.3804, Delta|S|μ:5.0671, Delta/Signal:79.42%, Gateμ:-0.4436, Gate0%:0.0, MetaNormμ:8.7089 | Val Meta: Scaleμ:0.9047, Signal|S|μ:6.2887, Delta|S|μ:4.9947, Delta/Signal:79.42%, Gateμ:-0.4436, Gate0%:0.0, MetaNormμ:8.7089
Validation Loss decreased (0.319586 --> 0.318615). Saving best model...
Epoch  36/50 | Train Loss: 0.3554 Acc: 0.9018 F1: 0.3702 | Val Loss: 0.3141 Acc: 0.9200 F1: 0.6210 | Train Meta: Scaleμ:0.9047, Signal|S|μ:6.0881, Delta|S|μ:4.8348, Delta/Signal:79.41%, Gateμ:-0.4436, Gate0%:0.0, MetaNormμ:8.7089 | Val Meta: Scaleμ:0.9047, Signal|S|μ:6.2887, Delta|S|μ:4.9947, Delta/Signal:79.42%, Gateμ:-0.4436, Gate0%:0.0, MetaNormμ:8.7089
Validation Loss decreased (0.318615 --> 0.314074). Saving best model...
Epoch  37/50 | Train Loss: 0.3485 Acc: 0.9040 F1: 0.4069 | Val Loss: 0.3211 Acc: 0.9200 F1: 0.6210 | Train Meta: Scaleμ:0.9047, Signal|S|μ:6.3604, Delta|S|μ:5.0526, Delta/Signal:79.44%, Gateμ:-0.4436, Gate0%:0.0, MetaNormμ:8.7089 | Val Meta: Scaleμ:0.9047, Signal|S|μ:6.2887, Delta|S|μ:4.9947, Delta/Signal:79.42%, Gateμ:-0.4436, Gate0%:0.0, MetaNormμ:8.7089
Epoch  38/50 | Train Loss: 0.3456 Acc: 0.9040 F1: 0.3712 | Val Loss: 0.3076 Acc: 0.9200 F1: 0.6210 | Train Meta: Scaleμ:0.9047, Signal|S|μ:6.2992, Delta|S|μ:5.0033, Delta/Signal:79.43%, Gateμ:-0.4436, Gate0%:0.0, MetaNormμ:8.7089 | Val Meta: Scaleμ:0.9047, Signal|S|μ:6.2887, Delta|S|μ:4.9947, Delta/Signal:79.42%, Gateμ:-0.4436, Gate0%:0.0, MetaNormμ:8.7089
Validation Loss decreased (0.314074 --> 0.307617). Saving best model...
Epoch  39/50 | Train Loss: 0.3472 Acc: 0.8996 F1: 0.3692 | Val Loss: 0.3090 Acc: 0.9200 F1: 0.6210 | Train Meta: Scaleμ:0.9047, Signal|S|μ:6.6056, Delta|S|μ:5.2473, Delta/Signal:79.44%, Gateμ:-0.4436, Gate0%:0.0, MetaNormμ:8.7089 | Val Meta: Scaleμ:0.9047, Signal|S|μ:6.2887, Delta|S|μ:4.9947, Delta/Signal:79.42%, Gateμ:-0.4436, Gate0%:0.0, MetaNormμ:8.7089
Epoch  40/50 | Train Loss: 0.3439 Acc: 0.9018 F1: 0.3701 | Val Loss: 0.3014 Acc: 0.9200 F1: 0.6210 | Train Meta: Scaleμ:0.9047, Signal|S|μ:6.4291, Delta|S|μ:5.1066, Delta/Signal:79.43%, Gateμ:-0.4436, Gate0%:0.0, MetaNormμ:8.7089 | Val Meta: Scaleμ:0.9047, Signal|S|μ:6.2887, Delta|S|μ:4.9947, Delta/Signal:79.42%, Gateμ:-0.4436, Gate0%:0.0, MetaNormμ:8.7089
Validation Loss decreased (0.307617 --> 0.301363). Saving best model...
Epoch  41/50 | Train Loss: 0.3417 Acc: 0.9062 F1: 0.4082 | Val Loss: 0.3073 Acc: 0.9200 F1: 0.6210 | Train Meta: Scaleμ:0.9047, Signal|S|μ:6.5542, Delta|S|μ:5.2052, Delta/Signal:79.42%, Gateμ:-0.4436, Gate0%:0.0, MetaNormμ:8.7089 | Val Meta: Scaleμ:0.9047, Signal|S|μ:6.2887, Delta|S|μ:4.9947, Delta/Signal:79.42%, Gateμ:-0.4436, Gate0%:0.0, MetaNormμ:8.7089
Epoch  42/50 | Train Loss: 0.3343 Acc: 0.9040 F1: 0.4071 | Val Loss: 0.3019 Acc: 0.9200 F1: 0.6210 | Train Meta: Scaleμ:0.9047, Signal|S|μ:6.4184, Delta|S|μ:5.0971, Delta/Signal:79.41%, Gateμ:-0.4436, Gate0%:0.0, MetaNormμ:8.7089 | Val Meta: Scaleμ:0.9047, Signal|S|μ:6.2887, Delta|S|μ:4.9947, Delta/Signal:79.42%, Gateμ:-0.4436, Gate0%:0.0, MetaNormμ:8.7089
Epoch  43/50 | Train Loss: 0.3351 Acc: 0.9040 F1: 0.4072 | Val Loss: 0.3051 Acc: 0.9200 F1: 0.6210 | Train Meta: Scaleμ:0.9047, Signal|S|μ:6.5502, Delta|S|μ:5.2026, Delta/Signal:79.43%, Gateμ:-0.4436, Gate0%:0.0, MetaNormμ:8.7089 | Val Meta: Scaleμ:0.9047, Signal|S|μ:6.2887, Delta|S|μ:4.9947, Delta/Signal:79.42%, Gateμ:-0.4436, Gate0%:0.0, MetaNormμ:8.7089
Epoch  44/50 | Train Loss: 0.3363 Acc: 0.9040 F1: 0.3713 | Val Loss: 0.2938 Acc: 0.9200 F1: 0.6210 | Train Meta: Scaleμ:0.9047, Signal|S|μ:6.5113, Delta|S|μ:5.1707, Delta/Signal:79.41%, Gateμ:-0.4436, Gate0%:0.0, MetaNormμ:8.7089 | Val Meta: Scaleμ:0.9047, Signal|S|μ:6.2887, Delta|S|μ:4.9947, Delta/Signal:79.42%, Gateμ:-0.4436, Gate0%:0.0, MetaNormμ:8.7089
Validation Loss decreased (0.301363 --> 0.293843). Saving best model...
Epoch  45/50 | Train Loss: 0.3305 Acc: 0.9107 F1: 0.4101 | Val Loss: 0.3009 Acc: 0.9400 F1: 0.6366 | Train Meta: Scaleμ:0.9047, Signal|S|μ:6.3811, Delta|S|μ:5.0682, Delta/Signal:79.43%, Gateμ:-0.4436, Gate0%:0.0, MetaNormμ:8.7089 | Val Meta: Scaleμ:0.9047, Signal|S|μ:6.2887, Delta|S|μ:4.9947, Delta/Signal:79.42%, Gateμ:-0.4436, Gate0%:0.0, MetaNormμ:8.7089
Epoch  46/50 | Train Loss: 0.3296 Acc: 0.9107 F1: 0.4654 | Val Loss: 0.2993 Acc: 0.9200 F1: 0.6210 | Train Meta: Scaleμ:0.9047, Signal|S|μ:6.3342, Delta|S|μ:5.0309, Delta/Signal:79.42%, Gateμ:-0.4436, Gate0%:0.0, MetaNormμ:8.7089 | Val Meta: Scaleμ:0.9047, Signal|S|μ:6.2887, Delta|S|μ:4.9947, Delta/Signal:79.42%, Gateμ:-0.4436, Gate0%:0.0, MetaNormμ:8.7089
Epoch  47/50 | Train Loss: 0.3201 Acc: 0.9085 F1: 0.3729 | Val Loss: 0.2869 Acc: 0.9200 F1: 0.6210 | Train Meta: Scaleμ:0.9047, Signal|S|μ:6.1841, Delta|S|μ:4.9115, Delta/Signal:79.42%, Gateμ:-0.4436, Gate0%:0.0, MetaNormμ:8.7089 | Val Meta: Scaleμ:0.9047, Signal|S|μ:6.2887, Delta|S|μ:4.9947, Delta/Signal:79.42%, Gateμ:-0.4436, Gate0%:0.0, MetaNormμ:8.7089
Validation Loss decreased (0.293843 --> 0.286872). Saving best model...
Epoch  48/50 | Train Loss: 0.3243 Acc: 0.9129 F1: 0.4409 | Val Loss: 0.3134 Acc: 0.9200 F1: 0.6222 | Train Meta: Scaleμ:0.9047, Signal|S|μ:6.6510, Delta|S|μ:5.2822, Delta/Signal:79.42%, Gateμ:-0.4436, Gate0%:0.0, MetaNormμ:8.7089 | Val Meta: Scaleμ:0.9047, Signal|S|μ:6.2887, Delta|S|μ:4.9947, Delta/Signal:79.42%, Gateμ:-0.4436, Gate0%:0.0, MetaNormμ:8.7089
Epoch  49/50 | Train Loss: 0.3244 Acc: 0.9174 F1: 0.4682 | Val Loss: 0.2852 Acc: 0.9200 F1: 0.6210 | Train Meta: Scaleμ:0.9047, Signal|S|μ:6.3457, Delta|S|μ:5.0404, Delta/Signal:79.43%, Gateμ:-0.4436, Gate0%:0.0, MetaNormμ:8.7089 | Val Meta: Scaleμ:0.9047, Signal|S|μ:6.2887, Delta|S|μ:4.9947, Delta/Signal:79.42%, Gateμ:-0.4436, Gate0%:0.0, MetaNormμ:8.7089
Validation Loss decreased (0.286872 --> 0.285209). Saving best model...
Epoch  50/50 | Train Loss: 0.3172 Acc: 0.9062 F1: 0.3722 | Val Loss: 0.2885 Acc: 0.9400 F1: 0.6366 | Train Meta: Scaleμ:0.9047, Signal|S|μ:6.4371, Delta|S|μ:5.1129, Delta/Signal:79.43%, Gateμ:-0.4436, Gate0%:0.0, MetaNormμ:8.7089 | Val Meta: Scaleμ:0.9047, Signal|S|μ:6.2887, Delta|S|μ:4.9947, Delta/Signal:79.42%, Gateμ:-0.4436, Gate0%:0.0, MetaNormμ:8.7089

Classification Test Result (ECG5000)
Accuracy : 0.895556
F1 (macro): 0.393251
Saved attention maps for 3 sample(s) under ./runs/classification_electricity_to_ECG5000_laya_metadata_query_gate_text/attention_maps
Text metadata preview | dataset=FordA | domain=UCR | channels=1
   - channel_1: In the UCR domain, this channel belongs to the FordA dataset and represents the feature channel 1.
==================================================
🚀 Architecture: LAYA
📊 Target Dataset: FordA (Channels: 1)
📊 Pretrain Info: electricity
📊 Classes: 2 | Sequence Length: 500
==================================================
✅ Loaded pretrained encoder from ./checkpoints/electricity_laya_metadata_query_gate_text/laya_ts_electricity_s_best.pt
   - 62/62 keys matched.
✅ Encoder is FROZEN (Linear Probing mode).
📝 metadata: mode=text, fusion=none, relation=metadata_query_gate
ℹ️  Metadata Fusion Mode: none
ℹ️  Channel Mixer Relation Mode: metadata_query_gate
ℹ️  Encoder Variant: default
ℹ️  Channel Adapter: disabled for Laya downstream (mixer)
ℹ️  Channel Relation Block: disabled
✅ ClassificationHead: [B, 128] → [B, 2]
Epoch   1/50 | Train Loss: 0.7052 Acc: 0.5087 F1: 0.5052 | Val Loss: 0.6691 Acc: 0.5167 F1: 0.4362 | Train Meta: Scaleμ:0.9047, Signal|S|μ:3.8971, Delta|S|μ:3.0718, Delta/Signal:78.82%, Gateμ:-0.4559, Gate0%:0.0, MetaNormμ:8.6837 | Val Meta: Scaleμ:0.9047, Signal|S|μ:3.6377, Delta|S|μ:2.8675, Delta/Signal:78.83%, Gateμ:-0.4559, Gate0%:0.0, MetaNormμ:8.6837
Validation Loss decreased (inf --> 0.669097). Saving best model...
Epoch   2/50 | Train Loss: 0.6566 Acc: 0.5814 F1: 0.5811 | Val Loss: 0.6436 Acc: 0.6667 F1: 0.6584 | Train Meta: Scaleμ:0.9047, Signal|S|μ:3.7669, Delta|S|μ:2.9688, Delta/Signal:78.81%, Gateμ:-0.4559, Gate0%:0.0, MetaNormμ:8.6837 | Val Meta: Scaleμ:0.9047, Signal|S|μ:3.6377, Delta|S|μ:2.8675, Delta/Signal:78.83%, Gateμ:-0.4559, Gate0%:0.0, MetaNormμ:8.6837
Validation Loss decreased (0.669097 --> 0.643556). Saving best model...
Epoch   3/50 | Train Loss: 0.6301 Acc: 0.6429 F1: 0.6424 | Val Loss: 0.6347 Acc: 0.5417 F1: 0.4765 | Train Meta: Scaleμ:0.9047, Signal|S|μ:4.0045, Delta|S|μ:3.1565, Delta/Signal:78.82%, Gateμ:-0.4559, Gate0%:0.0, MetaNormμ:8.6837 | Val Meta: Scaleμ:0.9047, Signal|S|μ:3.6377, Delta|S|μ:2.8675, Delta/Signal:78.83%, Gateμ:-0.4559, Gate0%:0.0, MetaNormμ:8.6837
Validation Loss decreased (0.643556 --> 0.634683). Saving best model...
Epoch   4/50 | Train Loss: 0.6138 Acc: 0.6544 F1: 0.6542 | Val Loss: 0.6019 Acc: 0.6667 F1: 0.6656 | Train Meta: Scaleμ:0.9047, Signal|S|μ:3.7973, Delta|S|μ:2.9930, Delta/Signal:78.82%, Gateμ:-0.4559, Gate0%:0.0, MetaNormμ:8.6837 | Val Meta: Scaleμ:0.9047, Signal|S|μ:3.6377, Delta|S|μ:2.8675, Delta/Signal:78.83%, Gateμ:-0.4559, Gate0%:0.0, MetaNormμ:8.6837
Validation Loss decreased (0.634683 --> 0.601937). Saving best model...
Epoch   5/50 | Train Loss: 0.5961 Acc: 0.6723 F1: 0.6715 | Val Loss: 0.5988 Acc: 0.6167 F1: 0.5873 | Train Meta: Scaleμ:0.9047, Signal|S|μ:3.7973, Delta|S|μ:2.9930, Delta/Signal:78.82%, Gateμ:-0.4559, Gate0%:0.0, MetaNormμ:8.6837 | Val Meta: Scaleμ:0.9047, Signal|S|μ:3.6377, Delta|S|μ:2.8675, Delta/Signal:78.83%, Gateμ:-0.4559, Gate0%:0.0, MetaNormμ:8.6837
Validation Loss decreased (0.601937 --> 0.598779). Saving best model...
Epoch   6/50 | Train Loss: 0.5833 Acc: 0.6801 F1: 0.6799 | Val Loss: 0.5782 Acc: 0.6889 F1: 0.6828 | Train Meta: Scaleμ:0.9047, Signal|S|μ:3.6085, Delta|S|μ:2.8445, Delta/Signal:78.83%, Gateμ:-0.4559, Gate0%:0.0, MetaNormμ:8.6837 | Val Meta: Scaleμ:0.9047, Signal|S|μ:3.6377, Delta|S|μ:2.8675, Delta/Signal:78.83%, Gateμ:-0.4559, Gate0%:0.0, MetaNormμ:8.6837
Validation Loss decreased (0.598779 --> 0.578159). Saving best model...
Epoch   7/50 | Train Loss: 0.5746 Acc: 0.6844 F1: 0.6843 | Val Loss: 0.5611 Acc: 0.7139 F1: 0.7134 | Train Meta: Scaleμ:0.9047, Signal|S|μ:3.7336, Delta|S|μ:2.9423, Delta/Signal:78.81%, Gateμ:-0.4559, Gate0%:0.0, MetaNormμ:8.6837 | Val Meta: Scaleμ:0.9047, Signal|S|μ:3.6377, Delta|S|μ:2.8675, Delta/Signal:78.83%, Gateμ:-0.4559, Gate0%:0.0, MetaNormμ:8.6837
Validation Loss decreased (0.578159 --> 0.561124). Saving best model...
Epoch   8/50 | Train Loss: 0.5567 Acc: 0.6996 F1: 0.6994 | Val Loss: 0.5536 Acc: 0.7083 F1: 0.7024 | Train Meta: Scaleμ:0.9047, Signal|S|μ:3.9180, Delta|S|μ:3.0884, Delta/Signal:78.83%, Gateμ:-0.4559, Gate0%:0.0, MetaNormμ:8.6837 | Val Meta: Scaleμ:0.9047, Signal|S|μ:3.6377, Delta|S|μ:2.8675, Delta/Signal:78.83%, Gateμ:-0.4559, Gate0%:0.0, MetaNormμ:8.6837
Validation Loss decreased (0.561124 --> 0.553614). Saving best model...
Epoch   9/50 | Train Loss: 0.5512 Acc: 0.7042 F1: 0.7042 | Val Loss: 0.5432 Acc: 0.7194 F1: 0.7190 | Train Meta: Scaleμ:0.9047, Signal|S|μ:3.8935, Delta|S|μ:3.0686, Delta/Signal:78.81%, Gateμ:-0.4559, Gate0%:0.0, MetaNormμ:8.6837 | Val Meta: Scaleμ:0.9047, Signal|S|μ:3.6377, Delta|S|μ:2.8675, Delta/Signal:78.83%, Gateμ:-0.4559, Gate0%:0.0, MetaNormμ:8.6837
Validation Loss decreased (0.553614 --> 0.543193). Saving best model...
Epoch  10/50 | Train Loss: 0.5432 Acc: 0.7104 F1: 0.7103 | Val Loss: 0.5487 Acc: 0.6917 F1: 0.6777 | Train Meta: Scaleμ:0.9047, Signal|S|μ:3.7241, Delta|S|μ:2.9348, Delta/Signal:78.81%, Gateμ:-0.4559, Gate0%:0.0, MetaNormμ:8.6837 | Val Meta: Scaleμ:0.9047, Signal|S|μ:3.6377, Delta|S|μ:2.8675, Delta/Signal:78.83%, Gateμ:-0.4559, Gate0%:0.0, MetaNormμ:8.6837
Epoch  11/50 | Train Loss: 0.5339 Acc: 0.7212 F1: 0.7212 | Val Loss: 0.5473 Acc: 0.6944 F1: 0.6777 | Train Meta: Scaleμ:0.9047, Signal|S|μ:3.6617, Delta|S|μ:2.8860, Delta/Signal:78.82%, Gateμ:-0.4559, Gate0%:0.0, MetaNormμ:8.6837 | Val Meta: Scaleμ:0.9047, Signal|S|μ:3.6377, Delta|S|μ:2.8675, Delta/Signal:78.83%, Gateμ:-0.4559, Gate0%:0.0, MetaNormμ:8.6837
Epoch  12/50 | Train Loss: 0.5314 Acc: 0.7197 F1: 0.7197 | Val Loss: 0.5201 Acc: 0.7278 F1: 0.7278 | Train Meta: Scaleμ:0.9047, Signal|S|μ:3.6409, Delta|S|μ:2.8695, Delta/Signal:78.81%, Gateμ:-0.4559, Gate0%:0.0, MetaNormμ:8.6837 | Val Meta: Scaleμ:0.9047, Signal|S|μ:3.6377, Delta|S|μ:2.8675, Delta/Signal:78.83%, Gateμ:-0.4559, Gate0%:0.0, MetaNormμ:8.6837
Validation Loss decreased (0.543193 --> 0.520051). Saving best model...
Epoch  13/50 | Train Loss: 0.5226 Acc: 0.7271 F1: 0.7271 | Val Loss: 0.5171 Acc: 0.7333 F1: 0.7312 | Train Meta: Scaleμ:0.9047, Signal|S|μ:3.9544, Delta|S|μ:3.1170, Delta/Signal:78.82%, Gateμ:-0.4559, Gate0%:0.0, MetaNormμ:8.6837 | Val Meta: Scaleμ:0.9047, Signal|S|μ:3.6377, Delta|S|μ:2.8675, Delta/Signal:78.83%, Gateμ:-0.4559, Gate0%:0.0, MetaNormμ:8.6837
Validation Loss decreased (0.520051 --> 0.517120). Saving best model...
Epoch  14/50 | Train Loss: 0.5175 Acc: 0.7271 F1: 0.7271 | Val Loss: 0.5272 Acc: 0.7111 F1: 0.6991 | Train Meta: Scaleμ:0.9047, Signal|S|μ:3.5077, Delta|S|μ:2.7646, Delta/Signal:78.82%, Gateμ:-0.4559, Gate0%:0.0, MetaNormμ:8.6837 | Val Meta: Scaleμ:0.9047, Signal|S|μ:3.6377, Delta|S|μ:2.8675, Delta/Signal:78.83%, Gateμ:-0.4559, Gate0%:0.0, MetaNormμ:8.6837
Epoch  15/50 | Train Loss: 0.5152 Acc: 0.7299 F1: 0.7299 | Val Loss: 0.5051 Acc: 0.7528 F1: 0.7525 | Train Meta: Scaleμ:0.9047, Signal|S|μ:4.0720, Delta|S|μ:3.2096, Delta/Signal:78.82%, Gateμ:-0.4559, Gate0%:0.0, MetaNormμ:8.6837 | Val Meta: Scaleμ:0.9047, Signal|S|μ:3.6377, Delta|S|μ:2.8675, Delta/Signal:78.83%, Gateμ:-0.4559, Gate0%:0.0, MetaNormμ:8.6837
Validation Loss decreased (0.517120 --> 0.505101). Saving best model...
Epoch  16/50 | Train Loss: 0.5073 Acc: 0.7389 F1: 0.7388 | Val Loss: 0.4999 Acc: 0.7500 F1: 0.7499 | Train Meta: Scaleμ:0.9047, Signal|S|μ:3.5810, Delta|S|μ:2.8225, Delta/Signal:78.82%, Gateμ:-0.4559, Gate0%:0.0, MetaNormμ:8.6837 | Val Meta: Scaleμ:0.9047, Signal|S|μ:3.6377, Delta|S|μ:2.8675, Delta/Signal:78.83%, Gateμ:-0.4559, Gate0%:0.0, MetaNormμ:8.6837
Validation Loss decreased (0.505101 --> 0.499892). Saving best model...
Epoch  17/50 | Train Loss: 0.5036 Acc: 0.7327 F1: 0.7327 | Val Loss: 0.4966 Acc: 0.7639 F1: 0.7632 | Train Meta: Scaleμ:0.9047, Signal|S|μ:3.6847, Delta|S|μ:2.9043, Delta/Signal:78.82%, Gateμ:-0.4559, Gate0%:0.0, MetaNormμ:8.6837 | Val Meta: Scaleμ:0.9047, Signal|S|μ:3.6377, Delta|S|μ:2.8675, Delta/Signal:78.83%, Gateμ:-0.4559, Gate0%:0.0, MetaNormμ:8.6837
Validation Loss decreased (0.499892 --> 0.496560). Saving best model...
Epoch  18/50 | Train Loss: 0.4982 Acc: 0.7472 F1: 0.7471 | Val Loss: 0.5172 Acc: 0.7111 F1: 0.6991 | Train Meta: Scaleμ:0.9047, Signal|S|μ:3.4631, Delta|S|μ:2.7299, Delta/Signal:78.83%, Gateμ:-0.4559, Gate0%:0.0, MetaNormμ:8.6837 | Val Meta: Scaleμ:0.9047, Signal|S|μ:3.6377, Delta|S|μ:2.8675, Delta/Signal:78.83%, Gateμ:-0.4559, Gate0%:0.0, MetaNormμ:8.6837
Epoch  19/50 | Train Loss: 0.4949 Acc: 0.7485 F1: 0.7484 | Val Loss: 0.5203 Acc: 0.7028 F1: 0.6885 | Train Meta: Scaleμ:0.9047, Signal|S|μ:3.6606, Delta|S|μ:2.8853, Delta/Signal:78.82%, Gateμ:-0.4559, Gate0%:0.0, MetaNormμ:8.6837 | Val Meta: Scaleμ:0.9047, Signal|S|μ:3.6377, Delta|S|μ:2.8675, Delta/Signal:78.83%, Gateμ:-0.4559, Gate0%:0.0, MetaNormμ:8.6837
Epoch  20/50 | Train Loss: 0.4948 Acc: 0.7454 F1: 0.7453 | Val Loss: 0.4957 Acc: 0.7528 F1: 0.7473 | Train Meta: Scaleμ:0.9047, Signal|S|μ:3.9782, Delta|S|μ:3.1355, Delta/Signal:78.82%, Gateμ:-0.4559, Gate0%:0.0, MetaNormμ:8.6837 | Val Meta: Scaleμ:0.9047, Signal|S|μ:3.6377, Delta|S|μ:2.8675, Delta/Signal:78.83%, Gateμ:-0.4559, Gate0%:0.0, MetaNormμ:8.6837
Validation Loss decreased (0.496560 --> 0.495748). Saving best model...
Epoch  21/50 | Train Loss: 0.4918 Acc: 0.7450 F1: 0.7449 | Val Loss: 0.4831 Acc: 0.7806 F1: 0.7803 | Train Meta: Scaleμ:0.9047, Signal|S|μ:3.4647, Delta|S|μ:2.7302, Delta/Signal:78.80%, Gateμ:-0.4559, Gate0%:0.0, MetaNormμ:8.6837 | Val Meta: Scaleμ:0.9047, Signal|S|μ:3.6377, Delta|S|μ:2.8675, Delta/Signal:78.83%, Gateμ:-0.4559, Gate0%:0.0, MetaNormμ:8.6837
Validation Loss decreased (0.495748 --> 0.483063). Saving best model...
Epoch  22/50 | Train Loss: 0.4850 Acc: 0.7460 F1: 0.7459 | Val Loss: 0.4800 Acc: 0.7667 F1: 0.7662 | Train Meta: Scaleμ:0.9047, Signal|S|μ:4.0251, Delta|S|μ:3.1730, Delta/Signal:78.83%, Gateμ:-0.4559, Gate0%:0.0, MetaNormμ:8.6837 | Val Meta: Scaleμ:0.9047, Signal|S|μ:3.6377, Delta|S|μ:2.8675, Delta/Signal:78.83%, Gateμ:-0.4559, Gate0%:0.0, MetaNormμ:8.6837
Validation Loss decreased (0.483063 --> 0.479964). Saving best model...
Epoch  23/50 | Train Loss: 0.4832 Acc: 0.7506 F1: 0.7505 | Val Loss: 0.4769 Acc: 0.7694 F1: 0.7691 | Train Meta: Scaleμ:0.9047, Signal|S|μ:3.6049, Delta|S|μ:2.8411, Delta/Signal:78.81%, Gateμ:-0.4559, Gate0%:0.0, MetaNormμ:8.6837 | Val Meta: Scaleμ:0.9047, Signal|S|μ:3.6377, Delta|S|μ:2.8675, Delta/Signal:78.83%, Gateμ:-0.4559, Gate0%:0.0, MetaNormμ:8.6837
Validation Loss decreased (0.479964 --> 0.476850). Saving best model...
Epoch  24/50 | Train Loss: 0.4802 Acc: 0.7540 F1: 0.7539 | Val Loss: 0.4730 Acc: 0.7750 F1: 0.7748 | Train Meta: Scaleμ:0.9047, Signal|S|μ:3.6928, Delta|S|μ:2.9103, Delta/Signal:78.81%, Gateμ:-0.4559, Gate0%:0.0, MetaNormμ:8.6837 | Val Meta: Scaleμ:0.9047, Signal|S|μ:3.6377, Delta|S|μ:2.8675, Delta/Signal:78.83%, Gateμ:-0.4559, Gate0%:0.0, MetaNormμ:8.6837
Validation Loss decreased (0.476850 --> 0.473044). Saving best model...
Epoch  25/50 | Train Loss: 0.4778 Acc: 0.7590 F1: 0.7588 | Val Loss: 0.4694 Acc: 0.7833 F1: 0.7833 | Train Meta: Scaleμ:0.9047, Signal|S|μ:3.4817, Delta|S|μ:2.7448, Delta/Signal:78.84%, Gateμ:-0.4559, Gate0%:0.0, MetaNormμ:8.6837 | Val Meta: Scaleμ:0.9047, Signal|S|μ:3.6377, Delta|S|μ:2.8675, Delta/Signal:78.83%, Gateμ:-0.4559, Gate0%:0.0, MetaNormμ:8.6837
Validation Loss decreased (0.473044 --> 0.469386). Saving best model...
Epoch  26/50 | Train Loss: 0.4760 Acc: 0.7534 F1: 0.7534 | Val Loss: 0.4673 Acc: 0.7722 F1: 0.7722 | Train Meta: Scaleμ:0.9047, Signal|S|μ:3.5492, Delta|S|μ:2.7977, Delta/Signal:78.83%, Gateμ:-0.4559, Gate0%:0.0, MetaNormμ:8.6837 | Val Meta: Scaleμ:0.9047, Signal|S|μ:3.6377, Delta|S|μ:2.8675, Delta/Signal:78.83%, Gateμ:-0.4559, Gate0%:0.0, MetaNormμ:8.6837
Validation Loss decreased (0.469386 --> 0.467253). Saving best model...
Epoch  27/50 | Train Loss: 0.4725 Acc: 0.7531 F1: 0.7529 | Val Loss: 0.4717 Acc: 0.7750 F1: 0.7720 | Train Meta: Scaleμ:0.9047, Signal|S|μ:3.6703, Delta|S|μ:2.8928, Delta/Signal:78.82%, Gateμ:-0.4559, Gate0%:0.0, MetaNormμ:8.6837 | Val Meta: Scaleμ:0.9047, Signal|S|μ:3.6377, Delta|S|μ:2.8675, Delta/Signal:78.83%, Gateμ:-0.4559, Gate0%:0.0, MetaNormμ:8.6837
Epoch  28/50 | Train Loss: 0.4693 Acc: 0.7655 F1: 0.7654 | Val Loss: 0.4631 Acc: 0.7778 F1: 0.7774 | Train Meta: Scaleμ:0.9047, Signal|S|μ:3.6864, Delta|S|μ:2.9053, Delta/Signal:78.81%, Gateμ:-0.4559, Gate0%:0.0, MetaNormμ:8.6837 | Val Meta: Scaleμ:0.9047, Signal|S|μ:3.6377, Delta|S|μ:2.8675, Delta/Signal:78.83%, Gateμ:-0.4559, Gate0%:0.0, MetaNormμ:8.6837
Validation Loss decreased (0.467253 --> 0.463142). Saving best model...
Epoch  29/50 | Train Loss: 0.4727 Acc: 0.7568 F1: 0.7566 | Val Loss: 0.4619 Acc: 0.7778 F1: 0.7772 | Train Meta: Scaleμ:0.9047, Signal|S|μ:3.8158, Delta|S|μ:3.0076, Delta/Signal:78.82%, Gateμ:-0.4559, Gate0%:0.0, MetaNormμ:8.6837 | Val Meta: Scaleμ:0.9047, Signal|S|μ:3.6377, Delta|S|μ:2.8675, Delta/Signal:78.83%, Gateμ:-0.4559, Gate0%:0.0, MetaNormμ:8.6837
Validation Loss decreased (0.463142 --> 0.461904). Saving best model...
Epoch  30/50 | Train Loss: 0.4676 Acc: 0.7664 F1: 0.7663 | Val Loss: 0.4567 Acc: 0.7944 F1: 0.7944 | Train Meta: Scaleμ:0.9047, Signal|S|μ:3.5676, Delta|S|μ:2.8119, Delta/Signal:78.82%, Gateμ:-0.4559, Gate0%:0.0, MetaNormμ:8.6837 | Val Meta: Scaleμ:0.9047, Signal|S|μ:3.6377, Delta|S|μ:2.8675, Delta/Signal:78.83%, Gateμ:-0.4559, Gate0%:0.0, MetaNormμ:8.6837
Validation Loss decreased (0.461904 --> 0.456726). Saving best model...
Epoch  31/50 | Train Loss: 0.4648 Acc: 0.7645 F1: 0.7644 | Val Loss: 0.4542 Acc: 0.8028 F1: 0.8028 | Train Meta: Scaleμ:0.9047, Signal|S|μ:3.3956, Delta|S|μ:2.6758, Delta/Signal:78.80%, Gateμ:-0.4559, Gate0%:0.0, MetaNormμ:8.6837 | Val Meta: Scaleμ:0.9047, Signal|S|μ:3.6377, Delta|S|μ:2.8675, Delta/Signal:78.83%, Gateμ:-0.4559, Gate0%:0.0, MetaNormμ:8.6837
Validation Loss decreased (0.456726 --> 0.454166). Saving best model...
Epoch  32/50 | Train Loss: 0.4607 Acc: 0.7686 F1: 0.7684 | Val Loss: 0.4593 Acc: 0.7778 F1: 0.7760 | Train Meta: Scaleμ:0.9047, Signal|S|μ:3.6793, Delta|S|μ:2.9000, Delta/Signal:78.82%, Gateμ:-0.4559, Gate0%:0.0, MetaNormμ:8.6837 | Val Meta: Scaleμ:0.9047, Signal|S|μ:3.6377, Delta|S|μ:2.8675, Delta/Signal:78.83%, Gateμ:-0.4559, Gate0%:0.0, MetaNormμ:8.6837
Epoch  33/50 | Train Loss: 0.4611 Acc: 0.7686 F1: 0.7684 | Val Loss: 0.4501 Acc: 0.8083 F1: 0.8081 | Train Meta: Scaleμ:0.9047, Signal|S|μ:3.4511, Delta|S|μ:2.7200, Delta/Signal:78.82%, Gateμ:-0.4559, Gate0%:0.0, MetaNormμ:8.6837 | Val Meta: Scaleμ:0.9047, Signal|S|μ:3.6377, Delta|S|μ:2.8675, Delta/Signal:78.83%, Gateμ:-0.4559, Gate0%:0.0, MetaNormμ:8.6837
Validation Loss decreased (0.454166 --> 0.450072). Saving best model...
Epoch  34/50 | Train Loss: 0.4626 Acc: 0.7587 F1: 0.7586 | Val Loss: 0.4509 Acc: 0.7833 F1: 0.7828 | Train Meta: Scaleμ:0.9047, Signal|S|μ:3.4818, Delta|S|μ:2.7448, Delta/Signal:78.83%, Gateμ:-0.4559, Gate0%:0.0, MetaNormμ:8.6837 | Val Meta: Scaleμ:0.9047, Signal|S|μ:3.6377, Delta|S|μ:2.8675, Delta/Signal:78.83%, Gateμ:-0.4559, Gate0%:0.0, MetaNormμ:8.6837
Epoch  35/50 | Train Loss: 0.4575 Acc: 0.7828 F1: 0.7827 | Val Loss: 0.4480 Acc: 0.7944 F1: 0.7941 | Train Meta: Scaleμ:0.9047, Signal|S|μ:3.6845, Delta|S|μ:2.9044, Delta/Signal:78.83%, Gateμ:-0.4559, Gate0%:0.0, MetaNormμ:8.6837 | Val Meta: Scaleμ:0.9047, Signal|S|μ:3.6377, Delta|S|μ:2.8675, Delta/Signal:78.83%, Gateμ:-0.4559, Gate0%:0.0, MetaNormμ:8.6837
Validation Loss decreased (0.450072 --> 0.448038). Saving best model...
Epoch  36/50 | Train Loss: 0.4553 Acc: 0.7754 F1: 0.7753 | Val Loss: 0.4438 Acc: 0.8139 F1: 0.8139 | Train Meta: Scaleμ:0.9047, Signal|S|μ:3.7120, Delta|S|μ:2.9259, Delta/Signal:78.82%, Gateμ:-0.4559, Gate0%:0.0, MetaNormμ:8.6837 | Val Meta: Scaleμ:0.9047, Signal|S|μ:3.6377, Delta|S|μ:2.8675, Delta/Signal:78.83%, Gateμ:-0.4559, Gate0%:0.0, MetaNormμ:8.6837
Validation Loss decreased (0.448038 --> 0.443777). Saving best model...
Epoch  37/50 | Train Loss: 0.4519 Acc: 0.7726 F1: 0.7724 | Val Loss: 0.4486 Acc: 0.7722 F1: 0.7710 | Train Meta: Scaleμ:0.9047, Signal|S|μ:3.5426, Delta|S|μ:2.7925, Delta/Signal:78.83%, Gateμ:-0.4559, Gate0%:0.0, MetaNormμ:8.6837 | Val Meta: Scaleμ:0.9047, Signal|S|μ:3.6377, Delta|S|μ:2.8675, Delta/Signal:78.83%, Gateμ:-0.4559, Gate0%:0.0, MetaNormμ:8.6837
Epoch  38/50 | Train Loss: 0.4521 Acc: 0.7769 F1: 0.7768 | Val Loss: 0.4432 Acc: 0.7972 F1: 0.7970 | Train Meta: Scaleμ:0.9047, Signal|S|μ:3.5987, Delta|S|μ:2.8364, Delta/Signal:78.82%, Gateμ:-0.4559, Gate0%:0.0, MetaNormμ:8.6837 | Val Meta: Scaleμ:0.9047, Signal|S|μ:3.6377, Delta|S|μ:2.8675, Delta/Signal:78.83%, Gateμ:-0.4559, Gate0%:0.0, MetaNormμ:8.6837
Validation Loss decreased (0.443777 --> 0.443226). Saving best model...
Epoch  39/50 | Train Loss: 0.4506 Acc: 0.7741 F1: 0.7741 | Val Loss: 0.4417 Acc: 0.7861 F1: 0.7856 | Train Meta: Scaleμ:0.9047, Signal|S|μ:3.7417, Delta|S|μ:2.9490, Delta/Signal:78.81%, Gateμ:-0.4559, Gate0%:0.0, MetaNormμ:8.6837 | Val Meta: Scaleμ:0.9047, Signal|S|μ:3.6377, Delta|S|μ:2.8675, Delta/Signal:78.83%, Gateμ:-0.4559, Gate0%:0.0, MetaNormμ:8.6837
Validation Loss decreased (0.443226 --> 0.441748). Saving best model...
Epoch  40/50 | Train Loss: 0.4499 Acc: 0.7772 F1: 0.7771 | Val Loss: 0.4385 Acc: 0.8139 F1: 0.8135 | Train Meta: Scaleμ:0.9047, Signal|S|μ:3.8839, Delta|S|μ:3.0613, Delta/Signal:78.82%, Gateμ:-0.4559, Gate0%:0.0, MetaNormμ:8.6837 | Val Meta: Scaleμ:0.9047, Signal|S|μ:3.6377, Delta|S|μ:2.8675, Delta/Signal:78.83%, Gateμ:-0.4559, Gate0%:0.0, MetaNormμ:8.6837
Validation Loss decreased (0.441748 --> 0.438493). Saving best model...
Epoch  41/50 | Train Loss: 0.4485 Acc: 0.7701 F1: 0.7700 | Val Loss: 0.4360 Acc: 0.8083 F1: 0.8081 | Train Meta: Scaleμ:0.9047, Signal|S|μ:3.9316, Delta|S|μ:3.0992, Delta/Signal:78.83%, Gateμ:-0.4559, Gate0%:0.0, MetaNormμ:8.6837 | Val Meta: Scaleμ:0.9047, Signal|S|μ:3.6377, Delta|S|μ:2.8675, Delta/Signal:78.83%, Gateμ:-0.4559, Gate0%:0.0, MetaNormμ:8.6837
Validation Loss decreased (0.438493 --> 0.435953). Saving best model...
Epoch  42/50 | Train Loss: 0.4455 Acc: 0.7834 F1: 0.7833 | Val Loss: 0.4475 Acc: 0.7944 F1: 0.7910 | Train Meta: Scaleμ:0.9047, Signal|S|μ:3.7460, Delta|S|μ:2.9527, Delta/Signal:78.82%, Gateμ:-0.4559, Gate0%:0.0, MetaNormμ:8.6837 | Val Meta: Scaleμ:0.9047, Signal|S|μ:3.6377, Delta|S|μ:2.8675, Delta/Signal:78.83%, Gateμ:-0.4559, Gate0%:0.0, MetaNormμ:8.6837
Epoch  43/50 | Train Loss: 0.4454 Acc: 0.7778 F1: 0.7778 | Val Loss: 0.4344 Acc: 0.8111 F1: 0.8107 | Train Meta: Scaleμ:0.9047, Signal|S|μ:3.7587, Delta|S|μ:2.9623, Delta/Signal:78.81%, Gateμ:-0.4559, Gate0%:0.0, MetaNormμ:8.6837 | Val Meta: Scaleμ:0.9047, Signal|S|μ:3.6377, Delta|S|μ:2.8675, Delta/Signal:78.83%, Gateμ:-0.4559, Gate0%:0.0, MetaNormμ:8.6837
Validation Loss decreased (0.435953 --> 0.434429). Saving best model...
Epoch  44/50 | Train Loss: 0.4440 Acc: 0.7834 F1: 0.7833 | Val Loss: 0.4326 Acc: 0.8111 F1: 0.8110 | Train Meta: Scaleμ:0.9047, Signal|S|μ:3.8081, Delta|S|μ:3.0010, Delta/Signal:78.81%, Gateμ:-0.4559, Gate0%:0.0, MetaNormμ:8.6837 | Val Meta: Scaleμ:0.9047, Signal|S|μ:3.6377, Delta|S|μ:2.8675, Delta/Signal:78.83%, Gateμ:-0.4559, Gate0%:0.0, MetaNormμ:8.6837
Validation Loss decreased (0.434429 --> 0.432612). Saving best model...
Epoch  45/50 | Train Loss: 0.4405 Acc: 0.7834 F1: 0.7833 | Val Loss: 0.4423 Acc: 0.8000 F1: 0.7970 | Train Meta: Scaleμ:0.9047, Signal|S|μ:3.6920, Delta|S|μ:2.9104, Delta/Signal:78.83%, Gateμ:-0.4559, Gate0%:0.0, MetaNormμ:8.6837 | Val Meta: Scaleμ:0.9047, Signal|S|μ:3.6377, Delta|S|μ:2.8675, Delta/Signal:78.83%, Gateμ:-0.4559, Gate0%:0.0, MetaNormμ:8.6837
Epoch  46/50 | Train Loss: 0.4426 Acc: 0.7806 F1: 0.7804 | Val Loss: 0.4297 Acc: 0.8111 F1: 0.8110 | Train Meta: Scaleμ:0.9047, Signal|S|μ:3.7636, Delta|S|μ:2.9660, Delta/Signal:78.81%, Gateμ:-0.4559, Gate0%:0.0, MetaNormμ:8.6837 | Val Meta: Scaleμ:0.9047, Signal|S|μ:3.6377, Delta|S|μ:2.8675, Delta/Signal:78.83%, Gateμ:-0.4559, Gate0%:0.0, MetaNormμ:8.6837
Validation Loss decreased (0.432612 --> 0.429702). Saving best model...
Epoch  47/50 | Train Loss: 0.4389 Acc: 0.7877 F1: 0.7875 | Val Loss: 0.4268 Acc: 0.8139 F1: 0.8136 | Train Meta: Scaleμ:0.9047, Signal|S|μ:3.7749, Delta|S|μ:2.9760, Delta/Signal:78.84%, Gateμ:-0.4559, Gate0%:0.0, MetaNormμ:8.6837 | Val Meta: Scaleμ:0.9047, Signal|S|μ:3.6377, Delta|S|μ:2.8675, Delta/Signal:78.83%, Gateμ:-0.4559, Gate0%:0.0, MetaNormμ:8.6837
Validation Loss decreased (0.429702 --> 0.426775). Saving best model...
Epoch  48/50 | Train Loss: 0.4377 Acc: 0.7884 F1: 0.7882 | Val Loss: 0.4281 Acc: 0.8139 F1: 0.8131 | Train Meta: Scaleμ:0.9047, Signal|S|μ:3.5025, Delta|S|μ:2.7608, Delta/Signal:78.82%, Gateμ:-0.4559, Gate0%:0.0, MetaNormμ:8.6837 | Val Meta: Scaleμ:0.9047, Signal|S|μ:3.6377, Delta|S|μ:2.8675, Delta/Signal:78.83%, Gateμ:-0.4559, Gate0%:0.0, MetaNormμ:8.6837
Epoch  49/50 | Train Loss: 0.4380 Acc: 0.7871 F1: 0.7869 | Val Loss: 0.4266 Acc: 0.8083 F1: 0.8082 | Train Meta: Scaleμ:0.9047, Signal|S|μ:3.5206, Delta|S|μ:2.7750, Delta/Signal:78.82%, Gateμ:-0.4559, Gate0%:0.0, MetaNormμ:8.6837 | Val Meta: Scaleμ:0.9047, Signal|S|μ:3.6377, Delta|S|μ:2.8675, Delta/Signal:78.83%, Gateμ:-0.4559, Gate0%:0.0, MetaNormμ:8.6837
Validation Loss decreased (0.426775 --> 0.426630). Saving best model...
Epoch  50/50 | Train Loss: 0.4383 Acc: 0.7803 F1: 0.7802 | Val Loss: 0.4389 Acc: 0.7972 F1: 0.7937 | Train Meta: Scaleμ:0.9047, Signal|S|μ:3.4899, Delta|S|μ:2.7507, Delta/Signal:78.82%, Gateμ:-0.4559, Gate0%:0.0, MetaNormμ:8.6837 | Val Meta: Scaleμ:0.9047, Signal|S|μ:3.6377, Delta|S|μ:2.8675, Delta/Signal:78.83%, Gateμ:-0.4559, Gate0%:0.0, MetaNormμ:8.6837

Classification Test Result (FordA)
Accuracy : 0.783333
F1 (macro): 0.783329
Saved attention maps for 3 sample(s) under ./runs/classification_electricity_to_FordA_laya_metadata_query_gate_text/attention_maps
Text metadata preview | dataset=FordB | domain=UCR | channels=1
   - channel_1: In the UCR domain, this channel belongs to the FordB dataset and represents the feature channel 1.
==================================================
🚀 Architecture: LAYA
📊 Target Dataset: FordB (Channels: 1)
📊 Pretrain Info: electricity
📊 Classes: 2 | Sequence Length: 500
==================================================
✅ Loaded pretrained encoder from ./checkpoints/electricity_laya_metadata_query_gate_text/laya_ts_electricity_s_best.pt
   - 62/62 keys matched.
✅ Encoder is FROZEN (Linear Probing mode).
📝 metadata: mode=text, fusion=none, relation=metadata_query_gate
ℹ️  Metadata Fusion Mode: none
ℹ️  Channel Mixer Relation Mode: metadata_query_gate
ℹ️  Encoder Variant: default
ℹ️  Channel Adapter: disabled for Laya downstream (mixer)
ℹ️  Channel Relation Block: disabled
✅ ClassificationHead: [B, 128] → [B, 2]
Epoch   1/50 | Train Loss: 0.6747 Acc: 0.5931 F1: 0.5923 | Val Loss: 0.6140 Acc: 0.6749 F1: 0.6731 | Train Meta: Scaleμ:0.9047, Signal|S|μ:3.1594, Delta|S|μ:2.4958, Delta/Signal:78.99%, Gateμ:-0.4533, Gate0%:0.0, MetaNormμ:8.7342 | Val Meta: Scaleμ:0.9047, Signal|S|μ:3.1882, Delta|S|μ:2.5185, Delta/Signal:78.99%, Gateμ:-0.4533, Gate0%:0.0, MetaNormμ:8.7342
Validation Loss decreased (inf --> 0.613968). Saving best model...
Epoch   2/50 | Train Loss: 0.5939 Acc: 0.7077 F1: 0.7077 | Val Loss: 0.5697 Acc: 0.7052 F1: 0.7052 | Train Meta: Scaleμ:0.9047, Signal|S|μ:3.3396, Delta|S|μ:2.6386, Delta/Signal:79.01%, Gateμ:-0.4533, Gate0%:0.0, MetaNormμ:8.7342 | Val Meta: Scaleμ:0.9047, Signal|S|μ:3.1882, Delta|S|μ:2.5185, Delta/Signal:78.99%, Gateμ:-0.4533, Gate0%:0.0, MetaNormμ:8.7342
Validation Loss decreased (0.613968 --> 0.569707). Saving best model...
Epoch   3/50 | Train Loss: 0.5565 Acc: 0.7267 F1: 0.7266 | Val Loss: 0.5391 Acc: 0.7438 F1: 0.7433 | Train Meta: Scaleμ:0.9047, Signal|S|μ:3.1001, Delta|S|μ:2.4488, Delta/Signal:78.99%, Gateμ:-0.4533, Gate0%:0.0, MetaNormμ:8.7342 | Val Meta: Scaleμ:0.9047, Signal|S|μ:3.1882, Delta|S|μ:2.5185, Delta/Signal:78.99%, Gateμ:-0.4533, Gate0%:0.0, MetaNormμ:8.7342
Validation Loss decreased (0.569707 --> 0.539068). Saving best model...
Epoch   4/50 | Train Loss: 0.5332 Acc: 0.7411 F1: 0.7410 | Val Loss: 0.5198 Acc: 0.7796 F1: 0.7780 | Train Meta: Scaleμ:0.9047, Signal|S|μ:3.3043, Delta|S|μ:2.6105, Delta/Signal:79.00%, Gateμ:-0.4533, Gate0%:0.0, MetaNormμ:8.7342 | Val Meta: Scaleμ:0.9047, Signal|S|μ:3.1882, Delta|S|μ:2.5185, Delta/Signal:78.99%, Gateμ:-0.4533, Gate0%:0.0, MetaNormμ:8.7342
Validation Loss decreased (0.539068 --> 0.519773). Saving best model...
Epoch   5/50 | Train Loss: 0.5155 Acc: 0.7525 F1: 0.7523 | Val Loss: 0.5093 Acc: 0.7218 F1: 0.7203 | Train Meta: Scaleμ:0.9047, Signal|S|μ:3.0840, Delta|S|μ:2.4366, Delta/Signal:79.01%, Gateμ:-0.4533, Gate0%:0.0, MetaNormμ:8.7342 | Val Meta: Scaleμ:0.9047, Signal|S|μ:3.1882, Delta|S|μ:2.5185, Delta/Signal:78.99%, Gateμ:-0.4533, Gate0%:0.0, MetaNormμ:8.7342
Validation Loss decreased (0.519773 --> 0.509270). Saving best model...
Epoch   6/50 | Train Loss: 0.5030 Acc: 0.7577 F1: 0.7577 | Val Loss: 0.4921 Acc: 0.7548 F1: 0.7548 | Train Meta: Scaleμ:0.9047, Signal|S|μ:3.4769, Delta|S|μ:2.7465, Delta/Signal:78.99%, Gateμ:-0.4533, Gate0%:0.0, MetaNormμ:8.7342 | Val Meta: Scaleμ:0.9047, Signal|S|μ:3.1882, Delta|S|μ:2.5185, Delta/Signal:78.99%, Gateμ:-0.4533, Gate0%:0.0, MetaNormμ:8.7342
Validation Loss decreased (0.509270 --> 0.492070). Saving best model...
Epoch   7/50 | Train Loss: 0.4853 Acc: 0.7721 F1: 0.7719 | Val Loss: 0.4805 Acc: 0.7686 F1: 0.7685 | Train Meta: Scaleμ:0.9047, Signal|S|μ:3.3709, Delta|S|μ:2.6635, Delta/Signal:79.02%, Gateμ:-0.4533, Gate0%:0.0, MetaNormμ:8.7342 | Val Meta: Scaleμ:0.9047, Signal|S|μ:3.1882, Delta|S|μ:2.5185, Delta/Signal:78.99%, Gateμ:-0.4533, Gate0%:0.0, MetaNormμ:8.7342
Validation Loss decreased (0.492070 --> 0.480497). Saving best model...
Epoch   8/50 | Train Loss: 0.4764 Acc: 0.7800 F1: 0.7800 | Val Loss: 0.4760 Acc: 0.7658 F1: 0.7651 | Train Meta: Scaleμ:0.9047, Signal|S|μ:3.0827, Delta|S|μ:2.4350, Delta/Signal:78.99%, Gateμ:-0.4533, Gate0%:0.0, MetaNormμ:8.7342 | Val Meta: Scaleμ:0.9047, Signal|S|μ:3.1882, Delta|S|μ:2.5185, Delta/Signal:78.99%, Gateμ:-0.4533, Gate0%:0.0, MetaNormμ:8.7342
Validation Loss decreased (0.480497 --> 0.476022). Saving best model...
Epoch   9/50 | Train Loss: 0.4658 Acc: 0.7852 F1: 0.7852 | Val Loss: 0.4611 Acc: 0.7741 F1: 0.7741 | Train Meta: Scaleμ:0.9047, Signal|S|μ:3.2865, Delta|S|μ:2.5961, Delta/Signal:78.99%, Gateμ:-0.4533, Gate0%:0.0, MetaNormμ:8.7342 | Val Meta: Scaleμ:0.9047, Signal|S|μ:3.1882, Delta|S|μ:2.5185, Delta/Signal:78.99%, Gateμ:-0.4533, Gate0%:0.0, MetaNormμ:8.7342
Validation Loss decreased (0.476022 --> 0.461137). Saving best model...
Epoch  10/50 | Train Loss: 0.4611 Acc: 0.7800 F1: 0.7800 | Val Loss: 0.4551 Acc: 0.7796 F1: 0.7784 | Train Meta: Scaleμ:0.9047, Signal|S|μ:3.6765, Delta|S|μ:2.9042, Delta/Signal:78.99%, Gateμ:-0.4533, Gate0%:0.0, MetaNormμ:8.7342 | Val Meta: Scaleμ:0.9047, Signal|S|μ:3.1882, Delta|S|μ:2.5185, Delta/Signal:78.99%, Gateμ:-0.4533, Gate0%:0.0, MetaNormμ:8.7342
Validation Loss decreased (0.461137 --> 0.455101). Saving best model...
Epoch  11/50 | Train Loss: 0.4550 Acc: 0.7920 F1: 0.7920 | Val Loss: 0.4518 Acc: 0.7769 F1: 0.7763 | Train Meta: Scaleμ:0.9047, Signal|S|μ:3.2108, Delta|S|μ:2.5361, Delta/Signal:78.99%, Gateμ:-0.4533, Gate0%:0.0, MetaNormμ:8.7342 | Val Meta: Scaleμ:0.9047, Signal|S|μ:3.1882, Delta|S|μ:2.5185, Delta/Signal:78.99%, Gateμ:-0.4533, Gate0%:0.0, MetaNormμ:8.7342
Validation Loss decreased (0.455101 --> 0.451787). Saving best model...
Epoch  12/50 | Train Loss: 0.4488 Acc: 0.7895 F1: 0.7895 | Val Loss: 0.4423 Acc: 0.7934 F1: 0.7929 | Train Meta: Scaleμ:0.9047, Signal|S|μ:3.3114, Delta|S|μ:2.6162, Delta/Signal:79.01%, Gateμ:-0.4533, Gate0%:0.0, MetaNormμ:8.7342 | Val Meta: Scaleμ:0.9047, Signal|S|μ:3.1882, Delta|S|μ:2.5185, Delta/Signal:78.99%, Gateμ:-0.4533, Gate0%:0.0, MetaNormμ:8.7342
Validation Loss decreased (0.451787 --> 0.442315). Saving best model...
Epoch  13/50 | Train Loss: 0.4446 Acc: 0.7938 F1: 0.7938 | Val Loss: 0.4383 Acc: 0.7796 F1: 0.7796 | Train Meta: Scaleμ:0.9047, Signal|S|μ:3.1260, Delta|S|μ:2.4700, Delta/Signal:79.01%, Gateμ:-0.4533, Gate0%:0.0, MetaNormμ:8.7342 | Val Meta: Scaleμ:0.9047, Signal|S|μ:3.1882, Delta|S|μ:2.5185, Delta/Signal:78.99%, Gateμ:-0.4533, Gate0%:0.0, MetaNormμ:8.7342
Validation Loss decreased (0.442315 --> 0.438346). Saving best model...
Epoch  14/50 | Train Loss: 0.4367 Acc: 0.7978 F1: 0.7978 | Val Loss: 0.4343 Acc: 0.7796 F1: 0.7796 | Train Meta: Scaleμ:0.9047, Signal|S|μ:3.5203, Delta|S|μ:2.7813, Delta/Signal:79.01%, Gateμ:-0.4533, Gate0%:0.0, MetaNormμ:8.7342 | Val Meta: Scaleμ:0.9047, Signal|S|μ:3.1882, Delta|S|μ:2.5185, Delta/Signal:78.99%, Gateμ:-0.4533, Gate0%:0.0, MetaNormμ:8.7342
Validation Loss decreased (0.438346 --> 0.434285). Saving best model...
Epoch  15/50 | Train Loss: 0.4355 Acc: 0.7990 F1: 0.7990 | Val Loss: 0.4302 Acc: 0.7934 F1: 0.7931 | Train Meta: Scaleμ:0.9047, Signal|S|μ:3.5424, Delta|S|μ:2.7982, Delta/Signal:78.99%, Gateμ:-0.4533, Gate0%:0.0, MetaNormμ:8.7342 | Val Meta: Scaleμ:0.9047, Signal|S|μ:3.1882, Delta|S|μ:2.5185, Delta/Signal:78.99%, Gateμ:-0.4533, Gate0%:0.0, MetaNormμ:8.7342
Validation Loss decreased (0.434285 --> 0.430176). Saving best model...
Epoch  16/50 | Train Loss: 0.4285 Acc: 0.8039 F1: 0.8039 | Val Loss: 0.4275 Acc: 0.7796 F1: 0.7796 | Train Meta: Scaleμ:0.9047, Signal|S|μ:3.2112, Delta|S|μ:2.5367, Delta/Signal:79.00%, Gateμ:-0.4533, Gate0%:0.0, MetaNormμ:8.7342 | Val Meta: Scaleμ:0.9047, Signal|S|μ:3.1882, Delta|S|μ:2.5185, Delta/Signal:78.99%, Gateμ:-0.4533, Gate0%:0.0, MetaNormμ:8.7342
Validation Loss decreased (0.430176 --> 0.427511). Saving best model...
Epoch  17/50 | Train Loss: 0.4292 Acc: 0.8039 F1: 0.8039 | Val Loss: 0.4457 Acc: 0.7879 F1: 0.7853 | Train Meta: Scaleμ:0.9047, Signal|S|μ:3.3463, Delta|S|μ:2.6436, Delta/Signal:79.00%, Gateμ:-0.4533, Gate0%:0.0, MetaNormμ:8.7342 | Val Meta: Scaleμ:0.9047, Signal|S|μ:3.1882, Delta|S|μ:2.5185, Delta/Signal:78.99%, Gateμ:-0.4533, Gate0%:0.0, MetaNormμ:8.7342
Epoch  18/50 | Train Loss: 0.4222 Acc: 0.8085 F1: 0.8085 | Val Loss: 0.4359 Acc: 0.7961 F1: 0.7946 | Train Meta: Scaleμ:0.9047, Signal|S|μ:3.6805, Delta|S|μ:2.9077, Delta/Signal:79.00%, Gateμ:-0.4533, Gate0%:0.0, MetaNormμ:8.7342 | Val Meta: Scaleμ:0.9047, Signal|S|μ:3.1882, Delta|S|μ:2.5185, Delta/Signal:78.99%, Gateμ:-0.4533, Gate0%:0.0, MetaNormμ:8.7342
Epoch  19/50 | Train Loss: 0.4239 Acc: 0.8006 F1: 0.8005 | Val Loss: 0.4187 Acc: 0.7769 F1: 0.7768 | Train Meta: Scaleμ:0.9047, Signal|S|μ:3.5290, Delta|S|μ:2.7884, Delta/Signal:79.01%, Gateμ:-0.4533, Gate0%:0.0, MetaNormμ:8.7342 | Val Meta: Scaleμ:0.9047, Signal|S|μ:3.1882, Delta|S|μ:2.5185, Delta/Signal:78.99%, Gateμ:-0.4533, Gate0%:0.0, MetaNormμ:8.7342
Validation Loss decreased (0.427511 --> 0.418662). Saving best model...
Epoch  20/50 | Train Loss: 0.4172 Acc: 0.8137 F1: 0.8137 | Val Loss: 0.4151 Acc: 0.7906 F1: 0.7906 | Train Meta: Scaleμ:0.9047, Signal|S|μ:3.3348, Delta|S|μ:2.6341, Delta/Signal:78.99%, Gateμ:-0.4533, Gate0%:0.0, MetaNormμ:8.7342 | Val Meta: Scaleμ:0.9047, Signal|S|μ:3.1882, Delta|S|μ:2.5185, Delta/Signal:78.99%, Gateμ:-0.4533, Gate0%:0.0, MetaNormμ:8.7342
Validation Loss decreased (0.418662 --> 0.415056). Saving best model...
Epoch  21/50 | Train Loss: 0.4141 Acc: 0.8110 F1: 0.8110 | Val Loss: 0.4171 Acc: 0.8044 F1: 0.8037 | Train Meta: Scaleμ:0.9047, Signal|S|μ:2.9803, Delta|S|μ:2.3542, Delta/Signal:78.99%, Gateμ:-0.4533, Gate0%:0.0, MetaNormμ:8.7342 | Val Meta: Scaleμ:0.9047, Signal|S|μ:3.1882, Delta|S|μ:2.5185, Delta/Signal:78.99%, Gateμ:-0.4533, Gate0%:0.0, MetaNormμ:8.7342
Epoch  22/50 | Train Loss: 0.4172 Acc: 0.8082 F1: 0.8082 | Val Loss: 0.4125 Acc: 0.7906 F1: 0.7904 | Train Meta: Scaleμ:0.9047, Signal|S|μ:3.1147, Delta|S|μ:2.4613, Delta/Signal:79.02%, Gateμ:-0.4533, Gate0%:0.0, MetaNormμ:8.7342 | Val Meta: Scaleμ:0.9047, Signal|S|μ:3.1882, Delta|S|μ:2.5185, Delta/Signal:78.99%, Gateμ:-0.4533, Gate0%:0.0, MetaNormμ:8.7342
Validation Loss decreased (0.415056 --> 0.412462). Saving best model...
Epoch  23/50 | Train Loss: 0.4124 Acc: 0.8088 F1: 0.8088 | Val Loss: 0.4142 Acc: 0.8044 F1: 0.8035 | Train Meta: Scaleμ:0.9047, Signal|S|μ:3.0494, Delta|S|μ:2.4091, Delta/Signal:79.00%, Gateμ:-0.4533, Gate0%:0.0, MetaNormμ:8.7342 | Val Meta: Scaleμ:0.9047, Signal|S|μ:3.1882, Delta|S|μ:2.5185, Delta/Signal:78.99%, Gateμ:-0.4533, Gate0%:0.0, MetaNormμ:8.7342
Epoch  24/50 | Train Loss: 0.4114 Acc: 0.8150 F1: 0.8149 | Val Loss: 0.4114 Acc: 0.8072 F1: 0.8064 | Train Meta: Scaleμ:0.9047, Signal|S|μ:3.1492, Delta|S|μ:2.4876, Delta/Signal:78.99%, Gateμ:-0.4533, Gate0%:0.0, MetaNormμ:8.7342 | Val Meta: Scaleμ:0.9047, Signal|S|μ:3.1882, Delta|S|μ:2.5185, Delta/Signal:78.99%, Gateμ:-0.4533, Gate0%:0.0, MetaNormμ:8.7342
Validation Loss decreased (0.412462 --> 0.411365). Saving best model...
Epoch  25/50 | Train Loss: 0.4037 Acc: 0.8189 F1: 0.8189 | Val Loss: 0.4051 Acc: 0.7934 F1: 0.7933 | Train Meta: Scaleμ:0.9047, Signal|S|μ:3.3505, Delta|S|μ:2.6466, Delta/Signal:78.99%, Gateμ:-0.4533, Gate0%:0.0, MetaNormμ:8.7342 | Val Meta: Scaleμ:0.9047, Signal|S|μ:3.1882, Delta|S|μ:2.5185, Delta/Signal:78.99%, Gateμ:-0.4533, Gate0%:0.0, MetaNormμ:8.7342
Validation Loss decreased (0.411365 --> 0.405092). Saving best model...
Epoch  26/50 | Train Loss: 0.4041 Acc: 0.8153 F1: 0.8152 | Val Loss: 0.4179 Acc: 0.8127 F1: 0.8116 | Train Meta: Scaleμ:0.9047, Signal|S|μ:3.2835, Delta|S|μ:2.5945, Delta/Signal:79.01%, Gateμ:-0.4533, Gate0%:0.0, MetaNormμ:8.7342 | Val Meta: Scaleμ:0.9047, Signal|S|μ:3.1882, Delta|S|μ:2.5185, Delta/Signal:78.99%, Gateμ:-0.4533, Gate0%:0.0, MetaNormμ:8.7342
Epoch  27/50 | Train Loss: 0.4021 Acc: 0.8177 F1: 0.8177 | Val Loss: 0.4017 Acc: 0.7879 F1: 0.7879 | Train Meta: Scaleμ:0.9047, Signal|S|μ:3.0161, Delta|S|μ:2.3828, Delta/Signal:79.00%, Gateμ:-0.4533, Gate0%:0.0, MetaNormμ:8.7342 | Val Meta: Scaleμ:0.9047, Signal|S|μ:3.1882, Delta|S|μ:2.5185, Delta/Signal:78.99%, Gateμ:-0.4533, Gate0%:0.0, MetaNormμ:8.7342
Validation Loss decreased (0.405092 --> 0.401651). Saving best model...
Epoch  28/50 | Train Loss: 0.4000 Acc: 0.8162 F1: 0.8162 | Val Loss: 0.4019 Acc: 0.7961 F1: 0.7960 | Train Meta: Scaleμ:0.9047, Signal|S|μ:3.3818, Delta|S|μ:2.6713, Delta/Signal:78.99%, Gateμ:-0.4533, Gate0%:0.0, MetaNormμ:8.7342 | Val Meta: Scaleμ:0.9047, Signal|S|μ:3.1882, Delta|S|μ:2.5185, Delta/Signal:78.99%, Gateμ:-0.4533, Gate0%:0.0, MetaNormμ:8.7342
Epoch  29/50 | Train Loss: 0.3957 Acc: 0.8232 F1: 0.8232 | Val Loss: 0.4038 Acc: 0.7989 F1: 0.7983 | Train Meta: Scaleμ:0.9047, Signal|S|μ:3.4378, Delta|S|μ:2.7157, Delta/Signal:79.00%, Gateμ:-0.4533, Gate0%:0.0, MetaNormμ:8.7342 | Val Meta: Scaleμ:0.9047, Signal|S|μ:3.1882, Delta|S|μ:2.5185, Delta/Signal:78.99%, Gateμ:-0.4533, Gate0%:0.0, MetaNormμ:8.7342
Epoch  30/50 | Train Loss: 0.3969 Acc: 0.8232 F1: 0.8232 | Val Loss: 0.3966 Acc: 0.7906 F1: 0.7906 | Train Meta: Scaleμ:0.9047, Signal|S|μ:3.1347, Delta|S|μ:2.4768, Delta/Signal:79.01%, Gateμ:-0.4533, Gate0%:0.0, MetaNormμ:8.7342 | Val Meta: Scaleμ:0.9047, Signal|S|μ:3.1882, Delta|S|μ:2.5185, Delta/Signal:78.99%, Gateμ:-0.4533, Gate0%:0.0, MetaNormμ:8.7342
Validation Loss decreased (0.401651 --> 0.396612). Saving best model...
Epoch  31/50 | Train Loss: 0.3940 Acc: 0.8186 F1: 0.8186 | Val Loss: 0.3976 Acc: 0.7934 F1: 0.7932 | Train Meta: Scaleμ:0.9047, Signal|S|μ:3.2102, Delta|S|μ:2.5359, Delta/Signal:79.00%, Gateμ:-0.4533, Gate0%:0.0, MetaNormμ:8.7342 | Val Meta: Scaleμ:0.9047, Signal|S|μ:3.1882, Delta|S|μ:2.5185, Delta/Signal:78.99%, Gateμ:-0.4533, Gate0%:0.0, MetaNormμ:8.7342
Epoch  32/50 | Train Loss: 0.3921 Acc: 0.8251 F1: 0.8251 | Val Loss: 0.4144 Acc: 0.8209 F1: 0.8192 | Train Meta: Scaleμ:0.9047, Signal|S|μ:3.0216, Delta|S|μ:2.3869, Delta/Signal:79.00%, Gateμ:-0.4533, Gate0%:0.0, MetaNormμ:8.7342 | Val Meta: Scaleμ:0.9047, Signal|S|μ:3.1882, Delta|S|μ:2.5185, Delta/Signal:78.99%, Gateμ:-0.4533, Gate0%:0.0, MetaNormμ:8.7342
Epoch  33/50 | Train Loss: 0.3924 Acc: 0.8211 F1: 0.8211 | Val Loss: 0.3924 Acc: 0.7934 F1: 0.7934 | Train Meta: Scaleμ:0.9047, Signal|S|μ:3.2263, Delta|S|μ:2.5490, Delta/Signal:79.01%, Gateμ:-0.4533, Gate0%:0.0, MetaNormμ:8.7342 | Val Meta: Scaleμ:0.9047, Signal|S|μ:3.1882, Delta|S|μ:2.5185, Delta/Signal:78.99%, Gateμ:-0.4533, Gate0%:0.0, MetaNormμ:8.7342
Validation Loss decreased (0.396612 --> 0.392372). Saving best model...
Epoch  34/50 | Train Loss: 0.3897 Acc: 0.8217 F1: 0.8217 | Val Loss: 0.3974 Acc: 0.8044 F1: 0.8038 | Train Meta: Scaleμ:0.9047, Signal|S|μ:3.1705, Delta|S|μ:2.5044, Delta/Signal:78.99%, Gateμ:-0.4533, Gate0%:0.0, MetaNormμ:8.7342 | Val Meta: Scaleμ:0.9047, Signal|S|μ:3.1882, Delta|S|μ:2.5185, Delta/Signal:78.99%, Gateμ:-0.4533, Gate0%:0.0, MetaNormμ:8.7342
Epoch  35/50 | Train Loss: 0.3894 Acc: 0.8195 F1: 0.8195 | Val Loss: 0.3907 Acc: 0.8017 F1: 0.8015 | Train Meta: Scaleμ:0.9047, Signal|S|μ:3.3846, Delta|S|μ:2.6739, Delta/Signal:79.00%, Gateμ:-0.4533, Gate0%:0.0, MetaNormμ:8.7342 | Val Meta: Scaleμ:0.9047, Signal|S|μ:3.1882, Delta|S|μ:2.5185, Delta/Signal:78.99%, Gateμ:-0.4533, Gate0%:0.0, MetaNormμ:8.7342
Validation Loss decreased (0.392372 --> 0.390654). Saving best model...
Epoch  36/50 | Train Loss: 0.3859 Acc: 0.8223 F1: 0.8223 | Val Loss: 0.3888 Acc: 0.7961 F1: 0.7961 | Train Meta: Scaleμ:0.9047, Signal|S|μ:3.0209, Delta|S|μ:2.3872, Delta/Signal:79.02%, Gateμ:-0.4533, Gate0%:0.0, MetaNormμ:8.7342 | Val Meta: Scaleμ:0.9047, Signal|S|μ:3.1882, Delta|S|μ:2.5185, Delta/Signal:78.99%, Gateμ:-0.4533, Gate0%:0.0, MetaNormμ:8.7342
Validation Loss decreased (0.390654 --> 0.388750). Saving best model...
Epoch  37/50 | Train Loss: 0.3870 Acc: 0.8294 F1: 0.8293 | Val Loss: 0.3878 Acc: 0.7989 F1: 0.7989 | Train Meta: Scaleμ:0.9047, Signal|S|μ:3.3261, Delta|S|μ:2.6275, Delta/Signal:78.99%, Gateμ:-0.4533, Gate0%:0.0, MetaNormμ:8.7342 | Val Meta: Scaleμ:0.9047, Signal|S|μ:3.1882, Delta|S|μ:2.5185, Delta/Signal:78.99%, Gateμ:-0.4533, Gate0%:0.0, MetaNormμ:8.7342
Validation Loss decreased (0.388750 --> 0.387842). Saving best model...
Epoch  38/50 | Train Loss: 0.3834 Acc: 0.8251 F1: 0.8251 | Val Loss: 0.3970 Acc: 0.8182 F1: 0.8176 | Train Meta: Scaleμ:0.9047, Signal|S|μ:3.2818, Delta|S|μ:2.5929, Delta/Signal:79.01%, Gateμ:-0.4533, Gate0%:0.0, MetaNormμ:8.7342 | Val Meta: Scaleμ:0.9047, Signal|S|μ:3.1882, Delta|S|μ:2.5185, Delta/Signal:78.99%, Gateμ:-0.4533, Gate0%:0.0, MetaNormμ:8.7342
Epoch  39/50 | Train Loss: 0.3810 Acc: 0.8300 F1: 0.8300 | Val Loss: 0.3878 Acc: 0.7989 F1: 0.7988 | Train Meta: Scaleμ:0.9047, Signal|S|μ:3.3058, Delta|S|μ:2.6114, Delta/Signal:78.99%, Gateμ:-0.4533, Gate0%:0.0, MetaNormμ:8.7342 | Val Meta: Scaleμ:0.9047, Signal|S|μ:3.1882, Delta|S|μ:2.5185, Delta/Signal:78.99%, Gateμ:-0.4533, Gate0%:0.0, MetaNormμ:8.7342
Validation Loss decreased (0.387842 --> 0.387775). Saving best model...
Epoch  40/50 | Train Loss: 0.3816 Acc: 0.8281 F1: 0.8281 | Val Loss: 0.3844 Acc: 0.7989 F1: 0.7989 | Train Meta: Scaleμ:0.9047, Signal|S|μ:3.4475, Delta|S|μ:2.7236, Delta/Signal:79.00%, Gateμ:-0.4533, Gate0%:0.0, MetaNormμ:8.7342 | Val Meta: Scaleμ:0.9047, Signal|S|μ:3.1882, Delta|S|μ:2.5185, Delta/Signal:78.99%, Gateμ:-0.4533, Gate0%:0.0, MetaNormμ:8.7342
Validation Loss decreased (0.387775 --> 0.384417). Saving best model...
Epoch  41/50 | Train Loss: 0.3787 Acc: 0.8333 F1: 0.8333 | Val Loss: 0.3841 Acc: 0.7989 F1: 0.7988 | Train Meta: Scaleμ:0.9047, Signal|S|μ:3.0275, Delta|S|μ:2.3920, Delta/Signal:79.01%, Gateμ:-0.4533, Gate0%:0.0, MetaNormμ:8.7342 | Val Meta: Scaleμ:0.9047, Signal|S|μ:3.1882, Delta|S|μ:2.5185, Delta/Signal:78.99%, Gateμ:-0.4533, Gate0%:0.0, MetaNormμ:8.7342
Validation Loss decreased (0.384417 --> 0.384080). Saving best model...
Epoch  42/50 | Train Loss: 0.3782 Acc: 0.8330 F1: 0.8330 | Val Loss: 0.3915 Acc: 0.8099 F1: 0.8094 | Train Meta: Scaleμ:0.9047, Signal|S|μ:3.3690, Delta|S|μ:2.6618, Delta/Signal:79.01%, Gateμ:-0.4533, Gate0%:0.0, MetaNormμ:8.7342 | Val Meta: Scaleμ:0.9047, Signal|S|μ:3.1882, Delta|S|μ:2.5185, Delta/Signal:78.99%, Gateμ:-0.4533, Gate0%:0.0, MetaNormμ:8.7342
Epoch  43/50 | Train Loss: 0.3780 Acc: 0.8318 F1: 0.8318 | Val Loss: 0.3974 Acc: 0.8209 F1: 0.8199 | Train Meta: Scaleμ:0.9047, Signal|S|μ:3.5522, Delta|S|μ:2.8061, Delta/Signal:79.00%, Gateμ:-0.4533, Gate0%:0.0, MetaNormμ:8.7342 | Val Meta: Scaleμ:0.9047, Signal|S|μ:3.1882, Delta|S|μ:2.5185, Delta/Signal:78.99%, Gateμ:-0.4533, Gate0%:0.0, MetaNormμ:8.7342
Epoch  44/50 | Train Loss: 0.3781 Acc: 0.8294 F1: 0.8293 | Val Loss: 0.3832 Acc: 0.8099 F1: 0.8096 | Train Meta: Scaleμ:0.9047, Signal|S|μ:3.3188, Delta|S|μ:2.6218, Delta/Signal:79.00%, Gateμ:-0.4533, Gate0%:0.0, MetaNormμ:8.7342 | Val Meta: Scaleμ:0.9047, Signal|S|μ:3.1882, Delta|S|μ:2.5185, Delta/Signal:78.99%, Gateμ:-0.4533, Gate0%:0.0, MetaNormμ:8.7342
Validation Loss decreased (0.384080 --> 0.383196). Saving best model...
Epoch  45/50 | Train Loss: 0.3756 Acc: 0.8248 F1: 0.8248 | Val Loss: 0.3851 Acc: 0.8099 F1: 0.8097 | Train Meta: Scaleμ:0.9047, Signal|S|μ:3.2995, Delta|S|μ:2.6066, Delta/Signal:79.00%, Gateμ:-0.4533, Gate0%:0.0, MetaNormμ:8.7342 | Val Meta: Scaleμ:0.9047, Signal|S|μ:3.1882, Delta|S|μ:2.5185, Delta/Signal:78.99%, Gateμ:-0.4533, Gate0%:0.0, MetaNormμ:8.7342
Epoch  46/50 | Train Loss: 0.3763 Acc: 0.8275 F1: 0.8275 | Val Loss: 0.3812 Acc: 0.8099 F1: 0.8096 | Train Meta: Scaleμ:0.9047, Signal|S|μ:3.5489, Delta|S|μ:2.8038, Delta/Signal:79.00%, Gateμ:-0.4533, Gate0%:0.0, MetaNormμ:8.7342 | Val Meta: Scaleμ:0.9047, Signal|S|μ:3.1882, Delta|S|μ:2.5185, Delta/Signal:78.99%, Gateμ:-0.4533, Gate0%:0.0, MetaNormμ:8.7342
Validation Loss decreased (0.383196 --> 0.381229). Saving best model...
Epoch  47/50 | Train Loss: 0.3736 Acc: 0.8312 F1: 0.8312 | Val Loss: 0.3801 Acc: 0.8017 F1: 0.8015 | Train Meta: Scaleμ:0.9047, Signal|S|μ:3.2141, Delta|S|μ:2.5394, Delta/Signal:79.01%, Gateμ:-0.4533, Gate0%:0.0, MetaNormμ:8.7342 | Val Meta: Scaleμ:0.9047, Signal|S|μ:3.1882, Delta|S|μ:2.5185, Delta/Signal:78.99%, Gateμ:-0.4533, Gate0%:0.0, MetaNormμ:8.7342
Validation Loss decreased (0.381229 --> 0.380101). Saving best model...
Epoch  48/50 | Train Loss: 0.3722 Acc: 0.8306 F1: 0.8306 | Val Loss: 0.3816 Acc: 0.8127 F1: 0.8124 | Train Meta: Scaleμ:0.9047, Signal|S|μ:3.2609, Delta|S|μ:2.5762, Delta/Signal:79.00%, Gateμ:-0.4533, Gate0%:0.0, MetaNormμ:8.7342 | Val Meta: Scaleμ:0.9047, Signal|S|μ:3.1882, Delta|S|μ:2.5185, Delta/Signal:78.99%, Gateμ:-0.4533, Gate0%:0.0, MetaNormμ:8.7342
Epoch  49/50 | Train Loss: 0.3699 Acc: 0.8324 F1: 0.8324 | Val Loss: 0.3931 Acc: 0.8237 F1: 0.8226 | Train Meta: Scaleμ:0.9047, Signal|S|μ:3.1400, Delta|S|μ:2.4805, Delta/Signal:79.00%, Gateμ:-0.4533, Gate0%:0.0, MetaNormμ:8.7342 | Val Meta: Scaleμ:0.9047, Signal|S|μ:3.1882, Delta|S|μ:2.5185, Delta/Signal:78.99%, Gateμ:-0.4533, Gate0%:0.0, MetaNormμ:8.7342
Epoch  50/50 | Train Loss: 0.3713 Acc: 0.8330 F1: 0.8330 | Val Loss: 0.3989 Acc: 0.8237 F1: 0.8220 | Train Meta: Scaleμ:0.9047, Signal|S|μ:3.1703, Delta|S|μ:2.5042, Delta/Signal:78.99%, Gateμ:-0.4533, Gate0%:0.0, MetaNormμ:8.7342 | Val Meta: Scaleμ:0.9047, Signal|S|μ:3.1882, Delta|S|μ:2.5185, Delta/Signal:78.99%, Gateμ:-0.4533, Gate0%:0.0, MetaNormμ:8.7342

Classification Test Result (FordB)
Accuracy : 0.601235
F1 (macro): 0.582633
Saved attention maps for 3 sample(s) under ./runs/classification_electricity_to_FordB_laya_metadata_query_gate_text/attention_maps
