nohup: ignoring input
/data/pjh_workspace/ts-env/lib/python3.8/site-packages/torch/nn/modules/transformer.py:307: UserWarning: enable_nested_tensor is True, but self.use_nested_tensor is False because encoder_layer.norm_first was True
  warnings.warn(f"enable_nested_tensor is True, but self.use_nested_tensor is False because {why_not_sparsity_fast_path}")
==================================================
🚀 Architecture: LAYA
📊 Target Dataset: EthanolConcentration (Channels: 3)
📊 Pretrain Info: electricity
📊 Classes: 4 | Sequence Length: 1751
==================================================
✅ Loaded pretrained encoder from ./checkpoints/electricity_laya_metadata_query_gate_stats/laya_ts_electricity_s_best.pt
   - 104/104 keys matched.
✅ Encoder is FROZEN (Linear Probing mode).
📝 metadata: mode=stats, fusion=none, relation=metadata_query_gate
ℹ️  Metadata Fusion Mode: none
ℹ️  Channel Mixer Relation Mode: metadata_query_gate
ℹ️  Encoder Variant: default
ℹ️  Channel Adapter: disabled for Laya downstream (mixer)
ℹ️  Channel Relation Block: disabled
✅ ClassificationHead: [B, 256] → [B, 4]
Epoch   1/50 | Train Loss: 1.3953 Acc: 0.2500 F1: 0.2196 | Val Loss: 1.4847 Acc: 0.1154 F1: 0.0517 | Train Meta: Scaleμ:0.9696, Signal|S|μ:6.6000, Delta|S|μ:5.8751, Delta/Signal:89.02%, Gateμ:-0.5008, Gate0%:0.0, MetaNormμ:8.6313 | Val Meta: Scaleμ:0.9696, Signal|S|μ:5.7193, Delta|S|μ:5.0866, Delta/Signal:88.94%, Gateμ:-0.5008, Gate0%:0.0, MetaNormμ:8.6313
Validation Loss decreased (inf --> 1.484742). Saving best model...
Epoch   2/50 | Train Loss: 1.3423 Acc: 0.2723 F1: 0.1812 | Val Loss: 1.3830 Acc: 0.3462 F1: 0.1286 | Train Meta: Scaleμ:0.9696, Signal|S|μ:5.7418, Delta|S|μ:5.1092, Delta/Signal:88.98%, Gateμ:-0.5008, Gate0%:0.0, MetaNormμ:8.6313 | Val Meta: Scaleμ:0.9696, Signal|S|μ:5.7193, Delta|S|μ:5.0866, Delta/Signal:88.94%, Gateμ:-0.5008, Gate0%:0.0, MetaNormμ:8.6313
Validation Loss decreased (1.484742 --> 1.383024). Saving best model...
Epoch   3/50 | Train Loss: 1.3324 Acc: 0.2277 F1: 0.1782 | Val Loss: 1.4702 Acc: 0.1154 F1: 0.0536 | Train Meta: Scaleμ:0.9696, Signal|S|μ:7.3336, Delta|S|μ:6.5206, Delta/Signal:88.91%, Gateμ:-0.5008, Gate0%:0.0, MetaNormμ:8.6313 | Val Meta: Scaleμ:0.9696, Signal|S|μ:5.7193, Delta|S|μ:5.0866, Delta/Signal:88.94%, Gateμ:-0.5008, Gate0%:0.0, MetaNormμ:8.6313
Epoch   4/50 | Train Loss: 1.3346 Acc: 0.2366 F1: 0.1741 | Val Loss: 1.3971 Acc: 0.1923 F1: 0.0806 | Train Meta: Scaleμ:0.9696, Signal|S|μ:5.8106, Delta|S|μ:5.1654, Delta/Signal:88.90%, Gateμ:-0.5008, Gate0%:0.0, MetaNormμ:8.6313 | Val Meta: Scaleμ:0.9696, Signal|S|μ:5.7193, Delta|S|μ:5.0866, Delta/Signal:88.94%, Gateμ:-0.5008, Gate0%:0.0, MetaNormμ:8.6313
Epoch   5/50 | Train Loss: 1.3301 Acc: 0.2143 F1: 0.1401 | Val Loss: 1.4187 Acc: 0.1923 F1: 0.0806 | Train Meta: Scaleμ:0.9696, Signal|S|μ:6.0120, Delta|S|μ:5.3457, Delta/Signal:88.92%, Gateμ:-0.5008, Gate0%:0.0, MetaNormμ:8.6313 | Val Meta: Scaleμ:0.9696, Signal|S|μ:5.7193, Delta|S|μ:5.0866, Delta/Signal:88.94%, Gateμ:-0.5008, Gate0%:0.0, MetaNormμ:8.6313
Epoch   6/50 | Train Loss: 1.3303 Acc: 0.2500 F1: 0.1330 | Val Loss: 1.3806 Acc: 0.3077 F1: 0.1875 | Train Meta: Scaleμ:0.9696, Signal|S|μ:6.1643, Delta|S|μ:5.4810, Delta/Signal:88.92%, Gateμ:-0.5008, Gate0%:0.0, MetaNormμ:8.6313 | Val Meta: Scaleμ:0.9696, Signal|S|μ:5.7193, Delta|S|μ:5.0866, Delta/Signal:88.94%, Gateμ:-0.5008, Gate0%:0.0, MetaNormμ:8.6313
Validation Loss decreased (1.383024 --> 1.380594). Saving best model...
Epoch   7/50 | Train Loss: 1.3339 Acc: 0.2054 F1: 0.1448 | Val Loss: 1.3835 Acc: 0.3462 F1: 0.1286 | Train Meta: Scaleμ:0.9696, Signal|S|μ:6.1331, Delta|S|μ:5.4552, Delta/Signal:88.95%, Gateμ:-0.5008, Gate0%:0.0, MetaNormμ:8.6313 | Val Meta: Scaleμ:0.9696, Signal|S|μ:5.7193, Delta|S|μ:5.0866, Delta/Signal:88.94%, Gateμ:-0.5008, Gate0%:0.0, MetaNormμ:8.6313
Epoch   8/50 | Train Loss: 1.3332 Acc: 0.2366 F1: 0.1909 | Val Loss: 1.4224 Acc: 0.1538 F1: 0.1125 | Train Meta: Scaleμ:0.9696, Signal|S|μ:7.0908, Delta|S|μ:6.3038, Delta/Signal:88.90%, Gateμ:-0.5008, Gate0%:0.0, MetaNormμ:8.6313 | Val Meta: Scaleμ:0.9696, Signal|S|μ:5.7193, Delta|S|μ:5.0866, Delta/Signal:88.94%, Gateμ:-0.5008, Gate0%:0.0, MetaNormμ:8.6313
Epoch   9/50 | Train Loss: 1.3265 Acc: 0.2768 F1: 0.1563 | Val Loss: 1.4207 Acc: 0.1154 F1: 0.0517 | Train Meta: Scaleμ:0.9696, Signal|S|μ:6.1798, Delta|S|μ:5.4967, Delta/Signal:88.95%, Gateμ:-0.5008, Gate0%:0.0, MetaNormμ:8.6313 | Val Meta: Scaleμ:0.9696, Signal|S|μ:5.7193, Delta|S|μ:5.0866, Delta/Signal:88.94%, Gateμ:-0.5008, Gate0%:0.0, MetaNormμ:8.6313
Epoch  10/50 | Train Loss: 1.3269 Acc: 0.2321 F1: 0.1558 | Val Loss: 1.3813 Acc: 0.3462 F1: 0.1286 | Train Meta: Scaleμ:0.9696, Signal|S|μ:6.3025, Delta|S|μ:5.6071, Delta/Signal:88.97%, Gateμ:-0.5008, Gate0%:0.0, MetaNormμ:8.6313 | Val Meta: Scaleμ:0.9696, Signal|S|μ:5.7193, Delta|S|μ:5.0866, Delta/Signal:88.94%, Gateμ:-0.5008, Gate0%:0.0, MetaNormμ:8.6313
Epoch  11/50 | Train Loss: 1.3248 Acc: 0.2545 F1: 0.1947 | Val Loss: 1.4089 Acc: 0.2308 F1: 0.1449 | Train Meta: Scaleμ:0.9696, Signal|S|μ:6.8535, Delta|S|μ:6.0984, Delta/Signal:88.98%, Gateμ:-0.5008, Gate0%:0.0, MetaNormμ:8.6313 | Val Meta: Scaleμ:0.9696, Signal|S|μ:5.7193, Delta|S|μ:5.0866, Delta/Signal:88.94%, Gateμ:-0.5008, Gate0%:0.0, MetaNormμ:8.6313
Epoch  12/50 | Train Loss: 1.3342 Acc: 0.2634 F1: 0.1950 | Val Loss: 1.4169 Acc: 0.3462 F1: 0.1324 | Train Meta: Scaleμ:0.9696, Signal|S|μ:6.5475, Delta|S|μ:5.8226, Delta/Signal:88.93%, Gateμ:-0.5008, Gate0%:0.0, MetaNormμ:8.6313 | Val Meta: Scaleμ:0.9696, Signal|S|μ:5.7193, Delta|S|μ:5.0866, Delta/Signal:88.94%, Gateμ:-0.5008, Gate0%:0.0, MetaNormμ:8.6313
Epoch  13/50 | Train Loss: 1.3375 Acc: 0.2277 F1: 0.1071 | Val Loss: 1.4034 Acc: 0.1154 F1: 0.0517 | Train Meta: Scaleμ:0.9696, Signal|S|μ:5.9244, Delta|S|μ:5.2724, Delta/Signal:88.99%, Gateμ:-0.5008, Gate0%:0.0, MetaNormμ:8.6313 | Val Meta: Scaleμ:0.9696, Signal|S|μ:5.7193, Delta|S|μ:5.0866, Delta/Signal:88.94%, Gateμ:-0.5008, Gate0%:0.0, MetaNormμ:8.6313
Epoch  14/50 | Train Loss: 1.3432 Acc: 0.2500 F1: 0.1152 | Val Loss: 1.3945 Acc: 0.1923 F1: 0.0806 | Train Meta: Scaleμ:0.9696, Signal|S|μ:6.4178, Delta|S|μ:5.7063, Delta/Signal:88.91%, Gateμ:-0.5008, Gate0%:0.0, MetaNormμ:8.6313 | Val Meta: Scaleμ:0.9696, Signal|S|μ:5.7193, Delta|S|μ:5.0866, Delta/Signal:88.94%, Gateμ:-0.5008, Gate0%:0.0, MetaNormμ:8.6313
Epoch  15/50 | Train Loss: 1.3203 Acc: 0.2634 F1: 0.1042 | Val Loss: 1.4057 Acc: 0.2692 F1: 0.1771 | Train Meta: Scaleμ:0.9696, Signal|S|μ:6.0338, Delta|S|μ:5.3701, Delta/Signal:89.00%, Gateμ:-0.5008, Gate0%:0.0, MetaNormμ:8.6313 | Val Meta: Scaleμ:0.9696, Signal|S|μ:5.7193, Delta|S|μ:5.0866, Delta/Signal:88.94%, Gateμ:-0.5008, Gate0%:0.0, MetaNormμ:8.6313
Epoch  16/50 | Train Loss: 1.3320 Acc: 0.2411 F1: 0.1403 | Val Loss: 1.3771 Acc: 0.3462 F1: 0.1286 | Train Meta: Scaleμ:0.9696, Signal|S|μ:7.8674, Delta|S|μ:6.9920, Delta/Signal:88.87%, Gateμ:-0.5008, Gate0%:0.0, MetaNormμ:8.6313 | Val Meta: Scaleμ:0.9696, Signal|S|μ:5.7193, Delta|S|μ:5.0866, Delta/Signal:88.94%, Gateμ:-0.5008, Gate0%:0.0, MetaNormμ:8.6313
Validation Loss decreased (1.380594 --> 1.377072). Saving best model...
Epoch  17/50 | Train Loss: 1.3232 Acc: 0.2321 F1: 0.1818 | Val Loss: 1.4139 Acc: 0.1923 F1: 0.1484 | Train Meta: Scaleμ:0.9696, Signal|S|μ:5.7334, Delta|S|μ:5.0969, Delta/Signal:88.90%, Gateμ:-0.5008, Gate0%:0.0, MetaNormμ:8.6313 | Val Meta: Scaleμ:0.9696, Signal|S|μ:5.7193, Delta|S|μ:5.0866, Delta/Signal:88.94%, Gateμ:-0.5008, Gate0%:0.0, MetaNormμ:8.6313
Epoch  18/50 | Train Loss: 1.3296 Acc: 0.3080 F1: 0.2527 | Val Loss: 1.4101 Acc: 0.1538 F1: 0.1100 | Train Meta: Scaleμ:0.9696, Signal|S|μ:6.4277, Delta|S|μ:5.7165, Delta/Signal:88.94%, Gateμ:-0.5008, Gate0%:0.0, MetaNormμ:8.6313 | Val Meta: Scaleμ:0.9696, Signal|S|μ:5.7193, Delta|S|μ:5.0866, Delta/Signal:88.94%, Gateμ:-0.5008, Gate0%:0.0, MetaNormμ:8.6313
Epoch  19/50 | Train Loss: 1.3232 Acc: 0.2679 F1: 0.1367 | Val Loss: 1.4033 Acc: 0.1538 F1: 0.1031 | Train Meta: Scaleμ:0.9696, Signal|S|μ:6.8106, Delta|S|μ:6.0563, Delta/Signal:88.92%, Gateμ:-0.5008, Gate0%:0.0, MetaNormμ:8.6313 | Val Meta: Scaleμ:0.9696, Signal|S|μ:5.7193, Delta|S|μ:5.0866, Delta/Signal:88.94%, Gateμ:-0.5008, Gate0%:0.0, MetaNormμ:8.6313
Epoch  20/50 | Train Loss: 1.3238 Acc: 0.2589 F1: 0.2072 | Val Loss: 1.3933 Acc: 0.2692 F1: 0.1635 | Train Meta: Scaleμ:0.9696, Signal|S|μ:5.5237, Delta|S|μ:4.9144, Delta/Signal:88.97%, Gateμ:-0.5008, Gate0%:0.0, MetaNormμ:8.6313 | Val Meta: Scaleμ:0.9696, Signal|S|μ:5.7193, Delta|S|μ:5.0866, Delta/Signal:88.94%, Gateμ:-0.5008, Gate0%:0.0, MetaNormμ:8.6313
Epoch  21/50 | Train Loss: 1.3198 Acc: 0.2812 F1: 0.2283 | Val Loss: 1.3826 Acc: 0.3462 F1: 0.2025 | Train Meta: Scaleμ:0.9696, Signal|S|μ:6.0490, Delta|S|μ:5.3838, Delta/Signal:89.00%, Gateμ:-0.5008, Gate0%:0.0, MetaNormμ:8.6313 | Val Meta: Scaleμ:0.9696, Signal|S|μ:5.7193, Delta|S|μ:5.0866, Delta/Signal:88.94%, Gateμ:-0.5008, Gate0%:0.0, MetaNormμ:8.6313
Epoch  22/50 | Train Loss: 1.3294 Acc: 0.2768 F1: 0.1858 | Val Loss: 1.4020 Acc: 0.3462 F1: 0.1324 | Train Meta: Scaleμ:0.9696, Signal|S|μ:6.2464, Delta|S|μ:5.5574, Delta/Signal:88.97%, Gateμ:-0.5008, Gate0%:0.0, MetaNormμ:8.6313 | Val Meta: Scaleμ:0.9696, Signal|S|μ:5.7193, Delta|S|μ:5.0866, Delta/Signal:88.94%, Gateμ:-0.5008, Gate0%:0.0, MetaNormμ:8.6313
Epoch  23/50 | Train Loss: 1.3290 Acc: 0.2545 F1: 0.1997 | Val Loss: 1.3644 Acc: 0.2692 F1: 0.1456 | Train Meta: Scaleμ:0.9696, Signal|S|μ:7.3678, Delta|S|μ:6.5559, Delta/Signal:88.98%, Gateμ:-0.5008, Gate0%:0.0, MetaNormμ:8.6313 | Val Meta: Scaleμ:0.9696, Signal|S|μ:5.7193, Delta|S|μ:5.0866, Delta/Signal:88.94%, Gateμ:-0.5008, Gate0%:0.0, MetaNormμ:8.6313
Validation Loss decreased (1.377072 --> 1.364447). Saving best model...
Epoch  24/50 | Train Loss: 1.3152 Acc: 0.3080 F1: 0.2535 | Val Loss: 1.4226 Acc: 0.1923 F1: 0.0806 | Train Meta: Scaleμ:0.9696, Signal|S|μ:6.4248, Delta|S|μ:5.7143, Delta/Signal:88.94%, Gateμ:-0.5008, Gate0%:0.0, MetaNormμ:8.6313 | Val Meta: Scaleμ:0.9696, Signal|S|μ:5.7193, Delta|S|μ:5.0866, Delta/Signal:88.94%, Gateμ:-0.5008, Gate0%:0.0, MetaNormμ:8.6313
Epoch  25/50 | Train Loss: 1.3151 Acc: 0.2009 F1: 0.1424 | Val Loss: 1.3996 Acc: 0.2308 F1: 0.1652 | Train Meta: Scaleμ:0.9696, Signal|S|μ:6.4883, Delta|S|μ:5.7693, Delta/Signal:88.92%, Gateμ:-0.5008, Gate0%:0.0, MetaNormμ:8.6313 | Val Meta: Scaleμ:0.9696, Signal|S|μ:5.7193, Delta|S|μ:5.0866, Delta/Signal:88.94%, Gateμ:-0.5008, Gate0%:0.0, MetaNormμ:8.6313
Epoch  26/50 | Train Loss: 1.3135 Acc: 0.2589 F1: 0.2242 | Val Loss: 1.3833 Acc: 0.2692 F1: 0.1958 | Train Meta: Scaleμ:0.9696, Signal|S|μ:6.1540, Delta|S|μ:5.4782, Delta/Signal:89.02%, Gateμ:-0.5008, Gate0%:0.0, MetaNormμ:8.6313 | Val Meta: Scaleμ:0.9696, Signal|S|μ:5.7193, Delta|S|μ:5.0866, Delta/Signal:88.94%, Gateμ:-0.5008, Gate0%:0.0, MetaNormμ:8.6313
Epoch  27/50 | Train Loss: 1.3134 Acc: 0.2500 F1: 0.2499 | Val Loss: 1.3920 Acc: 0.2692 F1: 0.2088 | Train Meta: Scaleμ:0.9696, Signal|S|μ:5.9584, Delta|S|μ:5.3022, Delta/Signal:88.99%, Gateμ:-0.5008, Gate0%:0.0, MetaNormμ:8.6313 | Val Meta: Scaleμ:0.9696, Signal|S|μ:5.7193, Delta|S|μ:5.0866, Delta/Signal:88.94%, Gateμ:-0.5008, Gate0%:0.0, MetaNormμ:8.6313
Epoch  28/50 | Train Loss: 1.3119 Acc: 0.2545 F1: 0.1737 | Val Loss: 1.3792 Acc: 0.2692 F1: 0.2114 | Train Meta: Scaleμ:0.9696, Signal|S|μ:5.7246, Delta|S|μ:5.0917, Delta/Signal:88.94%, Gateμ:-0.5008, Gate0%:0.0, MetaNormμ:8.6313 | Val Meta: Scaleμ:0.9696, Signal|S|μ:5.7193, Delta|S|μ:5.0866, Delta/Signal:88.94%, Gateμ:-0.5008, Gate0%:0.0, MetaNormμ:8.6313
Epoch  29/50 | Train Loss: 1.3159 Acc: 0.2455 F1: 0.2156 | Val Loss: 1.4090 Acc: 0.1538 F1: 0.1107 | Train Meta: Scaleμ:0.9696, Signal|S|μ:6.1122, Delta|S|μ:5.4361, Delta/Signal:88.94%, Gateμ:-0.5008, Gate0%:0.0, MetaNormμ:8.6313 | Val Meta: Scaleμ:0.9696, Signal|S|μ:5.7193, Delta|S|μ:5.0866, Delta/Signal:88.94%, Gateμ:-0.5008, Gate0%:0.0, MetaNormμ:8.6313
Epoch  30/50 | Train Loss: 1.3268 Acc: 0.2991 F1: 0.2621 | Val Loss: 1.4022 Acc: 0.2308 F1: 0.2078 | Train Meta: Scaleμ:0.9696, Signal|S|μ:6.5696, Delta|S|μ:5.8371, Delta/Signal:88.85%, Gateμ:-0.5008, Gate0%:0.0, MetaNormμ:8.6313 | Val Meta: Scaleμ:0.9696, Signal|S|μ:5.7193, Delta|S|μ:5.0866, Delta/Signal:88.94%, Gateμ:-0.5008, Gate0%:0.0, MetaNormμ:8.6313
Epoch  31/50 | Train Loss: 1.3097 Acc: 0.2188 F1: 0.1453 | Val Loss: 1.3912 Acc: 0.2692 F1: 0.2088 | Train Meta: Scaleμ:0.9696, Signal|S|μ:6.9994, Delta|S|μ:6.2247, Delta/Signal:88.93%, Gateμ:-0.5008, Gate0%:0.0, MetaNormμ:8.6313 | Val Meta: Scaleμ:0.9696, Signal|S|μ:5.7193, Delta|S|μ:5.0866, Delta/Signal:88.94%, Gateμ:-0.5008, Gate0%:0.0, MetaNormμ:8.6313
Epoch  32/50 | Train Loss: 1.3148 Acc: 0.2455 F1: 0.1537 | Val Loss: 1.4015 Acc: 0.1923 F1: 0.1452 | Train Meta: Scaleμ:0.9696, Signal|S|μ:5.4142, Delta|S|μ:4.8229, Delta/Signal:89.08%, Gateμ:-0.5008, Gate0%:0.0, MetaNormμ:8.6313 | Val Meta: Scaleμ:0.9696, Signal|S|μ:5.7193, Delta|S|μ:5.0866, Delta/Signal:88.94%, Gateμ:-0.5008, Gate0%:0.0, MetaNormμ:8.6313
Epoch  33/50 | Train Loss: 1.3062 Acc: 0.3036 F1: 0.2496 | Val Loss: 1.3861 Acc: 0.3077 F1: 0.2534 | Train Meta: Scaleμ:0.9696, Signal|S|μ:6.5769, Delta|S|μ:5.8465, Delta/Signal:88.90%, Gateμ:-0.5008, Gate0%:0.0, MetaNormμ:8.6313 | Val Meta: Scaleμ:0.9696, Signal|S|μ:5.7193, Delta|S|μ:5.0866, Delta/Signal:88.94%, Gateμ:-0.5008, Gate0%:0.0, MetaNormμ:8.6313
Epoch  34/50 | Train Loss: 1.3199 Acc: 0.2723 F1: 0.2163 | Val Loss: 1.3972 Acc: 0.2308 F1: 0.1333 | Train Meta: Scaleμ:0.9696, Signal|S|μ:6.0620, Delta|S|μ:5.3936, Delta/Signal:88.97%, Gateμ:-0.5008, Gate0%:0.0, MetaNormμ:8.6313 | Val Meta: Scaleμ:0.9696, Signal|S|μ:5.7193, Delta|S|μ:5.0866, Delta/Signal:88.94%, Gateμ:-0.5008, Gate0%:0.0, MetaNormμ:8.6313
Epoch  35/50 | Train Loss: 1.3073 Acc: 0.3170 F1: 0.2725 | Val Loss: 1.3897 Acc: 0.3077 F1: 0.2306 | Train Meta: Scaleμ:0.9696, Signal|S|μ:6.1563, Delta|S|μ:5.4725, Delta/Signal:88.89%, Gateμ:-0.5008, Gate0%:0.0, MetaNormμ:8.6313 | Val Meta: Scaleμ:0.9696, Signal|S|μ:5.7193, Delta|S|μ:5.0866, Delta/Signal:88.94%, Gateμ:-0.5008, Gate0%:0.0, MetaNormμ:8.6313
Epoch  36/50 | Train Loss: 1.3038 Acc: 0.2991 F1: 0.1796 | Val Loss: 1.4130 Acc: 0.1923 F1: 0.1451 | Train Meta: Scaleμ:0.9696, Signal|S|μ:5.8810, Delta|S|μ:5.2347, Delta/Signal:89.01%, Gateμ:-0.5008, Gate0%:0.0, MetaNormμ:8.6313 | Val Meta: Scaleμ:0.9696, Signal|S|μ:5.7193, Delta|S|μ:5.0866, Delta/Signal:88.94%, Gateμ:-0.5008, Gate0%:0.0, MetaNormμ:8.6313
Epoch  37/50 | Train Loss: 1.3030 Acc: 0.2991 F1: 0.2625 | Val Loss: 1.3827 Acc: 0.3077 F1: 0.2330 | Train Meta: Scaleμ:0.9696, Signal|S|μ:5.9954, Delta|S|μ:5.3324, Delta/Signal:88.94%, Gateμ:-0.5008, Gate0%:0.0, MetaNormμ:8.6313 | Val Meta: Scaleμ:0.9696, Signal|S|μ:5.7193, Delta|S|μ:5.0866, Delta/Signal:88.94%, Gateμ:-0.5008, Gate0%:0.0, MetaNormμ:8.6313
Epoch  38/50 | Train Loss: 1.3085 Acc: 0.3304 F1: 0.2826 | Val Loss: 1.3687 Acc: 0.2308 F1: 0.1701 | Train Meta: Scaleμ:0.9696, Signal|S|μ:6.1062, Delta|S|μ:5.4264, Delta/Signal:88.87%, Gateμ:-0.5008, Gate0%:0.0, MetaNormμ:8.6313 | Val Meta: Scaleμ:0.9696, Signal|S|μ:5.7193, Delta|S|μ:5.0866, Delta/Signal:88.94%, Gateμ:-0.5008, Gate0%:0.0, MetaNormμ:8.6313
Epoch  39/50 | Train Loss: 1.3025 Acc: 0.2991 F1: 0.2744 | Val Loss: 1.3832 Acc: 0.2692 F1: 0.2042 | Train Meta: Scaleμ:0.9696, Signal|S|μ:6.1038, Delta|S|μ:5.4311, Delta/Signal:88.98%, Gateμ:-0.5008, Gate0%:0.0, MetaNormμ:8.6313 | Val Meta: Scaleμ:0.9696, Signal|S|μ:5.7193, Delta|S|μ:5.0866, Delta/Signal:88.94%, Gateμ:-0.5008, Gate0%:0.0, MetaNormμ:8.6313
Epoch  40/50 | Train Loss: 1.3080 Acc: 0.2500 F1: 0.1738 | Val Loss: 1.3859 Acc: 0.2308 F1: 0.1944 | Train Meta: Scaleμ:0.9696, Signal|S|μ:6.9631, Delta|S|μ:6.1950, Delta/Signal:88.97%, Gateμ:-0.5008, Gate0%:0.0, MetaNormμ:8.6313 | Val Meta: Scaleμ:0.9696, Signal|S|μ:5.7193, Delta|S|μ:5.0866, Delta/Signal:88.94%, Gateμ:-0.5008, Gate0%:0.0, MetaNormμ:8.6313
Epoch  41/50 | Train Loss: 1.2952 Acc: 0.3170 F1: 0.2373 | Val Loss: 1.3567 Acc: 0.3846 F1: 0.2337 | Train Meta: Scaleμ:0.9696, Signal|S|μ:5.4126, Delta|S|μ:4.8192, Delta/Signal:89.04%, Gateμ:-0.5008, Gate0%:0.0, MetaNormμ:8.6313 | Val Meta: Scaleμ:0.9696, Signal|S|μ:5.7193, Delta|S|μ:5.0866, Delta/Signal:88.94%, Gateμ:-0.5008, Gate0%:0.0, MetaNormμ:8.6313
Validation Loss decreased (1.364447 --> 1.356723). Saving best model...
Epoch  42/50 | Train Loss: 1.3110 Acc: 0.2411 F1: 0.2156 | Val Loss: 1.3908 Acc: 0.2692 F1: 0.2104 | Train Meta: Scaleμ:0.9696, Signal|S|μ:6.1574, Delta|S|μ:5.4764, Delta/Signal:88.94%, Gateμ:-0.5008, Gate0%:0.0, MetaNormμ:8.6313 | Val Meta: Scaleμ:0.9696, Signal|S|μ:5.7193, Delta|S|μ:5.0866, Delta/Signal:88.94%, Gateμ:-0.5008, Gate0%:0.0, MetaNormμ:8.6313
Epoch  43/50 | Train Loss: 1.3027 Acc: 0.3482 F1: 0.2819 | Val Loss: 1.3861 Acc: 0.2692 F1: 0.2042 | Train Meta: Scaleμ:0.9696, Signal|S|μ:5.7507, Delta|S|μ:5.1166, Delta/Signal:88.97%, Gateμ:-0.5008, Gate0%:0.0, MetaNormμ:8.6313 | Val Meta: Scaleμ:0.9696, Signal|S|μ:5.7193, Delta|S|μ:5.0866, Delta/Signal:88.94%, Gateμ:-0.5008, Gate0%:0.0, MetaNormμ:8.6313
Epoch  44/50 | Train Loss: 1.3052 Acc: 0.2500 F1: 0.2027 | Val Loss: 1.3780 Acc: 0.2308 F1: 0.1504 | Train Meta: Scaleμ:0.9696, Signal|S|μ:6.5055, Delta|S|μ:5.7872, Delta/Signal:88.96%, Gateμ:-0.5008, Gate0%:0.0, MetaNormμ:8.6313 | Val Meta: Scaleμ:0.9696, Signal|S|μ:5.7193, Delta|S|μ:5.0866, Delta/Signal:88.94%, Gateμ:-0.5008, Gate0%:0.0, MetaNormμ:8.6313
Epoch  45/50 | Train Loss: 1.2993 Acc: 0.3348 F1: 0.2674 | Val Loss: 1.4224 Acc: 0.1538 F1: 0.1056 | Train Meta: Scaleμ:0.9696, Signal|S|μ:6.6809, Delta|S|μ:5.9439, Delta/Signal:88.97%, Gateμ:-0.5008, Gate0%:0.0, MetaNormμ:8.6313 | Val Meta: Scaleμ:0.9696, Signal|S|μ:5.7193, Delta|S|μ:5.0866, Delta/Signal:88.94%, Gateμ:-0.5008, Gate0%:0.0, MetaNormμ:8.6313
Epoch  46/50 | Train Loss: 1.3020 Acc: 0.2768 F1: 0.1962 | Val Loss: 1.4090 Acc: 0.1923 F1: 0.1144 | Train Meta: Scaleμ:0.9696, Signal|S|μ:6.2266, Delta|S|μ:5.5422, Delta/Signal:89.01%, Gateμ:-0.5008, Gate0%:0.0, MetaNormμ:8.6313 | Val Meta: Scaleμ:0.9696, Signal|S|μ:5.7193, Delta|S|μ:5.0866, Delta/Signal:88.94%, Gateμ:-0.5008, Gate0%:0.0, MetaNormμ:8.6313
Epoch  47/50 | Train Loss: 1.2994 Acc: 0.2991 F1: 0.2689 | Val Loss: 1.3942 Acc: 0.2692 F1: 0.1972 | Train Meta: Scaleμ:0.9696, Signal|S|μ:5.9060, Delta|S|μ:5.2497, Delta/Signal:88.89%, Gateμ:-0.5008, Gate0%:0.0, MetaNormμ:8.6313 | Val Meta: Scaleμ:0.9696, Signal|S|μ:5.7193, Delta|S|μ:5.0866, Delta/Signal:88.94%, Gateμ:-0.5008, Gate0%:0.0, MetaNormμ:8.6313
Epoch  48/50 | Train Loss: 1.2951 Acc: 0.2991 F1: 0.2604 | Val Loss: 1.4087 Acc: 0.2308 F1: 0.1894 | Train Meta: Scaleμ:0.9696, Signal|S|μ:5.4273, Delta|S|μ:4.8280, Delta/Signal:88.96%, Gateμ:-0.5008, Gate0%:0.0, MetaNormμ:8.6313 | Val Meta: Scaleμ:0.9696, Signal|S|μ:5.7193, Delta|S|μ:5.0866, Delta/Signal:88.94%, Gateμ:-0.5008, Gate0%:0.0, MetaNormμ:8.6313
Epoch  49/50 | Train Loss: 1.2987 Acc: 0.2857 F1: 0.2236 | Val Loss: 1.3626 Acc: 0.3462 F1: 0.2250 | Train Meta: Scaleμ:0.9696, Signal|S|μ:6.3839, Delta|S|μ:5.6811, Delta/Signal:88.99%, Gateμ:-0.5008, Gate0%:0.0, MetaNormμ:8.6313 | Val Meta: Scaleμ:0.9696, Signal|S|μ:5.7193, Delta|S|μ:5.0866, Delta/Signal:88.94%, Gateμ:-0.5008, Gate0%:0.0, MetaNormμ:8.6313
Epoch  50/50 | Train Loss: 1.3056 Acc: 0.3170 F1: 0.2358 | Val Loss: 1.3991 Acc: 0.2308 F1: 0.1861 | Train Meta: Scaleμ:0.9696, Signal|S|μ:5.8840, Delta|S|μ:5.2345, Delta/Signal:88.96%, Gateμ:-0.5008, Gate0%:0.0, MetaNormμ:8.6313 | Val Meta: Scaleμ:0.9696, Signal|S|μ:5.7193, Delta|S|μ:5.0866, Delta/Signal:88.94%, Gateμ:-0.5008, Gate0%:0.0, MetaNormμ:8.6313

Classification Test Result (EthanolConcentration)
Accuracy : 0.319392
F1 (macro): 0.224017
Saved attention maps for 3 sample(s) under ./runs/classification_electricity_to_EthanolConcentration_laya_metadata_query_gate_stats/attention_maps
/data/pjh_workspace/ts-env/lib/python3.8/site-packages/torch/nn/modules/transformer.py:307: UserWarning: enable_nested_tensor is True, but self.use_nested_tensor is False because encoder_layer.norm_first was True
  warnings.warn(f"enable_nested_tensor is True, but self.use_nested_tensor is False because {why_not_sparsity_fast_path}")
==================================================
🚀 Architecture: LAYA
📊 Target Dataset: FaceDetection (Channels: 144)
📊 Pretrain Info: electricity
📊 Classes: 2 | Sequence Length: 62
==================================================
✅ Loaded pretrained encoder from ./checkpoints/electricity_laya_metadata_query_gate_stats/laya_ts_electricity_s_best.pt
   - 104/104 keys matched.
✅ Encoder is FROZEN (Linear Probing mode).
📝 metadata: mode=stats, fusion=none, relation=metadata_query_gate
ℹ️  Metadata Fusion Mode: none
ℹ️  Channel Mixer Relation Mode: metadata_query_gate
ℹ️  Encoder Variant: default
ℹ️  Channel Adapter: disabled for Laya downstream (mixer)
ℹ️  Channel Relation Block: disabled
✅ ClassificationHead: [B, 256] → [B, 2]
Epoch   1/50 | Train Loss: 0.7008 Acc: 0.5087 F1: 0.5087 | Val Loss: 0.6916 Acc: 0.5212 F1: 0.3489 | Train Meta: Scaleμ:0.9696, Signal|S|μ:3.1089, Delta|S|μ:2.8214, Delta/Signal:90.75%, Gateμ:-0.4618, Gate0%:0.0, MetaNormμ:8.7065 | Val Meta: Scaleμ:0.9696, Signal|S|μ:3.1569, Delta|S|μ:2.8640, Delta/Signal:90.72%, Gateμ:-0.4618, Gate0%:0.0, MetaNormμ:8.7065
Validation Loss decreased (inf --> 0.691609). Saving best model...
Epoch   2/50 | Train Loss: 0.7065 Acc: 0.4900 F1: 0.4895 | Val Loss: 0.7048 Acc: 0.4805 F1: 0.3245 | Train Meta: Scaleμ:0.9696, Signal|S|μ:3.0811, Delta|S|μ:2.7955, Delta/Signal:90.73%, Gateμ:-0.4618, Gate0%:0.0, MetaNormμ:8.7065 | Val Meta: Scaleμ:0.9696, Signal|S|μ:3.1569, Delta|S|μ:2.8640, Delta/Signal:90.72%, Gateμ:-0.4618, Gate0%:0.0, MetaNormμ:8.7065
Epoch   3/50 | Train Loss: 0.7032 Acc: 0.5036 F1: 0.5023 | Val Loss: 0.7031 Acc: 0.5212 F1: 0.3458 | Train Meta: Scaleμ:0.9696, Signal|S|μ:3.1621, Delta|S|μ:2.8686, Delta/Signal:90.72%, Gateμ:-0.4618, Gate0%:0.0, MetaNormμ:8.7065 | Val Meta: Scaleμ:0.9696, Signal|S|μ:3.1569, Delta|S|μ:2.8640, Delta/Signal:90.72%, Gateμ:-0.4618, Gate0%:0.0, MetaNormμ:8.7065
Epoch   4/50 | Train Loss: 0.7037 Acc: 0.4941 F1: 0.4924 | Val Loss: 0.6925 Acc: 0.5484 F1: 0.5347 | Train Meta: Scaleμ:0.9696, Signal|S|μ:3.1013, Delta|S|μ:2.8141, Delta/Signal:90.74%, Gateμ:-0.4618, Gate0%:0.0, MetaNormμ:8.7065 | Val Meta: Scaleμ:0.9696, Signal|S|μ:3.1569, Delta|S|μ:2.8640, Delta/Signal:90.72%, Gateμ:-0.4618, Gate0%:0.0, MetaNormμ:8.7065
Epoch   5/50 | Train Loss: 0.7026 Acc: 0.5034 F1: 0.5029 | Val Loss: 0.6911 Acc: 0.5178 F1: 0.3649 | Train Meta: Scaleμ:0.9696, Signal|S|μ:3.1954, Delta|S|μ:2.8980, Delta/Signal:90.69%, Gateμ:-0.4618, Gate0%:0.0, MetaNormμ:8.7065 | Val Meta: Scaleμ:0.9696, Signal|S|μ:3.1569, Delta|S|μ:2.8640, Delta/Signal:90.72%, Gateμ:-0.4618, Gate0%:0.0, MetaNormμ:8.7065
Validation Loss decreased (0.691609 --> 0.691057). Saving best model...
Epoch   6/50 | Train Loss: 0.7019 Acc: 0.5108 F1: 0.5098 | Val Loss: 0.6919 Acc: 0.5212 F1: 0.3489 | Train Meta: Scaleμ:0.9696, Signal|S|μ:3.2970, Delta|S|μ:2.9896, Delta/Signal:90.68%, Gateμ:-0.4618, Gate0%:0.0, MetaNormμ:8.7065 | Val Meta: Scaleμ:0.9696, Signal|S|μ:3.1569, Delta|S|μ:2.8640, Delta/Signal:90.72%, Gateμ:-0.4618, Gate0%:0.0, MetaNormμ:8.7065
Epoch   7/50 | Train Loss: 0.6987 Acc: 0.4943 F1: 0.4925 | Val Loss: 0.6914 Acc: 0.5178 F1: 0.3564 | Train Meta: Scaleμ:0.9696, Signal|S|μ:3.3416, Delta|S|μ:3.0289, Delta/Signal:90.64%, Gateμ:-0.4618, Gate0%:0.0, MetaNormμ:8.7065 | Val Meta: Scaleμ:0.9696, Signal|S|μ:3.1569, Delta|S|μ:2.8640, Delta/Signal:90.72%, Gateμ:-0.4618, Gate0%:0.0, MetaNormμ:8.7065
Epoch   8/50 | Train Loss: 0.7037 Acc: 0.4987 F1: 0.4983 | Val Loss: 0.6961 Acc: 0.5212 F1: 0.3489 | Train Meta: Scaleμ:0.9696, Signal|S|μ:3.1300, Delta|S|μ:2.8378, Delta/Signal:90.66%, Gateμ:-0.4618, Gate0%:0.0, MetaNormμ:8.7065 | Val Meta: Scaleμ:0.9696, Signal|S|μ:3.1569, Delta|S|μ:2.8640, Delta/Signal:90.72%, Gateμ:-0.4618, Gate0%:0.0, MetaNormμ:8.7065
Epoch   9/50 | Train Loss: 0.7000 Acc: 0.5119 F1: 0.5117 | Val Loss: 0.6928 Acc: 0.5229 F1: 0.3558 | Train Meta: Scaleμ:0.9696, Signal|S|μ:3.2491, Delta|S|μ:2.9464, Delta/Signal:90.68%, Gateμ:-0.4618, Gate0%:0.0, MetaNormμ:8.7065 | Val Meta: Scaleμ:0.9696, Signal|S|μ:3.1569, Delta|S|μ:2.8640, Delta/Signal:90.72%, Gateμ:-0.4618, Gate0%:0.0, MetaNormμ:8.7065
Epoch  10/50 | Train Loss: 0.6987 Acc: 0.4987 F1: 0.4986 | Val Loss: 0.6939 Acc: 0.4941 F1: 0.3796 | Train Meta: Scaleμ:0.9696, Signal|S|μ:3.2635, Delta|S|μ:2.9590, Delta/Signal:90.67%, Gateμ:-0.4618, Gate0%:0.0, MetaNormμ:8.7065 | Val Meta: Scaleμ:0.9696, Signal|S|μ:3.1569, Delta|S|μ:2.8640, Delta/Signal:90.72%, Gateμ:-0.4618, Gate0%:0.0, MetaNormμ:8.7065
Epoch  11/50 | Train Loss: 0.6981 Acc: 0.5051 F1: 0.5048 | Val Loss: 0.7151 Acc: 0.4805 F1: 0.3245 | Train Meta: Scaleμ:0.9696, Signal|S|μ:3.3184, Delta|S|μ:3.0069, Delta/Signal:90.61%, Gateμ:-0.4618, Gate0%:0.0, MetaNormμ:8.7065 | Val Meta: Scaleμ:0.9696, Signal|S|μ:3.1569, Delta|S|μ:2.8640, Delta/Signal:90.72%, Gateμ:-0.4618, Gate0%:0.0, MetaNormμ:8.7065
Epoch  12/50 | Train Loss: 0.7021 Acc: 0.4996 F1: 0.4990 | Val Loss: 0.6927 Acc: 0.5076 F1: 0.4456 | Train Meta: Scaleμ:0.9696, Signal|S|μ:3.2384, Delta|S|μ:2.9368, Delta/Signal:90.69%, Gateμ:-0.4618, Gate0%:0.0, MetaNormμ:8.7065 | Val Meta: Scaleμ:0.9696, Signal|S|μ:3.1569, Delta|S|μ:2.8640, Delta/Signal:90.72%, Gateμ:-0.4618, Gate0%:0.0, MetaNormμ:8.7065
Epoch  13/50 | Train Loss: 0.6967 Acc: 0.5091 F1: 0.5082 | Val Loss: 0.6907 Acc: 0.5178 F1: 0.3731 | Train Meta: Scaleμ:0.9696, Signal|S|μ:3.0979, Delta|S|μ:2.8102, Delta/Signal:90.71%, Gateμ:-0.4618, Gate0%:0.0, MetaNormμ:8.7065 | Val Meta: Scaleμ:0.9696, Signal|S|μ:3.1569, Delta|S|μ:2.8640, Delta/Signal:90.72%, Gateμ:-0.4618, Gate0%:0.0, MetaNormμ:8.7065
Validation Loss decreased (0.691057 --> 0.690736). Saving best model...
Epoch  14/50 | Train Loss: 0.6994 Acc: 0.5049 F1: 0.5049 | Val Loss: 0.6931 Acc: 0.4975 F1: 0.4235 | Train Meta: Scaleμ:0.9696, Signal|S|μ:3.1405, Delta|S|μ:2.8493, Delta/Signal:90.73%, Gateμ:-0.4618, Gate0%:0.0, MetaNormμ:8.7065 | Val Meta: Scaleμ:0.9696, Signal|S|μ:3.1569, Delta|S|μ:2.8640, Delta/Signal:90.72%, Gateμ:-0.4618, Gate0%:0.0, MetaNormμ:8.7065
Epoch  15/50 | Train Loss: 0.7013 Acc: 0.4960 F1: 0.4959 | Val Loss: 0.7275 Acc: 0.4805 F1: 0.3245 | Train Meta: Scaleμ:0.9696, Signal|S|μ:3.2169, Delta|S|μ:2.9166, Delta/Signal:90.67%, Gateμ:-0.4618, Gate0%:0.0, MetaNormμ:8.7065 | Val Meta: Scaleμ:0.9696, Signal|S|μ:3.1569, Delta|S|μ:2.8640, Delta/Signal:90.72%, Gateμ:-0.4618, Gate0%:0.0, MetaNormμ:8.7065
Epoch  16/50 | Train Loss: 0.6972 Acc: 0.5043 F1: 0.5043 | Val Loss: 0.6905 Acc: 0.5246 F1: 0.4150 | Train Meta: Scaleμ:0.9696, Signal|S|μ:3.1830, Delta|S|μ:2.8876, Delta/Signal:90.72%, Gateμ:-0.4618, Gate0%:0.0, MetaNormμ:8.7065 | Val Meta: Scaleμ:0.9696, Signal|S|μ:3.1569, Delta|S|μ:2.8640, Delta/Signal:90.72%, Gateμ:-0.4618, Gate0%:0.0, MetaNormμ:8.7065
Validation Loss decreased (0.690736 --> 0.690524). Saving best model...
Epoch  17/50 | Train Loss: 0.6964 Acc: 0.5106 F1: 0.5105 | Val Loss: 0.6916 Acc: 0.5297 F1: 0.5285 | Train Meta: Scaleμ:0.9696, Signal|S|μ:3.1438, Delta|S|μ:2.8516, Delta/Signal:90.71%, Gateμ:-0.4618, Gate0%:0.0, MetaNormμ:8.7065 | Val Meta: Scaleμ:0.9696, Signal|S|μ:3.1569, Delta|S|μ:2.8640, Delta/Signal:90.72%, Gateμ:-0.4618, Gate0%:0.0, MetaNormμ:8.7065
Epoch  18/50 | Train Loss: 0.6977 Acc: 0.5032 F1: 0.5029 | Val Loss: 0.6946 Acc: 0.4958 F1: 0.3737 | Train Meta: Scaleμ:0.9696, Signal|S|μ:3.1535, Delta|S|μ:2.8599, Delta/Signal:90.69%, Gateμ:-0.4618, Gate0%:0.0, MetaNormμ:8.7065 | Val Meta: Scaleμ:0.9696, Signal|S|μ:3.1569, Delta|S|μ:2.8640, Delta/Signal:90.72%, Gateμ:-0.4618, Gate0%:0.0, MetaNormμ:8.7065
Epoch  19/50 | Train Loss: 0.6996 Acc: 0.5068 F1: 0.5066 | Val Loss: 0.6952 Acc: 0.4890 F1: 0.3478 | Train Meta: Scaleμ:0.9696, Signal|S|μ:3.2067, Delta|S|μ:2.9061, Delta/Signal:90.62%, Gateμ:-0.4618, Gate0%:0.0, MetaNormμ:8.7065 | Val Meta: Scaleμ:0.9696, Signal|S|μ:3.1569, Delta|S|μ:2.8640, Delta/Signal:90.72%, Gateμ:-0.4618, Gate0%:0.0, MetaNormμ:8.7065
Epoch  20/50 | Train Loss: 0.6976 Acc: 0.5102 F1: 0.5089 | Val Loss: 0.6950 Acc: 0.4856 F1: 0.3461 | Train Meta: Scaleμ:0.9696, Signal|S|μ:3.1183, Delta|S|μ:2.8277, Delta/Signal:90.68%, Gateμ:-0.4618, Gate0%:0.0, MetaNormμ:8.7065 | Val Meta: Scaleμ:0.9696, Signal|S|μ:3.1569, Delta|S|μ:2.8640, Delta/Signal:90.72%, Gateμ:-0.4618, Gate0%:0.0, MetaNormμ:8.7065
Epoch  21/50 | Train Loss: 0.6987 Acc: 0.4947 F1: 0.4947 | Val Loss: 0.6930 Acc: 0.5212 F1: 0.3489 | Train Meta: Scaleμ:0.9696, Signal|S|μ:3.2382, Delta|S|μ:2.9369, Delta/Signal:90.69%, Gateμ:-0.4618, Gate0%:0.0, MetaNormμ:8.7065 | Val Meta: Scaleμ:0.9696, Signal|S|μ:3.1569, Delta|S|μ:2.8640, Delta/Signal:90.72%, Gateμ:-0.4618, Gate0%:0.0, MetaNormμ:8.7065
Epoch  22/50 | Train Loss: 0.6960 Acc: 0.5142 F1: 0.5133 | Val Loss: 0.6955 Acc: 0.4907 F1: 0.3564 | Train Meta: Scaleμ:0.9696, Signal|S|μ:3.1551, Delta|S|μ:2.8619, Delta/Signal:90.71%, Gateμ:-0.4618, Gate0%:0.0, MetaNormμ:8.7065 | Val Meta: Scaleμ:0.9696, Signal|S|μ:3.1569, Delta|S|μ:2.8640, Delta/Signal:90.72%, Gateμ:-0.4618, Gate0%:0.0, MetaNormμ:8.7065
Epoch  23/50 | Train Loss: 0.6963 Acc: 0.5070 F1: 0.5068 | Val Loss: 0.6909 Acc: 0.5229 F1: 0.3703 | Train Meta: Scaleμ:0.9696, Signal|S|μ:3.2822, Delta|S|μ:2.9754, Delta/Signal:90.65%, Gateμ:-0.4618, Gate0%:0.0, MetaNormμ:8.7065 | Val Meta: Scaleμ:0.9696, Signal|S|μ:3.1569, Delta|S|μ:2.8640, Delta/Signal:90.72%, Gateμ:-0.4618, Gate0%:0.0, MetaNormμ:8.7065
Epoch  24/50 | Train Loss: 0.6959 Acc: 0.5013 F1: 0.5008 | Val Loss: 0.6938 Acc: 0.5229 F1: 0.3528 | Train Meta: Scaleμ:0.9696, Signal|S|μ:3.1869, Delta|S|μ:2.8901, Delta/Signal:90.69%, Gateμ:-0.4618, Gate0%:0.0, MetaNormμ:8.7065 | Val Meta: Scaleμ:0.9696, Signal|S|μ:3.1569, Delta|S|μ:2.8640, Delta/Signal:90.72%, Gateμ:-0.4618, Gate0%:0.0, MetaNormμ:8.7065
Epoch  25/50 | Train Loss: 0.6975 Acc: 0.5079 F1: 0.5079 | Val Loss: 0.6934 Acc: 0.5025 F1: 0.4184 | Train Meta: Scaleμ:0.9696, Signal|S|μ:3.2378, Delta|S|μ:2.9353, Delta/Signal:90.66%, Gateμ:-0.4618, Gate0%:0.0, MetaNormμ:8.7065 | Val Meta: Scaleμ:0.9696, Signal|S|μ:3.1569, Delta|S|μ:2.8640, Delta/Signal:90.72%, Gateμ:-0.4618, Gate0%:0.0, MetaNormμ:8.7065
Epoch  26/50 | Train Loss: 0.6960 Acc: 0.5051 F1: 0.5051 | Val Loss: 0.6941 Acc: 0.4924 F1: 0.3786 | Train Meta: Scaleμ:0.9696, Signal|S|μ:3.7080, Delta|S|μ:3.3574, Delta/Signal:90.54%, Gateμ:-0.4618, Gate0%:0.0, MetaNormμ:8.7065 | Val Meta: Scaleμ:0.9696, Signal|S|μ:3.1569, Delta|S|μ:2.8640, Delta/Signal:90.72%, Gateμ:-0.4618, Gate0%:0.0, MetaNormμ:8.7065
Epoch  27/50 | Train Loss: 0.6969 Acc: 0.4981 F1: 0.4980 | Val Loss: 0.6912 Acc: 0.5229 F1: 0.3528 | Train Meta: Scaleμ:0.9696, Signal|S|μ:3.1290, Delta|S|μ:2.8388, Delta/Signal:90.73%, Gateμ:-0.4618, Gate0%:0.0, MetaNormμ:8.7065 | Val Meta: Scaleμ:0.9696, Signal|S|μ:3.1569, Delta|S|μ:2.8640, Delta/Signal:90.72%, Gateμ:-0.4618, Gate0%:0.0, MetaNormμ:8.7065
Epoch  28/50 | Train Loss: 0.6964 Acc: 0.5119 F1: 0.5106 | Val Loss: 0.6902 Acc: 0.5263 F1: 0.4222 | Train Meta: Scaleμ:0.9696, Signal|S|μ:3.1018, Delta|S|μ:2.8142, Delta/Signal:90.73%, Gateμ:-0.4618, Gate0%:0.0, MetaNormμ:8.7065 | Val Meta: Scaleμ:0.9696, Signal|S|μ:3.1569, Delta|S|μ:2.8640, Delta/Signal:90.72%, Gateμ:-0.4618, Gate0%:0.0, MetaNormμ:8.7065
Validation Loss decreased (0.690524 --> 0.690229). Saving best model...
Epoch  29/50 | Train Loss: 0.6964 Acc: 0.5053 F1: 0.5052 | Val Loss: 0.6910 Acc: 0.5229 F1: 0.3528 | Train Meta: Scaleμ:0.9696, Signal|S|μ:3.1859, Delta|S|μ:2.8884, Delta/Signal:90.66%, Gateμ:-0.4618, Gate0%:0.0, MetaNormμ:8.7065 | Val Meta: Scaleμ:0.9696, Signal|S|μ:3.1569, Delta|S|μ:2.8640, Delta/Signal:90.72%, Gateμ:-0.4618, Gate0%:0.0, MetaNormμ:8.7065
Epoch  30/50 | Train Loss: 0.6944 Acc: 0.5074 F1: 0.5071 | Val Loss: 0.6905 Acc: 0.5212 F1: 0.4581 | Train Meta: Scaleμ:0.9696, Signal|S|μ:3.8955, Delta|S|μ:3.5319, Delta/Signal:90.66%, Gateμ:-0.4618, Gate0%:0.0, MetaNormμ:8.7065 | Val Meta: Scaleμ:0.9696, Signal|S|μ:3.1569, Delta|S|μ:2.8640, Delta/Signal:90.72%, Gateμ:-0.4618, Gate0%:0.0, MetaNormμ:8.7065
Epoch  31/50 | Train Loss: 0.6954 Acc: 0.5036 F1: 0.5034 | Val Loss: 0.6941 Acc: 0.4992 F1: 0.3825 | Train Meta: Scaleμ:0.9696, Signal|S|μ:3.1840, Delta|S|μ:2.8865, Delta/Signal:90.66%, Gateμ:-0.4618, Gate0%:0.0, MetaNormμ:8.7065 | Val Meta: Scaleμ:0.9696, Signal|S|μ:3.1569, Delta|S|μ:2.8640, Delta/Signal:90.72%, Gateμ:-0.4618, Gate0%:0.0, MetaNormμ:8.7065
Epoch  32/50 | Train Loss: 0.6954 Acc: 0.4962 F1: 0.4956 | Val Loss: 0.6948 Acc: 0.4907 F1: 0.3686 | Train Meta: Scaleμ:0.9696, Signal|S|μ:3.2922, Delta|S|μ:2.9840, Delta/Signal:90.64%, Gateμ:-0.4618, Gate0%:0.0, MetaNormμ:8.7065 | Val Meta: Scaleμ:0.9696, Signal|S|μ:3.1569, Delta|S|μ:2.8640, Delta/Signal:90.72%, Gateμ:-0.4618, Gate0%:0.0, MetaNormμ:8.7065
Epoch  33/50 | Train Loss: 0.6978 Acc: 0.5019 F1: 0.5008 | Val Loss: 0.6911 Acc: 0.5297 F1: 0.5295 | Train Meta: Scaleμ:0.9696, Signal|S|μ:3.2430, Delta|S|μ:2.9416, Delta/Signal:90.71%, Gateμ:-0.4618, Gate0%:0.0, MetaNormμ:8.7065 | Val Meta: Scaleμ:0.9696, Signal|S|μ:3.1569, Delta|S|μ:2.8640, Delta/Signal:90.72%, Gateμ:-0.4618, Gate0%:0.0, MetaNormμ:8.7065
Epoch  34/50 | Train Loss: 0.6951 Acc: 0.5023 F1: 0.5022 | Val Loss: 0.6913 Acc: 0.5161 F1: 0.3556 | Train Meta: Scaleμ:0.9696, Signal|S|μ:3.1047, Delta|S|μ:2.8166, Delta/Signal:90.72%, Gateμ:-0.4618, Gate0%:0.0, MetaNormμ:8.7065 | Val Meta: Scaleμ:0.9696, Signal|S|μ:3.1569, Delta|S|μ:2.8640, Delta/Signal:90.72%, Gateμ:-0.4618, Gate0%:0.0, MetaNormμ:8.7065
Epoch  35/50 | Train Loss: 0.6946 Acc: 0.5096 F1: 0.5094 | Val Loss: 0.7211 Acc: 0.4805 F1: 0.3245 | Train Meta: Scaleμ:0.9696, Signal|S|μ:3.5240, Delta|S|μ:3.1919, Delta/Signal:90.57%, Gateμ:-0.4618, Gate0%:0.0, MetaNormμ:8.7065 | Val Meta: Scaleμ:0.9696, Signal|S|μ:3.1569, Delta|S|μ:2.8640, Delta/Signal:90.72%, Gateμ:-0.4618, Gate0%:0.0, MetaNormμ:8.7065
Epoch  36/50 | Train Loss: 0.6933 Acc: 0.5125 F1: 0.5125 | Val Loss: 0.6900 Acc: 0.5229 F1: 0.3912 | Train Meta: Scaleμ:0.9696, Signal|S|μ:3.3657, Delta|S|μ:3.0499, Delta/Signal:90.62%, Gateμ:-0.4618, Gate0%:0.0, MetaNormμ:8.7065 | Val Meta: Scaleμ:0.9696, Signal|S|μ:3.1569, Delta|S|μ:2.8640, Delta/Signal:90.72%, Gateμ:-0.4618, Gate0%:0.0, MetaNormμ:8.7065
Validation Loss decreased (0.690229 --> 0.689992). Saving best model...
Epoch  37/50 | Train Loss: 0.6954 Acc: 0.5043 F1: 0.5031 | Val Loss: 0.6903 Acc: 0.5195 F1: 0.4637 | Train Meta: Scaleμ:0.9696, Signal|S|μ:3.2870, Delta|S|μ:2.9797, Delta/Signal:90.65%, Gateμ:-0.4618, Gate0%:0.0, MetaNormμ:8.7065 | Val Meta: Scaleμ:0.9696, Signal|S|μ:3.1569, Delta|S|μ:2.8640, Delta/Signal:90.72%, Gateμ:-0.4618, Gate0%:0.0, MetaNormμ:8.7065
Epoch  38/50 | Train Loss: 0.6953 Acc: 0.5070 F1: 0.5043 | Val Loss: 0.7095 Acc: 0.5212 F1: 0.3458 | Train Meta: Scaleμ:0.9696, Signal|S|μ:3.3294, Delta|S|μ:3.0188, Delta/Signal:90.67%, Gateμ:-0.4618, Gate0%:0.0, MetaNormμ:8.7065 | Val Meta: Scaleμ:0.9696, Signal|S|μ:3.1569, Delta|S|μ:2.8640, Delta/Signal:90.72%, Gateμ:-0.4618, Gate0%:0.0, MetaNormμ:8.7065
Epoch  39/50 | Train Loss: 0.6938 Acc: 0.5113 F1: 0.5095 | Val Loss: 0.6900 Acc: 0.5229 F1: 0.4139 | Train Meta: Scaleμ:0.9696, Signal|S|μ:3.2521, Delta|S|μ:2.9489, Delta/Signal:90.68%, Gateμ:-0.4618, Gate0%:0.0, MetaNormμ:8.7065 | Val Meta: Scaleμ:0.9696, Signal|S|μ:3.1569, Delta|S|μ:2.8640, Delta/Signal:90.72%, Gateμ:-0.4618, Gate0%:0.0, MetaNormμ:8.7065
Validation Loss decreased (0.689992 --> 0.689963). Saving best model...
Epoch  40/50 | Train Loss: 0.6935 Acc: 0.5036 F1: 0.5036 | Val Loss: 0.6911 Acc: 0.5348 F1: 0.5346 | Train Meta: Scaleμ:0.9696, Signal|S|μ:3.0997, Delta|S|μ:2.8123, Delta/Signal:90.73%, Gateμ:-0.4618, Gate0%:0.0, MetaNormμ:8.7065 | Val Meta: Scaleμ:0.9696, Signal|S|μ:3.1569, Delta|S|μ:2.8640, Delta/Signal:90.72%, Gateμ:-0.4618, Gate0%:0.0, MetaNormμ:8.7065
Epoch  41/50 | Train Loss: 0.6947 Acc: 0.5062 F1: 0.5060 | Val Loss: 0.6925 Acc: 0.5178 F1: 0.3412 | Train Meta: Scaleμ:0.9696, Signal|S|μ:3.1737, Delta|S|μ:2.8791, Delta/Signal:90.72%, Gateμ:-0.4618, Gate0%:0.0, MetaNormμ:8.7065 | Val Meta: Scaleμ:0.9696, Signal|S|μ:3.1569, Delta|S|μ:2.8640, Delta/Signal:90.72%, Gateμ:-0.4618, Gate0%:0.0, MetaNormμ:8.7065
Epoch  42/50 | Train Loss: 0.6942 Acc: 0.5111 F1: 0.5111 | Val Loss: 0.6931 Acc: 0.5042 F1: 0.4195 | Train Meta: Scaleμ:0.9696, Signal|S|μ:3.3464, Delta|S|μ:3.0337, Delta/Signal:90.66%, Gateμ:-0.4618, Gate0%:0.0, MetaNormμ:8.7065 | Val Meta: Scaleμ:0.9696, Signal|S|μ:3.1569, Delta|S|μ:2.8640, Delta/Signal:90.72%, Gateμ:-0.4618, Gate0%:0.0, MetaNormμ:8.7065
Epoch  43/50 | Train Loss: 0.6941 Acc: 0.5074 F1: 0.5073 | Val Loss: 0.6910 Acc: 0.5348 F1: 0.5321 | Train Meta: Scaleμ:0.9696, Signal|S|μ:3.1548, Delta|S|μ:2.8612, Delta/Signal:90.69%, Gateμ:-0.4618, Gate0%:0.0, MetaNormμ:8.7065 | Val Meta: Scaleμ:0.9696, Signal|S|μ:3.1569, Delta|S|μ:2.8640, Delta/Signal:90.72%, Gateμ:-0.4618, Gate0%:0.0, MetaNormμ:8.7065
Epoch  44/50 | Train Loss: 0.6946 Acc: 0.4957 F1: 0.4956 | Val Loss: 0.6929 Acc: 0.5076 F1: 0.4442 | Train Meta: Scaleμ:0.9696, Signal|S|μ:3.3000, Delta|S|μ:2.9924, Delta/Signal:90.68%, Gateμ:-0.4618, Gate0%:0.0, MetaNormμ:8.7065 | Val Meta: Scaleμ:0.9696, Signal|S|μ:3.1569, Delta|S|μ:2.8640, Delta/Signal:90.72%, Gateμ:-0.4618, Gate0%:0.0, MetaNormμ:8.7065
Epoch  45/50 | Train Loss: 0.6940 Acc: 0.5009 F1: 0.5007 | Val Loss: 0.6949 Acc: 0.4873 F1: 0.3596 | Train Meta: Scaleμ:0.9696, Signal|S|μ:3.9684, Delta|S|μ:3.5951, Delta/Signal:90.59%, Gateμ:-0.4618, Gate0%:0.0, MetaNormμ:8.7065 | Val Meta: Scaleμ:0.9696, Signal|S|μ:3.1569, Delta|S|μ:2.8640, Delta/Signal:90.72%, Gateμ:-0.4618, Gate0%:0.0, MetaNormμ:8.7065
Epoch  46/50 | Train Loss: 0.6938 Acc: 0.5172 F1: 0.5172 | Val Loss: 0.6967 Acc: 0.4839 F1: 0.3373 | Train Meta: Scaleμ:0.9696, Signal|S|μ:3.0982, Delta|S|μ:2.8103, Delta/Signal:90.71%, Gateμ:-0.4618, Gate0%:0.0, MetaNormμ:8.7065 | Val Meta: Scaleμ:0.9696, Signal|S|μ:3.1569, Delta|S|μ:2.8640, Delta/Signal:90.72%, Gateμ:-0.4618, Gate0%:0.0, MetaNormμ:8.7065
Epoch  47/50 | Train Loss: 0.6939 Acc: 0.5093 F1: 0.5082 | Val Loss: 0.6905 Acc: 0.5212 F1: 0.4191 | Train Meta: Scaleμ:0.9696, Signal|S|μ:3.1479, Delta|S|μ:2.8554, Delta/Signal:90.71%, Gateμ:-0.4618, Gate0%:0.0, MetaNormμ:8.7065 | Val Meta: Scaleμ:0.9696, Signal|S|μ:3.1569, Delta|S|μ:2.8640, Delta/Signal:90.72%, Gateμ:-0.4618, Gate0%:0.0, MetaNormμ:8.7065
Epoch  48/50 | Train Loss: 0.6936 Acc: 0.5043 F1: 0.5013 | Val Loss: 0.6919 Acc: 0.5161 F1: 0.3526 | Train Meta: Scaleμ:0.9696, Signal|S|μ:3.3043, Delta|S|μ:2.9947, Delta/Signal:90.63%, Gateμ:-0.4618, Gate0%:0.0, MetaNormμ:8.7065 | Val Meta: Scaleμ:0.9696, Signal|S|μ:3.1569, Delta|S|μ:2.8640, Delta/Signal:90.72%, Gateμ:-0.4618, Gate0%:0.0, MetaNormμ:8.7065
Epoch  49/50 | Train Loss: 0.6932 Acc: 0.5015 F1: 0.5009 | Val Loss: 0.6936 Acc: 0.4975 F1: 0.3944 | Train Meta: Scaleμ:0.9696, Signal|S|μ:3.2708, Delta|S|μ:2.9667, Delta/Signal:90.70%, Gateμ:-0.4618, Gate0%:0.0, MetaNormμ:8.7065 | Val Meta: Scaleμ:0.9696, Signal|S|μ:3.1569, Delta|S|μ:2.8640, Delta/Signal:90.72%, Gateμ:-0.4618, Gate0%:0.0, MetaNormμ:8.7065
Epoch  50/50 | Train Loss: 0.6942 Acc: 0.5111 F1: 0.5068 | Val Loss: 0.6938 Acc: 0.5229 F1: 0.3497 | Train Meta: Scaleμ:0.9696, Signal|S|μ:3.1257, Delta|S|μ:2.8340, Delta/Signal:90.67%, Gateμ:-0.4618, Gate0%:0.0, MetaNormμ:8.7065 | Val Meta: Scaleμ:0.9696, Signal|S|μ:3.1569, Delta|S|μ:2.8640, Delta/Signal:90.72%, Gateμ:-0.4618, Gate0%:0.0, MetaNormμ:8.7065

Classification Test Result (FaceDetection)
Accuracy : 0.504257
F1 (macro): 0.401702
Saved attention maps for 3 sample(s) under ./runs/classification_electricity_to_FaceDetection_laya_metadata_query_gate_stats/attention_maps
/data/pjh_workspace/ts-env/lib/python3.8/site-packages/torch/nn/modules/transformer.py:307: UserWarning: enable_nested_tensor is True, but self.use_nested_tensor is False because encoder_layer.norm_first was True
  warnings.warn(f"enable_nested_tensor is True, but self.use_nested_tensor is False because {why_not_sparsity_fast_path}")
==================================================
🚀 Architecture: LAYA
📊 Target Dataset: Handwriting (Channels: 3)
📊 Pretrain Info: electricity
📊 Classes: 26 | Sequence Length: 152
==================================================
✅ Loaded pretrained encoder from ./checkpoints/electricity_laya_metadata_query_gate_stats/laya_ts_electricity_s_best.pt
   - 104/104 keys matched.
✅ Encoder is FROZEN (Linear Probing mode).
📝 metadata: mode=stats, fusion=none, relation=metadata_query_gate
ℹ️  Metadata Fusion Mode: none
ℹ️  Channel Mixer Relation Mode: metadata_query_gate
ℹ️  Encoder Variant: default
ℹ️  Channel Adapter: disabled for Laya downstream (mixer)
ℹ️  Channel Relation Block: disabled
✅ ClassificationHead: [B, 256] → [B, 26]
Epoch   1/50 | Train Loss: 3.1549 Acc: 0.0547 F1: 0.0045 | Val Loss: 3.3149 Acc: 0.0667 F1: 0.0110 | Train Meta: Scaleμ:0.9696, Signal|S|μ:2.6677, Delta|S|μ:2.5025, Delta/Signal:93.81%, Gateμ:-0.4449, Gate0%:0.0, MetaNormμ:8.8940 | Val Meta: Scaleμ:0.9696, Signal|S|μ:2.8286, Delta|S|μ:2.6534, Delta/Signal:93.80%, Gateμ:-0.4449, Gate0%:0.0, MetaNormμ:8.8940
Validation Loss decreased (inf --> 3.314888). Saving best model...
Epoch   2/50 | Train Loss: 3.0342 Acc: 0.0547 F1: 0.0052 | Val Loss: 3.3785 Acc: 0.0000 F1: 0.0000 | Train Meta: Scaleμ:0.9696, Signal|S|μ:2.8459, Delta|S|μ:2.6705, Delta/Signal:93.84%, Gateμ:-0.4449, Gate0%:0.0, MetaNormμ:8.8940 | Val Meta: Scaleμ:0.9696, Signal|S|μ:2.8286, Delta|S|μ:2.6534, Delta/Signal:93.80%, Gateμ:-0.4449, Gate0%:0.0, MetaNormμ:8.8940
Epoch   3/50 | Train Loss: 3.0613 Acc: 0.0469 F1: 0.0057 | Val Loss: 3.3917 Acc: 0.0667 F1: 0.0103 | Train Meta: Scaleμ:0.9696, Signal|S|μ:2.8657, Delta|S|μ:2.6885, Delta/Signal:93.82%, Gateμ:-0.4449, Gate0%:0.0, MetaNormμ:8.8940 | Val Meta: Scaleμ:0.9696, Signal|S|μ:2.8286, Delta|S|μ:2.6534, Delta/Signal:93.80%, Gateμ:-0.4449, Gate0%:0.0, MetaNormμ:8.8940
Epoch   4/50 | Train Loss: 3.0228 Acc: 0.0781 F1: 0.0177 | Val Loss: 3.4047 Acc: 0.0000 F1: 0.0000 | Train Meta: Scaleμ:0.9696, Signal|S|μ:2.8105, Delta|S|μ:2.6374, Delta/Signal:93.84%, Gateμ:-0.4449, Gate0%:0.0, MetaNormμ:8.8940 | Val Meta: Scaleμ:0.9696, Signal|S|μ:2.8286, Delta|S|μ:2.6534, Delta/Signal:93.80%, Gateμ:-0.4449, Gate0%:0.0, MetaNormμ:8.8940
Epoch   5/50 | Train Loss: 3.0208 Acc: 0.0781 F1: 0.0106 | Val Loss: 3.4664 Acc: 0.0000 F1: 0.0000 | Train Meta: Scaleμ:0.9696, Signal|S|μ:2.7383, Delta|S|μ:2.5692, Delta/Signal:93.82%, Gateμ:-0.4449, Gate0%:0.0, MetaNormμ:8.8940 | Val Meta: Scaleμ:0.9696, Signal|S|μ:2.8286, Delta|S|μ:2.6534, Delta/Signal:93.80%, Gateμ:-0.4449, Gate0%:0.0, MetaNormμ:8.8940
Epoch   6/50 | Train Loss: 3.0174 Acc: 0.0781 F1: 0.0101 | Val Loss: 3.3877 Acc: 0.0667 F1: 0.0104 | Train Meta: Scaleμ:0.9696, Signal|S|μ:2.6253, Delta|S|μ:2.4624, Delta/Signal:93.80%, Gateμ:-0.4449, Gate0%:0.0, MetaNormμ:8.8940 | Val Meta: Scaleμ:0.9696, Signal|S|μ:2.8286, Delta|S|μ:2.6534, Delta/Signal:93.80%, Gateμ:-0.4449, Gate0%:0.0, MetaNormμ:8.8940
Epoch   7/50 | Train Loss: 2.9999 Acc: 0.0781 F1: 0.0057 | Val Loss: 3.3469 Acc: 0.0667 F1: 0.0104 | Train Meta: Scaleμ:0.9696, Signal|S|μ:2.7555, Delta|S|μ:2.5844, Delta/Signal:93.79%, Gateμ:-0.4449, Gate0%:0.0, MetaNormμ:8.8940 | Val Meta: Scaleμ:0.9696, Signal|S|μ:2.8286, Delta|S|μ:2.6534, Delta/Signal:93.80%, Gateμ:-0.4449, Gate0%:0.0, MetaNormμ:8.8940
Epoch   8/50 | Train Loss: 3.0141 Acc: 0.0781 F1: 0.0059 | Val Loss: 3.3323 Acc: 0.0667 F1: 0.0208 | Train Meta: Scaleμ:0.9696, Signal|S|μ:3.0586, Delta|S|μ:2.8707, Delta/Signal:93.85%, Gateμ:-0.4449, Gate0%:0.0, MetaNormμ:8.8940 | Val Meta: Scaleμ:0.9696, Signal|S|μ:2.8286, Delta|S|μ:2.6534, Delta/Signal:93.80%, Gateμ:-0.4449, Gate0%:0.0, MetaNormμ:8.8940
Epoch   9/50 | Train Loss: 3.0067 Acc: 0.0469 F1: 0.0045 | Val Loss: 3.3206 Acc: 0.0667 F1: 0.0110 | Train Meta: Scaleμ:0.9696, Signal|S|μ:2.7968, Delta|S|μ:2.6236, Delta/Signal:93.81%, Gateμ:-0.4449, Gate0%:0.0, MetaNormμ:8.8940 | Val Meta: Scaleμ:0.9696, Signal|S|μ:2.8286, Delta|S|μ:2.6534, Delta/Signal:93.80%, Gateμ:-0.4449, Gate0%:0.0, MetaNormμ:8.8940
Epoch  10/50 | Train Loss: 2.9954 Acc: 0.0703 F1: 0.0114 | Val Loss: 3.3602 Acc: 0.0000 F1: 0.0000 | Train Meta: Scaleμ:0.9696, Signal|S|μ:2.7133, Delta|S|μ:2.5450, Delta/Signal:93.80%, Gateμ:-0.4449, Gate0%:0.0, MetaNormμ:8.8940 | Val Meta: Scaleμ:0.9696, Signal|S|μ:2.8286, Delta|S|μ:2.6534, Delta/Signal:93.80%, Gateμ:-0.4449, Gate0%:0.0, MetaNormμ:8.8940
Epoch  11/50 | Train Loss: 2.9841 Acc: 0.0781 F1: 0.0105 | Val Loss: 3.3979 Acc: 0.1333 F1: 0.0545 | Train Meta: Scaleμ:0.9696, Signal|S|μ:2.8330, Delta|S|μ:2.6570, Delta/Signal:93.79%, Gateμ:-0.4449, Gate0%:0.0, MetaNormμ:8.8940 | Val Meta: Scaleμ:0.9696, Signal|S|μ:2.8286, Delta|S|μ:2.6534, Delta/Signal:93.80%, Gateμ:-0.4449, Gate0%:0.0, MetaNormμ:8.8940
Epoch  12/50 | Train Loss: 2.9776 Acc: 0.0781 F1: 0.0107 | Val Loss: 3.3717 Acc: 0.0667 F1: 0.0103 | Train Meta: Scaleμ:0.9696, Signal|S|μ:2.7356, Delta|S|μ:2.5655, Delta/Signal:93.78%, Gateμ:-0.4449, Gate0%:0.0, MetaNormμ:8.8940 | Val Meta: Scaleμ:0.9696, Signal|S|μ:2.8286, Delta|S|μ:2.6534, Delta/Signal:93.80%, Gateμ:-0.4449, Gate0%:0.0, MetaNormμ:8.8940
Epoch  13/50 | Train Loss: 2.9813 Acc: 0.0625 F1: 0.0046 | Val Loss: 3.4060 Acc: 0.0000 F1: 0.0000 | Train Meta: Scaleμ:0.9696, Signal|S|μ:2.7841, Delta|S|μ:2.6120, Delta/Signal:93.82%, Gateμ:-0.4449, Gate0%:0.0, MetaNormμ:8.8940 | Val Meta: Scaleμ:0.9696, Signal|S|μ:2.8286, Delta|S|μ:2.6534, Delta/Signal:93.80%, Gateμ:-0.4449, Gate0%:0.0, MetaNormμ:8.8940
Epoch  14/50 | Train Loss: 2.9728 Acc: 0.0781 F1: 0.0117 | Val Loss: 3.4102 Acc: 0.0667 F1: 0.0357 | Train Meta: Scaleμ:0.9696, Signal|S|μ:2.8141, Delta|S|μ:2.6407, Delta/Signal:93.84%, Gateμ:-0.4449, Gate0%:0.0, MetaNormμ:8.8940 | Val Meta: Scaleμ:0.9696, Signal|S|μ:2.8286, Delta|S|μ:2.6534, Delta/Signal:93.80%, Gateμ:-0.4449, Gate0%:0.0, MetaNormμ:8.8940
Epoch  15/50 | Train Loss: 2.9675 Acc: 0.0625 F1: 0.0117 | Val Loss: 3.4091 Acc: 0.0667 F1: 0.0118 | Train Meta: Scaleμ:0.9696, Signal|S|μ:2.7414, Delta|S|μ:2.5719, Delta/Signal:93.82%, Gateμ:-0.4449, Gate0%:0.0, MetaNormμ:8.8940 | Val Meta: Scaleμ:0.9696, Signal|S|μ:2.8286, Delta|S|μ:2.6534, Delta/Signal:93.80%, Gateμ:-0.4449, Gate0%:0.0, MetaNormμ:8.8940
Epoch  16/50 | Train Loss: 2.9708 Acc: 0.1016 F1: 0.0185 | Val Loss: 3.3407 Acc: 0.0667 F1: 0.0208 | Train Meta: Scaleμ:0.9696, Signal|S|μ:2.7651, Delta|S|μ:2.5941, Delta/Signal:93.82%, Gateμ:-0.4449, Gate0%:0.0, MetaNormμ:8.8940 | Val Meta: Scaleμ:0.9696, Signal|S|μ:2.8286, Delta|S|μ:2.6534, Delta/Signal:93.80%, Gateμ:-0.4449, Gate0%:0.0, MetaNormμ:8.8940
Epoch  17/50 | Train Loss: 2.9645 Acc: 0.0781 F1: 0.0115 | Val Loss: 3.3138 Acc: 0.0667 F1: 0.0128 | Train Meta: Scaleμ:0.9696, Signal|S|μ:2.9000, Delta|S|μ:2.7210, Delta/Signal:93.82%, Gateμ:-0.4449, Gate0%:0.0, MetaNormμ:8.8940 | Val Meta: Scaleμ:0.9696, Signal|S|μ:2.8286, Delta|S|μ:2.6534, Delta/Signal:93.80%, Gateμ:-0.4449, Gate0%:0.0, MetaNormμ:8.8940
Validation Loss decreased (3.314888 --> 3.313775). Saving best model...
Epoch  18/50 | Train Loss: 2.9721 Acc: 0.1094 F1: 0.0350 | Val Loss: 3.3600 Acc: 0.0000 F1: 0.0000 | Train Meta: Scaleμ:0.9696, Signal|S|μ:2.7078, Delta|S|μ:2.5399, Delta/Signal:93.80%, Gateμ:-0.4449, Gate0%:0.0, MetaNormμ:8.8940 | Val Meta: Scaleμ:0.9696, Signal|S|μ:2.8286, Delta|S|μ:2.6534, Delta/Signal:93.80%, Gateμ:-0.4449, Gate0%:0.0, MetaNormμ:8.8940
Epoch  19/50 | Train Loss: 2.9571 Acc: 0.1250 F1: 0.0352 | Val Loss: 3.4000 Acc: 0.0000 F1: 0.0000 | Train Meta: Scaleμ:0.9696, Signal|S|μ:2.6661, Delta|S|μ:2.5007, Delta/Signal:93.80%, Gateμ:-0.4449, Gate0%:0.0, MetaNormμ:8.8940 | Val Meta: Scaleμ:0.9696, Signal|S|μ:2.8286, Delta|S|μ:2.6534, Delta/Signal:93.80%, Gateμ:-0.4449, Gate0%:0.0, MetaNormμ:8.8940
Epoch  20/50 | Train Loss: 2.9431 Acc: 0.1172 F1: 0.0239 | Val Loss: 3.3616 Acc: 0.0667 F1: 0.0208 | Train Meta: Scaleμ:0.9696, Signal|S|μ:2.8723, Delta|S|μ:2.6947, Delta/Signal:93.82%, Gateμ:-0.4449, Gate0%:0.0, MetaNormμ:8.8940 | Val Meta: Scaleμ:0.9696, Signal|S|μ:2.8286, Delta|S|μ:2.6534, Delta/Signal:93.80%, Gateμ:-0.4449, Gate0%:0.0, MetaNormμ:8.8940
Epoch  21/50 | Train Loss: 2.9467 Acc: 0.0859 F1: 0.0188 | Val Loss: 3.3769 Acc: 0.0000 F1: 0.0000 | Train Meta: Scaleμ:0.9696, Signal|S|μ:2.7181, Delta|S|μ:2.5497, Delta/Signal:93.80%, Gateμ:-0.4449, Gate0%:0.0, MetaNormμ:8.8940 | Val Meta: Scaleμ:0.9696, Signal|S|μ:2.8286, Delta|S|μ:2.6534, Delta/Signal:93.80%, Gateμ:-0.4449, Gate0%:0.0, MetaNormμ:8.8940
Epoch  22/50 | Train Loss: 2.9134 Acc: 0.0781 F1: 0.0131 | Val Loss: 3.3646 Acc: 0.0000 F1: 0.0000 | Train Meta: Scaleμ:0.9696, Signal|S|μ:2.8446, Delta|S|μ:2.6687, Delta/Signal:93.81%, Gateμ:-0.4449, Gate0%:0.0, MetaNormμ:8.8940 | Val Meta: Scaleμ:0.9696, Signal|S|μ:2.8286, Delta|S|μ:2.6534, Delta/Signal:93.80%, Gateμ:-0.4449, Gate0%:0.0, MetaNormμ:8.8940
Epoch  23/50 | Train Loss: 2.9446 Acc: 0.0859 F1: 0.0181 | Val Loss: 3.3927 Acc: 0.0000 F1: 0.0000 | Train Meta: Scaleμ:0.9696, Signal|S|μ:2.9116, Delta|S|μ:2.7318, Delta/Signal:93.82%, Gateμ:-0.4449, Gate0%:0.0, MetaNormμ:8.8940 | Val Meta: Scaleμ:0.9696, Signal|S|μ:2.8286, Delta|S|μ:2.6534, Delta/Signal:93.80%, Gateμ:-0.4449, Gate0%:0.0, MetaNormμ:8.8940
Epoch  24/50 | Train Loss: 2.9233 Acc: 0.0781 F1: 0.0212 | Val Loss: 3.4618 Acc: 0.0667 F1: 0.0204 | Train Meta: Scaleμ:0.9696, Signal|S|μ:2.7119, Delta|S|μ:2.5435, Delta/Signal:93.79%, Gateμ:-0.4449, Gate0%:0.0, MetaNormμ:8.8940 | Val Meta: Scaleμ:0.9696, Signal|S|μ:2.8286, Delta|S|μ:2.6534, Delta/Signal:93.80%, Gateμ:-0.4449, Gate0%:0.0, MetaNormμ:8.8940
Epoch  25/50 | Train Loss: 2.9424 Acc: 0.1094 F1: 0.0216 | Val Loss: 3.4563 Acc: 0.0667 F1: 0.0357 | Train Meta: Scaleμ:0.9696, Signal|S|μ:2.6689, Delta|S|μ:2.5038, Delta/Signal:93.81%, Gateμ:-0.4449, Gate0%:0.0, MetaNormμ:8.8940 | Val Meta: Scaleμ:0.9696, Signal|S|μ:2.8286, Delta|S|μ:2.6534, Delta/Signal:93.80%, Gateμ:-0.4449, Gate0%:0.0, MetaNormμ:8.8940
Epoch  26/50 | Train Loss: 2.9408 Acc: 0.1250 F1: 0.0290 | Val Loss: 3.4530 Acc: 0.0667 F1: 0.0192 | Train Meta: Scaleμ:0.9696, Signal|S|μ:2.9912, Delta|S|μ:2.8067, Delta/Signal:93.83%, Gateμ:-0.4449, Gate0%:0.0, MetaNormμ:8.8940 | Val Meta: Scaleμ:0.9696, Signal|S|μ:2.8286, Delta|S|μ:2.6534, Delta/Signal:93.80%, Gateμ:-0.4449, Gate0%:0.0, MetaNormμ:8.8940
Epoch  27/50 | Train Loss: 2.9209 Acc: 0.1172 F1: 0.0341 | Val Loss: 3.3975 Acc: 0.0000 F1: 0.0000 | Train Meta: Scaleμ:0.9696, Signal|S|μ:2.7944, Delta|S|μ:2.6218, Delta/Signal:93.82%, Gateμ:-0.4449, Gate0%:0.0, MetaNormμ:8.8940 | Val Meta: Scaleμ:0.9696, Signal|S|μ:2.8286, Delta|S|μ:2.6534, Delta/Signal:93.80%, Gateμ:-0.4449, Gate0%:0.0, MetaNormμ:8.8940
Epoch  28/50 | Train Loss: 2.9065 Acc: 0.1406 F1: 0.0360 | Val Loss: 3.3890 Acc: 0.0000 F1: 0.0000 | Train Meta: Scaleμ:0.9696, Signal|S|μ:2.8049, Delta|S|μ:2.6314, Delta/Signal:93.81%, Gateμ:-0.4449, Gate0%:0.0, MetaNormμ:8.8940 | Val Meta: Scaleμ:0.9696, Signal|S|μ:2.8286, Delta|S|μ:2.6534, Delta/Signal:93.80%, Gateμ:-0.4449, Gate0%:0.0, MetaNormμ:8.8940
Epoch  29/50 | Train Loss: 2.9137 Acc: 0.1328 F1: 0.0457 | Val Loss: 3.3961 Acc: 0.0667 F1: 0.0513 | Train Meta: Scaleμ:0.9696, Signal|S|μ:2.7359, Delta|S|μ:2.5662, Delta/Signal:93.80%, Gateμ:-0.4449, Gate0%:0.0, MetaNormμ:8.8940 | Val Meta: Scaleμ:0.9696, Signal|S|μ:2.8286, Delta|S|μ:2.6534, Delta/Signal:93.80%, Gateμ:-0.4449, Gate0%:0.0, MetaNormμ:8.8940
Epoch  30/50 | Train Loss: 2.9135 Acc: 0.0859 F1: 0.0234 | Val Loss: 3.3893 Acc: 0.0000 F1: 0.0000 | Train Meta: Scaleμ:0.9696, Signal|S|μ:2.9864, Delta|S|μ:2.8021, Delta/Signal:93.83%, Gateμ:-0.4449, Gate0%:0.0, MetaNormμ:8.8940 | Val Meta: Scaleμ:0.9696, Signal|S|μ:2.8286, Delta|S|μ:2.6534, Delta/Signal:93.80%, Gateμ:-0.4449, Gate0%:0.0, MetaNormμ:8.8940
Epoch  31/50 | Train Loss: 2.9044 Acc: 0.1094 F1: 0.0220 | Val Loss: 3.3710 Acc: 0.0000 F1: 0.0000 | Train Meta: Scaleμ:0.9696, Signal|S|μ:2.7252, Delta|S|μ:2.5565, Delta/Signal:93.81%, Gateμ:-0.4449, Gate0%:0.0, MetaNormμ:8.8940 | Val Meta: Scaleμ:0.9696, Signal|S|μ:2.8286, Delta|S|μ:2.6534, Delta/Signal:93.80%, Gateμ:-0.4449, Gate0%:0.0, MetaNormμ:8.8940
Epoch  32/50 | Train Loss: 2.8946 Acc: 0.1094 F1: 0.0252 | Val Loss: 3.4258 Acc: 0.0667 F1: 0.0286 | Train Meta: Scaleμ:0.9696, Signal|S|μ:2.7092, Delta|S|μ:2.5418, Delta/Signal:93.82%, Gateμ:-0.4449, Gate0%:0.0, MetaNormμ:8.8940 | Val Meta: Scaleμ:0.9696, Signal|S|μ:2.8286, Delta|S|μ:2.6534, Delta/Signal:93.80%, Gateμ:-0.4449, Gate0%:0.0, MetaNormμ:8.8940
Epoch  33/50 | Train Loss: 2.9145 Acc: 0.1250 F1: 0.0355 | Val Loss: 3.4077 Acc: 0.0667 F1: 0.0286 | Train Meta: Scaleμ:0.9696, Signal|S|μ:2.7057, Delta|S|μ:2.5377, Delta/Signal:93.79%, Gateμ:-0.4449, Gate0%:0.0, MetaNormμ:8.8940 | Val Meta: Scaleμ:0.9696, Signal|S|μ:2.8286, Delta|S|μ:2.6534, Delta/Signal:93.80%, Gateμ:-0.4449, Gate0%:0.0, MetaNormμ:8.8940
Epoch  34/50 | Train Loss: 2.9044 Acc: 0.1406 F1: 0.0597 | Val Loss: 3.4071 Acc: 0.0667 F1: 0.0220 | Train Meta: Scaleμ:0.9696, Signal|S|μ:2.7910, Delta|S|μ:2.6182, Delta/Signal:93.81%, Gateμ:-0.4449, Gate0%:0.0, MetaNormμ:8.8940 | Val Meta: Scaleμ:0.9696, Signal|S|μ:2.8286, Delta|S|μ:2.6534, Delta/Signal:93.80%, Gateμ:-0.4449, Gate0%:0.0, MetaNormμ:8.8940
Epoch  35/50 | Train Loss: 2.8861 Acc: 0.1250 F1: 0.0273 | Val Loss: 3.4041 Acc: 0.0667 F1: 0.0476 | Train Meta: Scaleμ:0.9696, Signal|S|μ:2.7627, Delta|S|μ:2.5918, Delta/Signal:93.81%, Gateμ:-0.4449, Gate0%:0.0, MetaNormμ:8.8940 | Val Meta: Scaleμ:0.9696, Signal|S|μ:2.8286, Delta|S|μ:2.6534, Delta/Signal:93.80%, Gateμ:-0.4449, Gate0%:0.0, MetaNormμ:8.8940
Epoch  36/50 | Train Loss: 2.8766 Acc: 0.1172 F1: 0.0312 | Val Loss: 3.3770 Acc: 0.0000 F1: 0.0000 | Train Meta: Scaleμ:0.9696, Signal|S|μ:2.6844, Delta|S|μ:2.5178, Delta/Signal:93.79%, Gateμ:-0.4449, Gate0%:0.0, MetaNormμ:8.8940 | Val Meta: Scaleμ:0.9696, Signal|S|μ:2.8286, Delta|S|μ:2.6534, Delta/Signal:93.80%, Gateμ:-0.4449, Gate0%:0.0, MetaNormμ:8.8940
Epoch  37/50 | Train Loss: 2.8780 Acc: 0.1016 F1: 0.0260 | Val Loss: 3.4588 Acc: 0.0000 F1: 0.0000 | Train Meta: Scaleμ:0.9696, Signal|S|μ:2.9377, Delta|S|μ:2.7567, Delta/Signal:93.84%, Gateμ:-0.4449, Gate0%:0.0, MetaNormμ:8.8940 | Val Meta: Scaleμ:0.9696, Signal|S|μ:2.8286, Delta|S|μ:2.6534, Delta/Signal:93.80%, Gateμ:-0.4449, Gate0%:0.0, MetaNormμ:8.8940
Epoch  38/50 | Train Loss: 2.8622 Acc: 0.1406 F1: 0.0437 | Val Loss: 3.4329 Acc: 0.0667 F1: 0.0476 | Train Meta: Scaleμ:0.9696, Signal|S|μ:2.7032, Delta|S|μ:2.5352, Delta/Signal:93.78%, Gateμ:-0.4449, Gate0%:0.0, MetaNormμ:8.8940 | Val Meta: Scaleμ:0.9696, Signal|S|μ:2.8286, Delta|S|μ:2.6534, Delta/Signal:93.80%, Gateμ:-0.4449, Gate0%:0.0, MetaNormμ:8.8940
Epoch  39/50 | Train Loss: 2.8747 Acc: 0.1328 F1: 0.0359 | Val Loss: 3.3754 Acc: 0.0667 F1: 0.0118 | Train Meta: Scaleμ:0.9696, Signal|S|μ:2.8799, Delta|S|μ:2.7021, Delta/Signal:93.83%, Gateμ:-0.4449, Gate0%:0.0, MetaNormμ:8.8940 | Val Meta: Scaleμ:0.9696, Signal|S|μ:2.8286, Delta|S|μ:2.6534, Delta/Signal:93.80%, Gateμ:-0.4449, Gate0%:0.0, MetaNormμ:8.8940
Epoch  40/50 | Train Loss: 2.8653 Acc: 0.1172 F1: 0.0266 | Val Loss: 3.4293 Acc: 0.0667 F1: 0.0286 | Train Meta: Scaleμ:0.9696, Signal|S|μ:2.7548, Delta|S|μ:2.5846, Delta/Signal:93.82%, Gateμ:-0.4449, Gate0%:0.0, MetaNormμ:8.8940 | Val Meta: Scaleμ:0.9696, Signal|S|μ:2.8286, Delta|S|μ:2.6534, Delta/Signal:93.80%, Gateμ:-0.4449, Gate0%:0.0, MetaNormμ:8.8940
Epoch  41/50 | Train Loss: 2.8563 Acc: 0.1406 F1: 0.0550 | Val Loss: 3.4087 Acc: 0.0000 F1: 0.0000 | Train Meta: Scaleμ:0.9696, Signal|S|μ:2.5371, Delta|S|μ:2.3794, Delta/Signal:93.78%, Gateμ:-0.4449, Gate0%:0.0, MetaNormμ:8.8940 | Val Meta: Scaleμ:0.9696, Signal|S|μ:2.8286, Delta|S|μ:2.6534, Delta/Signal:93.80%, Gateμ:-0.4449, Gate0%:0.0, MetaNormμ:8.8940
Epoch  42/50 | Train Loss: 2.8717 Acc: 0.1406 F1: 0.0666 | Val Loss: 3.4249 Acc: 0.0000 F1: 0.0000 | Train Meta: Scaleμ:0.9696, Signal|S|μ:3.0705, Delta|S|μ:2.8812, Delta/Signal:93.83%, Gateμ:-0.4449, Gate0%:0.0, MetaNormμ:8.8940 | Val Meta: Scaleμ:0.9696, Signal|S|μ:2.8286, Delta|S|μ:2.6534, Delta/Signal:93.80%, Gateμ:-0.4449, Gate0%:0.0, MetaNormμ:8.8940
Epoch  43/50 | Train Loss: 2.8606 Acc: 0.1484 F1: 0.0734 | Val Loss: 3.4046 Acc: 0.0000 F1: 0.0000 | Train Meta: Scaleμ:0.9696, Signal|S|μ:2.6861, Delta|S|μ:2.5194, Delta/Signal:93.80%, Gateμ:-0.4449, Gate0%:0.0, MetaNormμ:8.8940 | Val Meta: Scaleμ:0.9696, Signal|S|μ:2.8286, Delta|S|μ:2.6534, Delta/Signal:93.80%, Gateμ:-0.4449, Gate0%:0.0, MetaNormμ:8.8940
Epoch  44/50 | Train Loss: 2.8608 Acc: 0.1094 F1: 0.0375 | Val Loss: 3.4358 Acc: 0.0000 F1: 0.0000 | Train Meta: Scaleμ:0.9696, Signal|S|μ:2.8640, Delta|S|μ:2.6870, Delta/Signal:93.82%, Gateμ:-0.4449, Gate0%:0.0, MetaNormμ:8.8940 | Val Meta: Scaleμ:0.9696, Signal|S|μ:2.8286, Delta|S|μ:2.6534, Delta/Signal:93.80%, Gateμ:-0.4449, Gate0%:0.0, MetaNormμ:8.8940
Epoch  45/50 | Train Loss: 2.8399 Acc: 0.1016 F1: 0.0362 | Val Loss: 3.4497 Acc: 0.0000 F1: 0.0000 | Train Meta: Scaleμ:0.9696, Signal|S|μ:2.8036, Delta|S|μ:2.6304, Delta/Signal:93.82%, Gateμ:-0.4449, Gate0%:0.0, MetaNormμ:8.8940 | Val Meta: Scaleμ:0.9696, Signal|S|μ:2.8286, Delta|S|μ:2.6534, Delta/Signal:93.80%, Gateμ:-0.4449, Gate0%:0.0, MetaNormμ:8.8940
Epoch  46/50 | Train Loss: 2.8229 Acc: 0.1172 F1: 0.0292 | Val Loss: 3.4262 Acc: 0.0000 F1: 0.0000 | Train Meta: Scaleμ:0.9696, Signal|S|μ:2.6909, Delta|S|μ:2.5235, Delta/Signal:93.78%, Gateμ:-0.4449, Gate0%:0.0, MetaNormμ:8.8940 | Val Meta: Scaleμ:0.9696, Signal|S|μ:2.8286, Delta|S|μ:2.6534, Delta/Signal:93.80%, Gateμ:-0.4449, Gate0%:0.0, MetaNormμ:8.8940
Epoch  47/50 | Train Loss: 2.8463 Acc: 0.1250 F1: 0.0446 | Val Loss: 3.4295 Acc: 0.0000 F1: 0.0000 | Train Meta: Scaleμ:0.9696, Signal|S|μ:2.7444, Delta|S|μ:2.5744, Delta/Signal:93.80%, Gateμ:-0.4449, Gate0%:0.0, MetaNormμ:8.8940 | Val Meta: Scaleμ:0.9696, Signal|S|μ:2.8286, Delta|S|μ:2.6534, Delta/Signal:93.80%, Gateμ:-0.4449, Gate0%:0.0, MetaNormμ:8.8940
Epoch  48/50 | Train Loss: 2.8280 Acc: 0.1328 F1: 0.0624 | Val Loss: 3.4373 Acc: 0.0000 F1: 0.0000 | Train Meta: Scaleμ:0.9696, Signal|S|μ:2.8031, Delta|S|μ:2.6296, Delta/Signal:93.81%, Gateμ:-0.4449, Gate0%:0.0, MetaNormμ:8.8940 | Val Meta: Scaleμ:0.9696, Signal|S|μ:2.8286, Delta|S|μ:2.6534, Delta/Signal:93.80%, Gateμ:-0.4449, Gate0%:0.0, MetaNormμ:8.8940
Epoch  49/50 | Train Loss: 2.8470 Acc: 0.1250 F1: 0.0522 | Val Loss: 3.4141 Acc: 0.0000 F1: 0.0000 | Train Meta: Scaleμ:0.9696, Signal|S|μ:2.8838, Delta|S|μ:2.7053, Delta/Signal:93.81%, Gateμ:-0.4449, Gate0%:0.0, MetaNormμ:8.8940 | Val Meta: Scaleμ:0.9696, Signal|S|μ:2.8286, Delta|S|μ:2.6534, Delta/Signal:93.80%, Gateμ:-0.4449, Gate0%:0.0, MetaNormμ:8.8940
Epoch  50/50 | Train Loss: 2.8320 Acc: 0.1719 F1: 0.0772 | Val Loss: 3.4731 Acc: 0.0000 F1: 0.0000 | Train Meta: Scaleμ:0.9696, Signal|S|μ:2.7635, Delta|S|μ:2.5913, Delta/Signal:93.77%, Gateμ:-0.4449, Gate0%:0.0, MetaNormμ:8.8940 | Val Meta: Scaleμ:0.9696, Signal|S|μ:2.8286, Delta|S|μ:2.6534, Delta/Signal:93.80%, Gateμ:-0.4449, Gate0%:0.0, MetaNormμ:8.8940

Classification Test Result (Handwriting)
Accuracy : 0.051765
F1 (macro): 0.014073
Saved attention maps for 3 sample(s) under ./runs/classification_electricity_to_Handwriting_laya_metadata_query_gate_stats/attention_maps
/data/pjh_workspace/ts-env/lib/python3.8/site-packages/torch/nn/modules/transformer.py:307: UserWarning: enable_nested_tensor is True, but self.use_nested_tensor is False because encoder_layer.norm_first was True
  warnings.warn(f"enable_nested_tensor is True, but self.use_nested_tensor is False because {why_not_sparsity_fast_path}")
==================================================
🚀 Architecture: LAYA
📊 Target Dataset: Heartbeat (Channels: 61)
📊 Pretrain Info: electricity
📊 Classes: 2 | Sequence Length: 405
==================================================
✅ Loaded pretrained encoder from ./checkpoints/electricity_laya_metadata_query_gate_stats/laya_ts_electricity_s_best.pt
   - 104/104 keys matched.
✅ Encoder is FROZEN (Linear Probing mode).
📝 metadata: mode=stats, fusion=none, relation=metadata_query_gate
ℹ️  Metadata Fusion Mode: none
ℹ️  Channel Mixer Relation Mode: metadata_query_gate
ℹ️  Encoder Variant: default
ℹ️  Channel Adapter: disabled for Laya downstream (mixer)
ℹ️  Channel Relation Block: disabled
✅ ClassificationHead: [B, 256] → [B, 2]
Epoch   1/50 | Train Loss: 0.5493 Acc: 0.7273 F1: 0.4211 | Val Loss: 0.6132 Acc: 0.7000 F1: 0.4118 | Train Meta: Scaleμ:0.9696, Signal|S|μ:2.0238, Delta|S|μ:1.8249, Delta/Signal:90.17%, Gateμ:-0.4295, Gate0%:0.0, MetaNormμ:8.2381 | Val Meta: Scaleμ:0.9696, Signal|S|μ:2.2000, Delta|S|μ:1.9789, Delta/Signal:89.95%, Gateμ:-0.4295, Gate0%:0.0, MetaNormμ:8.2381
Validation Loss decreased (inf --> 0.613176). Saving best model...
Epoch   2/50 | Train Loss: 0.5494 Acc: 0.7216 F1: 0.4191 | Val Loss: 0.6047 Acc: 0.7000 F1: 0.4118 | Train Meta: Scaleμ:0.9696, Signal|S|μ:2.0332, Delta|S|μ:1.8317, Delta/Signal:90.09%, Gateμ:-0.4295, Gate0%:0.0, MetaNormμ:8.2381 | Val Meta: Scaleμ:0.9696, Signal|S|μ:2.2000, Delta|S|μ:1.9789, Delta/Signal:89.95%, Gateμ:-0.4295, Gate0%:0.0, MetaNormμ:8.2381
Validation Loss decreased (0.613176 --> 0.604698). Saving best model...
Epoch   3/50 | Train Loss: 0.5280 Acc: 0.7216 F1: 0.4382 | Val Loss: 0.6058 Acc: 0.7000 F1: 0.4118 | Train Meta: Scaleμ:0.9696, Signal|S|μ:4.1149, Delta|S|μ:3.6689, Delta/Signal:89.16%, Gateμ:-0.4295, Gate0%:0.0, MetaNormμ:8.2381 | Val Meta: Scaleμ:0.9696, Signal|S|μ:2.2000, Delta|S|μ:1.9789, Delta/Signal:89.95%, Gateμ:-0.4295, Gate0%:0.0, MetaNormμ:8.2381
Epoch   4/50 | Train Loss: 0.5073 Acc: 0.7443 F1: 0.4267 | Val Loss: 0.5974 Acc: 0.7000 F1: 0.4118 | Train Meta: Scaleμ:0.9696, Signal|S|μ:2.1242, Delta|S|μ:1.9130, Delta/Signal:90.06%, Gateμ:-0.4295, Gate0%:0.0, MetaNormμ:8.2381 | Val Meta: Scaleμ:0.9696, Signal|S|μ:2.2000, Delta|S|μ:1.9789, Delta/Signal:89.95%, Gateμ:-0.4295, Gate0%:0.0, MetaNormμ:8.2381
Validation Loss decreased (0.604698 --> 0.597424). Saving best model...
Epoch   5/50 | Train Loss: 0.5186 Acc: 0.7216 F1: 0.4191 | Val Loss: 0.6088 Acc: 0.7000 F1: 0.4118 | Train Meta: Scaleμ:0.9696, Signal|S|μ:1.8973, Delta|S|μ:1.7082, Delta/Signal:90.03%, Gateμ:-0.4295, Gate0%:0.0, MetaNormμ:8.2381 | Val Meta: Scaleμ:0.9696, Signal|S|μ:2.2000, Delta|S|μ:1.9789, Delta/Signal:89.95%, Gateμ:-0.4295, Gate0%:0.0, MetaNormμ:8.2381
Epoch   6/50 | Train Loss: 0.5096 Acc: 0.7273 F1: 0.4211 | Val Loss: 0.6028 Acc: 0.7000 F1: 0.4118 | Train Meta: Scaleμ:0.9696, Signal|S|μ:1.9844, Delta|S|μ:1.7889, Delta/Signal:90.15%, Gateμ:-0.4295, Gate0%:0.0, MetaNormμ:8.2381 | Val Meta: Scaleμ:0.9696, Signal|S|μ:2.2000, Delta|S|μ:1.9789, Delta/Signal:89.95%, Gateμ:-0.4295, Gate0%:0.0, MetaNormμ:8.2381
Epoch   7/50 | Train Loss: 0.5177 Acc: 0.7045 F1: 0.4313 | Val Loss: 0.6099 Acc: 0.7000 F1: 0.4118 | Train Meta: Scaleμ:0.9696, Signal|S|μ:4.0767, Delta|S|μ:3.6373, Delta/Signal:89.22%, Gateμ:-0.4295, Gate0%:0.0, MetaNormμ:8.2381 | Val Meta: Scaleμ:0.9696, Signal|S|μ:2.2000, Delta|S|μ:1.9789, Delta/Signal:89.95%, Gateμ:-0.4295, Gate0%:0.0, MetaNormμ:8.2381
Epoch   8/50 | Train Loss: 0.5284 Acc: 0.7159 F1: 0.4172 | Val Loss: 0.6169 Acc: 0.7500 F1: 0.6416 | Train Meta: Scaleμ:0.9696, Signal|S|μ:1.9990, Delta|S|μ:1.8013, Delta/Signal:90.11%, Gateμ:-0.4295, Gate0%:0.0, MetaNormμ:8.2381 | Val Meta: Scaleμ:0.9696, Signal|S|μ:2.2000, Delta|S|μ:1.9789, Delta/Signal:89.95%, Gateμ:-0.4295, Gate0%:0.0, MetaNormμ:8.2381
Epoch   9/50 | Train Loss: 0.5205 Acc: 0.7045 F1: 0.5152 | Val Loss: 0.6192 Acc: 0.7000 F1: 0.4118 | Train Meta: Scaleμ:0.9696, Signal|S|μ:1.8739, Delta|S|μ:1.6885, Delta/Signal:90.11%, Gateμ:-0.4295, Gate0%:0.0, MetaNormμ:8.2381 | Val Meta: Scaleμ:0.9696, Signal|S|μ:2.2000, Delta|S|μ:1.9789, Delta/Signal:89.95%, Gateμ:-0.4295, Gate0%:0.0, MetaNormμ:8.2381
Epoch  10/50 | Train Loss: 0.5172 Acc: 0.7216 F1: 0.4382 | Val Loss: 0.6161 Acc: 0.6500 F1: 0.3939 | Train Meta: Scaleμ:0.9696, Signal|S|μ:1.7907, Delta|S|μ:1.6152, Delta/Signal:90.20%, Gateμ:-0.4295, Gate0%:0.0, MetaNormμ:8.2381 | Val Meta: Scaleμ:0.9696, Signal|S|μ:2.2000, Delta|S|μ:1.9789, Delta/Signal:89.95%, Gateμ:-0.4295, Gate0%:0.0, MetaNormμ:8.2381
Epoch  11/50 | Train Loss: 0.5047 Acc: 0.7330 F1: 0.4780 | Val Loss: 0.6191 Acc: 0.7000 F1: 0.4118 | Train Meta: Scaleμ:0.9696, Signal|S|μ:2.0481, Delta|S|μ:1.8468, Delta/Signal:90.17%, Gateμ:-0.4295, Gate0%:0.0, MetaNormμ:8.2381 | Val Meta: Scaleμ:0.9696, Signal|S|μ:2.2000, Delta|S|μ:1.9789, Delta/Signal:89.95%, Gateμ:-0.4295, Gate0%:0.0, MetaNormμ:8.2381
Epoch  12/50 | Train Loss: 0.5114 Acc: 0.7330 F1: 0.4230 | Val Loss: 0.6179 Acc: 0.7000 F1: 0.4118 | Train Meta: Scaleμ:0.9696, Signal|S|μ:1.9199, Delta|S|μ:1.7283, Delta/Signal:90.02%, Gateμ:-0.4295, Gate0%:0.0, MetaNormμ:8.2381 | Val Meta: Scaleμ:0.9696, Signal|S|μ:2.2000, Delta|S|μ:1.9789, Delta/Signal:89.95%, Gateμ:-0.4295, Gate0%:0.0, MetaNormμ:8.2381
Epoch  13/50 | Train Loss: 0.5131 Acc: 0.7102 F1: 0.4662 | Val Loss: 0.6208 Acc: 0.7000 F1: 0.4118 | Train Meta: Scaleμ:0.9696, Signal|S|μ:2.0792, Delta|S|μ:1.8726, Delta/Signal:90.06%, Gateμ:-0.4295, Gate0%:0.0, MetaNormμ:8.2381 | Val Meta: Scaleμ:0.9696, Signal|S|μ:2.2000, Delta|S|μ:1.9789, Delta/Signal:89.95%, Gateμ:-0.4295, Gate0%:0.0, MetaNormμ:8.2381
Epoch  14/50 | Train Loss: 0.5136 Acc: 0.7159 F1: 0.4531 | Val Loss: 0.6252 Acc: 0.7000 F1: 0.4118 | Train Meta: Scaleμ:0.9696, Signal|S|μ:4.4367, Delta|S|μ:3.9558, Delta/Signal:89.16%, Gateμ:-0.4295, Gate0%:0.0, MetaNormμ:8.2381 | Val Meta: Scaleμ:0.9696, Signal|S|μ:2.2000, Delta|S|μ:1.9789, Delta/Signal:89.95%, Gateμ:-0.4295, Gate0%:0.0, MetaNormμ:8.2381
Epoch  15/50 | Train Loss: 0.5060 Acc: 0.7216 F1: 0.4871 | Val Loss: 0.6250 Acc: 0.7000 F1: 0.4118 | Train Meta: Scaleμ:0.9696, Signal|S|μ:1.8365, Delta|S|μ:1.6560, Delta/Signal:90.17%, Gateμ:-0.4295, Gate0%:0.0, MetaNormμ:8.2381 | Val Meta: Scaleμ:0.9696, Signal|S|μ:2.2000, Delta|S|μ:1.9789, Delta/Signal:89.95%, Gateμ:-0.4295, Gate0%:0.0, MetaNormμ:8.2381
Epoch  16/50 | Train Loss: 0.5138 Acc: 0.7159 F1: 0.4531 | Val Loss: 0.6249 Acc: 0.6500 F1: 0.3939 | Train Meta: Scaleμ:0.9696, Signal|S|μ:1.9231, Delta|S|μ:1.7311, Delta/Signal:90.01%, Gateμ:-0.4295, Gate0%:0.0, MetaNormμ:8.2381 | Val Meta: Scaleμ:0.9696, Signal|S|μ:2.2000, Delta|S|μ:1.9789, Delta/Signal:89.95%, Gateμ:-0.4295, Gate0%:0.0, MetaNormμ:8.2381
Epoch  17/50 | Train Loss: 0.5119 Acc: 0.7273 F1: 0.4903 | Val Loss: 0.6312 Acc: 0.7000 F1: 0.4118 | Train Meta: Scaleμ:0.9696, Signal|S|μ:2.0448, Delta|S|μ:1.8414, Delta/Signal:90.05%, Gateμ:-0.4295, Gate0%:0.0, MetaNormμ:8.2381 | Val Meta: Scaleμ:0.9696, Signal|S|μ:2.2000, Delta|S|μ:1.9789, Delta/Signal:89.95%, Gateμ:-0.4295, Gate0%:0.0, MetaNormμ:8.2381
Epoch  18/50 | Train Loss: 0.5067 Acc: 0.7045 F1: 0.5364 | Val Loss: 0.6294 Acc: 0.7000 F1: 0.4118 | Train Meta: Scaleμ:0.9696, Signal|S|μ:1.9726, Delta|S|μ:1.7779, Delta/Signal:90.13%, Gateμ:-0.4295, Gate0%:0.0, MetaNormμ:8.2381 | Val Meta: Scaleμ:0.9696, Signal|S|μ:2.2000, Delta|S|μ:1.9789, Delta/Signal:89.95%, Gateμ:-0.4295, Gate0%:0.0, MetaNormμ:8.2381
Epoch  19/50 | Train Loss: 0.5015 Acc: 0.7330 F1: 0.4780 | Val Loss: 0.6315 Acc: 0.7000 F1: 0.4118 | Train Meta: Scaleμ:0.9696, Signal|S|μ:1.8669, Delta|S|μ:1.6843, Delta/Signal:90.22%, Gateμ:-0.4295, Gate0%:0.0, MetaNormμ:8.2381 | Val Meta: Scaleμ:0.9696, Signal|S|μ:2.2000, Delta|S|μ:1.9789, Delta/Signal:89.95%, Gateμ:-0.4295, Gate0%:0.0, MetaNormμ:8.2381
Epoch  20/50 | Train Loss: 0.5080 Acc: 0.7159 F1: 0.4359 | Val Loss: 0.6332 Acc: 0.7000 F1: 0.4118 | Train Meta: Scaleμ:0.9696, Signal|S|μ:2.0353, Delta|S|μ:1.8327, Delta/Signal:90.05%, Gateμ:-0.4295, Gate0%:0.0, MetaNormμ:8.2381 | Val Meta: Scaleμ:0.9696, Signal|S|μ:2.2000, Delta|S|μ:1.9789, Delta/Signal:89.95%, Gateμ:-0.4295, Gate0%:0.0, MetaNormμ:8.2381
Epoch  21/50 | Train Loss: 0.4900 Acc: 0.7330 F1: 0.5215 | Val Loss: 0.6333 Acc: 0.7000 F1: 0.4118 | Train Meta: Scaleμ:0.9696, Signal|S|μ:1.9381, Delta|S|μ:1.7469, Delta/Signal:90.14%, Gateμ:-0.4295, Gate0%:0.0, MetaNormμ:8.2381 | Val Meta: Scaleμ:0.9696, Signal|S|μ:2.2000, Delta|S|μ:1.9789, Delta/Signal:89.95%, Gateμ:-0.4295, Gate0%:0.0, MetaNormμ:8.2381
Epoch  22/50 | Train Loss: 0.4861 Acc: 0.7443 F1: 0.4475 | Val Loss: 0.6298 Acc: 0.6500 F1: 0.3939 | Train Meta: Scaleμ:0.9696, Signal|S|μ:3.8392, Delta|S|μ:3.4313, Delta/Signal:89.37%, Gateμ:-0.4295, Gate0%:0.0, MetaNormμ:8.2381 | Val Meta: Scaleμ:0.9696, Signal|S|μ:2.2000, Delta|S|μ:1.9789, Delta/Signal:89.95%, Gateμ:-0.4295, Gate0%:0.0, MetaNormμ:8.2381
Epoch  23/50 | Train Loss: 0.5024 Acc: 0.6989 F1: 0.4877 | Val Loss: 0.6315 Acc: 0.7000 F1: 0.4118 | Train Meta: Scaleμ:0.9696, Signal|S|μ:3.6155, Delta|S|μ:3.2319, Delta/Signal:89.39%, Gateμ:-0.4295, Gate0%:0.0, MetaNormμ:8.2381 | Val Meta: Scaleμ:0.9696, Signal|S|μ:2.2000, Delta|S|μ:1.9789, Delta/Signal:89.95%, Gateμ:-0.4295, Gate0%:0.0, MetaNormμ:8.2381
Epoch  24/50 | Train Loss: 0.4994 Acc: 0.7102 F1: 0.4505 | Val Loss: 0.6295 Acc: 0.6500 F1: 0.3939 | Train Meta: Scaleμ:0.9696, Signal|S|μ:4.1879, Delta|S|μ:3.7321, Delta/Signal:89.12%, Gateμ:-0.4295, Gate0%:0.0, MetaNormμ:8.2381 | Val Meta: Scaleμ:0.9696, Signal|S|μ:2.2000, Delta|S|μ:1.9789, Delta/Signal:89.95%, Gateμ:-0.4295, Gate0%:0.0, MetaNormμ:8.2381
Epoch  25/50 | Train Loss: 0.5097 Acc: 0.6989 F1: 0.4604 | Val Loss: 0.6302 Acc: 0.6500 F1: 0.3939 | Train Meta: Scaleμ:0.9696, Signal|S|μ:2.0284, Delta|S|μ:1.8271, Delta/Signal:90.08%, Gateμ:-0.4295, Gate0%:0.0, MetaNormμ:8.2381 | Val Meta: Scaleμ:0.9696, Signal|S|μ:2.2000, Delta|S|μ:1.9789, Delta/Signal:89.95%, Gateμ:-0.4295, Gate0%:0.0, MetaNormμ:8.2381
Epoch  26/50 | Train Loss: 0.5016 Acc: 0.7159 F1: 0.5882 | Val Loss: 0.6319 Acc: 0.7000 F1: 0.4118 | Train Meta: Scaleμ:0.9696, Signal|S|μ:1.9626, Delta|S|μ:1.7693, Delta/Signal:90.15%, Gateμ:-0.4295, Gate0%:0.0, MetaNormμ:8.2381 | Val Meta: Scaleμ:0.9696, Signal|S|μ:2.2000, Delta|S|μ:1.9789, Delta/Signal:89.95%, Gateμ:-0.4295, Gate0%:0.0, MetaNormμ:8.2381
Epoch  27/50 | Train Loss: 0.5049 Acc: 0.7159 F1: 0.4531 | Val Loss: 0.6306 Acc: 0.6500 F1: 0.3939 | Train Meta: Scaleμ:0.9696, Signal|S|μ:1.9989, Delta|S|μ:1.8008, Delta/Signal:90.09%, Gateμ:-0.4295, Gate0%:0.0, MetaNormμ:8.2381 | Val Meta: Scaleμ:0.9696, Signal|S|μ:2.2000, Delta|S|μ:1.9789, Delta/Signal:89.95%, Gateμ:-0.4295, Gate0%:0.0, MetaNormμ:8.2381
Epoch  28/50 | Train Loss: 0.5078 Acc: 0.7330 F1: 0.5457 | Val Loss: 0.6301 Acc: 0.6500 F1: 0.3939 | Train Meta: Scaleμ:0.9696, Signal|S|μ:2.0970, Delta|S|μ:1.8892, Delta/Signal:90.09%, Gateμ:-0.4295, Gate0%:0.0, MetaNormμ:8.2381 | Val Meta: Scaleμ:0.9696, Signal|S|μ:2.2000, Delta|S|μ:1.9789, Delta/Signal:89.95%, Gateμ:-0.4295, Gate0%:0.0, MetaNormμ:8.2381
Epoch  29/50 | Train Loss: 0.5117 Acc: 0.6818 F1: 0.4779 | Val Loss: 0.6346 Acc: 0.7000 F1: 0.4118 | Train Meta: Scaleμ:0.9696, Signal|S|μ:4.0370, Delta|S|μ:3.6002, Delta/Signal:89.18%, Gateμ:-0.4295, Gate0%:0.0, MetaNormμ:8.2381 | Val Meta: Scaleμ:0.9696, Signal|S|μ:2.2000, Delta|S|μ:1.9789, Delta/Signal:89.95%, Gateμ:-0.4295, Gate0%:0.0, MetaNormμ:8.2381
Epoch  30/50 | Train Loss: 0.5006 Acc: 0.7273 F1: 0.4405 | Val Loss: 0.6309 Acc: 0.6500 F1: 0.3939 | Train Meta: Scaleμ:0.9696, Signal|S|μ:1.9375, Delta|S|μ:1.7437, Delta/Signal:90.00%, Gateμ:-0.4295, Gate0%:0.0, MetaNormμ:8.2381 | Val Meta: Scaleμ:0.9696, Signal|S|μ:2.2000, Delta|S|μ:1.9789, Delta/Signal:89.95%, Gateμ:-0.4295, Gate0%:0.0, MetaNormμ:8.2381
Epoch  31/50 | Train Loss: 0.5124 Acc: 0.6818 F1: 0.4779 | Val Loss: 0.6388 Acc: 0.7000 F1: 0.4118 | Train Meta: Scaleμ:0.9696, Signal|S|μ:2.1011, Delta|S|μ:1.8912, Delta/Signal:90.01%, Gateμ:-0.4295, Gate0%:0.0, MetaNormμ:8.2381 | Val Meta: Scaleμ:0.9696, Signal|S|μ:2.2000, Delta|S|μ:1.9789, Delta/Signal:89.95%, Gateμ:-0.4295, Gate0%:0.0, MetaNormμ:8.2381
Epoch  32/50 | Train Loss: 0.5072 Acc: 0.7273 F1: 0.4903 | Val Loss: 0.6298 Acc: 0.6500 F1: 0.3939 | Train Meta: Scaleμ:0.9696, Signal|S|μ:2.0996, Delta|S|μ:1.8894, Delta/Signal:89.99%, Gateμ:-0.4295, Gate0%:0.0, MetaNormμ:8.2381 | Val Meta: Scaleμ:0.9696, Signal|S|μ:2.2000, Delta|S|μ:1.9789, Delta/Signal:89.95%, Gateμ:-0.4295, Gate0%:0.0, MetaNormμ:8.2381
Epoch  33/50 | Train Loss: 0.4962 Acc: 0.7159 F1: 0.5106 | Val Loss: 0.6376 Acc: 0.7000 F1: 0.4118 | Train Meta: Scaleμ:0.9696, Signal|S|μ:2.0361, Delta|S|μ:1.8340, Delta/Signal:90.08%, Gateμ:-0.4295, Gate0%:0.0, MetaNormμ:8.2381 | Val Meta: Scaleμ:0.9696, Signal|S|μ:2.2000, Delta|S|μ:1.9789, Delta/Signal:89.95%, Gateμ:-0.4295, Gate0%:0.0, MetaNormμ:8.2381
Epoch  34/50 | Train Loss: 0.5143 Acc: 0.7159 F1: 0.5338 | Val Loss: 0.6310 Acc: 0.7000 F1: 0.5312 | Train Meta: Scaleμ:0.9696, Signal|S|μ:1.9589, Delta|S|μ:1.7638, Delta/Signal:90.04%, Gateμ:-0.4295, Gate0%:0.0, MetaNormμ:8.2381 | Val Meta: Scaleμ:0.9696, Signal|S|μ:2.2000, Delta|S|μ:1.9789, Delta/Signal:89.95%, Gateμ:-0.4295, Gate0%:0.0, MetaNormμ:8.2381
Epoch  35/50 | Train Loss: 0.5167 Acc: 0.6932 F1: 0.4965 | Val Loss: 0.6432 Acc: 0.7000 F1: 0.4118 | Train Meta: Scaleμ:0.9696, Signal|S|μ:4.2547, Delta|S|μ:3.7928, Delta/Signal:89.14%, Gateμ:-0.4295, Gate0%:0.0, MetaNormμ:8.2381 | Val Meta: Scaleμ:0.9696, Signal|S|μ:2.2000, Delta|S|μ:1.9789, Delta/Signal:89.95%, Gateμ:-0.4295, Gate0%:0.0, MetaNormμ:8.2381
Epoch  36/50 | Train Loss: 0.5227 Acc: 0.6989 F1: 0.4745 | Val Loss: 0.6319 Acc: 0.7000 F1: 0.4118 | Train Meta: Scaleμ:0.9696, Signal|S|μ:3.6406, Delta|S|μ:3.2559, Delta/Signal:89.43%, Gateμ:-0.4295, Gate0%:0.0, MetaNormμ:8.2381 | Val Meta: Scaleμ:0.9696, Signal|S|μ:2.2000, Delta|S|μ:1.9789, Delta/Signal:89.95%, Gateμ:-0.4295, Gate0%:0.0, MetaNormμ:8.2381
Epoch  37/50 | Train Loss: 0.4925 Acc: 0.7045 F1: 0.4479 | Val Loss: 0.6326 Acc: 0.7000 F1: 0.4118 | Train Meta: Scaleμ:0.9696, Signal|S|μ:1.9237, Delta|S|μ:1.7342, Delta/Signal:90.15%, Gateμ:-0.4295, Gate0%:0.0, MetaNormμ:8.2381 | Val Meta: Scaleμ:0.9696, Signal|S|μ:2.2000, Delta|S|μ:1.9789, Delta/Signal:89.95%, Gateμ:-0.4295, Gate0%:0.0, MetaNormμ:8.2381
Epoch  38/50 | Train Loss: 0.5005 Acc: 0.6932 F1: 0.5185 | Val Loss: 0.6273 Acc: 0.6500 F1: 0.3939 | Train Meta: Scaleμ:0.9696, Signal|S|μ:2.1675, Delta|S|μ:1.9512, Delta/Signal:90.02%, Gateμ:-0.4295, Gate0%:0.0, MetaNormμ:8.2381 | Val Meta: Scaleμ:0.9696, Signal|S|μ:2.2000, Delta|S|μ:1.9789, Delta/Signal:89.95%, Gateμ:-0.4295, Gate0%:0.0, MetaNormμ:8.2381
Epoch  39/50 | Train Loss: 0.5061 Acc: 0.7216 F1: 0.5142 | Val Loss: 0.6316 Acc: 0.7000 F1: 0.4118 | Train Meta: Scaleμ:0.9696, Signal|S|μ:2.0306, Delta|S|μ:1.8303, Delta/Signal:90.13%, Gateμ:-0.4295, Gate0%:0.0, MetaNormμ:8.2381 | Val Meta: Scaleμ:0.9696, Signal|S|μ:2.2000, Delta|S|μ:1.9789, Delta/Signal:89.95%, Gateμ:-0.4295, Gate0%:0.0, MetaNormμ:8.2381
Epoch  40/50 | Train Loss: 0.4943 Acc: 0.7159 F1: 0.4359 | Val Loss: 0.6274 Acc: 0.6500 F1: 0.3939 | Train Meta: Scaleμ:0.9696, Signal|S|μ:2.0552, Delta|S|μ:1.8525, Delta/Signal:90.14%, Gateμ:-0.4295, Gate0%:0.0, MetaNormμ:8.2381 | Val Meta: Scaleμ:0.9696, Signal|S|μ:2.2000, Delta|S|μ:1.9789, Delta/Signal:89.95%, Gateμ:-0.4295, Gate0%:0.0, MetaNormμ:8.2381
Epoch  41/50 | Train Loss: 0.5075 Acc: 0.7159 F1: 0.5542 | Val Loss: 0.6278 Acc: 0.7000 F1: 0.4118 | Train Meta: Scaleμ:0.9696, Signal|S|μ:3.6599, Delta|S|μ:3.2715, Delta/Signal:89.39%, Gateμ:-0.4295, Gate0%:0.0, MetaNormμ:8.2381 | Val Meta: Scaleμ:0.9696, Signal|S|μ:2.2000, Delta|S|μ:1.9789, Delta/Signal:89.95%, Gateμ:-0.4295, Gate0%:0.0, MetaNormμ:8.2381
Epoch  42/50 | Train Loss: 0.4870 Acc: 0.7045 F1: 0.4313 | Val Loss: 0.6316 Acc: 0.7000 F1: 0.4118 | Train Meta: Scaleμ:0.9696, Signal|S|μ:3.4469, Delta|S|μ:3.0764, Delta/Signal:89.25%, Gateμ:-0.4295, Gate0%:0.0, MetaNormμ:8.2381 | Val Meta: Scaleμ:0.9696, Signal|S|μ:2.2000, Delta|S|μ:1.9789, Delta/Signal:89.95%, Gateμ:-0.4295, Gate0%:0.0, MetaNormμ:8.2381
Epoch  43/50 | Train Loss: 0.5136 Acc: 0.7045 F1: 0.5261 | Val Loss: 0.6282 Acc: 0.7000 F1: 0.4118 | Train Meta: Scaleμ:0.9696, Signal|S|μ:2.0134, Delta|S|μ:1.8150, Delta/Signal:90.15%, Gateμ:-0.4295, Gate0%:0.0, MetaNormμ:8.2381 | Val Meta: Scaleμ:0.9696, Signal|S|μ:2.2000, Delta|S|μ:1.9789, Delta/Signal:89.95%, Gateμ:-0.4295, Gate0%:0.0, MetaNormμ:8.2381
Epoch  44/50 | Train Loss: 0.5040 Acc: 0.7216 F1: 0.4382 | Val Loss: 0.6279 Acc: 0.7000 F1: 0.4118 | Train Meta: Scaleμ:0.9696, Signal|S|μ:1.8954, Delta|S|μ:1.7102, Delta/Signal:90.23%, Gateμ:-0.4295, Gate0%:0.0, MetaNormμ:8.2381 | Val Meta: Scaleμ:0.9696, Signal|S|μ:2.2000, Delta|S|μ:1.9789, Delta/Signal:89.95%, Gateμ:-0.4295, Gate0%:0.0, MetaNormμ:8.2381
Epoch  45/50 | Train Loss: 0.5055 Acc: 0.6989 F1: 0.5000 | Val Loss: 0.6264 Acc: 0.7000 F1: 0.4118 | Train Meta: Scaleμ:0.9696, Signal|S|μ:3.4605, Delta|S|μ:3.0941, Delta/Signal:89.41%, Gateμ:-0.4295, Gate0%:0.0, MetaNormμ:8.2381 | Val Meta: Scaleμ:0.9696, Signal|S|μ:2.2000, Delta|S|μ:1.9789, Delta/Signal:89.95%, Gateμ:-0.4295, Gate0%:0.0, MetaNormμ:8.2381
Epoch  46/50 | Train Loss: 0.5020 Acc: 0.7045 F1: 0.5035 | Val Loss: 0.6257 Acc: 0.7000 F1: 0.4118 | Train Meta: Scaleμ:0.9696, Signal|S|μ:2.0077, Delta|S|μ:1.8092, Delta/Signal:90.11%, Gateμ:-0.4295, Gate0%:0.0, MetaNormμ:8.2381 | Val Meta: Scaleμ:0.9696, Signal|S|μ:2.2000, Delta|S|μ:1.9789, Delta/Signal:89.95%, Gateμ:-0.4295, Gate0%:0.0, MetaNormμ:8.2381
Epoch  47/50 | Train Loss: 0.5113 Acc: 0.7045 F1: 0.4910 | Val Loss: 0.6274 Acc: 0.7000 F1: 0.5312 | Train Meta: Scaleμ:0.9696, Signal|S|μ:1.8168, Delta|S|μ:1.6379, Delta/Signal:90.15%, Gateμ:-0.4295, Gate0%:0.0, MetaNormμ:8.2381 | Val Meta: Scaleμ:0.9696, Signal|S|μ:2.2000, Delta|S|μ:1.9789, Delta/Signal:89.95%, Gateμ:-0.4295, Gate0%:0.0, MetaNormμ:8.2381
Epoch  48/50 | Train Loss: 0.5014 Acc: 0.6989 F1: 0.5115 | Val Loss: 0.6327 Acc: 0.7000 F1: 0.4118 | Train Meta: Scaleμ:0.9696, Signal|S|μ:3.9997, Delta|S|μ:3.5670, Delta/Signal:89.18%, Gateμ:-0.4295, Gate0%:0.0, MetaNormμ:8.2381 | Val Meta: Scaleμ:0.9696, Signal|S|μ:2.2000, Delta|S|μ:1.9789, Delta/Signal:89.95%, Gateμ:-0.4295, Gate0%:0.0, MetaNormμ:8.2381
Epoch  49/50 | Train Loss: 0.5027 Acc: 0.7216 F1: 0.4558 | Val Loss: 0.6260 Acc: 0.7000 F1: 0.5312 | Train Meta: Scaleμ:0.9696, Signal|S|μ:2.1836, Delta|S|μ:1.9651, Delta/Signal:90.00%, Gateμ:-0.4295, Gate0%:0.0, MetaNormμ:8.2381 | Val Meta: Scaleμ:0.9696, Signal|S|μ:2.2000, Delta|S|μ:1.9789, Delta/Signal:89.95%, Gateμ:-0.4295, Gate0%:0.0, MetaNormμ:8.2381
Epoch  50/50 | Train Loss: 0.4805 Acc: 0.7443 F1: 0.5944 | Val Loss: 0.6261 Acc: 0.7000 F1: 0.4118 | Train Meta: Scaleμ:0.9696, Signal|S|μ:3.4178, Delta|S|μ:3.0518, Delta/Signal:89.29%, Gateμ:-0.4295, Gate0%:0.0, MetaNormμ:8.2381 | Val Meta: Scaleμ:0.9696, Signal|S|μ:2.2000, Delta|S|μ:1.9789, Delta/Signal:89.95%, Gateμ:-0.4295, Gate0%:0.0, MetaNormμ:8.2381

Classification Test Result (Heartbeat)
Accuracy : 0.721951
F1 (macro): 0.419263
Saved attention maps for 3 sample(s) under ./runs/classification_electricity_to_Heartbeat_laya_metadata_query_gate_stats/attention_maps
/data/pjh_workspace/ts-env/lib/python3.8/site-packages/torch/nn/modules/transformer.py:307: UserWarning: enable_nested_tensor is True, but self.use_nested_tensor is False because encoder_layer.norm_first was True
  warnings.warn(f"enable_nested_tensor is True, but self.use_nested_tensor is False because {why_not_sparsity_fast_path}")
==================================================
🚀 Architecture: LAYA
📊 Target Dataset: JapaneseVowels (Channels: 12)
📊 Pretrain Info: electricity
📊 Classes: 9 | Sequence Length: 26
==================================================
✅ Loaded pretrained encoder from ./checkpoints/electricity_laya_metadata_query_gate_stats/laya_ts_electricity_s_best.pt
   - 104/104 keys matched.
✅ Encoder is FROZEN (Linear Probing mode).
📝 metadata: mode=stats, fusion=none, relation=metadata_query_gate
ℹ️  Metadata Fusion Mode: none
ℹ️  Channel Mixer Relation Mode: metadata_query_gate
ℹ️  Encoder Variant: default
ℹ️  Channel Adapter: disabled for Laya downstream (mixer)
ℹ️  Channel Relation Block: disabled
✅ ClassificationHead: [B, 256] → [B, 9]
Epoch   1/50 | Train Loss: 2.2228 Acc: 0.1083 F1: 0.0620 | Val Loss: 2.2965 Acc: 0.1111 F1: 0.0247 | Train Meta: Scaleμ:0.9696, Signal|S|μ:4.2317, Delta|S|μ:3.8294, Delta/Signal:90.49%, Gateμ:-0.4494, Gate0%:0.0, MetaNormμ:8.6214 | Val Meta: Scaleμ:0.9696, Signal|S|μ:4.2858, Delta|S|μ:3.8861, Delta/Signal:90.67%, Gateμ:-0.4494, Gate0%:0.0, MetaNormμ:8.6214
Validation Loss decreased (inf --> 2.296540). Saving best model...
Epoch   2/50 | Train Loss: 2.1817 Acc: 0.1333 F1: 0.0743 | Val Loss: 2.2091 Acc: 0.1111 F1: 0.0230 | Train Meta: Scaleμ:0.9696, Signal|S|μ:4.3516, Delta|S|μ:3.9501, Delta/Signal:90.77%, Gateμ:-0.4494, Gate0%:0.0, MetaNormμ:8.6214 | Val Meta: Scaleμ:0.9696, Signal|S|μ:4.2858, Delta|S|μ:3.8861, Delta/Signal:90.67%, Gateμ:-0.4494, Gate0%:0.0, MetaNormμ:8.6214
Validation Loss decreased (2.296540 --> 2.209100). Saving best model...
Epoch   3/50 | Train Loss: 2.1746 Acc: 0.1208 F1: 0.0529 | Val Loss: 2.1876 Acc: 0.1481 F1: 0.0558 | Train Meta: Scaleμ:0.9696, Signal|S|μ:4.4351, Delta|S|μ:4.0126, Delta/Signal:90.47%, Gateμ:-0.4494, Gate0%:0.0, MetaNormμ:8.6214 | Val Meta: Scaleμ:0.9696, Signal|S|μ:4.2858, Delta|S|μ:3.8861, Delta/Signal:90.67%, Gateμ:-0.4494, Gate0%:0.0, MetaNormμ:8.6214
Validation Loss decreased (2.209100 --> 2.187625). Saving best model...
Epoch   4/50 | Train Loss: 2.1466 Acc: 0.1625 F1: 0.1245 | Val Loss: 2.2236 Acc: 0.1111 F1: 0.0278 | Train Meta: Scaleμ:0.9696, Signal|S|μ:4.1111, Delta|S|μ:3.7218, Delta/Signal:90.53%, Gateμ:-0.4494, Gate0%:0.0, MetaNormμ:8.6214 | Val Meta: Scaleμ:0.9696, Signal|S|μ:4.2858, Delta|S|μ:3.8861, Delta/Signal:90.67%, Gateμ:-0.4494, Gate0%:0.0, MetaNormμ:8.6214
Epoch   5/50 | Train Loss: 2.1318 Acc: 0.1958 F1: 0.1790 | Val Loss: 2.1628 Acc: 0.1481 F1: 0.1655 | Train Meta: Scaleμ:0.9696, Signal|S|μ:4.1415, Delta|S|μ:3.7529, Delta/Signal:90.62%, Gateμ:-0.4494, Gate0%:0.0, MetaNormμ:8.6214 | Val Meta: Scaleμ:0.9696, Signal|S|μ:4.2858, Delta|S|μ:3.8861, Delta/Signal:90.67%, Gateμ:-0.4494, Gate0%:0.0, MetaNormμ:8.6214
Validation Loss decreased (2.187625 --> 2.162794). Saving best model...
Epoch   6/50 | Train Loss: 2.1392 Acc: 0.1542 F1: 0.1017 | Val Loss: 2.2025 Acc: 0.1111 F1: 0.0480 | Train Meta: Scaleμ:0.9696, Signal|S|μ:4.2881, Delta|S|μ:3.8790, Delta/Signal:90.46%, Gateμ:-0.4494, Gate0%:0.0, MetaNormμ:8.6214 | Val Meta: Scaleμ:0.9696, Signal|S|μ:4.2858, Delta|S|μ:3.8861, Delta/Signal:90.67%, Gateμ:-0.4494, Gate0%:0.0, MetaNormμ:8.6214
Epoch   7/50 | Train Loss: 2.1109 Acc: 0.1750 F1: 0.1018 | Val Loss: 2.1483 Acc: 0.2963 F1: 0.2231 | Train Meta: Scaleμ:0.9696, Signal|S|μ:4.5573, Delta|S|μ:4.1278, Delta/Signal:90.58%, Gateμ:-0.4494, Gate0%:0.0, MetaNormμ:8.6214 | Val Meta: Scaleμ:0.9696, Signal|S|μ:4.2858, Delta|S|μ:3.8861, Delta/Signal:90.67%, Gateμ:-0.4494, Gate0%:0.0, MetaNormμ:8.6214
Validation Loss decreased (2.162794 --> 2.148345). Saving best model...
Epoch   8/50 | Train Loss: 2.0994 Acc: 0.2125 F1: 0.1761 | Val Loss: 2.2047 Acc: 0.1852 F1: 0.1790 | Train Meta: Scaleμ:0.9696, Signal|S|μ:4.4402, Delta|S|μ:4.0173, Delta/Signal:90.47%, Gateμ:-0.4494, Gate0%:0.0, MetaNormμ:8.6214 | Val Meta: Scaleμ:0.9696, Signal|S|μ:4.2858, Delta|S|μ:3.8861, Delta/Signal:90.67%, Gateμ:-0.4494, Gate0%:0.0, MetaNormμ:8.6214
Epoch   9/50 | Train Loss: 2.0938 Acc: 0.1875 F1: 0.1105 | Val Loss: 2.1771 Acc: 0.1852 F1: 0.1153 | Train Meta: Scaleμ:0.9696, Signal|S|μ:4.1628, Delta|S|μ:3.7693, Delta/Signal:90.55%, Gateμ:-0.4494, Gate0%:0.0, MetaNormμ:8.6214 | Val Meta: Scaleμ:0.9696, Signal|S|μ:4.2858, Delta|S|μ:3.8861, Delta/Signal:90.67%, Gateμ:-0.4494, Gate0%:0.0, MetaNormμ:8.6214
Epoch  10/50 | Train Loss: 2.0806 Acc: 0.1958 F1: 0.1416 | Val Loss: 2.1408 Acc: 0.2222 F1: 0.1947 | Train Meta: Scaleμ:0.9696, Signal|S|μ:4.3087, Delta|S|μ:3.9017, Delta/Signal:90.55%, Gateμ:-0.4494, Gate0%:0.0, MetaNormμ:8.6214 | Val Meta: Scaleμ:0.9696, Signal|S|μ:4.2858, Delta|S|μ:3.8861, Delta/Signal:90.67%, Gateμ:-0.4494, Gate0%:0.0, MetaNormμ:8.6214
Validation Loss decreased (2.148345 --> 2.140793). Saving best model...
Epoch  11/50 | Train Loss: 2.0631 Acc: 0.2000 F1: 0.1755 | Val Loss: 2.1546 Acc: 0.1481 F1: 0.1376 | Train Meta: Scaleμ:0.9696, Signal|S|μ:4.5838, Delta|S|μ:4.1524, Delta/Signal:90.59%, Gateμ:-0.4494, Gate0%:0.0, MetaNormμ:8.6214 | Val Meta: Scaleμ:0.9696, Signal|S|μ:4.2858, Delta|S|μ:3.8861, Delta/Signal:90.67%, Gateμ:-0.4494, Gate0%:0.0, MetaNormμ:8.6214
Epoch  12/50 | Train Loss: 2.0685 Acc: 0.1958 F1: 0.1490 | Val Loss: 2.1221 Acc: 0.1852 F1: 0.1153 | Train Meta: Scaleμ:0.9696, Signal|S|μ:4.3190, Delta|S|μ:3.9123, Delta/Signal:90.58%, Gateμ:-0.4494, Gate0%:0.0, MetaNormμ:8.6214 | Val Meta: Scaleμ:0.9696, Signal|S|μ:4.2858, Delta|S|μ:3.8861, Delta/Signal:90.67%, Gateμ:-0.4494, Gate0%:0.0, MetaNormμ:8.6214
Validation Loss decreased (2.140793 --> 2.122052). Saving best model...
Epoch  13/50 | Train Loss: 2.0756 Acc: 0.2375 F1: 0.1932 | Val Loss: 2.0935 Acc: 0.1111 F1: 0.0642 | Train Meta: Scaleμ:0.9696, Signal|S|μ:4.3941, Delta|S|μ:3.9747, Delta/Signal:90.46%, Gateμ:-0.4494, Gate0%:0.0, MetaNormμ:8.6214 | Val Meta: Scaleμ:0.9696, Signal|S|μ:4.2858, Delta|S|μ:3.8861, Delta/Signal:90.67%, Gateμ:-0.4494, Gate0%:0.0, MetaNormμ:8.6214
Validation Loss decreased (2.122052 --> 2.093496). Saving best model...
Epoch  14/50 | Train Loss: 2.0553 Acc: 0.2208 F1: 0.1628 | Val Loss: 2.1598 Acc: 0.1481 F1: 0.1025 | Train Meta: Scaleμ:0.9696, Signal|S|μ:4.6647, Delta|S|μ:4.2206, Delta/Signal:90.48%, Gateμ:-0.4494, Gate0%:0.0, MetaNormμ:8.6214 | Val Meta: Scaleμ:0.9696, Signal|S|μ:4.2858, Delta|S|μ:3.8861, Delta/Signal:90.67%, Gateμ:-0.4494, Gate0%:0.0, MetaNormμ:8.6214
Epoch  15/50 | Train Loss: 2.0433 Acc: 0.2583 F1: 0.2045 | Val Loss: 2.0778 Acc: 0.1481 F1: 0.0774 | Train Meta: Scaleμ:0.9696, Signal|S|μ:4.3439, Delta|S|μ:3.9355, Delta/Signal:90.60%, Gateμ:-0.4494, Gate0%:0.0, MetaNormμ:8.6214 | Val Meta: Scaleμ:0.9696, Signal|S|μ:4.2858, Delta|S|μ:3.8861, Delta/Signal:90.67%, Gateμ:-0.4494, Gate0%:0.0, MetaNormμ:8.6214
Validation Loss decreased (2.093496 --> 2.077842). Saving best model...
Epoch  16/50 | Train Loss: 2.0317 Acc: 0.2583 F1: 0.2014 | Val Loss: 2.1331 Acc: 0.1481 F1: 0.1228 | Train Meta: Scaleμ:0.9696, Signal|S|μ:4.1589, Delta|S|μ:3.7667, Delta/Signal:90.57%, Gateμ:-0.4494, Gate0%:0.0, MetaNormμ:8.6214 | Val Meta: Scaleμ:0.9696, Signal|S|μ:4.2858, Delta|S|μ:3.8861, Delta/Signal:90.67%, Gateμ:-0.4494, Gate0%:0.0, MetaNormμ:8.6214
Epoch  17/50 | Train Loss: 2.0394 Acc: 0.2708 F1: 0.2219 | Val Loss: 2.0528 Acc: 0.3333 F1: 0.3193 | Train Meta: Scaleμ:0.9696, Signal|S|μ:4.5681, Delta|S|μ:4.1319, Delta/Signal:90.45%, Gateμ:-0.4494, Gate0%:0.0, MetaNormμ:8.6214 | Val Meta: Scaleμ:0.9696, Signal|S|μ:4.2858, Delta|S|μ:3.8861, Delta/Signal:90.67%, Gateμ:-0.4494, Gate0%:0.0, MetaNormμ:8.6214
Validation Loss decreased (2.077842 --> 2.052765). Saving best model...
Epoch  18/50 | Train Loss: 2.0281 Acc: 0.3292 F1: 0.2567 | Val Loss: 2.0808 Acc: 0.2222 F1: 0.2243 | Train Meta: Scaleμ:0.9696, Signal|S|μ:4.3310, Delta|S|μ:3.9206, Delta/Signal:90.52%, Gateμ:-0.4494, Gate0%:0.0, MetaNormμ:8.6214 | Val Meta: Scaleμ:0.9696, Signal|S|μ:4.2858, Delta|S|μ:3.8861, Delta/Signal:90.67%, Gateμ:-0.4494, Gate0%:0.0, MetaNormμ:8.6214
Epoch  19/50 | Train Loss: 2.0303 Acc: 0.2333 F1: 0.1951 | Val Loss: 2.0487 Acc: 0.1481 F1: 0.1188 | Train Meta: Scaleμ:0.9696, Signal|S|μ:4.3688, Delta|S|μ:3.9591, Delta/Signal:90.62%, Gateμ:-0.4494, Gate0%:0.0, MetaNormμ:8.6214 | Val Meta: Scaleμ:0.9696, Signal|S|μ:4.2858, Delta|S|μ:3.8861, Delta/Signal:90.67%, Gateμ:-0.4494, Gate0%:0.0, MetaNormμ:8.6214
Validation Loss decreased (2.052765 --> 2.048654). Saving best model...
Epoch  20/50 | Train Loss: 2.0108 Acc: 0.3042 F1: 0.2576 | Val Loss: 2.0562 Acc: 0.3333 F1: 0.2718 | Train Meta: Scaleμ:0.9696, Signal|S|μ:4.2731, Delta|S|μ:3.8714, Delta/Signal:90.60%, Gateμ:-0.4494, Gate0%:0.0, MetaNormμ:8.6214 | Val Meta: Scaleμ:0.9696, Signal|S|μ:4.2858, Delta|S|μ:3.8861, Delta/Signal:90.67%, Gateμ:-0.4494, Gate0%:0.0, MetaNormμ:8.6214
Epoch  21/50 | Train Loss: 1.9805 Acc: 0.3250 F1: 0.2639 | Val Loss: 2.1161 Acc: 0.1481 F1: 0.1108 | Train Meta: Scaleμ:0.9696, Signal|S|μ:4.3754, Delta|S|μ:3.9657, Delta/Signal:90.64%, Gateμ:-0.4494, Gate0%:0.0, MetaNormμ:8.6214 | Val Meta: Scaleμ:0.9696, Signal|S|μ:4.2858, Delta|S|μ:3.8861, Delta/Signal:90.67%, Gateμ:-0.4494, Gate0%:0.0, MetaNormμ:8.6214
Epoch  22/50 | Train Loss: 1.9587 Acc: 0.2917 F1: 0.2358 | Val Loss: 2.0504 Acc: 0.2222 F1: 0.1589 | Train Meta: Scaleμ:0.9696, Signal|S|μ:4.2970, Delta|S|μ:3.8894, Delta/Signal:90.52%, Gateμ:-0.4494, Gate0%:0.0, MetaNormμ:8.6214 | Val Meta: Scaleμ:0.9696, Signal|S|μ:4.2858, Delta|S|μ:3.8861, Delta/Signal:90.67%, Gateμ:-0.4494, Gate0%:0.0, MetaNormμ:8.6214
Epoch  23/50 | Train Loss: 1.9659 Acc: 0.3333 F1: 0.2923 | Val Loss: 2.0354 Acc: 0.2222 F1: 0.1995 | Train Meta: Scaleμ:0.9696, Signal|S|μ:4.3960, Delta|S|μ:3.9837, Delta/Signal:90.62%, Gateμ:-0.4494, Gate0%:0.0, MetaNormμ:8.6214 | Val Meta: Scaleμ:0.9696, Signal|S|μ:4.2858, Delta|S|μ:3.8861, Delta/Signal:90.67%, Gateμ:-0.4494, Gate0%:0.0, MetaNormμ:8.6214
Validation Loss decreased (2.048654 --> 2.035378). Saving best model...
Epoch  24/50 | Train Loss: 1.9699 Acc: 0.2958 F1: 0.2461 | Val Loss: 2.0648 Acc: 0.2222 F1: 0.1850 | Train Meta: Scaleμ:0.9696, Signal|S|μ:4.3903, Delta|S|μ:3.9755, Delta/Signal:90.55%, Gateμ:-0.4494, Gate0%:0.0, MetaNormμ:8.6214 | Val Meta: Scaleμ:0.9696, Signal|S|μ:4.2858, Delta|S|μ:3.8861, Delta/Signal:90.67%, Gateμ:-0.4494, Gate0%:0.0, MetaNormμ:8.6214
Epoch  25/50 | Train Loss: 1.9429 Acc: 0.3500 F1: 0.3199 | Val Loss: 2.0080 Acc: 0.4444 F1: 0.3632 | Train Meta: Scaleμ:0.9696, Signal|S|μ:4.2093, Delta|S|μ:3.8140, Delta/Signal:90.61%, Gateμ:-0.4494, Gate0%:0.0, MetaNormμ:8.6214 | Val Meta: Scaleμ:0.9696, Signal|S|μ:4.2858, Delta|S|μ:3.8861, Delta/Signal:90.67%, Gateμ:-0.4494, Gate0%:0.0, MetaNormμ:8.6214
Validation Loss decreased (2.035378 --> 2.008022). Saving best model...
Epoch  26/50 | Train Loss: 1.9417 Acc: 0.3125 F1: 0.2686 | Val Loss: 2.0494 Acc: 0.2593 F1: 0.2690 | Train Meta: Scaleμ:0.9696, Signal|S|μ:4.4703, Delta|S|μ:4.0487, Delta/Signal:90.57%, Gateμ:-0.4494, Gate0%:0.0, MetaNormμ:8.6214 | Val Meta: Scaleμ:0.9696, Signal|S|μ:4.2858, Delta|S|μ:3.8861, Delta/Signal:90.67%, Gateμ:-0.4494, Gate0%:0.0, MetaNormμ:8.6214
Epoch  27/50 | Train Loss: 1.9300 Acc: 0.3875 F1: 0.3213 | Val Loss: 2.0281 Acc: 0.3704 F1: 0.3561 | Train Meta: Scaleμ:0.9696, Signal|S|μ:4.3780, Delta|S|μ:3.9682, Delta/Signal:90.64%, Gateμ:-0.4494, Gate0%:0.0, MetaNormμ:8.6214 | Val Meta: Scaleμ:0.9696, Signal|S|μ:4.2858, Delta|S|μ:3.8861, Delta/Signal:90.67%, Gateμ:-0.4494, Gate0%:0.0, MetaNormμ:8.6214
Epoch  28/50 | Train Loss: 1.9226 Acc: 0.3167 F1: 0.2876 | Val Loss: 2.0336 Acc: 0.2222 F1: 0.1709 | Train Meta: Scaleμ:0.9696, Signal|S|μ:4.2693, Delta|S|μ:3.8703, Delta/Signal:90.65%, Gateμ:-0.4494, Gate0%:0.0, MetaNormμ:8.6214 | Val Meta: Scaleμ:0.9696, Signal|S|μ:4.2858, Delta|S|μ:3.8861, Delta/Signal:90.67%, Gateμ:-0.4494, Gate0%:0.0, MetaNormμ:8.6214
Epoch  29/50 | Train Loss: 1.9360 Acc: 0.3458 F1: 0.2980 | Val Loss: 1.9798 Acc: 0.4444 F1: 0.3384 | Train Meta: Scaleμ:0.9696, Signal|S|μ:4.1377, Delta|S|μ:3.7483, Delta/Signal:90.59%, Gateμ:-0.4494, Gate0%:0.0, MetaNormμ:8.6214 | Val Meta: Scaleμ:0.9696, Signal|S|μ:4.2858, Delta|S|μ:3.8861, Delta/Signal:90.67%, Gateμ:-0.4494, Gate0%:0.0, MetaNormμ:8.6214
Validation Loss decreased (2.008022 --> 1.979837). Saving best model...
Epoch  30/50 | Train Loss: 1.9118 Acc: 0.3125 F1: 0.2599 | Val Loss: 2.0090 Acc: 0.1852 F1: 0.1596 | Train Meta: Scaleμ:0.9696, Signal|S|μ:4.2957, Delta|S|μ:3.8898, Delta/Signal:90.55%, Gateμ:-0.4494, Gate0%:0.0, MetaNormμ:8.6214 | Val Meta: Scaleμ:0.9696, Signal|S|μ:4.2858, Delta|S|μ:3.8861, Delta/Signal:90.67%, Gateμ:-0.4494, Gate0%:0.0, MetaNormμ:8.6214
Epoch  31/50 | Train Loss: 1.8998 Acc: 0.3417 F1: 0.3087 | Val Loss: 2.0098 Acc: 0.3333 F1: 0.2919 | Train Meta: Scaleμ:0.9696, Signal|S|μ:4.3267, Delta|S|μ:3.9174, Delta/Signal:90.54%, Gateμ:-0.4494, Gate0%:0.0, MetaNormμ:8.6214 | Val Meta: Scaleμ:0.9696, Signal|S|μ:4.2858, Delta|S|μ:3.8861, Delta/Signal:90.67%, Gateμ:-0.4494, Gate0%:0.0, MetaNormμ:8.6214
Epoch  32/50 | Train Loss: 1.8907 Acc: 0.3958 F1: 0.3292 | Val Loss: 1.9678 Acc: 0.3704 F1: 0.3389 | Train Meta: Scaleμ:0.9696, Signal|S|μ:4.1542, Delta|S|μ:3.7673, Delta/Signal:90.69%, Gateμ:-0.4494, Gate0%:0.0, MetaNormμ:8.6214 | Val Meta: Scaleμ:0.9696, Signal|S|μ:4.2858, Delta|S|μ:3.8861, Delta/Signal:90.67%, Gateμ:-0.4494, Gate0%:0.0, MetaNormμ:8.6214
Validation Loss decreased (1.979837 --> 1.967800). Saving best model...
Epoch  33/50 | Train Loss: 1.8892 Acc: 0.3375 F1: 0.3118 | Val Loss: 1.9676 Acc: 0.4074 F1: 0.3907 | Train Meta: Scaleμ:0.9696, Signal|S|μ:4.5201, Delta|S|μ:4.0948, Delta/Signal:90.59%, Gateμ:-0.4494, Gate0%:0.0, MetaNormμ:8.6214 | Val Meta: Scaleμ:0.9696, Signal|S|μ:4.2858, Delta|S|μ:3.8861, Delta/Signal:90.67%, Gateμ:-0.4494, Gate0%:0.0, MetaNormμ:8.6214
Validation Loss decreased (1.967800 --> 1.967550). Saving best model...
Epoch  34/50 | Train Loss: 1.8656 Acc: 0.3958 F1: 0.3637 | Val Loss: 1.9952 Acc: 0.2963 F1: 0.3173 | Train Meta: Scaleμ:0.9696, Signal|S|μ:4.5293, Delta|S|μ:4.1001, Delta/Signal:90.52%, Gateμ:-0.4494, Gate0%:0.0, MetaNormμ:8.6214 | Val Meta: Scaleμ:0.9696, Signal|S|μ:4.2858, Delta|S|μ:3.8861, Delta/Signal:90.67%, Gateμ:-0.4494, Gate0%:0.0, MetaNormμ:8.6214
Epoch  35/50 | Train Loss: 1.8665 Acc: 0.3583 F1: 0.3246 | Val Loss: 1.9637 Acc: 0.4074 F1: 0.3907 | Train Meta: Scaleμ:0.9696, Signal|S|μ:4.2550, Delta|S|μ:3.8562, Delta/Signal:90.63%, Gateμ:-0.4494, Gate0%:0.0, MetaNormμ:8.6214 | Val Meta: Scaleμ:0.9696, Signal|S|μ:4.2858, Delta|S|μ:3.8861, Delta/Signal:90.67%, Gateμ:-0.4494, Gate0%:0.0, MetaNormμ:8.6214
Validation Loss decreased (1.967550 --> 1.963699). Saving best model...
Epoch  36/50 | Train Loss: 1.8736 Acc: 0.3875 F1: 0.3734 | Val Loss: 1.9374 Acc: 0.3704 F1: 0.3058 | Train Meta: Scaleμ:0.9696, Signal|S|μ:4.4395, Delta|S|μ:4.0158, Delta/Signal:90.46%, Gateμ:-0.4494, Gate0%:0.0, MetaNormμ:8.6214 | Val Meta: Scaleμ:0.9696, Signal|S|μ:4.2858, Delta|S|μ:3.8861, Delta/Signal:90.67%, Gateμ:-0.4494, Gate0%:0.0, MetaNormμ:8.6214
Validation Loss decreased (1.963699 --> 1.937435). Saving best model...
Epoch  37/50 | Train Loss: 1.8672 Acc: 0.3583 F1: 0.2978 | Val Loss: 2.0061 Acc: 0.2963 F1: 0.2911 | Train Meta: Scaleμ:0.9696, Signal|S|μ:4.4623, Delta|S|μ:4.0412, Delta/Signal:90.56%, Gateμ:-0.4494, Gate0%:0.0, MetaNormμ:8.6214 | Val Meta: Scaleμ:0.9696, Signal|S|μ:4.2858, Delta|S|μ:3.8861, Delta/Signal:90.67%, Gateμ:-0.4494, Gate0%:0.0, MetaNormμ:8.6214
Epoch  38/50 | Train Loss: 1.8755 Acc: 0.3042 F1: 0.2939 | Val Loss: 1.9115 Acc: 0.3704 F1: 0.3135 | Train Meta: Scaleμ:0.9696, Signal|S|μ:4.3297, Delta|S|μ:3.9204, Delta/Signal:90.55%, Gateμ:-0.4494, Gate0%:0.0, MetaNormμ:8.6214 | Val Meta: Scaleμ:0.9696, Signal|S|μ:4.2858, Delta|S|μ:3.8861, Delta/Signal:90.67%, Gateμ:-0.4494, Gate0%:0.0, MetaNormμ:8.6214
Validation Loss decreased (1.937435 --> 1.911548). Saving best model...
Epoch  39/50 | Train Loss: 1.8683 Acc: 0.3500 F1: 0.3026 | Val Loss: 1.9762 Acc: 0.2593 F1: 0.2222 | Train Meta: Scaleμ:0.9696, Signal|S|μ:4.5984, Delta|S|μ:4.1659, Delta/Signal:90.60%, Gateμ:-0.4494, Gate0%:0.0, MetaNormμ:8.6214 | Val Meta: Scaleμ:0.9696, Signal|S|μ:4.2858, Delta|S|μ:3.8861, Delta/Signal:90.67%, Gateμ:-0.4494, Gate0%:0.0, MetaNormμ:8.6214
Epoch  40/50 | Train Loss: 1.8449 Acc: 0.4167 F1: 0.3842 | Val Loss: 1.9208 Acc: 0.2963 F1: 0.2642 | Train Meta: Scaleμ:0.9696, Signal|S|μ:4.1568, Delta|S|μ:3.7678, Delta/Signal:90.64%, Gateμ:-0.4494, Gate0%:0.0, MetaNormμ:8.6214 | Val Meta: Scaleμ:0.9696, Signal|S|μ:4.2858, Delta|S|μ:3.8861, Delta/Signal:90.67%, Gateμ:-0.4494, Gate0%:0.0, MetaNormμ:8.6214
Epoch  41/50 | Train Loss: 1.8194 Acc: 0.4292 F1: 0.4016 | Val Loss: 1.9599 Acc: 0.3333 F1: 0.2931 | Train Meta: Scaleμ:0.9696, Signal|S|μ:4.3695, Delta|S|μ:3.9557, Delta/Signal:90.53%, Gateμ:-0.4494, Gate0%:0.0, MetaNormμ:8.6214 | Val Meta: Scaleμ:0.9696, Signal|S|μ:4.2858, Delta|S|μ:3.8861, Delta/Signal:90.67%, Gateμ:-0.4494, Gate0%:0.0, MetaNormμ:8.6214
Epoch  42/50 | Train Loss: 1.8188 Acc: 0.4125 F1: 0.3727 | Val Loss: 1.9325 Acc: 0.3333 F1: 0.2916 | Train Meta: Scaleμ:0.9696, Signal|S|μ:4.5122, Delta|S|μ:4.0858, Delta/Signal:90.55%, Gateμ:-0.4494, Gate0%:0.0, MetaNormμ:8.6214 | Val Meta: Scaleμ:0.9696, Signal|S|μ:4.2858, Delta|S|μ:3.8861, Delta/Signal:90.67%, Gateμ:-0.4494, Gate0%:0.0, MetaNormμ:8.6214
Epoch  43/50 | Train Loss: 1.8242 Acc: 0.3792 F1: 0.3614 | Val Loss: 1.9092 Acc: 0.3333 F1: 0.3193 | Train Meta: Scaleμ:0.9696, Signal|S|μ:4.3404, Delta|S|μ:3.9343, Delta/Signal:90.64%, Gateμ:-0.4494, Gate0%:0.0, MetaNormμ:8.6214 | Val Meta: Scaleμ:0.9696, Signal|S|μ:4.2858, Delta|S|μ:3.8861, Delta/Signal:90.67%, Gateμ:-0.4494, Gate0%:0.0, MetaNormμ:8.6214
Validation Loss decreased (1.911548 --> 1.909204). Saving best model...
Epoch  44/50 | Train Loss: 1.8169 Acc: 0.4125 F1: 0.3631 | Val Loss: 1.9198 Acc: 0.4074 F1: 0.3395 | Train Meta: Scaleμ:0.9696, Signal|S|μ:4.3946, Delta|S|μ:3.9896, Delta/Signal:90.78%, Gateμ:-0.4494, Gate0%:0.0, MetaNormμ:8.6214 | Val Meta: Scaleμ:0.9696, Signal|S|μ:4.2858, Delta|S|μ:3.8861, Delta/Signal:90.67%, Gateμ:-0.4494, Gate0%:0.0, MetaNormμ:8.6214
Epoch  45/50 | Train Loss: 1.8176 Acc: 0.3625 F1: 0.3313 | Val Loss: 1.9738 Acc: 0.3704 F1: 0.3739 | Train Meta: Scaleμ:0.9696, Signal|S|μ:4.5114, Delta|S|μ:4.0838, Delta/Signal:90.52%, Gateμ:-0.4494, Gate0%:0.0, MetaNormμ:8.6214 | Val Meta: Scaleμ:0.9696, Signal|S|μ:4.2858, Delta|S|μ:3.8861, Delta/Signal:90.67%, Gateμ:-0.4494, Gate0%:0.0, MetaNormμ:8.6214
Epoch  46/50 | Train Loss: 1.8195 Acc: 0.4125 F1: 0.3856 | Val Loss: 1.8908 Acc: 0.3333 F1: 0.3130 | Train Meta: Scaleμ:0.9696, Signal|S|μ:4.3920, Delta|S|μ:3.9770, Delta/Signal:90.55%, Gateμ:-0.4494, Gate0%:0.0, MetaNormμ:8.6214 | Val Meta: Scaleμ:0.9696, Signal|S|μ:4.2858, Delta|S|μ:3.8861, Delta/Signal:90.67%, Gateμ:-0.4494, Gate0%:0.0, MetaNormμ:8.6214
Validation Loss decreased (1.909204 --> 1.890842). Saving best model...
Epoch  47/50 | Train Loss: 1.8025 Acc: 0.3917 F1: 0.3657 | Val Loss: 1.9221 Acc: 0.4444 F1: 0.4376 | Train Meta: Scaleμ:0.9696, Signal|S|μ:4.3123, Delta|S|μ:3.9110, Delta/Signal:90.69%, Gateμ:-0.4494, Gate0%:0.0, MetaNormμ:8.6214 | Val Meta: Scaleμ:0.9696, Signal|S|μ:4.2858, Delta|S|μ:3.8861, Delta/Signal:90.67%, Gateμ:-0.4494, Gate0%:0.0, MetaNormμ:8.6214
Epoch  48/50 | Train Loss: 1.7995 Acc: 0.4208 F1: 0.3755 | Val Loss: 1.9492 Acc: 0.3333 F1: 0.3156 | Train Meta: Scaleμ:0.9696, Signal|S|μ:4.3467, Delta|S|μ:3.9399, Delta/Signal:90.64%, Gateμ:-0.4494, Gate0%:0.0, MetaNormμ:8.6214 | Val Meta: Scaleμ:0.9696, Signal|S|μ:4.2858, Delta|S|μ:3.8861, Delta/Signal:90.67%, Gateμ:-0.4494, Gate0%:0.0, MetaNormμ:8.6214
Epoch  49/50 | Train Loss: 1.7868 Acc: 0.4250 F1: 0.4037 | Val Loss: 1.8793 Acc: 0.2963 F1: 0.3198 | Train Meta: Scaleμ:0.9696, Signal|S|μ:4.4888, Delta|S|μ:4.0670, Delta/Signal:90.60%, Gateμ:-0.4494, Gate0%:0.0, MetaNormμ:8.6214 | Val Meta: Scaleμ:0.9696, Signal|S|μ:4.2858, Delta|S|μ:3.8861, Delta/Signal:90.67%, Gateμ:-0.4494, Gate0%:0.0, MetaNormμ:8.6214
Validation Loss decreased (1.890842 --> 1.879330). Saving best model...
Epoch  50/50 | Train Loss: 1.7951 Acc: 0.4458 F1: 0.4055 | Val Loss: 1.9358 Acc: 0.3333 F1: 0.2971 | Train Meta: Scaleμ:0.9696, Signal|S|μ:4.1645, Delta|S|μ:3.7809, Delta/Signal:90.79%, Gateμ:-0.4494, Gate0%:0.0, MetaNormμ:8.6214 | Val Meta: Scaleμ:0.9696, Signal|S|μ:4.2858, Delta|S|μ:3.8861, Delta/Signal:90.67%, Gateμ:-0.4494, Gate0%:0.0, MetaNormμ:8.6214

Classification Test Result (JapaneseVowels)
Accuracy : 0.354054
F1 (macro): 0.292861
Saved attention maps for 3 sample(s) under ./runs/classification_electricity_to_JapaneseVowels_laya_metadata_query_gate_stats/attention_maps
/data/pjh_workspace/ts-env/lib/python3.8/site-packages/torch/nn/modules/transformer.py:307: UserWarning: enable_nested_tensor is True, but self.use_nested_tensor is False because encoder_layer.norm_first was True
  warnings.warn(f"enable_nested_tensor is True, but self.use_nested_tensor is False because {why_not_sparsity_fast_path}")
==================================================
🚀 Architecture: LAYA
📊 Target Dataset: PEMS-SF (Channels: 963)
📊 Pretrain Info: electricity
📊 Classes: 7 | Sequence Length: 144
==================================================
✅ Loaded pretrained encoder from ./checkpoints/electricity_laya_metadata_query_gate_stats/laya_ts_electricity_s_best.pt
   - 104/104 keys matched.
✅ Encoder is FROZEN (Linear Probing mode).
📝 metadata: mode=stats, fusion=none, relation=metadata_query_gate
ℹ️  Metadata Fusion Mode: none
ℹ️  Channel Mixer Relation Mode: metadata_query_gate
ℹ️  Encoder Variant: default
ℹ️  Channel Adapter: disabled for Laya downstream (mixer)
ℹ️  Channel Relation Block: disabled
✅ ClassificationHead: [B, 256] → [B, 7]
Epoch   1/50 | Train Loss: 1.9808 Acc: 0.1542 F1: 0.1063 | Val Loss: 1.9841 Acc: 0.0769 F1: 0.0481 | Train Meta: Scaleμ:0.9696, Signal|S|μ:5.3229, Delta|S|μ:4.8218, Delta/Signal:90.59%, Gateμ:-0.4843, Gate0%:0.0, MetaNormμ:8.7357 | Val Meta: Scaleμ:0.9696, Signal|S|μ:5.3320, Delta|S|μ:4.8292, Delta/Signal:90.57%, Gateμ:-0.4843, Gate0%:0.0, MetaNormμ:8.7357
Validation Loss decreased (inf --> 1.984070). Saving best model...
Epoch   2/50 | Train Loss: 1.9424 Acc: 0.2208 F1: 0.1707 | Val Loss: 1.9900 Acc: 0.1538 F1: 0.0922 | Train Meta: Scaleμ:0.9696, Signal|S|μ:5.1847, Delta|S|μ:4.6964, Delta/Signal:90.58%, Gateμ:-0.4843, Gate0%:0.0, MetaNormμ:8.7357 | Val Meta: Scaleμ:0.9696, Signal|S|μ:5.3320, Delta|S|μ:4.8292, Delta/Signal:90.57%, Gateμ:-0.4843, Gate0%:0.0, MetaNormμ:8.7357
Epoch   3/50 | Train Loss: 1.8980 Acc: 0.2167 F1: 0.1498 | Val Loss: 1.8653 Acc: 0.2692 F1: 0.1089 | Train Meta: Scaleμ:0.9696, Signal|S|μ:5.1576, Delta|S|μ:4.6714, Delta/Signal:90.57%, Gateμ:-0.4843, Gate0%:0.0, MetaNormμ:8.7357 | Val Meta: Scaleμ:0.9696, Signal|S|μ:5.3320, Delta|S|μ:4.8292, Delta/Signal:90.57%, Gateμ:-0.4843, Gate0%:0.0, MetaNormμ:8.7357
Validation Loss decreased (1.984070 --> 1.865291). Saving best model...
Epoch   4/50 | Train Loss: 1.8821 Acc: 0.2833 F1: 0.1438 | Val Loss: 1.8402 Acc: 0.2692 F1: 0.1360 | Train Meta: Scaleμ:0.9696, Signal|S|μ:5.5672, Delta|S|μ:5.0422, Delta/Signal:90.57%, Gateμ:-0.4843, Gate0%:0.0, MetaNormμ:8.7357 | Val Meta: Scaleμ:0.9696, Signal|S|μ:5.3320, Delta|S|μ:4.8292, Delta/Signal:90.57%, Gateμ:-0.4843, Gate0%:0.0, MetaNormμ:8.7357
Validation Loss decreased (1.865291 --> 1.840154). Saving best model...
Epoch   5/50 | Train Loss: 1.8619 Acc: 0.2542 F1: 0.1826 | Val Loss: 1.8235 Acc: 0.1538 F1: 0.1333 | Train Meta: Scaleμ:0.9696, Signal|S|μ:5.1174, Delta|S|μ:4.6357, Delta/Signal:90.59%, Gateμ:-0.4843, Gate0%:0.0, MetaNormμ:8.7357 | Val Meta: Scaleμ:0.9696, Signal|S|μ:5.3320, Delta|S|μ:4.8292, Delta/Signal:90.57%, Gateμ:-0.4843, Gate0%:0.0, MetaNormμ:8.7357
Validation Loss decreased (1.840154 --> 1.823463). Saving best model...
Epoch   6/50 | Train Loss: 1.8475 Acc: 0.3125 F1: 0.1995 | Val Loss: 1.8145 Acc: 0.2692 F1: 0.1688 | Train Meta: Scaleμ:0.9696, Signal|S|μ:5.3349, Delta|S|μ:4.8325, Delta/Signal:90.58%, Gateμ:-0.4843, Gate0%:0.0, MetaNormμ:8.7357 | Val Meta: Scaleμ:0.9696, Signal|S|μ:5.3320, Delta|S|μ:4.8292, Delta/Signal:90.57%, Gateμ:-0.4843, Gate0%:0.0, MetaNormμ:8.7357
Validation Loss decreased (1.823463 --> 1.814459). Saving best model...
Epoch   7/50 | Train Loss: 1.8105 Acc: 0.3167 F1: 0.2000 | Val Loss: 1.8133 Acc: 0.1923 F1: 0.1111 | Train Meta: Scaleμ:0.9696, Signal|S|μ:4.9792, Delta|S|μ:4.5115, Delta/Signal:90.61%, Gateμ:-0.4843, Gate0%:0.0, MetaNormμ:8.7357 | Val Meta: Scaleμ:0.9696, Signal|S|μ:5.3320, Delta|S|μ:4.8292, Delta/Signal:90.57%, Gateμ:-0.4843, Gate0%:0.0, MetaNormμ:8.7357
Validation Loss decreased (1.814459 --> 1.813307). Saving best model...
Epoch   8/50 | Train Loss: 1.7961 Acc: 0.3042 F1: 0.1881 | Val Loss: 1.7579 Acc: 0.1923 F1: 0.0952 | Train Meta: Scaleμ:0.9696, Signal|S|μ:5.6601, Delta|S|μ:5.1263, Delta/Signal:90.57%, Gateμ:-0.4843, Gate0%:0.0, MetaNormμ:8.7357 | Val Meta: Scaleμ:0.9696, Signal|S|μ:5.3320, Delta|S|μ:4.8292, Delta/Signal:90.57%, Gateμ:-0.4843, Gate0%:0.0, MetaNormμ:8.7357
Validation Loss decreased (1.813307 --> 1.757900). Saving best model...
Epoch   9/50 | Train Loss: 1.7786 Acc: 0.3333 F1: 0.2197 | Val Loss: 1.7393 Acc: 0.1923 F1: 0.0952 | Train Meta: Scaleμ:0.9696, Signal|S|μ:5.3022, Delta|S|μ:4.8034, Delta/Signal:90.59%, Gateμ:-0.4843, Gate0%:0.0, MetaNormμ:8.7357 | Val Meta: Scaleμ:0.9696, Signal|S|μ:5.3320, Delta|S|μ:4.8292, Delta/Signal:90.57%, Gateμ:-0.4843, Gate0%:0.0, MetaNormμ:8.7357
Validation Loss decreased (1.757900 --> 1.739254). Saving best model...
Epoch  10/50 | Train Loss: 1.7549 Acc: 0.3000 F1: 0.1906 | Val Loss: 1.7139 Acc: 0.1923 F1: 0.0952 | Train Meta: Scaleμ:0.9696, Signal|S|μ:5.3156, Delta|S|μ:4.8149, Delta/Signal:90.58%, Gateμ:-0.4843, Gate0%:0.0, MetaNormμ:8.7357 | Val Meta: Scaleμ:0.9696, Signal|S|μ:5.3320, Delta|S|μ:4.8292, Delta/Signal:90.57%, Gateμ:-0.4843, Gate0%:0.0, MetaNormμ:8.7357
Validation Loss decreased (1.739254 --> 1.713888). Saving best model...
Epoch  11/50 | Train Loss: 1.7403 Acc: 0.3250 F1: 0.1787 | Val Loss: 1.6825 Acc: 0.2308 F1: 0.1280 | Train Meta: Scaleμ:0.9696, Signal|S|μ:5.2739, Delta|S|μ:4.7766, Delta/Signal:90.57%, Gateμ:-0.4843, Gate0%:0.0, MetaNormμ:8.7357 | Val Meta: Scaleμ:0.9696, Signal|S|μ:5.3320, Delta|S|μ:4.8292, Delta/Signal:90.57%, Gateμ:-0.4843, Gate0%:0.0, MetaNormμ:8.7357
Validation Loss decreased (1.713888 --> 1.682546). Saving best model...
Epoch  12/50 | Train Loss: 1.7281 Acc: 0.2917 F1: 0.2269 | Val Loss: 1.7286 Acc: 0.1923 F1: 0.1099 | Train Meta: Scaleμ:0.9696, Signal|S|μ:5.6376, Delta|S|μ:5.1063, Delta/Signal:90.58%, Gateμ:-0.4843, Gate0%:0.0, MetaNormμ:8.7357 | Val Meta: Scaleμ:0.9696, Signal|S|μ:5.3320, Delta|S|μ:4.8292, Delta/Signal:90.57%, Gateμ:-0.4843, Gate0%:0.0, MetaNormμ:8.7357
Epoch  13/50 | Train Loss: 1.7105 Acc: 0.3333 F1: 0.2068 | Val Loss: 1.6539 Acc: 0.2308 F1: 0.1667 | Train Meta: Scaleμ:0.9696, Signal|S|μ:5.3713, Delta|S|μ:4.8644, Delta/Signal:90.56%, Gateμ:-0.4843, Gate0%:0.0, MetaNormμ:8.7357 | Val Meta: Scaleμ:0.9696, Signal|S|μ:5.3320, Delta|S|μ:4.8292, Delta/Signal:90.57%, Gateμ:-0.4843, Gate0%:0.0, MetaNormμ:8.7357
Validation Loss decreased (1.682546 --> 1.653899). Saving best model...
Epoch  14/50 | Train Loss: 1.6890 Acc: 0.3667 F1: 0.2801 | Val Loss: 1.6430 Acc: 0.2308 F1: 0.1267 | Train Meta: Scaleμ:0.9696, Signal|S|μ:5.5706, Delta|S|μ:5.0447, Delta/Signal:90.56%, Gateμ:-0.4843, Gate0%:0.0, MetaNormμ:8.7357 | Val Meta: Scaleμ:0.9696, Signal|S|μ:5.3320, Delta|S|μ:4.8292, Delta/Signal:90.57%, Gateμ:-0.4843, Gate0%:0.0, MetaNormμ:8.7357
Validation Loss decreased (1.653899 --> 1.642990). Saving best model...
Epoch  15/50 | Train Loss: 1.6861 Acc: 0.3542 F1: 0.3253 | Val Loss: 1.6439 Acc: 0.1923 F1: 0.1099 | Train Meta: Scaleμ:0.9696, Signal|S|μ:5.4531, Delta|S|μ:4.9394, Delta/Signal:90.58%, Gateμ:-0.4843, Gate0%:0.0, MetaNormμ:8.7357 | Val Meta: Scaleμ:0.9696, Signal|S|μ:5.3320, Delta|S|μ:4.8292, Delta/Signal:90.57%, Gateμ:-0.4843, Gate0%:0.0, MetaNormμ:8.7357
Epoch  16/50 | Train Loss: 1.6735 Acc: 0.3583 F1: 0.2460 | Val Loss: 1.5941 Acc: 0.3077 F1: 0.2086 | Train Meta: Scaleμ:0.9696, Signal|S|μ:5.4749, Delta|S|μ:4.9587, Delta/Signal:90.57%, Gateμ:-0.4843, Gate0%:0.0, MetaNormμ:8.7357 | Val Meta: Scaleμ:0.9696, Signal|S|μ:5.3320, Delta|S|μ:4.8292, Delta/Signal:90.57%, Gateμ:-0.4843, Gate0%:0.0, MetaNormμ:8.7357
Validation Loss decreased (1.642990 --> 1.594091). Saving best model...
Epoch  17/50 | Train Loss: 1.6685 Acc: 0.3792 F1: 0.2742 | Val Loss: 1.5574 Acc: 0.4231 F1: 0.2686 | Train Meta: Scaleμ:0.9696, Signal|S|μ:5.1500, Delta|S|μ:4.6657, Delta/Signal:90.60%, Gateμ:-0.4843, Gate0%:0.0, MetaNormμ:8.7357 | Val Meta: Scaleμ:0.9696, Signal|S|μ:5.3320, Delta|S|μ:4.8292, Delta/Signal:90.57%, Gateμ:-0.4843, Gate0%:0.0, MetaNormμ:8.7357
Validation Loss decreased (1.594091 --> 1.557396). Saving best model...
Epoch  18/50 | Train Loss: 1.6541 Acc: 0.3583 F1: 0.2896 | Val Loss: 1.6460 Acc: 0.2308 F1: 0.1199 | Train Meta: Scaleμ:0.9696, Signal|S|μ:5.4429, Delta|S|μ:4.9297, Delta/Signal:90.57%, Gateμ:-0.4843, Gate0%:0.0, MetaNormμ:8.7357 | Val Meta: Scaleμ:0.9696, Signal|S|μ:5.3320, Delta|S|μ:4.8292, Delta/Signal:90.57%, Gateμ:-0.4843, Gate0%:0.0, MetaNormμ:8.7357
Epoch  19/50 | Train Loss: 1.6257 Acc: 0.4167 F1: 0.3540 | Val Loss: 1.5209 Acc: 0.3846 F1: 0.2238 | Train Meta: Scaleμ:0.9696, Signal|S|μ:5.3752, Delta|S|μ:4.8697, Delta/Signal:90.60%, Gateμ:-0.4843, Gate0%:0.0, MetaNormμ:8.7357 | Val Meta: Scaleμ:0.9696, Signal|S|μ:5.3320, Delta|S|μ:4.8292, Delta/Signal:90.57%, Gateμ:-0.4843, Gate0%:0.0, MetaNormμ:8.7357
Validation Loss decreased (1.557396 --> 1.520887). Saving best model...
Epoch  20/50 | Train Loss: 1.6310 Acc: 0.3917 F1: 0.2839 | Val Loss: 1.6395 Acc: 0.2308 F1: 0.1667 | Train Meta: Scaleμ:0.9696, Signal|S|μ:5.1138, Delta|S|μ:4.6330, Delta/Signal:90.60%, Gateμ:-0.4843, Gate0%:0.0, MetaNormμ:8.7357 | Val Meta: Scaleμ:0.9696, Signal|S|μ:5.3320, Delta|S|μ:4.8292, Delta/Signal:90.57%, Gateμ:-0.4843, Gate0%:0.0, MetaNormμ:8.7357
Epoch  21/50 | Train Loss: 1.6268 Acc: 0.3500 F1: 0.3004 | Val Loss: 1.4961 Acc: 0.5385 F1: 0.2581 | Train Meta: Scaleμ:0.9696, Signal|S|μ:5.7751, Delta|S|μ:5.2298, Delta/Signal:90.56%, Gateμ:-0.4843, Gate0%:0.0, MetaNormμ:8.7357 | Val Meta: Scaleμ:0.9696, Signal|S|μ:5.3320, Delta|S|μ:4.8292, Delta/Signal:90.57%, Gateμ:-0.4843, Gate0%:0.0, MetaNormμ:8.7357
Validation Loss decreased (1.520887 --> 1.496122). Saving best model...
Epoch  22/50 | Train Loss: 1.6015 Acc: 0.3917 F1: 0.3328 | Val Loss: 1.5766 Acc: 0.3077 F1: 0.2500 | Train Meta: Scaleμ:0.9696, Signal|S|μ:5.2623, Delta|S|μ:4.7668, Delta/Signal:90.58%, Gateμ:-0.4843, Gate0%:0.0, MetaNormμ:8.7357 | Val Meta: Scaleμ:0.9696, Signal|S|μ:5.3320, Delta|S|μ:4.8292, Delta/Signal:90.57%, Gateμ:-0.4843, Gate0%:0.0, MetaNormμ:8.7357
Epoch  23/50 | Train Loss: 1.5839 Acc: 0.4250 F1: 0.3696 | Val Loss: 1.4770 Acc: 0.5385 F1: 0.2581 | Train Meta: Scaleμ:0.9696, Signal|S|μ:5.4264, Delta|S|μ:4.9141, Delta/Signal:90.56%, Gateμ:-0.4843, Gate0%:0.0, MetaNormμ:8.7357 | Val Meta: Scaleμ:0.9696, Signal|S|μ:5.3320, Delta|S|μ:4.8292, Delta/Signal:90.57%, Gateμ:-0.4843, Gate0%:0.0, MetaNormμ:8.7357
Validation Loss decreased (1.496122 --> 1.477035). Saving best model...
Epoch  24/50 | Train Loss: 1.5837 Acc: 0.3500 F1: 0.2807 | Val Loss: 1.5620 Acc: 0.3077 F1: 0.2500 | Train Meta: Scaleμ:0.9696, Signal|S|μ:5.1603, Delta|S|μ:4.6754, Delta/Signal:90.60%, Gateμ:-0.4843, Gate0%:0.0, MetaNormμ:8.7357 | Val Meta: Scaleμ:0.9696, Signal|S|μ:5.3320, Delta|S|μ:4.8292, Delta/Signal:90.57%, Gateμ:-0.4843, Gate0%:0.0, MetaNormμ:8.7357
Epoch  25/50 | Train Loss: 1.5823 Acc: 0.4000 F1: 0.3180 | Val Loss: 1.5017 Acc: 0.4231 F1: 0.3452 | Train Meta: Scaleμ:0.9696, Signal|S|μ:5.3121, Delta|S|μ:4.8128, Delta/Signal:90.60%, Gateμ:-0.4843, Gate0%:0.0, MetaNormμ:8.7357 | Val Meta: Scaleμ:0.9696, Signal|S|μ:5.3320, Delta|S|μ:4.8292, Delta/Signal:90.57%, Gateμ:-0.4843, Gate0%:0.0, MetaNormμ:8.7357
Epoch  26/50 | Train Loss: 1.5874 Acc: 0.3125 F1: 0.2783 | Val Loss: 1.4647 Acc: 0.3846 F1: 0.2817 | Train Meta: Scaleμ:0.9696, Signal|S|μ:5.5470, Delta|S|μ:5.0238, Delta/Signal:90.57%, Gateμ:-0.4843, Gate0%:0.0, MetaNormμ:8.7357 | Val Meta: Scaleμ:0.9696, Signal|S|μ:5.3320, Delta|S|μ:4.8292, Delta/Signal:90.57%, Gateμ:-0.4843, Gate0%:0.0, MetaNormμ:8.7357
Validation Loss decreased (1.477035 --> 1.464652). Saving best model...
Epoch  27/50 | Train Loss: 1.5616 Acc: 0.4083 F1: 0.3355 | Val Loss: 1.5165 Acc: 0.3077 F1: 0.2500 | Train Meta: Scaleμ:0.9696, Signal|S|μ:5.3193, Delta|S|μ:4.8181, Delta/Signal:90.58%, Gateμ:-0.4843, Gate0%:0.0, MetaNormμ:8.7357 | Val Meta: Scaleμ:0.9696, Signal|S|μ:5.3320, Delta|S|μ:4.8292, Delta/Signal:90.57%, Gateμ:-0.4843, Gate0%:0.0, MetaNormμ:8.7357
Epoch  28/50 | Train Loss: 1.5450 Acc: 0.3875 F1: 0.3785 | Val Loss: 1.4272 Acc: 0.6154 F1: 0.4293 | Train Meta: Scaleμ:0.9696, Signal|S|μ:5.2545, Delta|S|μ:4.7594, Delta/Signal:90.58%, Gateμ:-0.4843, Gate0%:0.0, MetaNormμ:8.7357 | Val Meta: Scaleμ:0.9696, Signal|S|μ:5.3320, Delta|S|μ:4.8292, Delta/Signal:90.57%, Gateμ:-0.4843, Gate0%:0.0, MetaNormμ:8.7357
Validation Loss decreased (1.464652 --> 1.427185). Saving best model...
Epoch  29/50 | Train Loss: 1.5250 Acc: 0.4250 F1: 0.3842 | Val Loss: 1.5136 Acc: 0.3077 F1: 0.2500 | Train Meta: Scaleμ:0.9696, Signal|S|μ:5.3976, Delta|S|μ:4.8894, Delta/Signal:90.58%, Gateμ:-0.4843, Gate0%:0.0, MetaNormμ:8.7357 | Val Meta: Scaleμ:0.9696, Signal|S|μ:5.3320, Delta|S|μ:4.8292, Delta/Signal:90.57%, Gateμ:-0.4843, Gate0%:0.0, MetaNormμ:8.7357
Epoch  30/50 | Train Loss: 1.5072 Acc: 0.4417 F1: 0.3721 | Val Loss: 1.4759 Acc: 0.3077 F1: 0.2500 | Train Meta: Scaleμ:0.9696, Signal|S|μ:5.6409, Delta|S|μ:5.1086, Delta/Signal:90.56%, Gateμ:-0.4843, Gate0%:0.0, MetaNormμ:8.7357 | Val Meta: Scaleμ:0.9696, Signal|S|μ:5.3320, Delta|S|μ:4.8292, Delta/Signal:90.57%, Gateμ:-0.4843, Gate0%:0.0, MetaNormμ:8.7357
Epoch  31/50 | Train Loss: 1.5097 Acc: 0.3833 F1: 0.3687 | Val Loss: 1.4485 Acc: 0.3462 F1: 0.3365 | Train Meta: Scaleμ:0.9696, Signal|S|μ:5.4358, Delta|S|μ:4.9247, Delta/Signal:90.60%, Gateμ:-0.4843, Gate0%:0.0, MetaNormμ:8.7357 | Val Meta: Scaleμ:0.9696, Signal|S|μ:5.3320, Delta|S|μ:4.8292, Delta/Signal:90.57%, Gateμ:-0.4843, Gate0%:0.0, MetaNormμ:8.7357
Epoch  32/50 | Train Loss: 1.4947 Acc: 0.4250 F1: 0.3570 | Val Loss: 1.4283 Acc: 0.3846 F1: 0.3276 | Train Meta: Scaleμ:0.9696, Signal|S|μ:5.1784, Delta|S|μ:4.6900, Delta/Signal:90.57%, Gateμ:-0.4843, Gate0%:0.0, MetaNormμ:8.7357 | Val Meta: Scaleμ:0.9696, Signal|S|μ:5.3320, Delta|S|μ:4.8292, Delta/Signal:90.57%, Gateμ:-0.4843, Gate0%:0.0, MetaNormμ:8.7357
Epoch  33/50 | Train Loss: 1.4803 Acc: 0.4500 F1: 0.3845 | Val Loss: 1.4506 Acc: 0.3846 F1: 0.3365 | Train Meta: Scaleμ:0.9696, Signal|S|μ:5.5544, Delta|S|μ:5.0300, Delta/Signal:90.56%, Gateμ:-0.4843, Gate0%:0.0, MetaNormμ:8.7357 | Val Meta: Scaleμ:0.9696, Signal|S|μ:5.3320, Delta|S|μ:4.8292, Delta/Signal:90.57%, Gateμ:-0.4843, Gate0%:0.0, MetaNormμ:8.7357
Epoch  34/50 | Train Loss: 1.4923 Acc: 0.4500 F1: 0.4075 | Val Loss: 1.3843 Acc: 0.4615 F1: 0.3071 | Train Meta: Scaleμ:0.9696, Signal|S|μ:5.2476, Delta|S|μ:4.7540, Delta/Signal:90.59%, Gateμ:-0.4843, Gate0%:0.0, MetaNormμ:8.7357 | Val Meta: Scaleμ:0.9696, Signal|S|μ:5.3320, Delta|S|μ:4.8292, Delta/Signal:90.57%, Gateμ:-0.4843, Gate0%:0.0, MetaNormμ:8.7357
Validation Loss decreased (1.427185 --> 1.384293). Saving best model...
Epoch  35/50 | Train Loss: 1.4784 Acc: 0.4125 F1: 0.3664 | Val Loss: 1.4821 Acc: 0.3846 F1: 0.3643 | Train Meta: Scaleμ:0.9696, Signal|S|μ:5.4175, Delta|S|μ:4.9064, Delta/Signal:90.57%, Gateμ:-0.4843, Gate0%:0.0, MetaNormμ:8.7357 | Val Meta: Scaleμ:0.9696, Signal|S|μ:5.3320, Delta|S|μ:4.8292, Delta/Signal:90.57%, Gateμ:-0.4843, Gate0%:0.0, MetaNormμ:8.7357
Epoch  36/50 | Train Loss: 1.4815 Acc: 0.4208 F1: 0.3719 | Val Loss: 1.3680 Acc: 0.4231 F1: 0.2937 | Train Meta: Scaleμ:0.9696, Signal|S|μ:5.0321, Delta|S|μ:4.5590, Delta/Signal:90.60%, Gateμ:-0.4843, Gate0%:0.0, MetaNormμ:8.7357 | Val Meta: Scaleμ:0.9696, Signal|S|μ:5.3320, Delta|S|μ:4.8292, Delta/Signal:90.57%, Gateμ:-0.4843, Gate0%:0.0, MetaNormμ:8.7357
Validation Loss decreased (1.384293 --> 1.368040). Saving best model...
Epoch  37/50 | Train Loss: 1.4652 Acc: 0.4417 F1: 0.4061 | Val Loss: 1.4962 Acc: 0.3846 F1: 0.3643 | Train Meta: Scaleμ:0.9696, Signal|S|μ:5.1270, Delta|S|μ:4.6442, Delta/Signal:90.58%, Gateμ:-0.4843, Gate0%:0.0, MetaNormμ:8.7357 | Val Meta: Scaleμ:0.9696, Signal|S|μ:5.3320, Delta|S|μ:4.8292, Delta/Signal:90.57%, Gateμ:-0.4843, Gate0%:0.0, MetaNormμ:8.7357
Epoch  38/50 | Train Loss: 1.4606 Acc: 0.4667 F1: 0.3889 | Val Loss: 1.3680 Acc: 0.4615 F1: 0.3175 | Train Meta: Scaleμ:0.9696, Signal|S|μ:5.5035, Delta|S|μ:4.9830, Delta/Signal:90.54%, Gateμ:-0.4843, Gate0%:0.0, MetaNormμ:8.7357 | Val Meta: Scaleμ:0.9696, Signal|S|μ:5.3320, Delta|S|μ:4.8292, Delta/Signal:90.57%, Gateμ:-0.4843, Gate0%:0.0, MetaNormμ:8.7357
Validation Loss decreased (1.368040 --> 1.367957). Saving best model...
Epoch  39/50 | Train Loss: 1.4568 Acc: 0.3917 F1: 0.3524 | Val Loss: 1.4411 Acc: 0.3077 F1: 0.2500 | Train Meta: Scaleμ:0.9696, Signal|S|μ:5.5171, Delta|S|μ:4.9963, Delta/Signal:90.56%, Gateμ:-0.4843, Gate0%:0.0, MetaNormμ:8.7357 | Val Meta: Scaleμ:0.9696, Signal|S|μ:5.3320, Delta|S|μ:4.8292, Delta/Signal:90.57%, Gateμ:-0.4843, Gate0%:0.0, MetaNormμ:8.7357
Epoch  40/50 | Train Loss: 1.4462 Acc: 0.4708 F1: 0.4073 | Val Loss: 1.3911 Acc: 0.3846 F1: 0.3127 | Train Meta: Scaleμ:0.9696, Signal|S|μ:5.3902, Delta|S|μ:4.8825, Delta/Signal:90.58%, Gateμ:-0.4843, Gate0%:0.0, MetaNormμ:8.7357 | Val Meta: Scaleμ:0.9696, Signal|S|μ:5.3320, Delta|S|μ:4.8292, Delta/Signal:90.57%, Gateμ:-0.4843, Gate0%:0.0, MetaNormμ:8.7357
Epoch  41/50 | Train Loss: 1.4296 Acc: 0.4500 F1: 0.3903 | Val Loss: 1.3568 Acc: 0.4231 F1: 0.3138 | Train Meta: Scaleμ:0.9696, Signal|S|μ:5.1327, Delta|S|μ:4.6512, Delta/Signal:90.62%, Gateμ:-0.4843, Gate0%:0.0, MetaNormμ:8.7357 | Val Meta: Scaleμ:0.9696, Signal|S|μ:5.3320, Delta|S|μ:4.8292, Delta/Signal:90.57%, Gateμ:-0.4843, Gate0%:0.0, MetaNormμ:8.7357
Validation Loss decreased (1.367957 --> 1.356780). Saving best model...
Epoch  42/50 | Train Loss: 1.4237 Acc: 0.4667 F1: 0.3963 | Val Loss: 1.3440 Acc: 0.5385 F1: 0.4056 | Train Meta: Scaleμ:0.9696, Signal|S|μ:5.3967, Delta|S|μ:4.8874, Delta/Signal:90.56%, Gateμ:-0.4843, Gate0%:0.0, MetaNormμ:8.7357 | Val Meta: Scaleμ:0.9696, Signal|S|μ:5.3320, Delta|S|μ:4.8292, Delta/Signal:90.57%, Gateμ:-0.4843, Gate0%:0.0, MetaNormμ:8.7357
Validation Loss decreased (1.356780 --> 1.343953). Saving best model...
Epoch  43/50 | Train Loss: 1.4343 Acc: 0.4917 F1: 0.4528 | Val Loss: 1.4005 Acc: 0.3846 F1: 0.3556 | Train Meta: Scaleμ:0.9696, Signal|S|μ:5.5774, Delta|S|μ:5.0522, Delta/Signal:90.58%, Gateμ:-0.4843, Gate0%:0.0, MetaNormμ:8.7357 | Val Meta: Scaleμ:0.9696, Signal|S|μ:5.3320, Delta|S|μ:4.8292, Delta/Signal:90.57%, Gateμ:-0.4843, Gate0%:0.0, MetaNormμ:8.7357
Epoch  44/50 | Train Loss: 1.4145 Acc: 0.4417 F1: 0.3640 | Val Loss: 1.3539 Acc: 0.4615 F1: 0.4159 | Train Meta: Scaleμ:0.9696, Signal|S|μ:4.8563, Delta|S|μ:4.4003, Delta/Signal:90.61%, Gateμ:-0.4843, Gate0%:0.0, MetaNormμ:8.7357 | Val Meta: Scaleμ:0.9696, Signal|S|μ:5.3320, Delta|S|μ:4.8292, Delta/Signal:90.57%, Gateμ:-0.4843, Gate0%:0.0, MetaNormμ:8.7357
Epoch  45/50 | Train Loss: 1.4110 Acc: 0.4708 F1: 0.4519 | Val Loss: 1.3981 Acc: 0.3077 F1: 0.2500 | Train Meta: Scaleμ:0.9696, Signal|S|μ:5.5282, Delta|S|μ:5.0058, Delta/Signal:90.55%, Gateμ:-0.4843, Gate0%:0.0, MetaNormμ:8.7357 | Val Meta: Scaleμ:0.9696, Signal|S|μ:5.3320, Delta|S|μ:4.8292, Delta/Signal:90.57%, Gateμ:-0.4843, Gate0%:0.0, MetaNormμ:8.7357
Epoch  46/50 | Train Loss: 1.3976 Acc: 0.4750 F1: 0.4082 | Val Loss: 1.3386 Acc: 0.4615 F1: 0.3619 | Train Meta: Scaleμ:0.9696, Signal|S|μ:5.5071, Delta|S|μ:4.9887, Delta/Signal:90.59%, Gateμ:-0.4843, Gate0%:0.0, MetaNormμ:8.7357 | Val Meta: Scaleμ:0.9696, Signal|S|μ:5.3320, Delta|S|μ:4.8292, Delta/Signal:90.57%, Gateμ:-0.4843, Gate0%:0.0, MetaNormμ:8.7357
Validation Loss decreased (1.343953 --> 1.338562). Saving best model...
Epoch  47/50 | Train Loss: 1.3937 Acc: 0.5125 F1: 0.4464 | Val Loss: 1.3276 Acc: 0.3846 F1: 0.2794 | Train Meta: Scaleμ:0.9696, Signal|S|μ:5.4705, Delta|S|μ:4.9549, Delta/Signal:90.58%, Gateμ:-0.4843, Gate0%:0.0, MetaNormμ:8.7357 | Val Meta: Scaleμ:0.9696, Signal|S|μ:5.3320, Delta|S|μ:4.8292, Delta/Signal:90.57%, Gateμ:-0.4843, Gate0%:0.0, MetaNormμ:8.7357
Validation Loss decreased (1.338562 --> 1.327604). Saving best model...
Epoch  48/50 | Train Loss: 1.3898 Acc: 0.4708 F1: 0.4229 | Val Loss: 1.3739 Acc: 0.4231 F1: 0.3841 | Train Meta: Scaleμ:0.9696, Signal|S|μ:5.6604, Delta|S|μ:5.1279, Delta/Signal:90.59%, Gateμ:-0.4843, Gate0%:0.0, MetaNormμ:8.7357 | Val Meta: Scaleμ:0.9696, Signal|S|μ:5.3320, Delta|S|μ:4.8292, Delta/Signal:90.57%, Gateμ:-0.4843, Gate0%:0.0, MetaNormμ:8.7357
Epoch  49/50 | Train Loss: 1.3999 Acc: 0.4625 F1: 0.4090 | Val Loss: 1.3367 Acc: 0.3846 F1: 0.2852 | Train Meta: Scaleμ:0.9696, Signal|S|μ:5.3827, Delta|S|μ:4.8747, Delta/Signal:90.56%, Gateμ:-0.4843, Gate0%:0.0, MetaNormμ:8.7357 | Val Meta: Scaleμ:0.9696, Signal|S|μ:5.3320, Delta|S|μ:4.8292, Delta/Signal:90.57%, Gateμ:-0.4843, Gate0%:0.0, MetaNormμ:8.7357
Epoch  50/50 | Train Loss: 1.3821 Acc: 0.4792 F1: 0.4294 | Val Loss: 1.3456 Acc: 0.4231 F1: 0.3841 | Train Meta: Scaleμ:0.9696, Signal|S|μ:5.7299, Delta|S|μ:5.1899, Delta/Signal:90.58%, Gateμ:-0.4843, Gate0%:0.0, MetaNormμ:8.7357 | Val Meta: Scaleμ:0.9696, Signal|S|μ:5.3320, Delta|S|μ:4.8292, Delta/Signal:90.57%, Gateμ:-0.4843, Gate0%:0.0, MetaNormμ:8.7357

Classification Test Result (PEMS-SF)
Accuracy : 0.445087
F1 (macro): 0.414332
Saved attention maps for 3 sample(s) under ./runs/classification_electricity_to_PEMS-SF_laya_metadata_query_gate_stats/attention_maps
/data/pjh_workspace/ts-env/lib/python3.8/site-packages/torch/nn/modules/transformer.py:307: UserWarning: enable_nested_tensor is True, but self.use_nested_tensor is False because encoder_layer.norm_first was True
  warnings.warn(f"enable_nested_tensor is True, but self.use_nested_tensor is False because {why_not_sparsity_fast_path}")
==================================================
🚀 Architecture: LAYA
📊 Target Dataset: SelfRegulationSCP1 (Channels: 6)
📊 Pretrain Info: electricity
📊 Classes: 2 | Sequence Length: 896
==================================================
✅ Loaded pretrained encoder from ./checkpoints/electricity_laya_metadata_query_gate_stats/laya_ts_electricity_s_best.pt
   - 104/104 keys matched.
✅ Encoder is FROZEN (Linear Probing mode).
📝 metadata: mode=stats, fusion=none, relation=metadata_query_gate
ℹ️  Metadata Fusion Mode: none
ℹ️  Channel Mixer Relation Mode: metadata_query_gate
ℹ️  Encoder Variant: default
ℹ️  Channel Adapter: disabled for Laya downstream (mixer)
ℹ️  Channel Relation Block: disabled
✅ ClassificationHead: [B, 256] → [B, 2]
Epoch   1/50 | Train Loss: 0.7027 Acc: 0.5458 F1: 0.5452 | Val Loss: 0.6834 Acc: 0.5385 F1: 0.3500 | Train Meta: Scaleμ:0.9696, Signal|S|μ:7.2557, Delta|S|μ:6.7579, Delta/Signal:93.14%, Gateμ:-0.4546, Gate0%:0.0, MetaNormμ:8.7300 | Val Meta: Scaleμ:0.9696, Signal|S|μ:7.4724, Delta|S|μ:6.9550, Delta/Signal:93.08%, Gateμ:-0.4546, Gate0%:0.0, MetaNormμ:8.7300
Validation Loss decreased (inf --> 0.683383). Saving best model...
Epoch   2/50 | Train Loss: 0.6678 Acc: 0.5958 F1: 0.5942 | Val Loss: 0.6440 Acc: 0.6538 F1: 0.6492 | Train Meta: Scaleμ:0.9696, Signal|S|μ:6.1758, Delta|S|μ:5.7494, Delta/Signal:93.10%, Gateμ:-0.4546, Gate0%:0.0, MetaNormμ:8.7300 | Val Meta: Scaleμ:0.9696, Signal|S|μ:7.4724, Delta|S|μ:6.9550, Delta/Signal:93.08%, Gateμ:-0.4546, Gate0%:0.0, MetaNormμ:8.7300
Validation Loss decreased (0.683383 --> 0.643965). Saving best model...
Epoch   3/50 | Train Loss: 0.6495 Acc: 0.6458 F1: 0.6413 | Val Loss: 0.6122 Acc: 0.6923 F1: 0.6905 | Train Meta: Scaleμ:0.9696, Signal|S|μ:6.2759, Delta|S|μ:5.8411, Delta/Signal:93.07%, Gateμ:-0.4546, Gate0%:0.0, MetaNormμ:8.7300 | Val Meta: Scaleμ:0.9696, Signal|S|μ:7.4724, Delta|S|μ:6.9550, Delta/Signal:93.08%, Gateμ:-0.4546, Gate0%:0.0, MetaNormμ:8.7300
Validation Loss decreased (0.643965 --> 0.612240). Saving best model...
Epoch   4/50 | Train Loss: 0.6382 Acc: 0.6375 F1: 0.6357 | Val Loss: 0.5888 Acc: 0.8462 F1: 0.8375 | Train Meta: Scaleμ:0.9696, Signal|S|μ:3.9811, Delta|S|μ:3.6995, Delta/Signal:92.93%, Gateμ:-0.4546, Gate0%:0.0, MetaNormμ:8.7300 | Val Meta: Scaleμ:0.9696, Signal|S|μ:7.4724, Delta|S|μ:6.9550, Delta/Signal:93.08%, Gateμ:-0.4546, Gate0%:0.0, MetaNormμ:8.7300
Validation Loss decreased (0.612240 --> 0.588771). Saving best model...
Epoch   5/50 | Train Loss: 0.6334 Acc: 0.6583 F1: 0.6543 | Val Loss: 0.5792 Acc: 0.7308 F1: 0.7271 | Train Meta: Scaleμ:0.9696, Signal|S|μ:4.6510, Delta|S|μ:4.3211, Delta/Signal:92.91%, Gateμ:-0.4546, Gate0%:0.0, MetaNormμ:8.7300 | Val Meta: Scaleμ:0.9696, Signal|S|μ:7.4724, Delta|S|μ:6.9550, Delta/Signal:93.08%, Gateμ:-0.4546, Gate0%:0.0, MetaNormμ:8.7300
Validation Loss decreased (0.588771 --> 0.579195). Saving best model...
Epoch   6/50 | Train Loss: 0.6193 Acc: 0.6542 F1: 0.6528 | Val Loss: 0.5580 Acc: 0.8077 F1: 0.8074 | Train Meta: Scaleμ:0.9696, Signal|S|μ:4.7563, Delta|S|μ:4.4241, Delta/Signal:93.02%, Gateμ:-0.4546, Gate0%:0.0, MetaNormμ:8.7300 | Val Meta: Scaleμ:0.9696, Signal|S|μ:7.4724, Delta|S|μ:6.9550, Delta/Signal:93.08%, Gateμ:-0.4546, Gate0%:0.0, MetaNormμ:8.7300
Validation Loss decreased (0.579195 --> 0.558003). Saving best model...
Epoch   7/50 | Train Loss: 0.6144 Acc: 0.6625 F1: 0.6604 | Val Loss: 0.5450 Acc: 0.7692 F1: 0.7692 | Train Meta: Scaleμ:0.9696, Signal|S|μ:6.4507, Delta|S|μ:6.0056, Delta/Signal:93.10%, Gateμ:-0.4546, Gate0%:0.0, MetaNormμ:8.7300 | Val Meta: Scaleμ:0.9696, Signal|S|μ:7.4724, Delta|S|μ:6.9550, Delta/Signal:93.08%, Gateμ:-0.4546, Gate0%:0.0, MetaNormμ:8.7300
Validation Loss decreased (0.558003 --> 0.545029). Saving best model...
Epoch   8/50 | Train Loss: 0.6196 Acc: 0.6917 F1: 0.6837 | Val Loss: 0.5305 Acc: 0.8077 F1: 0.8074 | Train Meta: Scaleμ:0.9696, Signal|S|μ:4.6987, Delta|S|μ:4.3705, Delta/Signal:93.02%, Gateμ:-0.4546, Gate0%:0.0, MetaNormμ:8.7300 | Val Meta: Scaleμ:0.9696, Signal|S|μ:7.4724, Delta|S|μ:6.9550, Delta/Signal:93.08%, Gateμ:-0.4546, Gate0%:0.0, MetaNormμ:8.7300
Validation Loss decreased (0.545029 --> 0.530508). Saving best model...
Epoch   9/50 | Train Loss: 0.6208 Acc: 0.6250 F1: 0.6243 | Val Loss: 0.5178 Acc: 0.8846 F1: 0.8831 | Train Meta: Scaleμ:0.9696, Signal|S|μ:5.8857, Delta|S|μ:5.4792, Delta/Signal:93.09%, Gateμ:-0.4546, Gate0%:0.0, MetaNormμ:8.7300 | Val Meta: Scaleμ:0.9696, Signal|S|μ:7.4724, Delta|S|μ:6.9550, Delta/Signal:93.08%, Gateμ:-0.4546, Gate0%:0.0, MetaNormμ:8.7300
Validation Loss decreased (0.530508 --> 0.517841). Saving best model...
Epoch  10/50 | Train Loss: 0.6100 Acc: 0.6417 F1: 0.6417 | Val Loss: 0.5079 Acc: 0.9231 F1: 0.9212 | Train Meta: Scaleμ:0.9696, Signal|S|μ:6.7494, Delta|S|μ:6.2869, Delta/Signal:93.15%, Gateμ:-0.4546, Gate0%:0.0, MetaNormμ:8.7300 | Val Meta: Scaleμ:0.9696, Signal|S|μ:7.4724, Delta|S|μ:6.9550, Delta/Signal:93.08%, Gateμ:-0.4546, Gate0%:0.0, MetaNormμ:8.7300
Validation Loss decreased (0.517841 --> 0.507882). Saving best model...
Epoch  11/50 | Train Loss: 0.6021 Acc: 0.6708 F1: 0.6652 | Val Loss: 0.5080 Acc: 0.8077 F1: 0.8074 | Train Meta: Scaleμ:0.9696, Signal|S|μ:6.7348, Delta|S|μ:6.2661, Delta/Signal:93.04%, Gateμ:-0.4546, Gate0%:0.0, MetaNormμ:8.7300 | Val Meta: Scaleμ:0.9696, Signal|S|μ:7.4724, Delta|S|μ:6.9550, Delta/Signal:93.08%, Gateμ:-0.4546, Gate0%:0.0, MetaNormμ:8.7300
Epoch  12/50 | Train Loss: 0.5928 Acc: 0.6500 F1: 0.6488 | Val Loss: 0.4971 Acc: 0.8077 F1: 0.8074 | Train Meta: Scaleμ:0.9696, Signal|S|μ:4.8802, Delta|S|μ:4.5396, Delta/Signal:93.02%, Gateμ:-0.4546, Gate0%:0.0, MetaNormμ:8.7300 | Val Meta: Scaleμ:0.9696, Signal|S|μ:7.4724, Delta|S|μ:6.9550, Delta/Signal:93.08%, Gateμ:-0.4546, Gate0%:0.0, MetaNormμ:8.7300
Validation Loss decreased (0.507882 --> 0.497075). Saving best model...
Epoch  13/50 | Train Loss: 0.6071 Acc: 0.6625 F1: 0.6594 | Val Loss: 0.5158 Acc: 0.7308 F1: 0.7271 | Train Meta: Scaleμ:0.9696, Signal|S|μ:6.2947, Delta|S|μ:5.8569, Delta/Signal:93.04%, Gateμ:-0.4546, Gate0%:0.0, MetaNormμ:8.7300 | Val Meta: Scaleμ:0.9696, Signal|S|μ:7.4724, Delta|S|μ:6.9550, Delta/Signal:93.08%, Gateμ:-0.4546, Gate0%:0.0, MetaNormμ:8.7300
Epoch  14/50 | Train Loss: 0.5975 Acc: 0.7167 F1: 0.7101 | Val Loss: 0.4905 Acc: 0.8077 F1: 0.8074 | Train Meta: Scaleμ:0.9696, Signal|S|μ:6.7235, Delta|S|μ:6.2538, Delta/Signal:93.01%, Gateμ:-0.4546, Gate0%:0.0, MetaNormμ:8.7300 | Val Meta: Scaleμ:0.9696, Signal|S|μ:7.4724, Delta|S|μ:6.9550, Delta/Signal:93.08%, Gateμ:-0.4546, Gate0%:0.0, MetaNormμ:8.7300
Validation Loss decreased (0.497075 --> 0.490478). Saving best model...
Epoch  15/50 | Train Loss: 0.5952 Acc: 0.6333 F1: 0.6296 | Val Loss: 0.4721 Acc: 0.9231 F1: 0.9212 | Train Meta: Scaleμ:0.9696, Signal|S|μ:8.1308, Delta|S|μ:7.5699, Delta/Signal:93.10%, Gateμ:-0.4546, Gate0%:0.0, MetaNormμ:8.7300 | Val Meta: Scaleμ:0.9696, Signal|S|μ:7.4724, Delta|S|μ:6.9550, Delta/Signal:93.08%, Gateμ:-0.4546, Gate0%:0.0, MetaNormμ:8.7300
Validation Loss decreased (0.490478 --> 0.472123). Saving best model...
Epoch  16/50 | Train Loss: 0.6042 Acc: 0.6792 F1: 0.6730 | Val Loss: 0.4668 Acc: 0.9231 F1: 0.9212 | Train Meta: Scaleμ:0.9696, Signal|S|μ:5.5446, Delta|S|μ:5.1576, Delta/Signal:93.02%, Gateμ:-0.4546, Gate0%:0.0, MetaNormμ:8.7300 | Val Meta: Scaleμ:0.9696, Signal|S|μ:7.4724, Delta|S|μ:6.9550, Delta/Signal:93.08%, Gateμ:-0.4546, Gate0%:0.0, MetaNormμ:8.7300
Validation Loss decreased (0.472123 --> 0.466760). Saving best model...
Epoch  17/50 | Train Loss: 0.5888 Acc: 0.6917 F1: 0.6846 | Val Loss: 0.4959 Acc: 0.7692 F1: 0.7679 | Train Meta: Scaleμ:0.9696, Signal|S|μ:6.3574, Delta|S|μ:5.9171, Delta/Signal:93.07%, Gateμ:-0.4546, Gate0%:0.0, MetaNormμ:8.7300 | Val Meta: Scaleμ:0.9696, Signal|S|μ:7.4724, Delta|S|μ:6.9550, Delta/Signal:93.08%, Gateμ:-0.4546, Gate0%:0.0, MetaNormμ:8.7300
Epoch  18/50 | Train Loss: 0.5878 Acc: 0.6917 F1: 0.6861 | Val Loss: 0.4698 Acc: 0.8462 F1: 0.8452 | Train Meta: Scaleμ:0.9696, Signal|S|μ:5.5534, Delta|S|μ:5.1710, Delta/Signal:93.11%, Gateμ:-0.4546, Gate0%:0.0, MetaNormμ:8.7300 | Val Meta: Scaleμ:0.9696, Signal|S|μ:7.4724, Delta|S|μ:6.9550, Delta/Signal:93.08%, Gateμ:-0.4546, Gate0%:0.0, MetaNormμ:8.7300
Epoch  19/50 | Train Loss: 0.5886 Acc: 0.6708 F1: 0.6695 | Val Loss: 0.4556 Acc: 0.8846 F1: 0.8831 | Train Meta: Scaleμ:0.9696, Signal|S|μ:5.3621, Delta|S|μ:4.9822, Delta/Signal:92.92%, Gateμ:-0.4546, Gate0%:0.0, MetaNormμ:8.7300 | Val Meta: Scaleμ:0.9696, Signal|S|μ:7.4724, Delta|S|μ:6.9550, Delta/Signal:93.08%, Gateμ:-0.4546, Gate0%:0.0, MetaNormμ:8.7300
Validation Loss decreased (0.466760 --> 0.455644). Saving best model...
Epoch  20/50 | Train Loss: 0.5801 Acc: 0.7083 F1: 0.7000 | Val Loss: 0.4769 Acc: 0.8462 F1: 0.8462 | Train Meta: Scaleμ:0.9696, Signal|S|μ:7.6801, Delta|S|μ:7.1456, Delta/Signal:93.04%, Gateμ:-0.4546, Gate0%:0.0, MetaNormμ:8.7300 | Val Meta: Scaleμ:0.9696, Signal|S|μ:7.4724, Delta|S|μ:6.9550, Delta/Signal:93.08%, Gateμ:-0.4546, Gate0%:0.0, MetaNormμ:8.7300
Epoch  21/50 | Train Loss: 0.5873 Acc: 0.6750 F1: 0.6717 | Val Loss: 0.4496 Acc: 0.8462 F1: 0.8452 | Train Meta: Scaleμ:0.9696, Signal|S|μ:6.3327, Delta|S|μ:5.8971, Delta/Signal:93.12%, Gateμ:-0.4546, Gate0%:0.0, MetaNormμ:8.7300 | Val Meta: Scaleμ:0.9696, Signal|S|μ:7.4724, Delta|S|μ:6.9550, Delta/Signal:93.08%, Gateμ:-0.4546, Gate0%:0.0, MetaNormμ:8.7300
Validation Loss decreased (0.455644 --> 0.449626). Saving best model...
Epoch  22/50 | Train Loss: 0.5832 Acc: 0.6792 F1: 0.6762 | Val Loss: 0.4641 Acc: 0.8077 F1: 0.8074 | Train Meta: Scaleμ:0.9696, Signal|S|μ:7.2065, Delta|S|μ:6.7059, Delta/Signal:93.05%, Gateμ:-0.4546, Gate0%:0.0, MetaNormμ:8.7300 | Val Meta: Scaleμ:0.9696, Signal|S|μ:7.4724, Delta|S|μ:6.9550, Delta/Signal:93.08%, Gateμ:-0.4546, Gate0%:0.0, MetaNormμ:8.7300
Epoch  23/50 | Train Loss: 0.5809 Acc: 0.6958 F1: 0.6892 | Val Loss: 0.4404 Acc: 0.9231 F1: 0.9212 | Train Meta: Scaleμ:0.9696, Signal|S|μ:6.6792, Delta|S|μ:6.2108, Delta/Signal:92.99%, Gateμ:-0.4546, Gate0%:0.0, MetaNormμ:8.7300 | Val Meta: Scaleμ:0.9696, Signal|S|μ:7.4724, Delta|S|μ:6.9550, Delta/Signal:93.08%, Gateμ:-0.4546, Gate0%:0.0, MetaNormμ:8.7300
Validation Loss decreased (0.449626 --> 0.440364). Saving best model...
Epoch  24/50 | Train Loss: 0.5832 Acc: 0.6875 F1: 0.6841 | Val Loss: 0.4392 Acc: 0.8846 F1: 0.8831 | Train Meta: Scaleμ:0.9696, Signal|S|μ:5.2389, Delta|S|μ:4.8682, Delta/Signal:92.92%, Gateμ:-0.4546, Gate0%:0.0, MetaNormμ:8.7300 | Val Meta: Scaleμ:0.9696, Signal|S|μ:7.4724, Delta|S|μ:6.9550, Delta/Signal:93.08%, Gateμ:-0.4546, Gate0%:0.0, MetaNormμ:8.7300
Validation Loss decreased (0.440364 --> 0.439246). Saving best model...
Epoch  25/50 | Train Loss: 0.5750 Acc: 0.7167 F1: 0.7101 | Val Loss: 0.4795 Acc: 0.8077 F1: 0.8074 | Train Meta: Scaleμ:0.9696, Signal|S|μ:6.5754, Delta|S|μ:6.1286, Delta/Signal:93.20%, Gateμ:-0.4546, Gate0%:0.0, MetaNormμ:8.7300 | Val Meta: Scaleμ:0.9696, Signal|S|μ:7.4724, Delta|S|μ:6.9550, Delta/Signal:93.08%, Gateμ:-0.4546, Gate0%:0.0, MetaNormμ:8.7300
Epoch  26/50 | Train Loss: 0.5816 Acc: 0.6958 F1: 0.6913 | Val Loss: 0.4628 Acc: 0.8462 F1: 0.8462 | Train Meta: Scaleμ:0.9696, Signal|S|μ:9.2811, Delta|S|μ:8.6361, Delta/Signal:93.05%, Gateμ:-0.4546, Gate0%:0.0, MetaNormμ:8.7300 | Val Meta: Scaleμ:0.9696, Signal|S|μ:7.4724, Delta|S|μ:6.9550, Delta/Signal:93.08%, Gateμ:-0.4546, Gate0%:0.0, MetaNormμ:8.7300
Epoch  27/50 | Train Loss: 0.5781 Acc: 0.6875 F1: 0.6815 | Val Loss: 0.4277 Acc: 0.8846 F1: 0.8831 | Train Meta: Scaleμ:0.9696, Signal|S|μ:4.9554, Delta|S|μ:4.6132, Delta/Signal:93.10%, Gateμ:-0.4546, Gate0%:0.0, MetaNormμ:8.7300 | Val Meta: Scaleμ:0.9696, Signal|S|μ:7.4724, Delta|S|μ:6.9550, Delta/Signal:93.08%, Gateμ:-0.4546, Gate0%:0.0, MetaNormμ:8.7300
Validation Loss decreased (0.439246 --> 0.427686). Saving best model...
Epoch  28/50 | Train Loss: 0.5738 Acc: 0.7125 F1: 0.7055 | Val Loss: 0.4389 Acc: 0.8462 F1: 0.8452 | Train Meta: Scaleμ:0.9696, Signal|S|μ:5.7057, Delta|S|μ:5.3100, Delta/Signal:93.06%, Gateμ:-0.4546, Gate0%:0.0, MetaNormμ:8.7300 | Val Meta: Scaleμ:0.9696, Signal|S|μ:7.4724, Delta|S|μ:6.9550, Delta/Signal:93.08%, Gateμ:-0.4546, Gate0%:0.0, MetaNormμ:8.7300
Epoch  29/50 | Train Loss: 0.5759 Acc: 0.6917 F1: 0.6854 | Val Loss: 0.4412 Acc: 0.8077 F1: 0.8074 | Train Meta: Scaleμ:0.9696, Signal|S|μ:4.5972, Delta|S|μ:4.2771, Delta/Signal:93.04%, Gateμ:-0.4546, Gate0%:0.0, MetaNormμ:8.7300 | Val Meta: Scaleμ:0.9696, Signal|S|μ:7.4724, Delta|S|μ:6.9550, Delta/Signal:93.08%, Gateμ:-0.4546, Gate0%:0.0, MetaNormμ:8.7300
Epoch  30/50 | Train Loss: 0.5743 Acc: 0.7167 F1: 0.7077 | Val Loss: 0.4454 Acc: 0.8077 F1: 0.8074 | Train Meta: Scaleμ:0.9696, Signal|S|μ:7.7062, Delta|S|μ:7.1711, Delta/Signal:93.06%, Gateμ:-0.4546, Gate0%:0.0, MetaNormμ:8.7300 | Val Meta: Scaleμ:0.9696, Signal|S|μ:7.4724, Delta|S|μ:6.9550, Delta/Signal:93.08%, Gateμ:-0.4546, Gate0%:0.0, MetaNormμ:8.7300
Epoch  31/50 | Train Loss: 0.5671 Acc: 0.7000 F1: 0.6952 | Val Loss: 0.4313 Acc: 0.8462 F1: 0.8452 | Train Meta: Scaleμ:0.9696, Signal|S|μ:4.9232, Delta|S|μ:4.5775, Delta/Signal:92.98%, Gateμ:-0.4546, Gate0%:0.0, MetaNormμ:8.7300 | Val Meta: Scaleμ:0.9696, Signal|S|μ:7.4724, Delta|S|μ:6.9550, Delta/Signal:93.08%, Gateμ:-0.4546, Gate0%:0.0, MetaNormμ:8.7300
Epoch  32/50 | Train Loss: 0.5751 Acc: 0.7042 F1: 0.6944 | Val Loss: 0.4273 Acc: 0.8462 F1: 0.8452 | Train Meta: Scaleμ:0.9696, Signal|S|μ:5.5674, Delta|S|μ:5.1742, Delta/Signal:92.94%, Gateμ:-0.4546, Gate0%:0.0, MetaNormμ:8.7300 | Val Meta: Scaleμ:0.9696, Signal|S|μ:7.4724, Delta|S|μ:6.9550, Delta/Signal:93.08%, Gateμ:-0.4546, Gate0%:0.0, MetaNormμ:8.7300
Validation Loss decreased (0.427686 --> 0.427290). Saving best model...
Epoch  33/50 | Train Loss: 0.5728 Acc: 0.6792 F1: 0.6756 | Val Loss: 0.4229 Acc: 0.8462 F1: 0.8452 | Train Meta: Scaleμ:0.9696, Signal|S|μ:5.1910, Delta|S|μ:4.8320, Delta/Signal:93.08%, Gateμ:-0.4546, Gate0%:0.0, MetaNormμ:8.7300 | Val Meta: Scaleμ:0.9696, Signal|S|μ:7.4724, Delta|S|μ:6.9550, Delta/Signal:93.08%, Gateμ:-0.4546, Gate0%:0.0, MetaNormμ:8.7300
Validation Loss decreased (0.427290 --> 0.422864). Saving best model...
Epoch  34/50 | Train Loss: 0.5658 Acc: 0.7125 F1: 0.7047 | Val Loss: 0.4186 Acc: 0.8846 F1: 0.8831 | Train Meta: Scaleμ:0.9696, Signal|S|μ:5.6507, Delta|S|μ:5.2609, Delta/Signal:93.10%, Gateμ:-0.4546, Gate0%:0.0, MetaNormμ:8.7300 | Val Meta: Scaleμ:0.9696, Signal|S|μ:7.4724, Delta|S|μ:6.9550, Delta/Signal:93.08%, Gateμ:-0.4546, Gate0%:0.0, MetaNormμ:8.7300
Validation Loss decreased (0.422864 --> 0.418613). Saving best model...
Epoch  35/50 | Train Loss: 0.5762 Acc: 0.7042 F1: 0.6977 | Val Loss: 0.4172 Acc: 0.8846 F1: 0.8831 | Train Meta: Scaleμ:0.9696, Signal|S|μ:5.9432, Delta|S|μ:5.5230, Delta/Signal:92.93%, Gateμ:-0.4546, Gate0%:0.0, MetaNormμ:8.7300 | Val Meta: Scaleμ:0.9696, Signal|S|μ:7.4724, Delta|S|μ:6.9550, Delta/Signal:93.08%, Gateμ:-0.4546, Gate0%:0.0, MetaNormμ:8.7300
Validation Loss decreased (0.418613 --> 0.417209). Saving best model...
Epoch  36/50 | Train Loss: 0.5720 Acc: 0.6875 F1: 0.6815 | Val Loss: 0.4611 Acc: 0.8462 F1: 0.8462 | Train Meta: Scaleμ:0.9696, Signal|S|μ:6.0831, Delta|S|μ:5.6612, Delta/Signal:93.06%, Gateμ:-0.4546, Gate0%:0.0, MetaNormμ:8.7300 | Val Meta: Scaleμ:0.9696, Signal|S|μ:7.4724, Delta|S|μ:6.9550, Delta/Signal:93.08%, Gateμ:-0.4546, Gate0%:0.0, MetaNormμ:8.7300
Epoch  37/50 | Train Loss: 0.5571 Acc: 0.7208 F1: 0.7116 | Val Loss: 0.4263 Acc: 0.8462 F1: 0.8452 | Train Meta: Scaleμ:0.9696, Signal|S|μ:5.1054, Delta|S|μ:4.7570, Delta/Signal:93.17%, Gateμ:-0.4546, Gate0%:0.0, MetaNormμ:8.7300 | Val Meta: Scaleμ:0.9696, Signal|S|μ:7.4724, Delta|S|μ:6.9550, Delta/Signal:93.08%, Gateμ:-0.4546, Gate0%:0.0, MetaNormμ:8.7300
Epoch  38/50 | Train Loss: 0.5636 Acc: 0.7000 F1: 0.6939 | Val Loss: 0.4504 Acc: 0.8462 F1: 0.8462 | Train Meta: Scaleμ:0.9696, Signal|S|μ:4.9296, Delta|S|μ:4.5862, Delta/Signal:93.04%, Gateμ:-0.4546, Gate0%:0.0, MetaNormμ:8.7300 | Val Meta: Scaleμ:0.9696, Signal|S|μ:7.4724, Delta|S|μ:6.9550, Delta/Signal:93.08%, Gateμ:-0.4546, Gate0%:0.0, MetaNormμ:8.7300
Epoch  39/50 | Train Loss: 0.5670 Acc: 0.7000 F1: 0.6923 | Val Loss: 0.4220 Acc: 0.8462 F1: 0.8452 | Train Meta: Scaleμ:0.9696, Signal|S|μ:4.9621, Delta|S|μ:4.6188, Delta/Signal:93.08%, Gateμ:-0.4546, Gate0%:0.0, MetaNormμ:8.7300 | Val Meta: Scaleμ:0.9696, Signal|S|μ:7.4724, Delta|S|μ:6.9550, Delta/Signal:93.08%, Gateμ:-0.4546, Gate0%:0.0, MetaNormμ:8.7300
Epoch  40/50 | Train Loss: 0.5595 Acc: 0.7000 F1: 0.6970 | Val Loss: 0.4052 Acc: 0.8846 F1: 0.8831 | Train Meta: Scaleμ:0.9696, Signal|S|μ:4.6972, Delta|S|μ:4.3715, Delta/Signal:93.07%, Gateμ:-0.4546, Gate0%:0.0, MetaNormμ:8.7300 | Val Meta: Scaleμ:0.9696, Signal|S|μ:7.4724, Delta|S|μ:6.9550, Delta/Signal:93.08%, Gateμ:-0.4546, Gate0%:0.0, MetaNormμ:8.7300
Validation Loss decreased (0.417209 --> 0.405168). Saving best model...
Epoch  41/50 | Train Loss: 0.5645 Acc: 0.7042 F1: 0.6944 | Val Loss: 0.4415 Acc: 0.8462 F1: 0.8462 | Train Meta: Scaleμ:0.9696, Signal|S|μ:8.4471, Delta|S|μ:7.8608, Delta/Signal:93.06%, Gateμ:-0.4546, Gate0%:0.0, MetaNormμ:8.7300 | Val Meta: Scaleμ:0.9696, Signal|S|μ:7.4724, Delta|S|μ:6.9550, Delta/Signal:93.08%, Gateμ:-0.4546, Gate0%:0.0, MetaNormμ:8.7300
Epoch  42/50 | Train Loss: 0.5631 Acc: 0.6958 F1: 0.6900 | Val Loss: 0.4137 Acc: 0.8462 F1: 0.8452 | Train Meta: Scaleμ:0.9696, Signal|S|μ:5.8455, Delta|S|μ:5.4417, Delta/Signal:93.09%, Gateμ:-0.4546, Gate0%:0.0, MetaNormμ:8.7300 | Val Meta: Scaleμ:0.9696, Signal|S|μ:7.4724, Delta|S|μ:6.9550, Delta/Signal:93.08%, Gateμ:-0.4546, Gate0%:0.0, MetaNormμ:8.7300
Epoch  43/50 | Train Loss: 0.5602 Acc: 0.6958 F1: 0.6900 | Val Loss: 0.4306 Acc: 0.8077 F1: 0.8074 | Train Meta: Scaleμ:0.9696, Signal|S|μ:4.9389, Delta|S|μ:4.6026, Delta/Signal:93.19%, Gateμ:-0.4546, Gate0%:0.0, MetaNormμ:8.7300 | Val Meta: Scaleμ:0.9696, Signal|S|μ:7.4724, Delta|S|μ:6.9550, Delta/Signal:93.08%, Gateμ:-0.4546, Gate0%:0.0, MetaNormμ:8.7300
Epoch  44/50 | Train Loss: 0.5607 Acc: 0.6792 F1: 0.6714 | Val Loss: 0.4343 Acc: 0.8077 F1: 0.8074 | Train Meta: Scaleμ:0.9696, Signal|S|μ:6.6682, Delta|S|μ:6.2036, Delta/Signal:93.03%, Gateμ:-0.4546, Gate0%:0.0, MetaNormμ:8.7300 | Val Meta: Scaleμ:0.9696, Signal|S|μ:7.4724, Delta|S|μ:6.9550, Delta/Signal:93.08%, Gateμ:-0.4546, Gate0%:0.0, MetaNormμ:8.7300
Epoch  45/50 | Train Loss: 0.5546 Acc: 0.7042 F1: 0.6970 | Val Loss: 0.4030 Acc: 0.8846 F1: 0.8831 | Train Meta: Scaleμ:0.9696, Signal|S|μ:6.8378, Delta|S|μ:6.3641, Delta/Signal:93.07%, Gateμ:-0.4546, Gate0%:0.0, MetaNormμ:8.7300 | Val Meta: Scaleμ:0.9696, Signal|S|μ:7.4724, Delta|S|μ:6.9550, Delta/Signal:93.08%, Gateμ:-0.4546, Gate0%:0.0, MetaNormμ:8.7300
Validation Loss decreased (0.405168 --> 0.403002). Saving best model...
Epoch  46/50 | Train Loss: 0.5607 Acc: 0.7125 F1: 0.7070 | Val Loss: 0.4199 Acc: 0.8462 F1: 0.8452 | Train Meta: Scaleμ:0.9696, Signal|S|μ:4.5248, Delta|S|μ:4.2128, Delta/Signal:93.10%, Gateμ:-0.4546, Gate0%:0.0, MetaNormμ:8.7300 | Val Meta: Scaleμ:0.9696, Signal|S|μ:7.4724, Delta|S|μ:6.9550, Delta/Signal:93.08%, Gateμ:-0.4546, Gate0%:0.0, MetaNormμ:8.7300
Epoch  47/50 | Train Loss: 0.5513 Acc: 0.7125 F1: 0.7020 | Val Loss: 0.4159 Acc: 0.8462 F1: 0.8452 | Train Meta: Scaleμ:0.9696, Signal|S|μ:6.0193, Delta|S|μ:5.6022, Delta/Signal:93.07%, Gateμ:-0.4546, Gate0%:0.0, MetaNormμ:8.7300 | Val Meta: Scaleμ:0.9696, Signal|S|μ:7.4724, Delta|S|μ:6.9550, Delta/Signal:93.08%, Gateμ:-0.4546, Gate0%:0.0, MetaNormμ:8.7300
Epoch  48/50 | Train Loss: 0.5579 Acc: 0.6917 F1: 0.6837 | Val Loss: 0.4388 Acc: 0.8462 F1: 0.8462 | Train Meta: Scaleμ:0.9696, Signal|S|μ:5.2774, Delta|S|μ:4.9062, Delta/Signal:92.97%, Gateμ:-0.4546, Gate0%:0.0, MetaNormμ:8.7300 | Val Meta: Scaleμ:0.9696, Signal|S|μ:7.4724, Delta|S|μ:6.9550, Delta/Signal:93.08%, Gateμ:-0.4546, Gate0%:0.0, MetaNormμ:8.7300
Epoch  49/50 | Train Loss: 0.5636 Acc: 0.6958 F1: 0.6900 | Val Loss: 0.3959 Acc: 0.8846 F1: 0.8831 | Train Meta: Scaleμ:0.9696, Signal|S|μ:5.1284, Delta|S|μ:4.7729, Delta/Signal:93.07%, Gateμ:-0.4546, Gate0%:0.0, MetaNormμ:8.7300 | Val Meta: Scaleμ:0.9696, Signal|S|μ:7.4724, Delta|S|μ:6.9550, Delta/Signal:93.08%, Gateμ:-0.4546, Gate0%:0.0, MetaNormμ:8.7300
Validation Loss decreased (0.403002 --> 0.395929). Saving best model...
Epoch  50/50 | Train Loss: 0.5593 Acc: 0.6917 F1: 0.6861 | Val Loss: 0.4037 Acc: 0.8462 F1: 0.8452 | Train Meta: Scaleμ:0.9696, Signal|S|μ:5.5691, Delta|S|μ:5.1782, Delta/Signal:92.98%, Gateμ:-0.4546, Gate0%:0.0, MetaNormμ:8.7300 | Val Meta: Scaleμ:0.9696, Signal|S|μ:7.4724, Delta|S|μ:6.9550, Delta/Signal:93.08%, Gateμ:-0.4546, Gate0%:0.0, MetaNormμ:8.7300

Classification Test Result (SelfRegulationSCP1)
Accuracy : 0.819113
F1 (macro): 0.816018
Saved attention maps for 3 sample(s) under ./runs/classification_electricity_to_SelfRegulationSCP1_laya_metadata_query_gate_stats/attention_maps
/data/pjh_workspace/ts-env/lib/python3.8/site-packages/torch/nn/modules/transformer.py:307: UserWarning: enable_nested_tensor is True, but self.use_nested_tensor is False because encoder_layer.norm_first was True
  warnings.warn(f"enable_nested_tensor is True, but self.use_nested_tensor is False because {why_not_sparsity_fast_path}")
==================================================
🚀 Architecture: LAYA
📊 Target Dataset: SelfRegulationSCP2 (Channels: 7)
📊 Pretrain Info: electricity
📊 Classes: 2 | Sequence Length: 1152
==================================================
✅ Loaded pretrained encoder from ./checkpoints/electricity_laya_metadata_query_gate_stats/laya_ts_electricity_s_best.pt
   - 104/104 keys matched.
✅ Encoder is FROZEN (Linear Probing mode).
📝 metadata: mode=stats, fusion=none, relation=metadata_query_gate
ℹ️  Metadata Fusion Mode: none
ℹ️  Channel Mixer Relation Mode: metadata_query_gate
ℹ️  Encoder Variant: default
ℹ️  Channel Adapter: disabled for Laya downstream (mixer)
ℹ️  Channel Relation Block: disabled
✅ ClassificationHead: [B, 256] → [B, 2]
Epoch   1/50 | Train Loss: 0.6885 Acc: 0.5114 F1: 0.5062 | Val Loss: 0.6739 Acc: 0.6000 F1: 0.3750 | Train Meta: Scaleμ:0.9696, Signal|S|μ:5.4960, Delta|S|μ:5.0231, Delta/Signal:91.40%, Gateμ:-0.5067, Gate0%:0.0, MetaNormμ:8.9830 | Val Meta: Scaleμ:0.9696, Signal|S|μ:6.3895, Delta|S|μ:5.8307, Delta/Signal:91.25%, Gateμ:-0.5067, Gate0%:0.0, MetaNormμ:8.9830
Validation Loss decreased (inf --> 0.673885). Saving best model...
Epoch   2/50 | Train Loss: 0.6924 Acc: 0.4886 F1: 0.4884 | Val Loss: 0.7461 Acc: 0.4000 F1: 0.2857 | Train Meta: Scaleμ:0.9696, Signal|S|μ:5.9757, Delta|S|μ:5.4554, Delta/Signal:91.29%, Gateμ:-0.5067, Gate0%:0.0, MetaNormμ:8.9830 | Val Meta: Scaleμ:0.9696, Signal|S|μ:6.3895, Delta|S|μ:5.8307, Delta/Signal:91.25%, Gateμ:-0.5067, Gate0%:0.0, MetaNormμ:8.9830
Epoch   3/50 | Train Loss: 0.6977 Acc: 0.4545 F1: 0.4488 | Val Loss: 0.6927 Acc: 0.6500 F1: 0.6419 | Train Meta: Scaleμ:0.9696, Signal|S|μ:5.4796, Delta|S|μ:5.0070, Delta/Signal:91.38%, Gateμ:-0.5067, Gate0%:0.0, MetaNormμ:8.9830 | Val Meta: Scaleμ:0.9696, Signal|S|μ:6.3895, Delta|S|μ:5.8307, Delta/Signal:91.25%, Gateμ:-0.5067, Gate0%:0.0, MetaNormμ:8.9830
Epoch   4/50 | Train Loss: 0.6860 Acc: 0.5284 F1: 0.4238 | Val Loss: 0.6978 Acc: 0.5500 F1: 0.5489 | Train Meta: Scaleμ:0.9696, Signal|S|μ:5.4955, Delta|S|μ:5.0218, Delta/Signal:91.38%, Gateμ:-0.5067, Gate0%:0.0, MetaNormμ:8.9830 | Val Meta: Scaleμ:0.9696, Signal|S|μ:6.3895, Delta|S|μ:5.8307, Delta/Signal:91.25%, Gateμ:-0.5067, Gate0%:0.0, MetaNormμ:8.9830
Epoch   5/50 | Train Loss: 0.6806 Acc: 0.5000 F1: 0.4994 | Val Loss: 0.6888 Acc: 0.6500 F1: 0.6419 | Train Meta: Scaleμ:0.9696, Signal|S|μ:6.6484, Delta|S|μ:6.0707, Delta/Signal:91.31%, Gateμ:-0.5067, Gate0%:0.0, MetaNormμ:8.9830 | Val Meta: Scaleμ:0.9696, Signal|S|μ:6.3895, Delta|S|μ:5.8307, Delta/Signal:91.25%, Gateμ:-0.5067, Gate0%:0.0, MetaNormμ:8.9830
Epoch   6/50 | Train Loss: 0.6929 Acc: 0.4830 F1: 0.4723 | Val Loss: 0.7254 Acc: 0.4000 F1: 0.2857 | Train Meta: Scaleμ:0.9696, Signal|S|μ:7.3164, Delta|S|μ:6.6802, Delta/Signal:91.31%, Gateμ:-0.5067, Gate0%:0.0, MetaNormμ:8.9830 | Val Meta: Scaleμ:0.9696, Signal|S|μ:6.3895, Delta|S|μ:5.8307, Delta/Signal:91.25%, Gateμ:-0.5067, Gate0%:0.0, MetaNormμ:8.9830
Epoch   7/50 | Train Loss: 0.6799 Acc: 0.5170 F1: 0.4293 | Val Loss: 0.6779 Acc: 0.5000 F1: 0.4048 | Train Meta: Scaleμ:0.9696, Signal|S|μ:6.2723, Delta|S|μ:5.7280, Delta/Signal:91.32%, Gateμ:-0.5067, Gate0%:0.0, MetaNormμ:8.9830 | Val Meta: Scaleμ:0.9696, Signal|S|μ:6.3895, Delta|S|μ:5.8307, Delta/Signal:91.25%, Gateμ:-0.5067, Gate0%:0.0, MetaNormμ:8.9830
Epoch   8/50 | Train Loss: 0.6782 Acc: 0.4943 F1: 0.4439 | Val Loss: 0.6829 Acc: 0.6000 F1: 0.5604 | Train Meta: Scaleμ:0.9696, Signal|S|μ:5.0916, Delta|S|μ:4.6527, Delta/Signal:91.38%, Gateμ:-0.5067, Gate0%:0.0, MetaNormμ:8.9830 | Val Meta: Scaleμ:0.9696, Signal|S|μ:6.3895, Delta|S|μ:5.8307, Delta/Signal:91.25%, Gateμ:-0.5067, Gate0%:0.0, MetaNormμ:8.9830
Epoch   9/50 | Train Loss: 0.6833 Acc: 0.4830 F1: 0.4013 | Val Loss: 0.6884 Acc: 0.6500 F1: 0.6267 | Train Meta: Scaleμ:0.9696, Signal|S|μ:4.0192, Delta|S|μ:3.6795, Delta/Signal:91.55%, Gateμ:-0.5067, Gate0%:0.0, MetaNormμ:8.9830 | Val Meta: Scaleμ:0.9696, Signal|S|μ:6.3895, Delta|S|μ:5.8307, Delta/Signal:91.25%, Gateμ:-0.5067, Gate0%:0.0, MetaNormμ:8.9830
Epoch  10/50 | Train Loss: 0.6794 Acc: 0.5170 F1: 0.4893 | Val Loss: 0.7019 Acc: 0.5500 F1: 0.5396 | Train Meta: Scaleμ:0.9696, Signal|S|μ:5.3297, Delta|S|μ:4.8719, Delta/Signal:91.41%, Gateμ:-0.5067, Gate0%:0.0, MetaNormμ:8.9830 | Val Meta: Scaleμ:0.9696, Signal|S|μ:6.3895, Delta|S|μ:5.8307, Delta/Signal:91.25%, Gateμ:-0.5067, Gate0%:0.0, MetaNormμ:8.9830
Epoch  11/50 | Train Loss: 0.6750 Acc: 0.5398 F1: 0.4237 | Val Loss: 0.6913 Acc: 0.6500 F1: 0.6267 | Train Meta: Scaleμ:0.9696, Signal|S|μ:6.4042, Delta|S|μ:5.8476, Delta/Signal:91.31%, Gateμ:-0.5067, Gate0%:0.0, MetaNormμ:8.9830 | Val Meta: Scaleμ:0.9696, Signal|S|μ:6.3895, Delta|S|μ:5.8307, Delta/Signal:91.25%, Gateμ:-0.5067, Gate0%:0.0, MetaNormμ:8.9830
Epoch  12/50 | Train Loss: 0.6959 Acc: 0.5227 F1: 0.4731 | Val Loss: 0.7091 Acc: 0.5000 F1: 0.4505 | Train Meta: Scaleμ:0.9696, Signal|S|μ:6.2498, Delta|S|μ:5.7085, Delta/Signal:91.34%, Gateμ:-0.5067, Gate0%:0.0, MetaNormμ:8.9830 | Val Meta: Scaleμ:0.9696, Signal|S|μ:6.3895, Delta|S|μ:5.8307, Delta/Signal:91.25%, Gateμ:-0.5067, Gate0%:0.0, MetaNormμ:8.9830
Epoch  13/50 | Train Loss: 0.6794 Acc: 0.4886 F1: 0.4832 | Val Loss: 0.6940 Acc: 0.5500 F1: 0.5489 | Train Meta: Scaleμ:0.9696, Signal|S|μ:5.2783, Delta|S|μ:4.8239, Delta/Signal:91.39%, Gateμ:-0.5067, Gate0%:0.0, MetaNormμ:8.9830 | Val Meta: Scaleμ:0.9696, Signal|S|μ:6.3895, Delta|S|μ:5.8307, Delta/Signal:91.25%, Gateμ:-0.5067, Gate0%:0.0, MetaNormμ:8.9830
Epoch  14/50 | Train Loss: 0.6794 Acc: 0.5000 F1: 0.3854 | Val Loss: 0.6987 Acc: 0.4500 F1: 0.4486 | Train Meta: Scaleμ:0.9696, Signal|S|μ:7.0906, Delta|S|μ:6.4707, Delta/Signal:91.26%, Gateμ:-0.5067, Gate0%:0.0, MetaNormμ:8.9830 | Val Meta: Scaleμ:0.9696, Signal|S|μ:6.3895, Delta|S|μ:5.8307, Delta/Signal:91.25%, Gateμ:-0.5067, Gate0%:0.0, MetaNormμ:8.9830
Epoch  15/50 | Train Loss: 0.6722 Acc: 0.5170 F1: 0.4893 | Val Loss: 0.6858 Acc: 0.5500 F1: 0.4872 | Train Meta: Scaleμ:0.9696, Signal|S|μ:6.9256, Delta|S|μ:6.3239, Delta/Signal:91.31%, Gateμ:-0.5067, Gate0%:0.0, MetaNormμ:8.9830 | Val Meta: Scaleμ:0.9696, Signal|S|μ:6.3895, Delta|S|μ:5.8307, Delta/Signal:91.25%, Gateμ:-0.5067, Gate0%:0.0, MetaNormμ:8.9830
Epoch  16/50 | Train Loss: 0.6711 Acc: 0.5227 F1: 0.5064 | Val Loss: 0.7007 Acc: 0.4500 F1: 0.4486 | Train Meta: Scaleμ:0.9696, Signal|S|μ:5.0345, Delta|S|μ:4.6011, Delta/Signal:91.39%, Gateμ:-0.5067, Gate0%:0.0, MetaNormμ:8.9830 | Val Meta: Scaleμ:0.9696, Signal|S|μ:6.3895, Delta|S|μ:5.8307, Delta/Signal:91.25%, Gateμ:-0.5067, Gate0%:0.0, MetaNormμ:8.9830
Epoch  17/50 | Train Loss: 0.6821 Acc: 0.5170 F1: 0.4408 | Val Loss: 0.6883 Acc: 0.5500 F1: 0.4872 | Train Meta: Scaleμ:0.9696, Signal|S|μ:6.3163, Delta|S|μ:5.7672, Delta/Signal:91.31%, Gateμ:-0.5067, Gate0%:0.0, MetaNormμ:8.9830 | Val Meta: Scaleμ:0.9696, Signal|S|μ:6.3895, Delta|S|μ:5.8307, Delta/Signal:91.25%, Gateμ:-0.5067, Gate0%:0.0, MetaNormμ:8.9830
Epoch  18/50 | Train Loss: 0.6821 Acc: 0.5000 F1: 0.4806 | Val Loss: 0.7052 Acc: 0.5500 F1: 0.5396 | Train Meta: Scaleμ:0.9696, Signal|S|μ:6.0921, Delta|S|μ:5.5606, Delta/Signal:91.28%, Gateμ:-0.5067, Gate0%:0.0, MetaNormμ:8.9830 | Val Meta: Scaleμ:0.9696, Signal|S|μ:6.3895, Delta|S|μ:5.8307, Delta/Signal:91.25%, Gateμ:-0.5067, Gate0%:0.0, MetaNormμ:8.9830
Epoch  19/50 | Train Loss: 0.6710 Acc: 0.5511 F1: 0.5368 | Val Loss: 0.6898 Acc: 0.6000 F1: 0.5604 | Train Meta: Scaleμ:0.9696, Signal|S|μ:7.3828, Delta|S|μ:6.7352, Delta/Signal:91.23%, Gateμ:-0.5067, Gate0%:0.0, MetaNormμ:8.9830 | Val Meta: Scaleμ:0.9696, Signal|S|μ:6.3895, Delta|S|μ:5.8307, Delta/Signal:91.25%, Gateμ:-0.5067, Gate0%:0.0, MetaNormμ:8.9830
Epoch  20/50 | Train Loss: 0.6740 Acc: 0.5341 F1: 0.5280 | Val Loss: 0.7055 Acc: 0.5500 F1: 0.5396 | Train Meta: Scaleμ:0.9696, Signal|S|μ:6.0109, Delta|S|μ:5.4934, Delta/Signal:91.39%, Gateμ:-0.5067, Gate0%:0.0, MetaNormμ:8.9830 | Val Meta: Scaleμ:0.9696, Signal|S|μ:6.3895, Delta|S|μ:5.8307, Delta/Signal:91.25%, Gateμ:-0.5067, Gate0%:0.0, MetaNormμ:8.9830
Epoch  21/50 | Train Loss: 0.6786 Acc: 0.5227 F1: 0.5188 | Val Loss: 0.7245 Acc: 0.4000 F1: 0.2857 | Train Meta: Scaleμ:0.9696, Signal|S|μ:5.7690, Delta|S|μ:5.2707, Delta/Signal:91.36%, Gateμ:-0.5067, Gate0%:0.0, MetaNormμ:8.9830 | Val Meta: Scaleμ:0.9696, Signal|S|μ:6.3895, Delta|S|μ:5.8307, Delta/Signal:91.25%, Gateμ:-0.5067, Gate0%:0.0, MetaNormμ:8.9830
Epoch  22/50 | Train Loss: 0.6803 Acc: 0.5114 F1: 0.4788 | Val Loss: 0.6743 Acc: 0.6000 F1: 0.4667 | Train Meta: Scaleμ:0.9696, Signal|S|μ:6.7247, Delta|S|μ:6.1423, Delta/Signal:91.34%, Gateμ:-0.5067, Gate0%:0.0, MetaNormμ:8.9830 | Val Meta: Scaleμ:0.9696, Signal|S|μ:6.3895, Delta|S|μ:5.8307, Delta/Signal:91.25%, Gateμ:-0.5067, Gate0%:0.0, MetaNormμ:8.9830
Epoch  23/50 | Train Loss: 0.6754 Acc: 0.5398 F1: 0.4939 | Val Loss: 0.7286 Acc: 0.4000 F1: 0.2857 | Train Meta: Scaleμ:0.9696, Signal|S|μ:5.0861, Delta|S|μ:4.6466, Delta/Signal:91.36%, Gateμ:-0.5067, Gate0%:0.0, MetaNormμ:8.9830 | Val Meta: Scaleμ:0.9696, Signal|S|μ:6.3895, Delta|S|μ:5.8307, Delta/Signal:91.25%, Gateμ:-0.5067, Gate0%:0.0, MetaNormμ:8.9830
Epoch  24/50 | Train Loss: 0.6766 Acc: 0.5284 F1: 0.4238 | Val Loss: 0.6885 Acc: 0.5500 F1: 0.4872 | Train Meta: Scaleμ:0.9696, Signal|S|μ:6.2651, Delta|S|μ:5.7203, Delta/Signal:91.30%, Gateμ:-0.5067, Gate0%:0.0, MetaNormμ:8.9830 | Val Meta: Scaleμ:0.9696, Signal|S|μ:6.3895, Delta|S|μ:5.8307, Delta/Signal:91.25%, Gateμ:-0.5067, Gate0%:0.0, MetaNormμ:8.9830
Epoch  25/50 | Train Loss: 0.6757 Acc: 0.5227 F1: 0.4646 | Val Loss: 0.6977 Acc: 0.4500 F1: 0.4373 | Train Meta: Scaleμ:0.9696, Signal|S|μ:5.0071, Delta|S|μ:4.5772, Delta/Signal:91.42%, Gateμ:-0.5067, Gate0%:0.0, MetaNormμ:8.9830 | Val Meta: Scaleμ:0.9696, Signal|S|μ:6.3895, Delta|S|μ:5.8307, Delta/Signal:91.25%, Gateμ:-0.5067, Gate0%:0.0, MetaNormμ:8.9830
Epoch  26/50 | Train Loss: 0.6887 Acc: 0.5341 F1: 0.4202 | Val Loss: 0.6925 Acc: 0.5500 F1: 0.4872 | Train Meta: Scaleμ:0.9696, Signal|S|μ:5.0198, Delta|S|μ:4.5873, Delta/Signal:91.38%, Gateμ:-0.5067, Gate0%:0.0, MetaNormμ:8.9830 | Val Meta: Scaleμ:0.9696, Signal|S|μ:6.3895, Delta|S|μ:5.8307, Delta/Signal:91.25%, Gateμ:-0.5067, Gate0%:0.0, MetaNormμ:8.9830
Epoch  27/50 | Train Loss: 0.6756 Acc: 0.5057 F1: 0.4828 | Val Loss: 0.7014 Acc: 0.4500 F1: 0.4486 | Train Meta: Scaleμ:0.9696, Signal|S|μ:7.2993, Delta|S|μ:6.6609, Delta/Signal:91.25%, Gateμ:-0.5067, Gate0%:0.0, MetaNormμ:8.9830 | Val Meta: Scaleμ:0.9696, Signal|S|μ:6.3895, Delta|S|μ:5.8307, Delta/Signal:91.25%, Gateμ:-0.5067, Gate0%:0.0, MetaNormμ:8.9830
Epoch  28/50 | Train Loss: 0.6729 Acc: 0.5511 F1: 0.5469 | Val Loss: 0.6985 Acc: 0.4500 F1: 0.4373 | Train Meta: Scaleμ:0.9696, Signal|S|μ:6.6274, Delta|S|μ:6.0500, Delta/Signal:91.29%, Gateμ:-0.5067, Gate0%:0.0, MetaNormμ:8.9830 | Val Meta: Scaleμ:0.9696, Signal|S|μ:6.3895, Delta|S|μ:5.8307, Delta/Signal:91.25%, Gateμ:-0.5067, Gate0%:0.0, MetaNormμ:8.9830
Epoch  29/50 | Train Loss: 0.6662 Acc: 0.5795 F1: 0.5670 | Val Loss: 0.6997 Acc: 0.4500 F1: 0.4373 | Train Meta: Scaleμ:0.9696, Signal|S|μ:6.1623, Delta|S|μ:5.6264, Delta/Signal:91.30%, Gateμ:-0.5067, Gate0%:0.0, MetaNormμ:8.9830 | Val Meta: Scaleμ:0.9696, Signal|S|μ:6.3895, Delta|S|μ:5.8307, Delta/Signal:91.25%, Gateμ:-0.5067, Gate0%:0.0, MetaNormμ:8.9830
Epoch  30/50 | Train Loss: 0.6696 Acc: 0.5568 F1: 0.5469 | Val Loss: 0.6973 Acc: 0.5000 F1: 0.4792 | Train Meta: Scaleμ:0.9696, Signal|S|μ:6.0827, Delta|S|μ:5.5568, Delta/Signal:91.35%, Gateμ:-0.5067, Gate0%:0.0, MetaNormμ:8.9830 | Val Meta: Scaleμ:0.9696, Signal|S|μ:6.3895, Delta|S|μ:5.8307, Delta/Signal:91.25%, Gateμ:-0.5067, Gate0%:0.0, MetaNormμ:8.9830
Epoch  31/50 | Train Loss: 0.6703 Acc: 0.5398 F1: 0.5364 | Val Loss: 0.7003 Acc: 0.4500 F1: 0.4373 | Train Meta: Scaleμ:0.9696, Signal|S|μ:7.6104, Delta|S|μ:6.9442, Delta/Signal:91.25%, Gateμ:-0.5067, Gate0%:0.0, MetaNormμ:8.9830 | Val Meta: Scaleμ:0.9696, Signal|S|μ:6.3895, Delta|S|μ:5.8307, Delta/Signal:91.25%, Gateμ:-0.5067, Gate0%:0.0, MetaNormμ:8.9830
Epoch  32/50 | Train Loss: 0.6743 Acc: 0.5568 F1: 0.4893 | Val Loss: 0.6967 Acc: 0.5000 F1: 0.4792 | Train Meta: Scaleμ:0.9696, Signal|S|μ:6.4987, Delta|S|μ:5.9335, Delta/Signal:91.30%, Gateμ:-0.5067, Gate0%:0.0, MetaNormμ:8.9830 | Val Meta: Scaleμ:0.9696, Signal|S|μ:6.3895, Delta|S|μ:5.8307, Delta/Signal:91.25%, Gateμ:-0.5067, Gate0%:0.0, MetaNormμ:8.9830
Epoch  33/50 | Train Loss: 0.6859 Acc: 0.4943 F1: 0.4439 | Val Loss: 0.7009 Acc: 0.4500 F1: 0.4373 | Train Meta: Scaleμ:0.9696, Signal|S|μ:7.2009, Delta|S|μ:6.5733, Delta/Signal:91.28%, Gateμ:-0.5067, Gate0%:0.0, MetaNormμ:8.9830 | Val Meta: Scaleμ:0.9696, Signal|S|μ:6.3895, Delta|S|μ:5.8307, Delta/Signal:91.25%, Gateμ:-0.5067, Gate0%:0.0, MetaNormμ:8.9830
Epoch  34/50 | Train Loss: 0.6817 Acc: 0.5568 F1: 0.4677 | Val Loss: 0.6949 Acc: 0.5500 F1: 0.4872 | Train Meta: Scaleμ:0.9696, Signal|S|μ:6.7699, Delta|S|μ:6.1825, Delta/Signal:91.32%, Gateμ:-0.5067, Gate0%:0.0, MetaNormμ:8.9830 | Val Meta: Scaleμ:0.9696, Signal|S|μ:6.3895, Delta|S|μ:5.8307, Delta/Signal:91.25%, Gateμ:-0.5067, Gate0%:0.0, MetaNormμ:8.9830
Epoch  35/50 | Train Loss: 0.6748 Acc: 0.5739 F1: 0.5381 | Val Loss: 0.6995 Acc: 0.4500 F1: 0.4373 | Train Meta: Scaleμ:0.9696, Signal|S|μ:6.2787, Delta|S|μ:5.7294, Delta/Signal:91.25%, Gateμ:-0.5067, Gate0%:0.0, MetaNormμ:8.9830 | Val Meta: Scaleμ:0.9696, Signal|S|μ:6.3895, Delta|S|μ:5.8307, Delta/Signal:91.25%, Gateμ:-0.5067, Gate0%:0.0, MetaNormμ:8.9830
Epoch  36/50 | Train Loss: 0.6738 Acc: 0.5625 F1: 0.4982 | Val Loss: 0.7055 Acc: 0.4500 F1: 0.4486 | Train Meta: Scaleμ:0.9696, Signal|S|μ:7.0271, Delta|S|μ:6.4169, Delta/Signal:91.32%, Gateμ:-0.5067, Gate0%:0.0, MetaNormμ:8.9830 | Val Meta: Scaleμ:0.9696, Signal|S|μ:6.3895, Delta|S|μ:5.8307, Delta/Signal:91.25%, Gateμ:-0.5067, Gate0%:0.0, MetaNormμ:8.9830
Epoch  37/50 | Train Loss: 0.6746 Acc: 0.5057 F1: 0.4828 | Val Loss: 0.6913 Acc: 0.5000 F1: 0.4048 | Train Meta: Scaleμ:0.9696, Signal|S|μ:5.1812, Delta|S|μ:4.7347, Delta/Signal:91.38%, Gateμ:-0.5067, Gate0%:0.0, MetaNormμ:8.9830 | Val Meta: Scaleμ:0.9696, Signal|S|μ:6.3895, Delta|S|μ:5.8307, Delta/Signal:91.25%, Gateμ:-0.5067, Gate0%:0.0, MetaNormμ:8.9830
Epoch  38/50 | Train Loss: 0.7071 Acc: 0.4830 F1: 0.4270 | Val Loss: 0.6844 Acc: 0.5000 F1: 0.4048 | Train Meta: Scaleμ:0.9696, Signal|S|μ:6.5603, Delta|S|μ:5.9924, Delta/Signal:91.34%, Gateμ:-0.5067, Gate0%:0.0, MetaNormμ:8.9830 | Val Meta: Scaleμ:0.9696, Signal|S|μ:6.3895, Delta|S|μ:5.8307, Delta/Signal:91.25%, Gateμ:-0.5067, Gate0%:0.0, MetaNormμ:8.9830
Epoch  39/50 | Train Loss: 0.6691 Acc: 0.5341 F1: 0.5182 | Val Loss: 0.7218 Acc: 0.5000 F1: 0.4792 | Train Meta: Scaleμ:0.9696, Signal|S|μ:5.7510, Delta|S|μ:5.2498, Delta/Signal:91.28%, Gateμ:-0.5067, Gate0%:0.0, MetaNormμ:8.9830 | Val Meta: Scaleμ:0.9696, Signal|S|μ:6.3895, Delta|S|μ:5.8307, Delta/Signal:91.25%, Gateμ:-0.5067, Gate0%:0.0, MetaNormμ:8.9830
Epoch  40/50 | Train Loss: 0.6699 Acc: 0.5455 F1: 0.4114 | Val Loss: 0.7070 Acc: 0.4500 F1: 0.4486 | Train Meta: Scaleμ:0.9696, Signal|S|μ:4.7936, Delta|S|μ:4.3809, Delta/Signal:91.39%, Gateμ:-0.5067, Gate0%:0.0, MetaNormμ:8.9830 | Val Meta: Scaleμ:0.9696, Signal|S|μ:6.3895, Delta|S|μ:5.8307, Delta/Signal:91.25%, Gateμ:-0.5067, Gate0%:0.0, MetaNormμ:8.9830
Epoch  41/50 | Train Loss: 0.6744 Acc: 0.5739 F1: 0.5583 | Val Loss: 0.6901 Acc: 0.5000 F1: 0.4048 | Train Meta: Scaleμ:0.9696, Signal|S|μ:4.5034, Delta|S|μ:4.1191, Delta/Signal:91.47%, Gateμ:-0.5067, Gate0%:0.0, MetaNormμ:8.9830 | Val Meta: Scaleμ:0.9696, Signal|S|μ:6.3895, Delta|S|μ:5.8307, Delta/Signal:91.25%, Gateμ:-0.5067, Gate0%:0.0, MetaNormμ:8.9830
Epoch  42/50 | Train Loss: 0.6670 Acc: 0.5795 F1: 0.5515 | Val Loss: 0.7107 Acc: 0.5500 F1: 0.5489 | Train Meta: Scaleμ:0.9696, Signal|S|μ:6.6975, Delta|S|μ:6.1185, Delta/Signal:91.35%, Gateμ:-0.5067, Gate0%:0.0, MetaNormμ:8.9830 | Val Meta: Scaleμ:0.9696, Signal|S|μ:6.3895, Delta|S|μ:5.8307, Delta/Signal:91.25%, Gateμ:-0.5067, Gate0%:0.0, MetaNormμ:8.9830
Epoch  43/50 | Train Loss: 0.6688 Acc: 0.5341 F1: 0.5137 | Val Loss: 0.6864 Acc: 0.5000 F1: 0.4048 | Train Meta: Scaleμ:0.9696, Signal|S|μ:5.6254, Delta|S|μ:5.1410, Delta/Signal:91.39%, Gateμ:-0.5067, Gate0%:0.0, MetaNormμ:8.9830 | Val Meta: Scaleμ:0.9696, Signal|S|μ:6.3895, Delta|S|μ:5.8307, Delta/Signal:91.25%, Gateμ:-0.5067, Gate0%:0.0, MetaNormμ:8.9830
Epoch  44/50 | Train Loss: 0.6744 Acc: 0.5057 F1: 0.5037 | Val Loss: 0.7352 Acc: 0.4000 F1: 0.3407 | Train Meta: Scaleμ:0.9696, Signal|S|μ:7.2117, Delta|S|μ:6.5810, Delta/Signal:91.25%, Gateμ:-0.5067, Gate0%:0.0, MetaNormμ:8.9830 | Val Meta: Scaleμ:0.9696, Signal|S|μ:6.3895, Delta|S|μ:5.8307, Delta/Signal:91.25%, Gateμ:-0.5067, Gate0%:0.0, MetaNormμ:8.9830
Epoch  45/50 | Train Loss: 0.6712 Acc: 0.5455 F1: 0.5382 | Val Loss: 0.6930 Acc: 0.5000 F1: 0.4048 | Train Meta: Scaleμ:0.9696, Signal|S|μ:5.0997, Delta|S|μ:4.6597, Delta/Signal:91.37%, Gateμ:-0.5067, Gate0%:0.0, MetaNormμ:8.9830 | Val Meta: Scaleμ:0.9696, Signal|S|μ:6.3895, Delta|S|μ:5.8307, Delta/Signal:91.25%, Gateμ:-0.5067, Gate0%:0.0, MetaNormμ:8.9830
Epoch  46/50 | Train Loss: 0.6655 Acc: 0.6023 F1: 0.5990 | Val Loss: 0.7293 Acc: 0.5000 F1: 0.4792 | Train Meta: Scaleμ:0.9696, Signal|S|μ:5.8488, Delta|S|μ:5.3450, Delta/Signal:91.39%, Gateμ:-0.5067, Gate0%:0.0, MetaNormμ:8.9830 | Val Meta: Scaleμ:0.9696, Signal|S|μ:6.3895, Delta|S|μ:5.8307, Delta/Signal:91.25%, Gateμ:-0.5067, Gate0%:0.0, MetaNormμ:8.9830
Epoch  47/50 | Train Loss: 0.6691 Acc: 0.5739 F1: 0.5157 | Val Loss: 0.7018 Acc: 0.4000 F1: 0.3750 | Train Meta: Scaleμ:0.9696, Signal|S|μ:7.1233, Delta|S|μ:6.5017, Delta/Signal:91.27%, Gateμ:-0.5067, Gate0%:0.0, MetaNormμ:8.9830 | Val Meta: Scaleμ:0.9696, Signal|S|μ:6.3895, Delta|S|μ:5.8307, Delta/Signal:91.25%, Gateμ:-0.5067, Gate0%:0.0, MetaNormμ:8.9830
Epoch  48/50 | Train Loss: 0.6700 Acc: 0.5398 F1: 0.5396 | Val Loss: 0.7174 Acc: 0.6000 F1: 0.5960 | Train Meta: Scaleμ:0.9696, Signal|S|μ:5.1973, Delta|S|μ:4.7480, Delta/Signal:91.36%, Gateμ:-0.5067, Gate0%:0.0, MetaNormμ:8.9830 | Val Meta: Scaleμ:0.9696, Signal|S|μ:6.3895, Delta|S|μ:5.8307, Delta/Signal:91.25%, Gateμ:-0.5067, Gate0%:0.0, MetaNormμ:8.9830
Epoch  49/50 | Train Loss: 0.6684 Acc: 0.5341 F1: 0.5280 | Val Loss: 0.6950 Acc: 0.5000 F1: 0.4048 | Train Meta: Scaleμ:0.9696, Signal|S|μ:5.5029, Delta|S|μ:5.0248, Delta/Signal:91.31%, Gateμ:-0.5067, Gate0%:0.0, MetaNormμ:8.9830 | Val Meta: Scaleμ:0.9696, Signal|S|μ:6.3895, Delta|S|μ:5.8307, Delta/Signal:91.25%, Gateμ:-0.5067, Gate0%:0.0, MetaNormμ:8.9830
Epoch  50/50 | Train Loss: 0.6659 Acc: 0.5795 F1: 0.5776 | Val Loss: 0.7151 Acc: 0.5500 F1: 0.5489 | Train Meta: Scaleμ:0.9696, Signal|S|μ:6.2207, Delta|S|μ:5.6793, Delta/Signal:91.30%, Gateμ:-0.5067, Gate0%:0.0, MetaNormμ:8.9830 | Val Meta: Scaleμ:0.9696, Signal|S|μ:6.3895, Delta|S|μ:5.8307, Delta/Signal:91.25%, Gateμ:-0.5067, Gate0%:0.0, MetaNormμ:8.9830

Classification Test Result (SelfRegulationSCP2)
Accuracy : 0.500000
F1 (macro): 0.333333
Saved attention maps for 3 sample(s) under ./runs/classification_electricity_to_SelfRegulationSCP2_laya_metadata_query_gate_stats/attention_maps
/data/pjh_workspace/ts-env/lib/python3.8/site-packages/torch/nn/modules/transformer.py:307: UserWarning: enable_nested_tensor is True, but self.use_nested_tensor is False because encoder_layer.norm_first was True
  warnings.warn(f"enable_nested_tensor is True, but self.use_nested_tensor is False because {why_not_sparsity_fast_path}")
==================================================
🚀 Architecture: LAYA
📊 Target Dataset: SpokenArabicDigits (Channels: 13)
📊 Pretrain Info: electricity
📊 Classes: 10 | Sequence Length: 93
==================================================
✅ Loaded pretrained encoder from ./checkpoints/electricity_laya_metadata_query_gate_stats/laya_ts_electricity_s_best.pt
   - 104/104 keys matched.
✅ Encoder is FROZEN (Linear Probing mode).
📝 metadata: mode=stats, fusion=none, relation=metadata_query_gate
ℹ️  Metadata Fusion Mode: none
ℹ️  Channel Mixer Relation Mode: metadata_query_gate
ℹ️  Encoder Variant: default
ℹ️  Channel Adapter: disabled for Laya downstream (mixer)
ℹ️  Channel Relation Block: disabled
✅ ClassificationHead: [B, 256] → [B, 10]
Epoch   1/50 | Train Loss: 2.3122 Acc: 0.1090 F1: 0.1078 | Val Loss: 2.2680 Acc: 0.1563 F1: 0.0688 | Train Meta: Scaleμ:0.9696, Signal|S|μ:4.8137, Delta|S|μ:4.4282, Delta/Signal:91.99%, Gateμ:-0.4952, Gate0%:0.0, MetaNormμ:8.9991 | Val Meta: Scaleμ:0.9696, Signal|S|μ:4.6841, Delta|S|μ:4.3057, Delta/Signal:91.92%, Gateμ:-0.4952, Gate0%:0.0, MetaNormμ:8.9991
Validation Loss decreased (inf --> 2.267958). Saving best model...
Epoch   2/50 | Train Loss: 2.2455 Acc: 0.1538 F1: 0.1505 | Val Loss: 2.1886 Acc: 0.2382 F1: 0.1949 | Train Meta: Scaleμ:0.9696, Signal|S|μ:5.0238, Delta|S|μ:4.6187, Delta/Signal:91.94%, Gateμ:-0.4952, Gate0%:0.0, MetaNormμ:8.9991 | Val Meta: Scaleμ:0.9696, Signal|S|μ:4.6841, Delta|S|μ:4.3057, Delta/Signal:91.92%, Gateμ:-0.4952, Gate0%:0.0, MetaNormμ:8.9991
Validation Loss decreased (2.267958 --> 2.188562). Saving best model...
Epoch   3/50 | Train Loss: 2.1847 Acc: 0.1926 F1: 0.1895 | Val Loss: 2.1544 Acc: 0.1958 F1: 0.1467 | Train Meta: Scaleμ:0.9696, Signal|S|μ:4.5885, Delta|S|μ:4.2210, Delta/Signal:91.99%, Gateμ:-0.4952, Gate0%:0.0, MetaNormμ:8.9991 | Val Meta: Scaleμ:0.9696, Signal|S|μ:4.6841, Delta|S|μ:4.3057, Delta/Signal:91.92%, Gateμ:-0.4952, Gate0%:0.0, MetaNormμ:8.9991
Validation Loss decreased (2.188562 --> 2.154357). Saving best model...
Epoch   4/50 | Train Loss: 2.1391 Acc: 0.2209 F1: 0.2177 | Val Loss: 2.0990 Acc: 0.2549 F1: 0.2336 | Train Meta: Scaleμ:0.9696, Signal|S|μ:4.6113, Delta|S|μ:4.2451, Delta/Signal:92.06%, Gateμ:-0.4952, Gate0%:0.0, MetaNormμ:8.9991 | Val Meta: Scaleμ:0.9696, Signal|S|μ:4.6841, Delta|S|μ:4.3057, Delta/Signal:91.92%, Gateμ:-0.4952, Gate0%:0.0, MetaNormμ:8.9991
Validation Loss decreased (2.154357 --> 2.098976). Saving best model...
Epoch   5/50 | Train Loss: 2.0882 Acc: 0.2537 F1: 0.2494 | Val Loss: 2.0842 Acc: 0.2291 F1: 0.1720 | Train Meta: Scaleμ:0.9696, Signal|S|μ:4.8136, Delta|S|μ:4.4279, Delta/Signal:91.99%, Gateμ:-0.4952, Gate0%:0.0, MetaNormμ:8.9991 | Val Meta: Scaleμ:0.9696, Signal|S|μ:4.6841, Delta|S|μ:4.3057, Delta/Signal:91.92%, Gateμ:-0.4952, Gate0%:0.0, MetaNormμ:8.9991
Validation Loss decreased (2.098976 --> 2.084180). Saving best model...
Epoch   6/50 | Train Loss: 2.0567 Acc: 0.2611 F1: 0.2575 | Val Loss: 2.0187 Acc: 0.2580 F1: 0.2221 | Train Meta: Scaleμ:0.9696, Signal|S|μ:4.7076, Delta|S|μ:4.3330, Delta/Signal:92.04%, Gateμ:-0.4952, Gate0%:0.0, MetaNormμ:8.9991 | Val Meta: Scaleμ:0.9696, Signal|S|μ:4.6841, Delta|S|μ:4.3057, Delta/Signal:91.92%, Gateμ:-0.4952, Gate0%:0.0, MetaNormμ:8.9991
Validation Loss decreased (2.084180 --> 2.018713). Saving best model...
Epoch   7/50 | Train Loss: 2.0175 Acc: 0.2758 F1: 0.2719 | Val Loss: 2.0125 Acc: 0.2549 F1: 0.1886 | Train Meta: Scaleμ:0.9696, Signal|S|μ:4.6399, Delta|S|μ:4.2725, Delta/Signal:92.08%, Gateμ:-0.4952, Gate0%:0.0, MetaNormμ:8.9991 | Val Meta: Scaleμ:0.9696, Signal|S|μ:4.6841, Delta|S|μ:4.3057, Delta/Signal:91.92%, Gateμ:-0.4952, Gate0%:0.0, MetaNormμ:8.9991
Validation Loss decreased (2.018713 --> 2.012535). Saving best model...
Epoch   8/50 | Train Loss: 1.9890 Acc: 0.2935 F1: 0.2870 | Val Loss: 1.9768 Acc: 0.3050 F1: 0.2700 | Train Meta: Scaleμ:0.9696, Signal|S|μ:5.0357, Delta|S|μ:4.6308, Delta/Signal:91.96%, Gateμ:-0.4952, Gate0%:0.0, MetaNormμ:8.9991 | Val Meta: Scaleμ:0.9696, Signal|S|μ:4.6841, Delta|S|μ:4.3057, Delta/Signal:91.92%, Gateμ:-0.4952, Gate0%:0.0, MetaNormμ:8.9991
Validation Loss decreased (2.012535 --> 1.976821). Saving best model...
Epoch   9/50 | Train Loss: 1.9658 Acc: 0.3046 F1: 0.2966 | Val Loss: 1.9577 Acc: 0.3096 F1: 0.2747 | Train Meta: Scaleμ:0.9696, Signal|S|μ:4.4641, Delta|S|μ:4.1093, Delta/Signal:92.05%, Gateμ:-0.4952, Gate0%:0.0, MetaNormμ:8.9991 | Val Meta: Scaleμ:0.9696, Signal|S|μ:4.6841, Delta|S|μ:4.3057, Delta/Signal:91.92%, Gateμ:-0.4952, Gate0%:0.0, MetaNormμ:8.9991
Validation Loss decreased (1.976821 --> 1.957705). Saving best model...
Epoch  10/50 | Train Loss: 1.9429 Acc: 0.3226 F1: 0.3159 | Val Loss: 1.9182 Acc: 0.3111 F1: 0.2819 | Train Meta: Scaleμ:0.9696, Signal|S|μ:4.5762, Delta|S|μ:4.2079, Delta/Signal:91.95%, Gateμ:-0.4952, Gate0%:0.0, MetaNormμ:8.9991 | Val Meta: Scaleμ:0.9696, Signal|S|μ:4.6841, Delta|S|μ:4.3057, Delta/Signal:91.92%, Gateμ:-0.4952, Gate0%:0.0, MetaNormμ:8.9991
Validation Loss decreased (1.957705 --> 1.918177). Saving best model...
Epoch  11/50 | Train Loss: 1.9140 Acc: 0.3228 F1: 0.3139 | Val Loss: 1.9127 Acc: 0.2974 F1: 0.2649 | Train Meta: Scaleμ:0.9696, Signal|S|μ:4.5963, Delta|S|μ:4.2279, Delta/Signal:91.99%, Gateμ:-0.4952, Gate0%:0.0, MetaNormμ:8.9991 | Val Meta: Scaleμ:0.9696, Signal|S|μ:4.6841, Delta|S|μ:4.3057, Delta/Signal:91.92%, Gateμ:-0.4952, Gate0%:0.0, MetaNormμ:8.9991
Validation Loss decreased (1.918177 --> 1.912700). Saving best model...
Epoch  12/50 | Train Loss: 1.8975 Acc: 0.3320 F1: 0.3246 | Val Loss: 1.8658 Acc: 0.3520 F1: 0.3548 | Train Meta: Scaleμ:0.9696, Signal|S|μ:4.9048, Delta|S|μ:4.5102, Delta/Signal:91.96%, Gateμ:-0.4952, Gate0%:0.0, MetaNormμ:8.9991 | Val Meta: Scaleμ:0.9696, Signal|S|μ:4.6841, Delta|S|μ:4.3057, Delta/Signal:91.92%, Gateμ:-0.4952, Gate0%:0.0, MetaNormμ:8.9991
Validation Loss decreased (1.912700 --> 1.865772). Saving best model...
Epoch  13/50 | Train Loss: 1.8820 Acc: 0.3395 F1: 0.3317 | Val Loss: 1.8552 Acc: 0.3642 F1: 0.3457 | Train Meta: Scaleμ:0.9696, Signal|S|μ:4.8463, Delta|S|μ:4.4571, Delta/Signal:91.97%, Gateμ:-0.4952, Gate0%:0.0, MetaNormμ:8.9991 | Val Meta: Scaleμ:0.9696, Signal|S|μ:4.6841, Delta|S|μ:4.3057, Delta/Signal:91.92%, Gateμ:-0.4952, Gate0%:0.0, MetaNormμ:8.9991
Validation Loss decreased (1.865772 --> 1.855217). Saving best model...
Epoch  14/50 | Train Loss: 1.8618 Acc: 0.3491 F1: 0.3400 | Val Loss: 1.8557 Acc: 0.3202 F1: 0.3227 | Train Meta: Scaleμ:0.9696, Signal|S|μ:4.4728, Delta|S|μ:4.1161, Delta/Signal:92.02%, Gateμ:-0.4952, Gate0%:0.0, MetaNormμ:8.9991 | Val Meta: Scaleμ:0.9696, Signal|S|μ:4.6841, Delta|S|μ:4.3057, Delta/Signal:91.92%, Gateμ:-0.4952, Gate0%:0.0, MetaNormμ:8.9991
Epoch  15/50 | Train Loss: 1.8492 Acc: 0.3534 F1: 0.3469 | Val Loss: 1.8415 Acc: 0.3520 F1: 0.3316 | Train Meta: Scaleμ:0.9696, Signal|S|μ:4.6632, Delta|S|μ:4.2894, Delta/Signal:91.98%, Gateμ:-0.4952, Gate0%:0.0, MetaNormμ:8.9991 | Val Meta: Scaleμ:0.9696, Signal|S|μ:4.6841, Delta|S|μ:4.3057, Delta/Signal:91.92%, Gateμ:-0.4952, Gate0%:0.0, MetaNormμ:8.9991
Validation Loss decreased (1.855217 --> 1.841503). Saving best model...
Epoch  16/50 | Train Loss: 1.8397 Acc: 0.3587 F1: 0.3502 | Val Loss: 1.8159 Acc: 0.3627 F1: 0.3498 | Train Meta: Scaleμ:0.9696, Signal|S|μ:5.1104, Delta|S|μ:4.6969, Delta/Signal:91.91%, Gateμ:-0.4952, Gate0%:0.0, MetaNormμ:8.9991 | Val Meta: Scaleμ:0.9696, Signal|S|μ:4.6841, Delta|S|μ:4.3057, Delta/Signal:91.92%, Gateμ:-0.4952, Gate0%:0.0, MetaNormμ:8.9991
Validation Loss decreased (1.841503 --> 1.815856). Saving best model...
Epoch  17/50 | Train Loss: 1.8243 Acc: 0.3652 F1: 0.3571 | Val Loss: 1.8142 Acc: 0.3551 F1: 0.3375 | Train Meta: Scaleμ:0.9696, Signal|S|μ:4.6734, Delta|S|μ:4.2966, Delta/Signal:91.94%, Gateμ:-0.4952, Gate0%:0.0, MetaNormμ:8.9991 | Val Meta: Scaleμ:0.9696, Signal|S|μ:4.6841, Delta|S|μ:4.3057, Delta/Signal:91.92%, Gateμ:-0.4952, Gate0%:0.0, MetaNormμ:8.9991
Validation Loss decreased (1.815856 --> 1.814220). Saving best model...
Epoch  18/50 | Train Loss: 1.8196 Acc: 0.3570 F1: 0.3486 | Val Loss: 1.7848 Acc: 0.3915 F1: 0.3805 | Train Meta: Scaleμ:0.9696, Signal|S|μ:4.5955, Delta|S|μ:4.2318, Delta/Signal:92.09%, Gateμ:-0.4952, Gate0%:0.0, MetaNormμ:8.9991 | Val Meta: Scaleμ:0.9696, Signal|S|μ:4.6841, Delta|S|μ:4.3057, Delta/Signal:91.92%, Gateμ:-0.4952, Gate0%:0.0, MetaNormμ:8.9991
Validation Loss decreased (1.814220 --> 1.784848). Saving best model...
Epoch  19/50 | Train Loss: 1.8080 Acc: 0.3713 F1: 0.3624 | Val Loss: 1.8027 Acc: 0.3520 F1: 0.3428 | Train Meta: Scaleμ:0.9696, Signal|S|μ:4.4328, Delta|S|μ:4.0780, Delta/Signal:92.00%, Gateμ:-0.4952, Gate0%:0.0, MetaNormμ:8.9991 | Val Meta: Scaleμ:0.9696, Signal|S|μ:4.6841, Delta|S|μ:4.3057, Delta/Signal:91.92%, Gateμ:-0.4952, Gate0%:0.0, MetaNormμ:8.9991
Epoch  20/50 | Train Loss: 1.7980 Acc: 0.3699 F1: 0.3613 | Val Loss: 1.8050 Acc: 0.3627 F1: 0.3197 | Train Meta: Scaleμ:0.9696, Signal|S|μ:4.7232, Delta|S|μ:4.3417, Delta/Signal:91.92%, Gateμ:-0.4952, Gate0%:0.0, MetaNormμ:8.9991 | Val Meta: Scaleμ:0.9696, Signal|S|μ:4.6841, Delta|S|μ:4.3057, Delta/Signal:91.92%, Gateμ:-0.4952, Gate0%:0.0, MetaNormμ:8.9991
Epoch  21/50 | Train Loss: 1.7903 Acc: 0.3718 F1: 0.3624 | Val Loss: 1.7697 Acc: 0.3900 F1: 0.3746 | Train Meta: Scaleμ:0.9696, Signal|S|μ:4.5978, Delta|S|μ:4.2292, Delta/Signal:91.98%, Gateμ:-0.4952, Gate0%:0.0, MetaNormμ:8.9991 | Val Meta: Scaleμ:0.9696, Signal|S|μ:4.6841, Delta|S|μ:4.3057, Delta/Signal:91.92%, Gateμ:-0.4952, Gate0%:0.0, MetaNormμ:8.9991
Validation Loss decreased (1.784848 --> 1.769694). Saving best model...
Epoch  22/50 | Train Loss: 1.7839 Acc: 0.3782 F1: 0.3703 | Val Loss: 1.7732 Acc: 0.3748 F1: 0.3645 | Train Meta: Scaleμ:0.9696, Signal|S|μ:4.7663, Delta|S|μ:4.3840, Delta/Signal:91.98%, Gateμ:-0.4952, Gate0%:0.0, MetaNormμ:8.9991 | Val Meta: Scaleμ:0.9696, Signal|S|μ:4.6841, Delta|S|μ:4.3057, Delta/Signal:91.92%, Gateμ:-0.4952, Gate0%:0.0, MetaNormμ:8.9991
Epoch  23/50 | Train Loss: 1.7730 Acc: 0.3812 F1: 0.3721 | Val Loss: 1.7563 Acc: 0.3991 F1: 0.3925 | Train Meta: Scaleμ:0.9696, Signal|S|μ:4.8720, Delta|S|μ:4.4798, Delta/Signal:91.95%, Gateμ:-0.4952, Gate0%:0.0, MetaNormμ:8.9991 | Val Meta: Scaleμ:0.9696, Signal|S|μ:4.6841, Delta|S|μ:4.3057, Delta/Signal:91.92%, Gateμ:-0.4952, Gate0%:0.0, MetaNormμ:8.9991
Validation Loss decreased (1.769694 --> 1.756279). Saving best model...
Epoch  24/50 | Train Loss: 1.7659 Acc: 0.3824 F1: 0.3742 | Val Loss: 1.7466 Acc: 0.4127 F1: 0.4080 | Train Meta: Scaleμ:0.9696, Signal|S|μ:4.4062, Delta|S|μ:4.0575, Delta/Signal:92.09%, Gateμ:-0.4952, Gate0%:0.0, MetaNormμ:8.9991 | Val Meta: Scaleμ:0.9696, Signal|S|μ:4.6841, Delta|S|μ:4.3057, Delta/Signal:91.92%, Gateμ:-0.4952, Gate0%:0.0, MetaNormμ:8.9991
Validation Loss decreased (1.756279 --> 1.746585). Saving best model...
Epoch  25/50 | Train Loss: 1.7569 Acc: 0.3844 F1: 0.3768 | Val Loss: 1.7478 Acc: 0.3733 F1: 0.3715 | Train Meta: Scaleμ:0.9696, Signal|S|μ:4.5836, Delta|S|μ:4.2185, Delta/Signal:92.03%, Gateμ:-0.4952, Gate0%:0.0, MetaNormμ:8.9991 | Val Meta: Scaleμ:0.9696, Signal|S|μ:4.6841, Delta|S|μ:4.3057, Delta/Signal:91.92%, Gateμ:-0.4952, Gate0%:0.0, MetaNormμ:8.9991
Epoch  26/50 | Train Loss: 1.7543 Acc: 0.3831 F1: 0.3741 | Val Loss: 1.7413 Acc: 0.3869 F1: 0.3708 | Train Meta: Scaleμ:0.9696, Signal|S|μ:4.7394, Delta|S|μ:4.3619, Delta/Signal:92.04%, Gateμ:-0.4952, Gate0%:0.0, MetaNormμ:8.9991 | Val Meta: Scaleμ:0.9696, Signal|S|μ:4.6841, Delta|S|μ:4.3057, Delta/Signal:91.92%, Gateμ:-0.4952, Gate0%:0.0, MetaNormμ:8.9991
Validation Loss decreased (1.746585 --> 1.741308). Saving best model...
Epoch  27/50 | Train Loss: 1.7514 Acc: 0.3844 F1: 0.3760 | Val Loss: 1.7563 Acc: 0.3824 F1: 0.3643 | Train Meta: Scaleμ:0.9696, Signal|S|μ:4.7672, Delta|S|μ:4.3862, Delta/Signal:92.01%, Gateμ:-0.4952, Gate0%:0.0, MetaNormμ:8.9991 | Val Meta: Scaleμ:0.9696, Signal|S|μ:4.6841, Delta|S|μ:4.3057, Delta/Signal:91.92%, Gateμ:-0.4952, Gate0%:0.0, MetaNormμ:8.9991
Epoch  28/50 | Train Loss: 1.7460 Acc: 0.3890 F1: 0.3820 | Val Loss: 1.7450 Acc: 0.3672 F1: 0.3506 | Train Meta: Scaleμ:0.9696, Signal|S|μ:4.6462, Delta|S|μ:4.2770, Delta/Signal:92.05%, Gateμ:-0.4952, Gate0%:0.0, MetaNormμ:8.9991 | Val Meta: Scaleμ:0.9696, Signal|S|μ:4.6841, Delta|S|μ:4.3057, Delta/Signal:91.92%, Gateμ:-0.4952, Gate0%:0.0, MetaNormμ:8.9991
Epoch  29/50 | Train Loss: 1.7375 Acc: 0.3900 F1: 0.3827 | Val Loss: 1.7400 Acc: 0.3824 F1: 0.3701 | Train Meta: Scaleμ:0.9696, Signal|S|μ:4.6393, Delta|S|μ:4.2691, Delta/Signal:92.02%, Gateμ:-0.4952, Gate0%:0.0, MetaNormμ:8.9991 | Val Meta: Scaleμ:0.9696, Signal|S|μ:4.6841, Delta|S|μ:4.3057, Delta/Signal:91.92%, Gateμ:-0.4952, Gate0%:0.0, MetaNormμ:8.9991
Validation Loss decreased (1.741308 --> 1.740030). Saving best model...
Epoch  30/50 | Train Loss: 1.7321 Acc: 0.3969 F1: 0.3895 | Val Loss: 1.7223 Acc: 0.4052 F1: 0.3799 | Train Meta: Scaleμ:0.9696, Signal|S|μ:4.9511, Delta|S|μ:4.5558, Delta/Signal:92.02%, Gateμ:-0.4952, Gate0%:0.0, MetaNormμ:8.9991 | Val Meta: Scaleμ:0.9696, Signal|S|μ:4.6841, Delta|S|μ:4.3057, Delta/Signal:91.92%, Gateμ:-0.4952, Gate0%:0.0, MetaNormμ:8.9991
Validation Loss decreased (1.740030 --> 1.722346). Saving best model...
Epoch  31/50 | Train Loss: 1.7268 Acc: 0.3907 F1: 0.3832 | Val Loss: 1.7210 Acc: 0.4203 F1: 0.4086 | Train Meta: Scaleμ:0.9696, Signal|S|μ:4.8604, Delta|S|μ:4.4717, Delta/Signal:92.00%, Gateμ:-0.4952, Gate0%:0.0, MetaNormμ:8.9991 | Val Meta: Scaleμ:0.9696, Signal|S|μ:4.6841, Delta|S|μ:4.3057, Delta/Signal:91.92%, Gateμ:-0.4952, Gate0%:0.0, MetaNormμ:8.9991
Validation Loss decreased (1.722346 --> 1.720990). Saving best model...
Epoch  32/50 | Train Loss: 1.7213 Acc: 0.4025 F1: 0.3961 | Val Loss: 1.7173 Acc: 0.3945 F1: 0.3765 | Train Meta: Scaleμ:0.9696, Signal|S|μ:4.3617, Delta|S|μ:4.0190, Delta/Signal:92.14%, Gateμ:-0.4952, Gate0%:0.0, MetaNormμ:8.9991 | Val Meta: Scaleμ:0.9696, Signal|S|μ:4.6841, Delta|S|μ:4.3057, Delta/Signal:91.92%, Gateμ:-0.4952, Gate0%:0.0, MetaNormμ:8.9991
Validation Loss decreased (1.720990 --> 1.717286). Saving best model...
Epoch  33/50 | Train Loss: 1.7180 Acc: 0.4055 F1: 0.3982 | Val Loss: 1.7098 Acc: 0.4052 F1: 0.4023 | Train Meta: Scaleμ:0.9696, Signal|S|μ:4.6649, Delta|S|μ:4.2906, Delta/Signal:91.98%, Gateμ:-0.4952, Gate0%:0.0, MetaNormμ:8.9991 | Val Meta: Scaleμ:0.9696, Signal|S|μ:4.6841, Delta|S|μ:4.3057, Delta/Signal:91.92%, Gateμ:-0.4952, Gate0%:0.0, MetaNormμ:8.9991
Validation Loss decreased (1.717286 --> 1.709767). Saving best model...
Epoch  34/50 | Train Loss: 1.7114 Acc: 0.3998 F1: 0.3916 | Val Loss: 1.7060 Acc: 0.3687 F1: 0.3616 | Train Meta: Scaleμ:0.9696, Signal|S|μ:4.4853, Delta|S|μ:4.1292, Delta/Signal:92.06%, Gateμ:-0.4952, Gate0%:0.0, MetaNormμ:8.9991 | Val Meta: Scaleμ:0.9696, Signal|S|μ:4.6841, Delta|S|μ:4.3057, Delta/Signal:91.92%, Gateμ:-0.4952, Gate0%:0.0, MetaNormμ:8.9991
Validation Loss decreased (1.709767 --> 1.706041). Saving best model...
Epoch  35/50 | Train Loss: 1.7091 Acc: 0.4025 F1: 0.3946 | Val Loss: 1.6924 Acc: 0.3900 F1: 0.3899 | Train Meta: Scaleμ:0.9696, Signal|S|μ:4.5548, Delta|S|μ:4.1912, Delta/Signal:92.02%, Gateμ:-0.4952, Gate0%:0.0, MetaNormμ:8.9991 | Val Meta: Scaleμ:0.9696, Signal|S|μ:4.6841, Delta|S|μ:4.3057, Delta/Signal:91.92%, Gateμ:-0.4952, Gate0%:0.0, MetaNormμ:8.9991
Validation Loss decreased (1.706041 --> 1.692366). Saving best model...
Epoch  36/50 | Train Loss: 1.7041 Acc: 0.4028 F1: 0.3956 | Val Loss: 1.7105 Acc: 0.3900 F1: 0.3685 | Train Meta: Scaleμ:0.9696, Signal|S|μ:4.6347, Delta|S|μ:4.2661, Delta/Signal:92.05%, Gateμ:-0.4952, Gate0%:0.0, MetaNormμ:8.9991 | Val Meta: Scaleμ:0.9696, Signal|S|μ:4.6841, Delta|S|μ:4.3057, Delta/Signal:91.92%, Gateμ:-0.4952, Gate0%:0.0, MetaNormμ:8.9991
Epoch  37/50 | Train Loss: 1.7008 Acc: 0.4052 F1: 0.3976 | Val Loss: 1.6969 Acc: 0.3961 F1: 0.3961 | Train Meta: Scaleμ:0.9696, Signal|S|μ:4.6784, Delta|S|μ:4.3035, Delta/Signal:91.99%, Gateμ:-0.4952, Gate0%:0.0, MetaNormμ:8.9991 | Val Meta: Scaleμ:0.9696, Signal|S|μ:4.6841, Delta|S|μ:4.3057, Delta/Signal:91.92%, Gateμ:-0.4952, Gate0%:0.0, MetaNormμ:8.9991
Epoch  38/50 | Train Loss: 1.6997 Acc: 0.4053 F1: 0.3988 | Val Loss: 1.6872 Acc: 0.4112 F1: 0.4043 | Train Meta: Scaleμ:0.9696, Signal|S|μ:4.6308, Delta|S|μ:4.2615, Delta/Signal:92.03%, Gateμ:-0.4952, Gate0%:0.0, MetaNormμ:8.9991 | Val Meta: Scaleμ:0.9696, Signal|S|μ:4.6841, Delta|S|μ:4.3057, Delta/Signal:91.92%, Gateμ:-0.4952, Gate0%:0.0, MetaNormμ:8.9991
Validation Loss decreased (1.692366 --> 1.687243). Saving best model...
Epoch  39/50 | Train Loss: 1.6930 Acc: 0.4127 F1: 0.4047 | Val Loss: 1.6879 Acc: 0.3991 F1: 0.3957 | Train Meta: Scaleμ:0.9696, Signal|S|μ:4.7537, Delta|S|μ:4.3683, Delta/Signal:91.89%, Gateμ:-0.4952, Gate0%:0.0, MetaNormμ:8.9991 | Val Meta: Scaleμ:0.9696, Signal|S|μ:4.6841, Delta|S|μ:4.3057, Delta/Signal:91.92%, Gateμ:-0.4952, Gate0%:0.0, MetaNormμ:8.9991
Epoch  40/50 | Train Loss: 1.6905 Acc: 0.4085 F1: 0.4013 | Val Loss: 1.6860 Acc: 0.3961 F1: 0.3803 | Train Meta: Scaleμ:0.9696, Signal|S|μ:4.6844, Delta|S|μ:4.3118, Delta/Signal:92.05%, Gateμ:-0.4952, Gate0%:0.0, MetaNormμ:8.9991 | Val Meta: Scaleμ:0.9696, Signal|S|μ:4.6841, Delta|S|μ:4.3057, Delta/Signal:91.92%, Gateμ:-0.4952, Gate0%:0.0, MetaNormμ:8.9991
Validation Loss decreased (1.687243 --> 1.685988). Saving best model...
Epoch  41/50 | Train Loss: 1.6868 Acc: 0.4105 F1: 0.4033 | Val Loss: 1.6779 Acc: 0.4143 F1: 0.4068 | Train Meta: Scaleμ:0.9696, Signal|S|μ:4.7803, Delta|S|μ:4.3948, Delta/Signal:91.94%, Gateμ:-0.4952, Gate0%:0.0, MetaNormμ:8.9991 | Val Meta: Scaleμ:0.9696, Signal|S|μ:4.6841, Delta|S|μ:4.3057, Delta/Signal:91.92%, Gateμ:-0.4952, Gate0%:0.0, MetaNormμ:8.9991
Validation Loss decreased (1.685988 --> 1.677889). Saving best model...
Epoch  42/50 | Train Loss: 1.6834 Acc: 0.4104 F1: 0.4036 | Val Loss: 1.6725 Acc: 0.4067 F1: 0.4018 | Train Meta: Scaleμ:0.9696, Signal|S|μ:4.9755, Delta|S|μ:4.5738, Delta/Signal:91.93%, Gateμ:-0.4952, Gate0%:0.0, MetaNormμ:8.9991 | Val Meta: Scaleμ:0.9696, Signal|S|μ:4.6841, Delta|S|μ:4.3057, Delta/Signal:91.92%, Gateμ:-0.4952, Gate0%:0.0, MetaNormμ:8.9991
Validation Loss decreased (1.677889 --> 1.672540). Saving best model...
Epoch  43/50 | Train Loss: 1.6810 Acc: 0.4163 F1: 0.4083 | Val Loss: 1.6683 Acc: 0.4067 F1: 0.4032 | Train Meta: Scaleμ:0.9696, Signal|S|μ:4.8272, Delta|S|μ:4.4381, Delta/Signal:91.94%, Gateμ:-0.4952, Gate0%:0.0, MetaNormμ:8.9991 | Val Meta: Scaleμ:0.9696, Signal|S|μ:4.6841, Delta|S|μ:4.3057, Delta/Signal:91.92%, Gateμ:-0.4952, Gate0%:0.0, MetaNormμ:8.9991
Validation Loss decreased (1.672540 --> 1.668323). Saving best model...
Epoch  44/50 | Train Loss: 1.6759 Acc: 0.4156 F1: 0.4088 | Val Loss: 1.6706 Acc: 0.4310 F1: 0.4167 | Train Meta: Scaleμ:0.9696, Signal|S|μ:4.8488, Delta|S|μ:4.4576, Delta/Signal:91.93%, Gateμ:-0.4952, Gate0%:0.0, MetaNormμ:8.9991 | Val Meta: Scaleμ:0.9696, Signal|S|μ:4.6841, Delta|S|μ:4.3057, Delta/Signal:91.92%, Gateμ:-0.4952, Gate0%:0.0, MetaNormμ:8.9991
Epoch  45/50 | Train Loss: 1.6728 Acc: 0.4223 F1: 0.4149 | Val Loss: 1.6673 Acc: 0.4234 F1: 0.4194 | Train Meta: Scaleμ:0.9696, Signal|S|μ:4.8990, Delta|S|μ:4.5019, Delta/Signal:91.89%, Gateμ:-0.4952, Gate0%:0.0, MetaNormμ:8.9991 | Val Meta: Scaleμ:0.9696, Signal|S|μ:4.6841, Delta|S|μ:4.3057, Delta/Signal:91.92%, Gateμ:-0.4952, Gate0%:0.0, MetaNormμ:8.9991
Validation Loss decreased (1.668323 --> 1.667311). Saving best model...
Epoch  46/50 | Train Loss: 1.6704 Acc: 0.4141 F1: 0.4077 | Val Loss: 1.6708 Acc: 0.3900 F1: 0.3856 | Train Meta: Scaleμ:0.9696, Signal|S|μ:4.9057, Delta|S|μ:4.5104, Delta/Signal:91.94%, Gateμ:-0.4952, Gate0%:0.0, MetaNormμ:8.9991 | Val Meta: Scaleμ:0.9696, Signal|S|μ:4.6841, Delta|S|μ:4.3057, Delta/Signal:91.92%, Gateμ:-0.4952, Gate0%:0.0, MetaNormμ:8.9991
Epoch  47/50 | Train Loss: 1.6684 Acc: 0.4254 F1: 0.4184 | Val Loss: 1.6593 Acc: 0.4143 F1: 0.4053 | Train Meta: Scaleμ:0.9696, Signal|S|μ:4.8939, Delta|S|μ:4.5016, Delta/Signal:91.98%, Gateμ:-0.4952, Gate0%:0.0, MetaNormμ:8.9991 | Val Meta: Scaleμ:0.9696, Signal|S|μ:4.6841, Delta|S|μ:4.3057, Delta/Signal:91.92%, Gateμ:-0.4952, Gate0%:0.0, MetaNormμ:8.9991
Validation Loss decreased (1.667311 --> 1.659257). Saving best model...
Epoch  48/50 | Train Loss: 1.6646 Acc: 0.4230 F1: 0.4152 | Val Loss: 1.6606 Acc: 0.4052 F1: 0.4052 | Train Meta: Scaleμ:0.9696, Signal|S|μ:4.7751, Delta|S|μ:4.3931, Delta/Signal:92.00%, Gateμ:-0.4952, Gate0%:0.0, MetaNormμ:8.9991 | Val Meta: Scaleμ:0.9696, Signal|S|μ:4.6841, Delta|S|μ:4.3057, Delta/Signal:91.92%, Gateμ:-0.4952, Gate0%:0.0, MetaNormμ:8.9991
Epoch  49/50 | Train Loss: 1.6626 Acc: 0.4255 F1: 0.4194 | Val Loss: 1.6707 Acc: 0.4127 F1: 0.4033 | Train Meta: Scaleμ:0.9696, Signal|S|μ:4.6767, Delta|S|μ:4.3049, Delta/Signal:92.05%, Gateμ:-0.4952, Gate0%:0.0, MetaNormμ:8.9991 | Val Meta: Scaleμ:0.9696, Signal|S|μ:4.6841, Delta|S|μ:4.3057, Delta/Signal:91.92%, Gateμ:-0.4952, Gate0%:0.0, MetaNormμ:8.9991
Epoch  50/50 | Train Loss: 1.6588 Acc: 0.4292 F1: 0.4222 | Val Loss: 1.6637 Acc: 0.4097 F1: 0.3947 | Train Meta: Scaleμ:0.9696, Signal|S|μ:4.7785, Delta|S|μ:4.3964, Delta/Signal:92.00%, Gateμ:-0.4952, Gate0%:0.0, MetaNormμ:8.9991 | Val Meta: Scaleμ:0.9696, Signal|S|μ:4.6841, Delta|S|μ:4.3057, Delta/Signal:91.92%, Gateμ:-0.4952, Gate0%:0.0, MetaNormμ:8.9991

Classification Test Result (SpokenArabicDigits)
Accuracy : 0.220100
F1 (macro): 0.199991
Saved attention maps for 3 sample(s) under ./runs/classification_electricity_to_SpokenArabicDigits_laya_metadata_query_gate_stats/attention_maps
/data/pjh_workspace/ts-env/lib/python3.8/site-packages/torch/nn/modules/transformer.py:307: UserWarning: enable_nested_tensor is True, but self.use_nested_tensor is False because encoder_layer.norm_first was True
  warnings.warn(f"enable_nested_tensor is True, but self.use_nested_tensor is False because {why_not_sparsity_fast_path}")
==================================================
🚀 Architecture: LAYA
📊 Target Dataset: UWaveGestureLibrary (Channels: 3)
📊 Pretrain Info: electricity
📊 Classes: 8 | Sequence Length: 315
==================================================
✅ Loaded pretrained encoder from ./checkpoints/electricity_laya_metadata_query_gate_stats/laya_ts_electricity_s_best.pt
   - 104/104 keys matched.
✅ Encoder is FROZEN (Linear Probing mode).
📝 metadata: mode=stats, fusion=none, relation=metadata_query_gate
ℹ️  Metadata Fusion Mode: none
ℹ️  Channel Mixer Relation Mode: metadata_query_gate
ℹ️  Encoder Variant: default
ℹ️  Channel Adapter: disabled for Laya downstream (mixer)
ℹ️  Channel Relation Block: disabled
✅ ClassificationHead: [B, 256] → [B, 8]
Epoch   1/50 | Train Loss: 1.9615 Acc: 0.0938 F1: 0.0591 | Val Loss: 2.1732 Acc: 0.2500 F1: 0.1429 | Train Meta: Scaleμ:0.9696, Signal|S|μ:6.5450, Delta|S|μ:5.9010, Delta/Signal:90.16%, Gateμ:-0.4841, Gate0%:0.0, MetaNormμ:8.9525 | Val Meta: Scaleμ:0.9696, Signal|S|μ:6.5539, Delta|S|μ:5.9115, Delta/Signal:90.20%, Gateμ:-0.4841, Gate0%:0.0, MetaNormμ:8.9525
Validation Loss decreased (inf --> 2.173186). Saving best model...
Epoch   2/50 | Train Loss: 1.8611 Acc: 0.1354 F1: 0.1028 | Val Loss: 2.3243 Acc: 0.1667 F1: 0.1146 | Train Meta: Scaleμ:0.9696, Signal|S|μ:6.5011, Delta|S|μ:5.8666, Delta/Signal:90.24%, Gateμ:-0.4841, Gate0%:0.0, MetaNormμ:8.9525 | Val Meta: Scaleμ:0.9696, Signal|S|μ:6.5539, Delta|S|μ:5.9115, Delta/Signal:90.20%, Gateμ:-0.4841, Gate0%:0.0, MetaNormμ:8.9525
Epoch   3/50 | Train Loss: 1.8958 Acc: 0.1250 F1: 0.0457 | Val Loss: 2.3684 Acc: 0.0000 F1: 0.0000 | Train Meta: Scaleμ:0.9696, Signal|S|μ:6.5348, Delta|S|μ:5.8884, Delta/Signal:90.11%, Gateμ:-0.4841, Gate0%:0.0, MetaNormμ:8.9525 | Val Meta: Scaleμ:0.9696, Signal|S|μ:6.5539, Delta|S|μ:5.9115, Delta/Signal:90.20%, Gateμ:-0.4841, Gate0%:0.0, MetaNormμ:8.9525
Epoch   4/50 | Train Loss: 1.8715 Acc: 0.1458 F1: 0.0318 | Val Loss: 2.2268 Acc: 0.0000 F1: 0.0000 | Train Meta: Scaleμ:0.9696, Signal|S|μ:6.3610, Delta|S|μ:5.7340, Delta/Signal:90.14%, Gateμ:-0.4841, Gate0%:0.0, MetaNormμ:8.9525 | Val Meta: Scaleμ:0.9696, Signal|S|μ:6.5539, Delta|S|μ:5.9115, Delta/Signal:90.20%, Gateμ:-0.4841, Gate0%:0.0, MetaNormμ:8.9525
Epoch   5/50 | Train Loss: 1.8500 Acc: 0.1250 F1: 0.0518 | Val Loss: 2.1277 Acc: 0.1667 F1: 0.1190 | Train Meta: Scaleμ:0.9696, Signal|S|μ:6.4069, Delta|S|μ:5.7747, Delta/Signal:90.13%, Gateμ:-0.4841, Gate0%:0.0, MetaNormμ:8.9525 | Val Meta: Scaleμ:0.9696, Signal|S|μ:6.5539, Delta|S|μ:5.9115, Delta/Signal:90.20%, Gateμ:-0.4841, Gate0%:0.0, MetaNormμ:8.9525
Validation Loss decreased (2.173186 --> 2.127665). Saving best model...
Epoch   6/50 | Train Loss: 1.8479 Acc: 0.0833 F1: 0.0455 | Val Loss: 2.0885 Acc: 0.1667 F1: 0.0952 | Train Meta: Scaleμ:0.9696, Signal|S|μ:6.4579, Delta|S|μ:5.8228, Delta/Signal:90.17%, Gateμ:-0.4841, Gate0%:0.0, MetaNormμ:8.9525 | Val Meta: Scaleμ:0.9696, Signal|S|μ:6.5539, Delta|S|μ:5.9115, Delta/Signal:90.20%, Gateμ:-0.4841, Gate0%:0.0, MetaNormμ:8.9525
Validation Loss decreased (2.127665 --> 2.088472). Saving best model...
Epoch   7/50 | Train Loss: 1.8398 Acc: 0.1458 F1: 0.0820 | Val Loss: 2.1415 Acc: 0.1667 F1: 0.1000 | Train Meta: Scaleμ:0.9696, Signal|S|μ:6.4494, Delta|S|μ:5.8127, Delta/Signal:90.13%, Gateμ:-0.4841, Gate0%:0.0, MetaNormμ:8.9525 | Val Meta: Scaleμ:0.9696, Signal|S|μ:6.5539, Delta|S|μ:5.9115, Delta/Signal:90.20%, Gateμ:-0.4841, Gate0%:0.0, MetaNormμ:8.9525
Epoch   8/50 | Train Loss: 1.8387 Acc: 0.1562 F1: 0.0629 | Val Loss: 2.1895 Acc: 0.1667 F1: 0.1000 | Train Meta: Scaleμ:0.9696, Signal|S|μ:6.5092, Delta|S|μ:5.8694, Delta/Signal:90.17%, Gateμ:-0.4841, Gate0%:0.0, MetaNormμ:8.9525 | Val Meta: Scaleμ:0.9696, Signal|S|μ:6.5539, Delta|S|μ:5.9115, Delta/Signal:90.20%, Gateμ:-0.4841, Gate0%:0.0, MetaNormμ:8.9525
Epoch   9/50 | Train Loss: 1.8366 Acc: 0.1875 F1: 0.1101 | Val Loss: 2.1653 Acc: 0.0833 F1: 0.0500 | Train Meta: Scaleμ:0.9696, Signal|S|μ:6.5568, Delta|S|μ:5.9105, Delta/Signal:90.14%, Gateμ:-0.4841, Gate0%:0.0, MetaNormμ:8.9525 | Val Meta: Scaleμ:0.9696, Signal|S|μ:6.5539, Delta|S|μ:5.9115, Delta/Signal:90.20%, Gateμ:-0.4841, Gate0%:0.0, MetaNormμ:8.9525
Epoch  10/50 | Train Loss: 1.8277 Acc: 0.1875 F1: 0.0683 | Val Loss: 2.2055 Acc: 0.0000 F1: 0.0000 | Train Meta: Scaleμ:0.9696, Signal|S|μ:6.3933, Delta|S|μ:5.7644, Delta/Signal:90.16%, Gateμ:-0.4841, Gate0%:0.0, MetaNormμ:8.9525 | Val Meta: Scaleμ:0.9696, Signal|S|μ:6.5539, Delta|S|μ:5.9115, Delta/Signal:90.20%, Gateμ:-0.4841, Gate0%:0.0, MetaNormμ:8.9525
Epoch  11/50 | Train Loss: 1.8224 Acc: 0.1771 F1: 0.0847 | Val Loss: 2.1760 Acc: 0.0000 F1: 0.0000 | Train Meta: Scaleμ:0.9696, Signal|S|μ:6.5129, Delta|S|μ:5.8716, Delta/Signal:90.15%, Gateμ:-0.4841, Gate0%:0.0, MetaNormμ:8.9525 | Val Meta: Scaleμ:0.9696, Signal|S|μ:6.5539, Delta|S|μ:5.9115, Delta/Signal:90.20%, Gateμ:-0.4841, Gate0%:0.0, MetaNormμ:8.9525
Epoch  12/50 | Train Loss: 1.8193 Acc: 0.1250 F1: 0.0720 | Val Loss: 2.2025 Acc: 0.0833 F1: 0.0220 | Train Meta: Scaleμ:0.9696, Signal|S|μ:6.5118, Delta|S|μ:5.8696, Delta/Signal:90.14%, Gateμ:-0.4841, Gate0%:0.0, MetaNormμ:8.9525 | Val Meta: Scaleμ:0.9696, Signal|S|μ:6.5539, Delta|S|μ:5.9115, Delta/Signal:90.20%, Gateμ:-0.4841, Gate0%:0.0, MetaNormμ:8.9525
Epoch  13/50 | Train Loss: 1.8244 Acc: 0.1875 F1: 0.1353 | Val Loss: 2.1829 Acc: 0.0833 F1: 0.0417 | Train Meta: Scaleμ:0.9696, Signal|S|μ:6.4575, Delta|S|μ:5.8260, Delta/Signal:90.22%, Gateμ:-0.4841, Gate0%:0.0, MetaNormμ:8.9525 | Val Meta: Scaleμ:0.9696, Signal|S|μ:6.5539, Delta|S|μ:5.9115, Delta/Signal:90.20%, Gateμ:-0.4841, Gate0%:0.0, MetaNormμ:8.9525
Epoch  14/50 | Train Loss: 1.7966 Acc: 0.2812 F1: 0.1499 | Val Loss: 2.1863 Acc: 0.0833 F1: 0.0833 | Train Meta: Scaleμ:0.9696, Signal|S|μ:6.4658, Delta|S|μ:5.8303, Delta/Signal:90.17%, Gateμ:-0.4841, Gate0%:0.0, MetaNormμ:8.9525 | Val Meta: Scaleμ:0.9696, Signal|S|μ:6.5539, Delta|S|μ:5.9115, Delta/Signal:90.20%, Gateμ:-0.4841, Gate0%:0.0, MetaNormμ:8.9525
Epoch  15/50 | Train Loss: 1.8175 Acc: 0.2708 F1: 0.1492 | Val Loss: 2.1671 Acc: 0.0833 F1: 0.0357 | Train Meta: Scaleμ:0.9696, Signal|S|μ:6.5760, Delta|S|μ:5.9266, Delta/Signal:90.12%, Gateμ:-0.4841, Gate0%:0.0, MetaNormμ:8.9525 | Val Meta: Scaleμ:0.9696, Signal|S|μ:6.5539, Delta|S|μ:5.9115, Delta/Signal:90.20%, Gateμ:-0.4841, Gate0%:0.0, MetaNormμ:8.9525
Epoch  16/50 | Train Loss: 1.8034 Acc: 0.2292 F1: 0.1312 | Val Loss: 2.1592 Acc: 0.0833 F1: 0.1250 | Train Meta: Scaleμ:0.9696, Signal|S|μ:6.3250, Delta|S|μ:5.7017, Delta/Signal:90.15%, Gateμ:-0.4841, Gate0%:0.0, MetaNormμ:8.9525 | Val Meta: Scaleμ:0.9696, Signal|S|μ:6.5539, Delta|S|μ:5.9115, Delta/Signal:90.20%, Gateμ:-0.4841, Gate0%:0.0, MetaNormμ:8.9525
Epoch  17/50 | Train Loss: 1.7951 Acc: 0.2292 F1: 0.1796 | Val Loss: 2.1225 Acc: 0.0833 F1: 0.0220 | Train Meta: Scaleμ:0.9696, Signal|S|μ:6.4998, Delta|S|μ:5.8595, Delta/Signal:90.15%, Gateμ:-0.4841, Gate0%:0.0, MetaNormμ:8.9525 | Val Meta: Scaleμ:0.9696, Signal|S|μ:6.5539, Delta|S|μ:5.9115, Delta/Signal:90.20%, Gateμ:-0.4841, Gate0%:0.0, MetaNormμ:8.9525
Epoch  18/50 | Train Loss: 1.7977 Acc: 0.1667 F1: 0.0826 | Val Loss: 2.1487 Acc: 0.0833 F1: 0.0220 | Train Meta: Scaleμ:0.9696, Signal|S|μ:6.5857, Delta|S|μ:5.9377, Delta/Signal:90.16%, Gateμ:-0.4841, Gate0%:0.0, MetaNormμ:8.9525 | Val Meta: Scaleμ:0.9696, Signal|S|μ:6.5539, Delta|S|μ:5.9115, Delta/Signal:90.20%, Gateμ:-0.4841, Gate0%:0.0, MetaNormμ:8.9525
Epoch  19/50 | Train Loss: 1.7919 Acc: 0.2292 F1: 0.1866 | Val Loss: 2.1422 Acc: 0.0000 F1: 0.0000 | Train Meta: Scaleμ:0.9696, Signal|S|μ:6.6377, Delta|S|μ:5.9818, Delta/Signal:90.12%, Gateμ:-0.4841, Gate0%:0.0, MetaNormμ:8.9525 | Val Meta: Scaleμ:0.9696, Signal|S|μ:6.5539, Delta|S|μ:5.9115, Delta/Signal:90.20%, Gateμ:-0.4841, Gate0%:0.0, MetaNormμ:8.9525
Epoch  20/50 | Train Loss: 1.7776 Acc: 0.2708 F1: 0.1966 | Val Loss: 2.1579 Acc: 0.0000 F1: 0.0000 | Train Meta: Scaleμ:0.9696, Signal|S|μ:6.4647, Delta|S|μ:5.8257, Delta/Signal:90.11%, Gateμ:-0.4841, Gate0%:0.0, MetaNormμ:8.9525 | Val Meta: Scaleμ:0.9696, Signal|S|μ:6.5539, Delta|S|μ:5.9115, Delta/Signal:90.20%, Gateμ:-0.4841, Gate0%:0.0, MetaNormμ:8.9525
Epoch  21/50 | Train Loss: 1.7922 Acc: 0.2604 F1: 0.1576 | Val Loss: 2.1043 Acc: 0.1667 F1: 0.0833 | Train Meta: Scaleμ:0.9696, Signal|S|μ:6.6385, Delta|S|μ:5.9852, Delta/Signal:90.16%, Gateμ:-0.4841, Gate0%:0.0, MetaNormμ:8.9525 | Val Meta: Scaleμ:0.9696, Signal|S|μ:6.5539, Delta|S|μ:5.9115, Delta/Signal:90.20%, Gateμ:-0.4841, Gate0%:0.0, MetaNormμ:8.9525
Epoch  22/50 | Train Loss: 1.7867 Acc: 0.2812 F1: 0.1741 | Val Loss: 2.1279 Acc: 0.0833 F1: 0.0833 | Train Meta: Scaleμ:0.9696, Signal|S|μ:6.5199, Delta|S|μ:5.8802, Delta/Signal:90.19%, Gateμ:-0.4841, Gate0%:0.0, MetaNormμ:8.9525 | Val Meta: Scaleμ:0.9696, Signal|S|μ:6.5539, Delta|S|μ:5.9115, Delta/Signal:90.20%, Gateμ:-0.4841, Gate0%:0.0, MetaNormμ:8.9525
Epoch  23/50 | Train Loss: 1.7940 Acc: 0.3021 F1: 0.2092 | Val Loss: 2.1479 Acc: 0.0833 F1: 0.0227 | Train Meta: Scaleμ:0.9696, Signal|S|μ:6.4377, Delta|S|μ:5.8084, Delta/Signal:90.22%, Gateμ:-0.4841, Gate0%:0.0, MetaNormμ:8.9525 | Val Meta: Scaleμ:0.9696, Signal|S|μ:6.5539, Delta|S|μ:5.9115, Delta/Signal:90.20%, Gateμ:-0.4841, Gate0%:0.0, MetaNormμ:8.9525
Epoch  24/50 | Train Loss: 1.7842 Acc: 0.2500 F1: 0.1909 | Val Loss: 2.1497 Acc: 0.0000 F1: 0.0000 | Train Meta: Scaleμ:0.9696, Signal|S|μ:6.4970, Delta|S|μ:5.8576, Delta/Signal:90.16%, Gateμ:-0.4841, Gate0%:0.0, MetaNormμ:8.9525 | Val Meta: Scaleμ:0.9696, Signal|S|μ:6.5539, Delta|S|μ:5.9115, Delta/Signal:90.20%, Gateμ:-0.4841, Gate0%:0.0, MetaNormμ:8.9525
Epoch  25/50 | Train Loss: 1.7774 Acc: 0.3021 F1: 0.2112 | Val Loss: 2.1018 Acc: 0.0833 F1: 0.0220 | Train Meta: Scaleμ:0.9696, Signal|S|μ:6.5835, Delta|S|μ:5.9378, Delta/Signal:90.19%, Gateμ:-0.4841, Gate0%:0.0, MetaNormμ:8.9525 | Val Meta: Scaleμ:0.9696, Signal|S|μ:6.5539, Delta|S|μ:5.9115, Delta/Signal:90.20%, Gateμ:-0.4841, Gate0%:0.0, MetaNormμ:8.9525
Epoch  26/50 | Train Loss: 1.7648 Acc: 0.2917 F1: 0.2165 | Val Loss: 2.1286 Acc: 0.0833 F1: 0.0208 | Train Meta: Scaleμ:0.9696, Signal|S|μ:6.5033, Delta|S|μ:5.8630, Delta/Signal:90.15%, Gateμ:-0.4841, Gate0%:0.0, MetaNormμ:8.9525 | Val Meta: Scaleμ:0.9696, Signal|S|μ:6.5539, Delta|S|μ:5.9115, Delta/Signal:90.20%, Gateμ:-0.4841, Gate0%:0.0, MetaNormμ:8.9525
Epoch  27/50 | Train Loss: 1.7601 Acc: 0.2812 F1: 0.2096 | Val Loss: 2.1571 Acc: 0.1667 F1: 0.0833 | Train Meta: Scaleμ:0.9696, Signal|S|μ:6.5131, Delta|S|μ:5.8698, Delta/Signal:90.12%, Gateμ:-0.4841, Gate0%:0.0, MetaNormμ:8.9525 | Val Meta: Scaleμ:0.9696, Signal|S|μ:6.5539, Delta|S|μ:5.9115, Delta/Signal:90.20%, Gateμ:-0.4841, Gate0%:0.0, MetaNormμ:8.9525
Epoch  28/50 | Train Loss: 1.7651 Acc: 0.2812 F1: 0.2206 | Val Loss: 2.1361 Acc: 0.0000 F1: 0.0000 | Train Meta: Scaleμ:0.9696, Signal|S|μ:6.4885, Delta|S|μ:5.8543, Delta/Signal:90.23%, Gateμ:-0.4841, Gate0%:0.0, MetaNormμ:8.9525 | Val Meta: Scaleμ:0.9696, Signal|S|μ:6.5539, Delta|S|μ:5.9115, Delta/Signal:90.20%, Gateμ:-0.4841, Gate0%:0.0, MetaNormμ:8.9525
Epoch  29/50 | Train Loss: 1.7613 Acc: 0.2604 F1: 0.1748 | Val Loss: 2.1515 Acc: 0.0000 F1: 0.0000 | Train Meta: Scaleμ:0.9696, Signal|S|μ:6.5161, Delta|S|μ:5.8765, Delta/Signal:90.18%, Gateμ:-0.4841, Gate0%:0.0, MetaNormμ:8.9525 | Val Meta: Scaleμ:0.9696, Signal|S|μ:6.5539, Delta|S|μ:5.9115, Delta/Signal:90.20%, Gateμ:-0.4841, Gate0%:0.0, MetaNormμ:8.9525
Epoch  30/50 | Train Loss: 1.7559 Acc: 0.2708 F1: 0.2112 | Val Loss: 2.1211 Acc: 0.0833 F1: 0.0220 | Train Meta: Scaleμ:0.9696, Signal|S|μ:6.3986, Delta|S|μ:5.7640, Delta/Signal:90.08%, Gateμ:-0.4841, Gate0%:0.0, MetaNormμ:8.9525 | Val Meta: Scaleμ:0.9696, Signal|S|μ:6.5539, Delta|S|μ:5.9115, Delta/Signal:90.20%, Gateμ:-0.4841, Gate0%:0.0, MetaNormμ:8.9525
Epoch  31/50 | Train Loss: 1.7621 Acc: 0.2604 F1: 0.2065 | Val Loss: 2.1118 Acc: 0.1667 F1: 0.0556 | Train Meta: Scaleμ:0.9696, Signal|S|μ:6.6506, Delta|S|μ:5.9906, Delta/Signal:90.08%, Gateμ:-0.4841, Gate0%:0.0, MetaNormμ:8.9525 | Val Meta: Scaleμ:0.9696, Signal|S|μ:6.5539, Delta|S|μ:5.9115, Delta/Signal:90.20%, Gateμ:-0.4841, Gate0%:0.0, MetaNormμ:8.9525
Epoch  32/50 | Train Loss: 1.7429 Acc: 0.2917 F1: 0.1923 | Val Loss: 2.1638 Acc: 0.1667 F1: 0.0833 | Train Meta: Scaleμ:0.9696, Signal|S|μ:6.4672, Delta|S|μ:5.8311, Delta/Signal:90.16%, Gateμ:-0.4841, Gate0%:0.0, MetaNormμ:8.9525 | Val Meta: Scaleμ:0.9696, Signal|S|μ:6.5539, Delta|S|μ:5.9115, Delta/Signal:90.20%, Gateμ:-0.4841, Gate0%:0.0, MetaNormμ:8.9525
Epoch  33/50 | Train Loss: 1.7272 Acc: 0.2708 F1: 0.1778 | Val Loss: 2.2130 Acc: 0.0000 F1: 0.0000 | Train Meta: Scaleμ:0.9696, Signal|S|μ:6.5618, Delta|S|μ:5.9132, Delta/Signal:90.12%, Gateμ:-0.4841, Gate0%:0.0, MetaNormμ:8.9525 | Val Meta: Scaleμ:0.9696, Signal|S|μ:6.5539, Delta|S|μ:5.9115, Delta/Signal:90.20%, Gateμ:-0.4841, Gate0%:0.0, MetaNormμ:8.9525
Epoch  34/50 | Train Loss: 1.7416 Acc: 0.3646 F1: 0.2725 | Val Loss: 2.1466 Acc: 0.0000 F1: 0.0000 | Train Meta: Scaleμ:0.9696, Signal|S|μ:6.5584, Delta|S|μ:5.9137, Delta/Signal:90.17%, Gateμ:-0.4841, Gate0%:0.0, MetaNormμ:8.9525 | Val Meta: Scaleμ:0.9696, Signal|S|μ:6.5539, Delta|S|μ:5.9115, Delta/Signal:90.20%, Gateμ:-0.4841, Gate0%:0.0, MetaNormμ:8.9525
Epoch  35/50 | Train Loss: 1.7236 Acc: 0.3229 F1: 0.2327 | Val Loss: 2.1187 Acc: 0.0833 F1: 0.0625 | Train Meta: Scaleμ:0.9696, Signal|S|μ:6.5113, Delta|S|μ:5.8737, Delta/Signal:90.21%, Gateμ:-0.4841, Gate0%:0.0, MetaNormμ:8.9525 | Val Meta: Scaleμ:0.9696, Signal|S|μ:6.5539, Delta|S|μ:5.9115, Delta/Signal:90.20%, Gateμ:-0.4841, Gate0%:0.0, MetaNormμ:8.9525
Epoch  36/50 | Train Loss: 1.7150 Acc: 0.3646 F1: 0.2842 | Val Loss: 2.1297 Acc: 0.0000 F1: 0.0000 | Train Meta: Scaleμ:0.9696, Signal|S|μ:6.4719, Delta|S|μ:5.8365, Delta/Signal:90.18%, Gateμ:-0.4841, Gate0%:0.0, MetaNormμ:8.9525 | Val Meta: Scaleμ:0.9696, Signal|S|μ:6.5539, Delta|S|μ:5.9115, Delta/Signal:90.20%, Gateμ:-0.4841, Gate0%:0.0, MetaNormμ:8.9525
Epoch  37/50 | Train Loss: 1.7336 Acc: 0.3333 F1: 0.2661 | Val Loss: 2.1675 Acc: 0.0833 F1: 0.0625 | Train Meta: Scaleμ:0.9696, Signal|S|μ:6.5623, Delta|S|μ:5.9164, Delta/Signal:90.16%, Gateμ:-0.4841, Gate0%:0.0, MetaNormμ:8.9525 | Val Meta: Scaleμ:0.9696, Signal|S|μ:6.5539, Delta|S|μ:5.9115, Delta/Signal:90.20%, Gateμ:-0.4841, Gate0%:0.0, MetaNormμ:8.9525
Epoch  38/50 | Train Loss: 1.7198 Acc: 0.2917 F1: 0.2090 | Val Loss: 2.1821 Acc: 0.0833 F1: 0.0625 | Train Meta: Scaleμ:0.9696, Signal|S|μ:6.5833, Delta|S|μ:5.9354, Delta/Signal:90.16%, Gateμ:-0.4841, Gate0%:0.0, MetaNormμ:8.9525 | Val Meta: Scaleμ:0.9696, Signal|S|μ:6.5539, Delta|S|μ:5.9115, Delta/Signal:90.20%, Gateμ:-0.4841, Gate0%:0.0, MetaNormμ:8.9525
Epoch  39/50 | Train Loss: 1.7175 Acc: 0.2500 F1: 0.1774 | Val Loss: 2.1131 Acc: 0.0833 F1: 0.0500 | Train Meta: Scaleμ:0.9696, Signal|S|μ:6.5763, Delta|S|μ:5.9250, Delta/Signal:90.10%, Gateμ:-0.4841, Gate0%:0.0, MetaNormμ:8.9525 | Val Meta: Scaleμ:0.9696, Signal|S|μ:6.5539, Delta|S|μ:5.9115, Delta/Signal:90.20%, Gateμ:-0.4841, Gate0%:0.0, MetaNormμ:8.9525
Epoch  40/50 | Train Loss: 1.7111 Acc: 0.3854 F1: 0.2844 | Val Loss: 2.1008 Acc: 0.0833 F1: 0.0500 | Train Meta: Scaleμ:0.9696, Signal|S|μ:6.5204, Delta|S|μ:5.8739, Delta/Signal:90.09%, Gateμ:-0.4841, Gate0%:0.0, MetaNormμ:8.9525 | Val Meta: Scaleμ:0.9696, Signal|S|μ:6.5539, Delta|S|μ:5.9115, Delta/Signal:90.20%, Gateμ:-0.4841, Gate0%:0.0, MetaNormμ:8.9525
Epoch  41/50 | Train Loss: 1.7271 Acc: 0.3542 F1: 0.2390 | Val Loss: 2.1552 Acc: 0.0000 F1: 0.0000 | Train Meta: Scaleμ:0.9696, Signal|S|μ:6.4460, Delta|S|μ:5.8156, Delta/Signal:90.22%, Gateμ:-0.4841, Gate0%:0.0, MetaNormμ:8.9525 | Val Meta: Scaleμ:0.9696, Signal|S|μ:6.5539, Delta|S|μ:5.9115, Delta/Signal:90.20%, Gateμ:-0.4841, Gate0%:0.0, MetaNormμ:8.9525
Epoch  42/50 | Train Loss: 1.6973 Acc: 0.3646 F1: 0.2692 | Val Loss: 2.1706 Acc: 0.0000 F1: 0.0000 | Train Meta: Scaleμ:0.9696, Signal|S|μ:6.4647, Delta|S|μ:5.8271, Delta/Signal:90.14%, Gateμ:-0.4841, Gate0%:0.0, MetaNormμ:8.9525 | Val Meta: Scaleμ:0.9696, Signal|S|μ:6.5539, Delta|S|μ:5.9115, Delta/Signal:90.20%, Gateμ:-0.4841, Gate0%:0.0, MetaNormμ:8.9525
Epoch  43/50 | Train Loss: 1.6992 Acc: 0.3125 F1: 0.2194 | Val Loss: 2.1661 Acc: 0.0833 F1: 0.0312 | Train Meta: Scaleμ:0.9696, Signal|S|μ:6.4821, Delta|S|μ:5.8460, Delta/Signal:90.19%, Gateμ:-0.4841, Gate0%:0.0, MetaNormμ:8.9525 | Val Meta: Scaleμ:0.9696, Signal|S|μ:6.5539, Delta|S|μ:5.9115, Delta/Signal:90.20%, Gateμ:-0.4841, Gate0%:0.0, MetaNormμ:8.9525
Epoch  44/50 | Train Loss: 1.7088 Acc: 0.3125 F1: 0.2193 | Val Loss: 2.1487 Acc: 0.0833 F1: 0.0500 | Train Meta: Scaleμ:0.9696, Signal|S|μ:6.5279, Delta|S|μ:5.8893, Delta/Signal:90.22%, Gateμ:-0.4841, Gate0%:0.0, MetaNormμ:8.9525 | Val Meta: Scaleμ:0.9696, Signal|S|μ:6.5539, Delta|S|μ:5.9115, Delta/Signal:90.20%, Gateμ:-0.4841, Gate0%:0.0, MetaNormμ:8.9525
Epoch  45/50 | Train Loss: 1.6910 Acc: 0.3021 F1: 0.1933 | Val Loss: 2.1426 Acc: 0.1667 F1: 0.0833 | Train Meta: Scaleμ:0.9696, Signal|S|μ:6.5592, Delta|S|μ:5.9105, Delta/Signal:90.11%, Gateμ:-0.4841, Gate0%:0.0, MetaNormμ:8.9525 | Val Meta: Scaleμ:0.9696, Signal|S|μ:6.5539, Delta|S|μ:5.9115, Delta/Signal:90.20%, Gateμ:-0.4841, Gate0%:0.0, MetaNormμ:8.9525
Epoch  46/50 | Train Loss: 1.6877 Acc: 0.3229 F1: 0.2292 | Val Loss: 2.1430 Acc: 0.0833 F1: 0.0625 | Train Meta: Scaleμ:0.9696, Signal|S|μ:6.5491, Delta|S|μ:5.9065, Delta/Signal:90.19%, Gateμ:-0.4841, Gate0%:0.0, MetaNormμ:8.9525 | Val Meta: Scaleμ:0.9696, Signal|S|μ:6.5539, Delta|S|μ:5.9115, Delta/Signal:90.20%, Gateμ:-0.4841, Gate0%:0.0, MetaNormμ:8.9525
Epoch  47/50 | Train Loss: 1.7050 Acc: 0.3229 F1: 0.2544 | Val Loss: 2.1140 Acc: 0.0000 F1: 0.0000 | Train Meta: Scaleμ:0.9696, Signal|S|μ:6.4929, Delta|S|μ:5.8500, Delta/Signal:90.10%, Gateμ:-0.4841, Gate0%:0.0, MetaNormμ:8.9525 | Val Meta: Scaleμ:0.9696, Signal|S|μ:6.5539, Delta|S|μ:5.9115, Delta/Signal:90.20%, Gateμ:-0.4841, Gate0%:0.0, MetaNormμ:8.9525
Epoch  48/50 | Train Loss: 1.6999 Acc: 0.3229 F1: 0.2566 | Val Loss: 2.0751 Acc: 0.0833 F1: 0.0625 | Train Meta: Scaleμ:0.9696, Signal|S|μ:6.4415, Delta|S|μ:5.8066, Delta/Signal:90.14%, Gateμ:-0.4841, Gate0%:0.0, MetaNormμ:8.9525 | Val Meta: Scaleμ:0.9696, Signal|S|μ:6.5539, Delta|S|μ:5.9115, Delta/Signal:90.20%, Gateμ:-0.4841, Gate0%:0.0, MetaNormμ:8.9525
Validation Loss decreased (2.088472 --> 2.075142). Saving best model...
Epoch  49/50 | Train Loss: 1.6939 Acc: 0.3646 F1: 0.3044 | Val Loss: 2.0832 Acc: 0.0833 F1: 0.0500 | Train Meta: Scaleμ:0.9696, Signal|S|μ:6.6503, Delta|S|μ:5.9951, Delta/Signal:90.15%, Gateμ:-0.4841, Gate0%:0.0, MetaNormμ:8.9525 | Val Meta: Scaleμ:0.9696, Signal|S|μ:6.5539, Delta|S|μ:5.9115, Delta/Signal:90.20%, Gateμ:-0.4841, Gate0%:0.0, MetaNormμ:8.9525
Epoch  50/50 | Train Loss: 1.6809 Acc: 0.3646 F1: 0.2784 | Val Loss: 2.1419 Acc: 0.1667 F1: 0.0833 | Train Meta: Scaleμ:0.9696, Signal|S|μ:6.4770, Delta|S|μ:5.8394, Delta/Signal:90.16%, Gateμ:-0.4841, Gate0%:0.0, MetaNormμ:8.9525 | Val Meta: Scaleμ:0.9696, Signal|S|μ:6.5539, Delta|S|μ:5.9115, Delta/Signal:90.20%, Gateμ:-0.4841, Gate0%:0.0, MetaNormμ:8.9525

Classification Test Result (UWaveGestureLibrary)
Accuracy : 0.218750
F1 (macro): 0.173096
Saved attention maps for 3 sample(s) under ./runs/classification_electricity_to_UWaveGestureLibrary_laya_metadata_query_gate_stats/attention_maps
/data/pjh_workspace/ts-env/lib/python3.8/site-packages/torch/nn/modules/transformer.py:307: UserWarning: enable_nested_tensor is True, but self.use_nested_tensor is False because encoder_layer.norm_first was True
  warnings.warn(f"enable_nested_tensor is True, but self.use_nested_tensor is False because {why_not_sparsity_fast_path}")
==================================================
🚀 Architecture: LAYA
📊 Target Dataset: ECG200 (Channels: 1)
📊 Pretrain Info: electricity
📊 Classes: 2 | Sequence Length: 96
==================================================
✅ Loaded pretrained encoder from ./checkpoints/electricity_laya_metadata_query_gate_stats/laya_ts_electricity_s_best.pt
   - 104/104 keys matched.
✅ Encoder is FROZEN (Linear Probing mode).
📝 metadata: mode=stats, fusion=none, relation=metadata_query_gate
ℹ️  Metadata Fusion Mode: none
ℹ️  Channel Mixer Relation Mode: metadata_query_gate
ℹ️  Encoder Variant: default
ℹ️  Channel Adapter: disabled for Laya downstream (mixer)
ℹ️  Channel Relation Block: disabled
✅ ClassificationHead: [B, 256] → [B, 2]
Epoch   1/50 | Train Loss: 0.6285 Acc: 0.4875 F1: 0.4320 | Val Loss: 0.7269 Acc: 0.6000 F1: 0.3750 | Train Meta: Scaleμ:0.9696, Signal|S|μ:5.4684, Delta|S|μ:5.1924, Delta/Signal:94.95%, Gateμ:-0.4897, Gate0%:0.0, MetaNormμ:8.7592 | Val Meta: Scaleμ:0.9696, Signal|S|μ:5.6859, Delta|S|μ:5.3987, Delta/Signal:94.95%, Gateμ:-0.4897, Gate0%:0.0, MetaNormμ:8.7592
Validation Loss decreased (inf --> 0.726873). Saving best model...
Epoch   2/50 | Train Loss: 0.5405 Acc: 0.7125 F1: 0.4161 | Val Loss: 0.7555 Acc: 0.6000 F1: 0.3750 | Train Meta: Scaleμ:0.9696, Signal|S|μ:5.5383, Delta|S|μ:5.2589, Delta/Signal:94.96%, Gateμ:-0.4897, Gate0%:0.0, MetaNormμ:8.7592 | Val Meta: Scaleμ:0.9696, Signal|S|μ:5.6859, Delta|S|μ:5.3987, Delta/Signal:94.95%, Gateμ:-0.4897, Gate0%:0.0, MetaNormμ:8.7592
Epoch   3/50 | Train Loss: 0.5562 Acc: 0.6875 F1: 0.4074 | Val Loss: 0.6799 Acc: 0.6000 F1: 0.3750 | Train Meta: Scaleμ:0.9696, Signal|S|μ:5.3710, Delta|S|μ:5.0997, Delta/Signal:94.95%, Gateμ:-0.4897, Gate0%:0.0, MetaNormμ:8.7592 | Val Meta: Scaleμ:0.9696, Signal|S|μ:5.6859, Delta|S|μ:5.3987, Delta/Signal:94.95%, Gateμ:-0.4897, Gate0%:0.0, MetaNormμ:8.7592
Validation Loss decreased (0.726873 --> 0.679872). Saving best model...
Epoch   4/50 | Train Loss: 0.5342 Acc: 0.6875 F1: 0.4431 | Val Loss: 0.6480 Acc: 0.7000 F1: 0.6000 | Train Meta: Scaleμ:0.9696, Signal|S|μ:5.6093, Delta|S|μ:5.3258, Delta/Signal:94.95%, Gateμ:-0.4897, Gate0%:0.0, MetaNormμ:8.7592 | Val Meta: Scaleμ:0.9696, Signal|S|μ:5.6859, Delta|S|μ:5.3987, Delta/Signal:94.95%, Gateμ:-0.4897, Gate0%:0.0, MetaNormμ:8.7592
Validation Loss decreased (0.679872 --> 0.648005). Saving best model...
Epoch   5/50 | Train Loss: 0.5444 Acc: 0.7375 F1: 0.5578 | Val Loss: 0.6444 Acc: 0.7000 F1: 0.6000 | Train Meta: Scaleμ:0.9696, Signal|S|μ:5.7661, Delta|S|μ:5.4755, Delta/Signal:94.96%, Gateμ:-0.4897, Gate0%:0.0, MetaNormμ:8.7592 | Val Meta: Scaleμ:0.9696, Signal|S|μ:5.6859, Delta|S|μ:5.3987, Delta/Signal:94.95%, Gateμ:-0.4897, Gate0%:0.0, MetaNormμ:8.7592
Validation Loss decreased (0.648005 --> 0.644386). Saving best model...
Epoch   6/50 | Train Loss: 0.5251 Acc: 0.7250 F1: 0.5487 | Val Loss: 0.6546 Acc: 0.7000 F1: 0.6000 | Train Meta: Scaleμ:0.9696, Signal|S|μ:5.5564, Delta|S|μ:5.2758, Delta/Signal:94.95%, Gateμ:-0.4897, Gate0%:0.0, MetaNormμ:8.7592 | Val Meta: Scaleμ:0.9696, Signal|S|μ:5.6859, Delta|S|μ:5.3987, Delta/Signal:94.95%, Gateμ:-0.4897, Gate0%:0.0, MetaNormμ:8.7592
Epoch   7/50 | Train Loss: 0.4978 Acc: 0.7125 F1: 0.4161 | Val Loss: 0.6803 Acc: 0.6000 F1: 0.3750 | Train Meta: Scaleμ:0.9696, Signal|S|μ:5.5607, Delta|S|μ:5.2799, Delta/Signal:94.95%, Gateμ:-0.4897, Gate0%:0.0, MetaNormμ:8.7592 | Val Meta: Scaleμ:0.9696, Signal|S|μ:5.6859, Delta|S|μ:5.3987, Delta/Signal:94.95%, Gateμ:-0.4897, Gate0%:0.0, MetaNormμ:8.7592
Epoch   8/50 | Train Loss: 0.5146 Acc: 0.6875 F1: 0.4074 | Val Loss: 0.6551 Acc: 0.7000 F1: 0.6000 | Train Meta: Scaleμ:0.9696, Signal|S|μ:5.3769, Delta|S|μ:5.1050, Delta/Signal:94.94%, Gateμ:-0.4897, Gate0%:0.0, MetaNormμ:8.7592 | Val Meta: Scaleμ:0.9696, Signal|S|μ:5.6859, Delta|S|μ:5.3987, Delta/Signal:94.95%, Gateμ:-0.4897, Gate0%:0.0, MetaNormμ:8.7592
Epoch   9/50 | Train Loss: 0.4883 Acc: 0.7500 F1: 0.5408 | Val Loss: 0.6405 Acc: 0.7000 F1: 0.6000 | Train Meta: Scaleμ:0.9696, Signal|S|μ:5.3629, Delta|S|μ:5.0923, Delta/Signal:94.95%, Gateμ:-0.4897, Gate0%:0.0, MetaNormμ:8.7592 | Val Meta: Scaleμ:0.9696, Signal|S|μ:5.6859, Delta|S|μ:5.3987, Delta/Signal:94.95%, Gateμ:-0.4897, Gate0%:0.0, MetaNormμ:8.7592
Validation Loss decreased (0.644386 --> 0.640496). Saving best model...
Epoch  10/50 | Train Loss: 0.4893 Acc: 0.7500 F1: 0.5671 | Val Loss: 0.6378 Acc: 0.7000 F1: 0.6000 | Train Meta: Scaleμ:0.9696, Signal|S|μ:5.1885, Delta|S|μ:4.9262, Delta/Signal:94.94%, Gateμ:-0.4897, Gate0%:0.0, MetaNormμ:8.7592 | Val Meta: Scaleμ:0.9696, Signal|S|μ:5.6859, Delta|S|μ:5.3987, Delta/Signal:94.95%, Gateμ:-0.4897, Gate0%:0.0, MetaNormμ:8.7592
Validation Loss decreased (0.640496 --> 0.637768). Saving best model...
Epoch  11/50 | Train Loss: 0.4966 Acc: 0.7375 F1: 0.5578 | Val Loss: 0.6339 Acc: 0.7000 F1: 0.6000 | Train Meta: Scaleμ:0.9696, Signal|S|μ:5.4159, Delta|S|μ:5.1424, Delta/Signal:94.95%, Gateμ:-0.4897, Gate0%:0.0, MetaNormμ:8.7592 | Val Meta: Scaleμ:0.9696, Signal|S|μ:5.6859, Delta|S|μ:5.3987, Delta/Signal:94.95%, Gateμ:-0.4897, Gate0%:0.0, MetaNormμ:8.7592
Validation Loss decreased (0.637768 --> 0.633923). Saving best model...
Epoch  12/50 | Train Loss: 0.4862 Acc: 0.7500 F1: 0.5671 | Val Loss: 0.6487 Acc: 0.7000 F1: 0.6000 | Train Meta: Scaleμ:0.9696, Signal|S|μ:5.3931, Delta|S|μ:5.1207, Delta/Signal:94.95%, Gateμ:-0.4897, Gate0%:0.0, MetaNormμ:8.7592 | Val Meta: Scaleμ:0.9696, Signal|S|μ:5.6859, Delta|S|μ:5.3987, Delta/Signal:94.95%, Gateμ:-0.4897, Gate0%:0.0, MetaNormμ:8.7592
Epoch  13/50 | Train Loss: 0.4657 Acc: 0.7625 F1: 0.5767 | Val Loss: 0.6434 Acc: 0.7000 F1: 0.6000 | Train Meta: Scaleμ:0.9696, Signal|S|μ:5.5730, Delta|S|μ:5.2919, Delta/Signal:94.96%, Gateμ:-0.4897, Gate0%:0.0, MetaNormμ:8.7592 | Val Meta: Scaleμ:0.9696, Signal|S|μ:5.6859, Delta|S|μ:5.3987, Delta/Signal:94.95%, Gateμ:-0.4897, Gate0%:0.0, MetaNormμ:8.7592
Epoch  14/50 | Train Loss: 0.5032 Acc: 0.7125 F1: 0.4876 | Val Loss: 0.6258 Acc: 0.6000 F1: 0.5238 | Train Meta: Scaleμ:0.9696, Signal|S|μ:5.6302, Delta|S|μ:5.3461, Delta/Signal:94.95%, Gateμ:-0.4897, Gate0%:0.0, MetaNormμ:8.7592 | Val Meta: Scaleμ:0.9696, Signal|S|μ:5.6859, Delta|S|μ:5.3987, Delta/Signal:94.95%, Gateμ:-0.4897, Gate0%:0.0, MetaNormμ:8.7592
Validation Loss decreased (0.633923 --> 0.625833). Saving best model...
Epoch  15/50 | Train Loss: 0.4693 Acc: 0.7750 F1: 0.6104 | Val Loss: 0.6290 Acc: 0.7000 F1: 0.6000 | Train Meta: Scaleμ:0.9696, Signal|S|μ:5.3749, Delta|S|μ:5.1032, Delta/Signal:94.95%, Gateμ:-0.4897, Gate0%:0.0, MetaNormμ:8.7592 | Val Meta: Scaleμ:0.9696, Signal|S|μ:5.6859, Delta|S|μ:5.3987, Delta/Signal:94.95%, Gateμ:-0.4897, Gate0%:0.0, MetaNormμ:8.7592
Epoch  16/50 | Train Loss: 0.4687 Acc: 0.7625 F1: 0.5767 | Val Loss: 0.6419 Acc: 0.7000 F1: 0.6000 | Train Meta: Scaleμ:0.9696, Signal|S|μ:5.5290, Delta|S|μ:5.2500, Delta/Signal:94.95%, Gateμ:-0.4897, Gate0%:0.0, MetaNormμ:8.7592 | Val Meta: Scaleμ:0.9696, Signal|S|μ:5.6859, Delta|S|μ:5.3987, Delta/Signal:94.95%, Gateμ:-0.4897, Gate0%:0.0, MetaNormμ:8.7592
Epoch  17/50 | Train Loss: 0.4978 Acc: 0.7375 F1: 0.5578 | Val Loss: 0.6224 Acc: 0.6000 F1: 0.5238 | Train Meta: Scaleμ:0.9696, Signal|S|μ:5.4419, Delta|S|μ:5.1671, Delta/Signal:94.95%, Gateμ:-0.4897, Gate0%:0.0, MetaNormμ:8.7592 | Val Meta: Scaleμ:0.9696, Signal|S|μ:5.6859, Delta|S|μ:5.3987, Delta/Signal:94.95%, Gateμ:-0.4897, Gate0%:0.0, MetaNormμ:8.7592
Validation Loss decreased (0.625833 --> 0.622374). Saving best model...
Epoch  18/50 | Train Loss: 0.4531 Acc: 0.7625 F1: 0.5999 | Val Loss: 0.6322 Acc: 0.7000 F1: 0.6000 | Train Meta: Scaleμ:0.9696, Signal|S|μ:5.2952, Delta|S|μ:5.0278, Delta/Signal:94.95%, Gateμ:-0.4897, Gate0%:0.0, MetaNormμ:8.7592 | Val Meta: Scaleμ:0.9696, Signal|S|μ:5.6859, Delta|S|μ:5.3987, Delta/Signal:94.95%, Gateμ:-0.4897, Gate0%:0.0, MetaNormμ:8.7592
Epoch  19/50 | Train Loss: 0.4835 Acc: 0.7625 F1: 0.6199 | Val Loss: 0.6215 Acc: 0.6000 F1: 0.5238 | Train Meta: Scaleμ:0.9696, Signal|S|μ:5.4474, Delta|S|μ:5.1727, Delta/Signal:94.96%, Gateμ:-0.4897, Gate0%:0.0, MetaNormμ:8.7592 | Val Meta: Scaleμ:0.9696, Signal|S|μ:5.6859, Delta|S|μ:5.3987, Delta/Signal:94.95%, Gateμ:-0.4897, Gate0%:0.0, MetaNormμ:8.7592
Validation Loss decreased (0.622374 --> 0.621462). Saving best model...
Epoch  20/50 | Train Loss: 0.4834 Acc: 0.7375 F1: 0.5991 | Val Loss: 0.6195 Acc: 0.6000 F1: 0.5238 | Train Meta: Scaleμ:0.9696, Signal|S|μ:5.5223, Delta|S|μ:5.2439, Delta/Signal:94.96%, Gateμ:-0.4897, Gate0%:0.0, MetaNormμ:8.7592 | Val Meta: Scaleμ:0.9696, Signal|S|μ:5.6859, Delta|S|μ:5.3987, Delta/Signal:94.95%, Gateμ:-0.4897, Gate0%:0.0, MetaNormμ:8.7592
Validation Loss decreased (0.621462 --> 0.619504). Saving best model...
Epoch  21/50 | Train Loss: 0.4679 Acc: 0.7500 F1: 0.5897 | Val Loss: 0.6228 Acc: 0.6000 F1: 0.5238 | Train Meta: Scaleμ:0.9696, Signal|S|μ:5.4310, Delta|S|μ:5.1570, Delta/Signal:94.95%, Gateμ:-0.4897, Gate0%:0.0, MetaNormμ:8.7592 | Val Meta: Scaleμ:0.9696, Signal|S|μ:5.6859, Delta|S|μ:5.3987, Delta/Signal:94.95%, Gateμ:-0.4897, Gate0%:0.0, MetaNormμ:8.7592
Epoch  22/50 | Train Loss: 0.4829 Acc: 0.7250 F1: 0.5487 | Val Loss: 0.6229 Acc: 0.6000 F1: 0.5238 | Train Meta: Scaleμ:0.9696, Signal|S|μ:5.3571, Delta|S|μ:5.0866, Delta/Signal:94.95%, Gateμ:-0.4897, Gate0%:0.0, MetaNormμ:8.7592 | Val Meta: Scaleμ:0.9696, Signal|S|μ:5.6859, Delta|S|μ:5.3987, Delta/Signal:94.95%, Gateμ:-0.4897, Gate0%:0.0, MetaNormμ:8.7592
Epoch  23/50 | Train Loss: 0.4743 Acc: 0.7500 F1: 0.6265 | Val Loss: 0.6172 Acc: 0.6000 F1: 0.5238 | Train Meta: Scaleμ:0.9696, Signal|S|μ:5.4016, Delta|S|μ:5.1288, Delta/Signal:94.95%, Gateμ:-0.4897, Gate0%:0.0, MetaNormμ:8.7592 | Val Meta: Scaleμ:0.9696, Signal|S|μ:5.6859, Delta|S|μ:5.3987, Delta/Signal:94.95%, Gateμ:-0.4897, Gate0%:0.0, MetaNormμ:8.7592
Validation Loss decreased (0.619504 --> 0.617182). Saving best model...
Epoch  24/50 | Train Loss: 0.4370 Acc: 0.8000 F1: 0.6718 | Val Loss: 0.6228 Acc: 0.6000 F1: 0.5238 | Train Meta: Scaleμ:0.9696, Signal|S|μ:5.2893, Delta|S|μ:5.0224, Delta/Signal:94.95%, Gateμ:-0.4897, Gate0%:0.0, MetaNormμ:8.7592 | Val Meta: Scaleμ:0.9696, Signal|S|μ:5.6859, Delta|S|μ:5.3987, Delta/Signal:94.95%, Gateμ:-0.4897, Gate0%:0.0, MetaNormμ:8.7592
Epoch  25/50 | Train Loss: 0.4419 Acc: 0.7625 F1: 0.6199 | Val Loss: 0.6212 Acc: 0.6000 F1: 0.5238 | Train Meta: Scaleμ:0.9696, Signal|S|μ:5.4872, Delta|S|μ:5.2104, Delta/Signal:94.96%, Gateμ:-0.4897, Gate0%:0.0, MetaNormμ:8.7592 | Val Meta: Scaleμ:0.9696, Signal|S|μ:5.6859, Delta|S|μ:5.3987, Delta/Signal:94.95%, Gateμ:-0.4897, Gate0%:0.0, MetaNormμ:8.7592
Epoch  26/50 | Train Loss: 0.4544 Acc: 0.7625 F1: 0.6199 | Val Loss: 0.6358 Acc: 0.7000 F1: 0.6000 | Train Meta: Scaleμ:0.9696, Signal|S|μ:5.2888, Delta|S|μ:5.0217, Delta/Signal:94.95%, Gateμ:-0.4897, Gate0%:0.0, MetaNormμ:8.7592 | Val Meta: Scaleμ:0.9696, Signal|S|μ:5.6859, Delta|S|μ:5.3987, Delta/Signal:94.95%, Gateμ:-0.4897, Gate0%:0.0, MetaNormμ:8.7592
Epoch  27/50 | Train Loss: 0.4489 Acc: 0.7875 F1: 0.5970 | Val Loss: 0.6287 Acc: 0.7000 F1: 0.6000 | Train Meta: Scaleμ:0.9696, Signal|S|μ:5.5042, Delta|S|μ:5.2263, Delta/Signal:94.95%, Gateμ:-0.4897, Gate0%:0.0, MetaNormμ:8.7592 | Val Meta: Scaleμ:0.9696, Signal|S|μ:5.6859, Delta|S|μ:5.3987, Delta/Signal:94.95%, Gateμ:-0.4897, Gate0%:0.0, MetaNormμ:8.7592
Epoch  28/50 | Train Loss: 0.4564 Acc: 0.7625 F1: 0.6373 | Val Loss: 0.6165 Acc: 0.6000 F1: 0.5238 | Train Meta: Scaleμ:0.9696, Signal|S|μ:5.5598, Delta|S|μ:5.2791, Delta/Signal:94.95%, Gateμ:-0.4897, Gate0%:0.0, MetaNormμ:8.7592 | Val Meta: Scaleμ:0.9696, Signal|S|μ:5.6859, Delta|S|μ:5.3987, Delta/Signal:94.95%, Gateμ:-0.4897, Gate0%:0.0, MetaNormμ:8.7592
Validation Loss decreased (0.617182 --> 0.616517). Saving best model...
Epoch  29/50 | Train Loss: 0.4674 Acc: 0.7625 F1: 0.6199 | Val Loss: 0.6155 Acc: 0.5000 F1: 0.4505 | Train Meta: Scaleμ:0.9696, Signal|S|μ:5.3454, Delta|S|μ:5.0757, Delta/Signal:94.95%, Gateμ:-0.4897, Gate0%:0.0, MetaNormμ:8.7592 | Val Meta: Scaleμ:0.9696, Signal|S|μ:5.6859, Delta|S|μ:5.3987, Delta/Signal:94.95%, Gateμ:-0.4897, Gate0%:0.0, MetaNormμ:8.7592
Validation Loss decreased (0.616517 --> 0.615534). Saving best model...
Epoch  30/50 | Train Loss: 0.4610 Acc: 0.7875 F1: 0.6755 | Val Loss: 0.6148 Acc: 0.5000 F1: 0.4505 | Train Meta: Scaleμ:0.9696, Signal|S|μ:5.4719, Delta|S|μ:5.1957, Delta/Signal:94.95%, Gateμ:-0.4897, Gate0%:0.0, MetaNormμ:8.7592 | Val Meta: Scaleμ:0.9696, Signal|S|μ:5.6859, Delta|S|μ:5.3987, Delta/Signal:94.95%, Gateμ:-0.4897, Gate0%:0.0, MetaNormμ:8.7592
Validation Loss decreased (0.615534 --> 0.614801). Saving best model...
Epoch  31/50 | Train Loss: 0.4571 Acc: 0.7625 F1: 0.6199 | Val Loss: 0.6276 Acc: 0.7000 F1: 0.6000 | Train Meta: Scaleμ:0.9696, Signal|S|μ:5.5228, Delta|S|μ:5.2443, Delta/Signal:94.96%, Gateμ:-0.4897, Gate0%:0.0, MetaNormμ:8.7592 | Val Meta: Scaleμ:0.9696, Signal|S|μ:5.6859, Delta|S|μ:5.3987, Delta/Signal:94.95%, Gateμ:-0.4897, Gate0%:0.0, MetaNormμ:8.7592
Epoch  32/50 | Train Loss: 0.4552 Acc: 0.7500 F1: 0.5897 | Val Loss: 0.6226 Acc: 0.6000 F1: 0.5238 | Train Meta: Scaleμ:0.9696, Signal|S|μ:5.4990, Delta|S|μ:5.2215, Delta/Signal:94.95%, Gateμ:-0.4897, Gate0%:0.0, MetaNormμ:8.7592 | Val Meta: Scaleμ:0.9696, Signal|S|μ:5.6859, Delta|S|μ:5.3987, Delta/Signal:94.95%, Gateμ:-0.4897, Gate0%:0.0, MetaNormμ:8.7592
Epoch  33/50 | Train Loss: 0.4256 Acc: 0.7750 F1: 0.6104 | Val Loss: 0.6170 Acc: 0.6000 F1: 0.5238 | Train Meta: Scaleμ:0.9696, Signal|S|μ:5.3150, Delta|S|μ:5.0464, Delta/Signal:94.95%, Gateμ:-0.4897, Gate0%:0.0, MetaNormμ:8.7592 | Val Meta: Scaleμ:0.9696, Signal|S|μ:5.6859, Delta|S|μ:5.3987, Delta/Signal:94.95%, Gateμ:-0.4897, Gate0%:0.0, MetaNormμ:8.7592
Epoch  34/50 | Train Loss: 0.4509 Acc: 0.7750 F1: 0.6484 | Val Loss: 0.6137 Acc: 0.5000 F1: 0.4505 | Train Meta: Scaleμ:0.9696, Signal|S|μ:5.5627, Delta|S|μ:5.2819, Delta/Signal:94.95%, Gateμ:-0.4897, Gate0%:0.0, MetaNormμ:8.7592 | Val Meta: Scaleμ:0.9696, Signal|S|μ:5.6859, Delta|S|μ:5.3987, Delta/Signal:94.95%, Gateμ:-0.4897, Gate0%:0.0, MetaNormμ:8.7592
Validation Loss decreased (0.614801 --> 0.613744). Saving best model...
Epoch  35/50 | Train Loss: 0.4551 Acc: 0.7625 F1: 0.6526 | Val Loss: 0.6130 Acc: 0.5000 F1: 0.4505 | Train Meta: Scaleμ:0.9696, Signal|S|μ:5.5868, Delta|S|μ:5.3046, Delta/Signal:94.95%, Gateμ:-0.4897, Gate0%:0.0, MetaNormμ:8.7592 | Val Meta: Scaleμ:0.9696, Signal|S|μ:5.6859, Delta|S|μ:5.3987, Delta/Signal:94.95%, Gateμ:-0.4897, Gate0%:0.0, MetaNormμ:8.7592
Validation Loss decreased (0.613744 --> 0.612952). Saving best model...
Epoch  36/50 | Train Loss: 0.4223 Acc: 0.8000 F1: 0.6718 | Val Loss: 0.6133 Acc: 0.5000 F1: 0.4505 | Train Meta: Scaleμ:0.9696, Signal|S|μ:5.5288, Delta|S|μ:5.2498, Delta/Signal:94.95%, Gateμ:-0.4897, Gate0%:0.0, MetaNormμ:8.7592 | Val Meta: Scaleμ:0.9696, Signal|S|μ:5.6859, Delta|S|μ:5.3987, Delta/Signal:94.95%, Gateμ:-0.4897, Gate0%:0.0, MetaNormμ:8.7592
Epoch  37/50 | Train Loss: 0.4366 Acc: 0.7750 F1: 0.6484 | Val Loss: 0.6221 Acc: 0.6000 F1: 0.5238 | Train Meta: Scaleμ:0.9696, Signal|S|μ:5.5036, Delta|S|μ:5.2256, Delta/Signal:94.95%, Gateμ:-0.4897, Gate0%:0.0, MetaNormμ:8.7592 | Val Meta: Scaleμ:0.9696, Signal|S|μ:5.6859, Delta|S|μ:5.3987, Delta/Signal:94.95%, Gateμ:-0.4897, Gate0%:0.0, MetaNormμ:8.7592
Epoch  38/50 | Train Loss: 0.4295 Acc: 0.7625 F1: 0.6199 | Val Loss: 0.6223 Acc: 0.6000 F1: 0.5238 | Train Meta: Scaleμ:0.9696, Signal|S|μ:5.4724, Delta|S|μ:5.1959, Delta/Signal:94.95%, Gateμ:-0.4897, Gate0%:0.0, MetaNormμ:8.7592 | Val Meta: Scaleμ:0.9696, Signal|S|μ:5.6859, Delta|S|μ:5.3987, Delta/Signal:94.95%, Gateμ:-0.4897, Gate0%:0.0, MetaNormμ:8.7592
Epoch  39/50 | Train Loss: 0.4691 Acc: 0.7500 F1: 0.6094 | Val Loss: 0.6132 Acc: 0.5000 F1: 0.4505 | Train Meta: Scaleμ:0.9696, Signal|S|μ:5.7002, Delta|S|μ:5.4125, Delta/Signal:94.95%, Gateμ:-0.4897, Gate0%:0.0, MetaNormμ:8.7592 | Val Meta: Scaleμ:0.9696, Signal|S|μ:5.6859, Delta|S|μ:5.3987, Delta/Signal:94.95%, Gateμ:-0.4897, Gate0%:0.0, MetaNormμ:8.7592
Epoch  40/50 | Train Loss: 0.4292 Acc: 0.7875 F1: 0.6599 | Val Loss: 0.6234 Acc: 0.6000 F1: 0.5238 | Train Meta: Scaleμ:0.9696, Signal|S|μ:5.3693, Delta|S|μ:5.0978, Delta/Signal:94.94%, Gateμ:-0.4897, Gate0%:0.0, MetaNormμ:8.7592 | Val Meta: Scaleμ:0.9696, Signal|S|μ:5.6859, Delta|S|μ:5.3987, Delta/Signal:94.95%, Gateμ:-0.4897, Gate0%:0.0, MetaNormμ:8.7592
Epoch  41/50 | Train Loss: 0.4488 Acc: 0.7500 F1: 0.6265 | Val Loss: 0.6132 Acc: 0.5000 F1: 0.4505 | Train Meta: Scaleμ:0.9696, Signal|S|μ:5.3260, Delta|S|μ:5.0570, Delta/Signal:94.95%, Gateμ:-0.4897, Gate0%:0.0, MetaNormμ:8.7592 | Val Meta: Scaleμ:0.9696, Signal|S|μ:5.6859, Delta|S|μ:5.3987, Delta/Signal:94.95%, Gateμ:-0.4897, Gate0%:0.0, MetaNormμ:8.7592
Epoch  42/50 | Train Loss: 0.4365 Acc: 0.7750 F1: 0.6484 | Val Loss: 0.6114 Acc: 0.5000 F1: 0.4505 | Train Meta: Scaleμ:0.9696, Signal|S|μ:5.2252, Delta|S|μ:4.9615, Delta/Signal:94.95%, Gateμ:-0.4897, Gate0%:0.0, MetaNormμ:8.7592 | Val Meta: Scaleμ:0.9696, Signal|S|μ:5.6859, Delta|S|μ:5.3987, Delta/Signal:94.95%, Gateμ:-0.4897, Gate0%:0.0, MetaNormμ:8.7592
Validation Loss decreased (0.612952 --> 0.611433). Saving best model...
Epoch  43/50 | Train Loss: 0.4484 Acc: 0.7375 F1: 0.6309 | Val Loss: 0.6123 Acc: 0.5000 F1: 0.4505 | Train Meta: Scaleμ:0.9696, Signal|S|μ:5.5127, Delta|S|μ:5.2344, Delta/Signal:94.95%, Gateμ:-0.4897, Gate0%:0.0, MetaNormμ:8.7592 | Val Meta: Scaleμ:0.9696, Signal|S|μ:5.6859, Delta|S|μ:5.3987, Delta/Signal:94.95%, Gateμ:-0.4897, Gate0%:0.0, MetaNormμ:8.7592
Epoch  44/50 | Train Loss: 0.4303 Acc: 0.8000 F1: 0.7239 | Val Loss: 0.6112 Acc: 0.5000 F1: 0.4505 | Train Meta: Scaleμ:0.9696, Signal|S|μ:5.2881, Delta|S|μ:5.0208, Delta/Signal:94.95%, Gateμ:-0.4897, Gate0%:0.0, MetaNormμ:8.7592 | Val Meta: Scaleμ:0.9696, Signal|S|μ:5.6859, Delta|S|μ:5.3987, Delta/Signal:94.95%, Gateμ:-0.4897, Gate0%:0.0, MetaNormμ:8.7592
Validation Loss decreased (0.611433 --> 0.611216). Saving best model...
Epoch  45/50 | Train Loss: 0.4219 Acc: 0.7750 F1: 0.6484 | Val Loss: 0.6141 Acc: 0.5000 F1: 0.4505 | Train Meta: Scaleμ:0.9696, Signal|S|μ:5.4618, Delta|S|μ:5.1862, Delta/Signal:94.95%, Gateμ:-0.4897, Gate0%:0.0, MetaNormμ:8.7592 | Val Meta: Scaleμ:0.9696, Signal|S|μ:5.6859, Delta|S|μ:5.3987, Delta/Signal:94.95%, Gateμ:-0.4897, Gate0%:0.0, MetaNormμ:8.7592
Epoch  46/50 | Train Loss: 0.4420 Acc: 0.7625 F1: 0.6373 | Val Loss: 0.6183 Acc: 0.6000 F1: 0.5238 | Train Meta: Scaleμ:0.9696, Signal|S|μ:5.4273, Delta|S|μ:5.1533, Delta/Signal:94.95%, Gateμ:-0.4897, Gate0%:0.0, MetaNormμ:8.7592 | Val Meta: Scaleμ:0.9696, Signal|S|μ:5.6859, Delta|S|μ:5.3987, Delta/Signal:94.95%, Gateμ:-0.4897, Gate0%:0.0, MetaNormμ:8.7592
Epoch  47/50 | Train Loss: 0.4012 Acc: 0.8000 F1: 0.6875 | Val Loss: 0.6108 Acc: 0.5000 F1: 0.4505 | Train Meta: Scaleμ:0.9696, Signal|S|μ:5.6367, Delta|S|μ:5.3522, Delta/Signal:94.95%, Gateμ:-0.4897, Gate0%:0.0, MetaNormμ:8.7592 | Val Meta: Scaleμ:0.9696, Signal|S|μ:5.6859, Delta|S|μ:5.3987, Delta/Signal:94.95%, Gateμ:-0.4897, Gate0%:0.0, MetaNormμ:8.7592
Validation Loss decreased (0.611216 --> 0.610788). Saving best model...
Epoch  48/50 | Train Loss: 0.4316 Acc: 0.7500 F1: 0.6416 | Val Loss: 0.6105 Acc: 0.5000 F1: 0.4505 | Train Meta: Scaleμ:0.9696, Signal|S|μ:5.3866, Delta|S|μ:5.1144, Delta/Signal:94.95%, Gateμ:-0.4897, Gate0%:0.0, MetaNormμ:8.7592 | Val Meta: Scaleμ:0.9696, Signal|S|μ:5.6859, Delta|S|μ:5.3987, Delta/Signal:94.95%, Gateμ:-0.4897, Gate0%:0.0, MetaNormμ:8.7592
Validation Loss decreased (0.610788 --> 0.610547). Saving best model...
Epoch  49/50 | Train Loss: 0.4311 Acc: 0.7875 F1: 0.7118 | Val Loss: 0.6140 Acc: 0.6000 F1: 0.5833 | Train Meta: Scaleμ:0.9696, Signal|S|μ:5.3963, Delta|S|μ:5.1239, Delta/Signal:94.95%, Gateμ:-0.4897, Gate0%:0.0, MetaNormμ:8.7592 | Val Meta: Scaleμ:0.9696, Signal|S|μ:5.6859, Delta|S|μ:5.3987, Delta/Signal:94.95%, Gateμ:-0.4897, Gate0%:0.0, MetaNormμ:8.7592
Epoch  50/50 | Train Loss: 0.4498 Acc: 0.7625 F1: 0.6885 | Val Loss: 0.6106 Acc: 0.5000 F1: 0.4505 | Train Meta: Scaleμ:0.9696, Signal|S|μ:5.6401, Delta|S|μ:5.3552, Delta/Signal:94.95%, Gateμ:-0.4897, Gate0%:0.0, MetaNormμ:8.7592 | Val Meta: Scaleμ:0.9696, Signal|S|μ:5.6859, Delta|S|μ:5.3987, Delta/Signal:94.95%, Gateμ:-0.4897, Gate0%:0.0, MetaNormμ:8.7592

Classification Test Result (ECG200)
Accuracy : 0.640000
F1 (macro): 0.532225
Saved attention maps for 3 sample(s) under ./runs/classification_electricity_to_ECG200_laya_metadata_query_gate_stats/attention_maps
/data/pjh_workspace/ts-env/lib/python3.8/site-packages/torch/nn/modules/transformer.py:307: UserWarning: enable_nested_tensor is True, but self.use_nested_tensor is False because encoder_layer.norm_first was True
  warnings.warn(f"enable_nested_tensor is True, but self.use_nested_tensor is False because {why_not_sparsity_fast_path}")
==================================================
🚀 Architecture: LAYA
📊 Target Dataset: ECG5000 (Channels: 1)
📊 Pretrain Info: electricity
📊 Classes: 5 | Sequence Length: 140
==================================================
✅ Loaded pretrained encoder from ./checkpoints/electricity_laya_metadata_query_gate_stats/laya_ts_electricity_s_best.pt
   - 104/104 keys matched.
✅ Encoder is FROZEN (Linear Probing mode).
📝 metadata: mode=stats, fusion=none, relation=metadata_query_gate
ℹ️  Metadata Fusion Mode: none
ℹ️  Channel Mixer Relation Mode: metadata_query_gate
ℹ️  Encoder Variant: default
ℹ️  Channel Adapter: disabled for Laya downstream (mixer)
ℹ️  Channel Relation Block: disabled
✅ ClassificationHead: [B, 256] → [B, 5]
Epoch   1/50 | Train Loss: 0.9524 Acc: 0.5335 F1: 0.1509 | Val Loss: 0.7714 Acc: 0.6400 F1: 0.2602 | Train Meta: Scaleμ:0.9696, Signal|S|μ:5.1306, Delta|S|μ:4.6344, Delta/Signal:90.33%, Gateμ:-0.4814, Gate0%:0.0, MetaNormμ:9.2399 | Val Meta: Scaleμ:0.9696, Signal|S|μ:4.9582, Delta|S|μ:4.4797, Delta/Signal:90.35%, Gateμ:-0.4814, Gate0%:0.0, MetaNormμ:9.2399
Validation Loss decreased (inf --> 0.771429). Saving best model...
Epoch   2/50 | Train Loss: 0.8678 Acc: 0.6228 F1: 0.1997 | Val Loss: 0.7488 Acc: 0.8000 F1: 0.5238 | Train Meta: Scaleμ:0.9696, Signal|S|μ:4.9772, Delta|S|μ:4.4977, Delta/Signal:90.36%, Gateμ:-0.4814, Gate0%:0.0, MetaNormμ:9.2399 | Val Meta: Scaleμ:0.9696, Signal|S|μ:4.9582, Delta|S|μ:4.4797, Delta/Signal:90.35%, Gateμ:-0.4814, Gate0%:0.0, MetaNormμ:9.2399
Validation Loss decreased (0.771429 --> 0.748829). Saving best model...
Epoch   3/50 | Train Loss: 0.8212 Acc: 0.6897 F1: 0.2570 | Val Loss: 0.6813 Acc: 0.8000 F1: 0.5105 | Train Meta: Scaleμ:0.9696, Signal|S|μ:4.8832, Delta|S|μ:4.4129, Delta/Signal:90.37%, Gateμ:-0.4814, Gate0%:0.0, MetaNormμ:9.2399 | Val Meta: Scaleμ:0.9696, Signal|S|μ:4.9582, Delta|S|μ:4.4797, Delta/Signal:90.35%, Gateμ:-0.4814, Gate0%:0.0, MetaNormμ:9.2399
Validation Loss decreased (0.748829 --> 0.681291). Saving best model...
Epoch   4/50 | Train Loss: 0.7854 Acc: 0.7031 F1: 0.2646 | Val Loss: 0.6581 Acc: 0.7600 F1: 0.4625 | Train Meta: Scaleμ:0.9696, Signal|S|μ:5.0543, Delta|S|μ:4.5644, Delta/Signal:90.31%, Gateμ:-0.4814, Gate0%:0.0, MetaNormμ:9.2399 | Val Meta: Scaleμ:0.9696, Signal|S|μ:4.9582, Delta|S|μ:4.4797, Delta/Signal:90.35%, Gateμ:-0.4814, Gate0%:0.0, MetaNormμ:9.2399
Validation Loss decreased (0.681291 --> 0.658117). Saving best model...
Epoch   5/50 | Train Loss: 0.7429 Acc: 0.7321 F1: 0.2853 | Val Loss: 0.6192 Acc: 0.8000 F1: 0.5056 | Train Meta: Scaleμ:0.9696, Signal|S|μ:4.9519, Delta|S|μ:4.4732, Delta/Signal:90.33%, Gateμ:-0.4814, Gate0%:0.0, MetaNormμ:9.2399 | Val Meta: Scaleμ:0.9696, Signal|S|μ:4.9582, Delta|S|μ:4.4797, Delta/Signal:90.35%, Gateμ:-0.4814, Gate0%:0.0, MetaNormμ:9.2399
Validation Loss decreased (0.658117 --> 0.619247). Saving best model...
Epoch   6/50 | Train Loss: 0.7188 Acc: 0.7634 F1: 0.3039 | Val Loss: 0.6021 Acc: 0.8600 F1: 0.5667 | Train Meta: Scaleμ:0.9696, Signal|S|μ:5.1362, Delta|S|μ:4.6386, Delta/Signal:90.31%, Gateμ:-0.4814, Gate0%:0.0, MetaNormμ:9.2399 | Val Meta: Scaleμ:0.9696, Signal|S|μ:4.9582, Delta|S|μ:4.4797, Delta/Signal:90.35%, Gateμ:-0.4814, Gate0%:0.0, MetaNormμ:9.2399
Validation Loss decreased (0.619247 --> 0.602126). Saving best model...
Epoch   7/50 | Train Loss: 0.7008 Acc: 0.7567 F1: 0.2997 | Val Loss: 0.6267 Acc: 0.8600 F1: 0.5706 | Train Meta: Scaleμ:0.9696, Signal|S|μ:5.0933, Delta|S|μ:4.6000, Delta/Signal:90.32%, Gateμ:-0.4814, Gate0%:0.0, MetaNormμ:9.2399 | Val Meta: Scaleμ:0.9696, Signal|S|μ:4.9582, Delta|S|μ:4.4797, Delta/Signal:90.35%, Gateμ:-0.4814, Gate0%:0.0, MetaNormμ:9.2399
Epoch   8/50 | Train Loss: 0.6767 Acc: 0.7879 F1: 0.3160 | Val Loss: 0.5623 Acc: 0.8000 F1: 0.5056 | Train Meta: Scaleμ:0.9696, Signal|S|μ:4.9093, Delta|S|μ:4.4354, Delta/Signal:90.35%, Gateμ:-0.4814, Gate0%:0.0, MetaNormμ:9.2399 | Val Meta: Scaleμ:0.9696, Signal|S|μ:4.9582, Delta|S|μ:4.4797, Delta/Signal:90.35%, Gateμ:-0.4814, Gate0%:0.0, MetaNormμ:9.2399
Validation Loss decreased (0.602126 --> 0.562345). Saving best model...
Epoch   9/50 | Train Loss: 0.6629 Acc: 0.7723 F1: 0.3089 | Val Loss: 0.5464 Acc: 0.8600 F1: 0.5667 | Train Meta: Scaleμ:0.9696, Signal|S|μ:5.0596, Delta|S|μ:4.5712, Delta/Signal:90.35%, Gateμ:-0.4814, Gate0%:0.0, MetaNormμ:9.2399 | Val Meta: Scaleμ:0.9696, Signal|S|μ:4.9582, Delta|S|μ:4.4797, Delta/Signal:90.35%, Gateμ:-0.4814, Gate0%:0.0, MetaNormμ:9.2399
Validation Loss decreased (0.562345 --> 0.546367). Saving best model...
Epoch  10/50 | Train Loss: 0.6391 Acc: 0.7835 F1: 0.3150 | Val Loss: 0.5437 Acc: 0.8600 F1: 0.5667 | Train Meta: Scaleμ:0.9696, Signal|S|μ:5.1291, Delta|S|μ:4.6332, Delta/Signal:90.33%, Gateμ:-0.4814, Gate0%:0.0, MetaNormμ:9.2399 | Val Meta: Scaleμ:0.9696, Signal|S|μ:4.9582, Delta|S|μ:4.4797, Delta/Signal:90.35%, Gateμ:-0.4814, Gate0%:0.0, MetaNormμ:9.2399
Validation Loss decreased (0.546367 --> 0.543736). Saving best model...
Epoch  11/50 | Train Loss: 0.6309 Acc: 0.8103 F1: 0.3291 | Val Loss: 0.5252 Acc: 0.8400 F1: 0.5474 | Train Meta: Scaleμ:0.9696, Signal|S|μ:4.9644, Delta|S|μ:4.4850, Delta/Signal:90.34%, Gateμ:-0.4814, Gate0%:0.0, MetaNormμ:9.2399 | Val Meta: Scaleμ:0.9696, Signal|S|μ:4.9582, Delta|S|μ:4.4797, Delta/Signal:90.35%, Gateμ:-0.4814, Gate0%:0.0, MetaNormμ:9.2399
Validation Loss decreased (0.543736 --> 0.525159). Saving best model...
Epoch  12/50 | Train Loss: 0.6127 Acc: 0.7924 F1: 0.3195 | Val Loss: 0.5129 Acc: 0.8600 F1: 0.5667 | Train Meta: Scaleμ:0.9696, Signal|S|μ:4.8484, Delta|S|μ:4.3806, Delta/Signal:90.35%, Gateμ:-0.4814, Gate0%:0.0, MetaNormμ:9.2399 | Val Meta: Scaleμ:0.9696, Signal|S|μ:4.9582, Delta|S|μ:4.4797, Delta/Signal:90.35%, Gateμ:-0.4814, Gate0%:0.0, MetaNormμ:9.2399
Validation Loss decreased (0.525159 --> 0.512877). Saving best model...
Epoch  13/50 | Train Loss: 0.6106 Acc: 0.8214 F1: 0.3339 | Val Loss: 0.4993 Acc: 0.8600 F1: 0.5667 | Train Meta: Scaleμ:0.9696, Signal|S|μ:5.1661, Delta|S|μ:4.6664, Delta/Signal:90.33%, Gateμ:-0.4814, Gate0%:0.0, MetaNormμ:9.2399 | Val Meta: Scaleμ:0.9696, Signal|S|μ:4.9582, Delta|S|μ:4.4797, Delta/Signal:90.35%, Gateμ:-0.4814, Gate0%:0.0, MetaNormμ:9.2399
Validation Loss decreased (0.512877 --> 0.499253). Saving best model...
Epoch  14/50 | Train Loss: 0.6052 Acc: 0.8125 F1: 0.3306 | Val Loss: 0.4939 Acc: 0.8600 F1: 0.5667 | Train Meta: Scaleμ:0.9696, Signal|S|μ:5.1321, Delta|S|μ:4.6359, Delta/Signal:90.33%, Gateμ:-0.4814, Gate0%:0.0, MetaNormμ:9.2399 | Val Meta: Scaleμ:0.9696, Signal|S|μ:4.9582, Delta|S|μ:4.4797, Delta/Signal:90.35%, Gateμ:-0.4814, Gate0%:0.0, MetaNormμ:9.2399
Validation Loss decreased (0.499253 --> 0.493937). Saving best model...
Epoch  15/50 | Train Loss: 0.5770 Acc: 0.8304 F1: 0.3380 | Val Loss: 0.4862 Acc: 0.9000 F1: 0.6026 | Train Meta: Scaleμ:0.9696, Signal|S|μ:4.9402, Delta|S|μ:4.4646, Delta/Signal:90.37%, Gateμ:-0.4814, Gate0%:0.0, MetaNormμ:9.2399 | Val Meta: Scaleμ:0.9696, Signal|S|μ:4.9582, Delta|S|μ:4.4797, Delta/Signal:90.35%, Gateμ:-0.4814, Gate0%:0.0, MetaNormμ:9.2399
Validation Loss decreased (0.493937 --> 0.486203). Saving best model...
Epoch  16/50 | Train Loss: 0.5886 Acc: 0.8326 F1: 0.3390 | Val Loss: 0.4691 Acc: 0.8600 F1: 0.5667 | Train Meta: Scaleμ:0.9696, Signal|S|μ:5.0241, Delta|S|μ:4.5385, Delta/Signal:90.33%, Gateμ:-0.4814, Gate0%:0.0, MetaNormμ:9.2399 | Val Meta: Scaleμ:0.9696, Signal|S|μ:4.9582, Delta|S|μ:4.4797, Delta/Signal:90.35%, Gateμ:-0.4814, Gate0%:0.0, MetaNormμ:9.2399
Validation Loss decreased (0.486203 --> 0.469131). Saving best model...
Epoch  17/50 | Train Loss: 0.5726 Acc: 0.8259 F1: 0.3361 | Val Loss: 0.4644 Acc: 0.8600 F1: 0.5667 | Train Meta: Scaleμ:0.9696, Signal|S|μ:4.9567, Delta|S|μ:4.4793, Delta/Signal:90.37%, Gateμ:-0.4814, Gate0%:0.0, MetaNormμ:9.2399 | Val Meta: Scaleμ:0.9696, Signal|S|μ:4.9582, Delta|S|μ:4.4797, Delta/Signal:90.35%, Gateμ:-0.4814, Gate0%:0.0, MetaNormμ:9.2399
Validation Loss decreased (0.469131 --> 0.464405). Saving best model...
Epoch  18/50 | Train Loss: 0.5586 Acc: 0.8304 F1: 0.3381 | Val Loss: 0.4607 Acc: 0.8600 F1: 0.5667 | Train Meta: Scaleμ:0.9696, Signal|S|μ:5.0813, Delta|S|μ:4.5892, Delta/Signal:90.32%, Gateμ:-0.4814, Gate0%:0.0, MetaNormμ:9.2399 | Val Meta: Scaleμ:0.9696, Signal|S|μ:4.9582, Delta|S|μ:4.4797, Delta/Signal:90.35%, Gateμ:-0.4814, Gate0%:0.0, MetaNormμ:9.2399
Validation Loss decreased (0.464405 --> 0.460708). Saving best model...
Epoch  19/50 | Train Loss: 0.5529 Acc: 0.8326 F1: 0.3394 | Val Loss: 0.4518 Acc: 0.8400 F1: 0.5474 | Train Meta: Scaleμ:0.9696, Signal|S|μ:4.9078, Delta|S|μ:4.4359, Delta/Signal:90.39%, Gateμ:-0.4814, Gate0%:0.0, MetaNormμ:9.2399 | Val Meta: Scaleμ:0.9696, Signal|S|μ:4.9582, Delta|S|μ:4.4797, Delta/Signal:90.35%, Gateμ:-0.4814, Gate0%:0.0, MetaNormμ:9.2399
Validation Loss decreased (0.460708 --> 0.451769). Saving best model...
Epoch  20/50 | Train Loss: 0.5478 Acc: 0.8326 F1: 0.3394 | Val Loss: 0.4500 Acc: 0.8600 F1: 0.5667 | Train Meta: Scaleμ:0.9696, Signal|S|μ:5.1861, Delta|S|μ:4.6814, Delta/Signal:90.27%, Gateμ:-0.4814, Gate0%:0.0, MetaNormμ:9.2399 | Val Meta: Scaleμ:0.9696, Signal|S|μ:4.9582, Delta|S|μ:4.4797, Delta/Signal:90.35%, Gateμ:-0.4814, Gate0%:0.0, MetaNormμ:9.2399
Validation Loss decreased (0.451769 --> 0.450047). Saving best model...
Epoch  21/50 | Train Loss: 0.5473 Acc: 0.8326 F1: 0.3398 | Val Loss: 0.4530 Acc: 0.8600 F1: 0.5667 | Train Meta: Scaleμ:0.9696, Signal|S|μ:5.1481, Delta|S|μ:4.6504, Delta/Signal:90.33%, Gateμ:-0.4814, Gate0%:0.0, MetaNormμ:9.2399 | Val Meta: Scaleμ:0.9696, Signal|S|μ:4.9582, Delta|S|μ:4.4797, Delta/Signal:90.35%, Gateμ:-0.4814, Gate0%:0.0, MetaNormμ:9.2399
Epoch  22/50 | Train Loss: 0.5397 Acc: 0.8415 F1: 0.3441 | Val Loss: 0.4414 Acc: 0.9000 F1: 0.6026 | Train Meta: Scaleμ:0.9696, Signal|S|μ:5.0297, Delta|S|μ:4.5432, Delta/Signal:90.33%, Gateμ:-0.4814, Gate0%:0.0, MetaNormμ:9.2399 | Val Meta: Scaleμ:0.9696, Signal|S|μ:4.9582, Delta|S|μ:4.4797, Delta/Signal:90.35%, Gateμ:-0.4814, Gate0%:0.0, MetaNormμ:9.2399
Validation Loss decreased (0.450047 --> 0.441397). Saving best model...
Epoch  23/50 | Train Loss: 0.5274 Acc: 0.8348 F1: 0.3408 | Val Loss: 0.4327 Acc: 0.8600 F1: 0.5667 | Train Meta: Scaleμ:0.9696, Signal|S|μ:5.0785, Delta|S|μ:4.5870, Delta/Signal:90.32%, Gateμ:-0.4814, Gate0%:0.0, MetaNormμ:9.2399 | Val Meta: Scaleμ:0.9696, Signal|S|μ:4.9582, Delta|S|μ:4.4797, Delta/Signal:90.35%, Gateμ:-0.4814, Gate0%:0.0, MetaNormμ:9.2399
Validation Loss decreased (0.441397 --> 0.432735). Saving best model...
Epoch  24/50 | Train Loss: 0.5272 Acc: 0.8415 F1: 0.3436 | Val Loss: 0.4258 Acc: 0.8400 F1: 0.5474 | Train Meta: Scaleμ:0.9696, Signal|S|μ:5.1386, Delta|S|μ:4.6413, Delta/Signal:90.32%, Gateμ:-0.4814, Gate0%:0.0, MetaNormμ:9.2399 | Val Meta: Scaleμ:0.9696, Signal|S|μ:4.9582, Delta|S|μ:4.4797, Delta/Signal:90.35%, Gateμ:-0.4814, Gate0%:0.0, MetaNormμ:9.2399
Validation Loss decreased (0.432735 --> 0.425804). Saving best model...
Epoch  25/50 | Train Loss: 0.5158 Acc: 0.8527 F1: 0.3490 | Val Loss: 0.4178 Acc: 0.8800 F1: 0.5850 | Train Meta: Scaleμ:0.9696, Signal|S|μ:5.1071, Delta|S|μ:4.6124, Delta/Signal:90.31%, Gateμ:-0.4814, Gate0%:0.0, MetaNormμ:9.2399 | Val Meta: Scaleμ:0.9696, Signal|S|μ:4.9582, Delta|S|μ:4.4797, Delta/Signal:90.35%, Gateμ:-0.4814, Gate0%:0.0, MetaNormμ:9.2399
Validation Loss decreased (0.425804 --> 0.417790). Saving best model...
Epoch  26/50 | Train Loss: 0.5170 Acc: 0.8438 F1: 0.3448 | Val Loss: 0.4266 Acc: 0.9000 F1: 0.6026 | Train Meta: Scaleμ:0.9696, Signal|S|μ:5.1363, Delta|S|μ:4.6392, Delta/Signal:90.32%, Gateμ:-0.4814, Gate0%:0.0, MetaNormμ:9.2399 | Val Meta: Scaleμ:0.9696, Signal|S|μ:4.9582, Delta|S|μ:4.4797, Delta/Signal:90.35%, Gateμ:-0.4814, Gate0%:0.0, MetaNormμ:9.2399
Epoch  27/50 | Train Loss: 0.5078 Acc: 0.8460 F1: 0.3459 | Val Loss: 0.4230 Acc: 0.8400 F1: 0.5474 | Train Meta: Scaleμ:0.9696, Signal|S|μ:5.1432, Delta|S|μ:4.6450, Delta/Signal:90.31%, Gateμ:-0.4814, Gate0%:0.0, MetaNormμ:9.2399 | Val Meta: Scaleμ:0.9696, Signal|S|μ:4.9582, Delta|S|μ:4.4797, Delta/Signal:90.35%, Gateμ:-0.4814, Gate0%:0.0, MetaNormμ:9.2399
Epoch  28/50 | Train Loss: 0.5103 Acc: 0.8460 F1: 0.3459 | Val Loss: 0.4179 Acc: 0.9000 F1: 0.6026 | Train Meta: Scaleμ:0.9696, Signal|S|μ:5.0590, Delta|S|μ:4.5687, Delta/Signal:90.31%, Gateμ:-0.4814, Gate0%:0.0, MetaNormμ:9.2399 | Val Meta: Scaleμ:0.9696, Signal|S|μ:4.9582, Delta|S|μ:4.4797, Delta/Signal:90.35%, Gateμ:-0.4814, Gate0%:0.0, MetaNormμ:9.2399
Epoch  29/50 | Train Loss: 0.4983 Acc: 0.8527 F1: 0.3487 | Val Loss: 0.4270 Acc: 0.8400 F1: 0.5474 | Train Meta: Scaleμ:0.9696, Signal|S|μ:5.1138, Delta|S|μ:4.6200, Delta/Signal:90.34%, Gateμ:-0.4814, Gate0%:0.0, MetaNormμ:9.2399 | Val Meta: Scaleμ:0.9696, Signal|S|μ:4.9582, Delta|S|μ:4.4797, Delta/Signal:90.35%, Gateμ:-0.4814, Gate0%:0.0, MetaNormμ:9.2399
Epoch  30/50 | Train Loss: 0.5073 Acc: 0.8460 F1: 0.3452 | Val Loss: 0.4093 Acc: 0.8800 F1: 0.5850 | Train Meta: Scaleμ:0.9696, Signal|S|μ:4.9575, Delta|S|μ:4.4811, Delta/Signal:90.39%, Gateμ:-0.4814, Gate0%:0.0, MetaNormμ:9.2399 | Val Meta: Scaleμ:0.9696, Signal|S|μ:4.9582, Delta|S|μ:4.4797, Delta/Signal:90.35%, Gateμ:-0.4814, Gate0%:0.0, MetaNormμ:9.2399
Validation Loss decreased (0.417790 --> 0.409317). Saving best model...
Epoch  31/50 | Train Loss: 0.4990 Acc: 0.8504 F1: 0.3481 | Val Loss: 0.4057 Acc: 0.9000 F1: 0.6026 | Train Meta: Scaleμ:0.9696, Signal|S|μ:4.9919, Delta|S|μ:4.5112, Delta/Signal:90.37%, Gateμ:-0.4814, Gate0%:0.0, MetaNormμ:9.2399 | Val Meta: Scaleμ:0.9696, Signal|S|μ:4.9582, Delta|S|μ:4.4797, Delta/Signal:90.35%, Gateμ:-0.4814, Gate0%:0.0, MetaNormμ:9.2399
Validation Loss decreased (0.409317 --> 0.405730). Saving best model...
Epoch  32/50 | Train Loss: 0.5003 Acc: 0.8438 F1: 0.3661 | Val Loss: 0.3980 Acc: 0.9000 F1: 0.6026 | Train Meta: Scaleμ:0.9696, Signal|S|μ:5.2255, Delta|S|μ:4.7180, Delta/Signal:90.29%, Gateμ:-0.4814, Gate0%:0.0, MetaNormμ:9.2399 | Val Meta: Scaleμ:0.9696, Signal|S|μ:4.9582, Delta|S|μ:4.4797, Delta/Signal:90.35%, Gateμ:-0.4814, Gate0%:0.0, MetaNormμ:9.2399
Validation Loss decreased (0.405730 --> 0.398032). Saving best model...
Epoch  33/50 | Train Loss: 0.5086 Acc: 0.8348 F1: 0.3413 | Val Loss: 0.4218 Acc: 0.8400 F1: 0.5474 | Train Meta: Scaleμ:0.9696, Signal|S|μ:4.9075, Delta|S|μ:4.4338, Delta/Signal:90.35%, Gateμ:-0.4814, Gate0%:0.0, MetaNormμ:9.2399 | Val Meta: Scaleμ:0.9696, Signal|S|μ:4.9582, Delta|S|μ:4.4797, Delta/Signal:90.35%, Gateμ:-0.4814, Gate0%:0.0, MetaNormμ:9.2399
Epoch  34/50 | Train Loss: 0.5014 Acc: 0.8438 F1: 0.3450 | Val Loss: 0.3914 Acc: 0.8800 F1: 0.5850 | Train Meta: Scaleμ:0.9696, Signal|S|μ:5.0791, Delta|S|μ:4.5864, Delta/Signal:90.30%, Gateμ:-0.4814, Gate0%:0.0, MetaNormμ:9.2399 | Val Meta: Scaleμ:0.9696, Signal|S|μ:4.9582, Delta|S|μ:4.4797, Delta/Signal:90.35%, Gateμ:-0.4814, Gate0%:0.0, MetaNormμ:9.2399
Validation Loss decreased (0.398032 --> 0.391409). Saving best model...
Epoch  35/50 | Train Loss: 0.4847 Acc: 0.8594 F1: 0.3737 | Val Loss: 0.3957 Acc: 0.9200 F1: 0.6195 | Train Meta: Scaleμ:0.9696, Signal|S|μ:4.9682, Delta|S|μ:4.4866, Delta/Signal:90.31%, Gateμ:-0.4814, Gate0%:0.0, MetaNormμ:9.2399 | Val Meta: Scaleμ:0.9696, Signal|S|μ:4.9582, Delta|S|μ:4.4797, Delta/Signal:90.35%, Gateμ:-0.4814, Gate0%:0.0, MetaNormμ:9.2399
Epoch  36/50 | Train Loss: 0.4957 Acc: 0.8549 F1: 0.3497 | Val Loss: 0.4287 Acc: 0.9200 F1: 0.6195 | Train Meta: Scaleμ:0.9696, Signal|S|μ:4.9932, Delta|S|μ:4.5099, Delta/Signal:90.32%, Gateμ:-0.4814, Gate0%:0.0, MetaNormμ:9.2399 | Val Meta: Scaleμ:0.9696, Signal|S|μ:4.9582, Delta|S|μ:4.4797, Delta/Signal:90.35%, Gateμ:-0.4814, Gate0%:0.0, MetaNormμ:9.2399
Epoch  37/50 | Train Loss: 0.4781 Acc: 0.8482 F1: 0.3466 | Val Loss: 0.3909 Acc: 0.9000 F1: 0.6026 | Train Meta: Scaleμ:0.9696, Signal|S|μ:5.0455, Delta|S|μ:4.5570, Delta/Signal:90.32%, Gateμ:-0.4814, Gate0%:0.0, MetaNormμ:9.2399 | Val Meta: Scaleμ:0.9696, Signal|S|μ:4.9582, Delta|S|μ:4.4797, Delta/Signal:90.35%, Gateμ:-0.4814, Gate0%:0.0, MetaNormμ:9.2399
Validation Loss decreased (0.391409 --> 0.390852). Saving best model...
Epoch  38/50 | Train Loss: 0.4856 Acc: 0.8549 F1: 0.3504 | Val Loss: 0.4022 Acc: 0.9200 F1: 0.6195 | Train Meta: Scaleμ:0.9696, Signal|S|μ:5.0270, Delta|S|μ:4.5402, Delta/Signal:90.32%, Gateμ:-0.4814, Gate0%:0.0, MetaNormμ:9.2399 | Val Meta: Scaleμ:0.9696, Signal|S|μ:4.9582, Delta|S|μ:4.4797, Delta/Signal:90.35%, Gateμ:-0.4814, Gate0%:0.0, MetaNormμ:9.2399
Epoch  39/50 | Train Loss: 0.4845 Acc: 0.8482 F1: 0.3461 | Val Loss: 0.4044 Acc: 0.9200 F1: 0.6195 | Train Meta: Scaleμ:0.9696, Signal|S|μ:5.0481, Delta|S|μ:4.5612, Delta/Signal:90.35%, Gateμ:-0.4814, Gate0%:0.0, MetaNormμ:9.2399 | Val Meta: Scaleμ:0.9696, Signal|S|μ:4.9582, Delta|S|μ:4.4797, Delta/Signal:90.35%, Gateμ:-0.4814, Gate0%:0.0, MetaNormμ:9.2399
Epoch  40/50 | Train Loss: 0.4864 Acc: 0.8504 F1: 0.3694 | Val Loss: 0.3748 Acc: 0.9000 F1: 0.6026 | Train Meta: Scaleμ:0.9696, Signal|S|μ:5.2654, Delta|S|μ:4.7554, Delta/Signal:90.31%, Gateμ:-0.4814, Gate0%:0.0, MetaNormμ:9.2399 | Val Meta: Scaleμ:0.9696, Signal|S|μ:4.9582, Delta|S|μ:4.4797, Delta/Signal:90.35%, Gateμ:-0.4814, Gate0%:0.0, MetaNormμ:9.2399
Validation Loss decreased (0.390852 --> 0.374752). Saving best model...
Epoch  41/50 | Train Loss: 0.4675 Acc: 0.8594 F1: 0.3514 | Val Loss: 0.3766 Acc: 0.9000 F1: 0.6026 | Train Meta: Scaleμ:0.9696, Signal|S|μ:5.2019, Delta|S|μ:4.6965, Delta/Signal:90.28%, Gateμ:-0.4814, Gate0%:0.0, MetaNormμ:9.2399 | Val Meta: Scaleμ:0.9696, Signal|S|μ:4.9582, Delta|S|μ:4.4797, Delta/Signal:90.35%, Gateμ:-0.4814, Gate0%:0.0, MetaNormμ:9.2399
Epoch  42/50 | Train Loss: 0.4641 Acc: 0.8683 F1: 0.3777 | Val Loss: 0.3774 Acc: 0.9200 F1: 0.6195 | Train Meta: Scaleμ:0.9696, Signal|S|μ:5.1455, Delta|S|μ:4.6486, Delta/Signal:90.34%, Gateμ:-0.4814, Gate0%:0.0, MetaNormμ:9.2399 | Val Meta: Scaleμ:0.9696, Signal|S|μ:4.9582, Delta|S|μ:4.4797, Delta/Signal:90.35%, Gateμ:-0.4814, Gate0%:0.0, MetaNormμ:9.2399
Epoch  43/50 | Train Loss: 0.4740 Acc: 0.8638 F1: 0.3537 | Val Loss: 0.3710 Acc: 0.9000 F1: 0.6026 | Train Meta: Scaleμ:0.9696, Signal|S|μ:5.0612, Delta|S|μ:4.5713, Delta/Signal:90.32%, Gateμ:-0.4814, Gate0%:0.0, MetaNormμ:9.2399 | Val Meta: Scaleμ:0.9696, Signal|S|μ:4.9582, Delta|S|μ:4.4797, Delta/Signal:90.35%, Gateμ:-0.4814, Gate0%:0.0, MetaNormμ:9.2399
Validation Loss decreased (0.374752 --> 0.370961). Saving best model...
Epoch  44/50 | Train Loss: 0.4674 Acc: 0.8549 F1: 0.3499 | Val Loss: 0.3894 Acc: 0.9000 F1: 0.6026 | Train Meta: Scaleμ:0.9696, Signal|S|μ:5.0033, Delta|S|μ:4.5200, Delta/Signal:90.34%, Gateμ:-0.4814, Gate0%:0.0, MetaNormμ:9.2399 | Val Meta: Scaleμ:0.9696, Signal|S|μ:4.9582, Delta|S|μ:4.4797, Delta/Signal:90.35%, Gateμ:-0.4814, Gate0%:0.0, MetaNormμ:9.2399
Epoch  45/50 | Train Loss: 0.4593 Acc: 0.8638 F1: 0.3753 | Val Loss: 0.3740 Acc: 0.9000 F1: 0.6026 | Train Meta: Scaleμ:0.9696, Signal|S|μ:4.9888, Delta|S|μ:4.5052, Delta/Signal:90.31%, Gateμ:-0.4814, Gate0%:0.0, MetaNormμ:9.2399 | Val Meta: Scaleμ:0.9696, Signal|S|μ:4.9582, Delta|S|μ:4.4797, Delta/Signal:90.35%, Gateμ:-0.4814, Gate0%:0.0, MetaNormμ:9.2399
Epoch  46/50 | Train Loss: 0.4663 Acc: 0.8549 F1: 0.3504 | Val Loss: 0.3821 Acc: 0.9200 F1: 0.6195 | Train Meta: Scaleμ:0.9696, Signal|S|μ:5.1205, Delta|S|μ:4.6240, Delta/Signal:90.30%, Gateμ:-0.4814, Gate0%:0.0, MetaNormμ:9.2399 | Val Meta: Scaleμ:0.9696, Signal|S|μ:4.9582, Delta|S|μ:4.4797, Delta/Signal:90.35%, Gateμ:-0.4814, Gate0%:0.0, MetaNormμ:9.2399
Epoch  47/50 | Train Loss: 0.4551 Acc: 0.8549 F1: 0.3491 | Val Loss: 0.3718 Acc: 0.9000 F1: 0.6026 | Train Meta: Scaleμ:0.9696, Signal|S|μ:5.0866, Delta|S|μ:4.5930, Delta/Signal:90.30%, Gateμ:-0.4814, Gate0%:0.0, MetaNormμ:9.2399 | Val Meta: Scaleμ:0.9696, Signal|S|μ:4.9582, Delta|S|μ:4.4797, Delta/Signal:90.35%, Gateμ:-0.4814, Gate0%:0.0, MetaNormμ:9.2399
Epoch  48/50 | Train Loss: 0.4568 Acc: 0.8571 F1: 0.3505 | Val Loss: 0.3710 Acc: 0.9200 F1: 0.6195 | Train Meta: Scaleμ:0.9696, Signal|S|μ:5.0466, Delta|S|μ:4.5591, Delta/Signal:90.34%, Gateμ:-0.4814, Gate0%:0.0, MetaNormμ:9.2399 | Val Meta: Scaleμ:0.9696, Signal|S|μ:4.9582, Delta|S|μ:4.4797, Delta/Signal:90.35%, Gateμ:-0.4814, Gate0%:0.0, MetaNormμ:9.2399
Epoch  49/50 | Train Loss: 0.4590 Acc: 0.8705 F1: 0.3791 | Val Loss: 0.3706 Acc: 0.9200 F1: 0.6195 | Train Meta: Scaleμ:0.9696, Signal|S|μ:5.1364, Delta|S|μ:4.6381, Delta/Signal:90.30%, Gateμ:-0.4814, Gate0%:0.0, MetaNormμ:9.2399 | Val Meta: Scaleμ:0.9696, Signal|S|μ:4.9582, Delta|S|μ:4.4797, Delta/Signal:90.35%, Gateμ:-0.4814, Gate0%:0.0, MetaNormμ:9.2399
Validation Loss decreased (0.370961 --> 0.370586). Saving best model...
Epoch  50/50 | Train Loss: 0.4591 Acc: 0.8549 F1: 0.3500 | Val Loss: 0.3711 Acc: 0.9000 F1: 0.6026 | Train Meta: Scaleμ:0.9696, Signal|S|μ:5.0308, Delta|S|μ:4.5450, Delta/Signal:90.34%, Gateμ:-0.4814, Gate0%:0.0, MetaNormμ:9.2399 | Val Meta: Scaleμ:0.9696, Signal|S|μ:4.9582, Delta|S|μ:4.4797, Delta/Signal:90.35%, Gateμ:-0.4814, Gate0%:0.0, MetaNormμ:9.2399

Classification Test Result (ECG5000)
Accuracy : 0.862222
F1 (macro): 0.353301
Saved attention maps for 3 sample(s) under ./runs/classification_electricity_to_ECG5000_laya_metadata_query_gate_stats/attention_maps
/data/pjh_workspace/ts-env/lib/python3.8/site-packages/torch/nn/modules/transformer.py:307: UserWarning: enable_nested_tensor is True, but self.use_nested_tensor is False because encoder_layer.norm_first was True
  warnings.warn(f"enable_nested_tensor is True, but self.use_nested_tensor is False because {why_not_sparsity_fast_path}")
==================================================
🚀 Architecture: LAYA
📊 Target Dataset: FordA (Channels: 1)
📊 Pretrain Info: electricity
📊 Classes: 2 | Sequence Length: 500
==================================================
✅ Loaded pretrained encoder from ./checkpoints/electricity_laya_metadata_query_gate_stats/laya_ts_electricity_s_best.pt
   - 104/104 keys matched.
✅ Encoder is FROZEN (Linear Probing mode).
📝 metadata: mode=stats, fusion=none, relation=metadata_query_gate
ℹ️  Metadata Fusion Mode: none
ℹ️  Channel Mixer Relation Mode: metadata_query_gate
ℹ️  Encoder Variant: default
ℹ️  Channel Adapter: disabled for Laya downstream (mixer)
ℹ️  Channel Relation Block: disabled
✅ ClassificationHead: [B, 256] → [B, 2]
Epoch   1/50 | Train Loss: 0.7027 Acc: 0.4988 F1: 0.4935 | Val Loss: 0.7246 Acc: 0.4889 F1: 0.3284 | Train Meta: Scaleμ:0.9696, Signal|S|μ:2.9335, Delta|S|μ:2.7109, Delta/Signal:92.41%, Gateμ:-0.5436, Gate0%:0.0, MetaNormμ:9.0773 | Val Meta: Scaleμ:0.9696, Signal|S|μ:2.9465, Delta|S|μ:2.7230, Delta/Signal:92.41%, Gateμ:-0.5436, Gate0%:0.0, MetaNormμ:9.0773
Validation Loss decreased (inf --> 0.724615). Saving best model...
Epoch   2/50 | Train Loss: 0.7034 Acc: 0.4969 F1: 0.4953 | Val Loss: 0.7112 Acc: 0.4889 F1: 0.3284 | Train Meta: Scaleμ:0.9696, Signal|S|μ:2.9417, Delta|S|μ:2.7193, Delta/Signal:92.44%, Gateμ:-0.5436, Gate0%:0.0, MetaNormμ:9.0773 | Val Meta: Scaleμ:0.9696, Signal|S|μ:2.9465, Delta|S|μ:2.7230, Delta/Signal:92.41%, Gateμ:-0.5436, Gate0%:0.0, MetaNormμ:9.0773
Validation Loss decreased (0.724615 --> 0.711249). Saving best model...
Epoch   3/50 | Train Loss: 0.6954 Acc: 0.5179 F1: 0.5148 | Val Loss: 0.6889 Acc: 0.5306 F1: 0.4985 | Train Meta: Scaleμ:0.9696, Signal|S|μ:3.0400, Delta|S|μ:2.8076, Delta/Signal:92.36%, Gateμ:-0.5436, Gate0%:0.0, MetaNormμ:9.0773 | Val Meta: Scaleμ:0.9696, Signal|S|μ:2.9465, Delta|S|μ:2.7230, Delta/Signal:92.41%, Gateμ:-0.5436, Gate0%:0.0, MetaNormμ:9.0773
Validation Loss decreased (0.711249 --> 0.688931). Saving best model...
Epoch   4/50 | Train Loss: 0.6908 Acc: 0.5297 F1: 0.5293 | Val Loss: 0.7080 Acc: 0.5167 F1: 0.3507 | Train Meta: Scaleμ:0.9696, Signal|S|μ:3.0169, Delta|S|μ:2.7869, Delta/Signal:92.38%, Gateμ:-0.5436, Gate0%:0.0, MetaNormμ:9.0773 | Val Meta: Scaleμ:0.9696, Signal|S|μ:2.9465, Delta|S|μ:2.7230, Delta/Signal:92.41%, Gateμ:-0.5436, Gate0%:0.0, MetaNormμ:9.0773
Epoch   5/50 | Train Loss: 0.6924 Acc: 0.5350 F1: 0.5333 | Val Loss: 0.6944 Acc: 0.5333 F1: 0.4034 | Train Meta: Scaleμ:0.9696, Signal|S|μ:2.9405, Delta|S|μ:2.7175, Delta/Signal:92.42%, Gateμ:-0.5436, Gate0%:0.0, MetaNormμ:9.0773 | Val Meta: Scaleμ:0.9696, Signal|S|μ:2.9465, Delta|S|μ:2.7230, Delta/Signal:92.41%, Gateμ:-0.5436, Gate0%:0.0, MetaNormμ:9.0773
Epoch   6/50 | Train Loss: 0.6871 Acc: 0.5384 F1: 0.5338 | Val Loss: 0.6845 Acc: 0.5306 F1: 0.5306 | Train Meta: Scaleμ:0.9696, Signal|S|μ:3.1539, Delta|S|μ:2.9114, Delta/Signal:92.31%, Gateμ:-0.5436, Gate0%:0.0, MetaNormμ:9.0773 | Val Meta: Scaleμ:0.9696, Signal|S|μ:2.9465, Delta|S|μ:2.7230, Delta/Signal:92.41%, Gateμ:-0.5436, Gate0%:0.0, MetaNormμ:9.0773
Validation Loss decreased (0.688931 --> 0.684487). Saving best model...
Epoch   7/50 | Train Loss: 0.6841 Acc: 0.5566 F1: 0.5543 | Val Loss: 0.6840 Acc: 0.5361 F1: 0.5353 | Train Meta: Scaleμ:0.9696, Signal|S|μ:2.9646, Delta|S|μ:2.7394, Delta/Signal:92.40%, Gateμ:-0.5436, Gate0%:0.0, MetaNormμ:9.0773 | Val Meta: Scaleμ:0.9696, Signal|S|μ:2.9465, Delta|S|μ:2.7230, Delta/Signal:92.41%, Gateμ:-0.5436, Gate0%:0.0, MetaNormμ:9.0773
Validation Loss decreased (0.684487 --> 0.683961). Saving best model...
Epoch   8/50 | Train Loss: 0.6857 Acc: 0.5464 F1: 0.5436 | Val Loss: 0.6842 Acc: 0.5278 F1: 0.4731 | Train Meta: Scaleμ:0.9696, Signal|S|μ:2.8913, Delta|S|μ:2.6723, Delta/Signal:92.43%, Gateμ:-0.5436, Gate0%:0.0, MetaNormμ:9.0773 | Val Meta: Scaleμ:0.9696, Signal|S|μ:2.9465, Delta|S|μ:2.7230, Delta/Signal:92.41%, Gateμ:-0.5436, Gate0%:0.0, MetaNormμ:9.0773
Epoch   9/50 | Train Loss: 0.6789 Acc: 0.5585 F1: 0.5516 | Val Loss: 0.6998 Acc: 0.5250 F1: 0.3987 | Train Meta: Scaleμ:0.9696, Signal|S|μ:3.0351, Delta|S|μ:2.8031, Delta/Signal:92.36%, Gateμ:-0.5436, Gate0%:0.0, MetaNormμ:9.0773 | Val Meta: Scaleμ:0.9696, Signal|S|μ:2.9465, Delta|S|μ:2.7230, Delta/Signal:92.41%, Gateμ:-0.5436, Gate0%:0.0, MetaNormμ:9.0773
Epoch  10/50 | Train Loss: 0.6802 Acc: 0.5514 F1: 0.5474 | Val Loss: 0.6835 Acc: 0.5361 F1: 0.5306 | Train Meta: Scaleμ:0.9696, Signal|S|μ:2.9964, Delta|S|μ:2.7685, Delta/Signal:92.40%, Gateμ:-0.5436, Gate0%:0.0, MetaNormμ:9.0773 | Val Meta: Scaleμ:0.9696, Signal|S|μ:2.9465, Delta|S|μ:2.7230, Delta/Signal:92.41%, Gateμ:-0.5436, Gate0%:0.0, MetaNormμ:9.0773
Validation Loss decreased (0.683961 --> 0.683455). Saving best model...
Epoch  11/50 | Train Loss: 0.6773 Acc: 0.5495 F1: 0.5463 | Val Loss: 0.7628 Acc: 0.4889 F1: 0.3284 | Train Meta: Scaleμ:0.9696, Signal|S|μ:2.8787, Delta|S|μ:2.6602, Delta/Signal:92.41%, Gateμ:-0.5436, Gate0%:0.0, MetaNormμ:9.0773 | Val Meta: Scaleμ:0.9696, Signal|S|μ:2.9465, Delta|S|μ:2.7230, Delta/Signal:92.41%, Gateμ:-0.5436, Gate0%:0.0, MetaNormμ:9.0773
Epoch  12/50 | Train Loss: 0.6918 Acc: 0.5486 F1: 0.5472 | Val Loss: 0.7318 Acc: 0.5306 F1: 0.3853 | Train Meta: Scaleμ:0.9696, Signal|S|μ:2.8121, Delta|S|μ:2.6016, Delta/Signal:92.52%, Gateμ:-0.5436, Gate0%:0.0, MetaNormμ:9.0773 | Val Meta: Scaleμ:0.9696, Signal|S|μ:2.9465, Delta|S|μ:2.7230, Delta/Signal:92.41%, Gateμ:-0.5436, Gate0%:0.0, MetaNormμ:9.0773
Epoch  13/50 | Train Loss: 0.6792 Acc: 0.5449 F1: 0.5432 | Val Loss: 0.6956 Acc: 0.5306 F1: 0.4168 | Train Meta: Scaleμ:0.9696, Signal|S|μ:3.0125, Delta|S|μ:2.7828, Delta/Signal:92.37%, Gateμ:-0.5436, Gate0%:0.0, MetaNormμ:9.0773 | Val Meta: Scaleμ:0.9696, Signal|S|μ:2.9465, Delta|S|μ:2.7230, Delta/Signal:92.41%, Gateμ:-0.5436, Gate0%:0.0, MetaNormμ:9.0773
Epoch  14/50 | Train Loss: 0.6770 Acc: 0.5631 F1: 0.5601 | Val Loss: 0.6924 Acc: 0.5278 F1: 0.4253 | Train Meta: Scaleμ:0.9696, Signal|S|μ:2.9403, Delta|S|μ:2.7184, Delta/Signal:92.45%, Gateμ:-0.5436, Gate0%:0.0, MetaNormμ:9.0773 | Val Meta: Scaleμ:0.9696, Signal|S|μ:2.9465, Delta|S|μ:2.7230, Delta/Signal:92.41%, Gateμ:-0.5436, Gate0%:0.0, MetaNormμ:9.0773
Epoch  15/50 | Train Loss: 0.6762 Acc: 0.5718 F1: 0.5699 | Val Loss: 0.6827 Acc: 0.5500 F1: 0.5073 | Train Meta: Scaleμ:0.9696, Signal|S|μ:2.9076, Delta|S|μ:2.6884, Delta/Signal:92.46%, Gateμ:-0.5436, Gate0%:0.0, MetaNormμ:9.0773 | Val Meta: Scaleμ:0.9696, Signal|S|μ:2.9465, Delta|S|μ:2.7230, Delta/Signal:92.41%, Gateμ:-0.5436, Gate0%:0.0, MetaNormμ:9.0773
Validation Loss decreased (0.683455 --> 0.682671). Saving best model...
Epoch  16/50 | Train Loss: 0.6740 Acc: 0.5557 F1: 0.5524 | Val Loss: 0.6853 Acc: 0.5528 F1: 0.4892 | Train Meta: Scaleμ:0.9696, Signal|S|μ:3.1607, Delta|S|μ:2.9181, Delta/Signal:92.32%, Gateμ:-0.5436, Gate0%:0.0, MetaNormμ:9.0773 | Val Meta: Scaleμ:0.9696, Signal|S|μ:2.9465, Delta|S|μ:2.7230, Delta/Signal:92.41%, Gateμ:-0.5436, Gate0%:0.0, MetaNormμ:9.0773
Epoch  17/50 | Train Loss: 0.6714 Acc: 0.5749 F1: 0.5724 | Val Loss: 0.6809 Acc: 0.5361 F1: 0.5331 | Train Meta: Scaleμ:0.9696, Signal|S|μ:3.1419, Delta|S|μ:2.9005, Delta/Signal:92.32%, Gateμ:-0.5436, Gate0%:0.0, MetaNormμ:9.0773 | Val Meta: Scaleμ:0.9696, Signal|S|μ:2.9465, Delta|S|μ:2.7230, Delta/Signal:92.41%, Gateμ:-0.5436, Gate0%:0.0, MetaNormμ:9.0773
Validation Loss decreased (0.682671 --> 0.680934). Saving best model...
Epoch  18/50 | Train Loss: 0.6777 Acc: 0.5718 F1: 0.5708 | Val Loss: 0.6844 Acc: 0.5500 F1: 0.4916 | Train Meta: Scaleμ:0.9696, Signal|S|μ:2.9575, Delta|S|μ:2.7322, Delta/Signal:92.38%, Gateμ:-0.5436, Gate0%:0.0, MetaNormμ:9.0773 | Val Meta: Scaleμ:0.9696, Signal|S|μ:2.9465, Delta|S|μ:2.7230, Delta/Signal:92.41%, Gateμ:-0.5436, Gate0%:0.0, MetaNormμ:9.0773
Epoch  19/50 | Train Loss: 0.6689 Acc: 0.5718 F1: 0.5693 | Val Loss: 0.6787 Acc: 0.5444 F1: 0.5442 | Train Meta: Scaleμ:0.9696, Signal|S|μ:3.0415, Delta|S|μ:2.8090, Delta/Signal:92.36%, Gateμ:-0.5436, Gate0%:0.0, MetaNormμ:9.0773 | Val Meta: Scaleμ:0.9696, Signal|S|μ:2.9465, Delta|S|μ:2.7230, Delta/Signal:92.41%, Gateμ:-0.5436, Gate0%:0.0, MetaNormμ:9.0773
Validation Loss decreased (0.680934 --> 0.678667). Saving best model...
Epoch  20/50 | Train Loss: 0.6759 Acc: 0.5622 F1: 0.5605 | Val Loss: 0.6813 Acc: 0.5528 F1: 0.5450 | Train Meta: Scaleμ:0.9696, Signal|S|μ:3.0258, Delta|S|μ:2.7954, Delta/Signal:92.38%, Gateμ:-0.5436, Gate0%:0.0, MetaNormμ:9.0773 | Val Meta: Scaleμ:0.9696, Signal|S|μ:2.9465, Delta|S|μ:2.7230, Delta/Signal:92.41%, Gateμ:-0.5436, Gate0%:0.0, MetaNormμ:9.0773
Epoch  21/50 | Train Loss: 0.6714 Acc: 0.5693 F1: 0.5675 | Val Loss: 0.6805 Acc: 0.5472 F1: 0.5133 | Train Meta: Scaleμ:0.9696, Signal|S|μ:2.9894, Delta|S|μ:2.7617, Delta/Signal:92.38%, Gateμ:-0.5436, Gate0%:0.0, MetaNormμ:9.0773 | Val Meta: Scaleμ:0.9696, Signal|S|μ:2.9465, Delta|S|μ:2.7230, Delta/Signal:92.41%, Gateμ:-0.5436, Gate0%:0.0, MetaNormμ:9.0773
Epoch  22/50 | Train Loss: 0.6685 Acc: 0.5882 F1: 0.5866 | Val Loss: 0.6776 Acc: 0.5389 F1: 0.5352 | Train Meta: Scaleμ:0.9696, Signal|S|μ:2.9775, Delta|S|μ:2.7512, Delta/Signal:92.40%, Gateμ:-0.5436, Gate0%:0.0, MetaNormμ:9.0773 | Val Meta: Scaleμ:0.9696, Signal|S|μ:2.9465, Delta|S|μ:2.7230, Delta/Signal:92.41%, Gateμ:-0.5436, Gate0%:0.0, MetaNormμ:9.0773
Validation Loss decreased (0.678667 --> 0.677585). Saving best model...
Epoch  23/50 | Train Loss: 0.6713 Acc: 0.5789 F1: 0.5770 | Val Loss: 0.6999 Acc: 0.5250 F1: 0.4473 | Train Meta: Scaleμ:0.9696, Signal|S|μ:2.8204, Delta|S|μ:2.6088, Delta/Signal:92.50%, Gateμ:-0.5436, Gate0%:0.0, MetaNormμ:9.0773 | Val Meta: Scaleμ:0.9696, Signal|S|μ:2.9465, Delta|S|μ:2.7230, Delta/Signal:92.41%, Gateμ:-0.5436, Gate0%:0.0, MetaNormμ:9.0773
Epoch  24/50 | Train Loss: 0.6696 Acc: 0.5851 F1: 0.5843 | Val Loss: 0.6771 Acc: 0.5444 F1: 0.5403 | Train Meta: Scaleμ:0.9696, Signal|S|μ:2.9759, Delta|S|μ:2.7499, Delta/Signal:92.41%, Gateμ:-0.5436, Gate0%:0.0, MetaNormμ:9.0773 | Val Meta: Scaleμ:0.9696, Signal|S|μ:2.9465, Delta|S|μ:2.7230, Delta/Signal:92.41%, Gateμ:-0.5436, Gate0%:0.0, MetaNormμ:9.0773
Validation Loss decreased (0.677585 --> 0.677113). Saving best model...
Epoch  25/50 | Train Loss: 0.6659 Acc: 0.5808 F1: 0.5792 | Val Loss: 0.6804 Acc: 0.5528 F1: 0.5162 | Train Meta: Scaleμ:0.9696, Signal|S|μ:3.0033, Delta|S|μ:2.7738, Delta/Signal:92.36%, Gateμ:-0.5436, Gate0%:0.0, MetaNormμ:9.0773 | Val Meta: Scaleμ:0.9696, Signal|S|μ:2.9465, Delta|S|μ:2.7230, Delta/Signal:92.41%, Gateμ:-0.5436, Gate0%:0.0, MetaNormμ:9.0773
Epoch  26/50 | Train Loss: 0.6676 Acc: 0.5891 F1: 0.5876 | Val Loss: 0.6847 Acc: 0.5472 F1: 0.4852 | Train Meta: Scaleμ:0.9696, Signal|S|μ:3.0721, Delta|S|μ:2.8376, Delta/Signal:92.37%, Gateμ:-0.5436, Gate0%:0.0, MetaNormμ:9.0773 | Val Meta: Scaleμ:0.9696, Signal|S|μ:2.9465, Delta|S|μ:2.7230, Delta/Signal:92.41%, Gateμ:-0.5436, Gate0%:0.0, MetaNormμ:9.0773
Epoch  27/50 | Train Loss: 0.6689 Acc: 0.5804 F1: 0.5787 | Val Loss: 0.6764 Acc: 0.5444 F1: 0.5433 | Train Meta: Scaleμ:0.9696, Signal|S|μ:2.9904, Delta|S|μ:2.7642, Delta/Signal:92.43%, Gateμ:-0.5436, Gate0%:0.0, MetaNormμ:9.0773 | Val Meta: Scaleμ:0.9696, Signal|S|μ:2.9465, Delta|S|μ:2.7230, Delta/Signal:92.41%, Gateμ:-0.5436, Gate0%:0.0, MetaNormμ:9.0773
Validation Loss decreased (0.677113 --> 0.676418). Saving best model...
Epoch  28/50 | Train Loss: 0.6711 Acc: 0.5665 F1: 0.5645 | Val Loss: 0.6848 Acc: 0.5500 F1: 0.5228 | Train Meta: Scaleμ:0.9696, Signal|S|μ:2.9501, Delta|S|μ:2.7269, Delta/Signal:92.43%, Gateμ:-0.5436, Gate0%:0.0, MetaNormμ:9.0773 | Val Meta: Scaleμ:0.9696, Signal|S|μ:2.9465, Delta|S|μ:2.7230, Delta/Signal:92.41%, Gateμ:-0.5436, Gate0%:0.0, MetaNormμ:9.0773
Epoch  29/50 | Train Loss: 0.6654 Acc: 0.5786 F1: 0.5782 | Val Loss: 0.6808 Acc: 0.5639 F1: 0.5527 | Train Meta: Scaleμ:0.9696, Signal|S|μ:2.9335, Delta|S|μ:2.7113, Delta/Signal:92.43%, Gateμ:-0.5436, Gate0%:0.0, MetaNormμ:9.0773 | Val Meta: Scaleμ:0.9696, Signal|S|μ:2.9465, Delta|S|μ:2.7230, Delta/Signal:92.41%, Gateμ:-0.5436, Gate0%:0.0, MetaNormμ:9.0773
Epoch  30/50 | Train Loss: 0.6641 Acc: 0.5842 F1: 0.5830 | Val Loss: 0.6761 Acc: 0.5306 F1: 0.5306 | Train Meta: Scaleμ:0.9696, Signal|S|μ:3.0020, Delta|S|μ:2.7735, Delta/Signal:92.39%, Gateμ:-0.5436, Gate0%:0.0, MetaNormμ:9.0773 | Val Meta: Scaleμ:0.9696, Signal|S|μ:2.9465, Delta|S|μ:2.7230, Delta/Signal:92.41%, Gateμ:-0.5436, Gate0%:0.0, MetaNormμ:9.0773
Validation Loss decreased (0.676418 --> 0.676077). Saving best model...
Epoch  31/50 | Train Loss: 0.6648 Acc: 0.5835 F1: 0.5817 | Val Loss: 0.6752 Acc: 0.5444 F1: 0.5413 | Train Meta: Scaleμ:0.9696, Signal|S|μ:2.9815, Delta|S|μ:2.7550, Delta/Signal:92.40%, Gateμ:-0.5436, Gate0%:0.0, MetaNormμ:9.0773 | Val Meta: Scaleμ:0.9696, Signal|S|μ:2.9465, Delta|S|μ:2.7230, Delta/Signal:92.41%, Gateμ:-0.5436, Gate0%:0.0, MetaNormμ:9.0773
Validation Loss decreased (0.676077 --> 0.675199). Saving best model...
Epoch  32/50 | Train Loss: 0.6627 Acc: 0.5931 F1: 0.5920 | Val Loss: 0.7046 Acc: 0.5306 F1: 0.4132 | Train Meta: Scaleμ:0.9696, Signal|S|μ:2.9300, Delta|S|μ:2.7087, Delta/Signal:92.45%, Gateμ:-0.5436, Gate0%:0.0, MetaNormμ:9.0773 | Val Meta: Scaleμ:0.9696, Signal|S|μ:2.9465, Delta|S|μ:2.7230, Delta/Signal:92.41%, Gateμ:-0.5436, Gate0%:0.0, MetaNormμ:9.0773
Epoch  33/50 | Train Loss: 0.6656 Acc: 0.5829 F1: 0.5818 | Val Loss: 0.6802 Acc: 0.5611 F1: 0.5477 | Train Meta: Scaleμ:0.9696, Signal|S|μ:3.0098, Delta|S|μ:2.7805, Delta/Signal:92.38%, Gateμ:-0.5436, Gate0%:0.0, MetaNormμ:9.0773 | Val Meta: Scaleμ:0.9696, Signal|S|μ:2.9465, Delta|S|μ:2.7230, Delta/Signal:92.41%, Gateμ:-0.5436, Gate0%:0.0, MetaNormμ:9.0773
Epoch  34/50 | Train Loss: 0.6635 Acc: 0.5820 F1: 0.5814 | Val Loss: 0.6759 Acc: 0.5444 F1: 0.5430 | Train Meta: Scaleμ:0.9696, Signal|S|μ:3.0119, Delta|S|μ:2.7828, Delta/Signal:92.39%, Gateμ:-0.5436, Gate0%:0.0, MetaNormμ:9.0773 | Val Meta: Scaleμ:0.9696, Signal|S|μ:2.9465, Delta|S|μ:2.7230, Delta/Signal:92.41%, Gateμ:-0.5436, Gate0%:0.0, MetaNormμ:9.0773
Epoch  35/50 | Train Loss: 0.6656 Acc: 0.5860 F1: 0.5837 | Val Loss: 0.6743 Acc: 0.5500 F1: 0.5489 | Train Meta: Scaleμ:0.9696, Signal|S|μ:3.0463, Delta|S|μ:2.8146, Delta/Signal:92.39%, Gateμ:-0.5436, Gate0%:0.0, MetaNormμ:9.0773 | Val Meta: Scaleμ:0.9696, Signal|S|μ:2.9465, Delta|S|μ:2.7230, Delta/Signal:92.41%, Gateμ:-0.5436, Gate0%:0.0, MetaNormμ:9.0773
Validation Loss decreased (0.675199 --> 0.674334). Saving best model...
Epoch  36/50 | Train Loss: 0.6614 Acc: 0.5814 F1: 0.5808 | Val Loss: 0.6747 Acc: 0.5444 F1: 0.5347 | Train Meta: Scaleμ:0.9696, Signal|S|μ:3.0169, Delta|S|μ:2.7871, Delta/Signal:92.38%, Gateμ:-0.5436, Gate0%:0.0, MetaNormμ:9.0773 | Val Meta: Scaleμ:0.9696, Signal|S|μ:2.9465, Delta|S|μ:2.7230, Delta/Signal:92.41%, Gateμ:-0.5436, Gate0%:0.0, MetaNormμ:9.0773
Epoch  37/50 | Train Loss: 0.6587 Acc: 0.5860 F1: 0.5836 | Val Loss: 0.6736 Acc: 0.5444 F1: 0.5398 | Train Meta: Scaleμ:0.9696, Signal|S|μ:2.9947, Delta|S|μ:2.7666, Delta/Signal:92.38%, Gateμ:-0.5436, Gate0%:0.0, MetaNormμ:9.0773 | Val Meta: Scaleμ:0.9696, Signal|S|μ:2.9465, Delta|S|μ:2.7230, Delta/Signal:92.41%, Gateμ:-0.5436, Gate0%:0.0, MetaNormμ:9.0773
Validation Loss decreased (0.674334 --> 0.673649). Saving best model...
Epoch  38/50 | Train Loss: 0.6590 Acc: 0.5869 F1: 0.5849 | Val Loss: 0.6738 Acc: 0.5472 F1: 0.5407 | Train Meta: Scaleμ:0.9696, Signal|S|μ:3.0582, Delta|S|μ:2.8243, Delta/Signal:92.35%, Gateμ:-0.5436, Gate0%:0.0, MetaNormμ:9.0773 | Val Meta: Scaleμ:0.9696, Signal|S|μ:2.9465, Delta|S|μ:2.7230, Delta/Signal:92.41%, Gateμ:-0.5436, Gate0%:0.0, MetaNormμ:9.0773
Epoch  39/50 | Train Loss: 0.6639 Acc: 0.5907 F1: 0.5900 | Val Loss: 0.6768 Acc: 0.5500 F1: 0.5278 | Train Meta: Scaleμ:0.9696, Signal|S|μ:2.9291, Delta|S|μ:2.7068, Delta/Signal:92.41%, Gateμ:-0.5436, Gate0%:0.0, MetaNormμ:9.0773 | Val Meta: Scaleμ:0.9696, Signal|S|μ:2.9465, Delta|S|μ:2.7230, Delta/Signal:92.41%, Gateμ:-0.5436, Gate0%:0.0, MetaNormμ:9.0773
Epoch  40/50 | Train Loss: 0.6599 Acc: 0.5910 F1: 0.5896 | Val Loss: 0.6948 Acc: 0.5500 F1: 0.4585 | Train Meta: Scaleμ:0.9696, Signal|S|μ:3.0741, Delta|S|μ:2.8388, Delta/Signal:92.35%, Gateμ:-0.5436, Gate0%:0.0, MetaNormμ:9.0773 | Val Meta: Scaleμ:0.9696, Signal|S|μ:2.9465, Delta|S|μ:2.7230, Delta/Signal:92.41%, Gateμ:-0.5436, Gate0%:0.0, MetaNormμ:9.0773
Epoch  41/50 | Train Loss: 0.6587 Acc: 0.5968 F1: 0.5959 | Val Loss: 0.6827 Acc: 0.5583 F1: 0.5021 | Train Meta: Scaleμ:0.9696, Signal|S|μ:3.0859, Delta|S|μ:2.8500, Delta/Signal:92.36%, Gateμ:-0.5436, Gate0%:0.0, MetaNormμ:9.0773 | Val Meta: Scaleμ:0.9696, Signal|S|μ:2.9465, Delta|S|μ:2.7230, Delta/Signal:92.41%, Gateμ:-0.5436, Gate0%:0.0, MetaNormμ:9.0773
Epoch  42/50 | Train Loss: 0.6599 Acc: 0.5925 F1: 0.5920 | Val Loss: 0.6746 Acc: 0.5472 F1: 0.5310 | Train Meta: Scaleμ:0.9696, Signal|S|μ:2.9756, Delta|S|μ:2.7496, Delta/Signal:92.40%, Gateμ:-0.5436, Gate0%:0.0, MetaNormμ:9.0773 | Val Meta: Scaleμ:0.9696, Signal|S|μ:2.9465, Delta|S|μ:2.7230, Delta/Signal:92.41%, Gateμ:-0.5436, Gate0%:0.0, MetaNormμ:9.0773
Epoch  43/50 | Train Loss: 0.6555 Acc: 0.6021 F1: 0.6008 | Val Loss: 0.6907 Acc: 0.5583 F1: 0.5155 | Train Meta: Scaleμ:0.9696, Signal|S|μ:2.8345, Delta|S|μ:2.6209, Delta/Signal:92.46%, Gateμ:-0.5436, Gate0%:0.0, MetaNormμ:9.0773 | Val Meta: Scaleμ:0.9696, Signal|S|μ:2.9465, Delta|S|μ:2.7230, Delta/Signal:92.41%, Gateμ:-0.5436, Gate0%:0.0, MetaNormμ:9.0773
Epoch  44/50 | Train Loss: 0.6639 Acc: 0.5743 F1: 0.5735 | Val Loss: 0.6904 Acc: 0.5583 F1: 0.5155 | Train Meta: Scaleμ:0.9696, Signal|S|μ:3.0348, Delta|S|μ:2.8033, Delta/Signal:92.37%, Gateμ:-0.5436, Gate0%:0.0, MetaNormμ:9.0773 | Val Meta: Scaleμ:0.9696, Signal|S|μ:2.9465, Delta|S|μ:2.7230, Delta/Signal:92.41%, Gateμ:-0.5436, Gate0%:0.0, MetaNormμ:9.0773
Epoch  45/50 | Train Loss: 0.6585 Acc: 0.5876 F1: 0.5860 | Val Loss: 0.6749 Acc: 0.5639 F1: 0.5576 | Train Meta: Scaleμ:0.9696, Signal|S|μ:2.9523, Delta|S|μ:2.7284, Delta/Signal:92.42%, Gateμ:-0.5436, Gate0%:0.0, MetaNormμ:9.0773 | Val Meta: Scaleμ:0.9696, Signal|S|μ:2.9465, Delta|S|μ:2.7230, Delta/Signal:92.41%, Gateμ:-0.5436, Gate0%:0.0, MetaNormμ:9.0773
Epoch  46/50 | Train Loss: 0.6543 Acc: 0.6009 F1: 0.6002 | Val Loss: 0.6768 Acc: 0.5611 F1: 0.5319 | Train Meta: Scaleμ:0.9696, Signal|S|μ:2.9663, Delta|S|μ:2.7413, Delta/Signal:92.42%, Gateμ:-0.5436, Gate0%:0.0, MetaNormμ:9.0773 | Val Meta: Scaleμ:0.9696, Signal|S|μ:2.9465, Delta|S|μ:2.7230, Delta/Signal:92.41%, Gateμ:-0.5436, Gate0%:0.0, MetaNormμ:9.0773
Epoch  47/50 | Train Loss: 0.6557 Acc: 0.5913 F1: 0.5897 | Val Loss: 0.6936 Acc: 0.5528 F1: 0.5058 | Train Meta: Scaleμ:0.9696, Signal|S|μ:2.9053, Delta|S|μ:2.6861, Delta/Signal:92.45%, Gateμ:-0.5436, Gate0%:0.0, MetaNormμ:9.0773 | Val Meta: Scaleμ:0.9696, Signal|S|μ:2.9465, Delta|S|μ:2.7230, Delta/Signal:92.41%, Gateμ:-0.5436, Gate0%:0.0, MetaNormμ:9.0773
Epoch  48/50 | Train Loss: 0.6538 Acc: 0.6009 F1: 0.5997 | Val Loss: 0.6858 Acc: 0.5611 F1: 0.5244 | Train Meta: Scaleμ:0.9696, Signal|S|μ:3.0059, Delta|S|μ:2.7767, Delta/Signal:92.37%, Gateμ:-0.5436, Gate0%:0.0, MetaNormμ:9.0773 | Val Meta: Scaleμ:0.9696, Signal|S|μ:2.9465, Delta|S|μ:2.7230, Delta/Signal:92.41%, Gateμ:-0.5436, Gate0%:0.0, MetaNormμ:9.0773
Epoch  49/50 | Train Loss: 0.6580 Acc: 0.5817 F1: 0.5810 | Val Loss: 0.6708 Acc: 0.5389 F1: 0.5347 | Train Meta: Scaleμ:0.9696, Signal|S|μ:2.9511, Delta|S|μ:2.7282, Delta/Signal:92.45%, Gateμ:-0.5436, Gate0%:0.0, MetaNormμ:9.0773 | Val Meta: Scaleμ:0.9696, Signal|S|μ:2.9465, Delta|S|μ:2.7230, Delta/Signal:92.41%, Gateμ:-0.5436, Gate0%:0.0, MetaNormμ:9.0773
Validation Loss decreased (0.673649 --> 0.670752). Saving best model...
Epoch  50/50 | Train Loss: 0.6522 Acc: 0.6002 F1: 0.5993 | Val Loss: 0.6832 Acc: 0.5667 F1: 0.5364 | Train Meta: Scaleμ:0.9696, Signal|S|μ:2.9802, Delta|S|μ:2.7535, Delta/Signal:92.39%, Gateμ:-0.5436, Gate0%:0.0, MetaNormμ:9.0773 | Val Meta: Scaleμ:0.9696, Signal|S|μ:2.9465, Delta|S|μ:2.7230, Delta/Signal:92.41%, Gateμ:-0.5436, Gate0%:0.0, MetaNormμ:9.0773

Classification Test Result (FordA)
Accuracy : 0.596970
F1 (macro): 0.593941
Saved attention maps for 3 sample(s) under ./runs/classification_electricity_to_FordA_laya_metadata_query_gate_stats/attention_maps
/data/pjh_workspace/ts-env/lib/python3.8/site-packages/torch/nn/modules/transformer.py:307: UserWarning: enable_nested_tensor is True, but self.use_nested_tensor is False because encoder_layer.norm_first was True
  warnings.warn(f"enable_nested_tensor is True, but self.use_nested_tensor is False because {why_not_sparsity_fast_path}")
==================================================
🚀 Architecture: LAYA
📊 Target Dataset: FordB (Channels: 1)
📊 Pretrain Info: electricity
📊 Classes: 2 | Sequence Length: 500
==================================================
✅ Loaded pretrained encoder from ./checkpoints/electricity_laya_metadata_query_gate_stats/laya_ts_electricity_s_best.pt
   - 104/104 keys matched.
✅ Encoder is FROZEN (Linear Probing mode).
📝 metadata: mode=stats, fusion=none, relation=metadata_query_gate
ℹ️  Metadata Fusion Mode: none
ℹ️  Channel Mixer Relation Mode: metadata_query_gate
ℹ️  Encoder Variant: default
ℹ️  Channel Adapter: disabled for Laya downstream (mixer)
ℹ️  Channel Relation Block: disabled
✅ ClassificationHead: [B, 256] → [B, 2]
Epoch   1/50 | Train Loss: 0.7067 Acc: 0.4991 F1: 0.4978 | Val Loss: 0.7081 Acc: 0.5096 F1: 0.3376 | Train Meta: Scaleμ:0.9696, Signal|S|μ:2.6611, Delta|S|μ:2.4924, Delta/Signal:93.66%, Gateμ:-0.4957, Gate0%:0.0, MetaNormμ:9.0980 | Val Meta: Scaleμ:0.9696, Signal|S|μ:2.7950, Delta|S|μ:2.6169, Delta/Signal:93.63%, Gateμ:-0.4957, Gate0%:0.0, MetaNormμ:9.0980
Validation Loss decreased (inf --> 0.708115). Saving best model...
Epoch   2/50 | Train Loss: 0.6939 Acc: 0.5233 F1: 0.5198 | Val Loss: 0.6906 Acc: 0.5207 F1: 0.3667 | Train Meta: Scaleμ:0.9696, Signal|S|μ:2.7630, Delta|S|μ:2.5872, Delta/Signal:93.64%, Gateμ:-0.4957, Gate0%:0.0, MetaNormμ:9.0980 | Val Meta: Scaleμ:0.9696, Signal|S|μ:2.7950, Delta|S|μ:2.6169, Delta/Signal:93.63%, Gateμ:-0.4957, Gate0%:0.0, MetaNormμ:9.0980
Validation Loss decreased (0.708115 --> 0.690633). Saving best model...
Epoch   3/50 | Train Loss: 0.6921 Acc: 0.5355 F1: 0.5333 | Val Loss: 0.6860 Acc: 0.5427 F1: 0.5285 | Train Meta: Scaleμ:0.9696, Signal|S|μ:2.7839, Delta|S|μ:2.6066, Delta/Signal:93.63%, Gateμ:-0.4957, Gate0%:0.0, MetaNormμ:9.0980 | Val Meta: Scaleμ:0.9696, Signal|S|μ:2.7950, Delta|S|μ:2.6169, Delta/Signal:93.63%, Gateμ:-0.4957, Gate0%:0.0, MetaNormμ:9.0980
Validation Loss decreased (0.690633 --> 0.685987). Saving best model...
Epoch   4/50 | Train Loss: 0.6945 Acc: 0.5456 F1: 0.5398 | Val Loss: 0.6848 Acc: 0.5537 F1: 0.5209 | Train Meta: Scaleμ:0.9696, Signal|S|μ:2.8689, Delta|S|μ:2.6857, Delta/Signal:93.61%, Gateμ:-0.4957, Gate0%:0.0, MetaNormμ:9.0980 | Val Meta: Scaleμ:0.9696, Signal|S|μ:2.7950, Delta|S|μ:2.6169, Delta/Signal:93.63%, Gateμ:-0.4957, Gate0%:0.0, MetaNormμ:9.0980
Validation Loss decreased (0.685987 --> 0.684808). Saving best model...
Epoch   5/50 | Train Loss: 0.6819 Acc: 0.5506 F1: 0.5484 | Val Loss: 0.6864 Acc: 0.5592 F1: 0.4728 | Train Meta: Scaleμ:0.9696, Signal|S|μ:2.9266, Delta|S|μ:2.7394, Delta/Signal:93.60%, Gateμ:-0.4957, Gate0%:0.0, MetaNormμ:9.0980 | Val Meta: Scaleμ:0.9696, Signal|S|μ:2.7950, Delta|S|μ:2.6169, Delta/Signal:93.63%, Gateμ:-0.4957, Gate0%:0.0, MetaNormμ:9.0980
Epoch   6/50 | Train Loss: 0.6851 Acc: 0.5524 F1: 0.5507 | Val Loss: 0.6865 Acc: 0.5592 F1: 0.4699 | Train Meta: Scaleμ:0.9696, Signal|S|μ:2.9203, Delta|S|μ:2.7337, Delta/Signal:93.61%, Gateμ:-0.4957, Gate0%:0.0, MetaNormμ:9.0980 | Val Meta: Scaleμ:0.9696, Signal|S|μ:2.7950, Delta|S|μ:2.6169, Delta/Signal:93.63%, Gateμ:-0.4957, Gate0%:0.0, MetaNormμ:9.0980
Epoch   7/50 | Train Loss: 0.6797 Acc: 0.5579 F1: 0.5528 | Val Loss: 0.6823 Acc: 0.5647 F1: 0.5180 | Train Meta: Scaleμ:0.9696, Signal|S|μ:2.7107, Delta|S|μ:2.5384, Delta/Signal:93.64%, Gateμ:-0.4957, Gate0%:0.0, MetaNormμ:9.0980 | Val Meta: Scaleμ:0.9696, Signal|S|μ:2.7950, Delta|S|μ:2.6169, Delta/Signal:93.63%, Gateμ:-0.4957, Gate0%:0.0, MetaNormμ:9.0980
Validation Loss decreased (0.684808 --> 0.682263). Saving best model...
Epoch   8/50 | Train Loss: 0.6806 Acc: 0.5582 F1: 0.5553 | Val Loss: 0.6840 Acc: 0.5565 F1: 0.4841 | Train Meta: Scaleμ:0.9696, Signal|S|μ:2.8292, Delta|S|μ:2.6488, Delta/Signal:93.63%, Gateμ:-0.4957, Gate0%:0.0, MetaNormμ:9.0980 | Val Meta: Scaleμ:0.9696, Signal|S|μ:2.7950, Delta|S|μ:2.6169, Delta/Signal:93.63%, Gateμ:-0.4957, Gate0%:0.0, MetaNormμ:9.0980
Epoch   9/50 | Train Loss: 0.6770 Acc: 0.5674 F1: 0.5654 | Val Loss: 0.6774 Acc: 0.5537 F1: 0.5389 | Train Meta: Scaleμ:0.9696, Signal|S|μ:2.7943, Delta|S|μ:2.6166, Delta/Signal:93.64%, Gateμ:-0.4957, Gate0%:0.0, MetaNormμ:9.0980 | Val Meta: Scaleμ:0.9696, Signal|S|μ:2.7950, Delta|S|μ:2.6169, Delta/Signal:93.63%, Gateμ:-0.4957, Gate0%:0.0, MetaNormμ:9.0980
Validation Loss decreased (0.682263 --> 0.677440). Saving best model...
Epoch  10/50 | Train Loss: 0.6798 Acc: 0.5530 F1: 0.5517 | Val Loss: 0.7092 Acc: 0.5207 F1: 0.3667 | Train Meta: Scaleμ:0.9696, Signal|S|μ:2.8602, Delta|S|μ:2.6776, Delta/Signal:93.61%, Gateμ:-0.4957, Gate0%:0.0, MetaNormμ:9.0980 | Val Meta: Scaleμ:0.9696, Signal|S|μ:2.7950, Delta|S|μ:2.6169, Delta/Signal:93.63%, Gateμ:-0.4957, Gate0%:0.0, MetaNormμ:9.0980
Epoch  11/50 | Train Loss: 0.6764 Acc: 0.5637 F1: 0.5622 | Val Loss: 0.6743 Acc: 0.5730 F1: 0.5666 | Train Meta: Scaleμ:0.9696, Signal|S|μ:2.8661, Delta|S|μ:2.6828, Delta/Signal:93.60%, Gateμ:-0.4957, Gate0%:0.0, MetaNormμ:9.0980 | Val Meta: Scaleμ:0.9696, Signal|S|μ:2.7950, Delta|S|μ:2.6169, Delta/Signal:93.63%, Gateμ:-0.4957, Gate0%:0.0, MetaNormμ:9.0980
Validation Loss decreased (0.677440 --> 0.674323). Saving best model...
Epoch  12/50 | Train Loss: 0.6746 Acc: 0.5656 F1: 0.5633 | Val Loss: 0.6730 Acc: 0.5785 F1: 0.5728 | Train Meta: Scaleμ:0.9696, Signal|S|μ:2.9104, Delta|S|μ:2.7240, Delta/Signal:93.60%, Gateμ:-0.4957, Gate0%:0.0, MetaNormμ:9.0980 | Val Meta: Scaleμ:0.9696, Signal|S|μ:2.7950, Delta|S|μ:2.6169, Delta/Signal:93.63%, Gateμ:-0.4957, Gate0%:0.0, MetaNormμ:9.0980
Validation Loss decreased (0.674323 --> 0.672972). Saving best model...
Epoch  13/50 | Train Loss: 0.6695 Acc: 0.5836 F1: 0.5823 | Val Loss: 0.6907 Acc: 0.5344 F1: 0.4584 | Train Meta: Scaleμ:0.9696, Signal|S|μ:2.7603, Delta|S|μ:2.5848, Delta/Signal:93.64%, Gateμ:-0.4957, Gate0%:0.0, MetaNormμ:9.0980 | Val Meta: Scaleμ:0.9696, Signal|S|μ:2.7950, Delta|S|μ:2.6169, Delta/Signal:93.63%, Gateμ:-0.4957, Gate0%:0.0, MetaNormμ:9.0980
Epoch  14/50 | Train Loss: 0.6665 Acc: 0.5824 F1: 0.5814 | Val Loss: 0.6857 Acc: 0.5399 F1: 0.4792 | Train Meta: Scaleμ:0.9696, Signal|S|μ:2.7715, Delta|S|μ:2.5957, Delta/Signal:93.66%, Gateμ:-0.4957, Gate0%:0.0, MetaNormμ:9.0980 | Val Meta: Scaleμ:0.9696, Signal|S|μ:2.7950, Delta|S|μ:2.6169, Delta/Signal:93.63%, Gateμ:-0.4957, Gate0%:0.0, MetaNormμ:9.0980
Epoch  15/50 | Train Loss: 0.6650 Acc: 0.5867 F1: 0.5847 | Val Loss: 0.7363 Acc: 0.4931 F1: 0.3350 | Train Meta: Scaleμ:0.9696, Signal|S|μ:2.7660, Delta|S|μ:2.5899, Delta/Signal:93.63%, Gateμ:-0.4957, Gate0%:0.0, MetaNormμ:9.0980 | Val Meta: Scaleμ:0.9696, Signal|S|μ:2.7950, Delta|S|μ:2.6169, Delta/Signal:93.63%, Gateμ:-0.4957, Gate0%:0.0, MetaNormμ:9.0980
Epoch  16/50 | Train Loss: 0.6717 Acc: 0.5735 F1: 0.5721 | Val Loss: 0.6699 Acc: 0.5675 F1: 0.5584 | Train Meta: Scaleμ:0.9696, Signal|S|μ:2.8281, Delta|S|μ:2.6476, Delta/Signal:93.62%, Gateμ:-0.4957, Gate0%:0.0, MetaNormμ:9.0980 | Val Meta: Scaleμ:0.9696, Signal|S|μ:2.7950, Delta|S|μ:2.6169, Delta/Signal:93.63%, Gateμ:-0.4957, Gate0%:0.0, MetaNormμ:9.0980
Validation Loss decreased (0.672972 --> 0.669866). Saving best model...
Epoch  17/50 | Train Loss: 0.6701 Acc: 0.5732 F1: 0.5722 | Val Loss: 0.6738 Acc: 0.5923 F1: 0.5709 | Train Meta: Scaleμ:0.9696, Signal|S|μ:2.7291, Delta|S|μ:2.5558, Delta/Signal:93.65%, Gateμ:-0.4957, Gate0%:0.0, MetaNormμ:9.0980 | Val Meta: Scaleμ:0.9696, Signal|S|μ:2.7950, Delta|S|μ:2.6169, Delta/Signal:93.63%, Gateμ:-0.4957, Gate0%:0.0, MetaNormμ:9.0980
Epoch  18/50 | Train Loss: 0.6626 Acc: 0.5913 F1: 0.5898 | Val Loss: 0.6648 Acc: 0.5923 F1: 0.5920 | Train Meta: Scaleμ:0.9696, Signal|S|μ:2.8391, Delta|S|μ:2.6576, Delta/Signal:93.61%, Gateμ:-0.4957, Gate0%:0.0, MetaNormμ:9.0980 | Val Meta: Scaleμ:0.9696, Signal|S|μ:2.7950, Delta|S|μ:2.6169, Delta/Signal:93.63%, Gateμ:-0.4957, Gate0%:0.0, MetaNormμ:9.0980
Validation Loss decreased (0.669866 --> 0.664779). Saving best model...
Epoch  19/50 | Train Loss: 0.6637 Acc: 0.6017 F1: 0.6000 | Val Loss: 0.6971 Acc: 0.5179 F1: 0.4121 | Train Meta: Scaleμ:0.9696, Signal|S|μ:2.8544, Delta|S|μ:2.6720, Delta/Signal:93.61%, Gateμ:-0.4957, Gate0%:0.0, MetaNormμ:9.0980 | Val Meta: Scaleμ:0.9696, Signal|S|μ:2.7950, Delta|S|μ:2.6169, Delta/Signal:93.63%, Gateμ:-0.4957, Gate0%:0.0, MetaNormμ:9.0980
Epoch  20/50 | Train Loss: 0.6632 Acc: 0.5916 F1: 0.5911 | Val Loss: 0.6768 Acc: 0.5730 F1: 0.4959 | Train Meta: Scaleμ:0.9696, Signal|S|μ:2.7872, Delta|S|μ:2.6096, Delta/Signal:93.63%, Gateμ:-0.4957, Gate0%:0.0, MetaNormμ:9.0980 | Val Meta: Scaleμ:0.9696, Signal|S|μ:2.7950, Delta|S|μ:2.6169, Delta/Signal:93.63%, Gateμ:-0.4957, Gate0%:0.0, MetaNormμ:9.0980
Epoch  21/50 | Train Loss: 0.6647 Acc: 0.5950 F1: 0.5934 | Val Loss: 0.6817 Acc: 0.5592 F1: 0.5041 | Train Meta: Scaleμ:0.9696, Signal|S|μ:2.9016, Delta|S|μ:2.7163, Delta/Signal:93.61%, Gateμ:-0.4957, Gate0%:0.0, MetaNormμ:9.0980 | Val Meta: Scaleμ:0.9696, Signal|S|μ:2.7950, Delta|S|μ:2.6169, Delta/Signal:93.63%, Gateμ:-0.4957, Gate0%:0.0, MetaNormμ:9.0980
Epoch  22/50 | Train Loss: 0.6557 Acc: 0.6088 F1: 0.6073 | Val Loss: 0.6588 Acc: 0.6088 F1: 0.6051 | Train Meta: Scaleμ:0.9696, Signal|S|μ:2.8679, Delta|S|μ:2.6851, Delta/Signal:93.63%, Gateμ:-0.4957, Gate0%:0.0, MetaNormμ:9.0980 | Val Meta: Scaleμ:0.9696, Signal|S|μ:2.7950, Delta|S|μ:2.6169, Delta/Signal:93.63%, Gateμ:-0.4957, Gate0%:0.0, MetaNormμ:9.0980
Validation Loss decreased (0.664779 --> 0.658843). Saving best model...
Epoch  23/50 | Train Loss: 0.6588 Acc: 0.5959 F1: 0.5953 | Val Loss: 0.6593 Acc: 0.6033 F1: 0.5875 | Train Meta: Scaleμ:0.9696, Signal|S|μ:2.7574, Delta|S|μ:2.5820, Delta/Signal:93.64%, Gateμ:-0.4957, Gate0%:0.0, MetaNormμ:9.0980 | Val Meta: Scaleμ:0.9696, Signal|S|μ:2.7950, Delta|S|μ:2.6169, Delta/Signal:93.63%, Gateμ:-0.4957, Gate0%:0.0, MetaNormμ:9.0980
Epoch  24/50 | Train Loss: 0.6578 Acc: 0.5931 F1: 0.5915 | Val Loss: 0.6697 Acc: 0.5840 F1: 0.5527 | Train Meta: Scaleμ:0.9696, Signal|S|μ:2.7187, Delta|S|μ:2.5466, Delta/Signal:93.67%, Gateμ:-0.4957, Gate0%:0.0, MetaNormμ:9.0980 | Val Meta: Scaleμ:0.9696, Signal|S|μ:2.7950, Delta|S|μ:2.6169, Delta/Signal:93.63%, Gateμ:-0.4957, Gate0%:0.0, MetaNormμ:9.0980
Epoch  25/50 | Train Loss: 0.6596 Acc: 0.5990 F1: 0.5980 | Val Loss: 0.7180 Acc: 0.5014 F1: 0.3735 | Train Meta: Scaleμ:0.9696, Signal|S|μ:2.7885, Delta|S|μ:2.6109, Delta/Signal:93.63%, Gateμ:-0.4957, Gate0%:0.0, MetaNormμ:9.0980 | Val Meta: Scaleμ:0.9696, Signal|S|μ:2.7950, Delta|S|μ:2.6169, Delta/Signal:93.63%, Gateμ:-0.4957, Gate0%:0.0, MetaNormμ:9.0980
Epoch  26/50 | Train Loss: 0.6566 Acc: 0.6060 F1: 0.6047 | Val Loss: 0.6537 Acc: 0.5950 F1: 0.5950 | Train Meta: Scaleμ:0.9696, Signal|S|μ:2.7607, Delta|S|μ:2.5849, Delta/Signal:93.63%, Gateμ:-0.4957, Gate0%:0.0, MetaNormμ:9.0980 | Val Meta: Scaleμ:0.9696, Signal|S|μ:2.7950, Delta|S|μ:2.6169, Delta/Signal:93.63%, Gateμ:-0.4957, Gate0%:0.0, MetaNormμ:9.0980
Validation Loss decreased (0.658843 --> 0.653696). Saving best model...
Epoch  27/50 | Train Loss: 0.6511 Acc: 0.6094 F1: 0.6075 | Val Loss: 0.6524 Acc: 0.6006 F1: 0.6005 | Train Meta: Scaleμ:0.9696, Signal|S|μ:2.8300, Delta|S|μ:2.6495, Delta/Signal:93.62%, Gateμ:-0.4957, Gate0%:0.0, MetaNormμ:9.0980 | Val Meta: Scaleμ:0.9696, Signal|S|μ:2.7950, Delta|S|μ:2.6169, Delta/Signal:93.63%, Gateμ:-0.4957, Gate0%:0.0, MetaNormμ:9.0980
Validation Loss decreased (0.653696 --> 0.652432). Saving best model...
Epoch  28/50 | Train Loss: 0.6528 Acc: 0.6146 F1: 0.6141 | Val Loss: 0.6522 Acc: 0.6309 F1: 0.6201 | Train Meta: Scaleμ:0.9696, Signal|S|μ:2.8372, Delta|S|μ:2.6564, Delta/Signal:93.62%, Gateμ:-0.4957, Gate0%:0.0, MetaNormμ:9.0980 | Val Meta: Scaleμ:0.9696, Signal|S|μ:2.7950, Delta|S|μ:2.6169, Delta/Signal:93.63%, Gateμ:-0.4957, Gate0%:0.0, MetaNormμ:9.0980
Validation Loss decreased (0.652432 --> 0.652195). Saving best model...
Epoch  29/50 | Train Loss: 0.6497 Acc: 0.6146 F1: 0.6132 | Val Loss: 0.6497 Acc: 0.6061 F1: 0.6046 | Train Meta: Scaleμ:0.9696, Signal|S|μ:2.8062, Delta|S|μ:2.6275, Delta/Signal:93.63%, Gateμ:-0.4957, Gate0%:0.0, MetaNormμ:9.0980 | Val Meta: Scaleμ:0.9696, Signal|S|μ:2.7950, Delta|S|μ:2.6169, Delta/Signal:93.63%, Gateμ:-0.4957, Gate0%:0.0, MetaNormμ:9.0980
Validation Loss decreased (0.652195 --> 0.649716). Saving best model...
Epoch  30/50 | Train Loss: 0.6471 Acc: 0.6229 F1: 0.6217 | Val Loss: 0.6486 Acc: 0.5895 F1: 0.5895 | Train Meta: Scaleμ:0.9696, Signal|S|μ:2.8522, Delta|S|μ:2.6698, Delta/Signal:93.60%, Gateμ:-0.4957, Gate0%:0.0, MetaNormμ:9.0980 | Val Meta: Scaleμ:0.9696, Signal|S|μ:2.7950, Delta|S|μ:2.6169, Delta/Signal:93.63%, Gateμ:-0.4957, Gate0%:0.0, MetaNormμ:9.0980
Validation Loss decreased (0.649716 --> 0.648564). Saving best model...
Epoch  31/50 | Train Loss: 0.6486 Acc: 0.6167 F1: 0.6156 | Val Loss: 0.6472 Acc: 0.6088 F1: 0.6075 | Train Meta: Scaleμ:0.9696, Signal|S|μ:2.8760, Delta|S|μ:2.6920, Delta/Signal:93.60%, Gateμ:-0.4957, Gate0%:0.0, MetaNormμ:9.0980 | Val Meta: Scaleμ:0.9696, Signal|S|μ:2.7950, Delta|S|μ:2.6169, Delta/Signal:93.63%, Gateμ:-0.4957, Gate0%:0.0, MetaNormμ:9.0980
Validation Loss decreased (0.648564 --> 0.647212). Saving best model...
Epoch  32/50 | Train Loss: 0.6477 Acc: 0.6155 F1: 0.6144 | Val Loss: 0.6852 Acc: 0.5510 F1: 0.4751 | Train Meta: Scaleμ:0.9696, Signal|S|μ:2.6951, Delta|S|μ:2.5240, Delta/Signal:93.65%, Gateμ:-0.4957, Gate0%:0.0, MetaNormμ:9.0980 | Val Meta: Scaleμ:0.9696, Signal|S|μ:2.7950, Delta|S|μ:2.6169, Delta/Signal:93.63%, Gateμ:-0.4957, Gate0%:0.0, MetaNormμ:9.0980
Epoch  33/50 | Train Loss: 0.6475 Acc: 0.6216 F1: 0.6214 | Val Loss: 0.6499 Acc: 0.6391 F1: 0.6197 | Train Meta: Scaleμ:0.9696, Signal|S|μ:2.7920, Delta|S|μ:2.6145, Delta/Signal:93.64%, Gateμ:-0.4957, Gate0%:0.0, MetaNormμ:9.0980 | Val Meta: Scaleμ:0.9696, Signal|S|μ:2.7950, Delta|S|μ:2.6169, Delta/Signal:93.63%, Gateμ:-0.4957, Gate0%:0.0, MetaNormμ:9.0980
Epoch  34/50 | Train Loss: 0.6477 Acc: 0.6112 F1: 0.6089 | Val Loss: 0.6503 Acc: 0.5923 F1: 0.5812 | Train Meta: Scaleμ:0.9696, Signal|S|μ:2.7300, Delta|S|μ:2.5563, Delta/Signal:93.64%, Gateμ:-0.4957, Gate0%:0.0, MetaNormμ:9.0980 | Val Meta: Scaleμ:0.9696, Signal|S|μ:2.7950, Delta|S|μ:2.6169, Delta/Signal:93.63%, Gateμ:-0.4957, Gate0%:0.0, MetaNormμ:9.0980
Epoch  35/50 | Train Loss: 0.6473 Acc: 0.6137 F1: 0.6130 | Val Loss: 0.6547 Acc: 0.5978 F1: 0.5756 | Train Meta: Scaleμ:0.9696, Signal|S|μ:2.7912, Delta|S|μ:2.6137, Delta/Signal:93.64%, Gateμ:-0.4957, Gate0%:0.0, MetaNormμ:9.0980 | Val Meta: Scaleμ:0.9696, Signal|S|μ:2.7950, Delta|S|μ:2.6169, Delta/Signal:93.63%, Gateμ:-0.4957, Gate0%:0.0, MetaNormμ:9.0980
Epoch  36/50 | Train Loss: 0.6463 Acc: 0.6127 F1: 0.6119 | Val Loss: 0.6424 Acc: 0.6171 F1: 0.6148 | Train Meta: Scaleμ:0.9696, Signal|S|μ:2.8802, Delta|S|μ:2.6964, Delta/Signal:93.62%, Gateμ:-0.4957, Gate0%:0.0, MetaNormμ:9.0980 | Val Meta: Scaleμ:0.9696, Signal|S|μ:2.7950, Delta|S|μ:2.6169, Delta/Signal:93.63%, Gateμ:-0.4957, Gate0%:0.0, MetaNormμ:9.0980
Validation Loss decreased (0.647212 --> 0.642372). Saving best model...
Epoch  37/50 | Train Loss: 0.6427 Acc: 0.6241 F1: 0.6234 | Val Loss: 0.6411 Acc: 0.6198 F1: 0.6183 | Train Meta: Scaleμ:0.9696, Signal|S|μ:2.8826, Delta|S|μ:2.6984, Delta/Signal:93.61%, Gateμ:-0.4957, Gate0%:0.0, MetaNormμ:9.0980 | Val Meta: Scaleμ:0.9696, Signal|S|μ:2.7950, Delta|S|μ:2.6169, Delta/Signal:93.63%, Gateμ:-0.4957, Gate0%:0.0, MetaNormμ:9.0980
Validation Loss decreased (0.642372 --> 0.641149). Saving best model...
Epoch  38/50 | Train Loss: 0.6436 Acc: 0.6247 F1: 0.6242 | Val Loss: 0.6412 Acc: 0.6116 F1: 0.6110 | Train Meta: Scaleμ:0.9696, Signal|S|μ:2.8116, Delta|S|μ:2.6330, Delta/Signal:93.65%, Gateμ:-0.4957, Gate0%:0.0, MetaNormμ:9.0980 | Val Meta: Scaleμ:0.9696, Signal|S|μ:2.7950, Delta|S|μ:2.6169, Delta/Signal:93.63%, Gateμ:-0.4957, Gate0%:0.0, MetaNormμ:9.0980
Epoch  39/50 | Train Loss: 0.6375 Acc: 0.6308 F1: 0.6303 | Val Loss: 0.6489 Acc: 0.6309 F1: 0.5999 | Train Meta: Scaleμ:0.9696, Signal|S|μ:2.8221, Delta|S|μ:2.6420, Delta/Signal:93.62%, Gateμ:-0.4957, Gate0%:0.0, MetaNormμ:9.0980 | Val Meta: Scaleμ:0.9696, Signal|S|μ:2.7950, Delta|S|μ:2.6169, Delta/Signal:93.63%, Gateμ:-0.4957, Gate0%:0.0, MetaNormμ:9.0980
Epoch  40/50 | Train Loss: 0.6366 Acc: 0.6373 F1: 0.6366 | Val Loss: 0.6457 Acc: 0.6116 F1: 0.5991 | Train Meta: Scaleμ:0.9696, Signal|S|μ:2.7468, Delta|S|μ:2.5723, Delta/Signal:93.65%, Gateμ:-0.4957, Gate0%:0.0, MetaNormμ:9.0980 | Val Meta: Scaleμ:0.9696, Signal|S|μ:2.7950, Delta|S|μ:2.6169, Delta/Signal:93.63%, Gateμ:-0.4957, Gate0%:0.0, MetaNormμ:9.0980
Epoch  41/50 | Train Loss: 0.6365 Acc: 0.6412 F1: 0.6404 | Val Loss: 0.6418 Acc: 0.6474 F1: 0.6299 | Train Meta: Scaleμ:0.9696, Signal|S|μ:2.7708, Delta|S|μ:2.5948, Delta/Signal:93.65%, Gateμ:-0.4957, Gate0%:0.0, MetaNormμ:9.0980 | Val Meta: Scaleμ:0.9696, Signal|S|μ:2.7950, Delta|S|μ:2.6169, Delta/Signal:93.63%, Gateμ:-0.4957, Gate0%:0.0, MetaNormμ:9.0980
Epoch  42/50 | Train Loss: 0.6329 Acc: 0.6394 F1: 0.6382 | Val Loss: 0.6590 Acc: 0.6006 F1: 0.5633 | Train Meta: Scaleμ:0.9696, Signal|S|μ:2.7033, Delta|S|μ:2.5314, Delta/Signal:93.64%, Gateμ:-0.4957, Gate0%:0.0, MetaNormμ:9.0980 | Val Meta: Scaleμ:0.9696, Signal|S|μ:2.7950, Delta|S|μ:2.6169, Delta/Signal:93.63%, Gateμ:-0.4957, Gate0%:0.0, MetaNormμ:9.0980
Epoch  43/50 | Train Loss: 0.6373 Acc: 0.6324 F1: 0.6321 | Val Loss: 0.6357 Acc: 0.6253 F1: 0.6249 | Train Meta: Scaleμ:0.9696, Signal|S|μ:2.9600, Delta|S|μ:2.7701, Delta/Signal:93.58%, Gateμ:-0.4957, Gate0%:0.0, MetaNormμ:9.0980 | Val Meta: Scaleμ:0.9696, Signal|S|μ:2.7950, Delta|S|μ:2.6169, Delta/Signal:93.63%, Gateμ:-0.4957, Gate0%:0.0, MetaNormμ:9.0980
Validation Loss decreased (0.641149 --> 0.635737). Saving best model...
Epoch  44/50 | Train Loss: 0.6375 Acc: 0.6320 F1: 0.6311 | Val Loss: 0.6371 Acc: 0.6281 F1: 0.6248 | Train Meta: Scaleμ:0.9696, Signal|S|μ:2.8299, Delta|S|μ:2.6491, Delta/Signal:93.61%, Gateμ:-0.4957, Gate0%:0.0, MetaNormμ:9.0980 | Val Meta: Scaleμ:0.9696, Signal|S|μ:2.7950, Delta|S|μ:2.6169, Delta/Signal:93.63%, Gateμ:-0.4957, Gate0%:0.0, MetaNormμ:9.0980
Epoch  45/50 | Train Loss: 0.6376 Acc: 0.6354 F1: 0.6349 | Val Loss: 0.6352 Acc: 0.6501 F1: 0.6434 | Train Meta: Scaleμ:0.9696, Signal|S|μ:2.7976, Delta|S|μ:2.6194, Delta/Signal:93.63%, Gateμ:-0.4957, Gate0%:0.0, MetaNormμ:9.0980 | Val Meta: Scaleμ:0.9696, Signal|S|μ:2.7950, Delta|S|μ:2.6169, Delta/Signal:93.63%, Gateμ:-0.4957, Gate0%:0.0, MetaNormμ:9.0980
Validation Loss decreased (0.635737 --> 0.635247). Saving best model...
Epoch  46/50 | Train Loss: 0.6385 Acc: 0.6265 F1: 0.6259 | Val Loss: 0.6326 Acc: 0.6253 F1: 0.6253 | Train Meta: Scaleμ:0.9696, Signal|S|μ:2.7150, Delta|S|μ:2.5433, Delta/Signal:93.68%, Gateμ:-0.4957, Gate0%:0.0, MetaNormμ:9.0980 | Val Meta: Scaleμ:0.9696, Signal|S|μ:2.7950, Delta|S|μ:2.6169, Delta/Signal:93.63%, Gateμ:-0.4957, Gate0%:0.0, MetaNormμ:9.0980
Validation Loss decreased (0.635247 --> 0.632616). Saving best model...
Epoch  47/50 | Train Loss: 0.6322 Acc: 0.6449 F1: 0.6442 | Val Loss: 0.6322 Acc: 0.6253 F1: 0.6250 | Train Meta: Scaleμ:0.9696, Signal|S|μ:2.8231, Delta|S|μ:2.6433, Delta/Signal:93.63%, Gateμ:-0.4957, Gate0%:0.0, MetaNormμ:9.0980 | Val Meta: Scaleμ:0.9696, Signal|S|μ:2.7950, Delta|S|μ:2.6169, Delta/Signal:93.63%, Gateμ:-0.4957, Gate0%:0.0, MetaNormμ:9.0980
Validation Loss decreased (0.632616 --> 0.632151). Saving best model...
Epoch  48/50 | Train Loss: 0.6301 Acc: 0.6480 F1: 0.6477 | Val Loss: 0.6308 Acc: 0.6226 F1: 0.6225 | Train Meta: Scaleμ:0.9696, Signal|S|μ:2.6540, Delta|S|μ:2.4862, Delta/Signal:93.68%, Gateμ:-0.4957, Gate0%:0.0, MetaNormμ:9.0980 | Val Meta: Scaleμ:0.9696, Signal|S|μ:2.7950, Delta|S|μ:2.6169, Delta/Signal:93.63%, Gateμ:-0.4957, Gate0%:0.0, MetaNormμ:9.0980
Validation Loss decreased (0.632151 --> 0.630769). Saving best model...
Epoch  49/50 | Train Loss: 0.6333 Acc: 0.6363 F1: 0.6357 | Val Loss: 0.6302 Acc: 0.6419 F1: 0.6402 | Train Meta: Scaleμ:0.9696, Signal|S|μ:2.8806, Delta|S|μ:2.6965, Delta/Signal:93.61%, Gateμ:-0.4957, Gate0%:0.0, MetaNormμ:9.0980 | Val Meta: Scaleμ:0.9696, Signal|S|μ:2.7950, Delta|S|μ:2.6169, Delta/Signal:93.63%, Gateμ:-0.4957, Gate0%:0.0, MetaNormμ:9.0980
Validation Loss decreased (0.630769 --> 0.630215). Saving best model...
Epoch  50/50 | Train Loss: 0.6290 Acc: 0.6495 F1: 0.6490 | Val Loss: 0.6357 Acc: 0.6226 F1: 0.6140 | Train Meta: Scaleμ:0.9696, Signal|S|μ:2.9053, Delta|S|μ:2.7193, Delta/Signal:93.60%, Gateμ:-0.4957, Gate0%:0.0, MetaNormμ:9.0980 | Val Meta: Scaleμ:0.9696, Signal|S|μ:2.7950, Delta|S|μ:2.6169, Delta/Signal:93.63%, Gateμ:-0.4957, Gate0%:0.0, MetaNormμ:9.0980

Classification Test Result (FordB)
Accuracy : 0.551852
F1 (macro): 0.541966
Saved attention maps for 3 sample(s) under ./runs/classification_electricity_to_FordB_laya_metadata_query_gate_stats/attention_maps
