nohup: ignoring input
Text metadata preview | dataset=EthanolConcentration | domain=UEA | channels=3
   - channel_1: In the UEA domain, this channel belongs to the EthanolConcentration dataset and represents the feature channel 1.
   - channel_2: In the UEA domain, this channel belongs to the EthanolConcentration dataset and represents the feature channel 2.
   - ... (1 more channel descriptions)
/data/pjh_workspace/ts-env/lib/python3.8/site-packages/torch/nn/modules/transformer.py:307: UserWarning: enable_nested_tensor is True, but self.use_nested_tensor is False because encoder_layer.norm_first was True
  warnings.warn(f"enable_nested_tensor is True, but self.use_nested_tensor is False because {why_not_sparsity_fast_path}")
==================================================
🚀 Architecture: LAYA
📊 Target Dataset: EthanolConcentration (Channels: 3)
📊 Pretrain Info: electricity
📊 Classes: 4 | Sequence Length: 1751
==================================================
✅ Loaded pretrained encoder from ./checkpoints/electricity_laya_mixer_text/laya_ts_electricity_s_best.pt
   - 101/101 keys matched.
✅ Encoder is FROZEN (Linear Probing mode).
📝 metadata: mode=text, fusion=add, relation=none
ℹ️  Metadata Fusion Mode: add
ℹ️  Channel Mixer Relation Mode: none
ℹ️  Encoder Variant: default
ℹ️  Channel Adapter: disabled for Laya downstream (mixer)
ℹ️  Channel Relation Block: disabled
✅ ClassificationHead: [B, 256] → [B, 4]
Epoch   1/50 | Train Loss: 1.3618 Acc: 0.2455 F1: 0.2331 | Val Loss: 1.4099 Acc: 0.1923 F1: 0.1565 | Train Meta: n/a | Val Meta: n/a
Validation Loss decreased (inf --> 1.409869). Saving best model...
Epoch   2/50 | Train Loss: 1.3251 Acc: 0.2634 F1: 0.2266 | Val Loss: 1.3818 Acc: 0.2692 F1: 0.1750 | Train Meta: n/a | Val Meta: n/a
Validation Loss decreased (1.409869 --> 1.381773). Saving best model...
Epoch   3/50 | Train Loss: 1.3259 Acc: 0.2054 F1: 0.1926 | Val Loss: 1.3965 Acc: 0.3077 F1: 0.2534 | Train Meta: n/a | Val Meta: n/a
Epoch   4/50 | Train Loss: 1.3185 Acc: 0.2277 F1: 0.2150 | Val Loss: 1.3862 Acc: 0.3462 F1: 0.2760 | Train Meta: n/a | Val Meta: n/a
Epoch   5/50 | Train Loss: 1.3104 Acc: 0.2679 F1: 0.2142 | Val Loss: 1.4162 Acc: 0.3077 F1: 0.2534 | Train Meta: n/a | Val Meta: n/a
Epoch   6/50 | Train Loss: 1.3150 Acc: 0.2500 F1: 0.2222 | Val Loss: 1.3978 Acc: 0.3077 F1: 0.2406 | Train Meta: n/a | Val Meta: n/a
Epoch   7/50 | Train Loss: 1.3156 Acc: 0.2500 F1: 0.2025 | Val Loss: 1.4071 Acc: 0.3462 F1: 0.2815 | Train Meta: n/a | Val Meta: n/a
Epoch   8/50 | Train Loss: 1.3208 Acc: 0.2902 F1: 0.2305 | Val Loss: 1.4186 Acc: 0.3077 F1: 0.2443 | Train Meta: n/a | Val Meta: n/a
Epoch   9/50 | Train Loss: 1.3255 Acc: 0.2321 F1: 0.2071 | Val Loss: 1.3967 Acc: 0.2692 F1: 0.2048 | Train Meta: n/a | Val Meta: n/a
Epoch  10/50 | Train Loss: 1.3114 Acc: 0.3304 F1: 0.3071 | Val Loss: 1.4442 Acc: 0.3077 F1: 0.2587 | Train Meta: n/a | Val Meta: n/a
Epoch  11/50 | Train Loss: 1.3003 Acc: 0.3125 F1: 0.2583 | Val Loss: 1.3653 Acc: 0.3462 F1: 0.2045 | Train Meta: n/a | Val Meta: n/a
Validation Loss decreased (1.381773 --> 1.365308). Saving best model...
Epoch  12/50 | Train Loss: 1.2903 Acc: 0.3125 F1: 0.2586 | Val Loss: 1.4181 Acc: 0.3077 F1: 0.2497 | Train Meta: n/a | Val Meta: n/a
Epoch  13/50 | Train Loss: 1.2987 Acc: 0.3125 F1: 0.2780 | Val Loss: 1.3726 Acc: 0.3462 F1: 0.2000 | Train Meta: n/a | Val Meta: n/a
Epoch  14/50 | Train Loss: 1.3040 Acc: 0.2812 F1: 0.2524 | Val Loss: 1.4180 Acc: 0.1923 F1: 0.1699 | Train Meta: n/a | Val Meta: n/a
Epoch  15/50 | Train Loss: 1.2965 Acc: 0.3036 F1: 0.2730 | Val Loss: 1.3753 Acc: 0.3462 F1: 0.2045 | Train Meta: n/a | Val Meta: n/a
Epoch  16/50 | Train Loss: 1.3072 Acc: 0.2277 F1: 0.2310 | Val Loss: 1.4510 Acc: 0.1154 F1: 0.0774 | Train Meta: n/a | Val Meta: n/a
Epoch  17/50 | Train Loss: 1.3059 Acc: 0.2768 F1: 0.2122 | Val Loss: 1.3806 Acc: 0.3846 F1: 0.2902 | Train Meta: n/a | Val Meta: n/a
Epoch  18/50 | Train Loss: 1.2927 Acc: 0.2991 F1: 0.2511 | Val Loss: 1.3992 Acc: 0.3077 F1: 0.2474 | Train Meta: n/a | Val Meta: n/a
Epoch  19/50 | Train Loss: 1.2990 Acc: 0.2321 F1: 0.1955 | Val Loss: 1.3768 Acc: 0.3462 F1: 0.2100 | Train Meta: n/a | Val Meta: n/a
Epoch  20/50 | Train Loss: 1.3154 Acc: 0.2946 F1: 0.2362 | Val Loss: 1.4256 Acc: 0.2692 F1: 0.1802 | Train Meta: n/a | Val Meta: n/a
Epoch  21/50 | Train Loss: 1.2921 Acc: 0.2277 F1: 0.1942 | Val Loss: 1.3892 Acc: 0.3462 F1: 0.2739 | Train Meta: n/a | Val Meta: n/a
Epoch  22/50 | Train Loss: 1.2820 Acc: 0.3304 F1: 0.2614 | Val Loss: 1.3725 Acc: 0.3846 F1: 0.2257 | Train Meta: n/a | Val Meta: n/a
Epoch  23/50 | Train Loss: 1.2983 Acc: 0.2812 F1: 0.2156 | Val Loss: 1.4355 Acc: 0.1923 F1: 0.1561 | Train Meta: n/a | Val Meta: n/a
Epoch  24/50 | Train Loss: 1.2969 Acc: 0.2812 F1: 0.2316 | Val Loss: 1.4199 Acc: 0.1923 F1: 0.1719 | Train Meta: n/a | Val Meta: n/a
Epoch  25/50 | Train Loss: 1.2813 Acc: 0.2946 F1: 0.2564 | Val Loss: 1.3875 Acc: 0.3077 F1: 0.1969 | Train Meta: n/a | Val Meta: n/a
Epoch  26/50 | Train Loss: 1.2785 Acc: 0.2991 F1: 0.2709 | Val Loss: 1.4028 Acc: 0.3077 F1: 0.2414 | Train Meta: n/a | Val Meta: n/a
Epoch  27/50 | Train Loss: 1.2867 Acc: 0.2768 F1: 0.2333 | Val Loss: 1.4072 Acc: 0.3077 F1: 0.2470 | Train Meta: n/a | Val Meta: n/a
Epoch  28/50 | Train Loss: 1.2800 Acc: 0.2902 F1: 0.2841 | Val Loss: 1.3859 Acc: 0.3846 F1: 0.2942 | Train Meta: n/a | Val Meta: n/a
Epoch  29/50 | Train Loss: 1.2829 Acc: 0.3482 F1: 0.2994 | Val Loss: 1.3991 Acc: 0.3462 F1: 0.2738 | Train Meta: n/a | Val Meta: n/a
Epoch  30/50 | Train Loss: 1.2860 Acc: 0.2902 F1: 0.2739 | Val Loss: 1.3629 Acc: 0.3462 F1: 0.2000 | Train Meta: n/a | Val Meta: n/a
Validation Loss decreased (1.365308 --> 1.362888). Saving best model...
Epoch  31/50 | Train Loss: 1.2723 Acc: 0.3438 F1: 0.2696 | Val Loss: 1.3981 Acc: 0.3462 F1: 0.2528 | Train Meta: n/a | Val Meta: n/a
Epoch  32/50 | Train Loss: 1.2825 Acc: 0.2857 F1: 0.2485 | Val Loss: 1.4056 Acc: 0.1923 F1: 0.1250 | Train Meta: n/a | Val Meta: n/a
Epoch  33/50 | Train Loss: 1.2814 Acc: 0.3080 F1: 0.2496 | Val Loss: 1.3768 Acc: 0.3462 F1: 0.2054 | Train Meta: n/a | Val Meta: n/a
Epoch  34/50 | Train Loss: 1.2712 Acc: 0.3125 F1: 0.2565 | Val Loss: 1.4168 Acc: 0.2692 F1: 0.1750 | Train Meta: n/a | Val Meta: n/a
Epoch  35/50 | Train Loss: 1.2841 Acc: 0.2768 F1: 0.2463 | Val Loss: 1.4042 Acc: 0.2308 F1: 0.1915 | Train Meta: n/a | Val Meta: n/a
Epoch  36/50 | Train Loss: 1.2788 Acc: 0.3036 F1: 0.2857 | Val Loss: 1.3863 Acc: 0.3077 F1: 0.2349 | Train Meta: n/a | Val Meta: n/a
Epoch  37/50 | Train Loss: 1.2740 Acc: 0.3080 F1: 0.2896 | Val Loss: 1.4047 Acc: 0.1923 F1: 0.1706 | Train Meta: n/a | Val Meta: n/a
Epoch  38/50 | Train Loss: 1.2985 Acc: 0.2991 F1: 0.2336 | Val Loss: 1.4038 Acc: 0.2308 F1: 0.1607 | Train Meta: n/a | Val Meta: n/a
Epoch  39/50 | Train Loss: 1.2812 Acc: 0.2679 F1: 0.1878 | Val Loss: 1.4002 Acc: 0.2308 F1: 0.1603 | Train Meta: n/a | Val Meta: n/a
Epoch  40/50 | Train Loss: 1.2735 Acc: 0.3036 F1: 0.2688 | Val Loss: 1.3733 Acc: 0.3462 F1: 0.2472 | Train Meta: n/a | Val Meta: n/a
Epoch  41/50 | Train Loss: 1.2630 Acc: 0.3259 F1: 0.3028 | Val Loss: 1.4150 Acc: 0.1538 F1: 0.1512 | Train Meta: n/a | Val Meta: n/a
Epoch  42/50 | Train Loss: 1.2818 Acc: 0.3170 F1: 0.2907 | Val Loss: 1.3899 Acc: 0.3462 F1: 0.2798 | Train Meta: n/a | Val Meta: n/a
Epoch  43/50 | Train Loss: 1.2750 Acc: 0.3214 F1: 0.2806 | Val Loss: 1.4170 Acc: 0.1923 F1: 0.1623 | Train Meta: n/a | Val Meta: n/a
Epoch  44/50 | Train Loss: 1.2946 Acc: 0.2455 F1: 0.2053 | Val Loss: 1.3797 Acc: 0.3462 F1: 0.2574 | Train Meta: n/a | Val Meta: n/a
Epoch  45/50 | Train Loss: 1.2738 Acc: 0.3259 F1: 0.2537 | Val Loss: 1.3867 Acc: 0.3846 F1: 0.2315 | Train Meta: n/a | Val Meta: n/a
Epoch  46/50 | Train Loss: 1.2600 Acc: 0.2946 F1: 0.2600 | Val Loss: 1.3749 Acc: 0.2692 F1: 0.2158 | Train Meta: n/a | Val Meta: n/a
Epoch  47/50 | Train Loss: 1.2777 Acc: 0.2768 F1: 0.2562 | Val Loss: 1.3774 Acc: 0.3077 F1: 0.2525 | Train Meta: n/a | Val Meta: n/a
Epoch  48/50 | Train Loss: 1.2741 Acc: 0.3170 F1: 0.2504 | Val Loss: 1.4055 Acc: 0.1923 F1: 0.1615 | Train Meta: n/a | Val Meta: n/a
Epoch  49/50 | Train Loss: 1.2683 Acc: 0.3571 F1: 0.2906 | Val Loss: 1.4291 Acc: 0.1538 F1: 0.1371 | Train Meta: n/a | Val Meta: n/a
Epoch  50/50 | Train Loss: 1.2900 Acc: 0.3170 F1: 0.2976 | Val Loss: 1.3762 Acc: 0.4231 F1: 0.3210 | Train Meta: n/a | Val Meta: n/a

Classification Test Result (EthanolConcentration)
Accuracy : 0.300380
F1 (macro): 0.240336
Saved attention maps for 3 sample(s) under ./runs/classification_electricity_to_EthanolConcentration_laya_mixer_text/attention_maps
Text metadata preview | dataset=FaceDetection | domain=UEA | channels=144
   - channel_1: In the UEA domain, this channel belongs to the FaceDetection dataset and represents the feature channel 1.
   - channel_2: In the UEA domain, this channel belongs to the FaceDetection dataset and represents the feature channel 2.
   - ... (142 more channel descriptions)
/data/pjh_workspace/ts-env/lib/python3.8/site-packages/torch/nn/modules/transformer.py:307: UserWarning: enable_nested_tensor is True, but self.use_nested_tensor is False because encoder_layer.norm_first was True
  warnings.warn(f"enable_nested_tensor is True, but self.use_nested_tensor is False because {why_not_sparsity_fast_path}")
==================================================
🚀 Architecture: LAYA
📊 Target Dataset: FaceDetection (Channels: 144)
📊 Pretrain Info: electricity
📊 Classes: 2 | Sequence Length: 62
==================================================
✅ Loaded pretrained encoder from ./checkpoints/electricity_laya_mixer_text/laya_ts_electricity_s_best.pt
   - 101/101 keys matched.
✅ Encoder is FROZEN (Linear Probing mode).
📝 metadata: mode=text, fusion=add, relation=none
ℹ️  Metadata Fusion Mode: add
ℹ️  Channel Mixer Relation Mode: none
ℹ️  Encoder Variant: default
ℹ️  Channel Adapter: disabled for Laya downstream (mixer)
ℹ️  Channel Relation Block: disabled
✅ ClassificationHead: [B, 256] → [B, 2]
Epoch   1/50 | Train Loss: 0.7041 Acc: 0.5021 F1: 0.5017 | Val Loss: 0.6996 Acc: 0.5144 F1: 0.3518 | Train Meta: n/a | Val Meta: n/a
Validation Loss decreased (inf --> 0.699565). Saving best model...
Epoch   2/50 | Train Loss: 0.6975 Acc: 0.5123 F1: 0.5119 | Val Loss: 0.6953 Acc: 0.5127 F1: 0.3596 | Train Meta: n/a | Val Meta: n/a
Validation Loss decreased (0.699565 --> 0.695338). Saving best model...
Epoch   3/50 | Train Loss: 0.7000 Acc: 0.5138 F1: 0.5137 | Val Loss: 0.7145 Acc: 0.4805 F1: 0.3245 | Train Meta: n/a | Val Meta: n/a
Epoch   4/50 | Train Loss: 0.6992 Acc: 0.5134 F1: 0.5132 | Val Loss: 0.6889 Acc: 0.5518 F1: 0.5431 | Train Meta: n/a | Val Meta: n/a
Validation Loss decreased (0.695338 --> 0.688912). Saving best model...
Epoch   5/50 | Train Loss: 0.6958 Acc: 0.5223 F1: 0.5223 | Val Loss: 0.6906 Acc: 0.5195 F1: 0.3917 | Train Meta: n/a | Val Meta: n/a
Epoch   6/50 | Train Loss: 0.6947 Acc: 0.5211 F1: 0.5211 | Val Loss: 0.6940 Acc: 0.5212 F1: 0.4676 | Train Meta: n/a | Val Meta: n/a
Epoch   7/50 | Train Loss: 0.6972 Acc: 0.5242 F1: 0.5239 | Val Loss: 0.6889 Acc: 0.5297 F1: 0.4502 | Train Meta: n/a | Val Meta: n/a
Validation Loss decreased (0.688912 --> 0.688864). Saving best model...
Epoch   8/50 | Train Loss: 0.6948 Acc: 0.5262 F1: 0.5262 | Val Loss: 0.6921 Acc: 0.5178 F1: 0.4000 | Train Meta: n/a | Val Meta: n/a
Epoch   9/50 | Train Loss: 0.6936 Acc: 0.5234 F1: 0.5232 | Val Loss: 0.6887 Acc: 0.5450 F1: 0.5418 | Train Meta: n/a | Val Meta: n/a
Validation Loss decreased (0.688864 --> 0.688670). Saving best model...
Epoch  10/50 | Train Loss: 0.6914 Acc: 0.5346 F1: 0.5344 | Val Loss: 0.6890 Acc: 0.5501 F1: 0.5278 | Train Meta: n/a | Val Meta: n/a
Epoch  11/50 | Train Loss: 0.6966 Acc: 0.5281 F1: 0.5281 | Val Loss: 0.6880 Acc: 0.5484 F1: 0.5435 | Train Meta: n/a | Val Meta: n/a
Validation Loss decreased (0.688670 --> 0.687961). Saving best model...
Epoch  12/50 | Train Loss: 0.6928 Acc: 0.5262 F1: 0.5262 | Val Loss: 0.7091 Acc: 0.4737 F1: 0.3426 | Train Meta: n/a | Val Meta: n/a
Epoch  13/50 | Train Loss: 0.6953 Acc: 0.5306 F1: 0.5306 | Val Loss: 0.6868 Acc: 0.5518 F1: 0.5516 | Train Meta: n/a | Val Meta: n/a
Validation Loss decreased (0.687961 --> 0.686818). Saving best model...
Epoch  14/50 | Train Loss: 0.6950 Acc: 0.5281 F1: 0.5281 | Val Loss: 0.6869 Acc: 0.5552 F1: 0.5515 | Train Meta: n/a | Val Meta: n/a
Epoch  15/50 | Train Loss: 0.6906 Acc: 0.5321 F1: 0.5321 | Val Loss: 0.6972 Acc: 0.5178 F1: 0.3809 | Train Meta: n/a | Val Meta: n/a
Epoch  16/50 | Train Loss: 0.6918 Acc: 0.5346 F1: 0.5345 | Val Loss: 0.7139 Acc: 0.4720 F1: 0.3315 | Train Meta: n/a | Val Meta: n/a
Epoch  17/50 | Train Loss: 0.6899 Acc: 0.5387 F1: 0.5386 | Val Loss: 0.6857 Acc: 0.5535 F1: 0.5313 | Train Meta: n/a | Val Meta: n/a
Validation Loss decreased (0.686818 --> 0.685703). Saving best model...
Epoch  18/50 | Train Loss: 0.6899 Acc: 0.5298 F1: 0.5298 | Val Loss: 0.6882 Acc: 0.5416 F1: 0.5416 | Train Meta: n/a | Val Meta: n/a
Epoch  19/50 | Train Loss: 0.6896 Acc: 0.5385 F1: 0.5381 | Val Loss: 0.6964 Acc: 0.5280 F1: 0.4712 | Train Meta: n/a | Val Meta: n/a
Epoch  20/50 | Train Loss: 0.6892 Acc: 0.5351 F1: 0.5351 | Val Loss: 0.6858 Acc: 0.5586 F1: 0.5487 | Train Meta: n/a | Val Meta: n/a
Epoch  21/50 | Train Loss: 0.6905 Acc: 0.5323 F1: 0.5321 | Val Loss: 0.6906 Acc: 0.5382 F1: 0.4377 | Train Meta: n/a | Val Meta: n/a
Epoch  22/50 | Train Loss: 0.6904 Acc: 0.5317 F1: 0.5317 | Val Loss: 0.6917 Acc: 0.5399 F1: 0.5123 | Train Meta: n/a | Val Meta: n/a
Epoch  23/50 | Train Loss: 0.6904 Acc: 0.5374 F1: 0.5367 | Val Loss: 0.6858 Acc: 0.5586 F1: 0.5398 | Train Meta: n/a | Val Meta: n/a
Epoch  24/50 | Train Loss: 0.6892 Acc: 0.5349 F1: 0.5346 | Val Loss: 0.7207 Acc: 0.5161 F1: 0.3404 | Train Meta: n/a | Val Meta: n/a
Epoch  25/50 | Train Loss: 0.6896 Acc: 0.5334 F1: 0.5334 | Val Loss: 0.7023 Acc: 0.5195 F1: 0.4480 | Train Meta: n/a | Val Meta: n/a
Epoch  26/50 | Train Loss: 0.6904 Acc: 0.5395 F1: 0.5395 | Val Loss: 0.6864 Acc: 0.5535 F1: 0.5373 | Train Meta: n/a | Val Meta: n/a
Epoch  27/50 | Train Loss: 0.6882 Acc: 0.5381 F1: 0.5380 | Val Loss: 0.7036 Acc: 0.4992 F1: 0.4072 | Train Meta: n/a | Val Meta: n/a
Epoch  28/50 | Train Loss: 0.6878 Acc: 0.5389 F1: 0.5387 | Val Loss: 0.6908 Acc: 0.5416 F1: 0.4476 | Train Meta: n/a | Val Meta: n/a
Epoch  29/50 | Train Loss: 0.6872 Acc: 0.5438 F1: 0.5438 | Val Loss: 0.7130 Acc: 0.4873 F1: 0.3644 | Train Meta: n/a | Val Meta: n/a
Epoch  30/50 | Train Loss: 0.6886 Acc: 0.5470 F1: 0.5469 | Val Loss: 0.6941 Acc: 0.5161 F1: 0.4776 | Train Meta: n/a | Val Meta: n/a
Epoch  31/50 | Train Loss: 0.6878 Acc: 0.5461 F1: 0.5461 | Val Loss: 0.6888 Acc: 0.5467 F1: 0.5022 | Train Meta: n/a | Val Meta: n/a
Epoch  32/50 | Train Loss: 0.6896 Acc: 0.5368 F1: 0.5367 | Val Loss: 0.6875 Acc: 0.5450 F1: 0.5450 | Train Meta: n/a | Val Meta: n/a
Epoch  33/50 | Train Loss: 0.6863 Acc: 0.5495 F1: 0.5492 | Val Loss: 0.6899 Acc: 0.5365 F1: 0.5249 | Train Meta: n/a | Val Meta: n/a
Epoch  34/50 | Train Loss: 0.6862 Acc: 0.5487 F1: 0.5486 | Val Loss: 0.6931 Acc: 0.5280 F1: 0.4967 | Train Meta: n/a | Val Meta: n/a
Epoch  35/50 | Train Loss: 0.6853 Acc: 0.5448 F1: 0.5445 | Val Loss: 0.6873 Acc: 0.5501 F1: 0.5463 | Train Meta: n/a | Val Meta: n/a
Epoch  36/50 | Train Loss: 0.6861 Acc: 0.5446 F1: 0.5443 | Val Loss: 0.6875 Acc: 0.5552 F1: 0.5550 | Train Meta: n/a | Val Meta: n/a
Epoch  37/50 | Train Loss: 0.6865 Acc: 0.5434 F1: 0.5434 | Val Loss: 0.6917 Acc: 0.5297 F1: 0.4303 | Train Meta: n/a | Val Meta: n/a
Epoch  38/50 | Train Loss: 0.6855 Acc: 0.5542 F1: 0.5542 | Val Loss: 0.6873 Acc: 0.5467 F1: 0.5459 | Train Meta: n/a | Val Meta: n/a
Epoch  39/50 | Train Loss: 0.6863 Acc: 0.5378 F1: 0.5375 | Val Loss: 0.6876 Acc: 0.5484 F1: 0.5089 | Train Meta: n/a | Val Meta: n/a
Epoch  40/50 | Train Loss: 0.6866 Acc: 0.5423 F1: 0.5423 | Val Loss: 0.6883 Acc: 0.5484 F1: 0.5462 | Train Meta: n/a | Val Meta: n/a
Epoch  41/50 | Train Loss: 0.6857 Acc: 0.5527 F1: 0.5527 | Val Loss: 0.6857 Acc: 0.5382 F1: 0.5318 | Train Meta: n/a | Val Meta: n/a
Epoch  42/50 | Train Loss: 0.6850 Acc: 0.5404 F1: 0.5403 | Val Loss: 0.6862 Acc: 0.5399 F1: 0.5321 | Train Meta: n/a | Val Meta: n/a
Epoch  43/50 | Train Loss: 0.6837 Acc: 0.5498 F1: 0.5496 | Val Loss: 0.6861 Acc: 0.5365 F1: 0.5295 | Train Meta: n/a | Val Meta: n/a
Epoch  44/50 | Train Loss: 0.6846 Acc: 0.5457 F1: 0.5457 | Val Loss: 0.6892 Acc: 0.5467 F1: 0.4953 | Train Meta: n/a | Val Meta: n/a
Epoch  45/50 | Train Loss: 0.6838 Acc: 0.5512 F1: 0.5512 | Val Loss: 0.6880 Acc: 0.5518 F1: 0.5062 | Train Meta: n/a | Val Meta: n/a
Epoch  46/50 | Train Loss: 0.6839 Acc: 0.5481 F1: 0.5481 | Val Loss: 0.6870 Acc: 0.5450 F1: 0.5437 | Train Meta: n/a | Val Meta: n/a
Epoch  47/50 | Train Loss: 0.6855 Acc: 0.5436 F1: 0.5436 | Val Loss: 0.7013 Acc: 0.5093 F1: 0.4439 | Train Meta: n/a | Val Meta: n/a
Epoch  48/50 | Train Loss: 0.6852 Acc: 0.5497 F1: 0.5495 | Val Loss: 0.6958 Acc: 0.5127 F1: 0.4718 | Train Meta: n/a | Val Meta: n/a
Epoch  49/50 | Train Loss: 0.6864 Acc: 0.5432 F1: 0.5429 | Val Loss: 0.6904 Acc: 0.5246 F1: 0.5198 | Train Meta: n/a | Val Meta: n/a
Epoch  50/50 | Train Loss: 0.6845 Acc: 0.5493 F1: 0.5491 | Val Loss: 0.6905 Acc: 0.5365 F1: 0.4614 | Train Meta: n/a | Val Meta: n/a

Classification Test Result (FaceDetection)
Accuracy : 0.530931
F1 (macro): 0.514672
Saved attention maps for 3 sample(s) under ./runs/classification_electricity_to_FaceDetection_laya_mixer_text/attention_maps
Text metadata preview | dataset=Handwriting | domain=UEA | channels=3
   - channel_1: In the UEA domain, this channel belongs to the Handwriting dataset and represents the feature channel 1.
   - channel_2: In the UEA domain, this channel belongs to the Handwriting dataset and represents the feature channel 2.
   - ... (1 more channel descriptions)
/data/pjh_workspace/ts-env/lib/python3.8/site-packages/torch/nn/modules/transformer.py:307: UserWarning: enable_nested_tensor is True, but self.use_nested_tensor is False because encoder_layer.norm_first was True
  warnings.warn(f"enable_nested_tensor is True, but self.use_nested_tensor is False because {why_not_sparsity_fast_path}")
==================================================
🚀 Architecture: LAYA
📊 Target Dataset: Handwriting (Channels: 3)
📊 Pretrain Info: electricity
📊 Classes: 26 | Sequence Length: 152
==================================================
✅ Loaded pretrained encoder from ./checkpoints/electricity_laya_mixer_text/laya_ts_electricity_s_best.pt
   - 101/101 keys matched.
✅ Encoder is FROZEN (Linear Probing mode).
📝 metadata: mode=text, fusion=add, relation=none
ℹ️  Metadata Fusion Mode: add
ℹ️  Channel Mixer Relation Mode: none
ℹ️  Encoder Variant: default
ℹ️  Channel Adapter: disabled for Laya downstream (mixer)
ℹ️  Channel Relation Block: disabled
✅ ClassificationHead: [B, 256] → [B, 26]
Epoch   1/50 | Train Loss: 3.2170 Acc: 0.0312 F1: 0.0085 | Val Loss: 3.4843 Acc: 0.0000 F1: 0.0000 | Train Meta: n/a | Val Meta: n/a
Validation Loss decreased (inf --> 3.484257). Saving best model...
Epoch   2/50 | Train Loss: 3.0526 Acc: 0.0547 F1: 0.0078 | Val Loss: 3.4347 Acc: 0.0667 F1: 0.0110 | Train Meta: n/a | Val Meta: n/a
Validation Loss decreased (3.484257 --> 3.434680). Saving best model...
Epoch   3/50 | Train Loss: 3.0395 Acc: 0.0625 F1: 0.0085 | Val Loss: 3.4401 Acc: 0.0000 F1: 0.0000 | Train Meta: n/a | Val Meta: n/a
Epoch   4/50 | Train Loss: 3.0291 Acc: 0.0938 F1: 0.0125 | Val Loss: 3.3567 Acc: 0.0667 F1: 0.0118 | Train Meta: n/a | Val Meta: n/a
Validation Loss decreased (3.434680 --> 3.356733). Saving best model...
Epoch   5/50 | Train Loss: 3.0293 Acc: 0.0547 F1: 0.0051 | Val Loss: 3.3582 Acc: 0.0667 F1: 0.0171 | Train Meta: n/a | Val Meta: n/a
Epoch   6/50 | Train Loss: 3.0064 Acc: 0.0781 F1: 0.0106 | Val Loss: 3.3752 Acc: 0.0667 F1: 0.0111 | Train Meta: n/a | Val Meta: n/a
Epoch   7/50 | Train Loss: 2.9990 Acc: 0.0859 F1: 0.0127 | Val Loss: 3.3952 Acc: 0.0667 F1: 0.0119 | Train Meta: n/a | Val Meta: n/a
Epoch   8/50 | Train Loss: 3.0138 Acc: 0.0547 F1: 0.0145 | Val Loss: 3.3686 Acc: 0.0667 F1: 0.0220 | Train Meta: n/a | Val Meta: n/a
Epoch   9/50 | Train Loss: 2.9613 Acc: 0.0938 F1: 0.0256 | Val Loss: 3.4296 Acc: 0.0000 F1: 0.0000 | Train Meta: n/a | Val Meta: n/a
Epoch  10/50 | Train Loss: 2.9811 Acc: 0.0938 F1: 0.0137 | Val Loss: 3.4938 Acc: 0.0667 F1: 0.0130 | Train Meta: n/a | Val Meta: n/a
Epoch  11/50 | Train Loss: 2.9751 Acc: 0.0938 F1: 0.0143 | Val Loss: 3.4833 Acc: 0.0667 F1: 0.0110 | Train Meta: n/a | Val Meta: n/a
Epoch  12/50 | Train Loss: 2.9530 Acc: 0.0859 F1: 0.0122 | Val Loss: 3.3916 Acc: 0.1333 F1: 0.0675 | Train Meta: n/a | Val Meta: n/a
Epoch  13/50 | Train Loss: 2.9697 Acc: 0.0859 F1: 0.0108 | Val Loss: 3.4101 Acc: 0.1333 F1: 0.0391 | Train Meta: n/a | Val Meta: n/a
Epoch  14/50 | Train Loss: 2.9562 Acc: 0.1250 F1: 0.0240 | Val Loss: 3.3994 Acc: 0.0667 F1: 0.0238 | Train Meta: n/a | Val Meta: n/a
Epoch  15/50 | Train Loss: 2.9254 Acc: 0.1016 F1: 0.0177 | Val Loss: 3.3959 Acc: 0.1333 F1: 0.0524 | Train Meta: n/a | Val Meta: n/a
Epoch  16/50 | Train Loss: 2.9483 Acc: 0.0781 F1: 0.0129 | Val Loss: 3.4229 Acc: 0.0000 F1: 0.0000 | Train Meta: n/a | Val Meta: n/a
Epoch  17/50 | Train Loss: 2.9477 Acc: 0.1250 F1: 0.0294 | Val Loss: 3.4495 Acc: 0.0667 F1: 0.0204 | Train Meta: n/a | Val Meta: n/a
Epoch  18/50 | Train Loss: 2.9229 Acc: 0.1250 F1: 0.0230 | Val Loss: 3.4292 Acc: 0.1333 F1: 0.0479 | Train Meta: n/a | Val Meta: n/a
Epoch  19/50 | Train Loss: 2.9319 Acc: 0.1328 F1: 0.0230 | Val Loss: 3.3670 Acc: 0.1333 F1: 0.0524 | Train Meta: n/a | Val Meta: n/a
Epoch  20/50 | Train Loss: 2.9303 Acc: 0.1016 F1: 0.0192 | Val Loss: 3.4112 Acc: 0.0667 F1: 0.0192 | Train Meta: n/a | Val Meta: n/a
Epoch  21/50 | Train Loss: 2.9053 Acc: 0.1641 F1: 0.0391 | Val Loss: 3.4204 Acc: 0.0667 F1: 0.0357 | Train Meta: n/a | Val Meta: n/a
Epoch  22/50 | Train Loss: 2.9113 Acc: 0.1406 F1: 0.0378 | Val Loss: 3.4208 Acc: 0.0667 F1: 0.0476 | Train Meta: n/a | Val Meta: n/a
Epoch  23/50 | Train Loss: 2.9089 Acc: 0.1250 F1: 0.0317 | Val Loss: 3.4516 Acc: 0.0000 F1: 0.0000 | Train Meta: n/a | Val Meta: n/a
Epoch  24/50 | Train Loss: 2.9025 Acc: 0.1406 F1: 0.0502 | Val Loss: 3.4272 Acc: 0.0667 F1: 0.0143 | Train Meta: n/a | Val Meta: n/a
Epoch  25/50 | Train Loss: 2.8996 Acc: 0.1250 F1: 0.0314 | Val Loss: 3.4084 Acc: 0.0667 F1: 0.0238 | Train Meta: n/a | Val Meta: n/a
Epoch  26/50 | Train Loss: 2.8917 Acc: 0.1562 F1: 0.0571 | Val Loss: 3.4727 Acc: 0.1333 F1: 0.0440 | Train Meta: n/a | Val Meta: n/a
Epoch  27/50 | Train Loss: 2.9069 Acc: 0.1016 F1: 0.0213 | Val Loss: 3.4727 Acc: 0.0000 F1: 0.0000 | Train Meta: n/a | Val Meta: n/a
Epoch  28/50 | Train Loss: 2.8780 Acc: 0.1406 F1: 0.0437 | Val Loss: 3.4708 Acc: 0.0667 F1: 0.0130 | Train Meta: n/a | Val Meta: n/a
Epoch  29/50 | Train Loss: 2.8572 Acc: 0.1562 F1: 0.0618 | Val Loss: 3.4643 Acc: 0.0667 F1: 0.0192 | Train Meta: n/a | Val Meta: n/a
Epoch  30/50 | Train Loss: 2.8547 Acc: 0.1328 F1: 0.0391 | Val Loss: 3.5000 Acc: 0.1333 F1: 0.0464 | Train Meta: n/a | Val Meta: n/a
Epoch  31/50 | Train Loss: 2.8592 Acc: 0.1562 F1: 0.0363 | Val Loss: 3.4619 Acc: 0.0667 F1: 0.0385 | Train Meta: n/a | Val Meta: n/a
Epoch  32/50 | Train Loss: 2.8498 Acc: 0.1484 F1: 0.0396 | Val Loss: 3.4705 Acc: 0.0000 F1: 0.0000 | Train Meta: n/a | Val Meta: n/a
Epoch  33/50 | Train Loss: 2.8372 Acc: 0.1250 F1: 0.0417 | Val Loss: 3.4544 Acc: 0.0000 F1: 0.0000 | Train Meta: n/a | Val Meta: n/a
Epoch  34/50 | Train Loss: 2.8376 Acc: 0.1719 F1: 0.0559 | Val Loss: 3.4597 Acc: 0.0667 F1: 0.0308 | Train Meta: n/a | Val Meta: n/a
Epoch  35/50 | Train Loss: 2.8350 Acc: 0.1406 F1: 0.0379 | Val Loss: 3.4946 Acc: 0.0667 F1: 0.0204 | Train Meta: n/a | Val Meta: n/a
Epoch  36/50 | Train Loss: 2.8386 Acc: 0.1172 F1: 0.0258 | Val Loss: 3.5360 Acc: 0.0667 F1: 0.0171 | Train Meta: n/a | Val Meta: n/a
Epoch  37/50 | Train Loss: 2.8239 Acc: 0.1328 F1: 0.0336 | Val Loss: 3.5050 Acc: 0.1333 F1: 0.0479 | Train Meta: n/a | Val Meta: n/a
Epoch  38/50 | Train Loss: 2.8052 Acc: 0.1484 F1: 0.0423 | Val Loss: 3.4871 Acc: 0.0667 F1: 0.0140 | Train Meta: n/a | Val Meta: n/a
Epoch  39/50 | Train Loss: 2.8170 Acc: 0.1328 F1: 0.0365 | Val Loss: 3.4577 Acc: 0.0000 F1: 0.0000 | Train Meta: n/a | Val Meta: n/a
Epoch  40/50 | Train Loss: 2.7943 Acc: 0.1797 F1: 0.0560 | Val Loss: 3.5681 Acc: 0.0667 F1: 0.0238 | Train Meta: n/a | Val Meta: n/a
Epoch  41/50 | Train Loss: 2.8287 Acc: 0.1484 F1: 0.0615 | Val Loss: 3.5160 Acc: 0.0000 F1: 0.0000 | Train Meta: n/a | Val Meta: n/a
Epoch  42/50 | Train Loss: 2.7847 Acc: 0.1719 F1: 0.0691 | Val Loss: 3.4817 Acc: 0.1333 F1: 0.0500 | Train Meta: n/a | Val Meta: n/a
Epoch  43/50 | Train Loss: 2.7920 Acc: 0.1719 F1: 0.0685 | Val Loss: 3.4694 Acc: 0.1333 F1: 0.0440 | Train Meta: n/a | Val Meta: n/a
Epoch  44/50 | Train Loss: 2.7829 Acc: 0.1719 F1: 0.0814 | Val Loss: 3.5097 Acc: 0.0667 F1: 0.0179 | Train Meta: n/a | Val Meta: n/a
Epoch  45/50 | Train Loss: 2.7594 Acc: 0.1875 F1: 0.0593 | Val Loss: 3.5020 Acc: 0.0667 F1: 0.0204 | Train Meta: n/a | Val Meta: n/a
Epoch  46/50 | Train Loss: 2.7669 Acc: 0.1641 F1: 0.0714 | Val Loss: 3.5113 Acc: 0.0667 F1: 0.0357 | Train Meta: n/a | Val Meta: n/a
Epoch  47/50 | Train Loss: 2.7741 Acc: 0.1719 F1: 0.0496 | Val Loss: 3.5334 Acc: 0.0667 F1: 0.0308 | Train Meta: n/a | Val Meta: n/a
Epoch  48/50 | Train Loss: 2.7579 Acc: 0.1953 F1: 0.0848 | Val Loss: 3.5197 Acc: 0.0667 F1: 0.0204 | Train Meta: n/a | Val Meta: n/a
Epoch  49/50 | Train Loss: 2.7505 Acc: 0.1562 F1: 0.0459 | Val Loss: 3.4891 Acc: 0.0667 F1: 0.0220 | Train Meta: n/a | Val Meta: n/a
Epoch  50/50 | Train Loss: 2.7541 Acc: 0.1719 F1: 0.0877 | Val Loss: 3.4889 Acc: 0.0667 F1: 0.0222 | Train Meta: n/a | Val Meta: n/a

Classification Test Result (Handwriting)
Accuracy : 0.054118
F1 (macro): 0.007659
Saved attention maps for 3 sample(s) under ./runs/classification_electricity_to_Handwriting_laya_mixer_text/attention_maps
Text metadata preview | dataset=Heartbeat | domain=UEA | channels=61
   - channel_1: In the UEA domain, this channel belongs to the Heartbeat dataset and represents the feature channel 1.
   - channel_2: In the UEA domain, this channel belongs to the Heartbeat dataset and represents the feature channel 2.
   - ... (59 more channel descriptions)
/data/pjh_workspace/ts-env/lib/python3.8/site-packages/torch/nn/modules/transformer.py:307: UserWarning: enable_nested_tensor is True, but self.use_nested_tensor is False because encoder_layer.norm_first was True
  warnings.warn(f"enable_nested_tensor is True, but self.use_nested_tensor is False because {why_not_sparsity_fast_path}")
==================================================
🚀 Architecture: LAYA
📊 Target Dataset: Heartbeat (Channels: 61)
📊 Pretrain Info: electricity
📊 Classes: 2 | Sequence Length: 405
==================================================
✅ Loaded pretrained encoder from ./checkpoints/electricity_laya_mixer_text/laya_ts_electricity_s_best.pt
   - 101/101 keys matched.
✅ Encoder is FROZEN (Linear Probing mode).
📝 metadata: mode=text, fusion=add, relation=none
ℹ️  Metadata Fusion Mode: add
ℹ️  Channel Mixer Relation Mode: none
ℹ️  Encoder Variant: default
ℹ️  Channel Adapter: disabled for Laya downstream (mixer)
ℹ️  Channel Relation Block: disabled
✅ ClassificationHead: [B, 256] → [B, 2]
Epoch   1/50 | Train Loss: 0.6772 Acc: 0.5795 F1: 0.5058 | Val Loss: 0.7117 Acc: 0.7000 F1: 0.4118 | Train Meta: n/a | Val Meta: n/a
Validation Loss decreased (inf --> 0.711675). Saving best model...
Epoch   2/50 | Train Loss: 0.5958 Acc: 0.7273 F1: 0.4211 | Val Loss: 0.6260 Acc: 0.7000 F1: 0.4118 | Train Meta: n/a | Val Meta: n/a
Validation Loss decreased (0.711675 --> 0.626029). Saving best model...
Epoch   3/50 | Train Loss: 0.5798 Acc: 0.7330 F1: 0.4611 | Val Loss: 0.6245 Acc: 0.7000 F1: 0.4118 | Train Meta: n/a | Val Meta: n/a
Validation Loss decreased (0.626029 --> 0.624476). Saving best model...
Epoch   4/50 | Train Loss: 0.5637 Acc: 0.7330 F1: 0.4429 | Val Loss: 0.6468 Acc: 0.7000 F1: 0.4118 | Train Meta: n/a | Val Meta: n/a
Epoch   5/50 | Train Loss: 0.5549 Acc: 0.7216 F1: 0.4382 | Val Loss: 0.6226 Acc: 0.7000 F1: 0.4118 | Train Meta: n/a | Val Meta: n/a
Validation Loss decreased (0.624476 --> 0.622586). Saving best model...
Epoch   6/50 | Train Loss: 0.5807 Acc: 0.7557 F1: 0.5224 | Val Loss: 0.6224 Acc: 0.7000 F1: 0.4118 | Train Meta: n/a | Val Meta: n/a
Validation Loss decreased (0.622586 --> 0.622381). Saving best model...
Epoch   7/50 | Train Loss: 0.5914 Acc: 0.7216 F1: 0.4382 | Val Loss: 0.6346 Acc: 0.7000 F1: 0.4118 | Train Meta: n/a | Val Meta: n/a
Epoch   8/50 | Train Loss: 0.5513 Acc: 0.7273 F1: 0.4405 | Val Loss: 0.6206 Acc: 0.7000 F1: 0.4118 | Train Meta: n/a | Val Meta: n/a
Validation Loss decreased (0.622381 --> 0.620614). Saving best model...
Epoch   9/50 | Train Loss: 0.5444 Acc: 0.7386 F1: 0.4638 | Val Loss: 0.6266 Acc: 0.7000 F1: 0.4118 | Train Meta: n/a | Val Meta: n/a
Epoch  10/50 | Train Loss: 0.5636 Acc: 0.7273 F1: 0.4405 | Val Loss: 0.6200 Acc: 0.7000 F1: 0.4118 | Train Meta: n/a | Val Meta: n/a
Validation Loss decreased (0.620614 --> 0.619983). Saving best model...
Epoch  11/50 | Train Loss: 0.5521 Acc: 0.7443 F1: 0.5002 | Val Loss: 0.6156 Acc: 0.7000 F1: 0.4118 | Train Meta: n/a | Val Meta: n/a
Validation Loss decreased (0.619983 --> 0.615603). Saving best model...
Epoch  12/50 | Train Loss: 0.5545 Acc: 0.7273 F1: 0.4585 | Val Loss: 0.6222 Acc: 0.7000 F1: 0.4118 | Train Meta: n/a | Val Meta: n/a
Epoch  13/50 | Train Loss: 0.5423 Acc: 0.7273 F1: 0.4405 | Val Loss: 0.6127 Acc: 0.7000 F1: 0.4118 | Train Meta: n/a | Val Meta: n/a
Validation Loss decreased (0.615603 --> 0.612679). Saving best model...
Epoch  14/50 | Train Loss: 0.5505 Acc: 0.7443 F1: 0.5002 | Val Loss: 0.6118 Acc: 0.7000 F1: 0.4118 | Train Meta: n/a | Val Meta: n/a
Validation Loss decreased (0.612679 --> 0.611795). Saving best model...
Epoch  15/50 | Train Loss: 0.5700 Acc: 0.7273 F1: 0.4585 | Val Loss: 0.6128 Acc: 0.7000 F1: 0.4118 | Train Meta: n/a | Val Meta: n/a
Epoch  16/50 | Train Loss: 0.5512 Acc: 0.7386 F1: 0.4969 | Val Loss: 0.6080 Acc: 0.7000 F1: 0.4118 | Train Meta: n/a | Val Meta: n/a
Validation Loss decreased (0.611795 --> 0.607985). Saving best model...
Epoch  17/50 | Train Loss: 0.5429 Acc: 0.7443 F1: 0.5152 | Val Loss: 0.6072 Acc: 0.7000 F1: 0.4118 | Train Meta: n/a | Val Meta: n/a
Validation Loss decreased (0.607985 --> 0.607236). Saving best model...
Epoch  18/50 | Train Loss: 0.5442 Acc: 0.7273 F1: 0.4585 | Val Loss: 0.6085 Acc: 0.7000 F1: 0.4118 | Train Meta: n/a | Val Meta: n/a
Epoch  19/50 | Train Loss: 0.5462 Acc: 0.7500 F1: 0.5188 | Val Loss: 0.6098 Acc: 0.7000 F1: 0.4118 | Train Meta: n/a | Val Meta: n/a
Epoch  20/50 | Train Loss: 0.5360 Acc: 0.7330 F1: 0.4611 | Val Loss: 0.6037 Acc: 0.7000 F1: 0.4118 | Train Meta: n/a | Val Meta: n/a
Validation Loss decreased (0.607236 --> 0.603695). Saving best model...
Epoch  21/50 | Train Loss: 0.5281 Acc: 0.7500 F1: 0.5188 | Val Loss: 0.6018 Acc: 0.7000 F1: 0.4118 | Train Meta: n/a | Val Meta: n/a
Validation Loss decreased (0.603695 --> 0.601773). Saving best model...
Epoch  22/50 | Train Loss: 0.5388 Acc: 0.7500 F1: 0.5188 | Val Loss: 0.6114 Acc: 0.7000 F1: 0.4118 | Train Meta: n/a | Val Meta: n/a
Epoch  23/50 | Train Loss: 0.5465 Acc: 0.7443 F1: 0.5002 | Val Loss: 0.6001 Acc: 0.7000 F1: 0.4118 | Train Meta: n/a | Val Meta: n/a
Validation Loss decreased (0.601773 --> 0.600106). Saving best model...
Epoch  24/50 | Train Loss: 0.5193 Acc: 0.7557 F1: 0.5224 | Val Loss: 0.6163 Acc: 0.7000 F1: 0.4118 | Train Meta: n/a | Val Meta: n/a
Epoch  25/50 | Train Loss: 0.5337 Acc: 0.7443 F1: 0.5152 | Val Loss: 0.5959 Acc: 0.7000 F1: 0.4118 | Train Meta: n/a | Val Meta: n/a
Validation Loss decreased (0.600106 --> 0.595950). Saving best model...
Epoch  26/50 | Train Loss: 0.5406 Acc: 0.7443 F1: 0.5152 | Val Loss: 0.5958 Acc: 0.7000 F1: 0.4118 | Train Meta: n/a | Val Meta: n/a
Validation Loss decreased (0.595950 --> 0.595814). Saving best model...
Epoch  27/50 | Train Loss: 0.5199 Acc: 0.7614 F1: 0.5406 | Val Loss: 0.5938 Acc: 0.7000 F1: 0.4118 | Train Meta: n/a | Val Meta: n/a
Validation Loss decreased (0.595814 --> 0.593833). Saving best model...
Epoch  28/50 | Train Loss: 0.5300 Acc: 0.7443 F1: 0.5152 | Val Loss: 0.6004 Acc: 0.7000 F1: 0.4118 | Train Meta: n/a | Val Meta: n/a
Epoch  29/50 | Train Loss: 0.5218 Acc: 0.7557 F1: 0.5070 | Val Loss: 0.5909 Acc: 0.7000 F1: 0.4118 | Train Meta: n/a | Val Meta: n/a
Validation Loss decreased (0.593833 --> 0.590946). Saving best model...
Epoch  30/50 | Train Loss: 0.5149 Acc: 0.7557 F1: 0.5070 | Val Loss: 0.5960 Acc: 0.7000 F1: 0.4118 | Train Meta: n/a | Val Meta: n/a
Epoch  31/50 | Train Loss: 0.5139 Acc: 0.7557 F1: 0.5224 | Val Loss: 0.5956 Acc: 0.7000 F1: 0.4118 | Train Meta: n/a | Val Meta: n/a
Epoch  32/50 | Train Loss: 0.5170 Acc: 0.7670 F1: 0.5446 | Val Loss: 0.5897 Acc: 0.7000 F1: 0.4118 | Train Meta: n/a | Val Meta: n/a
Validation Loss decreased (0.590946 --> 0.589722). Saving best model...
Epoch  33/50 | Train Loss: 0.5130 Acc: 0.7557 F1: 0.5224 | Val Loss: 0.5909 Acc: 0.7000 F1: 0.4118 | Train Meta: n/a | Val Meta: n/a
Epoch  34/50 | Train Loss: 0.5109 Acc: 0.7614 F1: 0.5406 | Val Loss: 0.5830 Acc: 0.7000 F1: 0.4118 | Train Meta: n/a | Val Meta: n/a
Validation Loss decreased (0.589722 --> 0.582993). Saving best model...
Epoch  35/50 | Train Loss: 0.5294 Acc: 0.7443 F1: 0.5290 | Val Loss: 0.5821 Acc: 0.7000 F1: 0.4118 | Train Meta: n/a | Val Meta: n/a
Validation Loss decreased (0.582993 --> 0.582146). Saving best model...
Epoch  36/50 | Train Loss: 0.5033 Acc: 0.7670 F1: 0.5299 | Val Loss: 0.5920 Acc: 0.7000 F1: 0.4118 | Train Meta: n/a | Val Meta: n/a
Epoch  37/50 | Train Loss: 0.5100 Acc: 0.7557 F1: 0.5224 | Val Loss: 0.5821 Acc: 0.7000 F1: 0.4118 | Train Meta: n/a | Val Meta: n/a
Validation Loss decreased (0.582146 --> 0.582107). Saving best model...
Epoch  38/50 | Train Loss: 0.5009 Acc: 0.7670 F1: 0.5446 | Val Loss: 0.5805 Acc: 0.7000 F1: 0.4118 | Train Meta: n/a | Val Meta: n/a
Validation Loss decreased (0.582107 --> 0.580511). Saving best model...
Epoch  39/50 | Train Loss: 0.5073 Acc: 0.7614 F1: 0.5406 | Val Loss: 0.5801 Acc: 0.7000 F1: 0.4118 | Train Meta: n/a | Val Meta: n/a
Validation Loss decreased (0.580511 --> 0.580088). Saving best model...
Epoch  40/50 | Train Loss: 0.5123 Acc: 0.7500 F1: 0.5188 | Val Loss: 0.5817 Acc: 0.7000 F1: 0.4118 | Train Meta: n/a | Val Meta: n/a
Epoch  41/50 | Train Loss: 0.5159 Acc: 0.7557 F1: 0.5367 | Val Loss: 0.5751 Acc: 0.7000 F1: 0.4118 | Train Meta: n/a | Val Meta: n/a
Validation Loss decreased (0.580088 --> 0.575123). Saving best model...
Epoch  42/50 | Train Loss: 0.5158 Acc: 0.7500 F1: 0.5188 | Val Loss: 0.5752 Acc: 0.7000 F1: 0.4118 | Train Meta: n/a | Val Meta: n/a
Epoch  43/50 | Train Loss: 0.5167 Acc: 0.7500 F1: 0.5188 | Val Loss: 0.5729 Acc: 0.7000 F1: 0.4118 | Train Meta: n/a | Val Meta: n/a
Validation Loss decreased (0.575123 --> 0.572865). Saving best model...
Epoch  44/50 | Train Loss: 0.5161 Acc: 0.7500 F1: 0.5036 | Val Loss: 0.5768 Acc: 0.7000 F1: 0.4118 | Train Meta: n/a | Val Meta: n/a
Epoch  45/50 | Train Loss: 0.5223 Acc: 0.7614 F1: 0.5541 | Val Loss: 0.5807 Acc: 0.7000 F1: 0.4118 | Train Meta: n/a | Val Meta: n/a
Epoch  46/50 | Train Loss: 0.5167 Acc: 0.7557 F1: 0.5224 | Val Loss: 0.5698 Acc: 0.7000 F1: 0.4118 | Train Meta: n/a | Val Meta: n/a
Validation Loss decreased (0.572865 --> 0.569751). Saving best model...
Epoch  47/50 | Train Loss: 0.5110 Acc: 0.7443 F1: 0.5290 | Val Loss: 0.5685 Acc: 0.7000 F1: 0.4118 | Train Meta: n/a | Val Meta: n/a
Validation Loss decreased (0.569751 --> 0.568478). Saving best model...
Epoch  48/50 | Train Loss: 0.5154 Acc: 0.7443 F1: 0.5152 | Val Loss: 0.5682 Acc: 0.7000 F1: 0.4118 | Train Meta: n/a | Val Meta: n/a
Validation Loss decreased (0.568478 --> 0.568203). Saving best model...
Epoch  49/50 | Train Loss: 0.5050 Acc: 0.7557 F1: 0.5367 | Val Loss: 0.5682 Acc: 0.7000 F1: 0.4118 | Train Meta: n/a | Val Meta: n/a
Validation Loss decreased (0.568203 --> 0.568170). Saving best model...
Epoch  50/50 | Train Loss: 0.5123 Acc: 0.7443 F1: 0.5002 | Val Loss: 0.5715 Acc: 0.7000 F1: 0.4118 | Train Meta: n/a | Val Meta: n/a

Classification Test Result (Heartbeat)
Accuracy : 0.717073
F1 (macro): 0.448925
Saved attention maps for 3 sample(s) under ./runs/classification_electricity_to_Heartbeat_laya_mixer_text/attention_maps
Text metadata preview | dataset=JapaneseVowels | domain=UEA | channels=12
   - channel_1: In the UEA domain, this channel belongs to the JapaneseVowels dataset and represents the feature channel 1.
   - channel_2: In the UEA domain, this channel belongs to the JapaneseVowels dataset and represents the feature channel 2.
   - ... (10 more channel descriptions)
/data/pjh_workspace/ts-env/lib/python3.8/site-packages/torch/nn/modules/transformer.py:307: UserWarning: enable_nested_tensor is True, but self.use_nested_tensor is False because encoder_layer.norm_first was True
  warnings.warn(f"enable_nested_tensor is True, but self.use_nested_tensor is False because {why_not_sparsity_fast_path}")
==================================================
🚀 Architecture: LAYA
📊 Target Dataset: JapaneseVowels (Channels: 12)
📊 Pretrain Info: electricity
📊 Classes: 9 | Sequence Length: 26
==================================================
✅ Loaded pretrained encoder from ./checkpoints/electricity_laya_mixer_text/laya_ts_electricity_s_best.pt
   - 101/101 keys matched.
✅ Encoder is FROZEN (Linear Probing mode).
📝 metadata: mode=text, fusion=add, relation=none
ℹ️  Metadata Fusion Mode: add
ℹ️  Channel Mixer Relation Mode: none
ℹ️  Encoder Variant: default
ℹ️  Channel Adapter: disabled for Laya downstream (mixer)
ℹ️  Channel Relation Block: disabled
✅ ClassificationHead: [B, 256] → [B, 9]
Epoch   1/50 | Train Loss: 2.1721 Acc: 0.1583 F1: 0.1237 | Val Loss: 2.1775 Acc: 0.0741 F1: 0.0418 | Train Meta: n/a | Val Meta: n/a
Validation Loss decreased (inf --> 2.177459). Saving best model...
Epoch   2/50 | Train Loss: 2.0025 Acc: 0.3667 F1: 0.3327 | Val Loss: 2.0400 Acc: 0.2963 F1: 0.2741 | Train Meta: n/a | Val Meta: n/a
Validation Loss decreased (2.177459 --> 2.040023). Saving best model...
Epoch   3/50 | Train Loss: 1.8824 Acc: 0.4583 F1: 0.4354 | Val Loss: 1.8926 Acc: 0.2593 F1: 0.2734 | Train Meta: n/a | Val Meta: n/a
Validation Loss decreased (2.040023 --> 1.892606). Saving best model...
Epoch   4/50 | Train Loss: 1.7976 Acc: 0.4792 F1: 0.4637 | Val Loss: 1.8564 Acc: 0.4444 F1: 0.4548 | Train Meta: n/a | Val Meta: n/a
Validation Loss decreased (1.892606 --> 1.856358). Saving best model...
Epoch   5/50 | Train Loss: 1.6962 Acc: 0.5792 F1: 0.5471 | Val Loss: 1.7755 Acc: 0.4444 F1: 0.4241 | Train Meta: n/a | Val Meta: n/a
Validation Loss decreased (1.856358 --> 1.775519). Saving best model...
Epoch   6/50 | Train Loss: 1.6137 Acc: 0.5542 F1: 0.5269 | Val Loss: 1.6723 Acc: 0.5185 F1: 0.4370 | Train Meta: n/a | Val Meta: n/a
Validation Loss decreased (1.775519 --> 1.672272). Saving best model...
Epoch   7/50 | Train Loss: 1.5379 Acc: 0.6083 F1: 0.6056 | Val Loss: 1.5993 Acc: 0.6667 F1: 0.6389 | Train Meta: n/a | Val Meta: n/a
Validation Loss decreased (1.672272 --> 1.599350). Saving best model...
Epoch   8/50 | Train Loss: 1.4785 Acc: 0.6708 F1: 0.6391 | Val Loss: 1.5781 Acc: 0.5556 F1: 0.6053 | Train Meta: n/a | Val Meta: n/a
Validation Loss decreased (1.599350 --> 1.578124). Saving best model...
Epoch   9/50 | Train Loss: 1.4040 Acc: 0.6542 F1: 0.6514 | Val Loss: 1.5244 Acc: 0.4074 F1: 0.3654 | Train Meta: n/a | Val Meta: n/a
Validation Loss decreased (1.578124 --> 1.524373). Saving best model...
Epoch  10/50 | Train Loss: 1.3641 Acc: 0.6625 F1: 0.6363 | Val Loss: 1.4622 Acc: 0.6667 F1: 0.6865 | Train Meta: n/a | Val Meta: n/a
Validation Loss decreased (1.524373 --> 1.462218). Saving best model...
Epoch  11/50 | Train Loss: 1.3101 Acc: 0.6667 F1: 0.6659 | Val Loss: 1.4221 Acc: 0.6667 F1: 0.6315 | Train Meta: n/a | Val Meta: n/a
Validation Loss decreased (1.462218 --> 1.422149). Saving best model...
Epoch  12/50 | Train Loss: 1.2500 Acc: 0.7292 F1: 0.7179 | Val Loss: 1.3466 Acc: 0.6296 F1: 0.6019 | Train Meta: n/a | Val Meta: n/a
Validation Loss decreased (1.422149 --> 1.346644). Saving best model...
Epoch  13/50 | Train Loss: 1.2185 Acc: 0.6667 F1: 0.6633 | Val Loss: 1.3603 Acc: 0.6667 F1: 0.6865 | Train Meta: n/a | Val Meta: n/a
Epoch  14/50 | Train Loss: 1.1909 Acc: 0.7000 F1: 0.6645 | Val Loss: 1.2925 Acc: 0.6667 F1: 0.6418 | Train Meta: n/a | Val Meta: n/a
Validation Loss decreased (1.346644 --> 1.292506). Saving best model...
Epoch  15/50 | Train Loss: 1.1442 Acc: 0.7042 F1: 0.6998 | Val Loss: 1.3165 Acc: 0.6296 F1: 0.6329 | Train Meta: n/a | Val Meta: n/a
Epoch  16/50 | Train Loss: 1.1002 Acc: 0.7167 F1: 0.7150 | Val Loss: 1.2313 Acc: 0.7037 F1: 0.7061 | Train Meta: n/a | Val Meta: n/a
Validation Loss decreased (1.292506 --> 1.231318). Saving best model...
Epoch  17/50 | Train Loss: 1.0654 Acc: 0.7542 F1: 0.7471 | Val Loss: 1.1967 Acc: 0.7037 F1: 0.7061 | Train Meta: n/a | Val Meta: n/a
Validation Loss decreased (1.231318 --> 1.196677). Saving best model...
Epoch  18/50 | Train Loss: 1.0386 Acc: 0.7458 F1: 0.7293 | Val Loss: 1.1929 Acc: 0.7037 F1: 0.7061 | Train Meta: n/a | Val Meta: n/a
Validation Loss decreased (1.196677 --> 1.192852). Saving best model...
Epoch  19/50 | Train Loss: 1.0093 Acc: 0.7583 F1: 0.7528 | Val Loss: 1.1749 Acc: 0.7037 F1: 0.7132 | Train Meta: n/a | Val Meta: n/a
Validation Loss decreased (1.192852 --> 1.174886). Saving best model...
Epoch  20/50 | Train Loss: 0.9911 Acc: 0.7292 F1: 0.7257 | Val Loss: 1.1352 Acc: 0.7037 F1: 0.7127 | Train Meta: n/a | Val Meta: n/a
Validation Loss decreased (1.174886 --> 1.135186). Saving best model...
Epoch  21/50 | Train Loss: 0.9651 Acc: 0.7917 F1: 0.7838 | Val Loss: 1.1230 Acc: 0.7037 F1: 0.7061 | Train Meta: n/a | Val Meta: n/a
Validation Loss decreased (1.135186 --> 1.123026). Saving best model...
Epoch  22/50 | Train Loss: 0.9397 Acc: 0.7458 F1: 0.7360 | Val Loss: 1.0890 Acc: 0.7037 F1: 0.7061 | Train Meta: n/a | Val Meta: n/a
Validation Loss decreased (1.123026 --> 1.089010). Saving best model...
Epoch  23/50 | Train Loss: 0.9212 Acc: 0.7625 F1: 0.7573 | Val Loss: 1.0799 Acc: 0.7037 F1: 0.7061 | Train Meta: n/a | Val Meta: n/a
Validation Loss decreased (1.089010 --> 1.079930). Saving best model...
Epoch  24/50 | Train Loss: 0.8922 Acc: 0.7708 F1: 0.7573 | Val Loss: 1.0386 Acc: 0.7037 F1: 0.7127 | Train Meta: n/a | Val Meta: n/a
Validation Loss decreased (1.079930 --> 1.038570). Saving best model...
Epoch  25/50 | Train Loss: 0.8747 Acc: 0.7500 F1: 0.7511 | Val Loss: 1.0403 Acc: 0.7037 F1: 0.7061 | Train Meta: n/a | Val Meta: n/a
Epoch  26/50 | Train Loss: 0.8557 Acc: 0.8000 F1: 0.7921 | Val Loss: 1.0653 Acc: 0.6667 F1: 0.6836 | Train Meta: n/a | Val Meta: n/a
Epoch  27/50 | Train Loss: 0.8356 Acc: 0.8042 F1: 0.7993 | Val Loss: 0.9837 Acc: 0.7037 F1: 0.7061 | Train Meta: n/a | Val Meta: n/a
Validation Loss decreased (1.038570 --> 0.983733). Saving best model...
Epoch  28/50 | Train Loss: 0.8012 Acc: 0.8083 F1: 0.7959 | Val Loss: 0.9785 Acc: 0.7407 F1: 0.7125 | Train Meta: n/a | Val Meta: n/a
Validation Loss decreased (0.983733 --> 0.978511). Saving best model...
Epoch  29/50 | Train Loss: 0.8029 Acc: 0.7958 F1: 0.7950 | Val Loss: 0.9953 Acc: 0.7037 F1: 0.7061 | Train Meta: n/a | Val Meta: n/a
Epoch  30/50 | Train Loss: 0.7771 Acc: 0.8000 F1: 0.7963 | Val Loss: 0.9741 Acc: 0.7778 F1: 0.7617 | Train Meta: n/a | Val Meta: n/a
Validation Loss decreased (0.978511 --> 0.974109). Saving best model...
Epoch  31/50 | Train Loss: 0.7833 Acc: 0.7875 F1: 0.7853 | Val Loss: 0.9231 Acc: 0.7037 F1: 0.7061 | Train Meta: n/a | Val Meta: n/a
Validation Loss decreased (0.974109 --> 0.923062). Saving best model...
Epoch  32/50 | Train Loss: 0.7591 Acc: 0.8125 F1: 0.8097 | Val Loss: 0.9852 Acc: 0.7407 F1: 0.7537 | Train Meta: n/a | Val Meta: n/a
Epoch  33/50 | Train Loss: 0.7441 Acc: 0.7708 F1: 0.7575 | Val Loss: 0.9171 Acc: 0.7037 F1: 0.7061 | Train Meta: n/a | Val Meta: n/a
Validation Loss decreased (0.923062 --> 0.917104). Saving best model...
Epoch  34/50 | Train Loss: 0.7310 Acc: 0.8042 F1: 0.8012 | Val Loss: 0.9187 Acc: 0.7778 F1: 0.7945 | Train Meta: n/a | Val Meta: n/a
Epoch  35/50 | Train Loss: 0.7227 Acc: 0.7792 F1: 0.7735 | Val Loss: 0.8727 Acc: 0.7407 F1: 0.7537 | Train Meta: n/a | Val Meta: n/a
Validation Loss decreased (0.917104 --> 0.872651). Saving best model...
Epoch  36/50 | Train Loss: 0.7020 Acc: 0.8208 F1: 0.8161 | Val Loss: 0.9173 Acc: 0.7407 F1: 0.7394 | Train Meta: n/a | Val Meta: n/a
Epoch  37/50 | Train Loss: 0.7058 Acc: 0.8167 F1: 0.8080 | Val Loss: 0.8561 Acc: 0.7778 F1: 0.7617 | Train Meta: n/a | Val Meta: n/a
Validation Loss decreased (0.872651 --> 0.856143). Saving best model...
Epoch  38/50 | Train Loss: 0.6906 Acc: 0.8167 F1: 0.8145 | Val Loss: 0.8985 Acc: 0.7778 F1: 0.7945 | Train Meta: n/a | Val Meta: n/a
Epoch  39/50 | Train Loss: 0.6720 Acc: 0.8042 F1: 0.7994 | Val Loss: 0.8176 Acc: 0.7407 F1: 0.7537 | Train Meta: n/a | Val Meta: n/a
Validation Loss decreased (0.856143 --> 0.817609). Saving best model...
Epoch  40/50 | Train Loss: 0.6714 Acc: 0.8125 F1: 0.8079 | Val Loss: 0.8658 Acc: 0.7407 F1: 0.7394 | Train Meta: n/a | Val Meta: n/a
Epoch  41/50 | Train Loss: 0.6570 Acc: 0.8125 F1: 0.8078 | Val Loss: 0.8043 Acc: 0.8148 F1: 0.8278 | Train Meta: n/a | Val Meta: n/a
Validation Loss decreased (0.817609 --> 0.804288). Saving best model...
Epoch  42/50 | Train Loss: 0.6427 Acc: 0.8167 F1: 0.8096 | Val Loss: 0.8803 Acc: 0.7778 F1: 0.7945 | Train Meta: n/a | Val Meta: n/a
Epoch  43/50 | Train Loss: 0.6454 Acc: 0.8125 F1: 0.8017 | Val Loss: 0.7982 Acc: 0.7778 F1: 0.7945 | Train Meta: n/a | Val Meta: n/a
Validation Loss decreased (0.804288 --> 0.798164). Saving best model...
Epoch  44/50 | Train Loss: 0.6290 Acc: 0.8250 F1: 0.8236 | Val Loss: 0.8160 Acc: 0.7778 F1: 0.7945 | Train Meta: n/a | Val Meta: n/a
Epoch  45/50 | Train Loss: 0.6199 Acc: 0.8083 F1: 0.8061 | Val Loss: 0.8227 Acc: 0.7778 F1: 0.7945 | Train Meta: n/a | Val Meta: n/a
Epoch  46/50 | Train Loss: 0.6042 Acc: 0.8292 F1: 0.8263 | Val Loss: 0.7692 Acc: 0.8148 F1: 0.8278 | Train Meta: n/a | Val Meta: n/a
Validation Loss decreased (0.798164 --> 0.769247). Saving best model...
Epoch  47/50 | Train Loss: 0.5998 Acc: 0.8250 F1: 0.8223 | Val Loss: 0.7707 Acc: 0.8148 F1: 0.8278 | Train Meta: n/a | Val Meta: n/a
Epoch  48/50 | Train Loss: 0.5863 Acc: 0.8458 F1: 0.8401 | Val Loss: 0.7920 Acc: 0.8148 F1: 0.8278 | Train Meta: n/a | Val Meta: n/a
Epoch  49/50 | Train Loss: 0.5807 Acc: 0.8375 F1: 0.8384 | Val Loss: 0.7580 Acc: 0.8148 F1: 0.8278 | Train Meta: n/a | Val Meta: n/a
Validation Loss decreased (0.769247 --> 0.757967). Saving best model...
Epoch  50/50 | Train Loss: 0.5758 Acc: 0.8333 F1: 0.8285 | Val Loss: 0.7692 Acc: 0.8148 F1: 0.8278 | Train Meta: n/a | Val Meta: n/a

Classification Test Result (JapaneseVowels)
Accuracy : 0.691892
F1 (macro): 0.697393
Saved attention maps for 3 sample(s) under ./runs/classification_electricity_to_JapaneseVowels_laya_mixer_text/attention_maps
Text metadata preview | dataset=PEMS-SF | domain=UEA | channels=963
   - channel_1: In the UEA domain, this channel belongs to the PEMS-SF dataset and represents the feature channel 1.
   - channel_2: In the UEA domain, this channel belongs to the PEMS-SF dataset and represents the feature channel 2.
   - ... (961 more channel descriptions)
/data/pjh_workspace/ts-env/lib/python3.8/site-packages/torch/nn/modules/transformer.py:307: UserWarning: enable_nested_tensor is True, but self.use_nested_tensor is False because encoder_layer.norm_first was True
  warnings.warn(f"enable_nested_tensor is True, but self.use_nested_tensor is False because {why_not_sparsity_fast_path}")
==================================================
🚀 Architecture: LAYA
📊 Target Dataset: PEMS-SF (Channels: 963)
📊 Pretrain Info: electricity
📊 Classes: 7 | Sequence Length: 144
==================================================
✅ Loaded pretrained encoder from ./checkpoints/electricity_laya_mixer_text/laya_ts_electricity_s_best.pt
   - 101/101 keys matched.
✅ Encoder is FROZEN (Linear Probing mode).
📝 metadata: mode=text, fusion=add, relation=none
ℹ️  Metadata Fusion Mode: add
ℹ️  Channel Mixer Relation Mode: none
ℹ️  Encoder Variant: default
ℹ️  Channel Adapter: disabled for Laya downstream (mixer)
ℹ️  Channel Relation Block: disabled
✅ ClassificationHead: [B, 256] → [B, 7]
Epoch   1/50 | Train Loss: 1.9631 Acc: 0.1542 F1: 0.0894 | Val Loss: 1.9517 Acc: 0.1923 F1: 0.1048 | Train Meta: n/a | Val Meta: n/a
Validation Loss decreased (inf --> 1.951673). Saving best model...
Epoch   2/50 | Train Loss: 1.8689 Acc: 0.2333 F1: 0.1409 | Val Loss: 1.9016 Acc: 0.1154 F1: 0.0451 | Train Meta: n/a | Val Meta: n/a
Validation Loss decreased (1.951673 --> 1.901620). Saving best model...
Epoch   3/50 | Train Loss: 1.8115 Acc: 0.2917 F1: 0.2177 | Val Loss: 1.9604 Acc: 0.0769 F1: 0.0603 | Train Meta: n/a | Val Meta: n/a
Epoch   4/50 | Train Loss: 1.7604 Acc: 0.2958 F1: 0.1934 | Val Loss: 1.9297 Acc: 0.1154 F1: 0.0794 | Train Meta: n/a | Val Meta: n/a
Epoch   5/50 | Train Loss: 1.7350 Acc: 0.3042 F1: 0.2206 | Val Loss: 1.9249 Acc: 0.1154 F1: 0.0837 | Train Meta: n/a | Val Meta: n/a
Epoch   6/50 | Train Loss: 1.7174 Acc: 0.3375 F1: 0.2699 | Val Loss: 1.9169 Acc: 0.1154 F1: 0.0757 | Train Meta: n/a | Val Meta: n/a
Epoch   7/50 | Train Loss: 1.6856 Acc: 0.3292 F1: 0.2527 | Val Loss: 1.9124 Acc: 0.1154 F1: 0.0914 | Train Meta: n/a | Val Meta: n/a
Epoch   8/50 | Train Loss: 1.6675 Acc: 0.3208 F1: 0.2340 | Val Loss: 1.9447 Acc: 0.0769 F1: 0.0577 | Train Meta: n/a | Val Meta: n/a
Epoch   9/50 | Train Loss: 1.6628 Acc: 0.3625 F1: 0.3025 | Val Loss: 1.9913 Acc: 0.0385 F1: 0.0317 | Train Meta: n/a | Val Meta: n/a
Epoch  10/50 | Train Loss: 1.6301 Acc: 0.3583 F1: 0.2715 | Val Loss: 1.8879 Acc: 0.1538 F1: 0.1083 | Train Meta: n/a | Val Meta: n/a
Validation Loss decreased (1.901620 --> 1.887876). Saving best model...
Epoch  11/50 | Train Loss: 1.6156 Acc: 0.3708 F1: 0.2971 | Val Loss: 1.9923 Acc: 0.0769 F1: 0.0833 | Train Meta: n/a | Val Meta: n/a
Epoch  12/50 | Train Loss: 1.6097 Acc: 0.3500 F1: 0.2734 | Val Loss: 1.9298 Acc: 0.0769 F1: 0.0524 | Train Meta: n/a | Val Meta: n/a
Epoch  13/50 | Train Loss: 1.5884 Acc: 0.3792 F1: 0.3499 | Val Loss: 1.9295 Acc: 0.1538 F1: 0.1122 | Train Meta: n/a | Val Meta: n/a
Epoch  14/50 | Train Loss: 1.5768 Acc: 0.3750 F1: 0.2964 | Val Loss: 1.9428 Acc: 0.0769 F1: 0.0545 | Train Meta: n/a | Val Meta: n/a
Epoch  15/50 | Train Loss: 1.5812 Acc: 0.3333 F1: 0.2980 | Val Loss: 1.9433 Acc: 0.0769 F1: 0.0694 | Train Meta: n/a | Val Meta: n/a
Epoch  16/50 | Train Loss: 1.5490 Acc: 0.3875 F1: 0.3552 | Val Loss: 2.0203 Acc: 0.0385 F1: 0.0286 | Train Meta: n/a | Val Meta: n/a
Epoch  17/50 | Train Loss: 1.5490 Acc: 0.3542 F1: 0.3135 | Val Loss: 1.8879 Acc: 0.1923 F1: 0.1648 | Train Meta: n/a | Val Meta: n/a
Validation Loss decreased (1.887876 --> 1.887857). Saving best model...
Epoch  18/50 | Train Loss: 1.5302 Acc: 0.3958 F1: 0.3624 | Val Loss: 2.0194 Acc: 0.1154 F1: 0.0985 | Train Meta: n/a | Val Meta: n/a
Epoch  19/50 | Train Loss: 1.5171 Acc: 0.4167 F1: 0.3871 | Val Loss: 1.9782 Acc: 0.1538 F1: 0.1303 | Train Meta: n/a | Val Meta: n/a
Epoch  20/50 | Train Loss: 1.5006 Acc: 0.4250 F1: 0.3710 | Val Loss: 1.9778 Acc: 0.1154 F1: 0.1151 | Train Meta: n/a | Val Meta: n/a
Epoch  21/50 | Train Loss: 1.4868 Acc: 0.3833 F1: 0.3457 | Val Loss: 1.9804 Acc: 0.0769 F1: 0.0714 | Train Meta: n/a | Val Meta: n/a
Epoch  22/50 | Train Loss: 1.4996 Acc: 0.3875 F1: 0.3584 | Val Loss: 1.9718 Acc: 0.1154 F1: 0.0894 | Train Meta: n/a | Val Meta: n/a
Epoch  23/50 | Train Loss: 1.4769 Acc: 0.3958 F1: 0.3571 | Val Loss: 1.9973 Acc: 0.0769 F1: 0.0762 | Train Meta: n/a | Val Meta: n/a
Epoch  24/50 | Train Loss: 1.4716 Acc: 0.4208 F1: 0.4038 | Val Loss: 1.9732 Acc: 0.1538 F1: 0.1071 | Train Meta: n/a | Val Meta: n/a
Epoch  25/50 | Train Loss: 1.4519 Acc: 0.4500 F1: 0.4248 | Val Loss: 2.0098 Acc: 0.1154 F1: 0.1032 | Train Meta: n/a | Val Meta: n/a
Epoch  26/50 | Train Loss: 1.4581 Acc: 0.4500 F1: 0.4372 | Val Loss: 1.9571 Acc: 0.1923 F1: 0.1728 | Train Meta: n/a | Val Meta: n/a
Epoch  27/50 | Train Loss: 1.4480 Acc: 0.4333 F1: 0.4043 | Val Loss: 1.9901 Acc: 0.1154 F1: 0.0879 | Train Meta: n/a | Val Meta: n/a
Epoch  28/50 | Train Loss: 1.4514 Acc: 0.4375 F1: 0.4156 | Val Loss: 1.9768 Acc: 0.1538 F1: 0.1172 | Train Meta: n/a | Val Meta: n/a
Epoch  29/50 | Train Loss: 1.4361 Acc: 0.3958 F1: 0.3541 | Val Loss: 2.0112 Acc: 0.1538 F1: 0.1429 | Train Meta: n/a | Val Meta: n/a
Epoch  30/50 | Train Loss: 1.4126 Acc: 0.4625 F1: 0.4410 | Val Loss: 1.9610 Acc: 0.2692 F1: 0.2667 | Train Meta: n/a | Val Meta: n/a
Epoch  31/50 | Train Loss: 1.4201 Acc: 0.4333 F1: 0.4044 | Val Loss: 1.9902 Acc: 0.1154 F1: 0.0929 | Train Meta: n/a | Val Meta: n/a
Epoch  32/50 | Train Loss: 1.4076 Acc: 0.4708 F1: 0.4479 | Val Loss: 2.0556 Acc: 0.1538 F1: 0.1578 | Train Meta: n/a | Val Meta: n/a
Epoch  33/50 | Train Loss: 1.4099 Acc: 0.4458 F1: 0.4142 | Val Loss: 1.9350 Acc: 0.1538 F1: 0.1156 | Train Meta: n/a | Val Meta: n/a
Epoch  34/50 | Train Loss: 1.3920 Acc: 0.4375 F1: 0.4079 | Val Loss: 2.0035 Acc: 0.2308 F1: 0.2028 | Train Meta: n/a | Val Meta: n/a
Epoch  35/50 | Train Loss: 1.3870 Acc: 0.4250 F1: 0.4196 | Val Loss: 2.0060 Acc: 0.1154 F1: 0.0952 | Train Meta: n/a | Val Meta: n/a
Epoch  36/50 | Train Loss: 1.3903 Acc: 0.4833 F1: 0.4514 | Val Loss: 1.9860 Acc: 0.1923 F1: 0.1648 | Train Meta: n/a | Val Meta: n/a
Epoch  37/50 | Train Loss: 1.3730 Acc: 0.4500 F1: 0.4434 | Val Loss: 1.9487 Acc: 0.1923 F1: 0.1680 | Train Meta: n/a | Val Meta: n/a
Epoch  38/50 | Train Loss: 1.3716 Acc: 0.4542 F1: 0.4306 | Val Loss: 1.9797 Acc: 0.1923 F1: 0.1816 | Train Meta: n/a | Val Meta: n/a
Epoch  39/50 | Train Loss: 1.3808 Acc: 0.4500 F1: 0.4262 | Val Loss: 1.9236 Acc: 0.2692 F1: 0.2458 | Train Meta: n/a | Val Meta: n/a
Epoch  40/50 | Train Loss: 1.3574 Acc: 0.4292 F1: 0.4173 | Val Loss: 2.0111 Acc: 0.0769 F1: 0.0694 | Train Meta: n/a | Val Meta: n/a
Epoch  41/50 | Train Loss: 1.3422 Acc: 0.4958 F1: 0.4639 | Val Loss: 1.9402 Acc: 0.2308 F1: 0.1988 | Train Meta: n/a | Val Meta: n/a
Epoch  42/50 | Train Loss: 1.3505 Acc: 0.4625 F1: 0.4507 | Val Loss: 1.9750 Acc: 0.2308 F1: 0.2054 | Train Meta: n/a | Val Meta: n/a
Epoch  43/50 | Train Loss: 1.3384 Acc: 0.4458 F1: 0.4158 | Val Loss: 1.9085 Acc: 0.1923 F1: 0.1776 | Train Meta: n/a | Val Meta: n/a
Epoch  44/50 | Train Loss: 1.3328 Acc: 0.4708 F1: 0.4612 | Val Loss: 1.9939 Acc: 0.2308 F1: 0.2086 | Train Meta: n/a | Val Meta: n/a
Epoch  45/50 | Train Loss: 1.3549 Acc: 0.4458 F1: 0.4125 | Val Loss: 1.9741 Acc: 0.1538 F1: 0.1429 | Train Meta: n/a | Val Meta: n/a
Epoch  46/50 | Train Loss: 1.3292 Acc: 0.4458 F1: 0.4110 | Val Loss: 1.9299 Acc: 0.1923 F1: 0.1776 | Train Meta: n/a | Val Meta: n/a
Epoch  47/50 | Train Loss: 1.3352 Acc: 0.4542 F1: 0.4435 | Val Loss: 1.9838 Acc: 0.1923 F1: 0.1848 | Train Meta: n/a | Val Meta: n/a
Epoch  48/50 | Train Loss: 1.3335 Acc: 0.4417 F1: 0.4056 | Val Loss: 1.9481 Acc: 0.1154 F1: 0.1000 | Train Meta: n/a | Val Meta: n/a
Epoch  49/50 | Train Loss: 1.3098 Acc: 0.4917 F1: 0.4765 | Val Loss: 1.9350 Acc: 0.2692 F1: 0.2505 | Train Meta: n/a | Val Meta: n/a
Epoch  50/50 | Train Loss: 1.3069 Acc: 0.4917 F1: 0.4794 | Val Loss: 1.9866 Acc: 0.1538 F1: 0.1603 | Train Meta: n/a | Val Meta: n/a

Classification Test Result (PEMS-SF)
Accuracy : 0.300578
F1 (macro): 0.272002
Saved attention maps for 3 sample(s) under ./runs/classification_electricity_to_PEMS-SF_laya_mixer_text/attention_maps
Text metadata preview | dataset=SelfRegulationSCP1 | domain=UEA | channels=6
   - channel_1: In the UEA domain, this channel belongs to the SelfRegulationSCP1 dataset and represents the feature channel 1.
   - channel_2: In the UEA domain, this channel belongs to the SelfRegulationSCP1 dataset and represents the feature channel 2.
   - ... (4 more channel descriptions)
/data/pjh_workspace/ts-env/lib/python3.8/site-packages/torch/nn/modules/transformer.py:307: UserWarning: enable_nested_tensor is True, but self.use_nested_tensor is False because encoder_layer.norm_first was True
  warnings.warn(f"enable_nested_tensor is True, but self.use_nested_tensor is False because {why_not_sparsity_fast_path}")
==================================================
🚀 Architecture: LAYA
📊 Target Dataset: SelfRegulationSCP1 (Channels: 6)
📊 Pretrain Info: electricity
📊 Classes: 2 | Sequence Length: 896
==================================================
✅ Loaded pretrained encoder from ./checkpoints/electricity_laya_mixer_text/laya_ts_electricity_s_best.pt
   - 101/101 keys matched.
✅ Encoder is FROZEN (Linear Probing mode).
📝 metadata: mode=text, fusion=add, relation=none
ℹ️  Metadata Fusion Mode: add
ℹ️  Channel Mixer Relation Mode: none
ℹ️  Encoder Variant: default
ℹ️  Channel Adapter: disabled for Laya downstream (mixer)
ℹ️  Channel Relation Block: disabled
✅ ClassificationHead: [B, 256] → [B, 2]
Epoch   1/50 | Train Loss: 0.8202 Acc: 0.4667 F1: 0.4643 | Val Loss: 0.5780 Acc: 0.6538 F1: 0.5784 | Train Meta: n/a | Val Meta: n/a
Validation Loss decreased (inf --> 0.577992). Saving best model...
Epoch   2/50 | Train Loss: 0.6197 Acc: 0.6167 F1: 0.6162 | Val Loss: 0.5433 Acc: 0.6923 F1: 0.6848 | Train Meta: n/a | Val Meta: n/a
Validation Loss decreased (0.577992 --> 0.543282). Saving best model...
Epoch   3/50 | Train Loss: 0.5945 Acc: 0.6875 F1: 0.6874 | Val Loss: 0.4590 Acc: 0.8462 F1: 0.8462 | Train Meta: n/a | Val Meta: n/a
Validation Loss decreased (0.543282 --> 0.459010). Saving best model...
Epoch   4/50 | Train Loss: 0.6015 Acc: 0.7083 F1: 0.7063 | Val Loss: 0.4789 Acc: 0.8077 F1: 0.8074 | Train Meta: n/a | Val Meta: n/a
Epoch   5/50 | Train Loss: 0.5926 Acc: 0.6875 F1: 0.6868 | Val Loss: 0.4620 Acc: 0.8462 F1: 0.8462 | Train Meta: n/a | Val Meta: n/a
Epoch   6/50 | Train Loss: 0.5869 Acc: 0.6833 F1: 0.6823 | Val Loss: 0.4674 Acc: 0.8077 F1: 0.8074 | Train Meta: n/a | Val Meta: n/a
Epoch   7/50 | Train Loss: 0.5901 Acc: 0.6875 F1: 0.6871 | Val Loss: 0.4506 Acc: 0.8462 F1: 0.8462 | Train Meta: n/a | Val Meta: n/a
Validation Loss decreased (0.459010 --> 0.450583). Saving best model...
Epoch   8/50 | Train Loss: 0.5816 Acc: 0.6958 F1: 0.6957 | Val Loss: 0.4467 Acc: 0.8462 F1: 0.8462 | Train Meta: n/a | Val Meta: n/a
Validation Loss decreased (0.450583 --> 0.446673). Saving best model...
Epoch   9/50 | Train Loss: 0.5876 Acc: 0.7083 F1: 0.7024 | Val Loss: 0.4617 Acc: 0.8077 F1: 0.8074 | Train Meta: n/a | Val Meta: n/a
Epoch  10/50 | Train Loss: 0.5868 Acc: 0.6625 F1: 0.6615 | Val Loss: 0.4279 Acc: 0.8462 F1: 0.8452 | Train Meta: n/a | Val Meta: n/a
Validation Loss decreased (0.446673 --> 0.427874). Saving best model...
Epoch  11/50 | Train Loss: 0.5812 Acc: 0.7208 F1: 0.7161 | Val Loss: 0.4408 Acc: 0.8462 F1: 0.8462 | Train Meta: n/a | Val Meta: n/a
Epoch  12/50 | Train Loss: 0.5954 Acc: 0.6542 F1: 0.6534 | Val Loss: 0.4889 Acc: 0.7692 F1: 0.7679 | Train Meta: n/a | Val Meta: n/a
Epoch  13/50 | Train Loss: 0.5759 Acc: 0.7083 F1: 0.7076 | Val Loss: 0.4137 Acc: 0.8462 F1: 0.8452 | Train Meta: n/a | Val Meta: n/a
Validation Loss decreased (0.427874 --> 0.413652). Saving best model...
Epoch  14/50 | Train Loss: 0.5714 Acc: 0.7125 F1: 0.7093 | Val Loss: 0.4214 Acc: 0.8462 F1: 0.8462 | Train Meta: n/a | Val Meta: n/a
Epoch  15/50 | Train Loss: 0.5755 Acc: 0.7000 F1: 0.6952 | Val Loss: 0.4386 Acc: 0.8462 F1: 0.8462 | Train Meta: n/a | Val Meta: n/a
Epoch  16/50 | Train Loss: 0.5754 Acc: 0.6958 F1: 0.6952 | Val Loss: 0.4248 Acc: 0.8462 F1: 0.8462 | Train Meta: n/a | Val Meta: n/a
Epoch  17/50 | Train Loss: 0.5631 Acc: 0.7125 F1: 0.7098 | Val Loss: 0.4299 Acc: 0.8462 F1: 0.8462 | Train Meta: n/a | Val Meta: n/a
Epoch  18/50 | Train Loss: 0.5676 Acc: 0.7042 F1: 0.6998 | Val Loss: 0.4225 Acc: 0.8462 F1: 0.8462 | Train Meta: n/a | Val Meta: n/a
Epoch  19/50 | Train Loss: 0.5632 Acc: 0.6792 F1: 0.6792 | Val Loss: 0.4105 Acc: 0.8462 F1: 0.8462 | Train Meta: n/a | Val Meta: n/a
Validation Loss decreased (0.413652 --> 0.410532). Saving best model...
Epoch  20/50 | Train Loss: 0.5739 Acc: 0.7083 F1: 0.7024 | Val Loss: 0.4673 Acc: 0.8077 F1: 0.8074 | Train Meta: n/a | Val Meta: n/a
Epoch  21/50 | Train Loss: 0.5821 Acc: 0.6667 F1: 0.6643 | Val Loss: 0.4076 Acc: 0.8846 F1: 0.8844 | Train Meta: n/a | Val Meta: n/a
Validation Loss decreased (0.410532 --> 0.407590). Saving best model...
Epoch  22/50 | Train Loss: 0.5602 Acc: 0.7042 F1: 0.7019 | Val Loss: 0.4234 Acc: 0.8462 F1: 0.8462 | Train Meta: n/a | Val Meta: n/a
Epoch  23/50 | Train Loss: 0.5590 Acc: 0.7083 F1: 0.7067 | Val Loss: 0.4177 Acc: 0.8462 F1: 0.8462 | Train Meta: n/a | Val Meta: n/a
Epoch  24/50 | Train Loss: 0.5565 Acc: 0.7000 F1: 0.6914 | Val Loss: 0.4182 Acc: 0.8462 F1: 0.8462 | Train Meta: n/a | Val Meta: n/a
Epoch  25/50 | Train Loss: 0.5644 Acc: 0.6833 F1: 0.6815 | Val Loss: 0.3946 Acc: 0.8462 F1: 0.8452 | Train Meta: n/a | Val Meta: n/a
Validation Loss decreased (0.407590 --> 0.394576). Saving best model...
Epoch  26/50 | Train Loss: 0.5572 Acc: 0.7167 F1: 0.7133 | Val Loss: 0.4053 Acc: 0.8462 F1: 0.8462 | Train Meta: n/a | Val Meta: n/a
Epoch  27/50 | Train Loss: 0.5534 Acc: 0.7042 F1: 0.7004 | Val Loss: 0.4038 Acc: 0.8462 F1: 0.8462 | Train Meta: n/a | Val Meta: n/a
Epoch  28/50 | Train Loss: 0.5560 Acc: 0.7083 F1: 0.7059 | Val Loss: 0.4014 Acc: 0.8462 F1: 0.8462 | Train Meta: n/a | Val Meta: n/a
Epoch  29/50 | Train Loss: 0.5575 Acc: 0.7000 F1: 0.6946 | Val Loss: 0.4326 Acc: 0.8462 F1: 0.8462 | Train Meta: n/a | Val Meta: n/a
Epoch  30/50 | Train Loss: 0.5588 Acc: 0.7083 F1: 0.7016 | Val Loss: 0.4209 Acc: 0.8462 F1: 0.8462 | Train Meta: n/a | Val Meta: n/a
Epoch  31/50 | Train Loss: 0.5542 Acc: 0.6958 F1: 0.6949 | Val Loss: 0.3822 Acc: 0.8846 F1: 0.8831 | Train Meta: n/a | Val Meta: n/a
Validation Loss decreased (0.394576 --> 0.382174). Saving best model...
Epoch  32/50 | Train Loss: 0.5561 Acc: 0.7125 F1: 0.7082 | Val Loss: 0.4548 Acc: 0.8077 F1: 0.8074 | Train Meta: n/a | Val Meta: n/a
Epoch  33/50 | Train Loss: 0.5521 Acc: 0.6958 F1: 0.6946 | Val Loss: 0.3872 Acc: 0.8846 F1: 0.8802 | Train Meta: n/a | Val Meta: n/a
Epoch  34/50 | Train Loss: 0.5620 Acc: 0.7458 F1: 0.7430 | Val Loss: 0.5033 Acc: 0.7308 F1: 0.7204 | Train Meta: n/a | Val Meta: n/a
Epoch  35/50 | Train Loss: 0.5564 Acc: 0.7167 F1: 0.7160 | Val Loss: 0.3825 Acc: 0.8846 F1: 0.8844 | Train Meta: n/a | Val Meta: n/a
Epoch  36/50 | Train Loss: 0.5417 Acc: 0.7042 F1: 0.6998 | Val Loss: 0.4095 Acc: 0.8462 F1: 0.8462 | Train Meta: n/a | Val Meta: n/a
Epoch  37/50 | Train Loss: 0.5446 Acc: 0.7208 F1: 0.7182 | Val Loss: 0.3914 Acc: 0.8462 F1: 0.8462 | Train Meta: n/a | Val Meta: n/a
Epoch  38/50 | Train Loss: 0.5440 Acc: 0.7000 F1: 0.6946 | Val Loss: 0.4153 Acc: 0.8462 F1: 0.8462 | Train Meta: n/a | Val Meta: n/a
Epoch  39/50 | Train Loss: 0.5388 Acc: 0.7208 F1: 0.7161 | Val Loss: 0.3886 Acc: 0.8462 F1: 0.8452 | Train Meta: n/a | Val Meta: n/a
Epoch  40/50 | Train Loss: 0.5431 Acc: 0.7125 F1: 0.7063 | Val Loss: 0.4075 Acc: 0.8462 F1: 0.8462 | Train Meta: n/a | Val Meta: n/a
Epoch  41/50 | Train Loss: 0.5545 Acc: 0.7167 F1: 0.7128 | Val Loss: 0.3675 Acc: 0.8846 F1: 0.8831 | Train Meta: n/a | Val Meta: n/a
Validation Loss decreased (0.382174 --> 0.367550). Saving best model...
Epoch  42/50 | Train Loss: 0.5410 Acc: 0.7167 F1: 0.7133 | Val Loss: 0.4203 Acc: 0.8462 F1: 0.8462 | Train Meta: n/a | Val Meta: n/a
Epoch  43/50 | Train Loss: 0.5412 Acc: 0.7083 F1: 0.7031 | Val Loss: 0.3764 Acc: 0.8846 F1: 0.8844 | Train Meta: n/a | Val Meta: n/a
Epoch  44/50 | Train Loss: 0.5315 Acc: 0.7083 F1: 0.7054 | Val Loss: 0.3947 Acc: 0.8462 F1: 0.8462 | Train Meta: n/a | Val Meta: n/a
Epoch  45/50 | Train Loss: 0.5398 Acc: 0.7167 F1: 0.7101 | Val Loss: 0.3883 Acc: 0.8462 F1: 0.8462 | Train Meta: n/a | Val Meta: n/a
Epoch  46/50 | Train Loss: 0.5410 Acc: 0.6958 F1: 0.6892 | Val Loss: 0.4244 Acc: 0.8462 F1: 0.8462 | Train Meta: n/a | Val Meta: n/a
Epoch  47/50 | Train Loss: 0.5409 Acc: 0.7042 F1: 0.6998 | Val Loss: 0.3905 Acc: 0.8462 F1: 0.8462 | Train Meta: n/a | Val Meta: n/a
Epoch  48/50 | Train Loss: 0.5339 Acc: 0.7250 F1: 0.7217 | Val Loss: 0.3795 Acc: 0.8462 F1: 0.8462 | Train Meta: n/a | Val Meta: n/a
Epoch  49/50 | Train Loss: 0.5451 Acc: 0.7083 F1: 0.7059 | Val Loss: 0.3964 Acc: 0.8462 F1: 0.8462 | Train Meta: n/a | Val Meta: n/a
Epoch  50/50 | Train Loss: 0.5299 Acc: 0.7167 F1: 0.7101 | Val Loss: 0.3748 Acc: 0.8462 F1: 0.8452 | Train Meta: n/a | Val Meta: n/a

Classification Test Result (SelfRegulationSCP1)
Accuracy : 0.805461
F1 (macro): 0.802133
Saved attention maps for 3 sample(s) under ./runs/classification_electricity_to_SelfRegulationSCP1_laya_mixer_text/attention_maps
Text metadata preview | dataset=SelfRegulationSCP2 | domain=UEA | channels=7
   - channel_1: In the UEA domain, this channel belongs to the SelfRegulationSCP2 dataset and represents the feature channel 1.
   - channel_2: In the UEA domain, this channel belongs to the SelfRegulationSCP2 dataset and represents the feature channel 2.
   - ... (5 more channel descriptions)
/data/pjh_workspace/ts-env/lib/python3.8/site-packages/torch/nn/modules/transformer.py:307: UserWarning: enable_nested_tensor is True, but self.use_nested_tensor is False because encoder_layer.norm_first was True
  warnings.warn(f"enable_nested_tensor is True, but self.use_nested_tensor is False because {why_not_sparsity_fast_path}")
==================================================
🚀 Architecture: LAYA
📊 Target Dataset: SelfRegulationSCP2 (Channels: 7)
📊 Pretrain Info: electricity
📊 Classes: 2 | Sequence Length: 1152
==================================================
✅ Loaded pretrained encoder from ./checkpoints/electricity_laya_mixer_text/laya_ts_electricity_s_best.pt
   - 101/101 keys matched.
✅ Encoder is FROZEN (Linear Probing mode).
📝 metadata: mode=text, fusion=add, relation=none
ℹ️  Metadata Fusion Mode: add
ℹ️  Channel Mixer Relation Mode: none
ℹ️  Encoder Variant: default
ℹ️  Channel Adapter: disabled for Laya downstream (mixer)
ℹ️  Channel Relation Block: disabled
✅ ClassificationHead: [B, 256] → [B, 2]
Epoch   1/50 | Train Loss: 0.7616 Acc: 0.4830 F1: 0.4769 | Val Loss: 0.7440 Acc: 0.5000 F1: 0.4505 | Train Meta: n/a | Val Meta: n/a
Validation Loss decreased (inf --> 0.744004). Saving best model...
Epoch   2/50 | Train Loss: 0.6946 Acc: 0.4943 F1: 0.4839 | Val Loss: 0.6885 Acc: 0.6000 F1: 0.3750 | Train Meta: n/a | Val Meta: n/a
Validation Loss decreased (0.744004 --> 0.688531). Saving best model...
Epoch   3/50 | Train Loss: 0.7106 Acc: 0.4489 F1: 0.4480 | Val Loss: 0.7248 Acc: 0.5000 F1: 0.4792 | Train Meta: n/a | Val Meta: n/a
Epoch   4/50 | Train Loss: 0.6920 Acc: 0.4148 F1: 0.4027 | Val Loss: 0.6935 Acc: 0.3000 F1: 0.2929 | Train Meta: n/a | Val Meta: n/a
Epoch   5/50 | Train Loss: 0.6893 Acc: 0.5170 F1: 0.4293 | Val Loss: 0.7149 Acc: 0.4000 F1: 0.4000 | Train Meta: n/a | Val Meta: n/a
Epoch   6/50 | Train Loss: 0.6956 Acc: 0.5057 F1: 0.4564 | Val Loss: 0.7011 Acc: 0.4000 F1: 0.2857 | Train Meta: n/a | Val Meta: n/a
Epoch   7/50 | Train Loss: 0.7125 Acc: 0.4773 F1: 0.3650 | Val Loss: 0.7138 Acc: 0.5000 F1: 0.4792 | Train Meta: n/a | Val Meta: n/a
Epoch   8/50 | Train Loss: 0.6991 Acc: 0.4545 F1: 0.3714 | Val Loss: 0.6956 Acc: 0.5500 F1: 0.4872 | Train Meta: n/a | Val Meta: n/a
Epoch   9/50 | Train Loss: 0.6861 Acc: 0.4773 F1: 0.3495 | Val Loss: 0.7086 Acc: 0.4500 F1: 0.4486 | Train Meta: n/a | Val Meta: n/a
Epoch  10/50 | Train Loss: 0.6921 Acc: 0.4830 F1: 0.4070 | Val Loss: 0.7033 Acc: 0.5500 F1: 0.5489 | Train Meta: n/a | Val Meta: n/a
Epoch  11/50 | Train Loss: 0.6776 Acc: 0.5227 F1: 0.3984 | Val Loss: 0.7142 Acc: 0.3500 F1: 0.3484 | Train Meta: n/a | Val Meta: n/a
Epoch  12/50 | Train Loss: 0.6787 Acc: 0.5170 F1: 0.4972 | Val Loss: 0.7107 Acc: 0.4500 F1: 0.3103 | Train Meta: n/a | Val Meta: n/a
Epoch  13/50 | Train Loss: 0.6866 Acc: 0.4773 F1: 0.3790 | Val Loss: 0.7071 Acc: 0.6000 F1: 0.5960 | Train Meta: n/a | Val Meta: n/a
Epoch  14/50 | Train Loss: 0.6780 Acc: 0.5057 F1: 0.4564 | Val Loss: 0.7007 Acc: 0.4500 F1: 0.3732 | Train Meta: n/a | Val Meta: n/a
Epoch  15/50 | Train Loss: 0.6793 Acc: 0.5227 F1: 0.5177 | Val Loss: 0.7195 Acc: 0.4000 F1: 0.3939 | Train Meta: n/a | Val Meta: n/a
Epoch  16/50 | Train Loss: 0.6823 Acc: 0.5114 F1: 0.5021 | Val Loss: 0.7047 Acc: 0.5000 F1: 0.3333 | Train Meta: n/a | Val Meta: n/a
Epoch  17/50 | Train Loss: 0.6726 Acc: 0.5455 F1: 0.5278 | Val Loss: 0.7214 Acc: 0.4500 F1: 0.4486 | Train Meta: n/a | Val Meta: n/a
Epoch  18/50 | Train Loss: 0.6788 Acc: 0.5398 F1: 0.4939 | Val Loss: 0.7142 Acc: 0.4500 F1: 0.4486 | Train Meta: n/a | Val Meta: n/a
Epoch  19/50 | Train Loss: 0.6754 Acc: 0.5511 F1: 0.5500 | Val Loss: 0.7238 Acc: 0.3500 F1: 0.3067 | Train Meta: n/a | Val Meta: n/a
Epoch  20/50 | Train Loss: 0.6742 Acc: 0.5284 F1: 0.5280 | Val Loss: 0.7086 Acc: 0.4500 F1: 0.4133 | Train Meta: n/a | Val Meta: n/a
Epoch  21/50 | Train Loss: 0.6798 Acc: 0.4943 F1: 0.4896 | Val Loss: 0.7039 Acc: 0.4000 F1: 0.2857 | Train Meta: n/a | Val Meta: n/a
Epoch  22/50 | Train Loss: 0.6851 Acc: 0.4318 F1: 0.4244 | Val Loss: 0.7153 Acc: 0.5500 F1: 0.5489 | Train Meta: n/a | Val Meta: n/a
Epoch  23/50 | Train Loss: 0.6735 Acc: 0.5568 F1: 0.5273 | Val Loss: 0.7171 Acc: 0.3500 F1: 0.3067 | Train Meta: n/a | Val Meta: n/a
Epoch  24/50 | Train Loss: 0.6783 Acc: 0.5170 F1: 0.5101 | Val Loss: 0.7065 Acc: 0.5000 F1: 0.3333 | Train Meta: n/a | Val Meta: n/a
Epoch  25/50 | Train Loss: 0.6803 Acc: 0.5284 F1: 0.5170 | Val Loss: 0.7437 Acc: 0.4000 F1: 0.2857 | Train Meta: n/a | Val Meta: n/a
Epoch  26/50 | Train Loss: 0.6736 Acc: 0.5398 F1: 0.5394 | Val Loss: 0.7014 Acc: 0.4500 F1: 0.4133 | Train Meta: n/a | Val Meta: n/a
Epoch  27/50 | Train Loss: 0.6717 Acc: 0.5341 F1: 0.5292 | Val Loss: 0.7460 Acc: 0.4000 F1: 0.2857 | Train Meta: n/a | Val Meta: n/a
Epoch  28/50 | Train Loss: 0.6750 Acc: 0.5227 F1: 0.4446 | Val Loss: 0.7130 Acc: 0.4000 F1: 0.3407 | Train Meta: n/a | Val Meta: n/a
Epoch  29/50 | Train Loss: 0.6788 Acc: 0.4886 F1: 0.4884 | Val Loss: 0.7244 Acc: 0.5000 F1: 0.5000 | Train Meta: n/a | Val Meta: n/a
Epoch  30/50 | Train Loss: 0.6818 Acc: 0.5114 F1: 0.5062 | Val Loss: 0.7182 Acc: 0.5500 F1: 0.5489 | Train Meta: n/a | Val Meta: n/a
Epoch  31/50 | Train Loss: 0.6725 Acc: 0.5568 F1: 0.5484 | Val Loss: 0.7082 Acc: 0.4500 F1: 0.4133 | Train Meta: n/a | Val Meta: n/a
Epoch  32/50 | Train Loss: 0.6728 Acc: 0.5000 F1: 0.4756 | Val Loss: 0.7433 Acc: 0.5000 F1: 0.4505 | Train Meta: n/a | Val Meta: n/a
Epoch  33/50 | Train Loss: 0.6911 Acc: 0.5341 F1: 0.4404 | Val Loss: 0.7047 Acc: 0.4500 F1: 0.3732 | Train Meta: n/a | Val Meta: n/a
Epoch  34/50 | Train Loss: 0.6922 Acc: 0.5057 F1: 0.4382 | Val Loss: 0.7416 Acc: 0.4500 F1: 0.3732 | Train Meta: n/a | Val Meta: n/a
Epoch  35/50 | Train Loss: 0.6868 Acc: 0.5170 F1: 0.3511 | Val Loss: 0.7320 Acc: 0.4500 F1: 0.4486 | Train Meta: n/a | Val Meta: n/a
Epoch  36/50 | Train Loss: 0.6867 Acc: 0.5114 F1: 0.4471 | Val Loss: 0.7119 Acc: 0.4000 F1: 0.3407 | Train Meta: n/a | Val Meta: n/a
Epoch  37/50 | Train Loss: 0.6762 Acc: 0.5227 F1: 0.5121 | Val Loss: 0.7805 Acc: 0.4000 F1: 0.2857 | Train Meta: n/a | Val Meta: n/a
Epoch  38/50 | Train Loss: 0.7076 Acc: 0.4432 F1: 0.4429 | Val Loss: 0.7091 Acc: 0.4000 F1: 0.3407 | Train Meta: n/a | Val Meta: n/a
Epoch  39/50 | Train Loss: 0.6728 Acc: 0.5682 F1: 0.5195 | Val Loss: 0.7572 Acc: 0.4000 F1: 0.2857 | Train Meta: n/a | Val Meta: n/a
Epoch  40/50 | Train Loss: 0.6809 Acc: 0.5114 F1: 0.5062 | Val Loss: 0.7155 Acc: 0.4500 F1: 0.4133 | Train Meta: n/a | Val Meta: n/a
Epoch  41/50 | Train Loss: 0.6765 Acc: 0.5284 F1: 0.4731 | Val Loss: 0.7409 Acc: 0.4500 F1: 0.3732 | Train Meta: n/a | Val Meta: n/a
Epoch  42/50 | Train Loss: 0.6752 Acc: 0.5341 F1: 0.5253 | Val Loss: 0.7190 Acc: 0.3500 F1: 0.3067 | Train Meta: n/a | Val Meta: n/a
Epoch  43/50 | Train Loss: 0.6726 Acc: 0.5625 F1: 0.5584 | Val Loss: 0.7315 Acc: 0.4500 F1: 0.4373 | Train Meta: n/a | Val Meta: n/a
Epoch  44/50 | Train Loss: 0.6755 Acc: 0.5284 F1: 0.4731 | Val Loss: 0.7103 Acc: 0.4000 F1: 0.3407 | Train Meta: n/a | Val Meta: n/a
Epoch  45/50 | Train Loss: 0.6768 Acc: 0.5170 F1: 0.4864 | Val Loss: 0.7060 Acc: 0.4500 F1: 0.4133 | Train Meta: n/a | Val Meta: n/a
Epoch  46/50 | Train Loss: 0.6776 Acc: 0.5455 F1: 0.5152 | Val Loss: 0.7429 Acc: 0.4000 F1: 0.2857 | Train Meta: n/a | Val Meta: n/a
Epoch  47/50 | Train Loss: 0.6814 Acc: 0.5455 F1: 0.4478 | Val Loss: 0.7128 Acc: 0.4000 F1: 0.3407 | Train Meta: n/a | Val Meta: n/a
Epoch  48/50 | Train Loss: 0.6985 Acc: 0.4886 F1: 0.4397 | Val Loss: 0.7533 Acc: 0.4000 F1: 0.2857 | Train Meta: n/a | Val Meta: n/a
Epoch  49/50 | Train Loss: 0.6808 Acc: 0.5000 F1: 0.3614 | Val Loss: 0.7160 Acc: 0.5000 F1: 0.4949 | Train Meta: n/a | Val Meta: n/a
Epoch  50/50 | Train Loss: 0.6930 Acc: 0.5341 F1: 0.4681 | Val Loss: 0.7314 Acc: 0.3500 F1: 0.3484 | Train Meta: n/a | Val Meta: n/a

Classification Test Result (SelfRegulationSCP2)
Accuracy : 0.500000
F1 (macro): 0.333333
Saved attention maps for 3 sample(s) under ./runs/classification_electricity_to_SelfRegulationSCP2_laya_mixer_text/attention_maps
Text metadata preview | dataset=SpokenArabicDigits | domain=UEA | channels=13
   - channel_1: In the UEA domain, this channel belongs to the SpokenArabicDigits dataset and represents the feature channel 1.
   - channel_2: In the UEA domain, this channel belongs to the SpokenArabicDigits dataset and represents the feature channel 2.
   - ... (11 more channel descriptions)
/data/pjh_workspace/ts-env/lib/python3.8/site-packages/torch/nn/modules/transformer.py:307: UserWarning: enable_nested_tensor is True, but self.use_nested_tensor is False because encoder_layer.norm_first was True
  warnings.warn(f"enable_nested_tensor is True, but self.use_nested_tensor is False because {why_not_sparsity_fast_path}")
==================================================
🚀 Architecture: LAYA
📊 Target Dataset: SpokenArabicDigits (Channels: 13)
📊 Pretrain Info: electricity
📊 Classes: 10 | Sequence Length: 93
==================================================
✅ Loaded pretrained encoder from ./checkpoints/electricity_laya_mixer_text/laya_ts_electricity_s_best.pt
   - 101/101 keys matched.
✅ Encoder is FROZEN (Linear Probing mode).
📝 metadata: mode=text, fusion=add, relation=none
ℹ️  Metadata Fusion Mode: add
ℹ️  Channel Mixer Relation Mode: none
ℹ️  Encoder Variant: default
ℹ️  Channel Adapter: disabled for Laya downstream (mixer)
ℹ️  Channel Relation Block: disabled
✅ ClassificationHead: [B, 256] → [B, 10]
Epoch   1/50 | Train Loss: 1.9514 Acc: 0.3309 F1: 0.3185 | Val Loss: 1.6952 Acc: 0.4886 F1: 0.4827 | Train Meta: n/a | Val Meta: n/a
Validation Loss decreased (inf --> 1.695194). Saving best model...
Epoch   2/50 | Train Loss: 1.5659 Acc: 0.4768 F1: 0.4658 | Val Loss: 1.4581 Acc: 0.5387 F1: 0.5329 | Train Meta: n/a | Val Meta: n/a
Validation Loss decreased (1.695194 --> 1.458073). Saving best model...
Epoch   3/50 | Train Loss: 1.3739 Acc: 0.5529 F1: 0.5453 | Val Loss: 1.3005 Acc: 0.5994 F1: 0.6004 | Train Meta: n/a | Val Meta: n/a
Validation Loss decreased (1.458073 --> 1.300459). Saving best model...
Epoch   4/50 | Train Loss: 1.2494 Acc: 0.5879 F1: 0.5805 | Val Loss: 1.2493 Acc: 0.5766 F1: 0.5694 | Train Meta: n/a | Val Meta: n/a
Validation Loss decreased (1.300459 --> 1.249263). Saving best model...
Epoch   5/50 | Train Loss: 1.1648 Acc: 0.6216 F1: 0.6173 | Val Loss: 1.1546 Acc: 0.6009 F1: 0.5822 | Train Meta: n/a | Val Meta: n/a
Validation Loss decreased (1.249263 --> 1.154597). Saving best model...
Epoch   6/50 | Train Loss: 1.0879 Acc: 0.6484 F1: 0.6443 | Val Loss: 1.1010 Acc: 0.6373 F1: 0.6362 | Train Meta: n/a | Val Meta: n/a
Validation Loss decreased (1.154597 --> 1.101000). Saving best model...
Epoch   7/50 | Train Loss: 1.0417 Acc: 0.6636 F1: 0.6607 | Val Loss: 1.0324 Acc: 0.6586 F1: 0.6554 | Train Meta: n/a | Val Meta: n/a
Validation Loss decreased (1.101000 --> 1.032366). Saving best model...
Epoch   8/50 | Train Loss: 0.9920 Acc: 0.6831 F1: 0.6806 | Val Loss: 0.9864 Acc: 0.6813 F1: 0.6764 | Train Meta: n/a | Val Meta: n/a
Validation Loss decreased (1.032366 --> 0.986403). Saving best model...
Epoch   9/50 | Train Loss: 0.9575 Acc: 0.6902 F1: 0.6877 | Val Loss: 0.9445 Acc: 0.6829 F1: 0.6749 | Train Meta: n/a | Val Meta: n/a
Validation Loss decreased (0.986403 --> 0.944489). Saving best model...
Epoch  10/50 | Train Loss: 0.9245 Acc: 0.7099 F1: 0.7077 | Val Loss: 0.9224 Acc: 0.6950 F1: 0.6890 | Train Meta: n/a | Val Meta: n/a
Validation Loss decreased (0.944489 --> 0.922416). Saving best model...
Epoch  11/50 | Train Loss: 0.8953 Acc: 0.7091 F1: 0.7077 | Val Loss: 0.8936 Acc: 0.7102 F1: 0.7073 | Train Meta: n/a | Val Meta: n/a
Validation Loss decreased (0.922416 --> 0.893643). Saving best model...
Epoch  12/50 | Train Loss: 0.8692 Acc: 0.7229 F1: 0.7210 | Val Loss: 0.8874 Acc: 0.7162 F1: 0.7183 | Train Meta: n/a | Val Meta: n/a
Validation Loss decreased (0.893643 --> 0.887425). Saving best model...
Epoch  13/50 | Train Loss: 0.8451 Acc: 0.7326 F1: 0.7312 | Val Loss: 0.8534 Acc: 0.7041 F1: 0.7000 | Train Meta: n/a | Val Meta: n/a
Validation Loss decreased (0.887425 --> 0.853410). Saving best model...
Epoch  14/50 | Train Loss: 0.8223 Acc: 0.7367 F1: 0.7351 | Val Loss: 0.8550 Acc: 0.7193 F1: 0.7169 | Train Meta: n/a | Val Meta: n/a
Epoch  15/50 | Train Loss: 0.8066 Acc: 0.7416 F1: 0.7400 | Val Loss: 0.8112 Acc: 0.7420 F1: 0.7407 | Train Meta: n/a | Val Meta: n/a
Validation Loss decreased (0.853410 --> 0.811190). Saving best model...
Epoch  16/50 | Train Loss: 0.7887 Acc: 0.7461 F1: 0.7448 | Val Loss: 0.8272 Acc: 0.7329 F1: 0.7307 | Train Meta: n/a | Val Meta: n/a
Epoch  17/50 | Train Loss: 0.7714 Acc: 0.7571 F1: 0.7557 | Val Loss: 0.7963 Acc: 0.7420 F1: 0.7422 | Train Meta: n/a | Val Meta: n/a
Validation Loss decreased (0.811190 --> 0.796295). Saving best model...
Epoch  18/50 | Train Loss: 0.7590 Acc: 0.7566 F1: 0.7553 | Val Loss: 0.7750 Acc: 0.7344 F1: 0.7324 | Train Meta: n/a | Val Meta: n/a
Validation Loss decreased (0.796295 --> 0.774956). Saving best model...
Epoch  19/50 | Train Loss: 0.7431 Acc: 0.7647 F1: 0.7636 | Val Loss: 0.7818 Acc: 0.7420 F1: 0.7416 | Train Meta: n/a | Val Meta: n/a
Epoch  20/50 | Train Loss: 0.7308 Acc: 0.7694 F1: 0.7684 | Val Loss: 0.7537 Acc: 0.7557 F1: 0.7548 | Train Meta: n/a | Val Meta: n/a
Validation Loss decreased (0.774956 --> 0.753664). Saving best model...
Epoch  21/50 | Train Loss: 0.7193 Acc: 0.7704 F1: 0.7691 | Val Loss: 0.7531 Acc: 0.7375 F1: 0.7330 | Train Meta: n/a | Val Meta: n/a
Validation Loss decreased (0.753664 --> 0.753092). Saving best model...
Epoch  22/50 | Train Loss: 0.7086 Acc: 0.7781 F1: 0.7772 | Val Loss: 0.7554 Acc: 0.7420 F1: 0.7427 | Train Meta: n/a | Val Meta: n/a
Epoch  23/50 | Train Loss: 0.6989 Acc: 0.7796 F1: 0.7785 | Val Loss: 0.7305 Acc: 0.7663 F1: 0.7652 | Train Meta: n/a | Val Meta: n/a
Validation Loss decreased (0.753092 --> 0.730474). Saving best model...
Epoch  24/50 | Train Loss: 0.6872 Acc: 0.7807 F1: 0.7796 | Val Loss: 0.7369 Acc: 0.7542 F1: 0.7546 | Train Meta: n/a | Val Meta: n/a
Epoch  25/50 | Train Loss: 0.6780 Acc: 0.7842 F1: 0.7834 | Val Loss: 0.7068 Acc: 0.7663 F1: 0.7654 | Train Meta: n/a | Val Meta: n/a
Validation Loss decreased (0.730474 --> 0.706771). Saving best model...
Epoch  26/50 | Train Loss: 0.6700 Acc: 0.7886 F1: 0.7878 | Val Loss: 0.7029 Acc: 0.7648 F1: 0.7641 | Train Meta: n/a | Val Meta: n/a
Validation Loss decreased (0.706771 --> 0.702950). Saving best model...
Epoch  27/50 | Train Loss: 0.6643 Acc: 0.7879 F1: 0.7870 | Val Loss: 0.6973 Acc: 0.7572 F1: 0.7525 | Train Meta: n/a | Val Meta: n/a
Validation Loss decreased (0.702950 --> 0.697301). Saving best model...
Epoch  28/50 | Train Loss: 0.6552 Acc: 0.7911 F1: 0.7900 | Val Loss: 0.6826 Acc: 0.7724 F1: 0.7718 | Train Meta: n/a | Val Meta: n/a
Validation Loss decreased (0.697301 --> 0.682604). Saving best model...
Epoch  29/50 | Train Loss: 0.6458 Acc: 0.7977 F1: 0.7965 | Val Loss: 0.6839 Acc: 0.7678 F1: 0.7662 | Train Meta: n/a | Val Meta: n/a
Epoch  30/50 | Train Loss: 0.6408 Acc: 0.7967 F1: 0.7957 | Val Loss: 0.6791 Acc: 0.7678 F1: 0.7685 | Train Meta: n/a | Val Meta: n/a
Validation Loss decreased (0.682604 --> 0.679084). Saving best model...
Epoch  31/50 | Train Loss: 0.6329 Acc: 0.8042 F1: 0.8033 | Val Loss: 0.6846 Acc: 0.7800 F1: 0.7800 | Train Meta: n/a | Val Meta: n/a
Epoch  32/50 | Train Loss: 0.6267 Acc: 0.8022 F1: 0.8012 | Val Loss: 0.6928 Acc: 0.7572 F1: 0.7561 | Train Meta: n/a | Val Meta: n/a
Epoch  33/50 | Train Loss: 0.6203 Acc: 0.8042 F1: 0.8038 | Val Loss: 0.6683 Acc: 0.7815 F1: 0.7784 | Train Meta: n/a | Val Meta: n/a
Validation Loss decreased (0.679084 --> 0.668256). Saving best model...
Epoch  34/50 | Train Loss: 0.6148 Acc: 0.8071 F1: 0.8064 | Val Loss: 0.6557 Acc: 0.7769 F1: 0.7755 | Train Meta: n/a | Val Meta: n/a
Validation Loss decreased (0.668256 --> 0.655723). Saving best model...
Epoch  35/50 | Train Loss: 0.6090 Acc: 0.8083 F1: 0.8075 | Val Loss: 0.6617 Acc: 0.7815 F1: 0.7827 | Train Meta: n/a | Val Meta: n/a
Epoch  36/50 | Train Loss: 0.6075 Acc: 0.8068 F1: 0.8061 | Val Loss: 0.6645 Acc: 0.7830 F1: 0.7833 | Train Meta: n/a | Val Meta: n/a
Epoch  37/50 | Train Loss: 0.6009 Acc: 0.8100 F1: 0.8091 | Val Loss: 0.6428 Acc: 0.7921 F1: 0.7929 | Train Meta: n/a | Val Meta: n/a
Validation Loss decreased (0.655723 --> 0.642792). Saving best model...
Epoch  38/50 | Train Loss: 0.5942 Acc: 0.8132 F1: 0.8124 | Val Loss: 0.6383 Acc: 0.7891 F1: 0.7893 | Train Meta: n/a | Val Meta: n/a
Validation Loss decreased (0.642792 --> 0.638330). Saving best model...
Epoch  39/50 | Train Loss: 0.5895 Acc: 0.8186 F1: 0.8179 | Val Loss: 0.6432 Acc: 0.7693 F1: 0.7669 | Train Meta: n/a | Val Meta: n/a
Epoch  40/50 | Train Loss: 0.5836 Acc: 0.8174 F1: 0.8166 | Val Loss: 0.6234 Acc: 0.7891 F1: 0.7881 | Train Meta: n/a | Val Meta: n/a
Validation Loss decreased (0.638330 --> 0.623386). Saving best model...
Epoch  41/50 | Train Loss: 0.5782 Acc: 0.8181 F1: 0.8175 | Val Loss: 0.6233 Acc: 0.7891 F1: 0.7890 | Train Meta: n/a | Val Meta: n/a
Validation Loss decreased (0.623386 --> 0.623326). Saving best model...
Epoch  42/50 | Train Loss: 0.5752 Acc: 0.8206 F1: 0.8199 | Val Loss: 0.6154 Acc: 0.8012 F1: 0.8008 | Train Meta: n/a | Val Meta: n/a
Validation Loss decreased (0.623326 --> 0.615416). Saving best model...
Epoch  43/50 | Train Loss: 0.5710 Acc: 0.8213 F1: 0.8205 | Val Loss: 0.6282 Acc: 0.7830 F1: 0.7829 | Train Meta: n/a | Val Meta: n/a
Epoch  44/50 | Train Loss: 0.5674 Acc: 0.8246 F1: 0.8241 | Val Loss: 0.6097 Acc: 0.7830 F1: 0.7820 | Train Meta: n/a | Val Meta: n/a
Validation Loss decreased (0.615416 --> 0.609717). Saving best model...
Epoch  45/50 | Train Loss: 0.5622 Acc: 0.8250 F1: 0.8245 | Val Loss: 0.6222 Acc: 0.7891 F1: 0.7902 | Train Meta: n/a | Val Meta: n/a
Epoch  46/50 | Train Loss: 0.5572 Acc: 0.8307 F1: 0.8302 | Val Loss: 0.6050 Acc: 0.7921 F1: 0.7914 | Train Meta: n/a | Val Meta: n/a
Validation Loss decreased (0.609717 --> 0.604973). Saving best model...
Epoch  47/50 | Train Loss: 0.5566 Acc: 0.8261 F1: 0.8255 | Val Loss: 0.6113 Acc: 0.7891 F1: 0.7883 | Train Meta: n/a | Val Meta: n/a
Epoch  48/50 | Train Loss: 0.5524 Acc: 0.8288 F1: 0.8282 | Val Loss: 0.6024 Acc: 0.7906 F1: 0.7873 | Train Meta: n/a | Val Meta: n/a
Validation Loss decreased (0.604973 --> 0.602406). Saving best model...
Epoch  49/50 | Train Loss: 0.5475 Acc: 0.8331 F1: 0.8324 | Val Loss: 0.6086 Acc: 0.7997 F1: 0.8000 | Train Meta: n/a | Val Meta: n/a
Epoch  50/50 | Train Loss: 0.5440 Acc: 0.8342 F1: 0.8337 | Val Loss: 0.6060 Acc: 0.7967 F1: 0.7975 | Train Meta: n/a | Val Meta: n/a

Classification Test Result (SpokenArabicDigits)
Accuracy : 0.595271
F1 (macro): 0.579228
Saved attention maps for 3 sample(s) under ./runs/classification_electricity_to_SpokenArabicDigits_laya_mixer_text/attention_maps
Text metadata preview | dataset=UWaveGestureLibrary | domain=UEA | channels=3
   - channel_1: In the UEA domain, this channel belongs to the UWaveGestureLibrary dataset and represents the feature channel 1.
   - channel_2: In the UEA domain, this channel belongs to the UWaveGestureLibrary dataset and represents the feature channel 2.
   - ... (1 more channel descriptions)
/data/pjh_workspace/ts-env/lib/python3.8/site-packages/torch/nn/modules/transformer.py:307: UserWarning: enable_nested_tensor is True, but self.use_nested_tensor is False because encoder_layer.norm_first was True
  warnings.warn(f"enable_nested_tensor is True, but self.use_nested_tensor is False because {why_not_sparsity_fast_path}")
==================================================
🚀 Architecture: LAYA
📊 Target Dataset: UWaveGestureLibrary (Channels: 3)
📊 Pretrain Info: electricity
📊 Classes: 8 | Sequence Length: 315
==================================================
✅ Loaded pretrained encoder from ./checkpoints/electricity_laya_mixer_text/laya_ts_electricity_s_best.pt
   - 101/101 keys matched.
✅ Encoder is FROZEN (Linear Probing mode).
📝 metadata: mode=text, fusion=add, relation=none
ℹ️  Metadata Fusion Mode: add
ℹ️  Channel Mixer Relation Mode: none
ℹ️  Encoder Variant: default
ℹ️  Channel Adapter: disabled for Laya downstream (mixer)
ℹ️  Channel Relation Block: disabled
✅ ClassificationHead: [B, 256] → [B, 8]
Epoch   1/50 | Train Loss: 1.8881 Acc: 0.1250 F1: 0.0795 | Val Loss: 2.0622 Acc: 0.0833 F1: 0.0357 | Train Meta: n/a | Val Meta: n/a
Validation Loss decreased (inf --> 2.062196). Saving best model...
Epoch   2/50 | Train Loss: 1.8434 Acc: 0.0833 F1: 0.0422 | Val Loss: 2.0312 Acc: 0.0000 F1: 0.0000 | Train Meta: n/a | Val Meta: n/a
Validation Loss decreased (2.062196 --> 2.031156). Saving best model...
Epoch   3/50 | Train Loss: 1.8191 Acc: 0.1458 F1: 0.0527 | Val Loss: 2.1008 Acc: 0.0000 F1: 0.0000 | Train Meta: n/a | Val Meta: n/a
Epoch   4/50 | Train Loss: 1.7815 Acc: 0.1875 F1: 0.1462 | Val Loss: 2.0407 Acc: 0.3333 F1: 0.3651 | Train Meta: n/a | Val Meta: n/a
Epoch   5/50 | Train Loss: 1.7566 Acc: 0.2708 F1: 0.2081 | Val Loss: 1.9802 Acc: 0.2500 F1: 0.1429 | Train Meta: n/a | Val Meta: n/a
Validation Loss decreased (2.031156 --> 1.980231). Saving best model...
Epoch   6/50 | Train Loss: 1.7412 Acc: 0.3958 F1: 0.2923 | Val Loss: 1.9619 Acc: 0.2500 F1: 0.1528 | Train Meta: n/a | Val Meta: n/a
Validation Loss decreased (1.980231 --> 1.961923). Saving best model...
Epoch   7/50 | Train Loss: 1.7197 Acc: 0.3958 F1: 0.2988 | Val Loss: 1.9200 Acc: 0.3333 F1: 0.2812 | Train Meta: n/a | Val Meta: n/a
Validation Loss decreased (1.961923 --> 1.920045). Saving best model...
Epoch   8/50 | Train Loss: 1.6987 Acc: 0.4896 F1: 0.4187 | Val Loss: 1.9411 Acc: 0.5000 F1: 0.4107 | Train Meta: n/a | Val Meta: n/a
Epoch   9/50 | Train Loss: 1.6853 Acc: 0.4479 F1: 0.3969 | Val Loss: 1.9244 Acc: 0.3333 F1: 0.3229 | Train Meta: n/a | Val Meta: n/a
Epoch  10/50 | Train Loss: 1.6674 Acc: 0.4062 F1: 0.4047 | Val Loss: 1.8723 Acc: 0.4167 F1: 0.3175 | Train Meta: n/a | Val Meta: n/a
Validation Loss decreased (1.920045 --> 1.872259). Saving best model...
Epoch  11/50 | Train Loss: 1.6548 Acc: 0.4167 F1: 0.3313 | Val Loss: 1.8262 Acc: 0.4167 F1: 0.2188 | Train Meta: n/a | Val Meta: n/a
Validation Loss decreased (1.872259 --> 1.826155). Saving best model...
Epoch  12/50 | Train Loss: 1.6345 Acc: 0.5000 F1: 0.4406 | Val Loss: 1.7545 Acc: 0.5833 F1: 0.3854 | Train Meta: n/a | Val Meta: n/a
Validation Loss decreased (1.826155 --> 1.754542). Saving best model...
Epoch  13/50 | Train Loss: 1.6211 Acc: 0.4583 F1: 0.3943 | Val Loss: 1.7626 Acc: 0.5833 F1: 0.3854 | Train Meta: n/a | Val Meta: n/a
Epoch  14/50 | Train Loss: 1.6090 Acc: 0.4271 F1: 0.3689 | Val Loss: 1.8101 Acc: 0.2500 F1: 0.1833 | Train Meta: n/a | Val Meta: n/a
Epoch  15/50 | Train Loss: 1.5766 Acc: 0.4583 F1: 0.3787 | Val Loss: 1.7771 Acc: 0.3333 F1: 0.2500 | Train Meta: n/a | Val Meta: n/a
Epoch  16/50 | Train Loss: 1.5413 Acc: 0.5208 F1: 0.4439 | Val Loss: 1.7576 Acc: 0.4167 F1: 0.3000 | Train Meta: n/a | Val Meta: n/a
Epoch  17/50 | Train Loss: 1.5636 Acc: 0.4896 F1: 0.4329 | Val Loss: 1.7850 Acc: 0.3333 F1: 0.2708 | Train Meta: n/a | Val Meta: n/a
Epoch  18/50 | Train Loss: 1.5392 Acc: 0.5104 F1: 0.4480 | Val Loss: 1.7043 Acc: 0.4167 F1: 0.3750 | Train Meta: n/a | Val Meta: n/a
Validation Loss decreased (1.754542 --> 1.704261). Saving best model...
Epoch  19/50 | Train Loss: 1.5146 Acc: 0.6146 F1: 0.5787 | Val Loss: 1.6808 Acc: 0.5833 F1: 0.4833 | Train Meta: n/a | Val Meta: n/a
Validation Loss decreased (1.704261 --> 1.680823). Saving best model...
Epoch  20/50 | Train Loss: 1.5066 Acc: 0.5521 F1: 0.4801 | Val Loss: 1.6331 Acc: 0.6667 F1: 0.3611 | Train Meta: n/a | Val Meta: n/a
Validation Loss decreased (1.680823 --> 1.633137). Saving best model...
Epoch  21/50 | Train Loss: 1.4863 Acc: 0.5625 F1: 0.4657 | Val Loss: 1.6692 Acc: 0.3333 F1: 0.2500 | Train Meta: n/a | Val Meta: n/a
Epoch  22/50 | Train Loss: 1.5099 Acc: 0.5417 F1: 0.4897 | Val Loss: 1.6147 Acc: 0.4167 F1: 0.3000 | Train Meta: n/a | Val Meta: n/a
Validation Loss decreased (1.633137 --> 1.614663). Saving best model...
Epoch  23/50 | Train Loss: 1.4645 Acc: 0.5833 F1: 0.5318 | Val Loss: 1.6374 Acc: 0.4167 F1: 0.3500 | Train Meta: n/a | Val Meta: n/a
Epoch  24/50 | Train Loss: 1.4597 Acc: 0.6354 F1: 0.5452 | Val Loss: 1.6895 Acc: 0.5000 F1: 0.4167 | Train Meta: n/a | Val Meta: n/a
Epoch  25/50 | Train Loss: 1.4618 Acc: 0.6042 F1: 0.5091 | Val Loss: 1.6437 Acc: 0.4167 F1: 0.2857 | Train Meta: n/a | Val Meta: n/a
Epoch  26/50 | Train Loss: 1.4369 Acc: 0.6042 F1: 0.5199 | Val Loss: 1.5455 Acc: 0.7500 F1: 0.5655 | Train Meta: n/a | Val Meta: n/a
Validation Loss decreased (1.614663 --> 1.545460). Saving best model...
Epoch  27/50 | Train Loss: 1.4231 Acc: 0.5938 F1: 0.5578 | Val Loss: 1.5051 Acc: 0.6667 F1: 0.3611 | Train Meta: n/a | Val Meta: n/a
Validation Loss decreased (1.545460 --> 1.505081). Saving best model...
Epoch  28/50 | Train Loss: 1.4319 Acc: 0.5938 F1: 0.5324 | Val Loss: 1.5057 Acc: 0.6667 F1: 0.3500 | Train Meta: n/a | Val Meta: n/a
Epoch  29/50 | Train Loss: 1.4168 Acc: 0.6146 F1: 0.5515 | Val Loss: 1.5034 Acc: 0.4167 F1: 0.2917 | Train Meta: n/a | Val Meta: n/a
Validation Loss decreased (1.505081 --> 1.503381). Saving best model...
Epoch  30/50 | Train Loss: 1.4073 Acc: 0.6146 F1: 0.5862 | Val Loss: 1.5360 Acc: 0.4167 F1: 0.3000 | Train Meta: n/a | Val Meta: n/a
Epoch  31/50 | Train Loss: 1.4067 Acc: 0.5729 F1: 0.5491 | Val Loss: 1.5065 Acc: 0.5000 F1: 0.3333 | Train Meta: n/a | Val Meta: n/a
Epoch  32/50 | Train Loss: 1.3846 Acc: 0.6562 F1: 0.6291 | Val Loss: 1.5171 Acc: 0.6667 F1: 0.4405 | Train Meta: n/a | Val Meta: n/a
Epoch  33/50 | Train Loss: 1.3870 Acc: 0.5625 F1: 0.5307 | Val Loss: 1.5254 Acc: 0.6667 F1: 0.4821 | Train Meta: n/a | Val Meta: n/a
Epoch  34/50 | Train Loss: 1.3650 Acc: 0.5208 F1: 0.4644 | Val Loss: 1.5032 Acc: 0.4167 F1: 0.3500 | Train Meta: n/a | Val Meta: n/a
Validation Loss decreased (1.503381 --> 1.503217). Saving best model...
Epoch  35/50 | Train Loss: 1.3313 Acc: 0.6146 F1: 0.5594 | Val Loss: 1.4588 Acc: 0.7500 F1: 0.6071 | Train Meta: n/a | Val Meta: n/a
Validation Loss decreased (1.503217 --> 1.458796). Saving best model...
Epoch  36/50 | Train Loss: 1.3432 Acc: 0.6042 F1: 0.5441 | Val Loss: 1.4481 Acc: 0.5000 F1: 0.3417 | Train Meta: n/a | Val Meta: n/a
Validation Loss decreased (1.458796 --> 1.448114). Saving best model...
Epoch  37/50 | Train Loss: 1.3236 Acc: 0.7083 F1: 0.6956 | Val Loss: 1.4542 Acc: 0.5833 F1: 0.4750 | Train Meta: n/a | Val Meta: n/a
Epoch  38/50 | Train Loss: 1.2962 Acc: 0.7188 F1: 0.7067 | Val Loss: 1.4749 Acc: 0.5833 F1: 0.4875 | Train Meta: n/a | Val Meta: n/a
Epoch  39/50 | Train Loss: 1.3250 Acc: 0.6042 F1: 0.5666 | Val Loss: 1.4205 Acc: 0.6667 F1: 0.4821 | Train Meta: n/a | Val Meta: n/a
Validation Loss decreased (1.448114 --> 1.420502). Saving best model...
Epoch  40/50 | Train Loss: 1.3064 Acc: 0.5729 F1: 0.5130 | Val Loss: 1.3730 Acc: 0.8333 F1: 0.6250 | Train Meta: n/a | Val Meta: n/a
Validation Loss decreased (1.420502 --> 1.373044). Saving best model...
Epoch  41/50 | Train Loss: 1.2648 Acc: 0.6771 F1: 0.6382 | Val Loss: 1.3953 Acc: 0.6667 F1: 0.4571 | Train Meta: n/a | Val Meta: n/a
Epoch  42/50 | Train Loss: 1.2935 Acc: 0.6458 F1: 0.6245 | Val Loss: 1.4070 Acc: 0.6667 F1: 0.4821 | Train Meta: n/a | Val Meta: n/a
Epoch  43/50 | Train Loss: 1.2269 Acc: 0.6667 F1: 0.6315 | Val Loss: 1.4122 Acc: 0.6667 F1: 0.4821 | Train Meta: n/a | Val Meta: n/a
Epoch  44/50 | Train Loss: 1.2729 Acc: 0.6354 F1: 0.6166 | Val Loss: 1.4221 Acc: 0.5833 F1: 0.5500 | Train Meta: n/a | Val Meta: n/a
Epoch  45/50 | Train Loss: 1.2533 Acc: 0.6875 F1: 0.6485 | Val Loss: 1.3564 Acc: 0.5833 F1: 0.4583 | Train Meta: n/a | Val Meta: n/a
Validation Loss decreased (1.373044 --> 1.356368). Saving best model...
Epoch  46/50 | Train Loss: 1.2412 Acc: 0.7188 F1: 0.6872 | Val Loss: 1.3378 Acc: 0.7500 F1: 0.6071 | Train Meta: n/a | Val Meta: n/a
Validation Loss decreased (1.356368 --> 1.337806). Saving best model...
Epoch  47/50 | Train Loss: 1.2593 Acc: 0.6458 F1: 0.6262 | Val Loss: 1.3797 Acc: 0.7500 F1: 0.6071 | Train Meta: n/a | Val Meta: n/a
Epoch  48/50 | Train Loss: 1.2106 Acc: 0.6250 F1: 0.6034 | Val Loss: 1.3653 Acc: 0.7500 F1: 0.6071 | Train Meta: n/a | Val Meta: n/a
Epoch  49/50 | Train Loss: 1.2360 Acc: 0.6146 F1: 0.6000 | Val Loss: 1.3429 Acc: 0.4167 F1: 0.3750 | Train Meta: n/a | Val Meta: n/a
Epoch  50/50 | Train Loss: 1.2092 Acc: 0.7292 F1: 0.7227 | Val Loss: 1.3348 Acc: 0.5833 F1: 0.4875 | Train Meta: n/a | Val Meta: n/a
Validation Loss decreased (1.337806 --> 1.334813). Saving best model...

Classification Test Result (UWaveGestureLibrary)
Accuracy : 0.571875
F1 (macro): 0.564503
Saved attention maps for 3 sample(s) under ./runs/classification_electricity_to_UWaveGestureLibrary_laya_mixer_text/attention_maps
Text metadata preview | dataset=ECG200 | domain=UCR | channels=1
   - channel_1: In the UCR domain, this channel belongs to the ECG200 dataset and represents the feature channel 1.
/data/pjh_workspace/ts-env/lib/python3.8/site-packages/torch/nn/modules/transformer.py:307: UserWarning: enable_nested_tensor is True, but self.use_nested_tensor is False because encoder_layer.norm_first was True
  warnings.warn(f"enable_nested_tensor is True, but self.use_nested_tensor is False because {why_not_sparsity_fast_path}")
==================================================
🚀 Architecture: LAYA
📊 Target Dataset: ECG200 (Channels: 1)
📊 Pretrain Info: electricity
📊 Classes: 2 | Sequence Length: 96
==================================================
✅ Loaded pretrained encoder from ./checkpoints/electricity_laya_mixer_text/laya_ts_electricity_s_best.pt
   - 101/101 keys matched.
✅ Encoder is FROZEN (Linear Probing mode).
📝 metadata: mode=text, fusion=add, relation=none
ℹ️  Metadata Fusion Mode: add
ℹ️  Channel Mixer Relation Mode: none
ℹ️  Encoder Variant: default
ℹ️  Channel Adapter: disabled for Laya downstream (mixer)
ℹ️  Channel Relation Block: disabled
✅ ClassificationHead: [B, 256] → [B, 2]
Epoch   1/50 | Train Loss: 0.5150 Acc: 0.7000 F1: 0.4118 | Val Loss: 0.6338 Acc: 0.6000 F1: 0.3750 | Train Meta: n/a | Val Meta: n/a
Validation Loss decreased (inf --> 0.633794). Saving best model...
Epoch   2/50 | Train Loss: 0.5104 Acc: 0.7250 F1: 0.5487 | Val Loss: 0.6552 Acc: 0.6000 F1: 0.3750 | Train Meta: n/a | Val Meta: n/a
Epoch   3/50 | Train Loss: 0.4818 Acc: 0.7000 F1: 0.4118 | Val Loss: 0.6979 Acc: 0.6000 F1: 0.3750 | Train Meta: n/a | Val Meta: n/a
Epoch   4/50 | Train Loss: 0.4538 Acc: 0.7000 F1: 0.4118 | Val Loss: 0.6320 Acc: 0.6000 F1: 0.3750 | Train Meta: n/a | Val Meta: n/a
Validation Loss decreased (0.633794 --> 0.631987). Saving best model...
Epoch   5/50 | Train Loss: 0.4432 Acc: 0.7625 F1: 0.6526 | Val Loss: 0.6135 Acc: 0.6000 F1: 0.3750 | Train Meta: n/a | Val Meta: n/a
Validation Loss decreased (0.631987 --> 0.613467). Saving best model...
Epoch   6/50 | Train Loss: 0.4356 Acc: 0.7625 F1: 0.6660 | Val Loss: 0.6303 Acc: 0.6000 F1: 0.3750 | Train Meta: n/a | Val Meta: n/a
Epoch   7/50 | Train Loss: 0.4122 Acc: 0.7750 F1: 0.6484 | Val Loss: 0.6335 Acc: 0.6000 F1: 0.3750 | Train Meta: n/a | Val Meta: n/a
Epoch   8/50 | Train Loss: 0.4170 Acc: 0.7625 F1: 0.6526 | Val Loss: 0.6445 Acc: 0.6000 F1: 0.3750 | Train Meta: n/a | Val Meta: n/a
Epoch   9/50 | Train Loss: 0.3924 Acc: 0.7875 F1: 0.7012 | Val Loss: 0.6130 Acc: 0.6000 F1: 0.3750 | Train Meta: n/a | Val Meta: n/a
Validation Loss decreased (0.613467 --> 0.613043). Saving best model...
Epoch  10/50 | Train Loss: 0.3875 Acc: 0.7750 F1: 0.7094 | Val Loss: 0.6000 Acc: 0.7000 F1: 0.6000 | Train Meta: n/a | Val Meta: n/a
Validation Loss decreased (0.613043 --> 0.599987). Saving best model...
Epoch  11/50 | Train Loss: 0.3878 Acc: 0.7500 F1: 0.6549 | Val Loss: 0.6380 Acc: 0.6000 F1: 0.3750 | Train Meta: n/a | Val Meta: n/a
Epoch  12/50 | Train Loss: 0.3956 Acc: 0.7500 F1: 0.6549 | Val Loss: 0.6266 Acc: 0.6000 F1: 0.3750 | Train Meta: n/a | Val Meta: n/a
Epoch  13/50 | Train Loss: 0.4083 Acc: 0.7375 F1: 0.6661 | Val Loss: 0.5909 Acc: 0.7000 F1: 0.6703 | Train Meta: n/a | Val Meta: n/a
Validation Loss decreased (0.599987 --> 0.590920). Saving best model...
Epoch  14/50 | Train Loss: 0.3944 Acc: 0.7625 F1: 0.7063 | Val Loss: 0.6012 Acc: 0.7000 F1: 0.6000 | Train Meta: n/a | Val Meta: n/a
Epoch  15/50 | Train Loss: 0.3720 Acc: 0.7375 F1: 0.6309 | Val Loss: 0.6277 Acc: 0.6000 F1: 0.3750 | Train Meta: n/a | Val Meta: n/a
Epoch  16/50 | Train Loss: 0.3668 Acc: 0.7875 F1: 0.7012 | Val Loss: 0.6362 Acc: 0.6000 F1: 0.3750 | Train Meta: n/a | Val Meta: n/a
Epoch  17/50 | Train Loss: 0.3519 Acc: 0.7750 F1: 0.6774 | Val Loss: 0.6098 Acc: 0.6000 F1: 0.3750 | Train Meta: n/a | Val Meta: n/a
Epoch  18/50 | Train Loss: 0.3754 Acc: 0.7625 F1: 0.6979 | Val Loss: 0.5895 Acc: 0.7000 F1: 0.6703 | Train Meta: n/a | Val Meta: n/a
Validation Loss decreased (0.590920 --> 0.589456). Saving best model...
Epoch  19/50 | Train Loss: 0.3665 Acc: 0.7500 F1: 0.6667 | Val Loss: 0.6091 Acc: 0.7000 F1: 0.6000 | Train Meta: n/a | Val Meta: n/a
Epoch  20/50 | Train Loss: 0.3688 Acc: 0.7250 F1: 0.6449 | Val Loss: 0.5818 Acc: 0.7000 F1: 0.6703 | Train Meta: n/a | Val Meta: n/a
Validation Loss decreased (0.589456 --> 0.581789). Saving best model...
Epoch  21/50 | Train Loss: 0.3536 Acc: 0.7500 F1: 0.6772 | Val Loss: 0.5983 Acc: 0.7000 F1: 0.6000 | Train Meta: n/a | Val Meta: n/a
Epoch  22/50 | Train Loss: 0.3467 Acc: 0.7625 F1: 0.6779 | Val Loss: 0.5730 Acc: 0.7000 F1: 0.6703 | Train Meta: n/a | Val Meta: n/a
Validation Loss decreased (0.581789 --> 0.573042). Saving best model...
Epoch  23/50 | Train Loss: 0.3499 Acc: 0.8125 F1: 0.7741 | Val Loss: 0.5654 Acc: 0.7000 F1: 0.6703 | Train Meta: n/a | Val Meta: n/a
Validation Loss decreased (0.573042 --> 0.565409). Saving best model...
Epoch  24/50 | Train Loss: 0.3355 Acc: 0.7750 F1: 0.7321 | Val Loss: 0.5793 Acc: 0.7000 F1: 0.6703 | Train Meta: n/a | Val Meta: n/a
Epoch  25/50 | Train Loss: 0.3671 Acc: 0.7375 F1: 0.6661 | Val Loss: 0.5900 Acc: 0.8000 F1: 0.7619 | Train Meta: n/a | Val Meta: n/a
Epoch  26/50 | Train Loss: 0.3402 Acc: 0.7750 F1: 0.7179 | Val Loss: 0.5634 Acc: 0.7000 F1: 0.6703 | Train Meta: n/a | Val Meta: n/a
Validation Loss decreased (0.565409 --> 0.563417). Saving best model...
Epoch  27/50 | Train Loss: 0.3609 Acc: 0.7875 F1: 0.7554 | Val Loss: 0.5533 Acc: 0.7000 F1: 0.6703 | Train Meta: n/a | Val Meta: n/a
Validation Loss decreased (0.563417 --> 0.553259). Saving best model...
Epoch  28/50 | Train Loss: 0.3547 Acc: 0.7875 F1: 0.7500 | Val Loss: 0.5796 Acc: 0.7000 F1: 0.6703 | Train Meta: n/a | Val Meta: n/a
Epoch  29/50 | Train Loss: 0.3295 Acc: 0.7750 F1: 0.7000 | Val Loss: 0.5775 Acc: 0.7000 F1: 0.6703 | Train Meta: n/a | Val Meta: n/a
Epoch  30/50 | Train Loss: 0.3689 Acc: 0.7625 F1: 0.7205 | Val Loss: 0.5578 Acc: 0.7000 F1: 0.6703 | Train Meta: n/a | Val Meta: n/a
Epoch  31/50 | Train Loss: 0.3510 Acc: 0.8000 F1: 0.7619 | Val Loss: 0.5504 Acc: 0.7000 F1: 0.6703 | Train Meta: n/a | Val Meta: n/a
Validation Loss decreased (0.553259 --> 0.550406). Saving best model...
Epoch  32/50 | Train Loss: 0.3393 Acc: 0.7875 F1: 0.7439 | Val Loss: 0.5862 Acc: 0.8000 F1: 0.7619 | Train Meta: n/a | Val Meta: n/a
Epoch  33/50 | Train Loss: 0.3465 Acc: 0.7625 F1: 0.6885 | Val Loss: 0.5957 Acc: 0.8000 F1: 0.7619 | Train Meta: n/a | Val Meta: n/a
Epoch  34/50 | Train Loss: 0.3434 Acc: 0.7875 F1: 0.7297 | Val Loss: 0.5507 Acc: 0.7000 F1: 0.6703 | Train Meta: n/a | Val Meta: n/a
Epoch  35/50 | Train Loss: 0.3308 Acc: 0.8250 F1: 0.7864 | Val Loss: 0.5448 Acc: 0.7000 F1: 0.6703 | Train Meta: n/a | Val Meta: n/a
Validation Loss decreased (0.550406 --> 0.544822). Saving best model...
Epoch  36/50 | Train Loss: 0.3590 Acc: 0.7750 F1: 0.7321 | Val Loss: 0.5546 Acc: 0.7000 F1: 0.6703 | Train Meta: n/a | Val Meta: n/a
Epoch  37/50 | Train Loss: 0.3142 Acc: 0.8125 F1: 0.7681 | Val Loss: 0.5570 Acc: 0.7000 F1: 0.6703 | Train Meta: n/a | Val Meta: n/a
Epoch  38/50 | Train Loss: 0.2988 Acc: 0.8125 F1: 0.7540 | Val Loss: 0.5618 Acc: 0.7000 F1: 0.6703 | Train Meta: n/a | Val Meta: n/a
Epoch  39/50 | Train Loss: 0.3210 Acc: 0.7750 F1: 0.7179 | Val Loss: 0.5410 Acc: 0.7000 F1: 0.6703 | Train Meta: n/a | Val Meta: n/a
Validation Loss decreased (0.544822 --> 0.541018). Saving best model...
Epoch  40/50 | Train Loss: 0.3357 Acc: 0.7750 F1: 0.7179 | Val Loss: 0.5412 Acc: 0.7000 F1: 0.6703 | Train Meta: n/a | Val Meta: n/a
Epoch  41/50 | Train Loss: 0.3486 Acc: 0.7750 F1: 0.7254 | Val Loss: 0.5490 Acc: 0.7000 F1: 0.6703 | Train Meta: n/a | Val Meta: n/a
Epoch  42/50 | Train Loss: 0.3438 Acc: 0.7750 F1: 0.7254 | Val Loss: 0.5487 Acc: 0.7000 F1: 0.6703 | Train Meta: n/a | Val Meta: n/a
Epoch  43/50 | Train Loss: 0.3415 Acc: 0.7625 F1: 0.6979 | Val Loss: 0.5449 Acc: 0.7000 F1: 0.6703 | Train Meta: n/a | Val Meta: n/a
Epoch  44/50 | Train Loss: 0.3148 Acc: 0.8250 F1: 0.7806 | Val Loss: 0.5347 Acc: 0.7000 F1: 0.6703 | Train Meta: n/a | Val Meta: n/a
Validation Loss decreased (0.541018 --> 0.534672). Saving best model...
Epoch  45/50 | Train Loss: 0.3336 Acc: 0.8000 F1: 0.7492 | Val Loss: 0.5452 Acc: 0.7000 F1: 0.6703 | Train Meta: n/a | Val Meta: n/a
Epoch  46/50 | Train Loss: 0.3246 Acc: 0.8125 F1: 0.7741 | Val Loss: 0.5380 Acc: 0.7000 F1: 0.6703 | Train Meta: n/a | Val Meta: n/a
Epoch  47/50 | Train Loss: 0.3328 Acc: 0.8000 F1: 0.7673 | Val Loss: 0.5248 Acc: 0.7000 F1: 0.6703 | Train Meta: n/a | Val Meta: n/a
Validation Loss decreased (0.534672 --> 0.524810). Saving best model...
Epoch  48/50 | Train Loss: 0.3216 Acc: 0.8250 F1: 0.7964 | Val Loss: 0.5145 Acc: 0.7000 F1: 0.6703 | Train Meta: n/a | Val Meta: n/a
Validation Loss decreased (0.524810 --> 0.514459). Saving best model...
Epoch  49/50 | Train Loss: 0.3134 Acc: 0.8250 F1: 0.7964 | Val Loss: 0.5174 Acc: 0.7000 F1: 0.6703 | Train Meta: n/a | Val Meta: n/a
Epoch  50/50 | Train Loss: 0.3167 Acc: 0.8125 F1: 0.7681 | Val Loss: 0.5349 Acc: 0.7000 F1: 0.6703 | Train Meta: n/a | Val Meta: n/a

Classification Test Result (ECG200)
Accuracy : 0.700000
F1 (macro): 0.655331
Saved attention maps for 3 sample(s) under ./runs/classification_electricity_to_ECG200_laya_mixer_text/attention_maps
Text metadata preview | dataset=ECG5000 | domain=UCR | channels=1
   - channel_1: In the UCR domain, this channel belongs to the ECG5000 dataset and represents the feature channel 1.
/data/pjh_workspace/ts-env/lib/python3.8/site-packages/torch/nn/modules/transformer.py:307: UserWarning: enable_nested_tensor is True, but self.use_nested_tensor is False because encoder_layer.norm_first was True
  warnings.warn(f"enable_nested_tensor is True, but self.use_nested_tensor is False because {why_not_sparsity_fast_path}")
==================================================
🚀 Architecture: LAYA
📊 Target Dataset: ECG5000 (Channels: 1)
📊 Pretrain Info: electricity
📊 Classes: 5 | Sequence Length: 140
==================================================
✅ Loaded pretrained encoder from ./checkpoints/electricity_laya_mixer_text/laya_ts_electricity_s_best.pt
   - 101/101 keys matched.
✅ Encoder is FROZEN (Linear Probing mode).
📝 metadata: mode=text, fusion=add, relation=none
ℹ️  Metadata Fusion Mode: add
ℹ️  Channel Mixer Relation Mode: none
ℹ️  Encoder Variant: default
ℹ️  Channel Adapter: disabled for Laya downstream (mixer)
ℹ️  Channel Relation Block: disabled
✅ ClassificationHead: [B, 256] → [B, 5]
Epoch   1/50 | Train Loss: 1.1168 Acc: 0.5290 F1: 0.2024 | Val Loss: 0.7621 Acc: 0.8800 F1: 0.5926 | Train Meta: n/a | Val Meta: n/a
Validation Loss decreased (inf --> 0.762142). Saving best model...
Epoch   2/50 | Train Loss: 0.8224 Acc: 0.6942 F1: 0.2750 | Val Loss: 0.6371 Acc: 0.8000 F1: 0.5197 | Train Meta: n/a | Val Meta: n/a
Validation Loss decreased (0.762142 --> 0.637077). Saving best model...
Epoch   3/50 | Train Loss: 0.7317 Acc: 0.7478 F1: 0.3001 | Val Loss: 0.6044 Acc: 0.8600 F1: 0.5739 | Train Meta: n/a | Val Meta: n/a
Validation Loss decreased (0.637077 --> 0.604383). Saving best model...
Epoch   4/50 | Train Loss: 0.6914 Acc: 0.7746 F1: 0.3134 | Val Loss: 0.5617 Acc: 0.8400 F1: 0.5566 | Train Meta: n/a | Val Meta: n/a
Validation Loss decreased (0.604383 --> 0.561699). Saving best model...
Epoch   5/50 | Train Loss: 0.6586 Acc: 0.8192 F1: 0.3343 | Val Loss: 0.5325 Acc: 0.8400 F1: 0.5524 | Train Meta: n/a | Val Meta: n/a
Validation Loss decreased (0.561699 --> 0.532480). Saving best model...
Epoch   6/50 | Train Loss: 0.6434 Acc: 0.8058 F1: 0.3284 | Val Loss: 0.5146 Acc: 0.8600 F1: 0.5739 | Train Meta: n/a | Val Meta: n/a
Validation Loss decreased (0.532480 --> 0.514585). Saving best model...
Epoch   7/50 | Train Loss: 0.6295 Acc: 0.8170 F1: 0.3337 | Val Loss: 0.5001 Acc: 0.8600 F1: 0.5706 | Train Meta: n/a | Val Meta: n/a
Validation Loss decreased (0.514585 --> 0.500068). Saving best model...
Epoch   8/50 | Train Loss: 0.6137 Acc: 0.8170 F1: 0.3340 | Val Loss: 0.4818 Acc: 0.8600 F1: 0.5706 | Train Meta: n/a | Val Meta: n/a
Validation Loss decreased (0.500068 --> 0.481803). Saving best model...
Epoch   9/50 | Train Loss: 0.5992 Acc: 0.8170 F1: 0.3337 | Val Loss: 0.4935 Acc: 0.8800 F1: 0.5880 | Train Meta: n/a | Val Meta: n/a
Epoch  10/50 | Train Loss: 0.5929 Acc: 0.8214 F1: 0.3360 | Val Loss: 0.4653 Acc: 0.8600 F1: 0.5706 | Train Meta: n/a | Val Meta: n/a
Validation Loss decreased (0.481803 --> 0.465318). Saving best model...
Epoch  11/50 | Train Loss: 0.5754 Acc: 0.8147 F1: 0.3329 | Val Loss: 0.4620 Acc: 0.8800 F1: 0.5880 | Train Meta: n/a | Val Meta: n/a
Validation Loss decreased (0.465318 --> 0.462025). Saving best model...
Epoch  12/50 | Train Loss: 0.5563 Acc: 0.8304 F1: 0.3400 | Val Loss: 0.4569 Acc: 0.8800 F1: 0.5880 | Train Meta: n/a | Val Meta: n/a
Validation Loss decreased (0.462025 --> 0.456943). Saving best model...
Epoch  13/50 | Train Loss: 0.5531 Acc: 0.8281 F1: 0.3391 | Val Loss: 0.4422 Acc: 0.8800 F1: 0.5880 | Train Meta: n/a | Val Meta: n/a
Validation Loss decreased (0.456943 --> 0.442200). Saving best model...
Epoch  14/50 | Train Loss: 0.5450 Acc: 0.8326 F1: 0.3406 | Val Loss: 0.4391 Acc: 0.9000 F1: 0.6048 | Train Meta: n/a | Val Meta: n/a
Validation Loss decreased (0.442200 --> 0.439070). Saving best model...
Epoch  15/50 | Train Loss: 0.5379 Acc: 0.8438 F1: 0.3460 | Val Loss: 0.4350 Acc: 0.8800 F1: 0.5880 | Train Meta: n/a | Val Meta: n/a
Validation Loss decreased (0.439070 --> 0.435046). Saving best model...
Epoch  16/50 | Train Loss: 0.5264 Acc: 0.8393 F1: 0.3437 | Val Loss: 0.4179 Acc: 0.9000 F1: 0.6048 | Train Meta: n/a | Val Meta: n/a
Validation Loss decreased (0.435046 --> 0.417894). Saving best model...
Epoch  17/50 | Train Loss: 0.5191 Acc: 0.8438 F1: 0.3456 | Val Loss: 0.4197 Acc: 0.9200 F1: 0.6210 | Train Meta: n/a | Val Meta: n/a
Epoch  18/50 | Train Loss: 0.5077 Acc: 0.8482 F1: 0.3476 | Val Loss: 0.4059 Acc: 0.9000 F1: 0.6048 | Train Meta: n/a | Val Meta: n/a
Validation Loss decreased (0.417894 --> 0.405928). Saving best model...
Epoch  19/50 | Train Loss: 0.5042 Acc: 0.8527 F1: 0.3496 | Val Loss: 0.4083 Acc: 0.9200 F1: 0.6210 | Train Meta: n/a | Val Meta: n/a
Epoch  20/50 | Train Loss: 0.4933 Acc: 0.8527 F1: 0.3493 | Val Loss: 0.4028 Acc: 0.9200 F1: 0.6210 | Train Meta: n/a | Val Meta: n/a
Validation Loss decreased (0.405928 --> 0.402792). Saving best model...
Epoch  21/50 | Train Loss: 0.4932 Acc: 0.8504 F1: 0.3485 | Val Loss: 0.4105 Acc: 0.9200 F1: 0.6210 | Train Meta: n/a | Val Meta: n/a
Epoch  22/50 | Train Loss: 0.4873 Acc: 0.8571 F1: 0.3513 | Val Loss: 0.3904 Acc: 0.9000 F1: 0.6048 | Train Meta: n/a | Val Meta: n/a
Validation Loss decreased (0.402792 --> 0.390429). Saving best model...
Epoch  23/50 | Train Loss: 0.4709 Acc: 0.8594 F1: 0.3523 | Val Loss: 0.3860 Acc: 0.9200 F1: 0.6210 | Train Meta: n/a | Val Meta: n/a
Validation Loss decreased (0.390429 --> 0.385991). Saving best model...
Epoch  24/50 | Train Loss: 0.4674 Acc: 0.8594 F1: 0.3521 | Val Loss: 0.3755 Acc: 0.9200 F1: 0.6210 | Train Meta: n/a | Val Meta: n/a
Validation Loss decreased (0.385991 --> 0.375480). Saving best model...
Epoch  25/50 | Train Loss: 0.4779 Acc: 0.8549 F1: 0.3503 | Val Loss: 0.4050 Acc: 0.9200 F1: 0.6210 | Train Meta: n/a | Val Meta: n/a
Epoch  26/50 | Train Loss: 0.4654 Acc: 0.8683 F1: 0.3563 | Val Loss: 0.3833 Acc: 0.9200 F1: 0.6210 | Train Meta: n/a | Val Meta: n/a
Epoch  27/50 | Train Loss: 0.4558 Acc: 0.8638 F1: 0.3542 | Val Loss: 0.3735 Acc: 0.9200 F1: 0.6210 | Train Meta: n/a | Val Meta: n/a
Validation Loss decreased (0.375480 --> 0.373541). Saving best model...
Epoch  28/50 | Train Loss: 0.4569 Acc: 0.8683 F1: 0.3559 | Val Loss: 0.3764 Acc: 0.9200 F1: 0.6210 | Train Meta: n/a | Val Meta: n/a
Epoch  29/50 | Train Loss: 0.4550 Acc: 0.8661 F1: 0.3552 | Val Loss: 0.3659 Acc: 0.9200 F1: 0.6210 | Train Meta: n/a | Val Meta: n/a
Validation Loss decreased (0.373541 --> 0.365916). Saving best model...
Epoch  30/50 | Train Loss: 0.4392 Acc: 0.8728 F1: 0.3579 | Val Loss: 0.3653 Acc: 0.9200 F1: 0.6210 | Train Meta: n/a | Val Meta: n/a
Validation Loss decreased (0.365916 --> 0.365306). Saving best model...
Epoch  31/50 | Train Loss: 0.4391 Acc: 0.8683 F1: 0.3560 | Val Loss: 0.3598 Acc: 0.9200 F1: 0.6210 | Train Meta: n/a | Val Meta: n/a
Validation Loss decreased (0.365306 --> 0.359818). Saving best model...
Epoch  32/50 | Train Loss: 0.4339 Acc: 0.8772 F1: 0.3598 | Val Loss: 0.3686 Acc: 0.9200 F1: 0.6210 | Train Meta: n/a | Val Meta: n/a
Epoch  33/50 | Train Loss: 0.4336 Acc: 0.8795 F1: 0.3609 | Val Loss: 0.3506 Acc: 0.9200 F1: 0.6210 | Train Meta: n/a | Val Meta: n/a
Validation Loss decreased (0.359818 --> 0.350638). Saving best model...
Epoch  34/50 | Train Loss: 0.4313 Acc: 0.8839 F1: 0.3629 | Val Loss: 0.3534 Acc: 0.9200 F1: 0.6210 | Train Meta: n/a | Val Meta: n/a
Epoch  35/50 | Train Loss: 0.4306 Acc: 0.8772 F1: 0.3601 | Val Loss: 0.3569 Acc: 0.9200 F1: 0.6210 | Train Meta: n/a | Val Meta: n/a
Epoch  36/50 | Train Loss: 0.4243 Acc: 0.8817 F1: 0.3619 | Val Loss: 0.3594 Acc: 0.9200 F1: 0.6210 | Train Meta: n/a | Val Meta: n/a
Epoch  37/50 | Train Loss: 0.4151 Acc: 0.8817 F1: 0.3618 | Val Loss: 0.3533 Acc: 0.9200 F1: 0.6210 | Train Meta: n/a | Val Meta: n/a
Epoch  38/50 | Train Loss: 0.4142 Acc: 0.8795 F1: 0.3607 | Val Loss: 0.3418 Acc: 0.9200 F1: 0.6210 | Train Meta: n/a | Val Meta: n/a
Validation Loss decreased (0.350638 --> 0.341789). Saving best model...
Epoch  39/50 | Train Loss: 0.4145 Acc: 0.8839 F1: 0.3625 | Val Loss: 0.3486 Acc: 0.9200 F1: 0.6210 | Train Meta: n/a | Val Meta: n/a
Epoch  40/50 | Train Loss: 0.4103 Acc: 0.8772 F1: 0.3598 | Val Loss: 0.3352 Acc: 0.9200 F1: 0.6210 | Train Meta: n/a | Val Meta: n/a
Validation Loss decreased (0.341789 --> 0.335181). Saving best model...
Epoch  41/50 | Train Loss: 0.3979 Acc: 0.8862 F1: 0.3634 | Val Loss: 0.3394 Acc: 0.9200 F1: 0.6210 | Train Meta: n/a | Val Meta: n/a
Epoch  42/50 | Train Loss: 0.4030 Acc: 0.8772 F1: 0.3598 | Val Loss: 0.3353 Acc: 0.9400 F1: 0.6366 | Train Meta: n/a | Val Meta: n/a
Epoch  43/50 | Train Loss: 0.4030 Acc: 0.8839 F1: 0.3629 | Val Loss: 0.3444 Acc: 0.9200 F1: 0.6210 | Train Meta: n/a | Val Meta: n/a
Epoch  44/50 | Train Loss: 0.3937 Acc: 0.8839 F1: 0.3628 | Val Loss: 0.3375 Acc: 0.9400 F1: 0.6366 | Train Meta: n/a | Val Meta: n/a
Epoch  45/50 | Train Loss: 0.3924 Acc: 0.8839 F1: 0.3629 | Val Loss: 0.3308 Acc: 0.9200 F1: 0.6210 | Train Meta: n/a | Val Meta: n/a
Validation Loss decreased (0.335181 --> 0.330807). Saving best model...
Epoch  46/50 | Train Loss: 0.3916 Acc: 0.8839 F1: 0.3630 | Val Loss: 0.3358 Acc: 0.9200 F1: 0.6210 | Train Meta: n/a | Val Meta: n/a
Epoch  47/50 | Train Loss: 0.3917 Acc: 0.8862 F1: 0.3639 | Val Loss: 0.3269 Acc: 0.9400 F1: 0.6366 | Train Meta: n/a | Val Meta: n/a
Validation Loss decreased (0.330807 --> 0.326908). Saving best model...
Epoch  48/50 | Train Loss: 0.3857 Acc: 0.8906 F1: 0.3657 | Val Loss: 0.3256 Acc: 0.9200 F1: 0.6210 | Train Meta: n/a | Val Meta: n/a
Validation Loss decreased (0.326908 --> 0.325621). Saving best model...
Epoch  49/50 | Train Loss: 0.3872 Acc: 0.8839 F1: 0.3629 | Val Loss: 0.3247 Acc: 0.9200 F1: 0.6210 | Train Meta: n/a | Val Meta: n/a
Validation Loss decreased (0.325621 --> 0.324724). Saving best model...
Epoch  50/50 | Train Loss: 0.3841 Acc: 0.8862 F1: 0.3639 | Val Loss: 0.3633 Acc: 0.9000 F1: 0.6048 | Train Meta: n/a | Val Meta: n/a

Classification Test Result (ECG5000)
Accuracy : 0.882667
F1 (macro): 0.362062
Saved attention maps for 3 sample(s) under ./runs/classification_electricity_to_ECG5000_laya_mixer_text/attention_maps
Text metadata preview | dataset=FordA | domain=UCR | channels=1
   - channel_1: In the UCR domain, this channel belongs to the FordA dataset and represents the feature channel 1.
/data/pjh_workspace/ts-env/lib/python3.8/site-packages/torch/nn/modules/transformer.py:307: UserWarning: enable_nested_tensor is True, but self.use_nested_tensor is False because encoder_layer.norm_first was True
  warnings.warn(f"enable_nested_tensor is True, but self.use_nested_tensor is False because {why_not_sparsity_fast_path}")
==================================================
🚀 Architecture: LAYA
📊 Target Dataset: FordA (Channels: 1)
📊 Pretrain Info: electricity
📊 Classes: 2 | Sequence Length: 500
==================================================
✅ Loaded pretrained encoder from ./checkpoints/electricity_laya_mixer_text/laya_ts_electricity_s_best.pt
   - 101/101 keys matched.
✅ Encoder is FROZEN (Linear Probing mode).
📝 metadata: mode=text, fusion=add, relation=none
ℹ️  Metadata Fusion Mode: add
ℹ️  Channel Mixer Relation Mode: none
ℹ️  Encoder Variant: default
ℹ️  Channel Adapter: disabled for Laya downstream (mixer)
ℹ️  Channel Relation Block: disabled
✅ ClassificationHead: [B, 256] → [B, 2]
Epoch   1/50 | Train Loss: 0.7144 Acc: 0.5065 F1: 0.5029 | Val Loss: 0.6978 Acc: 0.4889 F1: 0.3331 | Train Meta: n/a | Val Meta: n/a
Validation Loss decreased (inf --> 0.697814). Saving best model...
Epoch   2/50 | Train Loss: 0.7014 Acc: 0.5210 F1: 0.5201 | Val Loss: 0.7256 Acc: 0.4889 F1: 0.3284 | Train Meta: n/a | Val Meta: n/a
Epoch   3/50 | Train Loss: 0.6970 Acc: 0.5278 F1: 0.5240 | Val Loss: 0.6802 Acc: 0.5806 F1: 0.5803 | Train Meta: n/a | Val Meta: n/a
Validation Loss decreased (0.697814 --> 0.680157). Saving best model...
Epoch   4/50 | Train Loss: 0.6896 Acc: 0.5306 F1: 0.5281 | Val Loss: 0.6764 Acc: 0.6000 F1: 0.5878 | Train Meta: n/a | Val Meta: n/a
Validation Loss decreased (0.680157 --> 0.676425). Saving best model...
Epoch   5/50 | Train Loss: 0.6824 Acc: 0.5492 F1: 0.5449 | Val Loss: 0.6735 Acc: 0.5833 F1: 0.5796 | Train Meta: n/a | Val Meta: n/a
Validation Loss decreased (0.676425 --> 0.673524). Saving best model...
Epoch   6/50 | Train Loss: 0.6776 Acc: 0.5770 F1: 0.5710 | Val Loss: 0.6747 Acc: 0.5222 F1: 0.5034 | Train Meta: n/a | Val Meta: n/a
Epoch   7/50 | Train Loss: 0.6783 Acc: 0.5705 F1: 0.5688 | Val Loss: 0.6693 Acc: 0.6278 F1: 0.5939 | Train Meta: n/a | Val Meta: n/a
Validation Loss decreased (0.673524 --> 0.669285). Saving best model...
Epoch   8/50 | Train Loss: 0.6754 Acc: 0.5693 F1: 0.5667 | Val Loss: 0.6960 Acc: 0.5056 F1: 0.3720 | Train Meta: n/a | Val Meta: n/a
Epoch   9/50 | Train Loss: 0.6789 Acc: 0.5653 F1: 0.5640 | Val Loss: 0.6630 Acc: 0.6417 F1: 0.6272 | Train Meta: n/a | Val Meta: n/a
Validation Loss decreased (0.669285 --> 0.663012). Saving best model...
Epoch  10/50 | Train Loss: 0.6705 Acc: 0.5798 F1: 0.5775 | Val Loss: 0.6686 Acc: 0.5389 F1: 0.5081 | Train Meta: n/a | Val Meta: n/a
Epoch  11/50 | Train Loss: 0.6673 Acc: 0.5897 F1: 0.5860 | Val Loss: 0.6588 Acc: 0.6528 F1: 0.6370 | Train Meta: n/a | Val Meta: n/a
Validation Loss decreased (0.663012 --> 0.658817). Saving best model...
Epoch  12/50 | Train Loss: 0.6646 Acc: 0.6043 F1: 0.6012 | Val Loss: 0.6567 Acc: 0.6528 F1: 0.6370 | Train Meta: n/a | Val Meta: n/a
Validation Loss decreased (0.658817 --> 0.656738). Saving best model...
Epoch  13/50 | Train Loss: 0.6654 Acc: 0.5919 F1: 0.5879 | Val Loss: 0.6619 Acc: 0.5528 F1: 0.5313 | Train Meta: n/a | Val Meta: n/a
Epoch  14/50 | Train Loss: 0.6611 Acc: 0.5956 F1: 0.5941 | Val Loss: 0.6648 Acc: 0.6111 F1: 0.5486 | Train Meta: n/a | Val Meta: n/a
Epoch  15/50 | Train Loss: 0.6594 Acc: 0.6002 F1: 0.5963 | Val Loss: 0.6531 Acc: 0.5694 F1: 0.5677 | Train Meta: n/a | Val Meta: n/a
Validation Loss decreased (0.656738 --> 0.653144). Saving best model...
Epoch  16/50 | Train Loss: 0.6585 Acc: 0.5962 F1: 0.5944 | Val Loss: 0.6492 Acc: 0.6139 F1: 0.6132 | Train Meta: n/a | Val Meta: n/a
Validation Loss decreased (0.653144 --> 0.649233). Saving best model...
Epoch  17/50 | Train Loss: 0.6560 Acc: 0.6111 F1: 0.6088 | Val Loss: 0.6499 Acc: 0.6500 F1: 0.6232 | Train Meta: n/a | Val Meta: n/a
Epoch  18/50 | Train Loss: 0.6557 Acc: 0.5888 F1: 0.5855 | Val Loss: 0.6624 Acc: 0.6194 F1: 0.5572 | Train Meta: n/a | Val Meta: n/a
Epoch  19/50 | Train Loss: 0.6511 Acc: 0.6071 F1: 0.6039 | Val Loss: 0.6765 Acc: 0.5194 F1: 0.4233 | Train Meta: n/a | Val Meta: n/a
Epoch  20/50 | Train Loss: 0.6509 Acc: 0.6021 F1: 0.6008 | Val Loss: 0.6450 Acc: 0.6528 F1: 0.6291 | Train Meta: n/a | Val Meta: n/a
Validation Loss decreased (0.649233 --> 0.644962). Saving best model...
Epoch  21/50 | Train Loss: 0.6538 Acc: 0.6064 F1: 0.6050 | Val Loss: 0.6441 Acc: 0.5833 F1: 0.5808 | Train Meta: n/a | Val Meta: n/a
Validation Loss decreased (0.644962 --> 0.644117). Saving best model...
Epoch  22/50 | Train Loss: 0.6462 Acc: 0.6163 F1: 0.6137 | Val Loss: 0.6886 Acc: 0.5250 F1: 0.4169 | Train Meta: n/a | Val Meta: n/a
Epoch  23/50 | Train Loss: 0.6511 Acc: 0.6037 F1: 0.6022 | Val Loss: 0.6518 Acc: 0.5778 F1: 0.5469 | Train Meta: n/a | Val Meta: n/a
Epoch  24/50 | Train Loss: 0.6471 Acc: 0.6123 F1: 0.6105 | Val Loss: 0.6390 Acc: 0.6000 F1: 0.5992 | Train Meta: n/a | Val Meta: n/a
Validation Loss decreased (0.644117 --> 0.639025). Saving best model...
Epoch  25/50 | Train Loss: 0.6420 Acc: 0.6222 F1: 0.6209 | Val Loss: 0.6416 Acc: 0.5917 F1: 0.5840 | Train Meta: n/a | Val Meta: n/a
Epoch  26/50 | Train Loss: 0.6434 Acc: 0.6194 F1: 0.6181 | Val Loss: 0.6345 Acc: 0.6778 F1: 0.6714 | Train Meta: n/a | Val Meta: n/a
Validation Loss decreased (0.639025 --> 0.634455). Saving best model...
Epoch  27/50 | Train Loss: 0.6424 Acc: 0.6207 F1: 0.6194 | Val Loss: 0.6493 Acc: 0.5778 F1: 0.5440 | Train Meta: n/a | Val Meta: n/a
Epoch  28/50 | Train Loss: 0.6400 Acc: 0.6235 F1: 0.6222 | Val Loss: 0.6390 Acc: 0.6528 F1: 0.6218 | Train Meta: n/a | Val Meta: n/a
Epoch  29/50 | Train Loss: 0.6443 Acc: 0.6132 F1: 0.6113 | Val Loss: 0.6313 Acc: 0.6361 F1: 0.6355 | Train Meta: n/a | Val Meta: n/a
Validation Loss decreased (0.634455 --> 0.631255). Saving best model...
Epoch  30/50 | Train Loss: 0.6342 Acc: 0.6330 F1: 0.6311 | Val Loss: 0.6316 Acc: 0.6694 F1: 0.6544 | Train Meta: n/a | Val Meta: n/a
Epoch  31/50 | Train Loss: 0.6357 Acc: 0.6247 F1: 0.6232 | Val Loss: 0.6298 Acc: 0.6361 F1: 0.6361 | Train Meta: n/a | Val Meta: n/a
Validation Loss decreased (0.631255 --> 0.629806). Saving best model...
Epoch  32/50 | Train Loss: 0.6350 Acc: 0.6392 F1: 0.6373 | Val Loss: 0.6308 Acc: 0.6056 F1: 0.6028 | Train Meta: n/a | Val Meta: n/a
Epoch  33/50 | Train Loss: 0.6388 Acc: 0.6321 F1: 0.6313 | Val Loss: 0.6265 Acc: 0.6361 F1: 0.6341 | Train Meta: n/a | Val Meta: n/a
Validation Loss decreased (0.629806 --> 0.626479). Saving best model...
Epoch  34/50 | Train Loss: 0.6345 Acc: 0.6250 F1: 0.6238 | Val Loss: 0.6539 Acc: 0.5750 F1: 0.5285 | Train Meta: n/a | Val Meta: n/a
Epoch  35/50 | Train Loss: 0.6298 Acc: 0.6386 F1: 0.6373 | Val Loss: 0.6436 Acc: 0.6389 F1: 0.5971 | Train Meta: n/a | Val Meta: n/a
Epoch  36/50 | Train Loss: 0.6316 Acc: 0.6389 F1: 0.6370 | Val Loss: 0.6363 Acc: 0.5833 F1: 0.5628 | Train Meta: n/a | Val Meta: n/a
Epoch  37/50 | Train Loss: 0.6304 Acc: 0.6361 F1: 0.6356 | Val Loss: 0.6240 Acc: 0.6417 F1: 0.6417 | Train Meta: n/a | Val Meta: n/a
Validation Loss decreased (0.626479 --> 0.624021). Saving best model...
Epoch  38/50 | Train Loss: 0.6296 Acc: 0.6395 F1: 0.6386 | Val Loss: 0.6377 Acc: 0.6472 F1: 0.6087 | Train Meta: n/a | Val Meta: n/a
Epoch  39/50 | Train Loss: 0.6270 Acc: 0.6414 F1: 0.6400 | Val Loss: 0.6319 Acc: 0.6500 F1: 0.6154 | Train Meta: n/a | Val Meta: n/a
Epoch  40/50 | Train Loss: 0.6288 Acc: 0.6324 F1: 0.6317 | Val Loss: 0.6228 Acc: 0.6417 F1: 0.6404 | Train Meta: n/a | Val Meta: n/a
Validation Loss decreased (0.624021 --> 0.622832). Saving best model...
Epoch  41/50 | Train Loss: 0.6277 Acc: 0.6420 F1: 0.6411 | Val Loss: 0.6199 Acc: 0.6639 F1: 0.6570 | Train Meta: n/a | Val Meta: n/a
Validation Loss decreased (0.622832 --> 0.619887). Saving best model...
Epoch  42/50 | Train Loss: 0.6285 Acc: 0.6371 F1: 0.6361 | Val Loss: 0.6527 Acc: 0.6167 F1: 0.5506 | Train Meta: n/a | Val Meta: n/a
Epoch  43/50 | Train Loss: 0.6300 Acc: 0.6321 F1: 0.6306 | Val Loss: 0.6188 Acc: 0.6361 F1: 0.6360 | Train Meta: n/a | Val Meta: n/a
Validation Loss decreased (0.619887 --> 0.618786). Saving best model...
Epoch  44/50 | Train Loss: 0.6241 Acc: 0.6389 F1: 0.6380 | Val Loss: 0.6851 Acc: 0.5833 F1: 0.4900 | Train Meta: n/a | Val Meta: n/a
Epoch  45/50 | Train Loss: 0.6281 Acc: 0.6358 F1: 0.6349 | Val Loss: 0.6224 Acc: 0.6278 F1: 0.6231 | Train Meta: n/a | Val Meta: n/a
Epoch  46/50 | Train Loss: 0.6257 Acc: 0.6368 F1: 0.6361 | Val Loss: 0.6174 Acc: 0.6694 F1: 0.6609 | Train Meta: n/a | Val Meta: n/a
Validation Loss decreased (0.618786 --> 0.617425). Saving best model...
Epoch  47/50 | Train Loss: 0.6228 Acc: 0.6402 F1: 0.6392 | Val Loss: 0.6433 Acc: 0.6250 F1: 0.5717 | Train Meta: n/a | Val Meta: n/a
Epoch  48/50 | Train Loss: 0.6253 Acc: 0.6321 F1: 0.6313 | Val Loss: 0.6174 Acc: 0.6639 F1: 0.6511 | Train Meta: n/a | Val Meta: n/a
Validation Loss decreased (0.617425 --> 0.617376). Saving best model...
Epoch  49/50 | Train Loss: 0.6163 Acc: 0.6485 F1: 0.6474 | Val Loss: 0.6180 Acc: 0.6639 F1: 0.6469 | Train Meta: n/a | Val Meta: n/a
Epoch  50/50 | Train Loss: 0.6205 Acc: 0.6460 F1: 0.6451 | Val Loss: 0.6151 Acc: 0.6417 F1: 0.6413 | Train Meta: n/a | Val Meta: n/a
Validation Loss decreased (0.617376 --> 0.615056). Saving best model...

Classification Test Result (FordA)
Accuracy : 0.653788
F1 (macro): 0.653571
Saved attention maps for 3 sample(s) under ./runs/classification_electricity_to_FordA_laya_mixer_text/attention_maps
Text metadata preview | dataset=FordB | domain=UCR | channels=1
   - channel_1: In the UCR domain, this channel belongs to the FordB dataset and represents the feature channel 1.
/data/pjh_workspace/ts-env/lib/python3.8/site-packages/torch/nn/modules/transformer.py:307: UserWarning: enable_nested_tensor is True, but self.use_nested_tensor is False because encoder_layer.norm_first was True
  warnings.warn(f"enable_nested_tensor is True, but self.use_nested_tensor is False because {why_not_sparsity_fast_path}")
==================================================
🚀 Architecture: LAYA
📊 Target Dataset: FordB (Channels: 1)
📊 Pretrain Info: electricity
📊 Classes: 2 | Sequence Length: 500
==================================================
✅ Loaded pretrained encoder from ./checkpoints/electricity_laya_mixer_text/laya_ts_electricity_s_best.pt
   - 101/101 keys matched.
✅ Encoder is FROZEN (Linear Probing mode).
📝 metadata: mode=text, fusion=add, relation=none
ℹ️  Metadata Fusion Mode: add
ℹ️  Channel Mixer Relation Mode: none
ℹ️  Encoder Variant: default
ℹ️  Channel Adapter: disabled for Laya downstream (mixer)
ℹ️  Channel Relation Block: disabled
✅ ClassificationHead: [B, 256] → [B, 2]
Epoch   1/50 | Train Loss: 0.7060 Acc: 0.5113 F1: 0.5099 | Val Loss: 0.6894 Acc: 0.5096 F1: 0.4923 | Train Meta: n/a | Val Meta: n/a
Validation Loss decreased (inf --> 0.689404). Saving best model...
Epoch   2/50 | Train Loss: 0.6864 Acc: 0.5453 F1: 0.5445 | Val Loss: 0.6909 Acc: 0.5372 F1: 0.4949 | Train Meta: n/a | Val Meta: n/a
Epoch   3/50 | Train Loss: 0.6738 Acc: 0.5732 F1: 0.5691 | Val Loss: 0.6764 Acc: 0.5868 F1: 0.5458 | Train Meta: n/a | Val Meta: n/a
Validation Loss decreased (0.689404 --> 0.676411). Saving best model...
Epoch   4/50 | Train Loss: 0.6698 Acc: 0.5800 F1: 0.5783 | Val Loss: 0.6723 Acc: 0.5868 F1: 0.5389 | Train Meta: n/a | Val Meta: n/a
Validation Loss decreased (0.676411 --> 0.672321). Saving best model...
Epoch   5/50 | Train Loss: 0.6645 Acc: 0.5861 F1: 0.5846 | Val Loss: 0.6582 Acc: 0.6391 F1: 0.6363 | Train Meta: n/a | Val Meta: n/a
Validation Loss decreased (0.672321 --> 0.658189). Saving best model...
Epoch   6/50 | Train Loss: 0.6604 Acc: 0.5977 F1: 0.5949 | Val Loss: 0.6517 Acc: 0.6419 F1: 0.6396 | Train Meta: n/a | Val Meta: n/a
Validation Loss decreased (0.658189 --> 0.651660). Saving best model...
Epoch   7/50 | Train Loss: 0.6476 Acc: 0.6330 F1: 0.6310 | Val Loss: 0.6520 Acc: 0.6143 F1: 0.5791 | Train Meta: n/a | Val Meta: n/a
Epoch   8/50 | Train Loss: 0.6401 Acc: 0.6357 F1: 0.6336 | Val Loss: 0.6392 Acc: 0.6612 F1: 0.6601 | Train Meta: n/a | Val Meta: n/a
Validation Loss decreased (0.651660 --> 0.639173). Saving best model...
Epoch   9/50 | Train Loss: 0.6355 Acc: 0.6388 F1: 0.6379 | Val Loss: 0.6501 Acc: 0.5978 F1: 0.5611 | Train Meta: n/a | Val Meta: n/a
Epoch  10/50 | Train Loss: 0.6345 Acc: 0.6440 F1: 0.6416 | Val Loss: 0.6408 Acc: 0.6198 F1: 0.5865 | Train Meta: n/a | Val Meta: n/a
Epoch  11/50 | Train Loss: 0.6240 Acc: 0.6572 F1: 0.6560 | Val Loss: 0.6344 Acc: 0.6419 F1: 0.6078 | Train Meta: n/a | Val Meta: n/a
Validation Loss decreased (0.639173 --> 0.634417). Saving best model...
Epoch  12/50 | Train Loss: 0.6230 Acc: 0.6520 F1: 0.6498 | Val Loss: 0.6917 Acc: 0.5482 F1: 0.4475 | Train Meta: n/a | Val Meta: n/a
Epoch  13/50 | Train Loss: 0.6258 Acc: 0.6412 F1: 0.6399 | Val Loss: 0.6143 Acc: 0.6639 F1: 0.6638 | Train Meta: n/a | Val Meta: n/a
Validation Loss decreased (0.634417 --> 0.614278). Saving best model...
Epoch  14/50 | Train Loss: 0.6154 Acc: 0.6651 F1: 0.6638 | Val Loss: 0.6136 Acc: 0.6749 F1: 0.6648 | Train Meta: n/a | Val Meta: n/a
Validation Loss decreased (0.614278 --> 0.613560). Saving best model...
Epoch  15/50 | Train Loss: 0.6097 Acc: 0.6654 F1: 0.6643 | Val Loss: 0.6063 Acc: 0.6777 F1: 0.6737 | Train Meta: n/a | Val Meta: n/a
Validation Loss decreased (0.613560 --> 0.606282). Saving best model...
Epoch  16/50 | Train Loss: 0.6076 Acc: 0.6694 F1: 0.6684 | Val Loss: 0.6223 Acc: 0.6281 F1: 0.5890 | Train Meta: n/a | Val Meta: n/a
Epoch  17/50 | Train Loss: 0.6024 Acc: 0.6762 F1: 0.6754 | Val Loss: 0.5988 Acc: 0.6804 F1: 0.6800 | Train Meta: n/a | Val Meta: n/a
Validation Loss decreased (0.606282 --> 0.598759). Saving best model...
Epoch  18/50 | Train Loss: 0.6063 Acc: 0.6667 F1: 0.6657 | Val Loss: 0.5979 Acc: 0.6804 F1: 0.6787 | Train Meta: n/a | Val Meta: n/a
Validation Loss decreased (0.598759 --> 0.597912). Saving best model...
Epoch  19/50 | Train Loss: 0.5969 Acc: 0.6881 F1: 0.6872 | Val Loss: 0.5927 Acc: 0.6887 F1: 0.6879 | Train Meta: n/a | Val Meta: n/a
Validation Loss decreased (0.597912 --> 0.592664). Saving best model...
Epoch  20/50 | Train Loss: 0.5933 Acc: 0.6896 F1: 0.6890 | Val Loss: 0.5908 Acc: 0.6860 F1: 0.6845 | Train Meta: n/a | Val Meta: n/a
Validation Loss decreased (0.592664 --> 0.590761). Saving best model...
Epoch  21/50 | Train Loss: 0.5980 Acc: 0.6801 F1: 0.6792 | Val Loss: 0.5873 Acc: 0.6970 F1: 0.6966 | Train Meta: n/a | Val Meta: n/a
Validation Loss decreased (0.590761 --> 0.587258). Saving best model...
Epoch  22/50 | Train Loss: 0.5900 Acc: 0.7016 F1: 0.7010 | Val Loss: 0.5865 Acc: 0.6915 F1: 0.6914 | Train Meta: n/a | Val Meta: n/a
Validation Loss decreased (0.587258 --> 0.586514). Saving best model...
Epoch  23/50 | Train Loss: 0.5852 Acc: 0.6909 F1: 0.6899 | Val Loss: 0.5835 Acc: 0.6997 F1: 0.6967 | Train Meta: n/a | Val Meta: n/a
Validation Loss decreased (0.586514 --> 0.583508). Saving best model...
Epoch  24/50 | Train Loss: 0.5894 Acc: 0.6857 F1: 0.6849 | Val Loss: 0.6347 Acc: 0.6309 F1: 0.5943 | Train Meta: n/a | Val Meta: n/a
Epoch  25/50 | Train Loss: 0.5922 Acc: 0.6786 F1: 0.6781 | Val Loss: 0.5835 Acc: 0.6915 F1: 0.6837 | Train Meta: n/a | Val Meta: n/a
Epoch  26/50 | Train Loss: 0.5811 Acc: 0.7040 F1: 0.7037 | Val Loss: 0.5843 Acc: 0.6887 F1: 0.6849 | Train Meta: n/a | Val Meta: n/a
Epoch  27/50 | Train Loss: 0.5783 Acc: 0.6921 F1: 0.6913 | Val Loss: 0.5922 Acc: 0.6749 F1: 0.6551 | Train Meta: n/a | Val Meta: n/a
Epoch  28/50 | Train Loss: 0.5806 Acc: 0.6900 F1: 0.6897 | Val Loss: 0.5933 Acc: 0.6694 F1: 0.6462 | Train Meta: n/a | Val Meta: n/a
Epoch  29/50 | Train Loss: 0.5739 Acc: 0.7010 F1: 0.7003 | Val Loss: 0.5688 Acc: 0.7052 F1: 0.7052 | Train Meta: n/a | Val Meta: n/a
Validation Loss decreased (0.583508 --> 0.568799). Saving best model...
Epoch  30/50 | Train Loss: 0.5741 Acc: 0.7040 F1: 0.7035 | Val Loss: 0.5696 Acc: 0.7080 F1: 0.7058 | Train Meta: n/a | Val Meta: n/a
Epoch  31/50 | Train Loss: 0.5672 Acc: 0.7132 F1: 0.7129 | Val Loss: 0.5729 Acc: 0.6942 F1: 0.6873 | Train Meta: n/a | Val Meta: n/a
Epoch  32/50 | Train Loss: 0.5706 Acc: 0.6991 F1: 0.6988 | Val Loss: 0.5663 Acc: 0.7107 F1: 0.7085 | Train Meta: n/a | Val Meta: n/a
Validation Loss decreased (0.568799 --> 0.566280). Saving best model...
Epoch  33/50 | Train Loss: 0.5710 Acc: 0.7034 F1: 0.7029 | Val Loss: 0.5635 Acc: 0.7080 F1: 0.7079 | Train Meta: n/a | Val Meta: n/a
Validation Loss decreased (0.566280 --> 0.563540). Saving best model...
Epoch  34/50 | Train Loss: 0.5656 Acc: 0.7126 F1: 0.7121 | Val Loss: 0.5605 Acc: 0.7052 F1: 0.7052 | Train Meta: n/a | Val Meta: n/a
Validation Loss decreased (0.563540 --> 0.560465). Saving best model...
Epoch  35/50 | Train Loss: 0.5659 Acc: 0.7108 F1: 0.7103 | Val Loss: 0.5611 Acc: 0.7107 F1: 0.7090 | Train Meta: n/a | Val Meta: n/a
Epoch  36/50 | Train Loss: 0.5616 Acc: 0.7142 F1: 0.7138 | Val Loss: 0.5648 Acc: 0.7135 F1: 0.7094 | Train Meta: n/a | Val Meta: n/a
Epoch  37/50 | Train Loss: 0.5636 Acc: 0.7080 F1: 0.7077 | Val Loss: 0.5575 Acc: 0.7025 F1: 0.7025 | Train Meta: n/a | Val Meta: n/a
Validation Loss decreased (0.560465 --> 0.557544). Saving best model...
Epoch  38/50 | Train Loss: 0.5595 Acc: 0.7184 F1: 0.7179 | Val Loss: 0.5572 Acc: 0.7190 F1: 0.7179 | Train Meta: n/a | Val Meta: n/a
Validation Loss decreased (0.557544 --> 0.557171). Saving best model...
Epoch  39/50 | Train Loss: 0.5632 Acc: 0.7105 F1: 0.7103 | Val Loss: 0.5691 Acc: 0.6997 F1: 0.6901 | Train Meta: n/a | Val Meta: n/a
Epoch  40/50 | Train Loss: 0.5615 Acc: 0.7037 F1: 0.7032 | Val Loss: 0.5535 Acc: 0.7190 F1: 0.7188 | Train Meta: n/a | Val Meta: n/a
Validation Loss decreased (0.557171 --> 0.553466). Saving best model...
Epoch  41/50 | Train Loss: 0.5612 Acc: 0.6998 F1: 0.6996 | Val Loss: 0.6023 Acc: 0.6419 F1: 0.6078 | Train Meta: n/a | Val Meta: n/a
Epoch  42/50 | Train Loss: 0.5596 Acc: 0.7071 F1: 0.7066 | Val Loss: 0.5724 Acc: 0.6970 F1: 0.6819 | Train Meta: n/a | Val Meta: n/a
Epoch  43/50 | Train Loss: 0.5533 Acc: 0.7126 F1: 0.7122 | Val Loss: 0.5515 Acc: 0.7135 F1: 0.7132 | Train Meta: n/a | Val Meta: n/a
Validation Loss decreased (0.553466 --> 0.551489). Saving best model...
Epoch  44/50 | Train Loss: 0.5567 Acc: 0.7184 F1: 0.7180 | Val Loss: 0.5649 Acc: 0.7052 F1: 0.7004 | Train Meta: n/a | Val Meta: n/a
Epoch  45/50 | Train Loss: 0.5521 Acc: 0.7203 F1: 0.7201 | Val Loss: 0.5484 Acc: 0.7163 F1: 0.7163 | Train Meta: n/a | Val Meta: n/a
Validation Loss decreased (0.551489 --> 0.548431). Saving best model...
Epoch  46/50 | Train Loss: 0.5521 Acc: 0.7126 F1: 0.7123 | Val Loss: 0.5471 Acc: 0.7163 F1: 0.7162 | Train Meta: n/a | Val Meta: n/a
Validation Loss decreased (0.548431 --> 0.547087). Saving best model...
Epoch  47/50 | Train Loss: 0.5535 Acc: 0.7096 F1: 0.7093 | Val Loss: 0.5528 Acc: 0.7190 F1: 0.7161 | Train Meta: n/a | Val Meta: n/a
Epoch  48/50 | Train Loss: 0.5555 Acc: 0.7142 F1: 0.7140 | Val Loss: 0.5451 Acc: 0.7190 F1: 0.7190 | Train Meta: n/a | Val Meta: n/a
Validation Loss decreased (0.547087 --> 0.545100). Saving best model...
Epoch  49/50 | Train Loss: 0.5546 Acc: 0.7108 F1: 0.7105 | Val Loss: 0.5507 Acc: 0.7135 F1: 0.7121 | Train Meta: n/a | Val Meta: n/a
Epoch  50/50 | Train Loss: 0.5525 Acc: 0.7163 F1: 0.7161 | Val Loss: 0.5710 Acc: 0.6915 F1: 0.6753 | Train Meta: n/a | Val Meta: n/a

Classification Test Result (FordB)
Accuracy : 0.567901
F1 (macro): 0.557186
Saved attention maps for 3 sample(s) under ./runs/classification_electricity_to_FordB_laya_mixer_text/attention_maps
