nohup: ignoring input
Stats metadata preview | dataset=ETTm1 | domain=ETTm1 | channels=7
   - HUFL: Channel statistics over the training split: mean value is 7.849, standard deviation is 6.158, minimum value is -19.357, maximum value is 24.180, median value is 8.640, and mean absolute value is 9.146.
==================================================
🚀 Architecture: LAYA
📊 Target Dataset: ETTm1 (Channels: 7)
📊 Pretrain Info: electricity (Detected Channels: 7)
📊 Prediction Length: 96
==================================================
✅ Loaded pretrained encoder from ./checkpoints/electricity_laya_metadata_query_gate_stats/laya_ts_electricity_s_best.pt
   - 62/62 keys matched.
ℹ️ Channel Adapter: disabled
📝 metadata: mode=stats, fusion=none, relation=metadata_query_gate
ℹ️ Metadata Fusion Mode: none
ℹ️ Channel Mixer Relation Mode: metadata_query_gate
ℹ️ Encoder Variant: default
ℹ️ Channel Relation Block: disabled
✅ Probing Head [Mixer, channel-wise]: [B*C, 1024] -> [B, 7, 96]
Epoch 1/20 | Steps: 1287 | LR: 0.000100 | Train Loss: 0.351434 | Val Loss: 0.332942 | Train Meta: Scaleμ:0.9762, Signal|S|μ:6.9393, Delta|S|μ:6.1304, Delta/Signal:88.34%, Gateμ:-0.5669, Gate0%:0.0, MetaNormμ:8.6834 | Val Meta: Scaleμ:0.9762, Signal|S|μ:6.3480, Delta|S|μ:5.6863, Delta/Signal:89.58%, Gateμ:-0.5669, Gate0%:0.0, MetaNormμ:8.6834
   -> Updated best validation state: val_loss=0.332942 at epoch 1
Epoch 2/20 | Steps: 1287 | LR: 0.000100 | Train Loss: 0.311993 | Val Loss: 0.328078 | Train Meta: Scaleμ:0.9762, Signal|S|μ:6.6561, Delta|S|μ:5.9128, Delta/Signal:88.83%, Gateμ:-0.5669, Gate0%:0.0, MetaNormμ:8.6834 | Val Meta: Scaleμ:0.9762, Signal|S|μ:6.3480, Delta|S|μ:5.6863, Delta/Signal:89.58%, Gateμ:-0.5669, Gate0%:0.0, MetaNormμ:8.6834
   -> Updated best validation state: val_loss=0.328078 at epoch 2
Epoch 3/20 | Steps: 1287 | LR: 0.000100 | Train Loss: 0.307929 | Val Loss: 0.330703 | Train Meta: Scaleμ:0.9762, Signal|S|μ:6.7471, Delta|S|μ:6.0045, Delta/Signal:88.99%, Gateμ:-0.5669, Gate0%:0.0, MetaNormμ:8.6834 | Val Meta: Scaleμ:0.9762, Signal|S|μ:6.3480, Delta|S|μ:5.6863, Delta/Signal:89.58%, Gateμ:-0.5669, Gate0%:0.0, MetaNormμ:8.6834
Epoch 4/20 | Steps: 1287 | LR: 0.000100 | Train Loss: 0.305388 | Val Loss: 0.321141 | Train Meta: Scaleμ:0.9762, Signal|S|μ:6.8372, Delta|S|μ:6.0605, Delta/Signal:88.64%, Gateμ:-0.5669, Gate0%:0.0, MetaNormμ:8.6834 | Val Meta: Scaleμ:0.9762, Signal|S|μ:6.3480, Delta|S|μ:5.6863, Delta/Signal:89.58%, Gateμ:-0.5669, Gate0%:0.0, MetaNormμ:8.6834
   -> Updated best validation state: val_loss=0.321141 at epoch 4
Epoch 5/20 | Steps: 1287 | LR: 0.000100 | Train Loss: 0.303284 | Val Loss: 0.320267 | Train Meta: Scaleμ:0.9762, Signal|S|μ:6.9973, Delta|S|μ:6.2030, Delta/Signal:88.65%, Gateμ:-0.5669, Gate0%:0.0, MetaNormμ:8.6834 | Val Meta: Scaleμ:0.9762, Signal|S|μ:6.3480, Delta|S|μ:5.6863, Delta/Signal:89.58%, Gateμ:-0.5669, Gate0%:0.0, MetaNormμ:8.6834
   -> Updated best validation state: val_loss=0.320267 at epoch 5
Epoch 6/20 | Steps: 1287 | LR: 0.000100 | Train Loss: 0.302133 | Val Loss: 0.320315 | Train Meta: Scaleμ:0.9762, Signal|S|μ:6.5940, Delta|S|μ:5.8590, Delta/Signal:88.85%, Gateμ:-0.5669, Gate0%:0.0, MetaNormμ:8.6834 | Val Meta: Scaleμ:0.9762, Signal|S|μ:6.3480, Delta|S|μ:5.6863, Delta/Signal:89.58%, Gateμ:-0.5669, Gate0%:0.0, MetaNormμ:8.6834
Epoch 7/20 | Steps: 1287 | LR: 0.000100 | Train Loss: 0.300874 | Val Loss: 0.313603 | Train Meta: Scaleμ:0.9762, Signal|S|μ:7.1040, Delta|S|μ:6.2808, Delta/Signal:88.41%, Gateμ:-0.5669, Gate0%:0.0, MetaNormμ:8.6834 | Val Meta: Scaleμ:0.9762, Signal|S|μ:6.3480, Delta|S|μ:5.6863, Delta/Signal:89.58%, Gateμ:-0.5669, Gate0%:0.0, MetaNormμ:8.6834
   -> Updated best validation state: val_loss=0.313603 at epoch 7
Epoch 8/20 | Steps: 1287 | LR: 0.000100 | Train Loss: 0.299944 | Val Loss: 0.314287 | Train Meta: Scaleμ:0.9762, Signal|S|μ:6.6770, Delta|S|μ:5.9191, Delta/Signal:88.65%, Gateμ:-0.5669, Gate0%:0.0, MetaNormμ:8.6834 | Val Meta: Scaleμ:0.9762, Signal|S|μ:6.3480, Delta|S|μ:5.6863, Delta/Signal:89.58%, Gateμ:-0.5669, Gate0%:0.0, MetaNormμ:8.6834
Epoch 9/20 | Steps: 1287 | LR: 0.000100 | Train Loss: 0.299004 | Val Loss: 0.311172 | Train Meta: Scaleμ:0.9762, Signal|S|μ:6.8276, Delta|S|μ:6.0611, Delta/Signal:88.77%, Gateμ:-0.5669, Gate0%:0.0, MetaNormμ:8.6834 | Val Meta: Scaleμ:0.9762, Signal|S|μ:6.3480, Delta|S|μ:5.6863, Delta/Signal:89.58%, Gateμ:-0.5669, Gate0%:0.0, MetaNormμ:8.6834
   -> Updated best validation state: val_loss=0.311172 at epoch 9
Epoch 10/20 | Steps: 1287 | LR: 0.000100 | Train Loss: 0.298686 | Val Loss: 0.313103 | Train Meta: Scaleμ:0.9762, Signal|S|μ:7.1321, Delta|S|μ:6.3068, Delta/Signal:88.43%, Gateμ:-0.5669, Gate0%:0.0, MetaNormμ:8.6834 | Val Meta: Scaleμ:0.9762, Signal|S|μ:6.3480, Delta|S|μ:5.6863, Delta/Signal:89.58%, Gateμ:-0.5669, Gate0%:0.0, MetaNormμ:8.6834
Epoch 11/20 | Steps: 1287 | LR: 0.000100 | Train Loss: 0.298499 | Val Loss: 0.313989 | Train Meta: Scaleμ:0.9762, Signal|S|μ:6.6073, Delta|S|μ:5.8623, Delta/Signal:88.72%, Gateμ:-0.5669, Gate0%:0.0, MetaNormμ:8.6834 | Val Meta: Scaleμ:0.9762, Signal|S|μ:6.3480, Delta|S|μ:5.6863, Delta/Signal:89.58%, Gateμ:-0.5669, Gate0%:0.0, MetaNormμ:8.6834
Epoch 12/20 | Steps: 1287 | LR: 0.000100 | Train Loss: 0.297824 | Val Loss: 0.309725 | Train Meta: Scaleμ:0.9762, Signal|S|μ:6.7111, Delta|S|μ:5.9411, Delta/Signal:88.53%, Gateμ:-0.5669, Gate0%:0.0, MetaNormμ:8.6834 | Val Meta: Scaleμ:0.9762, Signal|S|μ:6.3480, Delta|S|μ:5.6863, Delta/Signal:89.58%, Gateμ:-0.5669, Gate0%:0.0, MetaNormμ:8.6834
   -> Updated best validation state: val_loss=0.309725 at epoch 12
Epoch 13/20 | Steps: 1287 | LR: 0.000100 | Train Loss: 0.297730 | Val Loss: 0.314097 | Train Meta: Scaleμ:0.9762, Signal|S|μ:6.6165, Delta|S|μ:5.8692, Delta/Signal:88.71%, Gateμ:-0.5669, Gate0%:0.0, MetaNormμ:8.6834 | Val Meta: Scaleμ:0.9762, Signal|S|μ:6.3480, Delta|S|μ:5.6863, Delta/Signal:89.58%, Gateμ:-0.5669, Gate0%:0.0, MetaNormμ:8.6834
Epoch 14/20 | Steps: 1287 | LR: 0.000100 | Train Loss: 0.297033 | Val Loss: 0.313843 | Train Meta: Scaleμ:0.9762, Signal|S|μ:6.8405, Delta|S|μ:6.0508, Delta/Signal:88.46%, Gateμ:-0.5669, Gate0%:0.0, MetaNormμ:8.6834 | Val Meta: Scaleμ:0.9762, Signal|S|μ:6.3480, Delta|S|μ:5.6863, Delta/Signal:89.58%, Gateμ:-0.5669, Gate0%:0.0, MetaNormμ:8.6834
Epoch 15/20 | Steps: 1287 | LR: 0.000100 | Train Loss: 0.296644 | Val Loss: 0.308205 | Train Meta: Scaleμ:0.9762, Signal|S|μ:6.6091, Delta|S|μ:5.8500, Delta/Signal:88.51%, Gateμ:-0.5669, Gate0%:0.0, MetaNormμ:8.6834 | Val Meta: Scaleμ:0.9762, Signal|S|μ:6.3480, Delta|S|μ:5.6863, Delta/Signal:89.58%, Gateμ:-0.5669, Gate0%:0.0, MetaNormμ:8.6834
   -> Updated best validation state: val_loss=0.308205 at epoch 15
Epoch 16/20 | Steps: 1287 | LR: 0.000100 | Train Loss: 0.296916 | Val Loss: 0.307322 | Train Meta: Scaleμ:0.9762, Signal|S|μ:6.7590, Delta|S|μ:5.9857, Delta/Signal:88.56%, Gateμ:-0.5669, Gate0%:0.0, MetaNormμ:8.6834 | Val Meta: Scaleμ:0.9762, Signal|S|μ:6.3480, Delta|S|μ:5.6863, Delta/Signal:89.58%, Gateμ:-0.5669, Gate0%:0.0, MetaNormμ:8.6834
   -> Updated best validation state: val_loss=0.307322 at epoch 16
Epoch 17/20 | Steps: 1287 | LR: 0.000100 | Train Loss: 0.296795 | Val Loss: 0.309701 | Train Meta: Scaleμ:0.9762, Signal|S|μ:6.6085, Delta|S|μ:5.8652, Delta/Signal:88.75%, Gateμ:-0.5669, Gate0%:0.0, MetaNormμ:8.6834 | Val Meta: Scaleμ:0.9762, Signal|S|μ:6.3480, Delta|S|μ:5.6863, Delta/Signal:89.58%, Gateμ:-0.5669, Gate0%:0.0, MetaNormμ:8.6834
Epoch 18/20 | Steps: 1287 | LR: 0.000100 | Train Loss: 0.296385 | Val Loss: 0.310377 | Train Meta: Scaleμ:0.9762, Signal|S|μ:6.7930, Delta|S|μ:6.0204, Delta/Signal:88.63%, Gateμ:-0.5669, Gate0%:0.0, MetaNormμ:8.6834 | Val Meta: Scaleμ:0.9762, Signal|S|μ:6.3480, Delta|S|μ:5.6863, Delta/Signal:89.58%, Gateμ:-0.5669, Gate0%:0.0, MetaNormμ:8.6834
Epoch 19/20 | Steps: 1287 | LR: 0.000100 | Train Loss: 0.296295 | Val Loss: 0.306650 | Train Meta: Scaleμ:0.9762, Signal|S|μ:6.7166, Delta|S|μ:5.9481, Delta/Signal:88.56%, Gateμ:-0.5669, Gate0%:0.0, MetaNormμ:8.6834 | Val Meta: Scaleμ:0.9762, Signal|S|μ:6.3480, Delta|S|μ:5.6863, Delta/Signal:89.58%, Gateμ:-0.5669, Gate0%:0.0, MetaNormμ:8.6834
   -> Updated best validation state: val_loss=0.306650 at epoch 19
Epoch 20/20 | Steps: 1287 | LR: 0.000100 | Train Loss: 0.296262 | Val Loss: 0.313406 | Train Meta: Scaleμ:0.9762, Signal|S|μ:6.5940, Delta|S|μ:5.8552, Delta/Signal:88.80%, Gateμ:-0.5669, Gate0%:0.0, MetaNormμ:8.6834 | Val Meta: Scaleμ:0.9762, Signal|S|μ:6.3480, Delta|S|μ:5.6863, Delta/Signal:89.58%, Gateμ:-0.5669, Gate0%:0.0, MetaNormμ:8.6834
{'test_mse': 0.3846648931503296, 'test_mae': 0.43064814805984497}
Saved attention maps for 3 sample(s) under ./runs/forecasting_electricity_to_ETTm1_laya_metadata_query_gate_stats/pred_96/attention_maps
Stats metadata preview | dataset=ETTm1 | domain=ETTm1 | channels=7
   - HUFL: Channel statistics over the training split: mean value is 7.849, standard deviation is 6.158, minimum value is -19.357, maximum value is 24.180, median value is 8.640, and mean absolute value is 9.146.
==================================================
🚀 Architecture: LAYA
📊 Target Dataset: ETTm1 (Channels: 7)
📊 Pretrain Info: electricity (Detected Channels: 7)
📊 Prediction Length: 192
==================================================
✅ Loaded pretrained encoder from ./checkpoints/electricity_laya_metadata_query_gate_stats/laya_ts_electricity_s_best.pt
   - 62/62 keys matched.
ℹ️ Channel Adapter: disabled
📝 metadata: mode=stats, fusion=none, relation=metadata_query_gate
ℹ️ Metadata Fusion Mode: none
ℹ️ Channel Mixer Relation Mode: metadata_query_gate
ℹ️ Encoder Variant: default
ℹ️ Channel Relation Block: disabled
✅ Probing Head [Mixer, channel-wise]: [B*C, 1024] -> [B, 7, 192]
Epoch 1/20 | Steps: 1284 | LR: 0.000100 | Train Loss: 0.393574 | Val Loss: 0.372116 | Train Meta: Scaleμ:0.9762, Signal|S|μ:6.6032, Delta|S|μ:5.8569, Delta/Signal:88.70%, Gateμ:-0.5669, Gate0%:0.0, MetaNormμ:8.6834 | Val Meta: Scaleμ:0.9762, Signal|S|μ:6.3480, Delta|S|μ:5.6863, Delta/Signal:89.58%, Gateμ:-0.5669, Gate0%:0.0, MetaNormμ:8.6834
   -> Updated best validation state: val_loss=0.372116 at epoch 1
Epoch 2/20 | Steps: 1284 | LR: 0.000100 | Train Loss: 0.354769 | Val Loss: 0.362694 | Train Meta: Scaleμ:0.9762, Signal|S|μ:6.9365, Delta|S|μ:6.1311, Delta/Signal:88.39%, Gateμ:-0.5669, Gate0%:0.0, MetaNormμ:8.6834 | Val Meta: Scaleμ:0.9762, Signal|S|μ:6.3480, Delta|S|μ:5.6863, Delta/Signal:89.58%, Gateμ:-0.5669, Gate0%:0.0, MetaNormμ:8.6834
   -> Updated best validation state: val_loss=0.362694 at epoch 2
Epoch 3/20 | Steps: 1284 | LR: 0.000100 | Train Loss: 0.351352 | Val Loss: 0.358615 | Train Meta: Scaleμ:0.9762, Signal|S|μ:6.2711, Delta|S|μ:5.5511, Delta/Signal:88.52%, Gateμ:-0.5669, Gate0%:0.0, MetaNormμ:8.6834 | Val Meta: Scaleμ:0.9762, Signal|S|μ:6.3480, Delta|S|μ:5.6863, Delta/Signal:89.58%, Gateμ:-0.5669, Gate0%:0.0, MetaNormμ:8.6834
   -> Updated best validation state: val_loss=0.358615 at epoch 3
Epoch 4/20 | Steps: 1284 | LR: 0.000100 | Train Loss: 0.349276 | Val Loss: 0.358114 | Train Meta: Scaleμ:0.9762, Signal|S|μ:6.4990, Delta|S|μ:5.7539, Delta/Signal:88.54%, Gateμ:-0.5669, Gate0%:0.0, MetaNormμ:8.6834 | Val Meta: Scaleμ:0.9762, Signal|S|μ:6.3480, Delta|S|μ:5.6863, Delta/Signal:89.58%, Gateμ:-0.5669, Gate0%:0.0, MetaNormμ:8.6834
   -> Updated best validation state: val_loss=0.358114 at epoch 4
Epoch 5/20 | Steps: 1284 | LR: 0.000100 | Train Loss: 0.347706 | Val Loss: 0.352482 | Train Meta: Scaleμ:0.9762, Signal|S|μ:7.0226, Delta|S|μ:6.2142, Delta/Signal:88.49%, Gateμ:-0.5669, Gate0%:0.0, MetaNormμ:8.6834 | Val Meta: Scaleμ:0.9762, Signal|S|μ:6.3480, Delta|S|μ:5.6863, Delta/Signal:89.58%, Gateμ:-0.5669, Gate0%:0.0, MetaNormμ:8.6834
   -> Updated best validation state: val_loss=0.352482 at epoch 5
Epoch 6/20 | Steps: 1284 | LR: 0.000100 | Train Loss: 0.345740 | Val Loss: 0.352397 | Train Meta: Scaleμ:0.9762, Signal|S|μ:6.6031, Delta|S|μ:5.8589, Delta/Signal:88.73%, Gateμ:-0.5669, Gate0%:0.0, MetaNormμ:8.6834 | Val Meta: Scaleμ:0.9762, Signal|S|μ:6.3480, Delta|S|μ:5.6863, Delta/Signal:89.58%, Gateμ:-0.5669, Gate0%:0.0, MetaNormμ:8.6834
   -> Updated best validation state: val_loss=0.352397 at epoch 6
Epoch 7/20 | Steps: 1284 | LR: 0.000100 | Train Loss: 0.345029 | Val Loss: 0.349489 | Train Meta: Scaleμ:0.9762, Signal|S|μ:6.8881, Delta|S|μ:6.0874, Delta/Signal:88.38%, Gateμ:-0.5669, Gate0%:0.0, MetaNormμ:8.6834 | Val Meta: Scaleμ:0.9762, Signal|S|μ:6.3480, Delta|S|μ:5.6863, Delta/Signal:89.58%, Gateμ:-0.5669, Gate0%:0.0, MetaNormμ:8.6834
   -> Updated best validation state: val_loss=0.349489 at epoch 7
Epoch 8/20 | Steps: 1284 | LR: 0.000100 | Train Loss: 0.344316 | Val Loss: 0.353482 | Train Meta: Scaleμ:0.9762, Signal|S|μ:6.6041, Delta|S|μ:5.8634, Delta/Signal:88.78%, Gateμ:-0.5669, Gate0%:0.0, MetaNormμ:8.6834 | Val Meta: Scaleμ:0.9762, Signal|S|μ:6.3480, Delta|S|μ:5.6863, Delta/Signal:89.58%, Gateμ:-0.5669, Gate0%:0.0, MetaNormμ:8.6834
Epoch 9/20 | Steps: 1284 | LR: 0.000100 | Train Loss: 0.343951 | Val Loss: 0.346236 | Train Meta: Scaleμ:0.9762, Signal|S|μ:6.6648, Delta|S|μ:5.9121, Delta/Signal:88.71%, Gateμ:-0.5669, Gate0%:0.0, MetaNormμ:8.6834 | Val Meta: Scaleμ:0.9762, Signal|S|μ:6.3480, Delta|S|μ:5.6863, Delta/Signal:89.58%, Gateμ:-0.5669, Gate0%:0.0, MetaNormμ:8.6834
   -> Updated best validation state: val_loss=0.346236 at epoch 9
Epoch 10/20 | Steps: 1284 | LR: 0.000100 | Train Loss: 0.343489 | Val Loss: 0.353398 | Train Meta: Scaleμ:0.9762, Signal|S|μ:7.0965, Delta|S|μ:6.2673, Delta/Signal:88.31%, Gateμ:-0.5669, Gate0%:0.0, MetaNormμ:8.6834 | Val Meta: Scaleμ:0.9762, Signal|S|μ:6.3480, Delta|S|μ:5.6863, Delta/Signal:89.58%, Gateμ:-0.5669, Gate0%:0.0, MetaNormμ:8.6834
Epoch 11/20 | Steps: 1284 | LR: 0.000100 | Train Loss: 0.343667 | Val Loss: 0.347542 | Train Meta: Scaleμ:0.9762, Signal|S|μ:6.7213, Delta|S|μ:5.9623, Delta/Signal:88.71%, Gateμ:-0.5669, Gate0%:0.0, MetaNormμ:8.6834 | Val Meta: Scaleμ:0.9762, Signal|S|μ:6.3480, Delta|S|μ:5.6863, Delta/Signal:89.58%, Gateμ:-0.5669, Gate0%:0.0, MetaNormμ:8.6834
Epoch 12/20 | Steps: 1284 | LR: 0.000100 | Train Loss: 0.342623 | Val Loss: 0.345997 | Train Meta: Scaleμ:0.9762, Signal|S|μ:6.7534, Delta|S|μ:5.9884, Delta/Signal:88.67%, Gateμ:-0.5669, Gate0%:0.0, MetaNormμ:8.6834 | Val Meta: Scaleμ:0.9762, Signal|S|μ:6.3480, Delta|S|μ:5.6863, Delta/Signal:89.58%, Gateμ:-0.5669, Gate0%:0.0, MetaNormμ:8.6834
   -> Updated best validation state: val_loss=0.345997 at epoch 12
Epoch 13/20 | Steps: 1284 | LR: 0.000100 | Train Loss: 0.342023 | Val Loss: 0.346116 | Train Meta: Scaleμ:0.9762, Signal|S|μ:6.4919, Delta|S|μ:5.7676, Delta/Signal:88.84%, Gateμ:-0.5669, Gate0%:0.0, MetaNormμ:8.6834 | Val Meta: Scaleμ:0.9762, Signal|S|μ:6.3480, Delta|S|μ:5.6863, Delta/Signal:89.58%, Gateμ:-0.5669, Gate0%:0.0, MetaNormμ:8.6834
Epoch 14/20 | Steps: 1284 | LR: 0.000100 | Train Loss: 0.341945 | Val Loss: 0.349656 | Train Meta: Scaleμ:0.9762, Signal|S|μ:6.3897, Delta|S|μ:5.6792, Delta/Signal:88.88%, Gateμ:-0.5669, Gate0%:0.0, MetaNormμ:8.6834 | Val Meta: Scaleμ:0.9762, Signal|S|μ:6.3480, Delta|S|μ:5.6863, Delta/Signal:89.58%, Gateμ:-0.5669, Gate0%:0.0, MetaNormμ:8.6834
Epoch 15/20 | Steps: 1284 | LR: 0.000100 | Train Loss: 0.341789 | Val Loss: 0.352147 | Train Meta: Scaleμ:0.9762, Signal|S|μ:6.5273, Delta|S|μ:5.7898, Delta/Signal:88.70%, Gateμ:-0.5669, Gate0%:0.0, MetaNormμ:8.6834 | Val Meta: Scaleμ:0.9762, Signal|S|μ:6.3480, Delta|S|μ:5.6863, Delta/Signal:89.58%, Gateμ:-0.5669, Gate0%:0.0, MetaNormμ:8.6834
Epoch 16/20 | Steps: 1284 | LR: 0.000100 | Train Loss: 0.341549 | Val Loss: 0.345899 | Train Meta: Scaleμ:0.9762, Signal|S|μ:6.5208, Delta|S|μ:5.7930, Delta/Signal:88.84%, Gateμ:-0.5669, Gate0%:0.0, MetaNormμ:8.6834 | Val Meta: Scaleμ:0.9762, Signal|S|μ:6.3480, Delta|S|μ:5.6863, Delta/Signal:89.58%, Gateμ:-0.5669, Gate0%:0.0, MetaNormμ:8.6834
   -> Updated best validation state: val_loss=0.345899 at epoch 16
Epoch 17/20 | Steps: 1284 | LR: 0.000100 | Train Loss: 0.341262 | Val Loss: 0.349782 | Train Meta: Scaleμ:0.9762, Signal|S|μ:6.5718, Delta|S|μ:5.8328, Delta/Signal:88.76%, Gateμ:-0.5669, Gate0%:0.0, MetaNormμ:8.6834 | Val Meta: Scaleμ:0.9762, Signal|S|μ:6.3480, Delta|S|μ:5.6863, Delta/Signal:89.58%, Gateμ:-0.5669, Gate0%:0.0, MetaNormμ:8.6834
Epoch 18/20 | Steps: 1284 | LR: 0.000100 | Train Loss: 0.341520 | Val Loss: 0.351285 | Train Meta: Scaleμ:0.9762, Signal|S|μ:6.6266, Delta|S|μ:5.8807, Delta/Signal:88.74%, Gateμ:-0.5669, Gate0%:0.0, MetaNormμ:8.6834 | Val Meta: Scaleμ:0.9762, Signal|S|μ:6.3480, Delta|S|μ:5.6863, Delta/Signal:89.58%, Gateμ:-0.5669, Gate0%:0.0, MetaNormμ:8.6834
Epoch 19/20 | Steps: 1284 | LR: 0.000100 | Train Loss: 0.341368 | Val Loss: 0.343862 | Train Meta: Scaleμ:0.9762, Signal|S|μ:6.5630, Delta|S|μ:5.8165, Delta/Signal:88.63%, Gateμ:-0.5669, Gate0%:0.0, MetaNormμ:8.6834 | Val Meta: Scaleμ:0.9762, Signal|S|μ:6.3480, Delta|S|μ:5.6863, Delta/Signal:89.58%, Gateμ:-0.5669, Gate0%:0.0, MetaNormμ:8.6834
   -> Updated best validation state: val_loss=0.343862 at epoch 19
Epoch 20/20 | Steps: 1284 | LR: 0.000100 | Train Loss: 0.341090 | Val Loss: 0.345428 | Train Meta: Scaleμ:0.9762, Signal|S|μ:6.7337, Delta|S|μ:5.9676, Delta/Signal:88.62%, Gateμ:-0.5669, Gate0%:0.0, MetaNormμ:8.6834 | Val Meta: Scaleμ:0.9762, Signal|S|μ:6.3480, Delta|S|μ:5.6863, Delta/Signal:89.58%, Gateμ:-0.5669, Gate0%:0.0, MetaNormμ:8.6834
{'test_mse': 0.4363241493701935, 'test_mae': 0.45856186747550964}
Saved attention maps for 3 sample(s) under ./runs/forecasting_electricity_to_ETTm1_laya_metadata_query_gate_stats/pred_192/attention_maps
Stats metadata preview | dataset=ETTm1 | domain=ETTm1 | channels=7
   - HUFL: Channel statistics over the training split: mean value is 7.849, standard deviation is 6.158, minimum value is -19.357, maximum value is 24.180, median value is 8.640, and mean absolute value is 9.146.
==================================================
🚀 Architecture: LAYA
📊 Target Dataset: ETTm1 (Channels: 7)
📊 Pretrain Info: electricity (Detected Channels: 7)
📊 Prediction Length: 336
==================================================
✅ Loaded pretrained encoder from ./checkpoints/electricity_laya_metadata_query_gate_stats/laya_ts_electricity_s_best.pt
   - 62/62 keys matched.
ℹ️ Channel Adapter: disabled
📝 metadata: mode=stats, fusion=none, relation=metadata_query_gate
ℹ️ Metadata Fusion Mode: none
ℹ️ Channel Mixer Relation Mode: metadata_query_gate
ℹ️ Encoder Variant: default
ℹ️ Channel Relation Block: disabled
✅ Probing Head [Mixer, channel-wise]: [B*C, 1024] -> [B, 7, 336]
Epoch 1/20 | Steps: 1280 | LR: 0.000100 | Train Loss: 0.440732 | Val Loss: 0.405797 | Train Meta: Scaleμ:0.9762, Signal|S|μ:6.4061, Delta|S|μ:5.6823, Delta/Signal:88.70%, Gateμ:-0.5669, Gate0%:0.0, MetaNormμ:8.6834 | Val Meta: Scaleμ:0.9762, Signal|S|μ:6.3480, Delta|S|μ:5.6863, Delta/Signal:89.58%, Gateμ:-0.5669, Gate0%:0.0, MetaNormμ:8.6834
   -> Updated best validation state: val_loss=0.405797 at epoch 1
Epoch 2/20 | Steps: 1280 | LR: 0.000100 | Train Loss: 0.403352 | Val Loss: 0.403780 | Train Meta: Scaleμ:0.9762, Signal|S|μ:6.8388, Delta|S|μ:6.0546, Delta/Signal:88.53%, Gateμ:-0.5669, Gate0%:0.0, MetaNormμ:8.6834 | Val Meta: Scaleμ:0.9762, Signal|S|μ:6.3480, Delta|S|μ:5.6863, Delta/Signal:89.58%, Gateμ:-0.5669, Gate0%:0.0, MetaNormμ:8.6834
   -> Updated best validation state: val_loss=0.403780 at epoch 2
Epoch 3/20 | Steps: 1280 | LR: 0.000100 | Train Loss: 0.399341 | Val Loss: 0.398072 | Train Meta: Scaleμ:0.9762, Signal|S|μ:7.1063, Delta|S|μ:6.2790, Delta/Signal:88.36%, Gateμ:-0.5669, Gate0%:0.0, MetaNormμ:8.6834 | Val Meta: Scaleμ:0.9762, Signal|S|μ:6.3480, Delta|S|μ:5.6863, Delta/Signal:89.58%, Gateμ:-0.5669, Gate0%:0.0, MetaNormμ:8.6834
   -> Updated best validation state: val_loss=0.398072 at epoch 3
Epoch 4/20 | Steps: 1280 | LR: 0.000100 | Train Loss: 0.397371 | Val Loss: 0.398160 | Train Meta: Scaleμ:0.9762, Signal|S|μ:6.8435, Delta|S|μ:6.0430, Delta/Signal:88.30%, Gateμ:-0.5669, Gate0%:0.0, MetaNormμ:8.6834 | Val Meta: Scaleμ:0.9762, Signal|S|μ:6.3480, Delta|S|μ:5.6863, Delta/Signal:89.58%, Gateμ:-0.5669, Gate0%:0.0, MetaNormμ:8.6834
Epoch 5/20 | Steps: 1280 | LR: 0.000100 | Train Loss: 0.396477 | Val Loss: 0.394027 | Train Meta: Scaleμ:0.9762, Signal|S|μ:6.6356, Delta|S|μ:5.8892, Delta/Signal:88.75%, Gateμ:-0.5669, Gate0%:0.0, MetaNormμ:8.6834 | Val Meta: Scaleμ:0.9762, Signal|S|μ:6.3480, Delta|S|μ:5.6863, Delta/Signal:89.58%, Gateμ:-0.5669, Gate0%:0.0, MetaNormμ:8.6834
   -> Updated best validation state: val_loss=0.394027 at epoch 5
Epoch 6/20 | Steps: 1280 | LR: 0.000100 | Train Loss: 0.395178 | Val Loss: 0.394377 | Train Meta: Scaleμ:0.9762, Signal|S|μ:6.6852, Delta|S|μ:5.9144, Delta/Signal:88.47%, Gateμ:-0.5669, Gate0%:0.0, MetaNormμ:8.6834 | Val Meta: Scaleμ:0.9762, Signal|S|μ:6.3480, Delta|S|μ:5.6863, Delta/Signal:89.58%, Gateμ:-0.5669, Gate0%:0.0, MetaNormμ:8.6834
Epoch 7/20 | Steps: 1280 | LR: 0.000100 | Train Loss: 0.393901 | Val Loss: 0.388926 | Train Meta: Scaleμ:0.9762, Signal|S|μ:6.5207, Delta|S|μ:5.7848, Delta/Signal:88.72%, Gateμ:-0.5669, Gate0%:0.0, MetaNormμ:8.6834 | Val Meta: Scaleμ:0.9762, Signal|S|μ:6.3480, Delta|S|μ:5.6863, Delta/Signal:89.58%, Gateμ:-0.5669, Gate0%:0.0, MetaNormμ:8.6834
   -> Updated best validation state: val_loss=0.388926 at epoch 7
Epoch 8/20 | Steps: 1280 | LR: 0.000100 | Train Loss: 0.393100 | Val Loss: 0.390573 | Train Meta: Scaleμ:0.9762, Signal|S|μ:6.5169, Delta|S|μ:5.7879, Delta/Signal:88.81%, Gateμ:-0.5669, Gate0%:0.0, MetaNormμ:8.6834 | Val Meta: Scaleμ:0.9762, Signal|S|μ:6.3480, Delta|S|μ:5.6863, Delta/Signal:89.58%, Gateμ:-0.5669, Gate0%:0.0, MetaNormμ:8.6834
Epoch 9/20 | Steps: 1280 | LR: 0.000100 | Train Loss: 0.393320 | Val Loss: 0.390338 | Train Meta: Scaleμ:0.9762, Signal|S|μ:6.8311, Delta|S|μ:6.0408, Delta/Signal:88.43%, Gateμ:-0.5669, Gate0%:0.0, MetaNormμ:8.6834 | Val Meta: Scaleμ:0.9762, Signal|S|μ:6.3480, Delta|S|μ:5.6863, Delta/Signal:89.58%, Gateμ:-0.5669, Gate0%:0.0, MetaNormμ:8.6834
Epoch 10/20 | Steps: 1280 | LR: 0.000100 | Train Loss: 0.391667 | Val Loss: 0.391112 | Train Meta: Scaleμ:0.9762, Signal|S|μ:6.6973, Delta|S|μ:5.9533, Delta/Signal:88.89%, Gateμ:-0.5669, Gate0%:0.0, MetaNormμ:8.6834 | Val Meta: Scaleμ:0.9762, Signal|S|μ:6.3480, Delta|S|μ:5.6863, Delta/Signal:89.58%, Gateμ:-0.5669, Gate0%:0.0, MetaNormμ:8.6834
Epoch 11/20 | Steps: 1280 | LR: 0.000100 | Train Loss: 0.392182 | Val Loss: 0.391833 | Train Meta: Scaleμ:0.9762, Signal|S|μ:6.5751, Delta|S|μ:5.8384, Delta/Signal:88.80%, Gateμ:-0.5669, Gate0%:0.0, MetaNormμ:8.6834 | Val Meta: Scaleμ:0.9762, Signal|S|μ:6.3480, Delta|S|μ:5.6863, Delta/Signal:89.58%, Gateμ:-0.5669, Gate0%:0.0, MetaNormμ:8.6834
Epoch 12/20 | Steps: 1280 | LR: 0.000100 | Train Loss: 0.391524 | Val Loss: 0.387781 | Train Meta: Scaleμ:0.9762, Signal|S|μ:6.5783, Delta|S|μ:5.8376, Delta/Signal:88.74%, Gateμ:-0.5669, Gate0%:0.0, MetaNormμ:8.6834 | Val Meta: Scaleμ:0.9762, Signal|S|μ:6.3480, Delta|S|μ:5.6863, Delta/Signal:89.58%, Gateμ:-0.5669, Gate0%:0.0, MetaNormμ:8.6834
   -> Updated best validation state: val_loss=0.387781 at epoch 12
Epoch 13/20 | Steps: 1280 | LR: 0.000100 | Train Loss: 0.391198 | Val Loss: 0.386890 | Train Meta: Scaleμ:0.9762, Signal|S|μ:6.5049, Delta|S|μ:5.7578, Delta/Signal:88.51%, Gateμ:-0.5669, Gate0%:0.0, MetaNormμ:8.6834 | Val Meta: Scaleμ:0.9762, Signal|S|μ:6.3480, Delta|S|μ:5.6863, Delta/Signal:89.58%, Gateμ:-0.5669, Gate0%:0.0, MetaNormμ:8.6834
   -> Updated best validation state: val_loss=0.386890 at epoch 13
Epoch 14/20 | Steps: 1280 | LR: 0.000100 | Train Loss: 0.390887 | Val Loss: 0.387551 | Train Meta: Scaleμ:0.9762, Signal|S|μ:6.6346, Delta|S|μ:5.8715, Delta/Signal:88.50%, Gateμ:-0.5669, Gate0%:0.0, MetaNormμ:8.6834 | Val Meta: Scaleμ:0.9762, Signal|S|μ:6.3480, Delta|S|μ:5.6863, Delta/Signal:89.58%, Gateμ:-0.5669, Gate0%:0.0, MetaNormμ:8.6834
Epoch 15/20 | Steps: 1280 | LR: 0.000100 | Train Loss: 0.390632 | Val Loss: 0.388382 | Train Meta: Scaleμ:0.9762, Signal|S|μ:6.5442, Delta|S|μ:5.8181, Delta/Signal:88.90%, Gateμ:-0.5669, Gate0%:0.0, MetaNormμ:8.6834 | Val Meta: Scaleμ:0.9762, Signal|S|μ:6.3480, Delta|S|μ:5.6863, Delta/Signal:89.58%, Gateμ:-0.5669, Gate0%:0.0, MetaNormμ:8.6834
Epoch 16/20 | Steps: 1280 | LR: 0.000100 | Train Loss: 0.390930 | Val Loss: 0.384997 | Train Meta: Scaleμ:0.9762, Signal|S|μ:6.6874, Delta|S|μ:5.9176, Delta/Signal:88.49%, Gateμ:-0.5669, Gate0%:0.0, MetaNormμ:8.6834 | Val Meta: Scaleμ:0.9762, Signal|S|μ:6.3480, Delta|S|μ:5.6863, Delta/Signal:89.58%, Gateμ:-0.5669, Gate0%:0.0, MetaNormμ:8.6834
   -> Updated best validation state: val_loss=0.384997 at epoch 16
Epoch 17/20 | Steps: 1280 | LR: 0.000100 | Train Loss: 0.390246 | Val Loss: 0.387744 | Train Meta: Scaleμ:0.9762, Signal|S|μ:7.0372, Delta|S|μ:6.2196, Delta/Signal:88.38%, Gateμ:-0.5669, Gate0%:0.0, MetaNormμ:8.6834 | Val Meta: Scaleμ:0.9762, Signal|S|μ:6.3480, Delta|S|μ:5.6863, Delta/Signal:89.58%, Gateμ:-0.5669, Gate0%:0.0, MetaNormμ:8.6834
Epoch 18/20 | Steps: 1280 | LR: 0.000100 | Train Loss: 0.390270 | Val Loss: 0.385308 | Train Meta: Scaleμ:0.9762, Signal|S|μ:6.6497, Delta|S|μ:5.8990, Delta/Signal:88.71%, Gateμ:-0.5669, Gate0%:0.0, MetaNormμ:8.6834 | Val Meta: Scaleμ:0.9762, Signal|S|μ:6.3480, Delta|S|μ:5.6863, Delta/Signal:89.58%, Gateμ:-0.5669, Gate0%:0.0, MetaNormμ:8.6834
Epoch 19/20 | Steps: 1280 | LR: 0.000100 | Train Loss: 0.389959 | Val Loss: 0.389923 | Train Meta: Scaleμ:0.9762, Signal|S|μ:6.7922, Delta|S|μ:6.0127, Delta/Signal:88.52%, Gateμ:-0.5669, Gate0%:0.0, MetaNormμ:8.6834 | Val Meta: Scaleμ:0.9762, Signal|S|μ:6.3480, Delta|S|μ:5.6863, Delta/Signal:89.58%, Gateμ:-0.5669, Gate0%:0.0, MetaNormμ:8.6834
Epoch 20/20 | Steps: 1280 | LR: 0.000100 | Train Loss: 0.390177 | Val Loss: 0.391111 | Train Meta: Scaleμ:0.9762, Signal|S|μ:6.7408, Delta|S|μ:5.9888, Delta/Signal:88.84%, Gateμ:-0.5669, Gate0%:0.0, MetaNormμ:8.6834 | Val Meta: Scaleμ:0.9762, Signal|S|μ:6.3480, Delta|S|μ:5.6863, Delta/Signal:89.58%, Gateμ:-0.5669, Gate0%:0.0, MetaNormμ:8.6834
{'test_mse': 0.4784284830093384, 'test_mae': 0.48013243079185486}
Saved attention maps for 3 sample(s) under ./runs/forecasting_electricity_to_ETTm1_laya_metadata_query_gate_stats/pred_336/attention_maps
Stats metadata preview | dataset=ETTm1 | domain=ETTm1 | channels=7
   - HUFL: Channel statistics over the training split: mean value is 7.849, standard deviation is 6.158, minimum value is -19.357, maximum value is 24.180, median value is 8.640, and mean absolute value is 9.146.
==================================================
🚀 Architecture: LAYA
📊 Target Dataset: ETTm1 (Channels: 7)
📊 Pretrain Info: electricity (Detected Channels: 7)
📊 Prediction Length: 720
==================================================
✅ Loaded pretrained encoder from ./checkpoints/electricity_laya_metadata_query_gate_stats/laya_ts_electricity_s_best.pt
   - 62/62 keys matched.
ℹ️ Channel Adapter: disabled
📝 metadata: mode=stats, fusion=none, relation=metadata_query_gate
ℹ️ Metadata Fusion Mode: none
ℹ️ Channel Mixer Relation Mode: metadata_query_gate
ℹ️ Encoder Variant: default
ℹ️ Channel Relation Block: disabled
✅ Probing Head [Mixer, channel-wise]: [B*C, 1024] -> [B, 7, 720]
Epoch 1/20 | Steps: 1268 | LR: 0.000100 | Train Loss: 0.518836 | Val Loss: 0.475680 | Train Meta: Scaleμ:0.9762, Signal|S|μ:6.6639, Delta|S|μ:5.9069, Delta/Signal:88.64%, Gateμ:-0.5669, Gate0%:0.0, MetaNormμ:8.6834 | Val Meta: Scaleμ:0.9762, Signal|S|μ:6.3480, Delta|S|μ:5.6863, Delta/Signal:89.58%, Gateμ:-0.5669, Gate0%:0.0, MetaNormμ:8.6834
   -> Updated best validation state: val_loss=0.475680 at epoch 1
Epoch 2/20 | Steps: 1268 | LR: 0.000100 | Train Loss: 0.483029 | Val Loss: 0.470425 | Train Meta: Scaleμ:0.9762, Signal|S|μ:6.4780, Delta|S|μ:5.7497, Delta/Signal:88.76%, Gateμ:-0.5669, Gate0%:0.0, MetaNormμ:8.6834 | Val Meta: Scaleμ:0.9762, Signal|S|μ:6.3480, Delta|S|μ:5.6863, Delta/Signal:89.58%, Gateμ:-0.5669, Gate0%:0.0, MetaNormμ:8.6834
   -> Updated best validation state: val_loss=0.470425 at epoch 2
Epoch 3/20 | Steps: 1268 | LR: 0.000100 | Train Loss: 0.481263 | Val Loss: 0.466519 | Train Meta: Scaleμ:0.9762, Signal|S|μ:6.9851, Delta|S|μ:6.1733, Delta/Signal:88.38%, Gateμ:-0.5669, Gate0%:0.0, MetaNormμ:8.6834 | Val Meta: Scaleμ:0.9762, Signal|S|μ:6.3480, Delta|S|μ:5.6863, Delta/Signal:89.58%, Gateμ:-0.5669, Gate0%:0.0, MetaNormμ:8.6834
   -> Updated best validation state: val_loss=0.466519 at epoch 3
Epoch 4/20 | Steps: 1268 | LR: 0.000100 | Train Loss: 0.478879 | Val Loss: 0.468184 | Train Meta: Scaleμ:0.9762, Signal|S|μ:6.5978, Delta|S|μ:5.8703, Delta/Signal:88.97%, Gateμ:-0.5669, Gate0%:0.0, MetaNormμ:8.6834 | Val Meta: Scaleμ:0.9762, Signal|S|μ:6.3480, Delta|S|μ:5.6863, Delta/Signal:89.58%, Gateμ:-0.5669, Gate0%:0.0, MetaNormμ:8.6834
Epoch 5/20 | Steps: 1268 | LR: 0.000100 | Train Loss: 0.477591 | Val Loss: 0.463250 | Train Meta: Scaleμ:0.9762, Signal|S|μ:6.5056, Delta|S|μ:5.7847, Delta/Signal:88.92%, Gateμ:-0.5669, Gate0%:0.0, MetaNormμ:8.6834 | Val Meta: Scaleμ:0.9762, Signal|S|μ:6.3480, Delta|S|μ:5.6863, Delta/Signal:89.58%, Gateμ:-0.5669, Gate0%:0.0, MetaNormμ:8.6834
   -> Updated best validation state: val_loss=0.463250 at epoch 5
Epoch 6/20 | Steps: 1268 | LR: 0.000100 | Train Loss: 0.477334 | Val Loss: 0.465797 | Train Meta: Scaleμ:0.9762, Signal|S|μ:6.5840, Delta|S|μ:5.8376, Delta/Signal:88.66%, Gateμ:-0.5669, Gate0%:0.0, MetaNormμ:8.6834 | Val Meta: Scaleμ:0.9762, Signal|S|μ:6.3480, Delta|S|μ:5.6863, Delta/Signal:89.58%, Gateμ:-0.5669, Gate0%:0.0, MetaNormμ:8.6834
Epoch 7/20 | Steps: 1268 | LR: 0.000100 | Train Loss: 0.475152 | Val Loss: 0.461636 | Train Meta: Scaleμ:0.9762, Signal|S|μ:6.7198, Delta|S|μ:5.9539, Delta/Signal:88.60%, Gateμ:-0.5669, Gate0%:0.0, MetaNormμ:8.6834 | Val Meta: Scaleμ:0.9762, Signal|S|μ:6.3480, Delta|S|μ:5.6863, Delta/Signal:89.58%, Gateμ:-0.5669, Gate0%:0.0, MetaNormμ:8.6834
   -> Updated best validation state: val_loss=0.461636 at epoch 7
Epoch 8/20 | Steps: 1268 | LR: 0.000100 | Train Loss: 0.475591 | Val Loss: 0.470934 | Train Meta: Scaleμ:0.9762, Signal|S|μ:6.9579, Delta|S|μ:6.1447, Delta/Signal:88.31%, Gateμ:-0.5669, Gate0%:0.0, MetaNormμ:8.6834 | Val Meta: Scaleμ:0.9762, Signal|S|μ:6.3480, Delta|S|μ:5.6863, Delta/Signal:89.58%, Gateμ:-0.5669, Gate0%:0.0, MetaNormμ:8.6834
Epoch 9/20 | Steps: 1268 | LR: 0.000100 | Train Loss: 0.474587 | Val Loss: 0.460955 | Train Meta: Scaleμ:0.9762, Signal|S|μ:6.4182, Delta|S|μ:5.7022, Delta/Signal:88.84%, Gateμ:-0.5669, Gate0%:0.0, MetaNormμ:8.6834 | Val Meta: Scaleμ:0.9762, Signal|S|μ:6.3480, Delta|S|μ:5.6863, Delta/Signal:89.58%, Gateμ:-0.5669, Gate0%:0.0, MetaNormμ:8.6834
   -> Updated best validation state: val_loss=0.460955 at epoch 9
Epoch 10/20 | Steps: 1268 | LR: 0.000100 | Train Loss: 0.474471 | Val Loss: 0.463288 | Train Meta: Scaleμ:0.9762, Signal|S|μ:7.0277, Delta|S|μ:6.1938, Delta/Signal:88.14%, Gateμ:-0.5669, Gate0%:0.0, MetaNormμ:8.6834 | Val Meta: Scaleμ:0.9762, Signal|S|μ:6.3480, Delta|S|μ:5.6863, Delta/Signal:89.58%, Gateμ:-0.5669, Gate0%:0.0, MetaNormμ:8.6834
Epoch 11/20 | Steps: 1268 | LR: 0.000100 | Train Loss: 0.474462 | Val Loss: 0.464961 | Train Meta: Scaleμ:0.9762, Signal|S|μ:6.9205, Delta|S|μ:6.1250, Delta/Signal:88.50%, Gateμ:-0.5669, Gate0%:0.0, MetaNormμ:8.6834 | Val Meta: Scaleμ:0.9762, Signal|S|μ:6.3480, Delta|S|μ:5.6863, Delta/Signal:89.58%, Gateμ:-0.5669, Gate0%:0.0, MetaNormμ:8.6834
Epoch 12/20 | Steps: 1268 | LR: 0.000100 | Train Loss: 0.473918 | Val Loss: 0.456913 | Train Meta: Scaleμ:0.9762, Signal|S|μ:6.8852, Delta|S|μ:6.1054, Delta/Signal:88.67%, Gateμ:-0.5669, Gate0%:0.0, MetaNormμ:8.6834 | Val Meta: Scaleμ:0.9762, Signal|S|μ:6.3480, Delta|S|μ:5.6863, Delta/Signal:89.58%, Gateμ:-0.5669, Gate0%:0.0, MetaNormμ:8.6834
   -> Updated best validation state: val_loss=0.456913 at epoch 12
Epoch 13/20 | Steps: 1268 | LR: 0.000100 | Train Loss: 0.473411 | Val Loss: 0.460117 | Train Meta: Scaleμ:0.9762, Signal|S|μ:6.9786, Delta|S|μ:6.1626, Delta/Signal:88.31%, Gateμ:-0.5669, Gate0%:0.0, MetaNormμ:8.6834 | Val Meta: Scaleμ:0.9762, Signal|S|μ:6.3480, Delta|S|μ:5.6863, Delta/Signal:89.58%, Gateμ:-0.5669, Gate0%:0.0, MetaNormμ:8.6834
Epoch 14/20 | Steps: 1268 | LR: 0.000100 | Train Loss: 0.472883 | Val Loss: 0.459340 | Train Meta: Scaleμ:0.9762, Signal|S|μ:6.5852, Delta|S|μ:5.8242, Delta/Signal:88.44%, Gateμ:-0.5669, Gate0%:0.0, MetaNormμ:8.6834 | Val Meta: Scaleμ:0.9762, Signal|S|μ:6.3480, Delta|S|μ:5.6863, Delta/Signal:89.58%, Gateμ:-0.5669, Gate0%:0.0, MetaNormμ:8.6834
Epoch 15/20 | Steps: 1268 | LR: 0.000100 | Train Loss: 0.472740 | Val Loss: 0.460442 | Train Meta: Scaleμ:0.9762, Signal|S|μ:6.8756, Delta|S|μ:6.0930, Delta/Signal:88.62%, Gateμ:-0.5669, Gate0%:0.0, MetaNormμ:8.6834 | Val Meta: Scaleμ:0.9762, Signal|S|μ:6.3480, Delta|S|μ:5.6863, Delta/Signal:89.58%, Gateμ:-0.5669, Gate0%:0.0, MetaNormμ:8.6834
Epoch 16/20 | Steps: 1268 | LR: 0.000100 | Train Loss: 0.473302 | Val Loss: 0.457888 | Train Meta: Scaleμ:0.9762, Signal|S|μ:6.7606, Delta|S|μ:5.9822, Delta/Signal:88.49%, Gateμ:-0.5669, Gate0%:0.0, MetaNormμ:8.6834 | Val Meta: Scaleμ:0.9762, Signal|S|μ:6.3480, Delta|S|μ:5.6863, Delta/Signal:89.58%, Gateμ:-0.5669, Gate0%:0.0, MetaNormμ:8.6834
Epoch 17/20 | Steps: 1268 | LR: 0.000100 | Train Loss: 0.472600 | Val Loss: 0.459209 | Train Meta: Scaleμ:0.9762, Signal|S|μ:6.7760, Delta|S|μ:6.0193, Delta/Signal:88.83%, Gateμ:-0.5669, Gate0%:0.0, MetaNormμ:8.6834 | Val Meta: Scaleμ:0.9762, Signal|S|μ:6.3480, Delta|S|μ:5.6863, Delta/Signal:89.58%, Gateμ:-0.5669, Gate0%:0.0, MetaNormμ:8.6834
Epoch 18/20 | Steps: 1268 | LR: 0.000100 | Train Loss: 0.473065 | Val Loss: 0.461652 | Train Meta: Scaleμ:0.9762, Signal|S|μ:6.8708, Delta|S|μ:6.0751, Delta/Signal:88.42%, Gateμ:-0.5669, Gate0%:0.0, MetaNormμ:8.6834 | Val Meta: Scaleμ:0.9762, Signal|S|μ:6.3480, Delta|S|μ:5.6863, Delta/Signal:89.58%, Gateμ:-0.5669, Gate0%:0.0, MetaNormμ:8.6834
Epoch 19/20 | Steps: 1268 | LR: 0.000100 | Train Loss: 0.471983 | Val Loss: 0.468719 | Train Meta: Scaleμ:0.9762, Signal|S|μ:6.3150, Delta|S|μ:5.6124, Delta/Signal:88.87%, Gateμ:-0.5669, Gate0%:0.0, MetaNormμ:8.6834 | Val Meta: Scaleμ:0.9762, Signal|S|μ:6.3480, Delta|S|μ:5.6863, Delta/Signal:89.58%, Gateμ:-0.5669, Gate0%:0.0, MetaNormμ:8.6834
Epoch 20/20 | Steps: 1268 | LR: 0.000100 | Train Loss: 0.472055 | Val Loss: 0.457736 | Train Meta: Scaleμ:0.9762, Signal|S|μ:6.9933, Delta|S|μ:6.1885, Delta/Signal:88.49%, Gateμ:-0.5669, Gate0%:0.0, MetaNormμ:8.6834 | Val Meta: Scaleμ:0.9762, Signal|S|μ:6.3480, Delta|S|μ:5.6863, Delta/Signal:89.58%, Gateμ:-0.5669, Gate0%:0.0, MetaNormμ:8.6834
{'test_mse': 0.5284263491630554, 'test_mae': 0.515960156917572}
Saved attention maps for 3 sample(s) under ./runs/forecasting_electricity_to_ETTm1_laya_metadata_query_gate_stats/pred_720/attention_maps
Stats metadata preview | dataset=ETTm2 | domain=ETTm2 | channels=7
   - HUFL: Channel statistics over the training split: mean value is 40.887, standard deviation is 9.982, minimum value is 0.000, maximum value is 107.893, median value is 41.549, and mean absolute value is 40.887.
==================================================
🚀 Architecture: LAYA
📊 Target Dataset: ETTm2 (Channels: 7)
📊 Pretrain Info: electricity (Detected Channels: 7)
📊 Prediction Length: 96
==================================================
✅ Loaded pretrained encoder from ./checkpoints/electricity_laya_metadata_query_gate_stats/laya_ts_electricity_s_best.pt
   - 62/62 keys matched.
ℹ️ Channel Adapter: disabled
📝 metadata: mode=stats, fusion=none, relation=metadata_query_gate
ℹ️ Metadata Fusion Mode: none
ℹ️ Channel Mixer Relation Mode: metadata_query_gate
ℹ️ Encoder Variant: default
ℹ️ Channel Relation Block: disabled
✅ Probing Head [Mixer, channel-wise]: [B*C, 1024] -> [B, 7, 96]
Epoch 1/20 | Steps: 1287 | LR: 0.000100 | Train Loss: 0.326236 | Val Loss: 0.356904 | Train Meta: Scaleμ:0.9762, Signal|S|μ:6.3546, Delta|S|μ:5.5576, Delta/Signal:87.46%, Gateμ:-0.6244, Gate0%:0.0, MetaNormμ:8.8014 | Val Meta: Scaleμ:0.9762, Signal|S|μ:4.4968, Delta|S|μ:3.9975, Delta/Signal:88.90%, Gateμ:-0.6244, Gate0%:0.0, MetaNormμ:8.8014
   -> Updated best validation state: val_loss=0.356904 at epoch 1
Epoch 2/20 | Steps: 1287 | LR: 0.000100 | Train Loss: 0.287767 | Val Loss: 0.360822 | Train Meta: Scaleμ:0.9762, Signal|S|μ:6.7670, Delta|S|μ:5.9045, Delta/Signal:87.25%, Gateμ:-0.6244, Gate0%:0.0, MetaNormμ:8.8014 | Val Meta: Scaleμ:0.9762, Signal|S|μ:4.4968, Delta|S|μ:3.9975, Delta/Signal:88.90%, Gateμ:-0.6244, Gate0%:0.0, MetaNormμ:8.8014
Epoch 3/20 | Steps: 1287 | LR: 0.000100 | Train Loss: 0.285732 | Val Loss: 0.366631 | Train Meta: Scaleμ:0.9762, Signal|S|μ:6.5995, Delta|S|μ:5.7445, Delta/Signal:87.04%, Gateμ:-0.6244, Gate0%:0.0, MetaNormμ:8.8014 | Val Meta: Scaleμ:0.9762, Signal|S|μ:4.4968, Delta|S|μ:3.9975, Delta/Signal:88.90%, Gateμ:-0.6244, Gate0%:0.0, MetaNormμ:8.8014
Epoch 4/20 | Steps: 1287 | LR: 0.000100 | Train Loss: 0.283094 | Val Loss: 0.378445 | Train Meta: Scaleμ:0.9762, Signal|S|μ:6.6289, Delta|S|μ:5.7978, Delta/Signal:87.46%, Gateμ:-0.6244, Gate0%:0.0, MetaNormμ:8.8014 | Val Meta: Scaleμ:0.9762, Signal|S|μ:4.4968, Delta|S|μ:3.9975, Delta/Signal:88.90%, Gateμ:-0.6244, Gate0%:0.0, MetaNormμ:8.8014
Epoch 5/20 | Steps: 1287 | LR: 0.000100 | Train Loss: 0.282692 | Val Loss: 0.364959 | Train Meta: Scaleμ:0.9762, Signal|S|μ:6.3874, Delta|S|μ:5.6004, Delta/Signal:87.68%, Gateμ:-0.6244, Gate0%:0.0, MetaNormμ:8.8014 | Val Meta: Scaleμ:0.9762, Signal|S|μ:4.4968, Delta|S|μ:3.9975, Delta/Signal:88.90%, Gateμ:-0.6244, Gate0%:0.0, MetaNormμ:8.8014
Epoch 6/20 | Steps: 1287 | LR: 0.000100 | Train Loss: 0.281151 | Val Loss: 0.357032 | Train Meta: Scaleμ:0.9762, Signal|S|μ:6.5649, Delta|S|μ:5.7231, Delta/Signal:87.18%, Gateμ:-0.6244, Gate0%:0.0, MetaNormμ:8.8014 | Val Meta: Scaleμ:0.9762, Signal|S|μ:4.4968, Delta|S|μ:3.9975, Delta/Signal:88.90%, Gateμ:-0.6244, Gate0%:0.0, MetaNormμ:8.8014
Epoch 7/20 | Steps: 1287 | LR: 0.000100 | Train Loss: 0.279905 | Val Loss: 0.365175 | Train Meta: Scaleμ:0.9762, Signal|S|μ:6.8168, Delta|S|μ:5.9369, Delta/Signal:87.09%, Gateμ:-0.6244, Gate0%:0.0, MetaNormμ:8.8014 | Val Meta: Scaleμ:0.9762, Signal|S|μ:4.4968, Delta|S|μ:3.9975, Delta/Signal:88.90%, Gateμ:-0.6244, Gate0%:0.0, MetaNormμ:8.8014
Epoch 8/20 | Steps: 1287 | LR: 0.000100 | Train Loss: 0.278958 | Val Loss: 0.371592 | Train Meta: Scaleμ:0.9762, Signal|S|μ:7.0591, Delta|S|μ:6.1608, Delta/Signal:87.27%, Gateμ:-0.6244, Gate0%:0.0, MetaNormμ:8.8014 | Val Meta: Scaleμ:0.9762, Signal|S|μ:4.4968, Delta|S|μ:3.9975, Delta/Signal:88.90%, Gateμ:-0.6244, Gate0%:0.0, MetaNormμ:8.8014
Epoch 9/20 | Steps: 1287 | LR: 0.000100 | Train Loss: 0.278588 | Val Loss: 0.376609 | Train Meta: Scaleμ:0.9762, Signal|S|μ:7.7670, Delta|S|μ:6.7453, Delta/Signal:86.85%, Gateμ:-0.6244, Gate0%:0.0, MetaNormμ:8.8014 | Val Meta: Scaleμ:0.9762, Signal|S|μ:4.4968, Delta|S|μ:3.9975, Delta/Signal:88.90%, Gateμ:-0.6244, Gate0%:0.0, MetaNormμ:8.8014
Epoch 10/20 | Steps: 1287 | LR: 0.000100 | Train Loss: 0.278495 | Val Loss: 0.363104 | Train Meta: Scaleμ:0.9762, Signal|S|μ:6.1261, Delta|S|μ:5.3606, Delta/Signal:87.51%, Gateμ:-0.6244, Gate0%:0.0, MetaNormμ:8.8014 | Val Meta: Scaleμ:0.9762, Signal|S|μ:4.4968, Delta|S|μ:3.9975, Delta/Signal:88.90%, Gateμ:-0.6244, Gate0%:0.0, MetaNormμ:8.8014
Epoch 11/20 | Steps: 1287 | LR: 0.000100 | Train Loss: 0.278183 | Val Loss: 0.376688 | Train Meta: Scaleμ:0.9762, Signal|S|μ:6.5330, Delta|S|μ:5.7119, Delta/Signal:87.43%, Gateμ:-0.6244, Gate0%:0.0, MetaNormμ:8.8014 | Val Meta: Scaleμ:0.9762, Signal|S|μ:4.4968, Delta|S|μ:3.9975, Delta/Signal:88.90%, Gateμ:-0.6244, Gate0%:0.0, MetaNormμ:8.8014
Epoch 12/20 | Steps: 1287 | LR: 0.000100 | Train Loss: 0.277080 | Val Loss: 0.359567 | Train Meta: Scaleμ:0.9762, Signal|S|μ:6.2916, Delta|S|μ:5.5030, Delta/Signal:87.47%, Gateμ:-0.6244, Gate0%:0.0, MetaNormμ:8.8014 | Val Meta: Scaleμ:0.9762, Signal|S|μ:4.4968, Delta|S|μ:3.9975, Delta/Signal:88.90%, Gateμ:-0.6244, Gate0%:0.0, MetaNormμ:8.8014
Epoch 13/20 | Steps: 1287 | LR: 0.000100 | Train Loss: 0.276290 | Val Loss: 0.369135 | Train Meta: Scaleμ:0.9762, Signal|S|μ:6.7477, Delta|S|μ:5.8665, Delta/Signal:86.94%, Gateμ:-0.6244, Gate0%:0.0, MetaNormμ:8.8014 | Val Meta: Scaleμ:0.9762, Signal|S|μ:4.4968, Delta|S|μ:3.9975, Delta/Signal:88.90%, Gateμ:-0.6244, Gate0%:0.0, MetaNormμ:8.8014
Epoch 14/20 | Steps: 1287 | LR: 0.000100 | Train Loss: 0.277145 | Val Loss: 0.363886 | Train Meta: Scaleμ:0.9762, Signal|S|μ:6.2421, Delta|S|μ:5.4582, Delta/Signal:87.44%, Gateμ:-0.6244, Gate0%:0.0, MetaNormμ:8.8014 | Val Meta: Scaleμ:0.9762, Signal|S|μ:4.4968, Delta|S|μ:3.9975, Delta/Signal:88.90%, Gateμ:-0.6244, Gate0%:0.0, MetaNormμ:8.8014
Epoch 15/20 | Steps: 1287 | LR: 0.000100 | Train Loss: 0.276587 | Val Loss: 0.382403 | Train Meta: Scaleμ:0.9762, Signal|S|μ:7.3028, Delta|S|μ:6.3753, Delta/Signal:87.30%, Gateμ:-0.6244, Gate0%:0.0, MetaNormμ:8.8014 | Val Meta: Scaleμ:0.9762, Signal|S|μ:4.4968, Delta|S|μ:3.9975, Delta/Signal:88.90%, Gateμ:-0.6244, Gate0%:0.0, MetaNormμ:8.8014
Epoch 16/20 | Steps: 1287 | LR: 0.000100 | Train Loss: 0.276322 | Val Loss: 0.366488 | Train Meta: Scaleμ:0.9762, Signal|S|μ:6.6568, Delta|S|μ:5.8156, Delta/Signal:87.36%, Gateμ:-0.6244, Gate0%:0.0, MetaNormμ:8.8014 | Val Meta: Scaleμ:0.9762, Signal|S|μ:4.4968, Delta|S|μ:3.9975, Delta/Signal:88.90%, Gateμ:-0.6244, Gate0%:0.0, MetaNormμ:8.8014
Epoch 17/20 | Steps: 1287 | LR: 0.000100 | Train Loss: 0.275808 | Val Loss: 0.376196 | Train Meta: Scaleμ:0.9762, Signal|S|μ:6.6870, Delta|S|μ:5.8287, Delta/Signal:87.16%, Gateμ:-0.6244, Gate0%:0.0, MetaNormμ:8.8014 | Val Meta: Scaleμ:0.9762, Signal|S|μ:4.4968, Delta|S|μ:3.9975, Delta/Signal:88.90%, Gateμ:-0.6244, Gate0%:0.0, MetaNormμ:8.8014
Epoch 18/20 | Steps: 1287 | LR: 0.000100 | Train Loss: 0.275624 | Val Loss: 0.396349 | Train Meta: Scaleμ:0.9762, Signal|S|μ:6.9586, Delta|S|μ:6.0807, Delta/Signal:87.38%, Gateμ:-0.6244, Gate0%:0.0, MetaNormμ:8.8014 | Val Meta: Scaleμ:0.9762, Signal|S|μ:4.4968, Delta|S|μ:3.9975, Delta/Signal:88.90%, Gateμ:-0.6244, Gate0%:0.0, MetaNormμ:8.8014
Epoch 19/20 | Steps: 1287 | LR: 0.000100 | Train Loss: 0.275832 | Val Loss: 0.357894 | Train Meta: Scaleμ:0.9762, Signal|S|μ:7.3746, Delta|S|μ:6.4153, Delta/Signal:86.99%, Gateμ:-0.6244, Gate0%:0.0, MetaNormμ:8.8014 | Val Meta: Scaleμ:0.9762, Signal|S|μ:4.4968, Delta|S|μ:3.9975, Delta/Signal:88.90%, Gateμ:-0.6244, Gate0%:0.0, MetaNormμ:8.8014
Epoch 20/20 | Steps: 1287 | LR: 0.000100 | Train Loss: 0.275840 | Val Loss: 0.374113 | Train Meta: Scaleμ:0.9762, Signal|S|μ:7.1718, Delta|S|μ:6.2800, Delta/Signal:87.57%, Gateμ:-0.6244, Gate0%:0.0, MetaNormμ:8.8014 | Val Meta: Scaleμ:0.9762, Signal|S|μ:4.4968, Delta|S|μ:3.9975, Delta/Signal:88.90%, Gateμ:-0.6244, Gate0%:0.0, MetaNormμ:8.8014
{'test_mse': 0.27486011385917664, 'test_mae': 0.36661601066589355}
Saved attention maps for 3 sample(s) under ./runs/forecasting_electricity_to_ETTm2_laya_metadata_query_gate_stats/pred_96/attention_maps
Stats metadata preview | dataset=ETTm2 | domain=ETTm2 | channels=7
   - HUFL: Channel statistics over the training split: mean value is 40.887, standard deviation is 9.982, minimum value is 0.000, maximum value is 107.893, median value is 41.549, and mean absolute value is 40.887.
==================================================
🚀 Architecture: LAYA
📊 Target Dataset: ETTm2 (Channels: 7)
📊 Pretrain Info: electricity (Detected Channels: 7)
📊 Prediction Length: 192
==================================================
✅ Loaded pretrained encoder from ./checkpoints/electricity_laya_metadata_query_gate_stats/laya_ts_electricity_s_best.pt
   - 62/62 keys matched.
ℹ️ Channel Adapter: disabled
📝 metadata: mode=stats, fusion=none, relation=metadata_query_gate
ℹ️ Metadata Fusion Mode: none
ℹ️ Channel Mixer Relation Mode: metadata_query_gate
ℹ️ Encoder Variant: default
ℹ️ Channel Relation Block: disabled
✅ Probing Head [Mixer, channel-wise]: [B*C, 1024] -> [B, 7, 192]
Epoch 1/20 | Steps: 1284 | LR: 0.000100 | Train Loss: 0.392101 | Val Loss: 0.501350 | Train Meta: Scaleμ:0.9762, Signal|S|μ:6.4110, Delta|S|μ:5.5791, Delta/Signal:87.02%, Gateμ:-0.6244, Gate0%:0.0, MetaNormμ:8.8014 | Val Meta: Scaleμ:0.9762, Signal|S|μ:4.4968, Delta|S|μ:3.9975, Delta/Signal:88.90%, Gateμ:-0.6244, Gate0%:0.0, MetaNormμ:8.8014
   -> Updated best validation state: val_loss=0.501350 at epoch 1
Epoch 2/20 | Steps: 1284 | LR: 0.000100 | Train Loss: 0.352280 | Val Loss: 0.425769 | Train Meta: Scaleμ:0.9762, Signal|S|μ:7.2723, Delta|S|μ:6.3184, Delta/Signal:86.88%, Gateμ:-0.6244, Gate0%:0.0, MetaNormμ:8.8014 | Val Meta: Scaleμ:0.9762, Signal|S|μ:4.4968, Delta|S|μ:3.9975, Delta/Signal:88.90%, Gateμ:-0.6244, Gate0%:0.0, MetaNormμ:8.8014
   -> Updated best validation state: val_loss=0.425769 at epoch 2
Epoch 3/20 | Steps: 1284 | LR: 0.000100 | Train Loss: 0.349505 | Val Loss: 0.401213 | Train Meta: Scaleμ:0.9762, Signal|S|μ:6.3493, Delta|S|μ:5.5748, Delta/Signal:87.80%, Gateμ:-0.6244, Gate0%:0.0, MetaNormμ:8.8014 | Val Meta: Scaleμ:0.9762, Signal|S|μ:4.4968, Delta|S|μ:3.9975, Delta/Signal:88.90%, Gateμ:-0.6244, Gate0%:0.0, MetaNormμ:8.8014
   -> Updated best validation state: val_loss=0.401213 at epoch 3
Epoch 4/20 | Steps: 1284 | LR: 0.000100 | Train Loss: 0.347949 | Val Loss: 0.436718 | Train Meta: Scaleμ:0.9762, Signal|S|μ:6.2697, Delta|S|μ:5.4875, Delta/Signal:87.52%, Gateμ:-0.6244, Gate0%:0.0, MetaNormμ:8.8014 | Val Meta: Scaleμ:0.9762, Signal|S|μ:4.4968, Delta|S|μ:3.9975, Delta/Signal:88.90%, Gateμ:-0.6244, Gate0%:0.0, MetaNormμ:8.8014
Epoch 5/20 | Steps: 1284 | LR: 0.000100 | Train Loss: 0.347257 | Val Loss: 0.403566 | Train Meta: Scaleμ:0.9762, Signal|S|μ:7.1055, Delta|S|μ:6.1838, Delta/Signal:87.03%, Gateμ:-0.6244, Gate0%:0.0, MetaNormμ:8.8014 | Val Meta: Scaleμ:0.9762, Signal|S|μ:4.4968, Delta|S|μ:3.9975, Delta/Signal:88.90%, Gateμ:-0.6244, Gate0%:0.0, MetaNormμ:8.8014
Epoch 6/20 | Steps: 1284 | LR: 0.000100 | Train Loss: 0.346259 | Val Loss: 0.447315 | Train Meta: Scaleμ:0.9762, Signal|S|μ:6.5237, Delta|S|μ:5.6864, Delta/Signal:87.17%, Gateμ:-0.6244, Gate0%:0.0, MetaNormμ:8.8014 | Val Meta: Scaleμ:0.9762, Signal|S|μ:4.4968, Delta|S|μ:3.9975, Delta/Signal:88.90%, Gateμ:-0.6244, Gate0%:0.0, MetaNormμ:8.8014
Epoch 7/20 | Steps: 1284 | LR: 0.000100 | Train Loss: 0.346094 | Val Loss: 0.464650 | Train Meta: Scaleμ:0.9762, Signal|S|μ:6.4233, Delta|S|μ:5.5976, Delta/Signal:87.15%, Gateμ:-0.6244, Gate0%:0.0, MetaNormμ:8.8014 | Val Meta: Scaleμ:0.9762, Signal|S|μ:4.4968, Delta|S|μ:3.9975, Delta/Signal:88.90%, Gateμ:-0.6244, Gate0%:0.0, MetaNormμ:8.8014
Epoch 8/20 | Steps: 1284 | LR: 0.000100 | Train Loss: 0.344709 | Val Loss: 0.417638 | Train Meta: Scaleμ:0.9762, Signal|S|μ:7.4830, Delta|S|μ:6.5068, Delta/Signal:86.96%, Gateμ:-0.6244, Gate0%:0.0, MetaNormμ:8.8014 | Val Meta: Scaleμ:0.9762, Signal|S|μ:4.4968, Delta|S|μ:3.9975, Delta/Signal:88.90%, Gateμ:-0.6244, Gate0%:0.0, MetaNormμ:8.8014
Epoch 9/20 | Steps: 1284 | LR: 0.000100 | Train Loss: 0.343101 | Val Loss: 0.424998 | Train Meta: Scaleμ:0.9762, Signal|S|μ:6.7214, Delta|S|μ:5.8529, Delta/Signal:87.08%, Gateμ:-0.6244, Gate0%:0.0, MetaNormμ:8.8014 | Val Meta: Scaleμ:0.9762, Signal|S|μ:4.4968, Delta|S|μ:3.9975, Delta/Signal:88.90%, Gateμ:-0.6244, Gate0%:0.0, MetaNormμ:8.8014
Epoch 10/20 | Steps: 1284 | LR: 0.000100 | Train Loss: 0.343441 | Val Loss: 0.514375 | Train Meta: Scaleμ:0.9762, Signal|S|μ:6.1721, Delta|S|μ:5.3745, Delta/Signal:87.08%, Gateμ:-0.6244, Gate0%:0.0, MetaNormμ:8.8014 | Val Meta: Scaleμ:0.9762, Signal|S|μ:4.4968, Delta|S|μ:3.9975, Delta/Signal:88.90%, Gateμ:-0.6244, Gate0%:0.0, MetaNormμ:8.8014
Epoch 11/20 | Steps: 1284 | LR: 0.000100 | Train Loss: 0.342903 | Val Loss: 0.466713 | Train Meta: Scaleμ:0.9762, Signal|S|μ:6.9328, Delta|S|μ:6.0526, Delta/Signal:87.30%, Gateμ:-0.6244, Gate0%:0.0, MetaNormμ:8.8014 | Val Meta: Scaleμ:0.9762, Signal|S|μ:4.4968, Delta|S|μ:3.9975, Delta/Signal:88.90%, Gateμ:-0.6244, Gate0%:0.0, MetaNormμ:8.8014
Epoch 12/20 | Steps: 1284 | LR: 0.000100 | Train Loss: 0.342947 | Val Loss: 0.437681 | Train Meta: Scaleμ:0.9762, Signal|S|μ:6.4730, Delta|S|μ:5.6479, Delta/Signal:87.25%, Gateμ:-0.6244, Gate0%:0.0, MetaNormμ:8.8014 | Val Meta: Scaleμ:0.9762, Signal|S|μ:4.4968, Delta|S|μ:3.9975, Delta/Signal:88.90%, Gateμ:-0.6244, Gate0%:0.0, MetaNormμ:8.8014
Epoch 13/20 | Steps: 1284 | LR: 0.000100 | Train Loss: 0.342444 | Val Loss: 0.410799 | Train Meta: Scaleμ:0.9762, Signal|S|μ:6.5978, Delta|S|μ:5.7802, Delta/Signal:87.61%, Gateμ:-0.6244, Gate0%:0.0, MetaNormμ:8.8014 | Val Meta: Scaleμ:0.9762, Signal|S|μ:4.4968, Delta|S|μ:3.9975, Delta/Signal:88.90%, Gateμ:-0.6244, Gate0%:0.0, MetaNormμ:8.8014
Epoch 14/20 | Steps: 1284 | LR: 0.000100 | Train Loss: 0.341863 | Val Loss: 0.432824 | Train Meta: Scaleμ:0.9762, Signal|S|μ:6.5480, Delta|S|μ:5.7232, Delta/Signal:87.40%, Gateμ:-0.6244, Gate0%:0.0, MetaNormμ:8.8014 | Val Meta: Scaleμ:0.9762, Signal|S|μ:4.4968, Delta|S|μ:3.9975, Delta/Signal:88.90%, Gateμ:-0.6244, Gate0%:0.0, MetaNormμ:8.8014
Epoch 15/20 | Steps: 1284 | LR: 0.000100 | Train Loss: 0.341611 | Val Loss: 0.424765 | Train Meta: Scaleμ:0.9762, Signal|S|μ:6.7329, Delta|S|μ:5.8725, Delta/Signal:87.22%, Gateμ:-0.6244, Gate0%:0.0, MetaNormμ:8.8014 | Val Meta: Scaleμ:0.9762, Signal|S|μ:4.4968, Delta|S|μ:3.9975, Delta/Signal:88.90%, Gateμ:-0.6244, Gate0%:0.0, MetaNormμ:8.8014
Epoch 16/20 | Steps: 1284 | LR: 0.000100 | Train Loss: 0.342755 | Val Loss: 0.406590 | Train Meta: Scaleμ:0.9762, Signal|S|μ:6.1103, Delta|S|μ:5.3304, Delta/Signal:87.24%, Gateμ:-0.6244, Gate0%:0.0, MetaNormμ:8.8014 | Val Meta: Scaleμ:0.9762, Signal|S|μ:4.4968, Delta|S|μ:3.9975, Delta/Signal:88.90%, Gateμ:-0.6244, Gate0%:0.0, MetaNormμ:8.8014
Epoch 17/20 | Steps: 1284 | LR: 0.000100 | Train Loss: 0.341847 | Val Loss: 0.414355 | Train Meta: Scaleμ:0.9762, Signal|S|μ:6.4137, Delta|S|μ:5.6101, Delta/Signal:87.47%, Gateμ:-0.6244, Gate0%:0.0, MetaNormμ:8.8014 | Val Meta: Scaleμ:0.9762, Signal|S|μ:4.4968, Delta|S|μ:3.9975, Delta/Signal:88.90%, Gateμ:-0.6244, Gate0%:0.0, MetaNormμ:8.8014
Epoch 18/20 | Steps: 1284 | LR: 0.000100 | Train Loss: 0.342120 | Val Loss: 0.446071 | Train Meta: Scaleμ:0.9762, Signal|S|μ:6.4581, Delta|S|μ:5.6507, Delta/Signal:87.50%, Gateμ:-0.6244, Gate0%:0.0, MetaNormμ:8.8014 | Val Meta: Scaleμ:0.9762, Signal|S|μ:4.4968, Delta|S|μ:3.9975, Delta/Signal:88.90%, Gateμ:-0.6244, Gate0%:0.0, MetaNormμ:8.8014
Epoch 19/20 | Steps: 1284 | LR: 0.000100 | Train Loss: 0.340607 | Val Loss: 0.425798 | Train Meta: Scaleμ:0.9762, Signal|S|μ:6.3501, Delta|S|μ:5.5530, Delta/Signal:87.45%, Gateμ:-0.6244, Gate0%:0.0, MetaNormμ:8.8014 | Val Meta: Scaleμ:0.9762, Signal|S|μ:4.4968, Delta|S|μ:3.9975, Delta/Signal:88.90%, Gateμ:-0.6244, Gate0%:0.0, MetaNormμ:8.8014
Epoch 20/20 | Steps: 1284 | LR: 0.000100 | Train Loss: 0.341039 | Val Loss: 0.466156 | Train Meta: Scaleμ:0.9762, Signal|S|μ:6.3116, Delta|S|μ:5.5124, Delta/Signal:87.34%, Gateμ:-0.6244, Gate0%:0.0, MetaNormμ:8.8014 | Val Meta: Scaleμ:0.9762, Signal|S|μ:4.4968, Delta|S|μ:3.9975, Delta/Signal:88.90%, Gateμ:-0.6244, Gate0%:0.0, MetaNormμ:8.8014
{'test_mse': 0.2982008159160614, 'test_mae': 0.37800002098083496}
Saved attention maps for 3 sample(s) under ./runs/forecasting_electricity_to_ETTm2_laya_metadata_query_gate_stats/pred_192/attention_maps
Stats metadata preview | dataset=ETTm2 | domain=ETTm2 | channels=7
   - HUFL: Channel statistics over the training split: mean value is 40.887, standard deviation is 9.982, minimum value is 0.000, maximum value is 107.893, median value is 41.549, and mean absolute value is 40.887.
==================================================
🚀 Architecture: LAYA
📊 Target Dataset: ETTm2 (Channels: 7)
📊 Pretrain Info: electricity (Detected Channels: 7)
📊 Prediction Length: 336
==================================================
✅ Loaded pretrained encoder from ./checkpoints/electricity_laya_metadata_query_gate_stats/laya_ts_electricity_s_best.pt
   - 62/62 keys matched.
ℹ️ Channel Adapter: disabled
📝 metadata: mode=stats, fusion=none, relation=metadata_query_gate
ℹ️ Metadata Fusion Mode: none
ℹ️ Channel Mixer Relation Mode: metadata_query_gate
ℹ️ Encoder Variant: default
ℹ️ Channel Relation Block: disabled
✅ Probing Head [Mixer, channel-wise]: [B*C, 1024] -> [B, 7, 336]
Epoch 1/20 | Steps: 1280 | LR: 0.000100 | Train Loss: 0.455111 | Val Loss: 0.546108 | Train Meta: Scaleμ:0.9762, Signal|S|μ:6.4797, Delta|S|μ:5.6546, Delta/Signal:87.27%, Gateμ:-0.6244, Gate0%:0.0, MetaNormμ:8.8014 | Val Meta: Scaleμ:0.9762, Signal|S|μ:4.4968, Delta|S|μ:3.9975, Delta/Signal:88.90%, Gateμ:-0.6244, Gate0%:0.0, MetaNormμ:8.8014
   -> Updated best validation state: val_loss=0.546108 at epoch 1
Epoch 2/20 | Steps: 1280 | LR: 0.000100 | Train Loss: 0.419278 | Val Loss: 0.554603 | Train Meta: Scaleμ:0.9762, Signal|S|μ:6.5332, Delta|S|μ:5.7186, Delta/Signal:87.53%, Gateμ:-0.6244, Gate0%:0.0, MetaNormμ:8.8014 | Val Meta: Scaleμ:0.9762, Signal|S|μ:4.4968, Delta|S|μ:3.9975, Delta/Signal:88.90%, Gateμ:-0.6244, Gate0%:0.0, MetaNormμ:8.8014
Epoch 3/20 | Steps: 1280 | LR: 0.000100 | Train Loss: 0.417575 | Val Loss: 0.439974 | Train Meta: Scaleμ:0.9762, Signal|S|μ:6.5297, Delta|S|μ:5.6843, Delta/Signal:87.05%, Gateμ:-0.6244, Gate0%:0.0, MetaNormμ:8.8014 | Val Meta: Scaleμ:0.9762, Signal|S|μ:4.4968, Delta|S|μ:3.9975, Delta/Signal:88.90%, Gateμ:-0.6244, Gate0%:0.0, MetaNormμ:8.8014
   -> Updated best validation state: val_loss=0.439974 at epoch 3
Epoch 4/20 | Steps: 1280 | LR: 0.000100 | Train Loss: 0.415369 | Val Loss: 0.479826 | Train Meta: Scaleμ:0.9762, Signal|S|μ:6.9113, Delta|S|μ:6.0115, Delta/Signal:86.98%, Gateμ:-0.6244, Gate0%:0.0, MetaNormμ:8.8014 | Val Meta: Scaleμ:0.9762, Signal|S|μ:4.4968, Delta|S|μ:3.9975, Delta/Signal:88.90%, Gateμ:-0.6244, Gate0%:0.0, MetaNormμ:8.8014
Epoch 5/20 | Steps: 1280 | LR: 0.000100 | Train Loss: 0.415083 | Val Loss: 0.545438 | Train Meta: Scaleμ:0.9762, Signal|S|μ:6.8909, Delta|S|μ:6.0112, Delta/Signal:87.23%, Gateμ:-0.6244, Gate0%:0.0, MetaNormμ:8.8014 | Val Meta: Scaleμ:0.9762, Signal|S|μ:4.4968, Delta|S|μ:3.9975, Delta/Signal:88.90%, Gateμ:-0.6244, Gate0%:0.0, MetaNormμ:8.8014
Epoch 6/20 | Steps: 1280 | LR: 0.000100 | Train Loss: 0.413888 | Val Loss: 0.549861 | Train Meta: Scaleμ:0.9762, Signal|S|μ:6.4506, Delta|S|μ:5.6529, Delta/Signal:87.63%, Gateμ:-0.6244, Gate0%:0.0, MetaNormμ:8.8014 | Val Meta: Scaleμ:0.9762, Signal|S|μ:4.4968, Delta|S|μ:3.9975, Delta/Signal:88.90%, Gateμ:-0.6244, Gate0%:0.0, MetaNormμ:8.8014
Epoch 7/20 | Steps: 1280 | LR: 0.000100 | Train Loss: 0.413340 | Val Loss: 0.459319 | Train Meta: Scaleμ:0.9762, Signal|S|μ:6.2007, Delta|S|μ:5.4342, Delta/Signal:87.64%, Gateμ:-0.6244, Gate0%:0.0, MetaNormμ:8.8014 | Val Meta: Scaleμ:0.9762, Signal|S|μ:4.4968, Delta|S|μ:3.9975, Delta/Signal:88.90%, Gateμ:-0.6244, Gate0%:0.0, MetaNormμ:8.8014
Epoch 8/20 | Steps: 1280 | LR: 0.000100 | Train Loss: 0.412115 | Val Loss: 0.591478 | Train Meta: Scaleμ:0.9762, Signal|S|μ:6.0915, Delta|S|μ:5.3253, Delta/Signal:87.42%, Gateμ:-0.6244, Gate0%:0.0, MetaNormμ:8.8014 | Val Meta: Scaleμ:0.9762, Signal|S|μ:4.4968, Delta|S|μ:3.9975, Delta/Signal:88.90%, Gateμ:-0.6244, Gate0%:0.0, MetaNormμ:8.8014
Epoch 9/20 | Steps: 1280 | LR: 0.000100 | Train Loss: 0.411941 | Val Loss: 0.510848 | Train Meta: Scaleμ:0.9762, Signal|S|μ:6.0742, Delta|S|μ:5.3211, Delta/Signal:87.60%, Gateμ:-0.6244, Gate0%:0.0, MetaNormμ:8.8014 | Val Meta: Scaleμ:0.9762, Signal|S|μ:4.4968, Delta|S|μ:3.9975, Delta/Signal:88.90%, Gateμ:-0.6244, Gate0%:0.0, MetaNormμ:8.8014
Epoch 10/20 | Steps: 1280 | LR: 0.000100 | Train Loss: 0.410333 | Val Loss: 0.489590 | Train Meta: Scaleμ:0.9762, Signal|S|μ:6.7115, Delta|S|μ:5.8595, Delta/Signal:87.31%, Gateμ:-0.6244, Gate0%:0.0, MetaNormμ:8.8014 | Val Meta: Scaleμ:0.9762, Signal|S|μ:4.4968, Delta|S|μ:3.9975, Delta/Signal:88.90%, Gateμ:-0.6244, Gate0%:0.0, MetaNormμ:8.8014
Epoch 11/20 | Steps: 1280 | LR: 0.000100 | Train Loss: 0.410210 | Val Loss: 0.482659 | Train Meta: Scaleμ:0.9762, Signal|S|μ:6.1700, Delta|S|μ:5.3858, Delta/Signal:87.29%, Gateμ:-0.6244, Gate0%:0.0, MetaNormμ:8.8014 | Val Meta: Scaleμ:0.9762, Signal|S|μ:4.4968, Delta|S|μ:3.9975, Delta/Signal:88.90%, Gateμ:-0.6244, Gate0%:0.0, MetaNormμ:8.8014
Epoch 12/20 | Steps: 1280 | LR: 0.000100 | Train Loss: 0.410213 | Val Loss: 0.499447 | Train Meta: Scaleμ:0.9762, Signal|S|μ:6.4122, Delta|S|μ:5.6237, Delta/Signal:87.70%, Gateμ:-0.6244, Gate0%:0.0, MetaNormμ:8.8014 | Val Meta: Scaleμ:0.9762, Signal|S|μ:4.4968, Delta|S|μ:3.9975, Delta/Signal:88.90%, Gateμ:-0.6244, Gate0%:0.0, MetaNormμ:8.8014
Epoch 13/20 | Steps: 1280 | LR: 0.000100 | Train Loss: 0.410053 | Val Loss: 0.578457 | Train Meta: Scaleμ:0.9762, Signal|S|μ:6.0306, Delta|S|μ:5.2700, Delta/Signal:87.39%, Gateμ:-0.6244, Gate0%:0.0, MetaNormμ:8.8014 | Val Meta: Scaleμ:0.9762, Signal|S|μ:4.4968, Delta|S|μ:3.9975, Delta/Signal:88.90%, Gateμ:-0.6244, Gate0%:0.0, MetaNormμ:8.8014
Epoch 14/20 | Steps: 1280 | LR: 0.000100 | Train Loss: 0.409499 | Val Loss: 0.585175 | Train Meta: Scaleμ:0.9762, Signal|S|μ:5.9277, Delta|S|μ:5.2001, Delta/Signal:87.73%, Gateμ:-0.6244, Gate0%:0.0, MetaNormμ:8.8014 | Val Meta: Scaleμ:0.9762, Signal|S|μ:4.4968, Delta|S|μ:3.9975, Delta/Signal:88.90%, Gateμ:-0.6244, Gate0%:0.0, MetaNormμ:8.8014
Epoch 15/20 | Steps: 1280 | LR: 0.000100 | Train Loss: 0.409651 | Val Loss: 0.514059 | Train Meta: Scaleμ:0.9762, Signal|S|μ:6.7175, Delta|S|μ:5.8290, Delta/Signal:86.77%, Gateμ:-0.6244, Gate0%:0.0, MetaNormμ:8.8014 | Val Meta: Scaleμ:0.9762, Signal|S|μ:4.4968, Delta|S|μ:3.9975, Delta/Signal:88.90%, Gateμ:-0.6244, Gate0%:0.0, MetaNormμ:8.8014
Epoch 16/20 | Steps: 1280 | LR: 0.000100 | Train Loss: 0.410748 | Val Loss: 0.561006 | Train Meta: Scaleμ:0.9762, Signal|S|μ:6.8681, Delta|S|μ:5.9790, Delta/Signal:87.06%, Gateμ:-0.6244, Gate0%:0.0, MetaNormμ:8.8014 | Val Meta: Scaleμ:0.9762, Signal|S|μ:4.4968, Delta|S|μ:3.9975, Delta/Signal:88.90%, Gateμ:-0.6244, Gate0%:0.0, MetaNormμ:8.8014
Epoch 17/20 | Steps: 1280 | LR: 0.000100 | Train Loss: 0.408735 | Val Loss: 0.490071 | Train Meta: Scaleμ:0.9762, Signal|S|μ:7.8135, Delta|S|μ:6.7824, Delta/Signal:86.80%, Gateμ:-0.6244, Gate0%:0.0, MetaNormμ:8.8014 | Val Meta: Scaleμ:0.9762, Signal|S|μ:4.4968, Delta|S|μ:3.9975, Delta/Signal:88.90%, Gateμ:-0.6244, Gate0%:0.0, MetaNormμ:8.8014
Epoch 18/20 | Steps: 1280 | LR: 0.000100 | Train Loss: 0.409186 | Val Loss: 0.498598 | Train Meta: Scaleμ:0.9762, Signal|S|μ:6.8095, Delta|S|μ:5.9414, Delta/Signal:87.25%, Gateμ:-0.6244, Gate0%:0.0, MetaNormμ:8.8014 | Val Meta: Scaleμ:0.9762, Signal|S|μ:4.4968, Delta|S|μ:3.9975, Delta/Signal:88.90%, Gateμ:-0.6244, Gate0%:0.0, MetaNormμ:8.8014
Epoch 19/20 | Steps: 1280 | LR: 0.000100 | Train Loss: 0.409761 | Val Loss: 0.520541 | Train Meta: Scaleμ:0.9762, Signal|S|μ:5.9879, Delta|S|μ:5.2401, Delta/Signal:87.51%, Gateμ:-0.6244, Gate0%:0.0, MetaNormμ:8.8014 | Val Meta: Scaleμ:0.9762, Signal|S|μ:4.4968, Delta|S|μ:3.9975, Delta/Signal:88.90%, Gateμ:-0.6244, Gate0%:0.0, MetaNormμ:8.8014
Epoch 20/20 | Steps: 1280 | LR: 0.000100 | Train Loss: 0.409034 | Val Loss: 0.483215 | Train Meta: Scaleμ:0.9762, Signal|S|μ:6.3511, Delta|S|μ:5.5639, Delta/Signal:87.61%, Gateμ:-0.6244, Gate0%:0.0, MetaNormμ:8.8014 | Val Meta: Scaleμ:0.9762, Signal|S|μ:4.4968, Delta|S|μ:3.9975, Delta/Signal:88.90%, Gateμ:-0.6244, Gate0%:0.0, MetaNormμ:8.8014
{'test_mse': 0.32438477873802185, 'test_mae': 0.38817137479782104}
Saved attention maps for 3 sample(s) under ./runs/forecasting_electricity_to_ETTm2_laya_metadata_query_gate_stats/pred_336/attention_maps
Stats metadata preview | dataset=ETTm2 | domain=ETTm2 | channels=7
   - HUFL: Channel statistics over the training split: mean value is 40.887, standard deviation is 9.982, minimum value is 0.000, maximum value is 107.893, median value is 41.549, and mean absolute value is 40.887.
==================================================
🚀 Architecture: LAYA
📊 Target Dataset: ETTm2 (Channels: 7)
📊 Pretrain Info: electricity (Detected Channels: 7)
📊 Prediction Length: 720
==================================================
✅ Loaded pretrained encoder from ./checkpoints/electricity_laya_metadata_query_gate_stats/laya_ts_electricity_s_best.pt
   - 62/62 keys matched.
ℹ️ Channel Adapter: disabled
📝 metadata: mode=stats, fusion=none, relation=metadata_query_gate
ℹ️ Metadata Fusion Mode: none
ℹ️ Channel Mixer Relation Mode: metadata_query_gate
ℹ️ Encoder Variant: default
ℹ️ Channel Relation Block: disabled
✅ Probing Head [Mixer, channel-wise]: [B*C, 1024] -> [B, 7, 720]
Epoch 1/20 | Steps: 1268 | LR: 0.000100 | Train Loss: 0.543846 | Val Loss: 0.634081 | Train Meta: Scaleμ:0.9762, Signal|S|μ:7.7064, Delta|S|μ:6.7140, Delta/Signal:87.12%, Gateμ:-0.6244, Gate0%:0.0, MetaNormμ:8.8014 | Val Meta: Scaleμ:0.9762, Signal|S|μ:4.4968, Delta|S|μ:3.9975, Delta/Signal:88.90%, Gateμ:-0.6244, Gate0%:0.0, MetaNormμ:8.8014
   -> Updated best validation state: val_loss=0.634081 at epoch 1
Epoch 2/20 | Steps: 1268 | LR: 0.000100 | Train Loss: 0.507611 | Val Loss: 0.557850 | Train Meta: Scaleμ:0.9762, Signal|S|μ:6.1950, Delta|S|μ:5.4089, Delta/Signal:87.31%, Gateμ:-0.6244, Gate0%:0.0, MetaNormμ:8.8014 | Val Meta: Scaleμ:0.9762, Signal|S|μ:4.4968, Delta|S|μ:3.9975, Delta/Signal:88.90%, Gateμ:-0.6244, Gate0%:0.0, MetaNormμ:8.8014
   -> Updated best validation state: val_loss=0.557850 at epoch 2
Epoch 3/20 | Steps: 1268 | LR: 0.000100 | Train Loss: 0.505029 | Val Loss: 0.655116 | Train Meta: Scaleμ:0.9762, Signal|S|μ:6.5785, Delta|S|μ:5.7517, Delta/Signal:87.43%, Gateμ:-0.6244, Gate0%:0.0, MetaNormμ:8.8014 | Val Meta: Scaleμ:0.9762, Signal|S|μ:4.4968, Delta|S|μ:3.9975, Delta/Signal:88.90%, Gateμ:-0.6244, Gate0%:0.0, MetaNormμ:8.8014
Epoch 4/20 | Steps: 1268 | LR: 0.000100 | Train Loss: 0.502891 | Val Loss: 0.587095 | Train Meta: Scaleμ:0.9762, Signal|S|μ:7.6837, Delta|S|μ:6.6732, Delta/Signal:86.85%, Gateμ:-0.6244, Gate0%:0.0, MetaNormμ:8.8014 | Val Meta: Scaleμ:0.9762, Signal|S|μ:4.4968, Delta|S|μ:3.9975, Delta/Signal:88.90%, Gateμ:-0.6244, Gate0%:0.0, MetaNormμ:8.8014
Epoch 5/20 | Steps: 1268 | LR: 0.000100 | Train Loss: 0.501957 | Val Loss: 0.685873 | Train Meta: Scaleμ:0.9762, Signal|S|μ:7.5783, Delta|S|μ:6.5916, Delta/Signal:86.98%, Gateμ:-0.6244, Gate0%:0.0, MetaNormμ:8.8014 | Val Meta: Scaleμ:0.9762, Signal|S|μ:4.4968, Delta|S|μ:3.9975, Delta/Signal:88.90%, Gateμ:-0.6244, Gate0%:0.0, MetaNormμ:8.8014
Epoch 6/20 | Steps: 1268 | LR: 0.000100 | Train Loss: 0.500982 | Val Loss: 0.576222 | Train Meta: Scaleμ:0.9762, Signal|S|μ:6.2921, Delta|S|μ:5.4946, Delta/Signal:87.33%, Gateμ:-0.6244, Gate0%:0.0, MetaNormμ:8.8014 | Val Meta: Scaleμ:0.9762, Signal|S|μ:4.4968, Delta|S|μ:3.9975, Delta/Signal:88.90%, Gateμ:-0.6244, Gate0%:0.0, MetaNormμ:8.8014
Epoch 7/20 | Steps: 1268 | LR: 0.000100 | Train Loss: 0.500837 | Val Loss: 0.593103 | Train Meta: Scaleμ:0.9762, Signal|S|μ:6.8879, Delta|S|μ:6.0163, Delta/Signal:87.35%, Gateμ:-0.6244, Gate0%:0.0, MetaNormμ:8.8014 | Val Meta: Scaleμ:0.9762, Signal|S|μ:4.4968, Delta|S|μ:3.9975, Delta/Signal:88.90%, Gateμ:-0.6244, Gate0%:0.0, MetaNormμ:8.8014
Epoch 8/20 | Steps: 1268 | LR: 0.000100 | Train Loss: 0.500177 | Val Loss: 0.754432 | Train Meta: Scaleμ:0.9762, Signal|S|μ:6.2405, Delta|S|μ:5.4289, Delta/Signal:86.99%, Gateμ:-0.6244, Gate0%:0.0, MetaNormμ:8.8014 | Val Meta: Scaleμ:0.9762, Signal|S|μ:4.4968, Delta|S|μ:3.9975, Delta/Signal:88.90%, Gateμ:-0.6244, Gate0%:0.0, MetaNormμ:8.8014
Epoch 9/20 | Steps: 1268 | LR: 0.000100 | Train Loss: 0.499815 | Val Loss: 0.541909 | Train Meta: Scaleμ:0.9762, Signal|S|μ:6.4676, Delta|S|μ:5.6531, Delta/Signal:87.41%, Gateμ:-0.6244, Gate0%:0.0, MetaNormμ:8.8014 | Val Meta: Scaleμ:0.9762, Signal|S|μ:4.4968, Delta|S|μ:3.9975, Delta/Signal:88.90%, Gateμ:-0.6244, Gate0%:0.0, MetaNormμ:8.8014
   -> Updated best validation state: val_loss=0.541909 at epoch 9
Epoch 10/20 | Steps: 1268 | LR: 0.000100 | Train Loss: 0.499468 | Val Loss: 0.620561 | Train Meta: Scaleμ:0.9762, Signal|S|μ:7.6057, Delta|S|μ:6.5730, Delta/Signal:86.42%, Gateμ:-0.6244, Gate0%:0.0, MetaNormμ:8.8014 | Val Meta: Scaleμ:0.9762, Signal|S|μ:4.4968, Delta|S|μ:3.9975, Delta/Signal:88.90%, Gateμ:-0.6244, Gate0%:0.0, MetaNormμ:8.8014
Epoch 11/20 | Steps: 1268 | LR: 0.000100 | Train Loss: 0.499336 | Val Loss: 0.647023 | Train Meta: Scaleμ:0.9762, Signal|S|μ:6.5028, Delta|S|μ:5.6667, Delta/Signal:87.14%, Gateμ:-0.6244, Gate0%:0.0, MetaNormμ:8.8014 | Val Meta: Scaleμ:0.9762, Signal|S|μ:4.4968, Delta|S|μ:3.9975, Delta/Signal:88.90%, Gateμ:-0.6244, Gate0%:0.0, MetaNormμ:8.8014
Epoch 12/20 | Steps: 1268 | LR: 0.000100 | Train Loss: 0.498438 | Val Loss: 0.574782 | Train Meta: Scaleμ:0.9762, Signal|S|μ:6.8418, Delta|S|μ:5.9690, Delta/Signal:87.24%, Gateμ:-0.6244, Gate0%:0.0, MetaNormμ:8.8014 | Val Meta: Scaleμ:0.9762, Signal|S|μ:4.4968, Delta|S|μ:3.9975, Delta/Signal:88.90%, Gateμ:-0.6244, Gate0%:0.0, MetaNormμ:8.8014
Epoch 13/20 | Steps: 1268 | LR: 0.000100 | Train Loss: 0.497816 | Val Loss: 0.576867 | Train Meta: Scaleμ:0.9762, Signal|S|μ:6.7611, Delta|S|μ:5.8807, Delta/Signal:86.98%, Gateμ:-0.6244, Gate0%:0.0, MetaNormμ:8.8014 | Val Meta: Scaleμ:0.9762, Signal|S|μ:4.4968, Delta|S|μ:3.9975, Delta/Signal:88.90%, Gateμ:-0.6244, Gate0%:0.0, MetaNormμ:8.8014
Epoch 14/20 | Steps: 1268 | LR: 0.000100 | Train Loss: 0.497770 | Val Loss: 0.547463 | Train Meta: Scaleμ:0.9762, Signal|S|μ:6.3026, Delta|S|μ:5.4990, Delta/Signal:87.25%, Gateμ:-0.6244, Gate0%:0.0, MetaNormμ:8.8014 | Val Meta: Scaleμ:0.9762, Signal|S|μ:4.4968, Delta|S|μ:3.9975, Delta/Signal:88.90%, Gateμ:-0.6244, Gate0%:0.0, MetaNormμ:8.8014
Epoch 15/20 | Steps: 1268 | LR: 0.000100 | Train Loss: 0.498618 | Val Loss: 0.610322 | Train Meta: Scaleμ:0.9762, Signal|S|μ:6.2091, Delta|S|μ:5.4067, Delta/Signal:87.08%, Gateμ:-0.6244, Gate0%:0.0, MetaNormμ:8.8014 | Val Meta: Scaleμ:0.9762, Signal|S|μ:4.4968, Delta|S|μ:3.9975, Delta/Signal:88.90%, Gateμ:-0.6244, Gate0%:0.0, MetaNormμ:8.8014
Epoch 16/20 | Steps: 1268 | LR: 0.000100 | Train Loss: 0.497094 | Val Loss: 0.601585 | Train Meta: Scaleμ:0.9762, Signal|S|μ:6.7809, Delta|S|μ:5.8931, Delta/Signal:86.91%, Gateμ:-0.6244, Gate0%:0.0, MetaNormμ:8.8014 | Val Meta: Scaleμ:0.9762, Signal|S|μ:4.4968, Delta|S|μ:3.9975, Delta/Signal:88.90%, Gateμ:-0.6244, Gate0%:0.0, MetaNormμ:8.8014
Epoch 17/20 | Steps: 1268 | LR: 0.000100 | Train Loss: 0.497532 | Val Loss: 0.642230 | Train Meta: Scaleμ:0.9762, Signal|S|μ:6.2496, Delta|S|μ:5.4659, Delta/Signal:87.46%, Gateμ:-0.6244, Gate0%:0.0, MetaNormμ:8.8014 | Val Meta: Scaleμ:0.9762, Signal|S|μ:4.4968, Delta|S|μ:3.9975, Delta/Signal:88.90%, Gateμ:-0.6244, Gate0%:0.0, MetaNormμ:8.8014
Epoch 18/20 | Steps: 1268 | LR: 0.000100 | Train Loss: 0.497179 | Val Loss: 0.603474 | Train Meta: Scaleμ:0.9762, Signal|S|μ:6.6396, Delta|S|μ:5.7639, Delta/Signal:86.81%, Gateμ:-0.6244, Gate0%:0.0, MetaNormμ:8.8014 | Val Meta: Scaleμ:0.9762, Signal|S|μ:4.4968, Delta|S|μ:3.9975, Delta/Signal:88.90%, Gateμ:-0.6244, Gate0%:0.0, MetaNormμ:8.8014
Epoch 19/20 | Steps: 1268 | LR: 0.000100 | Train Loss: 0.497700 | Val Loss: 0.600918 | Train Meta: Scaleμ:0.9762, Signal|S|μ:7.2870, Delta|S|μ:6.3573, Delta/Signal:87.24%, Gateμ:-0.6244, Gate0%:0.0, MetaNormμ:8.8014 | Val Meta: Scaleμ:0.9762, Signal|S|μ:4.4968, Delta|S|μ:3.9975, Delta/Signal:88.90%, Gateμ:-0.6244, Gate0%:0.0, MetaNormμ:8.8014
Epoch 20/20 | Steps: 1268 | LR: 0.000100 | Train Loss: 0.496494 | Val Loss: 0.608593 | Train Meta: Scaleμ:0.9762, Signal|S|μ:6.5627, Delta|S|μ:5.7114, Delta/Signal:87.03%, Gateμ:-0.6244, Gate0%:0.0, MetaNormμ:8.8014 | Val Meta: Scaleμ:0.9762, Signal|S|μ:4.4968, Delta|S|μ:3.9975, Delta/Signal:88.90%, Gateμ:-0.6244, Gate0%:0.0, MetaNormμ:8.8014
{'test_mse': 0.4232025742530823, 'test_mae': 0.4646417200565338}
Saved attention maps for 3 sample(s) under ./runs/forecasting_electricity_to_ETTm2_laya_metadata_query_gate_stats/pred_720/attention_maps
Stats metadata preview | dataset=weather | domain=weather | channels=21
   - p (mbar): Channel statistics over the training split: mean value is 990.642, standard deviation is 8.631, minimum value is 962.080, maximum value is 1020.070, median value is 991.090, and mean absolute value is 990.642.
==================================================
🚀 Architecture: LAYA
📊 Target Dataset: weather (Channels: 21)
📊 Pretrain Info: electricity (Detected Channels: 21)
📊 Prediction Length: 96
==================================================
✅ Loaded pretrained encoder from ./checkpoints/electricity_laya_metadata_query_gate_stats/laya_ts_electricity_s_best.pt
   - 62/62 keys matched.
ℹ️ Channel Adapter: disabled
📝 metadata: mode=stats, fusion=none, relation=metadata_query_gate
ℹ️ Metadata Fusion Mode: none
ℹ️ Channel Mixer Relation Mode: metadata_query_gate
ℹ️ Encoder Variant: default
ℹ️ Channel Relation Block: disabled
✅ Probing Head [Mixer, channel-wise]: [B*C, 1024] -> [B, 21, 96]
Epoch 1/20 | Steps: 1133 | LR: 0.000100 | Train Loss: 0.705761 | Val Loss: 0.870343 | Train Meta: Scaleμ:0.9762, Signal|S|μ:6.6459, Delta|S|μ:5.8742, Delta/Signal:88.39%, Gateμ:-0.5935, Gate0%:0.0, MetaNormμ:8.8248 | Val Meta: Scaleμ:0.9762, Signal|S|μ:6.2444, Delta|S|μ:5.4888, Delta/Signal:87.90%, Gateμ:-0.5935, Gate0%:0.0, MetaNormμ:8.8248
   -> Updated best validation state: val_loss=0.870343 at epoch 1
Epoch 2/20 | Steps: 1133 | LR: 0.000100 | Train Loss: 0.631976 | Val Loss: 0.816129 | Train Meta: Scaleμ:0.9762, Signal|S|μ:6.8317, Delta|S|μ:6.0241, Delta/Signal:88.18%, Gateμ:-0.5935, Gate0%:0.0, MetaNormμ:8.8248 | Val Meta: Scaleμ:0.9762, Signal|S|μ:6.2444, Delta|S|μ:5.4888, Delta/Signal:87.90%, Gateμ:-0.5935, Gate0%:0.0, MetaNormμ:8.8248
   -> Updated best validation state: val_loss=0.816129 at epoch 2
Epoch 3/20 | Steps: 1133 | LR: 0.000100 | Train Loss: 0.621397 | Val Loss: 0.803246 | Train Meta: Scaleμ:0.9762, Signal|S|μ:6.9257, Delta|S|μ:6.1144, Delta/Signal:88.29%, Gateμ:-0.5935, Gate0%:0.0, MetaNormμ:8.8248 | Val Meta: Scaleμ:0.9762, Signal|S|μ:6.2444, Delta|S|μ:5.4888, Delta/Signal:87.90%, Gateμ:-0.5935, Gate0%:0.0, MetaNormμ:8.8248
   -> Updated best validation state: val_loss=0.803246 at epoch 3
Epoch 4/20 | Steps: 1133 | LR: 0.000100 | Train Loss: 0.615370 | Val Loss: 0.809689 | Train Meta: Scaleμ:0.9762, Signal|S|μ:7.1030, Delta|S|μ:6.2514, Delta/Signal:88.01%, Gateμ:-0.5935, Gate0%:0.0, MetaNormμ:8.8248 | Val Meta: Scaleμ:0.9762, Signal|S|μ:6.2444, Delta|S|μ:5.4888, Delta/Signal:87.90%, Gateμ:-0.5935, Gate0%:0.0, MetaNormμ:8.8248
Epoch 5/20 | Steps: 1133 | LR: 0.000100 | Train Loss: 0.612141 | Val Loss: 0.795036 | Train Meta: Scaleμ:0.9762, Signal|S|μ:6.8132, Delta|S|μ:6.0153, Delta/Signal:88.29%, Gateμ:-0.5935, Gate0%:0.0, MetaNormμ:8.8248 | Val Meta: Scaleμ:0.9762, Signal|S|μ:6.2444, Delta|S|μ:5.4888, Delta/Signal:87.90%, Gateμ:-0.5935, Gate0%:0.0, MetaNormμ:8.8248
   -> Updated best validation state: val_loss=0.795036 at epoch 5
Epoch 6/20 | Steps: 1133 | LR: 0.000100 | Train Loss: 0.610684 | Val Loss: 0.798226 | Train Meta: Scaleμ:0.9762, Signal|S|μ:7.0314, Delta|S|μ:6.2003, Delta/Signal:88.18%, Gateμ:-0.5935, Gate0%:0.0, MetaNormμ:8.8248 | Val Meta: Scaleμ:0.9762, Signal|S|μ:6.2444, Delta|S|μ:5.4888, Delta/Signal:87.90%, Gateμ:-0.5935, Gate0%:0.0, MetaNormμ:8.8248
Epoch 7/20 | Steps: 1133 | LR: 0.000100 | Train Loss: 0.609239 | Val Loss: 0.774505 | Train Meta: Scaleμ:0.9762, Signal|S|μ:6.6563, Delta|S|μ:5.8785, Delta/Signal:88.31%, Gateμ:-0.5935, Gate0%:0.0, MetaNormμ:8.8248 | Val Meta: Scaleμ:0.9762, Signal|S|μ:6.2444, Delta|S|μ:5.4888, Delta/Signal:87.90%, Gateμ:-0.5935, Gate0%:0.0, MetaNormμ:8.8248
   -> Updated best validation state: val_loss=0.774505 at epoch 7
Epoch 8/20 | Steps: 1133 | LR: 0.000100 | Train Loss: 0.608133 | Val Loss: 0.775957 | Train Meta: Scaleμ:0.9762, Signal|S|μ:6.6632, Delta|S|μ:5.8936, Delta/Signal:88.45%, Gateμ:-0.5935, Gate0%:0.0, MetaNormμ:8.8248 | Val Meta: Scaleμ:0.9762, Signal|S|μ:6.2444, Delta|S|μ:5.4888, Delta/Signal:87.90%, Gateμ:-0.5935, Gate0%:0.0, MetaNormμ:8.8248
Epoch 9/20 | Steps: 1133 | LR: 0.000100 | Train Loss: 0.607213 | Val Loss: 0.766260 | Train Meta: Scaleμ:0.9762, Signal|S|μ:6.8303, Delta|S|μ:6.0420, Delta/Signal:88.46%, Gateμ:-0.5935, Gate0%:0.0, MetaNormμ:8.8248 | Val Meta: Scaleμ:0.9762, Signal|S|μ:6.2444, Delta|S|μ:5.4888, Delta/Signal:87.90%, Gateμ:-0.5935, Gate0%:0.0, MetaNormμ:8.8248
   -> Updated best validation state: val_loss=0.766260 at epoch 9
Epoch 10/20 | Steps: 1133 | LR: 0.000100 | Train Loss: 0.607242 | Val Loss: 0.788336 | Train Meta: Scaleμ:0.9762, Signal|S|μ:6.6517, Delta|S|μ:5.8727, Delta/Signal:88.29%, Gateμ:-0.5935, Gate0%:0.0, MetaNormμ:8.8248 | Val Meta: Scaleμ:0.9762, Signal|S|μ:6.2444, Delta|S|μ:5.4888, Delta/Signal:87.90%, Gateμ:-0.5935, Gate0%:0.0, MetaNormμ:8.8248
Epoch 11/20 | Steps: 1133 | LR: 0.000100 | Train Loss: 0.606363 | Val Loss: 0.764804 | Train Meta: Scaleμ:0.9762, Signal|S|μ:6.7470, Delta|S|μ:5.9512, Delta/Signal:88.21%, Gateμ:-0.5935, Gate0%:0.0, MetaNormμ:8.8248 | Val Meta: Scaleμ:0.9762, Signal|S|μ:6.2444, Delta|S|μ:5.4888, Delta/Signal:87.90%, Gateμ:-0.5935, Gate0%:0.0, MetaNormμ:8.8248
   -> Updated best validation state: val_loss=0.764804 at epoch 11
Epoch 12/20 | Steps: 1133 | LR: 0.000100 | Train Loss: 0.606035 | Val Loss: 0.785131 | Train Meta: Scaleμ:0.9762, Signal|S|μ:6.7386, Delta|S|μ:5.9573, Delta/Signal:88.40%, Gateμ:-0.5935, Gate0%:0.0, MetaNormμ:8.8248 | Val Meta: Scaleμ:0.9762, Signal|S|μ:6.2444, Delta|S|μ:5.4888, Delta/Signal:87.90%, Gateμ:-0.5935, Gate0%:0.0, MetaNormμ:8.8248
Epoch 13/20 | Steps: 1133 | LR: 0.000100 | Train Loss: 0.606358 | Val Loss: 0.825482 | Train Meta: Scaleμ:0.9762, Signal|S|μ:7.1658, Delta|S|μ:6.3169, Delta/Signal:88.15%, Gateμ:-0.5935, Gate0%:0.0, MetaNormμ:8.8248 | Val Meta: Scaleμ:0.9762, Signal|S|μ:6.2444, Delta|S|μ:5.4888, Delta/Signal:87.90%, Gateμ:-0.5935, Gate0%:0.0, MetaNormμ:8.8248
Epoch 14/20 | Steps: 1133 | LR: 0.000100 | Train Loss: 0.605699 | Val Loss: 0.847556 | Train Meta: Scaleμ:0.9762, Signal|S|μ:6.6517, Delta|S|μ:5.8795, Delta/Signal:88.39%, Gateμ:-0.5935, Gate0%:0.0, MetaNormμ:8.8248 | Val Meta: Scaleμ:0.9762, Signal|S|μ:6.2444, Delta|S|μ:5.4888, Delta/Signal:87.90%, Gateμ:-0.5935, Gate0%:0.0, MetaNormμ:8.8248
Epoch 15/20 | Steps: 1133 | LR: 0.000100 | Train Loss: 0.604872 | Val Loss: 0.769208 | Train Meta: Scaleμ:0.9762, Signal|S|μ:6.6518, Delta|S|μ:5.8740, Delta/Signal:88.31%, Gateμ:-0.5935, Gate0%:0.0, MetaNormμ:8.8248 | Val Meta: Scaleμ:0.9762, Signal|S|μ:6.2444, Delta|S|μ:5.4888, Delta/Signal:87.90%, Gateμ:-0.5935, Gate0%:0.0, MetaNormμ:8.8248
Epoch 16/20 | Steps: 1133 | LR: 0.000100 | Train Loss: 0.604953 | Val Loss: 0.801311 | Train Meta: Scaleμ:0.9762, Signal|S|μ:6.6589, Delta|S|μ:5.8917, Delta/Signal:88.48%, Gateμ:-0.5935, Gate0%:0.0, MetaNormμ:8.8248 | Val Meta: Scaleμ:0.9762, Signal|S|μ:6.2444, Delta|S|μ:5.4888, Delta/Signal:87.90%, Gateμ:-0.5935, Gate0%:0.0, MetaNormμ:8.8248
Epoch 17/20 | Steps: 1133 | LR: 0.000100 | Train Loss: 0.605287 | Val Loss: 0.772578 | Train Meta: Scaleμ:0.9762, Signal|S|μ:6.6091, Delta|S|μ:5.8481, Delta/Signal:88.48%, Gateμ:-0.5935, Gate0%:0.0, MetaNormμ:8.8248 | Val Meta: Scaleμ:0.9762, Signal|S|μ:6.2444, Delta|S|μ:5.4888, Delta/Signal:87.90%, Gateμ:-0.5935, Gate0%:0.0, MetaNormμ:8.8248
Epoch 18/20 | Steps: 1133 | LR: 0.000100 | Train Loss: 0.604547 | Val Loss: 0.800862 | Train Meta: Scaleμ:0.9762, Signal|S|μ:6.6852, Delta|S|μ:5.9100, Delta/Signal:88.40%, Gateμ:-0.5935, Gate0%:0.0, MetaNormμ:8.8248 | Val Meta: Scaleμ:0.9762, Signal|S|μ:6.2444, Delta|S|μ:5.4888, Delta/Signal:87.90%, Gateμ:-0.5935, Gate0%:0.0, MetaNormμ:8.8248
Epoch 19/20 | Steps: 1133 | LR: 0.000100 | Train Loss: 0.604871 | Val Loss: 0.820505 | Train Meta: Scaleμ:0.9762, Signal|S|μ:6.6509, Delta|S|μ:5.8716, Delta/Signal:88.28%, Gateμ:-0.5935, Gate0%:0.0, MetaNormμ:8.8248 | Val Meta: Scaleμ:0.9762, Signal|S|μ:6.2444, Delta|S|μ:5.4888, Delta/Signal:87.90%, Gateμ:-0.5935, Gate0%:0.0, MetaNormμ:8.8248
Epoch 20/20 | Steps: 1133 | LR: 0.000100 | Train Loss: 0.604673 | Val Loss: 0.786550 | Train Meta: Scaleμ:0.9762, Signal|S|μ:6.7662, Delta|S|μ:5.9801, Delta/Signal:88.38%, Gateμ:-0.5935, Gate0%:0.0, MetaNormμ:8.8248 | Val Meta: Scaleμ:0.9762, Signal|S|μ:6.2444, Delta|S|μ:5.4888, Delta/Signal:87.90%, Gateμ:-0.5935, Gate0%:0.0, MetaNormμ:8.8248
./run_forecasting.py:273: UserWarning: Tight layout not applied. The bottom and top margins cannot be made large enough to accommodate all axes decorations.
  plt.tight_layout()
./run_forecasting.py:285: UserWarning: Tight layout not applied. The bottom and top margins cannot be made large enough to accommodate all axes decorations.
  plt.tight_layout()
{'test_mse': 0.4165874421596527, 'test_mae': 0.49606597423553467}
Saved attention maps for 3 sample(s) under ./runs/forecasting_electricity_to_weather_laya_metadata_query_gate_stats/pred_96/attention_maps
Stats metadata preview | dataset=weather | domain=weather | channels=21
   - p (mbar): Channel statistics over the training split: mean value is 990.642, standard deviation is 8.631, minimum value is 962.080, maximum value is 1020.070, median value is 991.090, and mean absolute value is 990.642.
==================================================
🚀 Architecture: LAYA
📊 Target Dataset: weather (Channels: 21)
📊 Pretrain Info: electricity (Detected Channels: 21)
📊 Prediction Length: 192
==================================================
✅ Loaded pretrained encoder from ./checkpoints/electricity_laya_metadata_query_gate_stats/laya_ts_electricity_s_best.pt
   - 62/62 keys matched.
ℹ️ Channel Adapter: disabled
📝 metadata: mode=stats, fusion=none, relation=metadata_query_gate
ℹ️ Metadata Fusion Mode: none
ℹ️ Channel Mixer Relation Mode: metadata_query_gate
ℹ️ Encoder Variant: default
ℹ️ Channel Relation Block: disabled
✅ Probing Head [Mixer, channel-wise]: [B*C, 1024] -> [B, 21, 192]
Epoch 1/20 | Steps: 1130 | LR: 0.000100 | Train Loss: 0.748146 | Val Loss: 0.912536 | Train Meta: Scaleμ:0.9762, Signal|S|μ:6.7783, Delta|S|μ:5.9913, Delta/Signal:88.39%, Gateμ:-0.5935, Gate0%:0.0, MetaNormμ:8.8248 | Val Meta: Scaleμ:0.9762, Signal|S|μ:6.2444, Delta|S|μ:5.4888, Delta/Signal:87.90%, Gateμ:-0.5935, Gate0%:0.0, MetaNormμ:8.8248
   -> Updated best validation state: val_loss=0.912536 at epoch 1
Epoch 2/20 | Steps: 1130 | LR: 0.000100 | Train Loss: 0.668360 | Val Loss: 0.870654 | Train Meta: Scaleμ:0.9762, Signal|S|μ:6.7299, Delta|S|μ:5.9402, Delta/Signal:88.27%, Gateμ:-0.5935, Gate0%:0.0, MetaNormμ:8.8248 | Val Meta: Scaleμ:0.9762, Signal|S|μ:6.2444, Delta|S|μ:5.4888, Delta/Signal:87.90%, Gateμ:-0.5935, Gate0%:0.0, MetaNormμ:8.8248
   -> Updated best validation state: val_loss=0.870654 at epoch 2
Epoch 3/20 | Steps: 1130 | LR: 0.000100 | Train Loss: 0.657638 | Val Loss: 0.787558 | Train Meta: Scaleμ:0.9762, Signal|S|μ:6.7768, Delta|S|μ:5.9882, Delta/Signal:88.36%, Gateμ:-0.5935, Gate0%:0.0, MetaNormμ:8.8248 | Val Meta: Scaleμ:0.9762, Signal|S|μ:6.2444, Delta|S|μ:5.4888, Delta/Signal:87.90%, Gateμ:-0.5935, Gate0%:0.0, MetaNormμ:8.8248
   -> Updated best validation state: val_loss=0.787558 at epoch 3
Epoch 4/20 | Steps: 1130 | LR: 0.000100 | Train Loss: 0.652891 | Val Loss: 0.851086 | Train Meta: Scaleμ:0.9762, Signal|S|μ:6.4979, Delta|S|μ:5.7520, Delta/Signal:88.52%, Gateμ:-0.5935, Gate0%:0.0, MetaNormμ:8.8248 | Val Meta: Scaleμ:0.9762, Signal|S|μ:6.2444, Delta|S|μ:5.4888, Delta/Signal:87.90%, Gateμ:-0.5935, Gate0%:0.0, MetaNormμ:8.8248
Epoch 5/20 | Steps: 1130 | LR: 0.000100 | Train Loss: 0.649237 | Val Loss: 0.832141 | Train Meta: Scaleμ:0.9762, Signal|S|μ:6.9634, Delta|S|μ:6.1458, Delta/Signal:88.26%, Gateμ:-0.5935, Gate0%:0.0, MetaNormμ:8.8248 | Val Meta: Scaleμ:0.9762, Signal|S|μ:6.2444, Delta|S|μ:5.4888, Delta/Signal:87.90%, Gateμ:-0.5935, Gate0%:0.0, MetaNormμ:8.8248
Epoch 6/20 | Steps: 1130 | LR: 0.000100 | Train Loss: 0.647126 | Val Loss: 0.809593 | Train Meta: Scaleμ:0.9762, Signal|S|μ:6.5061, Delta|S|μ:5.7575, Delta/Signal:88.49%, Gateμ:-0.5935, Gate0%:0.0, MetaNormμ:8.8248 | Val Meta: Scaleμ:0.9762, Signal|S|μ:6.2444, Delta|S|μ:5.4888, Delta/Signal:87.90%, Gateμ:-0.5935, Gate0%:0.0, MetaNormμ:8.8248
Epoch 7/20 | Steps: 1130 | LR: 0.000100 | Train Loss: 0.645929 | Val Loss: 0.831542 | Train Meta: Scaleμ:0.9762, Signal|S|μ:7.0108, Delta|S|μ:6.1779, Delta/Signal:88.12%, Gateμ:-0.5935, Gate0%:0.0, MetaNormμ:8.8248 | Val Meta: Scaleμ:0.9762, Signal|S|μ:6.2444, Delta|S|μ:5.4888, Delta/Signal:87.90%, Gateμ:-0.5935, Gate0%:0.0, MetaNormμ:8.8248
Epoch 8/20 | Steps: 1130 | LR: 0.000100 | Train Loss: 0.645229 | Val Loss: 0.805599 | Train Meta: Scaleμ:0.9762, Signal|S|μ:6.8342, Delta|S|μ:6.0378, Delta/Signal:88.35%, Gateμ:-0.5935, Gate0%:0.0, MetaNormμ:8.8248 | Val Meta: Scaleμ:0.9762, Signal|S|μ:6.2444, Delta|S|μ:5.4888, Delta/Signal:87.90%, Gateμ:-0.5935, Gate0%:0.0, MetaNormμ:8.8248
Epoch 9/20 | Steps: 1130 | LR: 0.000100 | Train Loss: 0.644169 | Val Loss: 0.838210 | Train Meta: Scaleμ:0.9762, Signal|S|μ:6.8397, Delta|S|μ:6.0258, Delta/Signal:88.10%, Gateμ:-0.5935, Gate0%:0.0, MetaNormμ:8.8248 | Val Meta: Scaleμ:0.9762, Signal|S|μ:6.2444, Delta|S|μ:5.4888, Delta/Signal:87.90%, Gateμ:-0.5935, Gate0%:0.0, MetaNormμ:8.8248
Epoch 10/20 | Steps: 1130 | LR: 0.000100 | Train Loss: 0.644088 | Val Loss: 0.813574 | Train Meta: Scaleμ:0.9762, Signal|S|μ:6.7120, Delta|S|μ:5.9252, Delta/Signal:88.28%, Gateμ:-0.5935, Gate0%:0.0, MetaNormμ:8.8248 | Val Meta: Scaleμ:0.9762, Signal|S|μ:6.2444, Delta|S|μ:5.4888, Delta/Signal:87.90%, Gateμ:-0.5935, Gate0%:0.0, MetaNormμ:8.8248
Epoch 11/20 | Steps: 1130 | LR: 0.000100 | Train Loss: 0.642570 | Val Loss: 0.781843 | Train Meta: Scaleμ:0.9762, Signal|S|μ:6.7510, Delta|S|μ:5.9631, Delta/Signal:88.33%, Gateμ:-0.5935, Gate0%:0.0, MetaNormμ:8.8248 | Val Meta: Scaleμ:0.9762, Signal|S|μ:6.2444, Delta|S|μ:5.4888, Delta/Signal:87.90%, Gateμ:-0.5935, Gate0%:0.0, MetaNormμ:8.8248
   -> Updated best validation state: val_loss=0.781843 at epoch 11
Epoch 12/20 | Steps: 1130 | LR: 0.000100 | Train Loss: 0.642958 | Val Loss: 0.773467 | Train Meta: Scaleμ:0.9762, Signal|S|μ:6.7046, Delta|S|μ:5.9167, Delta/Signal:88.25%, Gateμ:-0.5935, Gate0%:0.0, MetaNormμ:8.8248 | Val Meta: Scaleμ:0.9762, Signal|S|μ:6.2444, Delta|S|μ:5.4888, Delta/Signal:87.90%, Gateμ:-0.5935, Gate0%:0.0, MetaNormμ:8.8248
   -> Updated best validation state: val_loss=0.773467 at epoch 12
Epoch 13/20 | Steps: 1130 | LR: 0.000100 | Train Loss: 0.642640 | Val Loss: 0.781289 | Train Meta: Scaleμ:0.9762, Signal|S|μ:6.8980, Delta|S|μ:6.0840, Delta/Signal:88.20%, Gateμ:-0.5935, Gate0%:0.0, MetaNormμ:8.8248 | Val Meta: Scaleμ:0.9762, Signal|S|μ:6.2444, Delta|S|μ:5.4888, Delta/Signal:87.90%, Gateμ:-0.5935, Gate0%:0.0, MetaNormμ:8.8248
Epoch 14/20 | Steps: 1130 | LR: 0.000100 | Train Loss: 0.642427 | Val Loss: 0.815555 | Train Meta: Scaleμ:0.9762, Signal|S|μ:6.9908, Delta|S|μ:6.1549, Delta/Signal:88.04%, Gateμ:-0.5935, Gate0%:0.0, MetaNormμ:8.8248 | Val Meta: Scaleμ:0.9762, Signal|S|μ:6.2444, Delta|S|μ:5.4888, Delta/Signal:87.90%, Gateμ:-0.5935, Gate0%:0.0, MetaNormμ:8.8248
Epoch 15/20 | Steps: 1130 | LR: 0.000100 | Train Loss: 0.642481 | Val Loss: 0.820284 | Train Meta: Scaleμ:0.9762, Signal|S|μ:6.5312, Delta|S|μ:5.7803, Delta/Signal:88.50%, Gateμ:-0.5935, Gate0%:0.0, MetaNormμ:8.8248 | Val Meta: Scaleμ:0.9762, Signal|S|μ:6.2444, Delta|S|μ:5.4888, Delta/Signal:87.90%, Gateμ:-0.5935, Gate0%:0.0, MetaNormμ:8.8248
Epoch 16/20 | Steps: 1130 | LR: 0.000100 | Train Loss: 0.641708 | Val Loss: 0.809801 | Train Meta: Scaleμ:0.9762, Signal|S|μ:6.7898, Delta|S|μ:5.9978, Delta/Signal:88.33%, Gateμ:-0.5935, Gate0%:0.0, MetaNormμ:8.8248 | Val Meta: Scaleμ:0.9762, Signal|S|μ:6.2444, Delta|S|μ:5.4888, Delta/Signal:87.90%, Gateμ:-0.5935, Gate0%:0.0, MetaNormμ:8.8248
Epoch 17/20 | Steps: 1130 | LR: 0.000100 | Train Loss: 0.641888 | Val Loss: 0.797766 | Train Meta: Scaleμ:0.9762, Signal|S|μ:7.1356, Delta|S|μ:6.2967, Delta/Signal:88.24%, Gateμ:-0.5935, Gate0%:0.0, MetaNormμ:8.8248 | Val Meta: Scaleμ:0.9762, Signal|S|μ:6.2444, Delta|S|μ:5.4888, Delta/Signal:87.90%, Gateμ:-0.5935, Gate0%:0.0, MetaNormμ:8.8248
Epoch 18/20 | Steps: 1130 | LR: 0.000100 | Train Loss: 0.642094 | Val Loss: 0.801761 | Train Meta: Scaleμ:0.9762, Signal|S|μ:6.6370, Delta|S|μ:5.8675, Delta/Signal:88.41%, Gateμ:-0.5935, Gate0%:0.0, MetaNormμ:8.8248 | Val Meta: Scaleμ:0.9762, Signal|S|μ:6.2444, Delta|S|μ:5.4888, Delta/Signal:87.90%, Gateμ:-0.5935, Gate0%:0.0, MetaNormμ:8.8248
Epoch 19/20 | Steps: 1130 | LR: 0.000100 | Train Loss: 0.641326 | Val Loss: 0.803028 | Train Meta: Scaleμ:0.9762, Signal|S|μ:6.5100, Delta|S|μ:5.7578, Delta/Signal:88.45%, Gateμ:-0.5935, Gate0%:0.0, MetaNormμ:8.8248 | Val Meta: Scaleμ:0.9762, Signal|S|μ:6.2444, Delta|S|μ:5.4888, Delta/Signal:87.90%, Gateμ:-0.5935, Gate0%:0.0, MetaNormμ:8.8248
Epoch 20/20 | Steps: 1130 | LR: 0.000100 | Train Loss: 0.641094 | Val Loss: 0.870917 | Train Meta: Scaleμ:0.9762, Signal|S|μ:6.8538, Delta|S|μ:6.0408, Delta/Signal:88.14%, Gateμ:-0.5935, Gate0%:0.0, MetaNormμ:8.8248 | Val Meta: Scaleμ:0.9762, Signal|S|μ:6.2444, Delta|S|μ:5.4888, Delta/Signal:87.90%, Gateμ:-0.5935, Gate0%:0.0, MetaNormμ:8.8248
./run_forecasting.py:273: UserWarning: Tight layout not applied. The bottom and top margins cannot be made large enough to accommodate all axes decorations.
  plt.tight_layout()
./run_forecasting.py:285: UserWarning: Tight layout not applied. The bottom and top margins cannot be made large enough to accommodate all axes decorations.
  plt.tight_layout()
{'test_mse': 0.46672871708869934, 'test_mae': 0.5302304029464722}
Saved attention maps for 3 sample(s) under ./runs/forecasting_electricity_to_weather_laya_metadata_query_gate_stats/pred_192/attention_maps
Stats metadata preview | dataset=weather | domain=weather | channels=21
   - p (mbar): Channel statistics over the training split: mean value is 990.642, standard deviation is 8.631, minimum value is 962.080, maximum value is 1020.070, median value is 991.090, and mean absolute value is 990.642.
==================================================
🚀 Architecture: LAYA
📊 Target Dataset: weather (Channels: 21)
📊 Pretrain Info: electricity (Detected Channels: 21)
📊 Prediction Length: 336
==================================================
✅ Loaded pretrained encoder from ./checkpoints/electricity_laya_metadata_query_gate_stats/laya_ts_electricity_s_best.pt
   - 62/62 keys matched.
ℹ️ Channel Adapter: disabled
📝 metadata: mode=stats, fusion=none, relation=metadata_query_gate
ℹ️ Metadata Fusion Mode: none
ℹ️ Channel Mixer Relation Mode: metadata_query_gate
ℹ️ Encoder Variant: default
ℹ️ Channel Relation Block: disabled
✅ Probing Head [Mixer, channel-wise]: [B*C, 1024] -> [B, 21, 336]
Epoch 1/20 | Steps: 1126 | LR: 0.000100 | Train Loss: 0.782584 | Val Loss: 0.929854 | Train Meta: Scaleμ:0.9762, Signal|S|μ:6.8528, Delta|S|μ:6.0541, Delta/Signal:88.34%, Gateμ:-0.5935, Gate0%:0.0, MetaNormμ:8.8248 | Val Meta: Scaleμ:0.9762, Signal|S|μ:6.2444, Delta|S|μ:5.4888, Delta/Signal:87.90%, Gateμ:-0.5935, Gate0%:0.0, MetaNormμ:8.8248
   -> Updated best validation state: val_loss=0.929854 at epoch 1
Epoch 2/20 | Steps: 1126 | LR: 0.000100 | Train Loss: 0.705610 | Val Loss: 0.867774 | Train Meta: Scaleμ:0.9762, Signal|S|μ:6.6708, Delta|S|μ:5.9045, Delta/Signal:88.51%, Gateμ:-0.5935, Gate0%:0.0, MetaNormμ:8.8248 | Val Meta: Scaleμ:0.9762, Signal|S|μ:6.2444, Delta|S|μ:5.4888, Delta/Signal:87.90%, Gateμ:-0.5935, Gate0%:0.0, MetaNormμ:8.8248
   -> Updated best validation state: val_loss=0.867774 at epoch 2
Epoch 3/20 | Steps: 1126 | LR: 0.000100 | Train Loss: 0.694950 | Val Loss: 0.857509 | Train Meta: Scaleμ:0.9762, Signal|S|μ:6.7534, Delta|S|μ:5.9632, Delta/Signal:88.30%, Gateμ:-0.5935, Gate0%:0.0, MetaNormμ:8.8248 | Val Meta: Scaleμ:0.9762, Signal|S|μ:6.2444, Delta|S|μ:5.4888, Delta/Signal:87.90%, Gateμ:-0.5935, Gate0%:0.0, MetaNormμ:8.8248
   -> Updated best validation state: val_loss=0.857509 at epoch 3
Epoch 4/20 | Steps: 1126 | LR: 0.000100 | Train Loss: 0.689881 | Val Loss: 0.824411 | Train Meta: Scaleμ:0.9762, Signal|S|μ:6.4933, Delta|S|μ:5.7454, Delta/Signal:88.48%, Gateμ:-0.5935, Gate0%:0.0, MetaNormμ:8.8248 | Val Meta: Scaleμ:0.9762, Signal|S|μ:6.2444, Delta|S|μ:5.4888, Delta/Signal:87.90%, Gateμ:-0.5935, Gate0%:0.0, MetaNormμ:8.8248
   -> Updated best validation state: val_loss=0.824411 at epoch 4
Epoch 5/20 | Steps: 1126 | LR: 0.000100 | Train Loss: 0.686611 | Val Loss: 0.835088 | Train Meta: Scaleμ:0.9762, Signal|S|μ:6.5781, Delta|S|μ:5.8150, Delta/Signal:88.40%, Gateμ:-0.5935, Gate0%:0.0, MetaNormμ:8.8248 | Val Meta: Scaleμ:0.9762, Signal|S|μ:6.2444, Delta|S|μ:5.4888, Delta/Signal:87.90%, Gateμ:-0.5935, Gate0%:0.0, MetaNormμ:8.8248
Epoch 6/20 | Steps: 1126 | LR: 0.000100 | Train Loss: 0.684861 | Val Loss: 0.807894 | Train Meta: Scaleμ:0.9762, Signal|S|μ:6.5830, Delta|S|μ:5.8192, Delta/Signal:88.40%, Gateμ:-0.5935, Gate0%:0.0, MetaNormμ:8.8248 | Val Meta: Scaleμ:0.9762, Signal|S|μ:6.2444, Delta|S|μ:5.4888, Delta/Signal:87.90%, Gateμ:-0.5935, Gate0%:0.0, MetaNormμ:8.8248
   -> Updated best validation state: val_loss=0.807894 at epoch 6
Epoch 7/20 | Steps: 1126 | LR: 0.000100 | Train Loss: 0.682935 | Val Loss: 0.819078 | Train Meta: Scaleμ:0.9762, Signal|S|μ:6.6385, Delta|S|μ:5.8648, Delta/Signal:88.35%, Gateμ:-0.5935, Gate0%:0.0, MetaNormμ:8.8248 | Val Meta: Scaleμ:0.9762, Signal|S|μ:6.2444, Delta|S|μ:5.4888, Delta/Signal:87.90%, Gateμ:-0.5935, Gate0%:0.0, MetaNormμ:8.8248
Epoch 8/20 | Steps: 1126 | LR: 0.000100 | Train Loss: 0.682081 | Val Loss: 0.813853 | Train Meta: Scaleμ:0.9762, Signal|S|μ:7.2671, Delta|S|μ:6.3907, Delta/Signal:87.94%, Gateμ:-0.5935, Gate0%:0.0, MetaNormμ:8.8248 | Val Meta: Scaleμ:0.9762, Signal|S|μ:6.2444, Delta|S|μ:5.4888, Delta/Signal:87.90%, Gateμ:-0.5935, Gate0%:0.0, MetaNormμ:8.8248
Epoch 9/20 | Steps: 1126 | LR: 0.000100 | Train Loss: 0.681125 | Val Loss: 0.867989 | Train Meta: Scaleμ:0.9762, Signal|S|μ:6.3675, Delta|S|μ:5.6462, Delta/Signal:88.67%, Gateμ:-0.5935, Gate0%:0.0, MetaNormμ:8.8248 | Val Meta: Scaleμ:0.9762, Signal|S|μ:6.2444, Delta|S|μ:5.4888, Delta/Signal:87.90%, Gateμ:-0.5935, Gate0%:0.0, MetaNormμ:8.8248
Epoch 10/20 | Steps: 1126 | LR: 0.000100 | Train Loss: 0.680969 | Val Loss: 0.835589 | Train Meta: Scaleμ:0.9762, Signal|S|μ:6.7822, Delta|S|μ:5.9921, Delta/Signal:88.35%, Gateμ:-0.5935, Gate0%:0.0, MetaNormμ:8.8248 | Val Meta: Scaleμ:0.9762, Signal|S|μ:6.2444, Delta|S|μ:5.4888, Delta/Signal:87.90%, Gateμ:-0.5935, Gate0%:0.0, MetaNormμ:8.8248
Epoch 11/20 | Steps: 1126 | LR: 0.000100 | Train Loss: 0.679828 | Val Loss: 0.831350 | Train Meta: Scaleμ:0.9762, Signal|S|μ:6.5891, Delta|S|μ:5.8254, Delta/Signal:88.41%, Gateμ:-0.5935, Gate0%:0.0, MetaNormμ:8.8248 | Val Meta: Scaleμ:0.9762, Signal|S|μ:6.2444, Delta|S|μ:5.4888, Delta/Signal:87.90%, Gateμ:-0.5935, Gate0%:0.0, MetaNormμ:8.8248
Epoch 12/20 | Steps: 1126 | LR: 0.000100 | Train Loss: 0.679635 | Val Loss: 0.829407 | Train Meta: Scaleμ:0.9762, Signal|S|μ:6.8285, Delta|S|μ:6.0230, Delta/Signal:88.20%, Gateμ:-0.5935, Gate0%:0.0, MetaNormμ:8.8248 | Val Meta: Scaleμ:0.9762, Signal|S|μ:6.2444, Delta|S|μ:5.4888, Delta/Signal:87.90%, Gateμ:-0.5935, Gate0%:0.0, MetaNormμ:8.8248
Epoch 13/20 | Steps: 1126 | LR: 0.000100 | Train Loss: 0.680228 | Val Loss: 0.847061 | Train Meta: Scaleμ:0.9762, Signal|S|μ:6.8658, Delta|S|μ:6.0486, Delta/Signal:88.10%, Gateμ:-0.5935, Gate0%:0.0, MetaNormμ:8.8248 | Val Meta: Scaleμ:0.9762, Signal|S|μ:6.2444, Delta|S|μ:5.4888, Delta/Signal:87.90%, Gateμ:-0.5935, Gate0%:0.0, MetaNormμ:8.8248
Epoch 14/20 | Steps: 1126 | LR: 0.000100 | Train Loss: 0.679137 | Val Loss: 0.825162 | Train Meta: Scaleμ:0.9762, Signal|S|μ:6.6903, Delta|S|μ:5.9068, Delta/Signal:88.29%, Gateμ:-0.5935, Gate0%:0.0, MetaNormμ:8.8248 | Val Meta: Scaleμ:0.9762, Signal|S|μ:6.2444, Delta|S|μ:5.4888, Delta/Signal:87.90%, Gateμ:-0.5935, Gate0%:0.0, MetaNormμ:8.8248
Epoch 15/20 | Steps: 1126 | LR: 0.000100 | Train Loss: 0.679227 | Val Loss: 0.846335 | Train Meta: Scaleμ:0.9762, Signal|S|μ:6.6326, Delta|S|μ:5.8524, Delta/Signal:88.24%, Gateμ:-0.5935, Gate0%:0.0, MetaNormμ:8.8248 | Val Meta: Scaleμ:0.9762, Signal|S|μ:6.2444, Delta|S|μ:5.4888, Delta/Signal:87.90%, Gateμ:-0.5935, Gate0%:0.0, MetaNormμ:8.8248
Epoch 16/20 | Steps: 1126 | LR: 0.000100 | Train Loss: 0.678753 | Val Loss: 0.800407 | Train Meta: Scaleμ:0.9762, Signal|S|μ:6.7138, Delta|S|μ:5.9369, Delta/Signal:88.43%, Gateμ:-0.5935, Gate0%:0.0, MetaNormμ:8.8248 | Val Meta: Scaleμ:0.9762, Signal|S|μ:6.2444, Delta|S|μ:5.4888, Delta/Signal:87.90%, Gateμ:-0.5935, Gate0%:0.0, MetaNormμ:8.8248
   -> Updated best validation state: val_loss=0.800407 at epoch 16
Epoch 17/20 | Steps: 1126 | LR: 0.000100 | Train Loss: 0.679023 | Val Loss: 0.841042 | Train Meta: Scaleμ:0.9762, Signal|S|μ:6.8689, Delta|S|μ:6.0608, Delta/Signal:88.24%, Gateμ:-0.5935, Gate0%:0.0, MetaNormμ:8.8248 | Val Meta: Scaleμ:0.9762, Signal|S|μ:6.2444, Delta|S|μ:5.4888, Delta/Signal:87.90%, Gateμ:-0.5935, Gate0%:0.0, MetaNormμ:8.8248
Epoch 18/20 | Steps: 1126 | LR: 0.000100 | Train Loss: 0.678352 | Val Loss: 0.847402 | Train Meta: Scaleμ:0.9762, Signal|S|μ:6.5460, Delta|S|μ:5.7854, Delta/Signal:88.38%, Gateμ:-0.5935, Gate0%:0.0, MetaNormμ:8.8248 | Val Meta: Scaleμ:0.9762, Signal|S|μ:6.2444, Delta|S|μ:5.4888, Delta/Signal:87.90%, Gateμ:-0.5935, Gate0%:0.0, MetaNormμ:8.8248
Epoch 19/20 | Steps: 1126 | LR: 0.000100 | Train Loss: 0.678812 | Val Loss: 0.809468 | Train Meta: Scaleμ:0.9762, Signal|S|μ:7.0509, Delta|S|μ:6.2156, Delta/Signal:88.15%, Gateμ:-0.5935, Gate0%:0.0, MetaNormμ:8.8248 | Val Meta: Scaleμ:0.9762, Signal|S|μ:6.2444, Delta|S|μ:5.4888, Delta/Signal:87.90%, Gateμ:-0.5935, Gate0%:0.0, MetaNormμ:8.8248
Epoch 20/20 | Steps: 1126 | LR: 0.000100 | Train Loss: 0.678008 | Val Loss: 0.807435 | Train Meta: Scaleμ:0.9762, Signal|S|μ:6.7187, Delta|S|μ:5.9345, Delta/Signal:88.33%, Gateμ:-0.5935, Gate0%:0.0, MetaNormμ:8.8248 | Val Meta: Scaleμ:0.9762, Signal|S|μ:6.2444, Delta|S|μ:5.4888, Delta/Signal:87.90%, Gateμ:-0.5935, Gate0%:0.0, MetaNormμ:8.8248
./run_forecasting.py:273: UserWarning: Tight layout not applied. The bottom and top margins cannot be made large enough to accommodate all axes decorations.
  plt.tight_layout()
./run_forecasting.py:285: UserWarning: Tight layout not applied. The bottom and top margins cannot be made large enough to accommodate all axes decorations.
  plt.tight_layout()
{'test_mse': 0.49741917848587036, 'test_mae': 0.5414506793022156}
Saved attention maps for 3 sample(s) under ./runs/forecasting_electricity_to_weather_laya_metadata_query_gate_stats/pred_336/attention_maps
Stats metadata preview | dataset=weather | domain=weather | channels=21
   - p (mbar): Channel statistics over the training split: mean value is 990.642, standard deviation is 8.631, minimum value is 962.080, maximum value is 1020.070, median value is 991.090, and mean absolute value is 990.642.
==================================================
🚀 Architecture: LAYA
📊 Target Dataset: weather (Channels: 21)
📊 Pretrain Info: electricity (Detected Channels: 21)
📊 Prediction Length: 720
==================================================
✅ Loaded pretrained encoder from ./checkpoints/electricity_laya_metadata_query_gate_stats/laya_ts_electricity_s_best.pt
   - 62/62 keys matched.
ℹ️ Channel Adapter: disabled
📝 metadata: mode=stats, fusion=none, relation=metadata_query_gate
ℹ️ Metadata Fusion Mode: none
ℹ️ Channel Mixer Relation Mode: metadata_query_gate
ℹ️ Encoder Variant: default
ℹ️ Channel Relation Block: disabled
✅ Probing Head [Mixer, channel-wise]: [B*C, 1024] -> [B, 21, 720]
Epoch 1/20 | Steps: 1114 | LR: 0.000100 | Train Loss: 0.827821 | Val Loss: 0.965616 | Train Meta: Scaleμ:0.9762, Signal|S|μ:6.7092, Delta|S|μ:5.9287, Delta/Signal:88.37%, Gateμ:-0.5935, Gate0%:0.0, MetaNormμ:8.8248 | Val Meta: Scaleμ:0.9762, Signal|S|μ:6.2444, Delta|S|μ:5.4888, Delta/Signal:87.90%, Gateμ:-0.5935, Gate0%:0.0, MetaNormμ:8.8248
   -> Updated best validation state: val_loss=0.965616 at epoch 1
Epoch 2/20 | Steps: 1114 | LR: 0.000100 | Train Loss: 0.749818 | Val Loss: 0.898604 | Train Meta: Scaleμ:0.9762, Signal|S|μ:6.6546, Delta|S|μ:5.8851, Delta/Signal:88.44%, Gateμ:-0.5935, Gate0%:0.0, MetaNormμ:8.8248 | Val Meta: Scaleμ:0.9762, Signal|S|μ:6.2444, Delta|S|μ:5.4888, Delta/Signal:87.90%, Gateμ:-0.5935, Gate0%:0.0, MetaNormμ:8.8248
   -> Updated best validation state: val_loss=0.898604 at epoch 2
Epoch 3/20 | Steps: 1114 | LR: 0.000100 | Train Loss: 0.739920 | Val Loss: 0.876393 | Train Meta: Scaleμ:0.9762, Signal|S|μ:6.6203, Delta|S|μ:5.8509, Delta/Signal:88.38%, Gateμ:-0.5935, Gate0%:0.0, MetaNormμ:8.8248 | Val Meta: Scaleμ:0.9762, Signal|S|μ:6.2444, Delta|S|μ:5.4888, Delta/Signal:87.90%, Gateμ:-0.5935, Gate0%:0.0, MetaNormμ:8.8248
   -> Updated best validation state: val_loss=0.876393 at epoch 3
Epoch 4/20 | Steps: 1114 | LR: 0.000100 | Train Loss: 0.734155 | Val Loss: 0.849203 | Train Meta: Scaleμ:0.9762, Signal|S|μ:6.5888, Delta|S|μ:5.8248, Delta/Signal:88.40%, Gateμ:-0.5935, Gate0%:0.0, MetaNormμ:8.8248 | Val Meta: Scaleμ:0.9762, Signal|S|μ:6.2444, Delta|S|μ:5.4888, Delta/Signal:87.90%, Gateμ:-0.5935, Gate0%:0.0, MetaNormμ:8.8248
   -> Updated best validation state: val_loss=0.849203 at epoch 4
Epoch 5/20 | Steps: 1114 | LR: 0.000100 | Train Loss: 0.731255 | Val Loss: 0.867496 | Train Meta: Scaleμ:0.9762, Signal|S|μ:6.7351, Delta|S|μ:5.9479, Delta/Signal:88.31%, Gateμ:-0.5935, Gate0%:0.0, MetaNormμ:8.8248 | Val Meta: Scaleμ:0.9762, Signal|S|μ:6.2444, Delta|S|μ:5.4888, Delta/Signal:87.90%, Gateμ:-0.5935, Gate0%:0.0, MetaNormμ:8.8248
Epoch 6/20 | Steps: 1114 | LR: 0.000100 | Train Loss: 0.729333 | Val Loss: 0.853782 | Train Meta: Scaleμ:0.9762, Signal|S|μ:6.5270, Delta|S|μ:5.7857, Delta/Signal:88.64%, Gateμ:-0.5935, Gate0%:0.0, MetaNormμ:8.8248 | Val Meta: Scaleμ:0.9762, Signal|S|μ:6.2444, Delta|S|μ:5.4888, Delta/Signal:87.90%, Gateμ:-0.5935, Gate0%:0.0, MetaNormμ:8.8248
Epoch 7/20 | Steps: 1114 | LR: 0.000100 | Train Loss: 0.728087 | Val Loss: 0.892535 | Train Meta: Scaleμ:0.9762, Signal|S|μ:6.7346, Delta|S|μ:5.9509, Delta/Signal:88.36%, Gateμ:-0.5935, Gate0%:0.0, MetaNormμ:8.8248 | Val Meta: Scaleμ:0.9762, Signal|S|μ:6.2444, Delta|S|μ:5.4888, Delta/Signal:87.90%, Gateμ:-0.5935, Gate0%:0.0, MetaNormμ:8.8248
Epoch 8/20 | Steps: 1114 | LR: 0.000100 | Train Loss: 0.726917 | Val Loss: 0.849731 | Train Meta: Scaleμ:0.9762, Signal|S|μ:6.8344, Delta|S|μ:6.0340, Delta/Signal:88.29%, Gateμ:-0.5935, Gate0%:0.0, MetaNormμ:8.8248 | Val Meta: Scaleμ:0.9762, Signal|S|μ:6.2444, Delta|S|μ:5.4888, Delta/Signal:87.90%, Gateμ:-0.5935, Gate0%:0.0, MetaNormμ:8.8248
Epoch 9/20 | Steps: 1114 | LR: 0.000100 | Train Loss: 0.726095 | Val Loss: 0.862053 | Train Meta: Scaleμ:0.9762, Signal|S|μ:6.7415, Delta|S|μ:5.9620, Delta/Signal:88.44%, Gateμ:-0.5935, Gate0%:0.0, MetaNormμ:8.8248 | Val Meta: Scaleμ:0.9762, Signal|S|μ:6.2444, Delta|S|μ:5.4888, Delta/Signal:87.90%, Gateμ:-0.5935, Gate0%:0.0, MetaNormμ:8.8248
Epoch 10/20 | Steps: 1114 | LR: 0.000100 | Train Loss: 0.725510 | Val Loss: 0.888727 | Train Meta: Scaleμ:0.9762, Signal|S|μ:6.5894, Delta|S|μ:5.8227, Delta/Signal:88.37%, Gateμ:-0.5935, Gate0%:0.0, MetaNormμ:8.8248 | Val Meta: Scaleμ:0.9762, Signal|S|μ:6.2444, Delta|S|μ:5.4888, Delta/Signal:87.90%, Gateμ:-0.5935, Gate0%:0.0, MetaNormμ:8.8248
Epoch 11/20 | Steps: 1114 | LR: 0.000100 | Train Loss: 0.724974 | Val Loss: 0.877985 | Train Meta: Scaleμ:0.9762, Signal|S|μ:6.6985, Delta|S|μ:5.9187, Delta/Signal:88.36%, Gateμ:-0.5935, Gate0%:0.0, MetaNormμ:8.8248 | Val Meta: Scaleμ:0.9762, Signal|S|μ:6.2444, Delta|S|μ:5.4888, Delta/Signal:87.90%, Gateμ:-0.5935, Gate0%:0.0, MetaNormμ:8.8248
Epoch 12/20 | Steps: 1114 | LR: 0.000100 | Train Loss: 0.725136 | Val Loss: 0.843837 | Train Meta: Scaleμ:0.9762, Signal|S|μ:6.7800, Delta|S|μ:5.9885, Delta/Signal:88.33%, Gateμ:-0.5935, Gate0%:0.0, MetaNormμ:8.8248 | Val Meta: Scaleμ:0.9762, Signal|S|μ:6.2444, Delta|S|μ:5.4888, Delta/Signal:87.90%, Gateμ:-0.5935, Gate0%:0.0, MetaNormμ:8.8248
   -> Updated best validation state: val_loss=0.843837 at epoch 12
Epoch 13/20 | Steps: 1114 | LR: 0.000100 | Train Loss: 0.724138 | Val Loss: 0.862301 | Train Meta: Scaleμ:0.9762, Signal|S|μ:6.8121, Delta|S|μ:6.0120, Delta/Signal:88.25%, Gateμ:-0.5935, Gate0%:0.0, MetaNormμ:8.8248 | Val Meta: Scaleμ:0.9762, Signal|S|μ:6.2444, Delta|S|μ:5.4888, Delta/Signal:87.90%, Gateμ:-0.5935, Gate0%:0.0, MetaNormμ:8.8248
Epoch 14/20 | Steps: 1114 | LR: 0.000100 | Train Loss: 0.724456 | Val Loss: 0.849194 | Train Meta: Scaleμ:0.9762, Signal|S|μ:7.0187, Delta|S|μ:6.1854, Delta/Signal:88.13%, Gateμ:-0.5935, Gate0%:0.0, MetaNormμ:8.8248 | Val Meta: Scaleμ:0.9762, Signal|S|μ:6.2444, Delta|S|μ:5.4888, Delta/Signal:87.90%, Gateμ:-0.5935, Gate0%:0.0, MetaNormμ:8.8248
Epoch 15/20 | Steps: 1114 | LR: 0.000100 | Train Loss: 0.723840 | Val Loss: 0.844015 | Train Meta: Scaleμ:0.9762, Signal|S|μ:6.8158, Delta|S|μ:6.0187, Delta/Signal:88.31%, Gateμ:-0.5935, Gate0%:0.0, MetaNormμ:8.8248 | Val Meta: Scaleμ:0.9762, Signal|S|μ:6.2444, Delta|S|μ:5.4888, Delta/Signal:87.90%, Gateμ:-0.5935, Gate0%:0.0, MetaNormμ:8.8248
Epoch 16/20 | Steps: 1114 | LR: 0.000100 | Train Loss: 0.723811 | Val Loss: 0.849704 | Train Meta: Scaleμ:0.9762, Signal|S|μ:6.8020, Delta|S|μ:6.0054, Delta/Signal:88.29%, Gateμ:-0.5935, Gate0%:0.0, MetaNormμ:8.8248 | Val Meta: Scaleμ:0.9762, Signal|S|μ:6.2444, Delta|S|μ:5.4888, Delta/Signal:87.90%, Gateμ:-0.5935, Gate0%:0.0, MetaNormμ:8.8248
Epoch 17/20 | Steps: 1114 | LR: 0.000100 | Train Loss: 0.723752 | Val Loss: 0.866923 | Train Meta: Scaleμ:0.9762, Signal|S|μ:6.5909, Delta|S|μ:5.8381, Delta/Signal:88.58%, Gateμ:-0.5935, Gate0%:0.0, MetaNormμ:8.8248 | Val Meta: Scaleμ:0.9762, Signal|S|μ:6.2444, Delta|S|μ:5.4888, Delta/Signal:87.90%, Gateμ:-0.5935, Gate0%:0.0, MetaNormμ:8.8248
Epoch 18/20 | Steps: 1114 | LR: 0.000100 | Train Loss: 0.723911 | Val Loss: 0.887948 | Train Meta: Scaleμ:0.9762, Signal|S|μ:6.7399, Delta|S|μ:5.9538, Delta/Signal:88.34%, Gateμ:-0.5935, Gate0%:0.0, MetaNormμ:8.8248 | Val Meta: Scaleμ:0.9762, Signal|S|μ:6.2444, Delta|S|μ:5.4888, Delta/Signal:87.90%, Gateμ:-0.5935, Gate0%:0.0, MetaNormμ:8.8248
Epoch 19/20 | Steps: 1114 | LR: 0.000100 | Train Loss: 0.723361 | Val Loss: 0.839027 | Train Meta: Scaleμ:0.9762, Signal|S|μ:6.5756, Delta|S|μ:5.8150, Delta/Signal:88.43%, Gateμ:-0.5935, Gate0%:0.0, MetaNormμ:8.8248 | Val Meta: Scaleμ:0.9762, Signal|S|μ:6.2444, Delta|S|μ:5.4888, Delta/Signal:87.90%, Gateμ:-0.5935, Gate0%:0.0, MetaNormμ:8.8248
   -> Updated best validation state: val_loss=0.839027 at epoch 19
Epoch 20/20 | Steps: 1114 | LR: 0.000100 | Train Loss: 0.722776 | Val Loss: 0.876537 | Train Meta: Scaleμ:0.9762, Signal|S|μ:6.8440, Delta|S|μ:6.0449, Delta/Signal:88.32%, Gateμ:-0.5935, Gate0%:0.0, MetaNormμ:8.8248 | Val Meta: Scaleμ:0.9762, Signal|S|μ:6.2444, Delta|S|μ:5.4888, Delta/Signal:87.90%, Gateμ:-0.5935, Gate0%:0.0, MetaNormμ:8.8248
./run_forecasting.py:273: UserWarning: Tight layout not applied. The bottom and top margins cannot be made large enough to accommodate all axes decorations.
  plt.tight_layout()
./run_forecasting.py:285: UserWarning: Tight layout not applied. The bottom and top margins cannot be made large enough to accommodate all axes decorations.
  plt.tight_layout()
{'test_mse': 0.5507513880729675, 'test_mae': 0.5700441598892212}
Saved attention maps for 3 sample(s) under ./runs/forecasting_electricity_to_weather_laya_metadata_query_gate_stats/pred_720/attention_maps
