nohup: ignoring input
Text metadata preview | dataset=ETTm1 | domain=ETTm1 | channels=7
   - HUFL: In the ETTm1 domain, this channel belongs to the ETTm1 dataset and represents the feature HUFL.
   - HULL: In the ETTm1 domain, this channel belongs to the ETTm1 dataset and represents the feature HULL.
   - ... (5 more channel descriptions)
Stats metadata preview | dataset=ETTm1 | domain=ETTm1 | channels=7
   - HUFL: Channel statistics over the training split: mean value is -0.000, standard deviation is 1.000, minimum value is -4.418, maximum value is 2.652, median value is 0.128, and mean absolute value is 0.698.
==================================================
🚀 Architecture: LAYA
📊 Target Dataset: ETTm1 (Channels: 7)
📊 Pretrain Info: electricity (Detected Channels: 7)
📊 Prediction Length: 96
==================================================
✅ Loaded pretrained encoder from ./checkpoints/electricity_laya_metadata_query_gate_text_stats_avg/laya_ts_electricity_s_best.pt
   - 74/74 keys matched.
ℹ️ Channel Adapter: disabled
📝 metadata: mode=text_stats_avg, fusion=none, relation=metadata_query_gate
ℹ️ Metadata Fusion Mode: none
ℹ️ Channel Mixer Relation Mode: metadata_query_gate
ℹ️ Encoder Variant: default
ℹ️ Channel Relation Block: disabled
✅ Probing Head [Mixer, channel-wise]: [B*C, 1024] -> [B, 7, 96]
Epoch 1/20 | Steps: 1287 | LR: 0.000100 | Train Loss: 0.505123 | Val Loss: 0.448196 | Train Meta: Scaleμ:0.9450, Signal|S|μ:12.9252, Delta|S|μ:10.8562, Delta/Signal:83.99%, Gateμ:-0.3910, Gate0%:0.0, MetaNormμ:7.0934 | Val Meta: Scaleμ:0.9450, Signal|S|μ:10.8470, Delta|S|μ:9.0389, Delta/Signal:83.33%, Gateμ:-0.3910, Gate0%:0.0, MetaNormμ:7.0934
   -> Updated best validation state: val_loss=0.448196 at epoch 1
Epoch 2/20 | Steps: 1287 | LR: 0.000100 | Train Loss: 0.407575 | Val Loss: 0.418586 | Train Meta: Scaleμ:0.9450, Signal|S|μ:12.3724, Delta|S|μ:10.3924, Delta/Signal:84.00%, Gateμ:-0.3910, Gate0%:0.0, MetaNormμ:7.0934 | Val Meta: Scaleμ:0.9450, Signal|S|μ:10.8470, Delta|S|μ:9.0389, Delta/Signal:83.33%, Gateμ:-0.3910, Gate0%:0.0, MetaNormμ:7.0934
   -> Updated best validation state: val_loss=0.418586 at epoch 2
Epoch 3/20 | Steps: 1287 | LR: 0.000100 | Train Loss: 0.401496 | Val Loss: 0.432677 | Train Meta: Scaleμ:0.9450, Signal|S|μ:12.2776, Delta|S|μ:10.2809, Delta/Signal:83.74%, Gateμ:-0.3910, Gate0%:0.0, MetaNormμ:7.0934 | Val Meta: Scaleμ:0.9450, Signal|S|μ:10.8470, Delta|S|μ:9.0389, Delta/Signal:83.33%, Gateμ:-0.3910, Gate0%:0.0, MetaNormμ:7.0934
Epoch 4/20 | Steps: 1287 | LR: 0.000100 | Train Loss: 0.399866 | Val Loss: 0.440052 | Train Meta: Scaleμ:0.9450, Signal|S|μ:12.5842, Delta|S|μ:10.5673, Delta/Signal:83.97%, Gateμ:-0.3910, Gate0%:0.0, MetaNormμ:7.0934 | Val Meta: Scaleμ:0.9450, Signal|S|μ:10.8470, Delta|S|μ:9.0389, Delta/Signal:83.33%, Gateμ:-0.3910, Gate0%:0.0, MetaNormμ:7.0934
Epoch 5/20 | Steps: 1287 | LR: 0.000100 | Train Loss: 0.395939 | Val Loss: 0.409514 | Train Meta: Scaleμ:0.9450, Signal|S|μ:12.7849, Delta|S|μ:10.7357, Delta/Signal:83.97%, Gateμ:-0.3910, Gate0%:0.0, MetaNormμ:7.0934 | Val Meta: Scaleμ:0.9450, Signal|S|μ:10.8470, Delta|S|μ:9.0389, Delta/Signal:83.33%, Gateμ:-0.3910, Gate0%:0.0, MetaNormμ:7.0934
   -> Updated best validation state: val_loss=0.409514 at epoch 5
Epoch 6/20 | Steps: 1287 | LR: 0.000100 | Train Loss: 0.394880 | Val Loss: 0.389422 | Train Meta: Scaleμ:0.9450, Signal|S|μ:12.1104, Delta|S|μ:10.1258, Delta/Signal:83.61%, Gateμ:-0.3910, Gate0%:0.0, MetaNormμ:7.0934 | Val Meta: Scaleμ:0.9450, Signal|S|μ:10.8470, Delta|S|μ:9.0389, Delta/Signal:83.33%, Gateμ:-0.3910, Gate0%:0.0, MetaNormμ:7.0934
   -> Updated best validation state: val_loss=0.389422 at epoch 6
Epoch 7/20 | Steps: 1287 | LR: 0.000100 | Train Loss: 0.392790 | Val Loss: 0.388727 | Train Meta: Scaleμ:0.9450, Signal|S|μ:11.9579, Delta|S|μ:10.0317, Delta/Signal:83.89%, Gateμ:-0.3910, Gate0%:0.0, MetaNormμ:7.0934 | Val Meta: Scaleμ:0.9450, Signal|S|μ:10.8470, Delta|S|μ:9.0389, Delta/Signal:83.33%, Gateμ:-0.3910, Gate0%:0.0, MetaNormμ:7.0934
   -> Updated best validation state: val_loss=0.388727 at epoch 7
Epoch 8/20 | Steps: 1287 | LR: 0.000100 | Train Loss: 0.391102 | Val Loss: 0.426824 | Train Meta: Scaleμ:0.9450, Signal|S|μ:11.7445, Delta|S|μ:9.8556, Delta/Signal:83.92%, Gateμ:-0.3910, Gate0%:0.0, MetaNormμ:7.0934 | Val Meta: Scaleμ:0.9450, Signal|S|μ:10.8470, Delta|S|μ:9.0389, Delta/Signal:83.33%, Gateμ:-0.3910, Gate0%:0.0, MetaNormμ:7.0934
Epoch 9/20 | Steps: 1287 | LR: 0.000100 | Train Loss: 0.390761 | Val Loss: 0.410246 | Train Meta: Scaleμ:0.9450, Signal|S|μ:12.2194, Delta|S|μ:10.2406, Delta/Signal:83.81%, Gateμ:-0.3910, Gate0%:0.0, MetaNormμ:7.0934 | Val Meta: Scaleμ:0.9450, Signal|S|μ:10.8470, Delta|S|μ:9.0389, Delta/Signal:83.33%, Gateμ:-0.3910, Gate0%:0.0, MetaNormμ:7.0934
Epoch 10/20 | Steps: 1287 | LR: 0.000100 | Train Loss: 0.389407 | Val Loss: 0.409281 | Train Meta: Scaleμ:0.9450, Signal|S|μ:12.2069, Delta|S|μ:10.2701, Delta/Signal:84.13%, Gateμ:-0.3910, Gate0%:0.0, MetaNormμ:7.0934 | Val Meta: Scaleμ:0.9450, Signal|S|μ:10.8470, Delta|S|μ:9.0389, Delta/Signal:83.33%, Gateμ:-0.3910, Gate0%:0.0, MetaNormμ:7.0934
Epoch 11/20 | Steps: 1287 | LR: 0.000100 | Train Loss: 0.389356 | Val Loss: 0.389908 | Train Meta: Scaleμ:0.9450, Signal|S|μ:11.7078, Delta|S|μ:9.8141, Delta/Signal:83.83%, Gateμ:-0.3910, Gate0%:0.0, MetaNormμ:7.0934 | Val Meta: Scaleμ:0.9450, Signal|S|μ:10.8470, Delta|S|μ:9.0389, Delta/Signal:83.33%, Gateμ:-0.3910, Gate0%:0.0, MetaNormμ:7.0934
Epoch 12/20 | Steps: 1287 | LR: 0.000100 | Train Loss: 0.389465 | Val Loss: 0.401685 | Train Meta: Scaleμ:0.9450, Signal|S|μ:12.1403, Delta|S|μ:10.1791, Delta/Signal:83.85%, Gateμ:-0.3910, Gate0%:0.0, MetaNormμ:7.0934 | Val Meta: Scaleμ:0.9450, Signal|S|μ:10.8470, Delta|S|μ:9.0389, Delta/Signal:83.33%, Gateμ:-0.3910, Gate0%:0.0, MetaNormμ:7.0934
Epoch 13/20 | Steps: 1287 | LR: 0.000100 | Train Loss: 0.389278 | Val Loss: 0.484504 | Train Meta: Scaleμ:0.9450, Signal|S|μ:12.8455, Delta|S|μ:10.7702, Delta/Signal:83.84%, Gateμ:-0.3910, Gate0%:0.0, MetaNormμ:7.0934 | Val Meta: Scaleμ:0.9450, Signal|S|μ:10.8470, Delta|S|μ:9.0389, Delta/Signal:83.33%, Gateμ:-0.3910, Gate0%:0.0, MetaNormμ:7.0934
Epoch 14/20 | Steps: 1287 | LR: 0.000100 | Train Loss: 0.386988 | Val Loss: 0.494026 | Train Meta: Scaleμ:0.9450, Signal|S|μ:12.8246, Delta|S|μ:10.7437, Delta/Signal:83.77%, Gateμ:-0.3910, Gate0%:0.0, MetaNormμ:7.0934 | Val Meta: Scaleμ:0.9450, Signal|S|μ:10.8470, Delta|S|μ:9.0389, Delta/Signal:83.33%, Gateμ:-0.3910, Gate0%:0.0, MetaNormμ:7.0934
Epoch 15/20 | Steps: 1287 | LR: 0.000100 | Train Loss: 0.387812 | Val Loss: 0.388065 | Train Meta: Scaleμ:0.9450, Signal|S|μ:12.8139, Delta|S|μ:10.7374, Delta/Signal:83.79%, Gateμ:-0.3910, Gate0%:0.0, MetaNormμ:7.0934 | Val Meta: Scaleμ:0.9450, Signal|S|μ:10.8470, Delta|S|μ:9.0389, Delta/Signal:83.33%, Gateμ:-0.3910, Gate0%:0.0, MetaNormμ:7.0934
   -> Updated best validation state: val_loss=0.388065 at epoch 15
Epoch 16/20 | Steps: 1287 | LR: 0.000100 | Train Loss: 0.387093 | Val Loss: 0.437397 | Train Meta: Scaleμ:0.9450, Signal|S|μ:12.2448, Delta|S|μ:10.2832, Delta/Signal:83.98%, Gateμ:-0.3910, Gate0%:0.0, MetaNormμ:7.0934 | Val Meta: Scaleμ:0.9450, Signal|S|μ:10.8470, Delta|S|μ:9.0389, Delta/Signal:83.33%, Gateμ:-0.3910, Gate0%:0.0, MetaNormμ:7.0934
Epoch 17/20 | Steps: 1287 | LR: 0.000100 | Train Loss: 0.386862 | Val Loss: 0.415819 | Train Meta: Scaleμ:0.9450, Signal|S|μ:13.1470, Delta|S|μ:11.0144, Delta/Signal:83.78%, Gateμ:-0.3910, Gate0%:0.0, MetaNormμ:7.0934 | Val Meta: Scaleμ:0.9450, Signal|S|μ:10.8470, Delta|S|μ:9.0389, Delta/Signal:83.33%, Gateμ:-0.3910, Gate0%:0.0, MetaNormμ:7.0934
Epoch 18/20 | Steps: 1287 | LR: 0.000100 | Train Loss: 0.385854 | Val Loss: 0.376897 | Train Meta: Scaleμ:0.9450, Signal|S|μ:11.9819, Delta|S|μ:10.0700, Delta/Signal:84.04%, Gateμ:-0.3910, Gate0%:0.0, MetaNormμ:7.0934 | Val Meta: Scaleμ:0.9450, Signal|S|μ:10.8470, Delta|S|μ:9.0389, Delta/Signal:83.33%, Gateμ:-0.3910, Gate0%:0.0, MetaNormμ:7.0934
   -> Updated best validation state: val_loss=0.376897 at epoch 18
Epoch 19/20 | Steps: 1287 | LR: 0.000100 | Train Loss: 0.385713 | Val Loss: 0.407487 | Train Meta: Scaleμ:0.9450, Signal|S|μ:12.3652, Delta|S|μ:10.3763, Delta/Signal:83.92%, Gateμ:-0.3910, Gate0%:0.0, MetaNormμ:7.0934 | Val Meta: Scaleμ:0.9450, Signal|S|μ:10.8470, Delta|S|μ:9.0389, Delta/Signal:83.33%, Gateμ:-0.3910, Gate0%:0.0, MetaNormμ:7.0934
Epoch 20/20 | Steps: 1287 | LR: 0.000100 | Train Loss: 0.386818 | Val Loss: 0.395389 | Train Meta: Scaleμ:0.9450, Signal|S|μ:12.6313, Delta|S|μ:10.5891, Delta/Signal:83.83%, Gateμ:-0.3910, Gate0%:0.0, MetaNormμ:7.0934 | Val Meta: Scaleμ:0.9450, Signal|S|μ:10.8470, Delta|S|μ:9.0389, Delta/Signal:83.33%, Gateμ:-0.3910, Gate0%:0.0, MetaNormμ:7.0934
{'test_mse': 0.48184019327163696, 'test_mae': 0.5037946105003357}
Saved best forecasting checkpoint under checkpoints/forecasting_ettm1_96/electricity_laya_metadata_query_gate_text_stats_avg_best.pt
Saved attention maps for 3 sample(s) under ./runs/forecasting_electricity_to_ETTm1_laya_metadata_query_gate_text_stats_avg/pred_96/attention_maps
Text metadata preview | dataset=ETTm1 | domain=ETTm1 | channels=7
   - HUFL: In the ETTm1 domain, this channel belongs to the ETTm1 dataset and represents the feature HUFL.
   - HULL: In the ETTm1 domain, this channel belongs to the ETTm1 dataset and represents the feature HULL.
   - ... (5 more channel descriptions)
Stats metadata preview | dataset=ETTm1 | domain=ETTm1 | channels=7
   - HUFL: Channel statistics over the training split: mean value is -0.000, standard deviation is 1.000, minimum value is -4.418, maximum value is 2.652, median value is 0.128, and mean absolute value is 0.698.
==================================================
🚀 Architecture: LAYA
📊 Target Dataset: ETTm1 (Channels: 7)
📊 Pretrain Info: electricity (Detected Channels: 7)
📊 Prediction Length: 192
==================================================
✅ Loaded pretrained encoder from ./checkpoints/electricity_laya_metadata_query_gate_text_stats_avg/laya_ts_electricity_s_best.pt
   - 74/74 keys matched.
ℹ️ Channel Adapter: disabled
📝 metadata: mode=text_stats_avg, fusion=none, relation=metadata_query_gate
ℹ️ Metadata Fusion Mode: none
ℹ️ Channel Mixer Relation Mode: metadata_query_gate
ℹ️ Encoder Variant: default
ℹ️ Channel Relation Block: disabled
✅ Probing Head [Mixer, channel-wise]: [B*C, 1024] -> [B, 7, 192]
Epoch 1/20 | Steps: 1284 | LR: 0.000100 | Train Loss: 0.538815 | Val Loss: 0.506432 | Train Meta: Scaleμ:0.9450, Signal|S|μ:12.0545, Delta|S|μ:10.1174, Delta/Signal:83.93%, Gateμ:-0.3910, Gate0%:0.0, MetaNormμ:7.0934 | Val Meta: Scaleμ:0.9450, Signal|S|μ:10.8470, Delta|S|μ:9.0389, Delta/Signal:83.33%, Gateμ:-0.3910, Gate0%:0.0, MetaNormμ:7.0934
   -> Updated best validation state: val_loss=0.506432 at epoch 1
Epoch 2/20 | Steps: 1284 | LR: 0.000100 | Train Loss: 0.443186 | Val Loss: 0.461091 | Train Meta: Scaleμ:0.9450, Signal|S|μ:11.7456, Delta|S|μ:9.8673, Delta/Signal:84.01%, Gateμ:-0.3910, Gate0%:0.0, MetaNormμ:7.0934 | Val Meta: Scaleμ:0.9450, Signal|S|μ:10.8470, Delta|S|μ:9.0389, Delta/Signal:83.33%, Gateμ:-0.3910, Gate0%:0.0, MetaNormμ:7.0934
   -> Updated best validation state: val_loss=0.461091 at epoch 2
Epoch 3/20 | Steps: 1284 | LR: 0.000100 | Train Loss: 0.441125 | Val Loss: 0.481715 | Train Meta: Scaleμ:0.9450, Signal|S|μ:12.6937, Delta|S|μ:10.6617, Delta/Signal:83.99%, Gateμ:-0.3910, Gate0%:0.0, MetaNormμ:7.0934 | Val Meta: Scaleμ:0.9450, Signal|S|μ:10.8470, Delta|S|μ:9.0389, Delta/Signal:83.33%, Gateμ:-0.3910, Gate0%:0.0, MetaNormμ:7.0934
Epoch 4/20 | Steps: 1284 | LR: 0.000100 | Train Loss: 0.436266 | Val Loss: 0.427029 | Train Meta: Scaleμ:0.9450, Signal|S|μ:11.4048, Delta|S|μ:9.5510, Delta/Signal:83.75%, Gateμ:-0.3910, Gate0%:0.0, MetaNormμ:7.0934 | Val Meta: Scaleμ:0.9450, Signal|S|μ:10.8470, Delta|S|μ:9.0389, Delta/Signal:83.33%, Gateμ:-0.3910, Gate0%:0.0, MetaNormμ:7.0934
   -> Updated best validation state: val_loss=0.427029 at epoch 4
Epoch 5/20 | Steps: 1284 | LR: 0.000100 | Train Loss: 0.433914 | Val Loss: 0.474004 | Train Meta: Scaleμ:0.9450, Signal|S|μ:12.5723, Delta|S|μ:10.5592, Delta/Signal:83.99%, Gateμ:-0.3910, Gate0%:0.0, MetaNormμ:7.0934 | Val Meta: Scaleμ:0.9450, Signal|S|μ:10.8470, Delta|S|μ:9.0389, Delta/Signal:83.33%, Gateμ:-0.3910, Gate0%:0.0, MetaNormμ:7.0934
Epoch 6/20 | Steps: 1284 | LR: 0.000100 | Train Loss: 0.433105 | Val Loss: 0.513914 | Train Meta: Scaleμ:0.9450, Signal|S|μ:11.0957, Delta|S|μ:9.2735, Delta/Signal:83.58%, Gateμ:-0.3910, Gate0%:0.0, MetaNormμ:7.0934 | Val Meta: Scaleμ:0.9450, Signal|S|μ:10.8470, Delta|S|μ:9.0389, Delta/Signal:83.33%, Gateμ:-0.3910, Gate0%:0.0, MetaNormμ:7.0934
Epoch 7/20 | Steps: 1284 | LR: 0.000100 | Train Loss: 0.431373 | Val Loss: 0.424089 | Train Meta: Scaleμ:0.9450, Signal|S|μ:12.1286, Delta|S|μ:10.1505, Delta/Signal:83.69%, Gateμ:-0.3910, Gate0%:0.0, MetaNormμ:7.0934 | Val Meta: Scaleμ:0.9450, Signal|S|μ:10.8470, Delta|S|μ:9.0389, Delta/Signal:83.33%, Gateμ:-0.3910, Gate0%:0.0, MetaNormμ:7.0934
   -> Updated best validation state: val_loss=0.424089 at epoch 7
Epoch 8/20 | Steps: 1284 | LR: 0.000100 | Train Loss: 0.428807 | Val Loss: 0.514189 | Train Meta: Scaleμ:0.9450, Signal|S|μ:12.1626, Delta|S|μ:10.1980, Delta/Signal:83.85%, Gateμ:-0.3910, Gate0%:0.0, MetaNormμ:7.0934 | Val Meta: Scaleμ:0.9450, Signal|S|μ:10.8470, Delta|S|μ:9.0389, Delta/Signal:83.33%, Gateμ:-0.3910, Gate0%:0.0, MetaNormμ:7.0934
Epoch 9/20 | Steps: 1284 | LR: 0.000100 | Train Loss: 0.429427 | Val Loss: 0.416346 | Train Meta: Scaleμ:0.9450, Signal|S|μ:11.8961, Delta|S|μ:9.9871, Delta/Signal:83.95%, Gateμ:-0.3910, Gate0%:0.0, MetaNormμ:7.0934 | Val Meta: Scaleμ:0.9450, Signal|S|μ:10.8470, Delta|S|μ:9.0389, Delta/Signal:83.33%, Gateμ:-0.3910, Gate0%:0.0, MetaNormμ:7.0934
   -> Updated best validation state: val_loss=0.416346 at epoch 9
Epoch 10/20 | Steps: 1284 | LR: 0.000100 | Train Loss: 0.427873 | Val Loss: 0.429908 | Train Meta: Scaleμ:0.9450, Signal|S|μ:11.5492, Delta|S|μ:9.6793, Delta/Signal:83.81%, Gateμ:-0.3910, Gate0%:0.0, MetaNormμ:7.0934 | Val Meta: Scaleμ:0.9450, Signal|S|μ:10.8470, Delta|S|μ:9.0389, Delta/Signal:83.33%, Gateμ:-0.3910, Gate0%:0.0, MetaNormμ:7.0934
Epoch 11/20 | Steps: 1284 | LR: 0.000100 | Train Loss: 0.426107 | Val Loss: 0.443480 | Train Meta: Scaleμ:0.9450, Signal|S|μ:12.8987, Delta|S|μ:10.8184, Delta/Signal:83.87%, Gateμ:-0.3910, Gate0%:0.0, MetaNormμ:7.0934 | Val Meta: Scaleμ:0.9450, Signal|S|μ:10.8470, Delta|S|μ:9.0389, Delta/Signal:83.33%, Gateμ:-0.3910, Gate0%:0.0, MetaNormμ:7.0934
Epoch 12/20 | Steps: 1284 | LR: 0.000100 | Train Loss: 0.426795 | Val Loss: 0.418391 | Train Meta: Scaleμ:0.9450, Signal|S|μ:12.5029, Delta|S|μ:10.5046, Delta/Signal:84.02%, Gateμ:-0.3910, Gate0%:0.0, MetaNormμ:7.0934 | Val Meta: Scaleμ:0.9450, Signal|S|μ:10.8470, Delta|S|μ:9.0389, Delta/Signal:83.33%, Gateμ:-0.3910, Gate0%:0.0, MetaNormμ:7.0934
Epoch 13/20 | Steps: 1284 | LR: 0.000100 | Train Loss: 0.426767 | Val Loss: 0.409102 | Train Meta: Scaleμ:0.9450, Signal|S|μ:11.7925, Delta|S|μ:9.9218, Delta/Signal:84.14%, Gateμ:-0.3910, Gate0%:0.0, MetaNormμ:7.0934 | Val Meta: Scaleμ:0.9450, Signal|S|μ:10.8470, Delta|S|μ:9.0389, Delta/Signal:83.33%, Gateμ:-0.3910, Gate0%:0.0, MetaNormμ:7.0934
   -> Updated best validation state: val_loss=0.409102 at epoch 13
Epoch 14/20 | Steps: 1284 | LR: 0.000100 | Train Loss: 0.425579 | Val Loss: 0.434727 | Train Meta: Scaleμ:0.9450, Signal|S|μ:12.4608, Delta|S|μ:10.4324, Delta/Signal:83.72%, Gateμ:-0.3910, Gate0%:0.0, MetaNormμ:7.0934 | Val Meta: Scaleμ:0.9450, Signal|S|μ:10.8470, Delta|S|μ:9.0389, Delta/Signal:83.33%, Gateμ:-0.3910, Gate0%:0.0, MetaNormμ:7.0934
Epoch 15/20 | Steps: 1284 | LR: 0.000100 | Train Loss: 0.425917 | Val Loss: 0.424281 | Train Meta: Scaleμ:0.9450, Signal|S|μ:12.0751, Delta|S|μ:10.1208, Delta/Signal:83.82%, Gateμ:-0.3910, Gate0%:0.0, MetaNormμ:7.0934 | Val Meta: Scaleμ:0.9450, Signal|S|μ:10.8470, Delta|S|μ:9.0389, Delta/Signal:83.33%, Gateμ:-0.3910, Gate0%:0.0, MetaNormμ:7.0934
Epoch 16/20 | Steps: 1284 | LR: 0.000100 | Train Loss: 0.424928 | Val Loss: 0.519200 | Train Meta: Scaleμ:0.9450, Signal|S|μ:12.4006, Delta|S|μ:10.4121, Delta/Signal:83.96%, Gateμ:-0.3910, Gate0%:0.0, MetaNormμ:7.0934 | Val Meta: Scaleμ:0.9450, Signal|S|μ:10.8470, Delta|S|μ:9.0389, Delta/Signal:83.33%, Gateμ:-0.3910, Gate0%:0.0, MetaNormμ:7.0934
Epoch 17/20 | Steps: 1284 | LR: 0.000100 | Train Loss: 0.425860 | Val Loss: 0.459323 | Train Meta: Scaleμ:0.9450, Signal|S|μ:10.8808, Delta|S|μ:9.1264, Delta/Signal:83.88%, Gateμ:-0.3910, Gate0%:0.0, MetaNormμ:7.0934 | Val Meta: Scaleμ:0.9450, Signal|S|μ:10.8470, Delta|S|μ:9.0389, Delta/Signal:83.33%, Gateμ:-0.3910, Gate0%:0.0, MetaNormμ:7.0934
Epoch 18/20 | Steps: 1284 | LR: 0.000100 | Train Loss: 0.424717 | Val Loss: 0.435871 | Train Meta: Scaleμ:0.9450, Signal|S|μ:11.9347, Delta|S|μ:10.0004, Delta/Signal:83.79%, Gateμ:-0.3910, Gate0%:0.0, MetaNormμ:7.0934 | Val Meta: Scaleμ:0.9450, Signal|S|μ:10.8470, Delta|S|μ:9.0389, Delta/Signal:83.33%, Gateμ:-0.3910, Gate0%:0.0, MetaNormμ:7.0934
Epoch 19/20 | Steps: 1284 | LR: 0.000100 | Train Loss: 0.424750 | Val Loss: 0.419871 | Train Meta: Scaleμ:0.9450, Signal|S|μ:11.8654, Delta|S|μ:9.9664, Delta/Signal:84.00%, Gateμ:-0.3910, Gate0%:0.0, MetaNormμ:7.0934 | Val Meta: Scaleμ:0.9450, Signal|S|μ:10.8470, Delta|S|μ:9.0389, Delta/Signal:83.33%, Gateμ:-0.3910, Gate0%:0.0, MetaNormμ:7.0934
Epoch 20/20 | Steps: 1284 | LR: 0.000100 | Train Loss: 0.424770 | Val Loss: 0.424166 | Train Meta: Scaleμ:0.9450, Signal|S|μ:13.2273, Delta|S|μ:11.1124, Delta/Signal:84.01%, Gateμ:-0.3910, Gate0%:0.0, MetaNormμ:7.0934 | Val Meta: Scaleμ:0.9450, Signal|S|μ:10.8470, Delta|S|μ:9.0389, Delta/Signal:83.33%, Gateμ:-0.3910, Gate0%:0.0, MetaNormμ:7.0934
{'test_mse': 0.5303444266319275, 'test_mae': 0.5283542275428772}
Saved best forecasting checkpoint under checkpoints/forecasting_ettm1_192/electricity_laya_metadata_query_gate_text_stats_avg_best.pt
Saved attention maps for 3 sample(s) under ./runs/forecasting_electricity_to_ETTm1_laya_metadata_query_gate_text_stats_avg/pred_192/attention_maps
Text metadata preview | dataset=ETTm1 | domain=ETTm1 | channels=7
   - HUFL: In the ETTm1 domain, this channel belongs to the ETTm1 dataset and represents the feature HUFL.
   - HULL: In the ETTm1 domain, this channel belongs to the ETTm1 dataset and represents the feature HULL.
   - ... (5 more channel descriptions)
Stats metadata preview | dataset=ETTm1 | domain=ETTm1 | channels=7
   - HUFL: Channel statistics over the training split: mean value is -0.000, standard deviation is 1.000, minimum value is -4.418, maximum value is 2.652, median value is 0.128, and mean absolute value is 0.698.
==================================================
🚀 Architecture: LAYA
📊 Target Dataset: ETTm1 (Channels: 7)
📊 Pretrain Info: electricity (Detected Channels: 7)
📊 Prediction Length: 336
==================================================
✅ Loaded pretrained encoder from ./checkpoints/electricity_laya_metadata_query_gate_text_stats_avg/laya_ts_electricity_s_best.pt
   - 74/74 keys matched.
ℹ️ Channel Adapter: disabled
📝 metadata: mode=text_stats_avg, fusion=none, relation=metadata_query_gate
ℹ️ Metadata Fusion Mode: none
ℹ️ Channel Mixer Relation Mode: metadata_query_gate
ℹ️ Encoder Variant: default
ℹ️ Channel Relation Block: disabled
✅ Probing Head [Mixer, channel-wise]: [B*C, 1024] -> [B, 7, 336]
Epoch 1/20 | Steps: 1280 | LR: 0.000100 | Train Loss: 0.582230 | Val Loss: 0.494910 | Train Meta: Scaleμ:0.9450, Signal|S|μ:12.7662, Delta|S|μ:10.6983, Delta/Signal:83.80%, Gateμ:-0.3910, Gate0%:0.0, MetaNormμ:7.0934 | Val Meta: Scaleμ:0.9450, Signal|S|μ:10.8470, Delta|S|μ:9.0389, Delta/Signal:83.33%, Gateμ:-0.3910, Gate0%:0.0, MetaNormμ:7.0934
   -> Updated best validation state: val_loss=0.494910 at epoch 1
Epoch 2/20 | Steps: 1280 | LR: 0.000100 | Train Loss: 0.486246 | Val Loss: 0.477914 | Train Meta: Scaleμ:0.9450, Signal|S|μ:11.9701, Delta|S|μ:10.0354, Delta/Signal:83.84%, Gateμ:-0.3910, Gate0%:0.0, MetaNormμ:7.0934 | Val Meta: Scaleμ:0.9450, Signal|S|μ:10.8470, Delta|S|μ:9.0389, Delta/Signal:83.33%, Gateμ:-0.3910, Gate0%:0.0, MetaNormμ:7.0934
   -> Updated best validation state: val_loss=0.477914 at epoch 2
Epoch 3/20 | Steps: 1280 | LR: 0.000100 | Train Loss: 0.481701 | Val Loss: 0.463300 | Train Meta: Scaleμ:0.9450, Signal|S|μ:11.7439, Delta|S|μ:9.8300, Delta/Signal:83.70%, Gateμ:-0.3910, Gate0%:0.0, MetaNormμ:7.0934 | Val Meta: Scaleμ:0.9450, Signal|S|μ:10.8470, Delta|S|μ:9.0389, Delta/Signal:83.33%, Gateμ:-0.3910, Gate0%:0.0, MetaNormμ:7.0934
   -> Updated best validation state: val_loss=0.463300 at epoch 3
Epoch 4/20 | Steps: 1280 | LR: 0.000100 | Train Loss: 0.478926 | Val Loss: 0.463689 | Train Meta: Scaleμ:0.9450, Signal|S|μ:12.0746, Delta|S|μ:10.1390, Delta/Signal:83.97%, Gateμ:-0.3910, Gate0%:0.0, MetaNormμ:7.0934 | Val Meta: Scaleμ:0.9450, Signal|S|μ:10.8470, Delta|S|μ:9.0389, Delta/Signal:83.33%, Gateμ:-0.3910, Gate0%:0.0, MetaNormμ:7.0934
Epoch 5/20 | Steps: 1280 | LR: 0.000100 | Train Loss: 0.477415 | Val Loss: 0.490561 | Train Meta: Scaleμ:0.9450, Signal|S|μ:12.9540, Delta|S|μ:10.8784, Delta/Signal:83.98%, Gateμ:-0.3910, Gate0%:0.0, MetaNormμ:7.0934 | Val Meta: Scaleμ:0.9450, Signal|S|μ:10.8470, Delta|S|μ:9.0389, Delta/Signal:83.33%, Gateμ:-0.3910, Gate0%:0.0, MetaNormμ:7.0934
Epoch 6/20 | Steps: 1280 | LR: 0.000100 | Train Loss: 0.473459 | Val Loss: 0.454970 | Train Meta: Scaleμ:0.9450, Signal|S|μ:12.6936, Delta|S|μ:10.6422, Delta/Signal:83.84%, Gateμ:-0.3910, Gate0%:0.0, MetaNormμ:7.0934 | Val Meta: Scaleμ:0.9450, Signal|S|μ:10.8470, Delta|S|μ:9.0389, Delta/Signal:83.33%, Gateμ:-0.3910, Gate0%:0.0, MetaNormμ:7.0934
   -> Updated best validation state: val_loss=0.454970 at epoch 6
Epoch 7/20 | Steps: 1280 | LR: 0.000100 | Train Loss: 0.474376 | Val Loss: 0.455627 | Train Meta: Scaleμ:0.9450, Signal|S|μ:12.3683, Delta|S|μ:10.3787, Delta/Signal:83.91%, Gateμ:-0.3910, Gate0%:0.0, MetaNormμ:7.0934 | Val Meta: Scaleμ:0.9450, Signal|S|μ:10.8470, Delta|S|μ:9.0389, Delta/Signal:83.33%, Gateμ:-0.3910, Gate0%:0.0, MetaNormμ:7.0934
Epoch 8/20 | Steps: 1280 | LR: 0.000100 | Train Loss: 0.473499 | Val Loss: 0.454553 | Train Meta: Scaleμ:0.9450, Signal|S|μ:11.5198, Delta|S|μ:9.6582, Delta/Signal:83.84%, Gateμ:-0.3910, Gate0%:0.0, MetaNormμ:7.0934 | Val Meta: Scaleμ:0.9450, Signal|S|μ:10.8470, Delta|S|μ:9.0389, Delta/Signal:83.33%, Gateμ:-0.3910, Gate0%:0.0, MetaNormμ:7.0934
   -> Updated best validation state: val_loss=0.454553 at epoch 8
Epoch 9/20 | Steps: 1280 | LR: 0.000100 | Train Loss: 0.470142 | Val Loss: 0.449933 | Train Meta: Scaleμ:0.9450, Signal|S|μ:12.3648, Delta|S|μ:10.3881, Delta/Signal:84.01%, Gateμ:-0.3910, Gate0%:0.0, MetaNormμ:7.0934 | Val Meta: Scaleμ:0.9450, Signal|S|μ:10.8470, Delta|S|μ:9.0389, Delta/Signal:83.33%, Gateμ:-0.3910, Gate0%:0.0, MetaNormμ:7.0934
   -> Updated best validation state: val_loss=0.449933 at epoch 9
Epoch 10/20 | Steps: 1280 | LR: 0.000100 | Train Loss: 0.469654 | Val Loss: 0.475324 | Train Meta: Scaleμ:0.9450, Signal|S|μ:12.9683, Delta|S|μ:10.8883, Delta/Signal:83.96%, Gateμ:-0.3910, Gate0%:0.0, MetaNormμ:7.0934 | Val Meta: Scaleμ:0.9450, Signal|S|μ:10.8470, Delta|S|μ:9.0389, Delta/Signal:83.33%, Gateμ:-0.3910, Gate0%:0.0, MetaNormμ:7.0934
Epoch 11/20 | Steps: 1280 | LR: 0.000100 | Train Loss: 0.471145 | Val Loss: 0.453680 | Train Meta: Scaleμ:0.9450, Signal|S|μ:12.6335, Delta|S|μ:10.6285, Delta/Signal:84.13%, Gateμ:-0.3910, Gate0%:0.0, MetaNormμ:7.0934 | Val Meta: Scaleμ:0.9450, Signal|S|μ:10.8470, Delta|S|μ:9.0389, Delta/Signal:83.33%, Gateμ:-0.3910, Gate0%:0.0, MetaNormμ:7.0934
Epoch 12/20 | Steps: 1280 | LR: 0.000100 | Train Loss: 0.470788 | Val Loss: 0.450842 | Train Meta: Scaleμ:0.9450, Signal|S|μ:12.5065, Delta|S|μ:10.4713, Delta/Signal:83.73%, Gateμ:-0.3910, Gate0%:0.0, MetaNormμ:7.0934 | Val Meta: Scaleμ:0.9450, Signal|S|μ:10.8470, Delta|S|μ:9.0389, Delta/Signal:83.33%, Gateμ:-0.3910, Gate0%:0.0, MetaNormμ:7.0934
Epoch 13/20 | Steps: 1280 | LR: 0.000100 | Train Loss: 0.468494 | Val Loss: 0.495911 | Train Meta: Scaleμ:0.9450, Signal|S|μ:11.9990, Delta|S|μ:10.0783, Delta/Signal:83.99%, Gateμ:-0.3910, Gate0%:0.0, MetaNormμ:7.0934 | Val Meta: Scaleμ:0.9450, Signal|S|μ:10.8470, Delta|S|μ:9.0389, Delta/Signal:83.33%, Gateμ:-0.3910, Gate0%:0.0, MetaNormμ:7.0934
Epoch 14/20 | Steps: 1280 | LR: 0.000100 | Train Loss: 0.467549 | Val Loss: 0.453486 | Train Meta: Scaleμ:0.9450, Signal|S|μ:11.4053, Delta|S|μ:9.5637, Delta/Signal:83.85%, Gateμ:-0.3910, Gate0%:0.0, MetaNormμ:7.0934 | Val Meta: Scaleμ:0.9450, Signal|S|μ:10.8470, Delta|S|μ:9.0389, Delta/Signal:83.33%, Gateμ:-0.3910, Gate0%:0.0, MetaNormμ:7.0934
Epoch 15/20 | Steps: 1280 | LR: 0.000100 | Train Loss: 0.468925 | Val Loss: 0.453540 | Train Meta: Scaleμ:0.9450, Signal|S|μ:12.3593, Delta|S|μ:10.3750, Delta/Signal:83.95%, Gateμ:-0.3910, Gate0%:0.0, MetaNormμ:7.0934 | Val Meta: Scaleμ:0.9450, Signal|S|μ:10.8470, Delta|S|μ:9.0389, Delta/Signal:83.33%, Gateμ:-0.3910, Gate0%:0.0, MetaNormμ:7.0934
Epoch 16/20 | Steps: 1280 | LR: 0.000100 | Train Loss: 0.467626 | Val Loss: 0.453293 | Train Meta: Scaleμ:0.9450, Signal|S|μ:11.8689, Delta|S|μ:9.9449, Delta/Signal:83.79%, Gateμ:-0.3910, Gate0%:0.0, MetaNormμ:7.0934 | Val Meta: Scaleμ:0.9450, Signal|S|μ:10.8470, Delta|S|μ:9.0389, Delta/Signal:83.33%, Gateμ:-0.3910, Gate0%:0.0, MetaNormμ:7.0934
Epoch 17/20 | Steps: 1280 | LR: 0.000100 | Train Loss: 0.468230 | Val Loss: 0.450006 | Train Meta: Scaleμ:0.9450, Signal|S|μ:12.5956, Delta|S|μ:10.5517, Delta/Signal:83.77%, Gateμ:-0.3910, Gate0%:0.0, MetaNormμ:7.0934 | Val Meta: Scaleμ:0.9450, Signal|S|μ:10.8470, Delta|S|μ:9.0389, Delta/Signal:83.33%, Gateμ:-0.3910, Gate0%:0.0, MetaNormμ:7.0934
Epoch 18/20 | Steps: 1280 | LR: 0.000100 | Train Loss: 0.467005 | Val Loss: 0.456296 | Train Meta: Scaleμ:0.9450, Signal|S|μ:12.5954, Delta|S|μ:10.5633, Delta/Signal:83.87%, Gateμ:-0.3910, Gate0%:0.0, MetaNormμ:7.0934 | Val Meta: Scaleμ:0.9450, Signal|S|μ:10.8470, Delta|S|μ:9.0389, Delta/Signal:83.33%, Gateμ:-0.3910, Gate0%:0.0, MetaNormμ:7.0934
Epoch 19/20 | Steps: 1280 | LR: 0.000100 | Train Loss: 0.466621 | Val Loss: 0.471230 | Train Meta: Scaleμ:0.9450, Signal|S|μ:12.4537, Delta|S|μ:10.4247, Delta/Signal:83.71%, Gateμ:-0.3910, Gate0%:0.0, MetaNormμ:7.0934 | Val Meta: Scaleμ:0.9450, Signal|S|μ:10.8470, Delta|S|μ:9.0389, Delta/Signal:83.33%, Gateμ:-0.3910, Gate0%:0.0, MetaNormμ:7.0934
Epoch 20/20 | Steps: 1280 | LR: 0.000100 | Train Loss: 0.466601 | Val Loss: 0.447912 | Train Meta: Scaleμ:0.9450, Signal|S|μ:11.7709, Delta|S|μ:9.8548, Delta/Signal:83.72%, Gateμ:-0.3910, Gate0%:0.0, MetaNormμ:7.0934 | Val Meta: Scaleμ:0.9450, Signal|S|μ:10.8470, Delta|S|μ:9.0389, Delta/Signal:83.33%, Gateμ:-0.3910, Gate0%:0.0, MetaNormμ:7.0934
   -> Updated best validation state: val_loss=0.447912 at epoch 20
{'test_mse': 0.5748164057731628, 'test_mae': 0.55051189661026}
Saved best forecasting checkpoint under checkpoints/forecasting_ettm1_336/electricity_laya_metadata_query_gate_text_stats_avg_best.pt
Saved attention maps for 3 sample(s) under ./runs/forecasting_electricity_to_ETTm1_laya_metadata_query_gate_text_stats_avg/pred_336/attention_maps
Text metadata preview | dataset=ETTm1 | domain=ETTm1 | channels=7
   - HUFL: In the ETTm1 domain, this channel belongs to the ETTm1 dataset and represents the feature HUFL.
   - HULL: In the ETTm1 domain, this channel belongs to the ETTm1 dataset and represents the feature HULL.
   - ... (5 more channel descriptions)
Stats metadata preview | dataset=ETTm1 | domain=ETTm1 | channels=7
   - HUFL: Channel statistics over the training split: mean value is -0.000, standard deviation is 1.000, minimum value is -4.418, maximum value is 2.652, median value is 0.128, and mean absolute value is 0.698.
==================================================
🚀 Architecture: LAYA
📊 Target Dataset: ETTm1 (Channels: 7)
📊 Pretrain Info: electricity (Detected Channels: 7)
📊 Prediction Length: 720
==================================================
✅ Loaded pretrained encoder from ./checkpoints/electricity_laya_metadata_query_gate_text_stats_avg/laya_ts_electricity_s_best.pt
   - 74/74 keys matched.
ℹ️ Channel Adapter: disabled
📝 metadata: mode=text_stats_avg, fusion=none, relation=metadata_query_gate
ℹ️ Metadata Fusion Mode: none
ℹ️ Channel Mixer Relation Mode: metadata_query_gate
ℹ️ Encoder Variant: default
ℹ️ Channel Relation Block: disabled
✅ Probing Head [Mixer, channel-wise]: [B*C, 1024] -> [B, 7, 720]
Epoch 1/20 | Steps: 1268 | LR: 0.000100 | Train Loss: 0.664317 | Val Loss: 0.591813 | Train Meta: Scaleμ:0.9450, Signal|S|μ:12.4972, Delta|S|μ:10.4802, Delta/Signal:83.86%, Gateμ:-0.3910, Gate0%:0.0, MetaNormμ:7.0934 | Val Meta: Scaleμ:0.9450, Signal|S|μ:10.8470, Delta|S|μ:9.0389, Delta/Signal:83.33%, Gateμ:-0.3910, Gate0%:0.0, MetaNormμ:7.0934
   -> Updated best validation state: val_loss=0.591813 at epoch 1
Epoch 2/20 | Steps: 1268 | LR: 0.000100 | Train Loss: 0.557456 | Val Loss: 0.532112 | Train Meta: Scaleμ:0.9450, Signal|S|μ:11.5855, Delta|S|μ:9.7178, Delta/Signal:83.88%, Gateμ:-0.3910, Gate0%:0.0, MetaNormμ:7.0934 | Val Meta: Scaleμ:0.9450, Signal|S|μ:10.8470, Delta|S|μ:9.0389, Delta/Signal:83.33%, Gateμ:-0.3910, Gate0%:0.0, MetaNormμ:7.0934
   -> Updated best validation state: val_loss=0.532112 at epoch 2
Epoch 3/20 | Steps: 1268 | LR: 0.000100 | Train Loss: 0.553289 | Val Loss: 0.531279 | Train Meta: Scaleμ:0.9450, Signal|S|μ:12.3491, Delta|S|μ:10.3553, Delta/Signal:83.85%, Gateμ:-0.3910, Gate0%:0.0, MetaNormμ:7.0934 | Val Meta: Scaleμ:0.9450, Signal|S|μ:10.8470, Delta|S|μ:9.0389, Delta/Signal:83.33%, Gateμ:-0.3910, Gate0%:0.0, MetaNormμ:7.0934
   -> Updated best validation state: val_loss=0.531279 at epoch 3
Epoch 4/20 | Steps: 1268 | LR: 0.000100 | Train Loss: 0.549943 | Val Loss: 0.520156 | Train Meta: Scaleμ:0.9450, Signal|S|μ:12.3871, Delta|S|μ:10.3906, Delta/Signal:83.88%, Gateμ:-0.3910, Gate0%:0.0, MetaNormμ:7.0934 | Val Meta: Scaleμ:0.9450, Signal|S|μ:10.8470, Delta|S|μ:9.0389, Delta/Signal:83.33%, Gateμ:-0.3910, Gate0%:0.0, MetaNormμ:7.0934
   -> Updated best validation state: val_loss=0.520156 at epoch 4
Epoch 5/20 | Steps: 1268 | LR: 0.000100 | Train Loss: 0.549673 | Val Loss: 0.519542 | Train Meta: Scaleμ:0.9450, Signal|S|μ:11.9743, Delta|S|μ:10.0811, Delta/Signal:84.19%, Gateμ:-0.3910, Gate0%:0.0, MetaNormμ:7.0934 | Val Meta: Scaleμ:0.9450, Signal|S|μ:10.8470, Delta|S|μ:9.0389, Delta/Signal:83.33%, Gateμ:-0.3910, Gate0%:0.0, MetaNormμ:7.0934
   -> Updated best validation state: val_loss=0.519542 at epoch 5
Epoch 6/20 | Steps: 1268 | LR: 0.000100 | Train Loss: 0.547243 | Val Loss: 0.537423 | Train Meta: Scaleμ:0.9450, Signal|S|μ:12.4057, Delta|S|μ:10.4267, Delta/Signal:84.05%, Gateμ:-0.3910, Gate0%:0.0, MetaNormμ:7.0934 | Val Meta: Scaleμ:0.9450, Signal|S|μ:10.8470, Delta|S|μ:9.0389, Delta/Signal:83.33%, Gateμ:-0.3910, Gate0%:0.0, MetaNormμ:7.0934
Epoch 7/20 | Steps: 1268 | LR: 0.000100 | Train Loss: 0.546297 | Val Loss: 0.514509 | Train Meta: Scaleμ:0.9450, Signal|S|μ:12.5562, Delta|S|μ:10.5327, Delta/Signal:83.88%, Gateμ:-0.3910, Gate0%:0.0, MetaNormμ:7.0934 | Val Meta: Scaleμ:0.9450, Signal|S|μ:10.8470, Delta|S|μ:9.0389, Delta/Signal:83.33%, Gateμ:-0.3910, Gate0%:0.0, MetaNormμ:7.0934
   -> Updated best validation state: val_loss=0.514509 at epoch 7
Epoch 8/20 | Steps: 1268 | LR: 0.000100 | Train Loss: 0.544506 | Val Loss: 0.573336 | Train Meta: Scaleμ:0.9450, Signal|S|μ:12.1794, Delta|S|μ:10.2493, Delta/Signal:84.15%, Gateμ:-0.3910, Gate0%:0.0, MetaNormμ:7.0934 | Val Meta: Scaleμ:0.9450, Signal|S|μ:10.8470, Delta|S|μ:9.0389, Delta/Signal:83.33%, Gateμ:-0.3910, Gate0%:0.0, MetaNormμ:7.0934
Epoch 9/20 | Steps: 1268 | LR: 0.000100 | Train Loss: 0.543173 | Val Loss: 0.525813 | Train Meta: Scaleμ:0.9450, Signal|S|μ:11.8079, Delta|S|μ:9.8995, Delta/Signal:83.84%, Gateμ:-0.3910, Gate0%:0.0, MetaNormμ:7.0934 | Val Meta: Scaleμ:0.9450, Signal|S|μ:10.8470, Delta|S|μ:9.0389, Delta/Signal:83.33%, Gateμ:-0.3910, Gate0%:0.0, MetaNormμ:7.0934
Epoch 10/20 | Steps: 1268 | LR: 0.000100 | Train Loss: 0.543896 | Val Loss: 0.530603 | Train Meta: Scaleμ:0.9450, Signal|S|μ:12.4709, Delta|S|μ:10.4347, Delta/Signal:83.67%, Gateμ:-0.3910, Gate0%:0.0, MetaNormμ:7.0934 | Val Meta: Scaleμ:0.9450, Signal|S|μ:10.8470, Delta|S|μ:9.0389, Delta/Signal:83.33%, Gateμ:-0.3910, Gate0%:0.0, MetaNormμ:7.0934
Epoch 11/20 | Steps: 1268 | LR: 0.000100 | Train Loss: 0.541955 | Val Loss: 0.527905 | Train Meta: Scaleμ:0.9450, Signal|S|μ:12.7311, Delta|S|μ:10.6780, Delta/Signal:83.87%, Gateμ:-0.3910, Gate0%:0.0, MetaNormμ:7.0934 | Val Meta: Scaleμ:0.9450, Signal|S|μ:10.8470, Delta|S|μ:9.0389, Delta/Signal:83.33%, Gateμ:-0.3910, Gate0%:0.0, MetaNormμ:7.0934
Epoch 12/20 | Steps: 1268 | LR: 0.000100 | Train Loss: 0.542046 | Val Loss: 0.530719 | Train Meta: Scaleμ:0.9450, Signal|S|μ:13.0689, Delta|S|μ:10.9542, Delta/Signal:83.82%, Gateμ:-0.3910, Gate0%:0.0, MetaNormμ:7.0934 | Val Meta: Scaleμ:0.9450, Signal|S|μ:10.8470, Delta|S|μ:9.0389, Delta/Signal:83.33%, Gateμ:-0.3910, Gate0%:0.0, MetaNormμ:7.0934
Epoch 13/20 | Steps: 1268 | LR: 0.000100 | Train Loss: 0.541138 | Val Loss: 0.534179 | Train Meta: Scaleμ:0.9450, Signal|S|μ:12.0949, Delta|S|μ:10.1498, Delta/Signal:83.92%, Gateμ:-0.3910, Gate0%:0.0, MetaNormμ:7.0934 | Val Meta: Scaleμ:0.9450, Signal|S|μ:10.8470, Delta|S|μ:9.0389, Delta/Signal:83.33%, Gateμ:-0.3910, Gate0%:0.0, MetaNormμ:7.0934
Epoch 14/20 | Steps: 1268 | LR: 0.000100 | Train Loss: 0.542484 | Val Loss: 0.515415 | Train Meta: Scaleμ:0.9450, Signal|S|μ:12.0234, Delta|S|μ:10.0541, Delta/Signal:83.62%, Gateμ:-0.3910, Gate0%:0.0, MetaNormμ:7.0934 | Val Meta: Scaleμ:0.9450, Signal|S|μ:10.8470, Delta|S|μ:9.0389, Delta/Signal:83.33%, Gateμ:-0.3910, Gate0%:0.0, MetaNormμ:7.0934
Epoch 15/20 | Steps: 1268 | LR: 0.000100 | Train Loss: 0.540968 | Val Loss: 0.517476 | Train Meta: Scaleμ:0.9450, Signal|S|μ:13.1096, Delta|S|μ:10.9970, Delta/Signal:83.89%, Gateμ:-0.3910, Gate0%:0.0, MetaNormμ:7.0934 | Val Meta: Scaleμ:0.9450, Signal|S|μ:10.8470, Delta|S|μ:9.0389, Delta/Signal:83.33%, Gateμ:-0.3910, Gate0%:0.0, MetaNormμ:7.0934
Epoch 16/20 | Steps: 1268 | LR: 0.000100 | Train Loss: 0.539591 | Val Loss: 0.513053 | Train Meta: Scaleμ:0.9450, Signal|S|μ:12.1018, Delta|S|μ:10.1632, Delta/Signal:83.98%, Gateμ:-0.3910, Gate0%:0.0, MetaNormμ:7.0934 | Val Meta: Scaleμ:0.9450, Signal|S|μ:10.8470, Delta|S|μ:9.0389, Delta/Signal:83.33%, Gateμ:-0.3910, Gate0%:0.0, MetaNormμ:7.0934
   -> Updated best validation state: val_loss=0.513053 at epoch 16
Epoch 17/20 | Steps: 1268 | LR: 0.000100 | Train Loss: 0.540928 | Val Loss: 0.513216 | Train Meta: Scaleμ:0.9450, Signal|S|μ:11.8058, Delta|S|μ:9.9090, Delta/Signal:83.93%, Gateμ:-0.3910, Gate0%:0.0, MetaNormμ:7.0934 | Val Meta: Scaleμ:0.9450, Signal|S|μ:10.8470, Delta|S|μ:9.0389, Delta/Signal:83.33%, Gateμ:-0.3910, Gate0%:0.0, MetaNormμ:7.0934
Epoch 18/20 | Steps: 1268 | LR: 0.000100 | Train Loss: 0.540029 | Val Loss: 0.516487 | Train Meta: Scaleμ:0.9450, Signal|S|μ:10.9971, Delta|S|μ:9.1953, Delta/Signal:83.62%, Gateμ:-0.3910, Gate0%:0.0, MetaNormμ:7.0934 | Val Meta: Scaleμ:0.9450, Signal|S|μ:10.8470, Delta|S|μ:9.0389, Delta/Signal:83.33%, Gateμ:-0.3910, Gate0%:0.0, MetaNormμ:7.0934
Epoch 19/20 | Steps: 1268 | LR: 0.000100 | Train Loss: 0.539579 | Val Loss: 0.557781 | Train Meta: Scaleμ:0.9450, Signal|S|μ:12.0950, Delta|S|μ:10.1266, Delta/Signal:83.73%, Gateμ:-0.3910, Gate0%:0.0, MetaNormμ:7.0934 | Val Meta: Scaleμ:0.9450, Signal|S|μ:10.8470, Delta|S|μ:9.0389, Delta/Signal:83.33%, Gateμ:-0.3910, Gate0%:0.0, MetaNormμ:7.0934
Epoch 20/20 | Steps: 1268 | LR: 0.000100 | Train Loss: 0.539615 | Val Loss: 0.510431 | Train Meta: Scaleμ:0.9450, Signal|S|μ:11.8747, Delta|S|μ:9.9491, Delta/Signal:83.78%, Gateμ:-0.3910, Gate0%:0.0, MetaNormμ:7.0934 | Val Meta: Scaleμ:0.9450, Signal|S|μ:10.8470, Delta|S|μ:9.0389, Delta/Signal:83.33%, Gateμ:-0.3910, Gate0%:0.0, MetaNormμ:7.0934
   -> Updated best validation state: val_loss=0.510431 at epoch 20
{'test_mse': 0.5956873893737793, 'test_mae': 0.5621959567070007}
Saved best forecasting checkpoint under checkpoints/forecasting_ettm1_720/electricity_laya_metadata_query_gate_text_stats_avg_best.pt
Saved attention maps for 3 sample(s) under ./runs/forecasting_electricity_to_ETTm1_laya_metadata_query_gate_text_stats_avg/pred_720/attention_maps
Text metadata preview | dataset=ETTm2 | domain=ETTm2 | channels=7
   - HUFL: In the ETTm2 domain, this channel belongs to the ETTm2 dataset and represents the feature HUFL.
   - HULL: In the ETTm2 domain, this channel belongs to the ETTm2 dataset and represents the feature HULL.
   - ... (5 more channel descriptions)
Stats metadata preview | dataset=ETTm2 | domain=ETTm2 | channels=7
   - HUFL: Channel statistics over the training split: mean value is 0.000, standard deviation is 1.000, minimum value is -4.096, maximum value is 6.712, median value is 0.066, and mean absolute value is 0.721.
==================================================
🚀 Architecture: LAYA
📊 Target Dataset: ETTm2 (Channels: 7)
📊 Pretrain Info: electricity (Detected Channels: 7)
📊 Prediction Length: 96
==================================================
✅ Loaded pretrained encoder from ./checkpoints/electricity_laya_metadata_query_gate_text_stats_avg/laya_ts_electricity_s_best.pt
   - 74/74 keys matched.
ℹ️ Channel Adapter: disabled
📝 metadata: mode=text_stats_avg, fusion=none, relation=metadata_query_gate
ℹ️ Metadata Fusion Mode: none
ℹ️ Channel Mixer Relation Mode: metadata_query_gate
ℹ️ Encoder Variant: default
ℹ️ Channel Relation Block: disabled
✅ Probing Head [Mixer, channel-wise]: [B*C, 1024] -> [B, 7, 96]
Epoch 1/20 | Steps: 1287 | LR: 0.000100 | Train Loss: 0.523847 | Val Loss: 0.926650 | Train Meta: Scaleμ:0.9450, Signal|S|μ:12.9017, Delta|S|μ:10.4323, Delta/Signal:80.86%, Gateμ:-0.3788, Gate0%:0.0, MetaNormμ:7.7924 | Val Meta: Scaleμ:0.9450, Signal|S|μ:6.2538, Delta|S|μ:5.0933, Delta/Signal:81.44%, Gateμ:-0.3788, Gate0%:0.0, MetaNormμ:7.7924
   -> Updated best validation state: val_loss=0.926650 at epoch 1
Epoch 2/20 | Steps: 1287 | LR: 0.000100 | Train Loss: 0.411578 | Val Loss: 0.931827 | Train Meta: Scaleμ:0.9450, Signal|S|μ:13.3803, Delta|S|μ:10.8338, Delta/Signal:80.97%, Gateμ:-0.3788, Gate0%:0.0, MetaNormμ:7.7924 | Val Meta: Scaleμ:0.9450, Signal|S|μ:6.2538, Delta|S|μ:5.0933, Delta/Signal:81.44%, Gateμ:-0.3788, Gate0%:0.0, MetaNormμ:7.7924
Epoch 3/20 | Steps: 1287 | LR: 0.000100 | Train Loss: 0.407744 | Val Loss: 0.876711 | Train Meta: Scaleμ:0.9450, Signal|S|μ:10.5483, Delta|S|μ:8.5434, Delta/Signal:80.99%, Gateμ:-0.3788, Gate0%:0.0, MetaNormμ:7.7924 | Val Meta: Scaleμ:0.9450, Signal|S|μ:6.2538, Delta|S|μ:5.0933, Delta/Signal:81.44%, Gateμ:-0.3788, Gate0%:0.0, MetaNormμ:7.7924
   -> Updated best validation state: val_loss=0.876711 at epoch 3
Epoch 4/20 | Steps: 1287 | LR: 0.000100 | Train Loss: 0.405943 | Val Loss: 0.829535 | Train Meta: Scaleμ:0.9450, Signal|S|μ:13.1405, Delta|S|μ:10.6332, Delta/Signal:80.92%, Gateμ:-0.3788, Gate0%:0.0, MetaNormμ:7.7924 | Val Meta: Scaleμ:0.9450, Signal|S|μ:6.2538, Delta|S|μ:5.0933, Delta/Signal:81.44%, Gateμ:-0.3788, Gate0%:0.0, MetaNormμ:7.7924
   -> Updated best validation state: val_loss=0.829535 at epoch 4
Epoch 5/20 | Steps: 1287 | LR: 0.000100 | Train Loss: 0.405969 | Val Loss: 0.862662 | Train Meta: Scaleμ:0.9450, Signal|S|μ:12.5040, Delta|S|μ:10.1370, Delta/Signal:81.07%, Gateμ:-0.3788, Gate0%:0.0, MetaNormμ:7.7924 | Val Meta: Scaleμ:0.9450, Signal|S|μ:6.2538, Delta|S|μ:5.0933, Delta/Signal:81.44%, Gateμ:-0.3788, Gate0%:0.0, MetaNormμ:7.7924
Epoch 6/20 | Steps: 1287 | LR: 0.000100 | Train Loss: 0.403296 | Val Loss: 0.834191 | Train Meta: Scaleμ:0.9450, Signal|S|μ:11.1886, Delta|S|μ:9.0546, Delta/Signal:80.93%, Gateμ:-0.3788, Gate0%:0.0, MetaNormμ:7.7924 | Val Meta: Scaleμ:0.9450, Signal|S|μ:6.2538, Delta|S|μ:5.0933, Delta/Signal:81.44%, Gateμ:-0.3788, Gate0%:0.0, MetaNormμ:7.7924
Epoch 7/20 | Steps: 1287 | LR: 0.000100 | Train Loss: 0.403425 | Val Loss: 0.993031 | Train Meta: Scaleμ:0.9450, Signal|S|μ:13.4466, Delta|S|μ:10.9040, Delta/Signal:81.09%, Gateμ:-0.3788, Gate0%:0.0, MetaNormμ:7.7924 | Val Meta: Scaleμ:0.9450, Signal|S|μ:6.2538, Delta|S|μ:5.0933, Delta/Signal:81.44%, Gateμ:-0.3788, Gate0%:0.0, MetaNormμ:7.7924
Epoch 8/20 | Steps: 1287 | LR: 0.000100 | Train Loss: 0.402078 | Val Loss: 1.050370 | Train Meta: Scaleμ:0.9450, Signal|S|μ:10.9185, Delta|S|μ:8.8473, Delta/Signal:81.03%, Gateμ:-0.3788, Gate0%:0.0, MetaNormμ:7.7924 | Val Meta: Scaleμ:0.9450, Signal|S|μ:6.2538, Delta|S|μ:5.0933, Delta/Signal:81.44%, Gateμ:-0.3788, Gate0%:0.0, MetaNormμ:7.7924
Epoch 9/20 | Steps: 1287 | LR: 0.000100 | Train Loss: 0.400774 | Val Loss: 0.847117 | Train Meta: Scaleμ:0.9450, Signal|S|μ:12.7491, Delta|S|μ:10.3425, Delta/Signal:81.12%, Gateμ:-0.3788, Gate0%:0.0, MetaNormμ:7.7924 | Val Meta: Scaleμ:0.9450, Signal|S|μ:6.2538, Delta|S|μ:5.0933, Delta/Signal:81.44%, Gateμ:-0.3788, Gate0%:0.0, MetaNormμ:7.7924
Epoch 10/20 | Steps: 1287 | LR: 0.000100 | Train Loss: 0.398455 | Val Loss: 0.965480 | Train Meta: Scaleμ:0.9450, Signal|S|μ:12.0129, Delta|S|μ:9.7789, Delta/Signal:81.40%, Gateμ:-0.3788, Gate0%:0.0, MetaNormμ:7.7924 | Val Meta: Scaleμ:0.9450, Signal|S|μ:6.2538, Delta|S|μ:5.0933, Delta/Signal:81.44%, Gateμ:-0.3788, Gate0%:0.0, MetaNormμ:7.7924
Epoch 11/20 | Steps: 1287 | LR: 0.000100 | Train Loss: 0.399149 | Val Loss: 0.831069 | Train Meta: Scaleμ:0.9450, Signal|S|μ:11.6097, Delta|S|μ:9.4294, Delta/Signal:81.22%, Gateμ:-0.3788, Gate0%:0.0, MetaNormμ:7.7924 | Val Meta: Scaleμ:0.9450, Signal|S|μ:6.2538, Delta|S|μ:5.0933, Delta/Signal:81.44%, Gateμ:-0.3788, Gate0%:0.0, MetaNormμ:7.7924
Epoch 12/20 | Steps: 1287 | LR: 0.000100 | Train Loss: 0.397606 | Val Loss: 0.859225 | Train Meta: Scaleμ:0.9450, Signal|S|μ:10.4231, Delta|S|μ:8.4620, Delta/Signal:81.18%, Gateμ:-0.3788, Gate0%:0.0, MetaNormμ:7.7924 | Val Meta: Scaleμ:0.9450, Signal|S|μ:6.2538, Delta|S|μ:5.0933, Delta/Signal:81.44%, Gateμ:-0.3788, Gate0%:0.0, MetaNormμ:7.7924
Epoch 13/20 | Steps: 1287 | LR: 0.000100 | Train Loss: 0.397690 | Val Loss: 0.835263 | Train Meta: Scaleμ:0.9450, Signal|S|μ:11.6599, Delta|S|μ:9.4244, Delta/Signal:80.83%, Gateμ:-0.3788, Gate0%:0.0, MetaNormμ:7.7924 | Val Meta: Scaleμ:0.9450, Signal|S|μ:6.2538, Delta|S|μ:5.0933, Delta/Signal:81.44%, Gateμ:-0.3788, Gate0%:0.0, MetaNormμ:7.7924
Epoch 14/20 | Steps: 1287 | LR: 0.000100 | Train Loss: 0.397567 | Val Loss: 0.870762 | Train Meta: Scaleμ:0.9450, Signal|S|μ:11.0232, Delta|S|μ:8.9316, Delta/Signal:81.03%, Gateμ:-0.3788, Gate0%:0.0, MetaNormμ:7.7924 | Val Meta: Scaleμ:0.9450, Signal|S|μ:6.2538, Delta|S|μ:5.0933, Delta/Signal:81.44%, Gateμ:-0.3788, Gate0%:0.0, MetaNormμ:7.7924
Epoch 15/20 | Steps: 1287 | LR: 0.000100 | Train Loss: 0.398341 | Val Loss: 0.906172 | Train Meta: Scaleμ:0.9450, Signal|S|μ:12.2343, Delta|S|μ:9.9120, Delta/Signal:81.02%, Gateμ:-0.3788, Gate0%:0.0, MetaNormμ:7.7924 | Val Meta: Scaleμ:0.9450, Signal|S|μ:6.2538, Delta|S|μ:5.0933, Delta/Signal:81.44%, Gateμ:-0.3788, Gate0%:0.0, MetaNormμ:7.7924
Epoch 16/20 | Steps: 1287 | LR: 0.000100 | Train Loss: 0.395511 | Val Loss: 0.821769 | Train Meta: Scaleμ:0.9450, Signal|S|μ:14.5598, Delta|S|μ:11.8346, Delta/Signal:81.28%, Gateμ:-0.3788, Gate0%:0.0, MetaNormμ:7.7924 | Val Meta: Scaleμ:0.9450, Signal|S|μ:6.2538, Delta|S|μ:5.0933, Delta/Signal:81.44%, Gateμ:-0.3788, Gate0%:0.0, MetaNormμ:7.7924
   -> Updated best validation state: val_loss=0.821769 at epoch 16
Epoch 17/20 | Steps: 1287 | LR: 0.000100 | Train Loss: 0.396223 | Val Loss: 0.814070 | Train Meta: Scaleμ:0.9450, Signal|S|μ:10.9920, Delta|S|μ:8.9154, Delta/Signal:81.11%, Gateμ:-0.3788, Gate0%:0.0, MetaNormμ:7.7924 | Val Meta: Scaleμ:0.9450, Signal|S|μ:6.2538, Delta|S|μ:5.0933, Delta/Signal:81.44%, Gateμ:-0.3788, Gate0%:0.0, MetaNormμ:7.7924
   -> Updated best validation state: val_loss=0.814070 at epoch 17
Epoch 18/20 | Steps: 1287 | LR: 0.000100 | Train Loss: 0.397024 | Val Loss: 0.792063 | Train Meta: Scaleμ:0.9450, Signal|S|μ:13.8736, Delta|S|μ:11.2452, Delta/Signal:81.05%, Gateμ:-0.3788, Gate0%:0.0, MetaNormμ:7.7924 | Val Meta: Scaleμ:0.9450, Signal|S|μ:6.2538, Delta|S|μ:5.0933, Delta/Signal:81.44%, Gateμ:-0.3788, Gate0%:0.0, MetaNormμ:7.7924
   -> Updated best validation state: val_loss=0.792063 at epoch 18
Epoch 19/20 | Steps: 1287 | LR: 0.000100 | Train Loss: 0.396664 | Val Loss: 0.891234 | Train Meta: Scaleμ:0.9450, Signal|S|μ:11.1674, Delta|S|μ:9.0457, Delta/Signal:81.00%, Gateμ:-0.3788, Gate0%:0.0, MetaNormμ:7.7924 | Val Meta: Scaleμ:0.9450, Signal|S|μ:6.2538, Delta|S|μ:5.0933, Delta/Signal:81.44%, Gateμ:-0.3788, Gate0%:0.0, MetaNormμ:7.7924
Epoch 20/20 | Steps: 1287 | LR: 0.000100 | Train Loss: 0.396149 | Val Loss: 0.768202 | Train Meta: Scaleμ:0.9450, Signal|S|μ:12.5932, Delta|S|μ:10.1707, Delta/Signal:80.76%, Gateμ:-0.3788, Gate0%:0.0, MetaNormμ:7.7924 | Val Meta: Scaleμ:0.9450, Signal|S|μ:6.2538, Delta|S|μ:5.0933, Delta/Signal:81.44%, Gateμ:-0.3788, Gate0%:0.0, MetaNormμ:7.7924
   -> Updated best validation state: val_loss=0.768202 at epoch 20
{'test_mse': 0.5594581961631775, 'test_mae': 0.5567350387573242}
Saved best forecasting checkpoint under checkpoints/forecasting_ettm2_96/electricity_laya_metadata_query_gate_text_stats_avg_best.pt
Saved attention maps for 3 sample(s) under ./runs/forecasting_electricity_to_ETTm2_laya_metadata_query_gate_text_stats_avg/pred_96/attention_maps
Text metadata preview | dataset=ETTm2 | domain=ETTm2 | channels=7
   - HUFL: In the ETTm2 domain, this channel belongs to the ETTm2 dataset and represents the feature HUFL.
   - HULL: In the ETTm2 domain, this channel belongs to the ETTm2 dataset and represents the feature HULL.
   - ... (5 more channel descriptions)
Stats metadata preview | dataset=ETTm2 | domain=ETTm2 | channels=7
   - HUFL: Channel statistics over the training split: mean value is 0.000, standard deviation is 1.000, minimum value is -4.096, maximum value is 6.712, median value is 0.066, and mean absolute value is 0.721.
==================================================
🚀 Architecture: LAYA
📊 Target Dataset: ETTm2 (Channels: 7)
📊 Pretrain Info: electricity (Detected Channels: 7)
📊 Prediction Length: 192
==================================================
✅ Loaded pretrained encoder from ./checkpoints/electricity_laya_metadata_query_gate_text_stats_avg/laya_ts_electricity_s_best.pt
   - 74/74 keys matched.
ℹ️ Channel Adapter: disabled
📝 metadata: mode=text_stats_avg, fusion=none, relation=metadata_query_gate
ℹ️ Metadata Fusion Mode: none
ℹ️ Channel Mixer Relation Mode: metadata_query_gate
ℹ️ Encoder Variant: default
ℹ️ Channel Relation Block: disabled
✅ Probing Head [Mixer, channel-wise]: [B*C, 1024] -> [B, 7, 192]
Epoch 1/20 | Steps: 1284 | LR: 0.000100 | Train Loss: 0.556084 | Val Loss: 0.978178 | Train Meta: Scaleμ:0.9450, Signal|S|μ:10.7697, Delta|S|μ:8.7252, Delta/Signal:81.02%, Gateμ:-0.3788, Gate0%:0.0, MetaNormμ:7.7924 | Val Meta: Scaleμ:0.9450, Signal|S|μ:6.2538, Delta|S|μ:5.0933, Delta/Signal:81.44%, Gateμ:-0.3788, Gate0%:0.0, MetaNormμ:7.7924
   -> Updated best validation state: val_loss=0.978178 at epoch 1
Epoch 2/20 | Steps: 1284 | LR: 0.000100 | Train Loss: 0.461209 | Val Loss: 0.974751 | Train Meta: Scaleμ:0.9450, Signal|S|μ:11.2299, Delta|S|μ:9.1211, Delta/Signal:81.22%, Gateμ:-0.3788, Gate0%:0.0, MetaNormμ:7.7924 | Val Meta: Scaleμ:0.9450, Signal|S|μ:6.2538, Delta|S|μ:5.0933, Delta/Signal:81.44%, Gateμ:-0.3788, Gate0%:0.0, MetaNormμ:7.7924
   -> Updated best validation state: val_loss=0.974751 at epoch 2
Epoch 3/20 | Steps: 1284 | LR: 0.000100 | Train Loss: 0.460208 | Val Loss: 0.935405 | Train Meta: Scaleμ:0.9450, Signal|S|μ:13.6604, Delta|S|μ:11.0147, Delta/Signal:80.63%, Gateμ:-0.3788, Gate0%:0.0, MetaNormμ:7.7924 | Val Meta: Scaleμ:0.9450, Signal|S|μ:6.2538, Delta|S|μ:5.0933, Delta/Signal:81.44%, Gateμ:-0.3788, Gate0%:0.0, MetaNormμ:7.7924
   -> Updated best validation state: val_loss=0.935405 at epoch 3
Epoch 4/20 | Steps: 1284 | LR: 0.000100 | Train Loss: 0.457799 | Val Loss: 1.074667 | Train Meta: Scaleμ:0.9450, Signal|S|μ:11.5295, Delta|S|μ:9.3809, Delta/Signal:81.36%, Gateμ:-0.3788, Gate0%:0.0, MetaNormμ:7.7924 | Val Meta: Scaleμ:0.9450, Signal|S|μ:6.2538, Delta|S|μ:5.0933, Delta/Signal:81.44%, Gateμ:-0.3788, Gate0%:0.0, MetaNormμ:7.7924
Epoch 5/20 | Steps: 1284 | LR: 0.000100 | Train Loss: 0.454960 | Val Loss: 1.049304 | Train Meta: Scaleμ:0.9450, Signal|S|μ:11.6956, Delta|S|μ:9.4722, Delta/Signal:80.99%, Gateμ:-0.3788, Gate0%:0.0, MetaNormμ:7.7924 | Val Meta: Scaleμ:0.9450, Signal|S|μ:6.2538, Delta|S|μ:5.0933, Delta/Signal:81.44%, Gateμ:-0.3788, Gate0%:0.0, MetaNormμ:7.7924
Epoch 6/20 | Steps: 1284 | LR: 0.000100 | Train Loss: 0.454873 | Val Loss: 0.856603 | Train Meta: Scaleμ:0.9450, Signal|S|μ:12.1573, Delta|S|μ:9.8555, Delta/Signal:81.07%, Gateμ:-0.3788, Gate0%:0.0, MetaNormμ:7.7924 | Val Meta: Scaleμ:0.9450, Signal|S|μ:6.2538, Delta|S|μ:5.0933, Delta/Signal:81.44%, Gateμ:-0.3788, Gate0%:0.0, MetaNormμ:7.7924
   -> Updated best validation state: val_loss=0.856603 at epoch 6
Epoch 7/20 | Steps: 1284 | LR: 0.000100 | Train Loss: 0.451973 | Val Loss: 1.044470 | Train Meta: Scaleμ:0.9450, Signal|S|μ:11.3196, Delta|S|μ:9.1810, Delta/Signal:81.11%, Gateμ:-0.3788, Gate0%:0.0, MetaNormμ:7.7924 | Val Meta: Scaleμ:0.9450, Signal|S|μ:6.2538, Delta|S|μ:5.0933, Delta/Signal:81.44%, Gateμ:-0.3788, Gate0%:0.0, MetaNormμ:7.7924
Epoch 8/20 | Steps: 1284 | LR: 0.000100 | Train Loss: 0.450881 | Val Loss: 0.884130 | Train Meta: Scaleμ:0.9450, Signal|S|μ:11.4053, Delta|S|μ:9.2456, Delta/Signal:81.06%, Gateμ:-0.3788, Gate0%:0.0, MetaNormμ:7.7924 | Val Meta: Scaleμ:0.9450, Signal|S|μ:6.2538, Delta|S|μ:5.0933, Delta/Signal:81.44%, Gateμ:-0.3788, Gate0%:0.0, MetaNormμ:7.7924
Epoch 9/20 | Steps: 1284 | LR: 0.000100 | Train Loss: 0.450784 | Val Loss: 0.861281 | Train Meta: Scaleμ:0.9450, Signal|S|μ:10.9284, Delta|S|μ:8.8828, Delta/Signal:81.28%, Gateμ:-0.3788, Gate0%:0.0, MetaNormμ:7.7924 | Val Meta: Scaleμ:0.9450, Signal|S|μ:6.2538, Delta|S|μ:5.0933, Delta/Signal:81.44%, Gateμ:-0.3788, Gate0%:0.0, MetaNormμ:7.7924
Epoch 10/20 | Steps: 1284 | LR: 0.000100 | Train Loss: 0.451442 | Val Loss: 0.856563 | Train Meta: Scaleμ:0.9450, Signal|S|μ:12.2999, Delta|S|μ:9.9811, Delta/Signal:81.15%, Gateμ:-0.3788, Gate0%:0.0, MetaNormμ:7.7924 | Val Meta: Scaleμ:0.9450, Signal|S|μ:6.2538, Delta|S|μ:5.0933, Delta/Signal:81.44%, Gateμ:-0.3788, Gate0%:0.0, MetaNormμ:7.7924
   -> Updated best validation state: val_loss=0.856563 at epoch 10
Epoch 11/20 | Steps: 1284 | LR: 0.000100 | Train Loss: 0.449927 | Val Loss: 0.844529 | Train Meta: Scaleμ:0.9450, Signal|S|μ:12.2396, Delta|S|μ:9.9104, Delta/Signal:80.97%, Gateμ:-0.3788, Gate0%:0.0, MetaNormμ:7.7924 | Val Meta: Scaleμ:0.9450, Signal|S|μ:6.2538, Delta|S|μ:5.0933, Delta/Signal:81.44%, Gateμ:-0.3788, Gate0%:0.0, MetaNormμ:7.7924
   -> Updated best validation state: val_loss=0.844529 at epoch 11
Epoch 12/20 | Steps: 1284 | LR: 0.000100 | Train Loss: 0.450830 | Val Loss: 1.050153 | Train Meta: Scaleμ:0.9450, Signal|S|μ:12.8139, Delta|S|μ:10.4155, Delta/Signal:81.28%, Gateμ:-0.3788, Gate0%:0.0, MetaNormμ:7.7924 | Val Meta: Scaleμ:0.9450, Signal|S|μ:6.2538, Delta|S|μ:5.0933, Delta/Signal:81.44%, Gateμ:-0.3788, Gate0%:0.0, MetaNormμ:7.7924
Epoch 13/20 | Steps: 1284 | LR: 0.000100 | Train Loss: 0.448155 | Val Loss: 0.922185 | Train Meta: Scaleμ:0.9450, Signal|S|μ:13.7135, Delta|S|μ:11.1644, Delta/Signal:81.41%, Gateμ:-0.3788, Gate0%:0.0, MetaNormμ:7.7924 | Val Meta: Scaleμ:0.9450, Signal|S|μ:6.2538, Delta|S|μ:5.0933, Delta/Signal:81.44%, Gateμ:-0.3788, Gate0%:0.0, MetaNormμ:7.7924
Epoch 14/20 | Steps: 1284 | LR: 0.000100 | Train Loss: 0.448622 | Val Loss: 0.869496 | Train Meta: Scaleμ:0.9450, Signal|S|μ:10.8990, Delta|S|μ:8.8163, Delta/Signal:80.89%, Gateμ:-0.3788, Gate0%:0.0, MetaNormμ:7.7924 | Val Meta: Scaleμ:0.9450, Signal|S|μ:6.2538, Delta|S|μ:5.0933, Delta/Signal:81.44%, Gateμ:-0.3788, Gate0%:0.0, MetaNormμ:7.7924
Epoch 15/20 | Steps: 1284 | LR: 0.000100 | Train Loss: 0.447431 | Val Loss: 0.831526 | Train Meta: Scaleμ:0.9450, Signal|S|μ:10.8082, Delta|S|μ:8.7384, Delta/Signal:80.85%, Gateμ:-0.3788, Gate0%:0.0, MetaNormμ:7.7924 | Val Meta: Scaleμ:0.9450, Signal|S|μ:6.2538, Delta|S|μ:5.0933, Delta/Signal:81.44%, Gateμ:-0.3788, Gate0%:0.0, MetaNormμ:7.7924
   -> Updated best validation state: val_loss=0.831526 at epoch 15
Epoch 16/20 | Steps: 1284 | LR: 0.000100 | Train Loss: 0.448742 | Val Loss: 0.848611 | Train Meta: Scaleμ:0.9450, Signal|S|μ:12.0369, Delta|S|μ:9.7551, Delta/Signal:81.04%, Gateμ:-0.3788, Gate0%:0.0, MetaNormμ:7.7924 | Val Meta: Scaleμ:0.9450, Signal|S|μ:6.2538, Delta|S|μ:5.0933, Delta/Signal:81.44%, Gateμ:-0.3788, Gate0%:0.0, MetaNormμ:7.7924
Epoch 17/20 | Steps: 1284 | LR: 0.000100 | Train Loss: 0.448145 | Val Loss: 1.134264 | Train Meta: Scaleμ:0.9450, Signal|S|μ:12.4042, Delta|S|μ:10.0581, Delta/Signal:81.09%, Gateμ:-0.3788, Gate0%:0.0, MetaNormμ:7.7924 | Val Meta: Scaleμ:0.9450, Signal|S|μ:6.2538, Delta|S|μ:5.0933, Delta/Signal:81.44%, Gateμ:-0.3788, Gate0%:0.0, MetaNormμ:7.7924
Epoch 18/20 | Steps: 1284 | LR: 0.000100 | Train Loss: 0.447071 | Val Loss: 0.887129 | Train Meta: Scaleμ:0.9450, Signal|S|μ:13.6707, Delta|S|μ:11.0909, Delta/Signal:81.13%, Gateμ:-0.3788, Gate0%:0.0, MetaNormμ:7.7924 | Val Meta: Scaleμ:0.9450, Signal|S|μ:6.2538, Delta|S|μ:5.0933, Delta/Signal:81.44%, Gateμ:-0.3788, Gate0%:0.0, MetaNormμ:7.7924
Epoch 19/20 | Steps: 1284 | LR: 0.000100 | Train Loss: 0.446636 | Val Loss: 0.877466 | Train Meta: Scaleμ:0.9450, Signal|S|μ:10.7702, Delta|S|μ:8.7627, Delta/Signal:81.36%, Gateμ:-0.3788, Gate0%:0.0, MetaNormμ:7.7924 | Val Meta: Scaleμ:0.9450, Signal|S|μ:6.2538, Delta|S|μ:5.0933, Delta/Signal:81.44%, Gateμ:-0.3788, Gate0%:0.0, MetaNormμ:7.7924
Epoch 20/20 | Steps: 1284 | LR: 0.000100 | Train Loss: 0.447612 | Val Loss: 0.912671 | Train Meta: Scaleμ:0.9450, Signal|S|μ:10.1384, Delta|S|μ:8.2144, Delta/Signal:81.02%, Gateμ:-0.3788, Gate0%:0.0, MetaNormμ:7.7924 | Val Meta: Scaleμ:0.9450, Signal|S|μ:6.2538, Delta|S|μ:5.0933, Delta/Signal:81.44%, Gateμ:-0.3788, Gate0%:0.0, MetaNormμ:7.7924
{'test_mse': 0.5885013937950134, 'test_mae': 0.567798912525177}
Saved best forecasting checkpoint under checkpoints/forecasting_ettm2_192/electricity_laya_metadata_query_gate_text_stats_avg_best.pt
Saved attention maps for 3 sample(s) under ./runs/forecasting_electricity_to_ETTm2_laya_metadata_query_gate_text_stats_avg/pred_192/attention_maps
Text metadata preview | dataset=ETTm2 | domain=ETTm2 | channels=7
   - HUFL: In the ETTm2 domain, this channel belongs to the ETTm2 dataset and represents the feature HUFL.
   - HULL: In the ETTm2 domain, this channel belongs to the ETTm2 dataset and represents the feature HULL.
   - ... (5 more channel descriptions)
Stats metadata preview | dataset=ETTm2 | domain=ETTm2 | channels=7
   - HUFL: Channel statistics over the training split: mean value is 0.000, standard deviation is 1.000, minimum value is -4.096, maximum value is 6.712, median value is 0.066, and mean absolute value is 0.721.
==================================================
🚀 Architecture: LAYA
📊 Target Dataset: ETTm2 (Channels: 7)
📊 Pretrain Info: electricity (Detected Channels: 7)
📊 Prediction Length: 336
==================================================
✅ Loaded pretrained encoder from ./checkpoints/electricity_laya_metadata_query_gate_text_stats_avg/laya_ts_electricity_s_best.pt
   - 74/74 keys matched.
ℹ️ Channel Adapter: disabled
📝 metadata: mode=text_stats_avg, fusion=none, relation=metadata_query_gate
ℹ️ Metadata Fusion Mode: none
ℹ️ Channel Mixer Relation Mode: metadata_query_gate
ℹ️ Encoder Variant: default
ℹ️ Channel Relation Block: disabled
✅ Probing Head [Mixer, channel-wise]: [B*C, 1024] -> [B, 7, 336]
Epoch 1/20 | Steps: 1280 | LR: 0.000100 | Train Loss: 0.628648 | Val Loss: 0.986867 | Train Meta: Scaleμ:0.9450, Signal|S|μ:11.4085, Delta|S|μ:9.2565, Delta/Signal:81.14%, Gateμ:-0.3788, Gate0%:0.0, MetaNormμ:7.7924 | Val Meta: Scaleμ:0.9450, Signal|S|μ:6.2538, Delta|S|μ:5.0933, Delta/Signal:81.44%, Gateμ:-0.3788, Gate0%:0.0, MetaNormμ:7.7924
   -> Updated best validation state: val_loss=0.986867 at epoch 1
Epoch 2/20 | Steps: 1280 | LR: 0.000100 | Train Loss: 0.516478 | Val Loss: 0.970775 | Train Meta: Scaleμ:0.9450, Signal|S|μ:11.5652, Delta|S|μ:9.3909, Delta/Signal:81.20%, Gateμ:-0.3788, Gate0%:0.0, MetaNormμ:7.7924 | Val Meta: Scaleμ:0.9450, Signal|S|μ:6.2538, Delta|S|μ:5.0933, Delta/Signal:81.44%, Gateμ:-0.3788, Gate0%:0.0, MetaNormμ:7.7924
   -> Updated best validation state: val_loss=0.970775 at epoch 2
Epoch 3/20 | Steps: 1280 | LR: 0.000100 | Train Loss: 0.514777 | Val Loss: 0.986053 | Train Meta: Scaleμ:0.9450, Signal|S|μ:11.6013, Delta|S|μ:9.4153, Delta/Signal:81.16%, Gateμ:-0.3788, Gate0%:0.0, MetaNormμ:7.7924 | Val Meta: Scaleμ:0.9450, Signal|S|μ:6.2538, Delta|S|μ:5.0933, Delta/Signal:81.44%, Gateμ:-0.3788, Gate0%:0.0, MetaNormμ:7.7924
Epoch 4/20 | Steps: 1280 | LR: 0.000100 | Train Loss: 0.511899 | Val Loss: 1.172798 | Train Meta: Scaleμ:0.9450, Signal|S|μ:15.1146, Delta|S|μ:12.2619, Delta/Signal:81.13%, Gateμ:-0.3788, Gate0%:0.0, MetaNormμ:7.7924 | Val Meta: Scaleμ:0.9450, Signal|S|μ:6.2538, Delta|S|μ:5.0933, Delta/Signal:81.44%, Gateμ:-0.3788, Gate0%:0.0, MetaNormμ:7.7924
Epoch 5/20 | Steps: 1280 | LR: 0.000100 | Train Loss: 0.512113 | Val Loss: 0.973060 | Train Meta: Scaleμ:0.9450, Signal|S|μ:12.6610, Delta|S|μ:10.2832, Delta/Signal:81.22%, Gateμ:-0.3788, Gate0%:0.0, MetaNormμ:7.7924 | Val Meta: Scaleμ:0.9450, Signal|S|μ:6.2538, Delta|S|μ:5.0933, Delta/Signal:81.44%, Gateμ:-0.3788, Gate0%:0.0, MetaNormμ:7.7924
Epoch 6/20 | Steps: 1280 | LR: 0.000100 | Train Loss: 0.510619 | Val Loss: 1.182180 | Train Meta: Scaleμ:0.9450, Signal|S|μ:9.7310, Delta|S|μ:7.8751, Delta/Signal:80.93%, Gateμ:-0.3788, Gate0%:0.0, MetaNormμ:7.7924 | Val Meta: Scaleμ:0.9450, Signal|S|μ:6.2538, Delta|S|μ:5.0933, Delta/Signal:81.44%, Gateμ:-0.3788, Gate0%:0.0, MetaNormμ:7.7924
Epoch 7/20 | Steps: 1280 | LR: 0.000100 | Train Loss: 0.508521 | Val Loss: 0.949668 | Train Meta: Scaleμ:0.9450, Signal|S|μ:13.9056, Delta|S|μ:11.2684, Delta/Signal:81.03%, Gateμ:-0.3788, Gate0%:0.0, MetaNormμ:7.7924 | Val Meta: Scaleμ:0.9450, Signal|S|μ:6.2538, Delta|S|μ:5.0933, Delta/Signal:81.44%, Gateμ:-0.3788, Gate0%:0.0, MetaNormμ:7.7924
   -> Updated best validation state: val_loss=0.949668 at epoch 7
Epoch 8/20 | Steps: 1280 | LR: 0.000100 | Train Loss: 0.508284 | Val Loss: 1.119300 | Train Meta: Scaleμ:0.9450, Signal|S|μ:12.2187, Delta|S|μ:9.9183, Delta/Signal:81.17%, Gateμ:-0.3788, Gate0%:0.0, MetaNormμ:7.7924 | Val Meta: Scaleμ:0.9450, Signal|S|μ:6.2538, Delta|S|μ:5.0933, Delta/Signal:81.44%, Gateμ:-0.3788, Gate0%:0.0, MetaNormμ:7.7924
Epoch 9/20 | Steps: 1280 | LR: 0.000100 | Train Loss: 0.507978 | Val Loss: 0.924271 | Train Meta: Scaleμ:0.9450, Signal|S|μ:11.6952, Delta|S|μ:9.4923, Delta/Signal:81.16%, Gateμ:-0.3788, Gate0%:0.0, MetaNormμ:7.7924 | Val Meta: Scaleμ:0.9450, Signal|S|μ:6.2538, Delta|S|μ:5.0933, Delta/Signal:81.44%, Gateμ:-0.3788, Gate0%:0.0, MetaNormμ:7.7924
   -> Updated best validation state: val_loss=0.924271 at epoch 9
Epoch 10/20 | Steps: 1280 | LR: 0.000100 | Train Loss: 0.506080 | Val Loss: 0.844724 | Train Meta: Scaleμ:0.9450, Signal|S|μ:11.0602, Delta|S|μ:8.9854, Delta/Signal:81.24%, Gateμ:-0.3788, Gate0%:0.0, MetaNormμ:7.7924 | Val Meta: Scaleμ:0.9450, Signal|S|μ:6.2538, Delta|S|μ:5.0933, Delta/Signal:81.44%, Gateμ:-0.3788, Gate0%:0.0, MetaNormμ:7.7924
   -> Updated best validation state: val_loss=0.844724 at epoch 10
Epoch 11/20 | Steps: 1280 | LR: 0.000100 | Train Loss: 0.506618 | Val Loss: 0.885013 | Train Meta: Scaleμ:0.9450, Signal|S|μ:12.4975, Delta|S|μ:10.1407, Delta/Signal:81.14%, Gateμ:-0.3788, Gate0%:0.0, MetaNormμ:7.7924 | Val Meta: Scaleμ:0.9450, Signal|S|μ:6.2538, Delta|S|μ:5.0933, Delta/Signal:81.44%, Gateμ:-0.3788, Gate0%:0.0, MetaNormμ:7.7924
Epoch 12/20 | Steps: 1280 | LR: 0.000100 | Train Loss: 0.505478 | Val Loss: 0.967627 | Train Meta: Scaleμ:0.9450, Signal|S|μ:10.1375, Delta|S|μ:8.2036, Delta/Signal:80.92%, Gateμ:-0.3788, Gate0%:0.0, MetaNormμ:7.7924 | Val Meta: Scaleμ:0.9450, Signal|S|μ:6.2538, Delta|S|μ:5.0933, Delta/Signal:81.44%, Gateμ:-0.3788, Gate0%:0.0, MetaNormμ:7.7924
Epoch 13/20 | Steps: 1280 | LR: 0.000100 | Train Loss: 0.506227 | Val Loss: 1.050206 | Train Meta: Scaleμ:0.9450, Signal|S|μ:11.0086, Delta|S|μ:8.9268, Delta/Signal:81.09%, Gateμ:-0.3788, Gate0%:0.0, MetaNormμ:7.7924 | Val Meta: Scaleμ:0.9450, Signal|S|μ:6.2538, Delta|S|μ:5.0933, Delta/Signal:81.44%, Gateμ:-0.3788, Gate0%:0.0, MetaNormμ:7.7924
Epoch 14/20 | Steps: 1280 | LR: 0.000100 | Train Loss: 0.505925 | Val Loss: 0.851150 | Train Meta: Scaleμ:0.9450, Signal|S|μ:12.4523, Delta|S|μ:10.1174, Delta/Signal:81.25%, Gateμ:-0.3788, Gate0%:0.0, MetaNormμ:7.7924 | Val Meta: Scaleμ:0.9450, Signal|S|μ:6.2538, Delta|S|μ:5.0933, Delta/Signal:81.44%, Gateμ:-0.3788, Gate0%:0.0, MetaNormμ:7.7924
Epoch 15/20 | Steps: 1280 | LR: 0.000100 | Train Loss: 0.503676 | Val Loss: 0.872067 | Train Meta: Scaleμ:0.9450, Signal|S|μ:12.5716, Delta|S|μ:10.1993, Delta/Signal:81.13%, Gateμ:-0.3788, Gate0%:0.0, MetaNormμ:7.7924 | Val Meta: Scaleμ:0.9450, Signal|S|μ:6.2538, Delta|S|μ:5.0933, Delta/Signal:81.44%, Gateμ:-0.3788, Gate0%:0.0, MetaNormμ:7.7924
Epoch 16/20 | Steps: 1280 | LR: 0.000100 | Train Loss: 0.505192 | Val Loss: 0.906397 | Train Meta: Scaleμ:0.9450, Signal|S|μ:13.8277, Delta|S|μ:11.2192, Delta/Signal:81.14%, Gateμ:-0.3788, Gate0%:0.0, MetaNormμ:7.7924 | Val Meta: Scaleμ:0.9450, Signal|S|μ:6.2538, Delta|S|μ:5.0933, Delta/Signal:81.44%, Gateμ:-0.3788, Gate0%:0.0, MetaNormμ:7.7924
Epoch 17/20 | Steps: 1280 | LR: 0.000100 | Train Loss: 0.503738 | Val Loss: 0.912294 | Train Meta: Scaleμ:0.9450, Signal|S|μ:10.9294, Delta|S|μ:8.8348, Delta/Signal:80.84%, Gateμ:-0.3788, Gate0%:0.0, MetaNormμ:7.7924 | Val Meta: Scaleμ:0.9450, Signal|S|μ:6.2538, Delta|S|μ:5.0933, Delta/Signal:81.44%, Gateμ:-0.3788, Gate0%:0.0, MetaNormμ:7.7924
Epoch 18/20 | Steps: 1280 | LR: 0.000100 | Train Loss: 0.503717 | Val Loss: 1.077521 | Train Meta: Scaleμ:0.9450, Signal|S|μ:13.7521, Delta|S|μ:11.0894, Delta/Signal:80.64%, Gateμ:-0.3788, Gate0%:0.0, MetaNormμ:7.7924 | Val Meta: Scaleμ:0.9450, Signal|S|μ:6.2538, Delta|S|μ:5.0933, Delta/Signal:81.44%, Gateμ:-0.3788, Gate0%:0.0, MetaNormμ:7.7924
Epoch 19/20 | Steps: 1280 | LR: 0.000100 | Train Loss: 0.504491 | Val Loss: 1.031098 | Train Meta: Scaleμ:0.9450, Signal|S|μ:9.7230, Delta|S|μ:7.8599, Delta/Signal:80.84%, Gateμ:-0.3788, Gate0%:0.0, MetaNormμ:7.7924 | Val Meta: Scaleμ:0.9450, Signal|S|μ:6.2538, Delta|S|μ:5.0933, Delta/Signal:81.44%, Gateμ:-0.3788, Gate0%:0.0, MetaNormμ:7.7924
Epoch 20/20 | Steps: 1280 | LR: 0.000100 | Train Loss: 0.504539 | Val Loss: 1.049649 | Train Meta: Scaleμ:0.9450, Signal|S|μ:10.5914, Delta|S|μ:8.5706, Delta/Signal:80.92%, Gateμ:-0.3788, Gate0%:0.0, MetaNormμ:7.7924 | Val Meta: Scaleμ:0.9450, Signal|S|μ:6.2538, Delta|S|μ:5.0933, Delta/Signal:81.44%, Gateμ:-0.3788, Gate0%:0.0, MetaNormμ:7.7924
{'test_mse': 0.6231241822242737, 'test_mae': 0.5878222584724426}
Saved best forecasting checkpoint under checkpoints/forecasting_ettm2_336/electricity_laya_metadata_query_gate_text_stats_avg_best.pt
Saved attention maps for 3 sample(s) under ./runs/forecasting_electricity_to_ETTm2_laya_metadata_query_gate_text_stats_avg/pred_336/attention_maps
Text metadata preview | dataset=ETTm2 | domain=ETTm2 | channels=7
   - HUFL: In the ETTm2 domain, this channel belongs to the ETTm2 dataset and represents the feature HUFL.
   - HULL: In the ETTm2 domain, this channel belongs to the ETTm2 dataset and represents the feature HULL.
   - ... (5 more channel descriptions)
Stats metadata preview | dataset=ETTm2 | domain=ETTm2 | channels=7
   - HUFL: Channel statistics over the training split: mean value is 0.000, standard deviation is 1.000, minimum value is -4.096, maximum value is 6.712, median value is 0.066, and mean absolute value is 0.721.
==================================================
🚀 Architecture: LAYA
📊 Target Dataset: ETTm2 (Channels: 7)
📊 Pretrain Info: electricity (Detected Channels: 7)
📊 Prediction Length: 720
==================================================
✅ Loaded pretrained encoder from ./checkpoints/electricity_laya_metadata_query_gate_text_stats_avg/laya_ts_electricity_s_best.pt
   - 74/74 keys matched.
ℹ️ Channel Adapter: disabled
📝 metadata: mode=text_stats_avg, fusion=none, relation=metadata_query_gate
ℹ️ Metadata Fusion Mode: none
ℹ️ Channel Mixer Relation Mode: metadata_query_gate
ℹ️ Encoder Variant: default
ℹ️ Channel Relation Block: disabled
✅ Probing Head [Mixer, channel-wise]: [B*C, 1024] -> [B, 7, 720]
Epoch 1/20 | Steps: 1268 | LR: 0.000100 | Train Loss: 0.710473 | Val Loss: 1.207339 | Train Meta: Scaleμ:0.9450, Signal|S|μ:10.8985, Delta|S|μ:8.8373, Delta/Signal:81.09%, Gateμ:-0.3788, Gate0%:0.0, MetaNormμ:7.7924 | Val Meta: Scaleμ:0.9450, Signal|S|μ:6.2538, Delta|S|μ:5.0933, Delta/Signal:81.44%, Gateμ:-0.3788, Gate0%:0.0, MetaNormμ:7.7924
   -> Updated best validation state: val_loss=1.207339 at epoch 1
Epoch 2/20 | Steps: 1268 | LR: 0.000100 | Train Loss: 0.594783 | Val Loss: 1.103623 | Train Meta: Scaleμ:0.9450, Signal|S|μ:11.6976, Delta|S|μ:9.4926, Delta/Signal:81.15%, Gateμ:-0.3788, Gate0%:0.0, MetaNormμ:7.7924 | Val Meta: Scaleμ:0.9450, Signal|S|μ:6.2538, Delta|S|μ:5.0933, Delta/Signal:81.44%, Gateμ:-0.3788, Gate0%:0.0, MetaNormμ:7.7924
   -> Updated best validation state: val_loss=1.103623 at epoch 2
Epoch 3/20 | Steps: 1268 | LR: 0.000100 | Train Loss: 0.595128 | Val Loss: 0.932154 | Train Meta: Scaleμ:0.9450, Signal|S|μ:12.7639, Delta|S|μ:10.3401, Delta/Signal:81.01%, Gateμ:-0.3788, Gate0%:0.0, MetaNormμ:7.7924 | Val Meta: Scaleμ:0.9450, Signal|S|μ:6.2538, Delta|S|μ:5.0933, Delta/Signal:81.44%, Gateμ:-0.3788, Gate0%:0.0, MetaNormμ:7.7924
   -> Updated best validation state: val_loss=0.932154 at epoch 3
Epoch 4/20 | Steps: 1268 | LR: 0.000100 | Train Loss: 0.592482 | Val Loss: 1.123521 | Train Meta: Scaleμ:0.9450, Signal|S|μ:13.0369, Delta|S|μ:10.5724, Delta/Signal:81.10%, Gateμ:-0.3788, Gate0%:0.0, MetaNormμ:7.7924 | Val Meta: Scaleμ:0.9450, Signal|S|μ:6.2538, Delta|S|μ:5.0933, Delta/Signal:81.44%, Gateμ:-0.3788, Gate0%:0.0, MetaNormμ:7.7924
Epoch 5/20 | Steps: 1268 | LR: 0.000100 | Train Loss: 0.590357 | Val Loss: 0.984496 | Train Meta: Scaleμ:0.9450, Signal|S|μ:13.6712, Delta|S|μ:11.0980, Delta/Signal:81.18%, Gateμ:-0.3788, Gate0%:0.0, MetaNormμ:7.7924 | Val Meta: Scaleμ:0.9450, Signal|S|μ:6.2538, Delta|S|μ:5.0933, Delta/Signal:81.44%, Gateμ:-0.3788, Gate0%:0.0, MetaNormμ:7.7924
Epoch 6/20 | Steps: 1268 | LR: 0.000100 | Train Loss: 0.592190 | Val Loss: 1.362661 | Train Meta: Scaleμ:0.9450, Signal|S|μ:12.0832, Delta|S|μ:9.8234, Delta/Signal:81.30%, Gateμ:-0.3788, Gate0%:0.0, MetaNormμ:7.7924 | Val Meta: Scaleμ:0.9450, Signal|S|μ:6.2538, Delta|S|μ:5.0933, Delta/Signal:81.44%, Gateμ:-0.3788, Gate0%:0.0, MetaNormμ:7.7924
Epoch 7/20 | Steps: 1268 | LR: 0.000100 | Train Loss: 0.588986 | Val Loss: 0.955494 | Train Meta: Scaleμ:0.9450, Signal|S|μ:9.6269, Delta|S|μ:7.8115, Delta/Signal:81.14%, Gateμ:-0.3788, Gate0%:0.0, MetaNormμ:7.7924 | Val Meta: Scaleμ:0.9450, Signal|S|μ:6.2538, Delta|S|μ:5.0933, Delta/Signal:81.44%, Gateμ:-0.3788, Gate0%:0.0, MetaNormμ:7.7924
Epoch 8/20 | Steps: 1268 | LR: 0.000100 | Train Loss: 0.588087 | Val Loss: 1.025963 | Train Meta: Scaleμ:0.9450, Signal|S|μ:12.1550, Delta|S|μ:9.8530, Delta/Signal:81.06%, Gateμ:-0.3788, Gate0%:0.0, MetaNormμ:7.7924 | Val Meta: Scaleμ:0.9450, Signal|S|μ:6.2538, Delta|S|μ:5.0933, Delta/Signal:81.44%, Gateμ:-0.3788, Gate0%:0.0, MetaNormμ:7.7924
Epoch 9/20 | Steps: 1268 | LR: 0.000100 | Train Loss: 0.588677 | Val Loss: 0.920199 | Train Meta: Scaleμ:0.9450, Signal|S|μ:8.9334, Delta|S|μ:7.2425, Delta/Signal:81.07%, Gateμ:-0.3788, Gate0%:0.0, MetaNormμ:7.7924 | Val Meta: Scaleμ:0.9450, Signal|S|μ:6.2538, Delta|S|μ:5.0933, Delta/Signal:81.44%, Gateμ:-0.3788, Gate0%:0.0, MetaNormμ:7.7924
   -> Updated best validation state: val_loss=0.920199 at epoch 9
Epoch 10/20 | Steps: 1268 | LR: 0.000100 | Train Loss: 0.587712 | Val Loss: 1.039049 | Train Meta: Scaleμ:0.9450, Signal|S|μ:11.3741, Delta|S|μ:9.2168, Delta/Signal:81.03%, Gateμ:-0.3788, Gate0%:0.0, MetaNormμ:7.7924 | Val Meta: Scaleμ:0.9450, Signal|S|μ:6.2538, Delta|S|μ:5.0933, Delta/Signal:81.44%, Gateμ:-0.3788, Gate0%:0.0, MetaNormμ:7.7924
Epoch 11/20 | Steps: 1268 | LR: 0.000100 | Train Loss: 0.585758 | Val Loss: 1.045097 | Train Meta: Scaleμ:0.9450, Signal|S|μ:13.2242, Delta|S|μ:10.7219, Delta/Signal:81.08%, Gateμ:-0.3788, Gate0%:0.0, MetaNormμ:7.7924 | Val Meta: Scaleμ:0.9450, Signal|S|μ:6.2538, Delta|S|μ:5.0933, Delta/Signal:81.44%, Gateμ:-0.3788, Gate0%:0.0, MetaNormμ:7.7924
Epoch 12/20 | Steps: 1268 | LR: 0.000100 | Train Loss: 0.584881 | Val Loss: 1.151684 | Train Meta: Scaleμ:0.9450, Signal|S|μ:12.3219, Delta|S|μ:9.9726, Delta/Signal:80.93%, Gateμ:-0.3788, Gate0%:0.0, MetaNormμ:7.7924 | Val Meta: Scaleμ:0.9450, Signal|S|μ:6.2538, Delta|S|μ:5.0933, Delta/Signal:81.44%, Gateμ:-0.3788, Gate0%:0.0, MetaNormμ:7.7924
Epoch 13/20 | Steps: 1268 | LR: 0.000100 | Train Loss: 0.584337 | Val Loss: 0.954323 | Train Meta: Scaleμ:0.9450, Signal|S|μ:11.9578, Delta|S|μ:9.7026, Delta/Signal:81.14%, Gateμ:-0.3788, Gate0%:0.0, MetaNormμ:7.7924 | Val Meta: Scaleμ:0.9450, Signal|S|μ:6.2538, Delta|S|μ:5.0933, Delta/Signal:81.44%, Gateμ:-0.3788, Gate0%:0.0, MetaNormμ:7.7924
Epoch 14/20 | Steps: 1268 | LR: 0.000100 | Train Loss: 0.585848 | Val Loss: 1.113795 | Train Meta: Scaleμ:0.9450, Signal|S|μ:10.9257, Delta|S|μ:8.8653, Delta/Signal:81.14%, Gateμ:-0.3788, Gate0%:0.0, MetaNormμ:7.7924 | Val Meta: Scaleμ:0.9450, Signal|S|μ:6.2538, Delta|S|μ:5.0933, Delta/Signal:81.44%, Gateμ:-0.3788, Gate0%:0.0, MetaNormμ:7.7924
Epoch 15/20 | Steps: 1268 | LR: 0.000100 | Train Loss: 0.585125 | Val Loss: 1.148603 | Train Meta: Scaleμ:0.9450, Signal|S|μ:10.7388, Delta|S|μ:8.7144, Delta/Signal:81.15%, Gateμ:-0.3788, Gate0%:0.0, MetaNormμ:7.7924 | Val Meta: Scaleμ:0.9450, Signal|S|μ:6.2538, Delta|S|μ:5.0933, Delta/Signal:81.44%, Gateμ:-0.3788, Gate0%:0.0, MetaNormμ:7.7924
Epoch 16/20 | Steps: 1268 | LR: 0.000100 | Train Loss: 0.585425 | Val Loss: 1.221553 | Train Meta: Scaleμ:0.9450, Signal|S|μ:12.5580, Delta|S|μ:10.2071, Delta/Signal:81.28%, Gateμ:-0.3788, Gate0%:0.0, MetaNormμ:7.7924 | Val Meta: Scaleμ:0.9450, Signal|S|μ:6.2538, Delta|S|μ:5.0933, Delta/Signal:81.44%, Gateμ:-0.3788, Gate0%:0.0, MetaNormμ:7.7924
Epoch 17/20 | Steps: 1268 | LR: 0.000100 | Train Loss: 0.582961 | Val Loss: 1.007184 | Train Meta: Scaleμ:0.9450, Signal|S|μ:13.2025, Delta|S|μ:10.7111, Delta/Signal:81.13%, Gateμ:-0.3788, Gate0%:0.0, MetaNormμ:7.7924 | Val Meta: Scaleμ:0.9450, Signal|S|μ:6.2538, Delta|S|μ:5.0933, Delta/Signal:81.44%, Gateμ:-0.3788, Gate0%:0.0, MetaNormμ:7.7924
Epoch 18/20 | Steps: 1268 | LR: 0.000100 | Train Loss: 0.585442 | Val Loss: 1.007469 | Train Meta: Scaleμ:0.9450, Signal|S|μ:11.0467, Delta|S|μ:8.9679, Delta/Signal:81.18%, Gateμ:-0.3788, Gate0%:0.0, MetaNormμ:7.7924 | Val Meta: Scaleμ:0.9450, Signal|S|μ:6.2538, Delta|S|μ:5.0933, Delta/Signal:81.44%, Gateμ:-0.3788, Gate0%:0.0, MetaNormμ:7.7924
Epoch 19/20 | Steps: 1268 | LR: 0.000100 | Train Loss: 0.583209 | Val Loss: 1.254360 | Train Meta: Scaleμ:0.9450, Signal|S|μ:10.7943, Delta|S|μ:8.7107, Delta/Signal:80.70%, Gateμ:-0.3788, Gate0%:0.0, MetaNormμ:7.7924 | Val Meta: Scaleμ:0.9450, Signal|S|μ:6.2538, Delta|S|μ:5.0933, Delta/Signal:81.44%, Gateμ:-0.3788, Gate0%:0.0, MetaNormμ:7.7924
Epoch 20/20 | Steps: 1268 | LR: 0.000100 | Train Loss: 0.583500 | Val Loss: 1.151798 | Train Meta: Scaleμ:0.9450, Signal|S|μ:12.4534, Delta|S|μ:10.0985, Delta/Signal:81.09%, Gateμ:-0.3788, Gate0%:0.0, MetaNormμ:7.7924 | Val Meta: Scaleμ:0.9450, Signal|S|μ:6.2538, Delta|S|μ:5.0933, Delta/Signal:81.44%, Gateμ:-0.3788, Gate0%:0.0, MetaNormμ:7.7924
{'test_mse': 0.7015207409858704, 'test_mae': 0.6288285255432129}
Saved best forecasting checkpoint under checkpoints/forecasting_ettm2_720/electricity_laya_metadata_query_gate_text_stats_avg_best.pt
Saved attention maps for 3 sample(s) under ./runs/forecasting_electricity_to_ETTm2_laya_metadata_query_gate_text_stats_avg/pred_720/attention_maps
Text metadata preview | dataset=weather | domain=weather | channels=21
   - p (mbar): In the weather domain, this channel belongs to the weather dataset and represents the feature p (mbar).
   - T (degC): In the weather domain, this channel belongs to the weather dataset and represents the feature T (degC).
   - ... (19 more channel descriptions)
Stats metadata preview | dataset=weather | domain=weather | channels=21
   - p (mbar): Channel statistics over the training split: mean value is -0.000, standard deviation is 1.000, minimum value is -3.309, maximum value is 3.410, median value is 0.052, and mean absolute value is 0.768.
==================================================
🚀 Architecture: LAYA
📊 Target Dataset: weather (Channels: 21)
📊 Pretrain Info: electricity (Detected Channels: 21)
📊 Prediction Length: 96
==================================================
✅ Loaded pretrained encoder from ./checkpoints/electricity_laya_metadata_query_gate_text_stats_avg/laya_ts_electricity_s_best.pt
   - 74/74 keys matched.
ℹ️ Channel Adapter: disabled
📝 metadata: mode=text_stats_avg, fusion=none, relation=metadata_query_gate
ℹ️ Metadata Fusion Mode: none
ℹ️ Channel Mixer Relation Mode: metadata_query_gate
ℹ️ Encoder Variant: default
ℹ️ Channel Relation Block: disabled
✅ Probing Head [Mixer, channel-wise]: [B*C, 1024] -> [B, 21, 96]
Epoch 1/20 | Steps: 1133 | LR: 0.000100 | Train Loss: 1.015606 | Val Loss: 0.988018 | Train Meta: Scaleμ:0.9450, Signal|S|μ:12.4735, Delta|S|μ:10.1295, Delta/Signal:81.21%, Gateμ:-0.5456, Gate0%:0.0, MetaNormμ:7.0775 | Val Meta: Scaleμ:0.9450, Signal|S|μ:11.3647, Delta|S|μ:9.2472, Delta/Signal:81.37%, Gateμ:-0.5456, Gate0%:0.0, MetaNormμ:7.0775
   -> Updated best validation state: val_loss=0.988018 at epoch 1
Epoch 2/20 | Steps: 1133 | LR: 0.000100 | Train Loss: 0.759039 | Val Loss: 0.856748 | Train Meta: Scaleμ:0.9450, Signal|S|μ:12.0668, Delta|S|μ:9.7938, Delta/Signal:81.16%, Gateμ:-0.5456, Gate0%:0.0, MetaNormμ:7.0775 | Val Meta: Scaleμ:0.9450, Signal|S|μ:11.3647, Delta|S|μ:9.2472, Delta/Signal:81.37%, Gateμ:-0.5456, Gate0%:0.0, MetaNormμ:7.0775
   -> Updated best validation state: val_loss=0.856748 at epoch 2
Epoch 3/20 | Steps: 1133 | LR: 0.000100 | Train Loss: 0.735036 | Val Loss: 0.811996 | Train Meta: Scaleμ:0.9450, Signal|S|μ:12.1494, Delta|S|μ:9.8565, Delta/Signal:81.13%, Gateμ:-0.5456, Gate0%:0.0, MetaNormμ:7.0775 | Val Meta: Scaleμ:0.9450, Signal|S|μ:11.3647, Delta|S|μ:9.2472, Delta/Signal:81.37%, Gateμ:-0.5456, Gate0%:0.0, MetaNormμ:7.0775
   -> Updated best validation state: val_loss=0.811996 at epoch 3
Epoch 4/20 | Steps: 1133 | LR: 0.000100 | Train Loss: 0.722907 | Val Loss: 0.786502 | Train Meta: Scaleμ:0.9450, Signal|S|μ:12.8318, Delta|S|μ:10.4071, Delta/Signal:81.10%, Gateμ:-0.5456, Gate0%:0.0, MetaNormμ:7.0775 | Val Meta: Scaleμ:0.9450, Signal|S|μ:11.3647, Delta|S|μ:9.2472, Delta/Signal:81.37%, Gateμ:-0.5456, Gate0%:0.0, MetaNormμ:7.0775
   -> Updated best validation state: val_loss=0.786502 at epoch 4
Epoch 5/20 | Steps: 1133 | LR: 0.000100 | Train Loss: 0.716402 | Val Loss: 0.822800 | Train Meta: Scaleμ:0.9450, Signal|S|μ:12.6692, Delta|S|μ:10.2818, Delta/Signal:81.16%, Gateμ:-0.5456, Gate0%:0.0, MetaNormμ:7.0775 | Val Meta: Scaleμ:0.9450, Signal|S|μ:11.3647, Delta|S|μ:9.2472, Delta/Signal:81.37%, Gateμ:-0.5456, Gate0%:0.0, MetaNormμ:7.0775
Epoch 6/20 | Steps: 1133 | LR: 0.000100 | Train Loss: 0.711600 | Val Loss: 0.789645 | Train Meta: Scaleμ:0.9450, Signal|S|μ:12.9911, Delta|S|μ:10.5506, Delta/Signal:81.21%, Gateμ:-0.5456, Gate0%:0.0, MetaNormμ:7.0775 | Val Meta: Scaleμ:0.9450, Signal|S|μ:11.3647, Delta|S|μ:9.2472, Delta/Signal:81.37%, Gateμ:-0.5456, Gate0%:0.0, MetaNormμ:7.0775
Epoch 7/20 | Steps: 1133 | LR: 0.000100 | Train Loss: 0.709205 | Val Loss: 0.767995 | Train Meta: Scaleμ:0.9450, Signal|S|μ:13.2211, Delta|S|μ:10.7349, Delta/Signal:81.19%, Gateμ:-0.5456, Gate0%:0.0, MetaNormμ:7.0775 | Val Meta: Scaleμ:0.9450, Signal|S|μ:11.3647, Delta|S|μ:9.2472, Delta/Signal:81.37%, Gateμ:-0.5456, Gate0%:0.0, MetaNormμ:7.0775
   -> Updated best validation state: val_loss=0.767995 at epoch 7
Epoch 8/20 | Steps: 1133 | LR: 0.000100 | Train Loss: 0.706722 | Val Loss: 0.765507 | Train Meta: Scaleμ:0.9450, Signal|S|μ:12.7601, Delta|S|μ:10.3567, Delta/Signal:81.16%, Gateμ:-0.5456, Gate0%:0.0, MetaNormμ:7.0775 | Val Meta: Scaleμ:0.9450, Signal|S|μ:11.3647, Delta|S|μ:9.2472, Delta/Signal:81.37%, Gateμ:-0.5456, Gate0%:0.0, MetaNormμ:7.0775
   -> Updated best validation state: val_loss=0.765507 at epoch 8
Epoch 9/20 | Steps: 1133 | LR: 0.000100 | Train Loss: 0.704530 | Val Loss: 0.779655 | Train Meta: Scaleμ:0.9450, Signal|S|μ:12.6612, Delta|S|μ:10.2804, Delta/Signal:81.20%, Gateμ:-0.5456, Gate0%:0.0, MetaNormμ:7.0775 | Val Meta: Scaleμ:0.9450, Signal|S|μ:11.3647, Delta|S|μ:9.2472, Delta/Signal:81.37%, Gateμ:-0.5456, Gate0%:0.0, MetaNormμ:7.0775
Epoch 10/20 | Steps: 1133 | LR: 0.000100 | Train Loss: 0.703322 | Val Loss: 0.783671 | Train Meta: Scaleμ:0.9450, Signal|S|μ:11.5191, Delta|S|μ:9.3374, Delta/Signal:81.06%, Gateμ:-0.5456, Gate0%:0.0, MetaNormμ:7.0775 | Val Meta: Scaleμ:0.9450, Signal|S|μ:11.3647, Delta|S|μ:9.2472, Delta/Signal:81.37%, Gateμ:-0.5456, Gate0%:0.0, MetaNormμ:7.0775
Epoch 11/20 | Steps: 1133 | LR: 0.000100 | Train Loss: 0.702460 | Val Loss: 0.753009 | Train Meta: Scaleμ:0.9450, Signal|S|μ:11.7715, Delta|S|μ:9.5480, Delta/Signal:81.11%, Gateμ:-0.5456, Gate0%:0.0, MetaNormμ:7.0775 | Val Meta: Scaleμ:0.9450, Signal|S|μ:11.3647, Delta|S|μ:9.2472, Delta/Signal:81.37%, Gateμ:-0.5456, Gate0%:0.0, MetaNormμ:7.0775
   -> Updated best validation state: val_loss=0.753009 at epoch 11
Epoch 12/20 | Steps: 1133 | LR: 0.000100 | Train Loss: 0.702010 | Val Loss: 0.761948 | Train Meta: Scaleμ:0.9450, Signal|S|μ:12.0741, Delta|S|μ:9.7908, Delta/Signal:81.09%, Gateμ:-0.5456, Gate0%:0.0, MetaNormμ:7.0775 | Val Meta: Scaleμ:0.9450, Signal|S|μ:11.3647, Delta|S|μ:9.2472, Delta/Signal:81.37%, Gateμ:-0.5456, Gate0%:0.0, MetaNormμ:7.0775
Epoch 13/20 | Steps: 1133 | LR: 0.000100 | Train Loss: 0.701169 | Val Loss: 0.771576 | Train Meta: Scaleμ:0.9450, Signal|S|μ:11.7150, Delta|S|μ:9.5082, Delta/Signal:81.16%, Gateμ:-0.5456, Gate0%:0.0, MetaNormμ:7.0775 | Val Meta: Scaleμ:0.9450, Signal|S|μ:11.3647, Delta|S|μ:9.2472, Delta/Signal:81.37%, Gateμ:-0.5456, Gate0%:0.0, MetaNormμ:7.0775
Epoch 14/20 | Steps: 1133 | LR: 0.000100 | Train Loss: 0.700353 | Val Loss: 0.765012 | Train Meta: Scaleμ:0.9450, Signal|S|μ:12.2779, Delta|S|μ:9.9697, Delta/Signal:81.20%, Gateμ:-0.5456, Gate0%:0.0, MetaNormμ:7.0775 | Val Meta: Scaleμ:0.9450, Signal|S|μ:11.3647, Delta|S|μ:9.2472, Delta/Signal:81.37%, Gateμ:-0.5456, Gate0%:0.0, MetaNormμ:7.0775
Epoch 15/20 | Steps: 1133 | LR: 0.000100 | Train Loss: 0.700551 | Val Loss: 0.805906 | Train Meta: Scaleμ:0.9450, Signal|S|μ:12.0389, Delta|S|μ:9.7650, Delta/Signal:81.11%, Gateμ:-0.5456, Gate0%:0.0, MetaNormμ:7.0775 | Val Meta: Scaleμ:0.9450, Signal|S|μ:11.3647, Delta|S|μ:9.2472, Delta/Signal:81.37%, Gateμ:-0.5456, Gate0%:0.0, MetaNormμ:7.0775
Epoch 16/20 | Steps: 1133 | LR: 0.000100 | Train Loss: 0.699750 | Val Loss: 0.758324 | Train Meta: Scaleμ:0.9450, Signal|S|μ:12.2295, Delta|S|μ:9.9228, Delta/Signal:81.14%, Gateμ:-0.5456, Gate0%:0.0, MetaNormμ:7.0775 | Val Meta: Scaleμ:0.9450, Signal|S|μ:11.3647, Delta|S|μ:9.2472, Delta/Signal:81.37%, Gateμ:-0.5456, Gate0%:0.0, MetaNormμ:7.0775
Epoch 17/20 | Steps: 1133 | LR: 0.000100 | Train Loss: 0.698711 | Val Loss: 0.764810 | Train Meta: Scaleμ:0.9450, Signal|S|μ:12.1213, Delta|S|μ:9.8393, Delta/Signal:81.17%, Gateμ:-0.5456, Gate0%:0.0, MetaNormμ:7.0775 | Val Meta: Scaleμ:0.9450, Signal|S|μ:11.3647, Delta|S|μ:9.2472, Delta/Signal:81.37%, Gateμ:-0.5456, Gate0%:0.0, MetaNormμ:7.0775
Epoch 18/20 | Steps: 1133 | LR: 0.000100 | Train Loss: 0.699311 | Val Loss: 0.772890 | Train Meta: Scaleμ:0.9450, Signal|S|μ:12.4747, Delta|S|μ:10.1196, Delta/Signal:81.12%, Gateμ:-0.5456, Gate0%:0.0, MetaNormμ:7.0775 | Val Meta: Scaleμ:0.9450, Signal|S|μ:11.3647, Delta|S|μ:9.2472, Delta/Signal:81.37%, Gateμ:-0.5456, Gate0%:0.0, MetaNormμ:7.0775
Epoch 19/20 | Steps: 1133 | LR: 0.000100 | Train Loss: 0.698500 | Val Loss: 0.755121 | Train Meta: Scaleμ:0.9450, Signal|S|μ:11.9003, Delta|S|μ:9.6533, Delta/Signal:81.12%, Gateμ:-0.5456, Gate0%:0.0, MetaNormμ:7.0775 | Val Meta: Scaleμ:0.9450, Signal|S|μ:11.3647, Delta|S|μ:9.2472, Delta/Signal:81.37%, Gateμ:-0.5456, Gate0%:0.0, MetaNormμ:7.0775
Epoch 20/20 | Steps: 1133 | LR: 0.000100 | Train Loss: 0.698631 | Val Loss: 0.794338 | Train Meta: Scaleμ:0.9450, Signal|S|μ:12.2510, Delta|S|μ:9.9361, Delta/Signal:81.10%, Gateμ:-0.5456, Gate0%:0.0, MetaNormμ:7.0775 | Val Meta: Scaleμ:0.9450, Signal|S|μ:11.3647, Delta|S|μ:9.2472, Delta/Signal:81.37%, Gateμ:-0.5456, Gate0%:0.0, MetaNormμ:7.0775
./run_forecasting.py:284: UserWarning: Tight layout not applied. The bottom and top margins cannot be made large enough to accommodate all axes decorations.
  plt.tight_layout()
./run_forecasting.py:296: UserWarning: Tight layout not applied. The bottom and top margins cannot be made large enough to accommodate all axes decorations.
  plt.tight_layout()
{'test_mse': 0.4760603904724121, 'test_mae': 0.5339885950088501}
Saved best forecasting checkpoint under checkpoints/forecasting_weather_96/electricity_laya_metadata_query_gate_text_stats_avg_best.pt
Saved attention maps for 3 sample(s) under ./runs/forecasting_electricity_to_weather_laya_metadata_query_gate_text_stats_avg/pred_96/attention_maps
Text metadata preview | dataset=weather | domain=weather | channels=21
   - p (mbar): In the weather domain, this channel belongs to the weather dataset and represents the feature p (mbar).
   - T (degC): In the weather domain, this channel belongs to the weather dataset and represents the feature T (degC).
   - ... (19 more channel descriptions)
Stats metadata preview | dataset=weather | domain=weather | channels=21
   - p (mbar): Channel statistics over the training split: mean value is -0.000, standard deviation is 1.000, minimum value is -3.309, maximum value is 3.410, median value is 0.052, and mean absolute value is 0.768.
==================================================
🚀 Architecture: LAYA
📊 Target Dataset: weather (Channels: 21)
📊 Pretrain Info: electricity (Detected Channels: 21)
📊 Prediction Length: 192
==================================================
✅ Loaded pretrained encoder from ./checkpoints/electricity_laya_metadata_query_gate_text_stats_avg/laya_ts_electricity_s_best.pt
   - 74/74 keys matched.
ℹ️ Channel Adapter: disabled
📝 metadata: mode=text_stats_avg, fusion=none, relation=metadata_query_gate
ℹ️ Metadata Fusion Mode: none
ℹ️ Channel Mixer Relation Mode: metadata_query_gate
ℹ️ Encoder Variant: default
ℹ️ Channel Relation Block: disabled
✅ Probing Head [Mixer, channel-wise]: [B*C, 1024] -> [B, 21, 192]
Epoch 1/20 | Steps: 1130 | LR: 0.000100 | Train Loss: 1.046909 | Val Loss: 1.030011 | Train Meta: Scaleμ:0.9450, Signal|S|μ:11.7514, Delta|S|μ:9.5368, Delta/Signal:81.15%, Gateμ:-0.5456, Gate0%:0.0, MetaNormμ:7.0775 | Val Meta: Scaleμ:0.9450, Signal|S|μ:11.3647, Delta|S|μ:9.2472, Delta/Signal:81.37%, Gateμ:-0.5456, Gate0%:0.0, MetaNormμ:7.0775
   -> Updated best validation state: val_loss=1.030011 at epoch 1
Epoch 2/20 | Steps: 1130 | LR: 0.000100 | Train Loss: 0.790708 | Val Loss: 0.883813 | Train Meta: Scaleμ:0.9450, Signal|S|μ:13.0015, Delta|S|μ:10.5481, Delta/Signal:81.13%, Gateμ:-0.5456, Gate0%:0.0, MetaNormμ:7.0775 | Val Meta: Scaleμ:0.9450, Signal|S|μ:11.3647, Delta|S|μ:9.2472, Delta/Signal:81.37%, Gateμ:-0.5456, Gate0%:0.0, MetaNormμ:7.0775
   -> Updated best validation state: val_loss=0.883813 at epoch 2
Epoch 3/20 | Steps: 1130 | LR: 0.000100 | Train Loss: 0.766824 | Val Loss: 0.842009 | Train Meta: Scaleμ:0.9450, Signal|S|μ:12.4561, Delta|S|μ:10.1061, Delta/Signal:81.13%, Gateμ:-0.5456, Gate0%:0.0, MetaNormμ:7.0775 | Val Meta: Scaleμ:0.9450, Signal|S|μ:11.3647, Delta|S|μ:9.2472, Delta/Signal:81.37%, Gateμ:-0.5456, Gate0%:0.0, MetaNormμ:7.0775
   -> Updated best validation state: val_loss=0.842009 at epoch 3
Epoch 4/20 | Steps: 1130 | LR: 0.000100 | Train Loss: 0.754639 | Val Loss: 0.861119 | Train Meta: Scaleμ:0.9450, Signal|S|μ:11.8026, Delta|S|μ:9.5799, Delta/Signal:81.17%, Gateμ:-0.5456, Gate0%:0.0, MetaNormμ:7.0775 | Val Meta: Scaleμ:0.9450, Signal|S|μ:11.3647, Delta|S|μ:9.2472, Delta/Signal:81.37%, Gateμ:-0.5456, Gate0%:0.0, MetaNormμ:7.0775
Epoch 5/20 | Steps: 1130 | LR: 0.000100 | Train Loss: 0.747523 | Val Loss: 0.804734 | Train Meta: Scaleμ:0.9450, Signal|S|μ:12.1268, Delta|S|μ:9.8465, Delta/Signal:81.20%, Gateμ:-0.5456, Gate0%:0.0, MetaNormμ:7.0775 | Val Meta: Scaleμ:0.9450, Signal|S|μ:11.3647, Delta|S|μ:9.2472, Delta/Signal:81.37%, Gateμ:-0.5456, Gate0%:0.0, MetaNormμ:7.0775
   -> Updated best validation state: val_loss=0.804734 at epoch 5
Epoch 6/20 | Steps: 1130 | LR: 0.000100 | Train Loss: 0.743381 | Val Loss: 0.800033 | Train Meta: Scaleμ:0.9450, Signal|S|μ:12.1411, Delta|S|μ:9.8490, Delta/Signal:81.12%, Gateμ:-0.5456, Gate0%:0.0, MetaNormμ:7.0775 | Val Meta: Scaleμ:0.9450, Signal|S|μ:11.3647, Delta|S|μ:9.2472, Delta/Signal:81.37%, Gateμ:-0.5456, Gate0%:0.0, MetaNormμ:7.0775
   -> Updated best validation state: val_loss=0.800033 at epoch 6
Epoch 7/20 | Steps: 1130 | LR: 0.000100 | Train Loss: 0.740108 | Val Loss: 0.817791 | Train Meta: Scaleμ:0.9450, Signal|S|μ:12.9015, Delta|S|μ:10.4714, Delta/Signal:81.16%, Gateμ:-0.5456, Gate0%:0.0, MetaNormμ:7.0775 | Val Meta: Scaleμ:0.9450, Signal|S|μ:11.3647, Delta|S|μ:9.2472, Delta/Signal:81.37%, Gateμ:-0.5456, Gate0%:0.0, MetaNormμ:7.0775
Epoch 8/20 | Steps: 1130 | LR: 0.000100 | Train Loss: 0.737656 | Val Loss: 0.839865 | Train Meta: Scaleμ:0.9450, Signal|S|μ:11.8888, Delta|S|μ:9.6426, Delta/Signal:81.11%, Gateμ:-0.5456, Gate0%:0.0, MetaNormμ:7.0775 | Val Meta: Scaleμ:0.9450, Signal|S|μ:11.3647, Delta|S|μ:9.2472, Delta/Signal:81.37%, Gateμ:-0.5456, Gate0%:0.0, MetaNormμ:7.0775
Epoch 9/20 | Steps: 1130 | LR: 0.000100 | Train Loss: 0.736492 | Val Loss: 0.798016 | Train Meta: Scaleμ:0.9450, Signal|S|μ:12.0065, Delta|S|μ:9.7450, Delta/Signal:81.16%, Gateμ:-0.5456, Gate0%:0.0, MetaNormμ:7.0775 | Val Meta: Scaleμ:0.9450, Signal|S|μ:11.3647, Delta|S|μ:9.2472, Delta/Signal:81.37%, Gateμ:-0.5456, Gate0%:0.0, MetaNormμ:7.0775
   -> Updated best validation state: val_loss=0.798016 at epoch 9
Epoch 10/20 | Steps: 1130 | LR: 0.000100 | Train Loss: 0.734914 | Val Loss: 0.839178 | Train Meta: Scaleμ:0.9450, Signal|S|μ:12.2918, Delta|S|μ:9.9722, Delta/Signal:81.13%, Gateμ:-0.5456, Gate0%:0.0, MetaNormμ:7.0775 | Val Meta: Scaleμ:0.9450, Signal|S|μ:11.3647, Delta|S|μ:9.2472, Delta/Signal:81.37%, Gateμ:-0.5456, Gate0%:0.0, MetaNormμ:7.0775
Epoch 11/20 | Steps: 1130 | LR: 0.000100 | Train Loss: 0.733928 | Val Loss: 0.770486 | Train Meta: Scaleμ:0.9450, Signal|S|μ:11.9946, Delta|S|μ:9.7250, Delta/Signal:81.08%, Gateμ:-0.5456, Gate0%:0.0, MetaNormμ:7.0775 | Val Meta: Scaleμ:0.9450, Signal|S|μ:11.3647, Delta|S|μ:9.2472, Delta/Signal:81.37%, Gateμ:-0.5456, Gate0%:0.0, MetaNormμ:7.0775
   -> Updated best validation state: val_loss=0.770486 at epoch 11
Epoch 12/20 | Steps: 1130 | LR: 0.000100 | Train Loss: 0.733282 | Val Loss: 0.798245 | Train Meta: Scaleμ:0.9450, Signal|S|μ:12.0176, Delta|S|μ:9.7480, Delta/Signal:81.11%, Gateμ:-0.5456, Gate0%:0.0, MetaNormμ:7.0775 | Val Meta: Scaleμ:0.9450, Signal|S|μ:11.3647, Delta|S|μ:9.2472, Delta/Signal:81.37%, Gateμ:-0.5456, Gate0%:0.0, MetaNormμ:7.0775
Epoch 13/20 | Steps: 1130 | LR: 0.000100 | Train Loss: 0.732549 | Val Loss: 0.825476 | Train Meta: Scaleμ:0.9450, Signal|S|μ:12.4234, Delta|S|μ:10.0889, Delta/Signal:81.21%, Gateμ:-0.5456, Gate0%:0.0, MetaNormμ:7.0775 | Val Meta: Scaleμ:0.9450, Signal|S|μ:11.3647, Delta|S|μ:9.2472, Delta/Signal:81.37%, Gateμ:-0.5456, Gate0%:0.0, MetaNormμ:7.0775
Epoch 14/20 | Steps: 1130 | LR: 0.000100 | Train Loss: 0.731685 | Val Loss: 0.792676 | Train Meta: Scaleμ:0.9450, Signal|S|μ:12.2008, Delta|S|μ:9.8967, Delta/Signal:81.12%, Gateμ:-0.5456, Gate0%:0.0, MetaNormμ:7.0775 | Val Meta: Scaleμ:0.9450, Signal|S|μ:11.3647, Delta|S|μ:9.2472, Delta/Signal:81.37%, Gateμ:-0.5456, Gate0%:0.0, MetaNormμ:7.0775
Epoch 15/20 | Steps: 1130 | LR: 0.000100 | Train Loss: 0.731544 | Val Loss: 0.811010 | Train Meta: Scaleμ:0.9450, Signal|S|μ:12.2370, Delta|S|μ:9.9290, Delta/Signal:81.14%, Gateμ:-0.5456, Gate0%:0.0, MetaNormμ:7.0775 | Val Meta: Scaleμ:0.9450, Signal|S|μ:11.3647, Delta|S|μ:9.2472, Delta/Signal:81.37%, Gateμ:-0.5456, Gate0%:0.0, MetaNormμ:7.0775
Epoch 16/20 | Steps: 1130 | LR: 0.000100 | Train Loss: 0.731467 | Val Loss: 0.784009 | Train Meta: Scaleμ:0.9450, Signal|S|μ:11.7051, Delta|S|μ:9.4959, Delta/Signal:81.13%, Gateμ:-0.5456, Gate0%:0.0, MetaNormμ:7.0775 | Val Meta: Scaleμ:0.9450, Signal|S|μ:11.3647, Delta|S|μ:9.2472, Delta/Signal:81.37%, Gateμ:-0.5456, Gate0%:0.0, MetaNormμ:7.0775
Epoch 17/20 | Steps: 1130 | LR: 0.000100 | Train Loss: 0.730523 | Val Loss: 0.808315 | Train Meta: Scaleμ:0.9450, Signal|S|μ:12.2965, Delta|S|μ:9.9810, Delta/Signal:81.17%, Gateμ:-0.5456, Gate0%:0.0, MetaNormμ:7.0775 | Val Meta: Scaleμ:0.9450, Signal|S|μ:11.3647, Delta|S|μ:9.2472, Delta/Signal:81.37%, Gateμ:-0.5456, Gate0%:0.0, MetaNormμ:7.0775
Epoch 18/20 | Steps: 1130 | LR: 0.000100 | Train Loss: 0.729983 | Val Loss: 0.797888 | Train Meta: Scaleμ:0.9450, Signal|S|μ:12.0238, Delta|S|μ:9.7597, Delta/Signal:81.17%, Gateμ:-0.5456, Gate0%:0.0, MetaNormμ:7.0775 | Val Meta: Scaleμ:0.9450, Signal|S|μ:11.3647, Delta|S|μ:9.2472, Delta/Signal:81.37%, Gateμ:-0.5456, Gate0%:0.0, MetaNormμ:7.0775
Epoch 19/20 | Steps: 1130 | LR: 0.000100 | Train Loss: 0.729819 | Val Loss: 0.795319 | Train Meta: Scaleμ:0.9450, Signal|S|μ:13.3893, Delta|S|μ:10.8757, Delta/Signal:81.23%, Gateμ:-0.5456, Gate0%:0.0, MetaNormμ:7.0775 | Val Meta: Scaleμ:0.9450, Signal|S|μ:11.3647, Delta|S|μ:9.2472, Delta/Signal:81.37%, Gateμ:-0.5456, Gate0%:0.0, MetaNormμ:7.0775
Epoch 20/20 | Steps: 1130 | LR: 0.000100 | Train Loss: 0.730188 | Val Loss: 0.824013 | Train Meta: Scaleμ:0.9450, Signal|S|μ:12.5013, Delta|S|μ:10.1400, Delta/Signal:81.11%, Gateμ:-0.5456, Gate0%:0.0, MetaNormμ:7.0775 | Val Meta: Scaleμ:0.9450, Signal|S|μ:11.3647, Delta|S|μ:9.2472, Delta/Signal:81.37%, Gateμ:-0.5456, Gate0%:0.0, MetaNormμ:7.0775
./run_forecasting.py:284: UserWarning: Tight layout not applied. The bottom and top margins cannot be made large enough to accommodate all axes decorations.
  plt.tight_layout()
./run_forecasting.py:296: UserWarning: Tight layout not applied. The bottom and top margins cannot be made large enough to accommodate all axes decorations.
  plt.tight_layout()
{'test_mse': 0.5247092247009277, 'test_mae': 0.5684565305709839}
Saved best forecasting checkpoint under checkpoints/forecasting_weather_192/electricity_laya_metadata_query_gate_text_stats_avg_best.pt
Saved attention maps for 3 sample(s) under ./runs/forecasting_electricity_to_weather_laya_metadata_query_gate_text_stats_avg/pred_192/attention_maps
Text metadata preview | dataset=weather | domain=weather | channels=21
   - p (mbar): In the weather domain, this channel belongs to the weather dataset and represents the feature p (mbar).
   - T (degC): In the weather domain, this channel belongs to the weather dataset and represents the feature T (degC).
   - ... (19 more channel descriptions)
Stats metadata preview | dataset=weather | domain=weather | channels=21
   - p (mbar): Channel statistics over the training split: mean value is -0.000, standard deviation is 1.000, minimum value is -3.309, maximum value is 3.410, median value is 0.052, and mean absolute value is 0.768.
==================================================
🚀 Architecture: LAYA
📊 Target Dataset: weather (Channels: 21)
📊 Pretrain Info: electricity (Detected Channels: 21)
📊 Prediction Length: 336
==================================================
✅ Loaded pretrained encoder from ./checkpoints/electricity_laya_metadata_query_gate_text_stats_avg/laya_ts_electricity_s_best.pt
   - 74/74 keys matched.
ℹ️ Channel Adapter: disabled
📝 metadata: mode=text_stats_avg, fusion=none, relation=metadata_query_gate
ℹ️ Metadata Fusion Mode: none
ℹ️ Channel Mixer Relation Mode: metadata_query_gate
ℹ️ Encoder Variant: default
ℹ️ Channel Relation Block: disabled
✅ Probing Head [Mixer, channel-wise]: [B*C, 1024] -> [B, 21, 336]
Epoch 1/20 | Steps: 1126 | LR: 0.000100 | Train Loss: 1.093345 | Val Loss: 1.079349 | Train Meta: Scaleμ:0.9450, Signal|S|μ:12.1830, Delta|S|μ:9.8969, Delta/Signal:81.24%, Gateμ:-0.5456, Gate0%:0.0, MetaNormμ:7.0775 | Val Meta: Scaleμ:0.9450, Signal|S|μ:11.3647, Delta|S|μ:9.2472, Delta/Signal:81.37%, Gateμ:-0.5456, Gate0%:0.0, MetaNormμ:7.0775
   -> Updated best validation state: val_loss=1.079349 at epoch 1
Epoch 2/20 | Steps: 1126 | LR: 0.000100 | Train Loss: 0.821587 | Val Loss: 0.920296 | Train Meta: Scaleμ:0.9450, Signal|S|μ:12.0785, Delta|S|μ:9.8013, Delta/Signal:81.15%, Gateμ:-0.5456, Gate0%:0.0, MetaNormμ:7.0775 | Val Meta: Scaleμ:0.9450, Signal|S|μ:11.3647, Delta|S|μ:9.2472, Delta/Signal:81.37%, Gateμ:-0.5456, Gate0%:0.0, MetaNormμ:7.0775
   -> Updated best validation state: val_loss=0.920296 at epoch 2
Epoch 3/20 | Steps: 1126 | LR: 0.000100 | Train Loss: 0.797536 | Val Loss: 0.875831 | Train Meta: Scaleμ:0.9450, Signal|S|μ:11.6511, Delta|S|μ:9.4528, Delta/Signal:81.13%, Gateμ:-0.5456, Gate0%:0.0, MetaNormμ:7.0775 | Val Meta: Scaleμ:0.9450, Signal|S|μ:11.3647, Delta|S|μ:9.2472, Delta/Signal:81.37%, Gateμ:-0.5456, Gate0%:0.0, MetaNormμ:7.0775
   -> Updated best validation state: val_loss=0.875831 at epoch 3
Epoch 4/20 | Steps: 1126 | LR: 0.000100 | Train Loss: 0.785248 | Val Loss: 0.832785 | Train Meta: Scaleμ:0.9450, Signal|S|μ:12.8403, Delta|S|μ:10.4307, Delta/Signal:81.23%, Gateμ:-0.5456, Gate0%:0.0, MetaNormμ:7.0775 | Val Meta: Scaleμ:0.9450, Signal|S|μ:11.3647, Delta|S|μ:9.2472, Delta/Signal:81.37%, Gateμ:-0.5456, Gate0%:0.0, MetaNormμ:7.0775
   -> Updated best validation state: val_loss=0.832785 at epoch 4
Epoch 5/20 | Steps: 1126 | LR: 0.000100 | Train Loss: 0.778064 | Val Loss: 0.856748 | Train Meta: Scaleμ:0.9450, Signal|S|μ:12.4922, Delta|S|μ:10.1398, Delta/Signal:81.17%, Gateμ:-0.5456, Gate0%:0.0, MetaNormμ:7.0775 | Val Meta: Scaleμ:0.9450, Signal|S|μ:11.3647, Delta|S|μ:9.2472, Delta/Signal:81.37%, Gateμ:-0.5456, Gate0%:0.0, MetaNormμ:7.0775
Epoch 6/20 | Steps: 1126 | LR: 0.000100 | Train Loss: 0.773406 | Val Loss: 0.831807 | Train Meta: Scaleμ:0.9450, Signal|S|μ:12.9008, Delta|S|μ:10.4788, Delta/Signal:81.23%, Gateμ:-0.5456, Gate0%:0.0, MetaNormμ:7.0775 | Val Meta: Scaleμ:0.9450, Signal|S|μ:11.3647, Delta|S|μ:9.2472, Delta/Signal:81.37%, Gateμ:-0.5456, Gate0%:0.0, MetaNormμ:7.0775
   -> Updated best validation state: val_loss=0.831807 at epoch 6
Epoch 7/20 | Steps: 1126 | LR: 0.000100 | Train Loss: 0.770940 | Val Loss: 0.845164 | Train Meta: Scaleμ:0.9450, Signal|S|μ:12.3586, Delta|S|μ:10.0259, Delta/Signal:81.13%, Gateμ:-0.5456, Gate0%:0.0, MetaNormμ:7.0775 | Val Meta: Scaleμ:0.9450, Signal|S|μ:11.3647, Delta|S|μ:9.2472, Delta/Signal:81.37%, Gateμ:-0.5456, Gate0%:0.0, MetaNormμ:7.0775
Epoch 8/20 | Steps: 1126 | LR: 0.000100 | Train Loss: 0.768233 | Val Loss: 0.817200 | Train Meta: Scaleμ:0.9450, Signal|S|μ:12.6261, Delta|S|μ:10.2492, Delta/Signal:81.17%, Gateμ:-0.5456, Gate0%:0.0, MetaNormμ:7.0775 | Val Meta: Scaleμ:0.9450, Signal|S|μ:11.3647, Delta|S|μ:9.2472, Delta/Signal:81.37%, Gateμ:-0.5456, Gate0%:0.0, MetaNormμ:7.0775
   -> Updated best validation state: val_loss=0.817200 at epoch 8
Epoch 9/20 | Steps: 1126 | LR: 0.000100 | Train Loss: 0.766851 | Val Loss: 0.833061 | Train Meta: Scaleμ:0.9450, Signal|S|μ:11.4626, Delta|S|μ:9.3053, Delta/Signal:81.18%, Gateμ:-0.5456, Gate0%:0.0, MetaNormμ:7.0775 | Val Meta: Scaleμ:0.9450, Signal|S|μ:11.3647, Delta|S|μ:9.2472, Delta/Signal:81.37%, Gateμ:-0.5456, Gate0%:0.0, MetaNormμ:7.0775
Epoch 10/20 | Steps: 1126 | LR: 0.000100 | Train Loss: 0.765273 | Val Loss: 0.826914 | Train Meta: Scaleμ:0.9450, Signal|S|μ:12.5585, Delta|S|μ:10.1863, Delta/Signal:81.11%, Gateμ:-0.5456, Gate0%:0.0, MetaNormμ:7.0775 | Val Meta: Scaleμ:0.9450, Signal|S|μ:11.3647, Delta|S|μ:9.2472, Delta/Signal:81.37%, Gateμ:-0.5456, Gate0%:0.0, MetaNormμ:7.0775
Epoch 11/20 | Steps: 1126 | LR: 0.000100 | Train Loss: 0.763989 | Val Loss: 0.825669 | Train Meta: Scaleμ:0.9450, Signal|S|μ:12.2976, Delta|S|μ:9.9866, Delta/Signal:81.21%, Gateμ:-0.5456, Gate0%:0.0, MetaNormμ:7.0775 | Val Meta: Scaleμ:0.9450, Signal|S|μ:11.3647, Delta|S|μ:9.2472, Delta/Signal:81.37%, Gateμ:-0.5456, Gate0%:0.0, MetaNormμ:7.0775
Epoch 12/20 | Steps: 1126 | LR: 0.000100 | Train Loss: 0.763530 | Val Loss: 0.822501 | Train Meta: Scaleμ:0.9450, Signal|S|μ:12.4952, Delta|S|μ:10.1436, Delta/Signal:81.18%, Gateμ:-0.5456, Gate0%:0.0, MetaNormμ:7.0775 | Val Meta: Scaleμ:0.9450, Signal|S|μ:11.3647, Delta|S|μ:9.2472, Delta/Signal:81.37%, Gateμ:-0.5456, Gate0%:0.0, MetaNormμ:7.0775
Epoch 13/20 | Steps: 1126 | LR: 0.000100 | Train Loss: 0.762655 | Val Loss: 0.814439 | Train Meta: Scaleμ:0.9450, Signal|S|μ:13.2462, Delta|S|μ:10.7551, Delta/Signal:81.19%, Gateμ:-0.5456, Gate0%:0.0, MetaNormμ:7.0775 | Val Meta: Scaleμ:0.9450, Signal|S|μ:11.3647, Delta|S|μ:9.2472, Delta/Signal:81.37%, Gateμ:-0.5456, Gate0%:0.0, MetaNormμ:7.0775
   -> Updated best validation state: val_loss=0.814439 at epoch 13
Epoch 14/20 | Steps: 1126 | LR: 0.000100 | Train Loss: 0.761955 | Val Loss: 0.820150 | Train Meta: Scaleμ:0.9450, Signal|S|μ:12.3185, Delta|S|μ:9.9943, Delta/Signal:81.13%, Gateμ:-0.5456, Gate0%:0.0, MetaNormμ:7.0775 | Val Meta: Scaleμ:0.9450, Signal|S|μ:11.3647, Delta|S|μ:9.2472, Delta/Signal:81.37%, Gateμ:-0.5456, Gate0%:0.0, MetaNormμ:7.0775
Epoch 15/20 | Steps: 1126 | LR: 0.000100 | Train Loss: 0.761382 | Val Loss: 0.835434 | Train Meta: Scaleμ:0.9450, Signal|S|μ:11.9080, Delta|S|μ:9.6624, Delta/Signal:81.14%, Gateμ:-0.5456, Gate0%:0.0, MetaNormμ:7.0775 | Val Meta: Scaleμ:0.9450, Signal|S|μ:11.3647, Delta|S|μ:9.2472, Delta/Signal:81.37%, Gateμ:-0.5456, Gate0%:0.0, MetaNormμ:7.0775
Epoch 16/20 | Steps: 1126 | LR: 0.000100 | Train Loss: 0.760703 | Val Loss: 0.832777 | Train Meta: Scaleμ:0.9450, Signal|S|μ:11.5503, Delta|S|μ:9.3738, Delta/Signal:81.16%, Gateμ:-0.5456, Gate0%:0.0, MetaNormμ:7.0775 | Val Meta: Scaleμ:0.9450, Signal|S|μ:11.3647, Delta|S|μ:9.2472, Delta/Signal:81.37%, Gateμ:-0.5456, Gate0%:0.0, MetaNormμ:7.0775
Epoch 17/20 | Steps: 1126 | LR: 0.000100 | Train Loss: 0.761433 | Val Loss: 0.807539 | Train Meta: Scaleμ:0.9450, Signal|S|μ:12.1992, Delta|S|μ:9.9032, Delta/Signal:81.18%, Gateμ:-0.5456, Gate0%:0.0, MetaNormμ:7.0775 | Val Meta: Scaleμ:0.9450, Signal|S|μ:11.3647, Delta|S|μ:9.2472, Delta/Signal:81.37%, Gateμ:-0.5456, Gate0%:0.0, MetaNormμ:7.0775
   -> Updated best validation state: val_loss=0.807539 at epoch 17
Epoch 18/20 | Steps: 1126 | LR: 0.000100 | Train Loss: 0.760742 | Val Loss: 0.815982 | Train Meta: Scaleμ:0.9450, Signal|S|μ:12.4229, Delta|S|μ:10.0867, Delta/Signal:81.19%, Gateμ:-0.5456, Gate0%:0.0, MetaNormμ:7.0775 | Val Meta: Scaleμ:0.9450, Signal|S|μ:11.3647, Delta|S|μ:9.2472, Delta/Signal:81.37%, Gateμ:-0.5456, Gate0%:0.0, MetaNormμ:7.0775
Epoch 19/20 | Steps: 1126 | LR: 0.000100 | Train Loss: 0.760053 | Val Loss: 0.851066 | Train Meta: Scaleμ:0.9450, Signal|S|μ:12.2320, Delta|S|μ:9.9301, Delta/Signal:81.18%, Gateμ:-0.5456, Gate0%:0.0, MetaNormμ:7.0775 | Val Meta: Scaleμ:0.9450, Signal|S|μ:11.3647, Delta|S|μ:9.2472, Delta/Signal:81.37%, Gateμ:-0.5456, Gate0%:0.0, MetaNormμ:7.0775
Epoch 20/20 | Steps: 1126 | LR: 0.000100 | Train Loss: 0.759845 | Val Loss: 0.810876 | Train Meta: Scaleμ:0.9450, Signal|S|μ:12.4671, Delta|S|μ:10.1231, Delta/Signal:81.20%, Gateμ:-0.5456, Gate0%:0.0, MetaNormμ:7.0775 | Val Meta: Scaleμ:0.9450, Signal|S|μ:11.3647, Delta|S|μ:9.2472, Delta/Signal:81.37%, Gateμ:-0.5456, Gate0%:0.0, MetaNormμ:7.0775
./run_forecasting.py:284: UserWarning: Tight layout not applied. The bottom and top margins cannot be made large enough to accommodate all axes decorations.
  plt.tight_layout()
./run_forecasting.py:296: UserWarning: Tight layout not applied. The bottom and top margins cannot be made large enough to accommodate all axes decorations.
  plt.tight_layout()
{'test_mse': 0.5369632244110107, 'test_mae': 0.5686159729957581}
Saved best forecasting checkpoint under checkpoints/forecasting_weather_336/electricity_laya_metadata_query_gate_text_stats_avg_best.pt
Saved attention maps for 3 sample(s) under ./runs/forecasting_electricity_to_weather_laya_metadata_query_gate_text_stats_avg/pred_336/attention_maps
Text metadata preview | dataset=weather | domain=weather | channels=21
   - p (mbar): In the weather domain, this channel belongs to the weather dataset and represents the feature p (mbar).
   - T (degC): In the weather domain, this channel belongs to the weather dataset and represents the feature T (degC).
   - ... (19 more channel descriptions)
Stats metadata preview | dataset=weather | domain=weather | channels=21
   - p (mbar): Channel statistics over the training split: mean value is -0.000, standard deviation is 1.000, minimum value is -3.309, maximum value is 3.410, median value is 0.052, and mean absolute value is 0.768.
==================================================
🚀 Architecture: LAYA
📊 Target Dataset: weather (Channels: 21)
📊 Pretrain Info: electricity (Detected Channels: 21)
📊 Prediction Length: 720
==================================================
✅ Loaded pretrained encoder from ./checkpoints/electricity_laya_metadata_query_gate_text_stats_avg/laya_ts_electricity_s_best.pt
   - 74/74 keys matched.
ℹ️ Channel Adapter: disabled
📝 metadata: mode=text_stats_avg, fusion=none, relation=metadata_query_gate
ℹ️ Metadata Fusion Mode: none
ℹ️ Channel Mixer Relation Mode: metadata_query_gate
ℹ️ Encoder Variant: default
ℹ️ Channel Relation Block: disabled
✅ Probing Head [Mixer, channel-wise]: [B*C, 1024] -> [B, 21, 720]
Epoch 1/20 | Steps: 1114 | LR: 0.000100 | Train Loss: 1.139004 | Val Loss: 1.091820 | Train Meta: Scaleμ:0.9450, Signal|S|μ:12.0901, Delta|S|μ:9.8084, Delta/Signal:81.13%, Gateμ:-0.5456, Gate0%:0.0, MetaNormμ:7.0775 | Val Meta: Scaleμ:0.9450, Signal|S|μ:11.3647, Delta|S|μ:9.2472, Delta/Signal:81.37%, Gateμ:-0.5456, Gate0%:0.0, MetaNormμ:7.0775
   -> Updated best validation state: val_loss=1.091820 at epoch 1
Epoch 2/20 | Steps: 1114 | LR: 0.000100 | Train Loss: 0.856030 | Val Loss: 0.918299 | Train Meta: Scaleμ:0.9450, Signal|S|μ:11.9055, Delta|S|μ:9.6687, Delta/Signal:81.21%, Gateμ:-0.5456, Gate0%:0.0, MetaNormμ:7.0775 | Val Meta: Scaleμ:0.9450, Signal|S|μ:11.3647, Delta|S|μ:9.2472, Delta/Signal:81.37%, Gateμ:-0.5456, Gate0%:0.0, MetaNormμ:7.0775
   -> Updated best validation state: val_loss=0.918299 at epoch 2
Epoch 3/20 | Steps: 1114 | LR: 0.000100 | Train Loss: 0.831511 | Val Loss: 0.878590 | Train Meta: Scaleμ:0.9450, Signal|S|μ:13.1264, Delta|S|μ:10.6526, Delta/Signal:81.15%, Gateμ:-0.5456, Gate0%:0.0, MetaNormμ:7.0775 | Val Meta: Scaleμ:0.9450, Signal|S|μ:11.3647, Delta|S|μ:9.2472, Delta/Signal:81.37%, Gateμ:-0.5456, Gate0%:0.0, MetaNormμ:7.0775
   -> Updated best validation state: val_loss=0.878590 at epoch 3
Epoch 4/20 | Steps: 1114 | LR: 0.000100 | Train Loss: 0.820160 | Val Loss: 0.881802 | Train Meta: Scaleμ:0.9450, Signal|S|μ:12.5194, Delta|S|μ:10.1646, Delta/Signal:81.19%, Gateμ:-0.5456, Gate0%:0.0, MetaNormμ:7.0775 | Val Meta: Scaleμ:0.9450, Signal|S|μ:11.3647, Delta|S|μ:9.2472, Delta/Signal:81.37%, Gateμ:-0.5456, Gate0%:0.0, MetaNormμ:7.0775
Epoch 5/20 | Steps: 1114 | LR: 0.000100 | Train Loss: 0.812271 | Val Loss: 0.866282 | Train Meta: Scaleμ:0.9450, Signal|S|μ:11.2153, Delta|S|μ:9.0977, Delta/Signal:81.12%, Gateμ:-0.5456, Gate0%:0.0, MetaNormμ:7.0775 | Val Meta: Scaleμ:0.9450, Signal|S|μ:11.3647, Delta|S|μ:9.2472, Delta/Signal:81.37%, Gateμ:-0.5456, Gate0%:0.0, MetaNormμ:7.0775
   -> Updated best validation state: val_loss=0.866282 at epoch 5
Epoch 6/20 | Steps: 1114 | LR: 0.000100 | Train Loss: 0.808282 | Val Loss: 0.859795 | Train Meta: Scaleμ:0.9450, Signal|S|μ:13.0130, Delta|S|μ:10.5681, Delta/Signal:81.21%, Gateμ:-0.5456, Gate0%:0.0, MetaNormμ:7.0775 | Val Meta: Scaleμ:0.9450, Signal|S|μ:11.3647, Delta|S|μ:9.2472, Delta/Signal:81.37%, Gateμ:-0.5456, Gate0%:0.0, MetaNormμ:7.0775
   -> Updated best validation state: val_loss=0.859795 at epoch 6
Epoch 7/20 | Steps: 1114 | LR: 0.000100 | Train Loss: 0.804472 | Val Loss: 0.872434 | Train Meta: Scaleμ:0.9450, Signal|S|μ:12.7778, Delta|S|μ:10.3746, Delta/Signal:81.19%, Gateμ:-0.5456, Gate0%:0.0, MetaNormμ:7.0775 | Val Meta: Scaleμ:0.9450, Signal|S|μ:11.3647, Delta|S|μ:9.2472, Delta/Signal:81.37%, Gateμ:-0.5456, Gate0%:0.0, MetaNormμ:7.0775
Epoch 8/20 | Steps: 1114 | LR: 0.000100 | Train Loss: 0.801855 | Val Loss: 0.854554 | Train Meta: Scaleμ:0.9450, Signal|S|μ:11.9953, Delta|S|μ:9.7271, Delta/Signal:81.09%, Gateμ:-0.5456, Gate0%:0.0, MetaNormμ:7.0775 | Val Meta: Scaleμ:0.9450, Signal|S|μ:11.3647, Delta|S|μ:9.2472, Delta/Signal:81.37%, Gateμ:-0.5456, Gate0%:0.0, MetaNormμ:7.0775
   -> Updated best validation state: val_loss=0.854554 at epoch 8
Epoch 9/20 | Steps: 1114 | LR: 0.000100 | Train Loss: 0.800509 | Val Loss: 0.884371 | Train Meta: Scaleμ:0.9450, Signal|S|μ:12.0046, Delta|S|μ:9.7404, Delta/Signal:81.14%, Gateμ:-0.5456, Gate0%:0.0, MetaNormμ:7.0775 | Val Meta: Scaleμ:0.9450, Signal|S|μ:11.3647, Delta|S|μ:9.2472, Delta/Signal:81.37%, Gateμ:-0.5456, Gate0%:0.0, MetaNormμ:7.0775
Epoch 10/20 | Steps: 1114 | LR: 0.000100 | Train Loss: 0.798993 | Val Loss: 0.833386 | Train Meta: Scaleμ:0.9450, Signal|S|μ:12.2868, Delta|S|μ:9.9813, Delta/Signal:81.24%, Gateμ:-0.5456, Gate0%:0.0, MetaNormμ:7.0775 | Val Meta: Scaleμ:0.9450, Signal|S|μ:11.3647, Delta|S|μ:9.2472, Delta/Signal:81.37%, Gateμ:-0.5456, Gate0%:0.0, MetaNormμ:7.0775
   -> Updated best validation state: val_loss=0.833386 at epoch 10
Epoch 11/20 | Steps: 1114 | LR: 0.000100 | Train Loss: 0.797738 | Val Loss: 0.820424 | Train Meta: Scaleμ:0.9450, Signal|S|μ:12.4295, Delta|S|μ:10.0806, Delta/Signal:81.10%, Gateμ:-0.5456, Gate0%:0.0, MetaNormμ:7.0775 | Val Meta: Scaleμ:0.9450, Signal|S|μ:11.3647, Delta|S|μ:9.2472, Delta/Signal:81.37%, Gateμ:-0.5456, Gate0%:0.0, MetaNormμ:7.0775
   -> Updated best validation state: val_loss=0.820424 at epoch 11
Epoch 12/20 | Steps: 1114 | LR: 0.000100 | Train Loss: 0.797928 | Val Loss: 0.852480 | Train Meta: Scaleμ:0.9450, Signal|S|μ:12.7087, Delta|S|μ:10.3235, Delta/Signal:81.23%, Gateμ:-0.5456, Gate0%:0.0, MetaNormμ:7.0775 | Val Meta: Scaleμ:0.9450, Signal|S|μ:11.3647, Delta|S|μ:9.2472, Delta/Signal:81.37%, Gateμ:-0.5456, Gate0%:0.0, MetaNormμ:7.0775
Epoch 13/20 | Steps: 1114 | LR: 0.000100 | Train Loss: 0.796281 | Val Loss: 0.815838 | Train Meta: Scaleμ:0.9450, Signal|S|μ:13.0421, Delta|S|μ:10.5910, Delta/Signal:81.21%, Gateμ:-0.5456, Gate0%:0.0, MetaNormμ:7.0775 | Val Meta: Scaleμ:0.9450, Signal|S|μ:11.3647, Delta|S|μ:9.2472, Delta/Signal:81.37%, Gateμ:-0.5456, Gate0%:0.0, MetaNormμ:7.0775
   -> Updated best validation state: val_loss=0.815838 at epoch 13
Epoch 14/20 | Steps: 1114 | LR: 0.000100 | Train Loss: 0.796369 | Val Loss: 0.857403 | Train Meta: Scaleμ:0.9450, Signal|S|μ:12.8749, Delta|S|μ:10.4567, Delta/Signal:81.22%, Gateμ:-0.5456, Gate0%:0.0, MetaNormμ:7.0775 | Val Meta: Scaleμ:0.9450, Signal|S|μ:11.3647, Delta|S|μ:9.2472, Delta/Signal:81.37%, Gateμ:-0.5456, Gate0%:0.0, MetaNormμ:7.0775
Epoch 15/20 | Steps: 1114 | LR: 0.000100 | Train Loss: 0.795801 | Val Loss: 0.833554 | Train Meta: Scaleμ:0.9450, Signal|S|μ:12.4909, Delta|S|μ:10.1327, Delta/Signal:81.12%, Gateμ:-0.5456, Gate0%:0.0, MetaNormμ:7.0775 | Val Meta: Scaleμ:0.9450, Signal|S|μ:11.3647, Delta|S|μ:9.2472, Delta/Signal:81.37%, Gateμ:-0.5456, Gate0%:0.0, MetaNormμ:7.0775
Epoch 16/20 | Steps: 1114 | LR: 0.000100 | Train Loss: 0.794741 | Val Loss: 0.824096 | Train Meta: Scaleμ:0.9450, Signal|S|μ:12.1942, Delta|S|μ:9.8957, Delta/Signal:81.15%, Gateμ:-0.5456, Gate0%:0.0, MetaNormμ:7.0775 | Val Meta: Scaleμ:0.9450, Signal|S|μ:11.3647, Delta|S|μ:9.2472, Delta/Signal:81.37%, Gateμ:-0.5456, Gate0%:0.0, MetaNormμ:7.0775
Epoch 17/20 | Steps: 1114 | LR: 0.000100 | Train Loss: 0.794596 | Val Loss: 0.846689 | Train Meta: Scaleμ:0.9450, Signal|S|μ:13.8688, Delta|S|μ:11.2623, Delta/Signal:81.21%, Gateμ:-0.5456, Gate0%:0.0, MetaNormμ:7.0775 | Val Meta: Scaleμ:0.9450, Signal|S|μ:11.3647, Delta|S|μ:9.2472, Delta/Signal:81.37%, Gateμ:-0.5456, Gate0%:0.0, MetaNormμ:7.0775
Epoch 18/20 | Steps: 1114 | LR: 0.000100 | Train Loss: 0.794269 | Val Loss: 0.850345 | Train Meta: Scaleμ:0.9450, Signal|S|μ:12.4629, Delta|S|μ:10.1153, Delta/Signal:81.16%, Gateμ:-0.5456, Gate0%:0.0, MetaNormμ:7.0775 | Val Meta: Scaleμ:0.9450, Signal|S|μ:11.3647, Delta|S|μ:9.2472, Delta/Signal:81.37%, Gateμ:-0.5456, Gate0%:0.0, MetaNormμ:7.0775
Epoch 19/20 | Steps: 1114 | LR: 0.000100 | Train Loss: 0.794300 | Val Loss: 0.872277 | Train Meta: Scaleμ:0.9450, Signal|S|μ:12.4746, Delta|S|μ:10.1110, Delta/Signal:81.05%, Gateμ:-0.5456, Gate0%:0.0, MetaNormμ:7.0775 | Val Meta: Scaleμ:0.9450, Signal|S|μ:11.3647, Delta|S|μ:9.2472, Delta/Signal:81.37%, Gateμ:-0.5456, Gate0%:0.0, MetaNormμ:7.0775
Epoch 20/20 | Steps: 1114 | LR: 0.000100 | Train Loss: 0.793952 | Val Loss: 0.828910 | Train Meta: Scaleμ:0.9450, Signal|S|μ:12.7723, Delta|S|μ:10.3765, Delta/Signal:81.24%, Gateμ:-0.5456, Gate0%:0.0, MetaNormμ:7.0775 | Val Meta: Scaleμ:0.9450, Signal|S|μ:11.3647, Delta|S|μ:9.2472, Delta/Signal:81.37%, Gateμ:-0.5456, Gate0%:0.0, MetaNormμ:7.0775
./run_forecasting.py:284: UserWarning: Tight layout not applied. The bottom and top margins cannot be made large enough to accommodate all axes decorations.
  plt.tight_layout()
./run_forecasting.py:296: UserWarning: Tight layout not applied. The bottom and top margins cannot be made large enough to accommodate all axes decorations.
  plt.tight_layout()
{'test_mse': 0.5821430087089539, 'test_mae': 0.595774233341217}
Saved best forecasting checkpoint under checkpoints/forecasting_weather_720/electricity_laya_metadata_query_gate_text_stats_avg_best.pt
Saved attention maps for 3 sample(s) under ./runs/forecasting_electricity_to_weather_laya_metadata_query_gate_text_stats_avg/pred_720/attention_maps
