nohup: ignoring input
Joint metadata preview | dataset=ETTm1 | domain=ETTm1 | channels=7
   - HUFL: In the ETTm1 domain, this channel belongs to the ETTm1 dataset and represents the feature HUFL. Channel statistics over the training split: mean value is -0.000, standard deviation is 1.000, minimum value is -4.418, maximum value is 2.652, median value is 0.128, and mean absolute value is 0.698.
==================================================
🚀 Architecture: LAYA
📊 Target Dataset: ETTm1 (Channels: 7)
📊 Pretrain Info: electricity (Detected Channels: 7)
📊 Prediction Length: 96
==================================================
✅ Loaded pretrained encoder from ./checkpoints/electricity_laya_metadata_query_gate_text_stats_joint/laya_ts_electricity_s_best.pt
   - 62/62 keys matched.
ℹ️ Channel Adapter: disabled
📝 metadata: mode=text_stats_joint, fusion=none, relation=metadata_query_gate
ℹ️ Metadata Fusion Mode: none
ℹ️ Channel Mixer Relation Mode: metadata_query_gate
ℹ️ Encoder Variant: default
ℹ️ Channel Relation Block: disabled
✅ Probing Head [Mixer, channel-wise]: [B*C, 1024] -> [B, 7, 96]
Epoch 1/20 | Steps: 1287 | LR: 0.000100 | Train Loss: 0.491262 | Val Loss: 0.432154 | Train Meta: Scaleμ:0.8808, Signal|S|μ:5.7062, Delta|S|μ:3.9357, Delta/Signal:68.97%, Gateμ:-0.3511, Gate0%:0.0, MetaNormμ:8.0827 | Val Meta: Scaleμ:0.8808, Signal|S|μ:4.7593, Delta|S|μ:3.2999, Delta/Signal:69.34%, Gateμ:-0.3511, Gate0%:0.0, MetaNormμ:8.0827
   -> Updated best validation state: val_loss=0.432154 at epoch 1
Epoch 2/20 | Steps: 1287 | LR: 0.000100 | Train Loss: 0.421819 | Val Loss: 0.416174 | Train Meta: Scaleμ:0.8808, Signal|S|μ:5.2921, Delta|S|μ:3.6611, Delta/Signal:69.18%, Gateμ:-0.3511, Gate0%:0.0, MetaNormμ:8.0827 | Val Meta: Scaleμ:0.8808, Signal|S|μ:4.7593, Delta|S|μ:3.2999, Delta/Signal:69.34%, Gateμ:-0.3511, Gate0%:0.0, MetaNormμ:8.0827
   -> Updated best validation state: val_loss=0.416174 at epoch 2
Epoch 3/20 | Steps: 1287 | LR: 0.000100 | Train Loss: 0.418614 | Val Loss: 0.439296 | Train Meta: Scaleμ:0.8808, Signal|S|μ:5.3160, Delta|S|μ:3.6682, Delta/Signal:69.00%, Gateμ:-0.3511, Gate0%:0.0, MetaNormμ:8.0827 | Val Meta: Scaleμ:0.8808, Signal|S|μ:4.7593, Delta|S|μ:3.2999, Delta/Signal:69.34%, Gateμ:-0.3511, Gate0%:0.0, MetaNormμ:8.0827
Epoch 4/20 | Steps: 1287 | LR: 0.000100 | Train Loss: 0.415388 | Val Loss: 0.415270 | Train Meta: Scaleμ:0.8808, Signal|S|μ:5.4949, Delta|S|μ:3.7947, Delta/Signal:69.06%, Gateμ:-0.3511, Gate0%:0.0, MetaNormμ:8.0827 | Val Meta: Scaleμ:0.8808, Signal|S|μ:4.7593, Delta|S|μ:3.2999, Delta/Signal:69.34%, Gateμ:-0.3511, Gate0%:0.0, MetaNormμ:8.0827
   -> Updated best validation state: val_loss=0.415270 at epoch 4
Epoch 5/20 | Steps: 1287 | LR: 0.000100 | Train Loss: 0.412190 | Val Loss: 0.415426 | Train Meta: Scaleμ:0.8808, Signal|S|μ:5.6777, Delta|S|μ:3.9132, Delta/Signal:68.92%, Gateμ:-0.3511, Gate0%:0.0, MetaNormμ:8.0827 | Val Meta: Scaleμ:0.8808, Signal|S|μ:4.7593, Delta|S|μ:3.2999, Delta/Signal:69.34%, Gateμ:-0.3511, Gate0%:0.0, MetaNormμ:8.0827
Epoch 6/20 | Steps: 1287 | LR: 0.000100 | Train Loss: 0.412026 | Val Loss: 0.418629 | Train Meta: Scaleμ:0.8808, Signal|S|μ:5.1653, Delta|S|μ:3.5619, Delta/Signal:68.96%, Gateμ:-0.3511, Gate0%:0.0, MetaNormμ:8.0827 | Val Meta: Scaleμ:0.8808, Signal|S|μ:4.7593, Delta|S|μ:3.2999, Delta/Signal:69.34%, Gateμ:-0.3511, Gate0%:0.0, MetaNormμ:8.0827
Epoch 7/20 | Steps: 1287 | LR: 0.000100 | Train Loss: 0.408679 | Val Loss: 0.403313 | Train Meta: Scaleμ:0.8808, Signal|S|μ:5.9011, Delta|S|μ:4.0769, Delta/Signal:69.09%, Gateμ:-0.3511, Gate0%:0.0, MetaNormμ:8.0827 | Val Meta: Scaleμ:0.8808, Signal|S|μ:4.7593, Delta|S|μ:3.2999, Delta/Signal:69.34%, Gateμ:-0.3511, Gate0%:0.0, MetaNormμ:8.0827
   -> Updated best validation state: val_loss=0.403313 at epoch 7
Epoch 8/20 | Steps: 1287 | LR: 0.000100 | Train Loss: 0.408020 | Val Loss: 0.405619 | Train Meta: Scaleμ:0.8808, Signal|S|μ:5.3495, Delta|S|μ:3.6872, Delta/Signal:68.93%, Gateμ:-0.3511, Gate0%:0.0, MetaNormμ:8.0827 | Val Meta: Scaleμ:0.8808, Signal|S|μ:4.7593, Delta|S|μ:3.2999, Delta/Signal:69.34%, Gateμ:-0.3511, Gate0%:0.0, MetaNormμ:8.0827
Epoch 9/20 | Steps: 1287 | LR: 0.000100 | Train Loss: 0.406342 | Val Loss: 0.415882 | Train Meta: Scaleμ:0.8808, Signal|S|μ:5.4963, Delta|S|μ:3.7988, Delta/Signal:69.12%, Gateμ:-0.3511, Gate0%:0.0, MetaNormμ:8.0827 | Val Meta: Scaleμ:0.8808, Signal|S|μ:4.7593, Delta|S|μ:3.2999, Delta/Signal:69.34%, Gateμ:-0.3511, Gate0%:0.0, MetaNormμ:8.0827
Epoch 10/20 | Steps: 1287 | LR: 0.000100 | Train Loss: 0.406065 | Val Loss: 0.405461 | Train Meta: Scaleμ:0.8808, Signal|S|μ:5.8948, Delta|S|μ:4.0711, Delta/Signal:69.06%, Gateμ:-0.3511, Gate0%:0.0, MetaNormμ:8.0827 | Val Meta: Scaleμ:0.8808, Signal|S|μ:4.7593, Delta|S|μ:3.2999, Delta/Signal:69.34%, Gateμ:-0.3511, Gate0%:0.0, MetaNormμ:8.0827
Epoch 11/20 | Steps: 1287 | LR: 0.000100 | Train Loss: 0.405811 | Val Loss: 0.402645 | Train Meta: Scaleμ:0.8808, Signal|S|μ:5.2279, Delta|S|μ:3.6110, Delta/Signal:69.07%, Gateμ:-0.3511, Gate0%:0.0, MetaNormμ:8.0827 | Val Meta: Scaleμ:0.8808, Signal|S|μ:4.7593, Delta|S|μ:3.2999, Delta/Signal:69.34%, Gateμ:-0.3511, Gate0%:0.0, MetaNormμ:8.0827
   -> Updated best validation state: val_loss=0.402645 at epoch 11
Epoch 12/20 | Steps: 1287 | LR: 0.000100 | Train Loss: 0.405471 | Val Loss: 0.406758 | Train Meta: Scaleμ:0.8808, Signal|S|μ:5.4030, Delta|S|μ:3.7286, Delta/Signal:69.01%, Gateμ:-0.3511, Gate0%:0.0, MetaNormμ:8.0827 | Val Meta: Scaleμ:0.8808, Signal|S|μ:4.7593, Delta|S|μ:3.2999, Delta/Signal:69.34%, Gateμ:-0.3511, Gate0%:0.0, MetaNormμ:8.0827
Epoch 13/20 | Steps: 1287 | LR: 0.000100 | Train Loss: 0.405522 | Val Loss: 0.398401 | Train Meta: Scaleμ:0.8808, Signal|S|μ:5.2980, Delta|S|μ:3.6563, Delta/Signal:69.01%, Gateμ:-0.3511, Gate0%:0.0, MetaNormμ:8.0827 | Val Meta: Scaleμ:0.8808, Signal|S|μ:4.7593, Delta|S|μ:3.2999, Delta/Signal:69.34%, Gateμ:-0.3511, Gate0%:0.0, MetaNormμ:8.0827
   -> Updated best validation state: val_loss=0.398401 at epoch 13
Epoch 14/20 | Steps: 1287 | LR: 0.000100 | Train Loss: 0.403904 | Val Loss: 0.395831 | Train Meta: Scaleμ:0.8808, Signal|S|μ:5.5608, Delta|S|μ:3.8360, Delta/Signal:68.98%, Gateμ:-0.3511, Gate0%:0.0, MetaNormμ:8.0827 | Val Meta: Scaleμ:0.8808, Signal|S|μ:4.7593, Delta|S|μ:3.2999, Delta/Signal:69.34%, Gateμ:-0.3511, Gate0%:0.0, MetaNormμ:8.0827
   -> Updated best validation state: val_loss=0.395831 at epoch 14
Epoch 15/20 | Steps: 1287 | LR: 0.000100 | Train Loss: 0.402829 | Val Loss: 0.397759 | Train Meta: Scaleμ:0.8808, Signal|S|μ:5.3063, Delta|S|μ:3.6657, Delta/Signal:69.08%, Gateμ:-0.3511, Gate0%:0.0, MetaNormμ:8.0827 | Val Meta: Scaleμ:0.8808, Signal|S|μ:4.7593, Delta|S|μ:3.2999, Delta/Signal:69.34%, Gateμ:-0.3511, Gate0%:0.0, MetaNormμ:8.0827
Epoch 16/20 | Steps: 1287 | LR: 0.000100 | Train Loss: 0.404645 | Val Loss: 0.403058 | Train Meta: Scaleμ:0.8808, Signal|S|μ:5.4435, Delta|S|μ:3.7679, Delta/Signal:69.22%, Gateμ:-0.3511, Gate0%:0.0, MetaNormμ:8.0827 | Val Meta: Scaleμ:0.8808, Signal|S|μ:4.7593, Delta|S|μ:3.2999, Delta/Signal:69.34%, Gateμ:-0.3511, Gate0%:0.0, MetaNormμ:8.0827
Epoch 17/20 | Steps: 1287 | LR: 0.000100 | Train Loss: 0.403593 | Val Loss: 0.392831 | Train Meta: Scaleμ:0.8808, Signal|S|μ:5.2237, Delta|S|μ:3.6056, Delta/Signal:69.03%, Gateμ:-0.3511, Gate0%:0.0, MetaNormμ:8.0827 | Val Meta: Scaleμ:0.8808, Signal|S|μ:4.7593, Delta|S|μ:3.2999, Delta/Signal:69.34%, Gateμ:-0.3511, Gate0%:0.0, MetaNormμ:8.0827
   -> Updated best validation state: val_loss=0.392831 at epoch 17
Epoch 18/20 | Steps: 1287 | LR: 0.000100 | Train Loss: 0.402406 | Val Loss: 0.401425 | Train Meta: Scaleμ:0.8808, Signal|S|μ:5.5046, Delta|S|μ:3.7993, Delta/Signal:69.02%, Gateμ:-0.3511, Gate0%:0.0, MetaNormμ:8.0827 | Val Meta: Scaleμ:0.8808, Signal|S|μ:4.7593, Delta|S|μ:3.2999, Delta/Signal:69.34%, Gateμ:-0.3511, Gate0%:0.0, MetaNormμ:8.0827
Epoch 19/20 | Steps: 1287 | LR: 0.000100 | Train Loss: 0.403065 | Val Loss: 0.394982 | Train Meta: Scaleμ:0.8808, Signal|S|μ:5.4030, Delta|S|μ:3.7283, Delta/Signal:69.00%, Gateμ:-0.3511, Gate0%:0.0, MetaNormμ:8.0827 | Val Meta: Scaleμ:0.8808, Signal|S|μ:4.7593, Delta|S|μ:3.2999, Delta/Signal:69.34%, Gateμ:-0.3511, Gate0%:0.0, MetaNormμ:8.0827
Epoch 20/20 | Steps: 1287 | LR: 0.000100 | Train Loss: 0.402937 | Val Loss: 0.478422 | Train Meta: Scaleμ:0.8808, Signal|S|μ:5.1947, Delta|S|μ:3.5872, Delta/Signal:69.05%, Gateμ:-0.3511, Gate0%:0.0, MetaNormμ:8.0827 | Val Meta: Scaleμ:0.8808, Signal|S|μ:4.7593, Delta|S|μ:3.2999, Delta/Signal:69.34%, Gateμ:-0.3511, Gate0%:0.0, MetaNormμ:8.0827
{'test_mse': 0.49336114525794983, 'test_mae': 0.514786958694458}
Saved best forecasting checkpoint under checkpoints/forecasting_ettm1_96/electricity_laya_metadata_query_gate_text_stats_joint_best.pt
Saved attention maps for 3 sample(s) under ./runs/forecasting_electricity_to_ETTm1_laya_metadata_query_gate_text_stats_joint/pred_96/attention_maps
Joint metadata preview | dataset=ETTm1 | domain=ETTm1 | channels=7
   - HUFL: In the ETTm1 domain, this channel belongs to the ETTm1 dataset and represents the feature HUFL. Channel statistics over the training split: mean value is -0.000, standard deviation is 1.000, minimum value is -4.418, maximum value is 2.652, median value is 0.128, and mean absolute value is 0.698.
==================================================
🚀 Architecture: LAYA
📊 Target Dataset: ETTm1 (Channels: 7)
📊 Pretrain Info: electricity (Detected Channels: 7)
📊 Prediction Length: 192
==================================================
✅ Loaded pretrained encoder from ./checkpoints/electricity_laya_metadata_query_gate_text_stats_joint/laya_ts_electricity_s_best.pt
   - 62/62 keys matched.
ℹ️ Channel Adapter: disabled
📝 metadata: mode=text_stats_joint, fusion=none, relation=metadata_query_gate
ℹ️ Metadata Fusion Mode: none
ℹ️ Channel Mixer Relation Mode: metadata_query_gate
ℹ️ Encoder Variant: default
ℹ️ Channel Relation Block: disabled
✅ Probing Head [Mixer, channel-wise]: [B*C, 1024] -> [B, 7, 192]
Epoch 1/20 | Steps: 1284 | LR: 0.000100 | Train Loss: 0.525382 | Val Loss: 0.472875 | Train Meta: Scaleμ:0.8808, Signal|S|μ:5.2638, Delta|S|μ:3.6310, Delta/Signal:68.98%, Gateμ:-0.3511, Gate0%:0.0, MetaNormμ:8.0827 | Val Meta: Scaleμ:0.8808, Signal|S|μ:4.7593, Delta|S|μ:3.2999, Delta/Signal:69.34%, Gateμ:-0.3511, Gate0%:0.0, MetaNormμ:8.0827
   -> Updated best validation state: val_loss=0.472875 at epoch 1
Epoch 2/20 | Steps: 1284 | LR: 0.000100 | Train Loss: 0.456449 | Val Loss: 0.458257 | Train Meta: Scaleμ:0.8808, Signal|S|μ:5.7172, Delta|S|μ:3.9467, Delta/Signal:69.03%, Gateμ:-0.3511, Gate0%:0.0, MetaNormμ:8.0827 | Val Meta: Scaleμ:0.8808, Signal|S|μ:4.7593, Delta|S|μ:3.2999, Delta/Signal:69.34%, Gateμ:-0.3511, Gate0%:0.0, MetaNormμ:8.0827
   -> Updated best validation state: val_loss=0.458257 at epoch 2
Epoch 3/20 | Steps: 1284 | LR: 0.000100 | Train Loss: 0.454136 | Val Loss: 0.455068 | Train Meta: Scaleμ:0.8808, Signal|S|μ:4.9113, Delta|S|μ:3.3870, Delta/Signal:68.96%, Gateμ:-0.3511, Gate0%:0.0, MetaNormμ:8.0827 | Val Meta: Scaleμ:0.8808, Signal|S|μ:4.7593, Delta|S|μ:3.2999, Delta/Signal:69.34%, Gateμ:-0.3511, Gate0%:0.0, MetaNormμ:8.0827
   -> Updated best validation state: val_loss=0.455068 at epoch 3
Epoch 4/20 | Steps: 1284 | LR: 0.000100 | Train Loss: 0.451320 | Val Loss: 0.444263 | Train Meta: Scaleμ:0.8808, Signal|S|μ:5.1842, Delta|S|μ:3.5738, Delta/Signal:68.94%, Gateμ:-0.3511, Gate0%:0.0, MetaNormμ:8.0827 | Val Meta: Scaleμ:0.8808, Signal|S|μ:4.7593, Delta|S|μ:3.2999, Delta/Signal:69.34%, Gateμ:-0.3511, Gate0%:0.0, MetaNormμ:8.0827
   -> Updated best validation state: val_loss=0.444263 at epoch 4
Epoch 5/20 | Steps: 1284 | LR: 0.000100 | Train Loss: 0.450483 | Val Loss: 0.455465 | Train Meta: Scaleμ:0.8808, Signal|S|μ:5.7734, Delta|S|μ:3.9862, Delta/Signal:69.04%, Gateμ:-0.3511, Gate0%:0.0, MetaNormμ:8.0827 | Val Meta: Scaleμ:0.8808, Signal|S|μ:4.7593, Delta|S|μ:3.2999, Delta/Signal:69.34%, Gateμ:-0.3511, Gate0%:0.0, MetaNormμ:8.0827
Epoch 6/20 | Steps: 1284 | LR: 0.000100 | Train Loss: 0.445766 | Val Loss: 0.456295 | Train Meta: Scaleμ:0.8808, Signal|S|μ:5.2708, Delta|S|μ:3.6404, Delta/Signal:69.07%, Gateμ:-0.3511, Gate0%:0.0, MetaNormμ:8.0827 | Val Meta: Scaleμ:0.8808, Signal|S|μ:4.7593, Delta|S|μ:3.2999, Delta/Signal:69.34%, Gateμ:-0.3511, Gate0%:0.0, MetaNormμ:8.0827
Epoch 7/20 | Steps: 1284 | LR: 0.000100 | Train Loss: 0.445192 | Val Loss: 0.434191 | Train Meta: Scaleμ:0.8808, Signal|S|μ:5.6460, Delta|S|μ:3.8881, Delta/Signal:68.86%, Gateμ:-0.3511, Gate0%:0.0, MetaNormμ:8.0827 | Val Meta: Scaleμ:0.8808, Signal|S|μ:4.7593, Delta|S|μ:3.2999, Delta/Signal:69.34%, Gateμ:-0.3511, Gate0%:0.0, MetaNormμ:8.0827
   -> Updated best validation state: val_loss=0.434191 at epoch 7
Epoch 8/20 | Steps: 1284 | LR: 0.000100 | Train Loss: 0.444854 | Val Loss: 0.488836 | Train Meta: Scaleμ:0.8808, Signal|S|μ:5.2706, Delta|S|μ:3.6442, Delta/Signal:69.14%, Gateμ:-0.3511, Gate0%:0.0, MetaNormμ:8.0827 | Val Meta: Scaleμ:0.8808, Signal|S|μ:4.7593, Delta|S|μ:3.2999, Delta/Signal:69.34%, Gateμ:-0.3511, Gate0%:0.0, MetaNormμ:8.0827
Epoch 9/20 | Steps: 1284 | LR: 0.000100 | Train Loss: 0.443673 | Val Loss: 0.429324 | Train Meta: Scaleμ:0.8808, Signal|S|μ:5.3334, Delta|S|μ:3.6765, Delta/Signal:68.93%, Gateμ:-0.3511, Gate0%:0.0, MetaNormμ:8.0827 | Val Meta: Scaleμ:0.8808, Signal|S|μ:4.7593, Delta|S|μ:3.2999, Delta/Signal:69.34%, Gateμ:-0.3511, Gate0%:0.0, MetaNormμ:8.0827
   -> Updated best validation state: val_loss=0.429324 at epoch 9
Epoch 10/20 | Steps: 1284 | LR: 0.000100 | Train Loss: 0.443838 | Val Loss: 0.450814 | Train Meta: Scaleμ:0.8808, Signal|S|μ:5.8967, Delta|S|μ:4.0667, Delta/Signal:68.97%, Gateμ:-0.3511, Gate0%:0.0, MetaNormμ:8.0827 | Val Meta: Scaleμ:0.8808, Signal|S|μ:4.7593, Delta|S|μ:3.2999, Delta/Signal:69.34%, Gateμ:-0.3511, Gate0%:0.0, MetaNormμ:8.0827
Epoch 11/20 | Steps: 1284 | LR: 0.000100 | Train Loss: 0.444059 | Val Loss: 0.426000 | Train Meta: Scaleμ:0.8808, Signal|S|μ:5.4003, Delta|S|μ:3.7294, Delta/Signal:69.06%, Gateμ:-0.3511, Gate0%:0.0, MetaNormμ:8.0827 | Val Meta: Scaleμ:0.8808, Signal|S|μ:4.7593, Delta|S|μ:3.2999, Delta/Signal:69.34%, Gateμ:-0.3511, Gate0%:0.0, MetaNormμ:8.0827
   -> Updated best validation state: val_loss=0.426000 at epoch 11
Epoch 12/20 | Steps: 1284 | LR: 0.000100 | Train Loss: 0.442592 | Val Loss: 0.427687 | Train Meta: Scaleμ:0.8808, Signal|S|μ:5.4710, Delta|S|μ:3.7756, Delta/Signal:69.01%, Gateμ:-0.3511, Gate0%:0.0, MetaNormμ:8.0827 | Val Meta: Scaleμ:0.8808, Signal|S|μ:4.7593, Delta|S|μ:3.2999, Delta/Signal:69.34%, Gateμ:-0.3511, Gate0%:0.0, MetaNormμ:8.0827
Epoch 13/20 | Steps: 1284 | LR: 0.000100 | Train Loss: 0.441577 | Val Loss: 0.436564 | Train Meta: Scaleμ:0.8808, Signal|S|μ:5.0676, Delta|S|μ:3.4966, Delta/Signal:69.00%, Gateμ:-0.3511, Gate0%:0.0, MetaNormμ:8.0827 | Val Meta: Scaleμ:0.8808, Signal|S|μ:4.7593, Delta|S|μ:3.2999, Delta/Signal:69.34%, Gateμ:-0.3511, Gate0%:0.0, MetaNormμ:8.0827
Epoch 14/20 | Steps: 1284 | LR: 0.000100 | Train Loss: 0.440609 | Val Loss: 0.426643 | Train Meta: Scaleμ:0.8808, Signal|S|μ:4.9534, Delta|S|μ:3.4225, Delta/Signal:69.10%, Gateμ:-0.3511, Gate0%:0.0, MetaNormμ:8.0827 | Val Meta: Scaleμ:0.8808, Signal|S|μ:4.7593, Delta|S|μ:3.2999, Delta/Signal:69.34%, Gateμ:-0.3511, Gate0%:0.0, MetaNormμ:8.0827
Epoch 15/20 | Steps: 1284 | LR: 0.000100 | Train Loss: 0.441530 | Val Loss: 0.451163 | Train Meta: Scaleμ:0.8808, Signal|S|μ:5.1480, Delta|S|μ:3.5571, Delta/Signal:69.10%, Gateμ:-0.3511, Gate0%:0.0, MetaNormμ:8.0827 | Val Meta: Scaleμ:0.8808, Signal|S|μ:4.7593, Delta|S|μ:3.2999, Delta/Signal:69.34%, Gateμ:-0.3511, Gate0%:0.0, MetaNormμ:8.0827
Epoch 16/20 | Steps: 1284 | LR: 0.000100 | Train Loss: 0.440253 | Val Loss: 0.425085 | Train Meta: Scaleμ:0.8808, Signal|S|μ:5.1555, Delta|S|μ:3.5541, Delta/Signal:68.94%, Gateμ:-0.3511, Gate0%:0.0, MetaNormμ:8.0827 | Val Meta: Scaleμ:0.8808, Signal|S|μ:4.7593, Delta|S|μ:3.2999, Delta/Signal:69.34%, Gateμ:-0.3511, Gate0%:0.0, MetaNormμ:8.0827
   -> Updated best validation state: val_loss=0.425085 at epoch 16
Epoch 17/20 | Steps: 1284 | LR: 0.000100 | Train Loss: 0.438894 | Val Loss: 0.426322 | Train Meta: Scaleμ:0.8808, Signal|S|μ:5.2080, Delta|S|μ:3.5864, Delta/Signal:68.86%, Gateμ:-0.3511, Gate0%:0.0, MetaNormμ:8.0827 | Val Meta: Scaleμ:0.8808, Signal|S|μ:4.7593, Delta|S|μ:3.2999, Delta/Signal:69.34%, Gateμ:-0.3511, Gate0%:0.0, MetaNormμ:8.0827
Epoch 18/20 | Steps: 1284 | LR: 0.000100 | Train Loss: 0.441856 | Val Loss: 0.464948 | Train Meta: Scaleμ:0.8808, Signal|S|μ:5.2512, Delta|S|μ:3.6198, Delta/Signal:68.93%, Gateμ:-0.3511, Gate0%:0.0, MetaNormμ:8.0827 | Val Meta: Scaleμ:0.8808, Signal|S|μ:4.7593, Delta|S|μ:3.2999, Delta/Signal:69.34%, Gateμ:-0.3511, Gate0%:0.0, MetaNormμ:8.0827
Epoch 19/20 | Steps: 1284 | LR: 0.000100 | Train Loss: 0.439762 | Val Loss: 0.423622 | Train Meta: Scaleμ:0.8808, Signal|S|μ:5.2079, Delta|S|μ:3.6007, Delta/Signal:69.14%, Gateμ:-0.3511, Gate0%:0.0, MetaNormμ:8.0827 | Val Meta: Scaleμ:0.8808, Signal|S|μ:4.7593, Delta|S|μ:3.2999, Delta/Signal:69.34%, Gateμ:-0.3511, Gate0%:0.0, MetaNormμ:8.0827
   -> Updated best validation state: val_loss=0.423622 at epoch 19
Epoch 20/20 | Steps: 1284 | LR: 0.000100 | Train Loss: 0.439727 | Val Loss: 0.422689 | Train Meta: Scaleμ:0.8808, Signal|S|μ:5.4331, Delta|S|μ:3.7488, Delta/Signal:69.00%, Gateμ:-0.3511, Gate0%:0.0, MetaNormμ:8.0827 | Val Meta: Scaleμ:0.8808, Signal|S|μ:4.7593, Delta|S|μ:3.2999, Delta/Signal:69.34%, Gateμ:-0.3511, Gate0%:0.0, MetaNormμ:8.0827
   -> Updated best validation state: val_loss=0.422689 at epoch 20
{'test_mse': 0.5387499332427979, 'test_mae': 0.535051167011261}
Saved best forecasting checkpoint under checkpoints/forecasting_ettm1_192/electricity_laya_metadata_query_gate_text_stats_joint_best.pt
Saved attention maps for 3 sample(s) under ./runs/forecasting_electricity_to_ETTm1_laya_metadata_query_gate_text_stats_joint/pred_192/attention_maps
Joint metadata preview | dataset=ETTm1 | domain=ETTm1 | channels=7
   - HUFL: In the ETTm1 domain, this channel belongs to the ETTm1 dataset and represents the feature HUFL. Channel statistics over the training split: mean value is -0.000, standard deviation is 1.000, minimum value is -4.418, maximum value is 2.652, median value is 0.128, and mean absolute value is 0.698.
==================================================
🚀 Architecture: LAYA
📊 Target Dataset: ETTm1 (Channels: 7)
📊 Pretrain Info: electricity (Detected Channels: 7)
📊 Prediction Length: 336
==================================================
✅ Loaded pretrained encoder from ./checkpoints/electricity_laya_metadata_query_gate_text_stats_joint/laya_ts_electricity_s_best.pt
   - 62/62 keys matched.
ℹ️ Channel Adapter: disabled
📝 metadata: mode=text_stats_joint, fusion=none, relation=metadata_query_gate
ℹ️ Metadata Fusion Mode: none
ℹ️ Channel Mixer Relation Mode: metadata_query_gate
ℹ️ Encoder Variant: default
ℹ️ Channel Relation Block: disabled
✅ Probing Head [Mixer, channel-wise]: [B*C, 1024] -> [B, 7, 336]
Epoch 1/20 | Steps: 1280 | LR: 0.000100 | Train Loss: 0.573688 | Val Loss: 0.499394 | Train Meta: Scaleμ:0.8808, Signal|S|μ:5.0677, Delta|S|μ:3.4955, Delta/Signal:68.98%, Gateμ:-0.3511, Gate0%:0.0, MetaNormμ:8.0827 | Val Meta: Scaleμ:0.8808, Signal|S|μ:4.7593, Delta|S|μ:3.2999, Delta/Signal:69.34%, Gateμ:-0.3511, Gate0%:0.0, MetaNormμ:8.0827
   -> Updated best validation state: val_loss=0.499394 at epoch 1
Epoch 2/20 | Steps: 1280 | LR: 0.000100 | Train Loss: 0.500694 | Val Loss: 0.508312 | Train Meta: Scaleμ:0.8808, Signal|S|μ:5.5403, Delta|S|μ:3.8178, Delta/Signal:68.91%, Gateμ:-0.3511, Gate0%:0.0, MetaNormμ:8.0827 | Val Meta: Scaleμ:0.8808, Signal|S|μ:4.7593, Delta|S|μ:3.2999, Delta/Signal:69.34%, Gateμ:-0.3511, Gate0%:0.0, MetaNormμ:8.0827
Epoch 3/20 | Steps: 1280 | LR: 0.000100 | Train Loss: 0.495185 | Val Loss: 0.483795 | Train Meta: Scaleμ:0.8808, Signal|S|μ:5.9152, Delta|S|μ:4.0809, Delta/Signal:68.99%, Gateμ:-0.3511, Gate0%:0.0, MetaNormμ:8.0827 | Val Meta: Scaleμ:0.8808, Signal|S|μ:4.7593, Delta|S|μ:3.2999, Delta/Signal:69.34%, Gateμ:-0.3511, Gate0%:0.0, MetaNormμ:8.0827
   -> Updated best validation state: val_loss=0.483795 at epoch 3
Epoch 4/20 | Steps: 1280 | LR: 0.000100 | Train Loss: 0.492690 | Val Loss: 0.475305 | Train Meta: Scaleμ:0.8808, Signal|S|μ:5.5986, Delta|S|μ:3.8695, Delta/Signal:69.11%, Gateμ:-0.3511, Gate0%:0.0, MetaNormμ:8.0827 | Val Meta: Scaleμ:0.8808, Signal|S|μ:4.7593, Delta|S|μ:3.2999, Delta/Signal:69.34%, Gateμ:-0.3511, Gate0%:0.0, MetaNormμ:8.0827
   -> Updated best validation state: val_loss=0.475305 at epoch 4
Epoch 5/20 | Steps: 1280 | LR: 0.000100 | Train Loss: 0.492723 | Val Loss: 0.507520 | Train Meta: Scaleμ:0.8808, Signal|S|μ:5.2575, Delta|S|μ:3.6283, Delta/Signal:69.01%, Gateμ:-0.3511, Gate0%:0.0, MetaNormμ:8.0827 | Val Meta: Scaleμ:0.8808, Signal|S|μ:4.7593, Delta|S|μ:3.2999, Delta/Signal:69.34%, Gateμ:-0.3511, Gate0%:0.0, MetaNormμ:8.0827
Epoch 6/20 | Steps: 1280 | LR: 0.000100 | Train Loss: 0.489027 | Val Loss: 0.485424 | Train Meta: Scaleμ:0.8808, Signal|S|μ:5.3733, Delta|S|μ:3.7102, Delta/Signal:69.05%, Gateμ:-0.3511, Gate0%:0.0, MetaNormμ:8.0827 | Val Meta: Scaleμ:0.8808, Signal|S|μ:4.7593, Delta|S|μ:3.2999, Delta/Signal:69.34%, Gateμ:-0.3511, Gate0%:0.0, MetaNormμ:8.0827
Epoch 7/20 | Steps: 1280 | LR: 0.000100 | Train Loss: 0.488360 | Val Loss: 0.466276 | Train Meta: Scaleμ:0.8808, Signal|S|μ:5.1325, Delta|S|μ:3.5400, Delta/Signal:68.97%, Gateμ:-0.3511, Gate0%:0.0, MetaNormμ:8.0827 | Val Meta: Scaleμ:0.8808, Signal|S|μ:4.7593, Delta|S|μ:3.2999, Delta/Signal:69.34%, Gateμ:-0.3511, Gate0%:0.0, MetaNormμ:8.0827
   -> Updated best validation state: val_loss=0.466276 at epoch 7
Epoch 8/20 | Steps: 1280 | LR: 0.000100 | Train Loss: 0.486087 | Val Loss: 0.471101 | Train Meta: Scaleμ:0.8808, Signal|S|μ:5.1800, Delta|S|μ:3.5660, Delta/Signal:68.84%, Gateμ:-0.3511, Gate0%:0.0, MetaNormμ:8.0827 | Val Meta: Scaleμ:0.8808, Signal|S|μ:4.7593, Delta|S|μ:3.2999, Delta/Signal:69.34%, Gateμ:-0.3511, Gate0%:0.0, MetaNormμ:8.0827
Epoch 9/20 | Steps: 1280 | LR: 0.000100 | Train Loss: 0.488293 | Val Loss: 0.477379 | Train Meta: Scaleμ:0.8808, Signal|S|μ:5.5428, Delta|S|μ:3.8312, Delta/Signal:69.12%, Gateμ:-0.3511, Gate0%:0.0, MetaNormμ:8.0827 | Val Meta: Scaleμ:0.8808, Signal|S|μ:4.7593, Delta|S|μ:3.2999, Delta/Signal:69.34%, Gateμ:-0.3511, Gate0%:0.0, MetaNormμ:8.0827
Epoch 10/20 | Steps: 1280 | LR: 0.000100 | Train Loss: 0.484367 | Val Loss: 0.462157 | Train Meta: Scaleμ:0.8808, Signal|S|μ:5.3329, Delta|S|μ:3.6777, Delta/Signal:68.96%, Gateμ:-0.3511, Gate0%:0.0, MetaNormμ:8.0827 | Val Meta: Scaleμ:0.8808, Signal|S|μ:4.7593, Delta|S|μ:3.2999, Delta/Signal:69.34%, Gateμ:-0.3511, Gate0%:0.0, MetaNormμ:8.0827
   -> Updated best validation state: val_loss=0.462157 at epoch 10
Epoch 11/20 | Steps: 1280 | LR: 0.000100 | Train Loss: 0.486006 | Val Loss: 0.491963 | Train Meta: Scaleμ:0.8808, Signal|S|μ:5.2140, Delta|S|μ:3.5921, Delta/Signal:68.89%, Gateμ:-0.3511, Gate0%:0.0, MetaNormμ:8.0827 | Val Meta: Scaleμ:0.8808, Signal|S|μ:4.7593, Delta|S|μ:3.2999, Delta/Signal:69.34%, Gateμ:-0.3511, Gate0%:0.0, MetaNormμ:8.0827
Epoch 12/20 | Steps: 1280 | LR: 0.000100 | Train Loss: 0.484090 | Val Loss: 0.462674 | Train Meta: Scaleμ:0.8808, Signal|S|μ:5.2129, Delta|S|μ:3.5988, Delta/Signal:69.04%, Gateμ:-0.3511, Gate0%:0.0, MetaNormμ:8.0827 | Val Meta: Scaleμ:0.8808, Signal|S|μ:4.7593, Delta|S|μ:3.2999, Delta/Signal:69.34%, Gateμ:-0.3511, Gate0%:0.0, MetaNormμ:8.0827
Epoch 13/20 | Steps: 1280 | LR: 0.000100 | Train Loss: 0.482628 | Val Loss: 0.461712 | Train Meta: Scaleμ:0.8808, Signal|S|μ:5.2059, Delta|S|μ:3.5835, Delta/Signal:68.83%, Gateμ:-0.3511, Gate0%:0.0, MetaNormμ:8.0827 | Val Meta: Scaleμ:0.8808, Signal|S|μ:4.7593, Delta|S|μ:3.2999, Delta/Signal:69.34%, Gateμ:-0.3511, Gate0%:0.0, MetaNormμ:8.0827
   -> Updated best validation state: val_loss=0.461712 at epoch 13
Epoch 14/20 | Steps: 1280 | LR: 0.000100 | Train Loss: 0.484141 | Val Loss: 0.470255 | Train Meta: Scaleμ:0.8808, Signal|S|μ:5.3151, Delta|S|μ:3.6664, Delta/Signal:68.98%, Gateμ:-0.3511, Gate0%:0.0, MetaNormμ:8.0827 | Val Meta: Scaleμ:0.8808, Signal|S|μ:4.7593, Delta|S|μ:3.2999, Delta/Signal:69.34%, Gateμ:-0.3511, Gate0%:0.0, MetaNormμ:8.0827
Epoch 15/20 | Steps: 1280 | LR: 0.000100 | Train Loss: 0.481680 | Val Loss: 0.499986 | Train Meta: Scaleμ:0.8808, Signal|S|μ:5.1587, Delta|S|μ:3.5552, Delta/Signal:68.92%, Gateμ:-0.3511, Gate0%:0.0, MetaNormμ:8.0827 | Val Meta: Scaleμ:0.8808, Signal|S|μ:4.7593, Delta|S|μ:3.2999, Delta/Signal:69.34%, Gateμ:-0.3511, Gate0%:0.0, MetaNormμ:8.0827
Epoch 16/20 | Steps: 1280 | LR: 0.000100 | Train Loss: 0.482490 | Val Loss: 0.459247 | Train Meta: Scaleμ:0.8808, Signal|S|μ:5.4073, Delta|S|μ:3.7287, Delta/Signal:68.96%, Gateμ:-0.3511, Gate0%:0.0, MetaNormμ:8.0827 | Val Meta: Scaleμ:0.8808, Signal|S|μ:4.7593, Delta|S|μ:3.2999, Delta/Signal:69.34%, Gateμ:-0.3511, Gate0%:0.0, MetaNormμ:8.0827
   -> Updated best validation state: val_loss=0.459247 at epoch 16
Epoch 17/20 | Steps: 1280 | LR: 0.000100 | Train Loss: 0.481500 | Val Loss: 0.460759 | Train Meta: Scaleμ:0.8808, Signal|S|μ:5.8127, Delta|S|μ:4.0152, Delta/Signal:69.08%, Gateμ:-0.3511, Gate0%:0.0, MetaNormμ:8.0827 | Val Meta: Scaleμ:0.8808, Signal|S|μ:4.7593, Delta|S|μ:3.2999, Delta/Signal:69.34%, Gateμ:-0.3511, Gate0%:0.0, MetaNormμ:8.0827
Epoch 18/20 | Steps: 1280 | LR: 0.000100 | Train Loss: 0.482473 | Val Loss: 0.474384 | Train Meta: Scaleμ:0.8808, Signal|S|μ:5.3206, Delta|S|μ:3.6703, Delta/Signal:68.98%, Gateμ:-0.3511, Gate0%:0.0, MetaNormμ:8.0827 | Val Meta: Scaleμ:0.8808, Signal|S|μ:4.7593, Delta|S|μ:3.2999, Delta/Signal:69.34%, Gateμ:-0.3511, Gate0%:0.0, MetaNormμ:8.0827
Epoch 19/20 | Steps: 1280 | LR: 0.000100 | Train Loss: 0.482064 | Val Loss: 0.497930 | Train Meta: Scaleμ:0.8808, Signal|S|μ:5.4900, Delta|S|μ:3.7865, Delta/Signal:68.97%, Gateμ:-0.3511, Gate0%:0.0, MetaNormμ:8.0827 | Val Meta: Scaleμ:0.8808, Signal|S|μ:4.7593, Delta|S|μ:3.2999, Delta/Signal:69.34%, Gateμ:-0.3511, Gate0%:0.0, MetaNormμ:8.0827
Epoch 20/20 | Steps: 1280 | LR: 0.000100 | Train Loss: 0.482353 | Val Loss: 0.505931 | Train Meta: Scaleμ:0.8808, Signal|S|μ:5.3441, Delta|S|μ:3.6893, Delta/Signal:69.03%, Gateμ:-0.3511, Gate0%:0.0, MetaNormμ:8.0827 | Val Meta: Scaleμ:0.8808, Signal|S|μ:4.7593, Delta|S|μ:3.2999, Delta/Signal:69.34%, Gateμ:-0.3511, Gate0%:0.0, MetaNormμ:8.0827
{'test_mse': 0.5752419829368591, 'test_mae': 0.5530868768692017}
Saved best forecasting checkpoint under checkpoints/forecasting_ettm1_336/electricity_laya_metadata_query_gate_text_stats_joint_best.pt
Saved attention maps for 3 sample(s) under ./runs/forecasting_electricity_to_ETTm1_laya_metadata_query_gate_text_stats_joint/pred_336/attention_maps
Joint metadata preview | dataset=ETTm1 | domain=ETTm1 | channels=7
   - HUFL: In the ETTm1 domain, this channel belongs to the ETTm1 dataset and represents the feature HUFL. Channel statistics over the training split: mean value is -0.000, standard deviation is 1.000, minimum value is -4.418, maximum value is 2.652, median value is 0.128, and mean absolute value is 0.698.
==================================================
🚀 Architecture: LAYA
📊 Target Dataset: ETTm1 (Channels: 7)
📊 Pretrain Info: electricity (Detected Channels: 7)
📊 Prediction Length: 720
==================================================
✅ Loaded pretrained encoder from ./checkpoints/electricity_laya_metadata_query_gate_text_stats_joint/laya_ts_electricity_s_best.pt
   - 62/62 keys matched.
ℹ️ Channel Adapter: disabled
📝 metadata: mode=text_stats_joint, fusion=none, relation=metadata_query_gate
ℹ️ Metadata Fusion Mode: none
ℹ️ Channel Mixer Relation Mode: metadata_query_gate
ℹ️ Encoder Variant: default
ℹ️ Channel Relation Block: disabled
✅ Probing Head [Mixer, channel-wise]: [B*C, 1024] -> [B, 7, 720]
Epoch 1/20 | Steps: 1268 | LR: 0.000100 | Train Loss: 0.637522 | Val Loss: 0.539331 | Train Meta: Scaleμ:0.8808, Signal|S|μ:5.3095, Delta|S|μ:3.6701, Delta/Signal:69.12%, Gateμ:-0.3511, Gate0%:0.0, MetaNormμ:8.0827 | Val Meta: Scaleμ:0.8808, Signal|S|μ:4.7593, Delta|S|μ:3.2999, Delta/Signal:69.34%, Gateμ:-0.3511, Gate0%:0.0, MetaNormμ:8.0827
   -> Updated best validation state: val_loss=0.539331 at epoch 1
Epoch 2/20 | Steps: 1268 | LR: 0.000100 | Train Loss: 0.568035 | Val Loss: 0.550316 | Train Meta: Scaleμ:0.8808, Signal|S|μ:5.1336, Delta|S|μ:3.5398, Delta/Signal:68.95%, Gateμ:-0.3511, Gate0%:0.0, MetaNormμ:8.0827 | Val Meta: Scaleμ:0.8808, Signal|S|μ:4.7593, Delta|S|μ:3.2999, Delta/Signal:69.34%, Gateμ:-0.3511, Gate0%:0.0, MetaNormμ:8.0827
Epoch 3/20 | Steps: 1268 | LR: 0.000100 | Train Loss: 0.566110 | Val Loss: 0.533350 | Train Meta: Scaleμ:0.8808, Signal|S|μ:5.7152, Delta|S|μ:3.9400, Delta/Signal:68.94%, Gateμ:-0.3511, Gate0%:0.0, MetaNormμ:8.0827 | Val Meta: Scaleμ:0.8808, Signal|S|μ:4.7593, Delta|S|μ:3.2999, Delta/Signal:69.34%, Gateμ:-0.3511, Gate0%:0.0, MetaNormμ:8.0827
   -> Updated best validation state: val_loss=0.533350 at epoch 3
Epoch 4/20 | Steps: 1268 | LR: 0.000100 | Train Loss: 0.563958 | Val Loss: 0.530903 | Train Meta: Scaleμ:0.8808, Signal|S|μ:5.2087, Delta|S|μ:3.6047, Delta/Signal:69.21%, Gateμ:-0.3511, Gate0%:0.0, MetaNormμ:8.0827 | Val Meta: Scaleμ:0.8808, Signal|S|μ:4.7593, Delta|S|μ:3.2999, Delta/Signal:69.34%, Gateμ:-0.3511, Gate0%:0.0, MetaNormμ:8.0827
   -> Updated best validation state: val_loss=0.530903 at epoch 4
Epoch 5/20 | Steps: 1268 | LR: 0.000100 | Train Loss: 0.561782 | Val Loss: 0.527040 | Train Meta: Scaleμ:0.8808, Signal|S|μ:5.0646, Delta|S|μ:3.4985, Delta/Signal:69.08%, Gateμ:-0.3511, Gate0%:0.0, MetaNormμ:8.0827 | Val Meta: Scaleμ:0.8808, Signal|S|μ:4.7593, Delta|S|μ:3.2999, Delta/Signal:69.34%, Gateμ:-0.3511, Gate0%:0.0, MetaNormμ:8.0827
   -> Updated best validation state: val_loss=0.527040 at epoch 5
Epoch 6/20 | Steps: 1268 | LR: 0.000100 | Train Loss: 0.563807 | Val Loss: 0.552831 | Train Meta: Scaleμ:0.8808, Signal|S|μ:5.2624, Delta|S|μ:3.6286, Delta/Signal:68.95%, Gateμ:-0.3511, Gate0%:0.0, MetaNormμ:8.0827 | Val Meta: Scaleμ:0.8808, Signal|S|μ:4.7593, Delta|S|μ:3.2999, Delta/Signal:69.34%, Gateμ:-0.3511, Gate0%:0.0, MetaNormμ:8.0827
Epoch 7/20 | Steps: 1268 | LR: 0.000100 | Train Loss: 0.559657 | Val Loss: 0.531958 | Train Meta: Scaleμ:0.8808, Signal|S|μ:5.3961, Delta|S|μ:3.7252, Delta/Signal:69.04%, Gateμ:-0.3511, Gate0%:0.0, MetaNormμ:8.0827 | Val Meta: Scaleμ:0.8808, Signal|S|μ:4.7593, Delta|S|μ:3.2999, Delta/Signal:69.34%, Gateμ:-0.3511, Gate0%:0.0, MetaNormμ:8.0827
Epoch 8/20 | Steps: 1268 | LR: 0.000100 | Train Loss: 0.559420 | Val Loss: 0.588138 | Train Meta: Scaleμ:0.8808, Signal|S|μ:5.7807, Delta|S|μ:3.9910, Delta/Signal:69.04%, Gateμ:-0.3511, Gate0%:0.0, MetaNormμ:8.0827 | Val Meta: Scaleμ:0.8808, Signal|S|μ:4.7593, Delta|S|μ:3.2999, Delta/Signal:69.34%, Gateμ:-0.3511, Gate0%:0.0, MetaNormμ:8.0827
Epoch 9/20 | Steps: 1268 | LR: 0.000100 | Train Loss: 0.556860 | Val Loss: 0.529533 | Train Meta: Scaleμ:0.8808, Signal|S|μ:5.0116, Delta|S|μ:3.4597, Delta/Signal:69.03%, Gateμ:-0.3511, Gate0%:0.0, MetaNormμ:8.0827 | Val Meta: Scaleμ:0.8808, Signal|S|μ:4.7593, Delta|S|μ:3.2999, Delta/Signal:69.34%, Gateμ:-0.3511, Gate0%:0.0, MetaNormμ:8.0827
Epoch 10/20 | Steps: 1268 | LR: 0.000100 | Train Loss: 0.559191 | Val Loss: 0.555627 | Train Meta: Scaleμ:0.8808, Signal|S|μ:5.8788, Delta|S|μ:4.0603, Delta/Signal:69.07%, Gateμ:-0.3511, Gate0%:0.0, MetaNormμ:8.0827 | Val Meta: Scaleμ:0.8808, Signal|S|μ:4.7593, Delta|S|μ:3.2999, Delta/Signal:69.34%, Gateμ:-0.3511, Gate0%:0.0, MetaNormμ:8.0827
Epoch 11/20 | Steps: 1268 | LR: 0.000100 | Train Loss: 0.558113 | Val Loss: 0.531515 | Train Meta: Scaleμ:0.8808, Signal|S|μ:5.6080, Delta|S|μ:3.8753, Delta/Signal:69.10%, Gateμ:-0.3511, Gate0%:0.0, MetaNormμ:8.0827 | Val Meta: Scaleμ:0.8808, Signal|S|μ:4.7593, Delta|S|μ:3.2999, Delta/Signal:69.34%, Gateμ:-0.3511, Gate0%:0.0, MetaNormμ:8.0827
Epoch 12/20 | Steps: 1268 | LR: 0.000100 | Train Loss: 0.557613 | Val Loss: 0.522839 | Train Meta: Scaleμ:0.8808, Signal|S|μ:5.5638, Delta|S|μ:3.8460, Delta/Signal:69.13%, Gateμ:-0.3511, Gate0%:0.0, MetaNormμ:8.0827 | Val Meta: Scaleμ:0.8808, Signal|S|μ:4.7593, Delta|S|μ:3.2999, Delta/Signal:69.34%, Gateμ:-0.3511, Gate0%:0.0, MetaNormμ:8.0827
   -> Updated best validation state: val_loss=0.522839 at epoch 12
Epoch 13/20 | Steps: 1268 | LR: 0.000100 | Train Loss: 0.555282 | Val Loss: 0.528789 | Train Meta: Scaleμ:0.8808, Signal|S|μ:5.7746, Delta|S|μ:3.9861, Delta/Signal:69.03%, Gateμ:-0.3511, Gate0%:0.0, MetaNormμ:8.0827 | Val Meta: Scaleμ:0.8808, Signal|S|μ:4.7593, Delta|S|μ:3.2999, Delta/Signal:69.34%, Gateμ:-0.3511, Gate0%:0.0, MetaNormμ:8.0827
Epoch 14/20 | Steps: 1268 | LR: 0.000100 | Train Loss: 0.555157 | Val Loss: 0.547661 | Train Meta: Scaleμ:0.8808, Signal|S|μ:5.3078, Delta|S|μ:3.6655, Delta/Signal:69.06%, Gateμ:-0.3511, Gate0%:0.0, MetaNormμ:8.0827 | Val Meta: Scaleμ:0.8808, Signal|S|μ:4.7593, Delta|S|μ:3.2999, Delta/Signal:69.34%, Gateμ:-0.3511, Gate0%:0.0, MetaNormμ:8.0827
Epoch 15/20 | Steps: 1268 | LR: 0.000100 | Train Loss: 0.554790 | Val Loss: 0.524477 | Train Meta: Scaleμ:0.8808, Signal|S|μ:5.6045, Delta|S|μ:3.8615, Delta/Signal:68.90%, Gateμ:-0.3511, Gate0%:0.0, MetaNormμ:8.0827 | Val Meta: Scaleμ:0.8808, Signal|S|μ:4.7593, Delta|S|μ:3.2999, Delta/Signal:69.34%, Gateμ:-0.3511, Gate0%:0.0, MetaNormμ:8.0827
Epoch 16/20 | Steps: 1268 | LR: 0.000100 | Train Loss: 0.556468 | Val Loss: 0.526867 | Train Meta: Scaleμ:0.8808, Signal|S|μ:5.5059, Delta|S|μ:3.8033, Delta/Signal:69.08%, Gateμ:-0.3511, Gate0%:0.0, MetaNormμ:8.0827 | Val Meta: Scaleμ:0.8808, Signal|S|μ:4.7593, Delta|S|μ:3.2999, Delta/Signal:69.34%, Gateμ:-0.3511, Gate0%:0.0, MetaNormμ:8.0827
Epoch 17/20 | Steps: 1268 | LR: 0.000100 | Train Loss: 0.554599 | Val Loss: 0.526856 | Train Meta: Scaleμ:0.8808, Signal|S|μ:5.4450, Delta|S|μ:3.7503, Delta/Signal:68.88%, Gateμ:-0.3511, Gate0%:0.0, MetaNormμ:8.0827 | Val Meta: Scaleμ:0.8808, Signal|S|μ:4.7593, Delta|S|μ:3.2999, Delta/Signal:69.34%, Gateμ:-0.3511, Gate0%:0.0, MetaNormμ:8.0827
Epoch 18/20 | Steps: 1268 | LR: 0.000100 | Train Loss: 0.554818 | Val Loss: 0.539108 | Train Meta: Scaleμ:0.8808, Signal|S|μ:5.6226, Delta|S|μ:3.8749, Delta/Signal:68.92%, Gateμ:-0.3511, Gate0%:0.0, MetaNormμ:8.0827 | Val Meta: Scaleμ:0.8808, Signal|S|μ:4.7593, Delta|S|μ:3.2999, Delta/Signal:69.34%, Gateμ:-0.3511, Gate0%:0.0, MetaNormμ:8.0827
Epoch 19/20 | Steps: 1268 | LR: 0.000100 | Train Loss: 0.553988 | Val Loss: 0.539993 | Train Meta: Scaleμ:0.8808, Signal|S|μ:4.8646, Delta|S|μ:3.3589, Delta/Signal:69.05%, Gateμ:-0.3511, Gate0%:0.0, MetaNormμ:8.0827 | Val Meta: Scaleμ:0.8808, Signal|S|μ:4.7593, Delta|S|μ:3.2999, Delta/Signal:69.34%, Gateμ:-0.3511, Gate0%:0.0, MetaNormμ:8.0827
Epoch 20/20 | Steps: 1268 | LR: 0.000100 | Train Loss: 0.552588 | Val Loss: 0.523116 | Train Meta: Scaleμ:0.8808, Signal|S|μ:5.7319, Delta|S|μ:3.9539, Delta/Signal:68.98%, Gateμ:-0.3511, Gate0%:0.0, MetaNormμ:8.0827 | Val Meta: Scaleμ:0.8808, Signal|S|μ:4.7593, Delta|S|μ:3.2999, Delta/Signal:69.34%, Gateμ:-0.3511, Gate0%:0.0, MetaNormμ:8.0827
{'test_mse': 0.6244070529937744, 'test_mae': 0.5826695561408997}
Saved best forecasting checkpoint under checkpoints/forecasting_ettm1_720/electricity_laya_metadata_query_gate_text_stats_joint_best.pt
Saved attention maps for 3 sample(s) under ./runs/forecasting_electricity_to_ETTm1_laya_metadata_query_gate_text_stats_joint/pred_720/attention_maps
Joint metadata preview | dataset=ETTm2 | domain=ETTm2 | channels=7
   - HUFL: In the ETTm2 domain, this channel belongs to the ETTm2 dataset and represents the feature HUFL. Channel statistics over the training split: mean value is 0.000, standard deviation is 1.000, minimum value is -4.096, maximum value is 6.712, median value is 0.066, and mean absolute value is 0.721.
==================================================
🚀 Architecture: LAYA
📊 Target Dataset: ETTm2 (Channels: 7)
📊 Pretrain Info: electricity (Detected Channels: 7)
📊 Prediction Length: 96
==================================================
✅ Loaded pretrained encoder from ./checkpoints/electricity_laya_metadata_query_gate_text_stats_joint/laya_ts_electricity_s_best.pt
   - 62/62 keys matched.
ℹ️ Channel Adapter: disabled
📝 metadata: mode=text_stats_joint, fusion=none, relation=metadata_query_gate
ℹ️ Metadata Fusion Mode: none
ℹ️ Channel Mixer Relation Mode: metadata_query_gate
ℹ️ Encoder Variant: default
ℹ️ Channel Relation Block: disabled
✅ Probing Head [Mixer, channel-wise]: [B*C, 1024] -> [B, 7, 96]
Epoch 1/20 | Steps: 1287 | LR: 0.000100 | Train Loss: 0.510321 | Val Loss: 1.137457 | Train Meta: Scaleμ:0.8808, Signal|S|μ:4.9785, Delta|S|μ:3.0589, Delta/Signal:61.44%, Gateμ:-0.3329, Gate0%:0.0, MetaNormμ:7.8642 | Val Meta: Scaleμ:0.8808, Signal|S|μ:2.7412, Delta|S|μ:1.6992, Delta/Signal:61.99%, Gateμ:-0.3329, Gate0%:0.0, MetaNormμ:7.8642
   -> Updated best validation state: val_loss=1.137457 at epoch 1
Epoch 2/20 | Steps: 1287 | LR: 0.000100 | Train Loss: 0.427070 | Val Loss: 1.026284 | Train Meta: Scaleμ:0.8808, Signal|S|μ:5.3993, Delta|S|μ:3.3423, Delta/Signal:61.90%, Gateμ:-0.3329, Gate0%:0.0, MetaNormμ:7.8642 | Val Meta: Scaleμ:0.8808, Signal|S|μ:2.7412, Delta|S|μ:1.6992, Delta/Signal:61.99%, Gateμ:-0.3329, Gate0%:0.0, MetaNormμ:7.8642
   -> Updated best validation state: val_loss=1.026284 at epoch 2
Epoch 3/20 | Steps: 1287 | LR: 0.000100 | Train Loss: 0.423961 | Val Loss: 0.908092 | Train Meta: Scaleμ:0.8808, Signal|S|μ:5.2207, Delta|S|μ:3.2342, Delta/Signal:61.95%, Gateμ:-0.3329, Gate0%:0.0, MetaNormμ:7.8642 | Val Meta: Scaleμ:0.8808, Signal|S|μ:2.7412, Delta|S|μ:1.6992, Delta/Signal:61.99%, Gateμ:-0.3329, Gate0%:0.0, MetaNormμ:7.8642
   -> Updated best validation state: val_loss=0.908092 at epoch 3
Epoch 4/20 | Steps: 1287 | LR: 0.000100 | Train Loss: 0.421821 | Val Loss: 0.921294 | Train Meta: Scaleμ:0.8808, Signal|S|μ:5.2454, Delta|S|μ:3.2408, Delta/Signal:61.78%, Gateμ:-0.3329, Gate0%:0.0, MetaNormμ:7.8642 | Val Meta: Scaleμ:0.8808, Signal|S|μ:2.7412, Delta|S|μ:1.6992, Delta/Signal:61.99%, Gateμ:-0.3329, Gate0%:0.0, MetaNormμ:7.8642
Epoch 5/20 | Steps: 1287 | LR: 0.000100 | Train Loss: 0.420370 | Val Loss: 0.964870 | Train Meta: Scaleμ:0.8808, Signal|S|μ:4.9536, Delta|S|μ:3.0547, Delta/Signal:61.67%, Gateμ:-0.3329, Gate0%:0.0, MetaNormμ:7.8642 | Val Meta: Scaleμ:0.8808, Signal|S|μ:2.7412, Delta|S|μ:1.6992, Delta/Signal:61.99%, Gateμ:-0.3329, Gate0%:0.0, MetaNormμ:7.8642
Epoch 6/20 | Steps: 1287 | LR: 0.000100 | Train Loss: 0.420289 | Val Loss: 1.035973 | Train Meta: Scaleμ:0.8808, Signal|S|μ:5.1450, Delta|S|μ:3.1834, Delta/Signal:61.87%, Gateμ:-0.3329, Gate0%:0.0, MetaNormμ:7.8642 | Val Meta: Scaleμ:0.8808, Signal|S|μ:2.7412, Delta|S|μ:1.6992, Delta/Signal:61.99%, Gateμ:-0.3329, Gate0%:0.0, MetaNormμ:7.8642
Epoch 7/20 | Steps: 1287 | LR: 0.000100 | Train Loss: 0.419803 | Val Loss: 0.972755 | Train Meta: Scaleμ:0.8808, Signal|S|μ:5.4547, Delta|S|μ:3.3717, Delta/Signal:61.81%, Gateμ:-0.3329, Gate0%:0.0, MetaNormμ:7.8642 | Val Meta: Scaleμ:0.8808, Signal|S|μ:2.7412, Delta|S|μ:1.6992, Delta/Signal:61.99%, Gateμ:-0.3329, Gate0%:0.0, MetaNormμ:7.8642
Epoch 8/20 | Steps: 1287 | LR: 0.000100 | Train Loss: 0.417577 | Val Loss: 1.015418 | Train Meta: Scaleμ:0.8808, Signal|S|μ:5.7070, Delta|S|μ:3.4986, Delta/Signal:61.30%, Gateμ:-0.3329, Gate0%:0.0, MetaNormμ:7.8642 | Val Meta: Scaleμ:0.8808, Signal|S|μ:2.7412, Delta|S|μ:1.6992, Delta/Signal:61.99%, Gateμ:-0.3329, Gate0%:0.0, MetaNormμ:7.8642
Epoch 9/20 | Steps: 1287 | LR: 0.000100 | Train Loss: 0.417516 | Val Loss: 1.176254 | Train Meta: Scaleμ:0.8808, Signal|S|μ:6.5018, Delta|S|μ:3.9787, Delta/Signal:61.19%, Gateμ:-0.3329, Gate0%:0.0, MetaNormμ:7.8642 | Val Meta: Scaleμ:0.8808, Signal|S|μ:2.7412, Delta|S|μ:1.6992, Delta/Signal:61.99%, Gateμ:-0.3329, Gate0%:0.0, MetaNormμ:7.8642
Epoch 10/20 | Steps: 1287 | LR: 0.000100 | Train Loss: 0.416467 | Val Loss: 0.934302 | Train Meta: Scaleμ:0.8808, Signal|S|μ:4.6745, Delta|S|μ:2.8903, Delta/Signal:61.83%, Gateμ:-0.3329, Gate0%:0.0, MetaNormμ:7.8642 | Val Meta: Scaleμ:0.8808, Signal|S|μ:2.7412, Delta|S|μ:1.6992, Delta/Signal:61.99%, Gateμ:-0.3329, Gate0%:0.0, MetaNormμ:7.8642
Epoch 11/20 | Steps: 1287 | LR: 0.000100 | Train Loss: 0.417700 | Val Loss: 1.047409 | Train Meta: Scaleμ:0.8808, Signal|S|μ:5.1034, Delta|S|μ:3.1595, Delta/Signal:61.91%, Gateμ:-0.3329, Gate0%:0.0, MetaNormμ:7.8642 | Val Meta: Scaleμ:0.8808, Signal|S|μ:2.7412, Delta|S|μ:1.6992, Delta/Signal:61.99%, Gateμ:-0.3329, Gate0%:0.0, MetaNormμ:7.8642
Epoch 12/20 | Steps: 1287 | LR: 0.000100 | Train Loss: 0.415510 | Val Loss: 1.185718 | Train Meta: Scaleμ:0.8808, Signal|S|μ:4.8455, Delta|S|μ:2.9873, Delta/Signal:61.65%, Gateμ:-0.3329, Gate0%:0.0, MetaNormμ:7.8642 | Val Meta: Scaleμ:0.8808, Signal|S|μ:2.7412, Delta|S|μ:1.6992, Delta/Signal:61.99%, Gateμ:-0.3329, Gate0%:0.0, MetaNormμ:7.8642
Epoch 13/20 | Steps: 1287 | LR: 0.000100 | Train Loss: 0.414179 | Val Loss: 1.086158 | Train Meta: Scaleμ:0.8808, Signal|S|μ:5.4478, Delta|S|μ:3.3608, Delta/Signal:61.69%, Gateμ:-0.3329, Gate0%:0.0, MetaNormμ:7.8642 | Val Meta: Scaleμ:0.8808, Signal|S|μ:2.7412, Delta|S|μ:1.6992, Delta/Signal:61.99%, Gateμ:-0.3329, Gate0%:0.0, MetaNormμ:7.8642
Epoch 14/20 | Steps: 1287 | LR: 0.000100 | Train Loss: 0.415405 | Val Loss: 0.977078 | Train Meta: Scaleμ:0.8808, Signal|S|μ:4.8311, Delta|S|μ:2.9853, Delta/Signal:61.79%, Gateμ:-0.3329, Gate0%:0.0, MetaNormμ:7.8642 | Val Meta: Scaleμ:0.8808, Signal|S|μ:2.7412, Delta|S|μ:1.6992, Delta/Signal:61.99%, Gateμ:-0.3329, Gate0%:0.0, MetaNormμ:7.8642
Epoch 15/20 | Steps: 1287 | LR: 0.000100 | Train Loss: 0.415367 | Val Loss: 0.973777 | Train Meta: Scaleμ:0.8808, Signal|S|μ:5.9435, Delta|S|μ:3.6397, Delta/Signal:61.24%, Gateμ:-0.3329, Gate0%:0.0, MetaNormμ:7.8642 | Val Meta: Scaleμ:0.8808, Signal|S|μ:2.7412, Delta|S|μ:1.6992, Delta/Signal:61.99%, Gateμ:-0.3329, Gate0%:0.0, MetaNormμ:7.8642
Epoch 16/20 | Steps: 1287 | LR: 0.000100 | Train Loss: 0.413907 | Val Loss: 1.040473 | Train Meta: Scaleμ:0.8808, Signal|S|μ:5.3015, Delta|S|μ:3.2755, Delta/Signal:61.78%, Gateμ:-0.3329, Gate0%:0.0, MetaNormμ:7.8642 | Val Meta: Scaleμ:0.8808, Signal|S|μ:2.7412, Delta|S|μ:1.6992, Delta/Signal:61.99%, Gateμ:-0.3329, Gate0%:0.0, MetaNormμ:7.8642
Epoch 17/20 | Steps: 1287 | LR: 0.000100 | Train Loss: 0.412826 | Val Loss: 1.108831 | Train Meta: Scaleμ:0.8808, Signal|S|μ:5.3432, Delta|S|μ:3.3019, Delta/Signal:61.80%, Gateμ:-0.3329, Gate0%:0.0, MetaNormμ:7.8642 | Val Meta: Scaleμ:0.8808, Signal|S|μ:2.7412, Delta|S|μ:1.6992, Delta/Signal:61.99%, Gateμ:-0.3329, Gate0%:0.0, MetaNormμ:7.8642
Epoch 18/20 | Steps: 1287 | LR: 0.000100 | Train Loss: 0.413817 | Val Loss: 1.073301 | Train Meta: Scaleμ:0.8808, Signal|S|μ:5.5684, Delta|S|μ:3.4137, Delta/Signal:61.30%, Gateμ:-0.3329, Gate0%:0.0, MetaNormμ:7.8642 | Val Meta: Scaleμ:0.8808, Signal|S|μ:2.7412, Delta|S|μ:1.6992, Delta/Signal:61.99%, Gateμ:-0.3329, Gate0%:0.0, MetaNormμ:7.8642
Epoch 19/20 | Steps: 1287 | LR: 0.000100 | Train Loss: 0.412433 | Val Loss: 0.959631 | Train Meta: Scaleμ:0.8808, Signal|S|μ:6.0688, Delta|S|μ:3.7337, Delta/Signal:61.52%, Gateμ:-0.3329, Gate0%:0.0, MetaNormμ:7.8642 | Val Meta: Scaleμ:0.8808, Signal|S|μ:2.7412, Delta|S|μ:1.6992, Delta/Signal:61.99%, Gateμ:-0.3329, Gate0%:0.0, MetaNormμ:7.8642
Epoch 20/20 | Steps: 1287 | LR: 0.000100 | Train Loss: 0.413571 | Val Loss: 1.079150 | Train Meta: Scaleμ:0.8808, Signal|S|μ:5.7197, Delta|S|μ:3.5078, Delta/Signal:61.33%, Gateμ:-0.3329, Gate0%:0.0, MetaNormμ:7.8642 | Val Meta: Scaleμ:0.8808, Signal|S|μ:2.7412, Delta|S|μ:1.6992, Delta/Signal:61.99%, Gateμ:-0.3329, Gate0%:0.0, MetaNormμ:7.8642
{'test_mse': 0.6659402251243591, 'test_mae': 0.6219147443771362}
Saved best forecasting checkpoint under checkpoints/forecasting_ettm2_96/electricity_laya_metadata_query_gate_text_stats_joint_best.pt
Saved attention maps for 3 sample(s) under ./runs/forecasting_electricity_to_ETTm2_laya_metadata_query_gate_text_stats_joint/pred_96/attention_maps
Joint metadata preview | dataset=ETTm2 | domain=ETTm2 | channels=7
   - HUFL: In the ETTm2 domain, this channel belongs to the ETTm2 dataset and represents the feature HUFL. Channel statistics over the training split: mean value is 0.000, standard deviation is 1.000, minimum value is -4.096, maximum value is 6.712, median value is 0.066, and mean absolute value is 0.721.
==================================================
🚀 Architecture: LAYA
📊 Target Dataset: ETTm2 (Channels: 7)
📊 Pretrain Info: electricity (Detected Channels: 7)
📊 Prediction Length: 192
==================================================
✅ Loaded pretrained encoder from ./checkpoints/electricity_laya_metadata_query_gate_text_stats_joint/laya_ts_electricity_s_best.pt
   - 62/62 keys matched.
ℹ️ Channel Adapter: disabled
📝 metadata: mode=text_stats_joint, fusion=none, relation=metadata_query_gate
ℹ️ Metadata Fusion Mode: none
ℹ️ Channel Mixer Relation Mode: metadata_query_gate
ℹ️ Encoder Variant: default
ℹ️ Channel Relation Block: disabled
✅ Probing Head [Mixer, channel-wise]: [B*C, 1024] -> [B, 7, 192]
Epoch 1/20 | Steps: 1284 | LR: 0.000100 | Train Loss: 0.563101 | Val Loss: 1.277111 | Train Meta: Scaleμ:0.8808, Signal|S|μ:5.0547, Delta|S|μ:3.1338, Delta/Signal:62.00%, Gateμ:-0.3329, Gate0%:0.0, MetaNormμ:7.8642 | Val Meta: Scaleμ:0.8808, Signal|S|μ:2.7412, Delta|S|μ:1.6992, Delta/Signal:61.99%, Gateμ:-0.3329, Gate0%:0.0, MetaNormμ:7.8642
   -> Updated best validation state: val_loss=1.277111 at epoch 1
Epoch 2/20 | Steps: 1284 | LR: 0.000100 | Train Loss: 0.469304 | Val Loss: 1.163632 | Train Meta: Scaleμ:0.8808, Signal|S|μ:5.9846, Delta|S|μ:3.6688, Delta/Signal:61.30%, Gateμ:-0.3329, Gate0%:0.0, MetaNormμ:7.8642 | Val Meta: Scaleμ:0.8808, Signal|S|μ:2.7412, Delta|S|μ:1.6992, Delta/Signal:61.99%, Gateμ:-0.3329, Gate0%:0.0, MetaNormμ:7.8642
   -> Updated best validation state: val_loss=1.163632 at epoch 2
Epoch 3/20 | Steps: 1284 | LR: 0.000100 | Train Loss: 0.467103 | Val Loss: 1.152718 | Train Meta: Scaleμ:0.8808, Signal|S|μ:4.8391, Delta|S|μ:2.9846, Delta/Signal:61.68%, Gateμ:-0.3329, Gate0%:0.0, MetaNormμ:7.8642 | Val Meta: Scaleμ:0.8808, Signal|S|μ:2.7412, Delta|S|μ:1.6992, Delta/Signal:61.99%, Gateμ:-0.3329, Gate0%:0.0, MetaNormμ:7.8642
   -> Updated best validation state: val_loss=1.152718 at epoch 3
Epoch 4/20 | Steps: 1284 | LR: 0.000100 | Train Loss: 0.465091 | Val Loss: 1.165984 | Train Meta: Scaleμ:0.8808, Signal|S|μ:4.8353, Delta|S|μ:2.9747, Delta/Signal:61.52%, Gateμ:-0.3329, Gate0%:0.0, MetaNormμ:7.8642 | Val Meta: Scaleμ:0.8808, Signal|S|μ:2.7412, Delta|S|μ:1.6992, Delta/Signal:61.99%, Gateμ:-0.3329, Gate0%:0.0, MetaNormμ:7.8642
Epoch 5/20 | Steps: 1284 | LR: 0.000100 | Train Loss: 0.466198 | Val Loss: 1.157620 | Train Meta: Scaleμ:0.8808, Signal|S|μ:5.7781, Delta|S|μ:3.5525, Delta/Signal:61.48%, Gateμ:-0.3329, Gate0%:0.0, MetaNormμ:7.8642 | Val Meta: Scaleμ:0.8808, Signal|S|μ:2.7412, Delta|S|μ:1.6992, Delta/Signal:61.99%, Gateμ:-0.3329, Gate0%:0.0, MetaNormμ:7.8642
Epoch 6/20 | Steps: 1284 | LR: 0.000100 | Train Loss: 0.464308 | Val Loss: 1.137029 | Train Meta: Scaleμ:0.8808, Signal|S|μ:5.1610, Delta|S|μ:3.1879, Delta/Signal:61.77%, Gateμ:-0.3329, Gate0%:0.0, MetaNormμ:7.8642 | Val Meta: Scaleμ:0.8808, Signal|S|μ:2.7412, Delta|S|μ:1.6992, Delta/Signal:61.99%, Gateμ:-0.3329, Gate0%:0.0, MetaNormμ:7.8642
   -> Updated best validation state: val_loss=1.137029 at epoch 6
Epoch 7/20 | Steps: 1284 | LR: 0.000100 | Train Loss: 0.464195 | Val Loss: 1.156429 | Train Meta: Scaleμ:0.8808, Signal|S|μ:5.0562, Delta|S|μ:3.1113, Delta/Signal:61.53%, Gateμ:-0.3329, Gate0%:0.0, MetaNormμ:7.8642 | Val Meta: Scaleμ:0.8808, Signal|S|μ:2.7412, Delta|S|μ:1.6992, Delta/Signal:61.99%, Gateμ:-0.3329, Gate0%:0.0, MetaNormμ:7.8642
Epoch 8/20 | Steps: 1284 | LR: 0.000100 | Train Loss: 0.462924 | Val Loss: 1.072159 | Train Meta: Scaleμ:0.8808, Signal|S|μ:6.1946, Delta|S|μ:3.8132, Delta/Signal:61.56%, Gateμ:-0.3329, Gate0%:0.0, MetaNormμ:7.8642 | Val Meta: Scaleμ:0.8808, Signal|S|μ:2.7412, Delta|S|μ:1.6992, Delta/Signal:61.99%, Gateμ:-0.3329, Gate0%:0.0, MetaNormμ:7.8642
   -> Updated best validation state: val_loss=1.072159 at epoch 8
Epoch 9/20 | Steps: 1284 | LR: 0.000100 | Train Loss: 0.459985 | Val Loss: 1.084470 | Train Meta: Scaleμ:0.8808, Signal|S|μ:5.3694, Delta|S|μ:3.3126, Delta/Signal:61.69%, Gateμ:-0.3329, Gate0%:0.0, MetaNormμ:7.8642 | Val Meta: Scaleμ:0.8808, Signal|S|μ:2.7412, Delta|S|μ:1.6992, Delta/Signal:61.99%, Gateμ:-0.3329, Gate0%:0.0, MetaNormμ:7.8642
Epoch 10/20 | Steps: 1284 | LR: 0.000100 | Train Loss: 0.461645 | Val Loss: 1.351758 | Train Meta: Scaleμ:0.8808, Signal|S|μ:4.8014, Delta|S|μ:2.9674, Delta/Signal:61.80%, Gateμ:-0.3329, Gate0%:0.0, MetaNormμ:7.8642 | Val Meta: Scaleμ:0.8808, Signal|S|μ:2.7412, Delta|S|μ:1.6992, Delta/Signal:61.99%, Gateμ:-0.3329, Gate0%:0.0, MetaNormμ:7.8642
Epoch 11/20 | Steps: 1284 | LR: 0.000100 | Train Loss: 0.460309 | Val Loss: 0.967147 | Train Meta: Scaleμ:0.8808, Signal|S|μ:5.6047, Delta|S|μ:3.4657, Delta/Signal:61.84%, Gateμ:-0.3329, Gate0%:0.0, MetaNormμ:7.8642 | Val Meta: Scaleμ:0.8808, Signal|S|μ:2.7412, Delta|S|μ:1.6992, Delta/Signal:61.99%, Gateμ:-0.3329, Gate0%:0.0, MetaNormμ:7.8642
   -> Updated best validation state: val_loss=0.967147 at epoch 11
Epoch 12/20 | Steps: 1284 | LR: 0.000100 | Train Loss: 0.461945 | Val Loss: 1.499210 | Train Meta: Scaleμ:0.8808, Signal|S|μ:5.0604, Delta|S|μ:3.1218, Delta/Signal:61.69%, Gateμ:-0.3329, Gate0%:0.0, MetaNormμ:7.8642 | Val Meta: Scaleμ:0.8808, Signal|S|μ:2.7412, Delta|S|μ:1.6992, Delta/Signal:61.99%, Gateμ:-0.3329, Gate0%:0.0, MetaNormμ:7.8642
Epoch 13/20 | Steps: 1284 | LR: 0.000100 | Train Loss: 0.458701 | Val Loss: 0.987349 | Train Meta: Scaleμ:0.8808, Signal|S|μ:5.1249, Delta|S|μ:3.1489, Delta/Signal:61.44%, Gateμ:-0.3329, Gate0%:0.0, MetaNormμ:7.8642 | Val Meta: Scaleμ:0.8808, Signal|S|μ:2.7412, Delta|S|μ:1.6992, Delta/Signal:61.99%, Gateμ:-0.3329, Gate0%:0.0, MetaNormμ:7.8642
Epoch 14/20 | Steps: 1284 | LR: 0.000100 | Train Loss: 0.459417 | Val Loss: 1.079023 | Train Meta: Scaleμ:0.8808, Signal|S|μ:5.1435, Delta|S|μ:3.1873, Delta/Signal:61.97%, Gateμ:-0.3329, Gate0%:0.0, MetaNormμ:7.8642 | Val Meta: Scaleμ:0.8808, Signal|S|μ:2.7412, Delta|S|μ:1.6992, Delta/Signal:61.99%, Gateμ:-0.3329, Gate0%:0.0, MetaNormμ:7.8642
Epoch 15/20 | Steps: 1284 | LR: 0.000100 | Train Loss: 0.458536 | Val Loss: 1.129895 | Train Meta: Scaleμ:0.8808, Signal|S|μ:5.3452, Delta|S|μ:3.2847, Delta/Signal:61.45%, Gateμ:-0.3329, Gate0%:0.0, MetaNormμ:7.8642 | Val Meta: Scaleμ:0.8808, Signal|S|μ:2.7412, Delta|S|μ:1.6992, Delta/Signal:61.99%, Gateμ:-0.3329, Gate0%:0.0, MetaNormμ:7.8642
Epoch 16/20 | Steps: 1284 | LR: 0.000100 | Train Loss: 0.459991 | Val Loss: 1.001367 | Train Meta: Scaleμ:0.8808, Signal|S|μ:4.7626, Delta|S|μ:2.9394, Delta/Signal:61.72%, Gateμ:-0.3329, Gate0%:0.0, MetaNormμ:7.8642 | Val Meta: Scaleμ:0.8808, Signal|S|μ:2.7412, Delta|S|μ:1.6992, Delta/Signal:61.99%, Gateμ:-0.3329, Gate0%:0.0, MetaNormμ:7.8642
Epoch 17/20 | Steps: 1284 | LR: 0.000100 | Train Loss: 0.459086 | Val Loss: 0.946092 | Train Meta: Scaleμ:0.8808, Signal|S|μ:5.0008, Delta|S|μ:3.0832, Delta/Signal:61.65%, Gateμ:-0.3329, Gate0%:0.0, MetaNormμ:7.8642 | Val Meta: Scaleμ:0.8808, Signal|S|μ:2.7412, Delta|S|μ:1.6992, Delta/Signal:61.99%, Gateμ:-0.3329, Gate0%:0.0, MetaNormμ:7.8642
   -> Updated best validation state: val_loss=0.946092 at epoch 17
Epoch 18/20 | Steps: 1284 | LR: 0.000100 | Train Loss: 0.458622 | Val Loss: 0.987991 | Train Meta: Scaleμ:0.8808, Signal|S|μ:5.0152, Delta|S|μ:3.0876, Delta/Signal:61.56%, Gateμ:-0.3329, Gate0%:0.0, MetaNormμ:7.8642 | Val Meta: Scaleμ:0.8808, Signal|S|μ:2.7412, Delta|S|μ:1.6992, Delta/Signal:61.99%, Gateμ:-0.3329, Gate0%:0.0, MetaNormμ:7.8642
Epoch 19/20 | Steps: 1284 | LR: 0.000100 | Train Loss: 0.458356 | Val Loss: 1.104802 | Train Meta: Scaleμ:0.8808, Signal|S|μ:4.9376, Delta|S|μ:3.0602, Delta/Signal:61.98%, Gateμ:-0.3329, Gate0%:0.0, MetaNormμ:7.8642 | Val Meta: Scaleμ:0.8808, Signal|S|μ:2.7412, Delta|S|μ:1.6992, Delta/Signal:61.99%, Gateμ:-0.3329, Gate0%:0.0, MetaNormμ:7.8642
Epoch 20/20 | Steps: 1284 | LR: 0.000100 | Train Loss: 0.456334 | Val Loss: 1.016070 | Train Meta: Scaleμ:0.8808, Signal|S|μ:4.8973, Delta|S|μ:3.0232, Delta/Signal:61.73%, Gateμ:-0.3329, Gate0%:0.0, MetaNormμ:7.8642 | Val Meta: Scaleμ:0.8808, Signal|S|μ:2.7412, Delta|S|μ:1.6992, Delta/Signal:61.99%, Gateμ:-0.3329, Gate0%:0.0, MetaNormμ:7.8642
{'test_mse': 0.6714117527008057, 'test_mae': 0.6204575300216675}
Saved best forecasting checkpoint under checkpoints/forecasting_ettm2_192/electricity_laya_metadata_query_gate_text_stats_joint_best.pt
Saved attention maps for 3 sample(s) under ./runs/forecasting_electricity_to_ETTm2_laya_metadata_query_gate_text_stats_joint/pred_192/attention_maps
Joint metadata preview | dataset=ETTm2 | domain=ETTm2 | channels=7
   - HUFL: In the ETTm2 domain, this channel belongs to the ETTm2 dataset and represents the feature HUFL. Channel statistics over the training split: mean value is 0.000, standard deviation is 1.000, minimum value is -4.096, maximum value is 6.712, median value is 0.066, and mean absolute value is 0.721.
==================================================
🚀 Architecture: LAYA
📊 Target Dataset: ETTm2 (Channels: 7)
📊 Pretrain Info: electricity (Detected Channels: 7)
📊 Prediction Length: 336
==================================================
✅ Loaded pretrained encoder from ./checkpoints/electricity_laya_metadata_query_gate_text_stats_joint/laya_ts_electricity_s_best.pt
   - 62/62 keys matched.
ℹ️ Channel Adapter: disabled
📝 metadata: mode=text_stats_joint, fusion=none, relation=metadata_query_gate
ℹ️ Metadata Fusion Mode: none
ℹ️ Channel Mixer Relation Mode: metadata_query_gate
ℹ️ Encoder Variant: default
ℹ️ Channel Relation Block: disabled
✅ Probing Head [Mixer, channel-wise]: [B*C, 1024] -> [B, 7, 336]
Epoch 1/20 | Steps: 1280 | LR: 0.000100 | Train Loss: 0.605197 | Val Loss: 1.153157 | Train Meta: Scaleμ:0.8808, Signal|S|μ:5.0401, Delta|S|μ:3.1083, Delta/Signal:61.67%, Gateμ:-0.3329, Gate0%:0.0, MetaNormμ:7.8642 | Val Meta: Scaleμ:0.8808, Signal|S|μ:2.7412, Delta|S|μ:1.6992, Delta/Signal:61.99%, Gateμ:-0.3329, Gate0%:0.0, MetaNormμ:7.8642
   -> Updated best validation state: val_loss=1.153157 at epoch 1
Epoch 2/20 | Steps: 1280 | LR: 0.000100 | Train Loss: 0.518652 | Val Loss: 1.153202 | Train Meta: Scaleμ:0.8808, Signal|S|μ:5.1227, Delta|S|μ:3.1405, Delta/Signal:61.31%, Gateμ:-0.3329, Gate0%:0.0, MetaNormμ:7.8642 | Val Meta: Scaleμ:0.8808, Signal|S|μ:2.7412, Delta|S|μ:1.6992, Delta/Signal:61.99%, Gateμ:-0.3329, Gate0%:0.0, MetaNormμ:7.8642
Epoch 3/20 | Steps: 1280 | LR: 0.000100 | Train Loss: 0.518141 | Val Loss: 1.226437 | Train Meta: Scaleμ:0.8808, Signal|S|μ:5.1678, Delta|S|μ:3.1921, Delta/Signal:61.77%, Gateμ:-0.3329, Gate0%:0.0, MetaNormμ:7.8642 | Val Meta: Scaleμ:0.8808, Signal|S|μ:2.7412, Delta|S|μ:1.6992, Delta/Signal:61.99%, Gateμ:-0.3329, Gate0%:0.0, MetaNormμ:7.8642
Epoch 4/20 | Steps: 1280 | LR: 0.000100 | Train Loss: 0.515195 | Val Loss: 1.449756 | Train Meta: Scaleμ:0.8808, Signal|S|μ:5.5464, Delta|S|μ:3.4165, Delta/Signal:61.60%, Gateμ:-0.3329, Gate0%:0.0, MetaNormμ:7.8642 | Val Meta: Scaleμ:0.8808, Signal|S|μ:2.7412, Delta|S|μ:1.6992, Delta/Signal:61.99%, Gateμ:-0.3329, Gate0%:0.0, MetaNormμ:7.8642
Epoch 5/20 | Steps: 1280 | LR: 0.000100 | Train Loss: 0.514388 | Val Loss: 1.234553 | Train Meta: Scaleμ:0.8808, Signal|S|μ:5.5077, Delta|S|μ:3.3925, Delta/Signal:61.60%, Gateμ:-0.3329, Gate0%:0.0, MetaNormμ:7.8642 | Val Meta: Scaleμ:0.8808, Signal|S|μ:2.7412, Delta|S|μ:1.6992, Delta/Signal:61.99%, Gateμ:-0.3329, Gate0%:0.0, MetaNormμ:7.8642
Epoch 6/20 | Steps: 1280 | LR: 0.000100 | Train Loss: 0.515309 | Val Loss: 1.267761 | Train Meta: Scaleμ:0.8808, Signal|S|μ:5.0716, Delta|S|μ:3.1262, Delta/Signal:61.64%, Gateμ:-0.3329, Gate0%:0.0, MetaNormμ:7.8642 | Val Meta: Scaleμ:0.8808, Signal|S|μ:2.7412, Delta|S|μ:1.6992, Delta/Signal:61.99%, Gateμ:-0.3329, Gate0%:0.0, MetaNormμ:7.8642
Epoch 7/20 | Steps: 1280 | LR: 0.000100 | Train Loss: 0.514834 | Val Loss: 1.043082 | Train Meta: Scaleμ:0.8808, Signal|S|μ:4.7318, Delta|S|μ:2.9197, Delta/Signal:61.70%, Gateμ:-0.3329, Gate0%:0.0, MetaNormμ:7.8642 | Val Meta: Scaleμ:0.8808, Signal|S|μ:2.7412, Delta|S|μ:1.6992, Delta/Signal:61.99%, Gateμ:-0.3329, Gate0%:0.0, MetaNormμ:7.8642
   -> Updated best validation state: val_loss=1.043082 at epoch 7
Epoch 8/20 | Steps: 1280 | LR: 0.000100 | Train Loss: 0.513489 | Val Loss: 1.010943 | Train Meta: Scaleμ:0.8808, Signal|S|μ:4.6873, Delta|S|μ:2.8970, Delta/Signal:61.81%, Gateμ:-0.3329, Gate0%:0.0, MetaNormμ:7.8642 | Val Meta: Scaleμ:0.8808, Signal|S|μ:2.7412, Delta|S|μ:1.6992, Delta/Signal:61.99%, Gateμ:-0.3329, Gate0%:0.0, MetaNormμ:7.8642
   -> Updated best validation state: val_loss=1.010943 at epoch 8
Epoch 9/20 | Steps: 1280 | LR: 0.000100 | Train Loss: 0.512488 | Val Loss: 1.235641 | Train Meta: Scaleμ:0.8808, Signal|S|μ:4.6100, Delta|S|μ:2.8519, Delta/Signal:61.86%, Gateμ:-0.3329, Gate0%:0.0, MetaNormμ:7.8642 | Val Meta: Scaleμ:0.8808, Signal|S|μ:2.7412, Delta|S|μ:1.6992, Delta/Signal:61.99%, Gateμ:-0.3329, Gate0%:0.0, MetaNormμ:7.8642
Epoch 10/20 | Steps: 1280 | LR: 0.000100 | Train Loss: 0.511538 | Val Loss: 1.202824 | Train Meta: Scaleμ:0.8808, Signal|S|μ:5.3003, Delta|S|μ:3.2727, Delta/Signal:61.75%, Gateμ:-0.3329, Gate0%:0.0, MetaNormμ:7.8642 | Val Meta: Scaleμ:0.8808, Signal|S|μ:2.7412, Delta|S|μ:1.6992, Delta/Signal:61.99%, Gateμ:-0.3329, Gate0%:0.0, MetaNormμ:7.8642
Epoch 11/20 | Steps: 1280 | LR: 0.000100 | Train Loss: 0.511246 | Val Loss: 1.121316 | Train Meta: Scaleμ:0.8808, Signal|S|μ:4.7320, Delta|S|μ:2.9413, Delta/Signal:62.16%, Gateμ:-0.3329, Gate0%:0.0, MetaNormμ:7.8642 | Val Meta: Scaleμ:0.8808, Signal|S|μ:2.7412, Delta|S|μ:1.6992, Delta/Signal:61.99%, Gateμ:-0.3329, Gate0%:0.0, MetaNormμ:7.8642
Epoch 12/20 | Steps: 1280 | LR: 0.000100 | Train Loss: 0.510316 | Val Loss: 1.257885 | Train Meta: Scaleμ:0.8808, Signal|S|μ:4.9548, Delta|S|μ:3.0519, Delta/Signal:61.59%, Gateμ:-0.3329, Gate0%:0.0, MetaNormμ:7.8642 | Val Meta: Scaleμ:0.8808, Signal|S|μ:2.7412, Delta|S|μ:1.6992, Delta/Signal:61.99%, Gateμ:-0.3329, Gate0%:0.0, MetaNormμ:7.8642
Epoch 13/20 | Steps: 1280 | LR: 0.000100 | Train Loss: 0.510034 | Val Loss: 1.187104 | Train Meta: Scaleμ:0.8808, Signal|S|μ:4.6428, Delta|S|μ:2.8673, Delta/Signal:61.76%, Gateμ:-0.3329, Gate0%:0.0, MetaNormμ:7.8642 | Val Meta: Scaleμ:0.8808, Signal|S|μ:2.7412, Delta|S|μ:1.6992, Delta/Signal:61.99%, Gateμ:-0.3329, Gate0%:0.0, MetaNormμ:7.8642
Epoch 14/20 | Steps: 1280 | LR: 0.000100 | Train Loss: 0.509469 | Val Loss: 1.221988 | Train Meta: Scaleμ:0.8808, Signal|S|μ:4.4086, Delta|S|μ:2.7159, Delta/Signal:61.60%, Gateμ:-0.3329, Gate0%:0.0, MetaNormμ:7.8642 | Val Meta: Scaleμ:0.8808, Signal|S|μ:2.7412, Delta|S|μ:1.6992, Delta/Signal:61.99%, Gateμ:-0.3329, Gate0%:0.0, MetaNormμ:7.8642
Epoch 15/20 | Steps: 1280 | LR: 0.000100 | Train Loss: 0.509557 | Val Loss: 1.136812 | Train Meta: Scaleμ:0.8808, Signal|S|μ:5.4471, Delta|S|μ:3.3649, Delta/Signal:61.77%, Gateμ:-0.3329, Gate0%:0.0, MetaNormμ:7.8642 | Val Meta: Scaleμ:0.8808, Signal|S|μ:2.7412, Delta|S|μ:1.6992, Delta/Signal:61.99%, Gateμ:-0.3329, Gate0%:0.0, MetaNormμ:7.8642
Epoch 16/20 | Steps: 1280 | LR: 0.000100 | Train Loss: 0.510031 | Val Loss: 1.444174 | Train Meta: Scaleμ:0.8808, Signal|S|μ:5.5512, Delta|S|μ:3.4118, Delta/Signal:61.46%, Gateμ:-0.3329, Gate0%:0.0, MetaNormμ:7.8642 | Val Meta: Scaleμ:0.8808, Signal|S|μ:2.7412, Delta|S|μ:1.6992, Delta/Signal:61.99%, Gateμ:-0.3329, Gate0%:0.0, MetaNormμ:7.8642
Epoch 17/20 | Steps: 1280 | LR: 0.000100 | Train Loss: 0.508412 | Val Loss: 1.097082 | Train Meta: Scaleμ:0.8808, Signal|S|μ:6.5406, Delta|S|μ:4.0126, Delta/Signal:61.35%, Gateμ:-0.3329, Gate0%:0.0, MetaNormμ:7.8642 | Val Meta: Scaleμ:0.8808, Signal|S|μ:2.7412, Delta|S|μ:1.6992, Delta/Signal:61.99%, Gateμ:-0.3329, Gate0%:0.0, MetaNormμ:7.8642
Epoch 18/20 | Steps: 1280 | LR: 0.000100 | Train Loss: 0.508602 | Val Loss: 1.065483 | Train Meta: Scaleμ:0.8808, Signal|S|μ:5.4664, Delta|S|μ:3.3531, Delta/Signal:61.34%, Gateμ:-0.3329, Gate0%:0.0, MetaNormμ:7.8642 | Val Meta: Scaleμ:0.8808, Signal|S|μ:2.7412, Delta|S|μ:1.6992, Delta/Signal:61.99%, Gateμ:-0.3329, Gate0%:0.0, MetaNormμ:7.8642
Epoch 19/20 | Steps: 1280 | LR: 0.000100 | Train Loss: 0.511324 | Val Loss: 1.190250 | Train Meta: Scaleμ:0.8808, Signal|S|μ:4.5090, Delta|S|μ:2.8022, Delta/Signal:62.15%, Gateμ:-0.3329, Gate0%:0.0, MetaNormμ:7.8642 | Val Meta: Scaleμ:0.8808, Signal|S|μ:2.7412, Delta|S|μ:1.6992, Delta/Signal:61.99%, Gateμ:-0.3329, Gate0%:0.0, MetaNormμ:7.8642
Epoch 20/20 | Steps: 1280 | LR: 0.000100 | Train Loss: 0.506693 | Val Loss: 1.169504 | Train Meta: Scaleμ:0.8808, Signal|S|μ:4.8870, Delta|S|μ:3.0193, Delta/Signal:61.78%, Gateμ:-0.3329, Gate0%:0.0, MetaNormμ:7.8642 | Val Meta: Scaleμ:0.8808, Signal|S|μ:2.7412, Delta|S|μ:1.6992, Delta/Signal:61.99%, Gateμ:-0.3329, Gate0%:0.0, MetaNormμ:7.8642
{'test_mse': 0.7137644290924072, 'test_mae': 0.6361292600631714}
Saved best forecasting checkpoint under checkpoints/forecasting_ettm2_336/electricity_laya_metadata_query_gate_text_stats_joint_best.pt
Saved attention maps for 3 sample(s) under ./runs/forecasting_electricity_to_ETTm2_laya_metadata_query_gate_text_stats_joint/pred_336/attention_maps
Joint metadata preview | dataset=ETTm2 | domain=ETTm2 | channels=7
   - HUFL: In the ETTm2 domain, this channel belongs to the ETTm2 dataset and represents the feature HUFL. Channel statistics over the training split: mean value is 0.000, standard deviation is 1.000, minimum value is -4.096, maximum value is 6.712, median value is 0.066, and mean absolute value is 0.721.
==================================================
🚀 Architecture: LAYA
📊 Target Dataset: ETTm2 (Channels: 7)
📊 Pretrain Info: electricity (Detected Channels: 7)
📊 Prediction Length: 720
==================================================
✅ Loaded pretrained encoder from ./checkpoints/electricity_laya_metadata_query_gate_text_stats_joint/laya_ts_electricity_s_best.pt
   - 62/62 keys matched.
ℹ️ Channel Adapter: disabled
📝 metadata: mode=text_stats_joint, fusion=none, relation=metadata_query_gate
ℹ️ Metadata Fusion Mode: none
ℹ️ Channel Mixer Relation Mode: metadata_query_gate
ℹ️ Encoder Variant: default
ℹ️ Channel Relation Block: disabled
✅ Probing Head [Mixer, channel-wise]: [B*C, 1024] -> [B, 7, 720]
Epoch 1/20 | Steps: 1268 | LR: 0.000100 | Train Loss: 0.691498 | Val Loss: 1.342162 | Train Meta: Scaleμ:0.8808, Signal|S|μ:6.3855, Delta|S|μ:3.9220, Delta/Signal:61.42%, Gateμ:-0.3329, Gate0%:0.0, MetaNormμ:7.8642 | Val Meta: Scaleμ:0.8808, Signal|S|μ:2.7412, Delta|S|μ:1.6992, Delta/Signal:61.99%, Gateμ:-0.3329, Gate0%:0.0, MetaNormμ:7.8642
   -> Updated best validation state: val_loss=1.342162 at epoch 1
Epoch 2/20 | Steps: 1268 | LR: 0.000100 | Train Loss: 0.592762 | Val Loss: 1.164152 | Train Meta: Scaleμ:0.8808, Signal|S|μ:4.7584, Delta|S|μ:2.9393, Delta/Signal:61.77%, Gateμ:-0.3329, Gate0%:0.0, MetaNormμ:7.8642 | Val Meta: Scaleμ:0.8808, Signal|S|μ:2.7412, Delta|S|μ:1.6992, Delta/Signal:61.99%, Gateμ:-0.3329, Gate0%:0.0, MetaNormμ:7.8642
   -> Updated best validation state: val_loss=1.164152 at epoch 2
Epoch 3/20 | Steps: 1268 | LR: 0.000100 | Train Loss: 0.591109 | Val Loss: 1.390981 | Train Meta: Scaleμ:0.8808, Signal|S|μ:5.1703, Delta|S|μ:3.1960, Delta/Signal:61.82%, Gateμ:-0.3329, Gate0%:0.0, MetaNormμ:7.8642 | Val Meta: Scaleμ:0.8808, Signal|S|μ:2.7412, Delta|S|μ:1.6992, Delta/Signal:61.99%, Gateμ:-0.3329, Gate0%:0.0, MetaNormμ:7.8642
Epoch 4/20 | Steps: 1268 | LR: 0.000100 | Train Loss: 0.590241 | Val Loss: 1.159012 | Train Meta: Scaleμ:0.8808, Signal|S|μ:6.4253, Delta|S|μ:3.9501, Delta/Signal:61.48%, Gateμ:-0.3329, Gate0%:0.0, MetaNormμ:7.8642 | Val Meta: Scaleμ:0.8808, Signal|S|μ:2.7412, Delta|S|μ:1.6992, Delta/Signal:61.99%, Gateμ:-0.3329, Gate0%:0.0, MetaNormμ:7.8642
   -> Updated best validation state: val_loss=1.159012 at epoch 4
Epoch 5/20 | Steps: 1268 | LR: 0.000100 | Train Loss: 0.586739 | Val Loss: 1.645975 | Train Meta: Scaleμ:0.8808, Signal|S|μ:6.2525, Delta|S|μ:3.8425, Delta/Signal:61.45%, Gateμ:-0.3329, Gate0%:0.0, MetaNormμ:7.8642 | Val Meta: Scaleμ:0.8808, Signal|S|μ:2.7412, Delta|S|μ:1.6992, Delta/Signal:61.99%, Gateμ:-0.3329, Gate0%:0.0, MetaNormμ:7.8642
Epoch 6/20 | Steps: 1268 | LR: 0.000100 | Train Loss: 0.589105 | Val Loss: 1.118684 | Train Meta: Scaleμ:0.8808, Signal|S|μ:4.8912, Delta|S|μ:3.0224, Delta/Signal:61.79%, Gateμ:-0.3329, Gate0%:0.0, MetaNormμ:7.8642 | Val Meta: Scaleμ:0.8808, Signal|S|μ:2.7412, Delta|S|μ:1.6992, Delta/Signal:61.99%, Gateμ:-0.3329, Gate0%:0.0, MetaNormμ:7.8642
   -> Updated best validation state: val_loss=1.118684 at epoch 6
Epoch 7/20 | Steps: 1268 | LR: 0.000100 | Train Loss: 0.589904 | Val Loss: 1.404962 | Train Meta: Scaleμ:0.8808, Signal|S|μ:5.5059, Delta|S|μ:3.3851, Delta/Signal:61.48%, Gateμ:-0.3329, Gate0%:0.0, MetaNormμ:7.8642 | Val Meta: Scaleμ:0.8808, Signal|S|μ:2.7412, Delta|S|μ:1.6992, Delta/Signal:61.99%, Gateμ:-0.3329, Gate0%:0.0, MetaNormμ:7.8642
Epoch 8/20 | Steps: 1268 | LR: 0.000100 | Train Loss: 0.586781 | Val Loss: 1.679247 | Train Meta: Scaleμ:0.8808, Signal|S|μ:4.9063, Delta|S|μ:3.0379, Delta/Signal:61.92%, Gateμ:-0.3329, Gate0%:0.0, MetaNormμ:7.8642 | Val Meta: Scaleμ:0.8808, Signal|S|μ:2.7412, Delta|S|μ:1.6992, Delta/Signal:61.99%, Gateμ:-0.3329, Gate0%:0.0, MetaNormμ:7.8642
Epoch 9/20 | Steps: 1268 | LR: 0.000100 | Train Loss: 0.588048 | Val Loss: 1.087805 | Train Meta: Scaleμ:0.8808, Signal|S|μ:5.0753, Delta|S|μ:3.1285, Delta/Signal:61.64%, Gateμ:-0.3329, Gate0%:0.0, MetaNormμ:7.8642 | Val Meta: Scaleμ:0.8808, Signal|S|μ:2.7412, Delta|S|μ:1.6992, Delta/Signal:61.99%, Gateμ:-0.3329, Gate0%:0.0, MetaNormμ:7.8642
   -> Updated best validation state: val_loss=1.087805 at epoch 9
Epoch 10/20 | Steps: 1268 | LR: 0.000100 | Train Loss: 0.585963 | Val Loss: 1.381125 | Train Meta: Scaleμ:0.8808, Signal|S|μ:6.4634, Delta|S|μ:3.9722, Delta/Signal:61.46%, Gateμ:-0.3329, Gate0%:0.0, MetaNormμ:7.8642 | Val Meta: Scaleμ:0.8808, Signal|S|μ:2.7412, Delta|S|μ:1.6992, Delta/Signal:61.99%, Gateμ:-0.3329, Gate0%:0.0, MetaNormμ:7.8642
Epoch 11/20 | Steps: 1268 | LR: 0.000100 | Train Loss: 0.588059 | Val Loss: 1.252934 | Train Meta: Scaleμ:0.8808, Signal|S|μ:5.1018, Delta|S|μ:3.1643, Delta/Signal:62.02%, Gateμ:-0.3329, Gate0%:0.0, MetaNormμ:7.8642 | Val Meta: Scaleμ:0.8808, Signal|S|μ:2.7412, Delta|S|μ:1.6992, Delta/Signal:61.99%, Gateμ:-0.3329, Gate0%:0.0, MetaNormμ:7.8642
Epoch 12/20 | Steps: 1268 | LR: 0.000100 | Train Loss: 0.584599 | Val Loss: 1.150506 | Train Meta: Scaleμ:0.8808, Signal|S|μ:5.4687, Delta|S|μ:3.3769, Delta/Signal:61.75%, Gateμ:-0.3329, Gate0%:0.0, MetaNormμ:7.8642 | Val Meta: Scaleμ:0.8808, Signal|S|μ:2.7412, Delta|S|μ:1.6992, Delta/Signal:61.99%, Gateμ:-0.3329, Gate0%:0.0, MetaNormμ:7.8642
Epoch 13/20 | Steps: 1268 | LR: 0.000100 | Train Loss: 0.584485 | Val Loss: 1.191512 | Train Meta: Scaleμ:0.8808, Signal|S|μ:5.4451, Delta|S|μ:3.3470, Delta/Signal:61.47%, Gateμ:-0.3329, Gate0%:0.0, MetaNormμ:7.8642 | Val Meta: Scaleμ:0.8808, Signal|S|μ:2.7412, Delta|S|μ:1.6992, Delta/Signal:61.99%, Gateμ:-0.3329, Gate0%:0.0, MetaNormμ:7.8642
Epoch 14/20 | Steps: 1268 | LR: 0.000100 | Train Loss: 0.582927 | Val Loss: 1.211944 | Train Meta: Scaleμ:0.8808, Signal|S|μ:4.9184, Delta|S|μ:3.0280, Delta/Signal:61.57%, Gateμ:-0.3329, Gate0%:0.0, MetaNormμ:7.8642 | Val Meta: Scaleμ:0.8808, Signal|S|μ:2.7412, Delta|S|μ:1.6992, Delta/Signal:61.99%, Gateμ:-0.3329, Gate0%:0.0, MetaNormμ:7.8642
Epoch 15/20 | Steps: 1268 | LR: 0.000100 | Train Loss: 0.585591 | Val Loss: 1.197942 | Train Meta: Scaleμ:0.8808, Signal|S|μ:4.8081, Delta|S|μ:2.9740, Delta/Signal:61.85%, Gateμ:-0.3329, Gate0%:0.0, MetaNormμ:7.8642 | Val Meta: Scaleμ:0.8808, Signal|S|μ:2.7412, Delta|S|μ:1.6992, Delta/Signal:61.99%, Gateμ:-0.3329, Gate0%:0.0, MetaNormμ:7.8642
Epoch 16/20 | Steps: 1268 | LR: 0.000100 | Train Loss: 0.583029 | Val Loss: 1.307397 | Train Meta: Scaleμ:0.8808, Signal|S|μ:5.4780, Delta|S|μ:3.3781, Delta/Signal:61.67%, Gateμ:-0.3329, Gate0%:0.0, MetaNormμ:7.8642 | Val Meta: Scaleμ:0.8808, Signal|S|μ:2.7412, Delta|S|μ:1.6992, Delta/Signal:61.99%, Gateμ:-0.3329, Gate0%:0.0, MetaNormμ:7.8642
Epoch 17/20 | Steps: 1268 | LR: 0.000100 | Train Loss: 0.584214 | Val Loss: 1.205992 | Train Meta: Scaleμ:0.8808, Signal|S|μ:4.8562, Delta|S|μ:3.0001, Delta/Signal:61.78%, Gateμ:-0.3329, Gate0%:0.0, MetaNormμ:7.8642 | Val Meta: Scaleμ:0.8808, Signal|S|μ:2.7412, Delta|S|μ:1.6992, Delta/Signal:61.99%, Gateμ:-0.3329, Gate0%:0.0, MetaNormμ:7.8642
Epoch 18/20 | Steps: 1268 | LR: 0.000100 | Train Loss: 0.584105 | Val Loss: 1.362163 | Train Meta: Scaleμ:0.8808, Signal|S|μ:5.3161, Delta|S|μ:3.2868, Delta/Signal:61.83%, Gateμ:-0.3329, Gate0%:0.0, MetaNormμ:7.8642 | Val Meta: Scaleμ:0.8808, Signal|S|μ:2.7412, Delta|S|μ:1.6992, Delta/Signal:61.99%, Gateμ:-0.3329, Gate0%:0.0, MetaNormμ:7.8642
Epoch 19/20 | Steps: 1268 | LR: 0.000100 | Train Loss: 0.581850 | Val Loss: 1.221459 | Train Meta: Scaleμ:0.8808, Signal|S|μ:5.9356, Delta|S|μ:3.6537, Delta/Signal:61.56%, Gateμ:-0.3329, Gate0%:0.0, MetaNormμ:7.8642 | Val Meta: Scaleμ:0.8808, Signal|S|μ:2.7412, Delta|S|μ:1.6992, Delta/Signal:61.99%, Gateμ:-0.3329, Gate0%:0.0, MetaNormμ:7.8642
Epoch 20/20 | Steps: 1268 | LR: 0.000100 | Train Loss: 0.580630 | Val Loss: 1.317623 | Train Meta: Scaleμ:0.8808, Signal|S|μ:5.1956, Delta|S|μ:3.2100, Delta/Signal:61.78%, Gateμ:-0.3329, Gate0%:0.0, MetaNormμ:7.8642 | Val Meta: Scaleμ:0.8808, Signal|S|μ:2.7412, Delta|S|μ:1.6992, Delta/Signal:61.99%, Gateμ:-0.3329, Gate0%:0.0, MetaNormμ:7.8642
{'test_mse': 0.7491457462310791, 'test_mae': 0.649654746055603}
Saved best forecasting checkpoint under checkpoints/forecasting_ettm2_720/electricity_laya_metadata_query_gate_text_stats_joint_best.pt
Saved attention maps for 3 sample(s) under ./runs/forecasting_electricity_to_ETTm2_laya_metadata_query_gate_text_stats_joint/pred_720/attention_maps
Joint metadata preview | dataset=weather | domain=weather | channels=21
   - p (mbar): In the weather domain, this channel belongs to the weather dataset and represents the feature p (mbar). Channel statistics over the training split: mean value is -0.000, standard deviation is 1.000, minimum value is -3.309, maximum value is 3.410, median value is 0.052, and mean absolute value is 0.768.
==================================================
🚀 Architecture: LAYA
📊 Target Dataset: weather (Channels: 21)
📊 Pretrain Info: electricity (Detected Channels: 21)
📊 Prediction Length: 96
==================================================
✅ Loaded pretrained encoder from ./checkpoints/electricity_laya_metadata_query_gate_text_stats_joint/laya_ts_electricity_s_best.pt
   - 62/62 keys matched.
ℹ️ Channel Adapter: disabled
📝 metadata: mode=text_stats_joint, fusion=none, relation=metadata_query_gate
ℹ️ Metadata Fusion Mode: none
ℹ️ Channel Mixer Relation Mode: metadata_query_gate
ℹ️ Encoder Variant: default
ℹ️ Channel Relation Block: disabled
✅ Probing Head [Mixer, channel-wise]: [B*C, 1024] -> [B, 21, 96]
Epoch 1/20 | Steps: 1133 | LR: 0.000100 | Train Loss: 1.047749 | Val Loss: 1.013461 | Train Meta: Scaleμ:0.8808, Signal|S|μ:5.3241, Delta|S|μ:3.1685, Delta/Signal:59.51%, Gateμ:-0.1870, Gate0%:0.0, MetaNormμ:7.4499 | Val Meta: Scaleμ:0.8808, Signal|S|μ:4.9880, Delta|S|μ:2.9697, Delta/Signal:59.54%, Gateμ:-0.1870, Gate0%:0.0, MetaNormμ:7.4499
   -> Updated best validation state: val_loss=1.013461 at epoch 1
Epoch 2/20 | Steps: 1133 | LR: 0.000100 | Train Loss: 0.799135 | Val Loss: 0.869662 | Train Meta: Scaleμ:0.8808, Signal|S|μ:5.5648, Delta|S|μ:3.3176, Delta/Signal:59.62%, Gateμ:-0.1870, Gate0%:0.0, MetaNormμ:7.4499 | Val Meta: Scaleμ:0.8808, Signal|S|μ:4.9880, Delta|S|μ:2.9697, Delta/Signal:59.54%, Gateμ:-0.1870, Gate0%:0.0, MetaNormμ:7.4499
   -> Updated best validation state: val_loss=0.869662 at epoch 2
Epoch 3/20 | Steps: 1133 | LR: 0.000100 | Train Loss: 0.764221 | Val Loss: 0.804459 | Train Meta: Scaleμ:0.8808, Signal|S|μ:5.6596, Delta|S|μ:3.3741, Delta/Signal:59.62%, Gateμ:-0.1870, Gate0%:0.0, MetaNormμ:7.4499 | Val Meta: Scaleμ:0.8808, Signal|S|μ:4.9880, Delta|S|μ:2.9697, Delta/Signal:59.54%, Gateμ:-0.1870, Gate0%:0.0, MetaNormμ:7.4499
   -> Updated best validation state: val_loss=0.804459 at epoch 3
Epoch 4/20 | Steps: 1133 | LR: 0.000100 | Train Loss: 0.747935 | Val Loss: 0.788257 | Train Meta: Scaleμ:0.8808, Signal|S|μ:5.8787, Delta|S|μ:3.5029, Delta/Signal:59.59%, Gateμ:-0.1870, Gate0%:0.0, MetaNormμ:7.4499 | Val Meta: Scaleμ:0.8808, Signal|S|μ:4.9880, Delta|S|μ:2.9697, Delta/Signal:59.54%, Gateμ:-0.1870, Gate0%:0.0, MetaNormμ:7.4499
   -> Updated best validation state: val_loss=0.788257 at epoch 4
Epoch 5/20 | Steps: 1133 | LR: 0.000100 | Train Loss: 0.739240 | Val Loss: 0.769928 | Train Meta: Scaleμ:0.8808, Signal|S|μ:5.5332, Delta|S|μ:3.3095, Delta/Signal:59.81%, Gateμ:-0.1870, Gate0%:0.0, MetaNormμ:7.4499 | Val Meta: Scaleμ:0.8808, Signal|S|μ:4.9880, Delta|S|μ:2.9697, Delta/Signal:59.54%, Gateμ:-0.1870, Gate0%:0.0, MetaNormμ:7.4499
   -> Updated best validation state: val_loss=0.769928 at epoch 5
Epoch 6/20 | Steps: 1133 | LR: 0.000100 | Train Loss: 0.734330 | Val Loss: 0.788227 | Train Meta: Scaleμ:0.8808, Signal|S|μ:5.7816, Delta|S|μ:3.4615, Delta/Signal:59.87%, Gateμ:-0.1870, Gate0%:0.0, MetaNormμ:7.4499 | Val Meta: Scaleμ:0.8808, Signal|S|μ:4.9880, Delta|S|μ:2.9697, Delta/Signal:59.54%, Gateμ:-0.1870, Gate0%:0.0, MetaNormμ:7.4499
Epoch 7/20 | Steps: 1133 | LR: 0.000100 | Train Loss: 0.730926 | Val Loss: 0.756414 | Train Meta: Scaleμ:0.8808, Signal|S|μ:5.3575, Delta|S|μ:3.2093, Delta/Signal:59.90%, Gateμ:-0.1870, Gate0%:0.0, MetaNormμ:7.4499 | Val Meta: Scaleμ:0.8808, Signal|S|μ:4.9880, Delta|S|μ:2.9697, Delta/Signal:59.54%, Gateμ:-0.1870, Gate0%:0.0, MetaNormμ:7.4499
   -> Updated best validation state: val_loss=0.756414 at epoch 7
Epoch 8/20 | Steps: 1133 | LR: 0.000100 | Train Loss: 0.728693 | Val Loss: 0.753241 | Train Meta: Scaleμ:0.8808, Signal|S|μ:5.3356, Delta|S|μ:3.1853, Delta/Signal:59.70%, Gateμ:-0.1870, Gate0%:0.0, MetaNormμ:7.4499 | Val Meta: Scaleμ:0.8808, Signal|S|μ:4.9880, Delta|S|μ:2.9697, Delta/Signal:59.54%, Gateμ:-0.1870, Gate0%:0.0, MetaNormμ:7.4499
   -> Updated best validation state: val_loss=0.753241 at epoch 8
Epoch 9/20 | Steps: 1133 | LR: 0.000100 | Train Loss: 0.727185 | Val Loss: 0.757282 | Train Meta: Scaleμ:0.8808, Signal|S|μ:5.5122, Delta|S|μ:3.2858, Delta/Signal:59.61%, Gateμ:-0.1870, Gate0%:0.0, MetaNormμ:7.4499 | Val Meta: Scaleμ:0.8808, Signal|S|μ:4.9880, Delta|S|μ:2.9697, Delta/Signal:59.54%, Gateμ:-0.1870, Gate0%:0.0, MetaNormμ:7.4499
Epoch 10/20 | Steps: 1133 | LR: 0.000100 | Train Loss: 0.726236 | Val Loss: 0.738085 | Train Meta: Scaleμ:0.8808, Signal|S|μ:5.3525, Delta|S|μ:3.1959, Delta/Signal:59.71%, Gateμ:-0.1870, Gate0%:0.0, MetaNormμ:7.4499 | Val Meta: Scaleμ:0.8808, Signal|S|μ:4.9880, Delta|S|μ:2.9697, Delta/Signal:59.54%, Gateμ:-0.1870, Gate0%:0.0, MetaNormμ:7.4499
   -> Updated best validation state: val_loss=0.738085 at epoch 10
Epoch 11/20 | Steps: 1133 | LR: 0.000100 | Train Loss: 0.724996 | Val Loss: 0.761892 | Train Meta: Scaleμ:0.8808, Signal|S|μ:5.4754, Delta|S|μ:3.2710, Delta/Signal:59.74%, Gateμ:-0.1870, Gate0%:0.0, MetaNormμ:7.4499 | Val Meta: Scaleμ:0.8808, Signal|S|μ:4.9880, Delta|S|μ:2.9697, Delta/Signal:59.54%, Gateμ:-0.1870, Gate0%:0.0, MetaNormμ:7.4499
Epoch 12/20 | Steps: 1133 | LR: 0.000100 | Train Loss: 0.723902 | Val Loss: 0.765546 | Train Meta: Scaleμ:0.8808, Signal|S|μ:5.4194, Delta|S|μ:3.2426, Delta/Signal:59.83%, Gateμ:-0.1870, Gate0%:0.0, MetaNormμ:7.4499 | Val Meta: Scaleμ:0.8808, Signal|S|μ:4.9880, Delta|S|μ:2.9697, Delta/Signal:59.54%, Gateμ:-0.1870, Gate0%:0.0, MetaNormμ:7.4499
Epoch 13/20 | Steps: 1133 | LR: 0.000100 | Train Loss: 0.723270 | Val Loss: 0.760992 | Train Meta: Scaleμ:0.8808, Signal|S|μ:5.9431, Delta|S|μ:3.5618, Delta/Signal:59.93%, Gateμ:-0.1870, Gate0%:0.0, MetaNormμ:7.4499 | Val Meta: Scaleμ:0.8808, Signal|S|μ:4.9880, Delta|S|μ:2.9697, Delta/Signal:59.54%, Gateμ:-0.1870, Gate0%:0.0, MetaNormμ:7.4499
Epoch 14/20 | Steps: 1133 | LR: 0.000100 | Train Loss: 0.722681 | Val Loss: 0.758378 | Train Meta: Scaleμ:0.8808, Signal|S|μ:5.3256, Delta|S|μ:3.1814, Delta/Signal:59.74%, Gateμ:-0.1870, Gate0%:0.0, MetaNormμ:7.4499 | Val Meta: Scaleμ:0.8808, Signal|S|μ:4.9880, Delta|S|μ:2.9697, Delta/Signal:59.54%, Gateμ:-0.1870, Gate0%:0.0, MetaNormμ:7.4499
Epoch 15/20 | Steps: 1133 | LR: 0.000100 | Train Loss: 0.721964 | Val Loss: 0.764986 | Train Meta: Scaleμ:0.8808, Signal|S|μ:5.3528, Delta|S|μ:3.1958, Delta/Signal:59.70%, Gateμ:-0.1870, Gate0%:0.0, MetaNormμ:7.4499 | Val Meta: Scaleμ:0.8808, Signal|S|μ:4.9880, Delta|S|μ:2.9697, Delta/Signal:59.54%, Gateμ:-0.1870, Gate0%:0.0, MetaNormμ:7.4499
Epoch 16/20 | Steps: 1133 | LR: 0.000100 | Train Loss: 0.721993 | Val Loss: 0.758577 | Train Meta: Scaleμ:0.8808, Signal|S|μ:5.3110, Delta|S|μ:3.1663, Delta/Signal:59.62%, Gateμ:-0.1870, Gate0%:0.0, MetaNormμ:7.4499 | Val Meta: Scaleμ:0.8808, Signal|S|μ:4.9880, Delta|S|μ:2.9697, Delta/Signal:59.54%, Gateμ:-0.1870, Gate0%:0.0, MetaNormμ:7.4499
Epoch 17/20 | Steps: 1133 | LR: 0.000100 | Train Loss: 0.722714 | Val Loss: 0.752499 | Train Meta: Scaleμ:0.8808, Signal|S|μ:5.2529, Delta|S|μ:3.1348, Delta/Signal:59.68%, Gateμ:-0.1870, Gate0%:0.0, MetaNormμ:7.4499 | Val Meta: Scaleμ:0.8808, Signal|S|μ:4.9880, Delta|S|μ:2.9697, Delta/Signal:59.54%, Gateμ:-0.1870, Gate0%:0.0, MetaNormμ:7.4499
Epoch 18/20 | Steps: 1133 | LR: 0.000100 | Train Loss: 0.720943 | Val Loss: 0.754420 | Train Meta: Scaleμ:0.8808, Signal|S|μ:5.3555, Delta|S|μ:3.1977, Delta/Signal:59.71%, Gateμ:-0.1870, Gate0%:0.0, MetaNormμ:7.4499 | Val Meta: Scaleμ:0.8808, Signal|S|μ:4.9880, Delta|S|μ:2.9697, Delta/Signal:59.54%, Gateμ:-0.1870, Gate0%:0.0, MetaNormμ:7.4499
Epoch 19/20 | Steps: 1133 | LR: 0.000100 | Train Loss: 0.720836 | Val Loss: 0.756275 | Train Meta: Scaleμ:0.8808, Signal|S|μ:5.3462, Delta|S|μ:3.1966, Delta/Signal:59.79%, Gateμ:-0.1870, Gate0%:0.0, MetaNormμ:7.4499 | Val Meta: Scaleμ:0.8808, Signal|S|μ:4.9880, Delta|S|μ:2.9697, Delta/Signal:59.54%, Gateμ:-0.1870, Gate0%:0.0, MetaNormμ:7.4499
Epoch 20/20 | Steps: 1133 | LR: 0.000100 | Train Loss: 0.721904 | Val Loss: 0.753764 | Train Meta: Scaleμ:0.8808, Signal|S|μ:5.4385, Delta|S|μ:3.2476, Delta/Signal:59.71%, Gateμ:-0.1870, Gate0%:0.0, MetaNormμ:7.4499 | Val Meta: Scaleμ:0.8808, Signal|S|μ:4.9880, Delta|S|μ:2.9697, Delta/Signal:59.54%, Gateμ:-0.1870, Gate0%:0.0, MetaNormμ:7.4499
./run_forecasting.py:284: UserWarning: Tight layout not applied. The bottom and top margins cannot be made large enough to accommodate all axes decorations.
  plt.tight_layout()
./run_forecasting.py:296: UserWarning: Tight layout not applied. The bottom and top margins cannot be made large enough to accommodate all axes decorations.
  plt.tight_layout()
{'test_mse': 0.5094510316848755, 'test_mae': 0.5579481720924377}
Saved best forecasting checkpoint under checkpoints/forecasting_weather_96/electricity_laya_metadata_query_gate_text_stats_joint_best.pt
Saved attention maps for 3 sample(s) under ./runs/forecasting_electricity_to_weather_laya_metadata_query_gate_text_stats_joint/pred_96/attention_maps
Joint metadata preview | dataset=weather | domain=weather | channels=21
   - p (mbar): In the weather domain, this channel belongs to the weather dataset and represents the feature p (mbar). Channel statistics over the training split: mean value is -0.000, standard deviation is 1.000, minimum value is -3.309, maximum value is 3.410, median value is 0.052, and mean absolute value is 0.768.
==================================================
🚀 Architecture: LAYA
📊 Target Dataset: weather (Channels: 21)
📊 Pretrain Info: electricity (Detected Channels: 21)
📊 Prediction Length: 192
==================================================
✅ Loaded pretrained encoder from ./checkpoints/electricity_laya_metadata_query_gate_text_stats_joint/laya_ts_electricity_s_best.pt
   - 62/62 keys matched.
ℹ️ Channel Adapter: disabled
📝 metadata: mode=text_stats_joint, fusion=none, relation=metadata_query_gate
ℹ️ Metadata Fusion Mode: none
ℹ️ Channel Mixer Relation Mode: metadata_query_gate
ℹ️ Encoder Variant: default
ℹ️ Channel Relation Block: disabled
✅ Probing Head [Mixer, channel-wise]: [B*C, 1024] -> [B, 21, 192]
Epoch 1/20 | Steps: 1130 | LR: 0.000100 | Train Loss: 1.092907 | Val Loss: 1.061334 | Train Meta: Scaleμ:0.8808, Signal|S|μ:5.4725, Delta|S|μ:3.2688, Delta/Signal:59.73%, Gateμ:-0.1870, Gate0%:0.0, MetaNormμ:7.4499 | Val Meta: Scaleμ:0.8808, Signal|S|μ:4.9880, Delta|S|μ:2.9697, Delta/Signal:59.54%, Gateμ:-0.1870, Gate0%:0.0, MetaNormμ:7.4499
   -> Updated best validation state: val_loss=1.061334 at epoch 1
Epoch 2/20 | Steps: 1130 | LR: 0.000100 | Train Loss: 0.828379 | Val Loss: 0.905917 | Train Meta: Scaleμ:0.8808, Signal|S|μ:5.4421, Delta|S|μ:3.2418, Delta/Signal:59.57%, Gateμ:-0.1870, Gate0%:0.0, MetaNormμ:7.4499 | Val Meta: Scaleμ:0.8808, Signal|S|μ:4.9880, Delta|S|μ:2.9697, Delta/Signal:59.54%, Gateμ:-0.1870, Gate0%:0.0, MetaNormμ:7.4499
   -> Updated best validation state: val_loss=0.905917 at epoch 2
Epoch 3/20 | Steps: 1130 | LR: 0.000100 | Train Loss: 0.792783 | Val Loss: 0.830993 | Train Meta: Scaleμ:0.8808, Signal|S|μ:5.4962, Delta|S|μ:3.2830, Delta/Signal:59.73%, Gateμ:-0.1870, Gate0%:0.0, MetaNormμ:7.4499 | Val Meta: Scaleμ:0.8808, Signal|S|μ:4.9880, Delta|S|μ:2.9697, Delta/Signal:59.54%, Gateμ:-0.1870, Gate0%:0.0, MetaNormμ:7.4499
   -> Updated best validation state: val_loss=0.830993 at epoch 3
Epoch 4/20 | Steps: 1130 | LR: 0.000100 | Train Loss: 0.776480 | Val Loss: 0.836238 | Train Meta: Scaleμ:0.8808, Signal|S|μ:5.1378, Delta|S|μ:3.0645, Delta/Signal:59.65%, Gateμ:-0.1870, Gate0%:0.0, MetaNormμ:7.4499 | Val Meta: Scaleμ:0.8808, Signal|S|μ:4.9880, Delta|S|μ:2.9697, Delta/Signal:59.54%, Gateμ:-0.1870, Gate0%:0.0, MetaNormμ:7.4499
Epoch 5/20 | Steps: 1130 | LR: 0.000100 | Train Loss: 0.767175 | Val Loss: 0.823180 | Train Meta: Scaleμ:0.8808, Signal|S|μ:5.6986, Delta|S|μ:3.4017, Delta/Signal:59.69%, Gateμ:-0.1870, Gate0%:0.0, MetaNormμ:7.4499 | Val Meta: Scaleμ:0.8808, Signal|S|μ:4.9880, Delta|S|μ:2.9697, Delta/Signal:59.54%, Gateμ:-0.1870, Gate0%:0.0, MetaNormμ:7.4499
   -> Updated best validation state: val_loss=0.823180 at epoch 5
Epoch 6/20 | Steps: 1130 | LR: 0.000100 | Train Loss: 0.762652 | Val Loss: 0.798414 | Train Meta: Scaleμ:0.8808, Signal|S|μ:5.1424, Delta|S|μ:3.0687, Delta/Signal:59.67%, Gateμ:-0.1870, Gate0%:0.0, MetaNormμ:7.4499 | Val Meta: Scaleμ:0.8808, Signal|S|μ:4.9880, Delta|S|μ:2.9697, Delta/Signal:59.54%, Gateμ:-0.1870, Gate0%:0.0, MetaNormμ:7.4499
   -> Updated best validation state: val_loss=0.798414 at epoch 6
Epoch 7/20 | Steps: 1130 | LR: 0.000100 | Train Loss: 0.758873 | Val Loss: 0.803350 | Train Meta: Scaleμ:0.8808, Signal|S|μ:5.7667, Delta|S|μ:3.4415, Delta/Signal:59.68%, Gateμ:-0.1870, Gate0%:0.0, MetaNormμ:7.4499 | Val Meta: Scaleμ:0.8808, Signal|S|μ:4.9880, Delta|S|μ:2.9697, Delta/Signal:59.54%, Gateμ:-0.1870, Gate0%:0.0, MetaNormμ:7.4499
Epoch 8/20 | Steps: 1130 | LR: 0.000100 | Train Loss: 0.756120 | Val Loss: 0.800623 | Train Meta: Scaleμ:0.8808, Signal|S|μ:5.5175, Delta|S|μ:3.2863, Delta/Signal:59.56%, Gateμ:-0.1870, Gate0%:0.0, MetaNormμ:7.4499 | Val Meta: Scaleμ:0.8808, Signal|S|μ:4.9880, Delta|S|μ:2.9697, Delta/Signal:59.54%, Gateμ:-0.1870, Gate0%:0.0, MetaNormμ:7.4499
Epoch 9/20 | Steps: 1130 | LR: 0.000100 | Train Loss: 0.754495 | Val Loss: 0.797372 | Train Meta: Scaleμ:0.8808, Signal|S|μ:5.5889, Delta|S|μ:3.3296, Delta/Signal:59.58%, Gateμ:-0.1870, Gate0%:0.0, MetaNormμ:7.4499 | Val Meta: Scaleμ:0.8808, Signal|S|μ:4.9880, Delta|S|μ:2.9697, Delta/Signal:59.54%, Gateμ:-0.1870, Gate0%:0.0, MetaNormμ:7.4499
   -> Updated best validation state: val_loss=0.797372 at epoch 9
Epoch 10/20 | Steps: 1130 | LR: 0.000100 | Train Loss: 0.753328 | Val Loss: 0.785355 | Train Meta: Scaleμ:0.8808, Signal|S|μ:5.4265, Delta|S|μ:3.2389, Delta/Signal:59.69%, Gateμ:-0.1870, Gate0%:0.0, MetaNormμ:7.4499 | Val Meta: Scaleμ:0.8808, Signal|S|μ:4.9880, Delta|S|μ:2.9697, Delta/Signal:59.54%, Gateμ:-0.1870, Gate0%:0.0, MetaNormμ:7.4499
   -> Updated best validation state: val_loss=0.785355 at epoch 10
Epoch 11/20 | Steps: 1130 | LR: 0.000100 | Train Loss: 0.752204 | Val Loss: 0.776537 | Train Meta: Scaleμ:0.8808, Signal|S|μ:5.4468, Delta|S|μ:3.2608, Delta/Signal:59.87%, Gateμ:-0.1870, Gate0%:0.0, MetaNormμ:7.4499 | Val Meta: Scaleμ:0.8808, Signal|S|μ:4.9880, Delta|S|μ:2.9697, Delta/Signal:59.54%, Gateμ:-0.1870, Gate0%:0.0, MetaNormμ:7.4499
   -> Updated best validation state: val_loss=0.776537 at epoch 11
Epoch 12/20 | Steps: 1130 | LR: 0.000100 | Train Loss: 0.751445 | Val Loss: 0.779863 | Train Meta: Scaleμ:0.8808, Signal|S|μ:5.4106, Delta|S|μ:3.2341, Delta/Signal:59.77%, Gateμ:-0.1870, Gate0%:0.0, MetaNormμ:7.4499 | Val Meta: Scaleμ:0.8808, Signal|S|μ:4.9880, Delta|S|μ:2.9697, Delta/Signal:59.54%, Gateμ:-0.1870, Gate0%:0.0, MetaNormμ:7.4499
Epoch 13/20 | Steps: 1130 | LR: 0.000100 | Train Loss: 0.750874 | Val Loss: 0.782761 | Train Meta: Scaleμ:0.8808, Signal|S|μ:5.6350, Delta|S|μ:3.3636, Delta/Signal:59.69%, Gateμ:-0.1870, Gate0%:0.0, MetaNormμ:7.4499 | Val Meta: Scaleμ:0.8808, Signal|S|μ:4.9880, Delta|S|μ:2.9697, Delta/Signal:59.54%, Gateμ:-0.1870, Gate0%:0.0, MetaNormμ:7.4499
Epoch 14/20 | Steps: 1130 | LR: 0.000100 | Train Loss: 0.750630 | Val Loss: 0.797070 | Train Meta: Scaleμ:0.8808, Signal|S|μ:5.7684, Delta|S|μ:3.4465, Delta/Signal:59.75%, Gateμ:-0.1870, Gate0%:0.0, MetaNormμ:7.4499 | Val Meta: Scaleμ:0.8808, Signal|S|μ:4.9880, Delta|S|μ:2.9697, Delta/Signal:59.54%, Gateμ:-0.1870, Gate0%:0.0, MetaNormμ:7.4499
Epoch 15/20 | Steps: 1130 | LR: 0.000100 | Train Loss: 0.749767 | Val Loss: 0.781894 | Train Meta: Scaleμ:0.8808, Signal|S|μ:5.1911, Delta|S|μ:3.0998, Delta/Signal:59.71%, Gateμ:-0.1870, Gate0%:0.0, MetaNormμ:7.4499 | Val Meta: Scaleμ:0.8808, Signal|S|μ:4.9880, Delta|S|μ:2.9697, Delta/Signal:59.54%, Gateμ:-0.1870, Gate0%:0.0, MetaNormμ:7.4499
Epoch 16/20 | Steps: 1130 | LR: 0.000100 | Train Loss: 0.749625 | Val Loss: 0.798021 | Train Meta: Scaleμ:0.8808, Signal|S|μ:5.4870, Delta|S|μ:3.2740, Delta/Signal:59.67%, Gateμ:-0.1870, Gate0%:0.0, MetaNormμ:7.4499 | Val Meta: Scaleμ:0.8808, Signal|S|μ:4.9880, Delta|S|μ:2.9697, Delta/Signal:59.54%, Gateμ:-0.1870, Gate0%:0.0, MetaNormμ:7.4499
Epoch 17/20 | Steps: 1130 | LR: 0.000100 | Train Loss: 0.748921 | Val Loss: 0.794432 | Train Meta: Scaleμ:0.8808, Signal|S|μ:5.8728, Delta|S|μ:3.5132, Delta/Signal:59.82%, Gateμ:-0.1870, Gate0%:0.0, MetaNormμ:7.4499 | Val Meta: Scaleμ:0.8808, Signal|S|μ:4.9880, Delta|S|μ:2.9697, Delta/Signal:59.54%, Gateμ:-0.1870, Gate0%:0.0, MetaNormμ:7.4499
Epoch 18/20 | Steps: 1130 | LR: 0.000100 | Train Loss: 0.749360 | Val Loss: 0.776885 | Train Meta: Scaleμ:0.8808, Signal|S|μ:5.3383, Delta|S|μ:3.1839, Delta/Signal:59.64%, Gateμ:-0.1870, Gate0%:0.0, MetaNormμ:7.4499 | Val Meta: Scaleμ:0.8808, Signal|S|μ:4.9880, Delta|S|μ:2.9697, Delta/Signal:59.54%, Gateμ:-0.1870, Gate0%:0.0, MetaNormμ:7.4499
Epoch 19/20 | Steps: 1130 | LR: 0.000100 | Train Loss: 0.748865 | Val Loss: 0.780121 | Train Meta: Scaleμ:0.8808, Signal|S|μ:5.1699, Delta|S|μ:3.0870, Delta/Signal:59.71%, Gateμ:-0.1870, Gate0%:0.0, MetaNormμ:7.4499 | Val Meta: Scaleμ:0.8808, Signal|S|μ:4.9880, Delta|S|μ:2.9697, Delta/Signal:59.54%, Gateμ:-0.1870, Gate0%:0.0, MetaNormμ:7.4499
Epoch 20/20 | Steps: 1130 | LR: 0.000100 | Train Loss: 0.748675 | Val Loss: 0.793822 | Train Meta: Scaleμ:0.8808, Signal|S|μ:5.5733, Delta|S|μ:3.3205, Delta/Signal:59.58%, Gateμ:-0.1870, Gate0%:0.0, MetaNormμ:7.4499 | Val Meta: Scaleμ:0.8808, Signal|S|μ:4.9880, Delta|S|μ:2.9697, Delta/Signal:59.54%, Gateμ:-0.1870, Gate0%:0.0, MetaNormμ:7.4499
./run_forecasting.py:284: UserWarning: Tight layout not applied. The bottom and top margins cannot be made large enough to accommodate all axes decorations.
  plt.tight_layout()
./run_forecasting.py:296: UserWarning: Tight layout not applied. The bottom and top margins cannot be made large enough to accommodate all axes decorations.
  plt.tight_layout()
{'test_mse': 0.5379697680473328, 'test_mae': 0.5719408392906189}
Saved best forecasting checkpoint under checkpoints/forecasting_weather_192/electricity_laya_metadata_query_gate_text_stats_joint_best.pt
Saved attention maps for 3 sample(s) under ./runs/forecasting_electricity_to_weather_laya_metadata_query_gate_text_stats_joint/pred_192/attention_maps
Joint metadata preview | dataset=weather | domain=weather | channels=21
   - p (mbar): In the weather domain, this channel belongs to the weather dataset and represents the feature p (mbar). Channel statistics over the training split: mean value is -0.000, standard deviation is 1.000, minimum value is -3.309, maximum value is 3.410, median value is 0.052, and mean absolute value is 0.768.
==================================================
🚀 Architecture: LAYA
📊 Target Dataset: weather (Channels: 21)
📊 Pretrain Info: electricity (Detected Channels: 21)
📊 Prediction Length: 336
==================================================
✅ Loaded pretrained encoder from ./checkpoints/electricity_laya_metadata_query_gate_text_stats_joint/laya_ts_electricity_s_best.pt
   - 62/62 keys matched.
ℹ️ Channel Adapter: disabled
📝 metadata: mode=text_stats_joint, fusion=none, relation=metadata_query_gate
ℹ️ Metadata Fusion Mode: none
ℹ️ Channel Mixer Relation Mode: metadata_query_gate
ℹ️ Encoder Variant: default
ℹ️ Channel Relation Block: disabled
✅ Probing Head [Mixer, channel-wise]: [B*C, 1024] -> [B, 21, 336]
Epoch 1/20 | Steps: 1126 | LR: 0.000100 | Train Loss: 1.116281 | Val Loss: 1.068524 | Train Meta: Scaleμ:0.8808, Signal|S|μ:5.5456, Delta|S|μ:3.3115, Delta/Signal:59.71%, Gateμ:-0.1870, Gate0%:0.0, MetaNormμ:7.4499 | Val Meta: Scaleμ:0.8808, Signal|S|μ:4.9880, Delta|S|μ:2.9697, Delta/Signal:59.54%, Gateμ:-0.1870, Gate0%:0.0, MetaNormμ:7.4499
   -> Updated best validation state: val_loss=1.068524 at epoch 1
Epoch 2/20 | Steps: 1126 | LR: 0.000100 | Train Loss: 0.854687 | Val Loss: 0.922589 | Train Meta: Scaleμ:0.8808, Signal|S|μ:5.3391, Delta|S|μ:3.1837, Delta/Signal:59.63%, Gateμ:-0.1870, Gate0%:0.0, MetaNormμ:7.4499 | Val Meta: Scaleμ:0.8808, Signal|S|μ:4.9880, Delta|S|μ:2.9697, Delta/Signal:59.54%, Gateμ:-0.1870, Gate0%:0.0, MetaNormμ:7.4499
   -> Updated best validation state: val_loss=0.922589 at epoch 2
Epoch 3/20 | Steps: 1126 | LR: 0.000100 | Train Loss: 0.818994 | Val Loss: 0.879727 | Train Meta: Scaleμ:0.8808, Signal|S|μ:5.4674, Delta|S|μ:3.2623, Delta/Signal:59.67%, Gateμ:-0.1870, Gate0%:0.0, MetaNormμ:7.4499 | Val Meta: Scaleμ:0.8808, Signal|S|μ:4.9880, Delta|S|μ:2.9697, Delta/Signal:59.54%, Gateμ:-0.1870, Gate0%:0.0, MetaNormμ:7.4499
   -> Updated best validation state: val_loss=0.879727 at epoch 3
Epoch 4/20 | Steps: 1126 | LR: 0.000100 | Train Loss: 0.803240 | Val Loss: 0.831057 | Train Meta: Scaleμ:0.8808, Signal|S|μ:5.1580, Delta|S|μ:3.0721, Delta/Signal:59.56%, Gateμ:-0.1870, Gate0%:0.0, MetaNormμ:7.4499 | Val Meta: Scaleμ:0.8808, Signal|S|μ:4.9880, Delta|S|μ:2.9697, Delta/Signal:59.54%, Gateμ:-0.1870, Gate0%:0.0, MetaNormμ:7.4499
   -> Updated best validation state: val_loss=0.831057 at epoch 4
Epoch 5/20 | Steps: 1126 | LR: 0.000100 | Train Loss: 0.794121 | Val Loss: 0.821859 | Train Meta: Scaleμ:0.8808, Signal|S|μ:5.2682, Delta|S|μ:3.1559, Delta/Signal:59.90%, Gateμ:-0.1870, Gate0%:0.0, MetaNormμ:7.4499 | Val Meta: Scaleμ:0.8808, Signal|S|μ:4.9880, Delta|S|μ:2.9697, Delta/Signal:59.54%, Gateμ:-0.1870, Gate0%:0.0, MetaNormμ:7.4499
   -> Updated best validation state: val_loss=0.821859 at epoch 5
Epoch 6/20 | Steps: 1126 | LR: 0.000100 | Train Loss: 0.789705 | Val Loss: 0.812964 | Train Meta: Scaleμ:0.8808, Signal|S|μ:5.2487, Delta|S|μ:3.1334, Delta/Signal:59.70%, Gateμ:-0.1870, Gate0%:0.0, MetaNormμ:7.4499 | Val Meta: Scaleμ:0.8808, Signal|S|μ:4.9880, Delta|S|μ:2.9697, Delta/Signal:59.54%, Gateμ:-0.1870, Gate0%:0.0, MetaNormμ:7.4499
   -> Updated best validation state: val_loss=0.812964 at epoch 6
Epoch 7/20 | Steps: 1126 | LR: 0.000100 | Train Loss: 0.785814 | Val Loss: 0.803091 | Train Meta: Scaleμ:0.8808, Signal|S|μ:5.3249, Delta|S|μ:3.1830, Delta/Signal:59.78%, Gateμ:-0.1870, Gate0%:0.0, MetaNormμ:7.4499 | Val Meta: Scaleμ:0.8808, Signal|S|μ:4.9880, Delta|S|μ:2.9697, Delta/Signal:59.54%, Gateμ:-0.1870, Gate0%:0.0, MetaNormμ:7.4499
   -> Updated best validation state: val_loss=0.803091 at epoch 7
Epoch 8/20 | Steps: 1126 | LR: 0.000100 | Train Loss: 0.783352 | Val Loss: 0.831236 | Train Meta: Scaleμ:0.8808, Signal|S|μ:6.0951, Delta|S|μ:3.6420, Delta/Signal:59.75%, Gateμ:-0.1870, Gate0%:0.0, MetaNormμ:7.4499 | Val Meta: Scaleμ:0.8808, Signal|S|μ:4.9880, Delta|S|μ:2.9697, Delta/Signal:59.54%, Gateμ:-0.1870, Gate0%:0.0, MetaNormμ:7.4499
Epoch 9/20 | Steps: 1126 | LR: 0.000100 | Train Loss: 0.781984 | Val Loss: 0.807858 | Train Meta: Scaleμ:0.8808, Signal|S|μ:4.9542, Delta|S|μ:2.9526, Delta/Signal:59.60%, Gateμ:-0.1870, Gate0%:0.0, MetaNormμ:7.4499 | Val Meta: Scaleμ:0.8808, Signal|S|μ:4.9880, Delta|S|μ:2.9697, Delta/Signal:59.54%, Gateμ:-0.1870, Gate0%:0.0, MetaNormμ:7.4499
Epoch 10/20 | Steps: 1126 | LR: 0.000100 | Train Loss: 0.780466 | Val Loss: 0.833660 | Train Meta: Scaleμ:0.8808, Signal|S|μ:5.4617, Delta|S|μ:3.2563, Delta/Signal:59.62%, Gateμ:-0.1870, Gate0%:0.0, MetaNormμ:7.4499 | Val Meta: Scaleμ:0.8808, Signal|S|μ:4.9880, Delta|S|μ:2.9697, Delta/Signal:59.54%, Gateμ:-0.1870, Gate0%:0.0, MetaNormμ:7.4499
Epoch 11/20 | Steps: 1126 | LR: 0.000100 | Train Loss: 0.779126 | Val Loss: 0.811531 | Train Meta: Scaleμ:0.8808, Signal|S|μ:5.2545, Delta|S|μ:3.1351, Delta/Signal:59.66%, Gateμ:-0.1870, Gate0%:0.0, MetaNormμ:7.4499 | Val Meta: Scaleμ:0.8808, Signal|S|μ:4.9880, Delta|S|μ:2.9697, Delta/Signal:59.54%, Gateμ:-0.1870, Gate0%:0.0, MetaNormμ:7.4499
Epoch 12/20 | Steps: 1126 | LR: 0.000100 | Train Loss: 0.778819 | Val Loss: 0.799082 | Train Meta: Scaleμ:0.8808, Signal|S|μ:5.5432, Delta|S|μ:3.3095, Delta/Signal:59.70%, Gateμ:-0.1870, Gate0%:0.0, MetaNormμ:7.4499 | Val Meta: Scaleμ:0.8808, Signal|S|μ:4.9880, Delta|S|μ:2.9697, Delta/Signal:59.54%, Gateμ:-0.1870, Gate0%:0.0, MetaNormμ:7.4499
   -> Updated best validation state: val_loss=0.799082 at epoch 12
Epoch 13/20 | Steps: 1126 | LR: 0.000100 | Train Loss: 0.778239 | Val Loss: 0.815536 | Train Meta: Scaleμ:0.8808, Signal|S|μ:5.6010, Delta|S|μ:3.3459, Delta/Signal:59.74%, Gateμ:-0.1870, Gate0%:0.0, MetaNormμ:7.4499 | Val Meta: Scaleμ:0.8808, Signal|S|μ:4.9880, Delta|S|μ:2.9697, Delta/Signal:59.54%, Gateμ:-0.1870, Gate0%:0.0, MetaNormμ:7.4499
Epoch 14/20 | Steps: 1126 | LR: 0.000100 | Train Loss: 0.776674 | Val Loss: 0.800860 | Train Meta: Scaleμ:0.8808, Signal|S|μ:5.4004, Delta|S|μ:3.2228, Delta/Signal:59.68%, Gateμ:-0.1870, Gate0%:0.0, MetaNormμ:7.4499 | Val Meta: Scaleμ:0.8808, Signal|S|μ:4.9880, Delta|S|μ:2.9697, Delta/Signal:59.54%, Gateμ:-0.1870, Gate0%:0.0, MetaNormμ:7.4499
Epoch 15/20 | Steps: 1126 | LR: 0.000100 | Train Loss: 0.776964 | Val Loss: 0.826279 | Train Meta: Scaleμ:0.8808, Signal|S|μ:5.3276, Delta|S|μ:3.1821, Delta/Signal:59.73%, Gateμ:-0.1870, Gate0%:0.0, MetaNormμ:7.4499 | Val Meta: Scaleμ:0.8808, Signal|S|μ:4.9880, Delta|S|μ:2.9697, Delta/Signal:59.54%, Gateμ:-0.1870, Gate0%:0.0, MetaNormμ:7.4499
Epoch 16/20 | Steps: 1126 | LR: 0.000100 | Train Loss: 0.776339 | Val Loss: 0.807750 | Train Meta: Scaleμ:0.8808, Signal|S|μ:5.3840, Delta|S|μ:3.2200, Delta/Signal:59.81%, Gateμ:-0.1870, Gate0%:0.0, MetaNormμ:7.4499 | Val Meta: Scaleμ:0.8808, Signal|S|μ:4.9880, Delta|S|μ:2.9697, Delta/Signal:59.54%, Gateμ:-0.1870, Gate0%:0.0, MetaNormμ:7.4499
Epoch 17/20 | Steps: 1126 | LR: 0.000100 | Train Loss: 0.776887 | Val Loss: 0.820567 | Train Meta: Scaleμ:0.8808, Signal|S|μ:5.5790, Delta|S|μ:3.3331, Delta/Signal:59.74%, Gateμ:-0.1870, Gate0%:0.0, MetaNormμ:7.4499 | Val Meta: Scaleμ:0.8808, Signal|S|μ:4.9880, Delta|S|μ:2.9697, Delta/Signal:59.54%, Gateμ:-0.1870, Gate0%:0.0, MetaNormμ:7.4499
Epoch 18/20 | Steps: 1126 | LR: 0.000100 | Train Loss: 0.775832 | Val Loss: 0.803750 | Train Meta: Scaleμ:0.8808, Signal|S|μ:5.2415, Delta|S|μ:3.1324, Delta/Signal:59.76%, Gateμ:-0.1870, Gate0%:0.0, MetaNormμ:7.4499 | Val Meta: Scaleμ:0.8808, Signal|S|μ:4.9880, Delta|S|μ:2.9697, Delta/Signal:59.54%, Gateμ:-0.1870, Gate0%:0.0, MetaNormμ:7.4499
Epoch 19/20 | Steps: 1126 | LR: 0.000100 | Train Loss: 0.775825 | Val Loss: 0.804037 | Train Meta: Scaleμ:0.8808, Signal|S|μ:5.8247, Delta|S|μ:3.4770, Delta/Signal:59.69%, Gateμ:-0.1870, Gate0%:0.0, MetaNormμ:7.4499 | Val Meta: Scaleμ:0.8808, Signal|S|μ:4.9880, Delta|S|μ:2.9697, Delta/Signal:59.54%, Gateμ:-0.1870, Gate0%:0.0, MetaNormμ:7.4499
Epoch 20/20 | Steps: 1126 | LR: 0.000100 | Train Loss: 0.775426 | Val Loss: 0.798321 | Train Meta: Scaleμ:0.8808, Signal|S|μ:5.4239, Delta|S|μ:3.2452, Delta/Signal:59.83%, Gateμ:-0.1870, Gate0%:0.0, MetaNormμ:7.4499 | Val Meta: Scaleμ:0.8808, Signal|S|μ:4.9880, Delta|S|μ:2.9697, Delta/Signal:59.54%, Gateμ:-0.1870, Gate0%:0.0, MetaNormμ:7.4499
   -> Updated best validation state: val_loss=0.798321 at epoch 20
./run_forecasting.py:284: UserWarning: Tight layout not applied. The bottom and top margins cannot be made large enough to accommodate all axes decorations.
  plt.tight_layout()
./run_forecasting.py:296: UserWarning: Tight layout not applied. The bottom and top margins cannot be made large enough to accommodate all axes decorations.
  plt.tight_layout()
{'test_mse': 0.577131986618042, 'test_mae': 0.5927207469940186}
Saved best forecasting checkpoint under checkpoints/forecasting_weather_336/electricity_laya_metadata_query_gate_text_stats_joint_best.pt
Saved attention maps for 3 sample(s) under ./runs/forecasting_electricity_to_weather_laya_metadata_query_gate_text_stats_joint/pred_336/attention_maps
Joint metadata preview | dataset=weather | domain=weather | channels=21
   - p (mbar): In the weather domain, this channel belongs to the weather dataset and represents the feature p (mbar). Channel statistics over the training split: mean value is -0.000, standard deviation is 1.000, minimum value is -3.309, maximum value is 3.410, median value is 0.052, and mean absolute value is 0.768.
==================================================
🚀 Architecture: LAYA
📊 Target Dataset: weather (Channels: 21)
📊 Pretrain Info: electricity (Detected Channels: 21)
📊 Prediction Length: 720
==================================================
✅ Loaded pretrained encoder from ./checkpoints/electricity_laya_metadata_query_gate_text_stats_joint/laya_ts_electricity_s_best.pt
   - 62/62 keys matched.
ℹ️ Channel Adapter: disabled
📝 metadata: mode=text_stats_joint, fusion=none, relation=metadata_query_gate
ℹ️ Metadata Fusion Mode: none
ℹ️ Channel Mixer Relation Mode: metadata_query_gate
ℹ️ Encoder Variant: default
ℹ️ Channel Relation Block: disabled
✅ Probing Head [Mixer, channel-wise]: [B*C, 1024] -> [B, 21, 720]
Epoch 1/20 | Steps: 1114 | LR: 0.000100 | Train Loss: 1.154007 | Val Loss: 1.106942 | Train Meta: Scaleμ:0.8808, Signal|S|μ:5.3945, Delta|S|μ:3.2155, Delta/Signal:59.61%, Gateμ:-0.1870, Gate0%:0.0, MetaNormμ:7.4499 | Val Meta: Scaleμ:0.8808, Signal|S|μ:4.9880, Delta|S|μ:2.9697, Delta/Signal:59.54%, Gateμ:-0.1870, Gate0%:0.0, MetaNormμ:7.4499
   -> Updated best validation state: val_loss=1.106942 at epoch 1
Epoch 2/20 | Steps: 1114 | LR: 0.000100 | Train Loss: 0.887249 | Val Loss: 0.942835 | Train Meta: Scaleμ:0.8808, Signal|S|μ:5.3173, Delta|S|μ:3.1748, Delta/Signal:59.71%, Gateμ:-0.1870, Gate0%:0.0, MetaNormμ:7.4499 | Val Meta: Scaleμ:0.8808, Signal|S|μ:4.9880, Delta|S|μ:2.9697, Delta/Signal:59.54%, Gateμ:-0.1870, Gate0%:0.0, MetaNormμ:7.4499
   -> Updated best validation state: val_loss=0.942835 at epoch 2
Epoch 3/20 | Steps: 1114 | LR: 0.000100 | Train Loss: 0.852356 | Val Loss: 0.877666 | Train Meta: Scaleμ:0.8808, Signal|S|μ:5.3054, Delta|S|μ:3.1644, Delta/Signal:59.65%, Gateμ:-0.1870, Gate0%:0.0, MetaNormμ:7.4499 | Val Meta: Scaleμ:0.8808, Signal|S|μ:4.9880, Delta|S|μ:2.9697, Delta/Signal:59.54%, Gateμ:-0.1870, Gate0%:0.0, MetaNormμ:7.4499
   -> Updated best validation state: val_loss=0.877666 at epoch 3
Epoch 4/20 | Steps: 1114 | LR: 0.000100 | Train Loss: 0.834870 | Val Loss: 0.849131 | Train Meta: Scaleμ:0.8808, Signal|S|μ:5.2712, Delta|S|μ:3.1418, Delta/Signal:59.60%, Gateμ:-0.1870, Gate0%:0.0, MetaNormμ:7.4499 | Val Meta: Scaleμ:0.8808, Signal|S|μ:4.9880, Delta|S|μ:2.9697, Delta/Signal:59.54%, Gateμ:-0.1870, Gate0%:0.0, MetaNormμ:7.4499
   -> Updated best validation state: val_loss=0.849131 at epoch 4
Epoch 5/20 | Steps: 1114 | LR: 0.000100 | Train Loss: 0.826318 | Val Loss: 0.842279 | Train Meta: Scaleμ:0.8808, Signal|S|μ:5.4282, Delta|S|μ:3.2359, Delta/Signal:59.61%, Gateμ:-0.1870, Gate0%:0.0, MetaNormμ:7.4499 | Val Meta: Scaleμ:0.8808, Signal|S|μ:4.9880, Delta|S|μ:2.9697, Delta/Signal:59.54%, Gateμ:-0.1870, Gate0%:0.0, MetaNormμ:7.4499
   -> Updated best validation state: val_loss=0.842279 at epoch 5
Epoch 6/20 | Steps: 1114 | LR: 0.000100 | Train Loss: 0.820808 | Val Loss: 0.825006 | Train Meta: Scaleμ:0.8808, Signal|S|μ:5.1484, Delta|S|μ:3.0776, Delta/Signal:59.78%, Gateμ:-0.1870, Gate0%:0.0, MetaNormμ:7.4499 | Val Meta: Scaleμ:0.8808, Signal|S|μ:4.9880, Delta|S|μ:2.9697, Delta/Signal:59.54%, Gateμ:-0.1870, Gate0%:0.0, MetaNormμ:7.4499
   -> Updated best validation state: val_loss=0.825006 at epoch 6
Epoch 7/20 | Steps: 1114 | LR: 0.000100 | Train Loss: 0.817724 | Val Loss: 0.827503 | Train Meta: Scaleμ:0.8808, Signal|S|μ:5.4279, Delta|S|μ:3.2435, Delta/Signal:59.76%, Gateμ:-0.1870, Gate0%:0.0, MetaNormμ:7.4499 | Val Meta: Scaleμ:0.8808, Signal|S|μ:4.9880, Delta|S|μ:2.9697, Delta/Signal:59.54%, Gateμ:-0.1870, Gate0%:0.0, MetaNormμ:7.4499
Epoch 8/20 | Steps: 1114 | LR: 0.000100 | Train Loss: 0.814941 | Val Loss: 0.822550 | Train Meta: Scaleμ:0.8808, Signal|S|μ:5.5579, Delta|S|μ:3.3199, Delta/Signal:59.73%, Gateμ:-0.1870, Gate0%:0.0, MetaNormμ:7.4499 | Val Meta: Scaleμ:0.8808, Signal|S|μ:4.9880, Delta|S|μ:2.9697, Delta/Signal:59.54%, Gateμ:-0.1870, Gate0%:0.0, MetaNormμ:7.4499
   -> Updated best validation state: val_loss=0.822550 at epoch 8
Epoch 9/20 | Steps: 1114 | LR: 0.000100 | Train Loss: 0.813048 | Val Loss: 0.828190 | Train Meta: Scaleμ:0.8808, Signal|S|μ:5.4187, Delta|S|μ:3.2360, Delta/Signal:59.72%, Gateμ:-0.1870, Gate0%:0.0, MetaNormμ:7.4499 | Val Meta: Scaleμ:0.8808, Signal|S|μ:4.9880, Delta|S|μ:2.9697, Delta/Signal:59.54%, Gateμ:-0.1870, Gate0%:0.0, MetaNormμ:7.4499
Epoch 10/20 | Steps: 1114 | LR: 0.000100 | Train Loss: 0.811556 | Val Loss: 0.821694 | Train Meta: Scaleμ:0.8808, Signal|S|μ:5.2770, Delta|S|μ:3.1483, Delta/Signal:59.66%, Gateμ:-0.1870, Gate0%:0.0, MetaNormμ:7.4499 | Val Meta: Scaleμ:0.8808, Signal|S|μ:4.9880, Delta|S|μ:2.9697, Delta/Signal:59.54%, Gateμ:-0.1870, Gate0%:0.0, MetaNormμ:7.4499
   -> Updated best validation state: val_loss=0.821694 at epoch 10
Epoch 11/20 | Steps: 1114 | LR: 0.000100 | Train Loss: 0.810542 | Val Loss: 0.825474 | Train Meta: Scaleμ:0.8808, Signal|S|μ:5.3867, Delta|S|μ:3.2195, Delta/Signal:59.77%, Gateμ:-0.1870, Gate0%:0.0, MetaNormμ:7.4499 | Val Meta: Scaleμ:0.8808, Signal|S|μ:4.9880, Delta|S|μ:2.9697, Delta/Signal:59.54%, Gateμ:-0.1870, Gate0%:0.0, MetaNormμ:7.4499
Epoch 12/20 | Steps: 1114 | LR: 0.000100 | Train Loss: 0.809651 | Val Loss: 0.817925 | Train Meta: Scaleμ:0.8808, Signal|S|μ:5.4588, Delta|S|μ:3.2581, Delta/Signal:59.69%, Gateμ:-0.1870, Gate0%:0.0, MetaNormμ:7.4499 | Val Meta: Scaleμ:0.8808, Signal|S|μ:4.9880, Delta|S|μ:2.9697, Delta/Signal:59.54%, Gateμ:-0.1870, Gate0%:0.0, MetaNormμ:7.4499
   -> Updated best validation state: val_loss=0.817925 at epoch 12
Epoch 13/20 | Steps: 1114 | LR: 0.000100 | Train Loss: 0.809432 | Val Loss: 0.827002 | Train Meta: Scaleμ:0.8808, Signal|S|μ:5.5368, Delta|S|μ:3.3104, Delta/Signal:59.79%, Gateμ:-0.1870, Gate0%:0.0, MetaNormμ:7.4499 | Val Meta: Scaleμ:0.8808, Signal|S|μ:4.9880, Delta|S|μ:2.9697, Delta/Signal:59.54%, Gateμ:-0.1870, Gate0%:0.0, MetaNormμ:7.4499
Epoch 14/20 | Steps: 1114 | LR: 0.000100 | Train Loss: 0.808438 | Val Loss: 0.823580 | Train Meta: Scaleμ:0.8808, Signal|S|μ:5.7968, Delta|S|μ:3.4545, Delta/Signal:59.59%, Gateμ:-0.1870, Gate0%:0.0, MetaNormμ:7.4499 | Val Meta: Scaleμ:0.8808, Signal|S|μ:4.9880, Delta|S|μ:2.9697, Delta/Signal:59.54%, Gateμ:-0.1870, Gate0%:0.0, MetaNormμ:7.4499
Epoch 15/20 | Steps: 1114 | LR: 0.000100 | Train Loss: 0.808278 | Val Loss: 0.820611 | Train Meta: Scaleμ:0.8808, Signal|S|μ:5.5256, Delta|S|μ:3.2967, Delta/Signal:59.66%, Gateμ:-0.1870, Gate0%:0.0, MetaNormμ:7.4499 | Val Meta: Scaleμ:0.8808, Signal|S|μ:4.9880, Delta|S|μ:2.9697, Delta/Signal:59.54%, Gateμ:-0.1870, Gate0%:0.0, MetaNormμ:7.4499
Epoch 16/20 | Steps: 1114 | LR: 0.000100 | Train Loss: 0.807330 | Val Loss: 0.814424 | Train Meta: Scaleμ:0.8808, Signal|S|μ:5.5191, Delta|S|μ:3.2935, Delta/Signal:59.67%, Gateμ:-0.1870, Gate0%:0.0, MetaNormμ:7.4499 | Val Meta: Scaleμ:0.8808, Signal|S|μ:4.9880, Delta|S|μ:2.9697, Delta/Signal:59.54%, Gateμ:-0.1870, Gate0%:0.0, MetaNormμ:7.4499
   -> Updated best validation state: val_loss=0.814424 at epoch 16
Epoch 17/20 | Steps: 1114 | LR: 0.000100 | Train Loss: 0.807543 | Val Loss: 0.833075 | Train Meta: Scaleμ:0.8808, Signal|S|μ:5.2507, Delta|S|μ:3.1280, Delta/Signal:59.57%, Gateμ:-0.1870, Gate0%:0.0, MetaNormμ:7.4499 | Val Meta: Scaleμ:0.8808, Signal|S|μ:4.9880, Delta|S|μ:2.9697, Delta/Signal:59.54%, Gateμ:-0.1870, Gate0%:0.0, MetaNormμ:7.4499
Epoch 18/20 | Steps: 1114 | LR: 0.000100 | Train Loss: 0.807033 | Val Loss: 0.832217 | Train Meta: Scaleμ:0.8808, Signal|S|μ:5.4487, Delta|S|μ:3.2474, Delta/Signal:59.60%, Gateμ:-0.1870, Gate0%:0.0, MetaNormμ:7.4499 | Val Meta: Scaleμ:0.8808, Signal|S|μ:4.9880, Delta|S|μ:2.9697, Delta/Signal:59.54%, Gateμ:-0.1870, Gate0%:0.0, MetaNormμ:7.4499
Epoch 19/20 | Steps: 1114 | LR: 0.000100 | Train Loss: 0.806120 | Val Loss: 0.817032 | Train Meta: Scaleμ:0.8808, Signal|S|μ:5.2447, Delta|S|μ:3.1288, Delta/Signal:59.66%, Gateμ:-0.1870, Gate0%:0.0, MetaNormμ:7.4499 | Val Meta: Scaleμ:0.8808, Signal|S|μ:4.9880, Delta|S|μ:2.9697, Delta/Signal:59.54%, Gateμ:-0.1870, Gate0%:0.0, MetaNormμ:7.4499
Epoch 20/20 | Steps: 1114 | LR: 0.000100 | Train Loss: 0.806606 | Val Loss: 0.824585 | Train Meta: Scaleμ:0.8808, Signal|S|μ:5.5672, Delta|S|μ:3.3238, Delta/Signal:59.70%, Gateμ:-0.1870, Gate0%:0.0, MetaNormμ:7.4499 | Val Meta: Scaleμ:0.8808, Signal|S|μ:4.9880, Delta|S|μ:2.9697, Delta/Signal:59.54%, Gateμ:-0.1870, Gate0%:0.0, MetaNormμ:7.4499
./run_forecasting.py:284: UserWarning: Tight layout not applied. The bottom and top margins cannot be made large enough to accommodate all axes decorations.
  plt.tight_layout()
./run_forecasting.py:296: UserWarning: Tight layout not applied. The bottom and top margins cannot be made large enough to accommodate all axes decorations.
  plt.tight_layout()
{'test_mse': 0.6147173047065735, 'test_mae': 0.6134545207023621}
Saved best forecasting checkpoint under checkpoints/forecasting_weather_720/electricity_laya_metadata_query_gate_text_stats_joint_best.pt
Saved attention maps for 3 sample(s) under ./runs/forecasting_electricity_to_weather_laya_metadata_query_gate_text_stats_joint/pred_720/attention_maps
