nohup: ignoring input
==================================================
🚀 Architecture: LAYA
📊 Target Dataset: EthanolConcentration (Channels: 3)
📊 Pretrain Info: electricity
📊 Classes: 4 | Sequence Length: 1751
==================================================
✅ Loaded pretrained encoder from ./checkpoints/electricity_laya_metadata_query_gate_stats/laya_ts_electricity_s_best.pt
   - 62/62 keys matched.
✅ Encoder is FROZEN (Linear Probing mode).
📝 metadata: mode=stats, fusion=none, relation=metadata_query_gate
ℹ️  Metadata Fusion Mode: none
ℹ️  Channel Mixer Relation Mode: metadata_query_gate
ℹ️  Encoder Variant: default
ℹ️  Channel Adapter: disabled for Laya downstream (mixer)
ℹ️  Channel Relation Block: disabled
✅ ClassificationHead: [B, 128] → [B, 4]
Epoch   1/50 | Train Loss: 1.4048 Acc: 0.2455 F1: 0.1741 | Val Loss: 1.3568 Acc: 0.3462 F1: 0.1364
Validation Loss decreased (inf --> 1.356826). Saving best model...
Epoch   2/50 | Train Loss: 1.3331 Acc: 0.2188 F1: 0.1812 | Val Loss: 1.3639 Acc: 0.3462 F1: 0.2053
Epoch   3/50 | Train Loss: 1.3138 Acc: 0.2812 F1: 0.2394 | Val Loss: 1.3911 Acc: 0.3077 F1: 0.2333
Epoch   4/50 | Train Loss: 1.3098 Acc: 0.2768 F1: 0.2669 | Val Loss: 1.3762 Acc: 0.3077 F1: 0.2389
Epoch   5/50 | Train Loss: 1.3108 Acc: 0.2321 F1: 0.1695 | Val Loss: 1.3992 Acc: 0.2308 F1: 0.1541
Epoch   6/50 | Train Loss: 1.3115 Acc: 0.2455 F1: 0.2299 | Val Loss: 1.3657 Acc: 0.3846 F1: 0.3062
Epoch   7/50 | Train Loss: 1.2979 Acc: 0.2634 F1: 0.2364 | Val Loss: 1.4140 Acc: 0.3077 F1: 0.2576
Epoch   8/50 | Train Loss: 1.2988 Acc: 0.2812 F1: 0.2369 | Val Loss: 1.3861 Acc: 0.3462 F1: 0.2909
Epoch   9/50 | Train Loss: 1.3012 Acc: 0.3170 F1: 0.2788 | Val Loss: 1.3869 Acc: 0.3462 F1: 0.2769
Epoch  10/50 | Train Loss: 1.3095 Acc: 0.2812 F1: 0.2364 | Val Loss: 1.3992 Acc: 0.3077 F1: 0.2466
Epoch  11/50 | Train Loss: 1.2958 Acc: 0.2857 F1: 0.2767 | Val Loss: 1.3830 Acc: 0.4615 F1: 0.3626
Epoch  12/50 | Train Loss: 1.2946 Acc: 0.3036 F1: 0.2185 | Val Loss: 1.3683 Acc: 0.3846 F1: 0.2803
Epoch  13/50 | Train Loss: 1.2936 Acc: 0.3036 F1: 0.2748 | Val Loss: 1.3949 Acc: 0.3462 F1: 0.2664
Epoch  14/50 | Train Loss: 1.2968 Acc: 0.3036 F1: 0.2856 | Val Loss: 1.3794 Acc: 0.3846 F1: 0.2998
Epoch  15/50 | Train Loss: 1.2846 Acc: 0.2723 F1: 0.2651 | Val Loss: 1.4013 Acc: 0.2692 F1: 0.2126
Epoch  16/50 | Train Loss: 1.2864 Acc: 0.2679 F1: 0.2385 | Val Loss: 1.3659 Acc: 0.3077 F1: 0.1905
Epoch  17/50 | Train Loss: 1.2943 Acc: 0.3214 F1: 0.2808 | Val Loss: 1.4175 Acc: 0.3846 F1: 0.3847
Epoch  18/50 | Train Loss: 1.2835 Acc: 0.2679 F1: 0.2588 | Val Loss: 1.3789 Acc: 0.3462 F1: 0.2662
Epoch  19/50 | Train Loss: 1.2932 Acc: 0.2946 F1: 0.2151 | Val Loss: 1.3607 Acc: 0.3462 F1: 0.2094
Epoch  20/50 | Train Loss: 1.2842 Acc: 0.2991 F1: 0.2873 | Val Loss: 1.4148 Acc: 0.3462 F1: 0.2962
Epoch  21/50 | Train Loss: 1.2770 Acc: 0.3393 F1: 0.3248 | Val Loss: 1.3779 Acc: 0.3846 F1: 0.2876
Epoch  22/50 | Train Loss: 1.2910 Acc: 0.3080 F1: 0.2325 | Val Loss: 1.3557 Acc: 0.3462 F1: 0.2561
Validation Loss decreased (1.356826 --> 1.355735). Saving best model...
Epoch  23/50 | Train Loss: 1.2997 Acc: 0.2946 F1: 0.2938 | Val Loss: 1.4161 Acc: 0.3077 F1: 0.2347
Epoch  24/50 | Train Loss: 1.2898 Acc: 0.2634 F1: 0.2447 | Val Loss: 1.3562 Acc: 0.3462 F1: 0.2719
Epoch  25/50 | Train Loss: 1.2817 Acc: 0.2768 F1: 0.2459 | Val Loss: 1.3760 Acc: 0.3462 F1: 0.2742
Epoch  26/50 | Train Loss: 1.2755 Acc: 0.2902 F1: 0.2889 | Val Loss: 1.3834 Acc: 0.3077 F1: 0.2688
Epoch  27/50 | Train Loss: 1.2682 Acc: 0.3393 F1: 0.3097 | Val Loss: 1.3636 Acc: 0.4615 F1: 0.3589
Epoch  28/50 | Train Loss: 1.2759 Acc: 0.3259 F1: 0.2946 | Val Loss: 1.3759 Acc: 0.3846 F1: 0.3049
Epoch  29/50 | Train Loss: 1.2690 Acc: 0.3348 F1: 0.3097 | Val Loss: 1.3637 Acc: 0.3846 F1: 0.2614
Epoch  30/50 | Train Loss: 1.2701 Acc: 0.3438 F1: 0.3369 | Val Loss: 1.3572 Acc: 0.3846 F1: 0.3049
Epoch  31/50 | Train Loss: 1.2728 Acc: 0.2902 F1: 0.2293 | Val Loss: 1.3399 Acc: 0.4615 F1: 0.3523
Validation Loss decreased (1.355735 --> 1.339899). Saving best model...
Epoch  32/50 | Train Loss: 1.2743 Acc: 0.3259 F1: 0.2949 | Val Loss: 1.3791 Acc: 0.3077 F1: 0.2404
Epoch  33/50 | Train Loss: 1.2762 Acc: 0.3125 F1: 0.3060 | Val Loss: 1.3531 Acc: 0.3077 F1: 0.2303
Epoch  34/50 | Train Loss: 1.2666 Acc: 0.3170 F1: 0.2559 | Val Loss: 1.3498 Acc: 0.3846 F1: 0.2876
Epoch  35/50 | Train Loss: 1.2759 Acc: 0.2768 F1: 0.2745 | Val Loss: 1.3716 Acc: 0.3462 F1: 0.2714
Epoch  36/50 | Train Loss: 1.2695 Acc: 0.3259 F1: 0.2765 | Val Loss: 1.3407 Acc: 0.3462 F1: 0.2321
Epoch  37/50 | Train Loss: 1.2878 Acc: 0.2902 F1: 0.2865 | Val Loss: 1.3759 Acc: 0.3846 F1: 0.2966
Epoch  38/50 | Train Loss: 1.2614 Acc: 0.3036 F1: 0.2888 | Val Loss: 1.3562 Acc: 0.3077 F1: 0.2569
Epoch  39/50 | Train Loss: 1.2639 Acc: 0.2857 F1: 0.2539 | Val Loss: 1.3365 Acc: 0.3462 F1: 0.2789
Validation Loss decreased (1.339899 --> 1.336534). Saving best model...
Epoch  40/50 | Train Loss: 1.2652 Acc: 0.3438 F1: 0.3047 | Val Loss: 1.3455 Acc: 0.3846 F1: 0.2998
Epoch  41/50 | Train Loss: 1.2689 Acc: 0.2946 F1: 0.2832 | Val Loss: 1.3848 Acc: 0.3846 F1: 0.3702
Epoch  42/50 | Train Loss: 1.2644 Acc: 0.2768 F1: 0.2451 | Val Loss: 1.3366 Acc: 0.3846 F1: 0.2614
Epoch  43/50 | Train Loss: 1.2563 Acc: 0.3036 F1: 0.2839 | Val Loss: 1.3662 Acc: 0.3077 F1: 0.2528
Epoch  44/50 | Train Loss: 1.2584 Acc: 0.3125 F1: 0.2980 | Val Loss: 1.3499 Acc: 0.3077 F1: 0.2387
Epoch  45/50 | Train Loss: 1.2595 Acc: 0.3214 F1: 0.3114 | Val Loss: 1.3727 Acc: 0.3462 F1: 0.3176
Epoch  46/50 | Train Loss: 1.2549 Acc: 0.3125 F1: 0.2721 | Val Loss: 1.3556 Acc: 0.3462 F1: 0.2858
Epoch  47/50 | Train Loss: 1.2645 Acc: 0.3170 F1: 0.2958 | Val Loss: 1.3319 Acc: 0.4231 F1: 0.3280
Validation Loss decreased (1.336534 --> 1.331874). Saving best model...
Epoch  48/50 | Train Loss: 1.2480 Acc: 0.3616 F1: 0.3283 | Val Loss: 1.3573 Acc: 0.3462 F1: 0.2776
Epoch  49/50 | Train Loss: 1.2611 Acc: 0.3125 F1: 0.2956 | Val Loss: 1.3662 Acc: 0.4615 F1: 0.3654
Epoch  50/50 | Train Loss: 1.2521 Acc: 0.3393 F1: 0.3375 | Val Loss: 1.3446 Acc: 0.3462 F1: 0.2763

Classification Test Result (EthanolConcentration)
Accuracy : 0.292776
F1 (macro): 0.260253
Saved attention maps for 3 sample(s) under ./runs/classification_electricity_to_EthanolConcentration_laya_metadata_query_gate_stats/attention_maps
==================================================
🚀 Architecture: LAYA
📊 Target Dataset: FaceDetection (Channels: 144)
📊 Pretrain Info: electricity
📊 Classes: 2 | Sequence Length: 62
==================================================
✅ Loaded pretrained encoder from ./checkpoints/electricity_laya_metadata_query_gate_stats/laya_ts_electricity_s_best.pt
   - 62/62 keys matched.
✅ Encoder is FROZEN (Linear Probing mode).
📝 metadata: mode=stats, fusion=none, relation=metadata_query_gate
ℹ️  Metadata Fusion Mode: none
ℹ️  Channel Mixer Relation Mode: metadata_query_gate
ℹ️  Encoder Variant: default
ℹ️  Channel Adapter: disabled for Laya downstream (mixer)
ℹ️  Channel Relation Block: disabled
✅ ClassificationHead: [B, 128] → [B, 2]
Epoch   1/50 | Train Loss: 0.6986 Acc: 0.5279 F1: 0.5279 | Val Loss: 0.6843 Acc: 0.5620 F1: 0.5196
Validation Loss decreased (inf --> 0.684268). Saving best model...
Epoch   2/50 | Train Loss: 0.6991 Acc: 0.5230 F1: 0.5229 | Val Loss: 0.6822 Acc: 0.5365 F1: 0.5359
Validation Loss decreased (0.684268 --> 0.682202). Saving best model...
Epoch   3/50 | Train Loss: 0.6909 Acc: 0.5332 F1: 0.5331 | Val Loss: 0.6933 Acc: 0.5280 F1: 0.3784
Epoch   4/50 | Train Loss: 0.6955 Acc: 0.5159 F1: 0.5158 | Val Loss: 0.6867 Acc: 0.5348 F1: 0.4586
Epoch   5/50 | Train Loss: 0.6891 Acc: 0.5395 F1: 0.5394 | Val Loss: 0.6835 Acc: 0.5399 F1: 0.5268
Epoch   6/50 | Train Loss: 0.6892 Acc: 0.5378 F1: 0.5377 | Val Loss: 0.6844 Acc: 0.5467 F1: 0.5465
Epoch   7/50 | Train Loss: 0.6924 Acc: 0.5380 F1: 0.5379 | Val Loss: 0.6843 Acc: 0.5365 F1: 0.5222
Epoch   8/50 | Train Loss: 0.6903 Acc: 0.5378 F1: 0.5377 | Val Loss: 0.6830 Acc: 0.5467 F1: 0.5386
Epoch   9/50 | Train Loss: 0.6894 Acc: 0.5393 F1: 0.5392 | Val Loss: 0.6839 Acc: 0.5382 F1: 0.5302
Epoch  10/50 | Train Loss: 0.6898 Acc: 0.5415 F1: 0.5413 | Val Loss: 0.6794 Acc: 0.5688 F1: 0.5401
Validation Loss decreased (0.682202 --> 0.679371). Saving best model...
Epoch  11/50 | Train Loss: 0.6882 Acc: 0.5480 F1: 0.5478 | Val Loss: 0.6807 Acc: 0.5535 F1: 0.5520
Epoch  12/50 | Train Loss: 0.6891 Acc: 0.5389 F1: 0.5389 | Val Loss: 0.6812 Acc: 0.5416 F1: 0.5391
Epoch  13/50 | Train Loss: 0.6871 Acc: 0.5491 F1: 0.5490 | Val Loss: 0.6848 Acc: 0.5331 F1: 0.5068
Epoch  14/50 | Train Loss: 0.6877 Acc: 0.5481 F1: 0.5479 | Val Loss: 0.6896 Acc: 0.5382 F1: 0.5038
Epoch  15/50 | Train Loss: 0.6879 Acc: 0.5419 F1: 0.5415 | Val Loss: 0.6802 Acc: 0.5569 F1: 0.5463
Epoch  16/50 | Train Loss: 0.6880 Acc: 0.5478 F1: 0.5478 | Val Loss: 0.6827 Acc: 0.5569 F1: 0.5420
Epoch  17/50 | Train Loss: 0.6870 Acc: 0.5476 F1: 0.5475 | Val Loss: 0.6811 Acc: 0.5654 F1: 0.5389
Epoch  18/50 | Train Loss: 0.6890 Acc: 0.5395 F1: 0.5392 | Val Loss: 0.6843 Acc: 0.5382 F1: 0.5371
Epoch  19/50 | Train Loss: 0.6863 Acc: 0.5472 F1: 0.5472 | Val Loss: 0.6821 Acc: 0.5501 F1: 0.5473
Epoch  20/50 | Train Loss: 0.6873 Acc: 0.5423 F1: 0.5422 | Val Loss: 0.6850 Acc: 0.5348 F1: 0.5207
Epoch  21/50 | Train Loss: 0.6882 Acc: 0.5468 F1: 0.5468 | Val Loss: 0.6798 Acc: 0.5450 F1: 0.5449
Epoch  22/50 | Train Loss: 0.6864 Acc: 0.5429 F1: 0.5426 | Val Loss: 0.6805 Acc: 0.5552 F1: 0.5549
Epoch  23/50 | Train Loss: 0.6867 Acc: 0.5515 F1: 0.5513 | Val Loss: 0.6846 Acc: 0.5467 F1: 0.5321
Epoch  24/50 | Train Loss: 0.6870 Acc: 0.5536 F1: 0.5535 | Val Loss: 0.6826 Acc: 0.5382 F1: 0.5341
Epoch  25/50 | Train Loss: 0.6865 Acc: 0.5510 F1: 0.5510 | Val Loss: 0.6834 Acc: 0.5365 F1: 0.5302
Epoch  26/50 | Train Loss: 0.6869 Acc: 0.5474 F1: 0.5472 | Val Loss: 0.6841 Acc: 0.5382 F1: 0.5357
Epoch  27/50 | Train Loss: 0.6851 Acc: 0.5557 F1: 0.5557 | Val Loss: 0.6872 Acc: 0.5331 F1: 0.5181
Epoch  28/50 | Train Loss: 0.6865 Acc: 0.5523 F1: 0.5522 | Val Loss: 0.6823 Acc: 0.5518 F1: 0.5518
Epoch  29/50 | Train Loss: 0.6835 Acc: 0.5546 F1: 0.5544 | Val Loss: 0.6862 Acc: 0.5484 F1: 0.5341
Epoch  30/50 | Train Loss: 0.6864 Acc: 0.5504 F1: 0.5499 | Val Loss: 0.6816 Acc: 0.5365 F1: 0.5365
Epoch  31/50 | Train Loss: 0.6863 Acc: 0.5517 F1: 0.5516 | Val Loss: 0.6820 Acc: 0.5365 F1: 0.5356
Epoch  32/50 | Train Loss: 0.6867 Acc: 0.5436 F1: 0.5436 | Val Loss: 0.6819 Acc: 0.5484 F1: 0.5476
Epoch  33/50 | Train Loss: 0.6854 Acc: 0.5574 F1: 0.5573 | Val Loss: 0.6814 Acc: 0.5331 F1: 0.5326
Epoch  34/50 | Train Loss: 0.6853 Acc: 0.5500 F1: 0.5497 | Val Loss: 0.6791 Acc: 0.5501 F1: 0.5450
Validation Loss decreased (0.679371 --> 0.679095). Saving best model...
Epoch  35/50 | Train Loss: 0.6856 Acc: 0.5523 F1: 0.5523 | Val Loss: 0.6811 Acc: 0.5433 F1: 0.5430
Epoch  36/50 | Train Loss: 0.6846 Acc: 0.5517 F1: 0.5515 | Val Loss: 0.6868 Acc: 0.5416 F1: 0.5234
Epoch  37/50 | Train Loss: 0.6849 Acc: 0.5585 F1: 0.5583 | Val Loss: 0.6809 Acc: 0.5552 F1: 0.5478
Epoch  38/50 | Train Loss: 0.6843 Acc: 0.5595 F1: 0.5595 | Val Loss: 0.6903 Acc: 0.5382 F1: 0.4946
Epoch  39/50 | Train Loss: 0.6849 Acc: 0.5527 F1: 0.5525 | Val Loss: 0.6826 Acc: 0.5450 F1: 0.5390
Epoch  40/50 | Train Loss: 0.6862 Acc: 0.5489 F1: 0.5488 | Val Loss: 0.6807 Acc: 0.5569 F1: 0.5453
Epoch  41/50 | Train Loss: 0.6847 Acc: 0.5536 F1: 0.5533 | Val Loss: 0.6806 Acc: 0.5501 F1: 0.5498
Epoch  42/50 | Train Loss: 0.6844 Acc: 0.5531 F1: 0.5530 | Val Loss: 0.6798 Acc: 0.5603 F1: 0.5456
Epoch  43/50 | Train Loss: 0.6839 Acc: 0.5566 F1: 0.5566 | Val Loss: 0.6919 Acc: 0.5382 F1: 0.5126
Epoch  44/50 | Train Loss: 0.6836 Acc: 0.5574 F1: 0.5574 | Val Loss: 0.6855 Acc: 0.5399 F1: 0.5226
Epoch  45/50 | Train Loss: 0.6843 Acc: 0.5515 F1: 0.5512 | Val Loss: 0.6802 Acc: 0.5569 F1: 0.5498
Epoch  46/50 | Train Loss: 0.6844 Acc: 0.5572 F1: 0.5567 | Val Loss: 0.6812 Acc: 0.5603 F1: 0.5363
Epoch  47/50 | Train Loss: 0.6853 Acc: 0.5534 F1: 0.5534 | Val Loss: 0.6801 Acc: 0.5484 F1: 0.5462
Epoch  48/50 | Train Loss: 0.6829 Acc: 0.5561 F1: 0.5560 | Val Loss: 0.6828 Acc: 0.5280 F1: 0.5277
Epoch  49/50 | Train Loss: 0.6845 Acc: 0.5474 F1: 0.5473 | Val Loss: 0.6820 Acc: 0.5195 F1: 0.5187
Epoch  50/50 | Train Loss: 0.6853 Acc: 0.5555 F1: 0.5555 | Val Loss: 0.6861 Acc: 0.5331 F1: 0.5294

Classification Test Result (FaceDetection)
Accuracy : 0.535755
F1 (macro): 0.535550
Saved attention maps for 3 sample(s) under ./runs/classification_electricity_to_FaceDetection_laya_metadata_query_gate_stats/attention_maps
==================================================
🚀 Architecture: LAYA
📊 Target Dataset: Handwriting (Channels: 3)
📊 Pretrain Info: electricity
📊 Classes: 26 | Sequence Length: 152
==================================================
✅ Loaded pretrained encoder from ./checkpoints/electricity_laya_metadata_query_gate_stats/laya_ts_electricity_s_best.pt
   - 62/62 keys matched.
✅ Encoder is FROZEN (Linear Probing mode).
📝 metadata: mode=stats, fusion=none, relation=metadata_query_gate
ℹ️  Metadata Fusion Mode: none
ℹ️  Channel Mixer Relation Mode: metadata_query_gate
ℹ️  Encoder Variant: default
ℹ️  Channel Adapter: disabled for Laya downstream (mixer)
ℹ️  Channel Relation Block: disabled
✅ ClassificationHead: [B, 128] → [B, 26]
Epoch   1/50 | Train Loss: 3.2009 Acc: 0.0234 F1: 0.0026 | Val Loss: 3.2310 Acc: 0.0000 F1: 0.0000
Validation Loss decreased (inf --> 3.231002). Saving best model...
Epoch   2/50 | Train Loss: 3.0738 Acc: 0.0547 F1: 0.0074 | Val Loss: 3.2911 Acc: 0.1333 F1: 0.0675
Epoch   3/50 | Train Loss: 3.0068 Acc: 0.0859 F1: 0.0139 | Val Loss: 3.3487 Acc: 0.1333 F1: 0.0462
Epoch   4/50 | Train Loss: 3.0015 Acc: 0.0859 F1: 0.0170 | Val Loss: 3.3603 Acc: 0.0667 F1: 0.0769
Epoch   5/50 | Train Loss: 2.9702 Acc: 0.0781 F1: 0.0191 | Val Loss: 3.3467 Acc: 0.0667 F1: 0.0357
Epoch   6/50 | Train Loss: 2.9469 Acc: 0.0938 F1: 0.0275 | Val Loss: 3.3690 Acc: 0.0667 F1: 0.0385
Epoch   7/50 | Train Loss: 2.9516 Acc: 0.1328 F1: 0.0454 | Val Loss: 3.3876 Acc: 0.0667 F1: 0.0357
Epoch   8/50 | Train Loss: 2.9074 Acc: 0.1250 F1: 0.0315 | Val Loss: 3.3617 Acc: 0.1333 F1: 0.0606
Epoch   9/50 | Train Loss: 2.9306 Acc: 0.1328 F1: 0.0268 | Val Loss: 3.3376 Acc: 0.0667 F1: 0.0417
Epoch  10/50 | Train Loss: 2.8941 Acc: 0.1172 F1: 0.0188 | Val Loss: 3.3350 Acc: 0.1333 F1: 0.0675
Epoch  11/50 | Train Loss: 2.8924 Acc: 0.1250 F1: 0.0246 | Val Loss: 3.3393 Acc: 0.0667 F1: 0.0385
Epoch  12/50 | Train Loss: 2.8914 Acc: 0.1250 F1: 0.0238 | Val Loss: 3.3540 Acc: 0.0667 F1: 0.0308
Epoch  13/50 | Train Loss: 2.8814 Acc: 0.1484 F1: 0.0358 | Val Loss: 3.3220 Acc: 0.0667 F1: 0.0179
Epoch  14/50 | Train Loss: 2.8516 Acc: 0.1641 F1: 0.0477 | Val Loss: 3.3046 Acc: 0.0667 F1: 0.0192
Epoch  15/50 | Train Loss: 2.8558 Acc: 0.1719 F1: 0.0436 | Val Loss: 3.3101 Acc: 0.0667 F1: 0.0357
Epoch  16/50 | Train Loss: 2.8467 Acc: 0.1172 F1: 0.0286 | Val Loss: 3.3163 Acc: 0.0667 F1: 0.0476
Epoch  17/50 | Train Loss: 2.8239 Acc: 0.1328 F1: 0.0335 | Val Loss: 3.2954 Acc: 0.0667 F1: 0.0476
Epoch  18/50 | Train Loss: 2.8068 Acc: 0.1250 F1: 0.0267 | Val Loss: 3.3198 Acc: 0.0667 F1: 0.0417
Epoch  19/50 | Train Loss: 2.7973 Acc: 0.1094 F1: 0.0269 | Val Loss: 3.3277 Acc: 0.0667 F1: 0.0385
Epoch  20/50 | Train Loss: 2.7860 Acc: 0.1719 F1: 0.0588 | Val Loss: 3.3012 Acc: 0.0667 F1: 0.0385
Epoch  21/50 | Train Loss: 2.7739 Acc: 0.2031 F1: 0.0792 | Val Loss: 3.2937 Acc: 0.0667 F1: 0.0286
Epoch  22/50 | Train Loss: 2.7628 Acc: 0.1328 F1: 0.0419 | Val Loss: 3.2950 Acc: 0.0667 F1: 0.0385
Epoch  23/50 | Train Loss: 2.7327 Acc: 0.1250 F1: 0.0292 | Val Loss: 3.3136 Acc: 0.0667 F1: 0.0357
Epoch  24/50 | Train Loss: 2.7180 Acc: 0.1406 F1: 0.0373 | Val Loss: 3.3117 Acc: 0.0667 F1: 0.0385
Epoch  25/50 | Train Loss: 2.7160 Acc: 0.1641 F1: 0.0698 | Val Loss: 3.3181 Acc: 0.0667 F1: 0.0357
Epoch  26/50 | Train Loss: 2.7267 Acc: 0.2344 F1: 0.1214 | Val Loss: 3.3277 Acc: 0.0667 F1: 0.0385
Epoch  27/50 | Train Loss: 2.7155 Acc: 0.2266 F1: 0.1238 | Val Loss: 3.2996 Acc: 0.0667 F1: 0.0385
Epoch  28/50 | Train Loss: 2.6795 Acc: 0.2188 F1: 0.1217 | Val Loss: 3.2585 Acc: 0.0667 F1: 0.0385
Epoch  29/50 | Train Loss: 2.6686 Acc: 0.2031 F1: 0.1045 | Val Loss: 3.2553 Acc: 0.0667 F1: 0.0256
Epoch  30/50 | Train Loss: 2.6748 Acc: 0.2031 F1: 0.1073 | Val Loss: 3.2904 Acc: 0.0667 F1: 0.0385
Epoch  31/50 | Train Loss: 2.6415 Acc: 0.1953 F1: 0.0918 | Val Loss: 3.2859 Acc: 0.0667 F1: 0.0385
Epoch  32/50 | Train Loss: 2.6275 Acc: 0.2344 F1: 0.1259 | Val Loss: 3.2841 Acc: 0.0667 F1: 0.0385
Epoch  33/50 | Train Loss: 2.6205 Acc: 0.2578 F1: 0.1369 | Val Loss: 3.2665 Acc: 0.0667 F1: 0.0357
Epoch  34/50 | Train Loss: 2.6223 Acc: 0.2500 F1: 0.1477 | Val Loss: 3.2804 Acc: 0.0667 F1: 0.0286
Epoch  35/50 | Train Loss: 2.6028 Acc: 0.2656 F1: 0.1281 | Val Loss: 3.2892 Acc: 0.0667 F1: 0.0357
Epoch  36/50 | Train Loss: 2.5815 Acc: 0.2578 F1: 0.1189 | Val Loss: 3.2998 Acc: 0.0667 F1: 0.0308
Epoch  37/50 | Train Loss: 2.5733 Acc: 0.2422 F1: 0.1161 | Val Loss: 3.2947 Acc: 0.0667 F1: 0.0357
Epoch  38/50 | Train Loss: 2.5459 Acc: 0.2734 F1: 0.1455 | Val Loss: 3.3017 Acc: 0.0667 F1: 0.0385
Epoch  39/50 | Train Loss: 2.5499 Acc: 0.2500 F1: 0.1534 | Val Loss: 3.3193 Acc: 0.0667 F1: 0.0357
Epoch  40/50 | Train Loss: 2.5413 Acc: 0.2812 F1: 0.1579 | Val Loss: 3.3104 Acc: 0.0667 F1: 0.0357
Epoch  41/50 | Train Loss: 2.5269 Acc: 0.3047 F1: 0.2061 | Val Loss: 3.2895 Acc: 0.0667 F1: 0.0357
Epoch  42/50 | Train Loss: 2.5089 Acc: 0.2734 F1: 0.1727 | Val Loss: 3.2947 Acc: 0.0667 F1: 0.0385
Epoch  43/50 | Train Loss: 2.5070 Acc: 0.2969 F1: 0.1942 | Val Loss: 3.2584 Acc: 0.0667 F1: 0.0357
Epoch  44/50 | Train Loss: 2.4975 Acc: 0.3125 F1: 0.2125 | Val Loss: 3.2495 Acc: 0.0667 F1: 0.0333
Epoch  45/50 | Train Loss: 2.4676 Acc: 0.3203 F1: 0.2180 | Val Loss: 3.2574 Acc: 0.0667 F1: 0.0333
Epoch  46/50 | Train Loss: 2.4823 Acc: 0.3047 F1: 0.1867 | Val Loss: 3.2774 Acc: 0.0667 F1: 0.0286
Epoch  47/50 | Train Loss: 2.4645 Acc: 0.2969 F1: 0.2030 | Val Loss: 3.2781 Acc: 0.0667 F1: 0.0333
Epoch  48/50 | Train Loss: 2.4484 Acc: 0.3203 F1: 0.2125 | Val Loss: 3.3143 Acc: 0.0667 F1: 0.0312
Epoch  49/50 | Train Loss: 2.4240 Acc: 0.3594 F1: 0.2458 | Val Loss: 3.3197 Acc: 0.0667 F1: 0.0333
Epoch  50/50 | Train Loss: 2.4238 Acc: 0.3594 F1: 0.2848 | Val Loss: 3.3000 Acc: 0.0667 F1: 0.0312

Classification Test Result (Handwriting)
Accuracy : 0.036471
F1 (macro): 0.010315
Saved attention maps for 3 sample(s) under ./runs/classification_electricity_to_Handwriting_laya_metadata_query_gate_stats/attention_maps
==================================================
🚀 Architecture: LAYA
📊 Target Dataset: Heartbeat (Channels: 61)
📊 Pretrain Info: electricity
📊 Classes: 2 | Sequence Length: 405
==================================================
✅ Loaded pretrained encoder from ./checkpoints/electricity_laya_metadata_query_gate_stats/laya_ts_electricity_s_best.pt
   - 62/62 keys matched.
✅ Encoder is FROZEN (Linear Probing mode).
📝 metadata: mode=stats, fusion=none, relation=metadata_query_gate
ℹ️  Metadata Fusion Mode: none
ℹ️  Channel Mixer Relation Mode: metadata_query_gate
ℹ️  Encoder Variant: default
ℹ️  Channel Adapter: disabled for Laya downstream (mixer)
ℹ️  Channel Relation Block: disabled
✅ ClassificationHead: [B, 128] → [B, 2]
Epoch   1/50 | Train Loss: 0.9222 Acc: 0.3409 F1: 0.3354 | Val Loss: 0.5801 Acc: 0.7000 F1: 0.4118
Validation Loss decreased (inf --> 0.580134). Saving best model...
Epoch   2/50 | Train Loss: 0.5452 Acc: 0.7330 F1: 0.4429 | Val Loss: 0.5902 Acc: 0.7000 F1: 0.4118
Epoch   3/50 | Train Loss: 0.5801 Acc: 0.7216 F1: 0.4382 | Val Loss: 0.5645 Acc: 0.7000 F1: 0.4118
Validation Loss decreased (0.580134 --> 0.564548). Saving best model...
Epoch   4/50 | Train Loss: 0.5450 Acc: 0.7273 F1: 0.4405 | Val Loss: 0.5419 Acc: 0.7000 F1: 0.4118
Validation Loss decreased (0.564548 --> 0.541949). Saving best model...
Epoch   5/50 | Train Loss: 0.5408 Acc: 0.7216 F1: 0.4382 | Val Loss: 0.5368 Acc: 0.7000 F1: 0.4118
Validation Loss decreased (0.541949 --> 0.536847). Saving best model...
Epoch   6/50 | Train Loss: 0.5507 Acc: 0.7216 F1: 0.4721 | Val Loss: 0.5326 Acc: 0.7000 F1: 0.4118
Validation Loss decreased (0.536847 --> 0.532618). Saving best model...
Epoch   7/50 | Train Loss: 0.5312 Acc: 0.7386 F1: 0.4810 | Val Loss: 0.5282 Acc: 0.7000 F1: 0.4118
Validation Loss decreased (0.532618 --> 0.528224). Saving best model...
Epoch   8/50 | Train Loss: 0.5350 Acc: 0.7330 F1: 0.4936 | Val Loss: 0.5235 Acc: 0.7000 F1: 0.4118
Validation Loss decreased (0.528224 --> 0.523537). Saving best model...
Epoch   9/50 | Train Loss: 0.5317 Acc: 0.7443 F1: 0.5290 | Val Loss: 0.5199 Acc: 0.7000 F1: 0.4118
Validation Loss decreased (0.523537 --> 0.519914). Saving best model...
Epoch  10/50 | Train Loss: 0.5437 Acc: 0.7216 F1: 0.4382 | Val Loss: 0.5246 Acc: 0.7000 F1: 0.4118
Epoch  11/50 | Train Loss: 0.5469 Acc: 0.7330 F1: 0.5215 | Val Loss: 0.5137 Acc: 0.7500 F1: 0.5671
Validation Loss decreased (0.519914 --> 0.513696). Saving best model...
Epoch  12/50 | Train Loss: 0.5449 Acc: 0.7330 F1: 0.5215 | Val Loss: 0.5139 Acc: 0.7500 F1: 0.5671
Epoch  13/50 | Train Loss: 0.5432 Acc: 0.7330 F1: 0.5081 | Val Loss: 0.5173 Acc: 0.7000 F1: 0.4118
Epoch  14/50 | Train Loss: 0.5439 Acc: 0.7330 F1: 0.5215 | Val Loss: 0.5132 Acc: 0.7500 F1: 0.5671
Validation Loss decreased (0.513696 --> 0.513191). Saving best model...
Epoch  15/50 | Train Loss: 0.5255 Acc: 0.7500 F1: 0.5328 | Val Loss: 0.5105 Acc: 0.7500 F1: 0.5671
Validation Loss decreased (0.513191 --> 0.510516). Saving best model...
Epoch  16/50 | Train Loss: 0.5247 Acc: 0.7443 F1: 0.5290 | Val Loss: 0.5060 Acc: 0.7500 F1: 0.5671
Validation Loss decreased (0.510516 --> 0.506039). Saving best model...
Epoch  17/50 | Train Loss: 0.5318 Acc: 0.7386 F1: 0.5252 | Val Loss: 0.5031 Acc: 0.7500 F1: 0.5671
Validation Loss decreased (0.506039 --> 0.503081). Saving best model...
Epoch  18/50 | Train Loss: 0.5304 Acc: 0.7386 F1: 0.5252 | Val Loss: 0.5037 Acc: 0.7500 F1: 0.5671
Epoch  19/50 | Train Loss: 0.5353 Acc: 0.7330 F1: 0.5215 | Val Loss: 0.4997 Acc: 0.7500 F1: 0.5671
Validation Loss decreased (0.503081 --> 0.499708). Saving best model...
Epoch  20/50 | Train Loss: 0.5375 Acc: 0.7273 F1: 0.5178 | Val Loss: 0.4969 Acc: 0.7500 F1: 0.5671
Validation Loss decreased (0.499708 --> 0.496903). Saving best model...
Epoch  21/50 | Train Loss: 0.5267 Acc: 0.7443 F1: 0.5419 | Val Loss: 0.5019 Acc: 0.7500 F1: 0.5671
Epoch  22/50 | Train Loss: 0.5340 Acc: 0.7330 F1: 0.5215 | Val Loss: 0.5020 Acc: 0.7500 F1: 0.5671
Epoch  23/50 | Train Loss: 0.5231 Acc: 0.7330 F1: 0.5215 | Val Loss: 0.4984 Acc: 0.7500 F1: 0.5671
Epoch  24/50 | Train Loss: 0.5311 Acc: 0.7443 F1: 0.5538 | Val Loss: 0.5008 Acc: 0.7500 F1: 0.5671
Epoch  25/50 | Train Loss: 0.5296 Acc: 0.7386 F1: 0.5116 | Val Loss: 0.5018 Acc: 0.7500 F1: 0.5671
Epoch  26/50 | Train Loss: 0.5198 Acc: 0.7386 F1: 0.5116 | Val Loss: 0.4959 Acc: 0.7500 F1: 0.5671
Validation Loss decreased (0.496903 --> 0.495937). Saving best model...
Epoch  27/50 | Train Loss: 0.5285 Acc: 0.7273 F1: 0.5178 | Val Loss: 0.5000 Acc: 0.7500 F1: 0.5671
Epoch  28/50 | Train Loss: 0.5344 Acc: 0.7273 F1: 0.5046 | Val Loss: 0.4945 Acc: 0.7500 F1: 0.5671
Validation Loss decreased (0.495937 --> 0.494509). Saving best model...
Epoch  29/50 | Train Loss: 0.5355 Acc: 0.7330 F1: 0.5457 | Val Loss: 0.4942 Acc: 0.7500 F1: 0.5671
Validation Loss decreased (0.494509 --> 0.494155). Saving best model...
Epoch  30/50 | Train Loss: 0.5206 Acc: 0.7330 F1: 0.5215 | Val Loss: 0.4951 Acc: 0.7500 F1: 0.5671
Epoch  31/50 | Train Loss: 0.5146 Acc: 0.7500 F1: 0.5328 | Val Loss: 0.5029 Acc: 0.7000 F1: 0.4118
Epoch  32/50 | Train Loss: 0.5308 Acc: 0.7330 F1: 0.5081 | Val Loss: 0.4942 Acc: 0.7500 F1: 0.5671
Epoch  33/50 | Train Loss: 0.5211 Acc: 0.7443 F1: 0.5290 | Val Loss: 0.4974 Acc: 0.7500 F1: 0.5671
Epoch  34/50 | Train Loss: 0.5269 Acc: 0.7443 F1: 0.5152 | Val Loss: 0.4978 Acc: 0.7500 F1: 0.5671
Epoch  35/50 | Train Loss: 0.5242 Acc: 0.7443 F1: 0.5419 | Val Loss: 0.4956 Acc: 0.7500 F1: 0.5671
Epoch  36/50 | Train Loss: 0.5229 Acc: 0.7500 F1: 0.5328 | Val Loss: 0.4944 Acc: 0.7500 F1: 0.5671
Epoch  37/50 | Train Loss: 0.5143 Acc: 0.7500 F1: 0.5328 | Val Loss: 0.4935 Acc: 0.7500 F1: 0.5671
Validation Loss decreased (0.494155 --> 0.493515). Saving best model...
Epoch  38/50 | Train Loss: 0.5219 Acc: 0.7500 F1: 0.5459 | Val Loss: 0.4901 Acc: 0.7500 F1: 0.5671
Validation Loss decreased (0.493515 --> 0.490094). Saving best model...
Epoch  39/50 | Train Loss: 0.5036 Acc: 0.7727 F1: 0.5753 | Val Loss: 0.4926 Acc: 0.7500 F1: 0.5671
Epoch  40/50 | Train Loss: 0.5216 Acc: 0.7500 F1: 0.5459 | Val Loss: 0.4926 Acc: 0.7500 F1: 0.5671
Epoch  41/50 | Train Loss: 0.5268 Acc: 0.7386 F1: 0.5116 | Val Loss: 0.4910 Acc: 0.7500 F1: 0.5671
Epoch  42/50 | Train Loss: 0.5211 Acc: 0.7443 F1: 0.5419 | Val Loss: 0.4878 Acc: 0.7500 F1: 0.5671
Validation Loss decreased (0.490094 --> 0.487786). Saving best model...
Epoch  43/50 | Train Loss: 0.5217 Acc: 0.7386 F1: 0.5252 | Val Loss: 0.4893 Acc: 0.7500 F1: 0.5671
Epoch  44/50 | Train Loss: 0.5159 Acc: 0.7500 F1: 0.5580 | Val Loss: 0.4874 Acc: 0.7500 F1: 0.5671
Validation Loss decreased (0.487786 --> 0.487446). Saving best model...
Epoch  45/50 | Train Loss: 0.5237 Acc: 0.7500 F1: 0.5459 | Val Loss: 0.4884 Acc: 0.7500 F1: 0.5671
Epoch  46/50 | Train Loss: 0.5154 Acc: 0.7443 F1: 0.5419 | Val Loss: 0.4879 Acc: 0.7500 F1: 0.5671
Epoch  47/50 | Train Loss: 0.5114 Acc: 0.7614 F1: 0.5665 | Val Loss: 0.4845 Acc: 0.7500 F1: 0.5671
Validation Loss decreased (0.487446 --> 0.484494). Saving best model...
Epoch  48/50 | Train Loss: 0.5184 Acc: 0.7443 F1: 0.5152 | Val Loss: 0.4933 Acc: 0.7500 F1: 0.5671
Epoch  49/50 | Train Loss: 0.5174 Acc: 0.7500 F1: 0.5459 | Val Loss: 0.4862 Acc: 0.7500 F1: 0.5671
Epoch  50/50 | Train Loss: 0.5128 Acc: 0.7443 F1: 0.5538 | Val Loss: 0.4863 Acc: 0.7500 F1: 0.5671

Classification Test Result (Heartbeat)
Accuracy : 0.741463
F1 (macro): 0.584497
Saved attention maps for 3 sample(s) under ./runs/classification_electricity_to_Heartbeat_laya_metadata_query_gate_stats/attention_maps
==================================================
🚀 Architecture: LAYA
📊 Target Dataset: JapaneseVowels (Channels: 12)
📊 Pretrain Info: electricity
📊 Classes: 9 | Sequence Length: 26
==================================================
✅ Loaded pretrained encoder from ./checkpoints/electricity_laya_metadata_query_gate_stats/laya_ts_electricity_s_best.pt
   - 62/62 keys matched.
✅ Encoder is FROZEN (Linear Probing mode).
📝 metadata: mode=stats, fusion=none, relation=metadata_query_gate
ℹ️  Metadata Fusion Mode: none
ℹ️  Channel Mixer Relation Mode: metadata_query_gate
ℹ️  Encoder Variant: default
ℹ️  Channel Adapter: disabled for Laya downstream (mixer)
ℹ️  Channel Relation Block: disabled
✅ ClassificationHead: [B, 128] → [B, 9]
Epoch   1/50 | Train Loss: 2.2405 Acc: 0.0917 F1: 0.0861 | Val Loss: 2.1218 Acc: 0.1852 F1: 0.1922
Validation Loss decreased (inf --> 2.121827). Saving best model...
Epoch   2/50 | Train Loss: 2.0269 Acc: 0.2250 F1: 0.2163 | Val Loss: 2.0481 Acc: 0.3333 F1: 0.3125
Validation Loss decreased (2.121827 --> 2.048127). Saving best model...
Epoch   3/50 | Train Loss: 1.8958 Acc: 0.3500 F1: 0.3066 | Val Loss: 1.9486 Acc: 0.2963 F1: 0.2778
Validation Loss decreased (2.048127 --> 1.948573). Saving best model...
Epoch   4/50 | Train Loss: 1.7925 Acc: 0.4375 F1: 0.4094 | Val Loss: 1.8442 Acc: 0.4074 F1: 0.3834
Validation Loss decreased (1.948573 --> 1.844248). Saving best model...
Epoch   5/50 | Train Loss: 1.7049 Acc: 0.4917 F1: 0.4567 | Val Loss: 1.8022 Acc: 0.4444 F1: 0.4464
Validation Loss decreased (1.844248 --> 1.802192). Saving best model...
Epoch   6/50 | Train Loss: 1.6195 Acc: 0.5458 F1: 0.5252 | Val Loss: 1.7310 Acc: 0.3704 F1: 0.3481
Validation Loss decreased (1.802192 --> 1.730992). Saving best model...
Epoch   7/50 | Train Loss: 1.5535 Acc: 0.5375 F1: 0.5122 | Val Loss: 1.6914 Acc: 0.4815 F1: 0.4810
Validation Loss decreased (1.730992 --> 1.691354). Saving best model...
Epoch   8/50 | Train Loss: 1.5031 Acc: 0.5750 F1: 0.5506 | Val Loss: 1.6450 Acc: 0.4815 F1: 0.4722
Validation Loss decreased (1.691354 --> 1.645025). Saving best model...
Epoch   9/50 | Train Loss: 1.4372 Acc: 0.5667 F1: 0.5472 | Val Loss: 1.6160 Acc: 0.4444 F1: 0.4407
Validation Loss decreased (1.645025 --> 1.616018). Saving best model...
Epoch  10/50 | Train Loss: 1.4047 Acc: 0.5750 F1: 0.5577 | Val Loss: 1.5835 Acc: 0.4444 F1: 0.4407
Validation Loss decreased (1.616018 --> 1.583516). Saving best model...
Epoch  11/50 | Train Loss: 1.3627 Acc: 0.5750 F1: 0.5574 | Val Loss: 1.5620 Acc: 0.4444 F1: 0.4407
Validation Loss decreased (1.583516 --> 1.562013). Saving best model...
Epoch  12/50 | Train Loss: 1.3195 Acc: 0.5750 F1: 0.5603 | Val Loss: 1.5046 Acc: 0.5556 F1: 0.5141
Validation Loss decreased (1.562013 --> 1.504574). Saving best model...
Epoch  13/50 | Train Loss: 1.2884 Acc: 0.6125 F1: 0.5989 | Val Loss: 1.5191 Acc: 0.4815 F1: 0.4716
Epoch  14/50 | Train Loss: 1.2490 Acc: 0.5958 F1: 0.5705 | Val Loss: 1.4773 Acc: 0.4444 F1: 0.4407
Validation Loss decreased (1.504574 --> 1.477281). Saving best model...
Epoch  15/50 | Train Loss: 1.2147 Acc: 0.6167 F1: 0.5976 | Val Loss: 1.4484 Acc: 0.5185 F1: 0.4792
Validation Loss decreased (1.477281 --> 1.448450). Saving best model...
Epoch  16/50 | Train Loss: 1.2067 Acc: 0.6292 F1: 0.6164 | Val Loss: 1.4179 Acc: 0.4815 F1: 0.4926
Validation Loss decreased (1.448450 --> 1.417853). Saving best model...
Epoch  17/50 | Train Loss: 1.1731 Acc: 0.6333 F1: 0.6241 | Val Loss: 1.4171 Acc: 0.4815 F1: 0.4716
Validation Loss decreased (1.417853 --> 1.417138). Saving best model...
Epoch  18/50 | Train Loss: 1.1494 Acc: 0.6250 F1: 0.6159 | Val Loss: 1.4151 Acc: 0.4444 F1: 0.4407
Validation Loss decreased (1.417138 --> 1.415106). Saving best model...
Epoch  19/50 | Train Loss: 1.1267 Acc: 0.6375 F1: 0.6197 | Val Loss: 1.4116 Acc: 0.4815 F1: 0.4716
Validation Loss decreased (1.415106 --> 1.411558). Saving best model...
Epoch  20/50 | Train Loss: 1.0969 Acc: 0.6625 F1: 0.6467 | Val Loss: 1.3929 Acc: 0.5185 F1: 0.5235
Validation Loss decreased (1.411558 --> 1.392942). Saving best model...
Epoch  21/50 | Train Loss: 1.0802 Acc: 0.6542 F1: 0.6468 | Val Loss: 1.3565 Acc: 0.5556 F1: 0.5457
Validation Loss decreased (1.392942 --> 1.356532). Saving best model...
Epoch  22/50 | Train Loss: 1.0712 Acc: 0.6417 F1: 0.6298 | Val Loss: 1.3696 Acc: 0.5185 F1: 0.4938
Epoch  23/50 | Train Loss: 1.0582 Acc: 0.6333 F1: 0.6262 | Val Loss: 1.3349 Acc: 0.5556 F1: 0.5519
Validation Loss decreased (1.356532 --> 1.334919). Saving best model...
Epoch  24/50 | Train Loss: 1.0333 Acc: 0.6542 F1: 0.6402 | Val Loss: 1.3385 Acc: 0.5556 F1: 0.5457
Epoch  25/50 | Train Loss: 1.0029 Acc: 0.6500 F1: 0.6362 | Val Loss: 1.3457 Acc: 0.5556 F1: 0.5519
Epoch  26/50 | Train Loss: 0.9983 Acc: 0.6750 F1: 0.6696 | Val Loss: 1.3277 Acc: 0.5556 F1: 0.5519
Validation Loss decreased (1.334919 --> 1.327667). Saving best model...
Epoch  27/50 | Train Loss: 0.9946 Acc: 0.6667 F1: 0.6576 | Val Loss: 1.3108 Acc: 0.5556 F1: 0.5457
Validation Loss decreased (1.327667 --> 1.310770). Saving best model...
Epoch  28/50 | Train Loss: 0.9662 Acc: 0.6750 F1: 0.6713 | Val Loss: 1.2886 Acc: 0.5185 F1: 0.5130
Validation Loss decreased (1.310770 --> 1.288627). Saving best model...
Epoch  29/50 | Train Loss: 0.9578 Acc: 0.6833 F1: 0.6702 | Val Loss: 1.3203 Acc: 0.5556 F1: 0.5519
Epoch  30/50 | Train Loss: 0.9327 Acc: 0.6833 F1: 0.6758 | Val Loss: 1.3003 Acc: 0.5556 F1: 0.5457
Epoch  31/50 | Train Loss: 0.9348 Acc: 0.6958 F1: 0.6859 | Val Loss: 1.3047 Acc: 0.5556 F1: 0.5519
Epoch  32/50 | Train Loss: 0.9210 Acc: 0.6917 F1: 0.6792 | Val Loss: 1.2653 Acc: 0.5185 F1: 0.5130
Validation Loss decreased (1.288627 --> 1.265254). Saving best model...
Epoch  33/50 | Train Loss: 0.9120 Acc: 0.6875 F1: 0.6807 | Val Loss: 1.2748 Acc: 0.5556 F1: 0.5519
Epoch  34/50 | Train Loss: 0.8973 Acc: 0.7042 F1: 0.6995 | Val Loss: 1.2973 Acc: 0.5185 F1: 0.5130
Epoch  35/50 | Train Loss: 0.8796 Acc: 0.7083 F1: 0.7037 | Val Loss: 1.2800 Acc: 0.5556 F1: 0.5519
Epoch  36/50 | Train Loss: 0.8683 Acc: 0.7333 F1: 0.7318 | Val Loss: 1.2733 Acc: 0.5185 F1: 0.5210
Epoch  37/50 | Train Loss: 0.8718 Acc: 0.7167 F1: 0.7076 | Val Loss: 1.2850 Acc: 0.5185 F1: 0.5210
Epoch  38/50 | Train Loss: 0.8651 Acc: 0.7083 F1: 0.6993 | Val Loss: 1.2523 Acc: 0.5556 F1: 0.5519
Validation Loss decreased (1.265254 --> 1.252315). Saving best model...
Epoch  39/50 | Train Loss: 0.8412 Acc: 0.7292 F1: 0.7269 | Val Loss: 1.2592 Acc: 0.5185 F1: 0.5210
Epoch  40/50 | Train Loss: 0.8436 Acc: 0.7292 F1: 0.7227 | Val Loss: 1.2791 Acc: 0.5185 F1: 0.5210
Epoch  41/50 | Train Loss: 0.8373 Acc: 0.7125 F1: 0.7042 | Val Loss: 1.3171 Acc: 0.5556 F1: 0.5519
Epoch  42/50 | Train Loss: 0.8332 Acc: 0.7542 F1: 0.7533 | Val Loss: 1.2178 Acc: 0.5185 F1: 0.5210
Validation Loss decreased (1.252315 --> 1.217812). Saving best model...
Epoch  43/50 | Train Loss: 0.8177 Acc: 0.7458 F1: 0.7445 | Val Loss: 1.2587 Acc: 0.5185 F1: 0.5210
Epoch  44/50 | Train Loss: 0.8075 Acc: 0.7500 F1: 0.7471 | Val Loss: 1.2306 Acc: 0.5185 F1: 0.5210
Epoch  45/50 | Train Loss: 0.7981 Acc: 0.7583 F1: 0.7531 | Val Loss: 1.2584 Acc: 0.5185 F1: 0.5210
Epoch  46/50 | Train Loss: 0.7911 Acc: 0.7583 F1: 0.7546 | Val Loss: 1.2548 Acc: 0.5185 F1: 0.5210
Epoch  47/50 | Train Loss: 0.7851 Acc: 0.7583 F1: 0.7528 | Val Loss: 1.2308 Acc: 0.5185 F1: 0.5210
Epoch  48/50 | Train Loss: 0.7718 Acc: 0.7542 F1: 0.7525 | Val Loss: 1.2526 Acc: 0.5556 F1: 0.5519
Epoch  49/50 | Train Loss: 0.7564 Acc: 0.7583 F1: 0.7551 | Val Loss: 1.2602 Acc: 0.5185 F1: 0.5210
Epoch  50/50 | Train Loss: 0.7714 Acc: 0.7708 F1: 0.7647 | Val Loss: 1.2647 Acc: 0.5185 F1: 0.5210

Classification Test Result (JapaneseVowels)
Accuracy : 0.451351
F1 (macro): 0.454510
Saved attention maps for 3 sample(s) under ./runs/classification_electricity_to_JapaneseVowels_laya_metadata_query_gate_stats/attention_maps
==================================================
🚀 Architecture: LAYA
📊 Target Dataset: PEMS-SF (Channels: 963)
📊 Pretrain Info: electricity
📊 Classes: 7 | Sequence Length: 144
==================================================
✅ Loaded pretrained encoder from ./checkpoints/electricity_laya_metadata_query_gate_stats/laya_ts_electricity_s_best.pt
   - 62/62 keys matched.
✅ Encoder is FROZEN (Linear Probing mode).
📝 metadata: mode=stats, fusion=none, relation=metadata_query_gate
ℹ️  Metadata Fusion Mode: none
ℹ️  Channel Mixer Relation Mode: metadata_query_gate
ℹ️  Encoder Variant: default
ℹ️  Channel Adapter: disabled for Laya downstream (mixer)
ℹ️  Channel Relation Block: disabled
✅ ClassificationHead: [B, 128] → [B, 7]
Epoch   1/50 | Train Loss: 1.9860 Acc: 0.1708 F1: 0.1179 | Val Loss: 1.8738 Acc: 0.2692 F1: 0.1476
Validation Loss decreased (inf --> 1.873848). Saving best model...
Epoch   2/50 | Train Loss: 1.8271 Acc: 0.2625 F1: 0.2239 | Val Loss: 1.7492 Acc: 0.3846 F1: 0.2768
Validation Loss decreased (1.873848 --> 1.749162). Saving best model...
Epoch   3/50 | Train Loss: 1.7423 Acc: 0.3042 F1: 0.2429 | Val Loss: 1.6529 Acc: 0.3846 F1: 0.2404
Validation Loss decreased (1.749162 --> 1.652894). Saving best model...
Epoch   4/50 | Train Loss: 1.6809 Acc: 0.2917 F1: 0.2236 | Val Loss: 1.6601 Acc: 0.3077 F1: 0.2689
Epoch   5/50 | Train Loss: 1.6182 Acc: 0.3333 F1: 0.2883 | Val Loss: 1.5768 Acc: 0.3846 F1: 0.3253
Validation Loss decreased (1.652894 --> 1.576797). Saving best model...
Epoch   6/50 | Train Loss: 1.5798 Acc: 0.3417 F1: 0.2838 | Val Loss: 1.5315 Acc: 0.3846 F1: 0.3253
Validation Loss decreased (1.576797 --> 1.531521). Saving best model...
Epoch   7/50 | Train Loss: 1.5414 Acc: 0.3750 F1: 0.3517 | Val Loss: 1.5190 Acc: 0.4231 F1: 0.3810
Validation Loss decreased (1.531521 --> 1.518958). Saving best model...
Epoch   8/50 | Train Loss: 1.5174 Acc: 0.4042 F1: 0.3813 | Val Loss: 1.4963 Acc: 0.3846 F1: 0.3525
Validation Loss decreased (1.518958 --> 1.496282). Saving best model...
Epoch   9/50 | Train Loss: 1.4945 Acc: 0.3875 F1: 0.3759 | Val Loss: 1.4457 Acc: 0.3846 F1: 0.3525
Validation Loss decreased (1.496282 --> 1.445734). Saving best model...
Epoch  10/50 | Train Loss: 1.4701 Acc: 0.3958 F1: 0.3821 | Val Loss: 1.4280 Acc: 0.4231 F1: 0.3741
Validation Loss decreased (1.445734 --> 1.427954). Saving best model...
Epoch  11/50 | Train Loss: 1.4497 Acc: 0.4042 F1: 0.3902 | Val Loss: 1.4270 Acc: 0.3846 F1: 0.3525
Validation Loss decreased (1.427954 --> 1.427032). Saving best model...
Epoch  12/50 | Train Loss: 1.4340 Acc: 0.4292 F1: 0.4162 | Val Loss: 1.3977 Acc: 0.3846 F1: 0.3299
Validation Loss decreased (1.427032 --> 1.397694). Saving best model...
Epoch  13/50 | Train Loss: 1.4141 Acc: 0.4458 F1: 0.4323 | Val Loss: 1.3994 Acc: 0.3846 F1: 0.3500
Epoch  14/50 | Train Loss: 1.3979 Acc: 0.4250 F1: 0.4146 | Val Loss: 1.3541 Acc: 0.3846 F1: 0.3476
Validation Loss decreased (1.397694 --> 1.354102). Saving best model...
Epoch  15/50 | Train Loss: 1.3934 Acc: 0.4375 F1: 0.4236 | Val Loss: 1.3647 Acc: 0.4615 F1: 0.3893
Epoch  16/50 | Train Loss: 1.3659 Acc: 0.4708 F1: 0.4675 | Val Loss: 1.3204 Acc: 0.5000 F1: 0.4399
Validation Loss decreased (1.354102 --> 1.320369). Saving best model...
Epoch  17/50 | Train Loss: 1.3528 Acc: 0.4792 F1: 0.4735 | Val Loss: 1.3329 Acc: 0.4615 F1: 0.4165
Epoch  18/50 | Train Loss: 1.3407 Acc: 0.4667 F1: 0.4552 | Val Loss: 1.3082 Acc: 0.4615 F1: 0.3983
Validation Loss decreased (1.320369 --> 1.308157). Saving best model...
Epoch  19/50 | Train Loss: 1.3311 Acc: 0.4625 F1: 0.4518 | Val Loss: 1.3238 Acc: 0.4615 F1: 0.3983
Epoch  20/50 | Train Loss: 1.3232 Acc: 0.4792 F1: 0.4775 | Val Loss: 1.2730 Acc: 0.5385 F1: 0.4386
Validation Loss decreased (1.308157 --> 1.273006). Saving best model...
Epoch  21/50 | Train Loss: 1.3095 Acc: 0.4833 F1: 0.4792 | Val Loss: 1.2810 Acc: 0.4615 F1: 0.3957
Epoch  22/50 | Train Loss: 1.3010 Acc: 0.4917 F1: 0.4786 | Val Loss: 1.2767 Acc: 0.4615 F1: 0.4165
Epoch  23/50 | Train Loss: 1.2920 Acc: 0.4750 F1: 0.4747 | Val Loss: 1.2492 Acc: 0.5385 F1: 0.4342
Validation Loss decreased (1.273006 --> 1.249197). Saving best model...
Epoch  24/50 | Train Loss: 1.2889 Acc: 0.4542 F1: 0.4487 | Val Loss: 1.3106 Acc: 0.4615 F1: 0.4165
Epoch  25/50 | Train Loss: 1.2796 Acc: 0.4958 F1: 0.4919 | Val Loss: 1.2156 Acc: 0.5000 F1: 0.4174
Validation Loss decreased (1.249197 --> 1.215605). Saving best model...
Epoch  26/50 | Train Loss: 1.2665 Acc: 0.4875 F1: 0.4849 | Val Loss: 1.2774 Acc: 0.5385 F1: 0.4844
Epoch  27/50 | Train Loss: 1.2594 Acc: 0.5000 F1: 0.5006 | Val Loss: 1.2305 Acc: 0.5000 F1: 0.4124
Epoch  28/50 | Train Loss: 1.2532 Acc: 0.4917 F1: 0.4798 | Val Loss: 1.2486 Acc: 0.4615 F1: 0.4165
Epoch  29/50 | Train Loss: 1.2462 Acc: 0.4833 F1: 0.4789 | Val Loss: 1.2261 Acc: 0.5000 F1: 0.4262
Epoch  30/50 | Train Loss: 1.2342 Acc: 0.5000 F1: 0.5001 | Val Loss: 1.1950 Acc: 0.5385 F1: 0.4726
Validation Loss decreased (1.215605 --> 1.195002). Saving best model...
Epoch  31/50 | Train Loss: 1.2260 Acc: 0.5250 F1: 0.5222 | Val Loss: 1.2229 Acc: 0.5000 F1: 0.4511
Epoch  32/50 | Train Loss: 1.2326 Acc: 0.5000 F1: 0.4969 | Val Loss: 1.2653 Acc: 0.5000 F1: 0.4214
Epoch  33/50 | Train Loss: 1.2064 Acc: 0.5083 F1: 0.5071 | Val Loss: 1.1847 Acc: 0.5000 F1: 0.4423
Validation Loss decreased (1.195002 --> 1.184660). Saving best model...
Epoch  34/50 | Train Loss: 1.2116 Acc: 0.5208 F1: 0.5139 | Val Loss: 1.2040 Acc: 0.5000 F1: 0.4509
Epoch  35/50 | Train Loss: 1.1970 Acc: 0.5042 F1: 0.5022 | Val Loss: 1.1850 Acc: 0.5385 F1: 0.4438
Epoch  36/50 | Train Loss: 1.1931 Acc: 0.5167 F1: 0.5125 | Val Loss: 1.2007 Acc: 0.5385 F1: 0.4824
Epoch  37/50 | Train Loss: 1.1931 Acc: 0.5000 F1: 0.4942 | Val Loss: 1.2030 Acc: 0.5000 F1: 0.4467
Epoch  38/50 | Train Loss: 1.1823 Acc: 0.5125 F1: 0.5149 | Val Loss: 1.1471 Acc: 0.5385 F1: 0.4340
Validation Loss decreased (1.184660 --> 1.147132). Saving best model...
Epoch  39/50 | Train Loss: 1.1809 Acc: 0.5292 F1: 0.5286 | Val Loss: 1.1929 Acc: 0.5769 F1: 0.5232
Epoch  40/50 | Train Loss: 1.1737 Acc: 0.5292 F1: 0.5299 | Val Loss: 1.1743 Acc: 0.5385 F1: 0.4726
Epoch  41/50 | Train Loss: 1.1654 Acc: 0.5417 F1: 0.5433 | Val Loss: 1.1962 Acc: 0.5385 F1: 0.4917
Epoch  42/50 | Train Loss: 1.1575 Acc: 0.5292 F1: 0.5178 | Val Loss: 1.1830 Acc: 0.5385 F1: 0.4911
Epoch  43/50 | Train Loss: 1.1586 Acc: 0.5458 F1: 0.5436 | Val Loss: 1.1580 Acc: 0.5385 F1: 0.4917
Epoch  44/50 | Train Loss: 1.1509 Acc: 0.5458 F1: 0.5484 | Val Loss: 1.1454 Acc: 0.5769 F1: 0.5134
Validation Loss decreased (1.147132 --> 1.145421). Saving best model...
Epoch  45/50 | Train Loss: 1.1442 Acc: 0.5417 F1: 0.5391 | Val Loss: 1.1853 Acc: 0.5000 F1: 0.4509
Epoch  46/50 | Train Loss: 1.1436 Acc: 0.5625 F1: 0.5634 | Val Loss: 1.1488 Acc: 0.5385 F1: 0.4438
Epoch  47/50 | Train Loss: 1.1348 Acc: 0.5583 F1: 0.5594 | Val Loss: 1.1659 Acc: 0.5385 F1: 0.4911
Epoch  48/50 | Train Loss: 1.1322 Acc: 0.5625 F1: 0.5676 | Val Loss: 1.1477 Acc: 0.5385 F1: 0.4917
Epoch  49/50 | Train Loss: 1.1336 Acc: 0.5542 F1: 0.5502 | Val Loss: 1.1791 Acc: 0.5385 F1: 0.4911
Epoch  50/50 | Train Loss: 1.1220 Acc: 0.5667 F1: 0.5696 | Val Loss: 1.1571 Acc: 0.5769 F1: 0.5254

Classification Test Result (PEMS-SF)
Accuracy : 0.375723
F1 (macro): 0.361291
Saved attention maps for 3 sample(s) under ./runs/classification_electricity_to_PEMS-SF_laya_metadata_query_gate_stats/attention_maps
==================================================
🚀 Architecture: LAYA
📊 Target Dataset: SelfRegulationSCP1 (Channels: 6)
📊 Pretrain Info: electricity
📊 Classes: 2 | Sequence Length: 896
==================================================
✅ Loaded pretrained encoder from ./checkpoints/electricity_laya_metadata_query_gate_stats/laya_ts_electricity_s_best.pt
   - 62/62 keys matched.
✅ Encoder is FROZEN (Linear Probing mode).
📝 metadata: mode=stats, fusion=none, relation=metadata_query_gate
ℹ️  Metadata Fusion Mode: none
ℹ️  Channel Mixer Relation Mode: metadata_query_gate
ℹ️  Encoder Variant: default
ℹ️  Channel Adapter: disabled for Laya downstream (mixer)
ℹ️  Channel Relation Block: disabled
✅ ClassificationHead: [B, 128] → [B, 2]
Epoch   1/50 | Train Loss: 0.7838 Acc: 0.5625 F1: 0.5031 | Val Loss: 0.5511 Acc: 0.8462 F1: 0.8462
Validation Loss decreased (inf --> 0.551080). Saving best model...
Epoch   2/50 | Train Loss: 0.6127 Acc: 0.7167 F1: 0.7094 | Val Loss: 0.4317 Acc: 0.8462 F1: 0.8462
Validation Loss decreased (0.551080 --> 0.431748). Saving best model...
Epoch   3/50 | Train Loss: 0.5944 Acc: 0.6958 F1: 0.6952 | Val Loss: 0.4506 Acc: 0.8077 F1: 0.8074
Epoch   4/50 | Train Loss: 0.5848 Acc: 0.7000 F1: 0.6983 | Val Loss: 0.4601 Acc: 0.8462 F1: 0.8462
Epoch   5/50 | Train Loss: 0.5828 Acc: 0.7208 F1: 0.7140 | Val Loss: 0.4361 Acc: 0.8462 F1: 0.8462
Epoch   6/50 | Train Loss: 0.5750 Acc: 0.6917 F1: 0.6911 | Val Loss: 0.4631 Acc: 0.8462 F1: 0.8462
Epoch   7/50 | Train Loss: 0.5669 Acc: 0.7083 F1: 0.7059 | Val Loss: 0.4201 Acc: 0.8462 F1: 0.8452
Validation Loss decreased (0.431748 --> 0.420110). Saving best model...
Epoch   8/50 | Train Loss: 0.5647 Acc: 0.6958 F1: 0.6892 | Val Loss: 0.4206 Acc: 0.8462 F1: 0.8462
Epoch   9/50 | Train Loss: 0.5593 Acc: 0.7083 F1: 0.7054 | Val Loss: 0.4336 Acc: 0.8462 F1: 0.8462
Epoch  10/50 | Train Loss: 0.5547 Acc: 0.7125 F1: 0.7098 | Val Loss: 0.4280 Acc: 0.8462 F1: 0.8462
Epoch  11/50 | Train Loss: 0.5488 Acc: 0.7125 F1: 0.7076 | Val Loss: 0.4112 Acc: 0.8462 F1: 0.8462
Validation Loss decreased (0.420110 --> 0.411201). Saving best model...
Epoch  12/50 | Train Loss: 0.5477 Acc: 0.7125 F1: 0.7076 | Val Loss: 0.4081 Acc: 0.8462 F1: 0.8462
Validation Loss decreased (0.411201 --> 0.408095). Saving best model...
Epoch  13/50 | Train Loss: 0.5524 Acc: 0.7042 F1: 0.6977 | Val Loss: 0.4173 Acc: 0.8462 F1: 0.8462
Epoch  14/50 | Train Loss: 0.5435 Acc: 0.7083 F1: 0.7024 | Val Loss: 0.4044 Acc: 0.8462 F1: 0.8462
Validation Loss decreased (0.408095 --> 0.404416). Saving best model...
Epoch  15/50 | Train Loss: 0.5470 Acc: 0.7208 F1: 0.7178 | Val Loss: 0.4182 Acc: 0.8462 F1: 0.8462
Epoch  16/50 | Train Loss: 0.5464 Acc: 0.7125 F1: 0.7088 | Val Loss: 0.3954 Acc: 0.8462 F1: 0.8462
Validation Loss decreased (0.404416 --> 0.395426). Saving best model...
Epoch  17/50 | Train Loss: 0.5438 Acc: 0.7125 F1: 0.7076 | Val Loss: 0.3875 Acc: 0.8462 F1: 0.8462
Validation Loss decreased (0.395426 --> 0.387513). Saving best model...
Epoch  18/50 | Train Loss: 0.5451 Acc: 0.7125 F1: 0.7047 | Val Loss: 0.4139 Acc: 0.8462 F1: 0.8462
Epoch  19/50 | Train Loss: 0.5412 Acc: 0.7208 F1: 0.7182 | Val Loss: 0.4136 Acc: 0.8462 F1: 0.8462
Epoch  20/50 | Train Loss: 0.5476 Acc: 0.7167 F1: 0.7101 | Val Loss: 0.4022 Acc: 0.8462 F1: 0.8452
Epoch  21/50 | Train Loss: 0.5406 Acc: 0.7250 F1: 0.7194 | Val Loss: 0.4151 Acc: 0.8462 F1: 0.8462
Epoch  22/50 | Train Loss: 0.5370 Acc: 0.7167 F1: 0.7115 | Val Loss: 0.3879 Acc: 0.8462 F1: 0.8462
Epoch  23/50 | Train Loss: 0.5378 Acc: 0.7167 F1: 0.7101 | Val Loss: 0.3982 Acc: 0.8462 F1: 0.8462
Epoch  24/50 | Train Loss: 0.5354 Acc: 0.7125 F1: 0.7063 | Val Loss: 0.3976 Acc: 0.8462 F1: 0.8462
Epoch  25/50 | Train Loss: 0.5388 Acc: 0.7167 F1: 0.7115 | Val Loss: 0.4094 Acc: 0.8462 F1: 0.8462
Epoch  26/50 | Train Loss: 0.5323 Acc: 0.7083 F1: 0.7024 | Val Loss: 0.3822 Acc: 0.8462 F1: 0.8462
Validation Loss decreased (0.387513 --> 0.382169). Saving best model...
Epoch  27/50 | Train Loss: 0.5366 Acc: 0.7167 F1: 0.7094 | Val Loss: 0.3875 Acc: 0.8462 F1: 0.8462
Epoch  28/50 | Train Loss: 0.5411 Acc: 0.7125 F1: 0.7082 | Val Loss: 0.3876 Acc: 0.8462 F1: 0.8462
Epoch  29/50 | Train Loss: 0.5333 Acc: 0.7250 F1: 0.7171 | Val Loss: 0.3824 Acc: 0.8462 F1: 0.8462
Epoch  30/50 | Train Loss: 0.5329 Acc: 0.7292 F1: 0.7210 | Val Loss: 0.3827 Acc: 0.8462 F1: 0.8462
Epoch  31/50 | Train Loss: 0.5363 Acc: 0.7167 F1: 0.7086 | Val Loss: 0.3876 Acc: 0.8462 F1: 0.8462
Epoch  32/50 | Train Loss: 0.5370 Acc: 0.7167 F1: 0.7138 | Val Loss: 0.3990 Acc: 0.8462 F1: 0.8462
Epoch  33/50 | Train Loss: 0.5342 Acc: 0.7208 F1: 0.7140 | Val Loss: 0.3715 Acc: 0.8462 F1: 0.8452
Validation Loss decreased (0.382169 --> 0.371455). Saving best model...
Epoch  34/50 | Train Loss: 0.5378 Acc: 0.7125 F1: 0.7070 | Val Loss: 0.3848 Acc: 0.8462 F1: 0.8462
Epoch  35/50 | Train Loss: 0.5386 Acc: 0.7250 F1: 0.7212 | Val Loss: 0.3953 Acc: 0.8846 F1: 0.8844
Epoch  36/50 | Train Loss: 0.5274 Acc: 0.7292 F1: 0.7218 | Val Loss: 0.3812 Acc: 0.8462 F1: 0.8462
Epoch  37/50 | Train Loss: 0.5321 Acc: 0.7292 F1: 0.7233 | Val Loss: 0.4091 Acc: 0.8462 F1: 0.8462
Epoch  38/50 | Train Loss: 0.5282 Acc: 0.7333 F1: 0.7265 | Val Loss: 0.3842 Acc: 0.8846 F1: 0.8844
Epoch  39/50 | Train Loss: 0.5287 Acc: 0.7375 F1: 0.7341 | Val Loss: 0.3977 Acc: 0.8462 F1: 0.8462
Epoch  40/50 | Train Loss: 0.5236 Acc: 0.7250 F1: 0.7187 | Val Loss: 0.3787 Acc: 0.8846 F1: 0.8844
Epoch  41/50 | Train Loss: 0.5311 Acc: 0.7250 F1: 0.7179 | Val Loss: 0.3961 Acc: 0.8462 F1: 0.8462
Epoch  42/50 | Train Loss: 0.5316 Acc: 0.7250 F1: 0.7206 | Val Loss: 0.4121 Acc: 0.8462 F1: 0.8462
Epoch  43/50 | Train Loss: 0.5292 Acc: 0.7292 F1: 0.7233 | Val Loss: 0.3938 Acc: 0.8462 F1: 0.8462
Epoch  44/50 | Train Loss: 0.5243 Acc: 0.7250 F1: 0.7171 | Val Loss: 0.3690 Acc: 0.8462 F1: 0.8462
Validation Loss decreased (0.371455 --> 0.368966). Saving best model...
Epoch  45/50 | Train Loss: 0.5263 Acc: 0.7292 F1: 0.7233 | Val Loss: 0.4026 Acc: 0.8462 F1: 0.8462
Epoch  46/50 | Train Loss: 0.5262 Acc: 0.7250 F1: 0.7200 | Val Loss: 0.3958 Acc: 0.8462 F1: 0.8462
Epoch  47/50 | Train Loss: 0.5269 Acc: 0.7250 F1: 0.7171 | Val Loss: 0.3657 Acc: 0.8462 F1: 0.8462
Validation Loss decreased (0.368966 --> 0.365739). Saving best model...
Epoch  48/50 | Train Loss: 0.5321 Acc: 0.7083 F1: 0.7049 | Val Loss: 0.4062 Acc: 0.8462 F1: 0.8462
Epoch  49/50 | Train Loss: 0.5238 Acc: 0.7208 F1: 0.7133 | Val Loss: 0.3883 Acc: 0.8462 F1: 0.8462
Epoch  50/50 | Train Loss: 0.5254 Acc: 0.7208 F1: 0.7133 | Val Loss: 0.3921 Acc: 0.8462 F1: 0.8462

Classification Test Result (SelfRegulationSCP1)
Accuracy : 0.781570
F1 (macro): 0.773592
Saved attention maps for 3 sample(s) under ./runs/classification_electricity_to_SelfRegulationSCP1_laya_metadata_query_gate_stats/attention_maps
==================================================
🚀 Architecture: LAYA
📊 Target Dataset: SelfRegulationSCP2 (Channels: 7)
📊 Pretrain Info: electricity
📊 Classes: 2 | Sequence Length: 1152
==================================================
✅ Loaded pretrained encoder from ./checkpoints/electricity_laya_metadata_query_gate_stats/laya_ts_electricity_s_best.pt
   - 62/62 keys matched.
✅ Encoder is FROZEN (Linear Probing mode).
📝 metadata: mode=stats, fusion=none, relation=metadata_query_gate
ℹ️  Metadata Fusion Mode: none
ℹ️  Channel Mixer Relation Mode: metadata_query_gate
ℹ️  Encoder Variant: default
ℹ️  Channel Adapter: disabled for Laya downstream (mixer)
ℹ️  Channel Relation Block: disabled
✅ ClassificationHead: [B, 128] → [B, 2]
Epoch   1/50 | Train Loss: 0.8050 Acc: 0.5057 F1: 0.3810 | Val Loss: 0.6691 Acc: 0.5000 F1: 0.4949
Validation Loss decreased (inf --> 0.669081). Saving best model...
Epoch   2/50 | Train Loss: 0.6907 Acc: 0.4773 F1: 0.4136 | Val Loss: 0.7292 Acc: 0.5000 F1: 0.4792
Epoch   3/50 | Train Loss: 0.6811 Acc: 0.5114 F1: 0.4064 | Val Loss: 0.7025 Acc: 0.4000 F1: 0.3939
Epoch   4/50 | Train Loss: 0.6723 Acc: 0.5625 F1: 0.5466 | Val Loss: 0.6937 Acc: 0.5000 F1: 0.3333
Epoch   5/50 | Train Loss: 0.6738 Acc: 0.5057 F1: 0.4677 | Val Loss: 0.6947 Acc: 0.6000 F1: 0.5604
Epoch   6/50 | Train Loss: 0.6745 Acc: 0.5284 F1: 0.5202 | Val Loss: 0.7049 Acc: 0.4500 F1: 0.4486
Epoch   7/50 | Train Loss: 0.6710 Acc: 0.5682 F1: 0.5585 | Val Loss: 0.7007 Acc: 0.3500 F1: 0.3350
Epoch   8/50 | Train Loss: 0.6668 Acc: 0.5852 F1: 0.5852 | Val Loss: 0.7040 Acc: 0.4500 F1: 0.4486
Epoch   9/50 | Train Loss: 0.6715 Acc: 0.5568 F1: 0.5566 | Val Loss: 0.7110 Acc: 0.4500 F1: 0.4486
Epoch  10/50 | Train Loss: 0.6681 Acc: 0.5568 F1: 0.5540 | Val Loss: 0.6993 Acc: 0.5000 F1: 0.4949
Epoch  11/50 | Train Loss: 0.6710 Acc: 0.5568 F1: 0.5554 | Val Loss: 0.7181 Acc: 0.5000 F1: 0.4949
Epoch  12/50 | Train Loss: 0.6696 Acc: 0.5455 F1: 0.5368 | Val Loss: 0.7077 Acc: 0.5000 F1: 0.5000
Epoch  13/50 | Train Loss: 0.6708 Acc: 0.5341 F1: 0.5280 | Val Loss: 0.7325 Acc: 0.4000 F1: 0.2857
Epoch  14/50 | Train Loss: 0.6676 Acc: 0.5739 F1: 0.5688 | Val Loss: 0.7147 Acc: 0.4500 F1: 0.4486
Epoch  15/50 | Train Loss: 0.6656 Acc: 0.5398 F1: 0.5318 | Val Loss: 0.7168 Acc: 0.4000 F1: 0.3750
Epoch  16/50 | Train Loss: 0.6690 Acc: 0.5625 F1: 0.5601 | Val Loss: 0.7096 Acc: 0.4500 F1: 0.4486
Epoch  17/50 | Train Loss: 0.6683 Acc: 0.5625 F1: 0.5593 | Val Loss: 0.7163 Acc: 0.4000 F1: 0.3939
Epoch  18/50 | Train Loss: 0.6656 Acc: 0.5568 F1: 0.5554 | Val Loss: 0.7230 Acc: 0.5000 F1: 0.5000
Epoch  19/50 | Train Loss: 0.6633 Acc: 0.5625 F1: 0.5584 | Val Loss: 0.7145 Acc: 0.4500 F1: 0.4486
Epoch  20/50 | Train Loss: 0.6723 Acc: 0.5341 F1: 0.5137 | Val Loss: 0.7042 Acc: 0.5000 F1: 0.4949
Epoch  21/50 | Train Loss: 0.6650 Acc: 0.5852 F1: 0.5851 | Val Loss: 0.7360 Acc: 0.4500 F1: 0.4133
Epoch  22/50 | Train Loss: 0.6682 Acc: 0.5795 F1: 0.5612 | Val Loss: 0.7130 Acc: 0.5000 F1: 0.5000
Epoch  23/50 | Train Loss: 0.6664 Acc: 0.5739 F1: 0.5722 | Val Loss: 0.7173 Acc: 0.4500 F1: 0.4486
Epoch  24/50 | Train Loss: 0.6661 Acc: 0.5625 F1: 0.5624 | Val Loss: 0.7330 Acc: 0.5000 F1: 0.4949
Epoch  25/50 | Train Loss: 0.6699 Acc: 0.5511 F1: 0.5487 | Val Loss: 0.7133 Acc: 0.5000 F1: 0.4949
Epoch  26/50 | Train Loss: 0.6635 Acc: 0.5909 F1: 0.5904 | Val Loss: 0.7299 Acc: 0.3500 F1: 0.3350
Epoch  27/50 | Train Loss: 0.6681 Acc: 0.5568 F1: 0.5563 | Val Loss: 0.7227 Acc: 0.4500 F1: 0.4486
Epoch  28/50 | Train Loss: 0.6702 Acc: 0.5625 F1: 0.5573 | Val Loss: 0.7169 Acc: 0.4500 F1: 0.4486
Epoch  29/50 | Train Loss: 0.6694 Acc: 0.5511 F1: 0.5386 | Val Loss: 0.7243 Acc: 0.4500 F1: 0.4486
Epoch  30/50 | Train Loss: 0.6639 Acc: 0.5852 F1: 0.5849 | Val Loss: 0.7174 Acc: 0.4500 F1: 0.4486
Epoch  31/50 | Train Loss: 0.6652 Acc: 0.5966 F1: 0.5966 | Val Loss: 0.7219 Acc: 0.4500 F1: 0.4486
Epoch  32/50 | Train Loss: 0.6619 Acc: 0.5795 F1: 0.5795 | Val Loss: 0.7116 Acc: 0.5000 F1: 0.4949
Epoch  33/50 | Train Loss: 0.6653 Acc: 0.5795 F1: 0.5793 | Val Loss: 0.7253 Acc: 0.4500 F1: 0.4486
Epoch  34/50 | Train Loss: 0.6646 Acc: 0.5795 F1: 0.5760 | Val Loss: 0.7106 Acc: 0.5000 F1: 0.4949
Epoch  35/50 | Train Loss: 0.6641 Acc: 0.5739 F1: 0.5727 | Val Loss: 0.7299 Acc: 0.4500 F1: 0.4486
Epoch  36/50 | Train Loss: 0.6639 Acc: 0.5852 F1: 0.5803 | Val Loss: 0.7271 Acc: 0.4500 F1: 0.4486
Epoch  37/50 | Train Loss: 0.6569 Acc: 0.6080 F1: 0.6079 | Val Loss: 0.7185 Acc: 0.5000 F1: 0.5000
Epoch  38/50 | Train Loss: 0.6619 Acc: 0.5966 F1: 0.5955 | Val Loss: 0.7270 Acc: 0.4500 F1: 0.4486
Epoch  39/50 | Train Loss: 0.6658 Acc: 0.5852 F1: 0.5849 | Val Loss: 0.7126 Acc: 0.5500 F1: 0.5489
Epoch  40/50 | Train Loss: 0.6635 Acc: 0.5682 F1: 0.5677 | Val Loss: 0.7249 Acc: 0.4500 F1: 0.4486
Epoch  41/50 | Train Loss: 0.6684 Acc: 0.5625 F1: 0.5601 | Val Loss: 0.7272 Acc: 0.4500 F1: 0.4486
Epoch  42/50 | Train Loss: 0.6617 Acc: 0.5852 F1: 0.5852 | Val Loss: 0.7113 Acc: 0.5000 F1: 0.4949
Epoch  43/50 | Train Loss: 0.6664 Acc: 0.5398 F1: 0.5269 | Val Loss: 0.7140 Acc: 0.4500 F1: 0.4486
Epoch  44/50 | Train Loss: 0.6648 Acc: 0.5739 F1: 0.5737 | Val Loss: 0.7286 Acc: 0.4500 F1: 0.4486
Epoch  45/50 | Train Loss: 0.6623 Acc: 0.5966 F1: 0.5966 | Val Loss: 0.7195 Acc: 0.4500 F1: 0.4486
Epoch  46/50 | Train Loss: 0.6633 Acc: 0.5739 F1: 0.5727 | Val Loss: 0.7226 Acc: 0.4500 F1: 0.4486
Epoch  47/50 | Train Loss: 0.6663 Acc: 0.5909 F1: 0.5866 | Val Loss: 0.7289 Acc: 0.4500 F1: 0.4486
Epoch  48/50 | Train Loss: 0.6642 Acc: 0.5625 F1: 0.5618 | Val Loss: 0.7129 Acc: 0.4500 F1: 0.4486
Epoch  49/50 | Train Loss: 0.6639 Acc: 0.5568 F1: 0.5510 | Val Loss: 0.7228 Acc: 0.4500 F1: 0.4486
Epoch  50/50 | Train Loss: 0.6592 Acc: 0.6080 F1: 0.6058 | Val Loss: 0.7164 Acc: 0.4500 F1: 0.4486

Classification Test Result (SelfRegulationSCP2)
Accuracy : 0.550000
F1 (macro): 0.545950
Saved attention maps for 3 sample(s) under ./runs/classification_electricity_to_SelfRegulationSCP2_laya_metadata_query_gate_stats/attention_maps
==================================================
🚀 Architecture: LAYA
📊 Target Dataset: SpokenArabicDigits (Channels: 13)
📊 Pretrain Info: electricity
📊 Classes: 10 | Sequence Length: 93
==================================================
✅ Loaded pretrained encoder from ./checkpoints/electricity_laya_metadata_query_gate_stats/laya_ts_electricity_s_best.pt
   - 62/62 keys matched.
✅ Encoder is FROZEN (Linear Probing mode).
📝 metadata: mode=stats, fusion=none, relation=metadata_query_gate
ℹ️  Metadata Fusion Mode: none
ℹ️  Channel Mixer Relation Mode: metadata_query_gate
ℹ️  Encoder Variant: default
ℹ️  Channel Adapter: disabled for Laya downstream (mixer)
ℹ️  Channel Relation Block: disabled
✅ ClassificationHead: [B, 128] → [B, 10]
Epoch   1/50 | Train Loss: 2.0038 Acc: 0.3181 F1: 0.3067 | Val Loss: 1.8162 Acc: 0.4097 F1: 0.3923
Validation Loss decreased (inf --> 1.816160). Saving best model...
Epoch   2/50 | Train Loss: 1.7288 Acc: 0.4483 F1: 0.4419 | Val Loss: 1.6343 Acc: 0.4825 F1: 0.4830
Validation Loss decreased (1.816160 --> 1.634262). Saving best model...
Epoch   3/50 | Train Loss: 1.6067 Acc: 0.4783 F1: 0.4742 | Val Loss: 1.5384 Acc: 0.5266 F1: 0.5225
Validation Loss decreased (1.634262 --> 1.538386). Saving best model...
Epoch   4/50 | Train Loss: 1.5217 Acc: 0.5096 F1: 0.5061 | Val Loss: 1.4766 Acc: 0.5205 F1: 0.5194
Validation Loss decreased (1.538386 --> 1.476563). Saving best model...
Epoch   5/50 | Train Loss: 1.4643 Acc: 0.5239 F1: 0.5202 | Val Loss: 1.4133 Acc: 0.5599 F1: 0.5623
Validation Loss decreased (1.476563 --> 1.413288). Saving best model...
Epoch   6/50 | Train Loss: 1.4114 Acc: 0.5448 F1: 0.5415 | Val Loss: 1.3882 Acc: 0.5706 F1: 0.5722
Validation Loss decreased (1.413288 --> 1.388248). Saving best model...
Epoch   7/50 | Train Loss: 1.3749 Acc: 0.5576 F1: 0.5547 | Val Loss: 1.3487 Acc: 0.5766 F1: 0.5714
Validation Loss decreased (1.388248 --> 1.348692). Saving best model...
Epoch   8/50 | Train Loss: 1.3440 Acc: 0.5637 F1: 0.5610 | Val Loss: 1.3146 Acc: 0.5781 F1: 0.5767
Validation Loss decreased (1.348692 --> 1.314614). Saving best model...
Epoch   9/50 | Train Loss: 1.3138 Acc: 0.5753 F1: 0.5726 | Val Loss: 1.2957 Acc: 0.5933 F1: 0.5962
Validation Loss decreased (1.314614 --> 1.295712). Saving best model...
Epoch  10/50 | Train Loss: 1.2887 Acc: 0.5832 F1: 0.5804 | Val Loss: 1.2716 Acc: 0.5873 F1: 0.5888
Validation Loss decreased (1.295712 --> 1.271563). Saving best model...
Epoch  11/50 | Train Loss: 1.2668 Acc: 0.5908 F1: 0.5883 | Val Loss: 1.2557 Acc: 0.6161 F1: 0.6134
Validation Loss decreased (1.271563 --> 1.255662). Saving best model...
Epoch  12/50 | Train Loss: 1.2474 Acc: 0.5947 F1: 0.5918 | Val Loss: 1.2560 Acc: 0.5994 F1: 0.6027
Epoch  13/50 | Train Loss: 1.2330 Acc: 0.6038 F1: 0.6011 | Val Loss: 1.2335 Acc: 0.6085 F1: 0.6093
Validation Loss decreased (1.255662 --> 1.233540). Saving best model...
Epoch  14/50 | Train Loss: 1.2166 Acc: 0.6046 F1: 0.6019 | Val Loss: 1.2256 Acc: 0.6146 F1: 0.6126
Validation Loss decreased (1.233540 --> 1.225602). Saving best model...
Epoch  15/50 | Train Loss: 1.2002 Acc: 0.6147 F1: 0.6121 | Val Loss: 1.1990 Acc: 0.6191 F1: 0.6188
Validation Loss decreased (1.225602 --> 1.198964). Saving best model...
Epoch  16/50 | Train Loss: 1.1893 Acc: 0.6206 F1: 0.6187 | Val Loss: 1.1850 Acc: 0.6313 F1: 0.6291
Validation Loss decreased (1.198964 --> 1.184968). Saving best model...
Epoch  17/50 | Train Loss: 1.1805 Acc: 0.6243 F1: 0.6219 | Val Loss: 1.1791 Acc: 0.6373 F1: 0.6343
Validation Loss decreased (1.184968 --> 1.179126). Saving best model...
Epoch  18/50 | Train Loss: 1.1675 Acc: 0.6290 F1: 0.6266 | Val Loss: 1.1747 Acc: 0.6282 F1: 0.6252
Validation Loss decreased (1.179126 --> 1.174688). Saving best model...
Epoch  19/50 | Train Loss: 1.1548 Acc: 0.6257 F1: 0.6231 | Val Loss: 1.1631 Acc: 0.6343 F1: 0.6350
Validation Loss decreased (1.174688 --> 1.163057). Saving best model...
Epoch  20/50 | Train Loss: 1.1472 Acc: 0.6302 F1: 0.6283 | Val Loss: 1.1698 Acc: 0.6313 F1: 0.6287
Epoch  21/50 | Train Loss: 1.1384 Acc: 0.6412 F1: 0.6390 | Val Loss: 1.1462 Acc: 0.6237 F1: 0.6211
Validation Loss decreased (1.163057 --> 1.146229). Saving best model...
Epoch  22/50 | Train Loss: 1.1309 Acc: 0.6351 F1: 0.6330 | Val Loss: 1.1377 Acc: 0.6388 F1: 0.6381
Validation Loss decreased (1.146229 --> 1.137741). Saving best model...
Epoch  23/50 | Train Loss: 1.1210 Acc: 0.6407 F1: 0.6386 | Val Loss: 1.1570 Acc: 0.6495 F1: 0.6487
Epoch  24/50 | Train Loss: 1.1147 Acc: 0.6375 F1: 0.6354 | Val Loss: 1.1213 Acc: 0.6449 F1: 0.6453
Validation Loss decreased (1.137741 --> 1.121320). Saving best model...
Epoch  25/50 | Train Loss: 1.1085 Acc: 0.6400 F1: 0.6383 | Val Loss: 1.1319 Acc: 0.6480 F1: 0.6464
Epoch  26/50 | Train Loss: 1.1021 Acc: 0.6469 F1: 0.6450 | Val Loss: 1.1093 Acc: 0.6601 F1: 0.6587
Validation Loss decreased (1.121320 --> 1.109296). Saving best model...
Epoch  27/50 | Train Loss: 1.0967 Acc: 0.6488 F1: 0.6468 | Val Loss: 1.1105 Acc: 0.6464 F1: 0.6465
Epoch  28/50 | Train Loss: 1.0894 Acc: 0.6508 F1: 0.6489 | Val Loss: 1.1108 Acc: 0.6480 F1: 0.6511
Epoch  29/50 | Train Loss: 1.0836 Acc: 0.6562 F1: 0.6546 | Val Loss: 1.1166 Acc: 0.6464 F1: 0.6449
Epoch  30/50 | Train Loss: 1.0754 Acc: 0.6589 F1: 0.6572 | Val Loss: 1.1075 Acc: 0.6404 F1: 0.6378
Validation Loss decreased (1.109296 --> 1.107476). Saving best model...
Epoch  31/50 | Train Loss: 1.0729 Acc: 0.6575 F1: 0.6558 | Val Loss: 1.0973 Acc: 0.6510 F1: 0.6497
Validation Loss decreased (1.107476 --> 1.097292). Saving best model...
Epoch  32/50 | Train Loss: 1.0692 Acc: 0.6595 F1: 0.6579 | Val Loss: 1.0922 Acc: 0.6525 F1: 0.6546
Validation Loss decreased (1.097292 --> 1.092216). Saving best model...
Epoch  33/50 | Train Loss: 1.0630 Acc: 0.6550 F1: 0.6535 | Val Loss: 1.0950 Acc: 0.6601 F1: 0.6563
Epoch  34/50 | Train Loss: 1.0582 Acc: 0.6641 F1: 0.6624 | Val Loss: 1.0758 Acc: 0.6646 F1: 0.6638
Validation Loss decreased (1.092216 --> 1.075753). Saving best model...
Epoch  35/50 | Train Loss: 1.0525 Acc: 0.6634 F1: 0.6618 | Val Loss: 1.0794 Acc: 0.6495 F1: 0.6500
Epoch  36/50 | Train Loss: 1.0492 Acc: 0.6648 F1: 0.6630 | Val Loss: 1.0803 Acc: 0.6495 F1: 0.6497
Epoch  37/50 | Train Loss: 1.0445 Acc: 0.6722 F1: 0.6706 | Val Loss: 1.0620 Acc: 0.6692 F1: 0.6696
Validation Loss decreased (1.075753 --> 1.061982). Saving best model...
Epoch  38/50 | Train Loss: 1.0373 Acc: 0.6742 F1: 0.6728 | Val Loss: 1.0675 Acc: 0.6586 F1: 0.6580
Epoch  39/50 | Train Loss: 1.0320 Acc: 0.6722 F1: 0.6705 | Val Loss: 1.0654 Acc: 0.6601 F1: 0.6595
Epoch  40/50 | Train Loss: 1.0314 Acc: 0.6680 F1: 0.6666 | Val Loss: 1.0615 Acc: 0.6722 F1: 0.6730
Validation Loss decreased (1.061982 --> 1.061526). Saving best model...
Epoch  41/50 | Train Loss: 1.0264 Acc: 0.6725 F1: 0.6711 | Val Loss: 1.0580 Acc: 0.6601 F1: 0.6607
Validation Loss decreased (1.061526 --> 1.058041). Saving best model...
Epoch  42/50 | Train Loss: 1.0229 Acc: 0.6764 F1: 0.6750 | Val Loss: 1.0523 Acc: 0.6662 F1: 0.6653
Validation Loss decreased (1.058041 --> 1.052338). Saving best model...
Epoch  43/50 | Train Loss: 1.0211 Acc: 0.6769 F1: 0.6755 | Val Loss: 1.0513 Acc: 0.6707 F1: 0.6711
Validation Loss decreased (1.052338 --> 1.051344). Saving best model...
Epoch  44/50 | Train Loss: 1.0192 Acc: 0.6804 F1: 0.6791 | Val Loss: 1.0400 Acc: 0.6813 F1: 0.6795
Validation Loss decreased (1.051344 --> 1.039969). Saving best model...
Epoch  45/50 | Train Loss: 1.0145 Acc: 0.6792 F1: 0.6776 | Val Loss: 1.0683 Acc: 0.6571 F1: 0.6534
Epoch  46/50 | Train Loss: 1.0094 Acc: 0.6811 F1: 0.6798 | Val Loss: 1.0368 Acc: 0.6646 F1: 0.6643
Validation Loss decreased (1.039969 --> 1.036801). Saving best model...
Epoch  47/50 | Train Loss: 1.0094 Acc: 0.6776 F1: 0.6763 | Val Loss: 1.0530 Acc: 0.6601 F1: 0.6593
Epoch  48/50 | Train Loss: 1.0066 Acc: 0.6799 F1: 0.6785 | Val Loss: 1.0466 Acc: 0.6616 F1: 0.6596
Epoch  49/50 | Train Loss: 1.0003 Acc: 0.6848 F1: 0.6834 | Val Loss: 1.0684 Acc: 0.6631 F1: 0.6615
Epoch  50/50 | Train Loss: 1.0011 Acc: 0.6828 F1: 0.6815 | Val Loss: 1.0329 Acc: 0.6753 F1: 0.6756
Validation Loss decreased (1.036801 --> 1.032859). Saving best model...

Classification Test Result (SpokenArabicDigits)
Accuracy : 0.256025
F1 (macro): 0.237105
Saved attention maps for 3 sample(s) under ./runs/classification_electricity_to_SpokenArabicDigits_laya_metadata_query_gate_stats/attention_maps
==================================================
🚀 Architecture: LAYA
📊 Target Dataset: UWaveGestureLibrary (Channels: 3)
📊 Pretrain Info: electricity
📊 Classes: 8 | Sequence Length: 315
==================================================
✅ Loaded pretrained encoder from ./checkpoints/electricity_laya_metadata_query_gate_stats/laya_ts_electricity_s_best.pt
   - 62/62 keys matched.
✅ Encoder is FROZEN (Linear Probing mode).
📝 metadata: mode=stats, fusion=none, relation=metadata_query_gate
ℹ️  Metadata Fusion Mode: none
ℹ️  Channel Mixer Relation Mode: metadata_query_gate
ℹ️  Encoder Variant: default
ℹ️  Channel Adapter: disabled for Laya downstream (mixer)
ℹ️  Channel Relation Block: disabled
✅ ClassificationHead: [B, 128] → [B, 8]
Epoch   1/50 | Train Loss: 1.8960 Acc: 0.1979 F1: 0.1109 | Val Loss: 2.2568 Acc: 0.2500 F1: 0.2500
Validation Loss decreased (inf --> 2.256788). Saving best model...
Epoch   2/50 | Train Loss: 1.7983 Acc: 0.2188 F1: 0.1226 | Val Loss: 2.1398 Acc: 0.2500 F1: 0.2167
Validation Loss decreased (2.256788 --> 2.139838). Saving best model...
Epoch   3/50 | Train Loss: 1.7734 Acc: 0.2188 F1: 0.1754 | Val Loss: 2.0431 Acc: 0.2500 F1: 0.1944
Validation Loss decreased (2.139838 --> 2.043124). Saving best model...
Epoch   4/50 | Train Loss: 1.7443 Acc: 0.3333 F1: 0.2631 | Val Loss: 1.9793 Acc: 0.2500 F1: 0.1944
Validation Loss decreased (2.043124 --> 1.979302). Saving best model...
Epoch   5/50 | Train Loss: 1.7152 Acc: 0.3333 F1: 0.2519 | Val Loss: 1.9536 Acc: 0.2500 F1: 0.2024
Validation Loss decreased (1.979302 --> 1.953568). Saving best model...
Epoch   6/50 | Train Loss: 1.6907 Acc: 0.3542 F1: 0.2990 | Val Loss: 1.9388 Acc: 0.1667 F1: 0.1333
Validation Loss decreased (1.953568 --> 1.938827). Saving best model...
Epoch   7/50 | Train Loss: 1.6685 Acc: 0.3333 F1: 0.2469 | Val Loss: 1.9239 Acc: 0.2500 F1: 0.1875
Validation Loss decreased (1.938827 --> 1.923859). Saving best model...
Epoch   8/50 | Train Loss: 1.6538 Acc: 0.3646 F1: 0.2943 | Val Loss: 1.9044 Acc: 0.2500 F1: 0.1833
Validation Loss decreased (1.923859 --> 1.904372). Saving best model...
Epoch   9/50 | Train Loss: 1.6264 Acc: 0.3958 F1: 0.2871 | Val Loss: 1.8984 Acc: 0.3333 F1: 0.3083
Validation Loss decreased (1.904372 --> 1.898391). Saving best model...
Epoch  10/50 | Train Loss: 1.6193 Acc: 0.3646 F1: 0.2895 | Val Loss: 1.8848 Acc: 0.3333 F1: 0.2917
Validation Loss decreased (1.898391 --> 1.884781). Saving best model...
Epoch  11/50 | Train Loss: 1.6028 Acc: 0.3958 F1: 0.3255 | Val Loss: 1.8721 Acc: 0.3333 F1: 0.2458
Validation Loss decreased (1.884781 --> 1.872119). Saving best model...
Epoch  12/50 | Train Loss: 1.5989 Acc: 0.4479 F1: 0.4181 | Val Loss: 1.8496 Acc: 0.3333 F1: 0.2440
Validation Loss decreased (1.872119 --> 1.849649). Saving best model...
Epoch  13/50 | Train Loss: 1.5559 Acc: 0.5833 F1: 0.5576 | Val Loss: 1.8415 Acc: 0.4167 F1: 0.3083
Validation Loss decreased (1.849649 --> 1.841509). Saving best model...
Epoch  14/50 | Train Loss: 1.5574 Acc: 0.5104 F1: 0.4554 | Val Loss: 1.8417 Acc: 0.3333 F1: 0.2250
Epoch  15/50 | Train Loss: 1.5321 Acc: 0.5312 F1: 0.4887 | Val Loss: 1.8385 Acc: 0.3333 F1: 0.2452
Validation Loss decreased (1.841509 --> 1.838475). Saving best model...
Epoch  16/50 | Train Loss: 1.5344 Acc: 0.5000 F1: 0.4582 | Val Loss: 1.8145 Acc: 0.3333 F1: 0.2667
Validation Loss decreased (1.838475 --> 1.814485). Saving best model...
Epoch  17/50 | Train Loss: 1.5160 Acc: 0.4688 F1: 0.4332 | Val Loss: 1.7887 Acc: 0.4167 F1: 0.2750
Validation Loss decreased (1.814485 --> 1.788677). Saving best model...
Epoch  18/50 | Train Loss: 1.4861 Acc: 0.5625 F1: 0.5495 | Val Loss: 1.7816 Acc: 0.4167 F1: 0.2750
Validation Loss decreased (1.788677 --> 1.781561). Saving best model...
Epoch  19/50 | Train Loss: 1.4954 Acc: 0.5521 F1: 0.5449 | Val Loss: 1.7753 Acc: 0.4167 F1: 0.2667
Validation Loss decreased (1.781561 --> 1.775340). Saving best model...
Epoch  20/50 | Train Loss: 1.4816 Acc: 0.5521 F1: 0.5379 | Val Loss: 1.7656 Acc: 0.4167 F1: 0.2750
Validation Loss decreased (1.775340 --> 1.765576). Saving best model...
Epoch  21/50 | Train Loss: 1.4656 Acc: 0.5208 F1: 0.5011 | Val Loss: 1.7411 Acc: 0.4167 F1: 0.2750
Validation Loss decreased (1.765576 --> 1.741117). Saving best model...
Epoch  22/50 | Train Loss: 1.4462 Acc: 0.5104 F1: 0.4836 | Val Loss: 1.7333 Acc: 0.5000 F1: 0.3250
Validation Loss decreased (1.741117 --> 1.733273). Saving best model...
Epoch  23/50 | Train Loss: 1.4305 Acc: 0.5208 F1: 0.5065 | Val Loss: 1.7001 Acc: 0.5000 F1: 0.3250
Validation Loss decreased (1.733273 --> 1.700140). Saving best model...
Epoch  24/50 | Train Loss: 1.4223 Acc: 0.5729 F1: 0.5477 | Val Loss: 1.7043 Acc: 0.5000 F1: 0.3250
Epoch  25/50 | Train Loss: 1.4131 Acc: 0.5521 F1: 0.5297 | Val Loss: 1.6989 Acc: 0.4167 F1: 0.2690
Validation Loss decreased (1.700140 --> 1.698871). Saving best model...
Epoch  26/50 | Train Loss: 1.3892 Acc: 0.5625 F1: 0.5411 | Val Loss: 1.6857 Acc: 0.4167 F1: 0.2690
Validation Loss decreased (1.698871 --> 1.685678). Saving best model...
Epoch  27/50 | Train Loss: 1.4018 Acc: 0.5104 F1: 0.4837 | Val Loss: 1.6604 Acc: 0.5000 F1: 0.3583
Validation Loss decreased (1.685678 --> 1.660384). Saving best model...
Epoch  28/50 | Train Loss: 1.3614 Acc: 0.5938 F1: 0.5593 | Val Loss: 1.6480 Acc: 0.5000 F1: 0.3583
Validation Loss decreased (1.660384 --> 1.648019). Saving best model...
Epoch  29/50 | Train Loss: 1.3779 Acc: 0.5208 F1: 0.4901 | Val Loss: 1.6619 Acc: 0.5000 F1: 0.3375
Epoch  30/50 | Train Loss: 1.3703 Acc: 0.5625 F1: 0.5487 | Val Loss: 1.6592 Acc: 0.5000 F1: 0.3167
Epoch  31/50 | Train Loss: 1.3606 Acc: 0.5625 F1: 0.5482 | Val Loss: 1.6778 Acc: 0.4167 F1: 0.2690
Epoch  32/50 | Train Loss: 1.3441 Acc: 0.6042 F1: 0.5916 | Val Loss: 1.6749 Acc: 0.4167 F1: 0.2833
Epoch  33/50 | Train Loss: 1.3278 Acc: 0.6250 F1: 0.6058 | Val Loss: 1.6462 Acc: 0.5000 F1: 0.3375
Validation Loss decreased (1.648019 --> 1.646183). Saving best model...
Epoch  34/50 | Train Loss: 1.3194 Acc: 0.5833 F1: 0.5724 | Val Loss: 1.6303 Acc: 0.5833 F1: 0.5083
Validation Loss decreased (1.646183 --> 1.630293). Saving best model...
Epoch  35/50 | Train Loss: 1.3051 Acc: 0.5625 F1: 0.5386 | Val Loss: 1.6047 Acc: 0.5833 F1: 0.5083
Validation Loss decreased (1.630293 --> 1.604672). Saving best model...
Epoch  36/50 | Train Loss: 1.2927 Acc: 0.5417 F1: 0.5067 | Val Loss: 1.5860 Acc: 0.6667 F1: 0.5833
Validation Loss decreased (1.604672 --> 1.586044). Saving best model...
Epoch  37/50 | Train Loss: 1.2943 Acc: 0.5521 F1: 0.5217 | Val Loss: 1.5751 Acc: 0.5000 F1: 0.3583
Validation Loss decreased (1.586044 --> 1.575127). Saving best model...
Epoch  38/50 | Train Loss: 1.2945 Acc: 0.5729 F1: 0.5494 | Val Loss: 1.5748 Acc: 0.5000 F1: 0.3583
Validation Loss decreased (1.575127 --> 1.574812). Saving best model...
Epoch  39/50 | Train Loss: 1.2771 Acc: 0.5729 F1: 0.5483 | Val Loss: 1.5753 Acc: 0.5000 F1: 0.3583
Epoch  40/50 | Train Loss: 1.2725 Acc: 0.5938 F1: 0.5733 | Val Loss: 1.5861 Acc: 0.5000 F1: 0.3583
Epoch  41/50 | Train Loss: 1.2563 Acc: 0.6146 F1: 0.5978 | Val Loss: 1.5546 Acc: 0.5000 F1: 0.4095
Validation Loss decreased (1.574812 --> 1.554616). Saving best model...
Epoch  42/50 | Train Loss: 1.2567 Acc: 0.5833 F1: 0.5835 | Val Loss: 1.5320 Acc: 0.5000 F1: 0.3375
Validation Loss decreased (1.554616 --> 1.532035). Saving best model...
Epoch  43/50 | Train Loss: 1.2405 Acc: 0.6250 F1: 0.6259 | Val Loss: 1.5180 Acc: 0.5000 F1: 0.3375
Validation Loss decreased (1.532035 --> 1.517997). Saving best model...
Epoch  44/50 | Train Loss: 1.2392 Acc: 0.6250 F1: 0.6154 | Val Loss: 1.5178 Acc: 0.5833 F1: 0.4875
Validation Loss decreased (1.517997 --> 1.517843). Saving best model...
Epoch  45/50 | Train Loss: 1.2123 Acc: 0.6354 F1: 0.6244 | Val Loss: 1.5350 Acc: 0.5833 F1: 0.4875
Epoch  46/50 | Train Loss: 1.2237 Acc: 0.6250 F1: 0.6136 | Val Loss: 1.5423 Acc: 0.5833 F1: 0.4875
Epoch  47/50 | Train Loss: 1.1983 Acc: 0.6354 F1: 0.6261 | Val Loss: 1.5363 Acc: 0.5000 F1: 0.3583
Epoch  48/50 | Train Loss: 1.2098 Acc: 0.5938 F1: 0.5862 | Val Loss: 1.5186 Acc: 0.5833 F1: 0.4875
Epoch  49/50 | Train Loss: 1.2135 Acc: 0.6042 F1: 0.5937 | Val Loss: 1.4859 Acc: 0.5833 F1: 0.4875
Validation Loss decreased (1.517843 --> 1.485863). Saving best model...
Epoch  50/50 | Train Loss: 1.1968 Acc: 0.6042 F1: 0.5939 | Val Loss: 1.4715 Acc: 0.5833 F1: 0.4875
Validation Loss decreased (1.485863 --> 1.471518). Saving best model...

Classification Test Result (UWaveGestureLibrary)
Accuracy : 0.462500
F1 (macro): 0.455226
Saved attention maps for 3 sample(s) under ./runs/classification_electricity_to_UWaveGestureLibrary_laya_metadata_query_gate_stats/attention_maps
==================================================
🚀 Architecture: LAYA
📊 Target Dataset: ECG200 (Channels: 1)
📊 Pretrain Info: electricity
📊 Classes: 2 | Sequence Length: 96
==================================================
✅ Loaded pretrained encoder from ./checkpoints/electricity_laya_metadata_query_gate_stats/laya_ts_electricity_s_best.pt
   - 62/62 keys matched.
✅ Encoder is FROZEN (Linear Probing mode).
📝 metadata: mode=stats, fusion=none, relation=metadata_query_gate
ℹ️  Metadata Fusion Mode: none
ℹ️  Channel Mixer Relation Mode: metadata_query_gate
ℹ️  Encoder Variant: default
ℹ️  Channel Adapter: disabled for Laya downstream (mixer)
ℹ️  Channel Relation Block: disabled
✅ ClassificationHead: [B, 128] → [B, 2]
Epoch   1/50 | Train Loss: 0.6717 Acc: 0.6750 F1: 0.4030 | Val Loss: 0.7471 Acc: 0.6000 F1: 0.3750
Validation Loss decreased (inf --> 0.747065). Saving best model...
Epoch   2/50 | Train Loss: 0.5465 Acc: 0.7250 F1: 0.4203 | Val Loss: 0.6927 Acc: 0.6000 F1: 0.3750
Validation Loss decreased (0.747065 --> 0.692703). Saving best model...
Epoch   3/50 | Train Loss: 0.5461 Acc: 0.7125 F1: 0.4161 | Val Loss: 0.6850 Acc: 0.6000 F1: 0.3750
Validation Loss decreased (0.692703 --> 0.685008). Saving best model...
Epoch   4/50 | Train Loss: 0.5538 Acc: 0.6875 F1: 0.4074 | Val Loss: 0.6889 Acc: 0.6000 F1: 0.3750
Epoch   5/50 | Train Loss: 0.5358 Acc: 0.7000 F1: 0.4118 | Val Loss: 0.6914 Acc: 0.6000 F1: 0.3750
Epoch   6/50 | Train Loss: 0.5278 Acc: 0.7000 F1: 0.4118 | Val Loss: 0.6903 Acc: 0.6000 F1: 0.3750
Epoch   7/50 | Train Loss: 0.5403 Acc: 0.6750 F1: 0.4030 | Val Loss: 0.6766 Acc: 0.6000 F1: 0.3750
Validation Loss decreased (0.685008 --> 0.676555). Saving best model...
Epoch   8/50 | Train Loss: 0.5210 Acc: 0.6875 F1: 0.4074 | Val Loss: 0.6588 Acc: 0.6000 F1: 0.3750
Validation Loss decreased (0.676555 --> 0.658792). Saving best model...
Epoch   9/50 | Train Loss: 0.5114 Acc: 0.7000 F1: 0.4118 | Val Loss: 0.6546 Acc: 0.6000 F1: 0.3750
Validation Loss decreased (0.658792 --> 0.654603). Saving best model...
Epoch  10/50 | Train Loss: 0.5012 Acc: 0.7000 F1: 0.4118 | Val Loss: 0.6540 Acc: 0.6000 F1: 0.3750
Validation Loss decreased (0.654603 --> 0.653966). Saving best model...
Epoch  11/50 | Train Loss: 0.4930 Acc: 0.7000 F1: 0.4118 | Val Loss: 0.6577 Acc: 0.6000 F1: 0.3750
Epoch  12/50 | Train Loss: 0.4777 Acc: 0.7125 F1: 0.4161 | Val Loss: 0.6631 Acc: 0.6000 F1: 0.3750
Epoch  13/50 | Train Loss: 0.5043 Acc: 0.6750 F1: 0.4030 | Val Loss: 0.6449 Acc: 0.6000 F1: 0.3750
Validation Loss decreased (0.653966 --> 0.644851). Saving best model...
Epoch  14/50 | Train Loss: 0.4787 Acc: 0.6875 F1: 0.4074 | Val Loss: 0.6391 Acc: 0.6000 F1: 0.3750
Validation Loss decreased (0.644851 --> 0.639116). Saving best model...
Epoch  15/50 | Train Loss: 0.4763 Acc: 0.6875 F1: 0.4074 | Val Loss: 0.6259 Acc: 0.6000 F1: 0.3750
Validation Loss decreased (0.639116 --> 0.625900). Saving best model...
Epoch  16/50 | Train Loss: 0.4630 Acc: 0.7000 F1: 0.4118 | Val Loss: 0.6194 Acc: 0.6000 F1: 0.3750
Validation Loss decreased (0.625900 --> 0.619372). Saving best model...
Epoch  17/50 | Train Loss: 0.4602 Acc: 0.7125 F1: 0.4548 | Val Loss: 0.6190 Acc: 0.6000 F1: 0.3750
Validation Loss decreased (0.619372 --> 0.618986). Saving best model...
Epoch  18/50 | Train Loss: 0.4511 Acc: 0.7125 F1: 0.4161 | Val Loss: 0.6516 Acc: 0.6000 F1: 0.3750
Epoch  19/50 | Train Loss: 0.4665 Acc: 0.6750 F1: 0.4030 | Val Loss: 0.6314 Acc: 0.6000 F1: 0.3750
Epoch  20/50 | Train Loss: 0.4282 Acc: 0.7375 F1: 0.4668 | Val Loss: 0.6094 Acc: 0.6000 F1: 0.3750
Validation Loss decreased (0.618986 --> 0.609359). Saving best model...
Epoch  21/50 | Train Loss: 0.4273 Acc: 0.7250 F1: 0.4608 | Val Loss: 0.6118 Acc: 0.6000 F1: 0.3750
Epoch  22/50 | Train Loss: 0.4322 Acc: 0.7125 F1: 0.4548 | Val Loss: 0.6233 Acc: 0.6000 F1: 0.3750
Epoch  23/50 | Train Loss: 0.4236 Acc: 0.7250 F1: 0.4608 | Val Loss: 0.6090 Acc: 0.6000 F1: 0.3750
Validation Loss decreased (0.609359 --> 0.608964). Saving best model...
Epoch  24/50 | Train Loss: 0.4136 Acc: 0.7125 F1: 0.4548 | Val Loss: 0.6165 Acc: 0.6000 F1: 0.3750
Epoch  25/50 | Train Loss: 0.4185 Acc: 0.7000 F1: 0.4489 | Val Loss: 0.6111 Acc: 0.6000 F1: 0.3750
Epoch  26/50 | Train Loss: 0.4004 Acc: 0.7625 F1: 0.5767 | Val Loss: 0.6001 Acc: 0.6000 F1: 0.3750
Validation Loss decreased (0.608964 --> 0.600145). Saving best model...
Epoch  27/50 | Train Loss: 0.4213 Acc: 0.7500 F1: 0.5897 | Val Loss: 0.5964 Acc: 0.6000 F1: 0.3750
Validation Loss decreased (0.600145 --> 0.596418). Saving best model...
Epoch  28/50 | Train Loss: 0.4094 Acc: 0.7750 F1: 0.6484 | Val Loss: 0.5852 Acc: 0.6000 F1: 0.3750
Validation Loss decreased (0.596418 --> 0.585178). Saving best model...
Epoch  29/50 | Train Loss: 0.4000 Acc: 0.8375 F1: 0.7518 | Val Loss: 0.5862 Acc: 0.6000 F1: 0.3750
Epoch  30/50 | Train Loss: 0.4018 Acc: 0.8250 F1: 0.7584 | Val Loss: 0.5789 Acc: 0.7000 F1: 0.6000
Validation Loss decreased (0.585178 --> 0.578915). Saving best model...
Epoch  31/50 | Train Loss: 0.4071 Acc: 0.8125 F1: 0.7257 | Val Loss: 0.5887 Acc: 0.7000 F1: 0.6000
Epoch  32/50 | Train Loss: 0.4050 Acc: 0.8125 F1: 0.7363 | Val Loss: 0.5743 Acc: 0.7000 F1: 0.6000
Validation Loss decreased (0.578915 --> 0.574291). Saving best model...
Epoch  33/50 | Train Loss: 0.3893 Acc: 0.8375 F1: 0.7715 | Val Loss: 0.5668 Acc: 0.7000 F1: 0.6000
Validation Loss decreased (0.574291 --> 0.566848). Saving best model...
Epoch  34/50 | Train Loss: 0.3841 Acc: 0.8500 F1: 0.7929 | Val Loss: 0.5743 Acc: 0.7000 F1: 0.6000
Epoch  35/50 | Train Loss: 0.3775 Acc: 0.8375 F1: 0.7399 | Val Loss: 0.5922 Acc: 0.7000 F1: 0.6000
Epoch  36/50 | Train Loss: 0.3891 Acc: 0.7750 F1: 0.6308 | Val Loss: 0.6223 Acc: 0.6000 F1: 0.3750
Epoch  37/50 | Train Loss: 0.3542 Acc: 0.8375 F1: 0.7399 | Val Loss: 0.6140 Acc: 0.7000 F1: 0.6000
Epoch  38/50 | Train Loss: 0.3741 Acc: 0.8125 F1: 0.7137 | Val Loss: 0.5949 Acc: 0.7000 F1: 0.6000
Epoch  39/50 | Train Loss: 0.3589 Acc: 0.8625 F1: 0.7989 | Val Loss: 0.5774 Acc: 0.7000 F1: 0.6000
Epoch  40/50 | Train Loss: 0.3686 Acc: 0.8375 F1: 0.7715 | Val Loss: 0.5738 Acc: 0.7000 F1: 0.6000
Epoch  41/50 | Train Loss: 0.3672 Acc: 0.8375 F1: 0.7868 | Val Loss: 0.5755 Acc: 0.7000 F1: 0.6000
Epoch  42/50 | Train Loss: 0.3707 Acc: 0.8500 F1: 0.8119 | Val Loss: 0.5708 Acc: 0.7000 F1: 0.6000
Epoch  43/50 | Train Loss: 0.3380 Acc: 0.8875 F1: 0.8524 | Val Loss: 0.5731 Acc: 0.7000 F1: 0.6000
Epoch  44/50 | Train Loss: 0.3405 Acc: 0.8625 F1: 0.8135 | Val Loss: 0.5906 Acc: 0.7000 F1: 0.6000
Epoch  45/50 | Train Loss: 0.3504 Acc: 0.8250 F1: 0.7667 | Val Loss: 0.5918 Acc: 0.7000 F1: 0.6000
Epoch  46/50 | Train Loss: 0.3426 Acc: 0.8500 F1: 0.7849 | Val Loss: 0.5937 Acc: 0.7000 F1: 0.6000
Epoch  47/50 | Train Loss: 0.3528 Acc: 0.8625 F1: 0.8251 | Val Loss: 0.5647 Acc: 0.7000 F1: 0.6000
Validation Loss decreased (0.566848 --> 0.564687). Saving best model...
Epoch  48/50 | Train Loss: 0.3604 Acc: 0.8750 F1: 0.8474 | Val Loss: 0.5517 Acc: 0.7000 F1: 0.6000
Validation Loss decreased (0.564687 --> 0.551735). Saving best model...
Epoch  49/50 | Train Loss: 0.3429 Acc: 0.8750 F1: 0.8333 | Val Loss: 0.5735 Acc: 0.7000 F1: 0.6000
Epoch  50/50 | Train Loss: 0.3332 Acc: 0.8750 F1: 0.8433 | Val Loss: 0.5946 Acc: 0.7000 F1: 0.6000

Classification Test Result (ECG200)
Accuracy : 0.800000
F1 (macro): 0.761905
Saved attention maps for 3 sample(s) under ./runs/classification_electricity_to_ECG200_laya_metadata_query_gate_stats/attention_maps
==================================================
🚀 Architecture: LAYA
📊 Target Dataset: ECG5000 (Channels: 1)
📊 Pretrain Info: electricity
📊 Classes: 5 | Sequence Length: 140
==================================================
✅ Loaded pretrained encoder from ./checkpoints/electricity_laya_metadata_query_gate_stats/laya_ts_electricity_s_best.pt
   - 62/62 keys matched.
✅ Encoder is FROZEN (Linear Probing mode).
📝 metadata: mode=stats, fusion=none, relation=metadata_query_gate
ℹ️  Metadata Fusion Mode: none
ℹ️  Channel Mixer Relation Mode: metadata_query_gate
ℹ️  Encoder Variant: default
ℹ️  Channel Adapter: disabled for Laya downstream (mixer)
ℹ️  Channel Relation Block: disabled
✅ ClassificationHead: [B, 128] → [B, 5]
Epoch   1/50 | Train Loss: 1.2415 Acc: 0.4487 F1: 0.1841 | Val Loss: 0.7763 Acc: 0.6400 F1: 0.2602
Validation Loss decreased (inf --> 0.776257). Saving best model...
Epoch   2/50 | Train Loss: 0.8275 Acc: 0.6964 F1: 0.2577 | Val Loss: 0.6739 Acc: 0.9000 F1: 0.6048
Validation Loss decreased (0.776257 --> 0.673923). Saving best model...
Epoch   3/50 | Train Loss: 0.7365 Acc: 0.8125 F1: 0.3277 | Val Loss: 0.6060 Acc: 0.9000 F1: 0.6048
Validation Loss decreased (0.673923 --> 0.605990). Saving best model...
Epoch   4/50 | Train Loss: 0.6681 Acc: 0.8817 F1: 0.3617 | Val Loss: 0.5479 Acc: 0.9000 F1: 0.6048
Validation Loss decreased (0.605990 --> 0.547870). Saving best model...
Epoch   5/50 | Train Loss: 0.6179 Acc: 0.8839 F1: 0.3619 | Val Loss: 0.5036 Acc: 0.9000 F1: 0.6048
Validation Loss decreased (0.547870 --> 0.503592). Saving best model...
Epoch   6/50 | Train Loss: 0.5820 Acc: 0.8839 F1: 0.3623 | Val Loss: 0.4733 Acc: 0.9000 F1: 0.6048
Validation Loss decreased (0.503592 --> 0.473250). Saving best model...
Epoch   7/50 | Train Loss: 0.5596 Acc: 0.8862 F1: 0.3635 | Val Loss: 0.4686 Acc: 0.9200 F1: 0.6210
Validation Loss decreased (0.473250 --> 0.468597). Saving best model...
Epoch   8/50 | Train Loss: 0.5370 Acc: 0.8839 F1: 0.3623 | Val Loss: 0.4467 Acc: 0.9200 F1: 0.6210
Validation Loss decreased (0.468597 --> 0.446659). Saving best model...
Epoch   9/50 | Train Loss: 0.5172 Acc: 0.8839 F1: 0.3620 | Val Loss: 0.4318 Acc: 0.9000 F1: 0.6048
Validation Loss decreased (0.446659 --> 0.431802). Saving best model...
Epoch  10/50 | Train Loss: 0.5085 Acc: 0.8906 F1: 0.3648 | Val Loss: 0.4246 Acc: 0.9200 F1: 0.6210
Validation Loss decreased (0.431802 --> 0.424593). Saving best model...
Epoch  11/50 | Train Loss: 0.4946 Acc: 0.8839 F1: 0.3621 | Val Loss: 0.4210 Acc: 0.9200 F1: 0.6210
Validation Loss decreased (0.424593 --> 0.421035). Saving best model...
Epoch  12/50 | Train Loss: 0.4867 Acc: 0.8884 F1: 0.3641 | Val Loss: 0.4146 Acc: 0.9200 F1: 0.6210
Validation Loss decreased (0.421035 --> 0.414616). Saving best model...
Epoch  13/50 | Train Loss: 0.4802 Acc: 0.8772 F1: 0.3595 | Val Loss: 0.4033 Acc: 0.9200 F1: 0.6210
Validation Loss decreased (0.414616 --> 0.403256). Saving best model...
Epoch  14/50 | Train Loss: 0.4725 Acc: 0.8795 F1: 0.3604 | Val Loss: 0.3998 Acc: 0.9200 F1: 0.6210
Validation Loss decreased (0.403256 --> 0.399842). Saving best model...
Epoch  15/50 | Train Loss: 0.4644 Acc: 0.8795 F1: 0.3604 | Val Loss: 0.3965 Acc: 0.9200 F1: 0.6210
Validation Loss decreased (0.399842 --> 0.396459). Saving best model...
Epoch  16/50 | Train Loss: 0.4601 Acc: 0.8862 F1: 0.3631 | Val Loss: 0.3891 Acc: 0.9200 F1: 0.6210
Validation Loss decreased (0.396459 --> 0.389116). Saving best model...
Epoch  17/50 | Train Loss: 0.4463 Acc: 0.8839 F1: 0.3621 | Val Loss: 0.3922 Acc: 0.9200 F1: 0.6210
Epoch  18/50 | Train Loss: 0.4493 Acc: 0.8862 F1: 0.3631 | Val Loss: 0.3836 Acc: 0.9200 F1: 0.6210
Validation Loss decreased (0.389116 --> 0.383646). Saving best model...
Epoch  19/50 | Train Loss: 0.4466 Acc: 0.8862 F1: 0.3634 | Val Loss: 0.3811 Acc: 0.9200 F1: 0.6210
Validation Loss decreased (0.383646 --> 0.381063). Saving best model...
Epoch  20/50 | Train Loss: 0.4400 Acc: 0.8862 F1: 0.3631 | Val Loss: 0.3826 Acc: 0.9200 F1: 0.6210
Epoch  21/50 | Train Loss: 0.4370 Acc: 0.8817 F1: 0.3614 | Val Loss: 0.3778 Acc: 0.9200 F1: 0.6210
Validation Loss decreased (0.381063 --> 0.377821). Saving best model...
Epoch  22/50 | Train Loss: 0.4320 Acc: 0.8839 F1: 0.3626 | Val Loss: 0.3774 Acc: 0.9200 F1: 0.6210
Validation Loss decreased (0.377821 --> 0.377401). Saving best model...
Epoch  23/50 | Train Loss: 0.4311 Acc: 0.8839 F1: 0.3625 | Val Loss: 0.3732 Acc: 0.9200 F1: 0.6210
Validation Loss decreased (0.377401 --> 0.373197). Saving best model...
Epoch  24/50 | Train Loss: 0.4154 Acc: 0.8906 F1: 0.3647 | Val Loss: 0.3716 Acc: 0.9200 F1: 0.6210
Validation Loss decreased (0.373197 --> 0.371571). Saving best model...
Epoch  25/50 | Train Loss: 0.4195 Acc: 0.8884 F1: 0.3644 | Val Loss: 0.3705 Acc: 0.9200 F1: 0.6210
Validation Loss decreased (0.371571 --> 0.370520). Saving best model...
Epoch  26/50 | Train Loss: 0.4158 Acc: 0.8862 F1: 0.3636 | Val Loss: 0.3644 Acc: 0.9200 F1: 0.6210
Validation Loss decreased (0.370520 --> 0.364387). Saving best model...
Epoch  27/50 | Train Loss: 0.4082 Acc: 0.8929 F1: 0.3662 | Val Loss: 0.3715 Acc: 0.9200 F1: 0.6210
Epoch  28/50 | Train Loss: 0.4093 Acc: 0.8862 F1: 0.3635 | Val Loss: 0.3552 Acc: 0.9200 F1: 0.6210
Validation Loss decreased (0.364387 --> 0.355157). Saving best model...
Epoch  29/50 | Train Loss: 0.4108 Acc: 0.8884 F1: 0.3641 | Val Loss: 0.3756 Acc: 0.9200 F1: 0.6210
Epoch  30/50 | Train Loss: 0.4036 Acc: 0.8862 F1: 0.3635 | Val Loss: 0.3504 Acc: 0.9200 F1: 0.6210
Validation Loss decreased (0.355157 --> 0.350436). Saving best model...
Epoch  31/50 | Train Loss: 0.4011 Acc: 0.8839 F1: 0.3626 | Val Loss: 0.3510 Acc: 0.9200 F1: 0.6210
Epoch  32/50 | Train Loss: 0.3927 Acc: 0.8906 F1: 0.3652 | Val Loss: 0.3515 Acc: 0.9200 F1: 0.6210
Epoch  33/50 | Train Loss: 0.3901 Acc: 0.8839 F1: 0.3622 | Val Loss: 0.3462 Acc: 0.9200 F1: 0.6210
Validation Loss decreased (0.350436 --> 0.346229). Saving best model...
Epoch  34/50 | Train Loss: 0.3873 Acc: 0.8906 F1: 0.3654 | Val Loss: 0.3531 Acc: 0.9200 F1: 0.6210
Epoch  35/50 | Train Loss: 0.3851 Acc: 0.8929 F1: 0.3664 | Val Loss: 0.3450 Acc: 0.9200 F1: 0.6210
Validation Loss decreased (0.346229 --> 0.345017). Saving best model...
Epoch  36/50 | Train Loss: 0.3813 Acc: 0.8906 F1: 0.3655 | Val Loss: 0.3417 Acc: 0.9200 F1: 0.6210
Validation Loss decreased (0.345017 --> 0.341690). Saving best model...
Epoch  37/50 | Train Loss: 0.3761 Acc: 0.8973 F1: 0.3681 | Val Loss: 0.3482 Acc: 0.9200 F1: 0.6210
Epoch  38/50 | Train Loss: 0.3711 Acc: 0.8973 F1: 0.3684 | Val Loss: 0.3345 Acc: 0.9200 F1: 0.6210
Validation Loss decreased (0.341690 --> 0.334481). Saving best model...
Epoch  39/50 | Train Loss: 0.3743 Acc: 0.8973 F1: 0.3683 | Val Loss: 0.3374 Acc: 0.9200 F1: 0.6210
Epoch  40/50 | Train Loss: 0.3708 Acc: 0.8929 F1: 0.3663 | Val Loss: 0.3291 Acc: 0.9200 F1: 0.6210
Validation Loss decreased (0.334481 --> 0.329144). Saving best model...
Epoch  41/50 | Train Loss: 0.3691 Acc: 0.8951 F1: 0.3674 | Val Loss: 0.3338 Acc: 0.9200 F1: 0.6210
Epoch  42/50 | Train Loss: 0.3618 Acc: 0.8973 F1: 0.3681 | Val Loss: 0.3299 Acc: 0.9200 F1: 0.6210
Epoch  43/50 | Train Loss: 0.3628 Acc: 0.8973 F1: 0.3682 | Val Loss: 0.3350 Acc: 0.9200 F1: 0.6210
Epoch  44/50 | Train Loss: 0.3637 Acc: 0.8973 F1: 0.3685 | Val Loss: 0.3219 Acc: 0.9200 F1: 0.6210
Validation Loss decreased (0.329144 --> 0.321897). Saving best model...
Epoch  45/50 | Train Loss: 0.3583 Acc: 0.8929 F1: 0.3664 | Val Loss: 0.3308 Acc: 0.9200 F1: 0.6210
Epoch  46/50 | Train Loss: 0.3589 Acc: 0.8996 F1: 0.3693 | Val Loss: 0.3281 Acc: 0.9200 F1: 0.6210
Epoch  47/50 | Train Loss: 0.3469 Acc: 0.8951 F1: 0.3673 | Val Loss: 0.3152 Acc: 0.9200 F1: 0.6210
Validation Loss decreased (0.321897 --> 0.315154). Saving best model...
Epoch  48/50 | Train Loss: 0.3504 Acc: 0.8906 F1: 0.4012 | Val Loss: 0.3385 Acc: 0.9200 F1: 0.6210
Epoch  49/50 | Train Loss: 0.3521 Acc: 0.8906 F1: 0.3652 | Val Loss: 0.3133 Acc: 0.9200 F1: 0.6210
Validation Loss decreased (0.315154 --> 0.313348). Saving best model...
Epoch  50/50 | Train Loss: 0.3464 Acc: 0.8951 F1: 0.3672 | Val Loss: 0.3137 Acc: 0.9200 F1: 0.6210

Classification Test Result (ECG5000)
Accuracy : 0.884444
F1 (macro): 0.362446
Saved attention maps for 3 sample(s) under ./runs/classification_electricity_to_ECG5000_laya_metadata_query_gate_stats/attention_maps
==================================================
🚀 Architecture: LAYA
📊 Target Dataset: FordA (Channels: 1)
📊 Pretrain Info: electricity
📊 Classes: 2 | Sequence Length: 500
==================================================
✅ Loaded pretrained encoder from ./checkpoints/electricity_laya_metadata_query_gate_stats/laya_ts_electricity_s_best.pt
   - 62/62 keys matched.
✅ Encoder is FROZEN (Linear Probing mode).
📝 metadata: mode=stats, fusion=none, relation=metadata_query_gate
ℹ️  Metadata Fusion Mode: none
ℹ️  Channel Mixer Relation Mode: metadata_query_gate
ℹ️  Encoder Variant: default
ℹ️  Channel Adapter: disabled for Laya downstream (mixer)
ℹ️  Channel Relation Block: disabled
✅ ClassificationHead: [B, 128] → [B, 2]
Epoch   1/50 | Train Loss: 0.7067 Acc: 0.5062 F1: 0.5026 | Val Loss: 0.6769 Acc: 0.4889 F1: 0.3669
Validation Loss decreased (inf --> 0.676929). Saving best model...
Epoch   2/50 | Train Loss: 0.6710 Acc: 0.5702 F1: 0.5686 | Val Loss: 0.6625 Acc: 0.6528 F1: 0.6462
Validation Loss decreased (0.676929 --> 0.662535). Saving best model...
Epoch   3/50 | Train Loss: 0.6545 Acc: 0.5975 F1: 0.5975 | Val Loss: 0.6665 Acc: 0.4944 F1: 0.3949
Epoch   4/50 | Train Loss: 0.6491 Acc: 0.5900 F1: 0.5899 | Val Loss: 0.6443 Acc: 0.5806 F1: 0.5803
Validation Loss decreased (0.662535 --> 0.644257). Saving best model...
Epoch   5/50 | Train Loss: 0.6409 Acc: 0.6105 F1: 0.6104 | Val Loss: 0.6507 Acc: 0.5167 F1: 0.4628
Epoch   6/50 | Train Loss: 0.6356 Acc: 0.6216 F1: 0.6216 | Val Loss: 0.6387 Acc: 0.5528 F1: 0.5264
Validation Loss decreased (0.644257 --> 0.638679). Saving best model...
Epoch   7/50 | Train Loss: 0.6350 Acc: 0.6142 F1: 0.6142 | Val Loss: 0.6262 Acc: 0.5861 F1: 0.5812
Validation Loss decreased (0.638679 --> 0.626227). Saving best model...
Epoch   8/50 | Train Loss: 0.6194 Acc: 0.6392 F1: 0.6391 | Val Loss: 0.6255 Acc: 0.7000 F1: 0.6844
Validation Loss decreased (0.626227 --> 0.625463). Saving best model...
Epoch   9/50 | Train Loss: 0.6187 Acc: 0.6383 F1: 0.6382 | Val Loss: 0.6148 Acc: 0.6306 F1: 0.6262
Validation Loss decreased (0.625463 --> 0.614827). Saving best model...
Epoch  10/50 | Train Loss: 0.6107 Acc: 0.6627 F1: 0.6622 | Val Loss: 0.6227 Acc: 0.5722 F1: 0.5349
Epoch  11/50 | Train Loss: 0.6049 Acc: 0.6621 F1: 0.6621 | Val Loss: 0.6201 Acc: 0.7083 F1: 0.6884
Epoch  12/50 | Train Loss: 0.6026 Acc: 0.6621 F1: 0.6619 | Val Loss: 0.5952 Acc: 0.6778 F1: 0.6774
Validation Loss decreased (0.614827 --> 0.595240). Saving best model...
Epoch  13/50 | Train Loss: 0.5966 Acc: 0.6736 F1: 0.6735 | Val Loss: 0.5904 Acc: 0.6750 F1: 0.6747
Validation Loss decreased (0.595240 --> 0.590379). Saving best model...
Epoch  14/50 | Train Loss: 0.5909 Acc: 0.6745 F1: 0.6745 | Val Loss: 0.6004 Acc: 0.6944 F1: 0.6794
Epoch  15/50 | Train Loss: 0.5910 Acc: 0.6745 F1: 0.6743 | Val Loss: 0.5815 Acc: 0.6639 F1: 0.6625
Validation Loss decreased (0.590379 --> 0.581519). Saving best model...
Epoch  16/50 | Train Loss: 0.5841 Acc: 0.6705 F1: 0.6704 | Val Loss: 0.5788 Acc: 0.6889 F1: 0.6864
Validation Loss decreased (0.581519 --> 0.578842). Saving best model...
Epoch  17/50 | Train Loss: 0.5809 Acc: 0.6785 F1: 0.6783 | Val Loss: 0.5749 Acc: 0.6944 F1: 0.6926
Validation Loss decreased (0.578842 --> 0.574916). Saving best model...
Epoch  18/50 | Train Loss: 0.5755 Acc: 0.6838 F1: 0.6838 | Val Loss: 0.5819 Acc: 0.7056 F1: 0.6953
Epoch  19/50 | Train Loss: 0.5718 Acc: 0.7002 F1: 0.7000 | Val Loss: 0.5908 Acc: 0.6944 F1: 0.6760
Epoch  20/50 | Train Loss: 0.5739 Acc: 0.6980 F1: 0.6980 | Val Loss: 0.5788 Acc: 0.6583 F1: 0.6437
Epoch  21/50 | Train Loss: 0.5695 Acc: 0.6918 F1: 0.6918 | Val Loss: 0.5604 Acc: 0.6944 F1: 0.6943
Validation Loss decreased (0.574916 --> 0.560357). Saving best model...
Epoch  22/50 | Train Loss: 0.5637 Acc: 0.6912 F1: 0.6911 | Val Loss: 0.5562 Acc: 0.7028 F1: 0.7027
Validation Loss decreased (0.560357 --> 0.556233). Saving best model...
Epoch  23/50 | Train Loss: 0.5628 Acc: 0.7017 F1: 0.7016 | Val Loss: 0.5566 Acc: 0.7000 F1: 0.6966
Epoch  24/50 | Train Loss: 0.5596 Acc: 0.6949 F1: 0.6948 | Val Loss: 0.5523 Acc: 0.7028 F1: 0.7003
Validation Loss decreased (0.556233 --> 0.552279). Saving best model...
Epoch  25/50 | Train Loss: 0.5562 Acc: 0.7088 F1: 0.7088 | Val Loss: 0.5498 Acc: 0.6972 F1: 0.6950
Validation Loss decreased (0.552279 --> 0.549783). Saving best model...
Epoch  26/50 | Train Loss: 0.5558 Acc: 0.7107 F1: 0.7106 | Val Loss: 0.5471 Acc: 0.6972 F1: 0.6952
Validation Loss decreased (0.549783 --> 0.547063). Saving best model...
Epoch  27/50 | Train Loss: 0.5515 Acc: 0.7051 F1: 0.7051 | Val Loss: 0.5554 Acc: 0.6972 F1: 0.6889
Epoch  28/50 | Train Loss: 0.5486 Acc: 0.7058 F1: 0.7057 | Val Loss: 0.5411 Acc: 0.7028 F1: 0.7018
Validation Loss decreased (0.547063 --> 0.541147). Saving best model...
Epoch  29/50 | Train Loss: 0.5509 Acc: 0.7024 F1: 0.7023 | Val Loss: 0.5375 Acc: 0.7306 F1: 0.7305
Validation Loss decreased (0.541147 --> 0.537458). Saving best model...
Epoch  30/50 | Train Loss: 0.5450 Acc: 0.7113 F1: 0.7113 | Val Loss: 0.5349 Acc: 0.7333 F1: 0.7333
Validation Loss decreased (0.537458 --> 0.534898). Saving best model...
Epoch  31/50 | Train Loss: 0.5431 Acc: 0.7098 F1: 0.7097 | Val Loss: 0.5327 Acc: 0.7389 F1: 0.7387
Validation Loss decreased (0.534898 --> 0.532748). Saving best model...
Epoch  32/50 | Train Loss: 0.5390 Acc: 0.7265 F1: 0.7264 | Val Loss: 0.5306 Acc: 0.7278 F1: 0.7275
Validation Loss decreased (0.532748 --> 0.530630). Saving best model...
Epoch  33/50 | Train Loss: 0.5417 Acc: 0.7129 F1: 0.7129 | Val Loss: 0.5286 Acc: 0.7333 F1: 0.7329
Validation Loss decreased (0.530630 --> 0.528611). Saving best model...
Epoch  34/50 | Train Loss: 0.5419 Acc: 0.7141 F1: 0.7140 | Val Loss: 0.5268 Acc: 0.7333 F1: 0.7330
Validation Loss decreased (0.528611 --> 0.526812). Saving best model...
Epoch  35/50 | Train Loss: 0.5364 Acc: 0.7153 F1: 0.7153 | Val Loss: 0.5251 Acc: 0.7250 F1: 0.7246
Validation Loss decreased (0.526812 --> 0.525076). Saving best model...
Epoch  36/50 | Train Loss: 0.5344 Acc: 0.7157 F1: 0.7156 | Val Loss: 0.5217 Acc: 0.7444 F1: 0.7444
Validation Loss decreased (0.525076 --> 0.521738). Saving best model...
Epoch  37/50 | Train Loss: 0.5317 Acc: 0.7237 F1: 0.7237 | Val Loss: 0.5214 Acc: 0.7250 F1: 0.7244
Validation Loss decreased (0.521738 --> 0.521415). Saving best model...
Epoch  38/50 | Train Loss: 0.5304 Acc: 0.7197 F1: 0.7197 | Val Loss: 0.5201 Acc: 0.7194 F1: 0.7187
Validation Loss decreased (0.521415 --> 0.520079). Saving best model...
Epoch  39/50 | Train Loss: 0.5271 Acc: 0.7277 F1: 0.7277 | Val Loss: 0.5175 Acc: 0.7278 F1: 0.7274
Validation Loss decreased (0.520079 --> 0.517475). Saving best model...
Epoch  40/50 | Train Loss: 0.5290 Acc: 0.7234 F1: 0.7234 | Val Loss: 0.5154 Acc: 0.7444 F1: 0.7437
Validation Loss decreased (0.517475 --> 0.515350). Saving best model...
Epoch  41/50 | Train Loss: 0.5262 Acc: 0.7228 F1: 0.7228 | Val Loss: 0.5130 Acc: 0.7417 F1: 0.7416
Validation Loss decreased (0.515350 --> 0.513006). Saving best model...
Epoch  42/50 | Train Loss: 0.5241 Acc: 0.7243 F1: 0.7243 | Val Loss: 0.5202 Acc: 0.7306 F1: 0.7250
Epoch  43/50 | Train Loss: 0.5221 Acc: 0.7321 F1: 0.7321 | Val Loss: 0.5119 Acc: 0.7278 F1: 0.7256
Validation Loss decreased (0.513006 --> 0.511936). Saving best model...
Epoch  44/50 | Train Loss: 0.5205 Acc: 0.7290 F1: 0.7289 | Val Loss: 0.5072 Acc: 0.7472 F1: 0.7472
Validation Loss decreased (0.511936 --> 0.507161). Saving best model...
Epoch  45/50 | Train Loss: 0.5180 Acc: 0.7311 F1: 0.7311 | Val Loss: 0.5339 Acc: 0.7139 F1: 0.6961
Epoch  46/50 | Train Loss: 0.5205 Acc: 0.7317 F1: 0.7317 | Val Loss: 0.5093 Acc: 0.7278 F1: 0.7256
Epoch  47/50 | Train Loss: 0.5164 Acc: 0.7358 F1: 0.7358 | Val Loss: 0.5117 Acc: 0.7417 F1: 0.7368
Epoch  48/50 | Train Loss: 0.5140 Acc: 0.7376 F1: 0.7376 | Val Loss: 0.5020 Acc: 0.7472 F1: 0.7462
Validation Loss decreased (0.507161 --> 0.502027). Saving best model...
Epoch  49/50 | Train Loss: 0.5133 Acc: 0.7358 F1: 0.7358 | Val Loss: 0.4990 Acc: 0.7611 F1: 0.7610
Validation Loss decreased (0.502027 --> 0.499019). Saving best model...
Epoch  50/50 | Train Loss: 0.5126 Acc: 0.7376 F1: 0.7376 | Val Loss: 0.5192 Acc: 0.7278 F1: 0.7144

Classification Test Result (FordA)
Accuracy : 0.733333
F1 (macro): 0.733272
Saved attention maps for 3 sample(s) under ./runs/classification_electricity_to_FordA_laya_metadata_query_gate_stats/attention_maps
==================================================
🚀 Architecture: LAYA
📊 Target Dataset: FordB (Channels: 1)
📊 Pretrain Info: electricity
📊 Classes: 2 | Sequence Length: 500
==================================================
✅ Loaded pretrained encoder from ./checkpoints/electricity_laya_metadata_query_gate_stats/laya_ts_electricity_s_best.pt
   - 62/62 keys matched.
✅ Encoder is FROZEN (Linear Probing mode).
📝 metadata: mode=stats, fusion=none, relation=metadata_query_gate
ℹ️  Metadata Fusion Mode: none
ℹ️  Channel Mixer Relation Mode: metadata_query_gate
ℹ️  Encoder Variant: default
ℹ️  Channel Adapter: disabled for Laya downstream (mixer)
ℹ️  Channel Relation Block: disabled
✅ ClassificationHead: [B, 128] → [B, 2]
Epoch   1/50 | Train Loss: 0.6783 Acc: 0.5913 F1: 0.5903 | Val Loss: 0.6365 Acc: 0.6556 F1: 0.6505
Validation Loss decreased (inf --> 0.636489). Saving best model...
Epoch   2/50 | Train Loss: 0.6079 Acc: 0.6863 F1: 0.6858 | Val Loss: 0.6014 Acc: 0.6832 F1: 0.6824
Validation Loss decreased (0.636489 --> 0.601391). Saving best model...
Epoch   3/50 | Train Loss: 0.5766 Acc: 0.7148 F1: 0.7146 | Val Loss: 0.5780 Acc: 0.6942 F1: 0.6941
Validation Loss decreased (0.601391 --> 0.577951). Saving best model...
Epoch   4/50 | Train Loss: 0.5591 Acc: 0.7252 F1: 0.7250 | Val Loss: 0.5666 Acc: 0.7080 F1: 0.7080
Validation Loss decreased (0.577951 --> 0.566554). Saving best model...
Epoch   5/50 | Train Loss: 0.5490 Acc: 0.7252 F1: 0.7251 | Val Loss: 0.5578 Acc: 0.7052 F1: 0.7039
Validation Loss decreased (0.566554 --> 0.557751). Saving best model...
Epoch   6/50 | Train Loss: 0.5415 Acc: 0.7322 F1: 0.7320 | Val Loss: 0.5499 Acc: 0.7080 F1: 0.7058
Validation Loss decreased (0.557751 --> 0.549946). Saving best model...
Epoch   7/50 | Train Loss: 0.5275 Acc: 0.7423 F1: 0.7422 | Val Loss: 0.5406 Acc: 0.7163 F1: 0.7150
Validation Loss decreased (0.549946 --> 0.540636). Saving best model...
Epoch   8/50 | Train Loss: 0.5219 Acc: 0.7515 F1: 0.7515 | Val Loss: 0.5463 Acc: 0.6887 F1: 0.6827
Epoch   9/50 | Train Loss: 0.5149 Acc: 0.7528 F1: 0.7527 | Val Loss: 0.5261 Acc: 0.7438 F1: 0.7438
Validation Loss decreased (0.540636 --> 0.526079). Saving best model...
Epoch  10/50 | Train Loss: 0.5110 Acc: 0.7506 F1: 0.7505 | Val Loss: 0.5214 Acc: 0.7466 F1: 0.7465
Validation Loss decreased (0.526079 --> 0.521416). Saving best model...
Epoch  11/50 | Train Loss: 0.5061 Acc: 0.7583 F1: 0.7582 | Val Loss: 0.5197 Acc: 0.7273 F1: 0.7254
Validation Loss decreased (0.521416 --> 0.519675). Saving best model...
Epoch  12/50 | Train Loss: 0.5000 Acc: 0.7570 F1: 0.7570 | Val Loss: 0.5101 Acc: 0.7631 F1: 0.7631
Validation Loss decreased (0.519675 --> 0.510063). Saving best model...
Epoch  13/50 | Train Loss: 0.4961 Acc: 0.7601 F1: 0.7601 | Val Loss: 0.5063 Acc: 0.7576 F1: 0.7574
Validation Loss decreased (0.510063 --> 0.506284). Saving best model...
Epoch  14/50 | Train Loss: 0.4891 Acc: 0.7678 F1: 0.7677 | Val Loss: 0.5063 Acc: 0.7355 F1: 0.7336
Validation Loss decreased (0.506284 --> 0.506269). Saving best model...
Epoch  15/50 | Train Loss: 0.4873 Acc: 0.7705 F1: 0.7705 | Val Loss: 0.4978 Acc: 0.7658 F1: 0.7657
Validation Loss decreased (0.506269 --> 0.497768). Saving best model...
Epoch  16/50 | Train Loss: 0.4823 Acc: 0.7662 F1: 0.7662 | Val Loss: 0.4958 Acc: 0.7548 F1: 0.7543
Validation Loss decreased (0.497768 --> 0.495816). Saving best model...
Epoch  17/50 | Train Loss: 0.4824 Acc: 0.7721 F1: 0.7720 | Val Loss: 0.5205 Acc: 0.7080 F1: 0.6983
Epoch  18/50 | Train Loss: 0.4761 Acc: 0.7721 F1: 0.7720 | Val Loss: 0.4921 Acc: 0.7466 F1: 0.7451
Validation Loss decreased (0.495816 --> 0.492070). Saving best model...
Epoch  19/50 | Train Loss: 0.4774 Acc: 0.7693 F1: 0.7692 | Val Loss: 0.4838 Acc: 0.7713 F1: 0.7713
Validation Loss decreased (0.492070 --> 0.483753). Saving best model...
Epoch  20/50 | Train Loss: 0.4716 Acc: 0.7770 F1: 0.7769 | Val Loss: 0.4820 Acc: 0.7658 F1: 0.7655
Validation Loss decreased (0.483753 --> 0.482010). Saving best model...
Epoch  21/50 | Train Loss: 0.4676 Acc: 0.7791 F1: 0.7791 | Val Loss: 0.4824 Acc: 0.7631 F1: 0.7621
Epoch  22/50 | Train Loss: 0.4701 Acc: 0.7739 F1: 0.7739 | Val Loss: 0.4771 Acc: 0.7686 F1: 0.7685
Validation Loss decreased (0.482010 --> 0.477056). Saving best model...
Epoch  23/50 | Train Loss: 0.4666 Acc: 0.7779 F1: 0.7779 | Val Loss: 0.4751 Acc: 0.7576 F1: 0.7574
Validation Loss decreased (0.477056 --> 0.475119). Saving best model...
Epoch  24/50 | Train Loss: 0.4644 Acc: 0.7800 F1: 0.7800 | Val Loss: 0.4715 Acc: 0.7603 F1: 0.7602
Validation Loss decreased (0.475119 --> 0.471508). Saving best model...
Epoch  25/50 | Train Loss: 0.4575 Acc: 0.7828 F1: 0.7828 | Val Loss: 0.4683 Acc: 0.7769 F1: 0.7769
Validation Loss decreased (0.471508 --> 0.468253). Saving best model...
Epoch  26/50 | Train Loss: 0.4579 Acc: 0.7874 F1: 0.7874 | Val Loss: 0.4782 Acc: 0.7466 F1: 0.7436
Epoch  27/50 | Train Loss: 0.4564 Acc: 0.7800 F1: 0.7800 | Val Loss: 0.4679 Acc: 0.7603 F1: 0.7593
Validation Loss decreased (0.468253 --> 0.467935). Saving best model...
Epoch  28/50 | Train Loss: 0.4553 Acc: 0.7917 F1: 0.7917 | Val Loss: 0.4627 Acc: 0.7713 F1: 0.7708
Validation Loss decreased (0.467935 --> 0.462713). Saving best model...
Epoch  29/50 | Train Loss: 0.4502 Acc: 0.7858 F1: 0.7858 | Val Loss: 0.4627 Acc: 0.7824 F1: 0.7816
Validation Loss decreased (0.462713 --> 0.462703). Saving best model...
Epoch  30/50 | Train Loss: 0.4513 Acc: 0.7843 F1: 0.7843 | Val Loss: 0.4575 Acc: 0.7851 F1: 0.7851
Validation Loss decreased (0.462703 --> 0.457509). Saving best model...
Epoch  31/50 | Train Loss: 0.4484 Acc: 0.7865 F1: 0.7864 | Val Loss: 0.4637 Acc: 0.7603 F1: 0.7582
Epoch  32/50 | Train Loss: 0.4465 Acc: 0.7929 F1: 0.7929 | Val Loss: 0.4923 Acc: 0.7355 F1: 0.7262
Epoch  33/50 | Train Loss: 0.4500 Acc: 0.7865 F1: 0.7865 | Val Loss: 0.4532 Acc: 0.7824 F1: 0.7820
Validation Loss decreased (0.457509 --> 0.453178). Saving best model...
Epoch  34/50 | Train Loss: 0.4437 Acc: 0.7895 F1: 0.7895 | Val Loss: 0.4604 Acc: 0.7961 F1: 0.7946
Epoch  35/50 | Train Loss: 0.4434 Acc: 0.7812 F1: 0.7812 | Val Loss: 0.4476 Acc: 0.7851 F1: 0.7850
Validation Loss decreased (0.453178 --> 0.447600). Saving best model...
Epoch  36/50 | Train Loss: 0.4389 Acc: 0.7886 F1: 0.7886 | Val Loss: 0.4468 Acc: 0.7879 F1: 0.7878
Validation Loss decreased (0.447600 --> 0.446752). Saving best model...
Epoch  37/50 | Train Loss: 0.4406 Acc: 0.7868 F1: 0.7868 | Val Loss: 0.4444 Acc: 0.7906 F1: 0.7905
Validation Loss decreased (0.446752 --> 0.444353). Saving best model...
Epoch  38/50 | Train Loss: 0.4367 Acc: 0.7953 F1: 0.7953 | Val Loss: 0.4487 Acc: 0.7713 F1: 0.7703
Epoch  39/50 | Train Loss: 0.4352 Acc: 0.7938 F1: 0.7938 | Val Loss: 0.4426 Acc: 0.7879 F1: 0.7876
Validation Loss decreased (0.444353 --> 0.442558). Saving best model...
Epoch  40/50 | Train Loss: 0.4343 Acc: 0.7911 F1: 0.7910 | Val Loss: 0.4414 Acc: 0.7824 F1: 0.7820
Validation Loss decreased (0.442558 --> 0.441419). Saving best model...
Epoch  41/50 | Train Loss: 0.4318 Acc: 0.7969 F1: 0.7969 | Val Loss: 0.4393 Acc: 0.8017 F1: 0.8013
Validation Loss decreased (0.441419 --> 0.439264). Saving best model...
Epoch  42/50 | Train Loss: 0.4314 Acc: 0.7996 F1: 0.7996 | Val Loss: 0.4683 Acc: 0.7603 F1: 0.7541
Epoch  43/50 | Train Loss: 0.4319 Acc: 0.7963 F1: 0.7963 | Val Loss: 0.4468 Acc: 0.7631 F1: 0.7606
Epoch  44/50 | Train Loss: 0.4299 Acc: 0.7990 F1: 0.7990 | Val Loss: 0.4386 Acc: 0.7961 F1: 0.7955
Validation Loss decreased (0.439264 --> 0.438642). Saving best model...
Epoch  45/50 | Train Loss: 0.4270 Acc: 0.7929 F1: 0.7929 | Val Loss: 0.4384 Acc: 0.7879 F1: 0.7871
Validation Loss decreased (0.438642 --> 0.438398). Saving best model...
Epoch  46/50 | Train Loss: 0.4269 Acc: 0.7996 F1: 0.7996 | Val Loss: 0.4332 Acc: 0.8017 F1: 0.8012
Validation Loss decreased (0.438398 --> 0.433220). Saving best model...
Epoch  47/50 | Train Loss: 0.4249 Acc: 0.8006 F1: 0.8006 | Val Loss: 0.4311 Acc: 0.7934 F1: 0.7934
Validation Loss decreased (0.433220 --> 0.431062). Saving best model...
Epoch  48/50 | Train Loss: 0.4242 Acc: 0.7987 F1: 0.7987 | Val Loss: 0.4354 Acc: 0.7961 F1: 0.7955
Epoch  49/50 | Train Loss: 0.4213 Acc: 0.7969 F1: 0.7969 | Val Loss: 0.4519 Acc: 0.7631 F1: 0.7583
Epoch  50/50 | Train Loss: 0.4204 Acc: 0.8064 F1: 0.8064 | Val Loss: 0.4711 Acc: 0.7521 F1: 0.7433

Classification Test Result (FordB)
Accuracy : 0.588889
F1 (macro): 0.554515
Saved attention maps for 3 sample(s) under ./runs/classification_electricity_to_FordB_laya_metadata_query_gate_stats/attention_maps
