nohup: ignoring input
Text metadata preview | dataset=EthanolConcentration | domain=UEA | channels=3
   - channel_1: In the UEA domain, this channel belongs to the EthanolConcentration dataset and represents the feature channel 1.
   - channel_2: In the UEA domain, this channel belongs to the EthanolConcentration dataset and represents the feature channel 2.
   - ... (1 more channel descriptions)
Stats metadata preview | dataset=EthanolConcentration | domain=UEA | channels=3
   - channel_1: Channel statistics over the training split: mean value is 9857.234, standard deviation is 10630.394, minimum value is -111.450, maximum value is 64384.000, median value is 4746.000, and mean absolute value is 9857.249.
==================================================
🚀 Architecture: LAYA
📊 Target Dataset: EthanolConcentration (Channels: 3)
📊 Pretrain Info: electricity
📊 Classes: 4 | Sequence Length: 1751
==================================================
✅ Loaded pretrained encoder from ./checkpoints/electricity_laya_metadata_query_gate_text_stats_avg/laya_ts_electricity_s_best.pt
   - 74/74 keys matched.
✅ Encoder is FROZEN (Linear Probing mode).
📝 metadata: mode=text_stats_avg, fusion=none, relation=metadata_query_gate
ℹ️  Metadata Fusion Mode: none
ℹ️  Channel Mixer Relation Mode: metadata_query_gate
ℹ️  Encoder Variant: default
ℹ️  Channel Adapter: disabled for Laya downstream (mixer)
ℹ️  Channel Relation Block: disabled
✅ ClassificationHead: [B, 128] → [B, 4]
Epoch   1/50 | Train Loss: 1.3797 Acc: 0.2366 F1: 0.1947 | Val Loss: 1.3726 Acc: 0.2692 F1: 0.2131
Validation Loss decreased (inf --> 1.372579). Saving best model...
Epoch   2/50 | Train Loss: 1.3556 Acc: 0.2366 F1: 0.1786 | Val Loss: 1.3687 Acc: 0.1538 F1: 0.1222
Validation Loss decreased (1.372579 --> 1.368741). Saving best model...
Epoch   3/50 | Train Loss: 1.3306 Acc: 0.2321 F1: 0.1962 | Val Loss: 1.4173 Acc: 0.1923 F1: 0.1417
Epoch   4/50 | Train Loss: 1.3199 Acc: 0.2589 F1: 0.2347 | Val Loss: 1.4043 Acc: 0.1538 F1: 0.1193
Epoch   5/50 | Train Loss: 1.3156 Acc: 0.2366 F1: 0.1525 | Val Loss: 1.3806 Acc: 0.2692 F1: 0.2248
Epoch   6/50 | Train Loss: 1.3110 Acc: 0.2723 F1: 0.2197 | Val Loss: 1.3663 Acc: 0.3462 F1: 0.2635
Validation Loss decreased (1.368741 --> 1.366257). Saving best model...
Epoch   7/50 | Train Loss: 1.3109 Acc: 0.2500 F1: 0.2377 | Val Loss: 1.4100 Acc: 0.2692 F1: 0.2287
Epoch   8/50 | Train Loss: 1.2977 Acc: 0.2768 F1: 0.2652 | Val Loss: 1.3873 Acc: 0.3462 F1: 0.2809
Epoch   9/50 | Train Loss: 1.3072 Acc: 0.2634 F1: 0.2339 | Val Loss: 1.3818 Acc: 0.3462 F1: 0.2705
Epoch  10/50 | Train Loss: 1.2992 Acc: 0.2679 F1: 0.2669 | Val Loss: 1.4188 Acc: 0.3462 F1: 0.2791
Epoch  11/50 | Train Loss: 1.2952 Acc: 0.2545 F1: 0.2522 | Val Loss: 1.3857 Acc: 0.2692 F1: 0.2138
Epoch  12/50 | Train Loss: 1.2974 Acc: 0.2545 F1: 0.2277 | Val Loss: 1.4055 Acc: 0.2692 F1: 0.2174
Epoch  13/50 | Train Loss: 1.2931 Acc: 0.2634 F1: 0.2182 | Val Loss: 1.3670 Acc: 0.3846 F1: 0.3036
Epoch  14/50 | Train Loss: 1.2903 Acc: 0.2812 F1: 0.2522 | Val Loss: 1.3897 Acc: 0.3462 F1: 0.2875
Epoch  15/50 | Train Loss: 1.2908 Acc: 0.2634 F1: 0.2324 | Val Loss: 1.3867 Acc: 0.3077 F1: 0.2440
Epoch  16/50 | Train Loss: 1.2902 Acc: 0.3080 F1: 0.2381 | Val Loss: 1.3812 Acc: 0.2692 F1: 0.1920
Epoch  17/50 | Train Loss: 1.2844 Acc: 0.2812 F1: 0.2704 | Val Loss: 1.3901 Acc: 0.3462 F1: 0.2878
Epoch  18/50 | Train Loss: 1.2831 Acc: 0.2768 F1: 0.2666 | Val Loss: 1.3942 Acc: 0.2692 F1: 0.2361
Epoch  19/50 | Train Loss: 1.2870 Acc: 0.2812 F1: 0.2481 | Val Loss: 1.3887 Acc: 0.3077 F1: 0.2606
Epoch  20/50 | Train Loss: 1.2864 Acc: 0.2455 F1: 0.1904 | Val Loss: 1.4045 Acc: 0.3462 F1: 0.3262
Epoch  21/50 | Train Loss: 1.2748 Acc: 0.2902 F1: 0.2775 | Val Loss: 1.3852 Acc: 0.3077 F1: 0.2478
Epoch  22/50 | Train Loss: 1.2848 Acc: 0.2946 F1: 0.2471 | Val Loss: 1.3555 Acc: 0.3077 F1: 0.1909
Validation Loss decreased (1.366257 --> 1.355502). Saving best model...
Epoch  23/50 | Train Loss: 1.2719 Acc: 0.3259 F1: 0.2813 | Val Loss: 1.4361 Acc: 0.2692 F1: 0.2150
Epoch  24/50 | Train Loss: 1.2805 Acc: 0.3080 F1: 0.2953 | Val Loss: 1.3777 Acc: 0.3077 F1: 0.2606
Epoch  25/50 | Train Loss: 1.2797 Acc: 0.3527 F1: 0.2790 | Val Loss: 1.3399 Acc: 0.3077 F1: 0.1822
Validation Loss decreased (1.355502 --> 1.339871). Saving best model...
Epoch  26/50 | Train Loss: 1.2759 Acc: 0.2768 F1: 0.2724 | Val Loss: 1.4081 Acc: 0.2308 F1: 0.2472
Epoch  27/50 | Train Loss: 1.2832 Acc: 0.3080 F1: 0.2881 | Val Loss: 1.3580 Acc: 0.3846 F1: 0.3036
Epoch  28/50 | Train Loss: 1.2721 Acc: 0.3080 F1: 0.2954 | Val Loss: 1.3858 Acc: 0.2692 F1: 0.2487
Epoch  29/50 | Train Loss: 1.2731 Acc: 0.2634 F1: 0.2275 | Val Loss: 1.3721 Acc: 0.3077 F1: 0.2455
Epoch  30/50 | Train Loss: 1.2811 Acc: 0.2455 F1: 0.2415 | Val Loss: 1.4176 Acc: 0.2308 F1: 0.2417
Epoch  31/50 | Train Loss: 1.2699 Acc: 0.2946 F1: 0.2687 | Val Loss: 1.3579 Acc: 0.3846 F1: 0.2650
Epoch  32/50 | Train Loss: 1.2628 Acc: 0.3170 F1: 0.2867 | Val Loss: 1.3663 Acc: 0.3077 F1: 0.2828
Epoch  33/50 | Train Loss: 1.2706 Acc: 0.2991 F1: 0.2789 | Val Loss: 1.3782 Acc: 0.2692 F1: 0.2453
Epoch  34/50 | Train Loss: 1.2605 Acc: 0.3170 F1: 0.3136 | Val Loss: 1.3679 Acc: 0.2692 F1: 0.2247
Epoch  35/50 | Train Loss: 1.2650 Acc: 0.3259 F1: 0.2815 | Val Loss: 1.3612 Acc: 0.3462 F1: 0.2645
Epoch  36/50 | Train Loss: 1.2752 Acc: 0.2679 F1: 0.2577 | Val Loss: 1.3917 Acc: 0.1923 F1: 0.2076
Epoch  37/50 | Train Loss: 1.2611 Acc: 0.2991 F1: 0.2825 | Val Loss: 1.3672 Acc: 0.3462 F1: 0.2776
Epoch  38/50 | Train Loss: 1.2563 Acc: 0.3036 F1: 0.2972 | Val Loss: 1.3637 Acc: 0.2692 F1: 0.2500
Epoch  39/50 | Train Loss: 1.2617 Acc: 0.2812 F1: 0.2726 | Val Loss: 1.3497 Acc: 0.3077 F1: 0.2635
Epoch  40/50 | Train Loss: 1.2562 Acc: 0.3259 F1: 0.2917 | Val Loss: 1.3514 Acc: 0.3462 F1: 0.2858
Epoch  41/50 | Train Loss: 1.2607 Acc: 0.2946 F1: 0.2820 | Val Loss: 1.3784 Acc: 0.1923 F1: 0.2090
Epoch  42/50 | Train Loss: 1.2598 Acc: 0.3125 F1: 0.3009 | Val Loss: 1.3521 Acc: 0.3077 F1: 0.2566
Epoch  43/50 | Train Loss: 1.2640 Acc: 0.3036 F1: 0.3025 | Val Loss: 1.3552 Acc: 0.2692 F1: 0.2842
Epoch  44/50 | Train Loss: 1.2761 Acc: 0.3125 F1: 0.2477 | Val Loss: 1.3511 Acc: 0.3462 F1: 0.2804
Epoch  45/50 | Train Loss: 1.2578 Acc: 0.2991 F1: 0.2974 | Val Loss: 1.3774 Acc: 0.2692 F1: 0.2276
Epoch  46/50 | Train Loss: 1.2564 Acc: 0.3170 F1: 0.3004 | Val Loss: 1.3442 Acc: 0.3462 F1: 0.2861
Epoch  47/50 | Train Loss: 1.2581 Acc: 0.3259 F1: 0.2738 | Val Loss: 1.3651 Acc: 0.2308 F1: 0.2081
Epoch  48/50 | Train Loss: 1.2554 Acc: 0.3170 F1: 0.3021 | Val Loss: 1.3558 Acc: 0.2692 F1: 0.2812
Epoch  49/50 | Train Loss: 1.2556 Acc: 0.2946 F1: 0.2715 | Val Loss: 1.3694 Acc: 0.2692 F1: 0.2333
Epoch  50/50 | Train Loss: 1.2612 Acc: 0.2991 F1: 0.2696 | Val Loss: 1.3331 Acc: 0.3846 F1: 0.3062
Validation Loss decreased (1.339871 --> 1.333149). Saving best model...

Classification Test Result (EthanolConcentration)
Accuracy : 0.304183
F1 (macro): 0.267660
Saved attention maps for 3 sample(s) under ./runs/classification_electricity_to_EthanolConcentration_laya_metadata_query_gate_text_stats_avg/attention_maps
Text metadata preview | dataset=FaceDetection | domain=UEA | channels=144
   - channel_1: In the UEA domain, this channel belongs to the FaceDetection dataset and represents the feature channel 1.
   - channel_2: In the UEA domain, this channel belongs to the FaceDetection dataset and represents the feature channel 2.
   - ... (142 more channel descriptions)
Stats metadata preview | dataset=FaceDetection | domain=UEA | channels=144
   - channel_1: Channel statistics over the training split: mean value is 0.001, standard deviation is 0.968, minimum value is -12.542, maximum value is 17.217, median value is -0.001, and mean absolute value is 0.736.
==================================================
🚀 Architecture: LAYA
📊 Target Dataset: FaceDetection (Channels: 144)
📊 Pretrain Info: electricity
📊 Classes: 2 | Sequence Length: 62
==================================================
✅ Loaded pretrained encoder from ./checkpoints/electricity_laya_metadata_query_gate_text_stats_avg/laya_ts_electricity_s_best.pt
   - 74/74 keys matched.
✅ Encoder is FROZEN (Linear Probing mode).
📝 metadata: mode=text_stats_avg, fusion=none, relation=metadata_query_gate
ℹ️  Metadata Fusion Mode: none
ℹ️  Channel Mixer Relation Mode: metadata_query_gate
ℹ️  Encoder Variant: default
ℹ️  Channel Adapter: disabled for Laya downstream (mixer)
ℹ️  Channel Relation Block: disabled
✅ ClassificationHead: [B, 128] → [B, 2]
Epoch   1/50 | Train Loss: 0.7025 Acc: 0.5196 F1: 0.5195 | Val Loss: 0.6955 Acc: 0.5280 F1: 0.5170
Validation Loss decreased (inf --> 0.695480). Saving best model...
Epoch   2/50 | Train Loss: 0.6974 Acc: 0.5166 F1: 0.5166 | Val Loss: 0.6944 Acc: 0.5110 F1: 0.5021
Validation Loss decreased (0.695480 --> 0.694381). Saving best model...
Epoch   3/50 | Train Loss: 0.6984 Acc: 0.5183 F1: 0.5182 | Val Loss: 0.6941 Acc: 0.5246 F1: 0.5145
Validation Loss decreased (0.694381 --> 0.694142). Saving best model...
Epoch   4/50 | Train Loss: 0.6933 Acc: 0.5142 F1: 0.5140 | Val Loss: 0.6913 Acc: 0.5297 F1: 0.5185
Validation Loss decreased (0.694142 --> 0.691318). Saving best model...
Epoch   5/50 | Train Loss: 0.6919 Acc: 0.5221 F1: 0.5219 | Val Loss: 0.7106 Acc: 0.4873 F1: 0.3842
Epoch   6/50 | Train Loss: 0.6925 Acc: 0.5244 F1: 0.5242 | Val Loss: 0.6933 Acc: 0.5076 F1: 0.5030
Epoch   7/50 | Train Loss: 0.6934 Acc: 0.5217 F1: 0.5216 | Val Loss: 0.6962 Acc: 0.5280 F1: 0.4312
Epoch   8/50 | Train Loss: 0.6938 Acc: 0.5272 F1: 0.5272 | Val Loss: 0.6933 Acc: 0.5144 F1: 0.5015
Epoch   9/50 | Train Loss: 0.6899 Acc: 0.5304 F1: 0.5304 | Val Loss: 0.6965 Acc: 0.5212 F1: 0.5049
Epoch  10/50 | Train Loss: 0.6901 Acc: 0.5364 F1: 0.5360 | Val Loss: 0.6931 Acc: 0.5280 F1: 0.5250
Epoch  11/50 | Train Loss: 0.6884 Acc: 0.5506 F1: 0.5505 | Val Loss: 0.6964 Acc: 0.4958 F1: 0.4747
Epoch  12/50 | Train Loss: 0.6903 Acc: 0.5364 F1: 0.5364 | Val Loss: 0.7046 Acc: 0.4958 F1: 0.4255
Epoch  13/50 | Train Loss: 0.6890 Acc: 0.5308 F1: 0.5303 | Val Loss: 0.6978 Acc: 0.5246 F1: 0.4191
Epoch  14/50 | Train Loss: 0.6907 Acc: 0.5325 F1: 0.5324 | Val Loss: 0.6937 Acc: 0.5212 F1: 0.5205
Epoch  15/50 | Train Loss: 0.6927 Acc: 0.5349 F1: 0.5346 | Val Loss: 0.6953 Acc: 0.5212 F1: 0.4287
Epoch  16/50 | Train Loss: 0.6898 Acc: 0.5415 F1: 0.5415 | Val Loss: 0.6922 Acc: 0.5297 F1: 0.5100
Epoch  17/50 | Train Loss: 0.6874 Acc: 0.5453 F1: 0.5452 | Val Loss: 0.6928 Acc: 0.5450 F1: 0.5082
Epoch  18/50 | Train Loss: 0.6881 Acc: 0.5408 F1: 0.5407 | Val Loss: 0.7011 Acc: 0.5093 F1: 0.4612
Epoch  19/50 | Train Loss: 0.6884 Acc: 0.5346 F1: 0.5344 | Val Loss: 0.6941 Acc: 0.5229 F1: 0.5215
Epoch  20/50 | Train Loss: 0.6868 Acc: 0.5417 F1: 0.5417 | Val Loss: 0.6984 Acc: 0.5042 F1: 0.4793
Epoch  21/50 | Train Loss: 0.6864 Acc: 0.5506 F1: 0.5505 | Val Loss: 0.7049 Acc: 0.4873 F1: 0.4298
Epoch  22/50 | Train Loss: 0.6866 Acc: 0.5481 F1: 0.5478 | Val Loss: 0.6935 Acc: 0.5093 F1: 0.4935
Epoch  23/50 | Train Loss: 0.6887 Acc: 0.5404 F1: 0.5403 | Val Loss: 0.6950 Acc: 0.5195 F1: 0.5175
Epoch  24/50 | Train Loss: 0.6878 Acc: 0.5434 F1: 0.5434 | Val Loss: 0.6928 Acc: 0.5263 F1: 0.5262
Epoch  25/50 | Train Loss: 0.6845 Acc: 0.5497 F1: 0.5496 | Val Loss: 0.6961 Acc: 0.5348 F1: 0.4827
Epoch  26/50 | Train Loss: 0.6869 Acc: 0.5478 F1: 0.5478 | Val Loss: 0.6933 Acc: 0.5365 F1: 0.5053
Epoch  27/50 | Train Loss: 0.6865 Acc: 0.5478 F1: 0.5477 | Val Loss: 0.6955 Acc: 0.5093 F1: 0.5049
Epoch  28/50 | Train Loss: 0.6875 Acc: 0.5359 F1: 0.5359 | Val Loss: 0.6969 Acc: 0.5110 F1: 0.4956
Epoch  29/50 | Train Loss: 0.6858 Acc: 0.5421 F1: 0.5419 | Val Loss: 0.6932 Acc: 0.5297 F1: 0.4751
Epoch  30/50 | Train Loss: 0.6883 Acc: 0.5468 F1: 0.5467 | Val Loss: 0.6955 Acc: 0.5280 F1: 0.4644
Epoch  31/50 | Train Loss: 0.6858 Acc: 0.5389 F1: 0.5389 | Val Loss: 0.6943 Acc: 0.5178 F1: 0.4612
Epoch  32/50 | Train Loss: 0.6850 Acc: 0.5485 F1: 0.5485 | Val Loss: 0.7003 Acc: 0.4941 F1: 0.4624
Epoch  33/50 | Train Loss: 0.6852 Acc: 0.5472 F1: 0.5468 | Val Loss: 0.6936 Acc: 0.5059 F1: 0.5045
Epoch  34/50 | Train Loss: 0.6861 Acc: 0.5561 F1: 0.5561 | Val Loss: 0.6952 Acc: 0.5161 F1: 0.5066
Epoch  35/50 | Train Loss: 0.6852 Acc: 0.5514 F1: 0.5511 | Val Loss: 0.6925 Acc: 0.5484 F1: 0.5249
Epoch  36/50 | Train Loss: 0.6855 Acc: 0.5497 F1: 0.5497 | Val Loss: 0.6935 Acc: 0.5314 F1: 0.5194
Epoch  37/50 | Train Loss: 0.6851 Acc: 0.5512 F1: 0.5510 | Val Loss: 0.6964 Acc: 0.5229 F1: 0.4456
Epoch  38/50 | Train Loss: 0.6841 Acc: 0.5517 F1: 0.5517 | Val Loss: 0.6988 Acc: 0.5093 F1: 0.4895
Epoch  39/50 | Train Loss: 0.6845 Acc: 0.5557 F1: 0.5554 | Val Loss: 0.6914 Acc: 0.5501 F1: 0.5393
Epoch  40/50 | Train Loss: 0.6841 Acc: 0.5572 F1: 0.5572 | Val Loss: 0.6983 Acc: 0.4975 F1: 0.4729
Epoch  41/50 | Train Loss: 0.6851 Acc: 0.5474 F1: 0.5472 | Val Loss: 0.6971 Acc: 0.5297 F1: 0.4468
Epoch  42/50 | Train Loss: 0.6863 Acc: 0.5465 F1: 0.5462 | Val Loss: 0.6975 Acc: 0.5042 F1: 0.4886
Epoch  43/50 | Train Loss: 0.6847 Acc: 0.5538 F1: 0.5537 | Val Loss: 0.6923 Acc: 0.5416 F1: 0.5394
Epoch  44/50 | Train Loss: 0.6834 Acc: 0.5514 F1: 0.5514 | Val Loss: 0.7028 Acc: 0.4924 F1: 0.4361
Epoch  45/50 | Train Loss: 0.6848 Acc: 0.5468 F1: 0.5467 | Val Loss: 0.6940 Acc: 0.5161 F1: 0.5143
Epoch  46/50 | Train Loss: 0.6841 Acc: 0.5487 F1: 0.5485 | Val Loss: 0.6957 Acc: 0.5178 F1: 0.5111
Epoch  47/50 | Train Loss: 0.6848 Acc: 0.5432 F1: 0.5431 | Val Loss: 0.6921 Acc: 0.5467 F1: 0.5179
Epoch  48/50 | Train Loss: 0.6837 Acc: 0.5534 F1: 0.5532 | Val Loss: 0.6923 Acc: 0.5246 F1: 0.5188
Epoch  49/50 | Train Loss: 0.6838 Acc: 0.5538 F1: 0.5538 | Val Loss: 0.7005 Acc: 0.5127 F1: 0.5026
Epoch  50/50 | Train Loss: 0.6856 Acc: 0.5480 F1: 0.5479 | Val Loss: 0.7095 Acc: 0.5042 F1: 0.4264

Classification Test Result (FaceDetection)
Accuracy : 0.522134
F1 (macro): 0.517094
Saved attention maps for 3 sample(s) under ./runs/classification_electricity_to_FaceDetection_laya_metadata_query_gate_text_stats_avg/attention_maps
Text metadata preview | dataset=Handwriting | domain=UEA | channels=3
   - channel_1: In the UEA domain, this channel belongs to the Handwriting dataset and represents the feature channel 1.
   - channel_2: In the UEA domain, this channel belongs to the Handwriting dataset and represents the feature channel 2.
   - ... (1 more channel descriptions)
Stats metadata preview | dataset=Handwriting | domain=UEA | channels=3
   - channel_1: Channel statistics over the training split: mean value is 0.000, standard deviation is 0.997, minimum value is -5.802, maximum value is 9.106, median value is 0.004, and mean absolute value is 0.538.
==================================================
🚀 Architecture: LAYA
📊 Target Dataset: Handwriting (Channels: 3)
📊 Pretrain Info: electricity
📊 Classes: 26 | Sequence Length: 152
==================================================
✅ Loaded pretrained encoder from ./checkpoints/electricity_laya_metadata_query_gate_text_stats_avg/laya_ts_electricity_s_best.pt
   - 74/74 keys matched.
✅ Encoder is FROZEN (Linear Probing mode).
📝 metadata: mode=text_stats_avg, fusion=none, relation=metadata_query_gate
ℹ️  Metadata Fusion Mode: none
ℹ️  Channel Mixer Relation Mode: metadata_query_gate
ℹ️  Encoder Variant: default
ℹ️  Channel Adapter: disabled for Laya downstream (mixer)
ℹ️  Channel Relation Block: disabled
✅ ClassificationHead: [B, 128] → [B, 26]
Epoch   1/50 | Train Loss: 3.2203 Acc: 0.0312 F1: 0.0026 | Val Loss: 3.4296 Acc: 0.0000 F1: 0.0000
Validation Loss decreased (inf --> 3.429572). Saving best model...
Epoch   2/50 | Train Loss: 3.0547 Acc: 0.0391 F1: 0.0137 | Val Loss: 3.3926 Acc: 0.0667 F1: 0.0179
Validation Loss decreased (3.429572 --> 3.392566). Saving best model...
Epoch   3/50 | Train Loss: 3.0103 Acc: 0.0312 F1: 0.0055 | Val Loss: 3.3705 Acc: 0.1333 F1: 0.0888
Validation Loss decreased (3.392566 --> 3.370510). Saving best model...
Epoch   4/50 | Train Loss: 2.9850 Acc: 0.0469 F1: 0.0063 | Val Loss: 3.3646 Acc: 0.1333 F1: 0.0844
Validation Loss decreased (3.370510 --> 3.364577). Saving best model...
Epoch   5/50 | Train Loss: 2.9935 Acc: 0.0469 F1: 0.0082 | Val Loss: 3.3820 Acc: 0.1333 F1: 0.0844
Epoch   6/50 | Train Loss: 2.9595 Acc: 0.0547 F1: 0.0123 | Val Loss: 3.3518 Acc: 0.1333 F1: 0.0449
Validation Loss decreased (3.364577 --> 3.351837). Saving best model...
Epoch   7/50 | Train Loss: 2.9515 Acc: 0.0781 F1: 0.0164 | Val Loss: 3.3441 Acc: 0.0667 F1: 0.0286
Validation Loss decreased (3.351837 --> 3.344077). Saving best model...
Epoch   8/50 | Train Loss: 2.9270 Acc: 0.0703 F1: 0.0150 | Val Loss: 3.3511 Acc: 0.0667 F1: 0.0357
Epoch   9/50 | Train Loss: 2.9191 Acc: 0.0938 F1: 0.0167 | Val Loss: 3.3516 Acc: 0.0667 F1: 0.0204
Epoch  10/50 | Train Loss: 2.9090 Acc: 0.1172 F1: 0.0245 | Val Loss: 3.3765 Acc: 0.0667 F1: 0.0238
Epoch  11/50 | Train Loss: 2.8901 Acc: 0.1172 F1: 0.0248 | Val Loss: 3.3673 Acc: 0.0667 F1: 0.0476
Epoch  12/50 | Train Loss: 2.8669 Acc: 0.1172 F1: 0.0288 | Val Loss: 3.3573 Acc: 0.0667 F1: 0.0357
Epoch  13/50 | Train Loss: 2.8692 Acc: 0.1328 F1: 0.0317 | Val Loss: 3.3731 Acc: 0.0667 F1: 0.0238
Epoch  14/50 | Train Loss: 2.8729 Acc: 0.1250 F1: 0.0254 | Val Loss: 3.3700 Acc: 0.0667 F1: 0.0220
Epoch  15/50 | Train Loss: 2.8393 Acc: 0.1406 F1: 0.0323 | Val Loss: 3.3867 Acc: 0.0667 F1: 0.0357
Epoch  16/50 | Train Loss: 2.8427 Acc: 0.1406 F1: 0.0322 | Val Loss: 3.3571 Acc: 0.0667 F1: 0.0357
Epoch  17/50 | Train Loss: 2.8149 Acc: 0.1328 F1: 0.0329 | Val Loss: 3.3636 Acc: 0.0667 F1: 0.0308
Epoch  18/50 | Train Loss: 2.8020 Acc: 0.1719 F1: 0.0482 | Val Loss: 3.3492 Acc: 0.0667 F1: 0.0308
Epoch  19/50 | Train Loss: 2.7966 Acc: 0.1641 F1: 0.0599 | Val Loss: 3.3292 Acc: 0.0667 F1: 0.0256
Validation Loss decreased (3.344077 --> 3.329181). Saving best model...
Epoch  20/50 | Train Loss: 2.7798 Acc: 0.1484 F1: 0.0487 | Val Loss: 3.3258 Acc: 0.0667 F1: 0.0357
Validation Loss decreased (3.329181 --> 3.325792). Saving best model...
Epoch  21/50 | Train Loss: 2.7581 Acc: 0.1641 F1: 0.0574 | Val Loss: 3.2874 Acc: 0.0667 F1: 0.0308
Validation Loss decreased (3.325792 --> 3.287369). Saving best model...
Epoch  22/50 | Train Loss: 2.7637 Acc: 0.1641 F1: 0.0583 | Val Loss: 3.2831 Acc: 0.0667 F1: 0.0385
Validation Loss decreased (3.287369 --> 3.283075). Saving best model...
Epoch  23/50 | Train Loss: 2.7532 Acc: 0.1719 F1: 0.0610 | Val Loss: 3.2806 Acc: 0.0667 F1: 0.0308
Validation Loss decreased (3.283075 --> 3.280636). Saving best model...
Epoch  24/50 | Train Loss: 2.7476 Acc: 0.1719 F1: 0.0612 | Val Loss: 3.3045 Acc: 0.0667 F1: 0.0256
Epoch  25/50 | Train Loss: 2.7366 Acc: 0.1797 F1: 0.0702 | Val Loss: 3.3244 Acc: 0.0667 F1: 0.0204
Epoch  26/50 | Train Loss: 2.7161 Acc: 0.1875 F1: 0.0702 | Val Loss: 3.3146 Acc: 0.0667 F1: 0.0204
Epoch  27/50 | Train Loss: 2.7047 Acc: 0.1719 F1: 0.0682 | Val Loss: 3.2819 Acc: 0.0667 F1: 0.0238
Epoch  28/50 | Train Loss: 2.6907 Acc: 0.1719 F1: 0.0611 | Val Loss: 3.2752 Acc: 0.0667 F1: 0.0357
Validation Loss decreased (3.280636 --> 3.275238). Saving best model...
Epoch  29/50 | Train Loss: 2.6702 Acc: 0.1797 F1: 0.0717 | Val Loss: 3.2824 Acc: 0.0667 F1: 0.0476
Epoch  30/50 | Train Loss: 2.6626 Acc: 0.2031 F1: 0.0725 | Val Loss: 3.2990 Acc: 0.0667 F1: 0.0357
Epoch  31/50 | Train Loss: 2.6586 Acc: 0.2188 F1: 0.1042 | Val Loss: 3.3088 Acc: 0.0667 F1: 0.0286
Epoch  32/50 | Train Loss: 2.6328 Acc: 0.1875 F1: 0.0750 | Val Loss: 3.2976 Acc: 0.0667 F1: 0.0256
Epoch  33/50 | Train Loss: 2.6239 Acc: 0.2031 F1: 0.1012 | Val Loss: 3.2884 Acc: 0.0667 F1: 0.0256
Epoch  34/50 | Train Loss: 2.6025 Acc: 0.2344 F1: 0.1301 | Val Loss: 3.2815 Acc: 0.0667 F1: 0.0286
Epoch  35/50 | Train Loss: 2.6105 Acc: 0.2266 F1: 0.1197 | Val Loss: 3.2724 Acc: 0.0667 F1: 0.0256
Validation Loss decreased (3.275238 --> 3.272367). Saving best model...
Epoch  36/50 | Train Loss: 2.5826 Acc: 0.2266 F1: 0.1138 | Val Loss: 3.2800 Acc: 0.0667 F1: 0.0238
Epoch  37/50 | Train Loss: 2.5768 Acc: 0.2109 F1: 0.1056 | Val Loss: 3.3055 Acc: 0.0667 F1: 0.0238
Epoch  38/50 | Train Loss: 2.5762 Acc: 0.2109 F1: 0.1072 | Val Loss: 3.3285 Acc: 0.0667 F1: 0.0238
Epoch  39/50 | Train Loss: 2.5490 Acc: 0.2031 F1: 0.1008 | Val Loss: 3.3234 Acc: 0.0667 F1: 0.0238
Epoch  40/50 | Train Loss: 2.5417 Acc: 0.2422 F1: 0.1342 | Val Loss: 3.2914 Acc: 0.0667 F1: 0.0357
Epoch  41/50 | Train Loss: 2.5222 Acc: 0.2656 F1: 0.1539 | Val Loss: 3.2611 Acc: 0.0667 F1: 0.0286
Validation Loss decreased (3.272367 --> 3.261135). Saving best model...
Epoch  42/50 | Train Loss: 2.5201 Acc: 0.2891 F1: 0.1871 | Val Loss: 3.2904 Acc: 0.0667 F1: 0.0286
Epoch  43/50 | Train Loss: 2.5008 Acc: 0.2188 F1: 0.1021 | Val Loss: 3.2957 Acc: 0.0667 F1: 0.0238
Epoch  44/50 | Train Loss: 2.4883 Acc: 0.2344 F1: 0.1321 | Val Loss: 3.3195 Acc: 0.0667 F1: 0.0238
Epoch  45/50 | Train Loss: 2.4815 Acc: 0.2656 F1: 0.1773 | Val Loss: 3.3421 Acc: 0.0667 F1: 0.0238
Epoch  46/50 | Train Loss: 2.4697 Acc: 0.2734 F1: 0.1823 | Val Loss: 3.3084 Acc: 0.0667 F1: 0.0385
Epoch  47/50 | Train Loss: 2.4622 Acc: 0.2969 F1: 0.2051 | Val Loss: 3.3091 Acc: 0.0667 F1: 0.0385
Epoch  48/50 | Train Loss: 2.4526 Acc: 0.2891 F1: 0.2072 | Val Loss: 3.3013 Acc: 0.0667 F1: 0.0444
Epoch  49/50 | Train Loss: 2.4499 Acc: 0.2734 F1: 0.1860 | Val Loss: 3.2865 Acc: 0.0667 F1: 0.0333
Epoch  50/50 | Train Loss: 2.4267 Acc: 0.3281 F1: 0.2388 | Val Loss: 3.3078 Acc: 0.0667 F1: 0.0444

Classification Test Result (Handwriting)
Accuracy : 0.087059
F1 (macro): 0.048013
Saved attention maps for 3 sample(s) under ./runs/classification_electricity_to_Handwriting_laya_metadata_query_gate_text_stats_avg/attention_maps
Text metadata preview | dataset=Heartbeat | domain=UEA | channels=61
   - channel_1: In the UEA domain, this channel belongs to the Heartbeat dataset and represents the feature channel 1.
   - channel_2: In the UEA domain, this channel belongs to the Heartbeat dataset and represents the feature channel 2.
   - ... (59 more channel descriptions)
Stats metadata preview | dataset=Heartbeat | domain=UEA | channels=61
   - channel_1: Channel statistics over the training split: mean value is 0.006, standard deviation is 0.019, minimum value is 0.000, maximum value is 0.889, median value is 0.003, and mean absolute value is 0.006.
==================================================
🚀 Architecture: LAYA
📊 Target Dataset: Heartbeat (Channels: 61)
📊 Pretrain Info: electricity
📊 Classes: 2 | Sequence Length: 405
==================================================
✅ Loaded pretrained encoder from ./checkpoints/electricity_laya_metadata_query_gate_text_stats_avg/laya_ts_electricity_s_best.pt
   - 74/74 keys matched.
✅ Encoder is FROZEN (Linear Probing mode).
📝 metadata: mode=text_stats_avg, fusion=none, relation=metadata_query_gate
ℹ️  Metadata Fusion Mode: none
ℹ️  Channel Mixer Relation Mode: metadata_query_gate
ℹ️  Encoder Variant: default
ℹ️  Channel Adapter: disabled for Laya downstream (mixer)
ℹ️  Channel Relation Block: disabled
✅ ClassificationHead: [B, 128] → [B, 2]
Epoch   1/50 | Train Loss: 0.5566 Acc: 0.7102 F1: 0.5403 | Val Loss: 0.4499 Acc: 0.8000 F1: 0.6875
Validation Loss decreased (inf --> 0.449936). Saving best model...
Epoch   2/50 | Train Loss: 0.5493 Acc: 0.7216 F1: 0.5263 | Val Loss: 0.4596 Acc: 0.7500 F1: 0.5671
Epoch   3/50 | Train Loss: 0.5378 Acc: 0.7500 F1: 0.5580 | Val Loss: 0.4611 Acc: 0.7500 F1: 0.5671
Epoch   4/50 | Train Loss: 0.5262 Acc: 0.7443 F1: 0.5290 | Val Loss: 0.4641 Acc: 0.7500 F1: 0.5671
Epoch   5/50 | Train Loss: 0.5262 Acc: 0.7500 F1: 0.5459 | Val Loss: 0.4614 Acc: 0.7500 F1: 0.5671
Epoch   6/50 | Train Loss: 0.5222 Acc: 0.7443 F1: 0.5650 | Val Loss: 0.4605 Acc: 0.7500 F1: 0.5671
Epoch   7/50 | Train Loss: 0.5287 Acc: 0.7443 F1: 0.5419 | Val Loss: 0.4599 Acc: 0.7500 F1: 0.5671
Epoch   8/50 | Train Loss: 0.5232 Acc: 0.7443 F1: 0.5538 | Val Loss: 0.4538 Acc: 0.7500 F1: 0.5671
Epoch   9/50 | Train Loss: 0.5248 Acc: 0.7386 F1: 0.5711 | Val Loss: 0.4498 Acc: 0.7500 F1: 0.5671
Validation Loss decreased (0.449936 --> 0.449794). Saving best model...
Epoch  10/50 | Train Loss: 0.5309 Acc: 0.7386 F1: 0.5497 | Val Loss: 0.4585 Acc: 0.7500 F1: 0.5671
Epoch  11/50 | Train Loss: 0.5264 Acc: 0.7386 F1: 0.5379 | Val Loss: 0.4541 Acc: 0.7500 F1: 0.5671
Epoch  12/50 | Train Loss: 0.5261 Acc: 0.7500 F1: 0.5580 | Val Loss: 0.4490 Acc: 0.7500 F1: 0.5671
Validation Loss decreased (0.449794 --> 0.449028). Saving best model...
Epoch  13/50 | Train Loss: 0.5209 Acc: 0.7273 F1: 0.5626 | Val Loss: 0.4510 Acc: 0.8000 F1: 0.6875
Epoch  14/50 | Train Loss: 0.5368 Acc: 0.7273 F1: 0.5301 | Val Loss: 0.4560 Acc: 0.7500 F1: 0.5671
Epoch  15/50 | Train Loss: 0.5205 Acc: 0.7386 F1: 0.5608 | Val Loss: 0.4512 Acc: 0.7500 F1: 0.5671
Epoch  16/50 | Train Loss: 0.5137 Acc: 0.7443 F1: 0.5650 | Val Loss: 0.4489 Acc: 0.7500 F1: 0.5671
Validation Loss decreased (0.449028 --> 0.448899). Saving best model...
Epoch  17/50 | Train Loss: 0.5272 Acc: 0.7557 F1: 0.5737 | Val Loss: 0.4581 Acc: 0.7500 F1: 0.5671
Epoch  18/50 | Train Loss: 0.5071 Acc: 0.7614 F1: 0.5541 | Val Loss: 0.4515 Acc: 0.7500 F1: 0.5671
Epoch  19/50 | Train Loss: 0.5139 Acc: 0.7500 F1: 0.5897 | Val Loss: 0.4470 Acc: 0.7500 F1: 0.5671
Validation Loss decreased (0.448899 --> 0.447043). Saving best model...
Epoch  20/50 | Train Loss: 0.5113 Acc: 0.7500 F1: 0.5799 | Val Loss: 0.4434 Acc: 0.7500 F1: 0.5671
Validation Loss decreased (0.447043 --> 0.443429). Saving best model...
Epoch  21/50 | Train Loss: 0.5294 Acc: 0.7330 F1: 0.5764 | Val Loss: 0.4433 Acc: 0.7500 F1: 0.5671
Validation Loss decreased (0.443429 --> 0.443277). Saving best model...
Epoch  22/50 | Train Loss: 0.5088 Acc: 0.7557 F1: 0.5737 | Val Loss: 0.4456 Acc: 0.7500 F1: 0.5671
Epoch  23/50 | Train Loss: 0.5049 Acc: 0.7670 F1: 0.5935 | Val Loss: 0.4466 Acc: 0.7500 F1: 0.5671
Epoch  24/50 | Train Loss: 0.5004 Acc: 0.7670 F1: 0.5935 | Val Loss: 0.4444 Acc: 0.7500 F1: 0.5671
Epoch  25/50 | Train Loss: 0.5135 Acc: 0.7557 F1: 0.5737 | Val Loss: 0.4413 Acc: 0.7500 F1: 0.5671
Validation Loss decreased (0.443277 --> 0.441314). Saving best model...
Epoch  26/50 | Train Loss: 0.4972 Acc: 0.7727 F1: 0.5982 | Val Loss: 0.4399 Acc: 0.8000 F1: 0.6875
Validation Loss decreased (0.441314 --> 0.439939). Saving best model...
Epoch  27/50 | Train Loss: 0.5189 Acc: 0.7557 F1: 0.5737 | Val Loss: 0.4515 Acc: 0.7500 F1: 0.5671
Epoch  28/50 | Train Loss: 0.5098 Acc: 0.7557 F1: 0.6037 | Val Loss: 0.4398 Acc: 0.8000 F1: 0.6875
Validation Loss decreased (0.439939 --> 0.439777). Saving best model...
Epoch  29/50 | Train Loss: 0.5138 Acc: 0.7386 F1: 0.5379 | Val Loss: 0.4455 Acc: 0.7500 F1: 0.5671
Epoch  30/50 | Train Loss: 0.4981 Acc: 0.7614 F1: 0.5781 | Val Loss: 0.4478 Acc: 0.7500 F1: 0.5671
Epoch  31/50 | Train Loss: 0.5102 Acc: 0.7557 F1: 0.5843 | Val Loss: 0.4440 Acc: 0.8000 F1: 0.6875
Epoch  32/50 | Train Loss: 0.5050 Acc: 0.7557 F1: 0.5843 | Val Loss: 0.4407 Acc: 0.8000 F1: 0.6875
Epoch  33/50 | Train Loss: 0.4982 Acc: 0.7670 F1: 0.5826 | Val Loss: 0.4456 Acc: 0.7500 F1: 0.5671
Epoch  34/50 | Train Loss: 0.5135 Acc: 0.7557 F1: 0.5843 | Val Loss: 0.4445 Acc: 0.8000 F1: 0.6875
Epoch  35/50 | Train Loss: 0.5166 Acc: 0.7557 F1: 0.5943 | Val Loss: 0.4462 Acc: 0.7500 F1: 0.5671
Epoch  36/50 | Train Loss: 0.5056 Acc: 0.7557 F1: 0.5943 | Val Loss: 0.4444 Acc: 0.7500 F1: 0.5671
Epoch  37/50 | Train Loss: 0.5054 Acc: 0.7614 F1: 0.5990 | Val Loss: 0.4397 Acc: 0.8000 F1: 0.6875
Validation Loss decreased (0.439777 --> 0.439698). Saving best model...
Epoch  38/50 | Train Loss: 0.5084 Acc: 0.7670 F1: 0.5826 | Val Loss: 0.4464 Acc: 0.7500 F1: 0.5671
Epoch  39/50 | Train Loss: 0.5024 Acc: 0.7500 F1: 0.5990 | Val Loss: 0.4364 Acc: 0.8000 F1: 0.6875
Validation Loss decreased (0.439698 --> 0.436356). Saving best model...
Epoch  40/50 | Train Loss: 0.4999 Acc: 0.7500 F1: 0.5897 | Val Loss: 0.4410 Acc: 0.7500 F1: 0.5671
Epoch  41/50 | Train Loss: 0.5088 Acc: 0.7557 F1: 0.5737 | Val Loss: 0.4410 Acc: 0.7500 F1: 0.5671
Epoch  42/50 | Train Loss: 0.5126 Acc: 0.7330 F1: 0.5668 | Val Loss: 0.4365 Acc: 0.8000 F1: 0.6875
Epoch  43/50 | Train Loss: 0.5152 Acc: 0.7386 F1: 0.5808 | Val Loss: 0.4420 Acc: 0.8000 F1: 0.6875
Epoch  44/50 | Train Loss: 0.5022 Acc: 0.7500 F1: 0.5799 | Val Loss: 0.4394 Acc: 0.8000 F1: 0.6875
Epoch  45/50 | Train Loss: 0.5133 Acc: 0.7443 F1: 0.5944 | Val Loss: 0.4387 Acc: 0.8000 F1: 0.6875
Epoch  46/50 | Train Loss: 0.5073 Acc: 0.7443 F1: 0.5852 | Val Loss: 0.4433 Acc: 0.8000 F1: 0.6875
Epoch  47/50 | Train Loss: 0.5033 Acc: 0.7670 F1: 0.6037 | Val Loss: 0.4420 Acc: 0.8000 F1: 0.6875
Epoch  48/50 | Train Loss: 0.5012 Acc: 0.7614 F1: 0.5990 | Val Loss: 0.4404 Acc: 0.8000 F1: 0.6875
Epoch  49/50 | Train Loss: 0.4933 Acc: 0.7727 F1: 0.6181 | Val Loss: 0.4411 Acc: 0.8000 F1: 0.6875
Epoch  50/50 | Train Loss: 0.5123 Acc: 0.7557 F1: 0.5843 | Val Loss: 0.4432 Acc: 0.8000 F1: 0.6875

Classification Test Result (Heartbeat)
Accuracy : 0.756098
F1 (macro): 0.649645
Saved attention maps for 3 sample(s) under ./runs/classification_electricity_to_Heartbeat_laya_metadata_query_gate_text_stats_avg/attention_maps
Text metadata preview | dataset=JapaneseVowels | domain=UEA | channels=12
   - channel_1: In the UEA domain, this channel belongs to the JapaneseVowels dataset and represents the feature channel 1.
   - channel_2: In the UEA domain, this channel belongs to the JapaneseVowels dataset and represents the feature channel 2.
   - ... (10 more channel descriptions)
Stats metadata preview | dataset=JapaneseVowels | domain=UEA | channels=12
   - channel_1: Channel statistics over the training split: mean value is 0.532, standard deviation is 0.572, minimum value is -0.784, maximum value is 2.203, median value is 0.371, and mean absolute value is 0.539.
==================================================
🚀 Architecture: LAYA
📊 Target Dataset: JapaneseVowels (Channels: 12)
📊 Pretrain Info: electricity
📊 Classes: 9 | Sequence Length: 26
==================================================
✅ Loaded pretrained encoder from ./checkpoints/electricity_laya_metadata_query_gate_text_stats_avg/laya_ts_electricity_s_best.pt
   - 74/74 keys matched.
✅ Encoder is FROZEN (Linear Probing mode).
📝 metadata: mode=text_stats_avg, fusion=none, relation=metadata_query_gate
ℹ️  Metadata Fusion Mode: none
ℹ️  Channel Mixer Relation Mode: metadata_query_gate
ℹ️  Encoder Variant: default
ℹ️  Channel Adapter: disabled for Laya downstream (mixer)
ℹ️  Channel Relation Block: disabled
✅ ClassificationHead: [B, 128] → [B, 9]
Epoch   1/50 | Train Loss: 2.2958 Acc: 0.0958 F1: 0.0734 | Val Loss: 2.1848 Acc: 0.1852 F1: 0.1406
Validation Loss decreased (inf --> 2.184767). Saving best model...
Epoch   2/50 | Train Loss: 2.1114 Acc: 0.1625 F1: 0.1549 | Val Loss: 2.1773 Acc: 0.2222 F1: 0.2209
Validation Loss decreased (2.184767 --> 2.177290). Saving best model...
Epoch   3/50 | Train Loss: 1.9821 Acc: 0.3250 F1: 0.2718 | Val Loss: 2.0754 Acc: 0.2222 F1: 0.3160
Validation Loss decreased (2.177290 --> 2.075361). Saving best model...
Epoch   4/50 | Train Loss: 1.9022 Acc: 0.3417 F1: 0.2785 | Val Loss: 2.0092 Acc: 0.3333 F1: 0.2956
Validation Loss decreased (2.075361 --> 2.009198). Saving best model...
Epoch   5/50 | Train Loss: 1.8107 Acc: 0.3958 F1: 0.3273 | Val Loss: 1.9700 Acc: 0.3333 F1: 0.3153
Validation Loss decreased (2.009198 --> 1.969982). Saving best model...
Epoch   6/50 | Train Loss: 1.7423 Acc: 0.4583 F1: 0.4138 | Val Loss: 1.9153 Acc: 0.3704 F1: 0.3820
Validation Loss decreased (1.969982 --> 1.915324). Saving best model...
Epoch   7/50 | Train Loss: 1.6905 Acc: 0.4958 F1: 0.4499 | Val Loss: 1.8522 Acc: 0.3333 F1: 0.3394
Validation Loss decreased (1.915324 --> 1.852216). Saving best model...
Epoch   8/50 | Train Loss: 1.6297 Acc: 0.4833 F1: 0.4399 | Val Loss: 1.8440 Acc: 0.3704 F1: 0.3820
Validation Loss decreased (1.852216 --> 1.843988). Saving best model...
Epoch   9/50 | Train Loss: 1.5732 Acc: 0.4917 F1: 0.4326 | Val Loss: 1.7792 Acc: 0.3704 F1: 0.3852
Validation Loss decreased (1.843988 --> 1.779152). Saving best model...
Epoch  10/50 | Train Loss: 1.5270 Acc: 0.5708 F1: 0.5525 | Val Loss: 1.7512 Acc: 0.3704 F1: 0.3725
Validation Loss decreased (1.779152 --> 1.751224). Saving best model...
Epoch  11/50 | Train Loss: 1.4946 Acc: 0.5500 F1: 0.5124 | Val Loss: 1.7421 Acc: 0.3704 F1: 0.3672
Validation Loss decreased (1.751224 --> 1.742097). Saving best model...
Epoch  12/50 | Train Loss: 1.4586 Acc: 0.5458 F1: 0.5099 | Val Loss: 1.6697 Acc: 0.4074 F1: 0.4302
Validation Loss decreased (1.742097 --> 1.669725). Saving best model...
Epoch  13/50 | Train Loss: 1.4255 Acc: 0.6000 F1: 0.5843 | Val Loss: 1.6661 Acc: 0.3704 F1: 0.3728
Validation Loss decreased (1.669725 --> 1.666098). Saving best model...
Epoch  14/50 | Train Loss: 1.3900 Acc: 0.5792 F1: 0.5565 | Val Loss: 1.6718 Acc: 0.3333 F1: 0.3095
Epoch  15/50 | Train Loss: 1.3587 Acc: 0.6083 F1: 0.5956 | Val Loss: 1.6207 Acc: 0.4074 F1: 0.4193
Validation Loss decreased (1.666098 --> 1.620656). Saving best model...
Epoch  16/50 | Train Loss: 1.3252 Acc: 0.6083 F1: 0.5952 | Val Loss: 1.6061 Acc: 0.3333 F1: 0.3450
Validation Loss decreased (1.620656 --> 1.606100). Saving best model...
Epoch  17/50 | Train Loss: 1.2996 Acc: 0.6167 F1: 0.5982 | Val Loss: 1.5861 Acc: 0.3333 F1: 0.3095
Validation Loss decreased (1.606100 --> 1.586131). Saving best model...
Epoch  18/50 | Train Loss: 1.2751 Acc: 0.6208 F1: 0.6071 | Val Loss: 1.5487 Acc: 0.4074 F1: 0.4099
Validation Loss decreased (1.586131 --> 1.548673). Saving best model...
Epoch  19/50 | Train Loss: 1.2597 Acc: 0.6208 F1: 0.6079 | Val Loss: 1.5464 Acc: 0.4074 F1: 0.4067
Validation Loss decreased (1.548673 --> 1.546367). Saving best model...
Epoch  20/50 | Train Loss: 1.2414 Acc: 0.6417 F1: 0.6340 | Val Loss: 1.5486 Acc: 0.4074 F1: 0.4321
Epoch  21/50 | Train Loss: 1.2083 Acc: 0.6375 F1: 0.6275 | Val Loss: 1.5119 Acc: 0.4074 F1: 0.4067
Validation Loss decreased (1.546367 --> 1.511875). Saving best model...
Epoch  22/50 | Train Loss: 1.1914 Acc: 0.6417 F1: 0.6298 | Val Loss: 1.5146 Acc: 0.4444 F1: 0.4296
Epoch  23/50 | Train Loss: 1.1765 Acc: 0.6625 F1: 0.6561 | Val Loss: 1.5036 Acc: 0.4444 F1: 0.4595
Validation Loss decreased (1.511875 --> 1.503585). Saving best model...
Epoch  24/50 | Train Loss: 1.1680 Acc: 0.6667 F1: 0.6652 | Val Loss: 1.4880 Acc: 0.4444 F1: 0.4521
Validation Loss decreased (1.503585 --> 1.488009). Saving best model...
Epoch  25/50 | Train Loss: 1.1590 Acc: 0.6542 F1: 0.6507 | Val Loss: 1.4618 Acc: 0.4815 F1: 0.4532
Validation Loss decreased (1.488009 --> 1.461799). Saving best model...
Epoch  26/50 | Train Loss: 1.1334 Acc: 0.6792 F1: 0.6744 | Val Loss: 1.4585 Acc: 0.4444 F1: 0.4265
Validation Loss decreased (1.461799 --> 1.458454). Saving best model...
Epoch  27/50 | Train Loss: 1.1222 Acc: 0.6750 F1: 0.6716 | Val Loss: 1.4466 Acc: 0.4815 F1: 0.4889
Validation Loss decreased (1.458454 --> 1.446615). Saving best model...
Epoch  28/50 | Train Loss: 1.1079 Acc: 0.6792 F1: 0.6754 | Val Loss: 1.4702 Acc: 0.4074 F1: 0.4067
Epoch  29/50 | Train Loss: 1.0979 Acc: 0.6417 F1: 0.6303 | Val Loss: 1.4236 Acc: 0.4815 F1: 0.4532
Validation Loss decreased (1.446615 --> 1.423617). Saving best model...
Epoch  30/50 | Train Loss: 1.0824 Acc: 0.6792 F1: 0.6761 | Val Loss: 1.4091 Acc: 0.4444 F1: 0.4220
Validation Loss decreased (1.423617 --> 1.409133). Saving best model...
Epoch  31/50 | Train Loss: 1.0699 Acc: 0.6958 F1: 0.6938 | Val Loss: 1.4209 Acc: 0.5185 F1: 0.5125
Epoch  32/50 | Train Loss: 1.0414 Acc: 0.7042 F1: 0.7021 | Val Loss: 1.4095 Acc: 0.5185 F1: 0.5125
Epoch  33/50 | Train Loss: 1.0334 Acc: 0.6958 F1: 0.6917 | Val Loss: 1.4124 Acc: 0.3704 F1: 0.3235
Epoch  34/50 | Train Loss: 1.0311 Acc: 0.6958 F1: 0.6915 | Val Loss: 1.3664 Acc: 0.4444 F1: 0.4143
Validation Loss decreased (1.409133 --> 1.366378). Saving best model...
Epoch  35/50 | Train Loss: 1.0178 Acc: 0.7042 F1: 0.6993 | Val Loss: 1.3894 Acc: 0.5185 F1: 0.5125
Epoch  36/50 | Train Loss: 1.0132 Acc: 0.7000 F1: 0.6965 | Val Loss: 1.3920 Acc: 0.4444 F1: 0.4143
Epoch  37/50 | Train Loss: 1.0027 Acc: 0.7167 F1: 0.7142 | Val Loss: 1.3647 Acc: 0.5185 F1: 0.5035
Validation Loss decreased (1.366378 --> 1.364658). Saving best model...
Epoch  38/50 | Train Loss: 0.9858 Acc: 0.7250 F1: 0.7234 | Val Loss: 1.3772 Acc: 0.4815 F1: 0.4627
Epoch  39/50 | Train Loss: 0.9820 Acc: 0.7375 F1: 0.7344 | Val Loss: 1.3470 Acc: 0.4815 F1: 0.4627
Validation Loss decreased (1.364658 --> 1.347042). Saving best model...
Epoch  40/50 | Train Loss: 0.9542 Acc: 0.7208 F1: 0.7178 | Val Loss: 1.3599 Acc: 0.4815 F1: 0.4627
Epoch  41/50 | Train Loss: 0.9753 Acc: 0.7292 F1: 0.7259 | Val Loss: 1.3495 Acc: 0.4074 F1: 0.3736
Epoch  42/50 | Train Loss: 0.9646 Acc: 0.7167 F1: 0.7142 | Val Loss: 1.3360 Acc: 0.4815 F1: 0.4627
Validation Loss decreased (1.347042 --> 1.335977). Saving best model...
Epoch  43/50 | Train Loss: 0.9459 Acc: 0.7333 F1: 0.7329 | Val Loss: 1.3428 Acc: 0.5185 F1: 0.5040
Epoch  44/50 | Train Loss: 0.9361 Acc: 0.7375 F1: 0.7363 | Val Loss: 1.3384 Acc: 0.5185 F1: 0.5125
Epoch  45/50 | Train Loss: 0.9302 Acc: 0.7333 F1: 0.7319 | Val Loss: 1.3427 Acc: 0.4815 F1: 0.4627
Epoch  46/50 | Train Loss: 0.9165 Acc: 0.7333 F1: 0.7315 | Val Loss: 1.3304 Acc: 0.4815 F1: 0.4627
Validation Loss decreased (1.335977 --> 1.330413). Saving best model...
Epoch  47/50 | Train Loss: 0.9091 Acc: 0.7375 F1: 0.7356 | Val Loss: 1.3134 Acc: 0.4444 F1: 0.4148
Validation Loss decreased (1.330413 --> 1.313398). Saving best model...
Epoch  48/50 | Train Loss: 0.8942 Acc: 0.7292 F1: 0.7252 | Val Loss: 1.3287 Acc: 0.4815 F1: 0.4611
Epoch  49/50 | Train Loss: 0.9010 Acc: 0.7417 F1: 0.7394 | Val Loss: 1.3162 Acc: 0.4815 F1: 0.4611
Epoch  50/50 | Train Loss: 0.8921 Acc: 0.7542 F1: 0.7526 | Val Loss: 1.3171 Acc: 0.4815 F1: 0.4627

Classification Test Result (JapaneseVowels)
Accuracy : 0.443243
F1 (macro): 0.443616
Saved attention maps for 3 sample(s) under ./runs/classification_electricity_to_JapaneseVowels_laya_metadata_query_gate_text_stats_avg/attention_maps
Text metadata preview | dataset=PEMS-SF | domain=UEA | channels=963
   - channel_1: In the UEA domain, this channel belongs to the PEMS-SF dataset and represents the feature channel 1.
   - channel_2: In the UEA domain, this channel belongs to the PEMS-SF dataset and represents the feature channel 2.
   - ... (961 more channel descriptions)
Stats metadata preview | dataset=PEMS-SF | domain=UEA | channels=963
   - channel_1: Channel statistics over the training split: mean value is 0.049, standard deviation is 0.031, minimum value is 0.003, maximum value is 0.444, median value is 0.053, and mean absolute value is 0.049.
==================================================
🚀 Architecture: LAYA
📊 Target Dataset: PEMS-SF (Channels: 963)
📊 Pretrain Info: electricity
📊 Classes: 7 | Sequence Length: 144
==================================================
✅ Loaded pretrained encoder from ./checkpoints/electricity_laya_metadata_query_gate_text_stats_avg/laya_ts_electricity_s_best.pt
   - 74/74 keys matched.
✅ Encoder is FROZEN (Linear Probing mode).
📝 metadata: mode=text_stats_avg, fusion=none, relation=metadata_query_gate
ℹ️  Metadata Fusion Mode: none
ℹ️  Channel Mixer Relation Mode: metadata_query_gate
ℹ️  Encoder Variant: default
ℹ️  Channel Adapter: disabled for Laya downstream (mixer)
ℹ️  Channel Relation Block: disabled
✅ ClassificationHead: [B, 128] → [B, 7]
Epoch   1/50 | Train Loss: 1.8709 Acc: 0.2125 F1: 0.1656 | Val Loss: 1.8524 Acc: 0.1923 F1: 0.1000
Validation Loss decreased (inf --> 1.852411). Saving best model...
Epoch   2/50 | Train Loss: 1.7851 Acc: 0.2708 F1: 0.2001 | Val Loss: 1.8098 Acc: 0.1923 F1: 0.1357
Validation Loss decreased (1.852411 --> 1.809753). Saving best model...
Epoch   3/50 | Train Loss: 1.7388 Acc: 0.2792 F1: 0.1970 | Val Loss: 1.7789 Acc: 0.1923 F1: 0.1494
Validation Loss decreased (1.809753 --> 1.778934). Saving best model...
Epoch   4/50 | Train Loss: 1.7061 Acc: 0.3167 F1: 0.2367 | Val Loss: 1.7348 Acc: 0.3077 F1: 0.2825
Validation Loss decreased (1.778934 --> 1.734777). Saving best model...
Epoch   5/50 | Train Loss: 1.6690 Acc: 0.3333 F1: 0.2671 | Val Loss: 1.6913 Acc: 0.2692 F1: 0.2238
Validation Loss decreased (1.734777 --> 1.691280). Saving best model...
Epoch   6/50 | Train Loss: 1.6513 Acc: 0.3208 F1: 0.2528 | Val Loss: 1.6886 Acc: 0.2308 F1: 0.1791
Validation Loss decreased (1.691280 --> 1.688644). Saving best model...
Epoch   7/50 | Train Loss: 1.6258 Acc: 0.3208 F1: 0.2548 | Val Loss: 1.6704 Acc: 0.2692 F1: 0.2337
Validation Loss decreased (1.688644 --> 1.670369). Saving best model...
Epoch   8/50 | Train Loss: 1.6047 Acc: 0.3417 F1: 0.2837 | Val Loss: 1.6654 Acc: 0.2308 F1: 0.2381
Validation Loss decreased (1.670369 --> 1.665362). Saving best model...
Epoch   9/50 | Train Loss: 1.5936 Acc: 0.3292 F1: 0.2470 | Val Loss: 1.6656 Acc: 0.1538 F1: 0.1310
Epoch  10/50 | Train Loss: 1.5742 Acc: 0.3750 F1: 0.3315 | Val Loss: 1.6323 Acc: 0.3077 F1: 0.3047
Validation Loss decreased (1.665362 --> 1.632321). Saving best model...
Epoch  11/50 | Train Loss: 1.5516 Acc: 0.3917 F1: 0.3571 | Val Loss: 1.5860 Acc: 0.3077 F1: 0.3189
Validation Loss decreased (1.632321 --> 1.585968). Saving best model...
Epoch  12/50 | Train Loss: 1.5344 Acc: 0.4000 F1: 0.3541 | Val Loss: 1.6111 Acc: 0.2692 F1: 0.2689
Epoch  13/50 | Train Loss: 1.5197 Acc: 0.3917 F1: 0.3440 | Val Loss: 1.5815 Acc: 0.3462 F1: 0.3194
Validation Loss decreased (1.585968 --> 1.581469). Saving best model...
Epoch  14/50 | Train Loss: 1.5079 Acc: 0.4250 F1: 0.4109 | Val Loss: 1.5624 Acc: 0.3462 F1: 0.3576
Validation Loss decreased (1.581469 --> 1.562414). Saving best model...
Epoch  15/50 | Train Loss: 1.4887 Acc: 0.4417 F1: 0.4305 | Val Loss: 1.5557 Acc: 0.4231 F1: 0.3989
Validation Loss decreased (1.562414 --> 1.555705). Saving best model...
Epoch  16/50 | Train Loss: 1.4733 Acc: 0.4458 F1: 0.4057 | Val Loss: 1.5778 Acc: 0.2692 F1: 0.2531
Epoch  17/50 | Train Loss: 1.4626 Acc: 0.4708 F1: 0.4519 | Val Loss: 1.5314 Acc: 0.3846 F1: 0.3802
Validation Loss decreased (1.555705 --> 1.531363). Saving best model...
Epoch  18/50 | Train Loss: 1.4488 Acc: 0.4667 F1: 0.4592 | Val Loss: 1.5320 Acc: 0.3462 F1: 0.3245
Epoch  19/50 | Train Loss: 1.4386 Acc: 0.4708 F1: 0.4621 | Val Loss: 1.5399 Acc: 0.3462 F1: 0.3447
Epoch  20/50 | Train Loss: 1.4240 Acc: 0.4875 F1: 0.4800 | Val Loss: 1.5093 Acc: 0.3846 F1: 0.3802
Validation Loss decreased (1.531363 --> 1.509317). Saving best model...
Epoch  21/50 | Train Loss: 1.4138 Acc: 0.4792 F1: 0.4660 | Val Loss: 1.5186 Acc: 0.3462 F1: 0.3296
Epoch  22/50 | Train Loss: 1.4046 Acc: 0.4958 F1: 0.4741 | Val Loss: 1.5323 Acc: 0.2692 F1: 0.2429
Epoch  23/50 | Train Loss: 1.3865 Acc: 0.4833 F1: 0.4727 | Val Loss: 1.4785 Acc: 0.3462 F1: 0.3042
Validation Loss decreased (1.509317 --> 1.478490). Saving best model...
Epoch  24/50 | Train Loss: 1.3784 Acc: 0.5083 F1: 0.5066 | Val Loss: 1.4766 Acc: 0.3846 F1: 0.3700
Validation Loss decreased (1.478490 --> 1.476604). Saving best model...
Epoch  25/50 | Train Loss: 1.3752 Acc: 0.4958 F1: 0.4856 | Val Loss: 1.5060 Acc: 0.3462 F1: 0.3296
Epoch  26/50 | Train Loss: 1.3644 Acc: 0.4958 F1: 0.4727 | Val Loss: 1.5193 Acc: 0.3462 F1: 0.3396
Epoch  27/50 | Train Loss: 1.3474 Acc: 0.5000 F1: 0.4995 | Val Loss: 1.4549 Acc: 0.3846 F1: 0.3660
Validation Loss decreased (1.476604 --> 1.454932). Saving best model...
Epoch  28/50 | Train Loss: 1.3511 Acc: 0.4875 F1: 0.4914 | Val Loss: 1.4894 Acc: 0.3462 F1: 0.3447
Epoch  29/50 | Train Loss: 1.3363 Acc: 0.5292 F1: 0.5211 | Val Loss: 1.4624 Acc: 0.3846 F1: 0.3439
Epoch  30/50 | Train Loss: 1.3223 Acc: 0.5208 F1: 0.5139 | Val Loss: 1.4499 Acc: 0.3846 F1: 0.3700
Validation Loss decreased (1.454932 --> 1.449913). Saving best model...
Epoch  31/50 | Train Loss: 1.3147 Acc: 0.5167 F1: 0.5039 | Val Loss: 1.4647 Acc: 0.3462 F1: 0.3110
Epoch  32/50 | Train Loss: 1.3089 Acc: 0.4958 F1: 0.4913 | Val Loss: 1.4633 Acc: 0.3846 F1: 0.3609
Epoch  33/50 | Train Loss: 1.2998 Acc: 0.4917 F1: 0.4910 | Val Loss: 1.4427 Acc: 0.4231 F1: 0.3983
Validation Loss decreased (1.449913 --> 1.442703). Saving best model...
Epoch  34/50 | Train Loss: 1.2925 Acc: 0.5250 F1: 0.5249 | Val Loss: 1.4525 Acc: 0.3846 F1: 0.3439
Epoch  35/50 | Train Loss: 1.2836 Acc: 0.5167 F1: 0.5070 | Val Loss: 1.4366 Acc: 0.3846 F1: 0.3609
Validation Loss decreased (1.442703 --> 1.436609). Saving best model...
Epoch  36/50 | Train Loss: 1.2774 Acc: 0.5125 F1: 0.5057 | Val Loss: 1.4032 Acc: 0.3846 F1: 0.3456
Validation Loss decreased (1.436609 --> 1.403166). Saving best model...
Epoch  37/50 | Train Loss: 1.2633 Acc: 0.5333 F1: 0.5226 | Val Loss: 1.4387 Acc: 0.3846 F1: 0.3609
Epoch  38/50 | Train Loss: 1.2659 Acc: 0.5333 F1: 0.5237 | Val Loss: 1.4233 Acc: 0.3846 F1: 0.3609
Epoch  39/50 | Train Loss: 1.2573 Acc: 0.5250 F1: 0.5258 | Val Loss: 1.4758 Acc: 0.3462 F1: 0.3356
Epoch  40/50 | Train Loss: 1.2534 Acc: 0.5292 F1: 0.5284 | Val Loss: 1.4155 Acc: 0.4231 F1: 0.3863
Epoch  41/50 | Train Loss: 1.2428 Acc: 0.5500 F1: 0.5463 | Val Loss: 1.4232 Acc: 0.4231 F1: 0.3721
Epoch  42/50 | Train Loss: 1.2359 Acc: 0.5500 F1: 0.5455 | Val Loss: 1.3970 Acc: 0.3846 F1: 0.3456
Validation Loss decreased (1.403166 --> 1.397000). Saving best model...
Epoch  43/50 | Train Loss: 1.2348 Acc: 0.5500 F1: 0.5459 | Val Loss: 1.4195 Acc: 0.4615 F1: 0.4245
Epoch  44/50 | Train Loss: 1.2319 Acc: 0.5625 F1: 0.5650 | Val Loss: 1.4252 Acc: 0.4231 F1: 0.3762
Epoch  45/50 | Train Loss: 1.2215 Acc: 0.5417 F1: 0.5425 | Val Loss: 1.3939 Acc: 0.4231 F1: 0.3853
Validation Loss decreased (1.397000 --> 1.393901). Saving best model...
Epoch  46/50 | Train Loss: 1.2113 Acc: 0.5708 F1: 0.5655 | Val Loss: 1.3817 Acc: 0.4615 F1: 0.4109
Validation Loss decreased (1.393901 --> 1.381707). Saving best model...
Epoch  47/50 | Train Loss: 1.1992 Acc: 0.5500 F1: 0.5482 | Val Loss: 1.4041 Acc: 0.4615 F1: 0.3962
Epoch  48/50 | Train Loss: 1.2042 Acc: 0.5375 F1: 0.5389 | Val Loss: 1.4225 Acc: 0.4615 F1: 0.4014
Epoch  49/50 | Train Loss: 1.1932 Acc: 0.5667 F1: 0.5700 | Val Loss: 1.4004 Acc: 0.4615 F1: 0.4014
Epoch  50/50 | Train Loss: 1.1925 Acc: 0.5625 F1: 0.5582 | Val Loss: 1.3943 Acc: 0.4615 F1: 0.4143

Classification Test Result (PEMS-SF)
Accuracy : 0.312139
F1 (macro): 0.299155
Saved attention maps for 3 sample(s) under ./runs/classification_electricity_to_PEMS-SF_laya_metadata_query_gate_text_stats_avg/attention_maps
Text metadata preview | dataset=SelfRegulationSCP1 | domain=UEA | channels=6
   - channel_1: In the UEA domain, this channel belongs to the SelfRegulationSCP1 dataset and represents the feature channel 1.
   - channel_2: In the UEA domain, this channel belongs to the SelfRegulationSCP1 dataset and represents the feature channel 2.
   - ... (4 more channel descriptions)
Stats metadata preview | dataset=SelfRegulationSCP1 | domain=UEA | channels=6
   - channel_1: Channel statistics over the training split: mean value is 26.773, standard deviation is 23.157, minimum value is -55.470, maximum value is 125.840, median value is 24.880, and mean absolute value is 28.804.
==================================================
🚀 Architecture: LAYA
📊 Target Dataset: SelfRegulationSCP1 (Channels: 6)
📊 Pretrain Info: electricity
📊 Classes: 2 | Sequence Length: 896
==================================================
✅ Loaded pretrained encoder from ./checkpoints/electricity_laya_metadata_query_gate_text_stats_avg/laya_ts_electricity_s_best.pt
   - 74/74 keys matched.
✅ Encoder is FROZEN (Linear Probing mode).
📝 metadata: mode=text_stats_avg, fusion=none, relation=metadata_query_gate
ℹ️  Metadata Fusion Mode: none
ℹ️  Channel Mixer Relation Mode: metadata_query_gate
ℹ️  Encoder Variant: default
ℹ️  Channel Adapter: disabled for Laya downstream (mixer)
ℹ️  Channel Relation Block: disabled
✅ ClassificationHead: [B, 128] → [B, 2]
Epoch   1/50 | Train Loss: 0.8160 Acc: 0.4583 F1: 0.4553 | Val Loss: 0.5938 Acc: 0.6923 F1: 0.6848
Validation Loss decreased (inf --> 0.593825). Saving best model...
Epoch   2/50 | Train Loss: 0.5817 Acc: 0.6958 F1: 0.6919 | Val Loss: 0.4247 Acc: 0.8462 F1: 0.8462
Validation Loss decreased (0.593825 --> 0.424732). Saving best model...
Epoch   3/50 | Train Loss: 0.5710 Acc: 0.7042 F1: 0.7023 | Val Loss: 0.4138 Acc: 0.8462 F1: 0.8462
Validation Loss decreased (0.424732 --> 0.413809). Saving best model...
Epoch   4/50 | Train Loss: 0.5537 Acc: 0.7167 F1: 0.7133 | Val Loss: 0.3999 Acc: 0.8462 F1: 0.8462
Validation Loss decreased (0.413809 --> 0.399929). Saving best model...
Epoch   5/50 | Train Loss: 0.5534 Acc: 0.7125 F1: 0.7070 | Val Loss: 0.4027 Acc: 0.8462 F1: 0.8462
Epoch   6/50 | Train Loss: 0.5583 Acc: 0.7042 F1: 0.7023 | Val Loss: 0.4349 Acc: 0.8462 F1: 0.8462
Epoch   7/50 | Train Loss: 0.5417 Acc: 0.7333 F1: 0.7279 | Val Loss: 0.3943 Acc: 0.8462 F1: 0.8452
Validation Loss decreased (0.399929 --> 0.394290). Saving best model...
Epoch   8/50 | Train Loss: 0.5397 Acc: 0.7208 F1: 0.7133 | Val Loss: 0.4009 Acc: 0.8462 F1: 0.8462
Epoch   9/50 | Train Loss: 0.5394 Acc: 0.7250 F1: 0.7212 | Val Loss: 0.4068 Acc: 0.8462 F1: 0.8462
Epoch  10/50 | Train Loss: 0.5481 Acc: 0.7167 F1: 0.7101 | Val Loss: 0.3933 Acc: 0.8077 F1: 0.8074
Validation Loss decreased (0.394290 --> 0.393319). Saving best model...
Epoch  11/50 | Train Loss: 0.5439 Acc: 0.7000 F1: 0.6952 | Val Loss: 0.4189 Acc: 0.8462 F1: 0.8462
Epoch  12/50 | Train Loss: 0.5401 Acc: 0.7167 F1: 0.7128 | Val Loss: 0.3892 Acc: 0.8462 F1: 0.8462
Validation Loss decreased (0.393319 --> 0.389211). Saving best model...
Epoch  13/50 | Train Loss: 0.5424 Acc: 0.7167 F1: 0.7086 | Val Loss: 0.4026 Acc: 0.8462 F1: 0.8462
Epoch  14/50 | Train Loss: 0.5398 Acc: 0.7292 F1: 0.7257 | Val Loss: 0.4014 Acc: 0.8462 F1: 0.8462
Epoch  15/50 | Train Loss: 0.5391 Acc: 0.7208 F1: 0.7140 | Val Loss: 0.3860 Acc: 0.8462 F1: 0.8462
Validation Loss decreased (0.389211 --> 0.385958). Saving best model...
Epoch  16/50 | Train Loss: 0.5372 Acc: 0.7167 F1: 0.7109 | Val Loss: 0.4059 Acc: 0.8462 F1: 0.8462
Epoch  17/50 | Train Loss: 0.5355 Acc: 0.7292 F1: 0.7252 | Val Loss: 0.3922 Acc: 0.8462 F1: 0.8462
Epoch  18/50 | Train Loss: 0.5374 Acc: 0.7125 F1: 0.7047 | Val Loss: 0.3857 Acc: 0.8462 F1: 0.8462
Validation Loss decreased (0.385958 --> 0.385697). Saving best model...
Epoch  19/50 | Train Loss: 0.5327 Acc: 0.7208 F1: 0.7161 | Val Loss: 0.4069 Acc: 0.8462 F1: 0.8462
Epoch  20/50 | Train Loss: 0.5373 Acc: 0.7250 F1: 0.7171 | Val Loss: 0.3938 Acc: 0.8462 F1: 0.8462
Epoch  21/50 | Train Loss: 0.5342 Acc: 0.7250 F1: 0.7212 | Val Loss: 0.4070 Acc: 0.8462 F1: 0.8462
Epoch  22/50 | Train Loss: 0.5299 Acc: 0.7250 F1: 0.7179 | Val Loss: 0.3811 Acc: 0.8462 F1: 0.8462
Validation Loss decreased (0.385697 --> 0.381075). Saving best model...
Epoch  23/50 | Train Loss: 0.5359 Acc: 0.7208 F1: 0.7155 | Val Loss: 0.4103 Acc: 0.8462 F1: 0.8462
Epoch  24/50 | Train Loss: 0.5315 Acc: 0.7292 F1: 0.7246 | Val Loss: 0.3975 Acc: 0.8462 F1: 0.8462
Epoch  25/50 | Train Loss: 0.5271 Acc: 0.7333 F1: 0.7272 | Val Loss: 0.3810 Acc: 0.8462 F1: 0.8462
Validation Loss decreased (0.381075 --> 0.380966). Saving best model...
Epoch  26/50 | Train Loss: 0.5266 Acc: 0.7208 F1: 0.7148 | Val Loss: 0.3934 Acc: 0.8462 F1: 0.8462
Epoch  27/50 | Train Loss: 0.5281 Acc: 0.7250 F1: 0.7194 | Val Loss: 0.3972 Acc: 0.8462 F1: 0.8462
Epoch  28/50 | Train Loss: 0.5287 Acc: 0.7250 F1: 0.7179 | Val Loss: 0.3925 Acc: 0.8462 F1: 0.8462
Epoch  29/50 | Train Loss: 0.5258 Acc: 0.7250 F1: 0.7200 | Val Loss: 0.4054 Acc: 0.8462 F1: 0.8462
Epoch  30/50 | Train Loss: 0.5275 Acc: 0.7208 F1: 0.7148 | Val Loss: 0.3864 Acc: 0.8462 F1: 0.8462
Epoch  31/50 | Train Loss: 0.5399 Acc: 0.7208 F1: 0.7133 | Val Loss: 0.3814 Acc: 0.8462 F1: 0.8462
Epoch  32/50 | Train Loss: 0.5265 Acc: 0.7375 F1: 0.7362 | Val Loss: 0.4168 Acc: 0.8462 F1: 0.8462
Epoch  33/50 | Train Loss: 0.5243 Acc: 0.7292 F1: 0.7239 | Val Loss: 0.3719 Acc: 0.8077 F1: 0.8074
Validation Loss decreased (0.380966 --> 0.371948). Saving best model...
Epoch  34/50 | Train Loss: 0.5235 Acc: 0.7167 F1: 0.7115 | Val Loss: 0.4022 Acc: 0.8462 F1: 0.8462
Epoch  35/50 | Train Loss: 0.5293 Acc: 0.7292 F1: 0.7226 | Val Loss: 0.3762 Acc: 0.8077 F1: 0.8074
Epoch  36/50 | Train Loss: 0.5126 Acc: 0.7375 F1: 0.7330 | Val Loss: 0.4019 Acc: 0.8462 F1: 0.8462
Epoch  37/50 | Train Loss: 0.5228 Acc: 0.7333 F1: 0.7272 | Val Loss: 0.3729 Acc: 0.8462 F1: 0.8462
Epoch  38/50 | Train Loss: 0.5222 Acc: 0.7208 F1: 0.7148 | Val Loss: 0.3899 Acc: 0.8462 F1: 0.8462
Epoch  39/50 | Train Loss: 0.5211 Acc: 0.7333 F1: 0.7265 | Val Loss: 0.3813 Acc: 0.8462 F1: 0.8462
Epoch  40/50 | Train Loss: 0.5241 Acc: 0.7333 F1: 0.7306 | Val Loss: 0.3894 Acc: 0.8462 F1: 0.8462
Epoch  41/50 | Train Loss: 0.5206 Acc: 0.7292 F1: 0.7226 | Val Loss: 0.3744 Acc: 0.8462 F1: 0.8462
Epoch  42/50 | Train Loss: 0.5188 Acc: 0.7333 F1: 0.7291 | Val Loss: 0.3998 Acc: 0.8462 F1: 0.8462
Epoch  43/50 | Train Loss: 0.5193 Acc: 0.7292 F1: 0.7226 | Val Loss: 0.3638 Acc: 0.8077 F1: 0.8074
Validation Loss decreased (0.371948 --> 0.363775). Saving best model...
Epoch  44/50 | Train Loss: 0.5250 Acc: 0.7292 F1: 0.7252 | Val Loss: 0.4080 Acc: 0.8462 F1: 0.8462
Epoch  45/50 | Train Loss: 0.5155 Acc: 0.7292 F1: 0.7239 | Val Loss: 0.3821 Acc: 0.8077 F1: 0.8074
Epoch  46/50 | Train Loss: 0.5165 Acc: 0.7375 F1: 0.7318 | Val Loss: 0.3945 Acc: 0.8462 F1: 0.8462
Epoch  47/50 | Train Loss: 0.5220 Acc: 0.7375 F1: 0.7304 | Val Loss: 0.3791 Acc: 0.8462 F1: 0.8462
Epoch  48/50 | Train Loss: 0.5184 Acc: 0.7292 F1: 0.7246 | Val Loss: 0.3957 Acc: 0.8462 F1: 0.8462
Epoch  49/50 | Train Loss: 0.5160 Acc: 0.7333 F1: 0.7285 | Val Loss: 0.3772 Acc: 0.8462 F1: 0.8462
Epoch  50/50 | Train Loss: 0.5215 Acc: 0.7375 F1: 0.7318 | Val Loss: 0.3609 Acc: 0.8462 F1: 0.8462
Validation Loss decreased (0.363775 --> 0.360870). Saving best model...

Classification Test Result (SelfRegulationSCP1)
Accuracy : 0.778157
F1 (macro): 0.769746
Saved attention maps for 3 sample(s) under ./runs/classification_electricity_to_SelfRegulationSCP1_laya_metadata_query_gate_text_stats_avg/attention_maps
Text metadata preview | dataset=SelfRegulationSCP2 | domain=UEA | channels=7
   - channel_1: In the UEA domain, this channel belongs to the SelfRegulationSCP2 dataset and represents the feature channel 1.
   - channel_2: In the UEA domain, this channel belongs to the SelfRegulationSCP2 dataset and represents the feature channel 2.
   - ... (5 more channel descriptions)
Stats metadata preview | dataset=SelfRegulationSCP2 | domain=UEA | channels=7
   - channel_1: Channel statistics over the training split: mean value is 16.727, standard deviation is 13.436, minimum value is -45.720, maximum value is 91.690, median value is 16.810, and mean absolute value is 18.238.
==================================================
🚀 Architecture: LAYA
📊 Target Dataset: SelfRegulationSCP2 (Channels: 7)
📊 Pretrain Info: electricity
📊 Classes: 2 | Sequence Length: 1152
==================================================
✅ Loaded pretrained encoder from ./checkpoints/electricity_laya_metadata_query_gate_text_stats_avg/laya_ts_electricity_s_best.pt
   - 74/74 keys matched.
✅ Encoder is FROZEN (Linear Probing mode).
📝 metadata: mode=text_stats_avg, fusion=none, relation=metadata_query_gate
ℹ️  Metadata Fusion Mode: none
ℹ️  Channel Mixer Relation Mode: metadata_query_gate
ℹ️  Encoder Variant: default
ℹ️  Channel Adapter: disabled for Laya downstream (mixer)
ℹ️  Channel Relation Block: disabled
✅ ClassificationHead: [B, 128] → [B, 2]
Epoch   1/50 | Train Loss: 0.8148 Acc: 0.4943 F1: 0.4939 | Val Loss: 0.6456 Acc: 0.5500 F1: 0.5200
Validation Loss decreased (inf --> 0.645613). Saving best model...
Epoch   2/50 | Train Loss: 0.7202 Acc: 0.5057 F1: 0.5055 | Val Loss: 0.7041 Acc: 0.4500 F1: 0.4373
Epoch   3/50 | Train Loss: 0.7024 Acc: 0.4375 F1: 0.4294 | Val Loss: 0.7031 Acc: 0.5500 F1: 0.5200
Epoch   4/50 | Train Loss: 0.6961 Acc: 0.4318 F1: 0.4315 | Val Loss: 0.6909 Acc: 0.6500 F1: 0.4982
Epoch   5/50 | Train Loss: 0.6892 Acc: 0.4545 F1: 0.4459 | Val Loss: 0.6923 Acc: 0.4500 F1: 0.4373
Epoch   6/50 | Train Loss: 0.6852 Acc: 0.4886 F1: 0.4886 | Val Loss: 0.6845 Acc: 0.5500 F1: 0.4357
Epoch   7/50 | Train Loss: 0.6784 Acc: 0.4886 F1: 0.4844 | Val Loss: 0.6805 Acc: 0.5500 F1: 0.4357
Epoch   8/50 | Train Loss: 0.6802 Acc: 0.5170 F1: 0.4947 | Val Loss: 0.6834 Acc: 0.6000 F1: 0.5238
Epoch   9/50 | Train Loss: 0.6747 Acc: 0.5170 F1: 0.5101 | Val Loss: 0.7001 Acc: 0.5500 F1: 0.4872
Epoch  10/50 | Train Loss: 0.6735 Acc: 0.5114 F1: 0.5073 | Val Loss: 0.6922 Acc: 0.5500 F1: 0.4357
Epoch  11/50 | Train Loss: 0.6727 Acc: 0.5284 F1: 0.5187 | Val Loss: 0.6888 Acc: 0.5500 F1: 0.4872
Epoch  12/50 | Train Loss: 0.6689 Acc: 0.5341 F1: 0.5340 | Val Loss: 0.6966 Acc: 0.6000 F1: 0.5960
Epoch  13/50 | Train Loss: 0.6690 Acc: 0.5284 F1: 0.5240 | Val Loss: 0.6974 Acc: 0.5000 F1: 0.3333
Epoch  14/50 | Train Loss: 0.6694 Acc: 0.5568 F1: 0.5273 | Val Loss: 0.7061 Acc: 0.5000 F1: 0.4505
Epoch  15/50 | Train Loss: 0.6711 Acc: 0.5739 F1: 0.5519 | Val Loss: 0.7050 Acc: 0.5000 F1: 0.5000
Epoch  16/50 | Train Loss: 0.6753 Acc: 0.5568 F1: 0.5559 | Val Loss: 0.6912 Acc: 0.5500 F1: 0.5489
Epoch  17/50 | Train Loss: 0.6678 Acc: 0.5625 F1: 0.5573 | Val Loss: 0.7030 Acc: 0.5500 F1: 0.5396
Epoch  18/50 | Train Loss: 0.6660 Acc: 0.5682 F1: 0.5654 | Val Loss: 0.7176 Acc: 0.5000 F1: 0.4949
Epoch  19/50 | Train Loss: 0.6624 Acc: 0.5739 F1: 0.5738 | Val Loss: 0.7174 Acc: 0.5000 F1: 0.4792
Epoch  20/50 | Train Loss: 0.6634 Acc: 0.5795 F1: 0.5740 | Val Loss: 0.7053 Acc: 0.5500 F1: 0.5396
Epoch  21/50 | Train Loss: 0.6633 Acc: 0.5795 F1: 0.5795 | Val Loss: 0.7052 Acc: 0.5500 F1: 0.5489
Epoch  22/50 | Train Loss: 0.6633 Acc: 0.6080 F1: 0.6078 | Val Loss: 0.7079 Acc: 0.5500 F1: 0.5396
Epoch  23/50 | Train Loss: 0.6744 Acc: 0.5625 F1: 0.5584 | Val Loss: 0.7084 Acc: 0.6000 F1: 0.5960
Epoch  24/50 | Train Loss: 0.6624 Acc: 0.6023 F1: 0.5990 | Val Loss: 0.7194 Acc: 0.4500 F1: 0.4486
Epoch  25/50 | Train Loss: 0.6673 Acc: 0.5852 F1: 0.5767 | Val Loss: 0.7287 Acc: 0.5500 F1: 0.5489
Epoch  26/50 | Train Loss: 0.6682 Acc: 0.5795 F1: 0.5590 | Val Loss: 0.7154 Acc: 0.5000 F1: 0.4949
Epoch  27/50 | Train Loss: 0.6693 Acc: 0.5682 F1: 0.5600 | Val Loss: 0.7003 Acc: 0.5500 F1: 0.5396
Epoch  28/50 | Train Loss: 0.6668 Acc: 0.5625 F1: 0.5608 | Val Loss: 0.7315 Acc: 0.5000 F1: 0.4792
Epoch  29/50 | Train Loss: 0.6669 Acc: 0.5682 F1: 0.5654 | Val Loss: 0.7148 Acc: 0.5000 F1: 0.4949
Epoch  30/50 | Train Loss: 0.6642 Acc: 0.5909 F1: 0.5901 | Val Loss: 0.7211 Acc: 0.4500 F1: 0.4486
Epoch  31/50 | Train Loss: 0.6646 Acc: 0.5795 F1: 0.5795 | Val Loss: 0.7136 Acc: 0.5000 F1: 0.4949
Epoch  32/50 | Train Loss: 0.6627 Acc: 0.5966 F1: 0.5936 | Val Loss: 0.7222 Acc: 0.5000 F1: 0.4949
Epoch  33/50 | Train Loss: 0.6615 Acc: 0.6307 F1: 0.6304 | Val Loss: 0.7246 Acc: 0.4500 F1: 0.4486
Epoch  34/50 | Train Loss: 0.6718 Acc: 0.5852 F1: 0.5813 | Val Loss: 0.7093 Acc: 0.5500 F1: 0.5396
Epoch  35/50 | Train Loss: 0.6592 Acc: 0.6136 F1: 0.6124 | Val Loss: 0.7254 Acc: 0.5000 F1: 0.5000
Epoch  36/50 | Train Loss: 0.6662 Acc: 0.5625 F1: 0.5520 | Val Loss: 0.7211 Acc: 0.5500 F1: 0.5489
Epoch  37/50 | Train Loss: 0.6580 Acc: 0.6136 F1: 0.6118 | Val Loss: 0.7160 Acc: 0.5000 F1: 0.4949
Epoch  38/50 | Train Loss: 0.6661 Acc: 0.5909 F1: 0.5904 | Val Loss: 0.7256 Acc: 0.4500 F1: 0.4486
Epoch  39/50 | Train Loss: 0.6645 Acc: 0.5852 F1: 0.5822 | Val Loss: 0.7110 Acc: 0.5500 F1: 0.5396
Epoch  40/50 | Train Loss: 0.6636 Acc: 0.6080 F1: 0.6076 | Val Loss: 0.7279 Acc: 0.4500 F1: 0.4486
Epoch  41/50 | Train Loss: 0.6596 Acc: 0.6364 F1: 0.6316 | Val Loss: 0.7193 Acc: 0.5000 F1: 0.5000
Epoch  42/50 | Train Loss: 0.6641 Acc: 0.6080 F1: 0.6058 | Val Loss: 0.7033 Acc: 0.5500 F1: 0.5396
Epoch  43/50 | Train Loss: 0.6613 Acc: 0.5625 F1: 0.5562 | Val Loss: 0.7192 Acc: 0.5000 F1: 0.4949
Epoch  44/50 | Train Loss: 0.6708 Acc: 0.5568 F1: 0.5327 | Val Loss: 0.7428 Acc: 0.5000 F1: 0.4792
Epoch  45/50 | Train Loss: 0.6681 Acc: 0.5682 F1: 0.5680 | Val Loss: 0.7235 Acc: 0.5000 F1: 0.4949
Epoch  46/50 | Train Loss: 0.6637 Acc: 0.5966 F1: 0.5944 | Val Loss: 0.7244 Acc: 0.5000 F1: 0.5000
Epoch  47/50 | Train Loss: 0.6626 Acc: 0.6080 F1: 0.6051 | Val Loss: 0.7188 Acc: 0.5000 F1: 0.5000
Epoch  48/50 | Train Loss: 0.6738 Acc: 0.5227 F1: 0.5137 | Val Loss: 0.7196 Acc: 0.5000 F1: 0.4949
Epoch  49/50 | Train Loss: 0.6619 Acc: 0.6136 F1: 0.6112 | Val Loss: 0.7395 Acc: 0.4500 F1: 0.4133
Epoch  50/50 | Train Loss: 0.6562 Acc: 0.5852 F1: 0.5660 | Val Loss: 0.7264 Acc: 0.4500 F1: 0.4486

Classification Test Result (SelfRegulationSCP2)
Accuracy : 0.488889
F1 (macro): 0.488889
Saved attention maps for 3 sample(s) under ./runs/classification_electricity_to_SelfRegulationSCP2_laya_metadata_query_gate_text_stats_avg/attention_maps
Text metadata preview | dataset=SpokenArabicDigits | domain=UEA | channels=13
   - channel_1: In the UEA domain, this channel belongs to the SpokenArabicDigits dataset and represents the feature channel 1.
   - channel_2: In the UEA domain, this channel belongs to the SpokenArabicDigits dataset and represents the feature channel 2.
   - ... (11 more channel descriptions)
Stats metadata preview | dataset=SpokenArabicDigits | domain=UEA | channels=13
   - channel_1: Channel statistics over the training split: mean value is 0.846, standard deviation is 2.054, minimum value is -10.435, maximum value is 9.060, median value is 0.000, and mean absolute value is 1.245.
==================================================
🚀 Architecture: LAYA
📊 Target Dataset: SpokenArabicDigits (Channels: 13)
📊 Pretrain Info: electricity
📊 Classes: 10 | Sequence Length: 93
==================================================
✅ Loaded pretrained encoder from ./checkpoints/electricity_laya_metadata_query_gate_text_stats_avg/laya_ts_electricity_s_best.pt
   - 74/74 keys matched.
✅ Encoder is FROZEN (Linear Probing mode).
📝 metadata: mode=text_stats_avg, fusion=none, relation=metadata_query_gate
ℹ️  Metadata Fusion Mode: none
ℹ️  Channel Mixer Relation Mode: metadata_query_gate
ℹ️  Encoder Variant: default
ℹ️  Channel Adapter: disabled for Laya downstream (mixer)
ℹ️  Channel Relation Block: disabled
✅ ClassificationHead: [B, 128] → [B, 10]
Epoch   1/50 | Train Loss: 2.0403 Acc: 0.2714 F1: 0.2627 | Val Loss: 1.9079 Acc: 0.3293 F1: 0.2976
Validation Loss decreased (inf --> 1.907922). Saving best model...
Epoch   2/50 | Train Loss: 1.8108 Acc: 0.4004 F1: 0.3875 | Val Loss: 1.7460 Acc: 0.4310 F1: 0.4238
Validation Loss decreased (1.907922 --> 1.745981). Saving best model...
Epoch   3/50 | Train Loss: 1.6874 Acc: 0.4461 F1: 0.4375 | Val Loss: 1.6583 Acc: 0.4507 F1: 0.4372
Validation Loss decreased (1.745981 --> 1.658331). Saving best model...
Epoch   4/50 | Train Loss: 1.6055 Acc: 0.4752 F1: 0.4689 | Val Loss: 1.6014 Acc: 0.4734 F1: 0.4705
Validation Loss decreased (1.658331 --> 1.601413). Saving best model...
Epoch   5/50 | Train Loss: 1.5421 Acc: 0.4917 F1: 0.4873 | Val Loss: 1.5418 Acc: 0.4871 F1: 0.4847
Validation Loss decreased (1.601413 --> 1.541818). Saving best model...
Epoch   6/50 | Train Loss: 1.4985 Acc: 0.5032 F1: 0.4994 | Val Loss: 1.5019 Acc: 0.5083 F1: 0.4997
Validation Loss decreased (1.541818 --> 1.501885). Saving best model...
Epoch   7/50 | Train Loss: 1.4634 Acc: 0.5195 F1: 0.5156 | Val Loss: 1.4578 Acc: 0.5296 F1: 0.5325
Validation Loss decreased (1.501885 --> 1.457804). Saving best model...
Epoch   8/50 | Train Loss: 1.4304 Acc: 0.5280 F1: 0.5250 | Val Loss: 1.4379 Acc: 0.5205 F1: 0.5142
Validation Loss decreased (1.457804 --> 1.437939). Saving best model...
Epoch   9/50 | Train Loss: 1.4038 Acc: 0.5411 F1: 0.5383 | Val Loss: 1.4094 Acc: 0.5372 F1: 0.5390
Validation Loss decreased (1.437939 --> 1.409386). Saving best model...
Epoch  10/50 | Train Loss: 1.3789 Acc: 0.5468 F1: 0.5449 | Val Loss: 1.3951 Acc: 0.5478 F1: 0.5458
Validation Loss decreased (1.409386 --> 1.395086). Saving best model...
Epoch  11/50 | Train Loss: 1.3574 Acc: 0.5596 F1: 0.5576 | Val Loss: 1.3806 Acc: 0.5478 F1: 0.5471
Validation Loss decreased (1.395086 --> 1.380610). Saving best model...
Epoch  12/50 | Train Loss: 1.3410 Acc: 0.5612 F1: 0.5586 | Val Loss: 1.3538 Acc: 0.5493 F1: 0.5488
Validation Loss decreased (1.380610 --> 1.353844). Saving best model...
Epoch  13/50 | Train Loss: 1.3252 Acc: 0.5682 F1: 0.5662 | Val Loss: 1.3347 Acc: 0.5781 F1: 0.5804
Validation Loss decreased (1.353844 --> 1.334682). Saving best model...
Epoch  14/50 | Train Loss: 1.3082 Acc: 0.5724 F1: 0.5707 | Val Loss: 1.3152 Acc: 0.5493 F1: 0.5450
Validation Loss decreased (1.334682 --> 1.315178). Saving best model...
Epoch  15/50 | Train Loss: 1.2934 Acc: 0.5841 F1: 0.5816 | Val Loss: 1.3132 Acc: 0.5584 F1: 0.5599
Validation Loss decreased (1.315178 --> 1.313246). Saving best model...
Epoch  16/50 | Train Loss: 1.2836 Acc: 0.5832 F1: 0.5821 | Val Loss: 1.2959 Acc: 0.5751 F1: 0.5734
Validation Loss decreased (1.313246 --> 1.295899). Saving best model...
Epoch  17/50 | Train Loss: 1.2708 Acc: 0.5866 F1: 0.5852 | Val Loss: 1.3132 Acc: 0.5842 F1: 0.5851
Epoch  18/50 | Train Loss: 1.2582 Acc: 0.5943 F1: 0.5930 | Val Loss: 1.2800 Acc: 0.5781 F1: 0.5769
Validation Loss decreased (1.295899 --> 1.279979). Saving best model...
Epoch  19/50 | Train Loss: 1.2528 Acc: 0.5921 F1: 0.5908 | Val Loss: 1.2587 Acc: 0.5888 F1: 0.5890
Validation Loss decreased (1.279979 --> 1.258729). Saving best model...
Epoch  20/50 | Train Loss: 1.2423 Acc: 0.6006 F1: 0.5995 | Val Loss: 1.2599 Acc: 0.5842 F1: 0.5870
Epoch  21/50 | Train Loss: 1.2331 Acc: 0.6026 F1: 0.6013 | Val Loss: 1.2429 Acc: 0.5842 F1: 0.5856
Validation Loss decreased (1.258729 --> 1.242886). Saving best model...
Epoch  22/50 | Train Loss: 1.2212 Acc: 0.6095 F1: 0.6086 | Val Loss: 1.2309 Acc: 0.5888 F1: 0.5895
Validation Loss decreased (1.242886 --> 1.230864). Saving best model...
Epoch  23/50 | Train Loss: 1.2157 Acc: 0.6082 F1: 0.6071 | Val Loss: 1.2249 Acc: 0.6024 F1: 0.6036
Validation Loss decreased (1.230864 --> 1.224896). Saving best model...
Epoch  24/50 | Train Loss: 1.2077 Acc: 0.6117 F1: 0.6105 | Val Loss: 1.2251 Acc: 0.5888 F1: 0.5871
Epoch  25/50 | Train Loss: 1.2024 Acc: 0.6112 F1: 0.6100 | Val Loss: 1.2129 Acc: 0.6115 F1: 0.6100
Validation Loss decreased (1.224896 --> 1.212935). Saving best model...
Epoch  26/50 | Train Loss: 1.1960 Acc: 0.6161 F1: 0.6150 | Val Loss: 1.2124 Acc: 0.6070 F1: 0.6095
Validation Loss decreased (1.212935 --> 1.212438). Saving best model...
Epoch  27/50 | Train Loss: 1.1885 Acc: 0.6159 F1: 0.6148 | Val Loss: 1.2174 Acc: 0.6009 F1: 0.5997
Epoch  28/50 | Train Loss: 1.1826 Acc: 0.6216 F1: 0.6209 | Val Loss: 1.1915 Acc: 0.6100 F1: 0.6090
Validation Loss decreased (1.212438 --> 1.191493). Saving best model...
Epoch  29/50 | Train Loss: 1.1750 Acc: 0.6228 F1: 0.6219 | Val Loss: 1.1819 Acc: 0.6191 F1: 0.6188
Validation Loss decreased (1.191493 --> 1.181916). Saving best model...
Epoch  30/50 | Train Loss: 1.1688 Acc: 0.6205 F1: 0.6195 | Val Loss: 1.1844 Acc: 0.6115 F1: 0.6119
Epoch  31/50 | Train Loss: 1.1611 Acc: 0.6299 F1: 0.6289 | Val Loss: 1.1790 Acc: 0.6176 F1: 0.6181
Validation Loss decreased (1.181916 --> 1.178983). Saving best model...
Epoch  32/50 | Train Loss: 1.1590 Acc: 0.6321 F1: 0.6311 | Val Loss: 1.1920 Acc: 0.6009 F1: 0.5963
Epoch  33/50 | Train Loss: 1.1559 Acc: 0.6257 F1: 0.6249 | Val Loss: 1.1722 Acc: 0.6222 F1: 0.6226
Validation Loss decreased (1.178983 --> 1.172174). Saving best model...
Epoch  34/50 | Train Loss: 1.1509 Acc: 0.6346 F1: 0.6335 | Val Loss: 1.1716 Acc: 0.6176 F1: 0.6181
Validation Loss decreased (1.172174 --> 1.171606). Saving best model...
Epoch  35/50 | Train Loss: 1.1459 Acc: 0.6386 F1: 0.6377 | Val Loss: 1.1631 Acc: 0.6343 F1: 0.6360
Validation Loss decreased (1.171606 --> 1.163068). Saving best model...
Epoch  36/50 | Train Loss: 1.1413 Acc: 0.6334 F1: 0.6324 | Val Loss: 1.1581 Acc: 0.6222 F1: 0.6227
Validation Loss decreased (1.163068 --> 1.158090). Saving best model...
Epoch  37/50 | Train Loss: 1.1401 Acc: 0.6349 F1: 0.6341 | Val Loss: 1.1458 Acc: 0.6176 F1: 0.6197
Validation Loss decreased (1.158090 --> 1.145818). Saving best model...
Epoch  38/50 | Train Loss: 1.1343 Acc: 0.6388 F1: 0.6379 | Val Loss: 1.1552 Acc: 0.6206 F1: 0.6237
Epoch  39/50 | Train Loss: 1.1301 Acc: 0.6375 F1: 0.6367 | Val Loss: 1.1470 Acc: 0.6131 F1: 0.6119
Epoch  40/50 | Train Loss: 1.1269 Acc: 0.6402 F1: 0.6393 | Val Loss: 1.1520 Acc: 0.6176 F1: 0.6167
Epoch  41/50 | Train Loss: 1.1205 Acc: 0.6417 F1: 0.6408 | Val Loss: 1.1266 Acc: 0.6267 F1: 0.6283
Validation Loss decreased (1.145818 --> 1.126625). Saving best model...
Epoch  42/50 | Train Loss: 1.1179 Acc: 0.6398 F1: 0.6389 | Val Loss: 1.1231 Acc: 0.6267 F1: 0.6289
Validation Loss decreased (1.126625 --> 1.123128). Saving best model...
Epoch  43/50 | Train Loss: 1.1138 Acc: 0.6464 F1: 0.6456 | Val Loss: 1.1386 Acc: 0.6343 F1: 0.6344
Epoch  44/50 | Train Loss: 1.1092 Acc: 0.6444 F1: 0.6437 | Val Loss: 1.1419 Acc: 0.6252 F1: 0.6245
Epoch  45/50 | Train Loss: 1.1081 Acc: 0.6454 F1: 0.6446 | Val Loss: 1.1319 Acc: 0.6343 F1: 0.6349
Epoch  46/50 | Train Loss: 1.1036 Acc: 0.6388 F1: 0.6377 | Val Loss: 1.1111 Acc: 0.6297 F1: 0.6303
Validation Loss decreased (1.123128 --> 1.111112). Saving best model...
Epoch  47/50 | Train Loss: 1.1015 Acc: 0.6469 F1: 0.6459 | Val Loss: 1.1248 Acc: 0.6282 F1: 0.6267
Epoch  48/50 | Train Loss: 1.0981 Acc: 0.6437 F1: 0.6424 | Val Loss: 1.1173 Acc: 0.6282 F1: 0.6279
Epoch  49/50 | Train Loss: 1.0941 Acc: 0.6491 F1: 0.6481 | Val Loss: 1.1161 Acc: 0.6373 F1: 0.6355
Epoch  50/50 | Train Loss: 1.0924 Acc: 0.6525 F1: 0.6516 | Val Loss: 1.1295 Acc: 0.6267 F1: 0.6238

Classification Test Result (SpokenArabicDigits)
Accuracy : 0.296498
F1 (macro): 0.241241
Saved attention maps for 3 sample(s) under ./runs/classification_electricity_to_SpokenArabicDigits_laya_metadata_query_gate_text_stats_avg/attention_maps
Text metadata preview | dataset=UWaveGestureLibrary | domain=UEA | channels=3
   - channel_1: In the UEA domain, this channel belongs to the UWaveGestureLibrary dataset and represents the feature channel 1.
   - channel_2: In the UEA domain, this channel belongs to the UWaveGestureLibrary dataset and represents the feature channel 2.
   - ... (1 more channel descriptions)
Stats metadata preview | dataset=UWaveGestureLibrary | domain=UEA | channels=3
   - channel_1: Channel statistics over the training split: mean value is -0.000, standard deviation is 0.998, minimum value is -3.287, maximum value is 3.153, median value is 0.006, and mean absolute value is 0.833.
==================================================
🚀 Architecture: LAYA
📊 Target Dataset: UWaveGestureLibrary (Channels: 3)
📊 Pretrain Info: electricity
📊 Classes: 8 | Sequence Length: 315
==================================================
✅ Loaded pretrained encoder from ./checkpoints/electricity_laya_metadata_query_gate_text_stats_avg/laya_ts_electricity_s_best.pt
   - 74/74 keys matched.
✅ Encoder is FROZEN (Linear Probing mode).
📝 metadata: mode=text_stats_avg, fusion=none, relation=metadata_query_gate
ℹ️  Metadata Fusion Mode: none
ℹ️  Channel Mixer Relation Mode: metadata_query_gate
ℹ️  Encoder Variant: default
ℹ️  Channel Adapter: disabled for Laya downstream (mixer)
ℹ️  Channel Relation Block: disabled
✅ ClassificationHead: [B, 128] → [B, 8]
Epoch   1/50 | Train Loss: 1.9649 Acc: 0.0417 F1: 0.0189 | Val Loss: 2.1825 Acc: 0.0833 F1: 0.0625
Validation Loss decreased (inf --> 2.182455). Saving best model...
Epoch   2/50 | Train Loss: 1.8417 Acc: 0.1458 F1: 0.0903 | Val Loss: 2.1653 Acc: 0.0000 F1: 0.0000
Validation Loss decreased (2.182455 --> 2.165290). Saving best model...
Epoch   3/50 | Train Loss: 1.8260 Acc: 0.1562 F1: 0.0841 | Val Loss: 2.1516 Acc: 0.0000 F1: 0.0000
Validation Loss decreased (2.165290 --> 2.151621). Saving best model...
Epoch   4/50 | Train Loss: 1.7973 Acc: 0.1979 F1: 0.0933 | Val Loss: 2.1435 Acc: 0.0000 F1: 0.0000
Validation Loss decreased (2.151621 --> 2.143536). Saving best model...
Epoch   5/50 | Train Loss: 1.7820 Acc: 0.1562 F1: 0.0898 | Val Loss: 2.1419 Acc: 0.0833 F1: 0.0278
Validation Loss decreased (2.143536 --> 2.141861). Saving best model...
Epoch   6/50 | Train Loss: 1.7705 Acc: 0.2292 F1: 0.1615 | Val Loss: 2.1499 Acc: 0.0833 F1: 0.0312
Epoch   7/50 | Train Loss: 1.7442 Acc: 0.2500 F1: 0.1981 | Val Loss: 2.1293 Acc: 0.0000 F1: 0.0000
Validation Loss decreased (2.141861 --> 2.129280). Saving best model...
Epoch   8/50 | Train Loss: 1.7372 Acc: 0.2917 F1: 0.2181 | Val Loss: 2.1125 Acc: 0.0833 F1: 0.0500
Validation Loss decreased (2.129280 --> 2.112467). Saving best model...
Epoch   9/50 | Train Loss: 1.7204 Acc: 0.3021 F1: 0.2154 | Val Loss: 2.0615 Acc: 0.1667 F1: 0.1042
Validation Loss decreased (2.112467 --> 2.061522). Saving best model...
Epoch  10/50 | Train Loss: 1.6964 Acc: 0.3021 F1: 0.2022 | Val Loss: 2.0463 Acc: 0.1667 F1: 0.0714
Validation Loss decreased (2.061522 --> 2.046288). Saving best model...
Epoch  11/50 | Train Loss: 1.6687 Acc: 0.3646 F1: 0.2864 | Val Loss: 2.0372 Acc: 0.1667 F1: 0.0714
Validation Loss decreased (2.046288 --> 2.037153). Saving best model...
Epoch  12/50 | Train Loss: 1.6821 Acc: 0.3438 F1: 0.2496 | Val Loss: 2.0388 Acc: 0.1667 F1: 0.0714
Epoch  13/50 | Train Loss: 1.6614 Acc: 0.3333 F1: 0.2531 | Val Loss: 2.0200 Acc: 0.0833 F1: 0.0417
Validation Loss decreased (2.037153 --> 2.019964). Saving best model...
Epoch  14/50 | Train Loss: 1.6543 Acc: 0.3333 F1: 0.2761 | Val Loss: 2.0036 Acc: 0.1667 F1: 0.0714
Validation Loss decreased (2.019964 --> 2.003558). Saving best model...
Epoch  15/50 | Train Loss: 1.6391 Acc: 0.3646 F1: 0.3021 | Val Loss: 2.0060 Acc: 0.1667 F1: 0.0714
Epoch  16/50 | Train Loss: 1.6410 Acc: 0.4062 F1: 0.3575 | Val Loss: 1.9810 Acc: 0.1667 F1: 0.0714
Validation Loss decreased (2.003558 --> 1.980957). Saving best model...
Epoch  17/50 | Train Loss: 1.6145 Acc: 0.4167 F1: 0.3485 | Val Loss: 1.9762 Acc: 0.1667 F1: 0.0714
Validation Loss decreased (1.980957 --> 1.976247). Saving best model...
Epoch  18/50 | Train Loss: 1.6140 Acc: 0.4375 F1: 0.3803 | Val Loss: 1.9789 Acc: 0.1667 F1: 0.0714
Epoch  19/50 | Train Loss: 1.5957 Acc: 0.4792 F1: 0.4457 | Val Loss: 1.9860 Acc: 0.1667 F1: 0.0714
Epoch  20/50 | Train Loss: 1.5818 Acc: 0.4792 F1: 0.4048 | Val Loss: 1.9850 Acc: 0.1667 F1: 0.0714
Epoch  21/50 | Train Loss: 1.5944 Acc: 0.4062 F1: 0.3405 | Val Loss: 1.9751 Acc: 0.1667 F1: 0.0714
Validation Loss decreased (1.976247 --> 1.975086). Saving best model...
Epoch  22/50 | Train Loss: 1.5756 Acc: 0.4167 F1: 0.3660 | Val Loss: 1.9487 Acc: 0.1667 F1: 0.0714
Validation Loss decreased (1.975086 --> 1.948737). Saving best model...
Epoch  23/50 | Train Loss: 1.5483 Acc: 0.4792 F1: 0.4372 | Val Loss: 1.9406 Acc: 0.1667 F1: 0.0714
Validation Loss decreased (1.948737 --> 1.940567). Saving best model...
Epoch  24/50 | Train Loss: 1.5578 Acc: 0.4375 F1: 0.4049 | Val Loss: 1.9419 Acc: 0.1667 F1: 0.0714
Epoch  25/50 | Train Loss: 1.5404 Acc: 0.4167 F1: 0.3742 | Val Loss: 1.9521 Acc: 0.1667 F1: 0.0714
Epoch  26/50 | Train Loss: 1.5386 Acc: 0.3958 F1: 0.3276 | Val Loss: 1.9782 Acc: 0.1667 F1: 0.0714
Epoch  27/50 | Train Loss: 1.5301 Acc: 0.4375 F1: 0.3634 | Val Loss: 1.9431 Acc: 0.1667 F1: 0.0714
Epoch  28/50 | Train Loss: 1.5147 Acc: 0.4375 F1: 0.3667 | Val Loss: 1.9353 Acc: 0.1667 F1: 0.0714
Validation Loss decreased (1.940567 --> 1.935259). Saving best model...
Epoch  29/50 | Train Loss: 1.5332 Acc: 0.4271 F1: 0.3396 | Val Loss: 1.9243 Acc: 0.2500 F1: 0.1214
Validation Loss decreased (1.935259 --> 1.924294). Saving best model...
Epoch  30/50 | Train Loss: 1.5318 Acc: 0.4271 F1: 0.3592 | Val Loss: 1.9104 Acc: 0.2500 F1: 0.1214
Validation Loss decreased (1.924294 --> 1.910362). Saving best model...
Epoch  31/50 | Train Loss: 1.5075 Acc: 0.4688 F1: 0.4250 | Val Loss: 1.9081 Acc: 0.3333 F1: 0.2048
Validation Loss decreased (1.910362 --> 1.908085). Saving best model...
Epoch  32/50 | Train Loss: 1.4994 Acc: 0.4271 F1: 0.4131 | Val Loss: 1.9150 Acc: 0.2500 F1: 0.1548
Epoch  33/50 | Train Loss: 1.4921 Acc: 0.4896 F1: 0.4711 | Val Loss: 1.9013 Acc: 0.2500 F1: 0.1548
Validation Loss decreased (1.908085 --> 1.901295). Saving best model...
Epoch  34/50 | Train Loss: 1.4691 Acc: 0.4896 F1: 0.4681 | Val Loss: 1.9249 Acc: 0.1667 F1: 0.0714
Epoch  35/50 | Train Loss: 1.4732 Acc: 0.4271 F1: 0.3329 | Val Loss: 1.9341 Acc: 0.2500 F1: 0.1214
Epoch  36/50 | Train Loss: 1.4640 Acc: 0.4375 F1: 0.3533 | Val Loss: 1.9081 Acc: 0.3333 F1: 0.2048
Epoch  37/50 | Train Loss: 1.4775 Acc: 0.4479 F1: 0.4040 | Val Loss: 1.8804 Acc: 0.3333 F1: 0.2048
Validation Loss decreased (1.901295 --> 1.880391). Saving best model...
Epoch  38/50 | Train Loss: 1.4488 Acc: 0.5521 F1: 0.5372 | Val Loss: 1.8638 Acc: 0.3333 F1: 0.2048
Validation Loss decreased (1.880391 --> 1.863802). Saving best model...
Epoch  39/50 | Train Loss: 1.4614 Acc: 0.5104 F1: 0.5015 | Val Loss: 1.8672 Acc: 0.3333 F1: 0.2048
Epoch  40/50 | Train Loss: 1.4529 Acc: 0.5521 F1: 0.5378 | Val Loss: 1.8553 Acc: 0.3333 F1: 0.2048
Validation Loss decreased (1.863802 --> 1.855277). Saving best model...
Epoch  41/50 | Train Loss: 1.4507 Acc: 0.5208 F1: 0.4928 | Val Loss: 1.8457 Acc: 0.3333 F1: 0.2048
Validation Loss decreased (1.855277 --> 1.845671). Saving best model...
Epoch  42/50 | Train Loss: 1.4472 Acc: 0.5521 F1: 0.5331 | Val Loss: 1.8439 Acc: 0.3333 F1: 0.2048
Validation Loss decreased (1.845671 --> 1.843897). Saving best model...
Epoch  43/50 | Train Loss: 1.4262 Acc: 0.5729 F1: 0.5485 | Val Loss: 1.8583 Acc: 0.3333 F1: 0.2048
Epoch  44/50 | Train Loss: 1.4100 Acc: 0.5104 F1: 0.4800 | Val Loss: 1.8645 Acc: 0.3333 F1: 0.2048
Epoch  45/50 | Train Loss: 1.4083 Acc: 0.5521 F1: 0.5233 | Val Loss: 1.8696 Acc: 0.3333 F1: 0.2048
Epoch  46/50 | Train Loss: 1.3983 Acc: 0.5625 F1: 0.5382 | Val Loss: 1.8874 Acc: 0.3333 F1: 0.2048
Epoch  47/50 | Train Loss: 1.3891 Acc: 0.5521 F1: 0.5246 | Val Loss: 1.8722 Acc: 0.3333 F1: 0.2048
Epoch  48/50 | Train Loss: 1.4063 Acc: 0.5000 F1: 0.4532 | Val Loss: 1.8372 Acc: 0.3333 F1: 0.2048
Validation Loss decreased (1.843897 --> 1.837223). Saving best model...
Epoch  49/50 | Train Loss: 1.4097 Acc: 0.5104 F1: 0.4924 | Val Loss: 1.8065 Acc: 0.3333 F1: 0.2048
Validation Loss decreased (1.837223 --> 1.806550). Saving best model...
Epoch  50/50 | Train Loss: 1.4198 Acc: 0.5521 F1: 0.5337 | Val Loss: 1.8043 Acc: 0.3333 F1: 0.2048
Validation Loss decreased (1.806550 --> 1.804309). Saving best model...

Classification Test Result (UWaveGestureLibrary)
Accuracy : 0.396875
F1 (macro): 0.396157
Saved attention maps for 3 sample(s) under ./runs/classification_electricity_to_UWaveGestureLibrary_laya_metadata_query_gate_text_stats_avg/attention_maps
Text metadata preview | dataset=ECG200 | domain=UCR | channels=1
   - channel_1: In the UCR domain, this channel belongs to the ECG200 dataset and represents the feature channel 1.
Stats metadata preview | dataset=ECG200 | domain=UCR | channels=1
   - channel_1: Channel statistics over the training split: mean value is 0.000, standard deviation is 0.995, minimum value is -2.617, maximum value is 4.199, median value is 0.225, and mean absolute value is 0.781.
==================================================
🚀 Architecture: LAYA
📊 Target Dataset: ECG200 (Channels: 1)
📊 Pretrain Info: electricity
📊 Classes: 2 | Sequence Length: 96
==================================================
✅ Loaded pretrained encoder from ./checkpoints/electricity_laya_metadata_query_gate_text_stats_avg/laya_ts_electricity_s_best.pt
   - 74/74 keys matched.
✅ Encoder is FROZEN (Linear Probing mode).
📝 metadata: mode=text_stats_avg, fusion=none, relation=metadata_query_gate
ℹ️  Metadata Fusion Mode: none
ℹ️  Channel Mixer Relation Mode: metadata_query_gate
ℹ️  Encoder Variant: default
ℹ️  Channel Adapter: disabled for Laya downstream (mixer)
ℹ️  Channel Relation Block: disabled
✅ ClassificationHead: [B, 128] → [B, 2]
Epoch   1/50 | Train Loss: 0.5339 Acc: 0.7000 F1: 0.4118 | Val Loss: 0.6755 Acc: 0.6000 F1: 0.3750
Validation Loss decreased (inf --> 0.675546). Saving best model...
Epoch   2/50 | Train Loss: 0.5336 Acc: 0.6750 F1: 0.4030 | Val Loss: 0.6703 Acc: 0.6000 F1: 0.3750
Validation Loss decreased (0.675546 --> 0.670284). Saving best model...
Epoch   3/50 | Train Loss: 0.4941 Acc: 0.7250 F1: 0.4203 | Val Loss: 0.6724 Acc: 0.6000 F1: 0.3750
Epoch   4/50 | Train Loss: 0.4994 Acc: 0.7000 F1: 0.4118 | Val Loss: 0.6671 Acc: 0.6000 F1: 0.3750
Validation Loss decreased (0.670284 --> 0.667101). Saving best model...
Epoch   5/50 | Train Loss: 0.5108 Acc: 0.6750 F1: 0.4030 | Val Loss: 0.6478 Acc: 0.6000 F1: 0.3750
Validation Loss decreased (0.667101 --> 0.647755). Saving best model...
Epoch   6/50 | Train Loss: 0.4819 Acc: 0.6875 F1: 0.4074 | Val Loss: 0.6402 Acc: 0.6000 F1: 0.3750
Validation Loss decreased (0.647755 --> 0.640192). Saving best model...
Epoch   7/50 | Train Loss: 0.4666 Acc: 0.7125 F1: 0.4161 | Val Loss: 0.6365 Acc: 0.6000 F1: 0.3750
Validation Loss decreased (0.640192 --> 0.636462). Saving best model...
Epoch   8/50 | Train Loss: 0.4751 Acc: 0.7000 F1: 0.4489 | Val Loss: 0.6428 Acc: 0.6000 F1: 0.3750
Epoch   9/50 | Train Loss: 0.4603 Acc: 0.7125 F1: 0.4548 | Val Loss: 0.6408 Acc: 0.6000 F1: 0.3750
Epoch  10/50 | Train Loss: 0.4397 Acc: 0.7375 F1: 0.4668 | Val Loss: 0.6388 Acc: 0.6000 F1: 0.3750
Epoch  11/50 | Train Loss: 0.4286 Acc: 0.7375 F1: 0.4668 | Val Loss: 0.6459 Acc: 0.6000 F1: 0.3750
Epoch  12/50 | Train Loss: 0.4621 Acc: 0.6875 F1: 0.4431 | Val Loss: 0.6481 Acc: 0.6000 F1: 0.3750
Epoch  13/50 | Train Loss: 0.4414 Acc: 0.7125 F1: 0.4548 | Val Loss: 0.6017 Acc: 0.6000 F1: 0.3750
Validation Loss decreased (0.636462 --> 0.601703). Saving best model...
Epoch  14/50 | Train Loss: 0.4422 Acc: 0.7250 F1: 0.5703 | Val Loss: 0.5861 Acc: 0.6000 F1: 0.3750
Validation Loss decreased (0.601703 --> 0.586085). Saving best model...
Epoch  15/50 | Train Loss: 0.4248 Acc: 0.7875 F1: 0.6891 | Val Loss: 0.5932 Acc: 0.6000 F1: 0.3750
Epoch  16/50 | Train Loss: 0.4063 Acc: 0.7375 F1: 0.5322 | Val Loss: 0.6097 Acc: 0.6000 F1: 0.3750
Epoch  17/50 | Train Loss: 0.4003 Acc: 0.7500 F1: 0.5408 | Val Loss: 0.6206 Acc: 0.6000 F1: 0.3750
Epoch  18/50 | Train Loss: 0.4119 Acc: 0.7125 F1: 0.4876 | Val Loss: 0.6157 Acc: 0.6000 F1: 0.3750
Epoch  19/50 | Train Loss: 0.4014 Acc: 0.7375 F1: 0.5578 | Val Loss: 0.5991 Acc: 0.6000 F1: 0.3750
Epoch  20/50 | Train Loss: 0.3860 Acc: 0.7750 F1: 0.6484 | Val Loss: 0.5934 Acc: 0.6000 F1: 0.3750
Epoch  21/50 | Train Loss: 0.3816 Acc: 0.7875 F1: 0.6420 | Val Loss: 0.6141 Acc: 0.6000 F1: 0.3750
Epoch  22/50 | Train Loss: 0.4016 Acc: 0.7750 F1: 0.6774 | Val Loss: 0.6019 Acc: 0.6000 F1: 0.3750
Epoch  23/50 | Train Loss: 0.3865 Acc: 0.8125 F1: 0.7363 | Val Loss: 0.5958 Acc: 0.6000 F1: 0.3750
Epoch  24/50 | Train Loss: 0.3704 Acc: 0.8125 F1: 0.7363 | Val Loss: 0.5907 Acc: 0.6000 F1: 0.3750
Epoch  25/50 | Train Loss: 0.3665 Acc: 0.8250 F1: 0.7386 | Val Loss: 0.5956 Acc: 0.6000 F1: 0.3750
Epoch  26/50 | Train Loss: 0.3593 Acc: 0.8375 F1: 0.7715 | Val Loss: 0.5891 Acc: 0.7000 F1: 0.6000
Epoch  27/50 | Train Loss: 0.3469 Acc: 0.8750 F1: 0.8208 | Val Loss: 0.5992 Acc: 0.6000 F1: 0.3750
Epoch  28/50 | Train Loss: 0.3707 Acc: 0.8125 F1: 0.7540 | Val Loss: 0.6076 Acc: 0.6000 F1: 0.3750
Epoch  29/50 | Train Loss: 0.3571 Acc: 0.8375 F1: 0.7796 | Val Loss: 0.6037 Acc: 0.7000 F1: 0.6000
Epoch  30/50 | Train Loss: 0.3722 Acc: 0.8125 F1: 0.7615 | Val Loss: 0.5692 Acc: 0.7000 F1: 0.6000
Validation Loss decreased (0.586085 --> 0.569248). Saving best model...
Epoch  31/50 | Train Loss: 0.3502 Acc: 0.8750 F1: 0.8474 | Val Loss: 0.5774 Acc: 0.7000 F1: 0.6000
Epoch  32/50 | Train Loss: 0.3468 Acc: 0.8625 F1: 0.8196 | Val Loss: 0.5963 Acc: 0.7000 F1: 0.6000
Epoch  33/50 | Train Loss: 0.3523 Acc: 0.8375 F1: 0.7623 | Val Loss: 0.6153 Acc: 0.7000 F1: 0.6000
Epoch  34/50 | Train Loss: 0.3374 Acc: 0.8500 F1: 0.7929 | Val Loss: 0.5845 Acc: 0.7000 F1: 0.6000
Epoch  35/50 | Train Loss: 0.3420 Acc: 0.8750 F1: 0.8512 | Val Loss: 0.5584 Acc: 0.7000 F1: 0.6000
Validation Loss decreased (0.569248 --> 0.558420). Saving best model...
Epoch  36/50 | Train Loss: 0.3529 Acc: 0.8125 F1: 0.7794 | Val Loss: 0.5575 Acc: 0.7000 F1: 0.6000
Validation Loss decreased (0.558420 --> 0.557549). Saving best model...
Epoch  37/50 | Train Loss: 0.3506 Acc: 0.8375 F1: 0.7868 | Val Loss: 0.6147 Acc: 0.7000 F1: 0.6000
Epoch  38/50 | Train Loss: 0.3268 Acc: 0.8375 F1: 0.7796 | Val Loss: 0.6207 Acc: 0.7000 F1: 0.6000
Epoch  39/50 | Train Loss: 0.3463 Acc: 0.8250 F1: 0.7584 | Val Loss: 0.5970 Acc: 0.7000 F1: 0.6000
Epoch  40/50 | Train Loss: 0.3247 Acc: 0.8750 F1: 0.8433 | Val Loss: 0.5832 Acc: 0.7000 F1: 0.6000
Epoch  41/50 | Train Loss: 0.3144 Acc: 0.8875 F1: 0.8644 | Val Loss: 0.6081 Acc: 0.7000 F1: 0.6000
Epoch  42/50 | Train Loss: 0.3152 Acc: 0.8375 F1: 0.7868 | Val Loss: 0.5952 Acc: 0.7000 F1: 0.6000
Epoch  43/50 | Train Loss: 0.3175 Acc: 0.8750 F1: 0.8433 | Val Loss: 0.6003 Acc: 0.7000 F1: 0.6000
Epoch  44/50 | Train Loss: 0.3166 Acc: 0.8750 F1: 0.8433 | Val Loss: 0.6078 Acc: 0.7000 F1: 0.6000
Epoch  45/50 | Train Loss: 0.3315 Acc: 0.8500 F1: 0.8214 | Val Loss: 0.5867 Acc: 0.7000 F1: 0.6000
Epoch  46/50 | Train Loss: 0.3167 Acc: 0.8500 F1: 0.8255 | Val Loss: 0.5885 Acc: 0.7000 F1: 0.6000
Epoch  47/50 | Train Loss: 0.3086 Acc: 0.8625 F1: 0.8343 | Val Loss: 0.5864 Acc: 0.7000 F1: 0.6000
Epoch  48/50 | Train Loss: 0.3267 Acc: 0.8500 F1: 0.8214 | Val Loss: 0.5841 Acc: 0.7000 F1: 0.6000
Epoch  49/50 | Train Loss: 0.3257 Acc: 0.8375 F1: 0.8129 | Val Loss: 0.5747 Acc: 0.7000 F1: 0.6000
Epoch  50/50 | Train Loss: 0.3060 Acc: 0.8500 F1: 0.8169 | Val Loss: 0.6048 Acc: 0.7000 F1: 0.6000

Classification Test Result (ECG200)
Accuracy : 0.800000
F1 (macro): 0.766246
Saved attention maps for 3 sample(s) under ./runs/classification_electricity_to_ECG200_laya_metadata_query_gate_text_stats_avg/attention_maps
Text metadata preview | dataset=ECG5000 | domain=UCR | channels=1
   - channel_1: In the UCR domain, this channel belongs to the ECG5000 dataset and represents the feature channel 1.
Stats metadata preview | dataset=ECG5000 | domain=UCR | channels=1
   - channel_1: Channel statistics over the training split: mean value is -0.000, standard deviation is 0.996, minimum value is -5.798, maximum value is 4.058, median value is 0.186, and mean absolute value is 0.666.
==================================================
🚀 Architecture: LAYA
📊 Target Dataset: ECG5000 (Channels: 1)
📊 Pretrain Info: electricity
📊 Classes: 5 | Sequence Length: 140
==================================================
✅ Loaded pretrained encoder from ./checkpoints/electricity_laya_metadata_query_gate_text_stats_avg/laya_ts_electricity_s_best.pt
   - 74/74 keys matched.
✅ Encoder is FROZEN (Linear Probing mode).
📝 metadata: mode=text_stats_avg, fusion=none, relation=metadata_query_gate
ℹ️  Metadata Fusion Mode: none
ℹ️  Channel Mixer Relation Mode: metadata_query_gate
ℹ️  Encoder Variant: default
ℹ️  Channel Adapter: disabled for Laya downstream (mixer)
ℹ️  Channel Relation Block: disabled
✅ ClassificationHead: [B, 128] → [B, 5]
Epoch   1/50 | Train Loss: 1.0582 Acc: 0.5424 F1: 0.2312 | Val Loss: 0.6793 Acc: 0.6600 F1: 0.3037
Validation Loss decreased (inf --> 0.679328). Saving best model...
Epoch   2/50 | Train Loss: 0.7551 Acc: 0.8080 F1: 0.3254 | Val Loss: 0.6080 Acc: 0.8400 F1: 0.5474
Validation Loss decreased (0.679328 --> 0.607970). Saving best model...
Epoch   3/50 | Train Loss: 0.6807 Acc: 0.8594 F1: 0.3517 | Val Loss: 0.5519 Acc: 0.8800 F1: 0.5850
Validation Loss decreased (0.607970 --> 0.551902). Saving best model...
Epoch   4/50 | Train Loss: 0.6224 Acc: 0.8594 F1: 0.3516 | Val Loss: 0.5200 Acc: 0.9000 F1: 0.6048
Validation Loss decreased (0.551902 --> 0.520015). Saving best model...
Epoch   5/50 | Train Loss: 0.5964 Acc: 0.8728 F1: 0.3580 | Val Loss: 0.4845 Acc: 0.9000 F1: 0.6048
Validation Loss decreased (0.520015 --> 0.484504). Saving best model...
Epoch   6/50 | Train Loss: 0.5672 Acc: 0.8750 F1: 0.3587 | Val Loss: 0.4688 Acc: 0.9200 F1: 0.6210
Validation Loss decreased (0.484504 --> 0.468808). Saving best model...
Epoch   7/50 | Train Loss: 0.5436 Acc: 0.8839 F1: 0.3625 | Val Loss: 0.4472 Acc: 0.9000 F1: 0.6048
Validation Loss decreased (0.468808 --> 0.447229). Saving best model...
Epoch   8/50 | Train Loss: 0.5280 Acc: 0.8728 F1: 0.3577 | Val Loss: 0.4492 Acc: 0.9200 F1: 0.6210
Epoch   9/50 | Train Loss: 0.5091 Acc: 0.8772 F1: 0.3592 | Val Loss: 0.4265 Acc: 0.9200 F1: 0.6210
Validation Loss decreased (0.447229 --> 0.426543). Saving best model...
Epoch  10/50 | Train Loss: 0.5017 Acc: 0.8817 F1: 0.3615 | Val Loss: 0.4228 Acc: 0.9200 F1: 0.6210
Validation Loss decreased (0.426543 --> 0.422807). Saving best model...
Epoch  11/50 | Train Loss: 0.4930 Acc: 0.8817 F1: 0.3613 | Val Loss: 0.4068 Acc: 0.9200 F1: 0.6210
Validation Loss decreased (0.422807 --> 0.406752). Saving best model...
Epoch  12/50 | Train Loss: 0.4835 Acc: 0.8795 F1: 0.3603 | Val Loss: 0.4100 Acc: 0.9200 F1: 0.6210
Epoch  13/50 | Train Loss: 0.4775 Acc: 0.8772 F1: 0.3595 | Val Loss: 0.3961 Acc: 0.9200 F1: 0.6210
Validation Loss decreased (0.406752 --> 0.396077). Saving best model...
Epoch  14/50 | Train Loss: 0.4710 Acc: 0.8728 F1: 0.3575 | Val Loss: 0.4048 Acc: 0.9200 F1: 0.6210
Epoch  15/50 | Train Loss: 0.4679 Acc: 0.8795 F1: 0.3604 | Val Loss: 0.3826 Acc: 0.9000 F1: 0.6048
Validation Loss decreased (0.396077 --> 0.382553). Saving best model...
Epoch  16/50 | Train Loss: 0.4586 Acc: 0.8661 F1: 0.3548 | Val Loss: 0.3845 Acc: 0.9200 F1: 0.6210
Epoch  17/50 | Train Loss: 0.4439 Acc: 0.8795 F1: 0.3603 | Val Loss: 0.3799 Acc: 0.9000 F1: 0.6048
Validation Loss decreased (0.382553 --> 0.379861). Saving best model...
Epoch  18/50 | Train Loss: 0.4467 Acc: 0.8795 F1: 0.3604 | Val Loss: 0.3958 Acc: 0.9200 F1: 0.6210
Epoch  19/50 | Train Loss: 0.4417 Acc: 0.8772 F1: 0.3596 | Val Loss: 0.3758 Acc: 0.9200 F1: 0.6210
Validation Loss decreased (0.379861 --> 0.375842). Saving best model...
Epoch  20/50 | Train Loss: 0.4348 Acc: 0.8772 F1: 0.3596 | Val Loss: 0.3779 Acc: 0.9200 F1: 0.6210
Epoch  21/50 | Train Loss: 0.4286 Acc: 0.8795 F1: 0.3606 | Val Loss: 0.3718 Acc: 0.9200 F1: 0.6210
Validation Loss decreased (0.375842 --> 0.371817). Saving best model...
Epoch  22/50 | Train Loss: 0.4250 Acc: 0.8705 F1: 0.3567 | Val Loss: 0.3676 Acc: 0.9200 F1: 0.6210
Validation Loss decreased (0.371817 --> 0.367573). Saving best model...
Epoch  23/50 | Train Loss: 0.4209 Acc: 0.8795 F1: 0.3607 | Val Loss: 0.3684 Acc: 0.9200 F1: 0.6210
Epoch  24/50 | Train Loss: 0.4106 Acc: 0.8817 F1: 0.3611 | Val Loss: 0.3645 Acc: 0.9200 F1: 0.6210
Validation Loss decreased (0.367573 --> 0.364485). Saving best model...
Epoch  25/50 | Train Loss: 0.4093 Acc: 0.8750 F1: 0.3582 | Val Loss: 0.3704 Acc: 0.9200 F1: 0.6210
Epoch  26/50 | Train Loss: 0.4150 Acc: 0.8795 F1: 0.3607 | Val Loss: 0.3736 Acc: 0.9200 F1: 0.6210
Epoch  27/50 | Train Loss: 0.4074 Acc: 0.8772 F1: 0.3596 | Val Loss: 0.3600 Acc: 0.9200 F1: 0.6210
Validation Loss decreased (0.364485 --> 0.360026). Saving best model...
Epoch  28/50 | Train Loss: 0.4011 Acc: 0.8772 F1: 0.3597 | Val Loss: 0.3578 Acc: 0.9200 F1: 0.6210
Validation Loss decreased (0.360026 --> 0.357786). Saving best model...
Epoch  29/50 | Train Loss: 0.4021 Acc: 0.8817 F1: 0.3617 | Val Loss: 0.3544 Acc: 0.9200 F1: 0.6210
Validation Loss decreased (0.357786 --> 0.354446). Saving best model...
Epoch  30/50 | Train Loss: 0.4010 Acc: 0.8772 F1: 0.3596 | Val Loss: 0.3552 Acc: 0.9200 F1: 0.6210
Epoch  31/50 | Train Loss: 0.3981 Acc: 0.8817 F1: 0.3615 | Val Loss: 0.3650 Acc: 0.9200 F1: 0.6210
Epoch  32/50 | Train Loss: 0.3976 Acc: 0.8817 F1: 0.3619 | Val Loss: 0.3546 Acc: 0.9200 F1: 0.6210
Epoch  33/50 | Train Loss: 0.3935 Acc: 0.8728 F1: 0.3578 | Val Loss: 0.3525 Acc: 0.9200 F1: 0.6210
Validation Loss decreased (0.354446 --> 0.352460). Saving best model...
Epoch  34/50 | Train Loss: 0.3899 Acc: 0.8817 F1: 0.3618 | Val Loss: 0.3456 Acc: 0.9200 F1: 0.6210
Validation Loss decreased (0.352460 --> 0.345617). Saving best model...
Epoch  35/50 | Train Loss: 0.3882 Acc: 0.8795 F1: 0.3605 | Val Loss: 0.3438 Acc: 0.9200 F1: 0.6210
Validation Loss decreased (0.345617 --> 0.343850). Saving best model...
Epoch  36/50 | Train Loss: 0.3861 Acc: 0.8795 F1: 0.3606 | Val Loss: 0.3408 Acc: 0.9200 F1: 0.6210
Validation Loss decreased (0.343850 --> 0.340777). Saving best model...
Epoch  37/50 | Train Loss: 0.3817 Acc: 0.8817 F1: 0.3618 | Val Loss: 0.3407 Acc: 0.9200 F1: 0.6210
Validation Loss decreased (0.340777 --> 0.340688). Saving best model...
Epoch  38/50 | Train Loss: 0.3817 Acc: 0.8839 F1: 0.3628 | Val Loss: 0.3488 Acc: 0.9200 F1: 0.6210
Epoch  39/50 | Train Loss: 0.3823 Acc: 0.8795 F1: 0.3604 | Val Loss: 0.3422 Acc: 0.9200 F1: 0.6210
Epoch  40/50 | Train Loss: 0.3771 Acc: 0.8884 F1: 0.3647 | Val Loss: 0.3346 Acc: 0.9200 F1: 0.6210
Validation Loss decreased (0.340688 --> 0.334563). Saving best model...
Epoch  41/50 | Train Loss: 0.3783 Acc: 0.8772 F1: 0.3597 | Val Loss: 0.3394 Acc: 0.9200 F1: 0.6210
Epoch  42/50 | Train Loss: 0.3744 Acc: 0.8795 F1: 0.3606 | Val Loss: 0.3368 Acc: 0.9200 F1: 0.6210
Epoch  43/50 | Train Loss: 0.3687 Acc: 0.8884 F1: 0.3644 | Val Loss: 0.3548 Acc: 0.9200 F1: 0.6210
Epoch  44/50 | Train Loss: 0.3716 Acc: 0.8817 F1: 0.3615 | Val Loss: 0.3338 Acc: 0.9200 F1: 0.6210
Validation Loss decreased (0.334563 --> 0.333819). Saving best model...
Epoch  45/50 | Train Loss: 0.3682 Acc: 0.8772 F1: 0.3597 | Val Loss: 0.3464 Acc: 0.9200 F1: 0.6210
Epoch  46/50 | Train Loss: 0.3648 Acc: 0.8839 F1: 0.3626 | Val Loss: 0.3270 Acc: 0.9200 F1: 0.6210
Validation Loss decreased (0.333819 --> 0.327027). Saving best model...
Epoch  47/50 | Train Loss: 0.3642 Acc: 0.8862 F1: 0.3635 | Val Loss: 0.3380 Acc: 0.9200 F1: 0.6210
Epoch  48/50 | Train Loss: 0.3620 Acc: 0.8884 F1: 0.3644 | Val Loss: 0.3299 Acc: 0.9200 F1: 0.6210
Epoch  49/50 | Train Loss: 0.3589 Acc: 0.8884 F1: 0.3643 | Val Loss: 0.3344 Acc: 0.9200 F1: 0.6210
Epoch  50/50 | Train Loss: 0.3549 Acc: 0.8951 F1: 0.3676 | Val Loss: 0.3330 Acc: 0.9200 F1: 0.6210

Classification Test Result (ECG5000)
Accuracy : 0.883778
F1 (macro): 0.362227
Saved attention maps for 3 sample(s) under ./runs/classification_electricity_to_ECG5000_laya_metadata_query_gate_text_stats_avg/attention_maps
Text metadata preview | dataset=FordA | domain=UCR | channels=1
   - channel_1: In the UCR domain, this channel belongs to the FordA dataset and represents the feature channel 1.
Stats metadata preview | dataset=FordA | domain=UCR | channels=1
   - channel_1: Channel statistics over the training split: mean value is -0.000, standard deviation is 0.999, minimum value is -4.618, maximum value is 5.059, median value is -0.001, and mean absolute value is 0.800.
==================================================
🚀 Architecture: LAYA
📊 Target Dataset: FordA (Channels: 1)
📊 Pretrain Info: electricity
📊 Classes: 2 | Sequence Length: 500
==================================================
✅ Loaded pretrained encoder from ./checkpoints/electricity_laya_metadata_query_gate_text_stats_avg/laya_ts_electricity_s_best.pt
   - 74/74 keys matched.
✅ Encoder is FROZEN (Linear Probing mode).
📝 metadata: mode=text_stats_avg, fusion=none, relation=metadata_query_gate
ℹ️  Metadata Fusion Mode: none
ℹ️  Channel Mixer Relation Mode: metadata_query_gate
ℹ️  Encoder Variant: default
ℹ️  Channel Adapter: disabled for Laya downstream (mixer)
ℹ️  Channel Relation Block: disabled
✅ ClassificationHead: [B, 128] → [B, 2]
Epoch   1/50 | Train Loss: 0.6938 Acc: 0.5322 F1: 0.5305 | Val Loss: 0.6947 Acc: 0.4944 F1: 0.3700
Validation Loss decreased (inf --> 0.694671). Saving best model...
Epoch   2/50 | Train Loss: 0.6841 Acc: 0.5377 F1: 0.5279 | Val Loss: 0.6781 Acc: 0.5972 F1: 0.5582
Validation Loss decreased (0.694671 --> 0.678081). Saving best model...
Epoch   3/50 | Train Loss: 0.6775 Acc: 0.5526 F1: 0.5505 | Val Loss: 0.6681 Acc: 0.5861 F1: 0.5769
Validation Loss decreased (0.678081 --> 0.668092). Saving best model...
Epoch   4/50 | Train Loss: 0.6695 Acc: 0.5678 F1: 0.5642 | Val Loss: 0.6640 Acc: 0.6389 F1: 0.6238
Validation Loss decreased (0.668092 --> 0.663969). Saving best model...
Epoch   5/50 | Train Loss: 0.6612 Acc: 0.5922 F1: 0.5910 | Val Loss: 0.6574 Acc: 0.6306 F1: 0.6230
Validation Loss decreased (0.663969 --> 0.657431). Saving best model...
Epoch   6/50 | Train Loss: 0.6523 Acc: 0.5981 F1: 0.5973 | Val Loss: 0.6614 Acc: 0.5528 F1: 0.4542
Epoch   7/50 | Train Loss: 0.6489 Acc: 0.6027 F1: 0.6025 | Val Loss: 0.6451 Acc: 0.6083 F1: 0.6042
Validation Loss decreased (0.657431 --> 0.645105). Saving best model...
Epoch   8/50 | Train Loss: 0.6448 Acc: 0.6101 F1: 0.6096 | Val Loss: 0.6423 Acc: 0.6444 F1: 0.6356
Validation Loss decreased (0.645105 --> 0.642341). Saving best model...
Epoch   9/50 | Train Loss: 0.6379 Acc: 0.6303 F1: 0.6301 | Val Loss: 0.6487 Acc: 0.5778 F1: 0.5075
Epoch  10/50 | Train Loss: 0.6365 Acc: 0.6265 F1: 0.6263 | Val Loss: 0.6319 Acc: 0.6417 F1: 0.6370
Validation Loss decreased (0.642341 --> 0.631884). Saving best model...
Epoch  11/50 | Train Loss: 0.6312 Acc: 0.6330 F1: 0.6329 | Val Loss: 0.6275 Acc: 0.6444 F1: 0.6416
Validation Loss decreased (0.631884 --> 0.627518). Saving best model...
Epoch  12/50 | Train Loss: 0.6250 Acc: 0.6476 F1: 0.6474 | Val Loss: 0.6249 Acc: 0.6556 F1: 0.6493
Validation Loss decreased (0.627518 --> 0.624896). Saving best model...
Epoch  13/50 | Train Loss: 0.6221 Acc: 0.6439 F1: 0.6439 | Val Loss: 0.6197 Acc: 0.6472 F1: 0.6442
Validation Loss decreased (0.624896 --> 0.619664). Saving best model...
Epoch  14/50 | Train Loss: 0.6171 Acc: 0.6473 F1: 0.6473 | Val Loss: 0.6208 Acc: 0.6500 F1: 0.6386
Epoch  15/50 | Train Loss: 0.6160 Acc: 0.6501 F1: 0.6500 | Val Loss: 0.6111 Acc: 0.6528 F1: 0.6523
Validation Loss decreased (0.619664 --> 0.611149). Saving best model...
Epoch  16/50 | Train Loss: 0.6111 Acc: 0.6528 F1: 0.6528 | Val Loss: 0.6099 Acc: 0.6556 F1: 0.6517
Validation Loss decreased (0.611149 --> 0.609865). Saving best model...
Epoch  17/50 | Train Loss: 0.6078 Acc: 0.6609 F1: 0.6608 | Val Loss: 0.6257 Acc: 0.6194 F1: 0.5795
Epoch  18/50 | Train Loss: 0.6092 Acc: 0.6652 F1: 0.6652 | Val Loss: 0.6017 Acc: 0.6583 F1: 0.6579
Validation Loss decreased (0.609865 --> 0.601734). Saving best model...
Epoch  19/50 | Train Loss: 0.6056 Acc: 0.6618 F1: 0.6618 | Val Loss: 0.5997 Acc: 0.6667 F1: 0.6663
Validation Loss decreased (0.601734 --> 0.599706). Saving best model...
Epoch  20/50 | Train Loss: 0.6021 Acc: 0.6668 F1: 0.6666 | Val Loss: 0.6305 Acc: 0.6111 F1: 0.5548
Epoch  21/50 | Train Loss: 0.6002 Acc: 0.6606 F1: 0.6606 | Val Loss: 0.6082 Acc: 0.6556 F1: 0.6326
Epoch  22/50 | Train Loss: 0.5938 Acc: 0.6649 F1: 0.6649 | Val Loss: 0.5924 Acc: 0.6639 F1: 0.6625
Validation Loss decreased (0.599706 --> 0.592391). Saving best model...
Epoch  23/50 | Train Loss: 0.5930 Acc: 0.6686 F1: 0.6686 | Val Loss: 0.5901 Acc: 0.6667 F1: 0.6652
Validation Loss decreased (0.592391 --> 0.590113). Saving best model...
Epoch  24/50 | Train Loss: 0.5904 Acc: 0.6708 F1: 0.6708 | Val Loss: 0.5924 Acc: 0.6861 F1: 0.6768
Epoch  25/50 | Train Loss: 0.5860 Acc: 0.6841 F1: 0.6841 | Val Loss: 0.5948 Acc: 0.6750 F1: 0.6626
Epoch  26/50 | Train Loss: 0.5861 Acc: 0.6795 F1: 0.6795 | Val Loss: 0.5898 Acc: 0.6944 F1: 0.6838
Validation Loss decreased (0.590113 --> 0.589776). Saving best model...
Epoch  27/50 | Train Loss: 0.5898 Acc: 0.6733 F1: 0.6733 | Val Loss: 0.5828 Acc: 0.6861 F1: 0.6807
Validation Loss decreased (0.589776 --> 0.582845). Saving best model...
Epoch  28/50 | Train Loss: 0.5795 Acc: 0.6791 F1: 0.6790 | Val Loss: 0.5838 Acc: 0.6778 F1: 0.6704
Epoch  29/50 | Train Loss: 0.5785 Acc: 0.6887 F1: 0.6887 | Val Loss: 0.5794 Acc: 0.6806 F1: 0.6735
Validation Loss decreased (0.582845 --> 0.579372). Saving best model...
Epoch  30/50 | Train Loss: 0.5762 Acc: 0.6863 F1: 0.6862 | Val Loss: 0.5726 Acc: 0.6917 F1: 0.6914
Validation Loss decreased (0.579372 --> 0.572639). Saving best model...
Epoch  31/50 | Train Loss: 0.5772 Acc: 0.6856 F1: 0.6856 | Val Loss: 0.5704 Acc: 0.6944 F1: 0.6937
Validation Loss decreased (0.572639 --> 0.570434). Saving best model...
Epoch  32/50 | Train Loss: 0.5745 Acc: 0.6928 F1: 0.6927 | Val Loss: 0.5690 Acc: 0.6944 F1: 0.6942
Validation Loss decreased (0.570434 --> 0.569002). Saving best model...
Epoch  33/50 | Train Loss: 0.5701 Acc: 0.6928 F1: 0.6928 | Val Loss: 0.5675 Acc: 0.6944 F1: 0.6944
Validation Loss decreased (0.569002 --> 0.567537). Saving best model...
Epoch  34/50 | Train Loss: 0.5712 Acc: 0.6993 F1: 0.6993 | Val Loss: 0.5659 Acc: 0.6972 F1: 0.6950
Validation Loss decreased (0.567537 --> 0.565916). Saving best model...
Epoch  35/50 | Train Loss: 0.5703 Acc: 0.7014 F1: 0.7014 | Val Loss: 0.5792 Acc: 0.7000 F1: 0.6868
Epoch  36/50 | Train Loss: 0.5646 Acc: 0.7045 F1: 0.7045 | Val Loss: 0.5716 Acc: 0.7028 F1: 0.6934
Epoch  37/50 | Train Loss: 0.5674 Acc: 0.6974 F1: 0.6974 | Val Loss: 0.5599 Acc: 0.7083 F1: 0.7080
Validation Loss decreased (0.565916 --> 0.559928). Saving best model...
Epoch  38/50 | Train Loss: 0.5664 Acc: 0.7039 F1: 0.7039 | Val Loss: 0.5631 Acc: 0.6917 F1: 0.6858
Epoch  39/50 | Train Loss: 0.5588 Acc: 0.7095 F1: 0.7094 | Val Loss: 0.5594 Acc: 0.6917 F1: 0.6868
Validation Loss decreased (0.559928 --> 0.559380). Saving best model...
Epoch  40/50 | Train Loss: 0.5576 Acc: 0.7110 F1: 0.7110 | Val Loss: 0.5754 Acc: 0.6917 F1: 0.6761
Epoch  41/50 | Train Loss: 0.5639 Acc: 0.6952 F1: 0.6952 | Val Loss: 0.5524 Acc: 0.7056 F1: 0.7051
Validation Loss decreased (0.559380 --> 0.552449). Saving best model...
Epoch  42/50 | Train Loss: 0.5601 Acc: 0.7064 F1: 0.7063 | Val Loss: 0.5547 Acc: 0.7000 F1: 0.6959
Epoch  43/50 | Train Loss: 0.5569 Acc: 0.7079 F1: 0.7079 | Val Loss: 0.5511 Acc: 0.7083 F1: 0.7059
Validation Loss decreased (0.552449 --> 0.551103). Saving best model...
Epoch  44/50 | Train Loss: 0.5520 Acc: 0.7110 F1: 0.7110 | Val Loss: 0.5482 Acc: 0.7028 F1: 0.7024
Validation Loss decreased (0.551103 --> 0.548210). Saving best model...
Epoch  45/50 | Train Loss: 0.5508 Acc: 0.7166 F1: 0.7166 | Val Loss: 0.5480 Acc: 0.7083 F1: 0.7064
Validation Loss decreased (0.548210 --> 0.547957). Saving best model...
Epoch  46/50 | Train Loss: 0.5504 Acc: 0.7144 F1: 0.7144 | Val Loss: 0.5454 Acc: 0.7028 F1: 0.7016
Validation Loss decreased (0.547957 --> 0.545412). Saving best model...
Epoch  47/50 | Train Loss: 0.5484 Acc: 0.7191 F1: 0.7190 | Val Loss: 0.5614 Acc: 0.7111 F1: 0.6991
Epoch  48/50 | Train Loss: 0.5477 Acc: 0.7181 F1: 0.7181 | Val Loss: 0.5422 Acc: 0.6972 F1: 0.6962
Validation Loss decreased (0.545412 --> 0.542159). Saving best model...
Epoch  49/50 | Train Loss: 0.5426 Acc: 0.7268 F1: 0.7268 | Val Loss: 0.5440 Acc: 0.7111 F1: 0.7082
Epoch  50/50 | Train Loss: 0.5470 Acc: 0.7144 F1: 0.7144 | Val Loss: 0.5435 Acc: 0.7194 F1: 0.7176

Classification Test Result (FordA)
Accuracy : 0.730303
F1 (macro): 0.729668
Saved attention maps for 3 sample(s) under ./runs/classification_electricity_to_FordA_laya_metadata_query_gate_text_stats_avg/attention_maps
Text metadata preview | dataset=FordB | domain=UCR | channels=1
   - channel_1: In the UCR domain, this channel belongs to the FordB dataset and represents the feature channel 1.
Stats metadata preview | dataset=FordB | domain=UCR | channels=1
   - channel_1: Channel statistics over the training split: mean value is -0.000, standard deviation is 0.999, minimum value is -5.539, maximum value is 5.090, median value is 0.002, and mean absolute value is 0.791.
==================================================
🚀 Architecture: LAYA
📊 Target Dataset: FordB (Channels: 1)
📊 Pretrain Info: electricity
📊 Classes: 2 | Sequence Length: 500
==================================================
✅ Loaded pretrained encoder from ./checkpoints/electricity_laya_metadata_query_gate_text_stats_avg/laya_ts_electricity_s_best.pt
   - 74/74 keys matched.
✅ Encoder is FROZEN (Linear Probing mode).
📝 metadata: mode=text_stats_avg, fusion=none, relation=metadata_query_gate
ℹ️  Metadata Fusion Mode: none
ℹ️  Channel Mixer Relation Mode: metadata_query_gate
ℹ️  Encoder Variant: default
ℹ️  Channel Adapter: disabled for Laya downstream (mixer)
ℹ️  Channel Relation Block: disabled
✅ ClassificationHead: [B, 128] → [B, 2]
Epoch   1/50 | Train Loss: 0.6940 Acc: 0.5282 F1: 0.5251 | Val Loss: 0.6736 Acc: 0.6391 F1: 0.6337
Validation Loss decreased (inf --> 0.673586). Saving best model...
Epoch   2/50 | Train Loss: 0.6622 Acc: 0.5922 F1: 0.5884 | Val Loss: 0.6436 Acc: 0.6584 F1: 0.6535
Validation Loss decreased (0.673586 --> 0.643555). Saving best model...
Epoch   3/50 | Train Loss: 0.6373 Acc: 0.6513 F1: 0.6507 | Val Loss: 0.6274 Acc: 0.6116 F1: 0.5885
Validation Loss decreased (0.643555 --> 0.627355). Saving best model...
Epoch   4/50 | Train Loss: 0.6172 Acc: 0.6725 F1: 0.6720 | Val Loss: 0.6154 Acc: 0.7245 F1: 0.7165
Validation Loss decreased (0.627355 --> 0.615393). Saving best model...
Epoch   5/50 | Train Loss: 0.6010 Acc: 0.6844 F1: 0.6843 | Val Loss: 0.6134 Acc: 0.7218 F1: 0.7104
Validation Loss decreased (0.615393 --> 0.613420). Saving best model...
Epoch   6/50 | Train Loss: 0.5982 Acc: 0.6749 F1: 0.6747 | Val Loss: 0.6107 Acc: 0.6088 F1: 0.5787
Validation Loss decreased (0.613420 --> 0.610722). Saving best model...
Epoch   7/50 | Train Loss: 0.5876 Acc: 0.6921 F1: 0.6920 | Val Loss: 0.5811 Acc: 0.7438 F1: 0.7429
Validation Loss decreased (0.610722 --> 0.581119). Saving best model...
Epoch   8/50 | Train Loss: 0.5860 Acc: 0.6893 F1: 0.6893 | Val Loss: 0.5750 Acc: 0.7025 F1: 0.7008
Validation Loss decreased (0.581119 --> 0.574999). Saving best model...
Epoch   9/50 | Train Loss: 0.5733 Acc: 0.7086 F1: 0.7086 | Val Loss: 0.5791 Acc: 0.7466 F1: 0.7419
Epoch  10/50 | Train Loss: 0.5694 Acc: 0.7047 F1: 0.7046 | Val Loss: 0.5647 Acc: 0.7631 F1: 0.7623
Validation Loss decreased (0.574999 --> 0.564726). Saving best model...
Epoch  11/50 | Train Loss: 0.5705 Acc: 0.7102 F1: 0.7101 | Val Loss: 0.5680 Acc: 0.7493 F1: 0.7459
Epoch  12/50 | Train Loss: 0.5631 Acc: 0.7096 F1: 0.7096 | Val Loss: 0.5538 Acc: 0.7493 F1: 0.7489
Validation Loss decreased (0.564726 --> 0.553809). Saving best model...
Epoch  13/50 | Train Loss: 0.5595 Acc: 0.7151 F1: 0.7150 | Val Loss: 0.5489 Acc: 0.7410 F1: 0.7409
Validation Loss decreased (0.553809 --> 0.548926). Saving best model...
Epoch  14/50 | Train Loss: 0.5629 Acc: 0.7037 F1: 0.7037 | Val Loss: 0.5454 Acc: 0.7438 F1: 0.7435
Validation Loss decreased (0.548926 --> 0.545431). Saving best model...
Epoch  15/50 | Train Loss: 0.5519 Acc: 0.7184 F1: 0.7184 | Val Loss: 0.5689 Acc: 0.7355 F1: 0.7273
Epoch  16/50 | Train Loss: 0.5480 Acc: 0.7267 F1: 0.7267 | Val Loss: 0.5530 Acc: 0.7576 F1: 0.7527
Epoch  17/50 | Train Loss: 0.5458 Acc: 0.7166 F1: 0.7166 | Val Loss: 0.5343 Acc: 0.7245 F1: 0.7236
Validation Loss decreased (0.545431 --> 0.534310). Saving best model...
Epoch  18/50 | Train Loss: 0.5421 Acc: 0.7279 F1: 0.7279 | Val Loss: 0.5292 Acc: 0.7603 F1: 0.7597
Validation Loss decreased (0.534310 --> 0.529202). Saving best model...
Epoch  19/50 | Train Loss: 0.5367 Acc: 0.7240 F1: 0.7239 | Val Loss: 0.5308 Acc: 0.7300 F1: 0.7275
Epoch  20/50 | Train Loss: 0.5360 Acc: 0.7319 F1: 0.7319 | Val Loss: 0.5301 Acc: 0.7300 F1: 0.7269
Epoch  21/50 | Train Loss: 0.5339 Acc: 0.7246 F1: 0.7246 | Val Loss: 0.5473 Acc: 0.7493 F1: 0.7418
Epoch  22/50 | Train Loss: 0.5348 Acc: 0.7267 F1: 0.7267 | Val Loss: 0.5170 Acc: 0.7245 F1: 0.7240
Validation Loss decreased (0.529202 --> 0.517043). Saving best model...
Epoch  23/50 | Train Loss: 0.5295 Acc: 0.7338 F1: 0.7337 | Val Loss: 0.5207 Acc: 0.7355 F1: 0.7331
Epoch  24/50 | Train Loss: 0.5248 Acc: 0.7319 F1: 0.7319 | Val Loss: 0.5101 Acc: 0.7713 F1: 0.7708
Validation Loss decreased (0.517043 --> 0.510062). Saving best model...
Epoch  25/50 | Train Loss: 0.5232 Acc: 0.7460 F1: 0.7460 | Val Loss: 0.5067 Acc: 0.7521 F1: 0.7521
Validation Loss decreased (0.510062 --> 0.506744). Saving best model...
Epoch  26/50 | Train Loss: 0.5191 Acc: 0.7396 F1: 0.7396 | Val Loss: 0.5313 Acc: 0.7052 F1: 0.6945
Epoch  27/50 | Train Loss: 0.5171 Acc: 0.7411 F1: 0.7411 | Val Loss: 0.5017 Acc: 0.7796 F1: 0.7787
Validation Loss decreased (0.506744 --> 0.501652). Saving best model...
Epoch  28/50 | Train Loss: 0.5186 Acc: 0.7393 F1: 0.7392 | Val Loss: 0.5027 Acc: 0.7300 F1: 0.7289
Epoch  29/50 | Train Loss: 0.5141 Acc: 0.7420 F1: 0.7420 | Val Loss: 0.4972 Acc: 0.7796 F1: 0.7789
Validation Loss decreased (0.501652 --> 0.497214). Saving best model...
Epoch  30/50 | Train Loss: 0.5064 Acc: 0.7543 F1: 0.7543 | Val Loss: 0.5006 Acc: 0.7796 F1: 0.7773
Epoch  31/50 | Train Loss: 0.5098 Acc: 0.7463 F1: 0.7463 | Val Loss: 0.4920 Acc: 0.7713 F1: 0.7713
Validation Loss decreased (0.497214 --> 0.491984). Saving best model...
Epoch  32/50 | Train Loss: 0.5048 Acc: 0.7518 F1: 0.7518 | Val Loss: 0.4931 Acc: 0.7410 F1: 0.7405
Epoch  33/50 | Train Loss: 0.5080 Acc: 0.7485 F1: 0.7484 | Val Loss: 0.4894 Acc: 0.7796 F1: 0.7780
Validation Loss decreased (0.491984 --> 0.489449). Saving best model...
Epoch  34/50 | Train Loss: 0.5030 Acc: 0.7540 F1: 0.7540 | Val Loss: 0.4844 Acc: 0.7851 F1: 0.7849
Validation Loss decreased (0.489449 --> 0.484387). Saving best model...
Epoch  35/50 | Train Loss: 0.5027 Acc: 0.7549 F1: 0.7549 | Val Loss: 0.5013 Acc: 0.7355 F1: 0.7298
Epoch  36/50 | Train Loss: 0.4968 Acc: 0.7607 F1: 0.7607 | Val Loss: 0.4807 Acc: 0.7906 F1: 0.7901
Validation Loss decreased (0.484387 --> 0.480682). Saving best model...
Epoch  37/50 | Train Loss: 0.4964 Acc: 0.7586 F1: 0.7586 | Val Loss: 0.4789 Acc: 0.7796 F1: 0.7795
Validation Loss decreased (0.480682 --> 0.478939). Saving best model...
Epoch  38/50 | Train Loss: 0.4929 Acc: 0.7610 F1: 0.7610 | Val Loss: 0.4826 Acc: 0.7603 F1: 0.7593
Epoch  39/50 | Train Loss: 0.4912 Acc: 0.7647 F1: 0.7647 | Val Loss: 0.4861 Acc: 0.7603 F1: 0.7577
Epoch  40/50 | Train Loss: 0.4913 Acc: 0.7555 F1: 0.7555 | Val Loss: 0.4736 Acc: 0.7906 F1: 0.7904
Validation Loss decreased (0.478939 --> 0.473570). Saving best model...
Epoch  41/50 | Train Loss: 0.4901 Acc: 0.7669 F1: 0.7668 | Val Loss: 0.4708 Acc: 0.7879 F1: 0.7878
Validation Loss decreased (0.473570 --> 0.470775). Saving best model...
Epoch  42/50 | Train Loss: 0.4887 Acc: 0.7610 F1: 0.7610 | Val Loss: 0.4712 Acc: 0.7741 F1: 0.7740
Epoch  43/50 | Train Loss: 0.4857 Acc: 0.7665 F1: 0.7665 | Val Loss: 0.4738 Acc: 0.7741 F1: 0.7733
Epoch  44/50 | Train Loss: 0.4855 Acc: 0.7653 F1: 0.7653 | Val Loss: 0.4748 Acc: 0.7658 F1: 0.7640
Epoch  45/50 | Train Loss: 0.4814 Acc: 0.7702 F1: 0.7702 | Val Loss: 0.4841 Acc: 0.7769 F1: 0.7729
Epoch  46/50 | Train Loss: 0.4819 Acc: 0.7687 F1: 0.7686 | Val Loss: 0.4642 Acc: 0.7824 F1: 0.7823
Validation Loss decreased (0.470775 --> 0.464175). Saving best model...
Epoch  47/50 | Train Loss: 0.4834 Acc: 0.7613 F1: 0.7613 | Val Loss: 0.4659 Acc: 0.7769 F1: 0.7749
Epoch  48/50 | Train Loss: 0.4791 Acc: 0.7678 F1: 0.7677 | Val Loss: 0.4633 Acc: 0.7851 F1: 0.7848
Validation Loss decreased (0.464175 --> 0.463335). Saving best model...
Epoch  49/50 | Train Loss: 0.4753 Acc: 0.7724 F1: 0.7723 | Val Loss: 0.4775 Acc: 0.7769 F1: 0.7729
Epoch  50/50 | Train Loss: 0.4744 Acc: 0.7760 F1: 0.7760 | Val Loss: 0.4614 Acc: 0.7824 F1: 0.7819
Validation Loss decreased (0.463335 --> 0.461421). Saving best model...

Classification Test Result (FordB)
Accuracy : 0.600000
F1 (macro): 0.588397
Saved attention maps for 3 sample(s) under ./runs/classification_electricity_to_FordB_laya_metadata_query_gate_text_stats_avg/attention_maps
